condition,target,phase,xM,yM
1,1,0,-0.00037399212893271527,-0.0017226477888884831
1,1,0.01,-0.00040400064085607964,-0.0020008243720504057
1,1,0.02,-0.0004344260756056614,-0.0023097462574540933
1,1,0.029999999999999999,-0.00046522355449688847,-0.0026507626691355175
1,1,0.040000000000000001,-0.00049625521052775292,-0.0030246512992602205
1,1,0.050000000000000003,-0.00052746279544389557,-0.0034324809576694888
1,1,0.059999999999999998,-0.00055874791242940098,-0.0038744880742887693
1,1,0.070000000000000007,-0.00059002920270086786,-0.004350996581807382
1,1,0.080000000000000002,-0.00062123897207612237,-0.0048624241420136237
1,1,0.089999999999999997,-0.00065230341302869308,-0.0054086082632729751
1,1,0.10000000000000001,-0.00068319516283735649,-0.0059893611404003375
1,1,0.11,-0.0007138595755182566,-0.0066042181082249006
1,1,0.12,-0.00074432248742647977,-0.0072534105772932983
1,1,0.13,-0.00077451500572426051,-0.0079355144688564618
1,1,0.14000000000000001,-0.00080449084096921141,-0.0086501194928828452
1,1,0.14999999999999999,-0.00083422776685829181,-0.0093960371539024944
1,1,0.16,-0.00086380087305133963,-0.01017286207743953
1,1,0.17000000000000001,-0.00089323733922819877,-0.010979008149600355
1,1,0.17999999999999999,-0.00092259260641566082,-0.011813288414685548
1,1,0.19,-0.00095192750419469813,-0.012674496887708763
1,1,0.20000000000000001,-0.0009813182476597071,-0.01356128214550343
1,1,0.20999999999999999,-0.0010108452966323509,-0.014472077420242549
1,1,0.22,-0.0010406005734996495,-0.015405455095537703
1,1,0.23000000000000001,-0.0010706758320845255,-0.016360171707863483
1,1,0.23999999999999999,-0.0011011375882000033,-0.017334218223722435
1,1,0.25,-0.0011320890303245269,-0.018326304012056514
1,1,0.26000000000000001,-0.0011635972906815849,-0.019334525568916395
1,1,0.27000000000000002,-0.0011957787458702395,-0.020358010285995178
1,1,0.28000000000000003,-0.001228677933331492,-0.02139458497262646
1,1,0.28999999999999998,-0.0012623645021369542,-0.022442932791622867
1,1,0.29999999999999999,-0.0012968972074727996,-0.023501465062860133
1,1,0.31,-0.0013323312251493739,-0.024568885721921702
1,1,0.32000000000000001,-0.0013687009881716259,-0.025643700239385676
1,1,0.33000000000000002,-0.0014060363187977654,-0.026724580647518349
1,1,0.34000000000000002,-0.0014443587923696375,-0.027810313813512448
1,1,0.34999999999999998,-0.0014836736128732405,-0.028899491022347942
1,1,0.35999999999999999,-0.0015239724470664999,-0.029991104027169344
1,1,0.37,-0.0015652528165732724,-0.031083866950291323
1,1,0.38,-0.0016075075857287942,-0.0321772281049027
1,1,0.39000000000000001,-0.0016507031529691568,-0.033269751511113776
1,1,0.40000000000000002,-0.0016947987392909483,-0.034360826543951464
1,1,0.40999999999999998,-0.0017397755813601114,-0.035449478295331148
1,1,0.41999999999999998,-0.001785594409657617,-0.036535157545803769
1,1,0.42999999999999999,-0.0018322198250204423,-0.037617202508412398
1,1,0.44,-0.0018796059908239727,-0.038694990976116138
1,1,0.45000000000000001,-0.0019277240188950474,-0.039768006148626807
1,1,0.46000000000000002,-0.001976542255007944,-0.04083577461115357
1,1,0.46999999999999997,-0.0020260190091304277,-0.041897977574258491
1,1,0.47999999999999998,-0.0020761431151402393,-0.042954278670527896
1,1,0.48999999999999999,-0.0021268860169563978,-0.044004490163139856
1,1,0.5,-0.0021782484697297766,-0.045048230252484667
1,1,0.51000000000000001,-0.0022301944283364657,-0.046085490600230504
1,1,0.52000000000000002,-0.0022827541146181358,-0.047116012706180349
1,1,0.53000000000000003,-0.0023359180807099224,-0.048139833895600226
1,1,0.54000000000000004,-0.0023897102840345396,-0.049156874988186453
1,1,0.55000000000000004,-0.0024441361005169294,-0.050167118754917334
1,1,0.56000000000000005,-0.0024992361466649564,-0.051170539875382129
1,1,0.56999999999999995,-0.0025550398399262642,-0.052167181686644824
1,1,0.57999999999999996,-0.0026115760662704058,-0.053157133218700997
1,1,0.58999999999999997,-0.0026688911419492662,-0.054140503621380752
1,1,0.59999999999999998,-0.0027270270842533438,-0.055117301428900742
1,1,0.60999999999999999,-0.0027860420676184506,-0.056087634389790982
1,1,0.62,-0.0028459573278274502,-0.057051621907569773
1,1,0.63,-0.0029068481989509001,-0.058009374881929997
1,1,0.64000000000000001,-0.0029687449325274283,-0.058960956207719073
1,1,0.65000000000000002,-0.0030317089514035017,-0.059906520031814604
1,1,0.66000000000000003,-0.0030957620360061162,-0.060846130588021241
1,1,0.67000000000000004,-0.0031609669094457239,-0.061779892764375607
1,1,0.68000000000000005,-0.0032273545255471965,-0.062707844941167518
1,1,0.68999999999999995,-0.0032949515044861251,-0.06363012701199508
1,1,0.69999999999999996,-0.0033637838742876856,-0.064546794860363396
1,1,0.70999999999999996,-0.0034338807024796867,-0.065457840976869172
1,1,0.71999999999999997,-0.0035052611180225574,-0.066363358847119275
1,1,0.72999999999999998,-0.0035779148945418587,-0.067263346250893599
1,1,0.73999999999999999,-0.0036518601035975535,-0.068157903553613425
1,1,0.75,-0.0037270851103572457,-0.069046832485700066
1,1,0.76000000000000001,-0.0038035878325751549,-0.069930334490280993
1,1,0.77000000000000002,-0.0038813262172024141,-0.070808247571639824
1,1,0.78000000000000003,-0.003960297238607878,-0.071680657608022294
1,1,0.79000000000000004,-0.0040404613265432295,-0.072547349590204729
1,1,0.80000000000000004,-0.0041217767480368119,-0.073408390481215863
1,1,0.81000000000000005,-0.0042041939240355618,-0.074263683242951295
1,1,0.81999999999999995,-0.0042876715261273004,-0.075113126063597421
1,1,0.82999999999999996,-0.0043721531466470714,-0.075956644269270901
1,1,0.83999999999999997,-0.0044575676930692634,-0.076794147030039575
1,1,0.84999999999999998,-0.0045438567576543878,-0.077625581855645026
1,1,0.85999999999999999,-0.0046309498544063361,-0.078450652631282133
1,1,0.87,-0.004718781461371389,-0.079269503417096071
1,1,0.88,-0.0048072601267260765,-0.08008182844782602
1,1,0.89000000000000001,-0.0048963264311144188,-0.080887737950606761
1,1,0.90000000000000002,-0.0049858926625253579,-0.08168677646462251
1,1,0.91000000000000003,-0.005075886435566424,-0.082479127123170293
1,1,0.92000000000000004,-0.0051662219891466694,-0.0832645714660952
1,1,0.93000000000000005,-0.0052568289028504921,-0.084043056966135177
1,1,0.93999999999999995,-0.0053476276343137228,-0.084814403358471832
1,1,0.94999999999999996,-0.0054385432316435851,-0.085578585193509166
1,1,0.95999999999999996,-0.0055295063022542537,-0.086335512721132518
1,1,0.96999999999999997,-0.005620444376102561,-0.087084987617287266
1,1,0.97999999999999998,-0.0057112983862105688,-0.087827123288831493
1,1,0.98999999999999999,-0.0058020010896428983,-0.08856172036036028
1,1,1,-0.0058925069533961871,-0.089288953464457574
1,2,0,0.0013074739823339399,-0.00079853823573007576
1,2,0.01,0.0015034684200787283,-0.00095083269593844455
1,2,0.02,0.0017172047283709304,-0.0011194114615887623
1,2,0.029999999999999999,0.0019491938014192453,-0.0013048086017478804
1,2,0.040000000000000001,0.0021999258468990233,-0.0015075327953764008
1,2,0.050000000000000003,0.002469932336521998,-0.0017281193317797139
1,2,0.059999999999999998,0.0027595451505220622,-0.0019669349464996205
1,2,0.070000000000000007,0.0030690343470959505,-0.0022242876594084746
1,2,0.080000000000000002,0.0033986943662077706,-0.0025004985577475698
1,2,0.089999999999999997,0.0037488162974388551,-0.0027958811432601503
1,2,0.10000000000000001,0.0041194641868400788,-0.0031105512496599173
1,2,0.11,0.0045108248732735542,-0.0034447202005008079
1,2,0.12,0.0049230595324043641,-0.0037985773517818164
1,2,0.13,0.0053561419661068308,-0.0041721507012553952
1,2,0.14000000000000001,0.0058099606635137503,-0.0045653844398637795
1,2,0.14999999999999999,0.0062844451279655631,-0.0049782549761384978
1,2,0.16,0.0067796035995071752,-0.0054108074433550039
1,2,0.17000000000000001,0.0072953120859740803,-0.0058629666128221739
1,2,0.17999999999999999,0.0078312063958920278,-0.0063344471361210511
1,2,0.19,0.0083870074580488004,-0.0068250245614193137
1,2,0.20000000000000001,0.0089625337085381569,-0.0073345713140780047
1,2,0.20999999999999999,0.0095573540774563353,-0.0078627251050910618
1,2,0.22,0.010171155968185793,-0.0084092233203380412
1,2,0.23000000000000001,0.010803410238906627,-0.0089736174861184473
1,2,0.23999999999999999,0.011453782523590403,-0.0095556379657100749
1,2,0.25,0.012121649962250271,-0.010154731928442434
1,2,0.26000000000000001,0.01280647311104478,-0.010770425689878689
1,2,0.27000000000000002,0.01350777061837569,-0.011402294967764069
1,2,0.28000000000000003,0.014225018214366277,-0.012049889114785333
1,2,0.28999999999999998,0.014957443440084237,-0.012712501326064286
1,2,0.29999999999999999,0.015704407174127886,-0.013389553050421998
1,2,0.31,0.016465274567608702,-0.014080469312520945
1,2,0.32000000000000001,0.017239453074676506,-0.014784715135860094
1,2,0.33000000000000002,0.018026160244285626,-0.015501555643845416
1,2,0.34000000000000002,0.018824645901811387,-0.016230292527673038
1,2,0.34999999999999998,0.019634212082881297,-0.016970276393210734
1,2,0.35999999999999999,0.02045412991345948,-0.01772082238052896
1,2,0.37,0.021283604065258269,-0.018481163581811368
1,2,0.38,0.022121919498915496,-0.019250613889956046
1,2,0.39000000000000001,0.022968307236469161,-0.020028439472830083
1,2,0.40000000000000002,0.023821997394840262,-0.020813889471533998
1,2,0.40999999999999998,0.02468219961262854,-0.021606181412593819
1,2,0.41999999999999998,0.025548161414448885,-0.0224045709291965
1,2,0.42999999999999999,0.026419197392623973,-0.023208385581728434
1,2,0.44,0.027294501951178503,-0.024016811551095155
1,2,0.45000000000000001,0.028173319635544418,-0.024829080022262841
1,2,0.46000000000000002,0.029054924953206388,-0.025644450965910868
1,2,0.46999999999999997,0.02993862647747628,-0.026462224065674569
1,2,0.47999999999999998,0.030823698342076301,-0.027281640875429912
1,2,0.48999999999999999,0.031709435573813817,-0.028101964000567931
1,2,0.5,0.032595157127425584,-0.02892247653167037
1,2,0.51000000000000001,0.033480207455442543,-0.029742488845220336
1,2,0.52000000000000002,0.034363925345218968,-0.030561289952016148
1,2,0.53000000000000003,0.035245680822765177,-0.031378204891208142
1,2,0.54000000000000004,0.036124856110155222,-0.032192568741547557
1,2,0.55000000000000004,0.037000853685011027,-0.033003733165991471
1,2,0.56000000000000005,0.037873102651738627,-0.033811064368821586
1,2,0.56999999999999995,0.038741050367602767,-0.034613952875864273
1,2,0.57999999999999996,0.039604153775366732,-0.035411799268746214
1,2,0.58999999999999997,0.040461860673288656,-0.036203995937432648
1,2,0.59999999999999998,0.041313710835815531,-0.03699001504713921
1,2,0.60999999999999999,0.042159231042988937,-0.037769323850445555
1,2,0.62,0.042997950552855282,-0.038541392396601017
1,2,0.63,0.043829427633063751,-0.039305718976676889
1,2,0.64000000000000001,0.044653231029829502,-0.040061818495387452
1,2,0.65000000000000002,0.045468991840131111,-0.040809264304815331
1,2,0.66000000000000003,0.046276311748017385,-0.041547601596504842
1,2,0.67000000000000004,0.047074837680039033,-0.042276424558771709
1,2,0.68000000000000005,0.04786424677711168,-0.042995363320574236
1,2,0.68999999999999995,0.048644201722155993,-0.043704042663231177
1,2,0.69999999999999996,0.049414363466952244,-0.044402075032316163
1,2,0.70999999999999996,0.050174502883245306,-0.045089197681664146
1,2,0.71999999999999997,0.050924372343886165,-0.045765133559222529
1,2,0.72999999999999998,0.051663728258320621,-0.04642961199329363
1,2,0.73999999999999999,0.052392260708663936,-0.047082287463254026
1,2,0.75,0.053109789977194587,-0.047722972706658838
1,2,0.76000000000000001,0.0538161700008601,-0.048351509243961643
1,2,0.77000000000000002,0.054511218431425,-0.048967705788476083
1,2,0.78000000000000003,0.055194709730457217,-0.049571318895069688
1,2,0.79000000000000004,0.055866561774318903,-0.050162284129272712
1,2,0.80000000000000004,0.056526582886067045,-0.050740416815365529
1,2,0.81000000000000005,0.057174702024666922,-0.051305654762555115
1,2,0.81999999999999995,0.057810773311411615,-0.05185785897810944
1,2,0.82999999999999996,0.058434769670170278,-0.052397040498078952
1,2,0.83999999999999997,0.059046602882100736,-0.0529231384235219
1,2,0.84999999999999998,0.059646131158842264,-0.053436035317865255
1,2,0.85999999999999999,0.060233333697385122,-0.053935744567517596
1,2,0.87,0.060808241429435812,-0.054422352980407408
1,2,0.88,0.061370831661702242,-0.054895884795575021
1,2,0.89000000000000001,0.061921046814268202,-0.055356322055900124
1,2,0.90000000000000002,0.06245885579960285,-0.055803688998932767
1,2,0.91000000000000003,0.062984314313907663,-0.056238110056550931
1,2,0.92000000000000004,0.063497479166121251,-0.056659705782539073
1,2,0.93000000000000005,0.063998322610514899,-0.057068500179284297
1,2,0.93999999999999995,0.064486921981942488,-0.057464647674117006
1,2,0.94999999999999996,0.064963340069671777,-0.05784828782078321
1,2,0.95999999999999996,0.065427608092934256,-0.058219523942455623
1,2,0.96999999999999997,0.065879774849441686,-0.058578468333014735
1,2,0.97999999999999998,0.066319984248672761,-0.058925356124954947
1,2,0.98999999999999999,0.06674834097620283,-0.059260374005046336
1,2,1,0.067164944304186847,-0.059583701566625326
1,3,0,0.0013093965541589453,-0.00012434351044961905
1,3,0.01,0.001547651710143563,-0.00014735586677529057
1,3,0.02,0.0018114330372917579,-0.00017127401490315422
1,3,0.029999999999999999,0.0021019367051158836,-0.00019585728050363981
1,3,0.040000000000000001,0.0024198225907954606,-0.00022104698589367759
1,3,0.050000000000000003,0.0027659629997582817,-0.00024657056480753288
1,3,0.059999999999999998,0.003140498818834968,-0.00027230770731195527
1,3,0.070000000000000007,0.0035444318861442385,-0.00029804658229967994
1,3,0.080000000000000002,0.0039777643915564582,-0.0003236551061501065
1,3,0.089999999999999997,0.0044411284382466767,-0.00034891516740385975
1,3,0.10000000000000001,0.0049345632106696548,-0.00037372065222387378
1,3,0.11,0.0054582966837713413,-0.00039785697484512219
1,3,0.12,0.006012395797917406,-0.00042122450113564334
1,3,0.13,0.0065970799408331306,-0.000443649231969459
1,3,0.14000000000000001,0.0072118433405114878,-0.00046502645321430962
1,3,0.14999999999999999,0.007856860429034291,-0.00048521311679447922
1,3,0.16,0.0085319484586391225,-0.00050412178675831318
1,3,0.17000000000000001,0.009236663096608165,-0.00052163829101515115
1,3,0.17999999999999999,0.0099705849571945053,-0.00053769936608984875
1,3,0.19,0.010733589626982924,-0.00055221222541588242
1,3,0.20000000000000001,0.011524942444990818,-0.00056513167189164862
1,3,0.20999999999999999,0.012344197974311613,-0.00057640953898824157
1,3,0.22,0.013190716458329714,-0.00058601920868311236
1,3,0.23000000000000001,0.014063929729349016,-0.00059392827635696159
1,3,0.23999999999999999,0.014963086988571777,-0.00060013808115295724
1,3,0.25,0.015887434390111966,-0.00060465645747003437
1,3,0.26000000000000001,0.016836092116221488,-0.00060750744540873916
1,3,0.27000000000000002,0.017808433549309548,-0.00060869302794099175
1,3,0.28000000000000003,0.018803445265277632,-0.00060827258549944578
1,3,0.28999999999999998,0.019820106636532733,-0.00060630477549515442
1,3,0.29999999999999999,0.020857657935290447,-0.00060282741332988833
1,3,0.31,0.02191504477229235,-0.00059790335247149806
1,3,0.32000000000000001,0.022991214945097482,-0.00059162968165681778
1,3,0.33000000000000002,0.024085104399023789,-0.00058407230307947421
1,3,0.34000000000000002,0.025195808386594923,-0.00057530936393461181
1,3,0.34999999999999998,0.026322049990963343,-0.00056544013066668294
1,3,0.35999999999999999,0.027462876080438986,-0.00055455906875754505
1,3,0.37,0.028617000078015962,-0.00054275917243623898
1,3,0.38,0.029783507257109428,-0.00053013384591257579
1,3,0.39000000000000001,0.030961056660432456,-0.00051677134346858459
1,3,0.40000000000000002,0.032148646526103358,-0.00050279999631995141
1,3,0.40999999999999998,0.033344977766458297,-0.00048829133239730853
1,3,0.41999999999999998,0.034549094912072281,-0.00047334206928605679
1,3,0.42999999999999999,0.035759633588284802,-0.00045804078813305583
1,3,0.44,0.036975639851106246,-0.00044251598344758301
1,3,0.45000000000000001,0.038195788297763697,-0.00042678492985267135
1,3,0.46000000000000002,0.039419135376643856,-0.00041099228921176131
1,3,0.46999999999999997,0.040644398660011856,-0.00039517409729926032
1,3,0.47999999999999998,0.041870597529761938,-0.00037943984018917244
1,3,0.48999999999999999,0.043096518131809536,-0.00036379977461813953
1,3,0.5,0.044321266277366982,-0.00034839324565967902
1,3,0.51000000000000001,0.045543573430054607,-0.00033319008117369919
1,3,0.52000000000000002,0.046762627977022353,-0.00031832873811823612
1,3,0.53000000000000003,0.047977285073562706,-0.00030377389853337641
1,3,0.54000000000000004,0.049186615330269544,-0.0002896293603813346
1,3,0.55000000000000004,0.05038969528771739,-0.00027587756097364633
1,3,0.56000000000000005,0.051585646909632722,-0.00026260807767774391
1,3,0.56999999999999995,0.052773436195599099,-0.00024976770998347449
1,3,0.57999999999999996,0.053952400141327739,-0.00023745725496191372
1,3,0.58999999999999997,0.055121688880657618,-0.00022562990602564771
1,3,0.59999999999999998,0.056280393175298239,-0.00021433786000049746
1,3,0.60999999999999999,0.057427921205500145,-0.00020355329146646986
1,3,0.62,0.058563566449237214,-0.0001933257751517781
1,3,0.63,0.059686603984155415,-0.00018360204679736649
1,3,0.64000000000000001,0.060796408365647391,-0.00017443285709786162
1,3,0.65000000000000002,0.061892480917980969,-0.00016577290599384029
1,3,0.66000000000000003,0.062974197129141707,-0.000157643623122283
1,3,0.67000000000000004,0.064041150515080303,-0.00015001623491593414
1,3,0.68000000000000005,0.065092752769567691,-0.00014290315052864575
1,3,0.68999999999999995,0.06612865969281731,-0.00013626472328511527
1,3,0.69999999999999996,0.067148562915633758,-0.00013011622487114839
1,3,0.70999999999999996,0.068152007124501229,-0.00012442424986717745
1,3,0.71999999999999997,0.069138673660974453,-0.00011918510509576581
1,3,0.72999999999999998,0.070108459236618431,-0.00011437867266410762
1,3,0.73999999999999999,0.071061054366705553,-0.00010999018037519907
1,3,0.75,0.071996146530305172,-0.00010600498216367833
1,3,0.76000000000000001,0.072913772809835631,-0.00010240737318385979
1,3,0.77000000000000002,0.073813748074320132,-9.9175806791656444e-05
1,3,0.78000000000000003,0.074695978388392231,-9.6291260983183934e-05
1,3,0.79000000000000004,0.075560377575837376,-9.3749975419118482e-05
1,3,0.80000000000000004,0.076406984975340431,-9.1514821537153415e-05
1,3,0.81000000000000005,0.077235795841332777,-8.9577406843963005e-05
1,3,0.81999999999999995,0.078046875858036283,-8.7914617749357445e-05
1,3,0.82999999999999996,0.078840153470562849,-8.6514874313506351e-05
1,3,0.83999999999999997,0.07961589629979221,-8.5340823074183617e-05
1,3,0.84999999999999998,0.080374174159221295,-8.4385683144959193e-05
1,3,0.85999999999999999,0.081115026127973985,-8.3619699927277216e-05
1,3,0.87,0.08183863699576667,-8.3028485729661535e-05
1,3,0.88,0.082545358844912833,-8.2571488715153449e-05
1,3,0.89000000000000001,0.08323515802573922,-8.2237094953552161e-05
1,3,0.90000000000000002,0.083908345940652981,-8.1996469174189495e-05
1,3,0.91000000000000003,0.084565127890037214,-8.1824335896082522e-05
1,3,0.92000000000000004,0.085205837764991355,-8.1678156011612442e-05
1,3,0.93000000000000005,0.085830551783340897,-8.1546007362256253e-05
1,3,0.93999999999999995,0.086439721610228712,-8.1389375191874384e-05
1,3,0.94999999999999996,0.087033409004356438,-8.1175979657093899e-05
1,3,0.95999999999999996,0.087612178559360876,-8.0866455170690819e-05
1,3,0.96999999999999997,0.088176007839906048,-8.0441132680502542e-05
1,3,0.97999999999999998,0.088725414761750832,-7.9854560496694926e-05
1,3,0.98999999999999999,0.089260536368037033,-7.9069465217252929e-05
1,3,1,0.089781941801070769,-7.804954919048146e-05
1,4,0,0.0012366243611503236,0.0011557764914632979
1,4,0.01,0.0014066349668301488,0.0013261174468195873
1,4,0.02,0.0015899552243503808,0.0015108581564973115
1,4,0.029999999999999999,0.0017873144329983294,0.001710769388392971
1,4,0.040000000000000001,0.0019986434177018961,0.0019258910773341234
1,4,0.050000000000000003,0.0022245128931728804,0.0021568461030540493
1,4,0.059999999999999998,0.0024649935108645975,0.0024037932227691868
1,4,0.070000000000000007,0.002720303297880965,0.0026669689122682501
1,4,0.080000000000000002,0.0029906394329247982,0.0029466295546263376
1,4,0.089999999999999997,0.0032761248339541467,0.0032429227624283909
1,4,0.10000000000000001,0.0035769863451920302,0.0035561435708981342
1,4,0.11,0.0038933237644470887,0.0038863690431607469
1,4,0.12,0.0042250794384490033,0.0042335882357773299
1,4,0.13,0.0045725310062163776,0.0045980376508200707
1,4,0.14000000000000001,0.004935437426805662,0.0049795067527472273
1,4,0.14999999999999999,0.0053142602044918344,0.0053784054263161084
1,4,0.16,0.0057085028008280071,0.0057942319314071445
1,4,0.17000000000000001,0.0061184664702864048,0.006227216550083012
1,4,0.17999999999999999,0.0065438661619002941,0.0066770546327852382
1,4,0.19,0.0069848779646662024,0.0071438681941143629
1,4,0.20000000000000001,0.0074412941681781791,0.0076273780251600882
1,4,0.20999999999999999,0.007912900660785491,0.0081273016752699927
1,4,0.22,0.0083997430282799802,0.0086435875197579375
1,4,0.23000000000000001,0.0089015230446901628,0.0091758978467403676
1,4,0.23999999999999999,0.0094182776338192827,0.0097241520866440129
1,4,0.25,0.0099495888828831473,0.01028783383074347
1,4,0.26000000000000001,0.010495280698744589,0.010866660715799111
1,4,0.27000000000000002,0.011055156612183878,0.011460323909427573
1,4,0.28000000000000003,0.011628952716598182,0.012068478101262062
1,4,0.28999999999999998,0.012216516691833535,0.012690817154172467
1,4,0.29999999999999999,0.01281733222238212,0.013326744456185036
1,4,0.31,0.013431236155928655,0.013975950470243368
1,4,0.32000000000000001,0.014057857360427275,0.014637963241438848
1,4,0.33000000000000002,0.014696918719063357,0.01531239447209377
1,4,0.34000000000000002,0.015348080415454581,0.01599876443093122
1,4,0.34999999999999998,0.016010775707106545,0.01669643258859458
1,4,0.35999999999999999,0.016684877854364878,0.017405077311397635
1,4,0.37,0.017369769452483568,0.018124051618938132
1,4,0.38,0.018065280141339922,0.018852989424751367
1,4,0.39000000000000001,0.018770709665073229,0.019591152657513624
1,4,0.40000000000000002,0.01948579373331126,0.020338120767535762
1,4,0.40999999999999998,0.020209987259001083,0.021093276039375445
1,4,0.41999999999999998,0.020942972588976948,0.021856190312269923
1,4,0.42999999999999999,0.021684185729398717,0.022626194558666164
1,4,0.44,0.022433135390510114,0.023402734623176435
1,4,0.45000000000000001,0.023189349180951464,0.02418523800161634
1,4,0.46000000000000002,0.023952413852554647,0.024973210894371531
1,4,0.46999999999999997,0.024721744650632191,0.025766012088559775
1,4,0.47999999999999998,0.025496921922435217,0.026563112023528939
1,4,0.48999999999999999,0.026277287966140477,0.027363864641966933
1,4,0.5,0.027062526266187284,0.02816779766350699
1,4,0.51000000000000001,0.027852010252488832,0.028974329934900452
1,4,0.52000000000000002,0.028645329751944507,0.029782911285168731
1,4,0.53000000000000003,0.029441832362285477,0.030592943116196186
1,4,0.54000000000000004,0.030241111855223712,0.031403921738642065
1,4,0.55000000000000004,0.031042627407986856,0.032215304379405917
1,4,0.56000000000000005,0.031845901497266814,0.033026581657827431
1,4,0.56999999999999995,0.03265039275933377,0.033837182234537855
1,4,0.57999999999999996,0.033455604300840526,0.034646632402495742
1,4,0.58999999999999997,0.034261057657102884,0.035454403206642449
1,4,0.59999999999999998,0.035066291642759116,0.036260045942299118
1,4,0.60999999999999999,0.035870798166427562,0.037063055061673678
1,4,0.62,0.036674096306887574,0.037862950750571091
1,4,0.63,0.037475737053627542,0.038659316589620581
1,4,0.64000000000000001,0.03827525110370756,0.039451646728429338
1,4,0.65000000000000002,0.039072229633016334,0.040239593013723096
1,4,0.66000000000000003,0.039866177591253028,0.041022639941402927
1,4,0.67000000000000004,0.040656711863760471,0.041800467815938845
1,4,0.68000000000000005,0.041443371819064649,0.042572613733305023
1,4,0.68999999999999995,0.042225798030564352,0.043338738000811165
1,4,0.69999999999999996,0.043003592251923461,0.044098494754005374
1,4,0.70999999999999996,0.043776357063300006,0.0448514980048507
1,4,0.71999999999999997,0.044543776208649008,0.045597496564186921
1,4,0.72999999999999998,0.045305430784789116,0.046336065429261435
1,4,0.73999999999999999,0.046061038576743971,0.047066979586328113
1,4,0.75,0.046810247820617983,0.04778992209598977
1,4,0.76000000000000001,0.047552766031691854,0.048504644443865638
1,4,0.77000000000000002,0.048288318991170157,0.049210915358955325
1,4,0.78000000000000003,0.049016545237407443,0.049908384961174057
1,4,0.79000000000000004,0.049737256819014961,0.050596925110223873
1,4,0.80000000000000004,0.050450136005941101,0.051276252950615595
1,4,0.81000000000000005,0.051155039261270435,0.051946285029210712
1,4,0.81999999999999995,0.051851702027887463,0.052606780624822394
1,4,0.82999999999999996,0.052539871996624563,0.053257530336164358
1,4,0.83999999999999997,0.053219472311254928,0.053898502305115462
1,4,0.84999999999999998,0.053890197705868004,0.054529445274836781
1,4,0.85999999999999999,0.054552078412251029,0.05515041644134569
1,4,0.87,0.055204692288263434,0.055761044274356582
1,4,0.88,0.055848164582077642,0.056361478665947498
1,4,0.89000000000000001,0.056482203447618007,0.056951497085645716
1,4,0.90000000000000002,0.057106836013616262,0.057531133255902395
1,4,0.91000000000000003,0.057721892574053323,0.058100292605488102
1,4,0.92000000000000004,0.058327287897096333,0.058658899681389903
1,4,0.93000000000000005,0.058923022201957401,0.059207025690330262
1,4,0.93999999999999995,0.0595090086021519,0.059744612236024765
1,4,0.94999999999999996,0.060085237829735627,0.060271704627698437
1,4,0.95999999999999996,0.060651682532719409,0.060788289163073474
1,4,0.96999999999999997,0.061208223879175135,0.061294317424687175
1,4,0.97999999999999998,0.061755080877836523,0.061790018158934458
1,4,0.98999999999999999,0.062292011265392036,0.062275236165320366
1,4,1,0.06281935803771431,0.062750298527599155
1,5,0,0.0002197239457930461,0.001743965725609635
1,5,0.01,0.00024282463345212416,0.0019813047199794703
1,5,0.02,0.00026708411038513458,0.0022374469881790092
1,5,0.029999999999999999,0.00029249077484039764,0.0025129422092576023
1,5,0.040000000000000001,0.00031905388855036298,0.002808487368676412
1,5,0.050000000000000003,0.00034677054664039315,0.0031241397641542726
1,5,0.059999999999999998,0.00037562698154043541,0.0034605363657777728
1,5,0.070000000000000007,0.00040563991828115398,0.003818015578508457
1,5,0.080000000000000002,0.00043679056917728614,0.0041966748909191953
1,5,0.089999999999999997,0.00046903450282741004,0.0045968510774635615
1,5,0.10000000000000001,0.00050239159361911429,0.005018559050669516
1,5,0.11,0.00053685580071167159,0.0054623093630257347
1,5,0.12,0.0005723958811147845,0.0059280793880433979
1,5,0.13,0.00060900720220281022,0.0064158024565467882
1,5,0.14000000000000001,0.00064666983778739577,0.0069260518649708917
1,5,0.14999999999999999,0.00068535599048632492,0.0074583150712583847
1,5,0.16,0.00072504897424463478,0.0080126488672709606
1,5,0.17000000000000001,0.00076574354281098197,0.0085895653561171414
1,5,0.17999999999999999,0.00080740503721130584,0.0091883849473760153
1,5,0.19,0.0008499940053495348,0.0098091906438799899
1,5,0.20000000000000001,0.00089350911137242323,0.010452048291351863
1,5,0.20999999999999999,0.00093792025128997805,0.011116480795971249
1,5,0.22,0.00098318294916308318,0.011802661178047225
1,5,0.23000000000000001,0.0010292849327798825,0.012510040132238553
1,5,0.23999999999999999,0.0010761911781715845,0.013238479736669291
1,5,0.25,0.0011238485177542668,0.013987642252091941
1,5,0.26000000000000001,0.0011722559997949604,0.014757182882508942
1,5,0.27000000000000002,0.0012213742681891121,0.015547124660947589
1,5,0.28000000000000003,0.0012711565554922298,0.016356706072481832
1,5,0.28999999999999998,0.0013215697852377287,0.017185410553771329
1,5,0.29999999999999999,0.001372572231098994,0.018033309374360314
1,5,0.31,0.0014241340723005601,0.018899462482513944
1,5,0.32000000000000001,0.0014762164673236505,0.019783649391046265
1,5,0.33000000000000002,0.001528786163135946,0.020685567149166993
1,5,0.34000000000000002,0.0015818008517837451,0.021604324878351018
1,5,0.34999999999999998,0.0016351975068023385,0.022539515780733876
1,5,0.35999999999999999,0.0016889574066983456,0.02349057352358553
1,5,0.37,0.0017430407188712173,0.024456935866137119
1,5,0.38,0.0017973903795376858,0.025438179453882076
1,5,0.39000000000000001,0.0018519790255128391,0.026433459899235977
1,5,0.40000000000000002,0.001906754887767631,0.027442310236704775
1,5,0.40999999999999998,0.0019616672865445514,0.028463939752284659
1,5,0.41999999999999998,0.002016683094299497,0.029497644127009223
1,5,0.42999999999999999,0.0020717531700837678,0.030543180002080214
1,5,0.44,0.0021268345589738119,0.031599486027203402
1,5,0.45000000000000001,0.0021818789745420637,0.032665916573224846
1,5,0.46000000000000002,0.0022368393884324139,0.033741948268536423
1,5,0.46999999999999997,0.0022916765888571153,0.034826690070793476
1,5,0.47999999999999998,0.0023463335983233287,0.035919562141466743
1,5,0.48999999999999999,0.0024007719414520469,0.037019881899603028
1,5,0.5,0.0024549481116552321,0.038126842530012611
1,5,0.51000000000000001,0.002508797662499067,0.039239760425527646
1,5,0.52000000000000002,0.0025622905240343589,0.040357891609032248
1,5,0.53000000000000003,0.0026153740954328389,0.041480604356372075
1,5,0.54000000000000004,0.0026679949597048893,0.042607150119953065
1,5,0.55000000000000004,0.0027201149324325748,0.043736766330608759
1,5,0.56000000000000005,0.0027716814195295723,0.044868821487515621
1,5,0.56999999999999995,0.00282264477398168,0.046002512409756793
1,5,0.57999999999999996,0.0028729603596339688,0.047137170613593918
1,5,0.58999999999999997,0.0029225709346642243,0.048272197568203196
1,5,0.59999999999999998,0.0029714410175486513,0.049406820171528892
1,5,0.60999999999999999,0.0030195221285096519,0.050540362973234651
1,5,0.62,0.0030667659274558855,0.051672178249471026
1,5,0.63,0.0031131221604180507,0.052801594089958
1,5,0.64000000000000001,0.0031585343175195308,0.053927937196619743
1,5,0.65000000000000002,0.0032029672457974949,0.055050621201515514
1,5,0.66000000000000003,0.0032463763998465743,0.056169021785609063
1,5,0.67000000000000004,0.0032887217235652699,0.057282489927431617
1,5,0.68000000000000005,0.0033299556613946985,0.058390502423487534
1,5,0.68999999999999995,0.003370019733334134,0.059492395752714589
1,5,0.69999999999999996,0.0034088705163587596,0.060587590980144886
1,5,0.70999999999999996,0.0034464807073353479,0.061675656074556259
1,5,0.71999999999999997,0.0034828050824210295,0.062755901698809277
1,5,0.72999999999999998,0.0035178083958272528,0.063827974696588227
1,5,0.73999999999999999,0.0035514481474010497,0.064891350330254061
1,5,0.75,0.0035836725506784191,0.065945427914499088
1,5,0.76000000000000001,0.0036144400744954966,0.066989805400077707
1,5,0.77000000000000002,0.0036437424598040422,0.068024057962617984
1,5,0.78000000000000003,0.0036715343754756633,0.069047770402163686
1,5,0.79000000000000004,0.003697781634152182,0.070060599350066963
1,5,0.80000000000000004,0.003722452318183367,0.071062012193482821
1,5,0.81000000000000005,0.0037455197581061786,0.072051813020529293
1,5,0.81999999999999995,0.0037669407452951007,0.073029471379396332
1,5,0.82999999999999996,0.003786713526029026,0.073994765174718674
1,5,0.83999999999999997,0.0038048103379173604,0.074947517078643999
1,5,0.84999999999999998,0.0038211890116277218,0.075887144558762651
1,5,0.85999999999999999,0.0038358514705934365,0.076813646106764749
1,5,0.87,0.0038487846369732121,0.077726811039337332
1,5,0.88,0.0038599540354154896,0.078626093257082391
1,5,0.89000000000000001,0.0038693510415081884,0.079511578575660574
1,5,0.90000000000000002,0.0038769747316803171,0.080383008751672841
1,5,0.91000000000000003,0.003882802542360942,0.081240125461397611
1,5,0.92000000000000004,0.0038868397407192065,0.082082978894022357
1,5,0.93000000000000005,0.0038891054450304091,0.082911312409687105
1,5,0.93999999999999995,0.0038895700744685379,0.083725083515621926
1,5,0.94999999999999996,0.0038882185636253991,0.084524075242209201
1,5,0.95999999999999996,0.0038850822874027446,0.085308246883081862
1,5,0.96999999999999997,0.0038801670785597693,0.086077735406334108
1,5,0.97999999999999998,0.0038734798524676195,0.086832274160546299
1,5,0.98999999999999999,0.0038650471380955809,0.087572040550483649
1,5,1,0.0038548767393221245,0.088297112371801545
1,6,0,-0.00084126397264841501,0.0015868791601823112
1,6,0.01,-0.00097766584100906617,0.0018069564430054615
1,6,0.02,-0.0011268091028537816,0.0020447579493147378
1,6,0.029999999999999999,-0.0012892688474284743,0.0023009945078062075
1,6,0.040000000000000001,-0.0014652155074831841,0.0025758081263731526
1,6,0.050000000000000003,-0.0016553044911104841,0.0028700064031200031
1,6,0.059999999999999998,-0.0018595303923196042,0.0031835054664115714
1,6,0.070000000000000007,-0.0020782578583401199,0.0035167322058928027
1,6,0.080000000000000002,-0.0023116378514314662,0.0038698085369632471
1,6,0.089999999999999997,-0.0025601120050888658,0.0042432553216457461
1,6,0.10000000000000001,-0.0028237146404317876,0.0046370401766502815
1,6,0.11,-0.0031025638950789997,0.0050512514328308177
1,6,0.12,-0.0033968085536277975,0.0054860051727490967
1,6,0.13,-0.003706585342010764,0.0059414046558422147
1,6,0.14000000000000001,-0.0040320113207668361,0.0064175272277552349
1,6,0.14999999999999999,-0.0043730052163843906,0.0069141881901041546
1,6,0.16,-0.0047297188086056043,0.0074314995391381103
1,6,0.17000000000000001,-0.0051020729953772321,0.0079692719374124931
1,6,0.17999999999999999,-0.0054901707557330724,0.0085275599277135385
1,6,0.19,-0.0058937827000391232,0.0091059687440032018
1,6,0.20000000000000001,-0.0063130299890907437,0.0097045599153907872
1,6,0.20999999999999999,-0.0067475809898884034,0.010322808519315345
1,6,0.22,-0.0071974895958632004,0.01096069870472615
1,6,0.23000000000000001,-0.0076624612882696379,0.01161774623159628
1,6,0.23999999999999999,-0.0081425863597775899,0.01229396067889937
1,6,0.25,-0.0086373147240057825,0.012988536533613494
1,6,0.26000000000000001,-0.0091467377871388145,0.013701493448575722
1,6,0.27000000000000002,-0.0096704042417407425,0.014432148134592687
1,6,0.28000000000000003,-0.010208304243115302,0.015180373108904965
1,6,0.28999999999999998,-0.010759817333463073,0.015945281391388351
1,6,0.29999999999999999,-0.01132482837675276,0.016726626081309086
1,6,0.31,-0.01190292846966421,0.017523780718881627
1,6,0.32000000000000001,-0.012493955973610266,0.018336428234998835
1,6,0.33000000000000002,-0.013097298212795339,0.019163700083911661
1,6,0.34000000000000002,-0.013712700223591442,0.020005165454577083
1,6,0.34999999999999998,-0.014339724330381635,0.02086016998264778
1,6,0.35999999999999999,-0.01497804919796708,0.0217282139583986
1,6,0.37,-0.015627077492774893,0.02260845692843581
1,6,0.38,-0.016286376578472161,0.023500262549074478
1,6,0.39000000000000001,-0.016955526171663717,0.024403003686770668
1,6,0.40000000000000002,-0.017634066029633605,0.025316026127308589
1,6,0.40999999999999998,-0.018321444682852954,0.026238557565291802
1,6,0.41999999999999998,-0.019017111772472214,0.02716982588234796
1,6,0.42999999999999999,-0.019720660357145824,0.028109222028549603
1,6,0.44,-0.020431459057695917,0.02905591593173815
1,6,0.45000000000000001,-0.021149023177010583,0.030009233022259982
1,6,0.46000000000000002,-0.02187269529535046,0.030968296450734536
1,6,0.46999999999999997,-0.022602057867122913,0.031932497489169022
1,6,0.47999999999999998,-0.023336411971909842,0.032900942263638863
1,6,0.48999999999999999,-0.024075306255511429,0.033873008988315564
1,6,0.5,-0.02481803814937799,0.034847791981700772
1,6,0.51000000000000001,-0.025564181088227188,0.035824650913272971
1,6,0.52000000000000002,-0.026313012638680494,0.03680271914366666
1,6,0.53000000000000003,-0.027064052694598169,0.037781348481194528
1,6,0.54000000000000004,-0.027816648616579766,0.038759715115732812
1,6,0.55000000000000004,-0.028570289179313323,0.039737120795370361
1,6,0.56000000000000005,-0.029324353418031301,0.040712810174504795
1,6,0.56999999999999995,-0.030078310475511742,0.041686090406573867
1,6,0.57999999999999996,-0.030831567155706691,0.042656224811117013
1,6,0.58999999999999997,-0.031583580204784543,0.043622483432962877
1,6,0.59999999999999998,-0.032333806212159352,0.044584215718300166
1,6,0.60999999999999999,-0.033081720302295385,0.045540764048172484
1,6,0.62,-0.033826754038861158,0.046491429827939579
1,6,0.63,-0.034568412857655426,0.047435584849603162
1,6,0.64000000000000001,-0.035306216826436206,0.048372642412826544
1,6,0.65000000000000002,-0.036039681720677709,0.049302009088414443
1,6,0.66000000000000003,-0.03676826095405266,0.05022300688406043
1,6,0.67000000000000004,-0.03749152220403737,0.051135107164635048
1,6,0.68000000000000005,-0.038209032064413409,0.052037757379218202
1,6,0.68999999999999995,-0.038920398463583687,0.052930519360639951
1,6,0.69999999999999996,-0.039625106342754311,0.053812737728589792
1,6,0.70999999999999996,-0.040322815526417519,0.054684040589678851
1,6,0.71999999999999997,-0.041013157453321902,0.055543942440231912
1,6,0.72999999999999998,-0.041695829854147701,0.056392124231149643
1,6,0.73999999999999999,-0.042370343854284655,0.057227942325886752
1,6,0.75,-0.043036462709647401,0.058051185598419965
1,6,0.76000000000000001,-0.043693824055776161,0.058861328336059601
1,6,0.77000000000000002,-0.044342274488769332,0.059658280425950949
1,6,0.78000000000000003,-0.044981373397584117,0.060441453512029022
1,6,0.79000000000000004,-0.045610994870282924,0.061210771013935343
1,6,0.80000000000000004,-0.046230861989049563,0.06196585469908783
1,6,0.81000000000000005,-0.046840850211213668,0.062706608737704284
1,6,0.81999999999999995,-0.04744064188309631,0.063432619875751342
1,6,0.82999999999999996,-0.04803018080424197,0.064143875298514563
1,6,0.83999999999999997,-0.048609213797769737,0.064840040750416827
1,6,0.84999999999999998,-0.049177683051646298,0.065521091273550616
1,6,0.85999999999999999,-0.049735428030390147,0.066186839987714005
1,6,0.87,-0.050282441807064232,0.066837312675790045
1,6,0.88,-0.050818556942855593,0.067472324093456659
1,6,0.89000000000000001,-0.051343738053750927,0.068091850911434049
1,6,0.90000000000000002,-0.051857963964756323,0.068695899477870262
1,6,0.91000000000000003,-0.052361230745635631,0.069284479099844948
1,6,0.92000000000000004,-0.052853496683414193,0.069857582370077886
1,6,0.93000000000000005,-0.053334654522105868,0.070415078678610049
1,6,0.93999999999999995,-0.05380489037494636,0.070957270911596593
1,6,0.94999999999999996,-0.054264182721414346,0.071484127470713477
1,6,0.95999999999999996,-0.054712650910736564,0.071995877042172987
1,6,0.96999999999999997,-0.0551501201843312,0.072492295946620211
1,6,0.97999999999999998,-0.055576923628538256,0.072973889456072014
1,6,0.98999999999999999,-0.055993008916443869,0.073440570248453893
1,6,1,-0.056398632257157189,0.073892771214108907
1,7,0,-0.0014021029920312095,-0.00035704668584598392
1,7,0.01,-0.0016957846694490122,-0.00041725557550651999
1,7,0.02,-0.0020272339059114156,-0.0004820228040489467
1,7,0.029999999999999999,-0.0023978801487184878,-0.00055120022472600078
1,7,0.040000000000000001,-0.0028089935577953738,-0.00062464584167742725
1,7,0.050000000000000003,-0.0032616509465315706,-0.00070221747849362123
1,7,0.059999999999999998,-0.0037564717736793714,-0.0007837284043788218
1,7,0.070000000000000007,-0.0042939977384026341,-0.0008690274307067632
1,7,0.080000000000000002,-0.0048748211630512154,-0.00095800682837203586
1,7,0.089999999999999997,-0.0054989702651770892,-0.0010505096172019131
1,7,0.10000000000000001,-0.0061661646788337739,-0.0011463797468863508
1,7,0.11,-0.006876104891205272,-0.0012454928695021985
1,7,0.12,-0.0076285025328897589,-0.0013477529712128907
1,7,0.13,-0.0084225415479877996,-0.0014530160581887278
1,7,0.14000000000000001,-0.0092573518112478298,-0.0015611661454688227
1,7,0.14999999999999999,-0.010132006402015019,-0.0016721082698303868
1,7,0.16,-0.01104550960156046,-0.0017857324862046301
1,7,0.17000000000000001,-0.011996329738557108,-0.0019018925189052628
1,7,0.17999999999999999,-0.012983010870259409,-0.0020204560174749667
1,7,0.19,-0.014004135275935529,-0.002141288702354859
1,7,0.20000000000000001,-0.015058086635393791,-0.0022642362974430413
1,7,0.20999999999999999,-0.016143044808494218,-0.0023891272343322025
1,7,0.22,-0.017257260589410586,-0.0025157884930407486
1,7,0.23000000000000001,-0.018399042477070641,-0.0026440257501503545
1,7,0.23999999999999999,-0.019566450949465408,-0.0027736216893102521
1,7,0.25,-0.020757439323244184,-0.0029043478395059576
1,7,0.26000000000000001,-0.021970125880820521,-0.0030359607142807004
1,7,0.27000000000000002,-0.023202663780209725,-0.0031682104930671248
1,7,0.28000000000000003,-0.024452912802606155,-0.003300834383078145
1,7,0.28999999999999998,-0.025718920154909567,-0.0034335605581912723
1,7,0.29999999999999999,-0.02699880396769512,-0.0035661034797744703
1,7,0.31,-0.028290704956921372,-0.0036981702369831473
1,7,0.32000000000000001,-0.029592662395712576,-0.0038294758505018063
1,7,0.33000000000000002,-0.030902771651059965,-0.0039597307404940062
1,7,0.34000000000000002,-0.032219326951159248,-0.00408863680565889
1,7,0.34999999999999998,-0.033540510670722015,-0.004215913340822993
1,7,0.35999999999999999,-0.034864552655482293,-0.0043412865860766071
1,7,0.37,-0.036189778006988992,-0.0044644844129745793
1,7,0.38,-0.03751476009240489,-0.0045852347908265575
1,7,0.39000000000000001,-0.038837868415773635,-0.004703310662708053
1,7,0.40000000000000002,-0.040157618423357071,-0.0048184841256750169
1,7,0.40999999999999998,-0.041472626418971717,-0.0049305381444919669
1,7,0.41999999999999998,-0.042781612887040438,-0.005039263708156886
1,7,0.42999999999999999,-0.044083241355117472,-0.0051445008260419013
1,7,0.44,-0.0453762836950002,-0.0052460809241663565
1,7,0.45000000000000001,-0.046659742570772836,-0.0053438610472208228
1,7,0.46000000000000002,-0.047932573201613732,-0.0054377243763826686
1,7,0.46999999999999997,-0.049193798213720386,-0.0055275783919845126
1,7,0.47999999999999998,-0.050442524971422362,-0.0056133477536887055
1,7,0.48999999999999999,-0.051677982167687778,-0.0056949413492642775
1,7,0.5,-0.052899390630872518,-0.0057723381230189059
1,7,0.51000000000000001,-0.054105990809163881,-0.0058455041014981515
1,7,0.52000000000000002,-0.055297272217735116,-0.0059144334058759598
1,7,0.53000000000000003,-0.056472710731487505,-0.0059790995809060384
1,7,0.54000000000000004,-0.057631809685160101,-0.0060395471620636127
1,7,0.55000000000000004,-0.058774146150568647,-0.0060957925587626517
1,7,0.56000000000000005,-0.059899376722132594,-0.0061478616831837684
1,7,0.56999999999999995,-0.061007193630247515,-0.0061957913980565391
1,7,0.57999999999999996,-0.062097289706409146,-0.0062396398330639789
1,7,0.58999999999999997,-0.063169519920746486,-0.0062794713018677817
1,7,0.59999999999999998,-0.064223718463862822,-0.0063153116825796479
1,7,0.60999999999999999,-0.065259774056219105,-0.0063472378369000791
1,7,0.62,-0.066277597569446081,-0.0063753101573489311
1,7,0.63,-0.067277121704955131,-0.0063995840925458866
1,7,0.64000000000000001,-0.068258301496921747,-0.0064200793320108741
1,7,0.65000000000000002,-0.069221167173615011,-0.0064368717701981416
1,7,0.66000000000000003,-0.070165782821561759,-0.0064500095354249757
1,7,0.67000000000000004,-0.071092198762263206,-0.0064595181173180572
1,7,0.68000000000000005,-0.072000459530421515,-0.0064654128906790516
1,7,0.68999999999999995,-0.072890696599499011,-0.0064677447432132905
1,7,0.69999999999999996,-0.073762966839770308,-0.0064665149536348859
1,7,0.70999999999999996,-0.074617353843768136,-0.0064617134044104574
1,7,0.71999999999999997,-0.075453984864525508,-0.0064533473442477821
1,7,0.72999999999999998,-0.076273023740824508,-0.0064414254066282751
1,7,0.73999999999999999,-0.077074614249188905,-0.0064259374383437984
1,7,0.75,-0.077858789934257738,-0.0064068259312270535
1,7,0.76000000000000001,-0.078625721568921642,-0.0063841067639517947
1,7,0.77000000000000002,-0.079375586904356338,-0.0063577390158298594
1,7,0.78000000000000003,-0.080108434024940375,-0.0063276634259829077
1,7,0.79000000000000004,-0.080824379539139929,-0.0062938309560088591
1,7,0.80000000000000004,-0.081523640690459281,-0.0062562250828260739
1,7,0.81000000000000005,-0.082206358471604984,-0.0062148117884985987
1,7,0.81999999999999995,-0.082872593324664609,-0.0061695333342708034
1,7,0.82999999999999996,-0.083522470806200247,-0.006120353095150367
1,7,0.83999999999999997,-0.084156175479063733,-0.0060672500585147882
1,7,0.84999999999999998,-0.084773802303153789,-0.0060101868795214416
1,7,0.85999999999999999,-0.085375341275638672,-0.005949109617458816
1,7,0.87,-0.085961039299371628,-0.0058840204977274367
1,7,0.88,-0.08653103229426462,-0.005814933780534012
1,7,0.89000000000000001,-0.087085430268351471,-0.0057418490145505884
1,7,0.90000000000000002,-0.087624270505202884,-0.0056647607340251493
1,7,0.91000000000000003,-0.088147809583867281,-0.005583715031679504
1,7,0.92000000000000004,-0.088656182241189596,-0.0054987517394212331
1,7,0.93000000000000005,-0.089149416233531675,-0.0054099080237231985
1,7,0.93999999999999995,-0.089627650696489244,-0.0053172447438530101
1,7,0.94999999999999996,-0.090091150907167239,-0.0052208778923129705
1,7,0.95999999999999996,-0.090540072259204782,-0.005120909416026464
1,7,0.96999999999999997,-0.09097447206629794,-0.0050174518687809387
1,7,0.97999999999999998,-0.091394579333021947,-0.0049106467953578684
1,7,0.98999999999999999,-0.091800614033241676,-0.0048006491696870376
1,7,1,-0.092192759493119725,-0.004687627485269269
1,8,0,-0.00097969718448179255,-0.0012414378714769095
1,8,0.01,-0.0011378928442095167,-0.0014310056207649173
1,8,0.02,-0.0013108898304394832,-0.0016367513658927632
1,8,0.029999999999999999,-0.0014995791601831706,-0.0018595553251576492
1,8,0.040000000000000001,-0.0017040309205802531,-0.0020993236873670528
1,8,0.050000000000000003,-0.0019250414072304509,-0.0023568291756068949
1,8,0.059999999999999998,-0.0021625545309249868,-0.0026318443470564512
1,8,0.070000000000000007,-0.0024171283300408234,-0.0029248749265813295
1,8,0.080000000000000002,-0.0026889225368361826,-0.0032359752053031411
1,8,0.089999999999999997,-0.0029782841086362917,-0.0035654232666548855
1,8,0.10000000000000001,-0.0032852481416395353,-0.0039131509947575686
1,8,0.11,-0.0036099919809755932,-0.0042792691494502799
1,8,0.12,-0.0039527918038682287,-0.0046640172916380656
1,8,0.13,-0.0043135016818847179,-0.0050671632697127655
1,8,0.14000000000000001,-0.004692275525396486,-0.0054888324983779213
1,8,0.14999999999999999,-0.0050889194021571235,-0.0059287755719506161
1,8,0.16,-0.0055037456208409108,-0.0063873280524683954
1,8,0.17000000000000001,-0.0059362058315092234,-0.0068638704648420817
1,8,0.17999999999999999,-0.0063865348093582446,-0.0073586781873145549
1,8,0.19,-0.0068542485158469887,-0.0078712428677911641
1,8,0.20000000000000001,-0.0073395136660189238,-0.0084017926965180446
1,8,0.20999999999999999,-0.007841642003410464,-0.0089496179564828825
1,8,0.22,-0.0083606996274856338,-0.0095148615598644581
1,8,0.23000000000000001,-0.0088961488807674793,-0.010097018858387593
1,8,0.23999999999999999,-0.0094478751214730015,-0.010696053858186005
1,8,0.25,-0.010015159527975177,-0.011311279466398814
1,8,0.26000000000000001,-0.010597912012584143,-0.011942708219212672
1,8,0.27000000000000002,-0.011195524775150151,-0.012589814068091273
1,8,0.28000000000000003,-0.011807601785177082,-0.013252285885017307
1,8,0.28999999999999998,-0.01243350904135233,-0.01392957172572981
1,8,0.29999999999999999,-0.013072860375090893,-0.014621397619403729
1,8,0.31,-0.013725101727193179,-0.015327319645761242
1,8,0.32000000000000001,-0.014389588564108819,-0.016046772125785983
1,8,0.33000000000000002,-0.015065799038127407,-0.016779354860817882
1,8,0.34000000000000002,-0.015753110004830817,-0.017524543600363731
1,8,0.34999999999999998,-0.016450983149942363,-0.018281923863956055
1,8,0.35999999999999999,-0.017158646328573699,-0.019050787101524413
1,8,0.37,-0.017875571699756752,-0.019830732126096831
1,8,0.38,-0.018601086001472318,-0.020621179707997518
1,8,0.39000000000000001,-0.01933454798917144,-0.021421578003932448
1,8,0.40000000000000002,-0.020075224760293428,-0.022231254536120654
1,8,0.40999999999999998,-0.02082253372320304,-0.023049730256421
1,8,0.41999999999999998,-0.021575772443925532,-0.02387636543742909
1,8,0.42999999999999999,-0.022334284781167543,-0.024710561101629995
1,8,0.44,-0.023097370886660799,-0.025551654245206223
1,8,0.45000000000000001,-0.023864418542986487,-0.026399099241588772
1,8,0.46000000000000002,-0.024634736687529597,-0.027252221901539399
1,8,0.46999999999999997,-0.025407684242372362,-0.028110397985009819
1,8,0.47999999999999998,-0.026182608626350391,-0.028972977552898831
1,8,0.48999999999999999,-0.02695888938074532,-0.029839357880349103
1,8,0.5,-0.027735890453010996,-0.030708870093708093
1,8,0.51000000000000001,-0.028513001653436482,-0.031580878806928385
1,8,0.52000000000000002,-0.029289626253304328,-0.032454745829162669
1,8,0.53000000000000003,-0.030065165662173026,-0.033329833273878832
1,8,0.54000000000000004,-0.030839062699713895,-0.034205501845002304
1,8,0.55000000000000004,-0.031610765396189691,-0.035081132460969999
1,8,0.56000000000000005,-0.032379727683733456,-0.035956088640581668
1,8,0.56999999999999995,-0.033145416710089498,-0.036829750688307697
1,8,0.57999999999999996,-0.033907358356941933,-0.03770151875107601
1,8,0.58999999999999997,-0.034665061515433124,-0.038570800640000694
1,8,0.59999999999999998,-0.03541804144286307,-0.039436969517187871
1,8,0.60999999999999999,-0.036165854842914805,-0.040299462151859138
1,8,0.62,-0.036908114727495292,-0.04115772918459655
1,8,0.63,-0.037644387840301531,-0.042011209267432903
1,8,0.64000000000000001,-0.038374264771474646,-0.042859306511157172
1,8,0.65000000000000002,-0.03909739874239701,-0.043701540486779593
1,8,0.66000000000000003,-0.039813492385961304,-0.044537424595093425
1,8,0.67000000000000004,-0.040522146149023316,-0.045366409008948248
1,8,0.68000000000000005,-0.041223079645112064,-0.046188009941198663
1,8,0.68999999999999995,-0.041916014005028993,-0.047001801210888906
1,8,0.69999999999999996,-0.042600709293153252,-0.047807355821708974
1,8,0.70999999999999996,-0.043276866373423359,-0.048604189054618441
1,8,0.71999999999999997,-0.043944253643264972,-0.049391895680184705
1,8,0.72999999999999998,-0.044602738890354154,-0.050170177662796939
1,8,0.73999999999999999,-0.045252053300732079,-0.050938599285536075
1,8,0.75,-0.045892051430750952,-0.051696810629479381
1,8,0.76000000000000001,-0.046522491166889099,-0.05244443443137576
1,8,0.77000000000000002,-0.047143411589121095,-0.053181352044111146
1,8,0.78000000000000003,-0.047754498888157151,-0.053907087350120383
1,8,0.79000000000000004,-0.048355771083198842,-0.054621489345001294
1,8,0.80000000000000004,-0.048947012564541974,-0.055324226122201829
1,8,0.81000000000000005,-0.049528336321600849,-0.056015286212386481
1,8,0.81999999999999995,-0.05009942438144703,-0.05669419032030671
1,8,0.82999999999999996,-0.050660436637643101,-0.057360996124011701
1,8,0.83999999999999997,-0.051211150416940118,-0.058015374982789046
1,8,0.84999999999999998,-0.051751746724597494,-0.058657428539948681
1,8,0.85999999999999999,-0.052281947284341442,-0.059286727774055123
1,8,0.87,-0.052801954267968056,-0.059903442222864839
1,8,0.88,-0.053311661666012707,-0.060507387644907124
1,8,0.89000000000000001,-0.053811157453494823,-0.061098596440941046
1,8,0.90000000000000002,-0.054300342376937989,-0.061676872670038671
1,8,0.91000000000000003,-0.054779337156443106,-0.062242339142064756
1,8,0.92000000000000004,-0.055248197624961234,-0.062795026472769438
1,8,0.93000000000000005,-0.055706877045771805,-0.063334830726017644
1,8,0.93999999999999995,-0.056155504637126971,-0.063861883919793305
1,8,0.94999999999999996,-0.056594058876747941,-0.064376156516432401
1,8,0.95999999999999996,-0.057022769807576423,-0.06487792732796388
1,8,0.96999999999999997,-0.057441449112596826,-0.065366937403782452
1,8,0.97999999999999998,-0.057850445344209078,-0.065843643000283253
1,8,0.98999999999999999,-0.05824959058756167,-0.066307844997241627
1,8,1,-0.058639280860279613,-0.06676006555891062
2,1,0,0.0010329192336703263,-0.0009524330011875734
2,1,0.01,0.0012234817591971251,-0.0012377220659555244
2,1,0.02,0.0014322816724574861,-0.0015697561441580712
2,1,0.029999999999999999,0.0016595967697557437,-0.0019503821359430761
2,1,0.040000000000000001,0.001905584238548816,-0.002380755464631846
2,1,0.050000000000000003,0.0021704502077142182,-0.0028618867524278137
2,1,0.059999999999999998,0.0024542255365420599,-0.0033939708480574316
2,1,0.070000000000000007,0.0027568842165580911,-0.0039768066512545271
2,1,0.080000000000000002,0.0030783950726826735,-0.0046099550967543482
2,1,0.089999999999999997,0.0034185878918446006,-0.0052923954042713465
2,1,0.10000000000000001,0.0037773138120331898,-0.0060228431585918219
2,1,0.11,0.0041541894820131481,-0.0067992421671796656
2,1,0.12,0.0045489261124264336,-0.0076196418608848408
2,1,0.13,0.0049610237134428943,-0.0084814483585720583
2,1,0.14000000000000001,0.005389988345243471,-0.009381925397871662
2,1,0.14999999999999999,0.0058352073116492154,-0.010318019128565796
2,1,0.16,0.0062960065937926789,-0.011286539937664436
2,1,0.17000000000000001,0.0067716432041960975,-0.012284062427825692
2,1,0.17999999999999999,0.0072612811106412579,-0.013306981713367468
2,1,0.19,0.0077641157540106736,-0.014351669054482607
2,1,0.20000000000000001,0.0082791774148530482,-0.015414402058745003
2,1,0.20999999999999999,0.008805531843777829,-0.016491411331319986
2,1,0.22,0.0093421208207039794,-0.01757894345583294
2,1,0.23000000000000001,0.0098879543629890529,-0.018673321686768433
2,1,0.23999999999999999,0.010441965947873522,-0.019770973014956381
2,1,0.25,0.01100304503025808,-0.020868403599653442
2,1,0.26000000000000001,0.011570079754697461,-0.02196231361525788
2,1,0.27000000000000002,0.012141941537481004,-0.023049602043331674
2,1,0.28000000000000003,0.01271751313330239,-0.024127278588184541
2,1,0.28999999999999998,0.013295617178877705,-0.025192734874918288
2,1,0.29999999999999999,0.013875109456758187,-0.026243483687406879
2,1,0.31,0.014454812092452338,-0.02727743443236649
2,1,0.32000000000000001,0.015033565050090739,-0.028292550285172427
2,1,0.33000000000000002,0.015610199362766777,-0.029287279435509059
2,1,0.34000000000000002,0.016183532046219664,-0.030260295826092267
2,1,0.34999999999999998,0.016752381170972806,-0.0312105718863054
2,1,0.35999999999999999,0.017315563796815273,-0.032137324905837469
2,1,0.37,0.017871901984953805,-0.033040072654271203
2,1,0.38,0.018420213340641645,-0.033918695079650174
2,1,0.39000000000000001,0.018959288252885481,-0.034773215326423378
2,1,0.40000000000000002,0.019487956686623193,-0.035604068482297732
2,1,0.40999999999999998,0.020005013169519203,-0.036411799300787917
2,1,0.41999999999999998,0.020509278402924033,-0.037197283193218279
2,1,0.42999999999999999,0.020999539776045684,-0.037961528830736675
2,1,0.44,0.021474656412994855,-0.038705868184709002
2,1,0.45000000000000001,0.021933457446122094,-0.039431758073653414
2,1,0.46000000000000002,0.02237477151302637,-0.040140797218380209
2,1,0.46999999999999997,0.022797439861455222,-0.040834699307084978
2,1,0.47999999999999998,0.023200379795798115,-0.041515408478949023
2,1,0.48999999999999999,0.023582559795767937,-0.042184912639550307
2,1,0.5,0.02394288354457675,-0.042845271935965518
2,1,0.51000000000000001,0.024280292236259854,-0.043498518428525666
2,1,0.52000000000000002,0.02459388335110314,-0.044146907536227346
2,1,0.53000000000000003,0.024882826550658831,-0.044792567317222962
2,1,0.54000000000000004,0.02514622791435963,-0.045437675826478674
2,1,0.55000000000000004,0.025383276896647256,-0.046084334635591827
2,1,0.56000000000000005,0.025593282317473428,-0.046734679620485109
2,1,0.56999999999999995,0.025775644110620249,-0.047390740411116711
2,1,0.57999999999999996,0.025929828925257532,-0.048054431603120479
2,1,0.58999999999999997,0.026055285664179174,-0.048727671397922091
2,1,0.59999999999999998,0.026151651474932085,-0.049412181908850487
2,1,0.60999999999999999,0.026218580628527201,-0.050109685150506601
2,1,0.62,0.026255951426516821,-0.050821573773043853
2,1,0.63,0.026263535571962364,-0.0515493221992981
2,1,0.64000000000000001,0.026241331853780678,-0.052294111855298933
2,1,0.65000000000000002,0.026189306993063145,-0.053057087000400682
2,1,0.66000000000000003,0.026107624191358182,-0.053839139935710836
2,1,0.67000000000000004,0.025996492284163959,-0.054641031486699437
2,1,0.68000000000000005,0.025856151148982126,-0.055463415506242973
2,1,0.68999999999999995,0.025686943608009216,-0.056306749373668336
2,1,0.69999999999999996,0.025489225105185073,-0.057171421250772861
2,1,0.70999999999999996,0.02526360581263528,-0.058057471573809021
2,1,0.71999999999999997,0.025010529935908736,-0.058965016843439702
2,1,0.72999999999999998,0.024730642976246702,-0.05989389381220158
2,1,0.73999999999999999,0.024424452231401318,-0.060843996320741126
2,1,0.75,0.024092760127424645,-0.061814866326455026
2,1,0.76000000000000001,0.023736269111585197,-0.062806064308028736
2,1,0.77000000000000002,0.023355707622019495,-0.063817062059516511
2,1,0.78000000000000003,0.022951793607980327,-0.064847301759492909
2,1,0.79000000000000004,0.022525331143160403,-0.065896059606382895
2,1,0.80000000000000004,0.02207720445451497,-0.066962542020731361
2,1,0.81000000000000005,0.021608130928177101,-0.068046015778169572
2,1,0.81999999999999995,0.021118971742920607,-0.069145670391662625
2,1,0.82999999999999996,0.020610471764734933,-0.070260715094005832
2,1,0.83999999999999997,0.020083512405561312,-0.071390279287286126
2,1,0.84999999999999998,0.019538856584628422,-0.072533567659060258
2,1,0.85999999999999999,0.018977288851823072,-0.073689798846381493
2,1,0.87,0.018399577006299239,-0.074858243364618188
2,1,0.88,0.017806463891484468,-0.076038184451926852
2,1,0.89000000000000001,0.017198699015370536,-0.07722898650387354
2,1,0.90000000000000002,0.016576948831487963,-0.078430058786679857
2,1,0.91000000000000003,0.015941948212517439,-0.079640918551798293
2,1,0.92000000000000004,0.01529429613354428,-0.080861161775945795
2,1,0.93000000000000005,0.014634653553655799,-0.08209045737646499
2,1,0.93999999999999995,0.013963620006341319,-0.0833285463304205
2,1,0.94999999999999996,0.013281802484192596,-0.084575294190114614
2,1,0.95999999999999996,0.012589751825789924,-0.085830678799407867
2,1,0.96999999999999997,0.011887975192230405,-0.0870947686173425
2,1,0.97999999999999998,0.011177037219553059,-0.088367698409432996
2,1,0.98999999999999999,0.010457436391054949,-0.089649704669736485
2,1,1,0.0097296805281096577,-0.090941153737474634
2,2,0,0.0011847079602722993,0.00095283029024549604
2,2,0.01,0.0014435494527524637,0.0010926009764211063
2,2,0.02,0.0017346188198843716,0.0012358903572768283
2,2,0.029999999999999999,0.0020591260619420688,0.0013807214402835695
2,2,0.040000000000000001,0.0024180476618968147,0.001525070145764601
2,2,0.050000000000000003,0.002812066691292886,0.0016669409633892178
2,2,0.059999999999999998,0.0032421039748135312,0.0018042564736574637
2,2,0.070000000000000007,0.0037082591269134461,0.0019351096558005306
2,2,0.080000000000000002,0.0042112510919788152,0.0020574642385603895
2,2,0.089999999999999997,0.0047510946443770317,0.0021694488477513835
2,2,0.10000000000000001,0.0053278913774224331,0.0022692330857674182
2,2,0.11,0.0059418571617910502,0.0023548766912847097
2,2,0.12,0.0065923816766314232,0.0024248483603543569
2,2,0.13,0.007279308380826667,0.0024774169469139132
2,2,0.14000000000000001,0.008002117897281542,0.0025110714007769565
2,2,0.14999999999999999,0.0087602400139659628,0.0025243621588113803
2,2,0.16,0.0095529366136637272,0.0025159022110701514
2,2,0.17000000000000001,0.010379024059190408,0.0024847079513459483
2,2,0.17999999999999999,0.011237841411244391,0.0024294324781530905
2,2,0.19,0.012128171989223235,0.0023491953740802864
2,2,0.20000000000000001,0.013048638365216792,0.002243254158842814
2,2,0.20999999999999999,0.013998117809575833,0.0021107194508448029
2,2,0.22,0.014975011629105577,0.0019511913786520606
2,2,0.23000000000000001,0.015977967281676202,0.0017640403343565398
2,2,0.23999999999999999,0.017005388690514232,0.0015490147332910494
2,2,0.25,0.018055631441915503,0.0013058819442380454
2,2,0.26000000000000001,0.019127097331134456,0.0010344874746736781
2,2,0.27000000000000002,0.020217909874808683,0.00073506927429926644
2,2,0.28000000000000003,0.021326552985615463,0.00040744519233581344
2,2,0.28999999999999998,0.022451191328074299,5.1991288681179043e-05
2,2,0.29999999999999999,0.023589956005002514,-0.00033086374342178771
2,2,0.31,0.02474120227987503,-0.00074081483844479819
2,2,0.32000000000000001,0.025903102039546988,-0.0011773146306068804
2,2,0.33000000000000002,0.027073971181391283,-0.0016398916550988767
2,2,0.34000000000000002,0.028252024843964184,-0.0021277117364661663
2,2,0.34999999999999998,0.029435512962780887,-0.0026401051892144096
2,2,0.35999999999999999,0.030622864213370071,-0.003176405619530752
2,2,0.37,0.031812388164237211,-0.0037356939143387176
2,2,0.38,0.033002511970726255,-0.0043171813354353078
2,2,0.39000000000000001,0.034191675769274441,-0.0049199806800632054
2,2,0.40000000000000002,0.035378330577975854,-0.0055430716258392035
2,2,0.40999999999999998,0.036561138082704593,-0.0061856583226768385
2,2,0.41999999999999998,0.037738616165330988,-0.0068468388739804679
2,2,0.42999999999999999,0.038909434953748635,-0.0075256083155275924
2,2,0.44,0.0400723585181052,-0.0082210026876844387
2,2,0.45000000000000001,0.041226088910864461,-0.0089320611795738157
2,2,0.46000000000000002,0.042369466831487165,-0.0096581079397098785
2,2,0.46999999999999997,0.043501375777414919,-0.010398061192456561
2,2,0.47999999999999998,0.044620782049926734,-0.011151066016545955
2,2,0.48999999999999999,0.045726612075001651,-0.011916320225126465
2,2,0.5,0.04681790965118502,-0.012692926626210799
2,2,0.51000000000000001,0.047893781396767247,-0.013480314574893688
2,2,0.52000000000000002,0.048953326045953691,-0.014277512350415938
2,2,0.53000000000000003,0.049995699314525063,-0.015083876936443828
2,2,0.54000000000000004,0.051020189659340742,-0.015898699308590458
2,2,0.55000000000000004,0.052026034782321859,-0.016721326974730586
2,2,0.56000000000000005,0.053012424572270393,-0.0175512702591386
2,2,0.56999999999999995,0.053978789935057614,-0.01838778655394354
2,2,0.57999999999999996,0.054924576531837431,-0.019230393180146556
2,2,0.58999999999999997,0.055849115769491378,-0.020078584144974002
2,2,0.59999999999999998,0.056751787643609171,-0.020931914304411794
2,2,0.60999999999999999,0.057632180264975741,-0.021789952322251178
2,2,0.62,0.058489806621727813,-0.022652207128982384
2,2,0.63,0.059324162073564432,-0.023518340394973362
2,2,0.64000000000000001,0.060134832291676987,-0.024388008585982994
2,2,0.65000000000000002,0.060921480076456473,-0.025260866692714226
2,2,0.66000000000000003,0.061683676945608903,-0.026136620866262873
2,2,0.67000000000000004,0.062421117816229235,-0.027014931219032992
2,2,0.68000000000000005,0.063133621931043868,-0.027895557578713759
2,2,0.68999999999999995,0.063820741692151198,-0.028778267142998235
2,2,0.69999999999999996,0.064482328951082857,-0.029662761049720335
2,2,0.70999999999999996,0.065118197897161723,-0.030548854675211949
2,2,0.71999999999999997,0.065728240533288879,-0.03143629970240943
2,2,0.72999999999999998,0.066312285308420219,-0.032324885742427693
2,2,0.73999999999999999,0.066870085143016511,-0.033214420430191877
2,2,0.75,0.06740186736451638,-0.034104684163156609
2,2,0.76000000000000001,0.067907440528875873,-0.034995507174618301
2,2,0.77000000000000002,0.068386856187836811,-0.035886661819363355
2,2,0.78000000000000003,0.068840195684458538,-0.036777973751891513
2,2,0.79000000000000004,0.069267452642093774,-0.037669271965458079
2,2,0.80000000000000004,0.069668953101362355,-0.038560329879336747
2,2,0.81000000000000005,0.070044699458191736,-0.039450995266789746
2,2,0.81999999999999995,0.070395037328272597,-0.040341072386820734
2,2,0.82999999999999996,0.070720137295005508,-0.04123035323764155
2,2,0.83999999999999997,0.071020215392015446,-0.042118669677954024
2,2,0.84999999999999998,0.071295862656228448,-0.043005834246393863
2,2,0.85999999999999999,0.071547217595930773,-0.043891681793788898
2,2,0.87,0.071774742678144071,-0.044775975137670718
2,2,0.88,0.071978899604086363,-0.04565855744341285
2,2,0.89000000000000001,0.072160108620608371,-0.046539278787395361
2,2,0.90000000000000002,0.072319034403219962,-0.047417940721475031
2,2,0.91000000000000003,0.072455953374419513,-0.048294368473094804
2,2,0.92000000000000004,0.072571560859253217,-0.049168365592392585
2,2,0.93000000000000005,0.072666461591554543,-0.050039789808483379
2,2,0.93999999999999995,0.072741179198929251,-0.050908447320366798
2,2,0.94999999999999996,0.07279651118420602,-0.05177418179790394
2,2,0.95999999999999996,0.072832834970300908,-0.052636803032029347
2,2,0.96999999999999997,0.072850999310908091,-0.053496134102186149
2,2,0.97999999999999998,0.072851618210268532,-0.054352020684749237
2,2,0.98999999999999999,0.072835373452824093,-0.055204309214940295
2,2,1,0.072803042305516361,-0.056052842696564319
2,3,0,0.0012402378985540002,-0.0011529842089370926
2,3,0.01,0.0014593307182087741,-0.0012419311543060167
2,3,0.02,0.0016989591107675669,-0.0013324643653310035
2,3,0.029999999999999999,0.001959527471892355,-0.0014245841890750781
2,3,0.040000000000000001,0.0022411046679857061,-0.0015181832239252624
2,3,0.050000000000000003,0.0025439229615408718,-0.0016132685769404851
2,3,0.059999999999999998,0.0028679330149269707,-0.0017097737285049091
2,3,0.070000000000000007,0.0032132063930737668,-0.0018077130662895627
2,3,0.080000000000000002,0.0035796289874099312,-0.0019070752690993767
2,3,0.089999999999999997,0.0039670919413632537,-0.0020078650939602343
2,3,0.10000000000000001,0.0043753465532312356,-0.0021100768944997935
2,3,0.11,0.0048042263769110154,-0.0022137156719318042
2,3,0.12,0.0052533743409471124,-0.0023188270505563146
2,3,0.13,0.0057224669237471992,-0.0024254445523970696
2,3,0.14000000000000001,0.0062111280508253932,-0.0025336026270328491
2,3,0.14999999999999999,0.0067189630426424223,-0.0026433533466261533
2,3,0.16,0.0072455314531099475,-0.0027547275397761168
2,3,0.17000000000000001,0.0077903163792226405,-0.0028677587067857139
2,3,0.17999999999999999,0.0083528655783569241,-0.0029824852936989189
2,3,0.19,0.0089326098636783799,-0.003098946875949902
2,3,0.20000000000000001,0.0095290808992167519,-0.0032171711490380436
2,3,0.20999999999999999,0.010141709032208117,-0.0033371969051993666
2,3,0.22,0.010769992775267644,-0.0034590433496201529
2,3,0.23000000000000001,0.01141328009012953,-0.0035827403251278448
2,3,0.23999999999999999,0.012071097254266149,-0.0037082624110755242
2,3,0.25,0.012742784533414427,-0.003835637915186511
2,3,0.26000000000000001,0.013427906293771833,-0.0039648126987761288
2,3,0.27000000000000002,0.01412581173913343,-0.0040958045695915837
2,3,0.28000000000000003,0.014836073425660458,-0.0042285303893102788
2,3,0.28999999999999998,0.01555809915317998,-0.0043629842132167848
2,3,0.29999999999999999,0.016291474914952427,-0.0044990550206160081
2,3,0.31,0.017035662459583812,-0.0046367215227151072
2,3,0.32000000000000001,0.017790241607171776,-0.0047758337838830992
2,3,0.33000000000000002,0.018554729290534075,-0.0049163172319148588
2,3,0.34000000000000002,0.019328761685746071,-0.0050580148062084685
2,3,0.34999999999999998,0.020111924874533255,-0.0052008122201955068
2,3,0.35999999999999999,0.020903897784827357,-0.0053445300973153356
2,3,0.37,0.021704348039761109,-0.0054890058892550758
2,3,0.38,0.022512975067199618,-0.0056340510278235882
2,3,0.39000000000000001,0.02332951472898968,-0.0057794647088961672
2,3,0.40000000000000002,0.024153724262511968,-0.005925041961271485
2,3,0.40999999999999998,0.024985430766334631,-0.0060705698388096594
2,3,0.41999999999999998,0.025824418087215081,-0.0062158053790391582
2,3,0.42999999999999999,0.026670580297137689,-0.0063604558700901485
2,3,0.44,0.027523770587123374,-0.0065042925900134245
2,3,0.45000000000000001,0.028383941018826749,-0.0066469987692853831
2,3,0.46000000000000002,0.029250967064864949,-0.0067883668262619821
2,3,0.46999999999999997,0.030124891027506831,-0.0069280246623832191
2,3,0.47999999999999998,0.031005617548033985,-0.0070657762885996643
2,3,0.48999999999999999,0.031893259749871519,-0.0072012132903838859
2,3,0.5,0.032787743714216139,-0.0073341577499026547
2,3,0.51000000000000001,0.033689271185661777,-0.0074641787354524872
2,3,0.52000000000000002,0.034597768951362601,-0.0075910989016894862
2,3,0.53000000000000003,0.035513445933325713,-0.0077144864491623969
2,3,0.54000000000000004,0.036436298702403044,-0.0078341591062924872
2,3,0.55000000000000004,0.037366545710002599,-0.00794971272962928
2,3,0.56000000000000005,0.038304224002470078,-0.0080609523450954346
2,3,0.56999999999999995,0.039249551354811466,-0.0081675089029574297
2,3,0.57999999999999996,0.04020261754062758,-0.0082691495297263964
2,3,0.58999999999999997,0.041163614002409345,-0.0083655712992614546
2,3,0.59999999999999998,0.042132635845891997,-0.0084565731140098452
2,3,0.60999999999999999,0.043109872939728122,-0.0085418977308072026
2,3,0.62,0.044095439293979466,-0.008621316595557588
2,3,0.63,0.045089487587323271,-0.0086946039388516132
2,3,0.64000000000000001,0.04609215147554506,-0.0087615625222824921
2,3,0.65000000000000002,0.047103558736230941,-0.0088219987080708964
2,3,0.66000000000000003,0.04812384180671056,-0.0088757430411776778
2,3,0.67000000000000004,0.049153054266995483,-0.00892269747647189
2,3,0.68000000000000005,0.050191341641600398,-0.0089626943813807172
2,3,0.68999999999999995,0.051238706095860315,-0.0089956872226249988
2,3,0.69999999999999996,0.052295291540124675,-0.0090215303108113817
2,3,0.70999999999999996,0.053361035088903289,-0.0090402560242756301
2,3,0.71999999999999997,0.054436089038866875,-0.0090517072460391413
2,3,0.72999999999999998,0.055520318601691099,-0.009055965894357627
2,3,0.73999999999999999,0.056613841836356649,-0.009052957469630845
2,3,0.75,0.057716455661061067,-0.0090428164725351971
2,3,0.76000000000000001,0.05882827545132413,-0.0090254890927061841
2,3,0.77000000000000002,0.059949039945232582,-0.009001156225284003
2,3,0.78000000000000003,0.061078805167184128,-0.0089698260058517342
2,3,0.79000000000000004,0.062217305106600673,-0.0089316880092369828
2,3,0.80000000000000004,0.063364523035244466,-0.0088868164184008787
2,3,0.81000000000000005,0.064520165064151674,-0.0088354420351839831
2,3,0.81999999999999995,0.065684132462758893,-0.0087777058121507965
2,3,0.82999999999999996,0.066856126635272684,-0.0087138490340065173
2,3,0.83999999999999997,0.068035984277483308,-0.0086440671427450103
2,3,0.84999999999999998,0.069223397791383701,-0.0085686233486997939
2,3,0.85999999999999999,0.070418141323432243,-0.008487760592412779
2,3,0.87,0.071619905642563486,-0.0084017609428412646
2,3,0.88,0.072828389348949529,-0.0083109244856632257
2,3,0.89000000000000001,0.074043274870991521,-0.0082155584633060649
2,3,0.90000000000000002,0.075264221133047454,-0.00811598347671438
2,3,0.91000000000000003,0.076490910953450397,-0.008012527235935268
2,3,0.92000000000000004,0.077722960572248992,-0.0079055342067050494
2,3,0.93000000000000005,0.07896005730692135,-0.0077953521839211042
2,3,0.93999999999999995,0.0802017906810676,-0.0076823382994930817
2,3,0.94999999999999996,0.081447844657408008,-0.0075668675192972368
2,3,0.95999999999999996,0.082697780943366772,-0.0074493080349110011
2,3,0.96999999999999997,0.083951299737034579,-0.0073300516333639357
2,3,0.97999999999999998,0.085207951700963638,-0.0072094655109115847
2,3,0.98999999999999999,0.086467448573919165,-0.0070879610669628531
2,3,1,0.087729341776817016,-0.006965895201371336
2,4,0,0.00068463316707505217,0.00066738718560339916
2,4,0.01,0.00084320657315203103,0.00085205931550698041
2,4,0.02,0.0010206404717220628,0.001063507871181109
2,4,0.029999999999999999,0.0012173644165770223,0.0013027441797521253
2,4,0.040000000000000001,0.0014334662166360891,0.001570378070520748
2,4,0.050000000000000003,0.0016691400486306435,0.0018670978150372309
2,4,0.059999999999999998,0.001924417496605633,0.0021933773476764079
2,4,0.070000000000000007,0.0021992615777731879,0.0025495667596116649
2,4,0.080000000000000002,0.0024936616876367369,0.0029359913512524496
2,4,0.089999999999999997,0.0028073644775485681,0.0033526457087186983
2,4,0.10000000000000001,0.0031403297420324549,0.0037997009558584038
2,4,0.11,0.0034921477332947523,0.0042768649987419277
2,4,0.12,0.003862670349777852,0.0047840337153073759
2,4,0.13,0.0042513926983892576,0.0053206458042981183
2,4,0.14000000000000001,0.0046580302676120129,0.0058863192700310974
2,4,0.14999999999999999,0.0050820852618909118,0.0064803553700411741
2,4,0.16,0.0055231112218412787,0.0071020414143943495
2,4,0.17000000000000001,0.0059806279655248238,0.007750554209748157
2,4,0.17999999999999999,0.0064540490021066082,0.0084248760453191109
2,4,0.19,0.0069429202727088217,0.0091240745383029797
2,4,0.20000000000000001,0.0074465390843158705,0.0098468597969104173
2,4,0.20999999999999999,0.0079645091768778247,0.010592259721471903
2,4,0.22,0.0084960434109163496,0.01135873372864778
2,4,0.23000000000000001,0.0090406556956126247,0.012145062937122012
2,4,0.23999999999999999,0.0095976501282030377,0.012949726835521393
2,4,0.25,0.010166461414284615,0.013771310295890913
2,4,0.26000000000000001,0.01074646048138617,0.014608277683158952
2,4,0.27000000000000002,0.011337027059524479,0.015459063445718353
2,4,0.28000000000000003,0.011937598778269581,0.016322137601828334
2,4,0.28999999999999998,0.012547524464997354,0.017195832131084936
2,4,0.29999999999999999,0.013166305435110413,0.01807864237545144
2,4,0.31,0.013793305364334395,0.018968874119225047
2,4,0.32000000000000001,0.014428041364366862,0.019865010576453325
2,4,0.33000000000000002,0.015069920140710843,0.020765390537774875
2,4,0.34000000000000002,0.015718473239291229,0.021668511650228702
2,4,0.34999999999999998,0.016373187999678657,0.02257281866398396
2,4,0.35999999999999999,0.017033604204975194,0.023476835561760574
2,4,0.37,0.017699278436781173,0.024379126308616852
2,4,0.38,0.018369775977619018,0.025278284397554824
2,4,0.39000000000000001,0.01904470910602632,0.026173003290377788
2,4,0.40000000000000002,0.019723683931006212,0.027061985696162028
2,4,0.40999999999999998,0.020406365500243578,0.027944055820477157
2,4,0.41999999999999998,0.021092399403266501,0.02881806376239468
2,4,0.42999999999999999,0.021781468349789258,0.029682973595206805
2,4,0.44,0.022473281768957069,0.030537812320504724
2,4,0.45000000000000001,0.023167557968974472,0.031381697012372568
2,4,0.46000000000000002,0.023864039266939637,0.032213828892077273
2,4,0.46999999999999997,0.024562489044488746,0.03303350155033849
2,4,0.47999999999999998,0.025262664617932671,0.033840083959798831
2,4,0.48999999999999999,0.025964382178137305,0.034633063851740906
2,4,0.5,0.026667396954258411,0.035411968075577012
2,4,0.51000000000000001,0.027371583057111418,0.036176466704057046
2,4,0.52000000000000002,0.028076694474851168,0.036926265671308633
2,4,0.53000000000000003,0.028782618605594237,0.037661230177972835
2,4,0.54000000000000004,0.029489151120143151,0.038381232736673571
2,4,0.55000000000000004,0.030196164274004338,0.039086282352765331
2,4,0.56000000000000005,0.030903499977974955,0.039776438023309442
2,4,0.56999999999999995,0.031611002065679475,0.040451830867322312
2,4,0.57999999999999996,0.032318562734219243,0.041112700641488961
2,4,0.58999999999999997,0.033025986677507557,0.041759277419964436
2,4,0.59999999999999998,0.033733219332416006,0.042391971266581986
2,4,0.60999999999999999,0.034440030682918073,0.043011058359679277
2,4,0.62,0.035146384073656077,0.043617112805642962
2,4,0.63,0.035852059955141728,0.04421055653501621
2,4,0.64000000000000001,0.03655698850035824,0.044791982725763325
2,4,0.65000000000000002,0.037260999477430001,0.045361932537509843
2,4,0.66000000000000003,0.037963973702435268,0.045921021919979842
2,4,0.67000000000000004,0.038665792882717487,0.046469892328639142
2,4,0.68000000000000005,0.039366287169647615,0.047009158040602343
2,4,0.68999999999999995,0.040065391937528526,0.047539540198850171
2,4,0.69999999999999996,0.040762887856153902,0.048061629062633719
2,4,0.70999999999999996,0.041458757794389359,0.048576183344061628
2,4,0.71999999999999997,0.042152768931799457,0.049083795395770652
2,4,0.72999999999999998,0.042844889761990856,0.049585212414554734
2,4,0.73999999999999999,0.043534939740979467,0.050081033224485288
2,4,0.75,0.044222843985738593,0.050571932023354194
2,4,0.76000000000000001,0.044908486917945967,0.051058520200745708
2,4,0.77000000000000002,0.045591764996311679,0.051541389173689861
2,4,0.78000000000000003,0.046272626937689826,0.052021144717569814
2,4,0.79000000000000004,0.04695093711003348,0.052498280561782032
2,4,0.80000000000000004,0.047626701345122952,0.052973377550610747
2,4,0.81000000000000005,0.048299771051201562,0.053446824027434732
2,4,0.81999999999999995,0.048970175254288456,0.053919147538360371
2,4,0.82999999999999996,0.049637797832921486,0.054390683662240182
2,4,0.83999999999999997,0.050302654787805191,0.054861835258945904
2,4,0.84999999999999998,0.050964694081321038,0.05533289391410709
2,4,0.85999999999999999,0.051623914357358774,0.055804143517799901
2,4,0.87,0.052280325897345284,0.056275824194497101
2,4,0.88,0.052933925031463797,0.056748109217878401
2,4,0.89000000000000001,0.053584786550532851,0.057221184390580097
2,4,0.90000000000000002,0.05423290266357382,0.057695116246090826
2,4,0.91000000000000003,0.054878395656041828,0.058170030608689735
2,4,0.92000000000000004,0.055521272761313835,0.058645905202424402
2,4,0.93000000000000005,0.056161662948455142,0.059122769808503048
2,4,0.93999999999999995,0.056799624429811506,0.059600555139297115
2,4,0.94999999999999996,0.057435278541472963,0.060079197354326083
2,4,0.95999999999999996,0.058068730750202843,0.060558581258551354
2,4,0.96999999999999997,0.058700097397479972,0.061038563802334855
2,4,0.97999999999999998,0.059329524123389848,0.06151898770896766
2,4,0.98999999999999999,0.059957123615889132,0.061999645809590921
2,4,1,0.060583074314413184,0.062480344148578212
2,5,0,-0.0019915481198298501,-0.00046962141080783559
2,5,0.01,-0.0022384994629600016,-0.00043302828667711706
2,5,0.02,-0.0024986514254740776,-0.0003782943702541883
2,5,0.029999999999999999,-0.0027715418289398614,-0.00030347312046293445
2,5,0.040000000000000001,-0.0030565390311564165,-0.00020687661351138611
2,5,0.050000000000000003,-0.0033530898361718965,-8.6792028768269483e-05
2,5,0.059999999999999998,-0.0036606029904530492,5.8353595079095594e-05
2,5,0.070000000000000007,-0.0039784145686662109,0.00022981943774518789
2,5,0.080000000000000002,-0.0043060227935336507,0.00042927252492199939
2,5,0.089999999999999997,-0.0046427597101138659,0.00065776074292601288
2,5,0.10000000000000001,-0.0049880747910250956,0.0009166180604175888
2,5,0.11,-0.0053413170610673005,0.0012067348370011963
2,5,0.12,-0.0057019073249167905,0.0015291217434621708
2,5,0.13,-0.0060692724640777334,0.0018847782016444283
2,5,0.14000000000000001,-0.00644277307117537,0.0022741604649299928
2,5,0.14999999999999999,-0.0068218462948556602,0.0026981324507393254
2,5,0.16,-0.007205900102310832,0.0031570781370822997
2,5,0.17000000000000001,-0.0075943520960215288,0.0036515872139958484
2,5,0.17999999999999999,-0.0079865980742358927,0.0041817713189422276
2,5,0.19,-0.0083820580102666048,0.0047479278593409628
2,5,0.20000000000000001,-0.0087801555059646812,0.0053502758597624538
2,5,0.20999999999999999,-0.009180287607815002,0.0059885976281385291
2,5,0.22,-0.0095818599120837261,0.0066628469342904523
2,5,0.23000000000000001,-0.009984284630672937,0.0073727253207280926
2,5,0.23999999999999999,-0.010386980781570245,0.0081180961439196436
2,5,0.25,-0.010789334735564197,0.0088983878629631235
2,5,0.26000000000000001,-0.011190757954823853,0.0097131731412285101
2,5,0.27000000000000002,-0.011590638873164145,0.010561781848788138
2,5,0.28000000000000003,-0.011988380078440795,0.01144371968317048
2,5,0.28999999999999998,-0.012383370904329895,0.012358030163915377
2,5,0.29999999999999999,-0.012774992191611337,0.01330393659507377
2,5,0.31,-0.013162656450219801,0.014280464693214392
2,5,0.32000000000000001,-0.013545696591869223,0.015286775086750483
2,5,0.33000000000000002,-0.013923553360641109,0.016321722996018282
2,5,0.34000000000000002,-0.014295591495889867,0.017384153451465698
2,5,0.34999999999999998,-0.014661189229068314,0.018473081785289738
2,5,0.35999999999999999,-0.015019754174050371,0.019587135188560451
2,5,0.37,-0.015370630698948786,0.020725236709539366
2,5,0.38,-0.015713289833340322,0.021885916975119584
2,5,0.39000000000000001,-0.016047027684902709,0.023068012989686571
2,5,0.40000000000000002,-0.016371318578711894,0.024270088561841735
2,5,0.40999999999999998,-0.016685568754518373,0.025490725383452796
2,5,0.41999999999999998,-0.016989172622206245,0.026728648237534666
2,5,0.42999999999999999,-0.017281599785151709,0.027982300988434981
2,5,0.44,-0.01756218921049137,0.029250444046871195
2,5,0.45000000000000001,-0.017830545793389288,0.030531472641696394
2,5,0.46000000000000002,-0.018086015388775672,0.031824100426772008
2,5,0.46999999999999997,-0.018328103657929785,0.033126849460946795
2,5,0.47999999999999998,-0.018556357857846238,0.034438290631236004
2,5,0.48999999999999999,-0.018770256681313487,0.035757077743570093
2,5,0.5,-0.018969474758854375,0.037081744028943597
2,5,0.51000000000000001,-0.019153308154749752,0.038411037691014144
2,5,0.52000000000000002,-0.019321624877746441,0.039743519837123917
2,5,0.53000000000000003,-0.019473910813105875,0.041077940365734901
2,5,0.54000000000000004,-0.019609864712420304,0.042412993831520307
2,5,0.55000000000000004,-0.019729105278656962,0.043747413512378229
2,5,0.56000000000000005,-0.019831310631927137,0.04508000868095513
2,5,0.56999999999999995,-0.019916378417123182,0.046409595120521618
2,5,0.57999999999999996,-0.019983878413780312,0.047735021103135371
2,5,0.58999999999999997,-0.020033767035336596,0.049055179802825977
2,5,0.59999999999999998,-0.020065837139320936,0.050369006598671696
2,5,0.60999999999999999,-0.020080027813792933,0.05167551193671012
2,5,0.62,-0.020076249745672018,0.052973696963223779
2,5,0.63,-0.020054336950983399,0.054262622316623453
2,5,0.64000000000000001,-0.020014444568909533,0.055541458558255805
2,5,0.65000000000000002,-0.019956438150902818,0.056809325665508142
2,5,0.66000000000000003,-0.019880449251773548,0.058065484522134385
2,5,0.67000000000000004,-0.019786497448932718,0.059309161954926366
2,5,0.68000000000000005,-0.019674738691868001,0.060539735469705341
2,5,0.68999999999999995,-0.019545343718491932,0.061756562146363769
2,5,0.69999999999999996,-0.019398338910921145,0.062958984514367489
2,5,0.70999999999999996,-0.019234064311660484,0.064146536757923867
2,5,0.71999999999999997,-0.019052691638580362,0.065318699828213089
2,5,0.72999999999999998,-0.018854508658061205,0.066475038691963001
2,5,0.73999999999999999,-0.018639742994206791,0.067615059724831839
2,5,0.75,-0.018408775491632029,0.068738471838278442
2,5,0.76000000000000001,-0.018161989168576954,0.0698449703946106
2,5,0.77000000000000002,-0.017899741483924661,0.070934256356170497
2,5,0.78000000000000003,-0.01762242649289663,0.072006051907339108
2,5,0.79000000000000004,-0.01733052436108623,0.073060220938374304
2,5,0.80000000000000004,-0.017024458660344112,0.074096567286378034
2,5,0.81000000000000005,-0.016704755569880665,0.075115007164352973
2,5,0.81999999999999995,-0.016371840083340989,0.076115297171604687
2,5,0.82999999999999996,-0.016026294144613738,0.077097475083824113
2,5,0.83999999999999997,-0.015668689272410347,0.078061503940491189
2,5,0.84999999999999998,-0.01529955131239822,0.079007341238552492
2,5,0.85999999999999999,-0.014919523517427846,0.079935052628866549
2,5,0.87,-0.014529133379346557,0.080844634936987125
2,5,0.88,-0.014129058492600044,0.08173629048803259
2,5,0.89000000000000001,-0.013719847597501347,0.082609949730517052
2,5,0.90000000000000002,-0.013302167183347533,0.083465859446141683
2,5,0.91000000000000003,-0.012876643951859706,0.084304159775026491
2,5,0.92000000000000004,-0.012443844969712152,0.085124962047993441
2,5,0.93000000000000005,-0.012004510321279992,0.085928553770346416
2,5,0.93999999999999995,-0.011559200408425901,0.086715038124397403
2,5,0.94999999999999996,-0.011108612611042191,0.087484836239635932
2,5,0.95999999999999996,-0.010653335180381668,0.0882380766223404
2,5,0.96999999999999997,-0.010194046905189661,0.088975071756829227
2,5,0.97999999999999998,-0.0097313561464417563,0.089696147426591155
2,5,0.98999999999999999,-0.0092658574486935309,0.090401582769389491
2,5,1,-0.0087981898771392203,0.091091821801139145
2,6,0,-0.00052491812851056252,0.0013575401370619702
2,6,0.01,-0.00064570071177443228,0.0016257185075707913
2,6,0.02,-0.00078101860386571467,0.0019240692823770454
2,6,0.029999999999999999,-0.00093110895989914773,0.0022537839915901729
2,6,0.040000000000000001,-0.0010959857876351503,0.0026157312021249509
2,6,0.050000000000000003,-0.0012757478109764061,0.0030109911607941841
2,6,0.059999999999999998,-0.0014702027658748933,0.003440157049936689
2,6,0.070000000000000007,-0.001679178647361018,0.0039039151898764947
2,6,0.080000000000000002,-0.0019024962310394038,0.0044028914884510027
2,6,0.089999999999999997,-0.002139855109387045,0.004937442540103313
2,6,0.10000000000000001,-0.0023909628828825804,0.0055079830948739188
2,6,0.11,-0.0026553382554457463,0.006114440870983541
2,6,0.12,-0.0029327325370445273,0.0067572331661362676
2,6,0.13,-0.003222645962598269,0.0074360983693076161
2,6,0.14000000000000001,-0.0035246692036071535,0.0081508766672011464
2,6,0.14999999999999999,-0.0038382929924121716,0.0089011008917694676
2,6,0.16,-0.0041631072689043936,0.0096863944126823025
2,6,0.17000000000000001,-0.0044986333492658135,0.010506091719518934
2,6,0.17999999999999999,-0.0048444168895830459,0.011359420265577997
2,6,0.19,-0.0052000276615996018,0.01224561162907398
2,6,0.20000000000000001,-0.0055649782136157847,0.013163413073983955
2,6,0.20999999999999999,-0.0059388897615650213,0.014111832269943947
2,6,0.22,-0.0063213576036134428,0.01508945343670302
2,6,0.23000000000000001,-0.0067120385332460524,0.016095027968821125
2,6,0.23999999999999999,-0.0071105281373485228,0.017126889467065285
2,6,0.25,-0.00751651331760873,0.018183444262541794
2,6,0.26000000000000001,-0.0079297810132526857,0.019263039088029146
2,6,0.27000000000000002,-0.0083500680818897003,0.020363835686607736
2,6,0.28000000000000003,-0.0087771163661306256,0.021483880092372232
2,6,0.28999999999999998,-0.0092107408979467415,0.022621147757082322
2,6,0.29999999999999999,-0.0096509023731704436,0.023773818133063222
2,6,0.31,-0.010097462747696871,0.024939680649472541
2,6,0.32000000000000001,-0.010550328107430819,0.026116597113636883
2,6,0.33000000000000002,-0.011009467735510054,0.027302379383955151
2,6,0.34000000000000002,-0.011474985552173803,0.02849499833715587
2,6,0.34999999999999998,-0.01194688597700938,0.029692207803040202
2,6,0.35999999999999999,-0.012425217354571961,0.030891763945148462
2,6,0.37,-0.012910090759255777,0.032091511925040159
2,6,0.38,-0.013401730249233941,0.033289434115680888
2,6,0.39000000000000001,-0.013900236919578916,0.034483333838912972
2,6,0.40000000000000002,-0.014405760218087645,0.03567117467240169
2,6,0.40999999999999998,-0.014918517642722756,0.036850890252134769
2,6,0.41999999999999998,-0.015438769088474916,0.038020627367901266
2,6,0.42999999999999999,-0.015966682159708163,0.03917845585851075
2,6,0.44,-0.016502433122268619,0.040322647031871647
2,6,0.45000000000000001,-0.017046275430678551,0.041451478327636682
2,6,0.46000000000000002,-0.017598414786412126,0.042563363298146195
2,6,0.46999999999999997,-0.01815904134291732,0.04365682719291545
2,6,0.47999999999999998,-0.018728334084017369,0.044730302939948965
2,6,0.48999999999999999,-0.019306494530205626,0.045782674823679231
2,6,0.5,-0.019893630767143893,0.046812604623973048
2,6,0.51000000000000001,-0.020489873176433037,0.047819221067350273
2,6,0.52000000000000002,-0.021095311516427948,0.048801359047849602
2,6,0.53000000000000003,-0.021710050424268372,0.049758328331212562
2,6,0.54000000000000004,-0.022334099194231134,0.050689219762352966
2,6,0.55000000000000004,-0.022967451164863598,0.051593588508663316
2,6,0.56000000000000005,-0.023610089510823353,0.052470901264481458
2,6,0.56999999999999995,-0.024261954374983997,0.053320748970198506
2,6,0.57999999999999996,-0.024922891568930718,0.054142981585337577
2,6,0.58999999999999997,-0.025592796500386757,0.054937282806257696
2,6,0.59999999999999998,-0.026271523543179541,0.055703699770106821
2,6,0.60999999999999999,-0.02695882844606616,0.056442159396544657
2,6,0.62,-0.027654414543787649,0.057153083950102282
2,6,0.63,-0.028358041955684126,0.057836521088692847
2,6,0.64000000000000001,-0.029069448033757585,0.058492855209842501
2,6,0.65000000000000002,-0.029788228481182059,0.059122523733682791
2,6,0.66000000000000003,-0.030514018455600048,0.059726038668336839
2,6,0.67000000000000004,-0.031246446404048972,0.060303999127900527
2,6,0.68000000000000005,-0.031985141017539444,0.060856921550773727
2,6,0.68999999999999995,-0.032729600702733896,0.061385727269561562
2,6,0.69999999999999996,-0.033479403520529853,0.061891032754365707
2,6,0.70999999999999996,-0.034234118879666812,0.062373695701052764
2,6,0.71999999999999997,-0.034993296099598316,0.062834388827850723
2,6,0.72999999999999998,-0.035756410533343989,0.063274240964075731
2,6,0.73999999999999999,-0.036523001538175157,0.063694075165147843
2,6,0.75,-0.037292646902036007,0.064094738917052085
2,6,0.76000000000000001,-0.038064849937628181,0.064477179205980562
2,6,0.77000000000000002,-0.038839122901628373,0.064842403066784723
2,6,0.78000000000000003,-0.039615023173656075,0.065191358287920997
2,6,0.79000000000000004,-0.040392138229926301,0.06552487331884807
2,6,0.80000000000000004,-0.041170018824176542,0.065843954694546514
2,6,0.81000000000000005,-0.041948232456117916,0.066149512487935158
2,6,0.81999999999999995,-0.042726411515272511,0.066442421332875382
2,6,0.82999999999999996,-0.043504154097040462,0.066723515779849946
2,6,0.83999999999999997,-0.044281105866080493,0.066993646844862836
2,6,0.84999999999999998,-0.045056921492816308,0.067253638362039805
2,6,0.85999999999999999,-0.045831305721002219,0.067504170617070536
2,6,0.87,-0.046603945083696197,0.067746043167115397
2,6,0.88,-0.047374558297302582,0.067979921177999558
2,6,0.89000000000000001,-0.048142906402717012,0.068206398990037873
2,6,0.90000000000000002,-0.048908745144040366,0.068426050234509345
2,6,0.91000000000000003,-0.049671888266098183,0.068639477828627046
2,6,0.92000000000000004,-0.050432117358942846,0.068847202103523505
2,6,0.93000000000000005,-0.051189311027004053,0.069049537594064764
2,6,0.93999999999999995,-0.051943288411863117,0.069246967110371122
2,6,0.94999999999999996,-0.052693925616765544,0.069439882831985794
2,6,0.95999999999999996,-0.053441121441951477,0.069628589771489863
2,6,0.96999999999999997,-0.054184784002159432,0.069813240809260171
2,6,0.97999999999999998,-0.054924845552537738,0.0699941423176524
2,6,0.98999999999999999,-0.055661214885050339,0.070171569075408349
2,6,1,-0.056393888163214667,0.070345587011261465
2,7,0,-0.00076484836045673243,0.0012745859381331215
2,7,0.01,-0.00094003049129357029,0.0014753029866200161
2,7,0.02,-0.0011417441053377204,0.0016915211432383811
2,7,0.029999999999999999,-0.001371942882220864,0.0019234014392105155
2,7,0.040000000000000001,-0.0016322174723625547,0.0021709069569051309
2,7,0.050000000000000003,-0.0019239646648994628,0.0024340167271381299
2,7,0.059999999999999998,-0.0022485236459248103,0.0027126388752470539
2,7,0.070000000000000007,-0.0026071095220552556,0.0030066556239175843
2,7,0.080000000000000002,-0.0030008281239963211,0.0033158911701716052
2,7,0.089999999999999997,-0.003430374242872747,0.0036400197064602839
2,7,0.10000000000000001,-0.003896687162145042,0.0039787766390423328
2,7,0.11,-0.0044002788526412645,0.0043317371315498877
2,7,0.12,-0.0049414520184653966,0.0046983894862760219
2,7,0.13,-0.0055206732233561481,0.0050782531079415685
2,7,0.14000000000000001,-0.0061379396590843707,0.0054706672852574811
2,7,0.14999999999999999,-0.0067931203552627842,0.0058749353450124574
2,7,0.16,-0.0074861469539682091,0.0062903204490595607
2,7,0.17000000000000001,-0.0082165033679786406,0.0067159897146291834
2,7,0.17999999999999999,-0.0089838516031386199,0.0071510701414286889
2,7,0.19,-0.0097871972309960479,0.0075945817139955289
2,7,0.20000000000000001,-0.010626236220103934,0.0080456236422546314
2,7,0.20999999999999999,-0.011499523287862296,0.0085030747762393135
2,7,0.22,-0.012406258121476152,0.0089658933054096203
2,7,0.23000000000000001,-0.013345268115498386,0.0094330116395987904
2,7,0.23999999999999999,-0.014315111404915228,0.00990324147467634
2,7,0.25,-0.015314503834484985,0.010375468732433545
2,7,0.26000000000000001,-0.016341962729110291,0.010848538163746022
2,7,0.27000000000000002,-0.017395943854614425,0.011321264972723195
2,7,0.28000000000000003,-0.018474672932877752,0.011792481307609194
2,7,0.28999999999999998,-0.019576681427711705,0.012261031362924059
2,7,0.29999999999999999,-0.020700109859512074,0.012725782338084961
2,7,0.31,-0.021843138442019714,0.013185543917586261
2,7,0.32000000000000001,-0.023004189060000822,0.013639290388235002
2,7,0.33000000000000002,-0.024181283008770343,0.014085838948956191
2,7,0.34000000000000002,-0.025372672888958055,0.014524231554378814
2,7,0.34999999999999998,-0.026576612932841904,0.01495334285370847
2,7,0.35999999999999999,-0.027791290735519336,0.015372300172629687
2,7,0.37,-0.029014989515930581,0.015780052965396051
2,7,0.38,-0.030245984969140188,0.016175805964361387
2,7,0.39000000000000001,-0.031482710548669593,0.016558597709997354
2,7,0.40000000000000002,-0.032723464246592684,0.016927712899454141
2,7,0.40999999999999998,-0.033966773897344239,0.017282328572286329
2,7,0.41999999999999998,-0.035211187369576388,0.017621741267404054
2,7,0.42999999999999999,-0.036455256437825601,0.017945322698484593
2,7,0.44,-0.037697718749535425,0.018252388568297015
2,7,0.45000000000000001,-0.038937328166239807,0.018542437702029391
2,7,0.46000000000000002,-0.040172912606182776,0.018814880876322444
2,7,0.46999999999999997,-0.04140343979552976,0.019069344751877444
2,7,0.47999999999999998,-0.04262788800106164,0.019305279494268579
2,7,0.48999999999999999,-0.043845429239344556,0.019522421982909814
2,7,0.5,-0.045055168914348243,0.019720407574109949
2,7,0.51000000000000001,-0.0462564804848445,0.019898889552031774
2,7,0.52000000000000002,-0.047448632041194677,0.020057698565108563
2,7,0.53000000000000003,-0.048631159908419361,0.020196671219395404
2,7,0.54000000000000004,-0.049803487391114801,0.020315540584784741
2,7,0.55000000000000004,-0.050965295034410364,0.020414333854640587
2,7,0.56000000000000005,-0.052116187156946714,0.020492899400454505
2,7,0.56999999999999995,-0.053255931747194313,0.020551265767721726
2,7,0.57999999999999996,-0.054384279679763399,0.020589379644036659
2,7,0.58999999999999997,-0.055501140639135214,0.020607420217737312
2,7,0.59999999999999998,-0.056606371595598212,0.020605389245782302
2,7,0.60999999999999999,-0.057699919447388177,0.020583437087578618
2,7,0.62,-0.058781856262012086,0.020541852801023785
2,7,0.63,-0.059852098411867991,0.020480683236535704
2,7,0.64000000000000001,-0.060910816506794294,0.020400320935025487
2,7,0.65000000000000002,-0.061958047642665277,0.020301002617555425
2,7,0.66000000000000003,-0.06299397556725024,0.020183099400709437
2,7,0.67000000000000004,-0.064018662991165334,0.020046914472045325
2,7,0.68000000000000005,-0.065032356206565403,0.019892900366016757
2,7,0.68999999999999995,-0.066035216885744749,0.019721543309204923
2,7,0.69999999999999996,-0.067027359901885575,0.019533151591379819
2,7,0.70999999999999996,-0.068009083714887078,0.019328422572649238
2,7,0.71999999999999997,-0.068980566954287045,0.019107815497617552
2,7,0.72999999999999998,-0.069941938513483848,0.018871828118399384
2,7,0.73999999999999999,-0.070893516171611201,0.018621180928100098
2,7,0.75,-0.071835445469929177,0.018356424907429697
2,7,0.76000000000000001,-0.072767907485187633,0.018078183088010156
2,7,0.77000000000000002,-0.073691127115525168,0.017787144751289868
2,7,0.78000000000000003,-0.074605338098918547,0.017484071602794398
2,7,0.79000000000000004,-0.075510643905066607,0.017169537475466727
2,7,0.80000000000000004,-0.07640726284641669,0.016844351153414216
2,7,0.81000000000000005,-0.077295440814953681,0.016509288473104174
2,7,0.81999999999999995,-0.078175185961309429,0.01616496393526274
2,7,0.82999999999999996,-0.079046803382601116,0.015812235714536341
2,7,0.83999999999999997,-0.079910380502968684,0.015451878698065333
2,7,0.84999999999999998,-0.080766076109237986,0.015084571872289036
2,7,0.85999999999999999,-0.081614015582512162,0.014711164171649221
2,7,0.87,-0.082454372645449914,0.014332365063647223
2,7,0.88,-0.083287248779305531,0.013948990485523872
2,7,0.89000000000000001,-0.084112744334578493,0.013561687239207665
2,7,0.90000000000000002,-0.084931042765007569,0.013171324457065214
2,7,0.91000000000000003,-0.085742223654606209,0.012778549515934974
2,7,0.92000000000000004,-0.086546381381265386,0.0123840770852062
2,7,0.93000000000000005,-0.087343687520465119,0.011988664063423062
2,7,0.93999999999999995,-0.088134209928102433,0.011592922492247665
2,7,0.94999999999999996,-0.088918050562028894,0.011197549591875409
2,7,0.95999999999999996,-0.089695351828693148,0.010803154908787044
2,7,0.96999999999999997,-0.090466207603073889,0.010410403345668716
2,7,0.97999999999999998,-0.091230703310254763,0.010019799051583138
2,7,0.98999999999999999,-0.091988956601232449,0.0096319876195984904
2,7,1,-0.092741133217764976,0.0092474611607150023
2,8,0,-0.00029549015158511494,-0.0013092262748886918
2,8,0.01,-0.00037793290852859718,-0.0015569196732516518
2,8,0.02,-0.00047346041725863453,-0.001830229115760255
2,8,0.029999999999999999,-0.00058301086170156656,-0.0021297703836891794
2,8,0.040000000000000001,-0.00070733292518160512,-0.0024557976210924431
2,8,0.050000000000000003,-0.00084736260335626572,-0.0028087921741846529
2,8,0.059999999999999998,-0.0010036268455223647,-0.003188582796846611
2,8,0.070000000000000007,-0.0011768213027138149,-0.0035952128867602576
2,8,0.080000000000000002,-0.0013675906303107143,-0.0040286434265768287
2,8,0.089999999999999997,-0.0015765163879291335,-0.0044886976469293988
2,8,0.10000000000000001,-0.0018039984156301163,-0.0049749793895113217
2,8,0.11,-0.0020505904822501302,-0.0054872781294946858
2,8,0.12,-0.0023166424819341352,-0.00602509429751261
2,8,0.13,-0.0026024702170961197,-0.0065879118151880162
2,8,0.14000000000000001,-0.0029082974208797133,-0.0071751153943460308
2,8,0.14999999999999999,-0.0032344446936224736,-0.007786215972193501
2,8,0.16,-0.003581048211179336,-0.0084205234248908804
2,8,0.17000000000000001,-0.003948103569200204,-0.0090772141446115034
2,8,0.17999999999999999,-0.0043357349611994785,-0.0097556177189044666
2,8,0.19,-0.0047437867568165312,-0.010454818226834516
2,8,0.20000000000000001,-0.0051724071475426348,-0.011174255546291024
2,8,0.20999999999999999,-0.005621241875775426,-0.011912851831429511
2,8,0.22,-0.0060902137303373311,-0.012669847707805189
2,8,0.23000000000000001,-0.0065788655730182419,-0.013444193483803742
2,8,0.23999999999999999,-0.0070871494397512259,-0.014235252433271089
2,8,0.25,-0.0076145893263479675,-0.015041978436406053
2,8,0.26000000000000001,-0.0081607921334557274,-0.01586349871726735
2,8,0.27000000000000002,-0.0087251278675047339,-0.016698769977716528
2,8,0.28000000000000003,-0.0093073585924346152,-0.017547106258142195
2,8,0.28999999999999998,-0.0099067547458976876,-0.018407434497517489
2,8,0.29999999999999999,-0.010522807957522026,-0.019278941541559676
2,8,0.31,-0.011154760905067168,-0.020160643092310214
2,8,0.32000000000000001,-0.011802143884495485,-0.021051777406858325
2,8,0.33000000000000002,-0.012464055638222227,-0.021951348194950468
2,8,0.34000000000000002,-0.013139880816063709,-0.022858577474542799
2,8,0.34999999999999998,-0.013828845199894319,-0.023772592460487178
2,8,0.35999999999999999,-0.014530183759266162,-0.024692577757572186
2,8,0.37,-0.015243016285060525,-0.025617680126892223
2,8,0.38,-0.015966545366545255,-0.026547116325345392
2,8,0.39000000000000001,-0.016700044775291113,-0.027480129858777687
2,8,0.40000000000000002,-0.017442571221927008,-0.028415931078317434
2,8,0.40999999999999998,-0.018193272365786724,-0.029353780289369892
2,8,0.41999999999999998,-0.018951278318890569,-0.030292924383784073
2,8,0.42999999999999999,-0.019715781250204276,-0.031232679300002453
2,8,0.44,-0.020485906387613419,-0.03217233886608404
2,8,0.45000000000000001,-0.021260793697473249,-0.03311124790673646
2,8,0.46000000000000002,-0.022039546133617589,-0.034048704509168914
2,8,0.46999999999999997,-0.022821385375412291,-0.034984105573978269
2,8,0.47999999999999998,-0.023605449828856505,-0.035916815742781286
2,8,0.48999999999999999,-0.024390962521152377,-0.036846239705146257
2,8,0.5,-0.025177072368837441,-0.037771786866762927
2,8,0.51000000000000001,-0.025963045533591616,-0.038692882593135955
2,8,0.52000000000000002,-0.026748092403397868,-0.039608991185647965
2,8,0.53000000000000003,-0.027531501991571866,-0.040519571252005532
2,8,0.54000000000000004,-0.028312572514875456,-0.041424126124097252
2,8,0.55000000000000004,-0.029090611906394649,-0.042322129079389266
2,8,0.56000000000000005,-0.029864939138234854,-0.04321311601398152
2,8,0.56999999999999995,-0.030634970935326661,-0.044096663282182341
2,8,0.57999999999999996,-0.031400131411611451,-0.044972297348913698
2,8,0.58999999999999997,-0.032159810884222984,-0.045839557106169028
2,8,0.59999999999999998,-0.03291349823437846,-0.046698090414335022
2,8,0.60999999999999999,-0.03366074069875611,-0.047547543839929658
2,8,0.62,-0.034401072400337483,-0.048387512798076182
2,8,0.63,-0.035133996902497536,-0.049217557017072963
2,8,0.64000000000000001,-0.035859215552031837,-0.050037477123384057
2,8,0.65000000000000002,-0.036576392091732933,-0.050846973652087638
2,8,0.66000000000000003,-0.037285143433862175,-0.051645661522582403
2,8,0.67000000000000004,-0.037985212226069195,-0.052433289154053382
2,8,0.68000000000000005,-0.038676387043641722,-0.05320964621861192
2,8,0.68999999999999995,-0.039358497911412549,-0.05397455031323159
2,8,0.69999999999999996,-0.040031235582532042,-0.054727623325671632
2,8,0.70999999999999996,-0.040694603783267509,-0.055468830697484178
2,8,0.71999999999999997,-0.041348446048605464,-0.056197957368987236
2,8,0.72999999999999998,-0.041992716154513436,-0.056914876476103216
2,8,0.73999999999999999,-0.042627278744798131,-0.05761933135891438
2,8,0.75,-0.043252276069735029,-0.058311403099728737
2,8,0.76000000000000001,-0.04386763516661054,-0.058990915704587255
2,8,0.77000000000000002,-0.044473425671890415,-0.059657802071122229
2,8,0.78000000000000003,-0.045069659806320474,-0.060311936373010244
2,8,0.79000000000000004,-0.04565656882434458,-0.060953469297091271
2,8,0.80000000000000004,-0.046234172460287735,-0.061582269407436545
2,8,0.81000000000000005,-0.046802685664323981,-0.062198424147337297
2,8,0.81999999999999995,-0.047362170854635954,-0.062801849043151059
2,8,0.82999999999999996,-0.047912923559036258,-0.06339273729035548
2,8,0.83999999999999997,-0.048455089610011437,-0.063971075107596836
2,8,0.84999999999999998,-0.048988925744605186,-0.06453701519369974
2,8,0.85999999999999999,-0.049514615834011233,-0.065090611606693591
2,8,0.87,-0.050032413823289851,-0.065631984933506929
2,8,0.88,-0.050542610722479439,-0.066161332820432142
2,8,0.89000000000000001,-0.051045447910971958,-0.066678792901184128
2,8,0.90000000000000002,-0.051541202970073717,-0.067184531702872669
2,8,0.91000000000000003,-0.052030138326974833,-0.067678708359439066
2,8,0.92000000000000004,-0.052512567054478682,-0.068161603826949663
2,8,0.93000000000000005,-0.052988734052370236,-0.068633370024134499
2,8,0.93999999999999995,-0.053458976674340658,-0.069094245025730888
2,8,0.94999999999999996,-0.053923560322268929,-0.069544475865397359
2,8,0.95999999999999996,-0.054382784142012794,-0.069984370862350431
2,8,0.96999999999999997,-0.054836874102563722,-0.07041405795716707
2,8,0.97999999999999998,-0.055286205541044513,-0.070833922058211082
2,8,0.98999999999999999,-0.055731000641050341,-0.071244178943976333
2,8,1,-0.056171589217156551,-0.071645215142856086
