network,direction,gridIndex,alphaIndex,betaIndex,alpha,betaNormalized,beta,rho,rank,normalizedVarianceRatio,rawVarianceRatio,minimumRate,endpointRateMax,endpointStateMax,endpointInputMax,analytical,rhoMargin,rateRealizable,modulationOK,endpointBoundsOK,tested,physical,finitePhenotype,feasible,settle,rateMax,stateMax,corticalMax,sustainedMax,feedbackMax,cbMax,totalMax,prIntact,prBlock,analyticPRBlock,analyticAI,kIntact,kBlock,commonK,intactCapture,blockCapture,blockGap,observed,expected,nullSE,nullHalfDifference,alignmentMargin,equilibriumResidual,localMaxReal,localEulerRadius,reason
1,1,1,1,1,0.1,0.1,0.348880539591662,12.1717630905769,7,0.02,0.0173153826844084,0.562864113565732,1.37348431662798,14.3047974538321,149.959161908888,0,-23.9232007281845,1,0,1,0,0,0,0,NaN,NaN,NaN,NaN,NaN,NaN,NaN,NaN,3.35113155897186,NaN,5.50222905344635,0.598429793474371,6,NaN,NaN,NaN,NaN,NaN,NaN,NaN,NaN,NaN,NaN,0,NaN,NaN,modulation_envelope;
1,1,2,1,2,0.1,0.25,0.872201348979155,76.0735193161058,7,0.0725,0.0565965856785891,0.555799596733111,1.45445371379816,14.3836767019467,149.959161908888,1,39.9785554973444,1,0,1,0,0,0,0,NaN,NaN,NaN,NaN,NaN,NaN,NaN,NaN,3.35113155897186,NaN,6.85793596679673,0.231486330524801,6,NaN,NaN,NaN,NaN,NaN,NaN,NaN,NaN,NaN,NaN,0,NaN,NaN,modulation_envelope;
1,1,3,1,3,0.1,0.5,1.74440269795831,304.294077264423,7,0.26,0.197553601249072,0.507964599460282,1.60363681028056,14.5352910626171,149.959161908888,1,268.199113445662,1,0,1,0,0,0,0,NaN,NaN,NaN,NaN,NaN,NaN,NaN,NaN,3.35113155897186,NaN,6.98874309223626,0.0749695937979566,6,NaN,NaN,NaN,NaN,NaN,NaN,NaN,NaN,NaN,NaN,0,NaN,NaN,modulation_envelope;
1,1,4,1,4,0.1,0.75,2.61660404693747,684.661673844952,7,0.5725,0.432871046711447,0.453995659072785,1.75281990676296,14.7114055394827,160.793058496321,1,648.566710026191,1,1,1,1,1,1,1,1.05128239519623e-14,1.75281990676296,14.7114055394827,149.527519177142,150.435689821093,10.404279132953,160.793058496321,149.959161908888,3.35113155897186,6.99767528599753,6.99767528599753,0.035324985456392,6,7,7,1,1,6.07774528830683,0.035324985456392,0.566022633204814,0.00073780541457997,0.00149683975869186,0.498763786403895,0,-285.822653403892,0.94283617800979,certified_feasible
1,1,5,1,5,0.1,1,3.48880539591662,1217.17630905769,7,1.01,0.762548922065717,0.399723094468718,1.90200300324536,14.9111520508141,177.761076427059,1,1181.08134523893,1,1,1,1,1,1,1,7.9839533827467e-15,1.90200300324536,14.9111520508141,165.602511049626,166.353213725601,11.4646376549295,177.761076427059,149.959161908888,3.35113155897186,6.99925290528152,6.99925290528152,0.0203018540275032,6,7,7,1,1,10.7908058528334,0.0203018540275032,0.566022633204814,0.00073780541457997,0.00149683975869186,0.513786917832783,0,-285.822653403892,0.94283617800979,certified_feasible
1,1,6,1,6,0.1,1.25,4.36100674489578,1901.83798290264,7,1.5725,1.18658722731188,0.33830328820631,2.05118609972776,15.1335948763382,197.284898701594,1,1865.74301908388,1,1,1,1,1,1,1,6.34836011747878e-15,2.05118609972776,15.1335948763382,184.052024237687,184.664912604155,12.6869121557049,197.284898701594,149.959161908888,3.35113155897186,6.99969177750182,6.99969177750181,0.0131256095926308,6,7,7,1,1,16.8504551500818,0.0131256095926308,0.566022633204814,0.00073780541457997,0.00149683975869186,0.520963162267656,0,-285.822653403892,0.94283617800979,certified_feasible
1,1,7,2,1,0.2,0.1,0.348880539591662,3.04294077264423,7,0.05,0.0470819309774654,0.530527540138995,1.40999600404196,14.3220623260818,149.959161908888,0,-33.0520230461172,1,0,1,0,0,0,0,NaN,NaN,NaN,NaN,NaN,NaN,NaN,NaN,3.35113155897186,NaN,4.12526212468351,0.829479033777519,6,NaN,NaN,NaN,NaN,NaN,NaN,NaN,NaN,NaN,NaN,0,NaN,NaN,modulation_envelope;
1,1,8,2,2,0.2,0.25,0.872201348979155,19.0183798290264,7,0.1025,0.0860129564112314,0.527895055695706,1.47911384002292,14.4005737953644,149.959161908888,0,-17.076583989735,1,0,1,0,0,0,0,NaN,NaN,NaN,NaN,NaN,NaN,NaN,NaN,3.35113155897186,NaN,6.00435338011818,0.505247124793935,6,NaN,NaN,NaN,NaN,NaN,NaN,NaN,NaN,NaN,NaN,0,NaN,NaN,modulation_envelope;
1,1,9,2,3,0.2,0.5,1.74440269795831,76.0735193161058,7,0.29,0.226386342714356,0.488400516941968,1.62303633215538,14.5515614831862,149.959161908888,1,39.9785554973444,1,0,1,0,0,0,0,NaN,NaN,NaN,NaN,NaN,NaN,NaN,NaN,3.35113155897186,NaN,6.85793596679673,0.231486330524801,6,NaN,NaN,NaN,NaN,NaN,NaN,NaN,NaN,NaN,NaN,0,NaN,NaN,modulation_envelope;
1,1,10,2,4,0.2,0.75,2.61660404693747,171.165418461238,7,0.6025,0.461120158909374,0.440565519669139,1.77221942863778,14.7270361385246,149.959161908888,1,135.070454642477,1,1,1,1,1,1,1,1.01351032309332e-14,1.77221942863778,14.7270361385246,138.186609555661,138.97598392057,9.74988680016499,148.530826394611,149.959161908888,3.35113155897186,6.96656576819671,6.96656576819671,0.123604679423314,6,7,7,1,1,6.13203326148211,0.123604679423314,0.566022633204814,0.00073780541457997,0.00149683975869186,0.410484092436972,0,-285.822653403892,0.94283617800979,certified_feasible
1,1,11,2,5,0.2,1,3.48880539591662,304.294077264423,7,1.04,0.790214404996286,0.39273052239631,1.92140252512018,14.9261341651188,166.67802086015,1,268.199113445662,1,1,1,1,1,1,1,7.90597799243829e-15,1.92140252512018,14.9261341651188,155.370208945844,155.998298530122,10.7346050363802,166.67802086015,149.959161908888,3.35113155897186,6.98874309223627,6.98874309223626,0.0749695937979566,6,7,7,1,1,10.8450938260087,0.0749695937979567,0.566022633204814,0.00073780541457997,0.00149683975869186,0.45911917806233,0,-285.822653403892,0.94283617800979,certified_feasible
1,1,12,2,6,0.2,1.25,4.36100674489578,475.459495725661,7,1.6025,1.21366908097509,0.339377245257574,2.07058562160258,15.1479241042492,187.29510729737,1,439.3645319069,1,1,1,1,1,1,1,6.3426487951817e-15,2.07058562160258,15.1479241042492,174.841379200232,175.333560584599,12.0266481458036,187.29510729737,149.959161908888,3.35113155897186,6.99525436704638,6.99525436704638,0.0498083202908147,6,7,7,1,1,16.9047431232571,0.0498083202908146,0.566022633204814,0.00073780541457997,0.00149683975869186,0.484280451569472,0,-285.822653403892,0.94283617800979,certified_feasible
1,1,13,3,1,0.35,0.1,0.348880539591662,0.993613313516484,7,0.1325,0.129231753417051,0.48202267999889,1.472629479356,14.3565024394364,149.959161908888,0,-35.1013505052449,1,0,1,0,0,0,0,NaN,NaN,NaN,NaN,NaN,NaN,NaN,NaN,3.35113155897186,NaN,3.62563833505598,0.930327927070692,6,NaN,NaN,NaN,NaN,NaN,NaN,NaN,NaN,NaN,NaN,0,NaN,NaN,modulation_envelope;
1,1,14,3,2,0.35,0.25,0.872201348979155,6.21008320947803,7,0.185,0.167637512510195,0.479390195555601,1.54167889982565,14.4344177331825,149.959161908888,0,-29.8848806092834,1,0,1,0,0,0,0,NaN,NaN,NaN,NaN,NaN,NaN,NaN,NaN,3.35113155897186,NaN,4.73800738941433,0.724651992447233,6,NaN,NaN,NaN,NaN,NaN,NaN,NaN,NaN,NaN,NaN,0,NaN,NaN,modulation_envelope;
1,1,15,3,3,0.35,0.5,1.74440269795831,24.8403328379121,7,0.3725,0.307135454912283,0.450340162289908,1.65687529312724,14.5843806515988,149.959161908888,0,-11.2546309808493,1,1,1,1,1,1,0,1.32582532910146e-14,1.65687529312851,14.5843806515988,106.203680233641,106.961560242179,9.74988680016499,115.447354767389,149.959161908888,3.35113155897186,6.26254243899451,6.26254243899451,0.448312115824472,6,7,7,1,1,2.91485335590947,0.448312115824473,0.566022633204814,0.00073780541457997,0.00149683975869186,0.085776656035814,0,-285.822653403892,0.94283617800979,outside_sufficient_bound;
1,1,16,3,4,0.35,0.75,2.61660404693747,55.8907488853022,7,0.685,0.540993827206265,0.405253464447616,1.80131871145001,14.7587986824369,149.959161908888,1,19.7957850665408,1,1,1,1,1,1,1,9.47082344110946e-15,1.80131871145001,14.7587986824369,122.091426055442,122.656643769261,9.74988680016499,131.066162861683,149.959161908888,3.35113155897186,6.76444625543358,6.76444625543358,0.284944470731397,6,7,7,1,1,6.28132518771413,0.284944470731397,0.566022633204814,0.00073780541457997,0.00149683975869186,0.24914430112889,0,-285.822653403892,0.94283617800979,certified_feasible
1,1,17,3,5,0.35,1,3.48880539591662,99.3613313516484,7,1.1225,0.86921262939214,0.360166766605323,1.95050180793242,14.9568163046125,151.201325098453,1,63.266367532887,1,1,1,1,1,1,1,7.51268754178878e-15,1.95050180793241,14.9568163046125,141.133462448531,141.540709470509,9.74988680016499,151.201325098453,149.959161908888,3.35113155897186,6.910387497287,6.910387497287,0.190554024722799,6,7,7,1,1,10.9943857522407,0.190554024722799,0.566022633204814,0.00073780541457997,0.00149683975869186,0.343534747137488,0,-285.822653403892,0.94283617800979,certified_feasible
1,1,18,3,6,0.35,1.25,4.36100674489578,155.252080236951,7,1.685,1.29179186146991,0.311116375743001,2.09968490441482,15.1775098502488,173.56002049992,1,119.157116418189,1,1,1,1,1,1,1,6.235881387461e-15,2.09968490441481,15.1775098502488,162.222795606992,162.505802663991,11.1166076922292,173.56002049992,149.959161908888,3.35113155897186,6.95994608517866,6.95994608517866,0.134018166741826,6,7,7,1,1,17.0540350494891,0.134018166741826,0.566022633204814,0.00073780541457997,0.00149683975869186,0.400070605118461,0,-285.822653403892,0.94283617800979,certified_feasible
1,1,19,4,1,0.5,0.1,0.348880539591662,0.486870523623077,7,0.26,0.256381575856636,0.378876156513057,1.64088895453325,14.4011269212497,149.959161908888,0,-35.6080932951383,1,1,1,1,1,0,0,1.82348859268982e-14,1.64088895453325,14.4011461536078,71.396378140065,72.2197739662156,9.74988680016499,81.759931378352,149.959161908888,3.35113155897186,3.48831422685715,3.48831422685716,0.963230207773489,6,6,6,0.976002866382317,0.971431327565416,0.313215793740396,0.96705489836746,0.519280670247775,0.000821484551341494,0.00108894120186942,-0.479708089464212,0,-285.822653403892,0.94283617800979,finite_geometry;outside_sufficient_bound;
1,1,20,4,2,0.5,0.25,0.872201348979155,3.04294077264423,7,0.3125,0.294262068609158,0.380410626136566,1.64075364311103,14.4783944635901,149.959161908888,0,-33.0520230461172,1,1,1,1,1,0,0,1.59206568533431e-14,1.64075364311103,14.4783944635901,75.884266613076,76.5685589634949,9.74988680016499,85.6750126325372,149.959161908888,3.35113155897186,4.1252621246835,4.12526212468351,0.829479033777519,6,6,6,0.976002866382317,0.952230864534426,0.313215793740396,0.839992350442611,0.519280670247775,0.000821484551341494,0.00108894120186942,-0.352645541539363,0,-285.822653403892,0.94283617800979,finite_geometry;outside_sufficient_bound;
1,1,21,4,3,0.5,0.5,1.74440269795831,12.1717630905769,7,0.5,0.43288456711021,0.348164411311716,1.71944035292998,14.6272341086599,149.959161908888,0,-23.9232007281845,1,1,1,1,1,0,0,1.1898333767002e-14,1.71944035293046,14.6272341086599,89.2650457580222,89.7181863767861,9.74988680016499,97.6777257219291,149.959161908888,3.35113155897186,5.50222905344634,5.50222905344635,0.598429793474371,6,7,7,1,1,3.14557724190442,0.598429793474372,0.566022633204814,0.00073780541457997,0.00149683975869186,-0.0643410216140849,0,-285.822653403892,0.94283617800979,finite_geometry;outside_sufficient_bound;
1,1,22,4,4,0.5,0.75,2.61660404693747,27.3864669537981,7,0.8125,0.665867495503156,0.303077713469423,1.83463674623156,14.8004825920988,149.959161908888,0,-8.70849686496333,1,1,1,1,1,1,0,9.03323692520345e-15,1.83463674623211,14.8004825920988,107.532870111128,107.801692923213,9.74988680016499,115.165091828085,149.959161908888,3.35113155897186,6.34583298306634,6.34583298306635,0.42760907615683,6,7,7,1,1,6.51204907370909,0.427609076156831,0.566022633204814,0.00073780541457997,0.00149683975869186,0.106479695703456,0,-285.822653403892,0.94283617800979,outside_sufficient_bound;
1,1,23,4,5,0.5,1,3.48880539591662,48.6870523623077,7,1.25,0.993210853787994,0.257991015627131,1.97960109074465,14.9972940263152,149.959161908888,1,12.5920885435463,1,1,1,1,1,1,1,7.20827791062683e-15,1.97960109074465,14.9972940263152,128.622047876206,128.756748610934,9.74988680016499,137.513054841986,149.959161908888,3.35113155897186,6.70784731149546,6.70784731149546,0.310782041019342,6,7,7,1,1,11.2251096382356,0.310782041019342,0.566022633204814,0.00073780541457997,0.00149683975869186,0.223306730840944,0,-285.822653403892,0.94283617800979,certified_feasible
1,1,24,4,6,0.5,1.25,4.36100674489578,76.0735193161058,7,1.8125,1.41491464196473,0.212904317784838,2.12878418722705,15.2167541587466,161.954632440405,1,39.9785554973444,1,1,1,1,1,1,1,5.97725150005146e-15,2.12878418722704,15.2167541587466,151.357812916212,151.706203887055,10.3288515318098,161.954632440405,151.185429459626,3.35113155897186,6.85793596679673,6.85793596679673,0.2314863305248,6,7,7,1,1,17.2847589354841,0.231486330524801,0.566022633204814,0.00073780541457997,0.00149683975869186,0.302602441335486,0,-285.822653403892,0.94283617800979,certified_feasible
1,1,25,5,1,0.75,0.1,0.348880539591662,0.216386899388034,7,0.5725,0.568297946589279,0.190989616904433,1.921321413162,14.4978678500747,149.959161908888,0,-35.8785769193734,1,1,1,1,1,0,0,1.24960287588409e-14,1.921321413162,14.4978678500747,104.533293708933,39.1052909659101,9.74988680016499,48.3597185578502,149.959161908888,3.35113155897186,3.41273538131844,3.41273538131845,0.982907888283612,6,6,6,0.976002866382317,0.97392670901569,0.704735535915896,0.984840733813945,0.519280670247775,0.000821484551341494,0.00108894120186942,-0.497493924910697,0,-285.822653403892,0.94283617800979,finite_geometry;outside_sufficient_bound;
1,1,26,5,2,0.75,0.25,0.872201348979155,1.35241812117521,7,0.625,0.605302995440765,0.195644232848148,1.92118610173978,14.5739476316854,149.959161908888,0,-34.7425456975862,1,1,1,1,1,0,0,1.19009004928286e-14,1.92118610173978,14.5739476316854,106.937440731507,46.306018945882,9.74988680016499,54.4257193674098,149.959161908888,3.35113155897186,3.71951498155853,3.71951498155853,0.909487874591457,6,6,6,0.976002866382317,0.964116865458372,0.704735535915901,0.91705102274566,0.519280670247775,0.000821484551341494,0.00108894120186942,-0.429704213842412,0,-285.822653403892,0.94283617800979,finite_geometry;outside_sufficient_bound;
1,1,27,5,3,0.75,0.5,1.74440269795831,5.40967248470086,7,0.812500000000001,0.742466420773422,0.177871493014729,1.92096058270273,14.7207076556523,149.959161908888,0,-30.6852913340606,1,1,1,1,1,0,0,1.00046611287984e-14,1.92096058270274,14.7207076556523,115.720159952581,65.4024568911459,9.74988680016499,71.4808678813522,149.959161908888,3.35113155897186,4.59959459220384,4.59959459220385,0.747468551006463,6,7,7,1,1,3.7110769624803,0.747468551006464,0.566022633204814,0.00073780541457997,0.00149683975869186,-0.213379779146177,0,-285.822653403892,0.94283617800979,finite_geometry;outside_sufficient_bound;
1,1,28,5,4,0.75,0.75,2.61660404693747,12.1717630905769,7,1.125,0.973990275997973,0.132784795172437,1.93891184590279,14.8917679963966,149.959161908888,0,-23.9232007281845,1,1,1,1,1,0,0,8.0538843270027e-15,1.93891184590298,14.8917679963966,129.351992230791,88.2947259441781,9.74988680016499,94.2757066429844,149.959161908888,3.35113155897186,5.50222905344634,5.50222905344635,0.598429793474372,6,7,7,1,1,7.07754879428497,0.598429793474372,0.566022633204814,0.00073780541457997,0.00149683975869186,-0.0643410216140852,0,-285.822653403892,0.94283617800979,finite_geometry;outside_sufficient_bound;
1,1,29,5,5,0.75,1,3.48880539591662,21.6386899388034,7,1.5625,1.29987456111442,0.0876980973301443,2.05410823920438,15.0863020683359,149.959161908888,0,-14.456273879958,1,1,1,1,1,1,0,6.60373577209068e-15,2.05410823920462,15.0863020683359,147.186863426574,113.681977802298,9.74988680016499,121.340298926944,149.959161908888,3.35113155897186,6.13435358593735,6.13435358593736,0.477727349727258,6,7,7,1,1,11.7906093588115,0.477727349727259,0.566022633204814,0.00073780541457997,0.00149683975869186,0.056361422133028,0,-285.822653403892,0.94283617800979,outside_sufficient_bound;
1,1,30,5,6,0.75,1.25,4.36100674489578,33.8104530293804,7,2.125,1.72011927612276,0.0426113994878516,2.1772829919141,15.3034147169481,167.841325785759,0,-2.28451078938105,1,0,1,0,0,0,0,NaN,NaN,NaN,NaN,NaN,NaN,NaN,NaN,3.35113155897186,NaN,6.50379540336052,0.383516451432802,6,NaN,NaN,NaN,NaN,NaN,NaN,NaN,NaN,NaN,NaN,0,NaN,NaN,modulation_envelope;
1,1,31,6,1,1,0.1,0.348880539591662,0.121717630905769,7,1.01,1.00521431732192,0.00310307729580916,2.20175387179075,14.6220724413711,149.959161908888,0,-35.9732461878556,1,1,1,1,1,0,0,9.39088108581579e-15,2.20175387179075,14.6220724413711,138.235748885977,13.9059573963977,9.74988680016499,18.5273370666392,149.959161908888,3.35113155897186,3.3859082826719,3.3859082826719,0.990222904580547,6,6,6,0.976002866382317,0.97482603460767,1.2528631749616,0.991363970177921,0.519280670247775,0.000821484551341494,0.00108894120186942,-0.504017161274673,0,-285.822653403892,0.94283617800979,finite_geometry;outside_sufficient_bound;
1,1,32,6,2,1,0.25,0.872201348979155,0.760735193161058,7,1.0625,1.04134392227237,0.00775769323952402,2.20161856036852,14.6968400544162,149.959161908888,0,-35.3342286256003,1,1,1,1,1,0,0,9.15482796263629e-15,2.20161856036853,14.6968400544162,139.948219516029,27.8634958192846,9.74988680016499,30.5734183159063,149.959161908888,3.35113155897186,3.56322098655792,3.56322098655792,0.944882692804663,6,6,6,0.976002866382317,0.969011101132938,1.25286317496159,0.950194894462193,0.519280670247775,0.000821484551341494,0.00108894120186942,-0.462848085558945,0,-285.822653403892,0.94283617800979,finite_geometry;outside_sufficient_bound;
1,1,33,6,3,1,0.5,1.74440269795831,3.04294077264423,7,1.25,1.17704827443663,0.00757857471774293,2.20139304133148,14.8412804293634,149.959161908888,0,-33.0520230461172,1,1,1,1,1,0,0,8.0751877130133e-15,2.20139304133149,14.8412804293634,146.586727116547,54.64811442676,9.74988680016499,58.354683607323,149.959161908888,3.35113155897186,4.1252621246835,4.12526212468351,0.829479033777519,6,6,6,0.976002866382317,0.952230864534426,1.25286317496161,0.839992350442611,0.519280670247775,0.000821484551341494,0.00108894120186942,-0.352645541539363,0,-285.822653403892,0.94283617800979,finite_geometry;outside_sufficient_bound;
1,1,34,6,4,1,0.75,2.61660404693747,6.84661673844952,7,1.5625,1.40711305649279,-0.0375081231245497,2.20116752229444,15.0098746778304,157.401004676441,0,-29.2483470803119,0,1,1,0,0,0,0,NaN,NaN,NaN,NaN,NaN,NaN,NaN,NaN,3.35113155897186,NaN,4.84096865973655,0.707823441565366,6,NaN,NaN,NaN,NaN,NaN,NaN,NaN,NaN,NaN,NaN,0,NaN,NaN,negative_rate;
1,1,35,6,5,1,1,3.48880539591662,12.1717630905769,7,2,1.73153826844084,-0.0825948209668423,2.2009420032574,15.2018191927346,171.603401087923,0,-23.9232007281845,0,0,1,0,0,0,0,NaN,NaN,NaN,NaN,NaN,NaN,NaN,NaN,3.35113155897186,NaN,5.50222905344635,0.598429793474371,6,NaN,NaN,NaN,NaN,NaN,NaN,NaN,NaN,NaN,NaN,0,NaN,NaN,negative_rate;modulation_envelope;
1,1,36,6,6,1,1.25,4.36100674489578,19.0183798290265,7,2.5625,2.15032391028078,-0.127681518809135,2.28425277512451,15.4162418103851,188.912851707835,0,-17.076583989735,0,0,1,0,0,0,0,NaN,NaN,NaN,NaN,NaN,NaN,NaN,NaN,3.35113155897186,NaN,6.00435338011818,0.505247124793935,6,NaN,NaN,NaN,NaN,NaN,NaN,NaN,NaN,NaN,NaN,0,NaN,NaN,negative_rate;modulation_envelope;
1,2,1,1,1,0.1,0.1,0.348880539591662,12.1717630905769,7,0.02,0.0173311228687461,0.558849570572944,1.40744706238748,14.2885435123863,149.959161908888,0,-23.9232007281845,1,0,1,0,0,0,0,NaN,NaN,NaN,NaN,NaN,NaN,NaN,NaN,3.35113155897186,NaN,5.50222905344635,0.598429793474371,6,NaN,NaN,NaN,NaN,NaN,NaN,NaN,NaN,NaN,NaN,0,NaN,NaN,modulation_envelope;
1,2,2,1,2,0.1,0.25,0.872201348979155,76.0735193161058,7,0.0725,0.0568180416581243,0.550195271640473,1.46956934851453,14.3428888639142,149.959161908888,1,39.9785554973444,1,0,1,0,0,0,0,NaN,NaN,NaN,NaN,NaN,NaN,NaN,NaN,3.35113155897186,NaN,6.85793596679673,0.231486330524801,6,NaN,NaN,NaN,NaN,NaN,NaN,NaN,NaN,NaN,NaN,0,NaN,NaN,modulation_envelope;
1,2,3,1,3,0.1,0.5,1.74440269795831,304.294077264423,7,0.26,0.198603531603779,0.529587041016683,1.57310649205959,14.4533249809354,149.959161908888,1,268.199113445662,1,0,1,0,0,0,0,NaN,NaN,NaN,NaN,NaN,NaN,NaN,NaN,3.35113155897186,NaN,6.98874309223626,0.0749695937979566,6,NaN,NaN,NaN,NaN,NaN,NaN,NaN,NaN,NaN,NaN,0,NaN,NaN,modulation_envelope;
1,2,4,1,4,0.1,0.75,2.61660404693747,684.661673844952,7,0.5725,0.435356469836964,0.474204976495259,1.68690531178452,14.5880871482973,159.79325602292,1,648.566710026191,1,1,1,1,1,1,1,1.04590420048418e-14,1.68690531178452,14.5880871482973,148.328707408978,149.445541108413,10.3805971544294,159.79325602292,149.959161908888,3.35113155897186,6.99767528599753,6.99767528599753,0.035324985456392,6,7,7,1,1,6.07774528830682,0.035324985456392,0.566022633204814,0.00073780541457997,0.00149683975869186,0.498763786403895,0,-285.822653403892,0.94283617800979,certified_feasible
1,2,5,1,5,0.1,1,3.48880539591662,1217.17630905769,7,1.01,0.76707685635768,0.411169985655439,1.80842244882369,14.7465084643096,177.150043972839,1,1181.08134523893,1,1,1,1,1,1,1,8.00972604432155e-15,1.80842244882368,14.7465084643096,164.703087415283,165.700037522246,11.4866336478367,177.150043972839,149.959161908888,3.35113155897186,6.99925290528152,6.99925290528152,0.0203018540275032,6,7,7,1,1,10.7908058528334,0.0203018540275032,0.566022633204814,0.00073780541457997,0.00149683975869186,0.513786917832783,0,-285.822653403892,0.94283617800979,certified_feasible
1,2,6,1,6,0.1,1.25,4.36100674489578,1901.83798290264,7,1.5725,1.19376469116593,0.329223441389811,1.92993958586285,14.9278357014484,197.264747755487,1,1865.74301908388,1,1,1,1,1,1,1,6.36353003663386e-15,1.92993958586285,14.9278357014484,183.650642672999,184.536676842661,12.768719919069,197.264747755487,149.959161908888,3.35113155897186,6.99969177750182,6.99969177750181,0.0131256095926308,6,7,7,1,1,16.8504551500818,0.0131256095926308,0.566022633204814,0.00073780541457997,0.00149683975869186,0.520963162267656,0,-285.822653403892,0.94283617800979,certified_feasible
1,2,7,2,1,0.2,0.1,0.348880539591662,3.04294077264423,7,0.05,0.0470648498744897,0.526512997146207,1.41872747718448,14.3060833939156,149.959161908888,0,-33.0520230461172,1,0,1,0,0,0,0,NaN,NaN,NaN,NaN,NaN,NaN,NaN,NaN,3.35113155897186,NaN,4.12526212468351,0.829479033777519,6,NaN,NaN,NaN,NaN,NaN,NaN,NaN,NaN,NaN,NaN,0,NaN,NaN,modulation_envelope;
1,2,8,2,2,0.2,0.25,0.872201348979155,19.0183798290264,7,0.1025,0.0861523591724834,0.517858698213736,1.48084976331152,14.3604700257496,149.959161908888,0,-17.076583989735,1,0,1,0,0,0,0,NaN,NaN,NaN,NaN,NaN,NaN,NaN,NaN,3.35113155897186,NaN,6.00435338011818,0.505247124793935,6,NaN,NaN,NaN,NaN,NaN,NaN,NaN,NaN,NaN,NaN,0,NaN,NaN,modulation_envelope;
1,2,9,2,3,0.2,0.5,1.74440269795831,76.0735193161058,7,0.29,0.227272166632497,0.503434866659618,1.58438690685659,14.4709500304913,149.959161908888,1,39.9785554973444,1,0,1,0,0,0,0,NaN,NaN,NaN,NaN,NaN,NaN,NaN,NaN,3.35113155897186,NaN,6.85793596679673,0.231486330524801,6,NaN,NaN,NaN,NaN,NaN,NaN,NaN,NaN,NaN,NaN,0,NaN,NaN,modulation_envelope;
1,2,10,2,4,0.2,0.75,2.61660404693747,171.165418461238,7,0.6025,0.463359422380041,0.456750318717236,1.68792405040166,14.6057259939159,149.959161908888,1,135.070454642477,1,1,1,1,1,1,1,1.01766831983705e-14,1.68792405040166,14.6057259939159,137.244963882646,138.257410984876,9.74988680016499,147.82394945443,149.959161908888,3.35113155897186,6.96656576819671,6.96656576819671,0.123604679423314,6,7,7,1,1,6.1320332614821,0.123604679423314,0.566022633204814,0.00073780541457997,0.00149683975869186,0.410484092436972,0,-285.822653403892,0.94283617800979,certified_feasible
1,2,11,2,5,0.2,1,3.48880539591662,304.294077264423,7,1.04,0.794414126415116,0.395377901698558,1.80165786603929,14.7641325662421,166.471466831331,1,268.199113445662,1,1,1,1,1,1,1,7.74891078992623e-15,1.80165786603928,14.7641325662421,154.832500786526,155.720473914258,10.7852385019397,166.471466831331,149.959161908888,3.35113155897186,6.98874309223626,6.98874309223626,0.0749695937979566,6,7,7,1,1,10.8450938260086,0.0749695937979567,0.566022633204814,0.00073780541457997,0.00149683975869186,0.45911917806233,0,-285.822653403892,0.94283617800979,certified_feasible
1,2,12,2,6,0.2,1.25,4.36100674489578,475.459495725661,7,1.6025,1.22043627873772,0.311848427107464,1.92646629340007,14.9454183834927,187.767323365726,1,439.3645319069,1,1,1,1,1,1,1,6.31428540397744e-15,1.9264662934001,14.9454183834927,174.88503788501,175.662660481654,12.1430523044184,187.767323365726,149.959161908888,3.35113155897186,6.99525436704638,6.99525436704638,0.0498083202908147,6,7,7,1,1,16.904743123257,0.0498083202908147,0.566022633204814,0.00073780541457997,0.00149683975869186,0.484280451569472,0,-285.822653403892,0.94283617800979,certified_feasible
1,2,13,3,1,0.35,0.1,0.348880539591662,0.993613313516484,7,0.1325,0.129165440383105,0.478008137006102,1.4549324379429,14.3409440425652,149.959161908888,0,-35.1013505052449,1,0,1,0,0,0,0,NaN,NaN,NaN,NaN,NaN,NaN,NaN,NaN,3.35113155897186,NaN,3.62563833505598,0.930327927070692,6,NaN,NaN,NaN,NaN,NaN,NaN,NaN,NaN,NaN,NaN,0,NaN,NaN,modulation_envelope;
1,2,14,3,2,0.35,0.25,0.872201348979155,6.21008320947803,7,0.185,0.167653835444022,0.469353838073631,1.49777038550702,14.3953600636838,149.959161908888,0,-29.8848806092834,1,0,1,0,0,0,0,NaN,NaN,NaN,NaN,NaN,NaN,NaN,NaN,3.35113155897186,NaN,4.73800738941433,0.724651992447233,6,NaN,NaN,NaN,NaN,NaN,NaN,NaN,NaN,NaN,NaN,0,NaN,NaN,modulation_envelope;
1,2,15,3,3,0.35,0.5,1.74440269795831,24.8403328379121,7,0.3725,0.307775119175574,0.435113794239993,1.60130752905209,14.5058407843704,149.959161908888,0,-11.2546309808493,1,1,1,1,1,1,0,1.38215686003775e-14,1.60130752905209,14.5058407843704,105.425441080706,106.377511680148,9.74988680016499,114.805127855888,149.959161908888,3.35113155897186,6.26254243899451,6.26254243899451,0.448312115824472,6,7,7,1,1,2.91485335590948,0.448312115824473,0.566022633204814,0.00073780541457997,0.00149683975869186,0.0857766560358131,0,-285.822653403892,0.94283617800979,outside_sufficient_bound;
1,2,16,3,4,0.35,0.75,2.61660404693747,55.8907488853022,7,0.685,0.542863851194657,0.373741377221316,1.70484467259716,14.6405595507738,149.959161908888,1,19.7957850665408,1,1,1,1,1,1,1,9.87190049492797e-15,1.70484467259715,14.6405595507738,121.62865315122,122.441870888835,9.74988680016499,130.902282756267,149.959161908888,3.35113155897186,6.76444625543358,6.76444625543358,0.284944470731397,6,7,7,1,1,6.28132518771415,0.284944470731397,0.566022633204814,0.00073780541457997,0.00149683975869186,0.249144301128889,0,-285.822653403892,0.94283617800979,certified_feasible
1,2,17,3,5,0.35,1,3.48880539591662,99.3613313516484,7,1.1225,0.872920031501271,0.312368960202638,1.83325178976748,14.7988544373493,151.70728594473,1,63.266367532887,1,1,1,1,1,1,1,7.39430184199973e-15,1.83325178976748,14.7988544373493,141.234857224658,141.924622563625,9.81347072218946,151.70728594473,149.959161908888,3.35113155897186,6.910387497287,6.910387497287,0.190554024722799,6,7,7,1,1,10.9943857522407,0.190554024722799,0.566022633204814,0.00073780541457997,0.00149683975869186,0.343534747137487,0,-285.822653403892,0.94283617800979,certified_feasible
1,2,18,3,6,0.35,1.25,4.36100674489578,155.252080236951,7,1.685,1.29794366009541,0.250996543183961,1.97703868268279,14.9799780692697,174.865041689057,1,119.157116418189,1,1,1,1,1,1,1,6.09133419820753e-15,1.9770386826828,14.9799780692697,163.020828456767,163.609092719409,11.2910981843018,174.865041689057,149.959161908888,3.35113155897186,6.95994608517866,6.95994608517866,0.134018166741826,6,7,7,1,1,17.0540350494891,0.134018166741826,0.566022633204814,0.00073780541457997,0.00149683975869186,0.40007060511846,0,-285.822653403892,0.94283617800979,certified_feasible
1,2,19,4,1,0.5,0.1,0.348880539591662,0.486870523623077,7,0.26,0.256266030891721,0.409026286768975,1.61145767323066,14.3859977504981,149.959161908888,0,-35.6080932951383,1,1,1,1,1,0,0,1.81983474548952e-14,1.61145767323066,14.3859977504981,71.5549236018934,71.9838624377398,9.74988680016499,81.523078242895,149.959161908888,3.35113155897186,3.48831422685715,3.48831422685716,0.963230207773489,6,6,6,0.976002866382317,0.971431327565415,0.313215793740394,0.96705489836746,0.519280670247775,0.000821484551341494,0.00108894120186942,-0.479708089464212,0,-285.822653403892,0.94283617800979,finite_geometry;outside_sufficient_bound;
1,2,20,4,2,0.5,0.25,0.872201348979155,3.04294077264423,7,0.3125,0.294155311715561,0.400794239899155,1.56717543985456,14.4404045875722,149.959161908888,0,-33.0520230461172,1,1,1,1,1,0,0,1.64892550394294e-14,1.56717543985456,14.4404045875722,75.6549436708723,76.1875841703541,9.74988680016499,85.2664914738165,149.959161908888,3.35113155897186,4.1252621246835,4.12526212468351,0.829479033777519,6,6,6,0.976002866382317,0.952230864534425,0.313215793740396,0.839992350442612,0.519280670247775,0.000821484551341494,0.00108894120186942,-0.352645541539364,0,-285.822653403892,0.94283617800979,finite_geometry;outside_sufficient_bound;
1,2,21,4,3,0.5,0.5,1.74440269795831,12.1717630905769,7,0.5,0.433278071718652,0.352104852744073,1.63129722342096,14.5508089199555,149.959161908888,0,-23.9232007281845,1,1,1,1,1,0,0,1.24946351487243e-14,1.63129722342096,14.5508089199555,88.9348610436313,89.5682264470538,9.74988680016499,97.4206259564175,149.959161908888,3.35113155897186,5.50222905344634,5.50222905344635,0.598429793474371,6,7,7,1,1,3.14557724190443,0.598429793474372,0.566022633204814,0.00073780541457997,0.00149683975869186,-0.0643410216140858,0,-285.822653403892,0.94283617800979,finite_geometry;outside_sufficient_bound;
1,2,22,4,4,0.5,0.75,2.61660404693747,27.3864669537981,7,0.8125,0.667368280009273,0.290732435725395,1.74364475470572,14.6853783538997,149.959161908888,0,-8.70849686496333,1,1,1,1,1,1,0,9.30756704590447e-15,1.74364475470572,14.6853783538997,107.689846345575,108.236483606952,9.74988680016499,115.700547518467,149.959161908888,3.35113155897186,6.34583298306635,6.34583298306635,0.42760907615683,6,7,7,1,1,6.5120490737091,0.427609076156832,0.566022633204814,0.00073780541457997,0.00149683975869186,0.106479695703455,0,-285.822653403892,0.94283617800979,outside_sufficient_bound;
1,2,23,4,5,0.5,1,3.48880539591662,48.6870523623077,7,1.25,0.996425936587425,0.229360018706718,1.88187091021376,14.8434556680432,149.959161908888,1,12.5920885435463,1,1,1,1,1,1,1,7.28194777439464e-15,1.88187091021376,14.8434556680432,129.490119596255,129.932888699884,9.74988680016499,138.871067595928,149.959161908888,3.35113155897186,6.70784731149546,6.70784731149546,0.310782041019342,6,7,7,1,1,11.2251096382356,0.310782041019343,0.566022633204814,0.00073780541457997,0.00149683975869186,0.223306730840944,0,-285.822653403892,0.94283617800979,certified_feasible
1,2,24,4,6,0.5,1.25,4.36100674489578,76.0735193161058,7,1.8125,1.42045104145311,0.16798760168804,2.02761107196551,15.0242988701966,163.910705424258,1,39.9785554973444,1,1,1,1,1,1,1,5.81882032119536e-15,2.02761107196552,15.0242988701966,153.013166517599,153.377719163398,10.565130016318,163.910705424258,152.692915537359,3.35113155897186,6.85793596679674,6.85793596679673,0.2314863305248,6,7,7,1,1,17.2847589354841,0.231486330524801,0.566022633204814,0.00073780541457997,0.00149683975869186,0.302602441335486,0,-285.822653403892,0.94283617800979,certified_feasible
1,2,25,5,1,0.75,0.1,0.348880539591662,0.216386899388034,7,0.5725,0.56810034840608,0.221139747160351,1.89189013185941,14.4834704094657,149.959161908888,0,-35.8785769193734,1,1,1,1,1,0,0,1.25247858777148e-14,1.89189013185941,14.4834704094657,104.804425296618,39.0867754450286,9.74988680016499,48.2965818628633,149.959161908888,3.35113155897186,3.41273538131844,3.41273538131845,0.982907888283612,6,6,6,0.976002866382317,0.973926709015689,0.704735535915892,0.984840733813946,0.519280670247775,0.000821484551341494,0.00108894120186942,-0.497493924910698,0,-285.822653403892,0.94283617800979,finite_geometry;outside_sufficient_bound;
1,2,26,5,2,0.75,0.25,0.872201348979155,1.35241812117521,7,0.625,0.604991105501459,0.245739797952244,1.8476078984833,14.5377783223981,149.959161908888,0,-34.7425456975862,1,1,1,1,1,0,0,1.19549937281725e-14,1.84760789848331,14.5377783223981,107.723550865879,46.5562024243658,9.74988680016499,54.5321422733657,149.959161908888,3.35113155897186,3.71951498155853,3.71951498155853,0.909487874591457,6,6,6,0.976002866382317,0.964116865458372,0.704735535915893,0.917051022745661,0.519280670247775,0.000821484551341494,0.00108894120186942,-0.429704213842412,0,-285.822653403892,0.94283617800979,finite_geometry;outside_sufficient_bound;
1,2,27,5,3,0.75,0.5,1.74440269795831,5.40967248470086,7,0.812500000000001,0.742449659290447,0.213756616917539,1.77380417618979,14.6478885024406,149.959161908888,0,-30.6852913340606,1,1,1,1,1,0,0,1.02204521320849e-14,1.7738041761898,14.6478885024406,117.550654968582,66.4338261484033,9.74988680016499,72.2648766676469,149.959161908888,3.35113155897186,4.59959459220384,4.59959459220385,0.747468551006463,6,7,7,1,1,3.71107696248029,0.747468551006464,0.566022633204814,0.00073780541457997,0.00149683975869186,-0.213379779146177,0,-285.822653403892,0.94283617800979,finite_geometry;outside_sufficient_bound;
1,2,28,5,4,0.75,0.75,2.61660404693747,12.1717630905769,7,1.125,0.974875661366966,0.152384199898862,1.8246766221162,14.7820099515771,149.959161908888,0,-23.9232007281845,1,1,1,1,1,0,0,8.34963146995093e-15,1.82467662211619,14.7820099515771,132.312885024486,90.1896696791007,9.74988680016499,96.3801014382579,149.959161908888,3.35113155897186,5.50222905344634,5.50222905344635,0.598429793474372,6,7,7,1,1,7.07754879428496,0.598429793474372,0.566022633204814,0.00073780541457997,0.00149683975869186,-0.0643410216140852,0,-285.822653403892,0.94283617800979,finite_geometry;outside_sufficient_bound;
1,2,29,5,5,0.75,1,3.48880539591662,21.6386899388034,7,1.5625,1.30226911173102,0.0910117828801842,1.96290277762424,14.9394959900583,150.565575717142,0,-14.456273879958,1,1,1,1,1,1,0,6.75395886212436e-15,1.96290277762423,14.9394959900582,150.565575717142,115.454102415227,9.74988680016499,123.365798506519,150.565575717142,3.35113155897186,6.13435358593735,6.13435358593736,0.477727349727258,6,7,7,1,1,11.7906093588115,0.477727349727259,0.566022633204814,0.00073780541457997,0.00149683975869186,0.0563614221330277,0,-285.822653403892,0.94283617800979,outside_sufficient_bound;
1,2,30,5,6,0.75,1.25,4.36100674489578,33.8104530293804,7,2.125,1.7246300103826,0.0296393658615067,2.11189838743671,15.1196165383007,171.195898391688,0,-2.28451078938105,1,0,1,0,0,0,0,NaN,NaN,NaN,NaN,NaN,NaN,NaN,NaN,3.35113155897186,NaN,6.50379540336052,0.383516451432802,6,NaN,NaN,NaN,NaN,NaN,NaN,NaN,NaN,NaN,NaN,0,NaN,NaN,modulation_envelope;
1,2,31,6,1,1,0.1,0.348880539591662,0.121717630905769,7,1.01,1.00493466592044,0.0332532075517267,2.17232259048816,14.6084226942059,149.959161908888,0,-35.9732461878556,1,1,1,1,1,0,0,9.36668700579688e-15,2.17232259048816,14.6084226942059,138.558478165794,14.9833046324717,9.74988680016499,19.2283954832443,149.959161908888,3.35113155897186,3.3859082826719,3.3859082826719,0.990222904580547,6,6,6,0.976002866382317,0.974826034607669,1.25286317496159,0.991363970177921,0.519280670247775,0.000821484551341494,0.00108894120186942,-0.504017161274672,0,-285.822653403892,0.94283617800979,finite_geometry;outside_sufficient_bound;
1,2,32,6,2,1,0.25,0.872201348979155,0.760735193161058,7,1.0625,1.04082689928736,0.074874835676061,2.12804035711205,14.6625314027213,149.959161908888,0,-35.3342286256003,1,1,1,1,1,0,0,9.12444707716703e-15,2.12804035711206,14.6625314027213,140.839199657798,29.6822476646728,9.74988680016499,32.0586704867107,149.959161908888,3.35113155897186,3.56322098655792,3.56322098655792,0.944882692804663,6,6,6,0.976002866382317,0.969011101132938,1.25286317496159,0.950194894462194,0.519280670247775,0.000821484551341494,0.00108894120186942,-0.462848085558945,0,-285.822653403892,0.94283617800979,finite_geometry;outside_sufficient_bound;
1,2,33,6,3,1,0.5,1.74440269795831,3.04294077264423,7,1.25,1.17662124686224,0.0754083810910054,2.05423663481854,14.7721477660155,149.959161908888,0,-33.0520230461172,1,1,1,1,1,0,0,8.34491472845757e-15,2.05423663481854,14.7721477660155,148.585084372624,56.1699489437773,9.74988680016499,60.0108303354752,149.959161908888,3.35113155897186,4.1252621246835,4.12526212468351,0.829479033777519,6,6,6,0.976002866382317,0.952230864534426,1.25286317496158,0.839992350442611,0.519280670247775,0.000821484551341494,0.00108894120186942,-0.352645541539363,0,-285.822653403892,0.94283617800979,finite_geometry;outside_sufficient_bound;
1,2,34,6,4,1,0.75,2.61660404693747,6.84661673844952,7,1.5625,1.40738304272466,0.0140359640723279,1.98043291252503,14.9055833064678,160.605493129475,0,-29.2483470803119,1,1,1,1,1,0,0,7.20964525060214e-15,1.98043291252503,14.9055833064678,160.605493129475,83.0893524456498,9.74988680016499,88.7679356294418,160.605493129475,3.35113155897186,4.84096865973654,4.84096865973655,0.707823441565366,6,7,7,1,1,7.86924840309118,0.707823441565367,0.566022633204814,0.00073780541457997,0.00149683975869186,-0.17373466970508,0,-285.822653403892,0.94283617800979,finite_geometry;outside_sufficient_bound;
1,2,35,6,5,1,1,3.48880539591662,12.1717630905769,7,2,1.73311228687461,-0.0473364529463495,2.04393464503471,15.0622049976409,176.026905716925,0,-23.9232007281845,0,0,1,0,0,0,0,NaN,NaN,NaN,NaN,NaN,NaN,NaN,NaN,3.35113155897186,NaN,5.50222905344635,0.598429793474371,6,NaN,NaN,NaN,NaN,NaN,NaN,NaN,NaN,NaN,NaN,0,NaN,NaN,negative_rate;modulation_envelope;
1,2,36,6,6,1,1.25,4.36100674489578,19.0183798290265,7,2.5625,2.15380897931208,-0.108708869965027,2.19618570290792,15.2412980640008,194.040121203734,0,-17.076583989735,0,0,1,0,0,0,0,NaN,NaN,NaN,NaN,NaN,NaN,NaN,NaN,3.35113155897186,NaN,6.00435338011818,0.505247124793935,6,NaN,NaN,NaN,NaN,NaN,NaN,NaN,NaN,NaN,NaN,0,NaN,NaN,negative_rate;modulation_envelope;
1,3,1,1,1,0.1,0.1,0.348880539591662,12.1717630905769,7,0.02,0.0175753655839772,0.561583118666373,1.3936280733159,14.2636822920313,149.959161908888,0,-23.9232007281845,1,0,1,0,0,0,0,NaN,NaN,NaN,NaN,NaN,NaN,NaN,NaN,3.35113155897186,NaN,5.50222905344635,0.598429793474371,6,NaN,NaN,NaN,NaN,NaN,NaN,NaN,NaN,NaN,NaN,0,NaN,NaN,modulation_envelope;
1,3,2,1,2,0.1,0.25,0.872201348979155,76.0735193161058,7,0.0725,0.0565215088733796,0.549051140964336,1.43408030960707,14.2973437033178,149.959161908888,1,39.9785554973444,1,0,1,0,0,0,0,NaN,NaN,NaN,NaN,NaN,NaN,NaN,NaN,3.35113155897186,NaN,6.85793596679673,0.231486330524801,6,NaN,NaN,NaN,NaN,NaN,NaN,NaN,NaN,NaN,NaN,0,NaN,NaN,modulation_envelope;
1,3,3,1,3,0.1,0.5,1.74440269795831,304.294077264423,7,0.26,0.194986667458215,0.494384014680293,1.52899730094553,14.3741971154163,149.959161908888,1,268.199113445662,1,0,1,0,0,0,0,NaN,NaN,NaN,NaN,NaN,NaN,NaN,NaN,3.35113155897186,NaN,6.98874309223626,0.0749695937979566,6,NaN,NaN,NaN,NaN,NaN,NaN,NaN,NaN,NaN,NaN,0,NaN,NaN,modulation_envelope;
1,3,4,1,4,0.1,0.75,2.61660404693747,684.661673844952,7,0.5725,0.425395475754505,0.43971688839625,1.63310882397421,14.4752119640041,158.59288113906,1,648.566710026191,1,1,1,1,1,1,1,1.0795482986533e-14,1.63310882397421,14.47521196401,147.375591369687,148.32831780727,10.2903744846352,158.59288113906,149.959161908888,3.35113155897186,6.99767528599753,6.99767528599753,0.035324985456392,6,7,7,1,1,6.07774528830682,0.0353249854563923,0.566022633204814,0.00073780541457997,0.00149683975869186,0.498763786403894,0,-285.822653403892,0.94283617800979,certified_feasible
1,3,5,1,5,0.1,1,3.48880539591662,1217.17630905769,7,1.01,0.747747933762251,0.385049762112207,1.7372203470029,14.5998867475339,175.058713101059,1,1181.08134523893,1,1,1,1,1,1,1,8.34925066537956e-15,1.7372203470029,14.5998867475339,162.947146064682,163.747922113761,11.3375995814925,175.058713101059,149.959161908888,3.35113155897186,6.99925290528152,6.99925290528152,0.0203018540275032,6,7,7,1,1,10.7908058528334,0.0203018540275034,0.566022633204814,0.00073780541457997,0.00149683975869186,0.513786917832783,0,-285.822653403892,0.94283617800979,certified_feasible
1,3,6,1,6,0.1,1.25,4.36100674489578,1901.83798290264,7,1.5725,1.16204404148145,0.321723987854117,1.84133187003159,14.747621422682,194.187768135938,1,1865.74301908388,1,1,1,1,1,1,1,6.66384996045017e-15,1.84133187003159,14.747621422682,180.994354204417,181.660261185003,12.5556582754191,194.187768135938,149.959161908888,3.35113155897186,6.99969177750182,6.99969177750181,0.0131256095926308,6,7,7,1,1,16.8504551500818,0.0131256095926309,0.566022633204814,0.00073780541457997,0.00149683975869186,0.520963162267656,0,-285.822653403892,0.94283617800979,certified_feasible
1,3,7,2,1,0.2,0.1,0.348880539591662,3.04294077264423,7,0.05,0.047795239191038,0.529246545239636,1.40553619893188,14.2734719255378,149.959161908888,0,-33.0520230461172,1,0,1,0,0,0,0,NaN,NaN,NaN,NaN,NaN,NaN,NaN,NaN,3.35113155897186,NaN,4.12526212468351,0.829479033777519,6,NaN,NaN,NaN,NaN,NaN,NaN,NaN,NaN,NaN,NaN,0,NaN,NaN,modulation_envelope;
1,3,8,2,2,0.2,0.25,0.872201348979155,19.0183798290264,7,0.1025,0.0870711928910316,0.524692568447307,1.44598843522306,14.3058724885835,149.959161908888,0,-17.076583989735,1,0,1,0,0,0,0,NaN,NaN,NaN,NaN,NaN,NaN,NaN,NaN,3.35113155897186,NaN,6.00435338011818,0.505247124793935,6,NaN,NaN,NaN,NaN,NaN,NaN,NaN,NaN,NaN,NaN,0,NaN,NaN,modulation_envelope;
1,3,9,2,3,0.2,0.5,1.74440269795831,76.0735193161058,7,0.29,0.226086035493518,0.484114352157646,1.52065307238225,14.3816550467564,149.959161908888,1,39.9785554973444,1,0,1,0,0,0,0,NaN,NaN,NaN,NaN,NaN,NaN,NaN,NaN,3.35113155897186,NaN,6.85793596679673,0.231486330524801,6,NaN,NaN,NaN,NaN,NaN,NaN,NaN,NaN,NaN,NaN,0,NaN,NaN,modulation_envelope;
1,3,10,2,4,0.2,0.75,2.61660404693747,171.165418461238,7,0.6025,0.457044527807461,0.429447225873603,1.62476459541093,14.4827355024039,149.959161908888,1,135.070454642477,1,1,1,1,1,1,1,1.04077132793605e-14,1.62476459541093,14.4827355024725,136.15815103436,136.993190672344,9.74988680016499,146.467339809395,149.959161908888,3.35113155897186,6.96656576819671,6.96656576819671,0.123604679423314,6,7,7,1,1,6.1320332614821,0.123604679423315,0.566022633204814,0.00073780541457997,0.00149683975869186,0.410484092436972,0,-285.822653403892,0.94283617800979,certified_feasible
1,3,11,2,5,0.2,1,3.48880539591662,304.294077264423,7,1.04,0.779946669832859,0.37478009958956,1.72887611843962,14.6074626930638,164.174977742041,1,268.199113445662,1,1,1,1,1,1,1,8.15641698588078e-15,1.72887611843962,14.6074626930639,152.896605681666,153.575222221713,10.6240941578992,164.174977742041,149.959161908888,3.35113155897186,6.98874309223627,6.98874309223626,0.0749695937979566,6,7,7,1,1,10.8450938260086,0.074969593797957,0.566022633204814,0.00073780541457997,0.00149683975869186,0.45911917806233,0,-285.822653403892,0.94283617800979,certified_feasible
1,3,12,2,6,0.2,1.25,4.36100674489578,475.459495725661,7,1.6025,1.19479246156971,0.320112973305518,1.84927292623393,14.7552369677303,184.455008548876,1,439.3645319069,1,1,1,1,1,1,1,6.5847364320661e-15,1.84927292623423,14.7552369677303,172.019412651723,172.56459612127,11.9162729031455,184.455008548875,149.959161908888,3.35113155897186,6.99525436704639,6.99525436704638,0.0498083202908147,6,7,7,1,1,16.904743123257,0.0498083202908149,0.566022633204814,0.00073780541457997,0.00149683975869186,0.484280451569472,0,-285.822653403892,0.94283617800979,certified_feasible
1,3,13,3,1,0.35,0.1,0.348880539591662,0.993613313516484,7,0.1325,0.130625049601629,0.48074168509953,1.48763696398102,14.3014155929964,149.959161908888,0,-35.1013505052449,1,0,1,0,0,0,0,NaN,NaN,NaN,NaN,NaN,NaN,NaN,NaN,3.35113155897186,NaN,3.62563833505598,0.930327927070692,6,NaN,NaN,NaN,NaN,NaN,NaN,NaN,NaN,NaN,NaN,0,NaN,NaN,modulation_envelope;
1,3,14,3,2,0.35,0.25,0.872201348979155,6.21008320947803,7,0.185,0.170395718917509,0.476187708307202,1.51001287949632,14.3338324983531,149.959161908888,0,-29.8848806092834,1,0,1,0,0,0,0,NaN,NaN,NaN,NaN,NaN,NaN,NaN,NaN,3.35113155897186,NaN,4.73800738941433,0.724651992447233,6,NaN,NaN,NaN,NaN,NaN,NaN,NaN,NaN,NaN,NaN,0,NaN,NaN,modulation_envelope;
1,3,15,3,3,0.35,0.5,1.74440269795831,24.8403328379121,7,0.3725,0.310235087546474,0.468597746986655,1.60823777937936,14.4076214603564,149.959161908888,0,-11.2546309808493,1,1,1,1,1,1,0,1.31874099437778e-14,1.60823777937936,14.4076214603564,104.885212162669,105.681910335722,9.74988680016499,114.08339523509,149.959161908888,3.35113155897186,6.2625424389945,6.26254243899451,0.448312115824472,6,7,7,1,1,2.91485335590947,0.448312115824473,0.566022633204814,0.00073780541457997,0.00149683975869186,0.0857766560358132,0,-285.822653403892,0.94283617800979,outside_sufficient_bound;
1,3,16,3,4,0.35,0.75,2.61660404693747,55.8907488853022,7,0.684999999999999,0.542018105886894,0.414042732089632,1.7294087657293,14.5063078383039,149.959161908888,1,19.7957850665408,1,1,1,1,1,1,1,9.963297646553e-15,1.7294087657293,14.5063078387572,120.305631569462,120.917691357,9.74988680016499,129.269430689419,149.959161908888,3.35113155897186,6.76444625543358,6.76444625543358,0.284944470731397,6,7,7,1,1,6.28132518771413,0.284944470731398,0.566022633204814,0.00073780541457997,0.00149683975869186,0.249144301128889,0,-285.822653403892,0.94283617800979,certified_feasible
1,3,17,3,5,0.35,1,3.48880539591662,99.3613313516484,7,1.1225,0.86574477393877,0.35937560580559,1.85057975207924,14.6310087275053,149.959161908888,1,63.266367532887,1,1,1,1,1,1,1,7.71709106530628e-15,1.85057975207925,14.6310087275061,138.9998511094,139.457830035445,9.74988680016499,149.069323800194,149.959161908888,3.35113155897186,6.91038749728699,6.910387497287,0.190554024722799,6,7,7,1,1,10.9943857522407,0.190554024722799,0.566022633204814,0.00073780541457997,0.00149683975869186,0.343534747137487,0,-285.822653403892,0.94283617800979,certified_feasible
1,3,18,3,6,0.35,1.25,4.36100674489578,155.252080236951,7,1.685,1.2814150917021,0.304708479521547,1.97175073842918,14.7787204661635,171.178929959664,1,119.157116418189,1,1,1,1,1,1,1,6.34172244343318e-15,1.97175073842922,14.7787204661635,159.823179150376,160.158861751303,11.0427342745051,171.178929959664,149.959161908888,3.35113155897186,6.95994608517866,6.95994608517866,0.134018166741826,6,7,7,1,1,17.0540350494891,0.134018166741827,0.566022633204814,0.00073780541457997,0.00149683975869186,0.40007060511846,0,-285.822653403892,0.94283617800979,certified_feasible
1,3,19,4,1,0.5,0.1,0.348880539591662,0.486870523623077,7,0.26,0.258454860012221,0.404262629487516,1.65589643915827,14.3451837491706,149.959161908888,0,-35.6080932951383,1,1,1,1,1,0,0,1.81654569193891e-14,1.65589643915827,14.3451837491706,71.9484622038194,71.9794605809685,9.74988680016499,81.4974912580208,149.959161908888,3.35113155897186,3.48831422685715,3.48831422685716,0.963230207773489,6,6,6,0.976002866382317,0.971431327565416,0.313215793740398,0.967054898367459,0.519280670247775,0.000821484551341494,0.00108894120186942,-0.479708089464211,0,-285.822653403892,0.94283617800979,finite_geometry;outside_sufficient_bound;
1,3,20,4,2,0.5,0.25,0.872201348979155,3.04294077264423,7,0.3125,0.298720244943987,0.39809791636521,1.67827235467357,14.377581236128,149.959161908888,0,-33.0520230461172,1,1,1,1,1,0,0,1.60324410313585e-14,1.67827235467357,14.377581236128,76.3866723936995,75.9804687395358,9.74988680016499,85.0294917609465,149.959161908888,3.35113155897186,4.12526212468349,4.12526212468351,0.829479033777519,6,6,6,0.976002866382317,0.952230864534426,0.313215793740399,0.839992350442612,0.519280670247775,0.000821484551341494,0.00108894120186942,-0.352645541539363,0,-285.822653403892,0.94283617800979,finite_geometry;outside_sufficient_bound;
1,3,21,4,3,0.5,0.5,1.74440269795831,12.1717630905769,7,0.5,0.43938413959943,0.383223854301999,1.7307155915746,14.4512782496955,149.959161908888,0,-23.9232007281845,1,1,1,1,1,0,0,1.19052006750311e-14,1.7307155915746,14.4512782496955,89.6222200157257,88.6547283669539,9.74988680016499,96.4898157325384,149.959161908888,3.35113155897186,5.50222905344633,5.50222905344635,0.598429793474371,6,7,7,1,1,3.14557724190441,0.598429793474372,0.566022633204814,0.00073780541457997,0.00149683975869186,-0.0643410216140856,0,-285.822653403892,0.94283617800979,finite_geometry;outside_sufficient_bound;
1,3,22,4,4,0.5,0.75,2.61660404693747,27.3864669537981,7,0.8125,0.671991683966328,0.317277911119549,1.85188657792454,14.5492666035542,149.959161908888,0,-8.70849686496333,1,1,1,1,1,1,0,9.15513635356069e-15,1.85188657792454,14.5492666035542,107.723429605176,106.401440112184,9.74988680016499,113.737466375279,149.959161908888,3.35113155897186,6.34583298306634,6.34583298306635,0.42760907615683,6,7,7,1,1,6.51204907370909,0.427609076156831,0.566022633204814,0.00073780541457997,0.00149683975869186,0.106479695703455,0,-285.822653403892,0.94283617800979,outside_sufficient_bound;
1,3,23,4,5,0.5,1,3.48880539591662,48.6870523623077,7,1.25,0.996542878044681,0.238955983336,1.97305756427448,14.6710595784689,149.959161908888,1,12.5920885435463,1,1,1,1,1,1,1,7.31965323905102e-15,1.97305756427448,14.6710595784689,128.652666569507,127.11352570936,9.74988680016499,135.858841253231,149.959161908888,3.35113155897186,6.70784731149545,6.70784731149546,0.310782041019342,6,7,7,1,1,11.2251096382356,0.310782041019343,0.566022633204814,0.00073780541457997,0.00149683975869186,0.223306730840944,0,-285.822653403892,0.94283617800979,certified_feasible
1,3,24,4,6,0.5,1.25,4.36100674489578,76.0735193161058,7,1.8125,1.41303772183449,0.160634055552451,2.09422855062442,14.8166118734022,159.8390547153,1,39.9785554973444,1,1,1,1,1,1,1,6.06597918863618e-15,2.09422855062443,14.8166118734022,151.240392452472,149.564055650986,10.2948674458139,159.8390547153,151.240392452472,3.35113155897186,6.85793596679673,6.85793596679673,0.2314863305248,6,7,7,1,1,17.284758935484,0.231486330524801,0.566022633204814,0.00073780541457997,0.00149683975869186,0.302602441335486,0,-285.822653403892,0.94283617800979,certified_feasible
1,3,25,5,1,0.75,0.1,0.348880539591662,0.216386899388034,7,0.5725,0.571504544029873,0.216376089878892,1.93632889778702,14.4528822087996,149.959161908888,0,-35.8785769193734,1,1,1,1,1,0,0,1.23736929954942e-14,1.93632889778702,14.4528822087996,105.049238522908,39.0133712902198,9.74988680016499,48.200512916949,149.959161908888,3.35113155897186,3.41273538131844,3.41273538131845,0.982907888283612,6,6,6,0.976002866382317,0.97392670901569,0.7047355359159,0.984840733813946,0.519280670247775,0.000821484551341494,0.00108894120186942,-0.497493924910698,0,-285.822653403892,0.94283617800979,finite_geometry;outside_sufficient_bound;
1,3,26,5,2,0.75,0.25,0.872201348979155,1.35241812117521,7,0.625,0.612594454988118,0.209986491476458,1.95870481330231,14.4851699451546,149.959161908888,0,-34.7425456975862,1,1,1,1,1,0,0,1.15736974197197e-14,1.95870481330232,14.4851699451546,108.1797980464,46.078364869102,9.74988680016499,54.0430061937697,149.959161908888,3.35113155897186,3.71951498155852,3.71951498155853,0.909487874591457,6,6,6,0.976002866382317,0.964116865458372,0.704735535915902,0.91705102274566,0.519280670247775,0.000821484551341494,0.00108894120186942,-0.429704213842412,0,-285.822653403892,0.94283617800979,finite_geometry;outside_sufficient_bound;
1,3,27,5,3,0.75,0.5,1.74440269795831,5.40967248470086,7,0.8125,0.75463255968769,0.131664563692909,1.99599800582781,14.558539779558,149.959161908888,0,-30.6852913340606,1,1,1,1,1,0,0,9.78117568576054e-15,1.99599800582781,14.558539779558,117.96352592464,65.0011621665145,9.74988680016499,70.8252972565791,149.959161908888,3.35113155897186,4.59959459220383,4.59959459220385,0.747468551006463,6,7,7,1,1,3.71107696248029,0.747468551006463,0.566022633204814,0.00073780541457997,0.00149683975869186,-0.213379779146177,0,-285.822653403892,0.94283617800979,finite_geometry;outside_sufficient_bound;
1,3,28,5,4,0.75,0.75,2.61660404693747,12.1717630905769,7,1.125,0.988614314098717,0.0533426359093601,2.05601626491662,14.6560270021739,149.959161908888,0,-23.9232007281845,1,1,1,1,1,0,0,8.12294163460747e-15,2.05601626491661,14.6560270021739,132.298505494114,87.761397101313,9.74988680016499,93.7874155578819,149.959161908888,3.35113155897186,5.50222905344634,5.50222905344635,0.598429793474372,6,7,7,1,1,7.07754879428495,0.598429793474372,0.566022633204814,0.00073780541457997,0.00149683975869186,-0.0643410216140852,0,-285.822653403892,0.94283617800979,finite_geometry;outside_sufficient_bound;
1,3,29,5,5,0.75,1,3.48880539591662,21.6386899388034,7,1.5625,1.3145397182212,-0.0249792918741891,2.17718725126656,14.7771543020448,149.959161908888,0,-14.456273879958,0,1,1,0,0,0,0,NaN,NaN,NaN,NaN,NaN,NaN,NaN,NaN,3.35113155897186,NaN,6.13435358593736,0.477727349727258,6,NaN,NaN,NaN,NaN,NaN,NaN,NaN,NaN,NaN,NaN,0,NaN,NaN,negative_rate;
1,3,30,5,6,0.75,1.25,4.36100674489578,33.8104530293804,7,2.125,1.73240877205514,-0.103301219657738,2.2983582376165,14.9213459797347,169.713953060288,0,-2.28451078938105,0,0,1,0,0,0,0,NaN,NaN,NaN,NaN,NaN,NaN,NaN,NaN,3.35113155897186,NaN,6.50379540336052,0.383516451432802,6,NaN,NaN,NaN,NaN,NaN,NaN,NaN,NaN,NaN,NaN,0,NaN,NaN,negative_rate;modulation_envelope;
1,3,31,6,1,1,0.1,0.348880539591662,0.121717630905769,7,1.01,1.00955422804753,-0.00695562706360198,2.21676135641576,14.6031535610682,149.959161908888,0,-35.9732461878556,0,1,1,0,0,0,0,NaN,NaN,NaN,NaN,NaN,NaN,NaN,NaN,3.35113155897186,NaN,3.3859082826719,0.990222904580547,6,NaN,NaN,NaN,NaN,NaN,NaN,NaN,NaN,NaN,NaN,0,NaN,NaN,negative_rate;
1,3,32,6,2,1,0.25,0.872201348979155,0.760735193161058,7,1.0625,1.05146866503225,-0.0539487837337316,2.23913727193106,14.6352395580425,149.959161908888,0,-35.3342286256003,0,1,1,0,0,0,0,NaN,NaN,NaN,NaN,NaN,NaN,NaN,NaN,3.35113155897186,NaN,3.56322098655792,0.944882692804663,6,NaN,NaN,NaN,NaN,NaN,NaN,NaN,NaN,NaN,NaN,0,NaN,NaN,negative_rate;
1,3,33,6,3,1,0.5,1.74440269795831,3.04294077264423,7,1.25,1.19488097977595,-0.13227071151728,2.27643046445656,14.7080760270866,149.959161908888,0,-33.0520230461172,0,1,1,0,0,0,0,NaN,NaN,NaN,NaN,NaN,NaN,NaN,NaN,3.35113155897186,NaN,4.12526212468351,0.829479033777519,6,NaN,NaN,NaN,NaN,NaN,NaN,NaN,NaN,NaN,NaN,0,NaN,NaN,negative_rate;
1,3,34,6,4,1,0.75,2.61660404693747,6.84661673844952,7,1.5625,1.43023694423111,-0.210592639300829,2.31372365698206,14.8047924240207,160.474532764035,0,-29.2483470803119,0,1,1,0,0,0,0,NaN,NaN,NaN,NaN,NaN,NaN,NaN,NaN,3.35113155897186,NaN,4.84096865973655,0.707823441565366,6,NaN,NaN,NaN,NaN,NaN,NaN,NaN,NaN,NaN,NaN,0,NaN,NaN,negative_rate;
1,3,35,6,5,1,1,3.48880539591662,12.1717630905769,7,2,1.75753655839772,-0.288914567084378,2.38131693825863,14.9249245164132,175.302777079349,0,-23.9232007281845,0,0,1,0,0,0,0,NaN,NaN,NaN,NaN,NaN,NaN,NaN,NaN,3.35113155897186,NaN,5.50222905344635,0.598429793474371,6,NaN,NaN,NaN,NaN,NaN,NaN,NaN,NaN,NaN,NaN,0,NaN,NaN,negative_rate;modulation_envelope;
1,3,36,6,6,1,1.25,4.36100674489578,19.0183798290265,7,2.5625,2.17677982227579,-0.367236494867927,2.50248792460857,15.0679122550351,192.589908155762,0,-17.076583989735,0,0,1,0,0,0,0,NaN,NaN,NaN,NaN,NaN,NaN,NaN,NaN,3.35113155897186,NaN,6.00435338011818,0.505247124793935,6,NaN,NaN,NaN,NaN,NaN,NaN,NaN,NaN,NaN,NaN,0,NaN,NaN,negative_rate;modulation_envelope;
2,1,1,1,1,0.1,0.1,0.365261652826176,13.341607502531,7,0.02,0.0177167489815662,0.438352860913055,1.48540742301547,14.2766007372729,157.900726175849,0,-17.07317456276,1,0,1,0,0,0,0,NaN,NaN,NaN,NaN,NaN,NaN,NaN,NaN,3.87785510591372,NaN,5.82711580495035,0.593128071279917,5,NaN,NaN,NaN,NaN,NaN,NaN,NaN,NaN,NaN,NaN,0,NaN,NaN,modulation_envelope;
2,1,2,1,2,0.1,0.25,0.91315413206544,83.3850468908187,7,0.0725000000000001,0.058784878692871,0.440273297162277,1.53792961411731,14.3152368539448,157.900726175849,1,52.9702648255276,1,0,1,0,0,0,0,NaN,NaN,NaN,NaN,NaN,NaN,NaN,NaN,3.87785510591372,NaN,6.89439568398798,0.213960175997724,5,NaN,NaN,NaN,NaN,NaN,NaN,NaN,NaN,NaN,NaN,0,NaN,NaN,modulation_envelope;
2,1,3,1,3,0.1,0.5,1.82630826413088,333.540187563275,7,0.26,0.20587977818226,0.42402488365024,1.62988661267143,14.4008000445157,157.900726175849,1,303.125405497984,1,0,1,0,0,0,0,NaN,NaN,NaN,NaN,NaN,NaN,NaN,NaN,3.87785510591372,NaN,6.99167285974049,0.0662854352807487,5,NaN,NaN,NaN,NaN,NaN,NaN,NaN,NaN,NaN,NaN,0,NaN,NaN,modulation_envelope;
2,1,4,1,4,0.1,0.75,2.73946239619632,750.465422017368,7,0.5725,0.451284698468168,0.397318744389906,1.72184361122555,14.5124071304932,163.726246055581,1,720.050639952077,1,1,1,1,1,1,1,1.01780040721029e-14,1.72184361122554,14.515983826572,151.317139703599,153.181477075621,10.5718308021478,163.726246055581,157.900726175849,3.87785510591372,6.99828089713345,6.99828089713345,0.0308605326928216,5,7,7,1,1,6.65660045949735,0.0308605326928215,0.582068350538755,0.000698573648820343,-0.00107811178695749,0.519273956501406,0,-286.006539329048,0.94279929375277,certified_feasible
2,1,5,1,5,0.1,1,3.65261652826176,1334.1607502531,7,1.01,0.794999639550593,0.370612605129573,1.84845410181169,14.6494628769022,181.647125479736,1,1303.74596818781,1,1,1,1,1,1,1,7.9175668147557e-15,1.84845410181169,14.6509609387974,168.145876638321,169.961946652553,11.7139506428739,181.647125479736,157.900726175849,3.87785510591372,6.9994475633372,6.9994475633372,0.0176545751135447,5,7,7,1,1,11.8226395714687,0.0176545751135446,0.582068350538755,0.000698573648820343,-0.00107811178695749,0.532479914080683,0,-286.006539329048,0.94279929375277,certified_feasible
2,1,6,1,6,0.1,1.25,4.5657706603272,2084.62617227047,7,1.5725,1.23702460142954,0.331779188831238,1.9780855530662,14.8112608343708,202.143194986033,1,2054.21139020518,1,1,1,1,1,1,1,6.3115501783529e-15,1.97808555306619,14.8116673485817,187.396268101443,189.150014819638,13.0237676638688,202.143194986033,157.900726175849,3.87785510591372,6.99977208963963,6.99977208963964,0.011388890391326,5,7,7,1,1,18.4646898582891,0.0113888903913259,0.582068350538755,0.000698573648820343,-0.00107811178695749,0.538745598802902,0,-286.006539329048,0.94279929375277,certified_feasible
2,1,7,2,1,0.2,0.1,0.365261652826176,3.33540187563275,7,0.05,0.0475686962994109,0.390895966461537,1.56208714857891,14.2896066410335,157.900726175849,0,-27.0793801896583,1,0,1,0,0,0,0,NaN,NaN,NaN,NaN,NaN,NaN,NaN,NaN,3.87785510591372,NaN,4.61961489788306,0.831278081176473,5,NaN,NaN,NaN,NaN,NaN,NaN,NaN,NaN,NaN,NaN,0,NaN,NaN,modulation_envelope;
2,1,8,2,2,0.2,0.25,0.91315413206544,20.8462617227047,7,0.1025,0.0884147469874828,0.392816402710759,1.59454264857178,14.3283542727658,157.900726175849,0,-9.56852034258636,1,0,1,0,0,0,0,NaN,NaN,NaN,NaN,NaN,NaN,NaN,NaN,3.87785510591372,NaN,6.23545684243391,0.494898238992137,5,NaN,NaN,NaN,NaN,NaN,NaN,NaN,NaN,NaN,NaN,0,NaN,NaN,modulation_envelope;
2,1,9,2,3,0.2,0.5,1.82630826413088,83.3850468908187,7,0.29,0.235139514771484,0.396017129792794,1.6864996471259,14.4140824531348,157.900726175849,1,52.9702648255276,1,0,1,0,0,0,0,NaN,NaN,NaN,NaN,NaN,NaN,NaN,NaN,3.87785510591372,NaN,6.89439568398798,0.213960175997724,5,NaN,NaN,NaN,NaN,NaN,NaN,NaN,NaN,NaN,NaN,0,NaN,NaN,modulation_envelope;
2,1,10,2,4,0.2,0.75,2.73946239619632,187.616355504342,7,0.6025,0.480174303352003,0.390226442029054,1.77845664568002,14.5258284730041,157.900726175849,1,157.201573439051,1,1,1,1,1,1,1,1.03020872682803e-14,1.77845664568002,14.5290445628055,139.675169426799,141.478039155219,10.2508115917745,151.212068583591,157.900726175849,3.87785510591372,6.97524705079581,6.9752470507958,0.110868168857368,5,7,7,1,1,6.70025097752832,0.110868168857368,0.582068350538755,0.000698573648820343,-0.00107811178695749,0.43926632033686,0,-286.006539329048,0.94279929375277,certified_feasible
2,1,11,2,5,0.2,1,3.65261652826176,333.540187563275,7,1.04,0.823519112729041,0.363520302768721,1.87041364423414,14.6629975022157,170.350451721327,1,303.125405497984,1,1,1,1,1,1,1,7.87224396522533e-15,1.87041364423413,14.6643956220988,157.651919345094,159.396830616102,10.9799869397085,170.350451721327,157.900726175849,3.87785510591372,6.99167285974049,6.99167285974049,0.0662854352807487,5,7,7,1,1,11.8662900894997,0.0662854352807486,0.582068350538755,0.000698573648820343,-0.00107811178695749,0.483849053913479,0,-286.006539329048,0.94279929375277,certified_feasible
2,1,12,2,6,0.2,1.25,4.5657706603272,521.156543067617,7,1.6025,1.2651739429026,0.321341847103419,1.9679610718632,14.8248838691678,191.964219724677,1,490.741761002326,1,1,1,1,1,1,1,6.30998372776389e-15,1.9679610718632,14.8252830734185,177.952996033972,179.629702619579,12.3627662479528,191.964219724677,157.900726175849,3.87785510591372,6.99649033535236,6.99649033535236,0.0437057806840933,5,7,7,1,1,18.5083403763201,0.0437057806840932,0.582068350538755,0.000698573648820343,-0.00107811178695749,0.506428708510135,0,-286.006539329048,0.94279929375277,certified_feasible
2,1,13,3,1,0.35,0.1,0.365261652826176,1.08911081653314,7,0.1325,0.129846617276178,0.31971062478426,1.67710673692407,14.3180294752034,157.900726175849,0,-29.3256712487579,1,0,1,0,0,0,0,NaN,NaN,NaN,NaN,NaN,NaN,NaN,NaN,3.87785510591372,NaN,4.1464778543146,0.931218405471437,5,NaN,NaN,NaN,NaN,NaN,NaN,NaN,NaN,NaN,NaN,0,NaN,NaN,modulation_envelope;
2,1,14,3,2,0.35,0.25,0.91315413206544,6.80694260333214,7,0.185,0.170359549429401,0.321631061033481,1.70615891143903,14.3569198374611,157.900726175849,0,-23.6078394619589,1,0,1,0,0,0,0,NaN,NaN,NaN,NaN,NaN,NaN,NaN,NaN,3.87785510591372,NaN,5.17363995119085,0.72472662242598,5,NaN,NaN,NaN,NaN,NaN,NaN,NaN,NaN,NaN,NaN,0,NaN,NaN,modulation_envelope;
2,1,15,3,3,0.35,0.5,1.82630826413088,27.2277704133286,7,0.3725,0.316529119655319,0.324831788115517,1.77141919880761,14.4428420199286,157.900726175849,0,-3.18701165196247,1,1,1,1,1,1,0,1.25463661021904e-14,1.77141919880796,14.4462410858877,106.473277616663,108.19377899623,10.2508115917745,116.942160132513,157.900726175849,3.87785510591372,6.43931282369983,6.43931282369984,0.43503601378025,5,7,7,1,1,3.13026196499111,0.435036013780251,0.582068350538755,0.000698573648820343,-0.00107811178695749,0.115098475413977,0,-286.006539329048,0.94279929375277,outside_sufficient_bound;
2,1,16,3,4,0.35,0.75,2.73946239619632,61.2624834299892,7,0.685,0.561008710677757,0.328032515197553,1.86337619736172,14.5547279970266,157.900726175849,1,30.8477013646982,1,1,1,1,1,1,1,9.62543953556373e-15,1.86337619736173,14.5570038406732,123.152712695777,124.828942717001,10.2508115917745,133.40984489543,157.900726175849,3.87785510591372,6.82428467273784,6.82428467273785,0.266993060270835,5,7,7,1,1,6.82028990211354,0.266993060270835,0.582068350538755,0.000698573648820343,-0.00107811178695749,0.283141428923393,0,-286.006539329048,0.94279929375277,certified_feasible
2,1,17,3,5,0.35,1,3.65261652826176,108.911081653314,7,1.1225,0.903798322496712,0.331233242279589,1.95533319591584,14.6919846033042,157.900726175849,1,78.4962995880232,1,1,1,1,1,1,1,7.61703459281096e-15,1.95533319591584,14.6930328568661,143.055195109125,144.660991534315,10.2508115917745,154.594830717119,157.900726175849,3.87785510591372,6.9335164040037,6.9335164040037,0.174192775755604,5,7,7,1,1,11.9863290140849,0.174192775755604,0.582068350538755,0.000698573648820343,-0.00107811178695749,0.375941713438624,0,-286.006539329048,0.94279929375277,certified_feasible
2,1,18,3,6,0.35,1.25,4.5657706603272,170.173565083303,7,1.685,1.34489795511219,0.305685834511689,2.04729019446996,14.8539085483084,177.982401350242,1,139.758783018012,1,1,1,1,1,1,1,6.23363114759512e-15,2.04729019446996,14.8542240622776,165.071559475268,166.551812986306,11.4554374636326,177.982401350242,157.900726175849,3.87785510591372,6.97033886705968,6.97033886705968,0.120571853014993,5,7,7,1,1,18.6283793009053,0.120571853014993,0.582068350538755,0.000698573648820343,-0.00107811178695749,0.429562636179235,0,-286.006539329048,0.94279929375277,certified_feasible
2,1,19,4,1,0.5,0.1,0.365261652826176,0.53366430010124,7,0.26,0.257124538252945,0.248525283106983,1.79212632526923,14.3570908420812,157.900726175849,0,-29.8811177651898,1,1,1,1,1,0,0,1.50524861509834e-14,1.79212632526923,14.357424940003,79.6873587256505,71.6391132269142,10.2508115917745,81.6139017639101,157.900726175849,3.87785510591372,4.01288669924602,4.01288669924603,0.963569367662359,5,6,6,0.982396846547196,0.97757938541626,0.288989418502938,0.967307796692935,0.529186566367566,0.000770845599747008,-0.00198225584092138,-0.470055091669895,0,-286.006539329048,0.94279929375277,finite_geometry;outside_sufficient_bound;
2,1,20,4,2,0.5,0.25,0.91315413206544,3.33540187563275,7,0.3125,0.297304351871318,0.250445719356204,1.82117849978419,14.3960945249165,157.900726175849,0,-27.0793801896583,1,1,1,1,1,0,0,1.40632317336909e-14,1.82117849978419,14.3971358241915,83.3602984638059,76.4480188924746,10.2508115917745,85.9009285354675,157.900726175849,3.87785510591372,4.61961489788306,4.61961489788306,0.831278081176473,5,6,6,0.982396846547196,0.957346048666328,0.28898941850294,0.8402574485059,0.529186566367566,0.000770845599747008,-0.00198225584092138,-0.34300474348286,0,-286.006539329048,0.94279929375277,finite_geometry;outside_sufficient_bound;
2,1,21,4,3,0.5,0.5,1.82630826413088,13.341607502531,7,0.5,0.442918724539155,0.25364644643824,1.86959879064246,14.4821468559435,157.900726175849,0,-17.07317456276,1,1,1,1,1,0,0,1.09841522095694e-14,1.86959879064246,14.4838040916567,95.5069605659119,90.5854723344204,10.2508115917745,98.7441318991806,157.900726175849,3.87785510591372,5.82711580495034,5.82711580495035,0.593128071279917,5,7,7,1,1,3.31577666662281,0.593128071279917,0.582068350538755,0.000698573648820343,-0.00107811178695749,-0.0429935820856892,0,-286.006539329048,0.94279929375277,finite_geometry;outside_sufficient_bound;
2,1,22,4,4,0.5,0.75,2.73946239619632,30.0186168806947,7,0.8125,0.68684311800351,0.256847173520276,1.94829574904343,14.5940912908402,157.900726175849,0,-0.396165184596303,1,1,1,1,1,1,0,8.77415364861588e-15,1.94829574904356,14.59536611436,112.970731070442,109.705617034879,10.2508115917745,117.239708768717,157.900726175849,3.87785510591372,6.50421896717605,6.50421896717606,0.413374515759523,5,7,7,1,1,7.00580460374523,0.413374515759523,0.582068350538755,0.000698573648820343,-0.00107811178695749,0.136759973434705,0,-286.006539329048,0.94279929375277,outside_sufficient_bound;
2,1,23,4,5,0.5,1,3.65261652826176,53.3664300101239,7,1.25,1.02907753226438,0.260047900602312,2.04025274759755,14.7313375738636,157.900726175849,1,22.9516479448329,1,1,1,1,1,1,1,7.19226362324196e-15,2.04025274759756,14.7319664736428,133.683802482309,131.655168624116,10.2508115917745,140.690129485709,157.900726175849,3.87785510591372,6.78159951098062,6.78159951098062,0.293029794597532,5,7,7,1,1,12.1718437157166,0.293029794597532,0.582068350538755,0.000698573648820343,-0.00107811178695749,0.257104694596696,0,-286.006539329048,0.94279929375277,certified_feasible
2,1,24,4,6,0.5,1.25,4.5657706603272,83.3850468908187,7,1.8125,1.46962196732177,0.263248627684348,2.13220974615167,14.8931862234498,166.106145475888,1,52.9702648255276,1,1,1,1,1,1,1,5.90994780041875e-15,2.13220974615167,14.893382214428,156.360156111317,155.451593000042,10.6777556123951,166.106145475888,157.900726175849,3.87785510591372,6.89439568398798,6.89439568398798,0.213960175997724,5,7,7,1,1,18.813894002537,0.213960175997724,0.582068350538755,0.000698573648820343,-0.00107811178695749,0.336174313196503,0,-286.006539329048,0.94279929375277,certified_feasible
2,1,25,5,1,0.75,0.1,0.365261652826176,0.237184133378329,7,0.5725,0.569254406547557,0.129883046978187,1.98382563917783,14.4747701996168,157.900726175849,0,-30.1775979319127,1,1,1,1,1,0,0,1.09793231572307e-14,1.98382563917783,14.4747701996168,113.339166557265,37.3365636758238,10.2508115917745,47.0586872264308,157.900726175849,3.87785510591372,3.93868984887192,3.93868984887193,0.982996292856947,5,6,6,0.982396846547196,0.980209003937513,0.650226191631613,0.984950850430654,0.529186566367566,0.000770845599747008,-0.00198225584092138,-0.487698145407615,0,-286.006539329048,0.94279929375277,finite_geometry;outside_sufficient_bound;
2,1,26,5,2,0.75,0.25,0.91315413206544,1.48240083361455,7,0.625,0.608879022607848,0.131803483227409,2.0128778136928,14.4847171542657,157.900726175849,0,-28.9323812316765,1,1,1,1,1,0,0,1.03690511334357e-14,2.01287781369279,14.4847971402179,115.749100989139,45.3803869569064,10.2508115917745,53.7204252607477,157.900726175849,3.87785510591372,4.23690729299873,4.23690729299873,0.910715596818807,5,6,6,0.982396846547196,0.969871447606762,0.650226191631613,0.917611995942776,0.529186566367566,0.000770845599747008,-0.00198225584092138,-0.420359290919737,0,-286.006539329048,0.94279929375277,finite_geometry;outside_sufficient_bound;
2,1,27,5,3,0.75,0.5,1.82630826413088,5.92960333445822,7,0.8125,0.753568066012214,0.135004210309445,2.06129810455106,14.5708467043481,157.900726175849,0,-24.4851787308328,1,1,1,1,1,0,0,9.08558250555696e-15,2.06129810455106,14.5710961567895,124.469006894681,65.9002797172727,10.2508115917745,71.9677517534984,157.900726175849,3.87785510591372,5.05091800724579,5.05091800724579,0.748163999426409,5,7,7,1,1,3.77046956277892,0.74816399942641,0.582068350538755,0.000698573648820343,-0.00107811178695749,-0.198029510232182,0,-286.006539329048,0.94279929375277,finite_geometry;outside_sufficient_bound;
2,1,28,5,4,0.75,0.75,2.73946239619632,13.341607502531,7,1.125,0.996567130213098,0.138204937391481,2.10971839540933,14.6827109004307,157.900726175849,0,-17.07317456276,1,1,1,1,1,0,0,7.6599815834315e-15,2.10971839540933,14.6829790999372,138.041223481936,90.3700865508494,10.2508115917745,96.5594386527365,157.900726175849,3.87785510591372,5.82711580495035,5.82711580495035,0.593128071279917,5,7,7,1,1,7.46049749990135,0.593128071279918,0.582068350538755,0.000698573648820343,-0.00107811178695749,-0.0429935820856899,0,-286.006539329048,0.94279929375277,finite_geometry;outside_sufficient_bound;
2,1,29,5,5,0.75,1,3.65261652826176,23.7184133378329,7,1.5625,1.3378762152105,0.141405664473517,2.18178533373373,14.8197269931374,157.900726175849,0,-6.69636872745815,1,1,1,1,1,1,0,6.45336438567906e-15,2.18178533373397,14.8198809852316,155.197910710548,116.427066905806,10.2508115917745,124.393643098447,157.900726175849,3.87785510591372,6.3386060214492,6.33860602144921,0.465921527991526,5,7,7,1,1,12.6265366118727,0.465921527991527,0.582068350538755,0.000698573648820343,-0.00107811178695749,0.0842129612027013,0,-286.006539329048,0.94279929375277,outside_sufficient_bound;
2,1,30,5,6,0.75,1.25,4.5657706603272,37.0600208403638,7,2.125,1.77749532100442,0.144606391555553,2.27374233228784,14.9812048907324,174.887306580369,1,6.64523877507283,1,0,1,0,0,0,0,NaN,NaN,NaN,NaN,NaN,NaN,NaN,NaN,3.87785510591372,NaN,6.62618867146835,0.3675239525103,5,NaN,NaN,NaN,NaN,NaN,NaN,NaN,NaN,NaN,NaN,0,NaN,NaN,modulation_envelope;
2,1,31,6,1,1,0.1,0.365261652826176,0.13341607502531,7,1.01,1.00638427484217,0.0112408108493923,2.17552495308644,14.6425629638072,157.900726175849,0,-30.2813659902657,1,1,1,1,1,0,0,8.52537921260213e-15,2.17552495308643,14.6425629638072,147.664720157635,11.06502254387,10.2508115917745,15.2191489227606,157.900726175849,3.87785510591372,3.91223729407627,3.91223729407627,0.990253942231266,5,6,6,0.982396846547196,0.981156708038242,1.15595767401175,0.991424322353776,0.529186566367566,0.000770845599747008,-0.00198225584092138,-0.494171617330737,0,-286.006539329048,0.94279929375277,finite_geometry;outside_sufficient_bound;
2,1,32,6,2,1,0.25,0.91315413206544,0.833850468908187,7,1.0625,1.04545369334438,0.0131612470986139,2.2045771276014,14.6356713686834,157.900726175849,0,-29.5809315963828,1,1,1,1,1,0,0,8.21163674839612e-15,2.20457712760139,14.6356713686834,149.365929072615,27.662556359675,10.2508115917745,29.5197021685706,157.900726175849,3.87785510591372,4.08595138072693,4.08595138072693,0.945523005713404,5,6,6,0.982396846547196,0.975028964817529,1.15595767401176,0.9505768929215,0.529186566367566,0.000770845599747008,-0.00198225584092138,-0.453324187898461,0,-286.006539329048,0.94279929375277,finite_geometry;outside_sufficient_bound;
2,1,33,6,3,1,0.5,1.82630826413088,3.33540187563275,7,1.25,1.18921740748527,0.0163619741806496,2.25299741845967,14.6880662470376,157.900726175849,0,-27.0793801896583,1,1,1,1,1,0,0,7.61445170537231e-15,2.25299741845966,14.6880820839177,155.970828061756,55.3251127193501,10.2508115917745,59.0394043371413,157.900726175849,3.87785510591372,4.61961489788306,4.61961489788306,0.831278081176473,5,6,6,0.982396846547196,0.957346048666328,1.15595767401175,0.840257448505899,0.529186566367566,0.000770845599747008,-0.00198225584092138,-0.34300474348286,0,-286.006539329048,0.94279929375277,finite_geometry;outside_sufficient_bound;
2,1,34,6,4,1,0.75,2.73946239619632,7.50465422017368,7,1.5625,1.43129114242269,0.0195627012626855,2.30141770931793,14.7996357535288,166.76865427982,0,-22.9101278451173,1,1,1,1,1,0,0,6.54915565323211e-15,2.30141770931793,14.799660228558,166.76865427982,82.9876690790251,10.2508115917745,88.559106505712,166.76865427982,3.87785510591372,5.26403732163551,5.26403732163551,0.70735953697517,5,7,7,1,1,8.09706755451989,0.70735953697517,0.582068350538755,0.000698573648820343,-0.00107811178695749,-0.157225047780942,0,-286.006539329048,0.94279929375277,finite_geometry;outside_sufficient_bound;
2,1,35,6,5,1,1,3.65261652826176,13.341607502531,7,2,1.77167489815662,0.0227634283447215,2.3498380001762,14.9361651657437,181.010594440827,0,-17.07317456276,1,0,1,0,0,0,0,NaN,NaN,NaN,NaN,NaN,NaN,NaN,NaN,3.87785510591372,NaN,5.82711580495035,0.593128071279917,5,NaN,NaN,NaN,NaN,NaN,NaN,NaN,NaN,NaN,NaN,0,NaN,NaN,modulation_envelope;
2,1,36,6,6,1,1.25,4.5657706603272,20.8462617227047,7,2.5625,2.21036867468707,0.0259641554267573,2.41527491842402,15.0969773246536,197.954673990863,0,-9.56852034258636,1,0,1,0,0,0,0,NaN,NaN,NaN,NaN,NaN,NaN,NaN,NaN,3.87785510591372,NaN,6.23545684243391,0.494898238992137,5,NaN,NaN,NaN,NaN,NaN,NaN,NaN,NaN,NaN,NaN,0,NaN,NaN,modulation_envelope;
2,2,1,1,1,0.1,0.1,0.365261652826176,13.341607502531,7,0.02,0.0181604528853771,0.449104311018186,1.47244870116188,14.3162766092951,157.900726175849,0,-17.07317456276,1,0,1,0,0,0,0,NaN,NaN,NaN,NaN,NaN,NaN,NaN,NaN,3.87785510591372,NaN,5.82711580495035,0.593128071279917,5,NaN,NaN,NaN,NaN,NaN,NaN,NaN,NaN,NaN,NaN,0,NaN,NaN,modulation_envelope;
2,2,2,1,2,0.1,0.25,0.91315413206544,83.3850468908187,7,0.0725,0.0609010343794085,0.453259510653253,1.49363968994459,14.4150217928637,157.900726175849,1,52.9702648255276,1,0,1,0,0,0,0,NaN,NaN,NaN,NaN,NaN,NaN,NaN,NaN,3.87785510591372,NaN,6.89439568398798,0.213960175997724,5,NaN,NaN,NaN,NaN,NaN,NaN,NaN,NaN,NaN,NaN,0,NaN,NaN,modulation_envelope;
2,2,3,1,3,0.1,0.5,1.82630826413088,333.540187563275,7,0.26,0.213468409312036,0.426719205903014,1.64980928263361,14.6002608232968,157.900726175849,1,303.125405497984,1,0,1,0,0,0,0,NaN,NaN,NaN,NaN,NaN,NaN,NaN,NaN,3.87785510591372,NaN,6.99167285974049,0.0662854352807487,5,NaN,NaN,NaN,NaN,NaN,NaN,NaN,NaN,NaN,NaN,0,NaN,NaN,modulation_envelope;
2,2,4,1,4,0.1,0.75,2.73946239619632,750.465422017368,7,0.5725,0.467702124797882,0.381113764333832,1.82065228932383,14.8104778677562,164.752822498128,1,720.050639952077,1,1,1,1,1,1,1,9.84252485380635e-15,1.82065228932382,14.8104778677562,153.844305614859,154.128149056501,10.6459405010377,164.752822498128,157.900726175849,3.87785510591372,6.99828089713345,6.99828089713345,0.0308605326928216,5,7,7,1,1,6.65660045949734,0.0308605326928218,0.582068350538755,0.000698573648820343,-0.00107811178695749,0.519273956501406,0,-286.006539329048,0.94279929375277,certified_feasible
2,2,5,1,5,0.1,1,3.65261652826176,1334.1607502531,7,1.01,0.823602180836947,0.33550832276465,1.99149529601404,15.0446259168427,183.488472753185,1,1303.74596818781,1,1,1,1,1,1,1,7.4966859244103e-15,1.99149529601404,15.0446259168427,171.756916852325,171.680234874912,11.8303546247286,183.488472753185,157.900726175849,3.87785510591372,6.9994475633372,6.9994475633372,0.0176545751135447,5,7,7,1,1,11.8226395714688,0.0176545751135448,0.582068350538755,0.000698573648820343,-0.00107811178695749,0.532479914080683,0,-286.006539329048,0.94279929375277,certified_feasible
2,2,6,1,6,0.1,1.25,4.5657706603272,2084.62617227047,7,1.5725,1.28116857742923,0.24141187735153,2.16233830270426,15.3016064198375,204.89194734143,1,2054.21139020518,1,1,1,1,1,1,1,6.20562160349319e-15,2.16233830270425,15.3016064198375,192.095146395346,191.730170884401,13.1851967612542,204.89194734143,157.900726175849,3.87785510591372,6.99977208963963,6.99977208963964,0.011388890391326,5,7,7,1,1,18.4646898582891,0.0113888903913261,0.582068350538755,0.000698573648820343,-0.00107811178695749,0.538745598802902,0,-286.006539329048,0.94279929375277,certified_feasible
2,2,7,2,1,0.2,0.1,0.365261652826176,3.33540187563275,7,0.05,0.0481875985264968,0.401647416566668,1.54912842672532,14.33109622114,157.900726175849,0,-27.0793801896583,1,0,1,0,0,0,0,NaN,NaN,NaN,NaN,NaN,NaN,NaN,NaN,3.87785510591372,NaN,4.61961489788306,0.831278081176473,5,NaN,NaN,NaN,NaN,NaN,NaN,NaN,NaN,NaN,NaN,0,NaN,NaN,modulation_envelope;
2,2,8,2,2,0.2,0.25,0.91315413206544,20.8462617227047,7,0.1025,0.0909688984822076,0.419695027973585,1.55874251845991,14.4294375857573,157.900726175849,0,-9.56852034258636,1,0,1,0,0,0,0,NaN,NaN,NaN,NaN,NaN,NaN,NaN,NaN,3.87785510591372,NaN,6.23545684243391,0.494898238992137,5,NaN,NaN,NaN,NaN,NaN,NaN,NaN,NaN,NaN,NaN,0,NaN,NaN,modulation_envelope;
2,2,9,2,3,0.2,0.5,1.82630826413088,83.3850468908187,7,0.29,0.243604137517634,0.421989556774748,1.60590299119327,14.6139962549207,157.900726175849,1,52.9702648255276,1,0,1,0,0,0,0,NaN,NaN,NaN,NaN,NaN,NaN,NaN,NaN,3.87785510591372,NaN,6.89439568398798,0.213960175997724,5,NaN,NaN,NaN,NaN,NaN,NaN,NaN,NaN,NaN,NaN,0,NaN,NaN,modulation_envelope;
2,2,10,2,4,0.2,0.75,2.73946239619632,187.616355504342,7,0.6025,0.497905717106279,0.414514388843451,1.76374365174618,14.8235279127422,157.900726175849,1,157.201573439051,1,1,1,1,1,1,1,9.71177427400554e-15,1.76374365174618,14.8235279127422,142.465604230241,142.558966073561,10.2508115917745,152.377660218731,157.900726175849,3.87785510591372,6.97524705079581,6.9752470507958,0.110868168857368,5,7,7,1,1,6.70025097752833,0.110868168857369,0.582068350538755,0.000698573648820343,-0.00107811178695749,0.439266320336859,0,-286.006539329048,0.94279929375277,certified_feasible
2,2,11,2,5,0.2,1,3.65261652826176,333.540187563275,7,1.04,0.853873637248143,0.368908947274269,1.93458665843639,15.0569900300258,172.376975085377,1,303.125405497984,1,1,1,1,1,1,1,7.47080031152394e-15,1.93458665843639,15.0569900300257,161.564226977993,161.2943224571,11.1028449534913,172.376975085377,157.900726175849,3.87785510591372,6.99167285974049,6.99167285974049,0.0662854352807487,5,7,7,1,1,11.8662900894997,0.0662854352807491,0.582068350538755,0.000698573648820343,-0.00107811178695749,0.483849053913479,0,-286.006539329048,0.94279929375277,certified_feasible
2,2,12,2,6,0.2,1.25,4.5657706603272,521.156543067617,7,1.6025,1.31150789794323,0.317476778222538,2.10542966512661,15.3132881345641,194.927820193284,1,490.741761002326,1,1,1,1,1,1,1,6.06836160111133e-15,2.1054296651266,15.3132881345641,182.968000357548,182.418191996746,12.5313359722541,194.927820193284,157.900726175849,3.87785510591372,6.99649033535236,6.99649033535236,0.0437057806840933,5,7,7,1,1,18.5083403763201,0.0437057806840936,0.582068350538755,0.000698573648820343,-0.00107811178695749,0.506428708510134,0,-286.006539329048,0.94279929375277,certified_feasible
2,2,13,3,1,0.35,0.1,0.365261652826176,1.08911081653314,7,0.1325,0.130728316988176,0.330462074889391,1.66414801507049,14.3670690598577,157.900726175849,0,-29.3256712487579,1,0,1,0,0,0,0,NaN,NaN,NaN,NaN,NaN,NaN,NaN,NaN,3.87785510591372,NaN,4.1464778543146,0.931218405471437,5,NaN,NaN,NaN,NaN,NaN,NaN,NaN,NaN,NaN,NaN,0,NaN,NaN,modulation_envelope;
2,2,14,3,2,0.35,0.25,0.91315413206544,6.80694260333214,7,0.185,0.173570694636406,0.348509686296308,1.67376210680507,14.4647133646893,157.900726175849,0,-23.6078394619589,1,0,1,0,0,0,0,NaN,NaN,NaN,NaN,NaN,NaN,NaN,NaN,3.87785510591372,NaN,5.17363995119085,0.72472662242598,5,NaN,NaN,NaN,NaN,NaN,NaN,NaN,NaN,NaN,NaN,0,NaN,NaN,modulation_envelope;
2,2,15,3,3,0.35,0.5,1.82630826413088,27.2277704133286,7,0.3725,0.326307729826031,0.373714142383401,1.69039353129304,14.648082886071,157.900726175849,0,-3.18701165196247,1,1,1,1,1,1,0,1.24408322260688e-14,1.69039353129307,14.648082886071,108.526273507782,108.752496747671,10.2508115917745,117.539454472784,157.900726175849,3.87785510591372,6.43931282369983,6.43931282369984,0.43503601378025,5,7,7,1,1,3.13026196499113,0.43503601378025,0.582068350538755,0.000698573648820343,-0.00107811178695749,0.115098475413978,0,-286.006539329048,0.94279929375277,outside_sufficient_bound;
2,2,16,3,4,0.35,0.75,2.73946239619632,61.2624834299892,7,0.685,0.580711105568875,0.374627798099127,1.76531575373955,14.8563995468361,157.900726175849,1,30.8477013646982,1,1,1,1,1,1,1,9.13861116986479e-15,1.76531575373955,14.8563995468361,126.404267439733,126.148487636458,10.2508115917745,134.822207562259,157.900726175849,3.87785510591372,6.82428467273784,6.82428467273785,0.266993060270835,5,7,7,1,1,6.82028990211356,0.266993060270835,0.582068350538755,0.000698573648820343,-0.00107811178695749,0.283141428923393,0,-286.006539329048,0.94279929375277,certified_feasible
2,2,17,3,5,0.35,1,3.65261652826176,108.911081653314,7,1.1225,0.936780821864938,0.341280472936117,1.91221575894453,15.0886301066961,157.900726175849,1,78.4962995880232,1,1,1,1,1,1,1,7.16627771620808e-15,1.91221575894452,15.0886301066961,147.46478996018,146.858826709917,10.2508115917745,156.931234532512,157.900726175849,3.87785510591372,6.9335164040037,6.9335164040037,0.174192775755604,5,7,7,1,1,11.9863290140849,0.174192775755604,0.582068350538755,0.000698573648820343,-0.00107811178695749,0.375941713438624,0,-286.006539329048,0.94279929375277,certified_feasible
2,2,18,3,6,0.35,1.25,4.5657706603272,170.173565083303,7,1.685,1.39451687871422,0.258739168503476,2.0591157641495,15.3436887755715,181.289714429966,1,139.758783018012,1,1,1,1,1,1,1,5.99159458676096e-15,2.0591157641495,15.3436887755715,170.532778064977,169.674180999338,11.6349341703052,181.289714429966,157.900726175849,3.87785510591372,6.97033886705968,6.97033886705968,0.120571853014993,5,7,7,1,1,18.6283793009053,0.120571853014994,0.582068350538755,0.000698573648820343,-0.00107811178695749,0.429562636179234,0,-286.006539329048,0.94279929375277,certified_feasible
2,2,19,4,1,0.5,0.1,0.365261652826176,0.53366430010124,7,0.26,0.258269035449856,0.259276733212113,1.77916760341565,14.4194200960004,157.900726175849,0,-29.8811177651898,1,1,1,1,1,0,0,1.52058764083737e-14,1.77916760341565,14.4194200960004,79.7249005526417,71.6083943001488,10.2508115917745,81.6100307108319,157.900726175849,3.87785510591372,4.01288669924603,4.01288669924603,0.963569367662359,5,6,6,0.982396846547196,0.97757938541626,0.288989418502939,0.967307796692934,0.529186566367566,0.000770845599747008,-0.00198225584092138,-0.470055091669895,0,-286.006539329048,0.94279929375277,finite_geometry;outside_sufficient_bound;
2,2,20,4,2,0.5,0.25,0.91315413206544,3.33540187563275,7,0.3125,0.301172490790605,0.277324344619031,1.78878169515023,14.5162613805019,157.900726175849,0,-27.0793801896583,1,1,1,1,1,0,0,1.40012602462587e-14,1.78878169515023,14.5162613805019,83.628778579112,76.5713408943949,10.2508115917745,86.0654493975603,157.900726175849,3.87785510591372,4.61961489788306,4.61961489788306,0.831278081176473,5,6,6,0.982396846547196,0.957346048666328,0.28898941850294,0.840257448505899,0.529186566367566,0.000770845599747008,-0.00198225584092138,-0.34300474348286,0,-286.006539329048,0.94279929375277,finite_geometry;outside_sufficient_bound;
2,2,21,4,3,0.5,0.5,1.82630826413088,13.341607502531,7,0.5,0.454011322134429,0.307403696963893,1.80480518137454,14.6982456775852,157.900726175849,0,-17.07317456276,1,1,1,1,1,0,0,1.1033108769736e-14,1.80480518137453,14.6982456775852,96.4925814241921,91.3402505233045,10.2508115917745,99.53170328125,157.900726175849,3.87785510591372,5.82711580495035,5.82711580495035,0.593128071279917,5,7,7,1,1,3.31577666662282,0.593128071279917,0.582068350538755,0.000698573648820343,-0.00107811178695749,-0.042993582085689,0,-286.006539329048,0.94279929375277,finite_geometry;outside_sufficient_bound;
2,2,22,4,4,0.5,0.75,2.73946239619632,30.0186168806947,7,0.8125,0.708516494031471,0.324146798036149,1.83082034590831,14.9051294282771,157.900726175849,0,-0.396165184596303,1,1,1,1,1,1,0,8.72754389199759e-15,1.83082034590836,14.9051294282771,114.872114103942,111.313301767978,10.2508115917745,118.949457416925,157.900726175849,3.87785510591372,6.50421896717605,6.50421896717606,0.413374515759523,5,7,7,1,1,7.00580460374524,0.413374515759523,0.582068350538755,0.000698573648820343,-0.00107811178695749,0.136759973434705,0,-286.006539329048,0.94279929375277,outside_sufficient_bound;
2,2,23,4,5,0.5,1,3.65261652826176,53.3664300101239,7,1.25,1.06468800648173,0.282542863217055,1.92509658249201,15.1358916583124,157.900726175849,1,22.9516479448329,1,1,1,1,1,1,1,6.91658512424838e-15,1.92509658249201,15.1358916583124,136.558139973597,134.186435979396,10.2508115917745,143.369692653881,157.900726175849,3.87785510591372,6.78159951098063,6.78159951098062,0.293029794597532,5,7,7,1,1,12.1718437157167,0.293029794597532,0.582068350538755,0.000698573648820343,-0.00107811178695749,0.257104694596696,0,-286.006539329048,0.94279929375277,certified_feasible
2,2,24,4,6,0.5,1.25,4.5657706603272,83.3850468908187,7,1.8125,1.52252585948521,0.200001558784414,2.07199658769699,15.3894582443336,169.555099004272,1,52.9702648255276,1,1,1,1,1,1,1,5.65536485490234e-15,2.07199658769698,15.3894582443336,160.213567630592,158.710701330284,10.861898435026,169.555099004272,160.213567630592,3.87785510591372,6.89439568398799,6.89439568398798,0.213960175997724,5,7,7,1,1,18.813894002537,0.213960175997725,0.582068350538755,0.000698573648820343,-0.00107811178695749,0.336174313196503,0,-286.006539329048,0.94279929375277,certified_feasible
2,2,25,5,1,0.75,0.1,0.365261652826176,0.237184133378329,7,0.5725,0.570836899552655,0.140634497083318,1.97086691732425,14.5425623694314,157.900726175849,0,-30.1775979319127,1,1,1,1,1,0,0,1.10106369801345e-14,1.97086691732425,14.5425623694314,113.389234853966,37.3495094323884,10.2508115917745,47.1089744356961,157.900726175849,3.87785510591372,3.93868984887192,3.93868984887193,0.982996292856947,5,6,6,0.982396846547196,0.980209003937513,0.650226191631613,0.984950850430654,0.529186566367566,0.000770845599747008,-0.00198225584092138,-0.487698145407614,0,-286.006539329048,0.94279929375277,finite_geometry;outside_sufficient_bound;
2,2,26,5,2,0.75,0.25,0.91315413206544,1.48240083361455,7,0.625,0.613842151047603,0.158682108490236,1.98048100905883,14.6378437909388,157.900726175849,0,-28.9323812316765,1,1,1,1,1,0,0,1.04707382480032e-14,1.98048100905883,14.6378437909388,116.000456119746,45.7347610431685,10.2508115917745,54.1072485022086,157.900726175849,3.87785510591372,4.23690729299873,4.23690729299873,0.910715596818807,5,6,6,0.982396846547196,0.969871447606762,0.65022619163161,0.917611995942776,0.529186566367566,0.000770845599747008,-0.00198225584092138,-0.420359290919736,0,-286.006539329048,0.94279929375277,finite_geometry;outside_sufficient_bound;
2,2,27,5,3,0.75,0.5,1.82630826413088,5.92960333445822,7,0.8125,0.766850642648424,0.153714307351886,1.99650449528314,14.8171079861946,157.900726175849,0,-24.4851787308328,1,1,1,1,1,0,0,9.19039921300675e-15,1.99650449528314,14.8171079861946,125.333989076329,67.1341702972199,10.2508115917745,73.22806875146,157.900726175849,3.87785510591372,5.05091800724579,5.05091800724579,0.748163999426409,5,7,7,1,1,3.77046956277893,0.748163999426409,0.582068350538755,0.000698573648820343,-0.00107811178695749,-0.198029510232181,0,-286.006539329048,0.94279929375277,finite_geometry;outside_sufficient_bound;
2,2,28,5,4,0.75,0.75,2.73946239619632,13.341607502531,7,1.125,1.02152547480246,0.136996124019508,2.01252798150744,15.0211445317798,157.900726175849,0,-17.07317456276,1,1,1,1,1,0,0,7.66630470812659e-15,2.01252798150744,15.0211445317798,139.745663550308,92.141542969776,10.2508115917745,98.4305515608619,157.900726175849,3.87785510591372,5.82711580495035,5.82711580495035,0.593128071279917,5,7,7,1,1,7.46049749990136,0.593128071279918,0.582068350538755,0.000698573648820343,-0.00107811178695749,-0.0429935820856899,0,-286.006539329048,0.94279929375277,finite_geometry;outside_sufficient_bound;
2,2,29,5,5,0.75,1,3.65261652826176,23.7184133378329,7,1.5625,1.37786664750972,0.12027794068713,2.02855146773175,15.248959071298,157.900726175849,0,-6.69636872745815,1,1,1,1,1,1,0,6.3931128173937e-15,2.02855146773175,15.248959071298,157.850659833848,118.494175914855,10.2508115917745,126.571445037836,157.900726175849,3.87785510591372,6.33860602144921,6.33860602144921,0.465921527991526,5,7,7,1,1,12.6265366118728,0.465921527991526,0.582068350538755,0.000698573648820343,-0.00107811178695749,0.0842129612027016,0,-286.006539329048,0.94279929375277,outside_sufficient_bound;
2,2,30,5,6,0.75,1.25,4.5657706603272,37.0600208403638,7,2.125,1.8358741607702,0.102105542585977,2.09346462694279,15.499503160265,178.528848661445,1,6.64523877507283,1,0,1,0,0,0,0,NaN,NaN,NaN,NaN,NaN,NaN,NaN,NaN,3.87785510591372,NaN,6.62618867146835,0.3675239525103,5,NaN,NaN,NaN,NaN,NaN,NaN,NaN,NaN,NaN,NaN,0,NaN,NaN,modulation_envelope;
2,2,31,6,1,1,0.1,0.365261652826176,0.13341607502531,7,1.01,1.00840476365545,-0.00668727333295116,2.16256623123285,14.7095557878045,157.900726175849,0,-30.2813659902657,0,1,1,0,0,0,0,NaN,NaN,NaN,NaN,NaN,NaN,NaN,NaN,3.87785510591372,NaN,3.91223729407627,0.990253942231266,5,NaN,NaN,NaN,NaN,NaN,NaN,NaN,NaN,NaN,NaN,0,NaN,NaN,negative_rate;
2,2,32,6,2,1,0.25,0.91315413206544,0.833850468908187,7,1.0625,1.0515118113046,-0.0167181833323775,2.17218032296743,14.8030255039527,157.900726175849,0,-29.5809315963828,0,1,1,0,0,0,0,NaN,NaN,NaN,NaN,NaN,NaN,NaN,NaN,3.87785510591372,NaN,4.08595138072693,0.945523005713404,5,NaN,NaN,NaN,NaN,NaN,NaN,NaN,NaN,NaN,NaN,0,NaN,NaN,negative_rate;
2,2,33,6,3,1,0.5,1.82630826413088,3.33540187563275,7,1.25,1.20468996316242,-0.0334363666647554,2.18820380919174,14.9790994052488,157.900726175849,0,-27.0793801896583,0,1,1,0,0,0,0,NaN,NaN,NaN,NaN,NaN,NaN,NaN,NaN,3.87785510591372,NaN,4.61961489788306,0.831278081176473,5,NaN,NaN,NaN,NaN,NaN,NaN,NaN,NaN,NaN,NaN,0,NaN,NaN,negative_rate;
2,2,34,6,4,1,0.75,2.73946239619632,7.50465422017368,7,1.5625,1.45953445557346,-0.0501545499971328,2.20422729541604,15.1797611857833,168.345261767172,0,-22.9101278451173,0,1,1,0,0,0,0,NaN,NaN,NaN,NaN,NaN,NaN,NaN,NaN,3.87785510591372,NaN,5.26403732163551,0.70735953697517,5,NaN,NaN,NaN,NaN,NaN,NaN,NaN,NaN,NaN,NaN,0,NaN,NaN,negative_rate;
2,2,35,6,5,1,1,3.65261652826176,13.341607502531,7,2,1.81604528853771,-0.0668727333295106,2.22025078164035,15.4040499890757,183.506420072812,0,-17.07317456276,0,1,1,0,0,0,0,NaN,NaN,NaN,NaN,NaN,NaN,NaN,NaN,3.87785510591372,NaN,5.82711580495035,0.593128071279917,5,NaN,NaN,NaN,NaN,NaN,NaN,NaN,NaN,NaN,NaN,0,NaN,NaN,negative_rate;
2,2,36,6,6,1,1.25,4.5657706603272,20.8462617227047,7,2.5625,2.27422246205519,-0.0835909166618882,2.23627426786466,15.6509500739703,201.444554099957,0,-9.56852034258636,0,0,1,0,0,0,0,NaN,NaN,NaN,NaN,NaN,NaN,NaN,NaN,3.87785510591372,NaN,6.23545684243391,0.494898238992137,5,NaN,NaN,NaN,NaN,NaN,NaN,NaN,NaN,NaN,NaN,0,NaN,NaN,negative_rate;modulation_envelope;
2,3,1,1,1,0.1,0.1,0.365261652826176,13.341607502531,7,0.02,0.0178437001065729,0.441211293259332,1.46524002097469,14.2828103580201,157.900726175849,0,-17.07317456276,1,0,1,0,0,0,0,NaN,NaN,NaN,NaN,NaN,NaN,NaN,NaN,3.87785510591372,NaN,5.82711580495035,0.593128071279917,5,NaN,NaN,NaN,NaN,NaN,NaN,NaN,NaN,NaN,NaN,0,NaN,NaN,modulation_envelope;
2,3,2,1,2,0.1,0.25,0.91315413206544,83.3850468908187,7,0.0725,0.0595417830485368,0.447419378027969,1.52279513745608,14.331214159487,157.900726175849,1,52.9702648255276,1,0,1,0,0,0,0,NaN,NaN,NaN,NaN,NaN,NaN,NaN,NaN,3.87785510591372,NaN,6.89439568398798,0.213960175997724,5,NaN,NaN,NaN,NaN,NaN,NaN,NaN,NaN,NaN,NaN,0,NaN,NaN,modulation_envelope;
2,3,3,1,3,0.1,0.5,1.82630826413088,333.540187563275,7,0.26,0.208858675370755,0.414161153672929,1.61872033159173,14.4324170998658,157.900726175849,1,303.125405497984,1,0,1,0,0,0,0,NaN,NaN,NaN,NaN,NaN,NaN,NaN,NaN,3.87785510591372,NaN,6.99167285974049,0.0662854352807487,5,NaN,NaN,NaN,NaN,NaN,NaN,NaN,NaN,NaN,NaN,0,NaN,NaN,modulation_envelope;
2,3,4,1,4,0.1,0.75,2.73946239619632,750.465422017368,7,0.5725,0.457950676966656,0.371972419195946,1.71464552572738,14.5588069013524,162.724369003839,1,720.050639952077,1,1,1,1,1,1,1,9.96049483401122e-15,1.71464552572738,14.5588069013524,150.849264587279,152.241967565201,10.5063617676731,162.724369003839,157.900726175849,3.87785510591372,6.99828089713345,6.99828089713345,0.0308605326928216,5,7,7,1,1,6.65660045949732,0.0308605326928217,0.582068350538755,0.000698573648820343,-0.00107811178695749,0.519273956501406,0,-286.006539329048,0.94279929375277,certified_feasible
2,3,5,1,5,0.1,1,3.65261652826176,1334.1607502531,7,1.01,0.806817787836238,0.329783684718963,1.81057071986303,14.7097343424068,180.240174600439,1,1303.74596818781,1,1,1,1,1,1,1,7.72996379152603e-15,1.81057071986303,14.7097343424068,167.394505150103,168.644157072571,11.620548015713,180.240174600439,157.900726175849,3.87785510591372,6.9994475633372,6.9994475633372,0.0176545751135447,5,7,7,1,1,11.8226395714687,0.0176545751135447,0.582068350538755,0.000698573648820343,-0.00107811178695749,0.532479914080683,0,-286.006539329048,0.94279929375277,certified_feasible
2,3,6,1,6,0.1,1.25,4.5657706603272,2084.62617227047,7,1.5725,1.2554600079795,0.252146078619812,1.95345969755843,14.8844530112615,200.334926496733,1,2054.21139020518,1,1,1,1,1,1,1,6.26255173582753e-15,1.95345969755843,14.8844530112615,186.340278820461,187.457851715595,12.9023142753659,200.334926496733,157.900726175849,3.87785510591372,6.99977208963963,6.99977208963964,0.011388890391326,5,7,7,1,1,18.4646898582891,0.011388890391326,0.582068350538755,0.000698573648820343,-0.00107811178695749,0.538745598802902,0,-286.006539329048,0.94279929375277,certified_feasible
2,3,7,2,1,0.2,0.1,0.365261652826176,3.33540187563275,7,0.05,0.0477053914712513,0.393754398807814,1.52707805746429,14.2977119926666,157.900726175849,0,-27.0793801896583,1,0,1,0,0,0,0,NaN,NaN,NaN,NaN,NaN,NaN,NaN,NaN,3.87785510591372,NaN,4.61961489788306,0.831278081176473,5,NaN,NaN,NaN,NaN,NaN,NaN,NaN,NaN,NaN,NaN,0,NaN,NaN,modulation_envelope;
2,3,8,2,2,0.2,0.25,0.91315413206544,20.8462617227047,7,0.1025,0.0891960114602327,0.399962483576451,1.58463317394568,14.3458321100065,157.900726175849,0,-9.56852034258636,1,0,1,0,0,0,0,NaN,NaN,NaN,NaN,NaN,NaN,NaN,NaN,3.87785510591372,NaN,6.23545684243391,0.494898238992137,5,NaN,NaN,NaN,NaN,NaN,NaN,NaN,NaN,NaN,NaN,0,NaN,NaN,modulation_envelope;
2,3,9,2,3,0.2,0.5,1.82630826413088,83.3850468908187,7,0.29,0.238167132194147,0.41030929152418,1.68055836808133,14.4465463539492,157.900726175849,1,52.9702648255276,1,0,1,0,0,0,0,NaN,NaN,NaN,NaN,NaN,NaN,NaN,NaN,3.87785510591372,NaN,6.89439568398798,0.213960175997724,5,NaN,NaN,NaN,NaN,NaN,NaN,NaN,NaN,NaN,NaN,0,NaN,NaN,modulation_envelope;
2,3,10,2,4,0.2,0.75,2.73946239619632,187.616355504342,7,0.602500000000001,0.486913362201744,0.385981577291082,1.77648356221698,14.5724306542204,157.900726175849,1,157.201573439051,1,1,1,1,1,1,1,9.70339318399297e-15,1.77648356221698,14.5724306542204,139.227329108009,140.518894423351,10.2508115917745,150.188746350985,157.900726175849,3.87785510591372,6.97524705079581,6.9752470507958,0.110868168857368,5,7,7,1,1,6.70025097752832,0.110868168857369,0.582068350538755,0.000698573648820343,-0.00107811178695749,0.439266320336859,0,-286.006539329048,0.94279929375277,certified_feasible
2,3,11,2,5,0.2,1,3.65261652826176,333.540187563275,7,1.04,0.835434701483022,0.343792842814099,1.87240875635263,14.7228393923954,168.922950028947,1,303.125405497984,1,1,1,1,1,1,1,7.4906000171837e-15,1.87240875635263,14.7228393923954,156.920283395014,158.060435146976,10.884614452137,168.922950028947,157.900726175849,3.87785510591372,6.99167285974049,6.99167285974049,0.0662854352807487,5,7,7,1,1,11.8662900894997,0.0662854352807488,0.582068350538755,0.000698573648820343,-0.00107811178695749,0.483849053913479,0,-286.006539329048,0.94279929375277,certified_feasible
2,3,12,2,6,0.2,1.25,4.5657706603272,521.156543067617,7,1.6025,1.28373115003798,0.242316463870009,1.96833395048828,14.8970297496995,190.14081235926,1,490.741761002326,1,1,1,1,1,1,1,6.13624349430963e-15,1.96833395048828,14.8970297496994,176.918232354686,177.924146917319,12.2395652033278,190.14081235926,157.900726175849,3.87785510591372,6.99649033535236,6.99649033535236,0.0437057806840933,5,7,7,1,1,18.5083403763201,0.0437057806840934,0.582068350538755,0.000698573648820343,-0.00107811178695749,0.506428708510135,0,-286.006539329048,0.94279929375277,certified_feasible
2,3,13,3,1,0.35,0.1,0.365261652826176,1.08911081653314,7,0.1325,0.129997928518269,0.322569057130537,1.63369426937084,14.3338394378798,157.900726175849,0,-29.3256712487579,1,0,1,0,0,0,0,NaN,NaN,NaN,NaN,NaN,NaN,NaN,NaN,3.87785510591372,NaN,4.1464778543146,0.931218405471437,5,NaN,NaN,NaN,NaN,NaN,NaN,NaN,NaN,NaN,NaN,0,NaN,NaN,modulation_envelope;
2,3,14,3,2,0.35,0.25,0.91315413206544,6.80694260333214,7,0.185,0.171177354077777,0.328777141899174,1.67739022868008,14.3814894376824,157.900726175849,0,-23.6078394619589,1,0,1,0,0,0,0,NaN,NaN,NaN,NaN,NaN,NaN,NaN,NaN,3.87785510591372,NaN,5.17363995119085,0.72472662242598,5,NaN,NaN,NaN,NaN,NaN,NaN,NaN,NaN,NaN,NaN,0,NaN,NaN,modulation_envelope;
2,3,15,3,3,0.35,0.5,1.82630826413088,27.2277704133286,7,0.3725,0.319629817429235,0.339123949846903,1.77331542281573,14.4813776598713,157.900726175849,0,-3.18701165196247,1,1,1,1,1,1,0,1.25856947192005e-14,1.77331542281573,14.4813776598713,106.308837788174,107.581856738622,10.2508115917745,116.433371392349,157.900726175849,3.87785510591372,6.43931282369984,6.43931282369984,0.43503601378025,5,7,7,1,1,3.13026196499113,0.43503601378025,0.582068350538755,0.000698573648820343,-0.00107811178695749,0.115098475413977,0,-286.006539329048,0.94279929375277,outside_sufficient_bound;
2,3,16,3,4,0.35,0.75,2.73946239619632,61.2624834299892,7,0.685,0.567857390054376,0.349470757794631,1.86924061695138,14.6063886842852,157.900726175849,1,30.8477013646982,1,1,1,1,1,1,1,9.38675302954612e-15,1.86924061695138,14.6063886842852,122.74524592433,123.840613706289,10.2508115917745,132.354472525621,157.900726175849,3.87785510591372,6.82428467273785,6.82428467273785,0.266993060270835,5,7,7,1,1,6.82028990211354,0.266993060270835,0.582068350538755,0.000698573648820343,-0.00107811178695749,0.283141428923393,0,-286.006539329048,0.94279929375277,certified_feasible
2,3,17,3,5,0.35,1,3.65261652826176,108.911081653314,7,1.1225,0.915860071953197,0.343630063071649,1.96516581108703,14.7558840078107,157.900726175849,1,78.4962995880232,1,1,1,1,1,1,1,7.27843952170397e-15,1.96516581108703,14.7558840078107,142.364255453011,143.302123974089,10.2508115917745,153.142139135806,157.900726175849,3.87785510591372,6.9335164040037,6.9335164040037,0.174192775755604,5,7,7,1,1,11.9863290140849,0.174192775755604,0.582068350538755,0.000698573648820343,-0.00107811178695749,0.375941713438624,0,-286.006539329048,0.94279929375277,certified_feasible
2,3,18,3,6,0.35,1.25,4.5657706603272,170.173565083303,7,1.685,1.3636378631257,0.227572041745305,2.06109100522268,14.9291281156825,176.146487682273,1,139.758783018012,1,1,1,1,1,1,1,5.97743580819998e-15,2.06109100522267,14.9291281156825,164.027822313381,164.835855615015,11.3301668522077,176.146487682273,157.900726175849,3.87785510591372,6.97033886705968,6.97033886705968,0.120571853014993,5,7,7,1,1,18.6283793009053,0.120571853014993,0.582068350538755,0.000698573648820343,-0.00107811178695749,0.429562636179234,0,-286.006539329048,0.94279929375277,certified_feasible
2,3,19,4,1,0.5,0.1,0.365261652826176,0.53366430010124,7,0.26,0.257290465565286,0.25138371545326,1.748713857716,14.3863819600227,157.900726175849,0,-29.8811177651898,1,1,1,1,1,0,0,1.54814172672558e-14,1.748713857716,14.3863819600227,79.4901461408922,71.548778223525,10.2508115917745,81.5509282397624,157.900726175849,3.87785510591372,4.01288669924603,4.01288669924603,0.963569367662359,5,6,6,0.982396846547196,0.97757938541626,0.288989418502938,0.967307796692935,0.529186566367566,0.000770845599747008,-0.00198225584092138,-0.470055091669895,0,-286.006539329048,0.94279929375277,finite_geometry;outside_sufficient_bound;
2,3,20,4,2,0.5,0.25,0.91315413206544,3.33540187563275,7,0.3125,0.298158696695321,0.257591800221897,1.77014728341448,14.4335105233246,157.900726175849,0,-27.0793801896583,1,1,1,1,1,0,0,1.38816013728744e-14,1.77014728341448,14.4335105233246,82.8306570597954,76.1736194679195,10.2508115917745,85.6956228127067,157.900726175849,3.87785510591372,4.61961489788306,4.61961489788306,0.831278081176473,5,6,6,0.982396846547196,0.957346048666328,0.288989418502936,0.8402574485059,0.529186566367566,0.000770845599747008,-0.00198225584092138,-0.343004743482861,0,-286.006539329048,0.94279929375277,finite_geometry;outside_sufficient_bound;
2,3,21,4,3,0.5,0.5,1.82630826413088,13.341607502531,7,0.5,0.446092502664323,0.267938608169626,1.86607247755013,14.5324651852983,157.900726175849,0,-17.07317456276,1,1,1,1,1,0,0,1.09736891013537e-14,1.86607247755013,14.5324651852983,94.4125485172933,89.9453291816473,10.2508115917745,98.2249311506682,157.900726175849,3.87785510591372,5.82711580495035,5.82711580495035,0.593128071279917,5,7,7,1,1,3.31577666662282,0.593128071279918,0.582068350538755,0.000698573648820343,-0.00107811178695749,-0.0429935820856898,0,-286.006539329048,0.94279929375277,finite_geometry;outside_sufficient_bound;
2,3,22,4,4,0.5,0.75,2.73946239619632,30.0186168806947,7,0.8125,0.693801417907007,0.278285416117354,1.96199767168578,14.6564693457819,157.900726175849,0,-0.396165184596303,1,1,1,1,1,1,0,8.71486784034026e-15,1.96199767168577,14.6564693457819,111.368309292262,108.693438665176,10.2508115917745,116.157732553827,157.900726175849,3.87785510591372,6.50421896717606,6.50421896717606,0.413374515759523,5,7,7,1,1,7.00580460374522,0.413374515759523,0.582068350538755,0.000698573648820343,-0.00107811178695749,0.136759973434705,0,-286.006539329048,0.94279929375277,outside_sufficient_bound;
2,3,23,4,5,0.5,1,3.65261652826176,53.3664300101239,7,1.25,1.04128544242337,0.288632224065083,2.05792286582143,14.8048935826209,157.900726175849,1,22.9516479448329,1,1,1,1,1,1,1,7.08586396107066e-15,2.05792286582142,14.8048935826209,131.637497470203,130.287084565737,10.2508115917745,139.226190349214,157.900726175849,3.87785510591372,6.78159951098062,6.78159951098062,0.293029794597532,5,7,7,1,1,12.1718437157166,0.293029794597532,0.582068350538755,0.000698573648820343,-0.00107811178695749,0.257104694596696,0,-286.006539329048,0.94279929375277,certified_feasible
2,3,24,4,6,0.5,1.25,4.5657706603272,83.3850468908187,7,1.8125,1.48854457621342,0.210610401028899,2.15384805995708,14.977011894519,164.059462660402,1,52.9702648255276,1,1,1,1,1,1,1,5.88641678142882e-15,2.15384805995707,14.977011894519,155.204102650709,153.530272679145,10.5736968159848,164.059462660402,157.900726175849,3.87785510591372,6.89439568398799,6.89439568398798,0.213960175997724,5,7,7,1,1,18.813894002537,0.213960175997725,0.582068350538755,0.000698573648820343,-0.00107811178695749,0.336174313196503,0,-286.006539329048,0.94279929375277,certified_feasible
2,3,25,5,1,0.75,0.1,0.365261652826176,0.237184133378329,7,0.5725,0.569444693976982,0.132741479324465,1.9404131716246,14.5099212318472,157.900726175849,0,-30.1775979319127,1,1,1,1,1,0,0,1.11204247968153e-14,1.9404131716246,14.5099212318472,113.224845571215,37.2367411887713,10.2508115917745,47.0078266357094,157.900726175849,3.87785510591372,3.93868984887193,3.93868984887193,0.982996292856947,5,6,6,0.982396846547196,0.980209003937513,0.650226191631615,0.984950850430654,0.529186566367566,0.000770845599747008,-0.00198225584092138,-0.487698145407615,0,-286.006539329048,0.94279929375277,finite_geometry;outside_sufficient_bound;
2,3,26,5,2,0.75,0.25,0.91315413206544,1.48240083361455,7,0.625,0.609794267724561,0.138949564093102,1.92474237463848,14.5560747502548,157.900726175849,0,-28.9323812316765,1,1,1,1,1,0,0,1.05981756495839e-14,1.92474237463847,14.5560747502548,115.427725150966,45.0691379479151,10.2508115917745,53.5199149938428,157.900726175849,3.87785510591372,4.23690729299873,4.23690729299873,0.910715596818807,5,6,6,0.982396846547196,0.969871447606762,0.650226191631613,0.917611995942776,0.529186566367566,0.000770845599747008,-0.00198225584092138,-0.420359290919737,0,-286.006539329048,0.94279929375277,finite_geometry;outside_sufficient_bound;
2,3,27,5,3,0.75,0.5,1.82630826413088,5.92960333445822,7,0.8125,0.756863644722803,0.14929637204083,2.02066756877413,14.6532497041516,157.900726175849,0,-24.4851787308328,1,1,1,1,1,0,0,8.90838559763595e-15,2.02066756877412,14.6532497041516,123.742221605403,65.2283315734843,10.2508115917745,71.4460967232269,157.900726175849,3.87785510591372,5.0509180072458,5.05091800724579,0.748163999426409,5,7,7,1,1,3.77046956277893,0.748163999426409,0.582068350538755,0.000698573648820343,-0.00107811178695749,-0.198029510232182,0,-286.006539329048,0.94279929375277,finite_geometry;outside_sufficient_bound;
2,3,28,5,4,0.75,0.75,2.73946239619632,13.341607502531,7,1.125,1.00370813099473,0.159643179988559,2.11659276290978,14.7752960253385,157.900726175849,0,-17.07317456276,1,1,1,1,1,0,0,7.44605480465538e-15,2.11659276290977,14.7752960253385,136.8834340257,88.9640529251367,10.2508115917745,95.0640528831988,157.900726175849,3.87785510591372,5.82711580495034,5.82711580495035,0.593128071279917,5,7,7,1,1,7.46049749990135,0.593128071279918,0.582068350538755,0.000698573648820343,-0.00107811178695749,-0.0429935820856897,0,-286.006539329048,0.94279929375277,finite_geometry;outside_sufficient_bound;
2,3,29,5,5,0.75,1,3.65261652826176,23.7184133378329,7,1.5625,1.35032772654033,0.169989987936287,2.21251795704542,14.9216034449217,157.900726175849,0,-6.69636872745815,1,1,1,1,1,1,0,6.43655366120051e-15,2.21251795704542,14.9216034449217,153.617613059211,114.742005137817,10.2508115917745,122.58503240122,157.900726175849,3.87785510591372,6.33860602144921,6.33860602144921,0.465921527991526,5,7,7,1,1,12.6265366118727,0.465921527991527,0.582068350538755,0.000698573648820343,-0.00107811178695749,0.0842129612027013,0,-286.006539329048,0.94279929375277,outside_sufficient_bound;
2,3,30,5,6,0.75,1.25,4.5657706603272,37.0600208403638,7,2.125,1.79672243135962,0.148558392316033,2.30844315118107,15.0914663663132,172.904676055521,1,6.64523877507283,1,0,1,0,0,0,0,NaN,NaN,NaN,NaN,NaN,NaN,NaN,NaN,3.87785510591372,NaN,6.62618867146835,0.3675239525103,5,NaN,NaN,NaN,NaN,NaN,NaN,NaN,NaN,NaN,NaN,0,NaN,NaN,modulation_envelope;
2,3,31,6,1,1,0.1,0.365261652826176,0.13341607502531,7,1.01,1.00659892238868,0.0140992431956694,2.1321124855332,14.6774013112344,157.900726175849,0,-30.2813659902657,1,1,1,1,1,0,0,8.5482256002736e-15,2.1321124855332,14.6774013112344,147.595593917512,11.0693932976938,10.2508115917745,15.2423423846598,157.900726175849,3.87785510591372,3.91223729407627,3.91223729407627,0.990253942231266,5,6,6,0.982396846547196,0.981156708038242,1.15595767401175,0.991424322353776,0.529186566367566,0.000770845599747008,-0.00198225584092138,-0.494171617330737,0,-286.006539329048,0.94279929375277,finite_geometry;outside_sufficient_bound;
2,3,32,6,2,1,0.25,0.91315413206544,0.833850468908187,7,1.0625,1.0464298387538,0.0203073279643065,2.09604595871832,14.7224612441315,157.900726175849,0,-29.5809315963828,1,1,1,1,1,0,0,8.3254205192364e-15,2.09604595871831,14.7224612441315,149.16304195815,27.6734832442346,10.2508115917745,29.5652317222722,157.900726175849,3.87785510591372,4.08595138072692,4.08595138072693,0.945523005713404,5,6,6,0.982396846547196,0.975028964817529,1.15595767401176,0.9505768929215,0.529186566367566,0.000770845599747008,-0.00198225584092138,-0.453324187898461,0,-286.006539329048,0.94279929375277,finite_geometry;outside_sufficient_bound;
2,3,33,6,3,1,0.5,1.82630826413088,3.33540187563275,7,1.25,1.19263478678128,0.0306541359120351,2.17526265999812,14.8176035938474,157.900726175849,0,-27.0793801896583,1,1,1,1,1,0,0,7.43177590206545e-15,2.17526265999812,14.8176035938474,155.479763526522,55.3469664884692,10.2508115917745,59.1304634445443,157.900726175849,3.87785510591372,4.61961489788306,4.61961489788306,0.831278081176473,5,6,6,0.982396846547196,0.957346048666328,1.15595767401175,0.840257448505899,0.529186566367566,0.000770845599747008,-0.00198225584092138,-0.343004743482859,0,-286.006539329048,0.94279929375277,finite_geometry;outside_sufficient_bound;
2,3,34,6,4,1,0.75,2.73946239619632,7.50465422017368,7,1.5625,1.43861484408245,0.0410009438597638,2.27118785413377,14.9373732105345,165.93571066781,0,-22.9101278451173,1,1,1,1,1,0,0,6.51702291220244e-15,2.27118785413377,14.9373732105345,165.93571066781,83.0204497327038,10.2508115917745,88.6956951668165,165.93571066781,3.87785510591372,5.26403732163551,5.26403732163551,0.70735953697517,5,7,7,1,1,8.0970675545199,0.70735953697517,0.582068350538755,0.000698573648820343,-0.00107811178695749,-0.157225047780942,0,-286.006539329048,0.94279929375277,finite_geometry;outside_sufficient_bound;
2,3,35,6,5,1,1,3.65261652826176,13.341607502531,7,2,1.78437001065729,0.0322670257310876,2.36711304826942,15.0811833615316,179.81024084271,0,-17.07317456276,1,0,1,0,0,0,0,NaN,NaN,NaN,NaN,NaN,NaN,NaN,NaN,3.87785510591372,NaN,5.82711580495035,0.593128071279917,5,NaN,NaN,NaN,NaN,NaN,NaN,NaN,NaN,NaN,NaN,0,NaN,NaN,modulation_envelope;
2,3,36,6,6,1,1.25,4.5657706603272,20.8462617227047,7,2.5625,2.22990028650582,-0.00569334832765844,2.46303824240507,15.248353869334,196.380102804509,0,-9.56852034258636,0,0,1,0,0,0,0,NaN,NaN,NaN,NaN,NaN,NaN,NaN,NaN,3.87785510591372,NaN,6.23545684243391,0.494898238992137,5,NaN,NaN,NaN,NaN,NaN,NaN,NaN,NaN,NaN,NaN,0,NaN,NaN,negative_rate;modulation_envelope;
3,1,1,1,1,0.1,0.1,0.352336705510794,12.41411540502,7,0.02,0.0176040182144198,0.597073916023857,1.54916413086395,14.6089159716157,160.88376897701,0,-19.3270081463159,1,0,1,0,0,0,0,NaN,NaN,NaN,NaN,NaN,NaN,NaN,NaN,3.19316170308708,NaN,5.39272040701041,0.621697606516357,5,NaN,NaN,NaN,NaN,NaN,NaN,NaN,NaN,NaN,NaN,0,NaN,NaN,modulation_envelope;
3,1,2,1,2,0.1,0.25,0.880841763776984,77.5882212813748,7,0.0725,0.0577541242242108,0.56889507858894,1.6150857866687,14.6548678023967,160.88376897701,1,45.8470977300389,1,0,1,0,0,0,0,NaN,NaN,NaN,NaN,NaN,NaN,NaN,NaN,3.19316170308708,NaN,6.84475227688027,0.244273111287987,5,NaN,NaN,NaN,NaN,NaN,NaN,NaN,NaN,NaN,NaN,0,NaN,NaN,modulation_envelope;
3,1,3,1,3,0.1,0.5,1.76168352755397,310.352885125499,7,0.26,0.201321844075626,0.521930349530745,1.72495521300995,14.7513001841968,160.88376897701,1,278.611761574163,1,0,1,0,0,0,0,NaN,NaN,NaN,NaN,NaN,NaN,NaN,NaN,3.19316170308708,NaN,6.98767662624445,0.0788873936250807,5,NaN,NaN,NaN,NaN,NaN,NaN,NaN,NaN,NaN,NaN,0,NaN,NaN,modulation_envelope;
3,1,4,1,4,0.1,0.75,2.64252529133095,698.293991532373,7,0.5725,0.440703159554244,0.47496562047255,1.83482463935119,14.8721110880755,170.7177270975,1,666.552867981037,1,1,1,1,1,1,1,1.06225846144744e-14,1.8348246393512,14.8721110880755,156.921724092965,159.76308241893,10.9813251406919,170.7177270975,160.88376897701,3.19316170308708,6.99745473717975,6.99745473717975,0.037122064441845,5,7,7,1,1,6.19174668759362,0.0371220644418454,0.597211042302129,0.000764211017807588,0.000909647910251277,0.528155116515757,0,-285.686648675915,0.942862724634642,certified_feasible
3,1,5,1,5,0.1,1,3.52336705510794,1241.411540502,7,1.01,0.775898070660068,0.410955145253881,1.94469406569244,15.016712142844,186.120771993607,1,1209.67041695066,1,1,1,1,1,1,1,8.08827390384141e-15,1.94469406569244,15.016712142844,171.313081964861,174.182645759814,11.9648535698883,186.120771993607,160.88376897701,3.19316170308708,6.99918200988136,6.99918200988136,0.0213229300642828,5,7,7,1,1,10.9986491324972,0.021322930064283,0.597211042302129,0.000764211017807588,0.000909647910251277,0.543954250893319,0,-285.686648675915,0.942862724634642,certified_feasible
3,1,6,1,6,0.1,1.25,4.40420881888492,1939.70553203437,7,1.5725,1.20690657739309,0.251590077099611,2.05456349203369,15.1844237038891,204.060745211242,1,1907.96440848303,1,1,1,1,1,1,1,6.59890149955643e-15,2.05456349203369,15.1844237038891,188.115118941788,190.972058233587,13.115780597981,204.060745211242,160.88376897701,3.19316170308708,6.99966252678301,6.99966252678301,0.0137820090669767,5,7,7,1,1,17.1789522759446,0.0137820090669768,0.597211042302129,0.000764211017807588,0.000909647910251277,0.551495171890625,0,-285.686648675915,0.942862724634642,certified_feasible
3,1,7,2,1,0.2,0.1,0.352336705510794,3.10352885125499,7,0.05,0.0475429487786633,0.572194562882864,1.56108358750842,14.6175234846434,160.88376897701,0,-28.6375947000809,1,0,1,0,0,0,0,NaN,NaN,NaN,NaN,NaN,NaN,NaN,NaN,3.19316170308708,NaN,3.97050896102825,0.840386804825651,5,NaN,NaN,NaN,NaN,NaN,NaN,NaN,NaN,NaN,NaN,0,NaN,NaN,modulation_envelope;
3,1,8,2,2,0.2,0.25,0.880841763776984,19.3970553203437,7,0.1025,0.0876014506348195,0.558732375803871,1.62700524331317,14.6611090719482,160.88376897701,0,-12.3440682309922,1,0,1,0,0,0,0,NaN,NaN,NaN,NaN,NaN,NaN,NaN,NaN,3.19316170308708,NaN,5.92438040272949,0.528785006557948,5,NaN,NaN,NaN,NaN,NaN,NaN,NaN,NaN,NaN,NaN,0,NaN,NaN,modulation_envelope;
3,1,9,2,3,0.2,0.5,1.76168352755397,77.5882212813748,7,0.29,0.231016496896843,0.511767646745676,1.73687466965441,14.7567961117564,160.88376897701,1,45.8470977300389,1,0,1,0,0,0,0,NaN,NaN,NaN,NaN,NaN,NaN,NaN,NaN,3.19316170308708,NaN,6.84475227688027,0.244273111287987,5,NaN,NaN,NaN,NaN,NaN,NaN,NaN,NaN,NaN,NaN,0,NaN,NaN,modulation_envelope;
3,1,10,2,4,0.2,0.75,2.64252529133095,174.573497883093,7,0.6025,0.470245138786071,0.464802917687481,1.84674409599566,14.8768635142474,160.88376897701,1,142.832374331757,1,1,1,1,1,1,1,1.03016404471345e-14,1.84674409599566,14.876863514292,143.846955668722,146.654336577704,10.400309538264,156.707793349908,160.88376897701,3.19316170308708,6.96340924944332,6.96340924944332,0.130235827818361,5,7,7,1,1,6.22607732003232,0.130235827818361,0.597211042302129,0.000764211017807588,0.000909647910251277,0.435041353139241,0,-285.686648675915,0.942862724634642,certified_feasible
3,1,11,2,5,0.2,1,3.52336705510794,310.352885125499,7,1.04,0.805287376302502,0.395434432717651,1.95661352233691,15.0207266412897,173.284489484152,1,278.611761574163,1,1,1,1,1,1,1,7.95836261943485e-15,1.95661352233691,15.0207266412897,159.3488106584,162.170275513222,11.1380828082509,173.284489484152,160.88376897701,3.19316170308708,6.98767662624445,6.98767662624445,0.0788873936250807,5,7,7,1,1,11.0329797649359,0.0788873936250812,0.597211042302129,0.000764211017807588,0.000909647910251277,0.486389787332521,0,-285.686648675915,0.942862724634642,certified_feasible
3,1,12,2,6,0.2,1.25,4.40420881888492,484.926383008592,7,1.6025,1.23614320944614,0.236069364563381,2.06648294867815,15.1877093044463,192.35681074888,1,453.185259457256,1,1,1,1,1,1,1,6.46322429836865e-15,2.06648294867815,15.1877093044463,177.221673684476,180.017453168338,12.3637718369499,192.35681074888,160.88376897701,3.19316170308708,6.99480431284642,6.99480431284642,0.0523686311971871,5,7,7,1,1,17.2132829083833,0.0523686311971875,0.597211042302129,0.000764211017807588,0.000909647910251277,0.512908549760415,0,-285.686648675915,0.942862724634642,certified_feasible
3,1,13,3,1,0.35,0.1,0.352336705510794,1.01339717592,7,0.1325,0.129951344625028,0.529227095218929,1.57896277247512,14.6469754293618,160.88376897701,0,-30.7277263754159,1,0,1,0,0,0,0,NaN,NaN,NaN,NaN,NaN,NaN,NaN,NaN,3.19316170308708,NaN,3.46702359963821,0.933252004151548,5,NaN,NaN,NaN,NaN,NaN,NaN,NaN,NaN,NaN,NaN,0,NaN,NaN,modulation_envelope;
3,1,14,3,2,0.35,0.25,0.880841763776984,6.33373234949998,7,0.185,0.169872440250732,0.517502554717046,1.64488442827987,14.6815139747042,160.88376897701,0,-25.4073912018359,1,0,1,0,0,0,0,NaN,NaN,NaN,NaN,NaN,NaN,NaN,NaN,3.19316170308708,NaN,4.59702554007314,0.743051453996091,5,NaN,NaN,NaN,NaN,NaN,NaN,NaN,NaN,NaN,NaN,0,NaN,NaN,modulation_envelope;
3,1,15,3,3,0.35,0.5,1.76168352755397,25.3349293979999,7,0.3725,0.313058476128669,0.485247913545081,1.75475385462112,14.7760134347042,160.88376897701,0,-6.40619415333595,1,1,1,1,1,1,0,1.25610533844715e-14,1.75475385462112,14.7760141057037,110.933519709721,113.594831363363,10.400309538264,122.800291281896,160.88376897701,3.19316170308708,6.20054666056586,6.20054666056587,0.470777130207168,5,7,7,1,1,2.88698481287901,0.470777130207168,0.597211042302129,0.000764211017807588,0.000909647910251277,0.0945000507504336,0,-285.686648675915,0.942862724634642,outside_sufficient_bound;
3,1,16,3,4,0.35,0.75,2.64252529133095,57.0035911454998,7,0.685,0.55205810763381,0.435115043253907,1.86462328096236,14.8948789095076,160.88376897701,1,25.262467594164,1,1,1,1,1,1,1,9.64309356255851e-15,1.86462328096236,14.8948789114227,125.121898965476,127.846144008769,10.400309538264,136.608050806437,160.88376897701,3.19316170308708,6.74291186413192,6.74291186413192,0.300647832031361,5,7,7,1,1,6.32048655923868,0.300647832031361,0.597211042302129,0.000764211017807588,0.000909647910251277,0.264629348926241,0,-285.686648675915,0.942862724634642,certified_feasible
3,1,17,3,5,0.35,1,3.52336705510794,101.339717592,7,1.1225,0.886871334766155,0.372153363913306,1.97449270730361,15.0375326004114,160.88376897701,1,69.5985940406638,1,1,1,1,1,1,1,7.72627498652294e-15,1.97449270730361,15.0375326004115,142.548640009153,145.261380709201,10.400309538264,155.217959366365,160.88376897701,3.19316170308708,6.9020018077412,6.9020018077412,0.201016119969749,5,7,7,1,1,11.1273890041423,0.201016119969749,0.597211042302129,0.000764211017807588,0.000909647910251277,0.364261060987853,0,-285.686648675915,0.942862724634642,certified_feasible
3,1,18,3,6,0.35,1.25,4.40420881888492,158.3433087375,7,1.685,1.3174981575257,0.212788295759036,2.08436213364485,15.2033049025923,176.144590666573,1,126.602185186164,1,1,1,1,1,1,1,6.28335359623341e-15,2.08436213364485,15.2033049025923,162.173121380777,164.840778557276,11.3244634759623,176.144590666573,160.88376897701,3.19316170308708,6.95616853562352,6.95616853562352,0.141241240500058,5,7,7,1,1,17.3076921475896,0.141241240500059,0.597211042302129,0.000764211017807588,0.000909647910251277,0.424035940457543,0,-285.686648675915,0.942862724634642,certified_feasible
3,1,19,4,1,0.5,0.1,0.352336705510794,0.496564616200799,7,0.26,0.257359740471394,0.472137153539284,1.61811037868719,14.6948634338308,160.88376897701,0,-31.2445589351351,1,1,1,1,1,0,0,1.42576994128615e-14,1.61811037868722,14.6948634338308,75.986414435243,78.092912735181,10.400309538264,88.262310678195,160.88376897701,3.19316170308708,3.32977886603755,3.32977886603756,0.96420967065696,5,6,6,0.985120948108746,0.980198713840827,0.272648172334926,0.967860132744647,0.545358707066319,0.000840958342766609,0.00132283682342704,-0.454435287022855,0,-285.686648675915,0.942862724634642,finite_geometry;outside_sufficient_bound;
3,1,20,4,2,0.5,0.25,0.880841763776984,3.10352885125499,7,0.3125,0.297143429866646,0.471195947410713,1.66276361324657,14.7176353133472,160.88376897701,0,-28.6375947000809,1,1,1,1,1,0,0,1.31312642167937e-14,1.66276361324657,14.7183619447339,79.6340794488585,81.9824289854076,10.400309538264,91.7596214077533,160.88376897701,3.19316170308708,3.97050896102825,3.97050896102825,0.840386804825651,5,6,6,0.985120948108746,0.959525329915568,0.272648172334931,0.848637935501912,0.545358707066319,0.000840958342766609,0.00132283682342704,-0.33521308978012,0,-285.686648675915,0.942862724634642,finite_geometry;outside_sufficient_bound;
3,1,21,4,3,0.5,0.5,1.76168352755397,12.41411540502,7,0.5,0.440100455360495,0.419203072967636,1.77263303958782,14.8083507035764,160.88376897701,0,-19.3270081463159,1,1,1,1,1,0,0,1.09394915584258e-14,1.77263303958782,14.8083508841783,91.323476815433,93.8675475882884,10.400309538264,102.574140349221,160.88376897701,3.19316170308708,5.3927204070104,5.39272040701041,0.621697606516357,5,7,7,1,1,3.0328900007434,0.621697606516358,0.597211042302129,0.000764211017807588,0.000909647910251277,-0.0564204255587559,0,-285.686648675915,0.942862724634642,finite_geometry;outside_sufficient_bound;
3,1,22,4,4,0.5,0.75,2.64252529133095,27.9317596612949,7,0.8125,0.67887107648155,0.365390344523583,1.88250246592906,14.9259138224493,160.88376897701,0,-3.80936389004095,1,1,1,1,1,1,0,8.73986216616618e-15,1.88250246592906,14.9259138259027,107.952533957492,110.528257383913,10.400309538264,118.10366962819,160.88376897701,3.19316170308708,6.29004540235163,6.29004540235163,0.449485056950554,5,7,7,1,1,6.46639174710308,0.449485056950554,0.597211042302129,0.000764211017807588,0.000909647910251277,0.115792124007048,0,-285.686648675915,0.942862724634642,outside_sufficient_bound;
3,1,23,4,5,0.5,1,3.52336705510794,49.6564616200799,7,1.25,1.01345529322981,0.31157761607953,1.99237189227031,15.0672386515733,160.88376897701,1,17.915338068744,1,1,1,1,1,1,1,7.14226873834494e-15,1.99237189227031,15.0672386515792,129.172363498664,130.143214316391,10.400309538264,139.068349058684,160.88376897701,3.19316170308708,6.68138234690793,6.68138234690793,0.327812886415588,5,7,7,1,1,11.2732941920066,0.327812886415589,0.597211042302129,0.000764211017807588,0.000909647910251277,0.237464294542013,0,-285.686648675915,0.942862724634642,certified_feasible
3,1,24,4,6,0.5,1.25,4.40420881888492,77.5882212813748,7,1.8125,1.44385310560527,0.189507226954691,2.10224131861156,15.2316637963472,161.972161764555,1,45.8470977300389,1,1,1,1,1,1,1,6.06143822780989e-15,2.10224131861155,15.2316637963472,152.50169063332,151.569779794893,10.4197101094103,161.972161764554,160.88376897701,3.19316170308708,6.84475227688027,6.84475227688027,0.244273111287987,5,7,7,1,1,17.4535973354541,0.244273111287987,0.597211042302129,0.000764211017807588,0.000909647910251277,0.321004069669615,0,-285.686648675915,0.942862724634642,certified_feasible
3,1,25,5,1,0.75,0.1,0.352336705510794,0.220695384978133,7,0.572499999999999,0.569707066882002,0.282771675924694,1.85342423769634,14.8229593455248,160.88376897701,0,-31.5204281663577,1,1,1,1,1,0,0,1.02836534044497e-14,1.85342423769636,14.8229593455248,112.221417692722,40.8821462271226,10.400309538264,50.860288370032,160.88376897701,3.19316170308708,3.25445162810616,3.25445162810616,0.983147292802642,5,5,5,0.956061861597485,0.951838697452301,0.55930535219005,0.987084775228919,0.490215181776057,0.000938717524917421,0.00253719632639898,-0.528803454797389,0,-285.686648675915,0.942862724634642,finite_geometry;outside_sufficient_bound;
3,1,26,5,2,0.75,0.25,0.880841763776984,1.37934615611333,7,0.624999999999999,0.609261745893167,0.277239385485981,1.85588901139666,14.8449454763856,160.88376897701,0,-30.3617773952225,1,1,1,1,1,0,0,9.61511583745429e-15,1.85588901139668,14.8449454763856,114.134167234765,47.5236140004481,10.400309538264,56.3993788296266,160.88376897701,3.19316170308708,3.56112755824328,3.56112755824328,0.913923305244658,5,6,6,0.985120948108746,0.972323139012157,0.613458387753585,0.920419203697204,0.545358707066319,0.000840958342766609,0.00132283682342704,-0.406994357975412,0,-285.686648675915,0.942862724634642,finite_geometry;outside_sufficient_bound;
3,1,27,5,3,0.75,0.5,1.76168352755397,5.51738462445332,7,0.8125,0.751837087413539,0.268018901421458,1.87657919331701,14.9003135718391,160.88376897701,0,-26.2237389268826,1,1,1,1,1,0,0,8.55869663843302e-15,1.8765791933171,14.9003135718391,121.657370467811,65.4932998351535,10.400309538264,72.2730702793008,160.88376897701,3.19316170308708,4.45462049528536,4.45462049528537,0.764455814144274,5,7,7,1,1,3.39050075531297,0.764455814144274,0.597211042302129,0.000764211017807588,0.000909647910251277,-0.199178633186672,0,-285.686648675915,0.942862724634642,finite_geometry;outside_sufficient_bound;
3,1,28,5,4,0.75,0.75,2.64252529133095,12.41411540502,7,1.125,0.990226024561115,0.247836422044507,1.94867225499814,15.0063362043055,160.88376897701,0,-19.3270081463159,1,1,1,1,1,0,0,7.38893928251559e-15,1.94867225499816,15.0063362064667,133.752774962256,87.7799444030746,10.400309538264,93.79875891009,160.88376897701,3.19316170308708,5.39272040701041,5.39272040701041,0.621697606516357,5,7,7,1,1,6.82400250167264,0.621697606516358,0.597211042302129,0.000764211017807588,0.000909647910251277,-0.0564204255587555,0,-285.686648675915,0.942862724634642,finite_geometry;outside_sufficient_bound;
3,1,29,5,5,0.75,1,3.52336705510794,22.0695384978133,7,1.5625,1.32442855733589,0.194023693600453,2.02217053388148,15.145194519698,160.88376897701,0,-9.6715850535226,1,1,1,1,1,1,0,6.40751981776256e-15,2.02217053388148,15.1451945197502,149.313345663602,113.05729687554,10.400309538264,120.805595480986,160.88376897701,3.19316170308708,6.06319340224646,6.06319340224647,0.500852479597846,5,7,7,1,1,11.6309049465762,0.500852479597846,0.597211042302129,0.000764211017807588,0.000909647910251277,0.0644247013597558,0,-285.686648675915,0.942862724634642,outside_sufficient_bound;
3,1,30,5,6,0.75,1.25,4.40420881888492,34.4836539028332,7,2.125,1.75444468573788,0.128402133717088,2.1327083606073,15.3070843753977,167.728822287331,1,2.74253035149736,1,0,1,0,0,0,0,NaN,NaN,NaN,NaN,NaN,NaN,NaN,NaN,3.19316170308708,NaN,6.46033329283365,0.403835310504289,5,NaN,NaN,NaN,NaN,NaN,NaN,NaN,NaN,NaN,NaN,0,NaN,NaN,modulation_envelope;
3,1,31,6,1,1,0.1,0.352336705510794,0.1241411540502,7,1.01,1.00705439329261,-0.00368819362580841,2.0887380967055,15.000928695368,160.88376897701,0,-31.6169823972857,0,1,1,0,0,0,0,NaN,NaN,NaN,NaN,NaN,NaN,NaN,NaN,3.19316170308708,NaN,3.22774922803842,0.990305177753351,5,NaN,NaN,NaN,NaN,NaN,NaN,NaN,NaN,NaN,NaN,0,NaN,NaN,negative_rate;
3,1,32,6,2,1,0.25,0.880841763776984,0.775882212813748,7,1.0625,1.04638006191969,-0.00922048406452158,2.09120287040581,15.0223214507332,160.88376897701,0,-30.9652413385221,0,1,1,0,0,0,0,NaN,NaN,NaN,NaN,NaN,NaN,NaN,NaN,3.19316170308708,NaN,3.40458179606045,0.946862762706246,5,NaN,NaN,NaN,NaN,NaN,NaN,NaN,NaN,NaN,NaN,0,NaN,NaN,negative_rate;
3,1,33,6,3,1,0.5,1.76168352755397,3.10352885125499,7,1.25,1.18857371946658,-0.0184409681290438,2.095310826573,15.0764853151481,160.88376897701,0,-28.6375947000809,0,1,1,0,0,0,0,NaN,NaN,NaN,NaN,NaN,NaN,NaN,NaN,3.19316170308708,NaN,3.97050896102825,0.840386804825651,5,NaN,NaN,NaN,NaN,NaN,NaN,NaN,NaN,NaN,NaN,0,NaN,NaN,negative_rate;
3,1,34,6,4,1,0.75,2.64252529133095,6.98293991532373,7,1.5625,1.42658097264068,-0.0276614521935663,2.09941878274018,15.153561572418,165.631600664911,0,-24.7581836360121,0,1,1,0,0,0,0,NaN,NaN,NaN,NaN,NaN,NaN,NaN,NaN,3.19316170308708,NaN,4.70329333272082,0.727167701568621,5,NaN,NaN,NaN,NaN,NaN,NaN,NaN,NaN,NaN,NaN,0,NaN,NaN,negative_rate;
3,1,35,6,5,1,1,3.52336705510794,12.41411540502,7,2,1.76040182144198,-0.0368819362580886,2.17089194782357,15.2582137495158,178.27108361225,0,-19.3270081463159,0,1,1,0,0,0,0,NaN,NaN,NaN,NaN,NaN,NaN,NaN,NaN,3.19316170308708,NaN,5.39272040701041,0.621697606516357,5,NaN,NaN,NaN,NaN,NaN,NaN,NaN,NaN,NaN,NaN,0,NaN,NaN,negative_rate;
3,1,36,6,6,1,1.25,4.40420881888492,19.3970553203437,7,2.5625,2.19003626587049,-0.0461024203226106,2.24298500950471,15.4172311222387,193.502651579264,0,-12.3440682309922,0,0,1,0,0,0,0,NaN,NaN,NaN,NaN,NaN,NaN,NaN,NaN,3.19316170308708,NaN,5.92438040272949,0.528785006557948,5,NaN,NaN,NaN,NaN,NaN,NaN,NaN,NaN,NaN,NaN,0,NaN,NaN,negative_rate;modulation_envelope;
3,2,1,1,1,0.1,0.1,0.352336705510794,12.41411540502,7,0.02,0.0173551594441322,0.604034414600958,1.53348501057152,14.6046837959083,160.88376897701,0,-19.3270081463159,1,0,1,0,0,0,0,NaN,NaN,NaN,NaN,NaN,NaN,NaN,NaN,3.19316170308708,NaN,5.39272040701041,0.621697606516357,5,NaN,NaN,NaN,NaN,NaN,NaN,NaN,NaN,NaN,NaN,0,NaN,NaN,modulation_envelope;
3,2,2,1,2,0.1,0.25,0.880841763776984,77.5882212813748,7,0.0725,0.0568557279197261,0.590114057575567,1.58565066362296,14.6442525785183,160.88376897701,1,45.8470977300389,1,0,1,0,0,0,0,NaN,NaN,NaN,NaN,NaN,NaN,NaN,NaN,3.19316170308708,NaN,6.84475227688027,0.244273111287987,5,NaN,NaN,NaN,NaN,NaN,NaN,NaN,NaN,NaN,NaN,0,NaN,NaN,modulation_envelope;
3,2,3,1,3,0.1,0.5,1.76168352755397,310.352885125499,7,0.26,0.198604220204104,0.566913462533249,1.67259341870869,14.7299833785586,160.88376897701,1,278.611761574163,1,0,1,0,0,0,0,NaN,NaN,NaN,NaN,NaN,NaN,NaN,NaN,3.19316170308708,NaN,6.98767662624445,0.0788873936250807,5,NaN,NaN,NaN,NaN,NaN,NaN,NaN,NaN,NaN,NaN,0,NaN,NaN,modulation_envelope;
3,2,4,1,4,0.1,0.75,2.64252529133095,698.293991532373,7,0.5725,0.435245476853134,0.535796212181799,1.75953617379441,14.840060579657,172.749905215224,1,666.552867981037,1,1,1,1,1,1,1,1.06082665266242e-14,1.75953617379441,14.8431972599324,159.911218020081,161.596628477171,11.1810476062869,172.749905215224,160.88376897701,3.19316170308708,6.99745473717975,6.99745473717975,0.037122064441845,5,7,7,1,1,6.19174668759365,0.0371220644418449,0.597211042302129,0.000764211017807588,0.000909647910251277,0.528155116515757,0,-285.686648675915,0.942862724634642,certified_feasible
3,2,5,1,5,0.1,1,3.52336705510794,1241.411540502,7,1.01,0.766779497866815,0.435382124513402,1.86057487531223,14.9739472621373,188.796315620901,1,1209.67041695066,1,1,1,1,1,1,1,8.03708882767451e-15,1.86057487531223,14.9752660519085,175.146062455421,176.607782364404,12.2165270567316,188.796315620901,160.88376897701,3.19316170308708,6.99918200988136,6.99918200988136,0.0213229300642828,5,7,7,1,1,10.9986491324972,0.0213229300642826,0.597211042302129,0.000764211017807588,0.000909647910251277,0.543954250893319,0,-285.686648675915,0.942862724634642,certified_feasible
3,2,6,1,6,0.1,1.25,4.40420881888492,1939.70553203437,7,1.5725,1.19320628324515,0.32408831807617,2.00754199242264,15.1310114049509,207.328828080596,1,1907.96440848303,1,1,1,1,1,1,1,6.52671032405597e-15,2.00754199242263,15.1314423841943,192.687853536666,193.946042522434,13.4112275883954,207.328828080596,160.88376897701,3.19316170308708,6.99966252678301,6.99966252678301,0.0137820090669767,5,7,7,1,1,17.1789522759446,0.0137820090669767,0.597211042302129,0.000764211017807588,0.000909647910251277,0.551495171890625,0,-285.686648675915,0.942862724634642,certified_feasible
3,2,7,2,1,0.2,0.1,0.352336705510794,3.10352885125499,7,0.05,0.0471188977390923,0.577973333294895,1.53889601542577,14.6157989340641,160.88376897701,0,-28.6375947000809,1,0,1,0,0,0,0,NaN,NaN,NaN,NaN,NaN,NaN,NaN,NaN,3.19316170308708,NaN,3.97050896102825,0.840386804825651,5,NaN,NaN,NaN,NaN,NaN,NaN,NaN,NaN,NaN,NaN,0,NaN,NaN,modulation_envelope;
3,2,8,2,2,0.2,0.25,0.880841763776984,19.3970553203437,7,0.1025,0.0862650736571264,0.574916948411059,1.59106166847721,14.6509756552117,160.88376897701,0,-12.3440682309922,1,0,1,0,0,0,0,NaN,NaN,NaN,NaN,NaN,NaN,NaN,NaN,3.19316170308708,NaN,5.92438040272949,0.528785006557948,5,NaN,NaN,NaN,NaN,NaN,NaN,NaN,NaN,NaN,NaN,0,NaN,NaN,modulation_envelope;
3,2,9,2,3,0.2,0.5,1.76168352755397,77.5882212813748,7,0.29,0.227422911678904,0.554205604718929,1.67800442356293,14.736436305869,160.88376897701,1,45.8470977300389,1,0,1,0,0,0,0,NaN,NaN,NaN,NaN,NaN,NaN,NaN,NaN,3.19316170308708,NaN,6.84475227688027,0.244273111287987,5,NaN,NaN,NaN,NaN,NaN,NaN,NaN,NaN,NaN,NaN,0,NaN,NaN,modulation_envelope;
3,2,10,2,4,0.2,0.75,2.64252529133095,174.573497883093,7,0.6025,0.463473514065334,0.531005009676611,1.76494717864866,14.8462363335077,160.88376897701,1,142.832374331757,1,1,1,1,1,1,1,1.03426037952762e-14,1.76494717864866,14.8484437803676,146.929333869208,148.478397782203,10.400309538264,158.726140793368,160.88376897701,3.19316170308708,6.96340924944332,6.96340924944332,0.130235827818361,5,7,7,1,1,6.22607732003233,0.130235827818361,0.597211042302129,0.000764211017807588,0.000909647910251277,0.435041353139241,0,-285.686648675915,0.942862724634642,certified_feasible
3,2,11,2,5,0.2,1,3.52336705510794,310.352885125499,7,1.04,0.794416880816415,0.441385102708516,1.8569884083329,14.9798405355297,175.922838609285,1,278.611761574163,1,1,1,1,1,1,1,7.9486850495985e-15,1.8569884083329,14.9807997178742,163.254906161793,164.566286809079,11.3815933303656,175.922838609285,160.88376897701,3.19316170308708,6.98767662624445,6.98767662624445,0.0788873936250807,5,7,7,1,1,11.0329797649359,0.0788873936250806,0.597211042302129,0.000764211017807588,0.000909647910251277,0.486389787332521,0,-285.686648675915,0.942862724634642,certified_feasible
3,2,12,2,6,0.2,1.25,4.40420881888492,484.926383008592,7,1.6025,1.22025301193215,0.330091296271284,2.00395552544331,15.1366185984697,195.559141025496,1,453.185259457256,1,1,1,1,1,1,1,6.45574355321363e-15,2.0039555254433,15.1369413725326,181.835144519698,182.937724546479,12.6470405990392,195.559141025496,160.88376897701,3.19316170308708,6.99480431284642,6.99480431284642,0.0523686311971871,5,7,7,1,1,17.2132829083833,0.0523686311971871,0.597211042302129,0.000764211017807588,0.000909647910251277,0.512908549760415,0,-285.686648675915,0.942862724634642,certified_feasible
3,2,13,3,1,0.35,0.1,0.352336705510794,1.01339717592,7,0.1325,0.129264505181532,0.53500586563096,1.54701252270714,14.6453441168377,160.88376897701,0,-30.7277263754159,1,0,1,0,0,0,0,NaN,NaN,NaN,NaN,NaN,NaN,NaN,NaN,3.19316170308708,NaN,3.46702359963821,0.933252004151548,5,NaN,NaN,NaN,NaN,NaN,NaN,NaN,NaN,NaN,NaN,0,NaN,NaN,modulation_envelope;
3,2,14,3,2,0.35,0.25,0.880841763776984,6.33373234949998,7,0.185,0.167879092263227,0.531949480747124,1.59917817575857,14.6724888226675,160.88376897701,0,-25.4073912018359,1,0,1,0,0,0,0,NaN,NaN,NaN,NaN,NaN,NaN,NaN,NaN,3.19316170308708,NaN,4.59702554007314,0.743051453996091,5,NaN,NaN,NaN,NaN,NaN,NaN,NaN,NaN,NaN,NaN,0,NaN,NaN,modulation_envelope;
3,2,15,3,3,0.35,0.5,1.76168352755397,25.3349293979999,7,0.3725,0.308150948891105,0.521550409419015,1.6861209308443,14.7571017477191,160.88376897701,0,-6.40619415333595,1,1,1,1,1,1,0,1.23439497982798e-14,1.6861209308443,14.7584904205065,113.226944669611,114.800926388777,10.400309538264,123.981235524544,160.88376897701,3.19316170308708,6.20054666056586,6.20054666056587,0.470777130207168,5,7,7,1,1,2.88698481287901,0.470777130207169,0.597211042302129,0.000764211017807588,0.000909647910251277,0.0945000507504332,0,-285.686648675915,0.942862724634642,outside_sufficient_bound;
3,2,16,3,4,0.35,0.75,2.64252529133095,57.0035911454998,7,0.685,0.543315569883635,0.500777120235404,1.77306368593003,14.8664056235257,160.88376897701,1,25.262467594164,1,1,1,1,1,1,1,9.41166960964332e-15,1.77306368593003,14.8673493987673,128.35669287737,129.640445920374,10.400309538264,138.587216660599,160.88376897701,3.19316170308708,6.74291186413192,6.74291186413192,0.300647832031361,5,7,7,1,1,6.3204865592387,0.300647832031361,0.597211042302129,0.000764211017807588,0.000909647910251277,0.264629348926241,0,-285.686648675915,0.942862724634642,certified_feasible
3,2,17,3,5,0.35,1,3.52336705510794,101.339717592,7,1.1225,0.873372955240817,0.450389570001188,1.86000644101575,14.9994896999852,160.88376897701,1,69.5985940406638,1,1,1,1,1,1,1,7.55673461077213e-15,1.86000644101575,14.9999455029631,146.555315071045,147.587119692413,10.400309538264,157.769710320062,160.88376897701,3.19316170308708,6.9020018077412,6.9020018077412,0.201016119969749,5,7,7,1,1,11.1273890041422,0.201016119969748,0.597211042302129,0.000764211017807588,0.000909647910251277,0.364261060987854,0,-285.686648675915,0.942862724634642,certified_feasible
3,2,18,3,6,0.35,1.25,4.40420881888492,158.3433087375,7,1.685,1.29832310496265,0.339095763563956,1.99857582497431,15.1557275405318,179.208876700652,1,126.602185186164,1,1,1,1,1,1,1,6.2975654595369e-15,1.99857582497431,15.1558927319139,166.82146236827,167.646028111999,11.5844482221787,179.208876700652,160.88376897701,3.19316170308708,6.95616853562352,6.95616853562352,0.141241240500058,5,7,7,1,1,17.3076921475897,0.141241240500058,0.597211042302129,0.000764211017807588,0.000909647910251277,0.424035940457544,0,-285.686648675915,0.942862724634642,certified_feasible
3,2,19,4,1,0.5,0.1,0.352336705510794,0.496564616200799,7,0.26,0.256410112623972,0.481016034362841,1.62918942708832,14.697345256429,160.88376897701,0,-31.2445589351351,1,1,1,1,1,0,0,1.45635084346131e-14,1.62918942709866,14.697345256429,76.5255791977559,78.3135139611075,10.400309538264,88.47560445078,160.88376897701,3.19316170308708,3.32977886603756,3.32977886603756,0.96420967065696,5,6,6,0.985120948108746,0.980198713840827,0.27264817233493,0.967860132744647,0.545358707066319,0.000840958342766609,0.00132283682342704,-0.454435287022855,0,-285.686648675915,0.942862724634642,finite_geometry;outside_sufficient_bound;
3,2,20,4,2,0.5,0.25,0.880841763776984,3.10352885125499,7,0.3125,0.294493110869327,0.488982013083188,1.6364599326229,14.7236792020538,160.88376897701,0,-28.6375947000809,1,1,1,1,1,0,0,1.31319351993428e-14,1.63645993263805,14.7236792020538,80.9748169597512,82.5659671169468,10.400309538264,92.324603993276,160.88376897701,3.19316170308708,3.97050896102825,3.97050896102825,0.840386804825651,5,6,6,0.985120948108746,0.959525329915569,0.272648172334933,0.848637935501912,0.545358707066319,0.000840958342766609,0.00132283682342704,-0.335213089780121,0,-285.686648675915,0.942862724634642,finite_geometry;outside_sufficient_bound;
3,2,21,4,3,0.5,0.5,1.76168352755397,12.41411540502,7,0.5,0.433878986103305,0.47267836018397,1.69423743812567,14.7908987214123,160.88376897701,0,-19.3270081463159,1,1,1,1,1,0,0,1.0748803019588e-14,1.69423743812567,14.7911694652978,93.8252895621412,95.0562771058428,10.400309538264,103.740068591592,160.88376897701,3.19316170308708,5.39272040701041,5.39272040701041,0.621697606516357,5,7,7,1,1,3.0328900007434,0.621697606516358,0.597211042302129,0.000764211017807588,0.000909647910251277,-0.0564204255587563,0,-285.686648675915,0.942862724634642,finite_geometry;outside_sufficient_bound;
3,2,22,4,4,0.5,0.75,2.64252529133095,27.9317596612949,7,0.8125,0.668157625701936,0.445603275348084,1.78118019321139,14.8996119095421,160.88376897701,0,-3.80936389004095,1,1,1,1,1,1,0,8.61848069234388e-15,1.78118019321139,14.8998757622919,111.343473554274,112.259399920212,10.400309538264,120.004731816215,160.88376897701,3.19316170308708,6.29004540235163,6.29004540235163,0.449485056950554,5,7,7,1,1,6.46639174710307,0.449485056950554,0.597211042302129,0.000764211017807588,0.000909647910251277,0.115792124007048,0,-285.686648675915,0.942862724634642,outside_sufficient_bound;
3,2,23,4,5,0.5,1,3.52336705510794,49.6564616200799,7,1.25,0.997329029665218,0.418528190512198,1.86812294829712,15.0320622686632,160.88376897701,1,17.915338068744,1,1,1,1,1,1,1,7.05742724971485e-15,1.86812294829712,15.0322172043878,131.679434259114,132.350179771795,10.400309538264,141.477941851647,160.88376897701,3.19316170308708,6.68138234690793,6.68138234690793,0.327812886415588,5,7,7,1,1,11.2732941920066,0.327812886415588,0.597211042302129,0.000764211017807588,0.000909647910251277,0.237464294542014,0,-285.686648675915,0.942862724634642,certified_feasible
3,2,24,4,6,0.5,1.25,4.40420881888492,77.5882212813748,7,1.8125,1.42139319799315,0.348100230856628,1.99319612450531,15.1876287803287,164.834934173442,1,45.8470977300389,1,1,1,1,1,1,1,5.97893297452642e-15,1.99319612450531,15.1876927363691,153.718892373144,154.204044897546,10.6488267933338,164.834934173442,160.88376897701,3.19316170308708,6.84475227688027,6.84475227688027,0.244273111287987,5,7,7,1,1,17.4535973354541,0.244273111287987,0.597211042302129,0.000764211017807588,0.000909647910251277,0.321004069669615,0,-285.686648675915,0.942862724634642,certified_feasible
3,2,25,5,1,0.75,0.1,0.352336705510794,0.220695384978133,7,0.5725,0.568319458361372,0.278271234925418,1.84649528795782,14.8248557103349,160.88376897701,0,-31.5204281663577,1,1,1,1,1,0,0,1.04749933883201e-14,1.84649528795783,14.8248557103349,112.309825834405,41.0961163151139,10.400309538264,51.0637197659652,160.88376897701,3.19316170308708,3.25445162810616,3.25445162810616,0.983147292802642,5,5,5,0.956061861597485,0.951838697452301,0.559305352190053,0.98708477522892,0.490215181776057,0.000938717524917421,0.00253719632639898,-0.52880345479739,0,-285.686648675915,0.942862724634642,finite_geometry;outside_sufficient_bound;
3,2,26,5,2,0.75,0.25,0.880841763776984,1.37934615611333,7,0.624999999999999,0.605516475212827,0.265988282987792,1.83856663705034,14.8497821982873,160.88376897701,0,-30.3617773952225,1,1,1,1,1,0,0,1.00874229790966e-14,1.83856663705035,14.8497821982873,114.394037192844,48.0843817441461,10.400309538264,56.9428479304699,160.88376897701,3.19316170308708,3.56112755824328,3.56112755824328,0.913923305244658,5,6,6,0.985120948108746,0.972323139012157,0.613458387753589,0.920419203697203,0.545358707066319,0.000840958342766609,0.00132283682342704,-0.406994357975411,0,-285.686648675915,0.942862724634642,finite_geometry;outside_sufficient_bound;
3,2,27,5,3,0.75,0.5,1.76168352755397,5.51738462445332,7,0.812499999999999,0.743425714790306,0.245516696425081,1.85387763639042,14.9102924074122,160.88376897701,0,-26.2237389268826,1,1,1,1,1,0,0,8.57702818617349e-15,1.85387763639085,14.9102924074122,122.277675062605,66.5517759580331,10.400309538264,73.342562564251,160.88376897701,3.19316170308708,4.45462049528536,4.45462049528537,0.764455814144274,5,7,7,1,1,3.39050075531298,0.764455814144274,0.597211042302129,0.000764211017807588,0.000909647910251277,-0.199178633186672,0,-285.686648675915,0.942862724634642,finite_geometry;outside_sufficient_bound;
3,2,28,5,4,0.75,0.75,2.64252529133095,12.41411540502,7,1.125,0.976227718732437,0.22504510986237,1.88501024860359,14.9942517002668,160.88376897701,0,-19.3270081463159,1,1,1,1,1,0,0,7.38067859841137e-15,1.88501024860513,14.9942517002668,134.779761292678,88.8486925091017,10.400309538264,94.971814644758,160.88376897701,3.19316170308708,5.39272040701041,5.39272040701041,0.621697606516357,5,7,7,1,1,6.82400250167265,0.621697606516357,0.597211042302129,0.000764211017807588,0.000909647910251277,-0.0564204255587553,0,-285.686648675915,0.942862724634642,finite_geometry;outside_sufficient_bound;
3,2,29,5,5,0.75,1,3.52336705510794,22.0695384978133,7,1.5625,1.30392248703922,0.204573523299659,1.91614286081677,15.1148266291179,160.88376897701,0,-9.6715850535226,1,1,1,1,1,1,0,6.31764973182406e-15,1.91614286082126,15.1148409442504,150.755624941372,112.77319992234,10.400309538264,120.490098272851,160.88376897701,3.19316170308708,6.06319340224646,6.06319340224647,0.500852479597846,5,7,7,1,1,11.6309049465762,0.500852479597846,0.597211042302129,0.000764211017807588,0.000909647910251277,0.0644247013597565,0,-285.686648675915,0.942862724634642,outside_sufficient_bound;
3,2,30,5,6,0.75,1.25,4.40420881888492,34.4836539028332,7,2.125,1.72651001971065,0.184101936736948,1.98907724204163,15.2689925156763,169.22426838599,1,2.74253035149736,1,0,1,0,0,0,0,NaN,NaN,NaN,NaN,NaN,NaN,NaN,NaN,3.19316170308708,NaN,6.46033329283365,0.403835310504289,5,NaN,NaN,NaN,NaN,NaN,NaN,NaN,NaN,NaN,NaN,0,NaN,NaN,modulation_envelope;
3,2,31,6,1,1,0.1,0.352336705510794,0.1241411540502,7,1.01,1.00522880409877,-0.00818863462508368,2.08180914696697,15.0022452193699,160.88376897701,0,-31.6169823972857,0,1,1,0,0,0,0,NaN,NaN,NaN,NaN,NaN,NaN,NaN,NaN,3.19316170308708,NaN,3.22774922803842,0.990305177753351,5,NaN,NaN,NaN,NaN,NaN,NaN,NaN,NaN,NaN,NaN,0,NaN,NaN,negative_rate;
3,2,32,6,2,1,0.25,0.880841763776984,0.775882212813748,7,1.0625,1.04153983955633,-0.0204715865627101,2.07388049605949,15.0257099323938,160.88376897701,0,-30.9652413385221,0,1,1,0,0,0,0,NaN,NaN,NaN,NaN,NaN,NaN,NaN,NaN,3.19316170308708,NaN,3.40458179606045,0.946862762706246,5,NaN,NaN,NaN,NaN,NaN,NaN,NaN,NaN,NaN,NaN,0,NaN,NaN,negative_rate;
3,2,33,6,3,1,0.5,1.76168352755397,3.10352885125499,7,1.25,1.17797244347731,-0.0409431731254213,2.06913528097777,15.0835761250578,160.88376897701,0,-28.6375947000809,0,1,1,0,0,0,0,NaN,NaN,NaN,NaN,NaN,NaN,NaN,NaN,3.19316170308708,NaN,3.97050896102825,0.840386804825651,5,NaN,NaN,NaN,NaN,NaN,NaN,NaN,NaN,NaN,NaN,0,NaN,NaN,negative_rate;
3,2,34,6,4,1,0.75,2.64252529133095,6.98293991532373,7,1.5625,1.40929781176294,-0.0614147596881318,2.10026789319095,15.1646481827586,166.072358229193,0,-24.7581836360121,0,1,1,0,0,0,0,NaN,NaN,NaN,NaN,NaN,NaN,NaN,NaN,3.19316170308708,NaN,4.70329333272082,0.727167701568621,5,NaN,NaN,NaN,NaN,NaN,NaN,NaN,NaN,NaN,NaN,0,NaN,NaN,negative_rate;
3,2,35,6,5,1,1,3.52336705510794,12.41411540502,7,2,1.73551594441322,-0.0818863462508432,2.13140050540412,15.2685564586744,178.99943392843,0,-19.3270081463159,0,1,1,0,0,0,0,NaN,NaN,NaN,NaN,NaN,NaN,NaN,NaN,3.19316170308708,NaN,5.39272040701041,0.621697606516357,5,NaN,NaN,NaN,NaN,NaN,NaN,NaN,NaN,NaN,NaN,0,NaN,NaN,negative_rate;
3,2,36,6,6,1,1.25,4.40420881888492,19.3970553203437,7,2.5625,2.15662684142816,-0.102357932813554,2.1625331176173,15.3948385569666,194.551157854678,0,-12.3440682309922,0,0,1,0,0,0,0,NaN,NaN,NaN,NaN,NaN,NaN,NaN,NaN,3.19316170308708,NaN,5.92438040272949,0.528785006557948,5,NaN,NaN,NaN,NaN,NaN,NaN,NaN,NaN,NaN,NaN,0,NaN,NaN,negative_rate;modulation_envelope;
3,3,1,1,1,0.1,0.1,0.352336705510794,12.41411540502,7,0.02,0.0177614774705545,0.598272078545359,1.53437981919127,14.6142361232764,160.88376897701,0,-19.3270081463159,1,0,1,0,0,0,0,NaN,NaN,NaN,NaN,NaN,NaN,NaN,NaN,3.19316170308708,NaN,5.39272040701041,0.621697606516357,5,NaN,NaN,NaN,NaN,NaN,NaN,NaN,NaN,NaN,NaN,0,NaN,NaN,modulation_envelope;
3,3,2,1,2,0.1,0.25,0.880841763776984,77.5882212813748,7,0.0725,0.057574787247253,0.575708217436571,1.57702775425155,14.6660775887591,160.88376897701,1,45.8470977300389,1,0,1,0,0,0,0,NaN,NaN,NaN,NaN,NaN,NaN,NaN,NaN,3.19316170308708,NaN,6.84475227688027,0.244273111287987,5,NaN,NaN,NaN,NaN,NaN,NaN,NaN,NaN,NaN,NaN,0,NaN,NaN,modulation_envelope;
3,3,3,1,3,0.1,0.5,1.76168352755397,310.352885125499,7,0.26,0.199053219730729,0.538101782255258,1.65429297109722,14.7721774833257,160.88376897701,1,278.611761574163,1,0,1,0,0,0,0,NaN,NaN,NaN,NaN,NaN,NaN,NaN,NaN,3.19316170308708,NaN,6.98767662624445,0.0788873936250807,5,NaN,NaN,NaN,NaN,NaN,NaN,NaN,NaN,NaN,NaN,0,NaN,NaN,modulation_envelope;
3,3,4,1,4,0.1,0.75,2.64252529133095,698.293991532373,7,0.5725,0.434435297450427,0.470098631738148,1.80484228169995,14.9024328477321,171.376079103155,1,666.552867981037,1,1,1,1,1,1,1,1.11387410550925e-14,1.80484228169995,14.9024328566547,158.014072075919,160.351910682154,11.0521846574131,171.376079103155,160.88376897701,3.19316170308708,6.99745473717975,6.99745473717975,0.037122064441845,5,7,7,1,1,6.19174668759363,0.0371220644418451,0.597211042302129,0.000764211017807588,0.000909647910251277,0.528155116515757,0,-285.686648675915,0.942862724634642,certified_feasible
3,3,5,1,5,0.1,1,3.52336705510794,1241.411540502,7,1.01,0.763721020406348,0.365620412816783,1.95539159230269,15.0562167687096,187.594615646557,1,1209.67041695066,1,1,1,1,1,1,1,8.58344145319852e-15,1.95539159230268,15.0562167691813,173.289259989735,175.536949645933,12.0878198545581,187.594615646557,160.88376897701,3.19316170308708,6.99918200988136,6.99918200988136,0.0213229300642828,5,7,7,1,1,10.9986491324972,0.0213229300642828,0.597211042302129,0.000764211017807588,0.000909647910251277,0.543954250893319,0,-285.686648675915,0.942862724634642,certified_feasible
3,3,6,1,6,0.1,1.25,4.40420881888492,1939.70553203437,7,1.5725,1.18691038859849,0.261142193895419,2.10594090290542,15.2328166605686,206.500409912391,1,1907.96440848303,1,1,1,1,1,1,1,6.83953551936715e-15,2.10594090290542,15.2328166606438,191.092702922867,193.236225774003,13.2972076261476,206.500409912391,160.88376897701,3.19316170308708,6.99966252678301,6.99966252678301,0.0137820090669767,5,7,7,1,1,17.1789522759446,0.0137820090669768,0.597211042302129,0.000764211017807588,0.000909647910251277,0.551495171890625,0,-285.686648675915,0.942862724634642,certified_feasible
3,3,7,2,1,0.2,0.1,0.352336705510794,3.10352885125499,7,0.05,0.0480106633222111,0.570215695285476,1.54703077799269,14.6201768236718,160.88376897701,0,-28.6375947000809,1,0,1,0,0,0,0,NaN,NaN,NaN,NaN,NaN,NaN,NaN,NaN,3.19316170308708,NaN,3.97050896102825,0.840386804825651,5,NaN,NaN,NaN,NaN,NaN,NaN,NaN,NaN,NaN,NaN,0,NaN,NaN,modulation_envelope;
3,3,8,2,2,0.2,0.25,0.880841763776984,19.3970553203437,7,0.1025,0.0881977518763947,0.55552285338751,1.58967871305298,14.6719277630586,160.88376897701,0,-12.3440682309922,1,0,1,0,0,0,0,NaN,NaN,NaN,NaN,NaN,NaN,NaN,NaN,3.19316170308708,NaN,5.92438040272949,0.528785006557948,5,NaN,NaN,NaN,NaN,NaN,NaN,NaN,NaN,NaN,NaN,0,NaN,NaN,modulation_envelope;
3,3,9,2,3,0.2,0.5,1.76168352755397,77.5882212813748,7,0.29,0.230299148989012,0.525393924440938,1.66075860482012,14.7780553839061,160.88376897701,1,45.8470977300389,1,0,1,0,0,0,0,NaN,NaN,NaN,NaN,NaN,NaN,NaN,NaN,3.19316170308708,NaN,6.84475227688027,0.244273111287987,5,NaN,NaN,NaN,NaN,NaN,NaN,NaN,NaN,NaN,NaN,0,NaN,NaN,modulation_envelope;
3,3,10,2,4,0.2,0.75,2.64252529133095,174.573497883093,7,0.6025,0.466304191337852,0.471606938519742,1.79746181911371,14.908328511208,160.88376897701,1,142.832374331757,1,1,1,1,1,1,1,1.07777430449125e-14,1.79746181911371,14.9083285260198,145.157720476685,147.413652249678,10.400309538264,157.544880386282,160.88376897701,3.19316170308708,6.96340924944332,6.96340924944332,0.130235827818361,5,7,7,1,1,6.22607732003231,0.130235827818361,0.597211042302129,0.000764211017807588,0.000909647910251277,0.435041353139241,0,-285.686648675915,0.942862724634642,certified_feasible
3,3,11,2,5,0.2,1,3.52336705510794,310.352885125499,7,1.04,0.796212878922914,0.367128719598378,1.94801112971644,15.0621206504701,175.010753790716,1,278.611761574163,1,1,1,1,1,1,1,8.40393645219099e-15,1.94801112971644,15.0621206509753,161.615085733256,163.765752738399,11.2729904285769,175.010753790716,160.88376897701,3.19316170308708,6.98767662624445,6.98767662624445,0.0788873936250807,5,7,7,1,1,11.0329797649359,0.078887393625081,0.597211042302129,0.000764211017807588,0.000909647910251277,0.486389787332521,0,-285.686648675915,0.942862724634642,certified_feasible
3,3,12,2,6,0.2,1.25,4.40420881888492,484.926383008592,7,1.6025,1.2200252117442,0.262650500677013,2.09856044031918,15.2387197429264,195.104686495375,1,453.185259457256,1,1,1,1,1,1,1,6.69043193621879e-15,2.09856044031917,15.2387197429967,180.539859554474,182.576536003839,12.5593423328852,195.104686495375,160.88376897701,3.19316170308708,6.99480431284642,6.99480431284642,0.0523686311971871,5,7,7,1,1,17.2132829083833,0.0523686311971873,0.597211042302129,0.000764211017807588,0.000909647910251277,0.512908549760415,0,-285.686648675915,0.942862724634642,certified_feasible
3,3,13,3,1,0.35,0.1,0.352336705510794,1.01339717592,7,0.1325,0.130884442099696,0.52724822762154,1.56600721619483,14.6418098611446,160.88376897701,0,-30.7277263754159,1,0,1,0,0,0,0,NaN,NaN,NaN,NaN,NaN,NaN,NaN,NaN,3.19316170308708,NaN,3.46702359963821,0.933252004151548,5,NaN,NaN,NaN,NaN,NaN,NaN,NaN,NaN,NaN,NaN,0,NaN,NaN,modulation_envelope;
3,3,14,3,2,0.35,0.25,0.880841763776984,6.33373234949998,7,0.185,0.171632198820107,0.512555385723574,1.61823989226587,14.6870198595146,160.88376897701,0,-25.4073912018359,1,0,1,0,0,0,0,NaN,NaN,NaN,NaN,NaN,NaN,NaN,NaN,3.19316170308708,NaN,4.59702554007314,0.743051453996091,5,NaN,NaN,NaN,NaN,NaN,NaN,NaN,NaN,NaN,NaN,0,NaN,NaN,modulation_envelope;
3,3,15,3,3,0.35,0.5,1.76168352755397,25.3349293979999,7,0.3725,0.314668042876437,0.488067315893631,1.71483613519617,14.7931436932176,160.88376897701,0,-6.40619415333595,1,1,1,1,1,1,0,1.26576084913304e-14,1.71483613540335,14.7931902469688,111.724826150025,113.913529535989,10.400309538264,123.095419131364,160.88376897701,3.19316170308708,6.20054666056586,6.20054666056587,0.470777130207168,5,7,7,1,1,2.88698481287901,0.470777130207168,0.597211042302129,0.000764211017807588,0.000909647910251277,0.094500050750434,0,-285.686648675915,0.942862724634642,outside_sufficient_bound;
3,3,16,3,4,0.35,0.75,2.64252529133095,57.0035911454998,7,0.685,0.55160753216899,0.463579246063688,1.81143237812647,14.9233886810437,160.88376897701,1,25.262467594164,1,1,1,1,1,1,1,9.85757388004243e-15,1.81143237861326,14.9233887051856,126.832579707419,128.919057885703,10.400309538264,137.773634735783,160.88376897701,3.19316170308708,6.74291186413192,6.74291186413192,0.300647832031361,5,7,7,1,1,6.32048655923868,0.300647832031361,0.597211042302129,0.000764211017807588,0.000909647910251277,0.264629348926241,0,-285.686648675915,0.942862724634642,certified_feasible
3,3,17,3,5,0.35,1,3.52336705510794,101.339717592,7,1.1225,0.882450666697764,0.369391179770769,1.93694043583708,15.0771297184094,160.88376897701,1,69.5985940406638,1,1,1,1,1,1,1,7.7788352465763e-15,1.93694043583708,15.0771297188626,145.317248119503,147.276907863144,10.400309538264,157.383423359205,160.88376897701,3.19316170308708,6.90200180774119,6.9020018077412,0.201016119969749,5,7,7,1,1,11.1273890041423,0.201016119969749,0.597211042302129,0.000764211017807588,0.000909647910251277,0.364261060987853,0,-285.686648675915,0.942862724634642,certified_feasible
3,3,18,3,6,0.35,1.25,4.40420881888492,158.3433087375,7,1.685,1.30719744646276,0.264912960849405,2.08748974643981,15.2536563744206,179.405154919845,1,126.602185186164,1,1,1,1,1,1,1,6.44318143506529e-15,2.08748974643981,15.2536563744752,166.054914879425,167.890989996849,11.543006219212,179.405154919845,160.88376897701,3.19316170308708,6.95616853562352,6.95616853562352,0.141241240500058,5,7,7,1,1,17.3076921475897,0.141241240500059,0.597211042302129,0.000764211017807588,0.000909647910251277,0.424035940457543,0,-285.686648675915,0.942862724634642,certified_feasible
3,3,19,4,1,0.5,0.1,0.352336705510794,0.496564616200799,7,0.26,0.258758220877181,0.4665255987822,1.66298092057073,14.693139186495,160.88376897701,0,-31.2445589351351,1,1,1,1,1,0,0,1.42131390194027e-14,1.66298092058625,14.693139186495,76.0300232898003,78.0025344802947,10.400309538264,88.1824284469734,160.88376897701,3.19316170308708,3.32977886603756,3.32977886603756,0.96420967065696,5,6,6,0.985120948108746,0.980198713840827,0.272648172334927,0.967860132744648,0.545358707066319,0.000840958342766609,0.00132283682342704,-0.454435287022856,0,-285.686648675915,0.942862724634642,finite_geometry;outside_sufficient_bound;
3,3,20,4,2,0.5,0.25,0.880841763776984,3.10352885125499,7,0.3125,0.30006664576382,0.457167060518003,1.7209386663289,14.7144209342165,160.88376897701,0,-28.6375947000809,1,1,1,1,1,0,0,1.32132819133872e-14,1.72093866636512,14.7144767606533,79.9468899110985,81.970696087336,10.400309538264,91.749313688197,160.88376897701,3.19316170308708,3.97050896102825,3.97050896102825,0.840386804825651,5,6,6,0.985120948108746,0.959525329915569,0.272648172334929,0.848637935501912,0.545358707066319,0.000840958342766609,0.00132283682342704,-0.33521308978012,0,-285.686648675915,0.942862724634642,finite_geometry;outside_sufficient_bound;
3,3,21,4,3,0.5,0.5,1.76168352755397,12.41411540502,7,0.5,0.444036936763862,0.438493718645326,1.8175349092592,14.8157364652918,160.88376897701,0,-19.3270081463159,1,1,1,1,1,0,0,1.10450305445377e-14,1.81753490936772,14.8157930112993,92.4714338476906,94.437390191799,10.400309538264,103.096181392485,160.88376897701,3.19316170308708,5.39272040701041,5.39272040701041,0.621697606516357,5,7,7,1,1,3.03289000074339,0.621697606516357,0.597211042302129,0.000764211017807588,0.000909647910251277,-0.0564204255587551,0,-285.686648675915,0.942862724634642,finite_geometry;outside_sufficient_bound;
3,3,22,4,4,0.5,0.75,2.64252529133095,27.9317596612949,7,0.8125,0.681910873000127,0.394326313040117,1.9141311521895,14.9458879875141,160.88376897701,0,-3.80936389004095,1,1,1,1,1,1,0,8.70398199477434e-15,1.91413115243606,14.9458880105938,110.167870897279,112.000799748194,10.400309538264,119.687299688246,160.88376897701,3.19316170308708,6.29004540235163,6.29004540235163,0.449485056950554,5,7,7,1,1,6.46639174710308,0.449485056950553,0.597211042302129,0.000764211017807588,0.000909647910251277,0.115792124007049,0,-285.686648675915,0.942862724634642,outside_sufficient_bound;
3,3,23,4,5,0.5,1,3.52336705510794,49.6564616200799,7,1.25,1.01368845447261,0.350158907434908,2.01072739511979,15.0995023058569,160.88376897701,1,17.915338068744,1,1,1,1,1,1,1,7.15114258532227e-15,2.01072739558498,15.099502306154,130.956047233537,132.651688459036,10.400309538264,141.748404365286,160.88376897701,3.19316170308708,6.68138234690793,6.68138234690793,0.327812886415588,5,7,7,1,1,11.2732941920066,0.327812886415589,0.597211042302129,0.000764211017807588,0.000909647910251277,0.237464294542014,0,-285.686648675915,0.942862724634642,certified_feasible
3,3,24,4,6,0.5,1.25,4.40420881888492,77.5882212813748,7,1.8125,1.43936968118132,0.258629585855245,2.10732363805009,15.2758716103781,165.797680071653,1,45.8470977300389,1,1,1,1,1,1,1,6.07205214759905e-15,2.1073236388213,15.2758716104129,153.585629747143,155.16215578108,10.6626062518704,165.797680071653,160.88376897701,3.19316170308708,6.84475227688027,6.84475227688027,0.244273111287987,5,7,7,1,1,17.453597335454,0.244273111287987,0.597211042302129,0.000764211017807588,0.000909647910251277,0.321004069669615,0,-285.686648675915,0.942862724634642,certified_feasible
3,3,25,5,1,0.75,0.1,0.352336705510794,0.220695384978133,7,0.572499999999999,0.571881185506322,0.285762998307331,1.85032071298344,14.8213116203689,160.88376897701,0,-31.5204281663577,1,1,1,1,1,0,0,1.06049003491467e-14,1.85032071298345,14.8213116203689,112.301792320726,40.8514561763517,10.400309538264,50.8357488323104,160.88376897701,3.19316170308708,3.25445162810616,3.25445162810616,0.983147292802642,5,5,5,0.956061861597485,0.951838697452301,0.559305352190056,0.98708477522892,0.490215181776057,0.000938717524917421,0.00253719632639898,-0.52880345479739,0,-285.686648675915,0.942862724634642,finite_geometry;outside_sufficient_bound;
3,3,26,5,2,0.75,0.25,0.880841763776984,1.37934615611333,7,0.624999999999999,0.614124057336673,0.284717691442571,1.89210328976729,14.8413237764475,160.88376897701,0,-30.3617773952225,1,1,1,1,1,0,0,1.00226636784165e-14,1.89210328979396,14.8413237764475,114.477371100422,47.8076176631664,10.400309538264,56.6391775893473,160.88376897701,3.19316170308708,3.56112755824328,3.56112755824328,0.913923305244658,5,6,6,0.985120948108746,0.972323139012157,0.613458387753589,0.920419203697203,0.545358707066319,0.000840958342766609,0.00132283682342704,-0.406994357975411,0,-285.686648675915,0.942862724634642,finite_geometry;outside_sufficient_bound;
3,3,27,5,3,0.75,0.5,1.76168352755397,5.51738462445332,7,0.8125,0.75965175990957,0.28297551333464,1.98869953269758,14.8947299151996,160.88376897701,0,-26.2237389268826,1,1,1,1,1,0,0,8.85181950125228e-15,1.98869953276102,14.8947299151996,122.754177049628,66.743333958034,10.400309538264,73.4081818700411,160.88376897701,3.19316170308708,4.45462049528536,4.45462049528537,0.764455814144274,5,7,7,1,1,3.39050075531297,0.764455814144274,0.597211042302129,0.000764211017807588,0.000909647910251277,-0.199178633186672,0,-285.686648675915,0.942862724634642,finite_geometry;outside_sufficient_bound;
3,3,28,5,4,0.75,0.75,2.64252529133095,12.41411540502,7,1.125,0.999083107718689,0.276772390561041,2.08529577562788,14.999822315293,160.88376897701,0,-19.3270081463159,1,1,1,1,1,0,0,7.48514618151006e-15,2.08529577575664,14.9998223187261,135.862578736754,89.7235185324394,10.400309538264,95.8722415247273,160.88376897701,3.19316170308708,5.39272040701041,5.39272040701041,0.621697606516357,5,7,7,1,1,6.82400250167267,0.621697606516357,0.597211042302129,0.000764211017807588,0.000909647910251277,-0.0564204255587549,0,-285.686648675915,0.942862724634642,finite_geometry;outside_sufficient_bound;
3,3,29,5,5,0.75,1,3.52336705510794,22.0695384978133,7,1.5625,1.33241810076403,0.232604984955832,2.18189201855817,15.1530598842166,160.88376897701,0,-9.6715850535226,1,1,1,1,1,1,0,6.43946449042379e-15,2.18189201878956,15.1530598842821,152.562201897032,114.334945474468,10.400309538264,122.168061773777,160.88376897701,3.19316170308708,6.06319340224646,6.06319340224647,0.500852479597846,5,7,7,1,1,11.6309049465762,0.500852479597845,0.597211042302129,0.000764211017807588,0.000909647910251277,0.0644247013597569,0,-285.686648675915,0.942862724634642,outside_sufficient_bound;
3,3,30,5,6,0.75,1.25,4.40420881888492,34.4836539028332,7,2.125,1.7596567390456,0.188437579350623,2.27848826148847,15.3289810372986,171.809031843912,1,2.74253035149736,1,0,1,0,0,0,0,NaN,NaN,NaN,NaN,NaN,NaN,NaN,NaN,3.19316170308708,NaN,6.46033329283365,0.403835310504289,5,NaN,NaN,NaN,NaN,NaN,NaN,NaN,NaN,NaN,NaN,0,NaN,NaN,modulation_envelope;
3,3,31,6,1,1,0.1,0.352336705510794,0.1241411540502,7,1.01,1.01000415013546,-0.000696871243171859,2.08563457199259,14.9993614092979,160.88376897701,0,-31.6169823972857,0,1,1,0,0,0,0,NaN,NaN,NaN,NaN,NaN,NaN,NaN,NaN,3.19316170308708,NaN,3.22774922803842,0.990305177753351,5,NaN,NaN,NaN,NaN,NaN,NaN,NaN,NaN,NaN,NaN,0,NaN,NaN,negative_rate;
3,3,32,6,2,1,0.25,0.880841763776984,0.775882212813748,7,1.0625,1.05318146890953,-0.00174217810793076,2.08344405862355,15.0188945480417,160.88376897701,0,-30.9652413385221,0,1,1,0,0,0,0,NaN,NaN,NaN,NaN,NaN,NaN,NaN,NaN,3.19316170308708,NaN,3.40458179606045,0.946862762706246,5,NaN,NaN,NaN,NaN,NaN,NaN,NaN,NaN,NaN,NaN,0,NaN,NaN,negative_rate;
3,3,33,6,3,1,0.5,1.76168352755397,3.10352885125499,7,1.25,1.20026658305528,-0.00348435621586263,2.15986415613597,15.0712699211642,160.88376897701,0,-28.6375947000809,0,1,1,0,0,0,0,NaN,NaN,NaN,NaN,NaN,NaN,NaN,NaN,3.19316170308708,NaN,3.97050896102825,0.840386804825651,5,NaN,NaN,NaN,NaN,NaN,NaN,NaN,NaN,NaN,NaN,0,NaN,NaN,negative_rate;
3,3,34,6,4,1,0.75,2.64252529133095,6.98293991532373,7,1.5625,1.44125534243725,-0.00522653432379427,2.25646039906626,15.148187219502,167.597276837458,0,-24.7581836360121,0,1,1,0,0,0,0,NaN,NaN,NaN,NaN,NaN,NaN,NaN,NaN,3.19316170308708,NaN,4.70329333272082,0.727167701568621,5,NaN,NaN,NaN,NaN,NaN,NaN,NaN,NaN,NaN,NaN,0,NaN,NaN,negative_rate;
3,3,35,6,5,1,1,3.52336705510794,12.41411540502,7,2,1.77614774705545,-0.00696871243172592,2.35305664199656,15.2492750793827,181.314778123729,0,-19.3270081463159,0,1,1,0,0,0,0,NaN,NaN,NaN,NaN,NaN,NaN,NaN,NaN,3.19316170308708,NaN,5.39272040701041,0.621697606516357,5,NaN,NaN,NaN,NaN,NaN,NaN,NaN,NaN,NaN,NaN,0,NaN,NaN,negative_rate;
3,3,36,6,6,1,1.25,4.40420881888492,19.3970553203437,7,2.5625,2.20494379690987,-0.00871089053965757,2.44965288492685,15.40200843506,197.706221058203,0,-12.3440682309922,0,0,1,0,0,0,0,NaN,NaN,NaN,NaN,NaN,NaN,NaN,NaN,3.19316170308708,NaN,5.92438040272949,0.528785006557948,5,NaN,NaN,NaN,NaN,NaN,NaN,NaN,NaN,NaN,NaN,0,NaN,NaN,negative_rate;modulation_envelope;
4,1,1,1,1,0.1,0.1,0.350954492104073,12.3169055528028,7,0.02,0.0175794106938175,0.534570535859501,1.64730536947118,14.4793761380259,143.749529014263,0,-15.5975967546743,1,0,1,0,0,0,0,NaN,NaN,NaN,NaN,NaN,NaN,NaN,NaN,3.30701032428276,NaN,5.4722604803749,0.621959201432408,5,NaN,NaN,NaN,NaN,NaN,NaN,NaN,NaN,NaN,NaN,0,NaN,NaN,modulation_envelope;
4,1,2,1,2,0.1,0.25,0.877386230260181,76.9806597050172,7,0.0725000000000001,0.0573958729953679,0.493733405202877,1.71610056737283,14.5145370564358,143.749529014263,1,49.0661573975401,1,0,1,0,0,0,0,NaN,NaN,NaN,NaN,NaN,NaN,NaN,NaN,3.30701032428276,NaN,6.8543755082452,0.241053924661288,5,NaN,NaN,NaN,NaN,NaN,NaN,NaN,NaN,NaN,NaN,0,NaN,NaN,modulation_envelope;
4,1,3,1,3,0.1,0.5,1.75477246052036,307.922638820069,7,0.26,0.199616233526817,0.412356119100414,1.83075923054224,14.5923218542762,145.920567511429,1,280.008136512592,1,0,1,0,0,0,0,NaN,NaN,NaN,NaN,NaN,NaN,NaN,NaN,3.30701032428276,NaN,6.98845544897127,0.0767867956033677,5,NaN,NaN,NaN,NaN,NaN,NaN,NaN,NaN,NaN,NaN,0,NaN,NaN,modulation_envelope;
4,1,4,1,4,0.1,0.75,2.63215869078054,692.825937345155,7,0.5725,0.436661081594346,0.330978832997951,1.94541789371166,14.6937455244739,158.427019177454,1,664.911435037678,1,1,1,1,1,1,1,1.0601161891687e-14,1.94541789371166,14.6937455346285,145.559492688498,148.179577224579,10.2700170507307,158.427019177454,143.749529014263,3.30701032428276,6.99761580564592,6.99761580564591,0.0359840154411275,5,7,7,1,1,6.14325732775737,0.0359840154411278,0.599871584975338,0.000794083342647475,5.96017123275505e-05,0.531953708189683,0,-284.364788820922,0.943127086118769,certified_feasible
4,1,5,1,5,0.1,1,3.50954492104073,1231.69055528028,7,1.01,0.768530417197955,0.249601546895488,2.06007655688108,14.8183226878171,174.739322294305,1,1203.7760529728,1,1,1,1,1,1,1,8.00074037674157e-15,2.06007655688108,14.8183226878687,160.862752417521,163.445261838117,11.3168346685832,174.739322294305,143.749529014263,3.30701032428276,6.99923378562582,6.99923378562583,0.0206354718131779,5,7,7,1,1,10.9125188887923,0.020635471813178,0.599871584975338,0.000794083342647475,5.96017123275505e-05,0.547302251817633,0,-284.364788820922,0.943127086118769,certified_feasible
4,1,6,1,6,0.1,1.25,4.38693115130091,1924.51649262543,7,1.5725,1.19522424033765,0.126129004807915,2.1747352200505,14.9654751453343,193.773220222707,1,1896.60199031795,1,1,1,1,1,1,1,6.63530335093274e-15,2.17473522005049,14.9654751453349,178.742642187406,181.257738994485,12.53868369784,193.773220222707,143.749529014263,3.30701032428276,6.99968388896122,6.99968388896122,0.0133271049417997,5,7,7,1,1,17.044426610123,0.0133271049417998,0.599871584975338,0.000794083342647475,5.96017123275505e-05,0.554610618689011,0,-284.364788820922,0.943127086118769,certified_feasible
4,1,7,2,1,0.2,0.1,0.350954492104073,3.07922638820069,7,0.05,0.0475728623847486,0.504595873997664,1.65773319912468,14.4968212592586,143.749529014263,0,-24.8352759192764,1,0,1,0,0,0,0,NaN,NaN,NaN,NaN,NaN,NaN,NaN,NaN,3.30701032428276,NaN,4.08235172381582,0.840633809950042,5,NaN,NaN,NaN,NaN,NaN,NaN,NaN,NaN,NaN,NaN,0,NaN,NaN,modulation_envelope;
4,1,8,2,2,0.2,0.25,0.877386230260181,19.2451649262543,7,0.1025,0.0873795022226955,0.505395334036579,1.72093988985551,14.5321264595671,143.749529014263,0,-8.66933738122278,1,0,1,0,0,0,0,NaN,NaN,NaN,NaN,NaN,NaN,NaN,NaN,3.30701032428276,NaN,5.98257391558765,0.528361762844358,5,NaN,NaN,NaN,NaN,NaN,NaN,NaN,NaN,NaN,NaN,0,NaN,NaN,modulation_envelope;
4,1,9,2,3,0.2,0.5,1.75477246052036,76.9806597050172,7,0.29,0.229583491981472,0.424018047934116,1.83559855302493,14.6101267700148,143.749529014263,1,49.0661573975401,1,0,1,0,0,0,0,NaN,NaN,NaN,NaN,NaN,NaN,NaN,NaN,3.30701032428276,NaN,6.8543755082452,0.241053924661288,5,NaN,NaN,NaN,NaN,NaN,NaN,NaN,NaN,NaN,NaN,0,NaN,NaN,modulation_envelope;
4,1,10,2,4,0.2,0.75,2.63215869078054,173.206484336289,7,0.6025,0.466611969276329,0.342640761831653,1.95025721619434,14.7117347154584,145.977718249663,1,145.291982028812,1,1,1,1,1,1,1,1.01353506772263e-14,1.95025721619434,14.7117347196402,133.920688383959,136.493142433687,9.45652844282848,145.929560045046,143.749529014263,3.30701032428276,6.96571421672672,6.96571421672672,0.127369975827198,5,7,7,1,1,6.17730614703744,0.127369975827198,0.599871584975338,0.000794083342647475,5.96017123275505e-05,0.440567747803613,0,-284.364788820922,0.943127086118769,certified_feasible
4,1,11,2,5,0.2,1,3.50954492104073,307.922638820069,7,1.04,0.798464934107266,0.26126347572919,2.06491587936376,14.8364652711895,163.52537365123,1,280.008136512592,1,1,1,1,1,1,1,7.87704940549862e-15,2.06491587936376,14.8364652712291,150.443378302953,152.959944222866,10.5858372559577,163.52537365123,143.749529014263,3.30701032428276,6.98845544897127,6.98845544897127,0.0767867956033677,5,7,7,1,1,10.9465677080724,0.076786795603368,0.599871584975338,0.000794083342647475,5.96017123275505e-05,0.491150928027443,0,-284.364788820922,0.943127086118769,certified_feasible
4,1,12,2,6,0.2,1.25,4.38693115130091,481.129123156358,7,1.6025,1.22514238647428,0.114928708594403,2.17957454253318,14.9837410032163,183.753037879088,1,453.21462084888,1,1,1,1,1,1,1,6.35880994120889e-15,2.17957454253318,14.983741003217,169.453584176801,171.889380006703,11.884625189458,183.753037879088,143.749529014263,3.30701032428276,6.99513298791597,6.99513298791597,0.0508415995232315,5,7,7,1,1,17.0784754294031,0.0508415995232315,0.599871584975338,0.000794083342647475,5.96017123275505e-05,0.51709612410758,0,-284.364788820922,0.943127086118769,certified_feasible
4,1,13,3,1,0.35,0.1,0.350954492104073,1.00546167777982,7,0.1325,0.130063039921145,0.459633881204908,1.72375115733947,14.5349988179668,143.749529014263,0,-26.9090406296973,1,0,1,0,0,0,0,NaN,NaN,NaN,NaN,NaN,NaN,NaN,NaN,3.30701032428276,NaN,3.58145032324959,0.933291523979207,5,NaN,NaN,NaN,NaN,NaN,NaN,NaN,NaN,NaN,NaN,0,NaN,NaN,modulation_envelope;
4,1,14,3,2,0.35,0.25,0.877386230260181,6.28413548612386,7,0.185,0.169854946063687,0.461278534079461,1.72819887357953,14.5704905116086,143.749529014263,0,-21.6303668213532,1,0,1,0,0,0,0,NaN,NaN,NaN,NaN,NaN,NaN,NaN,NaN,3.30701032428276,NaN,4.69914194422458,0.743519935975466,5,NaN,NaN,NaN,NaN,NaN,NaN,NaN,NaN,NaN,NaN,0,NaN,NaN,modulation_envelope;
4,1,15,3,3,0.35,0.5,1.75477246052036,25.1365419444954,7,0.3725,0.312034379663455,0.411569114430703,1.84285753674895,14.6487490606637,143.749529014263,0,-2.77796036298166,1,1,1,1,1,1,0,1.27180082185552e-14,1.84285753674895,14.6487490788089,102.30376198349,104.798800098553,9.3783132694505,112.514166941854,143.749529014263,3.30701032428276,6.24570127354687,6.24570127354687,0.469740069377979,5,7,7,1,1,2.86432499931841,0.469740069377981,0.599871584975338,0.000794083342647475,5.96017123275505e-05,0.0981976542528306,0,-284.364788820922,0.943127086118769,outside_sufficient_bound;
4,1,16,3,4,0.35,0.75,2.63215869078054,56.5572193751147,7,0.685,0.549038300799303,0.31880836091882,1.95751619991837,14.7505502825753,143.749529014263,1,28.6427170676376,1,1,1,1,1,1,1,9.5706210255668e-15,1.95751619991837,14.7505502832447,117.454124398873,119.917085653779,9.3783132694505,128.202346131717,143.749529014263,3.30701032428276,6.75862519274191,6.75862519274191,0.297758766080881,5,7,7,1,1,6.27094040005767,0.297758766080882,0.599871584975338,0.000794083342647475,5.96017123275505e-05,0.270178957549929,0,-284.364788820922,0.943127086118769,certified_feasible
4,1,17,3,5,0.35,1,3.50954492104073,100.546167777982,7,1.1225,0.880866709471232,0.226047607406937,2.07217486308779,14.8754108359513,147.974843673281,1,72.6316654705046,1,1,1,1,1,1,1,7.56068233873835e-15,2.07217486308778,14.8754108359668,136.043121023535,138.420642169012,9.57119509974816,147.974843673281,143.749529014263,3.30701032428276,6.90812398617234,6.90812398617234,0.197743323312444,5,7,7,1,1,11.0402019610926,0.197743323312444,0.599871584975338,0.000794083342647475,5.96017123275505e-05,0.370194400318367,0,-284.364788820922,0.943127086118769,certified_feasible
4,1,18,3,6,0.35,1.25,4.38693115130091,157.103387153096,7,1.685,1.30751960567924,0.098128264274134,2.1868335262572,15.0227557638724,170.108162460749,1,129.188884845619,1,1,1,1,1,1,1,6.17767323690039e-15,2.1868335262572,15.0227557638729,156.85291847629,159.132927901344,10.9930399076186,170.108162460749,143.749529014263,3.30701032428276,6.95892692804817,6.95892692804817,0.138266077921167,5,7,7,1,1,17.1721096824233,0.138266077921167,0.599871584975338,0.000794083342647475,5.96017123275505e-05,0.429671645709644,0,-284.364788820922,0.943127086118769,certified_feasible
4,1,19,4,1,0.5,0.1,0.350954492104073,0.49267622211211,7,0.26,0.257553217457542,0.414671888412153,1.78976911555426,14.5874844841243,143.749529014263,0,-27.421826085365,1,1,1,1,1,0,0,1.37838185286084e-14,1.78976911555426,14.5874844904387,71.9329376140699,70.8885232045673,9.3783132694505,79.6425439938492,143.749529014263,3.30701032428276,3.44409162950888,3.44409162950889,0.964219590772548,5,6,6,0.985126619863674,0.980204167451335,0.274061624633946,0.967869944254984,0.543305431570317,0.000879488823746212,0.000200250374414068,-0.456498374029195,0,-284.364788820922,0.943127086118769,finite_geometry;outside_sufficient_bound;
4,1,20,4,2,0.5,0.25,0.877386230260181,3.07922638820069,7,0.3125,0.297330389904678,0.392226596459251,1.74942912523061,14.623126785396,143.749529014263,0,-24.8352759192764,1,1,1,1,1,0,0,1.32205986104653e-14,1.74942912523061,14.623126790283,75.9299462914462,74.6885434471061,9.3783132694505,83.0132323677084,143.749529014263,3.30701032428276,4.08235172381581,4.08235172381582,0.840633809950042,5,6,6,0.985126619863674,0.959529867319511,0.274061624633944,0.848886672074503,0.543305431570317,0.000879488823746212,0.000200250374414068,-0.337515101848713,0,-284.364788820922,0.943127086118769,finite_geometry;outside_sufficient_bound;
4,1,21,4,3,0.5,0.5,1.75477246052036,12.3169055528028,7,0.5,0.439485267345438,0.313174500321069,1.85011652047297,14.7015659971839,143.749529014263,0,-15.5975967546743,1,1,1,1,1,0,0,1.08102786853335e-14,1.85011652047297,14.7015659982264,88.4441448271926,87.2161096140457,9.3783132694505,94.3993903180669,143.749529014263,3.30701032428276,5.4722604803749,5.4722604803749,0.621959201432408,5,7,7,1,1,3.00903248125877,0.62195920143241,0.599871584975338,0.000794083342647475,5.96017123275505e-05,-0.0540214778015986,0,-284.364788820922,0.943127086118769,finite_geometry;outside_sufficient_bound;
4,1,22,4,4,0.5,0.75,2.63215869078054,27.7130374938062,7,0.8125,0.676464632322277,0.220413746809186,1.96477518364239,14.8034616850387,143.749529014263,0,-0.201464813670889,1,1,1,1,1,1,0,8.74923592471424e-15,1.96477518364239,14.8034616851193,106.291382748507,104.965560291721,9.3783132694505,112.211245968567,143.749529014263,3.30701032428276,6.33069062071032,6.33069062071032,0.448201681544506,5,7,7,1,1,6.41564788199803,0.448201681544507,0.599871584975338,0.000794083342647475,5.96017123275505e-05,0.119736042086305,0,-284.364788820922,0.943127086118769,outside_sufficient_bound;
4,1,23,4,5,0.5,1,3.50954492104073,49.267622211211,7,1.25,1.0082684848352,0.127652993297303,2.07943384681181,14.9283335390903,143.749529014263,1,21.3531199037339,1,1,1,1,1,1,1,7.12722436177603e-15,2.07943384681181,14.9283335390945,127.653830428402,125.744724484518,9.3783132694505,134.416063035246,143.749529014263,3.30701032428276,6.70068945018967,6.70068945018967,0.325162063573451,5,7,7,1,1,11.184909443033,0.325162063573451,0.599871584975338,0.000794083342647475,5.96017123275505e-05,0.24277566005736,0,-284.364788820922,0.943127086118769,certified_feasible
4,1,24,4,6,0.5,1.25,4.38693115130091,76.9806597050172,7,1.8125,1.4348968248842,0.0348922397854197,2.20134699512741,15.0756106327843,158.659541198633,1,49.0661573975401,1,1,1,1,1,1,1,5.96041644704582e-15,2.20134699512741,15.0756106327846,150.626200453836,148.458402811997,10.2355817680393,158.659541198633,150.626200453836,3.30701032428276,6.8543755082452,6.8543755082452,0.241053924661288,5,7,7,1,1,17.3168171643637,0.241053924661288,0.599871584975338,0.000794083342647475,5.96017123275505e-05,0.326883798969523,0,-284.364788820922,0.943127086118769,certified_feasible
4,1,25,5,1,0.75,0.1,0.350954492104073,0.218967209827605,7,0.5725,0.570036846684869,0.216322643720039,1.89979904591224,14.7063214096391,143.749529014263,0,-27.6955350976495,1,1,1,1,1,0,0,9.64801692661331e-15,1.89979904591224,14.7063214096682,103.047976093258,36.5330877750597,9.3783132694505,45.0813526144936,143.749529014263,3.30701032428276,3.36855183710198,3.36855183710198,0.983149249459522,5,5,5,0.955887198930119,0.951667085661221,0.610444038232937,0.987085547863281,0.48674334343714,0.000967257251702054,0.00171604515923862,-0.532276065770668,0,-284.364788820922,0.943127086118769,finite_geometry;outside_sufficient_bound;
4,1,26,5,2,0.75,0.25,0.877386230260181,1.36854506142253,7,0.625,0.609789462972997,0.193783493054782,1.85945905558859,14.742135981776,143.749529014263,0,-26.5459572460546,1,1,1,1,1,0,0,9.49923647058652e-15,1.85945905558859,14.7421359818031,105.983960038708,43.6080548070229,9.3783132694505,50.9351590693655,143.749529014263,3.30701032428276,3.67542905186093,3.67542905186093,0.91399269675343,5,6,6,0.985126619863674,0.972328243591593,0.61663865542638,0.920488566874012,0.543305431570317,0.000879488823746212,0.000200250374414068,-0.409116996648222,0,-284.364788820922,0.943127086118769,finite_geometry;outside_sufficient_bound;
4,1,27,5,3,0.75,0.5,1.75477246052036,5.47418024569011,7,0.8125,0.751903413482076,0.149183476805013,1.86221482667968,14.8207072452781,143.749529014263,0,-22.440322061787,1,1,1,1,1,0,0,8.39778875643091e-15,1.86221482667968,14.8207072452894,115.444583069571,62.8723622422588,9.3783132694505,68.098743083993,143.749529014263,3.30701032428276,4.55957589495258,4.55957589495258,0.764892818382181,5,7,7,1,1,3.36370768209297,0.764892818382182,0.599871584975338,0.000794083342647475,5.96017123275505e-05,-0.196955094751371,0,-284.364788820922,0.943127086118769,finite_geometry;outside_sufficient_bound;
4,1,28,5,4,0.75,0.75,2.63215869078054,12.3169055528028,7,1.125,0.988841851527234,0.0564227232931296,1.9768734898491,14.922546113126,143.749529014263,0,-15.5975967546743,1,1,1,1,1,0,0,7.48184730852779e-15,1.9768734898491,14.9225461131284,129.469289866298,86.5307883771844,9.3783132694505,92.4767465822823,143.749529014263,3.30701032428276,5.4722604803749,5.4722604803749,0.621959201432408,5,7,7,1,1,6.77032308283223,0.621959201432409,0.599871584975338,0.000794083342647475,5.96017123275505e-05,-0.0540214778015979,0,-284.364788820922,0.943127086118769,finite_geometry;outside_sufficient_bound;
4,1,29,5,5,0.75,1,3.50954492104073,21.8967209827604,7,1.5625,1.32060477710847,-0.0363380302187537,2.09153215301852,15.047180169373,146.755359563511,0,-6.01778132471664,0,1,1,0,0,0,0,NaN,NaN,NaN,NaN,NaN,NaN,NaN,NaN,3.30701032428276,NaN,6.11499869163518,0.500146806484703,5,NaN,NaN,NaN,NaN,NaN,NaN,NaN,NaN,NaN,NaN,0,NaN,NaN,negative_rate;
4,1,30,5,6,0.75,1.25,4.38693115130091,34.2136265355632,7,2.125,1.74719219022579,-0.129098783730637,2.24556394863761,15.1940484698398,166.28880715942,1,6.29912422808612,0,0,1,0,0,0,0,NaN,NaN,NaN,NaN,NaN,NaN,NaN,NaN,3.30701032428276,NaN,6.49201678586928,0.402012236104555,5,NaN,NaN,NaN,NaN,NaN,NaN,NaN,NaN,NaN,NaN,0,NaN,NaN,negative_rate;modulation_envelope;
4,1,31,6,1,1,0.1,0.350954492104073,0.123169055528028,7,1.01,1.0075204759122,0.0178795403155698,2.00982897627022,14.8635176041334,143.749529014263,0,-27.7913332519491,1,1,1,1,1,0,0,7.36572072167672e-15,2.00982897627022,14.8635176041338,134.976220862713,10.6314165805899,9.3783132694505,13.7913456140883,143.749529014263,3.30701032428276,3.34174850949749,3.34174850949749,0.990305792683592,5,5,5,0.955887198930119,0.953495105022748,1.08523384574744,0.992646832789516,0.48674334343714,0.000967257251702054,0.00171604515923862,-0.537837350696904,0,-284.364788820922,0.943127086118769,finite_geometry;outside_sufficient_bound;
4,1,32,6,2,1,0.25,0.877386230260181,0.769806597050172,7,1.0625,1.04724853604132,-0.00465961034968665,1.97633559971708,14.8994090474864,143.749529014263,0,-27.1446957104269,0,1,1,0,0,0,0,NaN,NaN,NaN,NaN,NaN,NaN,NaN,NaN,3.30701032428276,NaN,3.51900036720032,0.946886544433186,5,NaN,NaN,NaN,NaN,NaN,NaN,NaN,NaN,NaN,NaN,0,NaN,NaN,negative_rate;
4,1,33,6,3,1,0.5,1.75477246052036,3.07922638820069,7,1.25,1.18932155961871,-0.0422248614584471,1.97692630616953,14.9779092021103,144.871300554448,0,-24.8352759192764,0,1,1,0,0,0,0,NaN,NaN,NaN,NaN,NaN,NaN,NaN,NaN,3.30701032428276,NaN,4.08235172381582,0.840633809950042,5,NaN,NaN,NaN,NaN,NaN,NaN,NaN,NaN,NaN,NaN,0,NaN,NaN,negative_rate;
4,1,34,6,4,1,0.75,2.63215869078054,6.92825937345155,7,1.5625,1.42621907073219,-0.107568300222927,1.9889717960558,15.0794352504354,156.398148796406,0,-20.9862429340255,0,1,1,0,0,0,0,NaN,NaN,NaN,NaN,NaN,NaN,NaN,NaN,3.30701032428276,NaN,4.80305199436454,0.727649040082192,5,NaN,NaN,NaN,NaN,NaN,NaN,NaN,NaN,NaN,NaN,0,NaN,NaN,negative_rate;
4,1,35,6,5,1,1,3.50954492104073,12.3169055528028,7,2,1.75794106938175,-0.20032905373481,2.12829634689641,15.2035259127793,171.093721256228,0,-15.5975967546743,0,0,1,0,0,0,0,NaN,NaN,NaN,NaN,NaN,NaN,NaN,NaN,3.30701032428276,NaN,5.4722604803749,0.621959201432408,5,NaN,NaN,NaN,NaN,NaN,NaN,NaN,NaN,NaN,NaN,0,NaN,NaN,negative_rate;modulation_envelope;
4,1,36,6,6,1,1.25,4.38693115130091,19.2451649262543,7,2.5625,2.18448755556739,-0.293089807246694,2.28978090214781,15.3496339432606,188.217255434831,0,-8.66933738122278,0,0,1,0,0,0,0,NaN,NaN,NaN,NaN,NaN,NaN,NaN,NaN,3.30701032428276,NaN,5.98257391558765,0.528361762844358,5,NaN,NaN,NaN,NaN,NaN,NaN,NaN,NaN,NaN,NaN,0,NaN,NaN,negative_rate;modulation_envelope;
4,2,1,1,1,0.1,0.1,0.350954492104073,12.3169055528028,7,0.02,0.0178354416423204,0.538693647834078,1.67263422220381,14.475769817065,143.749529014263,0,-15.5975967546743,1,0,1,0,0,0,0,NaN,NaN,NaN,NaN,NaN,NaN,NaN,NaN,3.30701032428276,NaN,5.4722604803749,0.621959201432408,5,NaN,NaN,NaN,NaN,NaN,NaN,NaN,NaN,NaN,NaN,0,NaN,NaN,modulation_envelope;
4,2,2,1,2,0.1,0.25,0.877386230260181,76.9806597050172,7,0.0725000000000001,0.05815327710762,0.514142387941387,1.72066372471365,14.5060077190367,143.749529014263,1,49.0661573975401,1,0,1,0,0,0,0,NaN,NaN,NaN,NaN,NaN,NaN,NaN,NaN,3.30701032428276,NaN,6.8543755082452,0.241053924661288,5,NaN,NaN,NaN,NaN,NaN,NaN,NaN,NaN,NaN,NaN,0,NaN,NaN,modulation_envelope;
4,2,3,1,3,0.1,0.5,1.75477246052036,307.922638820069,7,0.26,0.20152213088797,0.468239209612719,1.80227113294123,14.5771983038098,144.805025598777,1,280.008136512592,1,0,1,0,0,0,0,NaN,NaN,NaN,NaN,NaN,NaN,NaN,NaN,3.30701032428276,NaN,6.98845544897127,0.0767867956033677,5,NaN,NaN,NaN,NaN,NaN,NaN,NaN,NaN,NaN,NaN,0,NaN,NaN,modulation_envelope;
4,2,4,1,4,0.1,0.75,2.63215869078054,692.825937345155,7,0.5725,0.44010656134105,0.42233603128405,1.91076297277996,14.6754828565791,157.246635236787,1,664.911435037678,1,1,1,1,1,1,1,1.0803570193943e-14,1.91076297277996,14.6754977990081,145.291319981658,147.103943224802,10.1767437773461,157.246635236787,143.749529014263,3.30701032428276,6.99761580564591,6.99761580564591,0.0359840154411275,5,7,7,1,1,6.14325732775734,0.0359840154411276,0.599871584975338,0.000794083342647475,5.96017123275505e-05,0.531953708189684,0,-284.364788820922,0.943127086118769,certified_feasible
4,2,5,1,5,0.1,1,3.50954492104073,1231.69055528028,7,1.01,0.77390656846686,0.376432852955382,2.0192548126187,14.7973434962367,173.467739252061,1,1203.7760529728,1,1,1,1,1,1,1,8.14650489922242e-15,2.01925481261869,14.797343506243,160.692331058051,162.296217157379,11.2117482273542,173.467739252061,143.749529014263,3.30701032428276,6.99923378562582,6.99923378562583,0.0206354718131779,5,7,7,1,1,10.9125188887923,0.0206354718131779,0.599871584975338,0.000794083342647475,5.96017123275505e-05,0.547302251817633,0,-284.364788820922,0.943127086118769,certified_feasible
4,2,6,1,6,0.1,1.25,4.38693115130091,1924.51649262543,7,1.5725,1.2029221522654,0.330529674626713,2.12774665245743,14.9422034119539,192.844258872682,1,1896.60199031795,1,1,1,1,1,1,1,6.58621219935907e-15,2.12774665245743,14.9422034119539,178.723052745935,180.406398302289,12.46581948766,192.844258872682,143.749529014263,3.30701032428276,6.99968388896122,6.99968388896122,0.0133271049417997,5,7,7,1,1,17.044426610123,0.0133271049417998,0.599871584975338,0.000794083342647475,5.96017123275505e-05,0.554610618689011,0,-284.364788820922,0.943127086118769,certified_feasible
4,2,7,2,1,0.2,0.1,0.350954492104073,3.07922638820069,7,0.05,0.0480536371508224,0.50871898597224,1.71664619434701,14.4929989131587,143.749529014263,0,-24.8352759192764,1,0,1,0,0,0,0,NaN,NaN,NaN,NaN,NaN,NaN,NaN,NaN,3.30701032428276,NaN,4.08235172381582,0.840633809950042,5,NaN,NaN,NaN,NaN,NaN,NaN,NaN,NaN,NaN,NaN,0,NaN,NaN,modulation_envelope;
4,2,8,2,2,0.2,0.25,0.877386230260181,19.2451649262543,7,0.1025,0.088698765878875,0.510739191739806,1.76467569685685,14.523057683499,143.749529014263,0,-8.66933738122278,1,0,1,0,0,0,0,NaN,NaN,NaN,NaN,NaN,NaN,NaN,NaN,3.30701032428276,NaN,5.98257391558765,0.528361762844358,5,NaN,NaN,NaN,NaN,NaN,NaN,NaN,NaN,NaN,NaN,0,NaN,NaN,modulation_envelope;
4,2,9,2,3,0.2,0.5,1.75477246052036,76.9806597050172,7,0.29,0.23261310843048,0.464836013411137,1.84472486770658,14.5936255664556,143.749529014263,1,49.0661573975401,1,0,1,0,0,0,0,NaN,NaN,NaN,NaN,NaN,NaN,NaN,NaN,3.30701032428276,NaN,6.8543755082452,0.241053924661288,5,NaN,NaN,NaN,NaN,NaN,NaN,NaN,NaN,NaN,NaN,0,NaN,NaN,modulation_envelope;
4,2,10,2,4,0.2,0.75,2.63215869078054,173.206484336289,7,0.6025,0.471743027654815,0.418932835082469,1.92477403855631,14.6894496843096,144.836922071261,1,145.291982028812,1,1,1,1,1,1,1,1.0520113026837e-14,1.92477403855631,14.6894496843096,133.807110265483,135.500373310701,9.3783132694505,144.836922071261,143.749529014263,3.30701032428276,6.96571421672672,6.96571421672672,0.127369975827198,5,7,7,1,1,6.17730614703743,0.127369975827198,0.599871584975338,0.000794083342647475,5.96017123275505e-05,0.440567747803613,0,-284.364788820922,0.943127086118769,certified_feasible
4,2,11,2,5,0.2,1,3.50954492104073,307.922638820069,7,1.04,0.80608852355188,0.3730296567538,2.00793968416172,14.8100398054871,162.391476940304,1,280.008136512592,1,1,1,1,1,1,1,7.97590630408675e-15,2.00793968416172,14.8100398054871,150.47213649327,151.940470787218,10.489685749577,162.391476940304,143.749529014263,3.30701032428276,6.98845544897127,6.98845544897127,0.0767867956033677,5,7,7,1,1,10.9465677080724,0.0767867956033677,0.599871584975338,0.000794083342647475,5.96017123275505e-05,0.491150928027443,0,-284.364788820922,0.943127086118769,certified_feasible
4,2,12,2,6,0.2,1.25,4.38693115130091,481.129123156358,7,1.6025,1.23564959612167,0.327126478425132,2.11643152400046,14.9547968294675,183.692950396938,1,453.21462084888,1,1,1,1,1,1,1,6.46522470634621e-15,2.11643152400046,14.9547968294675,169.963449584174,171.852949166728,11.8658967081415,183.692950396938,143.749529014263,3.30701032428276,6.99513298791597,6.99513298791597,0.0508415995232315,5,7,7,1,1,17.0784754294031,0.0508415995232314,0.599871584975338,0.000794083342647475,5.96017123275505e-05,0.51709612410758,0,-284.364788820922,0.943127086118769,certified_feasible
4,2,13,3,1,0.35,0.1,0.350954492104073,1.00546167777982,7,0.1325,0.130880930413575,0.463756993179485,1.7826641525618,14.5308568277234,143.749529014263,0,-26.9090406296973,1,0,1,0,0,0,0,NaN,NaN,NaN,NaN,NaN,NaN,NaN,NaN,3.30701032428276,NaN,3.58145032324959,0.933291523979207,5,NaN,NaN,NaN,NaN,NaN,NaN,NaN,NaN,NaN,NaN,0,NaN,NaN,modulation_envelope;
4,2,14,3,2,0.35,0.25,0.877386230260181,6.28413548612386,7,0.185,0.172016999035757,0.471586314015901,1.83069365507164,14.5606231109521,143.749529014263,0,-21.6303668213532,1,0,1,0,0,0,0,NaN,NaN,NaN,NaN,NaN,NaN,NaN,NaN,3.30701032428276,NaN,4.69914194422458,0.743519935975466,5,NaN,NaN,NaN,NaN,NaN,NaN,NaN,NaN,NaN,NaN,0,NaN,NaN,modulation_envelope;
4,2,15,3,3,0.35,0.5,1.75477246052036,25.1365419444954,7,0.3725,0.316749574744245,0.459731219108765,1.91074282592137,14.630654296994,143.749529014263,0,-2.77796036298166,1,1,1,1,1,1,0,1.25303309654113e-14,1.91074282592137,14.630654296994,102.317051497095,104.046922028228,9.3783132694505,111.722171980655,143.749529014263,3.30701032428276,6.24570127354687,6.24570127354687,0.469740069377979,5,7,7,1,1,2.86432499931841,0.46974006937798,0.599871584975338,0.000794083342647475,5.96017123275505e-05,0.0981976542528314,0,-284.364788820922,0.943127086118769,outside_sufficient_bound;
4,2,16,3,4,0.35,0.75,2.63215869078054,56.5572193751147,7,0.684999999999999,0.556697727125462,0.413828040780097,1.9907919967711,14.7258842551271,143.749529014263,1,28.6427170676376,1,1,1,1,1,1,1,9.60923943582515e-15,1.9907919967711,14.7258842551271,117.628434758779,119.085960603007,9.3783132694505,127.281221993896,143.749529014263,3.30701032428276,6.75862519274192,6.75862519274191,0.297758766080881,5,7,7,1,1,6.27094040005767,0.297758766080882,0.599871584975338,0.000794083342647475,5.96017123275505e-05,0.27017895754993,0,-284.364788820922,0.943127086118769,certified_feasible
4,2,17,3,5,0.35,1,3.50954492104073,100.546167777982,7,1.1225,0.89186145617941,0.367924862451428,2.07084116762084,14.8458280736017,147.842623248342,1,72.6316654705046,1,1,1,1,1,1,1,7.88102468516417e-15,2.07084116762083,14.8458280736017,136.488482102109,138.312591045771,9.55094938822476,147.842623248342,143.749529014263,3.30701032428276,6.90812398617234,6.90812398617234,0.197743323312444,5,7,7,1,1,11.0402019610926,0.197743323312444,0.599871584975338,0.000794083342647475,5.96017123275505e-05,0.370194400318367,0,-284.364788820922,0.943127086118769,certified_feasible
4,2,18,3,6,0.35,1.25,4.38693115130091,157.103387153096,7,1.685,1.32224076190609,0.32202168412276,2.15089033847057,14.9898925094469,171.213524567958,1,129.188884845619,1,1,1,1,1,1,1,6.29671409137752e-15,2.15089033847057,14.9898925094469,158.412996327399,160.188746821209,11.047845734749,171.213524567958,143.749529014263,3.30701032428276,6.95892692804817,6.95892692804817,0.138266077921167,5,7,7,1,1,17.1721096824233,0.138266077921166,0.599871584975338,0.000794083342647475,5.96017123275505e-05,0.429671645709645,0,-284.364788820922,0.943127086118769,certified_feasible
4,2,19,4,1,0.5,0.1,0.350954492104073,0.49267622211211,7,0.26,0.258708223676328,0.418795000386729,1.84868211077659,14.5830288938765,143.749529014263,0,-27.421826085365,1,1,1,1,1,0,0,1.37233935884569e-14,1.84868211077658,14.5830288945757,71.7528854516187,70.6783121936299,9.3783132694505,79.429606569772,143.749529014263,3.30701032428276,3.44409162950888,3.44409162950889,0.964219590772548,5,6,6,0.985126619863674,0.980204167451335,0.274061624633947,0.967869944254985,0.543305431570317,0.000879488823746212,0.000200250374414068,-0.456498374029196,0,-284.364788820922,0.943127086118769,finite_geometry;outside_sufficient_bound;
4,2,20,4,2,0.5,0.25,0.877386230260181,3.07922638820069,7,0.3125,0.30033523219264,0.426624321223145,1.89671161328643,14.6124753276441,143.749529014263,0,-24.8352759192764,1,1,1,1,1,0,0,1.26542431606984e-14,1.89671161328642,14.6124753276535,75.6763539230572,74.2385406986368,9.3783132694505,82.5463226615825,143.749529014263,3.30701032428276,4.08235172381581,4.08235172381582,0.840633809950042,5,6,6,0.985126619863674,0.959529867319511,0.274061624633948,0.848886672074502,0.543305431570317,0.000879488823746212,0.000200250374414068,-0.337515101848712,0,-284.364788820922,0.943127086118769,finite_geometry;outside_sufficient_bound;
4,2,21,4,3,0.5,0.5,1.75477246052036,12.3169055528028,7,0.5,0.44588604105801,0.425712875600609,1.97676078413616,14.6819049194326,143.749529014263,0,-15.5975967546743,1,1,1,1,1,0,0,1.0524441126538e-14,1.97676078413616,14.6819049194326,88.5037374536784,86.5864509478636,9.3783132694505,93.7082764325777,143.749529014263,3.30701032428276,5.4722604803749,5.4722604803749,0.621959201432408,5,7,7,1,1,3.00903248125876,0.621959201432409,0.599871584975338,0.000794083342647475,5.96017123275505e-05,-0.0540214778015975,0,-284.364788820922,0.943127086118769,finite_geometry;outside_sufficient_bound;
4,2,22,4,4,0.5,0.75,2.63215869078054,27.7130374938062,7,0.8125,0.686652426596111,0.408723246477725,2.05680995498589,14.7764525879455,143.749529014263,0,-0.201464813670889,1,1,1,1,1,1,0,8.86075938087458e-15,2.05680995498589,14.7764525879455,106.613052754958,104.784578513384,9.3783132694505,112.005504683698,143.749529014263,3.30701032428276,6.33069062071032,6.33069062071032,0.448201681544506,5,7,7,1,1,6.41564788199802,0.448201681544507,0.599871584975338,0.000794083342647475,5.96017123275505e-05,0.119736042086305,0,-284.364788820922,0.943127086118769,outside_sufficient_bound;
4,2,23,4,5,0.5,1,3.50954492104073,49.267622211211,7,1.25,1.02263438880694,0.362820068149056,2.13685912583563,14.8956400420604,143.749529014263,1,21.3531199037339,1,1,1,1,1,1,1,7.31263716700981e-15,2.13685912583562,14.8956400420604,127.777951801057,126.719507188012,9.3783132694505,135.439305050517,143.749529014263,3.30701032428276,6.70068945018967,6.70068945018967,0.325162063573451,5,7,7,1,1,11.184909443033,0.325162063573451,0.599871584975338,0.000794083342647475,5.96017123275505e-05,0.24277566005736,0,-284.364788820922,0.943127086118769,certified_feasible
4,2,24,4,6,0.5,1.25,4.38693115130091,76.9806597050172,7,1.8125,1.4538319276905,0.316916889820387,2.21690829668536,15.0388814610582,160.538661406198,1,49.0661573975401,1,1,1,1,1,1,1,6.12534826221723e-15,2.21690829668536,15.0388814610582,150.716612851719,150.210817133779,10.348508412188,160.538661406198,150.716612851719,3.30701032428276,6.8543755082452,6.8543755082452,0.241053924661288,5,7,7,1,1,17.3168171643637,0.241053924661288,0.599871584975338,0.000794083342647475,5.96017123275505e-05,0.326883798969523,0,-284.364788820922,0.943127086118769,certified_feasible
4,2,25,5,1,0.75,0.1,0.350954492104073,0.218967209827605,7,0.5725,0.571753712447583,0.230532949770062,1.95871204113457,14.7013587333947,143.749529014263,0,-27.6955350976495,1,1,1,1,1,0,0,9.63327794530867e-15,1.95871204113457,14.7013587333985,102.769031612229,36.3424133049053,9.3783132694505,44.8811692093407,143.749529014263,3.30701032428276,3.36855183710198,3.36855183710198,0.983149249459522,5,5,5,0.955887198930119,0.951667085661221,0.610444038232927,0.987085547863281,0.48674334343714,0.000967257251702054,0.00171604515923862,-0.532276065770668,0,-284.364788820922,0.943127086118769,finite_geometry;outside_sufficient_bound;
4,2,26,5,2,0.75,0.25,0.877386230260181,1.36854506142253,7,0.625,0.614198954120777,0.229309258179841,2.00674154364441,14.7302155168424,143.749529014263,0,-26.5459572460546,1,1,1,1,1,0,0,9.17601847459983e-15,2.00674154364441,14.7302155168425,105.429133291707,43.2932254739318,9.3783132694505,50.5642916622789,143.749529014263,3.30701032428276,3.67542905186093,3.67542905186093,0.91399269675343,5,6,6,0.985126619863674,0.972328243591592,0.616638655426382,0.920488566874012,0.543305431570317,0.000879488823746212,0.000200250374414068,-0.409116996648223,0,-284.364788820922,0.943127086118769,finite_geometry;outside_sufficient_bound;
4,2,27,5,3,0.75,0.5,1.75477246052036,5.47418024569011,7,0.8125,0.761113484914285,0.22726977219614,2.08679071449414,14.7985069463228,143.749529014263,0,-22.440322061787,1,1,1,1,1,0,0,8.30651200430574e-15,2.08679071449414,14.7985069463228,114.805460118148,63.3597535940061,9.3783132694505,68.6469492019582,143.749529014263,3.30701032428276,4.55957589495258,4.55957589495258,0.764892818382181,5,7,7,1,1,3.36370768209296,0.764892818382182,0.599871584975338,0.000794083342647475,5.96017123275505e-05,-0.196955094751371,0,-284.364788820922,0.943127086118769,finite_geometry;outside_sufficient_bound;
4,2,28,5,4,0.75,0.75,2.63215869078054,12.3169055528028,7,1.125,1.00324359238052,0.225230286212439,2.16683988534388,14.8917322251776,143.749529014263,0,-15.5975967546743,1,1,1,1,1,0,0,7.34289703344892e-15,2.16683988534387,14.8917322251776,129.122870451051,87.3157719720537,9.3783132694505,93.3164005414252,143.749529014263,3.30701032428276,5.4722604803749,5.4722604803749,0.621959201432408,5,7,7,1,1,6.77032308283221,0.621959201432408,0.599871584975338,0.000794083342647475,5.96017123275505e-05,-0.0540214778015968,0,-284.364788820922,0.943127086118769,finite_geometry;outside_sufficient_bound;
4,2,29,5,5,0.75,1,3.50954492104073,21.8967209827604,7,1.5625,1.34058927651949,0.223190800228737,2.24688905619361,15.0094267595639,146.944098719133,0,-6.01778132471664,1,1,1,1,1,1,0,6.32399067123931e-15,2.24688905619361,15.0094267595639,146.944098719133,112.521376497705,9.3783132694505,120.250713354572,146.944098719133,3.30701032428276,6.11499869163518,6.11499869163518,0.500146806484703,5,7,7,1,1,11.5395846438672,0.500146806484704,0.599871584975338,0.000794083342647475,5.96017123275505e-05,0.0677909171461075,0,-284.364788820922,0.943127086118769,outside_sufficient_bound;
4,2,30,5,6,0.75,1.25,4.38693115130091,34.2136265355632,7,2.125,1.77315053733119,0.196415243816445,2.32693822704334,15.1510203218571,167.152179457874,1,6.29912422808612,1,0,1,0,0,0,0,NaN,NaN,NaN,NaN,NaN,NaN,NaN,NaN,3.30701032428276,NaN,6.49201678586928,0.402012236104555,5,NaN,NaN,NaN,NaN,NaN,NaN,NaN,NaN,NaN,NaN,0,NaN,NaN,modulation_envelope;
4,2,31,6,1,1,0.1,0.350954492104073,0.123169055528028,7,1.01,1.00979920121884,0.0320898463655936,2.06874197149255,14.8580700574476,143.749529014263,0,-27.7913332519491,1,1,1,1,1,0,0,7.3917722122628e-15,2.06874197149255,14.8580700574477,134.646307430742,10.7296166220643,9.3783132694505,14.2701001205292,143.749529014263,3.30701032428276,3.34174850949749,3.34174850949749,0.990305792683592,5,5,5,0.955887198930119,0.953495105022749,1.08523384574744,0.992646832789517,0.48674334343714,0.000967257251702054,0.00171604515923862,-0.537837350696905,0,-284.364788820922,0.943127086118769,finite_geometry;outside_sufficient_bound;
4,2,32,6,2,1,0.25,0.877386230260181,0.769806597050172,7,1.0625,1.05306267604891,0.0308661547753725,2.11677147400239,14.8862736599855,143.749529014263,0,-27.1446957104269,1,1,1,1,1,0,0,7.1175701961841e-15,2.11677147400239,14.8862736599855,136.597403740076,26.8240415551607,9.3783132694505,28.6753918563911,143.749529014263,3.30701032428276,3.51900036720032,3.51900036720032,0.946886544433186,5,6,6,0.985126619863674,0.977598163233038,1.0962464985358,0.951748168559083,0.543305431570317,0.000879488823746212,0.000200250374414068,-0.440376598333293,0,-284.364788820922,0.943127086118769,finite_geometry;outside_sufficient_bound;
4,2,33,6,3,1,0.5,1.75477246052036,3.07922638820069,7,1.25,1.20134092877056,0.0288266687916712,2.19682064485212,14.9532726837039,143.815273044785,0,-24.8352759192764,1,1,1,1,1,0,0,6.65640976777948e-15,2.19682064485212,14.9532726837039,143.815273044785,53.6480831103214,9.3783132694505,57.3507837127821,143.815273044785,3.30701032428276,4.08235172381582,4.08235172381582,0.840633809950042,5,6,6,0.985126619863674,0.959529867319511,1.0962464985358,0.848886672074502,0.543305431570317,0.000879488823746212,0.000200250374414068,-0.337515101848712,0,-284.364788820922,0.943127086118769,finite_geometry;outside_sufficient_bound;
4,2,34,6,4,1,0.75,2.63215869078054,6.92825937345155,7,1.5625,1.44483475816494,0.0267871828079697,2.27686981570186,15.0449628309518,155.352004453251,0,-20.9862429340255,1,1,1,1,1,0,0,6.23760684326015e-15,2.27686981570186,15.0449628309518,155.352004453251,80.472124665482,9.3783132694505,86.0261755691732,155.352004453251,3.30701032428276,4.80305199436454,4.80305199436454,0.727649040082192,5,7,7,1,1,7.2668683640001,0.727649040082191,0.599871584975338,0.000794083342647475,5.96017123275505e-05,-0.15971131645138,0,-284.364788820922,0.943127086118769,finite_geometry;outside_sufficient_bound;
4,2,35,6,5,1,1,3.50954492104073,12.3169055528028,7,2,1.78354416423204,0.0247476968242683,2.35691898655159,15.1608961270279,170.663333733304,0,-15.5975967546743,1,1,1,1,1,0,0,5.54599018849518e-15,2.35691898655159,15.1608961270279,170.663333733304,107.296166220643,9.3783132694505,114.701567425564,170.663333733304,3.30701032428276,5.4722604803749,5.4722604803749,0.621959201432408,5,7,7,1,1,12.0361299250351,0.621959201432408,0.599871584975338,0.000794083342647475,5.96017123275505e-05,-0.0540214778015971,0,-284.364788820922,0.943127086118769,finite_geometry;outside_sufficient_bound;
4,2,36,6,6,1,1.25,4.38693115130091,19.2451649262543,7,2.5625,2.21746914697188,0.0227082108405671,2.43696815740133,15.3005215049236,189.032801294557,0,-8.66933738122278,1,0,1,0,0,0,0,NaN,NaN,NaN,NaN,NaN,NaN,NaN,NaN,3.30701032428276,NaN,5.98257391558765,0.528361762844358,5,NaN,NaN,NaN,NaN,NaN,NaN,NaN,NaN,NaN,NaN,0,NaN,NaN,modulation_envelope;
4,3,1,1,1,0.1,0.1,0.350954492104073,12.3169055528028,7,0.02,0.0179703468826438,0.539322434851316,1.65562591357984,14.486741257609,143.749529014263,0,-15.5975967546743,1,0,1,0,0,0,0,NaN,NaN,NaN,NaN,NaN,NaN,NaN,NaN,3.30701032428276,NaN,5.4722604803749,0.621959201432408,5,NaN,NaN,NaN,NaN,NaN,NaN,NaN,NaN,NaN,NaN,0,NaN,NaN,modulation_envelope;
4,3,2,1,2,0.1,0.25,0.877386230260181,76.9806597050172,7,0.0725,0.0587974566986625,0.537077555960546,1.67814295315372,14.5499523448628,143.749529014263,1,49.0661573975401,1,0,1,0,0,0,0,NaN,NaN,NaN,NaN,NaN,NaN,NaN,NaN,3.30701032428276,NaN,6.8543755082452,0.241053924661288,5,NaN,NaN,NaN,NaN,NaN,NaN,NaN,NaN,NaN,NaN,0,NaN,NaN,modulation_envelope;
4,3,3,1,3,0.1,0.5,1.75477246052036,307.922638820069,7,0.26,0.203833545037502,0.472657923927898,1.71567135244351,14.6743726946037,143.749529014263,1,280.008136512592,1,0,1,0,0,0,0,NaN,NaN,NaN,NaN,NaN,NaN,NaN,NaN,3.30701032428276,NaN,6.98845544897127,0.0767867956033677,5,NaN,NaN,NaN,NaN,NaN,NaN,NaN,NaN,NaN,NaN,0,NaN,NaN,modulation_envelope;
4,3,4,1,4,0.1,0.75,2.63215869078054,692.825937345155,7,0.5725,0.445108265016518,0.40823829189525,1.75319975173331,14.8220985454246,154.904032213397,1,664.911435037678,1,1,1,1,1,1,1,1.12213324667484e-14,1.75319975173331,14.8223600068047,142.664978348913,144.949650856859,9.98849574884497,154.904032213397,143.749529014263,3.30701032428276,6.99761580564591,6.99761580564591,0.0359840154411275,5,7,7,1,1,6.14325732775736,0.0359840154411275,0.599871584975338,0.000794083342647475,5.96017123275505e-05,0.531953708189684,0,-284.364788820922,0.943127086118769,certified_feasible
4,3,5,1,5,0.1,1,3.50954492104073,1231.69055528028,7,1.01,0.782621616635711,0.343818659862602,1.79072815102311,14.992441000992,170.866117614516,1,1203.7760529728,1,1,1,1,1,1,1,8.48112378763148e-15,1.79072815102311,14.9925299485327,158.610021058434,159.832559693556,11.0595004884317,170.866117614516,143.749529014263,3.30701032428276,6.99923378562582,6.99923378562583,0.0206354718131779,5,7,7,1,1,10.9125188887923,0.0206354718131778,0.599871584975338,0.000794083342647475,5.96017123275505e-05,0.547302251817633,0,-284.364788820922,0.943127086118769,certified_feasible
4,3,6,1,6,0.1,1.25,4.38693115130091,1924.51649262543,7,1.5725,1.21637359989508,0.264464074395821,1.82825655031291,15.1846389359105,191.129660378062,1,1896.60199031795,1,1,1,1,1,1,1,6.8342275847153e-15,1.82825655031291,15.1846607490519,177.710483055352,178.811206567027,12.3453983600409,191.129660378062,143.749529014263,3.30701032428276,6.99968388896122,6.99968388896122,0.0133271049417997,5,7,7,1,1,17.044426610123,0.0133271049417997,0.599871584975338,0.000794083342647475,5.96017123275505e-05,0.554610618689012,0,-284.364788820922,0.943127086118769,certified_feasible
4,3,7,2,1,0.2,0.1,0.350954492104073,3.07922638820069,7,0.05,0.0482416032340734,0.509347772989479,1.69963788572303,14.4939627279266,143.749529014263,0,-24.8352759192764,1,0,1,0,0,0,0,NaN,NaN,NaN,NaN,NaN,NaN,NaN,NaN,3.30701032428276,NaN,4.08235172381582,0.840633809950042,5,NaN,NaN,NaN,NaN,NaN,NaN,NaN,NaN,NaN,NaN,0,NaN,NaN,modulation_envelope;
4,3,8,2,2,0.2,0.25,0.877386230260181,19.2451649262543,7,0.1025,0.0894755975772366,0.518120274351754,1.72215492529691,14.5576873458083,143.749529014263,0,-8.66933738122278,1,0,1,0,0,0,0,NaN,NaN,NaN,NaN,NaN,NaN,NaN,NaN,3.30701032428276,NaN,5.98257391558765,0.528361762844358,5,NaN,NaN,NaN,NaN,NaN,NaN,NaN,NaN,NaN,NaN,0,NaN,NaN,modulation_envelope;
4,3,9,2,3,0.2,0.5,1.75477246052036,76.9806597050172,7,0.29,0.23518982679465,0.459070045049404,1.75968332458671,14.6829425574547,143.749529014263,1,49.0661573975401,1,0,1,0,0,0,0,NaN,NaN,NaN,NaN,NaN,NaN,NaN,NaN,3.30701032428276,NaN,6.8543755082452,0.241053924661288,5,NaN,NaN,NaN,NaN,NaN,NaN,NaN,NaN,NaN,NaN,0,NaN,NaN,modulation_envelope;
4,3,10,2,4,0.2,0.75,2.63215869078054,173.206484336289,7,0.6025,0.47714268765224,0.394650413016756,1.79721172387651,14.8314744378474,143.749529014263,1,145.291982028812,1,1,1,1,1,1,1,1.06276540022753e-14,1.7972117238765,14.8315880667784,131.320451292596,133.413847309929,9.3783132694505,142.564571470851,143.749529014263,3.30701032428276,6.96571421672672,6.96571421672672,0.127369975827198,5,7,7,1,1,6.17730614703743,0.127369975827198,0.599871584975338,0.000794083342647475,5.96017123275505e-05,0.440567747803613,0,-284.364788820922,0.943127086118769,certified_feasible
4,3,11,2,5,0.2,1,3.50954492104073,307.922638820069,7,1.04,0.815334180150007,0.330230780984107,1.8347401231663,15.0025916568879,160.644009291739,1,280.008136512592,1,1,1,1,1,1,1,8.32068361567018e-15,1.8347401231663,15.0026268098945,149.159237678414,150.281014711859,10.3864677660243,160.644009291739,143.749529014263,3.30701032428276,6.98845544897127,6.98845544897127,0.0767867956033677,5,7,7,1,1,10.9465677080724,0.0767867956033677,0.599871584975338,0.000794083342647475,5.96017123275505e-05,0.491150928027444,0,-284.364788820922,0.943127086118769,certified_feasible
4,3,12,2,6,0.2,1.25,4.38693115130091,481.129123156358,7,1.6025,1.24976430428795,0.262647025276857,1.8722685224561,15.1955312317117,182.024556503517,1,453.21462084888,1,1,1,1,1,1,1,6.76873881991825e-15,1.8722685224561,15.1955382274304,169.306209630384,170.30449572921,11.7446936314556,182.024556503517,143.749529014263,3.30701032428276,6.99513298791597,6.99513298791597,0.0508415995232315,5,7,7,1,1,17.0784754294031,0.0508415995232313,0.599871584975338,0.000794083342647475,5.96017123275505e-05,0.51709612410758,0,-284.364788820922,0.943127086118769,certified_feasible
4,3,13,3,1,0.35,0.1,0.350954492104073,1.00546167777982,7,0.1325,0.131148487761218,0.464385780196723,1.76565584393782,14.5184325159355,143.749529014263,0,-26.9090406296973,1,0,1,0,0,0,0,NaN,NaN,NaN,NaN,NaN,NaN,NaN,NaN,3.30701032428276,NaN,3.58145032324959,0.933291523979207,5,NaN,NaN,NaN,NaN,NaN,NaN,NaN,NaN,NaN,NaN,0,NaN,NaN,modulation_envelope;
4,3,14,3,2,0.35,0.25,0.877386230260181,6.28413548612386,7,0.185,0.172992808895098,0.473158281558998,1.7881728835117,14.5828661280945,143.749529014263,0,-21.6303668213532,1,0,1,0,0,0,0,NaN,NaN,NaN,NaN,NaN,NaN,NaN,NaN,3.30701032428276,NaN,4.69914194422458,0.743519935975466,5,NaN,NaN,NaN,NaN,NaN,NaN,NaN,NaN,NaN,NaN,0,NaN,NaN,modulation_envelope;
4,3,15,3,3,0.35,0.5,1.75477246052036,25.1365419444954,7,0.3725,0.319724249430372,0.438688226731663,1.8257012828015,14.7092551345885,143.749529014263,0,-2.77796036298166,1,1,1,1,1,1,0,1.23958163513212e-14,1.8257012828015,14.7092589344776,100.407780943718,102.583822414495,9.3783132694505,110.262508605581,143.749529014263,3.30701032428276,6.24570127354687,6.24570127354687,0.469740069377979,5,7,7,1,1,2.86432499931841,0.46974006937798,0.599871584975338,0.000794083342647475,5.96017123275505e-05,0.0981976542528313,0,-284.364788820922,0.943127086118769,outside_sufficient_bound;
4,3,16,3,4,0.35,0.75,2.63215869078054,56.5572193751147,7,0.685,0.562694321605824,0.374268594699014,1.8632296820913,14.858858613188,143.749529014263,1,28.6427170676376,1,1,1,1,1,1,1,9.77030617530274e-15,1.86322968209129,14.8588634822264,116.362627083082,117.443339494069,9.3783132694505,125.547893338686,143.749529014263,3.30701032428276,6.75862519274191,6.75862519274191,0.297758766080881,5,7,7,1,1,6.27094040005766,0.297758766080881,0.599871584975338,0.000794083342647475,5.96017123275505e-05,0.27017895754993,0,-284.364788820922,0.943127086118769,certified_feasible
4,3,17,3,5,0.35,1,3.50954492104073,100.546167777982,7,1.1225,0.901903025421451,0.309848962666366,1.90075808138109,15.030983418486,146.502840524369,1,72.6316654705046,1,1,1,1,1,1,1,7.8473507257841e-15,1.90075808138109,15.0309847189585,136.132414873459,137.068723045321,9.45405055850187,146.502840524369,143.749529014263,3.30701032428276,6.90812398617234,6.90812398617234,0.197743323312444,5,7,7,1,1,11.0402019610926,0.197743323312444,0.599871584975338,0.000794083342647475,5.96017123275505e-05,0.370194400318368,0,-284.364788820922,0.943127086118769,certified_feasible
4,3,18,3,6,0.35,1.25,4.38693115130091,157.103387153096,7,1.685,1.33735036087726,0.245429330633718,1.93828648067089,15.224865724685,169.635522555827,1,129.188884845619,1,1,1,1,1,1,1,6.44226972388599e-15,1.93828648067089,15.2248658343651,157.912966390889,158.730680274853,10.926225201149,169.635522555827,147.002348057035,3.30701032428276,6.95892692804817,6.95892692804817,0.138266077921167,5,7,7,1,1,17.1721096824233,0.138266077921166,0.599871584975338,0.000794083342647475,5.96017123275505e-05,0.429671645709645,0,-284.364788820922,0.943127086118769,certified_feasible
4,3,19,4,1,0.5,0.1,0.350954492104073,0.49267622211211,7,0.26,0.259055372288362,0.419423787403968,1.83167380215261,14.5591899687454,143.749529014263,0,-27.421826085365,1,1,1,1,1,0,0,1.37977783838549e-14,1.83167380215261,14.5591899687454,71.8930411248021,70.3544498788265,9.3783132694505,79.1141383944799,143.749529014263,3.30701032428276,3.44409162950888,3.44409162950889,0.964219590772548,5,6,6,0.985126619863674,0.980204167451335,0.274061624633944,0.967869944254985,0.543305431570317,0.000879488823746212,0.000200250374414068,-0.456498374029195,0,-284.364788820922,0.943127086118769,finite_geometry;outside_sufficient_bound;
4,3,20,4,2,0.5,0.25,0.877386230260181,3.07922638820069,7,0.3125,0.301510020212959,0.428196288766243,1.85419084172649,14.6242576162532,143.749529014263,0,-24.8352759192764,1,1,1,1,1,0,0,1.30488763281258e-14,1.85419084172649,14.6242576162532,75.9790927354259,73.4579589546585,9.3783132694505,81.7786978425395,143.749529014263,3.30701032428276,4.08235172381581,4.08235172381582,0.840633809950042,5,6,6,0.985126619863674,0.959529867319511,0.274061624633939,0.848886672074502,0.543305431570317,0.000879488823746212,0.000200250374414068,-0.337515101848712,0,-284.364788820922,0.943127086118769,finite_geometry;outside_sufficient_bound;
4,3,21,4,3,0.5,0.5,1.75477246052036,12.3169055528028,7,0.5,0.449258672066094,0.418306408413921,1.89171924101629,14.7516363074853,143.749529014263,0,-15.5975967546743,1,1,1,1,1,0,0,1.08589432138443e-14,1.89171924101629,14.7516363074853,88.9381932922982,85.2230276440905,9.3783132694505,92.3324995835338,143.749529014263,3.30701032428276,5.4722604803749,5.4722604803749,0.621959201432408,5,7,7,1,1,3.00903248125876,0.621959201432409,0.599871584975338,0.000794083342647475,5.96017123275505e-05,-0.0540214778015978,0,-284.364788820922,0.943127086118769,finite_geometry;outside_sufficient_bound;
4,3,22,4,4,0.5,0.75,2.63215869078054,27.7130374938062,7,0.8125,0.693245955559406,0.343837232692006,1.92924764030608,14.9021450549206,143.749529014263,0,-0.201464813670889,1,1,1,1,1,1,0,8.72047676743678e-15,1.92924764030608,14.9021450549206,107.786103899179,103.84550934191,9.3783132694505,110.99455455888,143.749529014263,3.30701032428276,6.33069062071032,6.33069062071032,0.448201681544506,5,7,7,1,1,6.41564788199803,0.448201681544506,0.599871584975338,0.000794083342647475,5.96017123275505e-05,0.119736042086305,0,-284.364788820922,0.943127086118769,outside_sufficient_bound;
4,3,23,4,5,0.5,1,3.50954492104073,49.267622211211,7,1.25,1.0334718706929,0.269038915018964,1.96677603959588,15.0750910874618,143.749529014263,1,21.3531199037339,1,1,1,1,1,1,1,7.4181625182327e-15,1.96677603959588,15.0750910874618,129.734654920772,125.567283942613,9.3783132694505,134.191231769267,143.749529014263,3.30701032428276,6.70068945018967,6.70068945018967,0.325162063573451,5,7,7,1,1,11.184909443033,0.325162063573451,0.599871584975338,0.000794083342647475,5.96017123275505e-05,0.24277566005736,0,-284.364788820922,0.943127086118769,certified_feasible
4,3,24,4,6,0.5,1.25,4.38693115130091,76.9806597050172,7,1.8125,1.46993641746656,0.194240597345923,2.00430443888568,15.2697120444507,159.082059632554,1,49.0661573975401,1,1,1,1,1,1,1,6.15167319743485e-15,2.00430443888568,15.2697120444507,153.354533400046,148.87274082402,10.227820201953,159.082059632554,153.354533400046,3.30701032428276,6.85437550824519,6.8543755082452,0.241053924661288,5,7,7,1,1,17.3168171643637,0.241053924661288,0.599871584975338,0.000794083342647475,5.96017123275505e-05,0.326883798969523,0,-284.364788820922,0.943127086118769,certified_feasible
4,3,25,5,1,0.75,0.1,0.350954492104073,0.218967209827605,7,0.5725,0.572233513166936,0.238395890438718,1.94170373251059,14.6716472721103,143.749529014263,0,-27.6955350976495,1,1,1,1,1,0,0,9.80897884386765e-15,1.94170373251059,14.6716472722636,102.908929965286,36.0248050634013,9.3783132694505,44.5757177787305,143.749529014263,3.30701032428276,3.36855183710198,3.36855183710198,0.983149249459522,5,5,5,0.955887198930119,0.951667085661221,0.610444038232936,0.987085547863281,0.48674334343714,0.000967257251702054,0.00171604515923862,-0.532276065770668,0,-284.364788820922,0.943127086118769,finite_geometry;outside_sufficient_bound;
4,3,26,5,2,0.75,0.25,0.877386230260181,1.36854506142253,7,0.625,0.615705372409393,0.24896660985148,1.96422077208447,14.7288761941673,143.749529014263,0,-26.5459572460546,1,1,1,1,1,0,0,9.49820139299881e-15,1.96422077208447,14.7288761941673,105.748840077868,42.6115138220453,9.3783132694505,49.9507383398806,143.749529014263,3.30701032428276,3.67542905186093,3.67542905186093,0.91399269675343,5,6,6,0.985126619863674,0.972328243591592,0.616638655426376,0.920488566874012,0.543305431570317,0.000879488823746212,0.000200250374414068,-0.409116996648222,0,-284.364788820922,0.943127086118769,finite_geometry;outside_sufficient_bound;
4,3,27,5,3,0.75,0.5,1.75477246052036,5.47418024569011,7,0.8125,0.765149376458965,0.265287188116113,2.00174917137427,14.857582516245,143.749529014263,0,-22.440322061787,1,1,1,1,1,0,0,8.62165061222406e-15,2.00174917137427,14.857582516245,115.328185793825,62.7836419713062,9.3783132694505,68.0791360044505,143.749529014263,3.30701032428276,4.55957589495258,4.55957589495258,0.764892818382181,5,7,7,1,1,3.36370768209296,0.764892818382182,0.599871584975338,0.000794083342647475,5.96017123275505e-05,-0.196955094751371,0,-284.364788820922,0.943127086118769,finite_geometry;outside_sufficient_bound;
4,3,28,5,4,0.75,0.75,2.63215869078054,12.3169055528028,7,1.125,1.01083201214871,0.23057829025978,2.03927757066407,15.0092309289566,143.749529014263,0,-15.5975967546743,1,1,1,1,1,0,0,7.4081165965655e-15,2.03927757066406,15.0092309289566,129.73457856972,86.6015797690382,9.3783132694505,92.5361904392588,143.749529014263,3.30701032428276,5.4722604803749,5.4722604803749,0.621959201432408,5,7,7,1,1,6.77032308283223,0.621959201432409,0.599871584975338,0.000794083342647475,5.96017123275505e-05,-0.0540214778015974,0,-284.364788820922,0.943127086118769,finite_geometry;outside_sufficient_bound;
4,3,29,5,5,0.75,1,3.50954492104073,21.8967209827604,7,1.5625,1.35275327947864,0.178826299412968,2.07680596995387,15.1831340143683,147.560931456527,0,-6.01778132471664,1,1,1,1,1,1,0,6.43167476821136e-15,2.07680596995386,15.1831340143683,147.560931456527,112.558282037911,9.3783132694505,120.272464255909,147.560931456527,3.30701032428276,6.11499869163518,6.11499869163518,0.500146806484703,5,7,7,1,1,11.5395846438672,0.500146806484703,0.599871584975338,0.000794083342647475,5.96017123275505e-05,0.067790917146108,0,-284.364788820922,0.943127086118769,outside_sufficient_bound;
4,3,30,5,6,0.75,1.25,4.38693115130091,34.2136265355632,7,2.125,1.79091317844874,0.104027981739927,2.11433436924366,15.3785368122453,167.720282868412,1,6.29912422808612,1,0,1,0,0,0,0,NaN,NaN,NaN,NaN,NaN,NaN,NaN,NaN,3.30701032428276,NaN,6.49201678586928,0.402012236104555,5,NaN,NaN,NaN,NaN,NaN,NaN,NaN,NaN,NaN,NaN,0,NaN,NaN,modulation_envelope;
4,3,31,6,1,1,0.1,0.350954492104073,0.123169055528028,7,1.01,1.01041165404551,0.0399527870342489,2.05173366286858,14.8287670943241,143.749529014263,0,-27.7913332519491,1,1,1,1,1,0,0,7.33176461781836e-15,2.05173366286857,14.8287670943262,134.785174738781,10.8565030586724,9.3783132694505,14.1938244967365,143.749529014263,3.30701032428276,3.34174850949749,3.34174850949749,0.990305792683592,5,5,5,0.955887198930119,0.953495105022749,1.08523384574744,0.992646832789516,0.48674334343714,0.000967257251702054,0.00171604515923862,-0.537837350696904,0,-284.364788820922,0.943127086118769,finite_geometry;outside_sufficient_bound;
4,3,32,6,2,1,0.25,0.877386230260181,0.769806597050172,7,1.0625,1.05490072460583,0.050523506447011,2.07425070244246,14.8771867119573,143.749529014263,0,-27.1446957104269,1,1,1,1,1,0,0,7.35594306674701e-15,2.07425070244245,14.8771867119573,136.923222212548,27.141257646681,9.3783132694505,29.0040095545771,143.749529014263,3.30701032428276,3.51900036720032,3.51900036720032,0.946886544433186,5,6,6,0.985126619863674,0.977598163233038,1.09624649853579,0.951748168559083,0.543305431570317,0.000879488823746212,0.000200250374414068,-0.440376598333294,0,-284.364788820922,0.943127086118769,finite_geometry;outside_sufficient_bound;
4,3,33,6,3,1,0.5,1.75477246052036,3.07922638820069,7,1.25,1.20604008085184,0.0681413721349478,2.11177910173225,15.0068234516337,144.382601476868,0,-24.8352759192764,1,1,1,1,1,0,0,6.94016916647317e-15,2.11177910173225,15.0068234516337,144.382601476868,54.282515293362,9.3783132694505,58.0080191091543,144.382601476868,3.30701032428276,4.08235172381582,4.08235172381582,0.840633809950042,5,6,6,0.985126619863674,0.959529867319511,1.09624649853578,0.848886672074501,0.543305431570317,0.000879488823746212,0.000200250374414068,-0.337515101848712,0,-284.364788820922,0.943127086118769,finite_geometry;outside_sufficient_bound;
4,3,34,6,4,1,0.75,2.63215869078054,6.92825937345155,7,1.5625,1.45341806873802,0.0665872667437231,2.14930750102205,15.159159156179,156.068573437693,0,-20.9862429340255,1,1,1,1,1,0,0,6.23787261124177e-15,2.14930750102205,15.159159156179,156.068573437693,81.4237729400429,9.3783132694505,87.0120286637314,156.068573437693,3.30701032428276,4.80305199436454,4.80305199436454,0.727649040082192,5,7,7,1,1,7.26686836400011,0.727649040082192,0.599871584975338,0.000794083342647475,5.96017123275505e-05,-0.159711316451381,0,-284.364788820922,0.943127086118769,finite_geometry;outside_sufficient_bound;
4,3,35,6,5,1,1,3.50954492104073,12.3169055528028,7,2,1.79703468826438,0.0318783688873899,2.18683590031185,15.3335173102594,171.876337044239,0,-15.5975967546743,1,0,1,0,0,0,0,NaN,NaN,NaN,NaN,NaN,NaN,NaN,NaN,3.30701032428276,NaN,5.4722604803749,0.621959201432408,5,NaN,NaN,NaN,NaN,NaN,NaN,NaN,NaN,NaN,NaN,0,NaN,NaN,modulation_envelope;
4,3,36,6,6,1,1.25,4.38693115130091,19.2451649262543,7,2.5625,2.23688993943091,-0.0028305289689432,2.22436429960165,15.529156141062,190.37752098878,0,-8.66933738122278,0,0,1,0,0,0,0,NaN,NaN,NaN,NaN,NaN,NaN,NaN,NaN,3.30701032428276,NaN,5.98257391558765,0.528361762844358,5,NaN,NaN,NaN,NaN,NaN,NaN,NaN,NaN,NaN,NaN,0,NaN,NaN,negative_rate;modulation_envelope;
5,1,1,1,1,0.1,0.1,0.366835794363667,13.4568500026423,7,0.02,0.0176920021709542,0.482848402998334,1.51282487811402,14.1553849232857,164.422269108689,0,-18.2452582594333,1,0,1,0,0,0,0,NaN,NaN,NaN,NaN,NaN,NaN,NaN,NaN,3.92867988636502,NaN,5.85557354367469,0.590635994588202,5,NaN,NaN,NaN,NaN,NaN,NaN,NaN,NaN,NaN,NaN,0,NaN,NaN,modulation_envelope;
5,1,2,1,2,0.1,0.25,0.917089485909168,84.1053125165141,7,0.0725,0.0577352047880235,0.467583749240868,1.60165910855611,14.1997236150216,164.422269108689,1,52.4032042544385,1,0,1,0,0,0,0,NaN,NaN,NaN,NaN,NaN,NaN,NaN,NaN,3.92867988636502,NaN,6.89741385446614,0.211278652002012,5,NaN,NaN,NaN,NaN,NaN,NaN,NaN,NaN,NaN,NaN,0,NaN,NaN,modulation_envelope;
5,1,3,1,3,0.1,0.5,1.83417897181834,336.421250066057,7,0.26,0.200487740778174,0.442142659645093,1.74971615929292,14.2942584201385,164.422269108689,1,304.719141803981,1,0,1,0,0,0,0,NaN,NaN,NaN,NaN,NaN,NaN,NaN,NaN,3.92867988636502,NaN,6.99191410999393,0.0654102188877651,5,NaN,NaN,NaN,NaN,NaN,NaN,NaN,NaN,NaN,NaN,0,NaN,NaN,modulation_envelope;
5,1,4,1,4,0.1,0.75,2.7512684577275,756.947812648627,7,0.5725,0.438257607970452,0.416701570049317,1.89777321002973,14.4141375826243,164.422269108689,1,725.245704386552,1,1,1,1,1,1,1,1.01264853955675e-14,1.89777321002973,14.4141375826243,148.405541563366,149.314522724089,10.6599741672458,159.693916416777,164.422269108689,3.92867988636502,6.99833074793457,6.99833074793458,0.0304561385858658,5,7,7,1,1,6.71491142604067,0.030456138585866,0.578727262144898,0.000679389220620358,-0.0012324391059424,0.516337262214505,0,-284.12436815581,0.943175182400224,certified_feasible
5,1,5,1,5,0.1,1,3.66835794363667,1345.68500026423,7,1.01,0.771044806364857,0.34039917771807,2.04583026076654,14.5587350463687,176.290219396818,1,1313.98289200215,1,1,1,1,1,1,1,7.84128115474999e-15,2.04583026076654,14.5587350463687,164.067158224343,164.850588979581,11.474941172855,176.290219396818,164.422269108689,3.92867988636502,6.99946358557102,6.99946358557102,0.0174243334514524,5,7,7,1,1,11.9255738911442,0.0174243334514525,0.578727262144898,0.000679389220620358,-0.0012324391059424,0.529369067348918,0,-284.12436815581,0.943175182400224,certified_feasible
5,1,6,1,6,0.1,1.25,4.58544742954584,2102.63281291285,7,1.5725,1.19884933596139,0.249428708577473,2.19388731150335,14.7273227533156,195.497251849682,1,2070.93070465078,1,1,1,1,1,1,1,6.39184045088769e-15,2.19388731150335,14.7273227533156,182.159155428972,182.8297145849,12.7090465192732,195.497251849682,164.422269108689,3.92867988636502,6.99977869998563,6.99977869998563,0.0112407539575999,5,7,7,1,1,18.6249970605631,0.0112407539576,0.578727262144898,0.000679389220620358,-0.0012324391059424,0.535552646842771,0,-284.12436815581,0.943175182400224,certified_feasible
5,1,7,2,1,0.2,0.1,0.366835794363667,3.36421250066057,7,0.05,0.0477826178457382,0.463371588024782,1.5030010966988,14.1605574623032,164.422269108689,0,-28.337895761415,1,0,1,0,0,0,0,NaN,NaN,NaN,NaN,NaN,NaN,NaN,NaN,3.92867988636502,NaN,4.66563352522068,0.831335370858251,5,NaN,NaN,NaN,NaN,NaN,NaN,NaN,NaN,NaN,NaN,0,NaN,NaN,modulation_envelope;
5,1,8,2,2,0.2,0.25,0.917089485909168,21.0263281291285,7,0.1025,0.0879617439749835,0.448106934267317,1.59183532714089,14.2049337385138,164.422269108689,0,-10.6757801329471,1,0,1,0,0,0,0,NaN,NaN,NaN,NaN,NaN,NaN,NaN,NaN,3.92867988636502,NaN,6.25527321244347,0.491492128546437,5,NaN,NaN,NaN,NaN,NaN,NaN,NaN,NaN,NaN,NaN,0,NaN,NaN,modulation_envelope;
5,1,9,2,3,0.2,0.5,1.83417897181834,84.1053125165141,7,0.29,0.230940819152094,0.422665844671541,1.7398923778777,14.2996728300529,164.422269108689,1,52.4032042544385,1,0,1,0,0,0,0,NaN,NaN,NaN,NaN,NaN,NaN,NaN,NaN,3.92867988636502,NaN,6.89741385446614,0.211278652002012,5,NaN,NaN,NaN,NaN,NaN,NaN,NaN,NaN,NaN,NaN,0,NaN,NaN,modulation_envelope;
5,1,10,2,4,0.2,0.75,2.7512684577275,189.236953162157,7,0.6025,0.468937225531332,0.397224755075766,1.88794942861451,14.4197437219931,164.422269108689,1,157.534844900081,1,1,1,1,1,1,1,9.55552779371659e-15,1.88794942861451,14.4197437219931,136.787218032319,137.604484853977,10.6599741672458,147.163609976456,164.422269108689,3.92867988636502,6.97596254629231,6.97596254629231,0.109406143185034,5,7,7,1,1,6.76137619590611,0.109406143185035,0.578727262144898,0.000679389220620358,-0.0012324391059424,0.437387257615336,0,-284.12436815581,0.943175182400224,certified_feasible
5,1,11,2,5,0.2,1,3.66835794363667,336.421250066057,7,1.04,0.801950963112697,0.360210273021913,2.03600647935132,14.5645199165571,164.991530865828,1,304.719141803981,1,1,1,1,1,1,1,7.62712784111448e-15,2.03600647935132,14.5645199165571,153.606853302829,154.293159167866,10.7324430215779,164.991530865828,164.422269108689,3.92867988636502,6.99191410999392,6.99191410999393,0.0654102188877651,5,7,7,1,1,11.9720386610097,0.0654102188877654,0.578727262144898,0.000679389220620358,-0.0012324391059424,0.481383181912606,0,-284.12436815581,0.943175182400224,certified_feasible
5,1,12,2,6,0.2,1.25,4.58544742954584,525.658203228213,7,1.6025,1.22998203189619,0.269239803881316,2.18406353008813,14.733273133355,185.343254328142,1,493.956094966138,1,1,1,1,1,1,1,6.28420066870813e-15,2.18406353008813,14.733273133355,172.770036765237,173.343190053032,12.0406508352041,185.343254328142,164.422269108689,3.92867988636502,6.99659208384621,6.99659208384621,0.04313098075326,5,7,7,1,1,18.6714618304286,0.0431309807532602,0.578727262144898,0.000679389220620358,-0.0012324391059424,0.503662420047111,0,-284.12436815581,0.943175182400224,certified_feasible
5,1,13,3,1,0.35,0.1,0.366835794363667,1.09851836756263,7,0.1325,0.130418541357914,0.427059163366535,1.57882019528062,14.1911758318186,164.422269108689,0,-30.603589894513,1,0,1,0,0,0,0,NaN,NaN,NaN,NaN,NaN,NaN,NaN,NaN,3.92867988636502,NaN,4.19609160059356,0.931319624135114,5,NaN,NaN,NaN,NaN,NaN,NaN,NaN,NaN,NaN,NaN,0,NaN,NaN,modulation_envelope;
5,1,14,3,2,0.35,0.25,0.917089485909168,6.86573979726646,7,0.185,0.170801552755423,0.418891711806989,1.61123582021319,14.2210300274695,164.422269108689,0,-24.8363684648091,1,0,1,0,0,0,0,NaN,NaN,NaN,NaN,NaN,NaN,NaN,NaN,3.92867988636502,NaN,5.21309090524894,0.723885834519711,5,NaN,NaN,NaN,NaN,NaN,NaN,NaN,NaN,NaN,NaN,0,NaN,NaN,modulation_envelope;
5,1,15,3,3,0.35,0.5,1.83417897181834,27.4629591890659,7,0.3725,0.314120436712974,0.393450622211214,1.72515670575487,14.3129814354197,164.422269108689,0,-4.23914907300975,1,1,1,1,1,1,0,1.17640711379044e-14,1.72515670575487,14.3129814354197,104.763701030677,105.560721374032,10.6599741672458,113.985890019143,164.422269108689,3.92867988636502,6.45430781128185,6.45430781128185,0.431360123971495,5,7,7,1,1,3.16725255224785,0.431360123971497,0.578727262144898,0.000679389220620358,-0.0012324391059424,0.115433276828874,0,-284.12436815581,0.943175182400224,outside_sufficient_bound;
5,1,16,3,4,0.35,0.75,2.7512684577275,61.7916581753982,7,0.685,0.552456651872652,0.368009532615438,1.87321375649168,14.4332963930804,164.422269108689,1,30.0895499133226,1,1,1,1,1,1,1,9.37030660351356e-15,1.87321375649168,14.4332963930804,120.313755014759,120.954928955413,10.6599741672458,129.346336878954,164.422269108689,3.92867988636502,6.82925699096196,6.82925699096196,0.263825019677537,5,7,7,1,1,6.88915431303608,0.263825019677538,0.578727262144898,0.000679389220620358,-0.0012324391059424,0.282968381122833,0,-284.12436815581,0.943175182400224,certified_feasible
5,1,17,3,5,0.35,1,3.66835794363667,109.851836756263,7,1.1225,0.885810198234456,0.312731891760039,2.02127080722849,14.5782892480828,164.422269108689,1,78.1497284941878,1,1,1,1,1,1,1,7.4527273399298e-15,2.02127080722849,14.5782892480828,139.087972504983,139.596639063772,10.6599741672458,149.261602506126,164.422269108689,3.92867988636502,6.93542697648805,6.93542697648805,0.171947951221188,5,7,7,1,1,12.0998167781397,0.171947951221189,0.578727262144898,0.000679389220620358,-0.0012324391059424,0.374845449579182,0,-284.12436815581,0.943175182400224,certified_feasible
5,1,18,3,6,0.35,1.25,4.58544742954584,171.643494931662,7,1.685,1.31418107579839,0.228041253502256,2.1693278579653,14.747232128825,171.44216696233,1,139.941386669586,1,1,1,1,1,1,1,6.02765480168049e-15,2.1693278579653,14.747232128825,159.955076202762,160.357245844652,11.124446738254,171.44216696233,164.422269108689,3.92867988636502,6.97119565002004,6.97119565002004,0.118984863727175,5,7,7,1,1,18.7992399475585,0.118984863727176,0.578727262144898,0.000679389220620358,-0.0012324391059424,0.427808537073195,0,-284.12436815581,0.943175182400224,certified_feasible
5,1,19,4,1,0.5,0.1,0.366835794363667,0.538274000105691,7,0.26,0.25805446487009,0.38818018743012,1.71225666333184,14.2375752207434,164.422269108689,0,-31.1638342619699,1,1,1,1,1,0,0,1.4337371071179e-14,1.71225666333184,14.2375753441228,87.5565687843744,71.1070329189643,10.6599741672458,80.7082264301684,164.422269108689,3.92867988636502,4.06317805735718,4.06317805735719,0.963603390177682,5,6,6,0.981422399832144,0.976642417421018,0.218709668442934,0.967367241327114,0.527130079853425,0.000734244604380614,-0.00094625845962204,-0.472171022818217,0,-284.12436815581,0.943175182400224,finite_geometry;outside_sufficient_bound;
5,1,20,4,2,0.5,0.25,0.917089485909168,3.36421250066057,7,0.3125,0.298641361535863,0.389676489346662,1.73119428508517,14.2670506687832,164.422269108689,0,-28.337895761415,1,1,1,1,1,0,0,1.29720817165606e-14,1.73119428508516,14.2670508717425,89.7267544507114,75.1304196154993,10.6599741672458,84.2896811343825,164.422269108689,3.92867988636502,4.66563352522067,4.66563352522068,0.831335370858251,5,6,6,0.981422399832144,0.956566491294287,0.21870966844293,0.84059471932253,0.527130079853425,0.000734244604380614,-0.00094625845962204,-0.345398500813632,0,-284.12436815581,0.943175182400224,finite_geometry;outside_sufficient_bound;
5,1,21,4,3,0.5,0.5,1.83417897181834,13.4568500026423,7,0.5,0.442300054273854,0.364235399750886,1.79801873174533,14.3351557587804,164.422269108689,0,-18.2452582594333,1,1,1,1,1,0,0,1.04629106643774e-14,1.79801873174533,14.335155978719,98.6608039502469,87.9445478832747,10.6599741672458,95.6803189761277,164.422269108689,3.92867988636502,5.85557354367469,5.85557354367469,0.590635994588202,5,7,7,1,1,3.364727824176,0.590635994588203,0.578727262144898,0.000679389220620358,-0.0012324391059424,-0.0438425937878325,0,-284.12436815581,0.943175182400224,finite_geometry;outside_sufficient_bound;
5,1,22,4,4,0.5,0.75,2.7512684577275,30.2779125059451,7,0.8125,0.680976078213971,0.313991560643694,1.8648431784055,14.4530051991017,164.422269108689,0,-1.42419575613051,1,1,1,1,1,1,0,8.51260037098617e-15,1.8648431784055,14.4530051991017,112.779921934693,105.863187790735,10.6599741672458,113.193955901162,164.422269108689,3.92867988636502,6.51760814679481,6.51760814679481,0.409661183740513,5,7,7,1,1,7.08662958496425,0.409661183740515,0.578727262144898,0.000679389220620358,-0.0012324391059424,0.137132217059856,0,-284.12436815581,0.943175182400224,outside_sufficient_bound;
5,1,23,4,5,0.5,1,3.66835794363667,53.8274000105691,7,1.25,1.01466943335622,0.229300922385911,2.00653513510566,14.5981530733841,164.422269108689,1,22.1252917484935,1,1,1,1,1,1,1,7.0067447298362e-15,2.00653513510566,14.5981530733841,130.410736255561,126.688134463052,10.6599741672458,135.443334032328,164.422269108689,3.92867988636502,6.78774214663326,6.78774214663327,0.289671866298999,5,7,7,1,1,12.2972920500678,0.289671866299,0.578727262144898,0.000679389220620358,-0.0012324391059424,0.257121534501371,0,-284.12436815581,0.943175182400224,certified_feasible
5,1,24,4,6,0.5,1.25,4.58544742954584,84.1053125165141,7,1.8125,1.44338011970059,0.144610284128128,2.15459218584247,14.7672154603725,164.422269108689,1,52.4032042544385,1,1,1,1,1,1,1,5.89884853067691e-15,2.15459218584247,14.7672154603725,150.322660478968,149.207406504937,10.6599741672458,159.504737629894,164.422269108689,3.92867988636502,6.89741385446614,6.89741385446614,0.211278652002012,5,7,7,1,1,18.9967152194867,0.211278652002012,0.578727262144898,0.000679389220620358,-0.0012324391059424,0.335514748798359,0,-284.12436815581,0.943175182400224,certified_feasible
5,1,25,5,1,0.75,0.1,0.366835794363667,0.239232888935863,7,0.5725,0.57078100405705,0.316838671033712,1.93465077675054,14.3495371208915,164.422269108689,0,-31.4628753731397,1,1,1,1,1,0,0,1.09973091206566e-14,1.93465077675054,14.3495371647582,120.239550113289,36.7260207513614,10.6599741672458,46.2687799624628,164.422269108689,3.92867988636502,3.98929317920002,3.98929317920003,0.983003840871286,5,6,6,0.981422399832144,0.979251578125781,0.492096753996596,0.984958654887331,0.527130079853425,0.000734244604380614,-0.00094625845962204,-0.489762436378434,0,-284.12436815581,0.943175182400224,finite_geometry;outside_sufficient_bound;
5,1,26,5,2,0.75,0.25,0.917089485909168,1.49520555584914,7,0.625,0.611707709503263,0.331294574314724,1.93909099821456,14.3783172629594,164.422269108689,0,-30.2069027062265,1,1,1,1,1,0,0,1.00619917106621e-14,1.93909099821456,14.3783173207759,121.684646150731,43.9722739416374,10.6599741672458,52.314392044223,164.422269108689,3.92867988636502,4.28597787341512,4.28597787341513,0.910855602524339,5,6,6,0.981422399832144,0.968994445563215,0.492096753996598,0.917889763789836,0.527130079853425,0.000734244604380614,-0.00094625845962204,-0.422693545280938,0,-284.12436815581,0.943175182400224,finite_geometry;outside_sufficient_bound;
5,1,27,5,3,0.75,0.5,1.83417897181834,5.98082222339656,7,0.8125,0.755932750208654,0.25963058327793,1.99794950653195,14.4451250718875,164.422269108689,0,-25.721286038679,1,1,1,1,1,0,0,8.75255648978596e-15,1.99794950653195,14.4451251298187,128.186037323522,63.3440672315262,10.6599741672458,69.0793447283744,164.422269108689,3.92867988636502,5.09204225068737,5.09204225068738,0.747585323428251,5,7,7,1,1,3.84873584360775,0.747585323428253,0.578727262144898,0.000679389220620358,-0.0012324391059424,-0.200791922627882,0,-284.12436815581,0.943175182400224,finite_geometry;outside_sufficient_bound;
5,1,28,5,4,0.75,0.75,2.7512684577275,13.4568500026423,7,1.125,0.995175122116171,0.174939945020147,2.06477395319212,14.5351926503916,164.422269108689,0,-18.2452582594333,1,1,1,1,1,0,0,7.49893017994426e-15,2.06477395319211,14.5351926820096,139.13468296662,86.3798511746509,10.6599741672458,92.3356180332373,164.422269108689,3.92867988636502,5.85557354367469,5.85557354367469,0.590635994588202,5,7,7,1,1,7.570637604396,0.590635994588204,0.578727262144898,0.000679389220620358,-0.0012324391059424,-0.0438425937878326,0,-284.12436815581,0.943175182400224,finite_geometry;outside_sufficient_bound;
5,1,29,5,5,0.75,1,3.66835794363667,23.9232888935862,7,1.5625,1.32943482522582,0.0902493067623646,2.13159839985228,14.6480909486151,164.422269108689,0,-7.77881936848935,1,1,1,1,1,1,0,6.3389936070553e-15,2.13159839985228,14.6480909580111,153.582396866867,110.817798129031,10.6599741672458,118.449770126672,164.422269108689,3.92867988636502,6.35602495828421,6.35602495828421,0.462354702644963,5,7,7,1,1,12.7813000694996,0.462354702644964,0.578727262144898,0.000679389220620358,-0.0012324391059424,0.0844386981554066,0,-284.12436815581,0.943175182400224,outside_sufficient_bound;
5,1,30,5,6,0.75,1.25,4.58544742954584,37.3801388962285,7,2.125,1.75871185953759,0.00555866850458198,2.19842284651245,14.8138388827473,170.642720425331,1,5.6780306341529,1,0,1,0,0,0,0,NaN,NaN,NaN,NaN,NaN,NaN,NaN,NaN,3.92867988636502,NaN,6.636468012578,0.363836740519012,5,NaN,NaN,NaN,NaN,NaN,NaN,NaN,NaN,NaN,NaN,0,NaN,NaN,modulation_envelope;
5,1,31,6,1,1,0.1,0.366835794363667,0.134568500026423,7,1.01,1.00850754324401,0.123696096879911,2.15704489016924,14.5206714001525,164.422269108689,0,-31.5675397620492,1,1,1,1,1,0,0,8.85216350860184e-15,2.15704489016923,14.5206714001525,153.626178778413,10.5931222838596,10.6599741672458,15.0693137410117,164.422269108689,3.92867988636502,3.96294072029192,3.96294072029193,0.990256379964686,5,6,6,0.981422399832144,0.980191909310468,0.874838673771727,0.991423613373319,0.527130079853425,0.000734244604380614,-0.00094625845962204,-0.496227394864421,0,-284.12436815581,0.943175182400224,finite_geometry;outside_sufficient_bound;
5,1,32,6,2,1,0.25,0.917089485909168,0.841053125165142,7,1.0625,1.04977405747066,0.173979590401799,2.16148511163326,14.5318972507048,164.422269108689,0,-30.8610551369105,1,1,1,1,1,0,0,8.33385220071524e-15,2.16148511163326,14.5318972684965,154.646281797707,26.4828057096489,10.6599741672458,28.3138848167609,164.422269108689,3.92867988636502,4.13589058850276,4.13589058850277,0.945593187069673,5,6,6,0.981422399832144,0.97411183849748,0.874838673771727,0.950707791150497,0.527130079853425,0.000734244604380614,-0.00094625845962204,-0.455511572641599,0,-284.12436815581,0.943175182400224,finite_geometry;outside_sufficient_bound;
5,1,33,6,3,1,0.5,1.83417897181834,3.36421250066057,7,1.25,1.19456544614345,0.120578967654384,2.19788028131857,14.5972375440863,164.422269108689,0,-28.337895761415,1,1,1,1,1,0,0,7.4316406522841e-15,2.19788028131857,14.5972375612298,159.629016202453,52.9656114192978,10.6599741672458,56.6277696335218,164.422269108689,3.92867988636502,4.66563352522067,4.66563352522068,0.831335370858251,5,6,6,0.981422399832144,0.956566491294287,0.87483867377172,0.840594719322529,0.527130079853425,0.000734244604380614,-0.00094625845962204,-0.345398500813631,0,-284.12436815581,0.943175182400224,finite_geometry;outside_sufficient_bound;
5,1,34,6,4,1,0.75,2.7512684577275,7.56947812648627,7,1.5625,1.43437416601837,0.0358883293966009,2.26470472797874,14.6856122155426,168.373590379565,0,-24.1326301355893,1,1,1,1,1,0,0,6.49357450409768e-15,2.26470472797873,14.685612226471,168.373590379565,79.4484171289467,10.6599741672458,84.9416544502827,168.373590379565,3.92867988636502,5.30217641556816,5.30217641556817,0.706309593071435,5,7,7,1,1,8.24824883160046,0.706309593071437,0.578727262144898,0.000679389220620358,-0.0012324391059424,-0.159516192271066,0,-284.12436815581,0.943175182400224,finite_geometry;outside_sufficient_bound;
5,1,35,6,5,1,1,3.66835794363667,13.4568500026423,7,2,1.76920021709541,-0.0488023088611815,2.3315291746389,14.7966085433616,180.335646770099,0,-18.2452582594333,0,0,1,0,0,0,0,NaN,NaN,NaN,NaN,NaN,NaN,NaN,NaN,3.92867988636502,NaN,5.85557354367469,0.590635994588202,5,NaN,NaN,NaN,NaN,NaN,NaN,NaN,NaN,NaN,NaN,0,NaN,NaN,negative_rate;modulation_envelope;
5,1,36,6,6,1,1.25,4.58544742954584,21.0263281291285,7,2.5625,2.19904359937459,-0.133492947118965,2.39835362129907,14.9297219880024,194.921973925046,0,-10.6757801329471,0,0,1,0,0,0,0,NaN,NaN,NaN,NaN,NaN,NaN,NaN,NaN,3.92867988636502,NaN,6.25527321244347,0.491492128546437,5,NaN,NaN,NaN,NaN,NaN,NaN,NaN,NaN,NaN,NaN,0,NaN,NaN,negative_rate;modulation_envelope;
5,2,1,1,1,0.1,0.1,0.366835794363667,13.4568500026423,7,0.02,0.0181143888589564,0.466842165431378,1.53060675324451,14.1630918754265,164.422269108689,0,-18.2452582594333,1,0,1,0,0,0,0,NaN,NaN,NaN,NaN,NaN,NaN,NaN,NaN,3.92867988636502,NaN,5.85557354367469,0.590635994588202,5,NaN,NaN,NaN,NaN,NaN,NaN,NaN,NaN,NaN,NaN,0,NaN,NaN,modulation_envelope;
5,2,2,1,2,0.1,0.25,0.917089485909168,84.1053125165141,7,0.0725,0.0588806114145959,0.437231908799567,1.56551379786363,14.2154715153949,164.422269108689,1,52.4032042544385,1,0,1,0,0,0,0,NaN,NaN,NaN,NaN,NaN,NaN,NaN,NaN,3.92867988636502,NaN,6.89741385446614,0.211278652002012,5,NaN,NaN,NaN,NaN,NaN,NaN,NaN,NaN,NaN,NaN,0,NaN,NaN,modulation_envelope;
5,2,3,1,3,0.1,0.5,1.83417897181834,336.421250066057,7,0.26,0.203076687053208,0.387881481079882,1.65394486279187,14.325537193879,164.422269108689,1,304.719141803981,1,0,1,0,0,0,0,NaN,NaN,NaN,NaN,NaN,NaN,NaN,NaN,3.92867988636502,NaN,6.99191410999393,0.0654102188877651,5,NaN,NaN,NaN,NaN,NaN,NaN,NaN,NaN,NaN,NaN,0,NaN,NaN,modulation_envelope;
5,2,4,1,4,0.1,0.75,2.7512684577275,756.947812648627,7,0.5725,0.442588226915837,0.338531053360197,1.80416943735965,14.4582395058282,164.422269108689,1,725.245704386552,1,1,1,1,1,1,1,1.02692774270339e-14,1.80416943735964,14.4616864257272,144.391636178112,147.913940299924,10.6599741672458,157.884629493926,164.422269108689,3.92867988636502,6.99833074793458,6.99833074793458,0.0304561385858658,5,7,7,1,1,6.71491142604066,0.0304561385858662,0.578727262144898,0.000679389220620358,-0.0012324391059424,0.516337262214505,0,-284.12436815581,0.943175182400224,certified_feasible
5,2,5,1,5,0.1,1,3.66835794363667,1345.68500026423,7,1.01,0.777415231002482,0.289180625640512,1.95439401192742,14.6129617651264,175.093258033069,1,1313.98289200215,1,1,1,1,1,1,1,7.8759508977713e-15,1.95439401192742,14.6129617651264,160.638508924454,164.121362320085,11.0885774149596,175.093258033069,164.422269108689,3.92867988636502,6.99946358557102,6.99946358557102,0.0174243334514524,5,7,7,1,1,11.9255738911442,0.0174243334514526,0.578727262144898,0.000679389220620358,-0.0012324391059424,0.529369067348918,0,-284.12436815581,0.943175182400224,certified_feasible
5,2,6,1,6,0.1,1.25,4.58544742954584,2102.63281291285,7,1.5725,1.20755769931314,0.191328913292024,2.1046185864952,14.7890128716109,194.938716329256,1,2070.93070465078,1,1,1,1,1,1,1,6.62116240191864e-15,2.1046185864952,14.7890128716109,179.396096353979,182.799213047666,12.2870806015089,194.938716329256,164.422269108689,3.92867988636502,6.99977869998563,6.99977869998563,0.0112407539575999,5,7,7,1,1,18.6249970605631,0.0112407539576001,0.578727262144898,0.000679389220620358,-0.0012324391059424,0.535552646842771,0,-284.12436815581,0.943175182400224,certified_feasible
5,2,7,2,1,0.2,0.1,0.366835794363667,3.36421250066057,7,0.05,0.0486035405799915,0.440922848140434,1.57451630417508,14.1747915252152,164.422269108689,0,-28.337895761415,1,0,1,0,0,0,0,NaN,NaN,NaN,NaN,NaN,NaN,NaN,NaN,3.92867988636502,NaN,4.66563352522068,0.831335370858251,5,NaN,NaN,NaN,NaN,NaN,NaN,NaN,NaN,NaN,NaN,0,NaN,NaN,modulation_envelope;
5,2,8,2,2,0.2,0.25,0.917089485909168,21.0263281291285,7,0.1025,0.0901034907171836,0.411312591508623,1.60942334879421,14.2263074670979,164.422269108689,0,-10.6757801329471,1,0,1,0,0,0,0,NaN,NaN,NaN,NaN,NaN,NaN,NaN,NaN,3.92867988636502,NaN,6.25527321244347,0.491492128546437,5,NaN,NaN,NaN,NaN,NaN,NaN,NaN,NaN,NaN,NaN,0,NaN,NaN,modulation_envelope;
5,2,9,2,3,0.2,0.5,1.83417897181834,84.1053125165141,7,0.29,0.235522445658384,0.361962163788938,1.66932391265295,14.3310481014113,164.422269108689,1,52.4032042544385,1,0,1,0,0,0,0,NaN,NaN,NaN,NaN,NaN,NaN,NaN,NaN,3.92867988636502,NaN,6.89741385446614,0.211278652002012,5,NaN,NaN,NaN,NaN,NaN,NaN,NaN,NaN,NaN,NaN,0,NaN,NaN,modulation_envelope;
5,2,10,2,4,0.2,0.75,2.7512684577275,189.236953162157,7,0.6025,0.4762568648236,0.312611736069253,1.81954848722073,14.4613439269746,164.422269108689,1,157.534844900081,1,1,1,1,1,1,1,1.00253999242451e-14,1.81954848722073,14.470714678201,133.118614604059,136.577782542845,10.6599741672458,145.754131575555,164.422269108689,3.92867988636502,6.97596254629231,6.97596254629231,0.109406143185034,5,7,7,1,1,6.76137619590611,0.109406143185035,0.578727262144898,0.000679389220620358,-0.0012324391059424,0.437387257615336,0,-284.12436815581,0.943175182400224,certified_feasible
5,2,11,2,5,0.2,1,3.66835794363667,336.421250066057,7,1.04,0.812306748212833,0.263261308349568,1.9697730617885,14.6159031426275,164.422269108689,1,304.719141803981,1,1,1,1,1,1,1,7.87222594351574e-15,1.9697730617885,14.6221426083066,150.557639687977,153.95463579283,10.6599741672458,164.210538508951,164.422269108689,3.92867988636502,6.99191410999392,6.99191410999393,0.0654102188877651,5,7,7,1,1,11.9720386610097,0.0654102188877657,0.578727262144898,0.000679389220620358,-0.0012324391059424,0.481383181912605,0,-284.12436815581,0.943175182400224,certified_feasible
5,2,12,2,6,0.2,1.25,4.58544742954584,525.658203228213,7,1.6025,1.24367209582608,0.18615807354992,2.11999763635628,14.79179060836,185.200692210724,1,493.956094966138,1,1,1,1,1,1,1,6.43773803027132e-15,2.11999763635628,14.7936773674184,170.40270851433,173.703805272594,11.6454339882915,185.200692210724,164.422269108689,3.92867988636502,6.99659208384621,6.99659208384621,0.04313098075326,5,7,7,1,1,18.6714618304285,0.0431309807532603,0.578727262144898,0.000679389220620358,-0.0012324391059424,0.503662420047111,0,-284.12436815581,0.943175182400224,certified_feasible
5,2,13,3,1,0.35,0.1,0.366835794363667,1.09851836756263,7,0.1325,0.131837268161544,0.402043872204018,1.64038063057095,14.2107056456038,164.422269108689,0,-30.603589894513,1,0,1,0,0,0,0,NaN,NaN,NaN,NaN,NaN,NaN,NaN,NaN,3.92867988636502,NaN,4.19609160059356,0.931319624135114,5,NaN,NaN,NaN,NaN,NaN,NaN,NaN,NaN,NaN,NaN,0,NaN,NaN,modulation_envelope;
5,2,14,3,2,0.35,0.25,0.917089485909168,6.86573979726646,7,0.185,0.174437809671065,0.372433615572208,1.67528767519007,14.2569462810346,164.422269108689,0,-24.8363684648091,1,0,1,0,0,0,0,NaN,NaN,NaN,NaN,NaN,NaN,NaN,NaN,3.92867988636502,NaN,5.21309090524894,0.723885834519711,5,NaN,NaN,NaN,NaN,NaN,NaN,NaN,NaN,NaN,NaN,0,NaN,NaN,modulation_envelope;
5,2,15,3,3,0.35,0.5,1.83417897181834,27.4629591890659,7,0.3725,0.321691083566147,0.323083187852523,1.73346608288861,14.361437396961,164.422269108689,0,-4.23914907300975,1,1,1,1,1,1,0,1.19077560855032e-14,1.7334660828886,14.3656863345258,101.104611821349,104.444098772169,10.6599741672458,113.486706216644,164.422269108689,3.92867988636502,6.45430781128184,6.45430781128185,0.431360123971495,5,7,7,1,1,3.16725255224784,0.431360123971497,0.578727262144898,0.000679389220620358,-0.0012324391059424,0.115433276828874,0,-284.12436815581,0.943175182400224,outside_sufficient_bound;
5,2,16,3,4,0.35,0.75,2.7512684577275,61.7916581753982,7,0.685,0.564259821685245,0.273732760132838,1.84261706201235,14.489030363121,164.422269108689,1,30.0895499133226,1,1,1,1,1,1,1,9.39030684003787e-15,1.84261706201235,14.4966458019961,117.190503045719,120.505365541809,10.6599741672458,128.557289887207,164.422269108689,3.92867988636502,6.82925699096196,6.82925699096196,0.263825019677537,5,7,7,1,1,6.8891543130361,0.263825019677539,0.578727262144898,0.000679389220620358,-0.0012324391059424,0.282968381122832,0,-284.12436815581,0.943175182400224,certified_feasible
5,2,17,3,5,0.35,1,3.66835794363667,109.851836756263,7,1.1225,0.902144024028359,0.21787165927694,1.99284163658013,14.6391211324364,164.422269108689,1,78.1497284941878,1,1,1,1,1,1,1,7.62776290871722e-15,1.99284163658013,14.6482508877716,136.629163661957,139.846198971204,10.6599741672458,149.106143795472,164.422269108689,3.92867988636502,6.93542697648805,6.93542697648805,0.171947951221188,5,7,7,1,1,12.0998167781397,0.171947951221189,0.578727262144898,0.000679389220620358,-0.0012324391059424,0.374845449579182,0,-284.12436815581,0.943175182400224,certified_feasible
5,2,18,3,6,0.35,1.25,4.58544742954584,171.643494931662,7,1.685,1.33534369059549,0.124253458929875,2.1430662111479,14.8110257614702,171.90971333578,1,139.941386669586,1,1,1,1,1,1,1,6.31673314803668e-15,2.1430662111479,14.8201279331717,158.189397900484,161.291098623937,10.7686700016607,171.90971333578,164.422269108689,3.92867988636502,6.97119565002004,6.97119565002004,0.118984863727175,5,7,7,1,1,18.7992399475585,0.118984863727176,0.578727262144898,0.000679389220620358,-0.0012324391059424,0.427808537073195,0,-284.12436815581,0.943175182400224,certified_feasible
5,2,19,4,1,0.5,0.1,0.366835794363667,0.538274000105691,7,0.26,0.260070995743097,0.363164896267603,1.70943682002305,14.265923544364,164.422269108689,0,-31.1638342619699,1,1,1,1,1,0,0,1.43688651603391e-14,1.70943682002305,14.265923544364,88.0964412030395,70.1452927307929,10.6599741672458,79.8596176944676,164.422269108689,3.92867988636502,4.06317805735718,4.06317805735719,0.963603390177682,5,6,6,0.981422399832144,0.976642417421018,0.218709668442936,0.967367241327115,0.527130079853425,0.000734244604380614,-0.00094625845962204,-0.472171022818217,0,-284.12436815581,0.943175182400224,finite_geometry;outside_sufficient_bound;
5,2,20,4,2,0.5,0.25,0.917089485909168,3.36421250066057,7,0.3125,0.303772128624947,0.333554639635792,1.74115200158593,14.3034484122284,164.422269108689,0,-28.337895761415,1,1,1,1,1,0,0,1.3226692549004e-14,1.74115200158593,14.3034484122284,91.2360182900658,73.8855741596857,10.6599741672458,83.6732470297188,164.422269108689,3.92867988636502,4.66563352522066,4.66563352522068,0.831335370858251,5,6,6,0.981422399832144,0.956566491294287,0.218709668442938,0.840594719322529,0.527130079853425,0.000734244604380614,-0.00094625845962204,-0.345398500813632,0,-284.12436815581,0.943175182400224,finite_geometry;outside_sufficient_bound;
5,2,21,4,3,0.5,0.5,1.83417897181834,13.4568500026423,7,0.5,0.45285972147391,0.284204211916107,1.80343573012896,14.4074224398061,164.422269108689,0,-18.2452582594333,1,1,1,1,1,0,0,1.07245392035923e-14,1.80343573012896,14.4090172187967,101.982084098638,87.3869874935212,10.6599741672458,95.8049553059837,164.422269108689,3.92867988636502,5.85557354367468,5.85557354367469,0.590635994588202,5,7,7,1,1,3.36472782417599,0.590635994588204,0.578727262144898,0.000679389220620358,-0.0012324391059424,-0.0438425937878326,0,-284.12436815581,0.943175182400224,finite_geometry;outside_sufficient_bound;
5,2,22,4,4,0.5,0.75,2.7512684577275,30.2779125059451,7,0.8125,0.697262778546889,0.195604315131725,1.87296867598095,14.5345859736563,164.422269108689,0,-1.42419575613051,1,1,1,1,1,1,0,8.72734499334685e-15,1.87296867598095,14.5385635210186,117.894541040171,106.001584817274,10.6599741672458,113.041627465996,164.422269108689,3.92867988636502,6.51760814679481,6.51760814679481,0.409661183740513,5,7,7,1,1,7.08662958496425,0.409661183740515,0.578727262144898,0.000679389220620358,-0.0012324391059424,0.137132217059856,0,-284.12436815581,0.943175182400224,outside_sufficient_bound;
5,2,23,4,5,0.5,1,3.66835794363667,53.8274000105691,7,1.25,1.03698129984388,0.10198611478466,2.01591021137175,14.6841856227124,164.422269108689,1,22.1252917484935,1,1,1,1,1,1,1,7.36478111612028e-15,2.01591021137175,14.6897565930154,137.18725532402,127.509330131755,10.6599741672458,135.896354484303,164.422269108689,3.92867988636502,6.78774214663326,6.78774214663327,0.289671866298999,5,7,7,1,1,12.2972920500678,0.289671866299,0.578727262144898,0.000679389220620358,-0.0012324391059424,0.25712153450137,0,-284.12436815581,0.943175182400224,certified_feasible
5,2,24,4,6,0.5,1.25,4.58544742954584,84.1053125165141,7,1.8125,1.4720152853649,0.00836791443759521,2.16613478593953,14.8555435878001,164.422269108689,1,52.4032042544385,1,1,1,1,1,1,1,6.1311650340655e-15,2.16613478593952,14.8616044584624,158.631668105387,150.676359936847,10.6599741672458,160.543572177339,164.422269108689,3.92867988636502,6.89741385446614,6.89741385446614,0.211278652002012,5,7,7,1,1,18.9967152194867,0.211278652002012,0.578727262144898,0.000679389220620358,-0.0012324391059424,0.335514748798359,0,-284.12436815581,0.943175182400224,certified_feasible
5,2,25,5,1,0.75,0.1,0.366835794363667,0.239232888935863,7,0.5725,0.573793875045685,0.245869061880294,1.93183093344175,14.3943594551059,164.422269108689,0,-31.4628753731397,1,1,1,1,1,0,0,1.08698727722325e-14,1.93183093344175,14.3943594551059,120.69404987908,36.0357104564502,10.6599741672458,46.1135564089278,164.422269108689,3.92867988636502,3.98929317920002,3.98929317920003,0.983003840871286,5,6,6,0.981422399832144,0.979251578125781,0.492096753996602,0.984958654887332,0.527130079853425,0.000734244604380614,-0.00094625845962204,-0.489762436378434,0,-284.12436815581,0.943175182400224,finite_geometry;outside_sufficient_bound;
5,2,26,5,2,0.75,0.25,0.917089485909168,1.49520555584914,7,0.625,0.619329326881416,0.189698141672055,1.9338335590636,14.4331818017574,164.422269108689,0,-30.2069027062265,1,1,1,1,1,0,0,1.04389901844133e-14,1.9338335590636,14.4331818017574,122.95104229548,43.6934937467606,10.6599741672458,52.31625807926,164.422269108689,3.92867988636502,4.28597787341512,4.28597787341513,0.910855602524339,5,6,6,0.981422399832144,0.968994445563216,0.492096753996598,0.917889763789836,0.527130079853425,0.000734244604380614,-0.00094625845962204,-0.422693545280938,0,-284.12436815581,0.943175182400224,finite_geometry;outside_sufficient_bound;
5,2,27,5,3,0.75,0.5,1.83417897181834,5.98082222339656,7,0.812500000000001,0.771474117986849,0.09607994132499,2.00336650491558,14.5182961489626,164.422269108689,0,-25.721286038679,1,1,1,1,1,0,0,9.24791973654757e-15,2.00336650491558,14.5184570857546,131.039771263533,63.7546650658773,10.6599741672458,69.9463827490636,164.422269108689,3.92867988636502,5.09204225068737,5.09204225068738,0.747585323428251,5,7,7,1,1,3.84873584360774,0.747585323428252,0.578727262144898,0.000679389220620358,-0.0012324391059424,-0.200791922627881,0,-284.12436815581,0.943175182400224,finite_geometry;outside_sufficient_bound;
5,2,28,5,4,0.75,0.75,2.7512684577275,13.4568500026423,7,1.125,1.0189343733163,0.00246174097792518,2.07289945076757,14.6444543537421,164.422269108689,0,-18.2452582594333,1,1,1,1,1,0,0,7.58411326721466e-15,2.07289945076756,14.6452499368471,143.69525876085,87.4221718205432,10.6599741672458,93.1316531986566,164.422269108689,3.92867988636502,5.85557354367469,5.85557354367469,0.590635994588202,5,7,7,1,1,7.570637604396,0.590635994588203,0.578727262144898,0.000679389220620358,-0.0012324391059424,-0.0438425937878322,0,-284.12436815581,0.943175182400224,finite_geometry;outside_sufficient_bound;
5,2,29,5,5,0.75,1,3.66835794363667,23.9232888935862,7,1.5625,1.36171009286976,-0.09115645936914,2.14966480023091,14.7929007797247,164.422269108689,0,-7.77881936848935,0,1,1,0,0,0,0,NaN,NaN,NaN,NaN,NaN,NaN,NaN,NaN,3.92867988636502,NaN,6.35602495828421,0.462354702644963,5,NaN,NaN,NaN,NaN,NaN,NaN,NaN,NaN,NaN,NaN,0,NaN,NaN,negative_rate;
5,2,30,5,6,0.75,1.25,4.58544742954584,37.3801388962285,7,2.125,1.79980127664724,-0.184774659716205,2.22875564722476,14.9629720827385,178.520216010198,1,5.6780306341529,0,0,1,0,0,0,0,NaN,NaN,NaN,NaN,NaN,NaN,NaN,NaN,3.92867988636502,NaN,6.636468012578,0.363836740519012,5,NaN,NaN,NaN,NaN,NaN,NaN,NaN,NaN,NaN,NaN,0,NaN,NaN,negative_rate;modulation_envelope;
5,2,31,6,1,1,0.1,0.366835794363667,0.134568500026423,7,1.01,1.01251675434827,0.0527264877264939,2.15422504686045,14.5672228439103,164.422269108689,0,-31.5675397620492,1,1,1,1,1,0,0,8.73951398986045e-15,2.15422504686045,14.5672228439103,154.029805947564,10.6674941248426,10.6599741672458,15.0803962649995,164.422269108689,3.92867988636502,3.96294072029192,3.96294072029193,0.990256379964686,5,6,6,0.981422399832144,0.980191909310468,0.874838673771728,0.991423613373318,0.527130079853425,0.000734244604380614,-0.00094625845962204,-0.49622739486442,0,-284.12436815581,0.943175182400224,finite_geometry;outside_sufficient_bound;
5,2,32,6,2,1,0.25,0.917089485909168,0.841053125165142,7,1.0625,1.05988652513789,-0.00344443248174509,2.1544355033613,14.6071977146909,164.422269108689,0,-30.8610551369105,0,1,1,0,0,0,0,NaN,NaN,NaN,NaN,NaN,NaN,NaN,NaN,3.92867988636502,NaN,4.13589058850277,0.945593187069673,5,NaN,NaN,NaN,NaN,NaN,NaN,NaN,NaN,NaN,NaN,0,NaN,NaN,negative_rate;
5,2,33,6,3,1,0.5,1.83417897181834,3.36421250066057,7,1.25,1.21508851449979,-0.0970626328288099,2.2032972797022,14.6934143705848,164.422269108689,0,-28.337895761415,0,1,1,0,0,0,0,NaN,NaN,NaN,NaN,NaN,NaN,NaN,NaN,3.92867988636502,NaN,4.66563352522068,0.831335370858251,5,NaN,NaN,NaN,NaN,NaN,NaN,NaN,NaN,NaN,NaN,0,NaN,NaN,negative_rate;
5,2,34,6,4,1,0.75,2.7512684577275,7.56947812648627,7,1.5625,1.4656059680857,-0.190680833175875,2.27380803296261,14.8037395033893,172.480690786185,0,-24.1326301355893,0,1,1,0,0,0,0,NaN,NaN,NaN,NaN,NaN,NaN,NaN,NaN,3.92867988636502,NaN,5.30217641556817,0.706309593071435,5,NaN,NaN,NaN,NaN,NaN,NaN,NaN,NaN,NaN,NaN,0,NaN,NaN,negative_rate;
5,2,35,6,5,1,1,3.66835794363667,13.4568500026423,7,2,1.81143888589564,-0.28429903352294,2.35289887995647,14.9428001866224,186.083491276094,0,-18.2452582594333,0,0,1,0,0,0,0,NaN,NaN,NaN,NaN,NaN,NaN,NaN,NaN,3.92867988636502,NaN,5.85557354367469,0.590635994588202,5,NaN,NaN,NaN,NaN,NaN,NaN,NaN,NaN,NaN,NaN,0,NaN,NaN,negative_rate;modulation_envelope;
5,2,36,6,6,1,1.25,4.58544742954584,21.0263281291285,7,2.5625,2.25258726792959,-0.377917233870005,2.43198972695033,15.1111432284466,202.453873329206,0,-10.6757801329471,0,0,1,0,0,0,0,NaN,NaN,NaN,NaN,NaN,NaN,NaN,NaN,3.92867988636502,NaN,6.25527321244347,0.491492128546437,5,NaN,NaN,NaN,NaN,NaN,NaN,NaN,NaN,NaN,NaN,0,NaN,NaN,negative_rate;modulation_envelope;
5,3,1,1,1,0.1,0.1,0.366835794363667,13.4568500026423,7,0.02,0.0175270664804101,0.487888683130925,1.51481065132788,14.1506074200669,164.422269108689,0,-18.2452582594333,1,0,1,0,0,0,0,NaN,NaN,NaN,NaN,NaN,NaN,NaN,NaN,3.92867988636502,NaN,5.85557354367469,0.590635994588202,5,NaN,NaN,NaN,NaN,NaN,NaN,NaN,NaN,NaN,NaN,0,NaN,NaN,modulation_envelope;
5,3,2,1,2,0.1,0.25,0.917089485909168,84.1053125165141,7,0.0725,0.0569271035796631,0.48351798954937,1.52602354307207,14.1827709609335,164.422269108689,1,52.4032042544385,1,0,1,0,0,0,0,NaN,NaN,NaN,NaN,NaN,NaN,NaN,NaN,3.92867988636502,NaN,6.89741385446614,0.211278652002012,5,NaN,NaN,NaN,NaN,NaN,NaN,NaN,NaN,NaN,NaN,0,NaN,NaN,modulation_envelope;
5,3,3,1,3,0.1,0.5,1.83417897181834,336.421250066057,7,0.26,0.197552331754786,0.45246860891375,1.61852008177505,14.2596368315905,164.422269108689,1,304.719141803981,1,0,1,0,0,0,0,NaN,NaN,NaN,NaN,NaN,NaN,NaN,NaN,3.92867988636502,NaN,6.99191410999393,0.0654102188877651,5,NaN,NaN,NaN,NaN,NaN,NaN,NaN,NaN,NaN,NaN,0,NaN,NaN,modulation_envelope;
5,3,4,1,4,0.1,0.75,2.7512684577275,756.947812648627,7,0.5725,0.431875684525367,0.421419228278131,1.75047162666,14.3589310026569,164.422269108689,1,725.245704386552,1,1,1,1,1,1,1,1.03262780716891e-14,1.75047162665999,14.3589310026569,147.674187287217,149.215534137353,10.6599741672458,159.579575291274,164.422269108689,3.92867988636502,6.99833074793458,6.99833074793458,0.0304561385858658,5,7,7,1,1,6.71491142604066,0.0304561385858662,0.578727262144898,0.000679389220620358,-0.0012324391059424,0.516337262214505,0,-284.12436815581,0.943175182400224,certified_feasible
5,3,5,1,5,0.1,1,3.66835794363667,1345.68500026423,7,1.01,0.759897161891408,0.378083356219931,1.88242317154495,14.4801504831344,176.876355141125,1,1313.98289200215,1,1,1,1,1,1,1,8.27042665065221e-15,1.88242317154495,14.4801504831344,164.258352536954,165.376112539308,11.5286176253274,176.876355141125,164.422269108689,3.92867988636502,6.99946358557102,6.99946358557102,0.0174243334514524,5,7,7,1,1,11.9255738911442,0.0174243334514526,0.578727262144898,0.000679389220620358,-0.0012324391059424,0.529369067348918,0,-284.12436815581,0.943175182400224,certified_feasible
5,3,6,1,6,0.1,1.25,4.58544742954584,2102.63281291285,7,1.5725,1.18161676385291,0.296066342992919,2.0143747164299,14.6227500147653,196.655245094096,1,2070.93070465078,1,1,1,1,1,1,1,6.60307574564773e-15,2.01437471642989,14.6227500147653,183.099100591744,183.860205159978,12.8238899318933,196.655245094096,164.422269108689,3.92867988636502,6.99977869998563,6.99977869998563,0.0112407539575999,5,7,7,1,1,18.6249970605631,0.0112407539576001,0.578727262144898,0.000679389220620358,-0.0012324391059424,0.535552646842771,0,-284.12436815581,0.943175182400224,certified_feasible
5,3,7,2,1,0.2,0.1,0.366835794363667,3.36421250066057,7,0.05,0.0475582829931835,0.461969365839982,1.55872020225846,14.1644873934001,164.422269108689,0,-28.337895761415,1,0,1,0,0,0,0,NaN,NaN,NaN,NaN,NaN,NaN,NaN,NaN,3.92867988636502,NaN,4.66563352522068,0.831335370858251,5,NaN,NaN,NaN,NaN,NaN,NaN,NaN,NaN,NaN,NaN,0,NaN,NaN,modulation_envelope;
5,3,8,2,2,0.2,0.25,0.917089485909168,21.0263281291285,7,0.1025,0.0870051448615966,0.463928885757492,1.56993309400264,14.1924479909848,164.422269108689,0,-10.6757801329471,1,0,1,0,0,0,0,NaN,NaN,NaN,NaN,NaN,NaN,NaN,NaN,3.92867988636502,NaN,6.25527321244347,0.491492128546437,5,NaN,NaN,NaN,NaN,NaN,NaN,NaN,NaN,NaN,NaN,0,NaN,NaN,modulation_envelope;
5,3,9,2,3,0.2,0.5,1.83417897181834,84.1053125165141,7,0.29,0.227708414318652,0.454534325288544,1.62176154299654,14.265613096476,164.422269108689,1,52.4032042544385,1,0,1,0,0,0,0,NaN,NaN,NaN,NaN,NaN,NaN,NaN,NaN,3.92867988636502,NaN,6.89741385446614,0.211278652002012,5,NaN,NaN,NaN,NaN,NaN,NaN,NaN,NaN,NaN,NaN,0,NaN,NaN,modulation_envelope;
5,3,10,2,4,0.2,0.75,2.7512684577275,189.236953162157,7,0.6025,0.462109808371168,0.419285100379312,1.75371308788149,14.3637468695714,164.422269108689,1,157.534844900081,1,1,1,1,1,1,1,1.00040149854365e-14,1.75371308788149,14.3637468695714,136.421261240122,137.737818149776,10.6599741672458,147.309544009926,164.422269108689,3.92867988636502,6.97596254629232,6.97596254629231,0.109406143185034,5,7,7,1,1,6.7613761959061,0.109406143185035,0.578727262144898,0.000679389220620358,-0.0012324391059424,0.437387257615336,0,-284.12436815581,0.943175182400224,certified_feasible
5,3,11,2,5,0.2,1,3.66835794363667,336.421250066057,7,1.04,0.790209327019142,0.373209925547195,1.88566463276644,14.4853532637897,165.780067147424,1,304.719141803981,1,1,1,1,1,1,1,8.03088385425301e-15,1.88566463276644,14.4853532637897,154.117846659915,154.997093111155,10.8083747889221,165.780067147424,164.422269108689,3.92867988636502,6.99191410999393,6.99191410999393,0.0654102188877651,5,7,7,1,1,11.9720386610097,0.0654102188877658,0.578727262144898,0.000679389220620358,-0.0012324391059424,0.481383181912605,0,-284.12436815581,0.943175182400224,certified_feasible
5,3,12,2,6,0.2,1.25,4.58544742954584,525.658203228213,7,1.6025,1.21200697026258,0.306751491006841,2.01761617765139,14.6283251168885,186.639748787711,1,493.956094966138,1,1,1,1,1,1,1,6.6038480787002e-15,2.01761617765139,14.6283251168885,173.968946286311,174.493050489962,12.172736692159,186.639748787711,164.422269108689,3.92867988636502,6.99659208384621,6.99659208384621,0.04313098075326,5,7,7,1,1,18.6714618304285,0.0431309807532604,0.578727262144898,0.000679389220620358,-0.0012324391059424,0.503662420047111,0,-284.12436815581,0.943175182400224,certified_feasible
5,3,13,3,1,0.35,0.1,0.366835794363667,1.09851836756263,7,0.1325,0.130105107762344,0.423090389903566,1.62458452865432,14.2024585589879,164.422269108689,0,-30.603589894513,1,0,1,0,0,0,0,NaN,NaN,NaN,NaN,NaN,NaN,NaN,NaN,3.92867988636502,NaN,4.19609160059356,0.931319624135114,5,NaN,NaN,NaN,NaN,NaN,NaN,NaN,NaN,NaN,NaN,0,NaN,NaN,modulation_envelope;
5,3,14,3,2,0.35,0.25,0.917089485909168,6.86573979726646,7,0.185,0.169622206784497,0.425049909821077,1.63579742039851,14.2268653589417,164.422269108689,0,-24.8363684648091,1,0,1,0,0,0,0,NaN,NaN,NaN,NaN,NaN,NaN,NaN,NaN,3.92867988636502,NaN,5.21309090524894,0.723885834519711,5,NaN,NaN,NaN,NaN,NaN,NaN,NaN,NaN,NaN,NaN,0,NaN,NaN,modulation_envelope;
5,3,15,3,3,0.35,0.5,1.83417897181834,27.4629591890659,7,0.3725,0.310442538164453,0.428315776350261,1.65448557330548,14.2883374921629,164.422269108689,0,-4.23914907300975,1,1,1,1,1,1,0,1.20844099456141e-14,1.65448557330547,14.2883374921629,103.914336001783,105.486112628618,10.6599741672458,114.625139323188,164.422269108689,3.92867988636502,6.45430781128184,6.45430781128185,0.431360123971495,5,7,7,1,1,3.16725255224783,0.431360123971497,0.578727262144898,0.000679389220620358,-0.0012324391059424,0.115433276828874,0,-284.12436815581,0.943175182400224,outside_sufficient_bound;
5,3,16,3,4,0.35,0.75,2.7512684577275,61.7916581753982,7,0.685,0.544960994139868,0.384744416124192,1.75857527971373,14.38557332587,164.422269108689,1,30.0895499133226,1,1,1,1,1,1,1,9.39120174861824e-15,1.75857527971373,14.38557332587,120.503194669649,121.395922278905,10.6599741672458,129.838963245573,164.422269108689,3.92867988636502,6.82925699096196,6.82925699096196,0.263825019677537,5,7,7,1,1,6.88915431303608,0.263825019677539,0.578727262144898,0.000679389220620358,-0.0012324391059424,0.282968381122832,0,-284.12436815581,0.943175182400224,certified_feasible
5,3,17,3,5,0.35,1,3.66835794363667,109.851836756263,7,1.1225,0.873177574710743,0.337467982129612,1.89052682459868,14.5061240263907,164.422269108689,1,78.1497284941878,1,1,1,1,1,1,1,7.51253140799629e-15,1.89052682459868,14.5061240263907,140.054218417826,140.506143283797,10.6599741672458,150.286634081366,164.422269108689,3.92867988636502,6.93542697648805,6.93542697648805,0.171947951221188,5,7,7,1,1,12.0998167781396,0.17194795122119,0.578727262144898,0.000679389220620358,-0.0012324391059424,0.374845449579181,0,-284.12436815581,0.943175182400224,certified_feasible
5,3,18,3,6,0.35,1.25,4.58544742954584,171.643494931662,7,1.685,1.29509227987708,0.27437684638094,2.02247836948363,14.6494140277039,172.865336812591,1,139.941386669586,1,1,1,1,1,1,1,6.25298411586678e-15,2.02247836948363,14.6494140277039,161.495144632283,161.61162126272,11.2757710685835,172.865336812591,164.422269108689,3.92867988636502,6.97119565002004,6.97119565002004,0.118984863727175,5,7,7,1,1,18.7992399475585,0.118984863727176,0.578727262144898,0.000679389220620358,-0.0012324391059424,0.427808537073195,0,-284.12436815581,0.943175182400224,certified_feasible
5,3,19,4,1,0.5,0.1,0.366835794363667,0.538274000105691,7,0.26,0.257651932531504,0.384211413967151,1.70294046795909,14.257071743459,164.422269108689,0,-31.1638342619699,1,1,1,1,1,0,0,1.41824503513859e-14,1.70294046795908,14.257071743459,87.7217152118118,70.9985248124234,10.6599741672458,80.5555440282374,164.422269108689,3.92867988636502,4.06317805735718,4.06317805735719,0.963603390177682,5,6,6,0.981422399832144,0.976642417421018,0.21870966844293,0.967367241327115,0.527130079853425,0.000734244604380614,-0.00094625845962204,-0.472171022818217,0,-284.12436815581,0.943175182400224,finite_geometry;outside_sufficient_bound;
5,3,20,4,2,0.5,0.25,0.917089485909168,3.36421250066057,7,0.3125,0.297239268707397,0.386170933884661,1.70166174679437,14.281421042081,164.422269108689,0,-28.337895761415,1,1,1,1,1,0,0,1.31537150270502e-14,1.70166174679437,14.281421042081,90.2439423276269,75.0170558836079,10.6599741672458,84.3940104497985,164.422269108689,3.92867988636502,4.66563352522066,4.66563352522068,0.831335370858251,5,6,6,0.981422399832144,0.956566491294287,0.218709668442927,0.840594719322529,0.527130079853425,0.000734244604380614,-0.00094625845962204,-0.345398500813631,0,-284.12436815581,0.943175182400224,finite_geometry;outside_sufficient_bound;
5,3,21,4,3,0.5,0.5,1.83417897181834,13.4568500026423,7,0.5,0.438176662010253,0.389436800413845,1.72034989970134,14.3423755328691,164.422269108689,0,-18.2452582594333,1,1,1,1,1,0,0,1.07174248579778e-14,1.72034989970134,14.3423755328691,99.9457465315961,88.1061113084567,10.6599741672458,96.7974871039165,164.422269108689,3.92867988636502,5.85557354367468,5.85557354367469,0.590635994588202,5,7,7,1,1,3.364727824176,0.590635994588203,0.578727262144898,0.000679389220620358,-0.0012324391059424,-0.0438425937878325,0,-284.12436815581,0.943175182400224,finite_geometry;outside_sufficient_bound;
5,3,22,4,4,0.5,0.75,2.7512684577275,30.2779125059451,7,0.8125,0.672812179908569,0.350203731869072,1.76343747154598,14.4285040387052,164.422269108689,0,-1.42419575613051,1,1,1,1,1,1,0,8.63225118778771e-15,1.76343747154597,14.4285040387052,114.915920763057,106.531562283652,10.6599741672458,113.967063187581,164.422269108689,3.92867988636502,6.51760814679481,6.51760814679481,0.409661183740513,5,7,7,1,1,7.08662958496425,0.409661183740515,0.578727262144898,0.000679389220620358,-0.0012324391059424,0.137132217059856,0,-284.12436815581,0.943175182400224,outside_sufficient_bound;
5,3,23,4,5,0.5,1,3.66835794363667,53.8274000105691,7,1.25,1.00114582240234,0.296909081907191,1.89538901643093,14.539359187683,164.422269108689,1,22.1252917484935,1,1,1,1,1,1,1,6.99367919316885e-15,1.89538901643093,14.539359187683,134.532270091066,127.697275411146,10.6599741672458,136.589714063758,164.422269108689,3.92867988636502,6.78774214663326,6.78774214663327,0.289671866298999,5,7,7,1,1,12.2972920500678,0.289671866299001,0.578727262144898,0.000679389220620358,-0.0012324391059424,0.25712153450137,0,-284.12436815581,0.943175182400224,certified_feasible
5,3,24,4,6,0.5,1.25,4.58544742954584,84.1053125165141,7,1.8125,1.42317758949158,0.233817946158519,2.02734056131588,14.6819198799598,164.422269108689,1,52.4032042544385,1,1,1,1,1,1,1,5.9129065560789e-15,2.02734056131587,14.6819198799598,157.073220120778,150.451148232247,10.6599741672458,160.928833338009,164.422269108689,3.92867988636502,6.89741385446614,6.89741385446614,0.211278652002012,5,7,7,1,1,18.9967152194867,0.211278652002013,0.578727262144898,0.000679389220620358,-0.0012324391059424,0.335514748798358,0,-284.12436815581,0.943175182400224,certified_feasible
5,3,25,5,1,0.75,0.1,0.366835794363667,0.239232888935863,7,0.5725,0.570229973813437,0.298038437685735,1.92533458137778,14.3845350115497,164.422269108689,0,-31.4628753731397,1,1,1,1,1,0,0,1.0695215647718e-14,1.92533458137778,14.3845350115497,120.325924196631,36.6600758633805,10.6599741672458,46.456494674028,164.422269108689,3.92867988636502,3.98929317920002,3.98929317920003,0.983003840871286,5,6,6,0.981422399832144,0.979251578125781,0.492096753996592,0.984958654887331,0.527130079853425,0.000734244604380614,-0.00094625845962204,-0.489762436378434,0,-284.12436815581,0.943175182400224,finite_geometry;outside_sufficient_bound;
5,3,26,5,2,0.75,0.25,0.917089485909168,1.49520555584914,7,0.625,0.609934371912231,0.320121581185658,1.91580050978268,14.4087281031502,164.422269108689,0,-30.2069027062265,1,1,1,1,1,0,0,1.02241041364543e-14,1.91580050978267,14.4087281031502,121.982834330068,44.0530556542283,10.6599741672458,52.9246876888762,164.422269108689,3.92867988636502,4.28597787341512,4.28597787341513,0.910855602524339,5,6,6,0.981422399832144,0.968994445563215,0.492096753996583,0.917889763789836,0.527130079853425,0.000734244604380614,-0.00094625845962204,-0.422693545280938,0,-284.12436815581,0.943175182400224,finite_geometry;outside_sufficient_bound;
5,3,27,5,3,0.75,0.5,1.83417897181834,5.98082222339656,7,0.8125,0.751066868419921,0.324638507186486,1.91531004011591,14.4692445360293,164.422269108689,0,-25.721286038679,1,1,1,1,1,0,0,9.01030183916332e-15,1.91531004012628,14.4692445360293,129.019449611077,63.848637705573,10.6599741672458,70.4943292798779,164.422269108689,3.92867988636502,5.09204225068737,5.09204225068738,0.747585323428251,5,7,7,1,1,3.84873584360774,0.747585323428252,0.578727262144898,0.000679389220620358,-0.0012324391059424,-0.200791922627881,0,-284.12436815581,0.943175182400224,finite_geometry;outside_sufficient_bound;
5,3,28,5,4,0.75,0.75,2.7512684577275,13.4568500026423,7,1.125,0.98589748952307,0.283874233376814,1.95631435404613,14.5547199650408,164.422269108689,0,-18.2452582594333,1,1,1,1,1,0,0,7.65192425273977e-15,1.9563143540786,14.5547199650408,140.65403782626,87.085927872289,10.6599741672458,93.1502349337978,164.422269108689,3.92867988636502,5.85557354367469,5.85557354367469,0.590635994588202,5,7,7,1,1,7.570637604396,0.590635994588203,0.578727262144898,0.000679389220620358,-0.0012324391059424,-0.0438425937878324,0,-284.12436815581,0.943175182400224,finite_geometry;outside_sufficient_bound;
5,3,29,5,5,0.75,1,3.66835794363667,23.9232888935862,7,1.5625,1.31442623522168,0.227878162008342,1.99731866797634,14.6647179653255,164.422269108689,0,-7.77881936848935,1,1,1,1,1,1,0,6.42104968644954e-15,1.99731866806487,14.6647179653255,155.860295803176,111.63602734796,10.6599741672458,119.407626616697,164.422269108689,3.92867988636502,6.35602495828421,6.35602495828421,0.462354702644963,5,7,7,1,1,12.7813000694996,0.462354702644964,0.578727262144898,0.000679389220620358,-0.0012324391059424,0.0844386981554067,0,-284.12436815581,0.943175182400224,outside_sufficient_bound;
5,3,30,5,6,0.75,1.25,4.58544742954584,37.3801388962285,7,2.125,1.73665310551575,0.16621977912115,2.03832298190656,14.7986917215261,175.359201387376,1,5.6780306341529,1,0,1,0,0,0,0,NaN,NaN,NaN,NaN,NaN,NaN,NaN,NaN,3.92867988636502,NaN,6.636468012578,0.363836740519012,5,NaN,NaN,NaN,NaN,NaN,NaN,NaN,NaN,NaN,NaN,0,NaN,NaN,modulation_envelope;
5,3,31,6,1,1,0.1,0.366835794363667,0.134568500026423,7,1.01,1.00780801509537,0.104895863531935,2.14772869479648,14.5564758101352,164.422269108689,0,-31.5675397620492,1,1,1,1,1,0,0,8.70408855669535e-15,2.14772869479648,14.5564758101352,153.667216634849,10.5947762198558,10.6599741672458,15.3727731631618,164.422269108689,3.92867988636502,3.96294072029192,3.96294072029193,0.990256379964686,5,6,6,0.981422399832144,0.980191909310468,0.874838673771723,0.991423613373319,0.527130079853425,0.000734244604380614,-0.00094625845962204,-0.496227394864421,0,-284.12436815581,0.943175182400224,finite_geometry;outside_sufficient_bound;
5,3,32,6,2,1,0.25,0.917089485909168,0.841053125165142,7,1.0625,1.04762947511706,0.126979007031858,2.13819462320137,14.5804421000192,164.422269108689,0,-30.8610551369105,1,1,1,1,1,0,0,8.35350879222315e-15,2.13819462320137,14.5804421000192,154.815087559381,26.4869405496394,10.6599741672458,28.8401257727261,164.422269108689,3.92867988636502,4.13589058850276,4.13589058850277,0.945593187069673,5,6,6,0.981422399832144,0.97411183849748,0.874838673771721,0.950707791150497,0.527130079853425,0.000734244604380614,-0.00094625845962204,-0.455511572641599,0,-284.12436815581,0.943175182400224,finite_geometry;outside_sufficient_bound;
5,3,33,6,3,1,0.5,1.83417897181834,3.36421250066057,7,1.25,1.18895707482959,0.163784246198396,2.12230450387619,14.640345852239,164.422269108689,0,-28.337895761415,1,1,1,1,1,0,0,7.57406807123008e-15,2.12230450387619,14.640345852239,160.17159931333,52.9738810992788,10.6599741672458,56.5904778009254,164.422269108689,3.92867988636502,4.66563352522067,4.66563352522068,0.831335370858251,5,6,6,0.981422399832144,0.956566491294287,0.874838673771705,0.840594719322528,0.527130079853425,0.000734244604380614,-0.00094625845962204,-0.34539850081363,0,-284.12436815581,0.943175182400224,finite_geometry;outside_sufficient_bound;
5,3,34,6,4,1,0.75,2.7512684577275,7.56947812648627,7,1.5625,1.42398279913757,0.186333270652763,2.15954843377169,14.7249246327025,169.450596308476,0,-24.1326301355893,1,1,1,1,1,0,0,6.75326105217223e-15,2.15954843378493,14.7249246327025,169.450596308476,79.4608216489183,10.6599741672458,84.8857167013882,169.450596308476,3.92867988636502,5.30217641556816,5.30217641556817,0.706309593071435,5,7,7,1,1,8.24824883160046,0.706309593071436,0.578727262144898,0.000679389220620358,-0.0012324391059424,-0.159516192271065,0,-284.12436815581,0.943175182400224,finite_geometry;outside_sufficient_bound;
5,3,35,6,5,1,1,3.66835794363667,13.4568500026423,7,2,1.75270664804101,0.152341358462644,2.20055274770191,14.8337563728412,182.05329281324,0,-18.2452582594333,1,0,1,0,0,0,0,NaN,NaN,NaN,NaN,NaN,NaN,NaN,NaN,3.92867988636502,NaN,5.85557354367469,0.590635994588202,5,NaN,NaN,NaN,NaN,NaN,NaN,NaN,NaN,NaN,NaN,0,NaN,NaN,modulation_envelope;
5,3,36,6,6,1,1.25,4.58544742954584,21.0263281291285,7,2.5625,2.17512862153992,0.0963452870941718,2.24155706163213,14.9663119953877,198.229210832808,0,-10.6757801329471,1,0,1,0,0,0,0,NaN,NaN,NaN,NaN,NaN,NaN,NaN,NaN,3.92867988636502,NaN,6.25527321244347,0.491492128546437,5,NaN,NaN,NaN,NaN,NaN,NaN,NaN,NaN,NaN,NaN,0,NaN,NaN,modulation_envelope;
6,1,1,1,1,0.1,0.1,0.372242090702384,13.8564174090482,7,0.02,0.0179252722289567,0.468890047758053,1.4513196203744,14.2040066424658,153.829133407135,0,-17.6405819260695,1,0,1,0,0,0,0,NaN,NaN,NaN,NaN,NaN,NaN,NaN,NaN,3.81324198718586,NaN,5.79025826434707,0.589785156913931,6,NaN,NaN,NaN,NaN,NaN,NaN,NaN,NaN,NaN,NaN,0,NaN,NaN,modulation_envelope;
6,1,2,1,2,0.1,0.25,0.930605226755959,86.602608806551,7,0.0725,0.0592880736367882,0.457178106808455,1.52597171349498,14.2546018123506,153.829133407135,1,55.1056094714333,1,0,1,0,0,0,0,NaN,NaN,NaN,NaN,NaN,NaN,NaN,NaN,3.81324198718586,NaN,6.89044654590359,0.215267737350355,6,NaN,NaN,NaN,NaN,NaN,NaN,NaN,NaN,NaN,NaN,0,NaN,NaN,modulation_envelope;
6,1,3,1,3,0.1,0.5,1.86121045351192,346.410435226204,7,0.26,0.206825790821565,0.421502026628756,1.65039186869594,14.3596452928833,153.829133407135,1,314.913435891086,1,0,1,0,0,0,0,NaN,NaN,NaN,NaN,NaN,NaN,NaN,NaN,3.81324198718586,NaN,6.99135690080917,0.0671712564949841,6,NaN,NaN,NaN,NaN,NaN,NaN,NaN,NaN,NaN,NaN,0,NaN,NaN,modulation_envelope;
6,1,4,1,4,0.1,0.75,2.79181568026788,779.423479258959,7,0.572499999999999,0.452613151554329,0.382242767310398,1.7748120238969,14.4900863666308,154.574662840123,1,747.926479923842,1,1,1,1,1,1,1,1.02544340794356e-14,1.7748120238969,14.4927793684015,142.235298181323,144.684165876134,10.0063007917654,154.574662840123,153.829133407135,3.81324198718586,6.99821560475845,6.99821560475845,0.0313313080218564,6,7,7,1,1,6.922904431883,0.0313313080218563,0.590265257785427,0.000688409132758896,0.00161258326159275,0.527000088419044,0,-284.379110841591,0.943124177904853,certified_feasible
6,1,5,1,5,0.1,1,3.72242090702384,1385.64174090482,7,1.01,0.796650155835082,0.253757262779962,1.89923217909786,14.6452464217457,172.16285541918,1,1354.1447415697,1,1,1,1,1,1,1,7.86522639172678e-15,1.89923217909786,14.6465966370875,158.751564268656,161.189397631678,11.0493725615373,172.16285541918,153.829133407135,3.81324198718586,6.9994265778895,6.9994265778895,0.0179365760209103,6,7,7,1,1,12.2882844487486,0.0179365760209103,0.590265257785427,0.000688409132758896,0.00161258326159275,0.54039482041999,0,-284.379110841591,0.943124177904853,certified_feasible
6,1,6,1,6,0.1,1.25,4.6530261337798,2165.06522016378,7,1.5725,1.23893680366382,0.125271758249527,2.02365233429882,14.824349309873,192.295635493415,1,2133.56822082866,1,1,1,1,1,1,1,6.25583517652464e-15,2.02365233429882,14.8248820656454,177.677572228895,180.073921956642,12.3135501613837,192.295635493415,153.829133407135,3.81324198718586,6.99976343157719,6.99976343157719,0.0115747173163136,6,7,7,1,1,19.1866301847187,0.0115747173163136,0.590265257785427,0.000688409132758896,0.00161258326159275,0.546756679124586,0,-284.379110841591,0.943124177904853,certified_feasible
6,1,7,2,1,0.2,0.1,0.372242090702384,3.46410435226204,7,0.0499999999999999,0.0479905729740744,0.415923602381262,1.46670645981099,14.2148755915271,153.829133407135,0,-28.0328949828557,1,0,1,0,0,0,0,NaN,NaN,NaN,NaN,NaN,NaN,NaN,NaN,3.81324198718586,NaN,4.56069639950751,0.827600983919669,6,NaN,NaN,NaN,NaN,NaN,NaN,NaN,NaN,NaN,NaN,0,NaN,NaN,modulation_envelope;
6,1,8,2,2,0.2,0.25,0.930605226755959,21.6506522016378,7,0.1025,0.0894513254995824,0.404211661431664,1.54135855293157,14.2527263362236,153.829133407135,0,-9.84634713347995,1,0,1,0,0,0,0,NaN,NaN,NaN,NaN,NaN,NaN,NaN,NaN,3.81324198718586,NaN,6.20969094490484,0.492993821853786,6,NaN,NaN,NaN,NaN,NaN,NaN,NaN,NaN,NaN,NaN,0,NaN,NaN,modulation_envelope;
6,1,9,2,3,0.2,0.5,1.86121045351192,86.602608806551,7,0.29,0.237152294547153,0.384691759849,1.66577870813253,14.3580141450575,153.829133407135,1,55.1056094714333,1,0,1,0,0,0,0,NaN,NaN,NaN,NaN,NaN,NaN,NaN,NaN,3.81324198718586,NaN,6.89044654590359,0.215267737350355,6,NaN,NaN,NaN,NaN,NaN,NaN,NaN,NaN,NaN,NaN,0,NaN,NaN,modulation_envelope;
6,1,10,2,4,0.2,0.75,2.79181568026788,194.85586981474,7,0.6025,0.483102907142712,0.351818087588705,1.79019886333349,14.4886984312016,153.829133407135,1,163.358870479622,1,1,1,1,1,1,1,9.90282476068904e-15,1.79019886333348,14.4906797953932,131.417192549111,133.815712113121,10.0063007917654,142.94792821588,153.829133407135,3.81324198718586,6.97431013299635,6.97431013299635,0.112094557757657,6,7,7,1,1,6.99658051962177,0.112094557757657,0.590265257785427,0.000688409132758896,0.00161258326159275,0.446236838683243,0,-284.379110841591,0.943124177904853,certified_feasible
6,1,11,2,5,0.2,1,3.72242090702384,346.410435226204,7,1.04,0.827303163286258,0.261841786397555,1.91461901853445,14.6440992941586,161.743525254828,1,314.913435891086,1,1,1,1,1,1,1,7.77023509105518e-15,1.91461901853444,14.645099600034,149.075927458064,151.450102023433,10.367961643257,161.743525254828,153.829133407135,3.81324198718586,6.99135690080917,6.99135690080917,0.0671712564949841,6,7,7,1,1,12.3619605364874,0.0671712564949841,0.590265257785427,0.000688409132758896,0.00161258326159275,0.491160139945916,0,-284.379110841591,0.943124177904853,certified_feasible
6,1,12,2,6,0.2,1.25,4.6530261337798,541.266305040944,7,1.6025,1.26975306297779,0.13335628186712,2.0390391737354,14.8234394089324,182.971762827736,1,509.769305705826,1,1,1,1,1,1,1,6.18749636846662e-15,2.0390391737354,14.8238299072789,169.035106424278,171.358406283054,11.7173543624693,182.971762827736,153.829133407135,3.81324198718586,6.99635707195801,6.99635707195802,0.044342271356912,6,7,7,1,1,19.2603062724575,0.044342271356912,0.590265257785427,0.000688409132758896,0.00161258326159275,0.513989125083988,0,-284.379110841591,0.943124177904853,certified_feasible
6,1,13,3,1,0.35,0.1,0.372242090702384,1.13113611502434,7,0.1325,0.130588524091751,0.336473934316076,1.53931009087508,14.2519665140596,153.829133407135,0,-30.3658632200934,1,0,1,0,0,0,0,NaN,NaN,NaN,NaN,NaN,NaN,NaN,NaN,3.81324198718586,NaN,4.08324253619447,0.929900738990715,6,NaN,NaN,NaN,NaN,NaN,NaN,NaN,NaN,NaN,NaN,0,NaN,NaN,modulation_envelope;
6,1,14,3,2,0.35,0.25,0.930605226755959,7.06960071890213,7,0.185,0.172196203293773,0.324761993366477,1.60327979059362,14.2607720944438,153.829133407135,0,-24.4273986162156,1,0,1,0,0,0,0,NaN,NaN,NaN,NaN,NaN,NaN,NaN,NaN,3.81324198718586,NaN,5.12286232820074,0.720322083052015,6,NaN,NaN,NaN,NaN,NaN,NaN,NaN,NaN,NaN,NaN,0,NaN,NaN,modulation_envelope;
6,1,15,3,3,0.35,0.5,1.86121045351192,28.2784028756085,7,0.3725,0.320142050135535,0.305242091783814,1.70989595679119,14.3637426462837,153.829133407135,0,-3.21859645950919,1,1,1,1,1,1,0,1.20660925655487e-14,1.70989595679119,14.3649814174219,99.7777724795358,102.052648195515,10.0063007917654,110.585983833799,153.829133407135,3.81324198718586,6.41977780175272,6.41977780175272,0.43405205976372,6,7,7,1,1,3.36677546314226,0.43405205976372,0.590265257785427,0.000688409132758896,0.00161258326159275,0.12427933667718,0,-284.379110841591,0.943124177904853,outside_sufficient_bound;
6,1,16,3,4,0.35,0.75,2.79181568026788,63.6264064701192,7,0.684999999999999,0.566337540525285,0.28572219020115,1.81651212298876,14.4947179326732,153.829133407135,1,32.1294071350015,1,1,1,1,1,1,1,9.26593061788738e-15,1.81651212298876,14.4956807336147,116.127679456884,118.414999064119,10.0063007917654,126.472141455399,153.829133407135,3.81324198718586,6.81778298507582,6.81778298507582,0.268006252686264,6,7,7,1,1,7.19918976090341,0.268006252686263,0.590265257785427,0.000688409132758896,0.00161258326159275,0.290325143754637,0,-284.379110841591,0.943124177904853,certified_feasible
6,1,17,3,5,0.35,1,3.72242090702384,113.113611502434,7,1.1225,0.910782674463023,0.266202288618487,1.93769927768932,14.6503939521463,153.829133407135,1,81.6166121673163,1,1,1,1,1,1,1,7.32248517816669e-15,1.93769927768932,14.6509058635595,136.0056659823,137.933180958703,10.0063007917654,147.282936639008,153.829133407135,3.81324198718586,6.93101557118663,6.93101557118663,0.175578472973817,6,7,7,1,1,12.564569777769,0.175578472973817,0.590265257785427,0.000688409132758896,0.00161258326159275,0.382752923467083,0,-284.379110841591,0.943124177904853,certified_feasible
6,1,18,3,6,0.35,1.25,4.6530261337798,176.740017972553,7,1.685,1.35347745194875,0.145483067293509,2.06211943289028,14.8299928464128,170.235614768147,1,145.243018637435,1,1,1,1,1,1,1,5.95159010367727e-15,2.06211943289028,14.8301932246033,158.124748829791,159.452482645491,10.954883637706,170.235614768147,153.829133407135,3.81324198718586,6.96921699067685,6.96921699067685,0.121846633767873,6,7,7,1,1,19.4629155137391,0.121846633767873,0.590265257785427,0.000688409132758896,0.00161258326159275,0.436484762673027,0,-284.379110841591,0.943124177904853,certified_feasible
6,1,19,4,1,0.5,0.1,0.372242090702384,0.554256696361927,7,0.26,0.258186475209427,0.257024266250889,1.63382481199646,14.3105150698867,153.829133407135,0,-30.9427426387558,1,1,1,1,1,0,0,1.44618433097887e-14,1.63382481199646,14.3105150863156,79.9782100274066,67.2270967192102,10.0063007917654,76.9626767312594,153.829133407135,3.81324198718586,3.94886934175826,3.94886934175826,0.963091148378285,6,6,6,0.971392175582476,0.966997971027106,0.254911479254458,0.96690735447103,0.54450455420854,0.000768310383616139,0.00108773888425884,-0.454336661607017,0,-284.379110841591,0.943124177904853,finite_geometry;outside_sufficient_bound;
6,1,20,4,2,0.5,0.25,0.930605226755959,3.46410435226204,7,0.3125,0.299941081087965,0.245312325301291,1.6804444479969,14.3080093917844,153.829133407135,0,-28.0328949828557,1,1,1,1,1,0,0,1.3446791545651e-14,1.6804444479969,14.3080093917844,82.9323258120109,71.8325351150192,10.0063007917654,81.065722098569,153.829133407135,3.81324198718586,4.5606963995075,4.56069639950751,0.827600983919669,6,7,7,1,1,1.38045025737536,0.827600983919669,0.590265257785427,0.000688409132758896,0.00161258326159275,-0.269269587478769,0,-284.379110841591,0.943124177904853,finite_geometry;outside_sufficient_bound;
6,1,21,4,3,0.5,0.5,1.86121045351192,13.8564174090482,7,0.5,0.448131805723918,0.225792423718627,1.78706061419448,14.3792695056605,153.829133407135,0,-17.6405819260695,1,1,1,1,1,0,0,1.07312763836091e-14,1.78706061419447,14.3795513677999,93.7908849446834,85.698089277178,10.0063007917654,93.6438959072112,153.829133407135,3.81324198718586,5.79025826434706,5.79025826434707,0.589785156913931,6,7,7,1,1,3.67989883603205,0.589785156913931,0.590265257785427,0.000688409132758896,0.00161258326159275,-0.0314537604730306,0,-284.379110841591,0.943124177904853,finite_geometry;outside_sufficient_bound;
6,1,22,4,4,0.5,0.75,2.79181568026788,31.1769391703584,7,0.812499999999999,0.69457217390786,0.206272522135964,1.89367678039205,14.5104469177886,153.829133407135,0,-0.320060164759326,1,1,1,1,1,1,0,8.49822913878074e-15,1.89367678039204,14.5107587804131,110.053491263192,104.520300979576,10.0063007917654,111.607324969309,153.829133407135,3.81324198718586,6.48676511217971,6.48676511217972,0.412710525526569,6,7,7,1,1,7.51231313379321,0.412710525526568,0.590265257785427,0.000688409132758896,0.00161258326159275,0.145620870914332,0,-284.379110841591,0.943124177904853,outside_sufficient_bound;
6,1,23,4,5,0.5,1,3.72242090702384,55.4256696361927,7,1.25,1.03926218563979,0.1867526205533,2.00029294658962,14.6662946192195,153.829133407135,1,23.928670301075,1,1,1,1,1,1,1,6.85937278057938e-15,2.00029294658961,14.6664840308446,129.703096285792,126.09879275535,10.0063007917654,134.623396657302,153.829133407135,3.81324198718586,6.77357082326339,6.7735708232634,0.29382740452496,6,7,7,1,1,12.8776931506588,0.29382740452496,0.590265257785427,0.000688409132758896,0.00161258326159275,0.26450399191594,0,-284.379110841591,0.943124177904853,certified_feasible
6,1,24,4,6,0.5,1.25,4.6530261337798,86.602608806551,7,1.8125,1.48220184091971,0.147375825734563,2.10690911278719,14.8460356940084,159.315922362069,1,55.1056094714333,1,1,1,1,1,1,1,5.74901990419e-15,2.10690911278719,14.846113053341,151.426869608465,149.242752447968,10.3042101338043,159.315922362069,153.829133407135,3.81324198718586,6.89044654590358,6.89044654590359,0.215267737350355,6,7,7,1,1,19.7760388866289,0.215267737350355,0.590265257785427,0.000688409132758896,0.00161258326159275,0.343063659090545,0,-284.379110841591,0.943124177904853,certified_feasible
6,1,25,5,1,0.75,0.1,0.372242090702384,0.24633630949419,7,0.5725,0.570849727072221,0.124608152808912,1.79146291344436,14.4401892343063,153.829133407135,0,-31.2506630256235,1,1,1,1,1,0,0,1.01367332801801e-14,1.79146291344436,14.440189234342,111.600446244211,34.9663873915934,10.0063007917654,44.466307700119,153.829133407135,3.81324198718586,3.87432093103425,3.87432093103425,0.98287448670667,6,6,6,0.971392175582476,0.969396554299688,0.573550828322535,0.984771434344822,0.54450455420854,0.000768310383616139,0.00108773888425884,-0.472200741480809,0,-284.379110841591,0.943124177904853,finite_geometry;outside_sufficient_bound;
6,1,26,5,2,0.75,0.25,0.930605226755959,1.53960193433869,7,0.625,0.61284921074495,0.112896211859314,1.80905221033571,14.4329206029717,153.829133407135,0,-29.957397400779,1,1,1,1,1,0,0,9.94768871589577e-15,1.80905221033571,14.4329206029717,113.617243404217,42.849044638589,10.0063007917654,50.9765830717218,153.829133407135,3.81324198718586,4.17431030025577,4.17431030025578,0.908825278757343,6,6,6,0.971392175582476,0.959967243738514,0.573550828322531,0.91664952311082,0.54450455420854,0.000768310383616139,0.00108773888425884,-0.404078830246807,0,-284.379110841591,0.943124177904853,finite_geometry;outside_sufficient_bound;
6,1,27,5,3,0.75,0.5,1.86121045351192,6.15840773735474,7,0.812499999999999,0.761448065037888,0.0933763102766502,1.91566837653328,14.4465414069006,153.829133407135,0,-25.338591597763,1,1,1,1,1,0,0,8.76150740853282e-15,1.91566837653328,14.4465414069006,121.58443068638,63.1122878236974,10.0063007917654,68.9280517309679,153.829133407135,3.81324198718586,4.99804866913129,4.99804866913129,0.743765835413636,6,7,7,1,1,4.44735808331098,0.743765835413635,0.590265257785427,0.000688409132758896,0.00161258326159275,-0.185434438972735,0,-284.379110841591,0.943124177904853,finite_geometry;outside_sufficient_bound;
6,1,28,5,4,0.75,0.75,2.79181568026788,13.8564174090482,7,1.125,1.00829656287882,0.0738564086939867,2.02228454273085,14.5581442523639,153.829133407135,0,-17.6405819260695,1,1,1,1,1,0,0,7.3468169336696e-15,2.02228454273085,14.5581608143439,134.360526116424,87.004665024325,10.0063007917654,93.0121061232759,153.829133407135,3.81324198718586,5.79025826434707,5.79025826434707,0.589785156913931,6,7,7,1,1,8.27977238107213,0.589785156913931,0.590265257785427,0.000688409132758896,0.00161258326159275,-0.0314537604730307,0,-284.379110841591,0.943124177904853,finite_geometry;outside_sufficient_bound;
6,1,29,5,5,0.75,1,3.72242090702384,24.633630949419,7,1.5625,1.35339470426773,0.0543365071113231,2.12890070892842,14.7140493182711,153.829133407135,0,-6.86336838569874,1,1,1,1,1,1,0,6.24479195548758e-15,2.12890070892842,14.7140648933489,150.727600583394,112.463809984236,10.0063007917654,120.021989453726,153.829133407135,3.81324198718586,6.31593499562163,6.31593499562163,0.464466425527289,6,7,7,1,1,13.6451523979378,0.464466425527289,0.590265257785427,0.000688409132758896,0.00161258326159275,0.0938649709136112,0,-284.379110841591,0.943124177904853,outside_sufficient_bound;
6,1,30,5,6,0.75,1.25,4.6530261337798,38.4900483584671,7,2.125,1.79674248920463,0.0348166055286594,2.23551687512599,14.8937698543597,169.649490371663,1,6.99304902334943,1,0,1,0,0,0,0,NaN,NaN,NaN,NaN,NaN,NaN,NaN,NaN,3.81324198718586,NaN,6.61277309425785,0.367491572959282,6,NaN,NaN,NaN,NaN,NaN,NaN,NaN,NaN,NaN,NaN,0,NaN,NaN,modulation_envelope;
6,1,31,6,1,1,0.1,0.372242090702384,0.138564174090482,7,1.01,1.00851297893501,-0.0078079606330651,2.01314119189395,14.6090255102902,153.829133407135,0,-31.3584351610272,0,1,1,0,0,0,0,NaN,NaN,NaN,NaN,NaN,NaN,NaN,NaN,3.81324198718586,NaN,3.84775731710861,0.990211511506922,6,NaN,NaN,NaN,NaN,NaN,NaN,NaN,NaN,NaN,NaN,0,NaN,NaN,negative_rate;
6,1,32,6,2,1,0.25,0.930605226755959,0.866026088065511,7,1.0625,1.05075734040193,-0.0195199015826633,1.98331911318821,14.6015618010386,153.829133407135,0,-30.6309732470522,0,1,1,0,0,0,0,NaN,NaN,NaN,NaN,NaN,NaN,NaN,NaN,3.81324198718586,NaN,4.02233797663234,0.944597215496436,6,NaN,NaN,NaN,NaN,NaN,NaN,NaN,NaN,NaN,NaN,0,NaN,NaN,negative_rate;
6,1,33,6,3,1,0.5,1.86121045351192,3.46410435226204,7,1.25,1.19976432435186,-0.039039803165327,2.04427613887209,14.6087970696896,153.829133407135,0,-28.0328949828557,0,1,1,0,0,0,0,NaN,NaN,NaN,NaN,NaN,NaN,NaN,NaN,3.81324198718586,NaN,4.56069639950751,0.827600983919669,6,NaN,NaN,NaN,NaN,NaN,NaN,NaN,NaN,NaN,NaN,0,NaN,NaN,negative_rate;
6,1,34,6,4,1,0.75,2.79181568026788,7.7942347925896,7,1.5625,1.44702095184977,-0.0585597047479905,2.15089230506966,14.640583477053,161.801123508815,0,-23.7027645425281,0,1,1,0,0,0,0,NaN,NaN,NaN,NaN,NaN,NaN,NaN,NaN,3.81324198718586,NaN,5.21490580889493,0.702997206889605,6,NaN,NaN,NaN,NaN,NaN,NaN,NaN,NaN,NaN,NaN,0,NaN,NaN,negative_rate;
6,1,35,6,5,1,1,3.72242090702384,13.8564174090482,7,2,1.79252722289567,-0.0780796063306541,2.25750847126723,14.788135535806,175.500992933089,0,-17.6405819260695,0,1,1,0,0,0,0,NaN,NaN,NaN,NaN,NaN,NaN,NaN,NaN,3.81324198718586,NaN,5.79025826434707,0.589785156913931,6,NaN,NaN,NaN,NaN,NaN,NaN,NaN,NaN,NaN,NaN,0,NaN,NaN,negative_rate;
6,1,36,6,6,1,1.25,4.6530261337798,21.6506522016378,7,2.5625,2.23628313748956,-0.0975995079133178,2.3641246374648,14.9675195314247,191.879323739372,0,-9.84634713347995,0,0,1,0,0,0,0,NaN,NaN,NaN,NaN,NaN,NaN,NaN,NaN,3.81324198718586,NaN,6.20969094490484,0.492993821853786,6,NaN,NaN,NaN,NaN,NaN,NaN,NaN,NaN,NaN,NaN,0,NaN,NaN,negative_rate;modulation_envelope;
6,2,1,1,1,0.1,0.1,0.372242090702384,13.8564174090482,7,0.02,0.0181657625265627,0.471134934733374,1.43262172504928,14.2060659625117,153.829133407135,0,-17.6405819260695,1,0,1,0,0,0,0,NaN,NaN,NaN,NaN,NaN,NaN,NaN,NaN,3.81324198718586,NaN,5.79025826434707,0.589785156913931,6,NaN,NaN,NaN,NaN,NaN,NaN,NaN,NaN,NaN,NaN,0,NaN,NaN,modulation_envelope;
6,2,2,1,2,0.1,0.25,0.930605226755959,86.602608806551,7,0.0724999999999999,0.0595198393242613,0.438716027370296,1.49612014591843,14.2402415399613,153.829133407135,1,55.1056094714333,1,0,1,0,0,0,0,NaN,NaN,NaN,NaN,NaN,NaN,NaN,NaN,3.81324198718586,NaN,6.89044654590359,0.215267737350355,6,NaN,NaN,NaN,NaN,NaN,NaN,NaN,NaN,NaN,NaN,0,NaN,NaN,modulation_envelope;
6,2,3,1,3,0.1,0.5,1.86121045351192,346.410435226204,7,0.26,0.206057788674705,0.380466225803707,1.65857521231982,14.3173689988482,153.829133407135,1,314.913435891086,1,0,1,0,0,0,0,NaN,NaN,NaN,NaN,NaN,NaN,NaN,NaN,3.81324198718586,NaN,6.99135690080917,0.0671712564949841,6,NaN,NaN,NaN,NaN,NaN,NaN,NaN,NaN,NaN,NaN,0,NaN,NaN,modulation_envelope;
6,2,4,1,4,0.1,0.75,2.79181568026788,779.423479258959,7,0.572499999999999,0.44961384805133,0.322216424237119,1.82103027872121,14.4193446052633,153.829133407135,1,747.926479923842,1,1,1,1,1,1,1,1.02770179326318e-14,1.82103027872121,14.4209901671694,140.302670834392,142.742566084081,10.0063007917654,152.416585118737,153.829133407135,3.81324198718586,6.99821560475845,6.99821560475845,0.0313313080218564,6,7,7,1,1,6.92290443188297,0.0313313080218562,0.590265257785427,0.000688409132758896,0.00161258326159275,0.527000088419044,0,-284.379110841591,0.943124177904853,certified_feasible
6,2,5,1,5,0.1,1,3.72242090702384,1385.64174090482,7,1.01,0.790188017454138,0.26396662267053,1.9834853451226,14.5456457575766,170.114836735161,1,1354.1447415697,1,1,1,1,1,1,1,7.74921976498819e-15,1.98348534512259,14.5463064299474,156.977045614295,159.391717154706,10.8679137336602,170.114836735161,153.829133407135,3.81324198718586,6.9994265778895,6.9994265778895,0.0179365760209103,6,7,7,1,1,12.2882844487486,0.0179365760209102,0.590265257785427,0.000688409132758896,0.00161258326159275,0.54039482041999,0,-284.379110841591,0.943124177904853,certified_feasible
6,2,6,1,6,0.1,1.25,4.6530261337798,2165.06522016378,7,1.5725,1.22778029688313,0.205716821103942,2.14594041152398,14.6956452742943,190.602514707911,1,2133.56822082866,1,1,1,1,1,1,1,6.28159469353321e-15,2.14594041152398,14.6958535953588,176.291581134916,178.65042442018,12.1354000943324,190.60251470791,153.829133407135,3.81324198718586,6.99976343157719,6.99976343157719,0.0115747173163136,6,7,7,1,1,19.1866301847187,0.0115747173163135,0.590265257785427,0.000688409132758896,0.00161258326159275,0.546756679124586,0,-284.379110841591,0.943124177904853,certified_feasible
6,2,7,2,1,0.2,0.1,0.372242090702384,3.46410435226204,7,0.0499999999999999,0.0485700762510307,0.418168489356584,1.46375754316497,14.2183290664768,153.829133407135,0,-28.0328949828557,1,0,1,0,0,0,0,NaN,NaN,NaN,NaN,NaN,NaN,NaN,NaN,3.81324198718586,NaN,4.56069639950751,0.827600983919669,6,NaN,NaN,NaN,NaN,NaN,NaN,NaN,NaN,NaN,NaN,0,NaN,NaN,modulation_envelope;
6,2,8,2,2,0.2,0.25,0.930605226755959,21.6506522016378,7,0.1025,0.0905306236354316,0.406017402539272,1.51317246831376,14.2524182714528,153.829133407135,0,-9.84634713347995,1,0,1,0,0,0,0,NaN,NaN,NaN,NaN,NaN,NaN,NaN,NaN,3.81324198718586,NaN,6.20969094490484,0.492993821853786,6,NaN,NaN,NaN,NaN,NaN,NaN,NaN,NaN,NaN,NaN,0,NaN,NaN,modulation_envelope;
6,2,9,2,3,0.2,0.5,1.86121045351192,86.602608806551,7,0.29,0.238079357297045,0.347767600972683,1.67562753471515,14.3293857548586,153.829133407135,1,55.1056094714333,1,0,1,0,0,0,0,NaN,NaN,NaN,NaN,NaN,NaN,NaN,NaN,3.81324198718586,NaN,6.89044654590359,0.215267737350355,6,NaN,NaN,NaN,NaN,NaN,NaN,NaN,NaN,NaN,NaN,0,NaN,NaN,modulation_envelope;
6,2,10,2,4,0.2,0.75,2.79181568026788,194.85586981474,7,0.6025,0.482646200984841,0.289517799406094,1.83808260111653,14.4311826785631,153.829133407135,1,163.358870479622,1,1,1,1,1,1,1,9.8578664317972e-15,1.83808260111653,14.4324288173519,129.724293679037,132.108030050554,10.0063007917654,141.03475015913,153.829133407135,3.81324198718586,6.97431013299635,6.97431013299635,0.112094557757657,6,7,7,1,1,6.99658051962177,0.112094557757657,0.590265257785427,0.000688409132758896,0.00161258326159275,0.446236838683243,0,-284.379110841591,0.943124177904853,certified_feasible
6,2,11,2,5,0.2,1,3.72242090702384,346.410435226204,7,1.04,0.82423115469882,0.231267997839506,2.00053766751792,14.5572881662757,160.059089855463,1,314.913435891086,1,1,1,1,1,1,1,7.74780009980407e-15,2.00053766751792,14.5578081185291,147.654907845502,149.998123197943,10.2074931012387,160.059089855463,153.829133407135,3.81324198718586,6.99135690080918,6.99135690080917,0.0671712564949841,6,7,7,1,1,12.3619605364874,0.0671712564949839,0.590265257785427,0.000688409132758896,0.00161258326159275,0.491160139945916,0,-284.379110841591,0.943124177904853,certified_feasible
6,2,12,2,6,0.2,1.25,4.6530261337798,541.266305040944,7,1.6025,1.26283421843898,0.173018196272917,2.16299273391931,14.7070769316454,181.738940284261,1,509.769305705826,1,1,1,1,1,1,1,6.29164189459117e-15,2.1629927339193,14.7072450967022,168.093802901623,170.371117401689,11.5495470866715,181.738940284261,153.829133407135,3.81324198718586,6.99635707195802,6.99635707195802,0.044342271356912,6,7,7,1,1,19.2603062724575,0.0443422713569118,0.590265257785427,0.000688409132758896,0.00161258326159275,0.513989125083988,0,-284.379110841591,0.943124177904853,certified_feasible
6,2,13,3,1,0.35,0.1,0.372242090702384,1.13113611502434,7,0.1325,0.131676546837733,0.338718821291397,1.5476637215739,14.2480934315615,153.829133407135,0,-30.3658632200934,1,0,1,0,0,0,0,NaN,NaN,NaN,NaN,NaN,NaN,NaN,NaN,3.81324198718586,NaN,4.08324253619447,0.929900738990715,6,NaN,NaN,NaN,NaN,NaN,NaN,NaN,NaN,NaN,NaN,0,NaN,NaN,modulation_envelope;
6,2,14,3,2,0.35,0.25,0.930605226755959,7.06960071890213,7,0.185,0.174546800102187,0.330374210804782,1.56320015521158,14.2818654269682,153.829133407135,0,-24.4273986162156,1,0,1,0,0,0,0,NaN,NaN,NaN,NaN,NaN,NaN,NaN,NaN,3.81324198718586,NaN,5.12286232820074,0.720322083052015,6,NaN,NaN,NaN,NaN,NaN,NaN,NaN,NaN,NaN,NaN,0,NaN,NaN,modulation_envelope;
6,2,15,3,3,0.35,0.5,1.86121045351192,28.2784028756085,7,0.3725,0.323611710230556,0.280477191719404,1.70120601830814,14.3585336992562,153.829133407135,0,-3.21859645950919,1,1,1,1,1,1,0,1.25891577321979e-14,1.70120601830813,14.3594145016072,98.3917697701459,100.65814139725,10.0063007917654,109.035125854521,153.829133407135,3.81324198718586,6.41977780175272,6.41977780175272,0.43405205976372,6,7,7,1,1,3.36677546314225,0.434052059763719,0.590265257785427,0.000688409132758896,0.00161258326159275,0.124279336677181,0,-284.379110841591,0.943124177904853,outside_sufficient_bound;
6,2,16,3,4,0.35,0.75,2.79181568026788,63.6264064701192,7,0.684999999999999,0.569694730385108,0.219280383085744,1.86366108470952,14.4599850544436,153.829133407135,1,32.1294071350015,1,1,1,1,1,1,1,9.64158755832148e-15,1.86366108470952,14.4605807586176,114.889005247792,117.14918060577,10.0063007917654,125.022779731235,153.829133407135,3.81324198718586,6.81778298507581,6.81778298507582,0.268006252686264,6,7,7,1,1,7.19918976090338,0.268006252686263,0.590265257785427,0.000688409132758896,0.00161258326159275,0.290325143754637,0,-284.379110841591,0.943124177904853,certified_feasible
6,2,17,3,5,0.35,1,3.72242090702384,113.113611502434,7,1.1225,0.912795860565841,0.158083574452084,2.02611615111091,14.5857023629377,153.829133407135,1,81.6166121673163,1,1,1,1,1,1,1,7.35987625903981e-15,2.02611615111091,14.5859768419831,134.899970414677,137.097683884102,10.0063007917654,146.248455707207,153.829133407135,3.81324198718586,6.93101557118663,6.93101557118663,0.175578472973817,6,7,7,1,1,12.564569777769,0.175578472973817,0.590265257785427,0.000688409132758896,0.00161258326159275,0.382752923467083,0,-284.379110841591,0.943124177904853,certified_feasible
6,2,18,3,6,0.35,1.25,4.6530261337798,176.740017972553,7,1.685,1.35291510077276,0.0968867658184243,2.1885712175123,14.735064537663,169.789707636055,1,145.243018637435,1,1,1,1,1,1,1,6.1511305078139e-15,2.18857121751229,14.7351587204537,157.087541936532,159.209279437145,10.7586064656519,169.789707636055,153.829133407135,3.81324198718586,6.96921699067684,6.96921699067685,0.121846633767873,6,7,7,1,1,19.4629155137391,0.121846633767872,0.590265257785427,0.000688409132758896,0.00161258326159275,0.436484762673028,0,-284.379110841591,0.943124177904853,certified_feasible
6,2,19,4,1,0.5,0.1,0.372242090702384,0.554256696361927,7,0.26,0.259783017424435,0.259269153226211,1.64224658244264,14.295806672788,153.829133407135,0,-30.9427426387558,1,1,1,1,1,0,0,1.49860960055524e-14,1.64224658244264,14.2958066727879,80.6194406899237,66.7599510255475,10.0063007917654,76.4792666154558,153.829133407135,3.81324198718586,3.94886934175826,3.94886934175826,0.963091148378285,6,6,6,0.971392175582476,0.966997971027106,0.254911479254458,0.96690735447103,0.54450455420854,0.000768310383616139,0.00108773888425884,-0.454336661607017,0,-284.379110841591,0.943124177904853,finite_geometry;outside_sufficient_bound;
6,2,20,4,2,0.5,0.25,0.930605226755959,3.46410435226204,7,0.3125,0.303562976568942,0.250924542739595,1.65778301608032,14.3246547012038,153.829133407135,0,-28.0328949828557,1,1,1,1,1,0,0,1.35928962507696e-14,1.65778301608032,14.3247183725839,84.6190828620247,70.9126405871997,10.0063007917654,80.0710996880696,153.829133407135,3.81324198718586,4.5606963995075,4.56069639950751,0.827600983919669,6,7,7,1,1,1.38045025737536,0.827600983919669,0.590265257785427,0.000688409132758896,0.00161258326159275,-0.269269587478769,0,-284.379110841591,0.943124177904853,finite_geometry;outside_sufficient_bound;
6,2,21,4,3,0.5,0.5,1.86121045351192,13.8564174090482,7,0.499999999999999,0.454144063164067,0.191565066810402,1.72678450190112,14.4009542259847,153.829133407135,0,-17.6405819260695,1,1,1,1,1,0,0,1.10736861387898e-14,1.72678450190112,14.4011483372184,97.1898197070164,84.6488949135851,10.0063007917654,92.3717087034959,153.829133407135,3.81324198718586,5.79025826434707,5.79025826434707,0.589785156913931,6,7,7,1,1,3.67989883603205,0.58978515691393,0.590265257785427,0.000688409132758896,0.00161258326159275,-0.0314537604730302,0,-284.379110841591,0.943124177904853,finite_geometry;outside_sufficient_bound;
6,2,22,4,4,0.5,0.75,2.79181568026788,31.1769391703584,7,0.812499999999999,0.701743259785374,0.130368258176742,1.88923956830251,14.5019688591759,153.829133407135,0,-0.320060164759326,1,1,1,1,1,1,0,8.76041604668242e-15,1.88923956830251,14.5021517981524,114.940455226531,103.837582540526,10.0063007917654,110.772244675235,153.829133407135,3.81324198718586,6.48676511217972,6.48676511217972,0.412710525526569,6,7,7,1,1,7.5123131337932,0.412710525526568,0.590265257785427,0.000688409132758896,0.00161258326159275,0.145620870914332,0,-284.379110841591,0.943124177904853,outside_sufficient_bound;
6,2,23,4,5,0.5,1,3.72242090702384,55.4256696361927,7,1.25,1.04636056643286,0.0691714495430825,2.0516946347039,14.6271865657591,153.829133407135,1,23.928670301075,1,1,1,1,1,1,1,7.25112805562046e-15,2.05169463470389,14.6272863432844,135.855551095306,126.012011365415,10.0063007917654,134.380837129091,153.829133407135,3.81324198718586,6.77357082326339,6.7735708232634,0.29382740452496,6,7,7,1,1,12.8776931506588,0.29382740452496,0.590265257785427,0.000688409132758896,0.00161258326159275,0.26450399191594,0,-284.379110841591,0.943124177904853,certified_feasible
6,2,24,4,6,0.5,1.25,4.6530261337798,86.602608806551,7,1.8125,1.48799598310653,0.00797464090942268,2.21414970110528,14.7759920387754,159.774676535476,1,55.1056094714333,1,1,1,1,1,1,1,5.86558849139307e-15,2.21414970110528,14.7760297806848,158.688779067281,149.852546830482,10.1035589497497,159.774676535476,158.688779067281,3.81324198718586,6.89044654590359,6.89044654590359,0.215267737350355,6,7,7,1,1,19.7760388866289,0.215267737350354,0.590265257785427,0.000688409132758896,0.00161258326159275,0.343063659090546,0,-284.379110841591,0.943124177904853,certified_feasible
6,2,25,5,1,0.75,0.1,0.372242090702384,0.24633630949419,7,0.572499999999999,0.573293801735605,0.126853039784234,1.79988468389054,14.4259935147877,153.829133407135,0,-31.2506630256235,1,1,1,1,1,0,0,1.03490011625819e-14,1.79988468389054,14.4259935147914,112.215378770955,34.7707370703959,10.0063007917654,44.0196390911254,153.829133407135,3.81324198718586,3.87432093103425,3.87432093103425,0.98287448670667,6,6,6,0.971392175582476,0.969396554299688,0.573550828322535,0.984771434344822,0.54450455420854,0.000768310383616139,0.00108773888425884,-0.472200741480809,0,-284.379110841591,0.943124177904853,finite_geometry;outside_sufficient_bound;
6,2,26,5,2,0.75,0.25,0.930605226755959,1.53960193433869,7,0.624999999999999,0.618589937346867,0.104575000595726,1.81542111752822,14.4252800827839,153.829133407135,0,-29.957397400779,1,1,1,1,1,0,0,1.00539440745825e-14,1.81542111752822,14.4252803587768,115.230747852636,42.3424781868974,10.0063007917654,50.2490841672423,153.829133407135,3.81324198718586,4.17431030025577,4.17431030025578,0.908825278757343,6,6,6,0.971392175582476,0.959967243738514,0.573550828322539,0.916649523110819,0.54450455420854,0.000768310383616139,0.00108773888425884,-0.404078830246806,0,-284.379110841591,0.943124177904853,finite_geometry;outside_sufficient_bound;
6,2,27,5,3,0.75,0.5,1.86121045351192,6.15840773735474,7,0.812499999999999,0.771697984719918,0.0433781919620659,1.84131517359102,14.500816865365,153.829133407135,0,-25.338591597763,1,1,1,1,1,0,0,8.73536228390677e-15,1.84131517359101,14.5008205322625,124.92062361946,63.0060056827075,10.0063007917654,68.4666861160819,153.829133407135,3.81324198718586,4.99804866913129,4.99804866913129,0.743765835413636,6,7,7,1,1,4.44735808331097,0.743765835413636,0.590265257785427,0.000688409132758896,0.00161258326159275,-0.185434438972735,0,-284.379110841591,0.943124177904853,finite_geometry;outside_sufficient_bound;
6,2,28,5,4,0.75,0.75,2.79181568026788,13.8564174090482,7,1.125,1.02182414211915,-0.0178186166715939,1.93187037429082,14.6009089416501,153.829133407135,0,-17.6405819260695,0,1,1,0,0,0,0,NaN,NaN,NaN,NaN,NaN,NaN,NaN,NaN,3.81324198718586,NaN,5.79025826434707,0.589785156913931,6,NaN,NaN,NaN,NaN,NaN,NaN,NaN,NaN,NaN,NaN,0,NaN,NaN,negative_rate;
6,2,29,5,5,0.75,1,3.72242090702384,24.633630949419,7,1.5625,1.36896840954456,-0.0790154253052537,2.09432544069221,14.7250555837755,157.102850523649,0,-6.86336838569874,0,1,1,0,0,0,0,NaN,NaN,NaN,NaN,NaN,NaN,NaN,NaN,3.81324198718586,NaN,6.31593499562163,0.464466425527289,6,NaN,NaN,NaN,NaN,NaN,NaN,NaN,NaN,NaN,NaN,0,NaN,NaN,negative_rate;
6,2,30,5,6,0.75,1.25,4.6530261337798,38.4900483584671,7,2.125,1.81313078699616,-0.140212233938914,2.2567805070936,14.8726544312577,177.262896739266,1,6.99304902334943,0,0,1,0,0,0,0,NaN,NaN,NaN,NaN,NaN,NaN,NaN,NaN,3.81324198718586,NaN,6.61277309425785,0.367491572959282,6,NaN,NaN,NaN,NaN,NaN,NaN,NaN,NaN,NaN,NaN,0,NaN,NaN,negative_rate;modulation_envelope;
6,2,31,6,1,1,0.1,0.372242090702384,0.138564174090482,7,1.01,1.01180458604677,-0.0182433498012425,2.01001926613177,14.5956559907176,153.829133407135,0,-31.3584351610272,0,1,1,0,0,0,0,NaN,NaN,NaN,NaN,NaN,NaN,NaN,NaN,3.81324198718586,NaN,3.84775731710861,0.990211511506922,6,NaN,NaN,NaN,NaN,NaN,NaN,NaN,NaN,NaN,NaN,0,NaN,NaN,negative_rate;
6,2,32,6,2,1,0.25,0.930605226755959,0.866026088065511,7,1.0625,1.05861689812479,-0.0456083745031065,1.97551429878277,14.5682631396119,153.829133407135,0,-30.6309732470522,0,1,1,0,0,0,0,NaN,NaN,NaN,NaN,NaN,NaN,NaN,NaN,3.81324198718586,NaN,4.02233797663234,0.944597215496436,6,NaN,NaN,NaN,NaN,NaN,NaN,NaN,NaN,NaN,NaN,0,NaN,NaN,negative_rate;
6,2,33,6,3,1,0.5,1.86121045351192,3.46410435226204,7,1.25,1.21425190627577,-0.10480868288627,1.99895327503892,14.6364614757831,154.757914319413,0,-28.0328949828557,0,1,1,0,0,0,0,NaN,NaN,NaN,NaN,NaN,NaN,NaN,NaN,3.81324198718586,NaN,4.56069639950751,0.827600983919669,6,NaN,NaN,NaN,NaN,NaN,NaN,NaN,NaN,NaN,NaN,0,NaN,NaN,negative_rate;
6,2,34,6,4,1,0.75,2.79181568026788,7.7942347925896,7,1.5625,1.46690502445293,-0.16600549151993,2.02484733110171,14.7354026303149,166.684829784202,0,-23.7027645425281,0,1,1,0,0,0,0,NaN,NaN,NaN,NaN,NaN,NaN,NaN,NaN,3.81324198718586,NaN,5.21490580889493,0.702997206889605,6,NaN,NaN,NaN,NaN,NaN,NaN,NaN,NaN,NaN,NaN,0,NaN,NaN,negative_rate;
6,2,35,6,5,1,1,3.72242090702384,13.8564174090482,7,2,1.81657625265627,-0.22720230015359,2.13695624668052,14.8581978949775,181.89801421829,0,-17.6405819260695,0,1,1,0,0,0,0,NaN,NaN,NaN,NaN,NaN,NaN,NaN,NaN,3.81324198718586,NaN,5.79025826434707,0.589785156913931,6,NaN,NaN,NaN,NaN,NaN,NaN,NaN,NaN,NaN,NaN,0,NaN,NaN,negative_rate;
6,2,36,6,6,1,1.25,4.6530261337798,21.6506522016378,7,2.5625,2.26326559088579,-0.28839910878725,2.29941131308191,15.0042616132401,199.611500170613,0,-9.84634713347995,0,0,1,0,0,0,0,NaN,NaN,NaN,NaN,NaN,NaN,NaN,NaN,3.81324198718586,NaN,6.20969094490484,0.492993821853786,6,NaN,NaN,NaN,NaN,NaN,NaN,NaN,NaN,NaN,NaN,0,NaN,NaN,negative_rate;modulation_envelope;
6,3,1,1,1,0.1,0.1,0.372242090702384,13.8564174090482,7,0.02,0.0179230583729146,0.470473222987946,1.44434125739044,14.229146185668,153.829133407135,0,-17.6405819260695,1,0,1,0,0,0,0,NaN,NaN,NaN,NaN,NaN,NaN,NaN,NaN,3.81324198718586,NaN,5.79025826434707,0.589785156913931,6,NaN,NaN,NaN,NaN,NaN,NaN,NaN,NaN,NaN,NaN,0,NaN,NaN,modulation_envelope;
6,3,2,1,2,0.1,0.25,0.930605226755959,86.602608806551,7,0.0724999999999999,0.0590787707353242,0.460621496067433,1.48490233801641,14.2859101588775,153.829133407135,1,55.1056094714333,1,0,1,0,0,0,0,NaN,NaN,NaN,NaN,NaN,NaN,NaN,NaN,3.81324198718586,NaN,6.89044654590359,0.215267737350355,6,NaN,NaN,NaN,NaN,NaN,NaN,NaN,NaN,NaN,NaN,0,NaN,NaN,modulation_envelope;
6,3,3,1,3,0.1,0.5,1.86121045351192,346.410435226204,7,0.26,0.205727957480774,0.424277163197981,1.56201521105048,14.4012008508847,153.829133407135,1,314.913435891086,1,0,1,0,0,0,0,NaN,NaN,NaN,NaN,NaN,NaN,NaN,NaN,3.81324198718586,NaN,6.99135690080917,0.0671712564949841,6,NaN,NaN,NaN,NaN,NaN,NaN,NaN,NaN,NaN,NaN,0,NaN,NaN,modulation_envelope;
6,3,4,1,4,0.1,0.75,2.79181568026788,779.423479258959,7,0.572499999999999,0.449947560236348,0.387932830328529,1.64676364035478,14.5418017274627,155.021872166526,1,747.926479923842,1,1,1,1,1,1,1,1.0144411448583e-14,1.64676364036019,14.5423275719303,143.799922101638,144.982521258953,10.0667102103669,155.021872166526,153.829133407135,3.81324198718586,6.99821560475845,6.99821560475845,0.0313313080218564,6,7,7,1,1,6.92290443188298,0.0313313080218564,0.590265257785427,0.000688409132758896,0.00161258326159275,0.527000088419044,0,-284.379110841591,0.943124177904853,certified_feasible
6,3,5,1,5,0.1,1,3.72242090702384,1385.64174090482,7,1.01,0.791737579002048,0.32898236670995,1.79098467745822,14.7069868996837,173.299259392605,1,1354.1447415697,1,1,1,1,1,1,1,7.78931104017553e-15,1.79098467745822,14.7070871453685,161.184673560026,162.10791621201,11.2235103775296,173.299259392605,153.829133407135,3.81324198718586,6.9994265778895,6.9994265778895,0.0179365760209103,6,7,7,1,1,12.2882844487486,0.0179365760209103,0.590265257785427,0.000688409132758896,0.00161258326159275,0.54039482041999,0,-284.379110841591,0.943124177904853,certified_feasible
6,3,6,1,6,0.1,1.25,4.6530261337798,2165.06522016378,7,1.5725,1.23109801377787,0.19148619504033,1.94370393682384,14.8959385238867,194.237780310296,1,2133.56822082866,1,1,1,1,1,1,1,6.36650401552324e-15,1.94370393682384,14.8959426560295,181.023543614016,181.727720737113,12.5480758608383,194.237780310296,153.829133407135,3.81324198718586,6.99976343157719,6.99976343157719,0.0115747173163136,6,7,7,1,1,19.1866301847187,0.0115747173163137,0.590265257785427,0.000688409132758896,0.00161258326159275,0.546756679124586,0,-284.379110841591,0.943124177904853,certified_feasible
6,3,7,2,1,0.2,0.1,0.372242090702384,3.46410435226204,7,0.05,0.0480404834650192,0.417506777611155,1.47547707550613,14.2500865650101,153.829133407135,0,-28.0328949828557,1,0,1,0,0,0,0,NaN,NaN,NaN,NaN,NaN,NaN,NaN,NaN,3.81324198718586,NaN,4.56069639950751,0.827600983919669,6,NaN,NaN,NaN,NaN,NaN,NaN,NaN,NaN,NaN,NaN,0,NaN,NaN,modulation_envelope;
6,3,8,2,2,0.2,0.25,0.930605226755959,21.6506522016378,7,0.1025,0.0893723334655857,0.408169599506397,1.5160381561321,14.3066059635447,153.829133407135,0,-9.84634713347995,1,0,1,0,0,0,0,NaN,NaN,NaN,NaN,NaN,NaN,NaN,NaN,3.81324198718586,NaN,6.20969094490484,0.492993821853786,6,NaN,NaN,NaN,NaN,NaN,NaN,NaN,NaN,NaN,NaN,0,NaN,NaN,modulation_envelope;
6,3,9,2,3,0.2,0.5,1.86121045351192,86.602608806551,7,0.29,0.236315082941297,0.391578538366956,1.58363995717539,14.4214642019642,153.829133407135,1,55.1056094714333,1,0,1,0,0,0,0,NaN,NaN,NaN,NaN,NaN,NaN,NaN,NaN,3.81324198718586,NaN,6.89044654590359,0.215267737350355,6,NaN,NaN,NaN,NaN,NaN,NaN,NaN,NaN,NaN,NaN,0,NaN,NaN,modulation_envelope;
6,3,10,2,4,0.2,0.75,2.79181568026788,194.85586981474,7,0.6025,0.480828248427133,0.355234205497504,1.65311727393923,14.5616049910115,153.829133407135,1,163.358870479622,1,1,1,1,1,1,1,9.8688233124592e-15,1.65311727442324,14.5620646117583,133.243552177693,134.271726641924,10.0063007917654,143.558961595793,153.829133407135,3.81324198718586,6.97431013299635,6.97431013299635,0.112094557757657,6,7,7,1,1,6.99658051962175,0.112094557757657,0.590265257785427,0.000688409132758896,0.00161258326159275,0.446236838683243,0,-284.379110841591,0.943124177904853,certified_feasible
6,3,11,2,5,0.2,1,3.72242090702384,346.410435226204,7,1.04,0.822911829923095,0.290171812491508,1.79309311467854,14.726306555049,163.102320346145,1,314.913435891086,1,1,1,1,1,1,1,7.69915256956968e-15,1.79309311467854,14.7264018689198,151.821746957953,152.583940379128,10.5494816683185,163.102320346145,153.829133407135,3.81324198718586,6.99135690080917,6.99135690080917,0.0671712564949841,6,7,7,1,1,12.3619605364874,0.0671712564949843,0.590265257785427,0.000688409132758896,0.00161258326159275,0.491160139945916,0,-284.379110841591,0.943124177904853,certified_feasible
6,3,12,2,6,0.2,1.25,4.6530261337798,541.266305040944,7,1.6025,1.26256582742918,0.152675640821889,1.94581237404416,14.9147552526223,185.17663969293,1,509.769305705826,1,1,1,1,1,1,1,6.22102128216129e-15,1.94581237404416,14.9147601427587,172.721696551153,173.267896927121,11.9460986919003,185.17663969293,153.829133407135,3.81324198718586,6.99635707195802,6.99635707195802,0.044342271356912,6,7,7,1,1,19.2603062724574,0.044342271356912,0.590265257785427,0.000688409132758896,0.00161258326159275,0.513989125083988,0,-284.379110841591,0.943124177904853,certified_feasible
6,3,13,3,1,0.35,0.1,0.372242090702384,1.13113611502434,7,0.1325,0.130716621103176,0.338057109545969,1.56043331164497,14.2937894667659,153.829133407135,0,-30.3658632200934,1,0,1,0,0,0,0,NaN,NaN,NaN,NaN,NaN,NaN,NaN,NaN,3.81324198718586,NaN,4.08324253619447,0.929900738990715,6,NaN,NaN,NaN,NaN,NaN,NaN,NaN,NaN,NaN,NaN,0,NaN,NaN,modulation_envelope;
6,3,14,3,2,0.35,0.25,0.930605226755959,7.06960071890213,7,0.185,0.172312677560978,0.328719931441211,1.59512413038926,14.3498952328314,153.829133407135,0,-24.4273986162156,1,0,1,0,0,0,0,NaN,NaN,NaN,NaN,NaN,NaN,NaN,NaN,3.81324198718586,NaN,5.12286232820074,0.720322083052015,6,NaN,NaN,NaN,NaN,NaN,NaN,NaN,NaN,NaN,NaN,0,NaN,NaN,modulation_envelope;
6,3,15,3,3,0.35,0.5,1.86121045351192,28.2784028756085,7,0.3725,0.319695771132081,0.31315796793328,1.65294216162973,14.464010394916,153.829133407135,0,-3.21859645950919,1,1,1,1,1,1,0,1.24184992450356e-14,1.65294216162973,14.4645826156917,101.107933818376,102.182242988573,10.0063007917654,110.622388693273,153.829133407135,3.81324198718586,6.41977780175272,6.41977780175272,0.43405205976372,6,7,7,1,1,3.36677546314224,0.434052059763719,0.590265257785427,0.000688409132758896,0.00161258326159275,0.124279336677181,0,-284.379110841591,0.943124177904853,outside_sufficient_bound;
6,3,16,3,4,0.35,0.75,2.79181568026788,63.6264064701192,7,0.684999999999999,0.56464928071331,0.272515856989663,1.71076019287021,14.6033473857384,153.829133407135,1,32.1294071350015,1,1,1,1,1,1,1,9.31575518259971e-15,1.71076019287021,14.6036013628376,118.417675467298,119.155805557326,10.0063007917654,127.378114527668,153.829133407135,3.81324198718586,6.81778298507581,6.81778298507582,0.268006252686264,6,7,7,1,1,7.19918976090339,0.268006252686264,0.590265257785427,0.000688409132758896,0.00161258326159275,0.290325143754636,0,-284.379110841591,0.943124177904853,certified_feasible
6,3,17,3,5,0.35,1,3.72242090702384,113.113611502434,7,1.1225,0.907173206304664,0.229064206323976,1.79625577050903,14.7671922749784,153.829133407135,1,81.6166121673163,1,1,1,1,1,1,1,7.33486658334075e-15,1.79625577050902,14.7672479510371,138.959060168252,139.434372274427,10.0063007917654,149.019743645576,153.829133407135,3.81324198718586,6.93101557118663,6.93101557118663,0.175578472973817,6,7,7,1,1,12.564569777769,0.175578472973817,0.590265257785427,0.000688409132758896,0.00161258326159275,0.382752923467083,0,-284.379110841591,0.943124177904853,certified_feasible
6,3,18,3,6,0.35,1.25,4.6530261337798,176.740017972553,7,1.685,1.34726754790614,0.0944598094942271,1.94897502987465,14.9547395549748,172.868196813634,1,145.243018637435,1,1,1,1,1,1,1,6.12109458599166e-15,1.94897502987464,14.9547423598317,161.50367766809,161.779866803073,11.1251060630982,172.868196813634,153.829133407135,3.81324198718586,6.96921699067685,6.96921699067685,0.121846633767873,6,7,7,1,1,19.4629155137391,0.121846633767873,0.590265257785427,0.000688409132758896,0.00161258326159275,0.436484762673027,0,-284.379110841591,0.943124177904853,certified_feasible
6,3,19,4,1,0.5,0.1,0.372242090702384,0.554256696361927,7,0.26,0.258392758741333,0.258607441480783,1.65501617251371,14.3521200209304,153.829133407135,0,-30.9427426387558,1,1,1,1,1,0,0,1.44237378028492e-14,1.65501617251371,14.3521584022452,80.4995492172889,67.1033979982478,10.0063007917654,76.8306849865936,153.829133407135,3.81324198718586,3.94886934175826,3.94886934175826,0.963091148378285,6,6,6,0.971392175582476,0.966997971027106,0.254911479254457,0.966907354471029,0.54450455420854,0.000768310383616139,0.00108773888425884,-0.454336661607016,0,-284.379110841591,0.943124177904853,finite_geometry;outside_sufficient_bound;
6,3,20,4,2,0.5,0.25,0.930605226755959,3.46410435226204,7,0.3125,0.30025302165637,0.249270263376024,1.689706991258,14.4077581099685,153.829133407135,0,-28.0328949828557,1,1,1,1,1,0,0,1.32586885542595e-14,1.689706991258,14.4078702010345,84.3456429964285,71.7330488024036,10.0063007917654,80.9207089034017,153.829133407135,3.81324198718586,4.5606963995075,4.56069639950751,0.827600983919669,6,7,7,1,1,1.38045025737537,0.827600983919669,0.590265257785427,0.000688409132758896,0.00161258326159275,-0.269269587478769,0,-284.379110841591,0.943124177904853,finite_geometry;outside_sufficient_bound;
6,3,21,4,3,0.5,0.5,1.86121045351192,13.8564174090482,7,0.5,0.448076459322866,0.227055382746348,1.74752502249847,14.5210208058856,153.829133407135,0,-17.6405819260695,1,1,1,1,1,0,0,1.08471271687355e-14,1.74752502249847,14.5211762714607,96.7492909834736,86.0607833798266,10.0063007917654,93.8779018306707,153.829133407135,3.81324198718586,5.79025826434707,5.79025826434707,0.589785156913931,6,7,7,1,1,3.67989883603205,0.589785156913931,0.590265257785427,0.000688409132758896,0.00161258326159275,-0.0314537604730311,0,-284.379110841591,0.943124177904853,finite_geometry;outside_sufficient_bound;
6,3,22,4,4,0.5,0.75,2.79181568026788,31.1769391703584,7,0.812499999999999,0.693470312999487,0.183603732080661,1.80534305373895,14.659421932255,153.829133407135,0,-0.320060164759326,1,1,1,1,1,1,0,8.66730455502964e-15,1.80534305373895,14.659502800511,114.427296030437,105.613585959001,10.0063007917654,112.876448855258,153.829133407135,3.81324198718586,6.48676511217972,6.48676511217972,0.412710525526569,6,7,7,1,1,7.51231313379319,0.412710525526569,0.590265257785427,0.000688409132758896,0.00161258326159275,0.145620870914332,0,-284.379110841591,0.943124177904853,outside_sufficient_bound;
6,3,23,4,5,0.5,1,3.72242090702384,55.4256696361927,7,1.25,1.03643458268623,0.140152081414975,1.86316108497942,14.8222573241766,153.829133407135,1,23.928670301075,1,1,1,1,1,1,1,6.94194486364238e-15,1.86316108497942,14.8222743631703,135.328229891542,128.019309481022,10.0063007917654,136.789258092433,153.829133407135,3.81324198718586,6.77357082326339,6.7735708232634,0.29382740452496,6,7,7,1,1,12.8776931506588,0.29382740452496,0.590265257785427,0.000688409132758896,0.00161258326159275,0.26450399191594,0,-284.379110841591,0.943124177904853,certified_feasible
6,3,24,4,6,0.5,1.25,4.6530261337798,86.602608806551,7,1.8125,1.4769692683831,0.0362439781665655,1.95213768570513,15.0087317130279,162.407940355814,1,55.1056094714333,1,1,1,1,1,1,1,5.79752314947646e-15,1.95213768570512,15.0087322254507,158.17963361959,152.021711010581,10.4316016661734,162.407940355814,158.17963361959,3.81324198718586,6.89044654590359,6.89044654590359,0.215267737350355,6,7,7,1,1,19.7760388866289,0.215267737350355,0.590265257785427,0.000688409132758896,0.00161258326159275,0.343063659090545,0,-284.379110841591,0.943124177904853,certified_feasible
6,3,25,5,1,0.75,0.1,0.372242090702384,0.24633630949419,7,0.572499999999999,0.571186321471594,0.126191328038805,1.81265427396162,14.4813433607277,153.829133407135,0,-31.2506630256235,1,1,1,1,1,0,0,1.03403185410406e-14,1.81265427396161,14.4813434092605,112.027968222895,34.899490742419,10.0063007917654,44.3722411378387,153.829133407135,3.81324198718586,3.87432093103425,3.87432093103425,0.98287448670667,6,6,6,0.971392175582476,0.969396554299688,0.573550828322531,0.984771434344822,0.54450455420854,0.000768310383616139,0.00108773888425884,-0.472200741480808,0,-284.379110841591,0.943124177904853,finite_geometry;outside_sufficient_bound;
6,3,26,5,2,0.75,0.25,0.930605226755959,1.53960193433869,7,0.625,0.613486928482024,0.116854149934047,1.8473450927059,14.5360895075003,153.829133407135,0,-29.957397400779,1,1,1,1,1,0,0,9.98682722415129e-15,1.8473450927059,14.5360898831232,114.783063296701,43.0303916899133,10.0063007917654,51.0389914168062,153.829133407135,3.81324198718586,4.17431030025577,4.17431030025578,0.908825278757343,6,6,6,0.971392175582476,0.959967243738514,0.573550828322543,0.91664952311082,0.54450455420854,0.000768310383616139,0.00108773888425884,-0.404078830246807,0,-284.379110841591,0.943124177904853,finite_geometry;outside_sufficient_bound;
6,3,27,5,3,0.75,0.5,1.86121045351192,6.15840773735474,7,0.812499999999999,0.762044272974173,0.078868507898012,1.90516312394638,14.6477027649615,153.829133407135,0,-25.338591597763,1,1,1,1,1,0,0,8.74091072243851e-15,1.90516312394637,14.6477045308592,124.121644279509,64.0096547405112,10.0063007917654,69.675469952455,153.829133407135,3.81324198718586,4.9980486691313,4.99804866913129,0.743765835413636,6,7,7,1,1,4.44735808331097,0.743765835413636,0.590265257785427,0.000688409132758896,0.00161258326159275,-0.185434438972736,0,-284.379110841591,0.943124177904853,finite_geometry;outside_sufficient_bound;
6,3,28,5,4,0.75,0.75,2.79181568026788,13.8564174090482,7,1.125,1.00817203347645,0.0354168572323251,1.96298115518685,14.7842669437675,153.829133407135,0,-17.6405819260695,1,1,1,1,1,0,0,7.50452845596001e-15,1.96298115518685,14.7842682238948,138.290117127842,88.4861579498175,10.0063007917654,94.5201123962409,153.829133407135,3.81324198718586,5.79025826434707,5.79025826434707,0.589785156913931,6,7,7,1,1,8.27977238107213,0.589785156913931,0.590265257785427,0.000688409132758896,0.00161258326159275,-0.0314537604730305,0,-284.379110841591,0.943124177904853,finite_geometry;outside_sufficient_bound;
6,3,29,5,5,0.75,1,3.72242090702384,24.633630949419,7,1.5625,1.35187020998885,-0.00803479343336166,2.02079918642733,14.9450980756837,155.985883315661,0,-6.86336838569874,0,1,1,0,0,0,0,NaN,NaN,NaN,NaN,NaN,NaN,NaN,NaN,3.81324198718586,NaN,6.31593499562163,0.464466425527289,6,NaN,NaN,NaN,NaN,NaN,NaN,NaN,NaN,NaN,NaN,0,NaN,NaN,negative_rate;
6,3,30,5,6,0.75,1.25,4.6530261337798,38.4900483584671,7,2.125,1.79313880251137,-0.0607824073795372,2.0786172176678,15.1294222815132,176.180385501058,1,6.99304902334943,0,0,1,0,0,0,0,NaN,NaN,NaN,NaN,NaN,NaN,NaN,NaN,3.81324198718586,NaN,6.61277309425785,0.367491572959282,6,NaN,NaN,NaN,NaN,NaN,NaN,NaN,NaN,NaN,NaN,0,NaN,NaN,negative_rate;modulation_envelope;
6,3,31,6,1,1,0.1,0.372242090702384,0.138564174090482,7,1.01,1.00897988420186,-0.00622478540317184,2.03235661235809,14.6496279696109,153.829133407135,0,-31.3584351610272,0,1,1,0,0,0,0,NaN,NaN,NaN,NaN,NaN,NaN,NaN,NaN,3.81324198718586,NaN,3.84775731710861,0.990211511506922,6,NaN,NaN,NaN,NaN,NaN,NaN,NaN,NaN,NaN,NaN,0,NaN,NaN,negative_rate;
6,3,32,6,2,1,0.25,0.930605226755959,0.866026088065511,7,1.0625,1.05172083530768,-0.0258667162846374,2.03135766434858,14.7033547282712,153.829133407135,0,-30.6309732470522,0,1,1,0,0,0,0,NaN,NaN,NaN,NaN,NaN,NaN,NaN,NaN,3.81324198718586,NaN,4.02233797663234,0.944597215496436,6,NaN,NaN,NaN,NaN,NaN,NaN,NaN,NaN,NaN,NaN,0,NaN,NaN,negative_rate;
6,3,33,6,3,1,0.5,1.86121045351192,3.46410435226204,7,1.25,1.20101208662548,-0.0693183669503242,2.06280122539428,14.8130579225552,153.829133407135,0,-28.0328949828557,0,1,1,0,0,0,0,NaN,NaN,NaN,NaN,NaN,NaN,NaN,NaN,3.81324198718586,NaN,4.56069639950751,0.827600983919669,6,NaN,NaN,NaN,NaN,NaN,NaN,NaN,NaN,NaN,NaN,0,NaN,NaN,negative_rate;
6,3,34,6,4,1,0.75,2.79181568026788,7.7942347925896,7,1.5625,1.44787375395341,-0.112770017616011,2.12061925663475,14.9474674919161,165.456944019067,0,-23.7027645425281,0,1,1,0,0,0,0,NaN,NaN,NaN,NaN,NaN,NaN,NaN,NaN,3.81324198718586,NaN,5.21490580889493,0.702997206889605,6,NaN,NaN,NaN,NaN,NaN,NaN,NaN,NaN,NaN,NaN,0,NaN,NaN,negative_rate;
6,3,35,6,5,1,1,3.72242090702384,13.8564174090482,7,2,1.79230583729146,-0.156221668281698,2.17843728787523,15.1059239532085,180.517966300564,0,-17.6405819260695,0,1,1,0,0,0,0,NaN,NaN,NaN,NaN,NaN,NaN,NaN,NaN,3.81324198718586,NaN,5.79025826434707,0.589785156913931,6,NaN,NaN,NaN,NaN,NaN,NaN,NaN,NaN,NaN,NaN,0,NaN,NaN,negative_rate;
6,3,36,6,6,1,1.25,4.6530261337798,21.6506522016378,7,2.5625,2.23430833663964,-0.199673318947385,2.2362553191157,15.2876795882063,198.213317023697,0,-9.84634713347995,0,0,1,0,0,0,0,NaN,NaN,NaN,NaN,NaN,NaN,NaN,NaN,3.81324198718586,NaN,6.20969094490484,0.492993821853786,6,NaN,NaN,NaN,NaN,NaN,NaN,NaN,NaN,NaN,NaN,0,NaN,NaN,negative_rate;modulation_envelope;
7,1,1,1,1,0.1,0.1,0.354900522852731,12.5954381121142,7,0.02,0.0179321395270126,0.629034506837967,1.44173313969575,14.2780524491032,149.722004827908,0,-21.2755691159033,1,0,1,0,0,0,0,NaN,NaN,NaN,NaN,NaN,NaN,NaN,NaN,3.43103117576405,NaN,5.55533183058176,0.605487869234774,5,NaN,NaN,NaN,NaN,NaN,NaN,NaN,NaN,NaN,NaN,0,NaN,NaN,modulation_envelope;
7,1,2,1,2,0.1,0.25,0.887251307131826,78.7214882007134,7,0.0725,0.0587752569353353,0.604603070063646,1.46920026865588,14.3261573647,149.722004827908,1,44.8504809726959,1,0,1,0,0,0,0,NaN,NaN,NaN,NaN,NaN,NaN,NaN,NaN,3.43103117576405,NaN,6.86415944725464,0.230494635117839,5,NaN,NaN,NaN,NaN,NaN,NaN,NaN,NaN,NaN,NaN,0,NaN,NaN,modulation_envelope;
7,1,3,1,3,0.1,0.5,1.77450261426365,314.885952802854,7,0.26,0.204033540930017,0.561264015988238,1.56035091780871,14.4359467893943,149.722004827908,1,281.014945574836,1,0,1,0,0,0,0,NaN,NaN,NaN,NaN,NaN,NaN,NaN,NaN,3.43103117576405,NaN,6.98924521650512,0.0737112922031179,5,NaN,NaN,NaN,NaN,NaN,NaN,NaN,NaN,NaN,NaN,0,NaN,NaN,modulation_envelope;
7,1,4,1,4,0.1,0.75,2.66175392139548,708.493393806421,7,0.5725,0.445774851984045,0.491402788789625,1.65930460911834,14.57137322694,160.533787189887,1,674.622386578404,1,1,1,1,1,1,1,1.02788150648561e-14,1.65930460911834,14.5713732492121,148.791127718339,150.166498099635,10.398838704561,160.533787189887,149.722004827908,3.43103117576405,6.99777910852276,6.99777910852276,0.0346116082667146,5,7,7,1,1,6.28548166969014,0.0346116082667149,0.579206562625205,0.000727828287699411,0.00270615813053321,0.512661093013963,0,-284.71064681924,0.943058366691745,certified_feasible
7,1,5,1,5,0.1,1,3.54900522852731,1259.54381121142,7,1.01,0.783999190097419,0.39693557037058,1.76687944764384,14.7317296634112,175.994916192779,1,1225.6728039834,1,1,1,1,1,1,1,7.99099167754398e-15,1.76687944764384,14.7317296647934,163.472804231065,164.633108909035,11.394847559983,175.994916192779,149.722004827908,3.43103117576405,6.99928627797426,6.99928627797427,0.0198652741537925,5,7,7,1,1,11.1625945593665,0.0198652741537926,0.579206562625205,0.000727828287699411,0.00270615813053321,0.527407427126885,0,-284.71064681924,0.943058366691745,certified_feasible
7,1,6,1,6,0.1,1.25,4.43625653565913,1968.03720501784,7,1.5725,1.21870655527014,0.302468351951535,1.90516412695206,14.9162120921286,194.167003893526,1,1934.16619778982,1,1,1,1,1,1,1,6.44856895225872e-15,1.90516412695205,14.9162120922281,180.668392052403,181.635062900202,12.5665634230954,194.167003893526,149.722004827908,3.43103117576405,6.99970554661387,6.99970554661386,0.0128351000706309,5,7,7,1,1,17.4331682746647,0.012835100070631,0.579206562625205,0.000727828287699411,0.00270615813053321,0.534437601210046,0,-284.71064681924,0.943058366691745,certified_feasible
7,1,7,2,1,0.2,0.1,0.354900522852731,3.14885952802854,7,0.05,0.0481456368892775,0.604033934216739,1.49071206444354,14.2956153559847,149.722004827908,0,-30.722147699989,1,0,1,0,0,0,0,NaN,NaN,NaN,NaN,NaN,NaN,NaN,NaN,3.43103117576405,NaN,4.2023619751825,0.834777901900332,5,NaN,NaN,NaN,NaN,NaN,NaN,NaN,NaN,NaN,NaN,0,NaN,NaN,modulation_envelope;
7,1,8,2,2,0.2,0.25,0.887251307131826,19.6803720501784,7,0.1025,0.0893090003409975,0.576057768595626,1.51296788715566,14.3413652337936,149.722004827908,0,-14.1906351778391,1,0,1,0,0,0,0,NaN,NaN,NaN,NaN,NaN,NaN,NaN,NaN,3.43103117576405,NaN,6.04275077261261,0.510439587604392,5,NaN,NaN,NaN,NaN,NaN,NaN,NaN,NaN,NaN,NaN,0,NaN,NaN,modulation_envelope;
7,1,9,2,3,0.2,0.5,1.77450261426365,78.7214882007134,7,0.29,0.235101027741341,0.529430825893772,1.55874643542254,14.4436336715909,149.722004827908,1,44.8504809726959,1,0,1,0,0,0,0,NaN,NaN,NaN,NaN,NaN,NaN,NaN,NaN,3.43103117576405,NaN,6.86415944725464,0.230494635117839,5,NaN,NaN,NaN,NaN,NaN,NaN,NaN,NaN,NaN,NaN,0,NaN,NaN,modulation_envelope;
7,1,10,2,4,0.2,0.75,2.66175392139548,177.123348451605,7,0.6025,0.477376082201031,0.482803883191918,1.65503501663282,14.5789296984497,149.722004827908,1,143.252341223588,1,1,1,1,1,1,1,9.96111373254091e-15,1.65503501663282,14.5789296990032,136.758766833044,137.997043190564,9.71926022343887,147.522698272548,149.722004827908,3.43103117576405,6.96805260943164,6.96805260943164,0.122033575827475,5,7,7,1,1,6.33020553286609,0.122033575827475,0.579206562625205,0.000727828287699411,0.00270615813053321,0.425239125453202,0,-284.71064681924,0.943058366691745,certified_feasible
7,1,11,2,5,0.2,1,3.54900522852731,314.885952802854,7,1.04,0.816134163720068,0.401546067206848,1.77922513620253,14.7391455590224,164.257143340964,1,281.014945574836,1,1,1,1,1,1,1,7.90819373560719e-15,1.77922513620252,14.7391455591204,152.643234781676,153.654502408262,10.6327005867147,164.257143340964,149.722004827908,3.43103117576405,6.98924521650512,6.98924521650512,0.0737112922031179,5,7,7,1,1,11.2073184225425,0.0737112922031183,0.579206562625205,0.000727828287699411,0.00270615813053321,0.473561409077559,0,-284.71064681924,0.943058366691745,certified_feasible
7,1,12,2,6,0.2,1.25,4.43625653565913,492.009301254459,7,1.6025,1.25137527229845,0.307078848787803,1.91750981551074,14.923478669943,183.633801220159,1,458.138294026441,1,1,1,1,1,1,1,6.37496306238617e-15,1.91750981551074,14.9234786699567,170.968143441088,171.782945659582,11.8825656249929,183.633801220159,149.722004827908,3.43103117576405,6.99546623859302,6.99546623859302,0.0488649219161816,5,7,7,1,1,17.4778921378407,0.0488649219161818,0.579206562625205,0.000727828287699411,0.00270615813053321,0.498407779364496,0,-284.71064681924,0.943058366691745,certified_feasible
7,1,13,3,1,0.35,0.1,0.354900522852731,1.02819902956034,7,0.1325,0.130965882932675,0.544027612746385,1.57041138662431,14.3294206918582,149.722004827908,0,-32.8428081984572,1,0,1,0,0,0,0,NaN,NaN,NaN,NaN,NaN,NaN,NaN,NaN,3.43103117576405,NaN,3.70543648614876,0.931893517792513,5,NaN,NaN,NaN,NaN,NaN,NaN,NaN,NaN,NaN,NaN,0,NaN,NaN,modulation_envelope;
7,1,14,3,2,0.35,0.25,0.887251307131826,6.42624393475212,7,0.185,0.172609615449491,0.516051447125272,1.57861931490533,14.3750862826521,149.722004827908,0,-27.4447632932654,1,0,1,0,0,0,0,NaN,NaN,NaN,NaN,NaN,NaN,NaN,NaN,3.43103117576405,NaN,4.80740811336371,0.732158197325951,5,NaN,NaN,NaN,NaN,NaN,NaN,NaN,NaN,NaN,NaN,0,NaN,NaN,modulation_envelope;
7,1,15,3,3,0.35,0.5,1.77450261426365,25.7049757390085,7,0.3725,0.319202257958328,0.469424504423419,1.62439786317221,14.4710785140772,149.722004827908,0,-8.16603148900902,1,1,1,1,1,1,0,1.21655209152199e-14,1.62439786317221,14.4710785425501,105.111784510849,106.361434478721,9.71926022343887,114.826393505288,149.722004827908,3.43103117576405,6.29215652800982,6.29215652800983,0.452059358411804,5,7,7,1,1,2.9695440925454,0.452059358411805,0.579206562625205,0.000727828287699411,0.00270615813053321,0.0952133428688724,0,-284.71064681924,0.943058366691745,outside_sufficient_bound;
7,1,16,3,4,0.35,0.75,2.66175392139548,57.8361954127691,7,0.685000000000001,0.562277927526511,0.422797561721565,1.6701764114391,14.5981367868297,149.722004827908,1,23.9651881847516,1,1,1,1,1,1,1,9.12551859421138e-15,1.67017641143909,14.5981367868312,119.712113459679,120.684642653374,9.71926022343887,129.013051457565,149.722004827908,3.43103117576405,6.77463070273819,6.77463070273819,0.284793023605491,5,7,7,1,1,6.45319615659996,0.284793023605492,0.579206562625205,0.000727828287699411,0.00270615813053321,0.262479677675186,0,-284.71064681924,0.943058366691745,certified_feasible
7,1,17,3,5,0.35,1,3.54900522852731,102.819902956034,7,1.1225,0.90183662415404,0.376170619019711,1.79774366904055,14.7580566998402,149.722004827908,1,68.9488957280164,1,1,1,1,1,1,1,7.52233284393721e-15,1.79774366904055,14.7580566998416,137.646812905605,138.383392531524,9.71926022343887,147.93023181362,149.722004827908,3.43103117576405,6.9143419035413,6.91434190354131,0.189150799646216,5,7,7,1,1,11.3303090462763,0.189150799646217,0.579206562625205,0.000727828287699411,0.00270615813053321,0.358121901634461,0,-284.71064681924,0.943058366691745,certified_feasible
7,1,18,3,6,0.35,1.25,4.43625653565913,160.656098368803,7,1.685,1.33787834784092,0.308538884809818,1.93602834834876,14.9420701580768,169.250821863826,1,126.785091140785,1,1,1,1,1,1,1,6.24021718785232e-15,1.93602834834876,14.9420701580774,157.974565144932,158.329706034133,10.9603257108795,169.250821863826,149.722004827908,3.43103117576405,6.96172569053308,6.96172569053308,0.132429069314824,5,7,7,1,1,17.6008827615745,0.132429069314825,0.579206562625205,0.000727828287699411,0.00270615813053321,0.414843631965853,0,-284.71064681924,0.943058366691745,certified_feasible
7,1,19,4,1,0.5,0.1,0.354900522852731,0.503817524484566,7,0.26,0.258786128976072,0.481214477739172,1.65011070880507,14.3721218012989,149.722004827908,0,-33.3671897035329,1,1,1,1,1,0,0,1.47080965935171e-14,1.65011070880509,14.3721218088958,72.8005823654938,72.7578205094333,9.71926022343887,82.2326711242946,149.722004827908,3.43103117576405,3.5682860764186,3.56828607641861,0.963757618423114,5,6,6,0.980895518094913,0.976135800365988,0.215327680783298,0.96753603688434,0.529472638096525,0.000812014550577267,0.000825546963063806,-0.469997260132342,0,-284.71064681924,0.943058366691745,finite_geometry;outside_sufficient_bound;
7,1,20,4,2,0.5,0.25,0.887251307131826,3.14885952802854,7,0.3125,0.300910230557984,0.456045125654919,1.65729900827504,14.4176753759907,149.722004827908,0,-30.722147699989,1,1,1,1,1,0,0,1.33577479990569e-14,1.65729900827512,14.4176753889778,77.460874454764,76.264723095101,9.71926022343887,85.3312508735688,149.722004827908,3.43103117576405,4.20236197518249,4.2023619751825,0.834777901900332,5,6,6,0.980895518094913,0.956144985904502,0.2153276807833,0.844248878096712,0.529472638096525,0.000812014550577267,0.000825546963063806,-0.346710101344714,0,-284.71064681924,0.943058366691745,finite_geometry;outside_sufficient_bound;
7,1,21,4,3,0.5,0.5,1.77450261426365,12.5954381121142,7,0.5,0.448303488175314,0.409418182953065,1.69004929092188,14.513424388662,149.722004827908,0,-21.2755691159033,1,1,1,1,1,0,0,1.07391847530063e-14,1.69004929092188,14.5134243999508,91.2362552015702,88.0559041960436,9.71926022343887,95.9859071454157,149.722004827908,3.43103117576405,5.55533183058175,5.55533183058176,0.605487869234774,5,7,7,1,1,3.15962051104318,0.605487869234775,0.579206562625205,0.000727828287699411,0.00270615813053321,-0.0582151679540979,0,-284.71064681924,0.943058366691745,finite_geometry;outside_sufficient_bound;
7,1,22,4,4,0.5,0.75,2.66175392139548,28.3397357522568,7,0.8125,0.692179772851991,0.362791240251211,1.73582783918877,14.6335238688655,149.722004827908,0,-5.53127147576066,1,1,1,1,1,1,0,8.46676588064125e-15,1.73582783918876,14.6335238705672,110.198867936602,104.99775553293,9.71926022343887,112.241543552966,149.722004827908,3.43103117576405,6.37243754164918,6.37243754164919,0.430812806573174,5,7,7,1,1,6.64327257509772,0.430812806573175,0.579206562625205,0.000727828287699411,0.00270615813053321,0.116459894707503,0,-284.71064681924,0.943058366691745,outside_sufficient_bound;
7,1,23,4,5,0.5,1,3.54900522852731,50.3817524484566,7,1.25,1.03253908458801,0.316164297549357,1.84096906632776,14.7862794141912,149.722004827908,1,16.5107452204391,1,1,1,1,1,1,1,6.87027446513477e-15,1.84096906632776,14.7862794141913,132.00537430445,125.013468067577,9.71926022343887,133.636348132945,149.722004827908,3.43103117576405,6.72037772484847,6.72037772484847,0.311140958294668,5,7,7,1,1,11.5203854647741,0.311140958294669,0.579206562625205,0.000727828287699411,0.00270615813053321,0.236131742986008,0,-284.71064681924,0.943058366691745,certified_feasible
7,1,24,4,6,0.5,1.25,4.43625653565913,78.7214882007134,7,1.8125,1.46938142338338,0.252712606279024,1.96109231438093,14.9698597594875,158.15746043465,1,44.8504809726959,1,1,1,1,1,1,1,5.9216162878565e-15,1.96109231438093,14.9698597594875,155.463626985395,147.912637662091,10.2706053069932,158.15746043465,155.463626985395,3.43103117576405,6.86415944725464,6.86415944725464,0.230494635117839,5,7,7,1,1,17.7909591800723,0.23049463511784,0.579206562625205,0.000727828287699411,0.00270615813053321,0.316778066162838,0,-284.71064681924,0.943058366691745,certified_feasible
7,1,25,5,1,0.75,0.1,0.354900522852731,0.223918899770918,7,0.5725,0.571819872381735,0.351122200891411,1.82575941900249,14.4722063799096,149.722004827908,0,-33.6470883282466,1,1,1,1,1,0,0,1.02558452793673e-14,1.82575941900251,14.4722063799096,105.456468698739,37.3790696418113,9.71926022343887,46.6642291094966,149.722004827908,3.43103117576405,3.49269786209354,3.49269786209354,0.983035930624684,5,6,6,0.980895518094913,0.978733899563,0.484487281762421,0.984990870297935,0.529472638096525,0.000812014550577267,0.000825546963063806,-0.487452093545938,0,-284.71064681924,0.943058366691745,finite_geometry;outside_sufficient_bound;
7,1,26,5,2,0.75,0.25,0.887251307131826,1.39949312356824,7,0.625,0.61474458907214,0.332797134471896,1.83164415581444,14.5081444882061,149.722004827908,0,-32.4715141044493,1,1,1,1,1,0,0,9.9340850126969e-15,1.83164415581447,14.508144493372,108.299419057261,44.0279520980218,9.71926022343887,52.1096788414967,149.722004827908,3.43103117576405,3.79905308808847,3.79905308808847,0.911834540389958,5,6,6,0.980895518094913,0.968520251999708,0.484487281762421,0.918955974351158,0.529472638096525,0.000812014550577267,0.000825546963063806,-0.42141719759916,0,-284.71064681924,0.943058366691745,finite_geometry;outside_sufficient_bound;
7,1,27,5,3,0.75,0.5,1.77450261426365,5.59797249427296,7,0.8125,0.763472205203625,0.274049948607539,1.84145205050102,14.603364050122,149.722004827908,0,-28.2730347337445,1,1,1,1,1,0,0,8.74923699517807e-15,1.84145205050115,14.6033640543771,117.507935193991,62.5067340337883,9.71926022343887,68.3987396262463,149.722004827908,3.43103117576405,4.67115464776039,4.67115464776039,0.754703499335679,5,7,7,1,1,3.62549408579261,0.754703499335679,0.579206562625205,0.000727828287699411,0.00270615813053321,-0.207430798055002,0,-284.71064681924,0.943058366691745,finite_geometry;outside_sufficient_bound;
7,1,28,5,4,0.75,0.75,2.66175392139548,12.5954381121142,7,1.125,1.00868284839446,0.215302762743182,1.8512599451876,14.7227930695035,149.722004827908,0,-21.2755691159033,1,1,1,1,1,0,0,7.31304856545672e-15,1.85125994518809,14.7227930708219,132.289318424423,86.5203447014176,9.71926022343887,92.3976229477936,149.722004827908,3.43103117576405,5.55533183058175,5.55533183058176,0.605487869234774,5,7,7,1,1,7.10914614984715,0.605487869234775,0.579206562625205,0.000727828287699411,0.00270615813053321,-0.0582151679540979,0,-284.71064681924,0.943058366691745,finite_geometry;outside_sufficient_bound;
7,1,29,5,5,0.75,1,3.54900522852731,22.3918899770918,7,1.5625,1.35037651864464,0.156555576878824,1.92847903858507,14.8658480771105,150.571824124208,0,-11.4791172509257,1,1,1,1,1,1,0,6.12691582022831e-15,1.92847903858507,14.8658480772443,150.571824124208,112.855947353733,9.71926022343887,120.517443054005,150.571824124208,3.43103117576405,6.16843182382598,6.16843182382598,0.482235967273836,5,7,7,1,1,11.9862590395235,0.482235967273837,0.579206562625205,0.000727828287699411,0.00270615813053321,0.0650367340068408,0,-284.71064681924,0.943058366691745,outside_sufficient_bound;
7,1,30,5,6,0.75,1.25,4.43625653565913,34.987328089206,7,2.125,1.78855321595416,0.0636593765119535,2.04860228663824,15.0364698589786,171.343367086882,1,1.11632086118847,1,0,1,0,0,0,0,NaN,NaN,NaN,NaN,NaN,NaN,NaN,NaN,3.43103117576405,NaN,6.52445714815575,0.385577140962907,5,NaN,NaN,NaN,NaN,NaN,NaN,NaN,NaN,NaN,NaN,0,NaN,NaN,modulation_envelope;
7,1,31,6,1,1,0.1,0.354900522852731,0.125954381121142,7,1.01,1.0098536157874,0.187568120953883,2.01453982883158,14.6466579889841,149.722004827908,0,-33.7450528468964,1,1,1,1,1,0,0,7.91273244485845e-15,2.01453982883159,14.6466579889841,140.571454157364,10.9318819264442,9.71926022343887,14.1014636648726,149.722004827908,3.43103117576405,3.46584948858527,3.46584948858528,0.990266687866948,5,6,6,0.980895518094913,0.979670244224101,0.861310723133198,0.991432183845985,0.529472638096525,0.000812014550577267,0.000825546963063806,-0.493893407093987,0,-284.71064681924,0.943058366691745,finite_geometry;outside_sufficient_bound;
7,1,32,6,2,1,0.25,0.887251307131826,0.787214882007134,7,1.0625,1.0535789475863,0.164981260731213,2.02042456564353,14.6458401407919,149.722004827908,0,-33.0837923460104,1,1,1,1,1,0,0,7.76905278357963e-15,2.02042456564355,14.6458401407919,142.781964115979,27.3297048161105,9.71926022343887,29.1861228622494,149.722004827908,3.43103117576405,3.64312855792694,3.64312855792694,0.945947909478177,5,6,6,0.980895518094913,0.973615949803616,0.861310723133199,0.951098478682066,0.529472638096525,0.000812014550577267,0.000825546963063806,-0.453559701930068,0,-284.71064681924,0.943058366691745,finite_geometry;outside_sufficient_bound;
7,1,33,6,3,1,0.5,1.77450261426365,3.14885952802854,7,1.25,1.20364092223194,0.106234074866855,2.03023246033011,14.7171127897903,149.99045603253,0,-30.722147699989,1,1,1,1,1,0,0,7.11258188742041e-15,2.03023246033017,14.717112791815,149.99045603253,54.659409632221,9.71926022343887,58.3722457244988,149.99045603253,3.43103117576405,4.20236197518249,4.2023619751825,0.834777901900332,5,6,6,0.980895518094913,0.956144985904502,0.861310723133198,0.844248878096711,0.529472638096525,0.000812014550577267,0.000825546963063806,-0.346710101344713,0,-284.71064681924,0.943058366691745,finite_geometry;outside_sufficient_bound;
7,1,34,6,4,1,0.75,2.66175392139548,7.08493393806421,7,1.5625,1.45018592393692,0.0474868890024979,2.04004035501669,14.8356888584995,161.061282290424,0,-26.7860732899533,1,1,1,1,1,0,0,6.35312494433715e-15,2.04004035501685,14.8356888593719,161.061282290424,81.9891144483315,9.71926022343887,87.5583685867482,161.061282290424,3.43103117576405,4.90860480395453,4.90860480395453,0.715454605286864,5,7,7,1,1,7.76136915449638,0.715454605286865,0.579206562625205,0.000727828287699411,0.00270615813053321,-0.168181904006188,0,-284.71064681924,0.943058366691745,finite_geometry;outside_sufficient_bound;
7,1,35,6,5,1,1,3.54900522852731,12.5954381121142,7,2,1.79321395270126,-0.0112786580472866,2.04984824970328,14.9777277329471,175.264053740021,0,-21.2755691159033,0,0,1,0,0,0,0,NaN,NaN,NaN,NaN,NaN,NaN,NaN,NaN,3.43103117576405,NaN,5.55533183058176,0.605487869234774,5,NaN,NaN,NaN,NaN,NaN,NaN,NaN,NaN,NaN,NaN,0,NaN,NaN,negative_rate;modulation_envelope;
7,1,36,6,6,1,1.25,4.43625653565913,19.6803720501784,7,2.5625,2.23272500852494,-0.125393853255117,2.13611225889555,15.1425691768493,192.244761994661,0,-14.1906351778391,0,0,1,0,0,0,0,NaN,NaN,NaN,NaN,NaN,NaN,NaN,NaN,3.43103117576405,NaN,6.04275077261261,0.510439587604392,5,NaN,NaN,NaN,NaN,NaN,NaN,NaN,NaN,NaN,NaN,0,NaN,NaN,negative_rate;modulation_envelope;
7,2,1,1,1,0.1,0.1,0.354900522852731,12.5954381121142,7,0.02,0.0174847007872656,0.623225123345614,1.45536731035229,14.2734480412782,149.722004827908,0,-21.2755691159033,1,0,1,0,0,0,0,NaN,NaN,NaN,NaN,NaN,NaN,NaN,NaN,3.43103117576405,NaN,5.55533183058176,0.605487869234774,5,NaN,NaN,NaN,NaN,NaN,NaN,NaN,NaN,NaN,NaN,0,NaN,NaN,modulation_envelope;
7,2,2,1,2,0.1,0.25,0.887251307131826,78.7214882007134,7,0.0725,0.0578260653030918,0.589732336655197,1.48923780086614,14.3122639908142,149.722004827908,1,44.8504809726959,1,0,1,0,0,0,0,NaN,NaN,NaN,NaN,NaN,NaN,NaN,NaN,3.43103117576405,NaN,6.86415944725464,0.230494635117839,5,NaN,NaN,NaN,NaN,NaN,NaN,NaN,NaN,NaN,NaN,0,NaN,NaN,modulation_envelope;
7,2,3,1,3,0.1,0.5,1.77450261426365,314.885952802854,7,0.26,0.202699841722609,0.528979484741625,1.5496288077612,14.396761935079,150.455236399223,1,281.014945574836,1,0,1,0,0,0,0,NaN,NaN,NaN,NaN,NaN,NaN,NaN,NaN,3.43103117576405,NaN,6.98924521650512,0.0737112922031179,5,NaN,NaN,NaN,NaN,NaN,NaN,NaN,NaN,NaN,NaN,0,NaN,NaN,modulation_envelope;
7,2,4,1,4,0.1,0.75,2.66175392139548,708.493393806421,7,0.5725,0.444621329258553,0.468226632828054,1.69621099994365,14.5056298290573,163.304416204051,1,674.622386578404,1,1,1,1,1,1,1,1.03110814397765e-14,1.69621099994365,14.5056298300551,150.662699507493,152.86027243989,10.49072619615,163.304416204051,149.722004827908,3.43103117576405,6.99777910852276,6.99777910852276,0.0346116082667146,5,7,7,1,1,6.28548166969015,0.0346116082667148,0.579206562625205,0.000727828287699411,0.00270615813053321,0.512661093013963,0,-284.71064681924,0.943058366691745,certified_feasible
7,2,5,1,5,0.1,1,3.54900522852731,1259.54381121142,7,1.01,0.783590527910922,0.378223891649441,1.84279319212609,14.6383239515202,179.655923615071,1,1225.6728039834,1,1,1,1,1,1,1,7.89802899070168e-15,1.84279319212609,14.638323951591,166.034066986733,168.193725896581,11.516698130285,179.655923615071,149.722004827908,3.43103117576405,6.99928627797427,6.99928627797427,0.0198652741537925,5,7,7,1,1,11.1625945593665,0.0198652741537925,0.579206562625205,0.000727828287699411,0.00270615813053321,0.527407427126885,0,-284.71064681924,0.943058366691745,certified_feasible
7,2,6,1,6,0.1,1.25,4.43625653565913,1968.03720501784,7,1.5725,1.21960743767972,0.255837197114214,1.98937538430854,14.7942032002867,198.646756265137,1,1934.16619778982,1,1,1,1,1,1,1,6.3758768861318e-15,1.98937538430854,14.7942032002901,183.893637339499,185.993258071569,12.7160854435228,198.646756265137,149.722004827908,3.43103117576405,6.99970554661386,6.99970554661386,0.0128351000706309,5,7,7,1,1,17.4331682746647,0.012835100070631,0.579206562625205,0.000727828287699411,0.00270615813053321,0.534437601210047,0,-284.71064681924,0.943058366691745,certified_feasible
7,2,7,2,1,0.2,0.1,0.354900522852731,3.14885952802854,7,0.05,0.0472055846852172,0.581830473521341,1.50850019180613,14.2910221672421,149.722004827908,0,-30.722147699989,1,0,1,0,0,0,0,NaN,NaN,NaN,NaN,NaN,NaN,NaN,NaN,3.43103117576405,NaN,4.2023619751825,0.834777901900332,5,NaN,NaN,NaN,NaN,NaN,NaN,NaN,NaN,NaN,NaN,0,NaN,NaN,modulation_envelope;
7,2,8,2,2,0.2,0.25,0.887251307131826,19.6803720501784,7,0.1025,0.0871282750479707,0.545378762373198,1.54237068231998,14.3298144140335,149.722004827908,0,-14.1906351778391,1,0,1,0,0,0,0,NaN,NaN,NaN,NaN,NaN,NaN,NaN,NaN,3.43103117576405,NaN,6.04275077261261,0.510439587604392,5,NaN,NaN,NaN,NaN,NaN,NaN,NaN,NaN,NaN,NaN,0,NaN,NaN,modulation_envelope;
7,2,9,2,3,0.2,0.5,1.77450261426365,78.7214882007134,7,0.29,0.231304261212367,0.484625910459626,1.59882149984306,14.4142490779254,149.722004827908,1,44.8504809726959,1,0,1,0,0,0,0,NaN,NaN,NaN,NaN,NaN,NaN,NaN,NaN,3.43103117576405,NaN,6.86415944725464,0.230494635117839,5,NaN,NaN,NaN,NaN,NaN,NaN,NaN,NaN,NaN,NaN,0,NaN,NaN,modulation_envelope;
7,2,10,2,4,0.2,0.75,2.66175392139548,177.123348451605,7,0.6025,0.472527958493189,0.423873058546055,1.67180513073479,14.5230251900222,150.289456635166,1,143.252341223588,1,1,1,1,1,1,1,1.00084269067681e-14,1.67180513073479,14.5230251918485,138.552817364484,140.687395409039,9.71926022343887,150.289456635166,149.722004827908,3.43103117576405,6.96805260943164,6.96805260943164,0.122033575827475,5,7,7,1,1,6.3302055328661,0.122033575827475,0.579206562625205,0.000727828287699411,0.00270615813053321,0.425239125453202,0,-284.71064681924,0.943058366691745,certified_feasible
7,2,11,2,5,0.2,1,3.54900522852731,314.885952802854,7,1.04,0.810799366890437,0.363120206632484,1.81838732291724,14.6556007624826,167.883196995107,1,281.014945574836,1,1,1,1,1,1,1,7.80356859849166e-15,1.81838732291724,14.6556007626679,155.097417386414,157.181656278923,10.7535680709287,167.883196995107,149.722004827908,3.43103117576405,6.98924521650512,6.98924521650512,0.0737112922031179,5,7,7,1,1,11.2073184225425,0.0737112922031181,0.579206562625205,0.000727828287699411,0.00270615813053321,0.473561409077559,0,-284.71064681924,0.943058366691745,certified_feasible
7,2,12,2,6,0.2,1.25,4.43625653565913,492.009301254459,7,1.6025,1.24611848640411,0.26560503571476,1.96496951509968,14.8113367255711,188.35850644787,1,458.138294026441,1,1,1,1,1,1,1,6.34061776044897e-15,1.96496951509968,14.8113367255839,174.400427515704,176.373012492741,12.0844659316072,188.35850644787,149.722004827908,3.43103117576405,6.99546623859302,6.99546623859302,0.0488649219161816,5,7,7,1,1,17.4778921378407,0.0488649219161817,0.579206562625205,0.000727828287699411,0.00270615813053321,0.498407779364496,0,-284.71064681924,0.943058366691745,certified_feasible
7,2,13,3,1,0.35,0.1,0.354900522852731,1.02819902956034,7,0.1325,0.129286910532145,0.515300112098342,1.5881995139869,14.3248466637,149.722004827908,0,-32.8428081984572,1,0,1,0,0,0,0,NaN,NaN,NaN,NaN,NaN,NaN,NaN,NaN,3.43103117576405,NaN,3.70543648614876,0.931893517792513,5,NaN,NaN,NaN,NaN,NaN,NaN,NaN,NaN,NaN,NaN,0,NaN,NaN,modulation_envelope;
7,2,14,3,2,0.35,0.25,0.887251307131826,6.42624393475212,7,0.185,0.168581589665289,0.4788484009502,1.62207000450075,14.3635833271185,149.722004827908,0,-27.4447632932654,1,0,1,0,0,0,0,NaN,NaN,NaN,NaN,NaN,NaN,NaN,NaN,3.43103117576405,NaN,4.80740811336371,0.732158197325951,5,NaN,NaN,NaN,NaN,NaN,NaN,NaN,NaN,NaN,NaN,0,NaN,NaN,modulation_envelope;
7,2,15,3,3,0.35,0.5,1.77450261426365,25.7049757390085,7,0.3725,0.311710890447004,0.418095549036628,1.67852082202383,14.4478799079928,149.722004827908,0,-8.16603148900902,1,1,1,1,1,1,0,1.25026269491606e-14,1.67852082202383,14.4478799182246,106.126805203651,108.156016413866,9.71926022343887,116.624199675003,149.722004827908,3.43103117576405,6.29215652800983,6.29215652800983,0.452059358411804,5,7,7,1,1,2.9695440925454,0.452059358411805,0.579206562625205,0.000727828287699411,0.00270615813053321,0.0952133428688724,0,-284.71064681924,0.943058366691745,outside_sufficient_bound;
7,2,16,3,4,0.35,0.75,2.66175392139548,57.8361954127691,7,0.685,0.551887902345144,0.357342697123057,1.73497163954691,14.5564635308924,149.722004827908,1,23.9651881847516,1,1,1,1,1,1,1,9.47291805360577e-15,1.73497163954691,14.5564635336364,121.347119211998,123.348095275689,9.71926022343887,131.751469966242,149.722004827908,3.43103117576405,6.77463070273819,6.77463070273819,0.284793023605491,5,7,7,1,1,6.45319615659995,0.284793023605492,0.579206562625205,0.000727828287699411,0.00270615813053321,0.262479677675186,0,-284.71064681924,0.943058366691745,certified_feasible
7,2,17,3,5,0.35,1,3.54900522852731,102.819902956034,7,1.1225,0.889112625359711,0.296589845209485,1.79142245706999,14.6887955961792,151.600590061036,1,68.9488957280164,1,1,1,1,1,1,1,7.59515006488262e-15,1.79142245706999,14.6887955966056,140.090469996737,141.953090752388,9.72719471276274,151.600590061036,149.722004827908,3.43103117576405,6.9143419035413,6.91434190354131,0.189150799646216,5,7,7,1,1,11.3303090462763,0.189150799646217,0.579206562625205,0.000727828287699411,0.00270615813053321,0.358121901634461,0,-284.71064681924,0.943058366691745,certified_feasible
7,2,18,3,6,0.35,1.25,4.43625653565913,160.656098368803,7,1.685,1.3233850594907,0.235836993295914,1.9283607112864,14.8442409861932,175.476411275887,1,126.785091140785,1,1,1,1,1,1,1,6.05686104629887e-15,1.9283607112864,14.8442409862385,162.537504772957,164.323386346566,11.2440281292964,175.476411275887,149.722004827908,3.43103117576405,6.96172569053308,6.96172569053308,0.132429069314824,5,7,7,1,1,17.6008827615745,0.132429069314825,0.579206562625205,0.000727828287699411,0.00270615813053321,0.414843631965853,0,-284.71064681924,0.943058366691745,certified_feasible
7,2,19,4,1,0.5,0.1,0.354900522852731,0.503817524484566,7,0.26,0.256368236379072,0.448769750675344,1.66789883616766,14.36756966371,149.722004827908,0,-33.3671897035329,1,1,1,1,1,0,0,1.46816487359874e-14,1.66789883616767,14.3675696711687,71.8593834890979,73.0884322036315,9.71926022343887,82.5630517204278,149.722004827908,3.43103117576405,3.5682860764186,3.56828607641861,0.963757618423114,5,6,6,0.980895518094913,0.976135800365988,0.215327680783298,0.96753603688434,0.529472638096525,0.000812014550577267,0.000825546963063806,-0.469997260132342,0,-284.71064681924,0.943058366691745,finite_geometry;outside_sufficient_bound;
7,2,20,4,2,0.5,0.25,0.887251307131826,3.14885952802854,7,0.3125,0.295034904282608,0.412318039527201,1.70176932668151,14.4062271118653,149.722004827908,0,-30.722147699989,1,1,1,1,1,0,0,1.35969503880722e-14,1.70176932668151,14.4062271226522,75.6230617655733,77.1450410916815,9.71926022343887,86.2092734747372,149.722004827908,3.43103117576405,4.20236197518249,4.2023619751825,0.834777901900332,5,6,6,0.980895518094913,0.956144985904503,0.215327680783304,0.844248878096712,0.529472638096525,0.000812014550577267,0.000825546963063806,-0.346710101344714,0,-284.71064681924,0.943058366691745,finite_geometry;outside_sufficient_bound;
7,2,21,4,3,0.5,0.5,1.77450261426365,12.5954381121142,7,0.5,0.437117519681641,0.35156518761363,1.75822014420459,14.490334707667,149.722004827908,0,-21.2755691159033,1,1,1,1,1,0,0,1.10390569413774e-14,1.75822014420459,14.4903347159959,88.034808559378,89.8458956473756,9.71926022343887,97.7899342145358,149.722004827908,3.43103117576405,5.55533183058175,5.55533183058176,0.605487869234774,5,7,7,1,1,3.15962051104317,0.605487869234776,0.579206562625205,0.000727828287699411,0.00270615813053321,-0.0582151679540982,0,-284.71064681924,0.943058366691745,finite_geometry;outside_sufficient_bound;
7,2,22,4,4,0.5,0.75,2.66175392139548,28.3397357522568,7,0.812500000000001,0.6762478461971,0.290812335700058,1.81467096172768,14.5986612102449,149.722004827908,0,-5.53127147576066,1,1,1,1,1,1,0,8.77959979063598e-15,1.81467096172767,14.5986612132393,105.864176304214,107.585819887416,9.71926022343887,114.901499610837,149.722004827908,3.43103117576405,6.37243754164919,6.37243754164919,0.430812806573174,5,7,7,1,1,6.6432725750977,0.430812806573175,0.579206562625205,0.000727828287699411,0.00270615813053321,0.116459894707503,0,-284.71064681924,0.943058366691745,outside_sufficient_bound;
7,2,23,4,5,0.5,1,3.54900522852731,50.3817524484566,7,1.25,1.01242588382898,0.230059483786487,1.87112177925076,14.7306723258823,149.722004827908,1,16.5107452204391,1,1,1,1,1,1,1,7.11138369624828e-15,1.87112177925076,14.7306723265276,128.358206805288,129.972973609893,9.71926022343887,138.792895807225,149.722004827908,3.43103117576405,6.72037772484847,6.72037772484847,0.311140958294668,5,7,7,1,1,11.5203854647741,0.311140958294669,0.579206562625205,0.000727828287699411,0.00270615813053321,0.236131742986009,0,-284.71064681924,0.943058366691745,certified_feasible
7,2,24,4,6,0.5,1.25,4.43625653565913,78.7214882007134,7,1.8125,1.44565163257729,0.169306631872915,1.92757259677384,14.8857379415073,164.358846298197,1,44.8504809726959,1,1,1,1,1,1,1,5.85048325491027e-15,1.92757259677384,14.8857379416034,152.36971579654,153.922284153341,10.5192062169927,164.358846298197,150.567559586311,3.43103117576405,6.86415944725464,6.86415944725464,0.230494635117839,5,7,7,1,1,17.7909591800723,0.23049463511784,0.579206562625205,0.000727828287699411,0.00270615813053321,0.316778066162838,0,-284.71064681924,0.943058366691745,certified_feasible
7,2,25,5,1,0.75,0.1,0.354900522852731,0.223918899770918,7,0.5725,0.568170446123952,0.337885814970346,1.81913446575794,14.479558824222,149.722004827908,0,-33.6470883282466,1,1,1,1,1,0,0,1.03717279696459e-14,1.81913446575796,14.479558824222,104.998822567394,37.7258246241617,9.71926022343887,47.0087237342276,149.722004827908,3.43103117576405,3.49269786209354,3.49269786209354,0.983035930624684,5,6,6,0.980895518094913,0.978733899563,0.484487281762421,0.984990870297935,0.529472638096525,0.000812014550577267,0.000825546963063806,-0.487452093545938,0,-284.71064681924,0.943058366691745,finite_geometry;outside_sufficient_bound;
7,2,26,5,2,0.75,0.25,0.887251307131826,1.39949312356824,7,0.625,0.605790428644805,0.301434103822204,1.83460153031612,14.4968019286394,149.722004827908,0,-32.4715141044493,1,1,1,1,1,0,0,9.93696580958786e-15,1.83460153031613,14.4968019341993,107.249625770805,44.9229478236877,9.71926022343887,53.0150580997258,149.722004827908,3.43103117576405,3.79905308808847,3.79905308808847,0.911834540389958,5,6,6,0.980895518094913,0.968520251999708,0.484487281762426,0.918955974351159,0.529472638096525,0.000812014550577267,0.000825546963063806,-0.421417197599162,0,-284.71064681924,0.943058366691745,finite_geometry;outside_sufficient_bound;
7,2,27,5,3,0.75,0.5,1.77450261426365,5.59797249427296,7,0.8125,0.746128568406035,0.240681251908632,1.8910523478392,14.5804849256773,149.722004827908,0,-28.2730347337445,1,1,1,1,1,0,0,8.78770111873143e-15,1.8910523478392,14.5804849306546,115.775191218139,64.9864868049463,9.71926022343887,70.1380535250565,149.722004827908,3.43103117576405,4.67115464776038,4.67115464776039,0.754703499335679,5,7,7,1,1,3.6254940857926,0.75470349933568,0.579206562625205,0.000727828287699411,0.00270615813053321,-0.207430798055002,0,-284.71064681924,0.943058366691745,finite_geometry;outside_sufficient_bound;
7,2,28,5,4,0.75,0.75,2.66175392139548,12.5954381121142,7,1.125,0.983514419283691,0.179928399995061,1.94750316536228,14.6882437352909,149.722004827908,0,-21.2755691159033,1,1,1,1,1,0,0,7.48792654748321e-15,1.94750316536228,14.6882437377602,129.177411538326,89.3913598410323,9.71926022343887,95.4501027424281,149.722004827908,3.43103117576405,5.55533183058175,5.55533183058176,0.605487869234774,5,7,7,1,1,7.10914614984715,0.605487869234775,0.579206562625205,0.000727828287699411,0.00270615813053321,-0.0582151679540976,0,-284.71064681924,0.943058366691745,finite_geometry;outside_sufficient_bound;
7,2,29,5,5,0.75,1,3.54900522852731,22.3918899770918,7,1.5625,1.31794798127777,0.119175548081489,2.00395398288537,14.819553172631,149.722004827908,0,-11.4791172509257,1,1,1,1,1,1,0,6.38319947046127e-15,2.00395398288536,14.8195531734182,146.120527231508,115.023834787222,9.71926022343887,122.818047994617,149.722004827908,3.43103117576405,6.16843182382598,6.16843182382598,0.482235967273836,5,7,7,1,1,11.9862590395235,0.482235967273837,0.579206562625205,0.000727828287699411,0.00270615813053321,0.0650367340068409,0,-284.71064681924,0.943058366691745,outside_sufficient_bound;
7,2,30,5,6,0.75,1.25,4.43625653565913,34.987328089206,7,2.125,1.74942925438828,0.0584226961679178,2.06040480040845,14.9737936841428,165.520721910014,1,1.11632086118847,1,0,1,0,0,0,0,NaN,NaN,NaN,NaN,NaN,NaN,NaN,NaN,3.43103117576405,NaN,6.52445714815575,0.385577140962907,5,NaN,NaN,NaN,NaN,NaN,NaN,NaN,NaN,NaN,NaN,0,NaN,NaN,modulation_envelope;
7,2,31,6,1,1,0.1,0.354900522852731,0.125954381121142,7,1.01,1.00497265586883,0.182810660363517,2.00791487558703,14.6537268232134,149.722004827908,0,-33.7450528468964,1,1,1,1,1,0,0,7.99681185131303e-15,2.00791487558704,14.6537268232134,140.149363871658,10.8520803828563,9.71926022343887,14.4549516018829,149.722004827908,3.43103117576405,3.46584948858527,3.46584948858528,0.990266687866948,5,6,6,0.980895518094913,0.979670244224101,0.861310723133197,0.991432183845985,0.529472638096525,0.000812014550577267,0.000825546963063806,-0.493893407093988,0,-284.71064681924,0.943058366691745,finite_geometry;outside_sufficient_bound;
7,2,32,6,2,1,0.25,0.887251307131826,0.787214882007134,7,1.0625,1.041545953007,0.167548012083047,2.00386218253215,14.6636389330463,149.722004827908,0,-33.0837923460104,1,1,1,1,1,0,0,7.85332391841535e-15,2.0038621825322,14.6636389330462,141.791990731541,27.1302009571408,9.71926022343887,28.9715003733552,149.722004827908,3.43103117576405,3.64312855792694,3.64312855792694,0.945947909478177,5,6,6,0.980895518094913,0.973615949803616,0.861310723133199,0.951098478682066,0.529472638096525,0.000812014550577267,0.000825546963063806,-0.453559701930068,0,-284.71064681924,0.943058366691745,finite_geometry;outside_sufficient_bound;
7,2,33,6,3,1,0.5,1.77450261426365,3.14885952802854,7,1.25,1.18013961713043,0.129797316203635,2.02388455147381,14.6997660973629,149.722004827908,0,-30.722147699989,1,1,1,1,1,0,0,7.30145693169007e-15,2.02388455147382,14.6997660973629,148.26341277202,54.2604019142816,9.71926022343887,57.9430007467105,149.722004827908,3.43103117576405,4.2023619751825,4.2023619751825,0.834777901900332,5,6,6,0.980895518094913,0.956144985904502,0.86131072313322,0.844248878096711,0.529472638096525,0.000812014550577267,0.000825546963063806,-0.346710101344714,0,-284.71064681924,0.943058366691745,finite_geometry;outside_sufficient_bound;
7,2,34,6,4,1,0.75,2.66175392139548,7.08493393806421,7,1.5625,1.41578099237028,0.0690444642900634,2.08033536899689,14.8015037112835,158.872925870098,0,-26.7860732899533,1,1,1,1,1,0,0,6.4546561839181e-15,2.08033536899689,14.8015037129727,158.872925870098,81.3906028714224,9.71926022343887,86.9145011200657,158.872925870098,3.43103117576405,4.90860480395453,4.90860480395453,0.715454605286864,5,7,7,1,1,7.76136915449637,0.715454605286866,0.579206562625205,0.000727828287699411,0.00270615813053321,-0.168181904006188,0,-284.71064681924,0.943058366691745,finite_geometry;outside_sufficient_bound;
7,2,35,6,5,1,1,3.54900522852731,12.5954381121142,7,2,1.74847007872656,0.0082916123764919,2.13678618651997,14.9319127539771,172.860260496077,0,-21.2755691159033,1,0,1,0,0,0,0,NaN,NaN,NaN,NaN,NaN,NaN,NaN,NaN,3.43103117576405,NaN,5.55533183058176,0.605487869234774,5,NaN,NaN,NaN,NaN,NaN,NaN,NaN,NaN,NaN,NaN,0,NaN,NaN,modulation_envelope;
7,2,36,6,6,1,1.25,4.43625653565913,19.6803720501784,7,2.5625,2.17820687619927,-0.0524612395370794,2.19323700404306,15.0850990622979,189.481294418906,0,-14.1906351778391,0,0,1,0,0,0,0,NaN,NaN,NaN,NaN,NaN,NaN,NaN,NaN,3.43103117576405,NaN,6.04275077261261,0.510439587604392,5,NaN,NaN,NaN,NaN,NaN,NaN,NaN,NaN,NaN,NaN,0,NaN,NaN,negative_rate;modulation_envelope;
7,3,1,1,1,0.1,0.1,0.354900522852731,12.5954381121142,7,0.02,0.0176921242956657,0.622471128620844,1.44245833974108,14.2594558248082,149.722004827908,0,-21.2755691159033,1,0,1,0,0,0,0,NaN,NaN,NaN,NaN,NaN,NaN,NaN,NaN,3.43103117576405,NaN,5.55533183058176,0.605487869234774,5,NaN,NaN,NaN,NaN,NaN,NaN,NaN,NaN,NaN,NaN,0,NaN,NaN,modulation_envelope;
7,3,2,1,2,0.1,0.25,0.887251307131826,78.7214882007134,7,0.0725,0.0584897249979078,0.60110887523214,1.46042513619046,14.3002343596519,149.722004827908,1,44.8504809726959,1,0,1,0,0,0,0,NaN,NaN,NaN,NaN,NaN,NaN,NaN,NaN,3.43103117576405,NaN,6.86415944725464,0.230494635117839,5,NaN,NaN,NaN,NaN,NaN,NaN,NaN,NaN,NaN,NaN,0,NaN,NaN,modulation_envelope;
7,3,3,1,3,0.1,0.5,1.77450261426365,314.885952802854,7,0.26,0.204510830858294,0.538343550676874,1.53013188011554,14.3886386410909,150.575183918701,1,281.014945574836,1,0,1,0,0,0,0,NaN,NaN,NaN,NaN,NaN,NaN,NaN,NaN,3.43103117576405,NaN,6.98924521650512,0.0737112922031179,5,NaN,NaN,NaN,NaN,NaN,NaN,NaN,NaN,NaN,NaN,0,NaN,NaN,modulation_envelope;
7,3,4,1,4,0.1,0.75,2.66175392139548,708.493393806421,7,0.5725,0.448063317581159,0.454650920044496,1.67106120425901,14.502176341768,163.998217694995,1,674.622386578404,1,1,1,1,1,1,1,1.04778402728735e-14,1.67106120425901,14.502176341768,151.964517206427,153.399772004949,10.6244383978494,163.998217694995,149.722004827908,3.43103117576405,6.99777910852276,6.99777910852276,0.0346116082667146,5,7,7,1,1,6.28548166969016,0.0346116082667149,0.579206562625205,0.000727828287699411,0.00270615813053321,0.512661093013963,0,-284.71064681924,0.943058366691745,certified_feasible
7,3,5,1,5,0.1,1,3.54900522852731,1259.54381121142,7,1.01,0.789147185166503,0.370958289412119,1.81199052840249,14.6402627316758,181.134176786012,1,1225.6728039834,1,1,1,1,1,1,1,7.99438613148958e-15,1.81199052840249,14.6402627316758,168.202637361204,169.437188473835,11.7230831014493,181.134176786012,149.722004827908,3.43103117576405,6.99928627797426,6.99928627797427,0.0198652741537925,5,7,7,1,1,11.1625945593665,0.0198652741537926,0.579206562625205,0.000727828287699411,0.00270615813053321,0.527407427126885,0,-284.71064681924,0.943058366691745,certified_feasible
7,3,6,1,6,0.1,1.25,4.43625653565913,1968.03720501784,7,1.5725,1.22776243361433,0.287265658779741,1.95291985254597,14.8022107996804,201.035842054556,1,1934.16619778982,1,1,1,1,1,1,1,6.39727351634954e-15,1.95291985254597,14.8022107996804,187.008824070497,188.062999987102,12.9993881026594,201.035842054556,149.722004827908,3.43103117576405,6.99970554661386,6.99970554661386,0.0128351000706309,5,7,7,1,1,17.4331682746647,0.0128351000706311,0.579206562625205,0.000727828287699411,0.00270615813053321,0.534437601210046,0,-284.71064681924,0.943058366691745,certified_feasible
7,3,7,2,1,0.2,0.1,0.354900522852731,3.14885952802854,7,0.05,0.0475817381223331,0.610401324113796,1.49559122119492,14.2675374571789,149.722004827908,0,-30.722147699989,1,0,1,0,0,0,0,NaN,NaN,NaN,NaN,NaN,NaN,NaN,NaN,3.43103117576405,NaN,4.2023619751825,0.834777901900332,5,NaN,NaN,NaN,NaN,NaN,NaN,NaN,NaN,NaN,NaN,0,NaN,NaN,modulation_envelope;
7,3,8,2,2,0.2,0.25,0.887251307131826,19.6803720501784,7,0.1025,0.0882137595645763,0.593973066121676,1.51009825579196,14.304531215421,149.722004827908,0,-14.1906351778391,1,0,1,0,0,0,0,NaN,NaN,NaN,NaN,NaN,NaN,NaN,NaN,3.43103117576405,NaN,6.04275077261261,0.510439587604392,5,NaN,NaN,NaN,NaN,NaN,NaN,NaN,NaN,NaN,NaN,0,NaN,NaN,modulation_envelope;
7,3,9,2,3,0.2,0.5,1.77450261426365,78.7214882007134,7,0.29,0.233958899991631,0.54558742787591,1.5411961704917,14.3929545628438,149.722004827908,1,44.8504809726959,1,0,1,0,0,0,0,NaN,NaN,NaN,NaN,NaN,NaN,NaN,NaN,3.43103117576405,NaN,6.86415944725464,0.230494635117839,5,NaN,NaN,NaN,NaN,NaN,NaN,NaN,NaN,NaN,NaN,0,NaN,NaN,modulation_envelope;
7,3,10,2,4,0.2,0.75,2.66175392139548,177.123348451605,7,0.6025,0.477235421281165,0.461894797243532,1.65139476777603,14.5065035864656,151.150298730032,1,143.252341223588,1,1,1,1,1,1,1,1.03996611615594e-14,1.65139476777603,14.5065035864656,140.079878014626,141.384914138006,9.78848731814377,151.150298730032,149.722004827908,3.43103117576405,6.96805260943165,6.96805260943164,0.122033575827475,5,7,7,1,1,6.3302055328661,0.122033575827475,0.579206562625205,0.000727828287699411,0.00270615813053321,0.425239125453202,0,-284.71064681924,0.943058366691745,certified_feasible
7,3,11,2,5,0.2,1,3.54900522852731,314.885952802854,7,1.04,0.818043323433177,0.378202166611154,1.79232409191951,14.6445938510123,169.591623938371,1,281.014945574836,1,1,1,1,1,1,1,7.85505213299073e-15,1.79232409191951,14.6445938510123,157.550170123014,158.644054059,10.9709274455489,169.591623938371,149.722004827908,3.43103117576405,6.98924521650512,6.98924521650512,0.0737112922031179,5,7,7,1,1,11.2073184225425,0.0737112922031184,0.579206562625205,0.000727828287699411,0.00270615813053321,0.473561409077559,0,-284.71064681924,0.943058366691745,certified_feasible
7,3,12,2,6,0.2,1.25,4.43625653565913,492.009301254459,7,1.6025,1.25638260644767,0.294509535978777,1.93325341606299,14.8065387352681,190.703618769431,1,458.138294026441,1,1,1,1,1,1,1,6.29340857163147e-15,1.93325341606298,14.8065387352681,177.490845754005,178.402461222433,12.3251548290405,190.703618769431,149.722004827908,3.43103117576405,6.99546623859302,6.99546623859302,0.0488649219161816,5,7,7,1,1,17.4778921378407,0.0488649219161819,0.579206562625205,0.000727828287699411,0.00270615813053321,0.498407779364496,0,-284.71064681924,0.943058366691745,certified_feasible
7,3,13,3,1,0.35,0.1,0.354900522852731,1.02819902956034,7,0.1325,0.129916158862334,0.550024711773213,1.57529054337569,14.3014827227151,149.722004827908,0,-32.8428081984572,1,0,1,0,0,0,0,NaN,NaN,NaN,NaN,NaN,NaN,NaN,NaN,3.43103117576405,NaN,3.70543648614876,0.931893517792513,5,NaN,NaN,NaN,NaN,NaN,NaN,NaN,NaN,NaN,NaN,0,NaN,NaN,modulation_envelope;
7,3,14,3,2,0.35,0.25,0.887251307131826,6.42624393475212,7,0.185,0.170299811414579,0.561797792768281,1.58979757797272,14.3218421077703,149.722004827908,0,-27.4447632932654,1,0,1,0,0,0,0,NaN,NaN,NaN,NaN,NaN,NaN,NaN,NaN,3.43103117576405,NaN,4.80740811336371,0.732158197325951,5,NaN,NaN,NaN,NaN,NaN,NaN,NaN,NaN,NaN,NaN,0,NaN,NaN,modulation_envelope;
7,3,15,3,3,0.35,0.5,1.77450261426365,25.7049757390085,7,0.3725,0.315631003691636,0.521534713421309,1.61397596896778,14.4102273383645,149.722004827908,0,-8.16603148900902,1,1,1,1,1,1,0,1.32111340940828e-14,1.61397596896778,14.4102273383645,107.136909736128,108.446532113788,9.71926022343887,116.773153812868,149.722004827908,3.43103117576405,6.29215652800983,6.29215652800983,0.452059358411804,5,7,7,1,1,2.96954409254541,0.452059358411805,0.579206562625205,0.000727828287699411,0.00270615813053321,0.0952133428688726,0,-284.71064681924,0.943058366691745,outside_sufficient_bound;
7,3,16,3,4,0.35,0.75,2.66175392139548,57.8361954127691,7,0.685,0.558493576831173,0.426006355922248,1.68799826576045,14.5237088936577,149.722004827908,1,23.9651881847516,1,1,1,1,1,1,1,9.85750486484077e-15,1.68799826576045,14.5237088936577,123.279753824771,124.333377111945,9.71926022343887,132.915594763719,149.722004827908,3.43103117576405,6.77463070273819,6.77463070273819,0.284793023605491,5,7,7,1,1,6.45319615659996,0.284793023605492,0.579206562625205,0.000727828287699411,0.00270615813053321,0.262479677675186,0,-284.71064681924,0.943058366691745,certified_feasible
7,3,17,3,5,0.35,1,3.54900522852731,102.819902956034,7,1.1225,0.898887530833187,0.330477998423186,1.81970205179128,14.6617040487453,153.566137875074,1,68.9488957280164,1,1,1,1,1,1,1,7.6395427908327e-15,1.81970205179128,14.6617040487453,142.824151731659,143.659971251907,9.92561407016744,153.566137875074,149.722004827908,3.43103117576405,6.9143419035413,6.91434190354131,0.189150799646216,5,7,7,1,1,11.3303090462763,0.189150799646217,0.579206562625205,0.000727828287699411,0.00270615813053321,0.358121901634461,0,-284.71064681924,0.943058366691745,certified_feasible
7,3,18,3,6,0.35,1.25,4.43625653565913,160.656098368803,7,1.685,1.33681286569768,0.234949640924125,1.95140583782212,14.8235282135932,176.607494943352,1,126.785091140785,1,1,1,1,1,1,1,6.26209476301092e-15,1.95140583782212,14.8235282135932,164.562569474724,165.22362529499,11.4043051331767,176.607494943352,149.722004827908,3.43103117576405,6.96172569053308,6.96172569053308,0.132429069314824,5,7,7,1,1,17.6008827615745,0.132429069314825,0.579206562625205,0.000727828287699411,0.00270615813053321,0.414843631965852,0,-284.71064681924,0.943058366691745,certified_feasible
7,3,19,4,1,0.5,0.1,0.354900522852731,0.503817524484566,7,0.26,0.257250579602335,0.480164359019551,1.65498986555645,14.3453651834508,149.722004827908,0,-33.3671897035329,1,1,1,1,1,0,0,1.50574151410166e-14,1.65498986555646,14.3453651834508,72.613925481341,72.9992079248029,9.71926022343887,82.4499287881406,149.722004827908,3.43103117576405,3.5682860764186,3.56828607641861,0.963757618423114,5,6,6,0.980895518094913,0.976135800365988,0.215327680783298,0.96753603688434,0.529472638096525,0.000812014550577267,0.000825546963063806,-0.469997260132343,0,-284.71064681924,0.943058366691745,finite_geometry;outside_sufficient_bound;
7,3,20,4,2,0.5,0.25,0.887251307131826,3.14885952802854,7,0.3125,0.297385863264582,0.49567295143026,1.66949690015349,14.3569090961778,149.722004827908,0,-30.722147699989,1,1,1,1,1,0,0,1.41954382766571e-14,1.66949690015349,14.3569091012697,77.0535818494005,77.1278175049942,9.71926022343887,86.1121433444645,149.722004827908,3.43103117576405,4.20236197518249,4.2023619751825,0.834777901900332,5,6,6,0.980895518094913,0.956144985904502,0.215327680783299,0.844248878096711,0.529472638096525,0.000812014550577267,0.000825546963063806,-0.346710101344714,0,-284.71064681924,0.943058366691745,finite_geometry;outside_sufficient_bound;
7,3,21,4,3,0.5,0.5,1.77450261426365,12.5954381121142,7,0.500000000000001,0.442303107391642,0.411460200535894,1.69367529114854,14.4404148668025,149.722004827908,0,-21.2755691159033,1,1,1,1,1,0,0,1.15168362126549e-14,1.69367529114854,14.4404148668025,90.4169121564905,90.369989286979,9.71926022343887,98.1282848790861,149.722004827908,3.43103117576405,5.55533183058175,5.55533183058176,0.605487869234774,5,7,7,1,1,3.15962051104318,0.605487869234776,0.579206562625205,0.000727828287699411,0.00270615813053321,-0.0582151679540982,0,-284.71064681924,0.943058366691745,finite_geometry;outside_sufficient_bound;
7,3,22,4,4,0.5,0.75,2.66175392139548,28.3397357522568,7,0.812500000000001,0.684751732381181,0.315931843036832,1.73543309705488,14.5537284720462,149.722004827908,0,-5.53127147576066,1,1,1,1,1,1,0,9.11094006420551e-15,1.73543309705488,14.5537284720462,108.892887002328,108.931308786119,9.71926022343887,116.443435060075,149.722004827908,3.43103117576405,6.37243754164919,6.37243754164919,0.430812806573174,5,7,7,1,1,6.64327257509772,0.430812806573175,0.579206562625205,0.000727828287699411,0.00270615813053321,0.116459894707502,0,-284.71064681924,0.943058366691745,outside_sufficient_bound;
7,3,23,4,5,0.5,1,3.54900522852731,50.3817524484566,7,1.25,1.0247317382332,0.220403485537771,1.86713688308572,14.691508460728,149.722004827908,1,16.5107452204391,1,1,1,1,1,1,1,7.40427853785663e-15,1.86713688308572,14.691508460728,130.838965900736,130.562572904597,9.71926022343887,139.557064334486,149.722004827908,3.43103117576405,6.72037772484848,6.72037772484847,0.311140958294668,5,7,7,1,1,11.5203854647741,0.311140958294669,0.579206562625205,0.000727828287699411,0.00270615813053321,0.236131742986008,0,-284.71064681924,0.943058366691745,certified_feasible
7,3,24,4,6,0.5,1.25,4.43625653565913,78.7214882007134,7,1.8125,1.46224312494769,0.12487512803871,1.99884066911656,14.8530739837299,164.574967843098,1,44.8504809726959,1,1,1,1,1,1,1,6.0714933366268e-15,1.99884066911655,14.8530739837299,154.470934145325,153.97532657073,10.6169562241279,164.574967843098,154.470934145325,3.43103117576405,6.86415944725464,6.86415944725464,0.230494635117839,5,7,7,1,1,17.7909591800723,0.23049463511784,0.579206562625205,0.000727828287699411,0.00270615813053321,0.316778066162838,0,-284.71064681924,0.943058366691745,certified_feasible
7,3,25,5,1,0.75,0.1,0.354900522852731,0.223918899770918,7,0.5725,0.569474614169004,0.363730437763447,1.80808152803087,14.4730324741496,149.722004827908,0,-33.6470883282466,1,1,1,1,1,0,0,1.06372915216362e-14,1.80808152803087,14.4730324741496,105.510865799653,37.6923219226829,9.71926022343887,46.921862788968,149.722004827908,3.43103117576405,3.49269786209354,3.49269786209354,0.983035930624684,5,6,6,0.980895518094913,0.978733899563,0.484487281762422,0.984990870297935,0.529472638096525,0.000812014550577267,0.000825546963063806,-0.487452093545938,0,-284.71064681924,0.943058366691745,finite_geometry;outside_sufficient_bound;
7,3,26,5,2,0.75,0.25,0.887251307131826,1.39949312356824,7,0.625,0.609195949681253,0.323531036559263,1.8023291037881,14.4737971933302,149.722004827908,0,-32.4715141044493,1,1,1,1,1,0,0,1.02712926460208e-14,1.8023291037881,14.4737971933302,108.636488621447,45.1849946434895,9.71926022343887,53.1048812762896,149.722004827908,3.43103117576405,3.79905308808847,3.79905308808847,0.911834540389958,5,6,6,0.980895518094913,0.968520251999708,0.484487281762424,0.918955974351159,0.529472638096525,0.000812014550577267,0.000825546963063806,-0.421417197599161,0,-284.71064681924,0.943058366691745,finite_geometry;outside_sufficient_bound;
7,3,27,5,3,0.75,0.5,1.77450261426365,5.59797249427296,7,0.8125,0.753423280224985,0.228002679060201,1.82650749478315,14.5191924752262,149.722004827908,0,-28.2730347337445,1,1,1,1,1,0,0,9.06174338035545e-15,1.82650749478315,14.5191924752262,118.753812690766,65.2812864522986,9.71926022343887,70.9641836886198,149.722004827908,3.43103117576405,4.67115464776039,4.67115464776039,0.754703499335679,5,7,7,1,1,3.62549408579261,0.75470349933568,0.579206562625205,0.000727828287699411,0.00270615813053321,-0.207430798055002,0,-284.71064681924,0.943058366691745,finite_geometry;outside_sufficient_bound;
7,3,28,5,4,0.75,0.75,2.66175392139548,12.5954381121142,7,1.125,0.995181991631194,0.13247432156114,1.85548168968403,14.632007805693,149.722004827908,0,-21.2755691159033,1,1,1,1,1,0,0,7.82105217253448e-15,1.85548168969916,14.632007805693,133.732231480195,89.2349108829339,9.71926022343887,95.374670475552,149.722004827908,3.43103117576405,5.55533183058175,5.55533183058176,0.605487869234774,5,7,7,1,1,7.10914614984716,0.605487869234775,0.579206562625205,0.000727828287699411,0.00270615813053321,-0.058215167954098,0,-284.71064681924,0.943058366691745,finite_geometry;outside_sufficient_bound;
7,3,29,5,5,0.75,1,3.54900522852731,22.3918899770918,7,1.5625,1.33447208389988,0.0369459640620785,1.94619493524311,14.7691682981804,152.142734904544,0,-11.4791172509257,1,1,1,1,1,1,0,6.44915787651406e-15,1.94619493524311,14.7691682981804,152.142734904544,114.653184077837,9.71926022343887,122.536758497408,152.142734904544,3.43103117576405,6.16843182382598,6.16843182382598,0.482235967273836,5,7,7,1,1,11.9862590395235,0.482235967273837,0.579206562625205,0.000727828287699411,0.00270615813053321,0.0650367340068409,0,-284.71064681924,0.943058366691745,outside_sufficient_bound;
7,3,30,5,6,0.75,1.25,4.43625653565913,34.987328089206,7,2.125,1.77129355703105,-0.0585823934369827,2.07789872127395,14.9300029978233,172.892377423875,1,1.11632086118847,0,0,1,0,0,0,0,NaN,NaN,NaN,NaN,NaN,NaN,NaN,NaN,3.43103117576405,NaN,6.52445714815575,0.385577140962907,5,NaN,NaN,NaN,NaN,NaN,NaN,NaN,NaN,NaN,NaN,0,NaN,NaN,negative_rate;modulation_envelope;
7,3,31,6,1,1,0.1,0.354900522852731,0.125954381121142,7,1.01,1.00669864873567,0.197390529583007,1.99686193785996,14.6472076059357,149.722004827908,0,-33.7450528468964,1,1,1,1,1,0,0,8.02581645032057e-15,1.99686193785996,14.6472076059357,140.57077259363,10.8858085211276,9.71926022343887,14.5359753358678,149.722004827908,3.43103117576405,3.46584948858527,3.46584948858528,0.990266687866948,5,6,6,0.980895518094913,0.979670244224101,0.861310723133202,0.991432183845985,0.529472638096525,0.000812014550577267,0.000825546963063806,-0.493893407093988,0,-284.71064681924,0.943058366691745,finite_geometry;outside_sufficient_bound;
7,3,32,6,2,1,0.25,0.887251307131826,0.787214882007134,7,1.0625,1.04600603609792,0.14007351508357,1.97830345942309,14.6479335288163,149.722004827908,0,-33.0837923460104,1,1,1,1,1,0,0,7.82158679159214e-15,1.97830345947676,14.6479335288163,142.935799222411,27.2145213028191,9.71926022343887,29.0830293971139,149.722004827908,3.43103117576405,3.64312855792694,3.64312855792694,0.945947909478177,5,6,6,0.980895518094913,0.973615949803616,0.861310723133199,0.951098478682066,0.529472638096525,0.000812014550577267,0.000825546963063806,-0.453559701930069,0,-284.71064681924,0.943058366691745,finite_geometry;outside_sufficient_bound;
7,3,33,6,3,1,0.5,1.77450261426365,3.14885952802854,7,1.25,1.18954345305833,0.0445451575845092,2.0100391637136,14.6703697680629,150.775170227843,0,-30.722147699989,1,1,1,1,1,0,0,7.19201011049768e-15,2.01003916374776,14.6703697680629,150.775170227843,54.4290426056382,9.71926022343887,58.1660587942278,150.775170227843,3.43103117576405,4.20236197518249,4.2023619751825,0.834777901900332,5,6,6,0.980895518094913,0.956144985904502,0.861310723133209,0.84424887809671,0.529472638096525,0.000812014550577267,0.000825546963063806,-0.346710101344713,0,-284.71064681924,0.943058366691745,finite_geometry;outside_sufficient_bound;
7,3,34,6,4,1,0.75,2.66175392139548,7.08493393806421,7,1.5625,1.43061225088121,-0.0509831999145522,2.0417748680041,14.7450861829823,162.840171808445,0,-26.7860732899533,0,1,1,0,0,0,0,NaN,NaN,NaN,NaN,NaN,NaN,NaN,NaN,3.43103117576405,NaN,4.90860480395453,0.715454605286864,5,NaN,NaN,NaN,NaN,NaN,NaN,NaN,NaN,NaN,NaN,0,NaN,NaN,negative_rate;
7,3,35,6,5,1,1,3.54900522852731,12.5954381121142,7,2,1.76921242956657,-0.146511557413614,2.07351057229461,14.881314381405,178.274932313704,0,-21.2755691159033,0,0,1,0,0,0,0,NaN,NaN,NaN,NaN,NaN,NaN,NaN,NaN,3.43103117576405,NaN,5.55533183058176,0.605487869234774,5,NaN,NaN,NaN,NaN,NaN,NaN,NaN,NaN,NaN,NaN,0,NaN,NaN,negative_rate;modulation_envelope;
7,3,36,6,6,1,1.25,4.43625653565913,19.6803720501784,7,2.5625,2.20534398911441,-0.242039914912675,2.15695677343134,15.0410586859359,196.28612219867,0,-14.1906351778391,0,0,1,0,0,0,0,NaN,NaN,NaN,NaN,NaN,NaN,NaN,NaN,3.43103117576405,NaN,6.04275077261261,0.510439587604392,5,NaN,NaN,NaN,NaN,NaN,NaN,NaN,NaN,NaN,NaN,0,NaN,NaN,negative_rate;modulation_envelope;
8,1,1,1,1,0.1,0.1,0.352210354051543,12.4052133501113,7,0.02,0.017377985951666,0.541254910261247,1.50111112343009,14.4399711247877,136.642556130067,0,-16.6626828042723,1,0,1,0,0,0,0,NaN,NaN,NaN,NaN,NaN,NaN,NaN,NaN,3.52511497499009,NaN,5.61600467706835,0.604208302095791,6,NaN,NaN,NaN,NaN,NaN,NaN,NaN,NaN,NaN,NaN,0,NaN,NaN,modulation_envelope;
8,1,2,1,2,0.1,0.25,0.880525885128856,77.5325834381956,7,0.0725,0.0572226363628904,0.534090126425397,1.53068714155794,14.5148597571255,136.642556130067,1,48.464687283812,1,0,1,0,0,0,0,NaN,NaN,NaN,NaN,NaN,NaN,NaN,NaN,3.52511497499009,NaN,6.87113947276441,0.228783665023548,6,NaN,NaN,NaN,NaN,NaN,NaN,NaN,NaN,NaN,NaN,0,NaN,NaN,modulation_envelope;
8,1,3,1,3,0.1,0.5,1.76105177025771,310.130333752782,7,0.26,0.200370844338199,0.47654512332196,1.59006438947418,14.658352399733,136.642556130067,1,281.062437598399,1,0,1,0,0,0,0,NaN,NaN,NaN,NaN,NaN,NaN,NaN,NaN,3.52511497499009,NaN,6.98980738394204,0.0722945446336131,6,NaN,NaN,NaN,NaN,NaN,NaN,NaN,NaN,NaN,NaN,0,NaN,NaN,modulation_envelope;
8,1,4,1,4,0.1,0.75,2.64157765538657,697.79325094376,7,0.572499999999999,0.439444623925926,0.407869676438966,1.71363720734963,14.8245957337911,149.49315449146,1,668.725354789377,1,1,1,1,1,1,1,1.02007315216586e-14,1.71363720734963,14.8245957337911,139.14424231673,139.749856854238,9.77376300148394,149.49315449146,136.642556130067,3.52511497499009,6.99789533192528,6.99789533192528,0.0338140291561794,6,7,7,1,1,6.19669544235004,0.0338140291561796,0.584039716202758,0.000743812470382873,-4.33133693277243e-05,0.518291825702051,0,-283.859129811595,0.943228174037681,certified_feasible
8,1,5,1,5,0.1,1,3.52210354051543,1240.52133501113,7,1.01,0.774443975126072,0.339194229555972,1.83721002522508,15.0128339948111,166.846005946849,1,1211.45343885675,1,1,1,1,1,1,1,7.8382894159338e-15,1.83721002522508,15.0128339948111,155.347709343006,156.03825546625,10.8771710270629,166.846005946849,136.642556130067,3.52511497499009,6.99932363600543,6.99932363600543,0.0193772237008429,6,7,7,1,1,11.0001508990383,0.0193772237008429,0.584039716202758,0.000743812470382873,-4.33133693277243e-05,0.532728631157388,0,-283.859129811595,0.943228174037681,certified_feasible
8,1,6,1,6,0.1,1.25,4.40262942564428,1938.31458595489,7,1.5725,1.20536889793864,0.217229262939412,1.96078284310053,15.2222512372847,187.546245776119,1,1909.24668980051,1,1,1,1,1,1,1,6.44547495791439e-15,1.96078284310053,15.2222512372847,174.043552132785,175.397259976532,12.1816179648251,187.546245776119,137.835856687011,3.52511497499009,6.99972095993,6.99972095993,0.0125102434988499,6,7,7,1,1,17.1760222004945,0.01251024349885,0.584039716202758,0.000743812470382873,-4.33133693277243e-05,0.539595611359381,0,-283.859129811595,0.943228174037681,certified_feasible
8,1,7,2,1,0.2,0.1,0.352210354051543,3.10130333752782,7,0.05,0.0470819261743384,0.516043960274997,1.51345948047191,14.4468963397131,136.642556130067,0,-25.9665928168558,1,0,1,0,0,0,0,NaN,NaN,NaN,NaN,NaN,NaN,NaN,NaN,3.52511497499009,NaN,4.29215988313728,0.832221773529442,6,NaN,NaN,NaN,NaN,NaN,NaN,NaN,NaN,NaN,NaN,0,NaN,NaN,modulation_envelope;
8,1,8,2,2,0.2,0.25,0.880525885128856,19.3831458595489,7,0.1025,0.0864824869195716,0.508879176439147,1.54303549859977,14.5215381829311,136.642556130067,0,-9.68475029483472,1,0,1,0,0,0,0,NaN,NaN,NaN,NaN,NaN,NaN,NaN,NaN,3.52511497499009,NaN,6.08631987409624,0.509853543397683,6,NaN,NaN,NaN,NaN,NaN,NaN,NaN,NaN,NaN,NaN,0,NaN,NaN,modulation_envelope;
8,1,9,2,3,0.2,0.5,1.76105177025771,77.5325834381956,7,0.29,0.228890545451562,0.470132533967528,1.59575374541551,14.6646171200178,136.642556130067,1,48.464687283812,1,0,1,0,0,0,0,NaN,NaN,NaN,NaN,NaN,NaN,NaN,NaN,3.52511497499009,NaN,6.87113947276441,0.228783665023548,6,NaN,NaN,NaN,NaN,NaN,NaN,NaN,NaN,NaN,NaN,0,NaN,NaN,modulation_envelope;
8,1,10,2,4,0.2,0.75,2.64157765538657,174.44831273594,7,0.6025,0.46722417559597,0.401457087084534,1.71932656329096,14.8304457668997,138.286760877962,1,145.380416581556,1,1,1,1,1,1,1,1.00222217968762e-14,1.71932656329096,14.8304457668996,128.803986379398,129.277598448897,9.035866066497,138.286760877962,136.642556130067,3.52511497499009,6.96971774419397,6.96971774419397,0.120208126001104,6,7,7,1,1,6.25916786503144,0.120208126001105,0.584039716202758,0.000743812470382873,-4.33133693277243e-05,0.431897728857126,0,-283.859129811595,0.943228174037681,certified_feasible
8,1,11,2,5,0.2,1,3.52210354051543,310.130333752782,7,1.04,0.801483377352797,0.331828065270495,1.84289938116641,15.018270549668,157.282985413066,1,281.062437598399,1,1,1,1,1,1,1,7.77376754860554e-15,1.84289938116641,15.018270549668,146.107609223321,147.094538308767,10.2169405565651,157.282985413066,136.642556130067,3.52511497499009,6.98980738394204,6.98980738394204,0.0722945446336131,6,7,7,1,1,11.0626233217196,0.0722945446336135,0.584039716202758,0.000743812470382873,-4.33133693277243e-05,0.479811310224617,0,-283.859129811595,0.943228174037681,certified_feasible
8,1,12,2,6,0.2,1.25,4.40262942564428,484.578646488722,7,1.6025,1.23166815072204,0.203383068774153,1.96647219904186,15.2272775390396,179.012261860188,1,455.510750334339,1,1,1,1,1,1,1,6.27759304120589e-15,1.96647219904186,15.2272775390396,166.206661930705,167.415956915308,11.6260629769702,179.012261860188,139.220520279433,3.52511497499009,6.99570342448688,6.99570342448687,0.0478088270198094,6,7,7,1,1,17.2384946231759,0.0478088270198095,0.584039716202758,0.000743812470382873,-4.33133693277243e-05,0.504297027838421,0,-283.859129811595,0.943228174037681,certified_feasible
8,1,13,3,1,0.35,0.1,0.352210354051543,1.01267047756011,7,0.1325,0.129137836508347,0.478227535295624,1.53198201603465,14.4655475820531,136.642556130067,0,-28.0552256768235,1,0,1,0,0,0,0,NaN,NaN,NaN,NaN,NaN,NaN,NaN,NaN,3.52511497499009,NaN,3.79903522796477,0.930923748178397,6,NaN,NaN,NaN,NaN,NaN,NaN,NaN,NaN,NaN,NaN,0,NaN,NaN,modulation_envelope;
8,1,14,3,2,0.35,0.25,0.880525885128856,6.32919048475066,7,0.185,0.167872262754593,0.471062751459774,1.56155803416251,14.5397774636321,136.642556130067,0,-22.738705669633,1,0,1,0,0,0,0,NaN,NaN,NaN,NaN,NaN,NaN,NaN,NaN,3.52511497499009,NaN,4.88754779742767,0.729612852371813,6,NaN,NaN,NaN,NaN,NaN,NaN,NaN,NaN,NaN,NaN,0,NaN,NaN,modulation_envelope;
8,1,15,3,3,0.35,0.5,1.76105177025771,25.3167619390026,7,0.3725,0.309170097121605,0.45912144506669,1.61085139770894,14.6821567533288,136.642556130067,0,-3.75113421538097,1,1,1,1,1,1,0,1.23411744787846e-14,1.61085139770894,14.6821567533288,98.1148003420946,98.5609722482627,8.88603814626803,105.854055054982,136.642556130067,3.52511497499009,6.32564077696437,6.32564077696438,0.451569014941791,6,7,7,1,1,2.99992741548515,0.451569014941793,0.584039716202758,0.000743812470382873,-4.33133693277243e-05,0.100536839916438,0,-283.859129811595,0.943228174037681,outside_sufficient_bound;
8,1,16,3,4,0.35,0.75,2.64157765538657,56.9627143627559,7,0.685,0.546393503101035,0.391838203052885,1.72786059720296,14.8472734014207,136.642556130067,1,27.8948182083723,1,1,1,1,1,1,1,9.58903545748399e-15,1.72786059720295,14.8472734014207,114.219725654075,114.752674968488,8.88603814626803,122.700886832706,136.642556130067,3.52511497499009,6.78606769279901,6.78606769279901,0.28343664095304,6,7,7,1,1,6.43096702740528,0.283436640953041,0.584039716202758,0.000743812470382873,-4.33133693277243e-05,0.268669213905189,0,-283.859129811595,0.943228174037681,certified_feasible
8,1,17,3,5,0.35,1,3.52210354051543,101.267047756011,7,1.1225,0.879542480692884,0.311058774022607,1.85143341507841,15.0343782802479,144.038234105426,1,72.199151601627,1,1,1,1,1,1,1,7.535270739035e-15,1.85143341507841,15.0343782802479,133.580518687526,134.707538863856,9.35478346164257,144.038234105426,136.642556130067,3.52511497499009,6.91877386894089,6.91877386894089,0.187268421509474,6,7,7,1,1,11.2344224840935,0.187268421509475,0.584039716202758,0.000743812470382873,-4.33133693277243e-05,0.364837433348756,0,-283.859129811595,0.943228174037681,certified_feasible
8,1,18,3,6,0.35,1.25,4.40262942564428,158.229762118767,7,1.685,1.30861702989715,0.182613777526266,1.97500623295386,15.2426616894979,167.366773785581,1,129.161865964383,1,1,1,1,1,1,1,6.14013166232218e-15,1.97500623295386,15.2426616894979,155.566442063779,156.524685411817,10.8678111854214,167.366773785581,143.175820568156,3.52511497499009,6.96371887456865,6.96371887456865,0.130560222042332,6,7,7,1,1,17.4102937855497,0.130560222042332,0.584039716202758,0.000743812470382873,-4.33133693277243e-05,0.421545632815899,0,-283.859129811595,0.943228174037681,certified_feasible
8,1,19,4,1,0.5,0.1,0.352210354051543,0.496208534004452,7,0.26,0.256193746842356,0.44041111031625,1.61781450383099,14.4940793935477,136.642556130067,0,-28.5716876203792,1,1,1,1,1,0,0,1.38130372817642e-14,1.617814503831,14.4940794203933,69.0649943269295,64.9043973600648,8.88603814626803,73.2318359994619,136.642556130067,3.52511497499009,3.66227148148966,3.66227148148967,0.963406745440507,6,6,6,0.9729047387324,0.968452358671264,0.034848787342637,0.967238108668537,0.538977229432891,0.000831015972692557,0.00182393561582062,-0.460194740580174,0,-283.859129811595,0.943228174037681,finite_geometry;outside_sufficient_bound;
8,1,20,4,2,0.5,0.25,0.880525885128856,3.10130333752782,7,0.3125,0.294262038589615,0.4332463264804,1.64808934679808,14.5678482901613,136.642556130067,0,-25.9665928168558,1,1,1,1,1,0,0,1.28060604759482e-14,1.64808934679808,14.5678482901613,72.5188038374674,69.3497979507446,8.88603814626803,77.2454488339954,136.642556130067,3.52511497499009,4.29215988313727,4.29215988313728,0.832221773529442,6,7,7,1,1,1.20681144472901,0.832221773529444,0.584039716202758,0.000743812470382873,-4.33133693277243e-05,-0.280115918671213,0,-283.859129811595,0.943228174037681,finite_geometry;outside_sufficient_bound;
8,1,21,4,3,0.5,0.5,1.76105177025771,12.4052133501113,7,0.5,0.434449648791649,0.421305020087317,1.71421222364691,14.7094349382127,136.642556130067,0,-16.6626828042723,1,1,1,1,1,0,0,1.0576577140248e-14,1.71421222364691,14.7094349382127,84.8083413144038,82.8019502957025,8.88603814626803,89.5853466449209,136.642556130067,3.52511497499009,5.61600467706834,5.61600467706835,0.604208302095791,6,7,7,1,1,3.26543521188109,0.604208302095792,0.584039716202758,0.000743812470382873,-4.33133693277243e-05,-0.0521024472375614,0,-283.859129811595,0.943228174037681,finite_geometry;outside_sufficient_bound;
8,1,22,4,4,0.5,0.75,2.64157765538657,27.9117300377504,7,0.8125,0.670562830606101,0.382219319021236,1.78033510049574,14.8737335893753,136.642556130067,0,-1.15616611663321,1,1,1,1,1,1,0,8.48977192437565e-15,1.78033510049575,14.8737335893753,103.516775127078,102.010588114234,8.88603814626803,109.07646742733,136.642556130067,3.52511497499009,6.40248476289576,6.40248476289577,0.430291997791434,6,7,7,1,1,6.69647482380122,0.430291997791435,0.584039716202758,0.000743812470382873,-4.33133693277243e-05,0.121813857066795,0,-283.859129811595,0.943228174037681,outside_sufficient_bound;
8,1,23,4,5,0.5,1,3.52210354051543,49.6208534004452,7,1.25,1.00260158403297,0.290289482774719,1.8599674489904,15.0600009250912,136.642556130067,1,20.5529572460616,1,1,1,1,1,1,1,7.04022139898704e-15,1.8599674489904,15.0600009250912,125.609267249028,123.88164266209,8.88603814626803,132.46264638921,136.642556130067,3.52511497499009,6.73446001698577,6.73446001698577,0.3099766684333,6,7,7,1,1,11.4999302804894,0.309976668433301,0.584039716202758,0.000743812470382873,-4.33133693277243e-05,0.242129186424929,0,-283.859129811595,0.943228174037681,certified_feasible
8,1,24,4,6,0.5,1.25,4.40262942564428,77.5325834381956,7,1.8125,1.43056590907226,0.161844486278377,1.98354026686585,15.2674328925864,157.378996244567,1,48.464687283812,1,1,1,1,1,1,1,5.92807510194634e-15,1.98354026686585,15.2674328925864,149.21829290412,147.183810903512,10.2173250772457,157.378996244567,149.21829290412,3.52511497499009,6.87113947276441,6.87113947276441,0.228783665023548,6,7,7,1,1,17.6758015819457,0.228783665023549,0.584039716202758,0.000743812470382873,-4.33133693277243e-05,0.323322189834682,0,-283.859129811595,0.943228174037681,certified_feasible
8,1,25,5,1,0.75,0.1,0.352210354051543,0.220537126224201,7,0.5725,0.567953597399037,0.328387911185422,1.84381270188643,14.584313597555,136.642556130067,0,-28.8473590281594,1,1,1,1,1,0,0,9.70048639487496e-15,1.84381270188643,14.5843135975559,97.4794335715307,33.7559351491592,8.88603814626803,41.8813032796675,136.642556130067,3.52511497499009,3.58677322553628,3.58677322553629,0.982947130386328,6,6,6,0.9729047387324,0.970882697132582,0.0784097715209298,0.984858913183961,0.538977229432891,0.000831015972692557,0.00182393561582062,-0.477815545095598,0,-283.859129811595,0.943228174037681,finite_geometry;outside_sufficient_bound;
8,1,26,5,2,0.75,0.25,0.880525885128856,1.37835703890125,7,0.625,0.604911664981318,0.314280065330139,1.88348642799573,14.6363182731496,136.642556130067,0,-27.6895391154824,1,1,1,1,1,0,0,9.23205200865998e-15,1.88348642799573,14.6363182731496,100.244699203029,41.4009751478512,8.88603814626803,48.3637947922183,136.642556130067,3.52511497499009,3.8922228476449,3.89222284764491,0.910447800359335,6,6,6,0.9729047387324,0.961328550573446,0.0784097715209322,0.91824186886906,0.538977229432891,0.000831015972692557,0.00182393561582062,-0.411198500780697,0,-283.859129811595,0.943228174037681,finite_geometry;outside_sufficient_bound;
8,1,27,5,3,0.75,0.5,1.76105177025771,5.51342815560502,7,0.8125,0.743248901575055,0.290766988904666,1.94960930484456,14.7763846024976,136.642556130067,0,-23.5544679987786,1,1,1,1,1,0,0,8.29688502877683e-15,1.94960930484456,14.7763846024976,109.892694321545,61.940821331045,8.88603814626803,66.9038683232806,136.642556130067,3.52511497499009,4.75394769257348,4.75394769257348,0.752025337827456,6,7,7,1,1,3.91618961481232,0.752025337827458,0.584039716202758,0.000743812470382873,-4.33133693277243e-05,-0.199919482969227,0,-283.859129811595,0.943228174037681,finite_geometry;outside_sufficient_bound;
8,1,28,5,4,0.75,0.75,2.64157765538657,12.4052133501113,7,1.125,0.97751170978121,0.267253912479194,2.01573218169339,14.9390921256536,136.642556130067,0,-16.6626828042723,1,1,1,1,1,0,0,7.16808293150457e-15,2.01573218169339,14.9390921256536,124.494906264088,85.6865575225058,8.88603814626803,91.602376695668,136.642556130067,3.52511497499009,5.61600467706834,5.61600467706835,0.604208302095791,6,7,7,1,1,7.34722922673246,0.604208302095792,0.584039716202758,0.000743812470382873,-4.33133693277243e-05,-0.0521024472375611,0,-283.859129811595,0.943228174037681,finite_geometry;outside_sufficient_bound;
8,1,29,5,5,0.75,1,3.52210354051543,22.0537126224201,7,1.5625,1.30770008959978,0.243740836053721,2.08185505854222,15.1237101085164,142.536774131004,0,-7.01418353196354,1,1,1,1,1,1,0,6.22886855795926e-15,2.08185505854223,15.1237101085164,142.536774131004,111.092887813944,8.88603814626803,118.757096364771,142.536774131004,3.52511497499009,6.20703122762502,6.20703122762502,0.481729877085375,6,7,7,1,1,12.1506846834207,0.481729877085376,0.584039716202758,0.000743812470382873,-4.33133693277243e-05,0.0703759777728548,0,-283.859129811595,0.943228174037681,outside_sufficient_bound;
8,1,30,5,6,0.75,1.25,4.40262942564428,34.4589259725314,7,2.125,1.73381404103077,0.127229000865231,2.14797793539106,15.3294469451432,163.262930687526,1,5.39102981814776,1,0,1,0,0,0,0,NaN,NaN,NaN,NaN,NaN,NaN,NaN,NaN,3.52511497499009,NaN,6.54774235207296,0.384890448415522,6,NaN,NaN,NaN,NaN,NaN,NaN,NaN,NaN,NaN,NaN,0,NaN,NaN,modulation_envelope;
8,1,31,6,1,1,0.1,0.352210354051543,0.124052133501113,7,1.01,1.00471344795572,0.178807306439016,2.07920978308407,14.7217720128447,136.642556130067,0,-28.9438440208825,1,1,1,1,1,0,0,7.37670997787335e-15,2.07920978308407,14.7217720128452,128.126209517269,10.6824927137968,8.88603814626803,13.9418741536746,136.642556130067,3.52511497499009,3.55993570434539,3.5599357043454,0.990235854189662,6,6,6,0.9729047387324,0.971758581488939,0.13939514937055,0.9913587406796,0.538977229432891,0.000831015972692557,0.00182393561582062,-0.484315372591237,0,-283.859129811595,0.943228174037681,finite_geometry;outside_sufficient_bound;
8,1,32,6,2,1,0.25,0.880525885128856,0.775325834381956,7,1.0625,1.04056129137302,0.164699460583733,2.11888350919337,14.7351241504717,136.642556130067,0,-28.2925703200017,1,1,1,1,1,0,0,7.23869437498118e-15,2.11888350919337,14.735124150472,130.218356349948,26.706231784492,8.88603814626803,28.545353087769,136.642556130067,3.52511497499009,3.73693863246933,3.73693863246933,0.945266661564344,6,6,6,0.9729047387324,0.966095216285956,0.139395149370543,0.950644983512593,0.538977229432891,0.000831015972692557,0.00182393561582062,-0.44360161542423,0,-283.859129811595,0.943228174037681,finite_geometry;outside_sufficient_bound;
8,1,33,6,3,1,0.5,1.76105177025771,3.10130333752782,7,1.25,1.17704815435846,0.14118638415826,2.18500638604221,14.8698647877472,137.745356502464,0,-25.9665928168558,1,1,1,1,1,0,0,6.58669978409019e-15,2.18500638604221,14.8698647877472,137.745356502464,53.4124635689839,8.88603814626803,57.0907061755379,137.745356502464,3.52511497499009,4.29215988313727,4.29215988313728,0.832221773529442,6,7,7,1,1,4.82724577891605,0.832221773529443,0.584039716202758,0.000743812470382873,-4.33133693277243e-05,-0.280115918671212,0,-283.859129811595,0.943228174037681,finite_geometry;outside_sufficient_bound;
8,1,34,6,4,1,0.75,2.64157765538657,6.9779325094376,7,1.5625,1.40946058895632,0.117673307732787,2.25112926289104,15.0307108067236,149.619246820096,0,-22.089963644946,1,1,1,1,1,0,0,6.05045579752794e-15,2.25112926289104,15.0307108067236,149.619246820096,80.1186953534759,8.88603814626803,85.6360592633069,149.619246820096,3.52511497499009,4.98659481701416,4.98659481701417,0.713040112977441,6,7,7,1,1,8.25828539083619,0.713040112977441,0.584039716202758,0.000743812470382873,-4.33133693277243e-05,-0.16093425811921,0,-283.859129811595,0.943228174037681,finite_geometry;outside_sufficient_bound;
8,1,35,6,5,1,1,3.52210354051543,12.4052133501113,7,2,1.73779859516659,0.0941602313073149,2.31725213973987,15.2133776063921,164.903692116179,0,-16.6626828042723,1,0,1,0,0,0,0,NaN,NaN,NaN,NaN,NaN,NaN,NaN,NaN,3.52511497499009,NaN,5.61600467706835,0.604208302095791,6,NaN,NaN,NaN,NaN,NaN,NaN,NaN,NaN,NaN,NaN,0,NaN,NaN,modulation_envelope;
8,1,36,6,6,1,1.25,4.40262942564428,19.3831458595489,7,2.5625,2.16206217298929,0.0706471548818424,2.3833750165887,15.4170895866836,182.744929345784,0,-9.68475029483472,1,0,1,0,0,0,0,NaN,NaN,NaN,NaN,NaN,NaN,NaN,NaN,3.52511497499009,NaN,6.08631987409624,0.509853543397683,6,NaN,NaN,NaN,NaN,NaN,NaN,NaN,NaN,NaN,NaN,0,NaN,NaN,modulation_envelope;
8,2,1,1,1,0.1,0.1,0.352210354051543,12.4052133501113,7,0.02,0.0176872893620044,0.555231422589314,1.50115287688517,14.4229426770921,136.642556130067,0,-16.6626828042723,1,0,1,0,0,0,0,NaN,NaN,NaN,NaN,NaN,NaN,NaN,NaN,3.52511497499009,NaN,5.61600467706835,0.604208302095791,6,NaN,NaN,NaN,NaN,NaN,NaN,NaN,NaN,NaN,NaN,0,NaN,NaN,modulation_envelope;
8,2,2,1,2,0.1,0.25,0.880525885128856,77.5325834381956,7,0.0724999999999999,0.0589130815978191,0.540824892560184,1.53079152519565,14.4728816892492,136.642556130067,1,48.464687283812,1,0,1,0,0,0,0,NaN,NaN,NaN,NaN,NaN,NaN,NaN,NaN,3.52511497499009,NaN,6.87113947276441,0.228783665023548,6,NaN,NaN,NaN,NaN,NaN,NaN,NaN,NaN,NaN,NaN,0,NaN,NaN,modulation_envelope;
8,2,3,1,3,0.1,0.5,1.76105177025771,310.130333752782,7,0.26,0.206809023838332,0.497987149843558,1.60427599981197,14.5764600255171,139.178942886833,1,281.062437598399,1,0,1,0,0,0,0,NaN,NaN,NaN,NaN,NaN,NaN,NaN,NaN,3.52511497499009,NaN,6.98980738394204,0.0722945446336131,6,NaN,NaN,NaN,NaN,NaN,NaN,NaN,NaN,NaN,NaN,0,NaN,NaN,modulation_envelope;
8,2,4,1,4,0.1,0.75,2.64157765538657,697.79325094376,7,0.5725,0.453687826721538,0.453849562426239,1.73149642686118,14.7049944646915,154.607930348738,1,668.725354789377,1,1,1,1,1,1,1,1.02714861636268e-14,1.73149642686121,14.7049944646915,142.579469495927,144.589804809472,10.0640171327789,154.607930348738,136.642556130067,3.52511497499009,6.99789533192528,6.99789533192528,0.0338140291561794,6,7,7,1,1,6.19669544235003,0.0338140291561795,0.584039716202758,0.000743812470382873,-4.33133693277243e-05,0.518291825702051,0,-283.859129811595,0.943228174037681,certified_feasible
8,2,5,1,5,0.1,1,3.52210354051543,1240.52133501113,7,1.01,0.799549490247438,0.302669900254652,1.87361028928692,14.8578373387359,173.324986375838,1,1211.45343885675,1,1,1,1,1,1,1,7.83644804888407e-15,1.87361028928691,14.8578373387359,160.004010296052,162.108594094742,11.2659303129861,173.324986375838,136.642556130067,3.52511497499009,6.99932363600543,6.99932363600543,0.0193772237008429,6,7,7,1,1,11.0001508990382,0.0193772237008428,0.584039716202758,0.000743812470382873,-4.33133693277243e-05,0.532728631157388,0,-283.859129811595,0.943228174037681,certified_feasible
8,2,6,1,6,0.1,1.25,4.40262942564428,1938.31458595489,7,1.5725,1.24439401441603,0.151490238083066,2.03006050814856,15.0342472844061,194.382598165293,1,1909.24668980051,1,1,1,1,1,1,1,6.30874583735218e-15,2.03006050814855,15.0342472844061,179.660114043222,181.813849808071,12.6219118995186,194.382598165293,142.252181696605,3.52511497499009,6.99972095993,6.99972095993,0.0125102434988499,6,7,7,1,1,17.1760222004945,0.0125102434988499,0.584039716202758,0.000743812470382873,-4.33133693277243e-05,0.539595611359381,0,-283.859129811595,0.943228174037681,certified_feasible
8,2,7,2,1,0.2,0.1,0.352210354051543,3.10130333752782,7,0.05,0.0474559498725933,0.530600583097473,1.513501233927,14.4299206223619,136.642556130067,0,-25.9665928168558,1,0,1,0,0,0,0,NaN,NaN,NaN,NaN,NaN,NaN,NaN,NaN,3.52511497499009,NaN,4.29215988313728,0.832221773529442,6,NaN,NaN,NaN,NaN,NaN,NaN,NaN,NaN,NaN,NaN,0,NaN,NaN,modulation_envelope;
8,2,8,2,2,0.2,0.25,0.880525885128856,19.3831458595489,7,0.1025,0.0883347328742915,0.531514712797559,1.54313988223748,14.4796904890431,136.642556130067,0,-9.68475029483472,1,0,1,0,0,0,0,NaN,NaN,NaN,NaN,NaN,NaN,NaN,NaN,3.52511497499009,NaN,6.08631987409624,0.509853543397683,6,NaN,NaN,NaN,NaN,NaN,NaN,NaN,NaN,NaN,NaN,0,NaN,NaN,modulation_envelope;
8,2,9,2,3,0.2,0.5,1.76105177025771,77.5325834381956,7,0.29,0.235652326391277,0.479531119897181,1.65953078566124,14.582980379669,136.642556130067,1,48.464687283812,1,0,1,0,0,0,0,NaN,NaN,NaN,NaN,NaN,NaN,NaN,NaN,3.52511497499009,NaN,6.87113947276441,0.228783665023548,6,NaN,NaN,NaN,NaN,NaN,NaN,NaN,NaN,NaN,NaN,0,NaN,NaN,modulation_envelope;
8,2,10,2,4,0.2,0.75,2.64157765538657,174.44831273594,7,0.6025,0.481952780550955,0.427547526996802,1.78675121271045,14.7112198575017,143.376540463699,1,145.380416581556,1,1,1,1,1,1,1,1.00502882651832e-14,1.78675121271046,14.7112198575017,132.097842889944,134.091293012951,9.32726365101514,143.376540463699,136.642556130067,3.52511497499009,6.96971774419397,6.96971774419397,0.120208126001104,6,7,7,1,1,6.25916786503144,0.120208126001104,0.584039716202758,0.000743812470382873,-4.33133693277243e-05,0.431897728857126,0,-283.859129811595,0.943228174037681,certified_feasible
8,2,11,2,5,0.2,1,3.52210354051543,310.130333752782,7,1.04,0.827236095353328,0.293908265586567,1.91397163975966,14.863763166988,163.208410789942,1,281.062437598399,1,1,1,1,1,1,1,7.78585077911804e-15,1.91397163975967,14.863763166988,150.569774418597,152.651558032106,10.6024951829187,163.208410789942,136.642556130067,3.52511497499009,6.98980738394204,6.98980738394204,0.0722945446336131,6,7,7,1,1,11.0626233217196,0.0722945446336133,0.584039716202758,0.000743812470382873,-4.33133693277243e-05,0.479811310224617,0,-283.859129811595,0.943228174037681,certified_feasible
8,2,12,2,6,0.2,1.25,4.40262942564428,484.578646488722,7,1.6025,1.27150227079839,0.142728603414981,2.04119206680887,15.0398708145876,185.262632880078,1,455.510750334339,1,1,1,1,1,1,1,6.24967480757788e-15,2.04119206680888,15.0398708145876,171.162989337308,173.287669946534,12.0242542473967,185.262632880078,143.691271422751,3.52511497499009,6.99570342448687,6.99570342448687,0.0478088270198094,6,7,7,1,1,17.2384946231759,0.0478088270198095,0.584039716202758,0.000743812470382873,-4.33133693277243e-05,0.504297027838421,0,-283.859129811595,0.943228174037681,certified_feasible
8,2,13,3,1,0.35,0.1,0.352210354051543,1.01267047756011,7,0.1325,0.129608940638477,0.493635166997224,1.53886028115641,14.4486605285334,136.642556130067,0,-28.0552256768235,1,0,1,0,0,0,0,NaN,NaN,NaN,NaN,NaN,NaN,NaN,NaN,3.52511497499009,NaN,3.79903522796477,0.930923748178397,6,NaN,NaN,NaN,NaN,NaN,NaN,NaN,NaN,NaN,NaN,0,NaN,NaN,modulation_envelope;
8,2,14,3,2,0.35,0.25,0.880525885128856,6.32919048475066,7,0.185,0.169967209789,0.479058639678252,1.61519253738593,14.4981487235222,136.642556130067,0,-22.738705669633,1,0,1,0,0,0,0,NaN,NaN,NaN,NaN,NaN,NaN,NaN,NaN,3.52511497499009,NaN,4.88754779742767,0.729612852371813,6,NaN,NaN,NaN,NaN,NaN,NaN,NaN,NaN,NaN,NaN,0,NaN,NaN,modulation_envelope;
8,2,15,3,3,0.35,0.5,1.76105177025771,25.3167619390026,7,0.3725,0.316417280220694,0.427075046777873,1.74241296443514,14.6009483569028,136.642556130067,0,-3.75113421538097,1,1,1,1,1,1,0,1.2902552737259e-14,1.74241296443515,14.6009483569028,100.010106759894,101.794116398205,8.88603814626803,109.059013399097,136.642556130067,3.52511497499009,6.32564077696437,6.32564077696438,0.451569014941791,6,7,7,1,1,2.99992741548514,0.451569014941792,0.584039716202758,0.000743812470382873,-4.33133693277243e-05,0.100536839916438,0,-283.859129811595,0.943228174037681,outside_sufficient_bound;
8,2,16,3,4,0.35,0.75,2.64157765538657,56.9627143627559,7,0.685,0.561850211295081,0.353822636829015,1.86963339148435,14.7286748310611,136.642556130067,1,27.8948182083723,1,1,1,1,1,1,1,9.68057007783304e-15,1.86963339148436,14.7286748310611,117.230121014647,119.17855674461,8.88603814626803,127.423241025421,136.642556130067,3.52511497499009,6.786067692799,6.78606769279901,0.28343664095304,6,7,7,1,1,6.43096702740528,0.283436640953041,0.584039716202758,0.000743812470382873,-4.33133693277243e-05,0.26866921390519,0,-283.859129811595,0.943228174037681,certified_feasible
8,2,17,3,5,0.35,1,3.52210354051543,101.267047756011,7,1.1225,0.906266003012162,0.279389479322066,1.99685381853356,14.8806862907575,149.097809116449,1,72.199151601627,1,1,1,1,1,1,1,7.47269402358167e-15,1.99685381853357,14.8806862907575,137.43316983253,139.460064965889,9.6775632607012,149.097809116449,136.642556130067,3.52511497499009,6.91877386894089,6.91877386894089,0.187268421509474,6,7,7,1,1,11.2344224840935,0.187268421509474,0.584039716202758,0.000743812470382873,-4.33133693277243e-05,0.364837433348756,0,-283.859129811595,0.943228174037681,certified_feasible
8,2,18,3,6,0.35,1.25,4.40262942564428,158.229762118767,7,1.685,1.34966465537194,0.129586151412852,2.12407424558277,15.0562471929547,172.709975985953,1,129.161865964383,1,1,1,1,1,1,1,6.02963775092074e-15,2.12407424558278,15.0562471929547,159.48964275291,161.551187340042,11.2023428195716,172.709975985953,147.401606889442,3.52511497499009,6.96371887456865,6.96371887456865,0.130560222042332,6,7,7,1,1,17.4102937855497,0.130560222042332,0.584039716202758,0.000743812470382873,-4.33133693277243e-05,0.421545632815899,0,-283.859129811595,0.943228174037681,certified_feasible
8,2,19,4,1,0.5,0.1,0.352210354051543,0.496208534004452,7,0.26,0.25676193140436,0.456669750896974,1.62174245993031,14.4772922395566,136.642556130067,0,-28.5716876203792,1,1,1,1,1,0,0,1.39329396276152e-14,1.62174245993031,14.4772946764812,68.7868595247267,65.5131666792506,8.88603814626803,73.8274889547835,136.642556130067,3.52511497499009,3.66227148148966,3.66227148148967,0.963406745440507,6,6,6,0.9729047387324,0.968452358671264,0.0348487873426357,0.967238108668538,0.538977229432891,0.000831015972692557,0.00182393561582062,-0.460194740580174,0,-283.859129811595,0.943228174037681,finite_geometry;outside_sufficient_bound;
8,2,20,4,2,0.5,0.25,0.880525885128856,3.10130333752782,7,0.3125,0.296599686703709,0.412940588995069,1.69807471615983,14.5264659769623,136.642556130067,0,-25.9665928168558,1,1,1,1,1,0,0,1.32219744097101e-14,1.69807471615983,14.5264659769623,71.99142740758,70.954766517273,8.88603814626803,78.8197250432486,136.642556130067,3.52511497499009,4.29215988313727,4.29215988313728,0.832221773529442,6,7,7,1,1,1.20681144472901,0.832221773529443,0.584039716202758,0.000743812470382873,-4.33133693277243e-05,-0.280115918671212,0,-283.859129811595,0.943228174037681,finite_geometry;outside_sufficient_bound;
8,2,21,4,3,0.5,0.5,1.76105177025771,12.4052133501113,7,0.5,0.44218223405011,0.33850743148812,1.82529514320904,14.6287076226052,136.642556130067,0,-16.6626828042723,1,1,1,1,1,0,0,1.10530522891954e-14,1.82529514320904,14.6287076226052,86.0488247803863,85.9972563088494,8.88603814626803,92.7680440809288,136.642556130067,3.52511497499009,5.61600467706834,5.61600467706835,0.604208302095791,6,7,7,1,1,3.26543521188109,0.604208302095791,0.584039716202758,0.000743812470382873,-4.33133693277243e-05,-0.0521024472375607,0,-283.859129811595,0.943228174037681,finite_geometry;outside_sufficient_bound;
8,2,22,4,4,0.5,0.75,2.64157765538657,27.9117300377504,7,0.8125,0.686747642039206,0.264074273981171,1.95251557025825,14.7558379118945,136.642556130067,0,-1.15616611663321,1,1,1,1,1,1,0,8.9648452363516e-15,1.95251557025825,14.7558379118945,105.924647335558,105.643610180192,8.88603814626803,112.944924355606,136.642556130067,3.52511497499009,6.40248476289576,6.40248476289577,0.430291997791434,6,7,7,1,1,6.69647482380122,0.430291997791435,0.584039716202758,0.000743812470382873,-4.33133693277243e-05,0.121813857066796,0,-283.859129811595,0.943228174037681,outside_sufficient_bound;
8,2,23,4,5,0.5,1,3.52210354051543,49.6208534004452,7,1.25,1.030295910671,0.189641116474223,2.07973599730746,14.9072200997757,136.642556130067,1,20.5529572460616,1,1,1,1,1,1,1,7.16195093878085e-15,2.07973599730746,14.9072200997757,128.605785510011,127.787760483091,8.88603814626803,136.613877773304,136.642556130067,3.52511497499009,6.73446001698577,6.73446001698577,0.3099766684333,6,7,7,1,1,11.4999302804894,0.309976668433301,0.584039716202758,0.000743812470382873,-4.33133693277243e-05,0.24212918642493,0,-283.859129811595,0.943228174037681,certified_feasible
8,2,24,4,6,0.5,1.25,4.40262942564428,77.5325834381956,7,1.8125,1.47282703994548,0.115207958967274,2.20695642435667,15.0821239409715,161.787675842956,1,48.464687283812,1,1,1,1,1,1,1,5.87609433499932e-15,2.20695642435667,15.0821239409715,152.848459941666,151.337193593606,10.4884688132011,161.787675842956,152.848459941666,3.52511497499009,6.87113947276441,6.87113947276441,0.228783665023548,6,7,7,1,1,17.6758015819457,0.228783665023549,0.584039716202758,0.000743812470382873,-4.33133693277243e-05,0.323322189834682,0,-283.859129811595,0.943228174037681,certified_feasible
8,2,25,5,1,0.75,0.1,0.352210354051543,0.220537126224201,7,0.5725,0.568683582680832,0.308019878752832,1.81687126059722,14.5756330239973,136.642556130067,0,-28.8473590281594,1,1,1,1,1,0,0,9.81450925689005e-15,1.81687126059722,14.5756330240012,97.6347287379543,34.3906980907262,8.88603814626803,42.4912065211524,136.642556130067,3.52511497499009,3.58677322553628,3.58677322553629,0.982947130386328,6,6,6,0.9729047387324,0.970882697132583,0.07840977152093,0.984858913183962,0.538977229432891,0.000831015972692557,0.00182393561582062,-0.477815545095598,0,-283.859129811595,0.943228174037681,finite_geometry;outside_sufficient_bound;
8,2,26,5,2,0.75,0.25,0.880525885128856,1.37835703890125,7,0.625,0.607653814894889,0.263359984248662,1.836211680783,14.595405429897,136.642556130067,0,-27.6895391154824,1,1,1,1,1,0,0,9.39544615995135e-15,1.836211680783,14.595405429897,100.783753172049,42.9986281544247,8.88603814626803,49.9110367250112,136.642556130067,3.52511497499009,3.8922228476449,3.89222284764491,0.910447800359335,6,6,6,0.9729047387324,0.961328550573446,0.07840977152093,0.91824186886906,0.538977229432891,0.000831015972692557,0.00182393561582062,-0.411198500780696,0,-283.859129811595,0.943228174037681,finite_geometry;outside_sufficient_bound;
8,2,27,5,3,0.75,0.5,1.76105177025771,5.51342815560502,7,0.8125,0.751790490432472,0.188926826741714,1.96343210783221,14.696571934229,136.642556130067,0,-23.5544679987786,1,1,1,1,1,0,0,8.52591256579686e-15,1.96343210783221,14.696571934229,111.363591597191,63.8938802415455,8.88603814626803,68.971510362631,136.642556130067,3.52511497499009,4.75394769257347,4.75394769257348,0.752025337827456,6,7,7,1,1,3.91618961481233,0.752025337827457,0.584039716202758,0.000743812470382873,-4.33133693277243e-05,-0.199919482969226,0,-283.859129811595,0.943228174037681,finite_geometry;outside_sufficient_bound;
8,2,28,5,4,0.75,0.75,2.64157765538657,12.4052133501113,7,1.125,0.994910026612748,0.114493669234765,2.09065253488142,14.8225296902886,136.642556130067,0,-16.6626828042723,1,1,1,1,1,0,0,7.41133469579461e-15,2.09065253488142,14.8225296902885,127.08352345926,87.8639227419569,8.88603814626803,93.9311680180122,136.642556130067,3.52511497499009,5.61600467706834,5.61600467706835,0.604208302095791,6,7,7,1,1,7.34722922673246,0.604208302095792,0.584039716202758,0.000743812470382873,-4.33133693277243e-05,-0.0521024472375615,0,-283.859129811595,0.943228174037681,finite_geometry;outside_sufficient_bound;
8,2,29,5,5,0.75,1,3.52210354051543,22.0537126224201,7,1.5625,1.33701242343572,0.0400605117278166,2.21787296193063,14.9726530403806,146.295871806514,0,-7.01418353196354,1,1,1,1,1,1,0,6.2743508896045e-15,2.21787296193063,14.9726530403806,146.295871806514,113.735619737684,8.88603814626803,121.497880165819,146.295871806514,3.52511497499009,6.20703122762502,6.20703122762502,0.481729877085375,6,7,7,1,1,12.1506846834207,0.481729877085375,0.584039716202758,0.000743812470382873,-4.33133693277243e-05,0.0703759777728553,0,-283.859129811595,0.943228174037681,outside_sufficient_bound;
8,2,30,5,6,0.75,1.25,4.40262942564428,34.4589259725314,7,2.125,1.77809768090138,-0.0343726457791323,2.34509338897984,15.1462234422435,167.805333800356,1,5.39102981814776,0,0,1,0,0,0,0,NaN,NaN,NaN,NaN,NaN,NaN,NaN,NaN,3.52511497499009,NaN,6.54774235207296,0.384890448415522,6,NaN,NaN,NaN,NaN,NaN,NaN,NaN,NaN,NaN,NaN,0,NaN,NaN,negative_rate;modulation_envelope;
8,2,31,6,1,1,0.1,0.352210354051543,0.124052133501113,7,1.01,1.0056052339573,0.158439274006426,2.05226834179487,14.7126602319128,136.642556130067,0,-28.9438440208825,1,1,1,1,1,0,0,7.53610482871472e-15,2.05226834179487,14.7126602319138,128.347326784628,10.9686380974599,8.88603814626803,14.3266242840454,136.642556130067,3.52511497499009,3.55993570434539,3.5599357043454,0.990235854189662,6,6,6,0.9729047387324,0.971758581488939,0.139395149370546,0.9913587406796,0.538977229432891,0.000831015972692557,0.00182393561582062,-0.484315372591237,0,-283.859129811595,0.943228174037681,finite_geometry;outside_sufficient_bound;
8,2,32,6,2,1,0.25,0.880525885128856,0.775325834381956,7,1.0625,1.04370794308607,0.113779379502256,2.05152990597035,14.712882119137,136.642556130067,0,-28.2925703200017,1,1,1,1,1,0,0,7.31344035566641e-15,2.05152990597036,14.7128821191392,130.886254505944,27.4215952436498,8.88603814626803,29.2957934953552,136.642556130067,3.52511497499009,3.73693863246932,3.73693863246933,0.945266661564344,6,6,6,0.9729047387324,0.966095216285956,0.139395149370539,0.950644983512593,0.538977229432891,0.000831015972692557,0.00182393561582062,-0.44360161542423,0,-283.859129811595,0.943228174037681,finite_geometry;outside_sufficient_bound;
8,2,33,6,3,1,0.5,1.76105177025771,3.10130333752782,7,1.25,1.18639874681483,0.0393462219953077,2.10156907245537,14.7910999487464,139.396128755846,0,-25.9665928168558,1,1,1,1,1,0,0,6.90865278098028e-15,2.10156907245537,14.7910999487464,139.396128755846,54.8431904872995,8.88603814626803,58.5915869907104,139.396128755846,3.52511497499009,4.29215988313728,4.29215988313728,0.832221773529442,6,7,7,1,1,4.82724577891605,0.832221773529443,0.584039716202758,0.000743812470382873,-4.33133693277243e-05,-0.280115918671212,0,-283.859129811595,0.943228174037681,finite_geometry;outside_sufficient_bound;
8,2,34,6,4,1,0.75,2.64157765538657,6.9779325094376,7,1.5625,1.42807241118629,-0.035086935511641,2.22878949950458,14.915672680855,152.431091241424,0,-22.089963644946,0,1,1,0,0,0,0,NaN,NaN,NaN,NaN,NaN,NaN,NaN,NaN,3.52511497499009,NaN,4.98659481701417,0.713040112977441,6,NaN,NaN,NaN,NaN,NaN,NaN,NaN,NaN,NaN,NaN,0,NaN,NaN,negative_rate;
8,2,35,6,5,1,1,3.52210354051543,12.4052133501113,7,2,1.76872893620044,-0.10952009301859,2.35600992655379,15.0642868466322,168.946980480265,0,-16.6626828042723,0,1,1,0,0,0,0,NaN,NaN,NaN,NaN,NaN,NaN,NaN,NaN,3.52511497499009,NaN,5.61600467706835,0.604208302095791,6,NaN,NaN,NaN,NaN,NaN,NaN,NaN,NaN,NaN,NaN,0,NaN,NaN,negative_rate;
8,2,36,6,6,1,1.25,4.40262942564428,19.3831458595489,7,2.5625,2.20836832185729,-0.183953250525538,2.483230353603,15.2362389624029,188.039498202299,0,-9.68475029483472,0,0,1,0,0,0,0,NaN,NaN,NaN,NaN,NaN,NaN,NaN,NaN,3.52511497499009,NaN,6.08631987409624,0.509853543397683,6,NaN,NaN,NaN,NaN,NaN,NaN,NaN,NaN,NaN,NaN,0,NaN,NaN,negative_rate;modulation_envelope;
8,3,1,1,1,0.1,0.1,0.352210354051543,12.4052133501113,7,0.02,0.0177101122709869,0.541237122869577,1.50488110404548,14.4340953122342,136.642556130067,0,-16.6626828042723,1,0,1,0,0,0,0,NaN,NaN,NaN,NaN,NaN,NaN,NaN,NaN,3.52511497499009,NaN,5.61600467706835,0.604208302095791,6,NaN,NaN,NaN,NaN,NaN,NaN,NaN,NaN,NaN,NaN,0,NaN,NaN,modulation_envelope;
8,3,2,1,2,0.1,0.25,0.880525885128856,77.5325834381956,7,0.0725,0.0581638658489697,0.512577017391289,1.55635619893,14.5005635890346,136.642556130067,1,48.464687283812,1,0,1,0,0,0,0,NaN,NaN,NaN,NaN,NaN,NaN,NaN,NaN,3.52511497499009,NaN,6.87113947276441,0.228783665023548,6,NaN,NaN,NaN,NaN,NaN,NaN,NaN,NaN,NaN,NaN,0,NaN,NaN,modulation_envelope;
8,3,3,1,3,0.1,0.5,1.76105177025771,310.130333752782,7,0.26,0.202623015602947,0.448636313767729,1.64214802373753,14.6310901891049,136.642556130067,1,281.062437598399,1,0,1,0,0,0,0,NaN,NaN,NaN,NaN,NaN,NaN,NaN,NaN,3.52511497499009,NaN,6.98980738394204,0.0722945446336131,6,NaN,NaN,NaN,NaN,NaN,NaN,NaN,NaN,NaN,NaN,0,NaN,NaN,modulation_envelope;
8,3,4,1,4,0.1,0.75,2.64157765538657,697.79325094376,7,0.5725,0.443377449261933,0.384695610144169,1.72793984854506,14.7857222319162,149.839339421665,1,668.725354789377,1,1,1,1,1,1,1,1.05683035499185e-14,1.72793984854506,14.7857222319162,138.834163617031,140.092061975975,9.78647007773212,149.839339421665,136.642556130067,3.52511497499009,6.99789533192528,6.99789533192528,0.0338140291561794,6,7,7,1,1,6.19669544235005,0.0338140291561796,0.584039716202758,0.000743812470382873,-4.33133693277243e-05,0.518291825702051,0,-283.859129811595,0.943228174037681,certified_feasible
8,3,5,1,5,0.1,1,3.52210354051543,1240.52133501113,7,1.01,0.780427166825926,0.32075490652061,1.81638417425419,14.9637124335044,167.635043834169,1,1211.45343885675,1,1,1,1,1,1,1,8.08838784652375e-15,1.81638417425419,14.9637124335044,155.471880351951,156.894629667053,10.9271494018651,167.635043834169,136.642556130067,3.52511497499009,6.99932363600543,6.99932363600543,0.0193772237008429,6,7,7,1,1,11.0001508990383,0.0193772237008429,0.584039716202758,0.000743812470382873,-4.33133693277243e-05,0.532728631157388,0,-283.859129811595,0.943228174037681,certified_feasible
8,3,6,1,6,0.1,1.25,4.40262942564428,1938.31458595489,7,1.5725,1.21377216829493,0.25681420289705,1.94866148668945,15.1642383172194,188.1982760207,1,1909.24668980051,1,1,1,1,1,1,1,6.48914507667404e-15,1.94866148668945,15.1642383172194,174.527779476228,176.141335653511,12.2351374203208,188.1982760207,138.526668681734,3.52511497499009,6.99972095993,6.99972095993,0.0125102434988499,6,7,7,1,1,17.1760222004945,0.01251024349885,0.584039716202758,0.000743812470382873,-4.33133693277243e-05,0.539595611359381,0,-283.859129811595,0.943228174037681,certified_feasible
8,3,7,2,1,0.2,0.1,0.352210354051543,3.10130333752782,7,0.05,0.0477166018295732,0.516593512136077,1.50640005719825,14.4411122851322,136.642556130067,0,-25.9665928168558,1,0,1,0,0,0,0,NaN,NaN,NaN,NaN,NaN,NaN,NaN,NaN,3.52511497499009,NaN,4.29215988313728,0.832221773529442,6,NaN,NaN,NaN,NaN,NaN,NaN,NaN,NaN,NaN,NaN,0,NaN,NaN,modulation_envelope;
8,3,8,2,2,0.2,0.25,0.880525885128856,19.3831458595489,7,0.1025,0.0881800897454355,0.508551038333598,1.55787515208277,14.5074699306081,136.642556130067,0,-9.68475029483472,1,0,1,0,0,0,0,NaN,NaN,NaN,NaN,NaN,NaN,NaN,NaN,3.52511497499009,NaN,6.08631987409624,0.509853543397683,6,NaN,NaN,NaN,NaN,NaN,NaN,NaN,NaN,NaN,NaN,0,NaN,NaN,modulation_envelope;
8,3,9,2,3,0.2,0.5,1.76105177025771,77.5325834381956,7,0.29,0.232655463395879,0.453911651977848,1.6436669768903,14.6378053082011,136.642556130067,1,48.464687283812,1,0,1,0,0,0,0,NaN,NaN,NaN,NaN,NaN,NaN,NaN,NaN,3.52511497499009,NaN,6.87113947276441,0.228783665023548,6,NaN,NaN,NaN,NaN,NaN,NaN,NaN,NaN,NaN,NaN,0,NaN,NaN,modulation_envelope;
8,3,10,2,4,0.2,0.75,2.64157765538657,174.44831273594,7,0.6025,0.47342612095133,0.389970948354289,1.72945880169784,14.7922388694096,138.777778083779,1,145.380416581556,1,1,1,1,1,1,1,1.04615592024336e-14,1.72945880169784,14.7922388694096,128.576871080125,129.788800917419,9.05855379758075,138.777778083779,136.642556130067,3.52511497499009,6.96971774419397,6.96971774419397,0.120208126001104,6,7,7,1,1,6.25916786503146,0.120208126001105,0.584039716202758,0.000743812470382873,-4.33133693277243e-05,0.431897728857126,0,-283.859129811595,0.943228174037681,certified_feasible
8,3,11,2,5,0.2,1,3.52210354051543,310.130333752782,7,1.04,0.810492062411789,0.326030244730729,1.84545271686719,14.9700248287744,157.913286020281,1,281.062437598399,1,1,1,1,1,1,1,8.06426608918878e-15,1.84545271686718,14.9700248287744,146.366030865282,147.796630977709,10.2787631037795,157.913286020281,136.642556130067,3.52511497499009,6.98980738394204,6.98980738394204,0.0722945446336131,6,7,7,1,1,11.0626233217197,0.0722945446336134,0.584039716202758,0.000743812470382873,-4.33133693277243e-05,0.479811310224617,0,-283.859129811595,0.943228174037681,certified_feasible
8,3,12,2,6,0.2,1.25,4.40262942564428,484.578646488722,7,1.6025,1.24385328777725,0.262089541107169,1.97773002930244,15.1703421864554,179.553085451798,1,455.510750334339,1,1,1,1,1,1,1,6.45144554166591e-15,1.97773002930244,15.1703421864554,166.450827097853,168.048842275523,11.658342127365,179.553085451798,140.261284862463,3.52511497499009,6.99570342448688,6.99570342448687,0.0478088270198094,6,7,7,1,1,17.2384946231759,0.0478088270198096,0.584039716202758,0.000743812470382873,-4.33133693277243e-05,0.504297027838421,0,-283.859129811595,0.943228174037681,certified_feasible
8,3,13,3,1,0.35,0.1,0.352210354051543,1.01267047756011,7,0.1325,0.130226336167453,0.479628096035828,1.51225217681566,14.4599042253107,136.642556130067,0,-28.0552256768235,1,0,1,0,0,0,0,NaN,NaN,NaN,NaN,NaN,NaN,NaN,NaN,3.52511497499009,NaN,3.79903522796477,0.930923748178397,6,NaN,NaN,NaN,NaN,NaN,NaN,NaN,NaN,NaN,NaN,0,NaN,NaN,modulation_envelope;
8,3,14,3,2,0.35,0.25,0.880525885128856,6.32919048475066,7,0.185,0.170704425590134,0.471585622233349,1.56015358181193,14.5260584543418,136.642556130067,0,-22.738705669633,1,0,1,0,0,0,0,NaN,NaN,NaN,NaN,NaN,NaN,NaN,NaN,3.52511497499009,NaN,4.88754779742767,0.729612852371813,6,NaN,NaN,NaN,NaN,NaN,NaN,NaN,NaN,NaN,NaN,0,NaN,NaN,modulation_envelope;
8,3,15,3,3,0.35,0.5,1.76105177025771,25.3167619390026,7,0.3725,0.315204135085276,0.456230097538986,1.64594540661946,14.6560343124966,136.642556130067,0,-3.75113421538097,1,1,1,1,1,1,0,1.28287249201525e-14,1.64594540663289,14.6560343124966,97.665363180847,98.7298336369088,8.88603814626803,105.973513342374,136.642556130067,3.52511497499009,6.32564077696438,6.32564077696438,0.451569014941791,6,7,7,1,1,2.99992741548515,0.451569014941793,0.584039716202758,0.000743812470382873,-4.33133693277243e-05,0.100536839916438,0,-283.859129811595,0.943228174037681,outside_sufficient_bound;
8,3,16,3,4,0.35,0.75,2.64157765538657,56.9627143627559,7,0.684999999999999,0.555999128485425,0.397883955669467,1.75677821835142,14.8100855971454,136.642556130067,1,27.8948182083723,1,1,1,1,1,1,1,9.63286603451081e-15,1.75677821835142,14.8100855971454,114.145962155059,115.354670935487,8.88603814626803,123.251087776766,136.642556130067,3.52511497499009,6.78606769279901,6.78606769279901,0.28343664095304,6,7,7,1,1,6.43096702740529,0.283436640953041,0.584039716202758,0.000743812470382873,-4.33133693277243e-05,0.268669213905189,0,-283.859129811595,0.943228174037681,certified_feasible
8,3,17,3,5,0.35,1,3.52210354051543,101.267047756011,7,1.1225,0.893089405790583,0.333943252045908,1.88905553078668,14.9874699364518,144.480815471591,1,72.199151601627,1,1,1,1,1,1,1,7.76679246944665e-15,1.88905553078667,14.9874699364518,133.835487906468,135.223878523455,9.38260547044128,144.480815471591,136.642556130067,3.52511497499009,6.91877386894089,6.91877386894089,0.187268421509474,6,7,7,1,1,11.2344224840935,0.187268421509475,0.584039716202758,0.000743812470382873,-4.33133693277243e-05,0.364837433348756,0,-283.859129811595,0.943228174037681,certified_feasible
8,3,18,3,6,0.35,1.25,4.40262942564428,158.229762118767,7,1.685,1.32647496700075,0.270002548422348,2.02133284322193,15.1873697812654,167.798442974273,1,129.161865964383,1,1,1,1,1,1,1,6.33567527059658e-15,2.02133284322193,15.1873697812654,155.888609080045,157.04188140818,10.8742457433358,167.798442974273,144.544869514916,3.52511497499009,6.96371887456865,6.96371887456865,0.130560222042332,6,7,7,1,1,17.4102937855497,0.130560222042332,0.584039716202758,0.000743812470382873,-4.33133693277243e-05,0.421545632815899,0,-283.859129811595,0.943228174037681,certified_feasible
8,3,19,4,1,0.5,0.1,0.352210354051543,0.496208534004452,7,0.26,0.257736070505332,0.442081329033598,1.57610618601994,14.4885801236048,136.642556130067,0,-28.5716876203792,1,1,1,1,1,0,0,1.39671312505214e-14,1.57610618601996,14.4885801236048,69.9214581322866,64.8091683038651,8.88603814626803,73.1364974225349,136.642556130067,3.52511497499009,3.66227148148966,3.66227148148967,0.963406745440507,6,6,6,0.9729047387324,0.968452358671264,0.0348487873426369,0.967238108668537,0.538977229432891,0.000831015972692557,0.00182393561582062,-0.460194740580174,0,-283.859129811595,0.943228174037681,finite_geometry;outside_sufficient_bound;
8,3,20,4,2,0.5,0.25,0.880525885128856,3.10130333752782,7,0.3125,0.298228761434833,0.4346202061331,1.59941767957878,14.5544866714703,136.642556130067,0,-25.9665928168558,1,1,1,1,1,0,0,1.29889561414957e-14,1.59941767957878,14.5544866714703,74.4720049019462,69.2931560730353,8.88603814626803,77.1686545681954,136.642556130067,3.52511497499009,4.29215988313727,4.29215988313728,0.832221773529442,6,7,7,1,1,1.20681144472902,0.832221773529443,0.584039716202758,0.000743812470382873,-4.33133693277243e-05,-0.280115918671213,0,-283.859129811595,0.943228174037681,finite_geometry;outside_sufficient_bound;
8,3,21,4,3,0.5,0.5,1.76105177025771,12.4052133501113,7,0.5,0.442752806774673,0.421216083128968,1.69195637895946,14.6840170565465,136.642556130067,0,-16.6626828042723,1,1,1,1,1,0,0,1.07166068805516e-14,1.69195637895946,14.6840170565465,87.9300560785262,83.2284282824448,8.88603814626803,89.9855100687366,136.642556130067,3.52511497499009,5.61600467706834,5.61600467706835,0.604208302095791,6,7,7,1,1,3.2654352118811,0.604208302095793,0.584039716202758,0.000743812470382873,-4.33133693277243e-05,-0.052102447237562,0,-283.859129811595,0.943228174037681,finite_geometry;outside_sufficient_bound;
8,3,22,4,4,0.5,0.75,2.64157765538657,27.9117300377504,7,0.8125,0.683572136019521,0.387117308630636,1.80038103227091,14.837585977492,136.642556130067,0,-1.15616611663321,1,1,1,1,1,1,0,8.64604424863947e-15,1.80038103227091,14.837585977492,106.209391716928,102.410919560205,8.88603814626803,109.421398499686,136.642556130067,3.52511497499009,6.40248476289576,6.40248476289577,0.430291997791434,6,7,7,1,1,6.69647482380123,0.430291997791436,0.584039716202758,0.000743812470382873,-4.33133693277243e-05,0.121813857066795,0,-283.859129811595,0.943228174037681,outside_sufficient_bound;
8,3,23,4,5,0.5,1,3.52210354051543,49.6208534004452,7,1.25,1.02068674916938,0.307678391099002,1.93265834470617,15.0144558488665,136.642556130067,1,20.5529572460616,1,1,1,1,1,1,1,7.14498628291582e-15,1.93265834470616,15.0144558488665,127.248968148418,124.312090525235,8.88603814626803,132.871842266225,136.642556130067,3.52511497499009,6.73446001698577,6.73446001698577,0.3099766684333,6,7,7,1,1,11.4999302804894,0.309976668433301,0.584039716202758,0.000743812470382873,-4.33133693277243e-05,0.24212918642493,0,-283.859129811595,0.943228174037681,certified_feasible
8,3,24,4,6,0.5,1.25,4.40262942564428,77.5325834381956,7,1.8125,1.45409664622424,0.211355370859068,2.06493565714142,15.2138140290734,158.249908442195,1,48.464687283812,1,1,1,1,1,1,1,6.01291066494525e-15,2.06493565714142,15.2138140290734,150.687550679211,148.053846684499,10.2135925770806,158.249908442195,150.687550679211,3.52511497499009,6.87113947276441,6.87113947276441,0.228783665023548,6,7,7,1,1,17.6758015819457,0.228783665023549,0.584039716202758,0.000743812470382873,-4.33133693277243e-05,0.323322189834682,0,-283.859129811595,0.943228174037681,certified_feasible
8,3,25,5,1,0.75,0.1,0.352210354051543,0.220537126224201,7,0.5725,0.570252294401798,0.348529978113181,1.79749619765639,14.5847415588335,136.642556130067,0,-28.8473590281594,1,1,1,1,1,0,0,9.79199725459113e-15,1.79749619765639,14.5847415588337,97.7660285472928,33.7098997539629,8.88603814626803,41.8357926808182,136.642556130067,3.52511497499009,3.58677322553629,3.58677322553629,0.982947130386328,6,6,6,0.9729047387324,0.970882697132582,0.0784097715209329,0.984858913183961,0.538977229432891,0.000831015972692557,0.00182393561582062,-0.477815545095598,0,-283.859129811595,0.943228174037681,finite_geometry;outside_sufficient_bound;
8,3,26,5,2,0.75,0.25,0.880525885128856,1.37835703890125,7,0.625,0.610769321175997,0.363376736226915,1.76769516742063,14.6235681676595,136.642556130067,0,-27.6895391154824,1,1,1,1,1,0,0,9.34275966735574e-15,1.76769516742063,14.6235681676595,101.170578644368,41.6142141412224,8.88603814626803,48.5431151610844,136.642556130067,3.52511497499009,3.8922228476449,3.89222284764491,0.910447800359335,6,6,6,0.9729047387324,0.961328550573446,0.0784097715209287,0.918241868869059,0.538977229432891,0.000831015972692557,0.00182393561582062,-0.411198500780696,0,-283.859129811595,0.943228174037681,finite_geometry;outside_sufficient_bound;
8,3,27,5,3,0.75,0.5,1.76105177025771,5.51342815560502,7,0.8125,0.755333926257002,0.335571367153096,1.84933532553763,14.752170431132,136.642556130067,0,-23.5544679987786,1,1,1,1,1,0,0,8.49748971503707e-15,1.84933532553763,14.752170431132,111.601084053963,62.1560452626177,8.88603814626803,66.9705498334494,136.642556130067,3.52511497499009,4.75394769257348,4.75394769257348,0.752025337827456,6,7,7,1,1,3.91618961481234,0.752025337827457,0.584039716202758,0.000743812470382873,-4.33133693277243e-05,-0.199919482969226,0,-283.859129811595,0.943228174037681,finite_geometry;outside_sufficient_bound;
8,3,28,5,4,0.75,0.75,2.64157765538657,12.4052133501113,7,1.125,0.996193815243014,0.28282788446395,1.94187402491832,14.9047188829484,136.642556130067,0,-16.6626828042723,1,1,1,1,1,0,0,7.21677894434537e-15,1.94187402491832,14.9047188829484,126.638236010508,86.2969112155034,8.88603814626803,92.2412656725673,136.642556130067,3.52511497499009,5.61600467706835,5.61600467706835,0.604208302095791,6,7,7,1,1,7.34722922673248,0.604208302095792,0.584039716202758,0.000743812470382873,-4.33133693277243e-05,-0.0521024472375615,0,-283.859129811595,0.943228174037681,finite_geometry;outside_sufficient_bound;
8,3,29,5,5,0.75,1,3.52210354051543,22.0537126224201,7,1.5625,1.33334898813404,0.19374212246442,2.034412724299,15.0804868490991,144.854439202726,0,-7.01418353196354,1,1,1,1,1,1,0,6.32632770347204e-15,2.034412724299,15.0804868490991,144.854439202726,111.504171060684,8.88603814626803,119.188230810564,144.854439202726,3.52511497499009,6.20703122762502,6.20703122762502,0.481729877085375,6,7,7,1,1,12.1506846834206,0.481729877085375,0.584039716202758,0.000743812470382873,-4.33133693277243e-05,0.0703759777728554,0,-283.859129811595,0.943228174037681,outside_sufficient_bound;
8,3,30,5,6,0.75,1.25,4.40262942564428,34.4589259725314,7,2.125,1.76679944493006,0.097419102224486,2.13760701367391,15.2786729890903,165.201389741944,1,5.39102981814776,1,0,1,0,0,0,0,NaN,NaN,NaN,NaN,NaN,NaN,NaN,NaN,3.52511497499009,NaN,6.54774235207296,0.384890448415522,6,NaN,NaN,NaN,NaN,NaN,NaN,NaN,NaN,NaN,NaN,0,NaN,NaN,modulation_envelope;
8,3,31,6,1,1,0.1,0.352210354051543,0.124052133501113,7,1.01,1.00776851829826,0.179698574446301,2.03289327885403,14.7223997105636,136.642556130067,0,-28.9438440208825,1,1,1,1,1,0,0,7.39537614773409e-15,2.03289327885403,14.7223997105638,128.090847108214,10.637934649142,8.88603814626803,13.9561167149348,136.642556130067,3.52511497499009,3.55993570434539,3.5599357043454,0.990235854189662,6,6,6,0.9729047387324,0.971758581488939,0.139395149370547,0.9913587406796,0.538977229432891,0.000831015972692557,0.00182393561582062,-0.484315372591236,0,-283.859129811595,0.943228174037681,finite_geometry;outside_sufficient_bound;
8,3,32,6,2,1,0.25,0.880525885128856,0.775325834381956,7,1.0625,1.04830988091716,0.162376045695081,2.00309224861827,14.7371207441752,136.642556130067,0,-28.2925703200017,1,1,1,1,1,0,0,7.32797424152634e-15,2.00309224861827,14.7371207441752,130.134448669909,26.594836622855,8.88603814626803,28.4261331994642,136.642556130067,3.52511497499009,3.73693863246933,3.73693863246933,0.945266661564344,6,6,6,0.9729047387324,0.966095216285956,0.13939514937055,0.950644983512594,0.538977229432891,0.000831015972692557,0.00182393561582062,-0.443601615424231,0,-283.859129811595,0.943228174037681,finite_geometry;outside_sufficient_bound;
8,3,33,6,3,1,0.5,1.76105177025771,3.10130333752782,7,1.25,1.19291504573933,0.133505164443047,2.0067142721158,14.8468844916001,137.596428521088,0,-25.9665928168558,1,1,1,1,1,0,0,6.84876541026168e-15,2.0067142721158,14.8468844916001,137.596428521088,53.18967324571,8.88603814626803,56.8522663989285,137.596428521088,3.52511497499009,4.29215988313728,4.29215988313728,0.832221773529442,6,7,7,1,1,4.82724577891606,0.832221773529443,0.584039716202758,0.000743812470382873,-4.33133693277243e-05,-0.280115918671213,0,-283.859129811595,0.943228174037681,finite_geometry;outside_sufficient_bound;
8,3,34,6,4,1,0.75,2.64157765538657,6.9779325094376,7,1.5625,1.43381549446651,0.104634283191013,2.09925297149649,14.9981533358447,150.141533743915,0,-22.089963644946,1,1,1,1,1,0,0,6.16834078698327e-15,2.09925297149649,14.9981533358447,150.141533743915,79.784509868565,8.88603814626803,85.2783995983927,150.141533743915,3.52511497499009,4.98659481701416,4.98659481701417,0.713040112977441,6,7,7,1,1,8.25828539083621,0.713040112977442,0.584039716202758,0.000743812470382873,-4.33133693277243e-05,-0.160934258119211,0,-283.859129811595,0.943228174037681,finite_geometry;outside_sufficient_bound;
8,3,35,6,5,1,1,3.52210354051543,12.4052133501113,7,2,1.77101122709869,0.0757634019389799,2.19179167087717,15.1725262873285,165.896795094977,0,-16.6626828042723,1,1,1,1,1,0,0,5.64195114965358e-15,2.19179167087717,15.1725262873285,165.896795094977,106.37934649142,8.88603814626803,113.704532797857,165.896795094977,3.52511497499009,5.61600467706834,5.61600467706835,0.604208302095791,6,7,7,1,1,13.0617408475244,0.604208302095792,0.584039716202758,0.000743812470382873,-4.33133693277243e-05,-0.0521024472375616,0,-283.859129811595,0.943228174037681,finite_geometry;outside_sufficient_bound;
8,3,36,6,6,1,1.25,4.40262942564428,19.3831458595489,7,2.5625,2.20450224363588,-0.0165171664100956,2.28433037025786,15.3692169764571,184.020155525299,0,-9.68475029483472,0,0,1,0,0,0,0,NaN,NaN,NaN,NaN,NaN,NaN,NaN,NaN,3.52511497499009,NaN,6.08631987409624,0.509853543397683,6,NaN,NaN,NaN,NaN,NaN,NaN,NaN,NaN,NaN,NaN,0,NaN,NaN,negative_rate;modulation_envelope;
9,1,1,1,1,0.1,0.1,0.356321626794494,12.6965101721475,7,0.02,0.0177436261875471,0.578960351626783,1.50149006777973,14.6464348107114,146.014631943581,0,-19.0057133535331,1,0,1,0,0,0,0,NaN,NaN,NaN,NaN,NaN,NaN,NaN,NaN,3.23715368002929,NaN,5.423840729628,0.6150281130623,6,NaN,NaN,NaN,NaN,NaN,NaN,NaN,NaN,NaN,NaN,0,NaN,NaN,modulation_envelope;
9,1,2,1,2,0.1,0.25,0.890804066986236,79.3531885759219,7,0.0725,0.0581358876164047,0.565634943597563,1.57843261300387,14.6846312596391,146.014631943581,1,47.6509650502413,1,0,1,0,0,0,0,NaN,NaN,NaN,NaN,NaN,NaN,NaN,NaN,3.23715368002929,NaN,6.84854778095003,0.241973347231786,6,NaN,NaN,NaN,NaN,NaN,NaN,NaN,NaN,NaN,NaN,0,NaN,NaN,modulation_envelope;
9,1,3,1,3,0.1,0.5,1.78160813397247,317.412754303687,7,0.26,0.2021945157246,0.54342593021553,1.70667018837746,14.7671975499619,146.014631943581,1,285.710530778007,1,0,1,0,0,0,0,NaN,NaN,NaN,NaN,NaN,NaN,NaN,NaN,3.23715368002929,NaN,6.98798404280329,0.0779648427429202,6,NaN,NaN,NaN,NaN,NaN,NaN,NaN,NaN,NaN,NaN,0,NaN,NaN,modulation_envelope;
9,1,4,1,4,0.1,0.75,2.67241220095871,714.178697183297,7,0.5725,0.442175884324584,0.505187170058976,1.84662219072793,14.8730449142994,155.300695800966,1,682.476473657616,1,1,1,1,1,1,1,1.05379282095982e-14,1.84662219072792,14.8742719260571,143.96506274642,145.271772132629,10.0532298687098,155.300695800966,146.014631943581,3.23715368002929,6.99751831745584,6.99751831745584,0.0366529886497075,6,7,7,1,1,6.34480462673785,0.036652988649708,0.594234790236303,0.000763317323246968,0.000565206820286823,0.525647940242068,0,-286.07865339556,0.942784638719695,certified_feasible
9,1,5,1,5,0.1,1,3.56321626794494,1269.65101721475,7,1.01,0.778079993416359,0.436696852765054,2.02814923562567,15.001680567892,172.84459993682,1,1237.94879368907,1,1,1,1,1,1,1,8.20118003241484e-15,2.02814923562566,15.0023487610609,160.680246495382,161.684319487744,11.1837967463384,172.84459993682,146.014631943581,3.23715368002929,6.99920244806724,6.99920244806724,0.0210451189551718,6,7,7,1,1,11.2610538959817,0.0210451189551721,0.594234790236303,0.000763317323246968,0.000565206820286823,0.541255809936604,0,-286.07865339556,0.942784638719695,certified_feasible
9,1,6,1,6,0.1,1.25,4.45402033493118,1983.82971439805,7,1.5725,1.20990684299992,0.304835387231418,2.20967628052341,15.15252414598,193.140799866016,1,1952.12749087237,1,1,1,1,1,1,1,6.50821934658246e-15,2.2096762805234,15.1527967147628,179.927072738509,180.67417669958,12.48994568573,193.140799866016,146.014631943581,3.23715368002929,6.9996709594057,6.9996709594057,0.0135997680843563,6,7,7,1,1,17.581945813581,0.0135997680843565,0.594234790236303,0.000763317323246968,0.000565206820286823,0.54870116080742,0,-286.07865339556,0.942784638719695,certified_feasible
9,1,7,2,1,0.2,0.1,0.356321626794494,3.17412754303687,7,0.05,0.047813433135751,0.545816511688257,1.51097813017143,14.6564124109387,146.014631943581,0,-28.5280959826437,1,0,1,0,0,0,0,NaN,NaN,NaN,NaN,NaN,NaN,NaN,NaN,3.23715368002929,NaN,4.01391837680261,0.834626781550315,6,NaN,NaN,NaN,NaN,NaN,NaN,NaN,NaN,NaN,NaN,0,NaN,NaN,modulation_envelope;
9,1,8,2,2,0.2,0.25,0.890804066986236,19.8382971439805,7,0.1025,0.0883104049869144,0.532491103659037,1.58688735763613,14.6923043139062,146.014631943581,0,-11.8639263817001,1,0,1,0,0,0,0,NaN,NaN,NaN,NaN,NaN,NaN,NaN,NaN,3.23715368002929,NaN,5.9472163048326,0.523384686304698,6,NaN,NaN,NaN,NaN,NaN,NaN,NaN,NaN,NaN,NaN,0,NaN,NaN,modulation_envelope;
9,1,9,2,3,0.2,0.5,1.78160813397247,79.3531885759219,7,0.29,0.232543550465619,0.510282090277004,1.71512493300971,14.7742708280398,146.014631943581,1,47.6509650502413,1,0,1,0,0,0,0,NaN,NaN,NaN,NaN,NaN,NaN,NaN,NaN,3.23715368002929,NaN,6.84854778095003,0.241973347231786,6,NaN,NaN,NaN,NaN,NaN,NaN,NaN,NaN,NaN,NaN,0,NaN,NaN,modulation_envelope;
9,1,10,2,4,0.2,0.75,2.67241220095871,178.544674295824,7,0.6025,0.472699436436113,0.488073076894971,1.84922200455399,14.8795149196216,146.014631943581,1,146.842450770144,1,1,1,1,1,1,1,1.05390052378793e-14,1.84922200455399,14.8807552499406,133.152902486245,134.282897177171,9.44871029249971,143.553003840729,146.014631943581,3.23715368002929,6.96431894422197,6.96431894422197,0.128837697120935,6,7,7,1,1,6.4165427541536,0.128837697120936,0.594234790236303,0.000763317323246968,0.000565206820286823,0.433463231770841,0,-286.07865339556,0.942784638719695,certified_feasible
9,1,11,2,5,0.2,1,3.56321626794494,317.412754303687,7,1.04,0.808778062898398,0.420170688845318,2.03074904945173,15.0075468775331,162.402740950628,1,285.710530778007,1,1,1,1,1,1,1,7.98694474167494e-15,2.03074904945173,15.0082561103186,151.100068006365,151.918269647649,10.5052257748805,162.402740950628,146.014631943581,3.23715368002929,6.98798404280329,6.98798404280329,0.0779648427429202,6,7,7,1,1,11.3327920233975,0.0779648427429206,0.594234790236303,0.000763317323246968,0.000565206820286823,0.484336086148856,0,-286.07865339556,0.942784638719695,certified_feasible
9,1,12,2,6,0.2,1.25,4.45402033493118,495.957428599512,7,1.6025,1.24077942985247,0.30513312423986,2.21227609434947,15.1577892720081,183.883111947148,1,464.255205073831,1,1,1,1,1,1,1,6.61586835266974e-15,2.21227609434947,15.1580950716264,171.453122545903,172.016953813781,11.8870208487525,183.883111947148,146.014631943581,3.23715368002929,6.9949340523851,6.9949340523851,0.0517257580968808,6,7,7,1,1,17.6536839409968,0.0517257580968811,0.594234790236303,0.000763317323246968,0.000565206820286823,0.510575170794895,0,-286.07865339556,0.942784638719695,certified_feasible
9,1,13,3,1,0.35,0.1,0.356321626794494,1.03644980997122,7,0.1325,0.130418143558057,0.496100751780468,1.56459232992259,14.6858103920429,146.014631943581,0,-30.6657737157093,1,0,1,0,0,0,0,NaN,NaN,NaN,NaN,NaN,NaN,NaN,NaN,3.23715368002929,NaN,3.51130847771698,0.931238523568839,6,NaN,NaN,NaN,NaN,NaN,NaN,NaN,NaN,NaN,NaN,0,NaN,NaN,modulation_envelope;
9,1,14,3,2,0.35,0.25,0.890804066986236,6.47781131232015,7,0.185,0.171072181042679,0.482775343751248,1.62927252188428,14.7151400972359,146.014631943581,0,-25.2244122133604,1,0,1,0,0,0,0,NaN,NaN,NaN,NaN,NaN,NaN,NaN,NaN,3.23715368002929,NaN,4.63680082763094,0.73570507147496,6,NaN,NaN,NaN,NaN,NaN,NaN,NaN,NaN,NaN,NaN,0,NaN,NaN,modulation_envelope;
9,1,15,3,3,0.35,0.5,1.78160813397247,25.9112452492806,7,0.3725,0.315567102577148,0.460566330369215,1.73707284182045,14.7961460126898,146.014631943581,0,-5.79097827639995,1,1,1,1,1,1,0,1.34073668486454e-14,1.73707284182045,14.7970765177053,101.326325250569,102.517681281606,9.44871029249971,110.420725885394,146.014631943581,3.23715368002929,6.21829305124671,6.21829305124671,0.466179642333491,6,7,7,1,1,3.10221598365844,0.466179642333492,0.594234790236303,0.000763317323246968,0.000565206820286823,0.0961212865582848,0,-286.07865339556,0.942784638719695,outside_sufficient_bound;
9,1,16,3,4,0.35,0.75,2.67241220095871,58.3003018108814,7,0.685,0.555984764603408,0.438357316987182,1.85604462533168,14.9004073391142,146.014631943581,1,26.5980782852008,1,1,1,1,1,1,1,9.85423479442203e-15,1.85604462533168,14.901344475054,117.97945123951,118.775968818499,9.44871029249971,126.974119511361,146.014631943581,3.23715368002929,6.74910590419516,6.74910590419517,0.297890788654211,6,7,7,1,1,6.61382260454692,0.297890788654211,0.594234790236303,0.000763317323246968,0.000565206820286823,0.264410140237565,0,-286.07865339556,0.942784638719695,certified_feasible
9,1,17,3,5,0.35,1,3.56321626794494,103.644980997122,7,1.1225,0.892325167121456,0.394418205794734,2.03464877019083,15.0274400417821,148.003263479405,1,71.9427574714419,1,1,1,1,1,1,1,7.73714271303838e-15,2.03464877019083,15.0280387495322,137.96624662925,138.452136604621,9.56805495314449,148.003263479405,146.014631943581,3.23715368002929,6.90441721753672,6.90441721753672,0.199049487490301,6,7,7,1,1,11.5300718737908,0.199049487490302,0.594234790236303,0.000763317323246968,0.000565206820286823,0.363251441401474,0,-286.07865339556,0.942784638719695,certified_feasible
9,1,18,3,6,0.35,1.25,4.45402033493118,161.945282808004,7,1.685,1.32458831013129,0.301278244483523,2.21617581508857,15.1766723244036,171.34371365747,1,130.243059282323,1,1,1,1,1,1,1,6.39308888224477e-15,2.21617581508857,15.1769557951956,160.042578932439,160.292436066684,11.0688420996251,171.34371365747,147.900141939398,3.23715368002929,6.95725713922636,6.95725713922636,0.139749879157212,6,7,7,1,1,17.8509637913901,0.139749879157212,0.594234790236303,0.000763317323246968,0.000565206820286823,0.422551049734564,0,-286.07865339556,0.942784638719695,certified_feasible
9,1,19,4,1,0.5,0.1,0.356321626794494,0.5078604068859,7,0.26,0.258022853980363,0.44638499187268,1.66168371215217,14.7290112903897,146.014631943581,0,-31.1943631187947,1,1,1,1,1,0,0,1.55983505940447e-14,1.66168371215222,14.7290112957856,73.0648804547743,68.2437936153463,9.44871029249971,77.3558195771631,146.014631943581,3.23715368002929,3.3739848530832,3.3739848530832,0.963476061275255,6,6,6,0.969599907585821,0.965274636414938,0.0382403691881834,0.967291859682876,0.550978181363597,0.000876110537262686,-0.000575873359634382,-0.448247539663807,0,-286.07865339556,0.942784638719695,finite_geometry;outside_sufficient_bound;
9,1,20,4,2,0.5,0.25,0.890804066986236,3.17412754303687,7,0.3125,0.298833957098444,0.43305958384346,1.71540006104455,14.7546727917781,146.014631943581,0,-28.5280959826437,1,1,1,1,1,0,0,1.44075229420718e-14,1.71540006104455,14.7546974379959,77.747647571868,72.4144196919011,9.44871029249971,81.0212585747291,146.014631943581,3.23715368002929,4.0139183768026,4.01391837680261,0.834626781550315,6,7,7,1,1,1.3001390526423,0.834626781550316,0.594234790236303,0.000763317323246968,0.000565206820286823,-0.272325852658539,0,-286.07865339556,0.942784638719695,finite_geometry;outside_sufficient_bound;
9,1,21,4,3,0.5,0.5,1.78160813397247,12.6965101721475,7,0.5,0.443590654688677,0.410850570461427,1.8049273091985,14.8314836113752,146.014631943581,0,-19.0057133535331,1,1,1,1,1,0,0,1.15470012084264e-14,1.8049273091985,14.8318709277706,91.6103487749288,85.9784600217168,9.44871029249971,93.2882964786425,146.014631943581,3.23715368002929,5.42384072962799,5.423840729628,0.6150281130623,6,7,7,1,1,3.40710302517539,0.615028113062301,0.594234790236303,0.000763317323246968,0.000565206820286823,-0.0527271841705245,0,-286.07865339556,0.942784638719695,finite_geometry;outside_sufficient_bound;
9,1,22,4,4,0.5,0.75,2.67241220095871,28.5671478873319,7,0.8125,0.684270092770701,0.388641557079393,1.89848736150777,14.9346718898306,146.014631943581,0,-3.13507563834869,1,1,1,1,1,1,0,9.13806126181252e-15,1.89848736150777,14.9351839439064,110.470008919002,104.900669989723,9.44871029249971,112.137673619008,146.014631943581,3.23715368002929,6.30602744054194,6.30602744054194,0.44516416458265,6,7,7,1,1,6.91870964606388,0.445164164582651,0.594234790236303,0.000763317323246968,0.000565206820286823,0.117136764309125,0,-286.07865339556,0.942784638719695,outside_sufficient_bound;
9,1,23,4,5,0.5,1,3.56321626794494,50.78604068859,7,1.25,1.02087227134451,0.36643254369736,2.03854849092993,15.0605961400749,146.014631943581,1,19.0838171629094,1,1,1,1,1,1,1,7.28616445668024e-15,2.03854849092993,15.0609787945897,132.205133435356,126.804625740054,9.44871029249971,135.546119228255,146.014631943581,3.23715368002929,6.68899044567333,6.68899044567333,0.324815662232833,6,7,7,1,1,11.8349589153078,0.324815662232835,0.594234790236303,0.000763317323246968,0.000565206820286823,0.237485266658942,0,-286.07865339556,0.942784638719695,certified_feasible
9,1,24,4,6,0.5,1.25,4.45402033493118,79.3531885759219,7,1.8125,1.45339719041012,0.26642428153542,2.22007553582767,15.2086916277213,160.753868586443,1,47.6509650502413,1,1,1,1,1,1,1,6.17786525126284e-15,2.22007553582767,15.208894765102,155.615485447149,150.393095659518,10.3756603909512,160.753868586443,155.615485447149,3.23715368002929,6.84854778095003,6.84854778095003,0.241973347231786,6,7,7,1,1,18.155850832907,0.241973347231787,0.594234790236303,0.000763317323246968,0.000565206820286823,0.320327581659989,0,-286.07865339556,0.942784638719695,certified_feasible
9,1,25,5,1,0.75,0.1,0.356321626794494,0.225715736393733,7,0.5725,0.570697371350872,0.312095596007158,1.87788232302808,14.8206457994643,146.014631943581,0,-31.4765077892868,1,1,1,1,1,0,0,1.05547547149084e-14,1.87788232302824,14.8206458045635,104.678325817585,35.3191435549477,9.44871029249971,44.1972577697268,146.014631943581,3.23715368002929,3.29855634605692,3.29855634605692,0.98295899966605,6,6,6,0.969599907585821,0.967635592294241,0.0860408306734173,0.984842068156888,0.550978181363597,0.000876110537262686,-0.000575873359634382,-0.465797748137819,0,-286.07865339556,0.942784638719695,finite_geometry;outside_sufficient_bound;
9,1,26,5,2,0.75,0.25,0.890804066986236,1.41072335246083,7,0.625,0.611770250524718,0.335781228083709,1.93159867192045,14.8494595432024,146.014631943581,0,-30.2915001732197,1,1,1,1,1,0,0,1.01865712917695e-14,1.93159867192049,14.8494867597658,108.063735944266,42.9892300108584,9.44871029249971,50.4769085435395,146.014631943581,3.23715368002929,3.60538780017685,3.60538780017685,0.911030278871811,6,6,6,0.969599907585821,0.958354202541525,0.0860408306734177,0.918995857310331,0.550978181363597,0.000876110537262686,-0.000575873359634382,-0.399951537291262,0,-286.07865339556,0.942784638719695,finite_geometry;outside_sufficient_bound;
9,1,27,5,3,0.75,0.5,1.78160813397247,5.64289340984333,7,0.8125,0.756963241541226,0.327990970615112,2.02112592007441,14.9200197849769,146.014631943581,0,-26.0593301158372,1,1,1,1,1,0,0,9.05235353197334e-15,2.02112592007441,14.9200661909362,118.527896707433,63.4023128700268,9.44871029249971,68.6258856913188,146.014631943581,3.23715368002929,4.49546872647874,4.49546872647875,0.757247237078622,6,7,7,1,1,4.15437518575617,0.757247237078622,0.594234790236303,0.000763317323246968,0.000565206820286823,-0.194946308186846,0,-286.07865339556,0.942784638719695,finite_geometry;outside_sufficient_bound;
9,1,28,5,4,0.75,0.75,2.67241220095871,12.6965101721475,7,1.125,0.998078973049523,0.305781957233079,2.11065316822836,15.0212306162323,146.014631943581,0,-19.0057133535331,1,1,1,1,1,0,0,7.66269183204019e-15,2.11065316822836,15.0213308678409,133.728684797762,87.4930867315048,9.44871029249971,93.5174119184293,146.014631943581,3.23715368002929,5.423840729628,5.423840729628,0.6150281130623,6,7,7,1,1,7.66598180664464,0.6150281130623,0.594234790236303,0.000763317323246968,0.000565206820286823,-0.0527271841705241,0,-286.07865339556,0.942784638719695,finite_geometry;outside_sufficient_bound;
9,1,29,5,5,0.75,1,3.56321626794494,22.5715736393733,7,1.5625,1.33511744504961,0.274676407580476,2.20018041638232,15.1450771329533,152.253957405994,0,-9.13064988630723,1,1,1,1,1,1,0,6.65603137088959e-15,2.20018041638232,15.1451823547093,152.253957405994,112.931991669943,9.44871029249971,120.702064145118,152.253957405994,3.23715368002929,6.08353813114626,6.08353813114626,0.495845778984394,6,7,7,1,1,12.5822310758885,0.495845778984394,0.594234790236303,0.000763317323246968,0.000565206820286823,0.0664551499073818,0,-286.07865339556,0.942784638719695,outside_sufficient_bound;
9,1,30,5,6,0.75,1.25,4.45402033493118,35.2680838115208,7,2.125,1.76807865754149,0.206497301011736,2.28970766453627,15.2910093452103,173.039248501688,1,3.56586028584027,1,0,1,0,0,0,0,NaN,NaN,NaN,NaN,NaN,NaN,NaN,NaN,3.23715368002929,NaN,6.47280321556429,0.400063173811412,6,NaN,NaN,NaN,NaN,NaN,NaN,NaN,NaN,NaN,NaN,0,NaN,NaN,modulation_envelope;
9,1,31,6,1,1,0.1,0.356321626794494,0.126965101721475,7,1.01,1.00837188872138,0.101582282127688,2.09408093390398,14.9492149323878,146.014631943581,0,-31.5752584239591,1,1,1,1,1,0,0,7.80892018031714e-15,2.09408093390431,14.9492457699023,137.317264776262,10.8200094942494,9.44871029249971,14.3088706356092,146.014631943581,3.23715368002929,3.27180817583746,3.27180817583746,0.990239308756857,6,6,6,0.969599907585821,0.968486471442822,0.152961476752739,0.99134051213538,0.550978181363597,0.000876110537262686,-0.000575873359634382,-0.472296192116311,0,-286.07865339556,0.942784638719695,finite_geometry;outside_sufficient_bound;
9,1,32,6,2,1,0.25,0.890804066986236,0.793531885759219,7,1.0625,1.04970654395099,0.12526791420424,2.14779728279635,14.9779368696783,146.014631943581,0,-30.9086916399213,1,1,1,1,1,0,0,7.70341309592182e-15,2.14779728279647,14.9779511244636,139.965172521825,27.0500237356235,9.44871029249971,28.906428649264,146.014631943581,3.23715368002929,3.44884768183616,3.44884768183617,0.945447243847546,6,6,6,0.969599907585821,0.962984786971529,0.15296147675274,0.950854791668028,0.550978181363597,0.000876110537262686,-0.000575873359634382,-0.431810471648958,0,-286.07865339556,0.942784638719695,finite_geometry;outside_sufficient_bound;
9,1,33,6,3,1,0.5,1.78160813397247,3.17412754303687,7,1.25,1.19533582839377,0.164743967665159,2.23732453095031,15.0457544076621,148.272292633085,0,-28.5280959826437,1,1,1,1,1,0,0,7.11347065063364e-15,2.23732453095033,15.0457563449876,148.272292633085,54.1000474712469,9.44871029249971,57.8128572985281,148.272292633085,3.23715368002929,4.0139183768026,4.01391837680261,0.834626781550315,6,7,7,1,1,5.20055621056923,0.834626781550315,0.594234790236303,0.000763317323246968,0.000565206820286823,-0.272325852658539,0,-286.07865339556,0.942784638719695,finite_geometry;outside_sufficient_bound;
9,1,34,6,4,1,0.75,2.67241220095871,7.14178697183297,7,1.5625,1.43688785332835,0.204220021126078,2.32685177910427,15.1440329278699,160.756037443307,0,-24.5604365538476,1,1,1,1,1,0,0,6.48027565509574e-15,2.32685177910427,15.1440457877021,160.756037443307,81.1500712068704,9.44871029249971,86.7192859477921,160.756037443307,3.23715368002929,4.74217355212971,4.74217355212972,0.71978304706377,6,7,7,1,1,8.71216283145773,0.71978304706377,0.594234790236303,0.000763317323246968,0.000565206820286823,-0.157482118171994,0,-286.07865339556,0.942784638719695,finite_geometry;outside_sufficient_bound;
9,1,35,6,5,1,1,3.56321626794494,12.6965101721475,7,2,1.77436261875471,0.144371910493384,2.41637902725822,15.2655358883009,176.532552110006,0,-19.0057133535331,1,0,1,0,0,0,0,NaN,NaN,NaN,NaN,NaN,NaN,NaN,NaN,3.23715368002929,NaN,5.423840729628,0.6150281130623,6,NaN,NaN,NaN,NaN,NaN,NaN,NaN,NaN,NaN,NaN,0,NaN,NaN,modulation_envelope;
9,1,36,6,6,1,1.25,4.45402033493118,19.8382971439805,7,2.5625,2.20776012467286,0.0771721209994086,2.50590627541218,15.4089925656655,194.803459678378,0,-11.8639263817001,1,0,1,0,0,0,0,NaN,NaN,NaN,NaN,NaN,NaN,NaN,NaN,3.23715368002929,NaN,5.9472163048326,0.523384686304698,6,NaN,NaN,NaN,NaN,NaN,NaN,NaN,NaN,NaN,NaN,0,NaN,NaN,modulation_envelope;
9,2,1,1,1,0.1,0.1,0.356321626794494,12.6965101721475,7,0.02,0.0175006251163557,0.572977693469491,1.48943180667349,14.6533477029134,146.014631943581,0,-19.0057133535331,1,0,1,0,0,0,0,NaN,NaN,NaN,NaN,NaN,NaN,NaN,NaN,3.23715368002929,NaN,5.423840729628,0.6150281130623,6,NaN,NaN,NaN,NaN,NaN,NaN,NaN,NaN,NaN,NaN,0,NaN,NaN,modulation_envelope;
9,2,2,1,2,0.1,0.25,0.890804066986236,79.3531885759219,7,0.0725,0.0575739059680387,0.550011393328016,1.52833833424985,14.6961263593287,146.014631943581,1,47.6509650502413,1,0,1,0,0,0,0,NaN,NaN,NaN,NaN,NaN,NaN,NaN,NaN,3.23715368002929,NaN,6.84854778095003,0.241973347231786,6,NaN,NaN,NaN,NaN,NaN,NaN,NaN,NaN,NaN,NaN,0,NaN,NaN,modulation_envelope;
9,2,3,1,3,0.1,0.5,1.78160813397247,317.412754303687,7,0.26,0.201222289193242,0.511734226425558,1.6473443573639,14.7870117065456,146.014631943581,1,285.710530778007,1,0,1,0,0,0,0,NaN,NaN,NaN,NaN,NaN,NaN,NaN,NaN,3.23715368002929,NaN,6.98798404280329,0.0779648427429202,6,NaN,NaN,NaN,NaN,NaN,NaN,NaN,NaN,NaN,NaN,0,NaN,NaN,modulation_envelope;
9,2,4,1,4,0.1,0.75,2.67241220095871,714.178697183297,7,0.5725,0.44094514967561,0.462560054873331,1.78550081224613,14.9019828303892,155.817580194902,1,682.476473657616,1,1,1,1,1,1,1,1.0691905002843e-14,1.78550081224613,14.9019828303892,144.20423229472,145.783367240175,10.0768428426783,155.817580194902,146.014631943581,3.23715368002929,6.99751831745584,6.99751831745584,0.0366529886497075,6,7,7,1,1,6.34480462673783,0.0366529886497078,0.594234790236303,0.000763317323246968,0.000565206820286823,0.525647940242069,0,-286.07865339556,0.942784638719695,certified_feasible
9,2,5,1,5,0.1,1,3.56321626794494,1269.65101721475,7,1.01,0.776742487415144,0.396709912252051,1.92611333440466,15.0404873981017,172.936013802235,1,1237.94879368907,1,1,1,1,1,1,1,8.41089254443309e-15,1.92611333440466,15.0404873981017,160.465854006194,161.801141147405,11.182263403551,172.936013802235,146.014631943581,3.23715368002929,6.99920244806724,6.99920244806724,0.0210451189551718,6,7,7,1,1,11.2610538959817,0.0210451189551721,0.594234790236303,0.000763317323246968,0.000565206820286823,0.541255809936604,0,-286.07865339556,0.942784638719695,certified_feasible
9,2,6,1,6,0.1,1.25,4.45402033493118,1983.82971439805,7,1.5725,1.20861430241184,0.307220480725538,2.09770698400698,15.2018821826522,192.650904816334,1,1952.12749087237,1,1,1,1,1,1,1,6.65834463964319e-15,2.09770698400698,15.2018821826522,179.127759874532,180.248336344124,12.4547496161808,192.650904816334,146.014631943581,3.23715368002929,6.9996709594057,6.9996709594057,0.0135997680843563,6,7,7,1,1,17.581945813581,0.0135997680843565,0.594234790236303,0.000763317323246968,0.000565206820286823,0.54870116080742,0,-286.07865339556,0.942784638719695,certified_feasible
9,2,7,2,1,0.2,0.1,0.356321626794494,3.17412754303687,7,0.05,0.0473152920521381,0.540278456781844,1.51118563529805,14.6649423980446,146.014631943581,0,-28.5280959826437,1,0,1,0,0,0,0,NaN,NaN,NaN,NaN,NaN,NaN,NaN,NaN,3.23715368002929,NaN,4.01391837680261,0.834626781550315,6,NaN,NaN,NaN,NaN,NaN,NaN,NaN,NaN,NaN,NaN,0,NaN,NaN,modulation_envelope;
9,2,8,2,2,0.2,0.25,0.890804066986236,19.8382971439805,7,0.1025,0.0871105733074949,0.517312156640369,1.55009216287441,14.7073645613377,146.014631943581,0,-11.8639263817001,1,0,1,0,0,0,0,NaN,NaN,NaN,NaN,NaN,NaN,NaN,NaN,3.23715368002929,NaN,5.9472163048326,0.523384686304698,6,NaN,NaN,NaN,NaN,NaN,NaN,NaN,NaN,NaN,NaN,0,NaN,NaN,modulation_envelope;
9,2,9,2,3,0.2,0.5,1.78160813397247,79.3531885759219,7,0.29,0.230295623872155,0.479034989737911,1.66793682713178,14.7976462251827,146.014631943581,1,47.6509650502413,1,0,1,0,0,0,0,NaN,NaN,NaN,NaN,NaN,NaN,NaN,NaN,3.23715368002929,NaN,6.84854778095003,0.241973347231786,6,NaN,NaN,NaN,NaN,NaN,NaN,NaN,NaN,NaN,NaN,0,NaN,NaN,modulation_envelope;
9,2,10,2,4,0.2,0.75,2.67241220095871,178.544674295824,7,0.6025,0.469555151693979,0.440757822835452,1.80609328201402,14.9120047981075,146.014631943581,1,146.842450770144,1,1,1,1,1,1,1,1.04565256635737e-14,1.80609328201402,14.9120047981075,133.198669099257,134.625657096992,9.44871029249971,143.891303761445,146.014631943581,3.23715368002929,6.96431894422197,6.96431894422197,0.128837697120935,6,7,7,1,1,6.41654275415358,0.128837697120936,0.594234790236303,0.000763317323246968,0.000565206820286823,0.433463231770841,0,-286.07865339556,0.942784638719695,certified_feasible
9,2,11,2,5,0.2,1,3.56321626794494,317.412754303687,7,1.04,0.804889156772969,0.394638868076572,1.94424973689625,15.0498914354701,162.239020226393,1,285.710530778007,1,1,1,1,1,1,1,8.08531499197666e-15,1.94424973689625,15.0498914354701,150.621172123573,151.793639568176,10.48963128864,162.239020226393,146.014631943581,3.23715368002929,6.98798404280329,6.98798404280329,0.0779648427429202,6,7,7,1,1,11.3327920233975,0.0779648427429206,0.594234790236303,0.000763317323246968,0.000565206820286823,0.484336086148856,0,-286.07865339556,0.942784638719695,certified_feasible
9,2,12,2,6,0.2,1.25,4.45402033493118,495.957428599512,7,1.6025,1.23629763910912,0.286888922923704,2.09769728863581,15.210666295979,183.079359171385,1,464.255205073831,1,1,1,1,1,1,1,6.60402438930786e-15,2.0976972886358,15.210666295979,170.33679549483,171.293855241259,11.8345647559263,183.079359171385,146.014631943581,3.23715368002929,6.9949340523851,6.9949340523851,0.0517257580968808,6,7,7,1,1,17.6536839409967,0.0517257580968811,0.594234790236303,0.000763317323246968,0.000565206820286823,0.510575170794895,0,-286.07865339556,0.942784638719695,certified_feasible
9,2,13,3,1,0.35,0.1,0.356321626794494,1.03644980997122,7,0.1325,0.129537292455812,0.491229601750374,1.54381637823487,14.6927961898145,146.014631943581,0,-30.6657737157093,1,0,1,0,0,0,0,NaN,NaN,NaN,NaN,NaN,NaN,NaN,NaN,3.23715368002929,NaN,3.51130847771698,0.931238523568839,6,NaN,NaN,NaN,NaN,NaN,NaN,NaN,NaN,NaN,NaN,0,NaN,NaN,modulation_envelope;
9,2,14,3,2,0.35,0.25,0.890804066986236,6.47781131232015,7,0.185,0.168915574316679,0.468263301608899,1.58272290581123,14.7346549087661,146.014631943581,0,-25.2244122133604,1,0,1,0,0,0,0,NaN,NaN,NaN,NaN,NaN,NaN,NaN,NaN,3.23715368002929,NaN,4.63680082763094,0.73570507147496,6,NaN,NaN,NaN,NaN,NaN,NaN,NaN,NaN,NaN,NaN,0,NaN,NaN,modulation_envelope;
9,2,15,3,3,0.35,0.5,1.78160813397247,25.9112452492806,7,0.3725,0.311405625890523,0.42998613470644,1.69882553178361,14.8239698152728,146.014631943581,0,-5.79097827639995,1,1,1,1,1,1,0,1.28023521283009e-14,1.69882553178361,14.8239698152747,101.482967800105,102.931842741804,9.44871029249971,111.006602012381,146.014631943581,3.23715368002929,6.21829305124671,6.21829305124671,0.466179642333491,6,7,7,1,1,3.10221598365843,0.466179642333491,0.594234790236303,0.000763317323246968,0.000565206820286823,0.0961212865582849,0,-286.07865339556,0.942784638719695,outside_sufficient_bound;
9,2,16,3,4,0.35,0.75,2.67241220095871,58.3003018108814,7,0.685,0.549970154721532,0.391708967803982,1.83698198666585,14.9373323828372,146.014631943581,1,26.5980782852008,1,1,1,1,1,1,1,9.89878097097885e-15,1.83698198666584,14.9373323828371,117.670063983312,118.805744293086,9.44871029249971,126.981552674276,146.014631943581,3.23715368002929,6.74910590419517,6.74910590419517,0.297890788654211,6,7,7,1,1,6.61382260454692,0.297890788654211,0.594234790236303,0.000763317323246968,0.000565206820286823,0.264410140237565,0,-286.07865339556,0.942784638719695,certified_feasible
9,2,17,3,5,0.35,1,3.56321626794494,103.644980997122,7,1.1225,0.884609160809706,0.342921696880344,1.97513844154808,15.0742000840553,147.392930041371,1,71.9427574714419,1,1,1,1,1,1,1,7.79247478727479e-15,1.97513844154808,15.0742000840553,137.028207051174,137.904604235493,9.52788580000387,147.392930041371,146.014631943581,3.23715368002929,6.90441721753672,6.90441721753672,0.199049487490301,6,7,7,1,1,11.5300718737908,0.199049487490301,0.594234790236303,0.000763317323246968,0.000565206820286823,0.363251441401475,0,-286.07865339556,0.942784638719695,certified_feasible
9,2,18,3,6,0.35,1.25,4.45402033493118,161.945282808004,7,1.685,1.31532264415504,0.250315057857446,2.11329489643032,15.2339393940126,170.014107113277,1,130.243059282323,1,1,1,1,1,1,1,6.48010912633679e-15,2.11329489643031,15.2339393940126,158.579515801921,159.071019444664,10.9875085452241,170.014107113277,147.451154697376,3.23715368002929,6.95725713922636,6.95725713922636,0.139749879157212,6,7,7,1,1,17.8509637913901,0.139749879157212,0.594234790236303,0.000763317323246968,0.000565206820286823,0.422551049734564,0,-286.07865339556,0.942784638719695,certified_feasible
9,2,19,4,1,0.5,0.1,0.356321626794494,0.5078604068859,7,0.26,0.256759292859486,0.442180746718904,1.61333124473885,14.7331384122313,146.014631943581,0,-31.1943631187947,1,1,1,1,1,0,0,1.56417935666105e-14,1.61333124473896,14.7332351669629,73.2075888735585,68.4733991027423,9.44871029249971,77.6159892174695,146.014631943581,3.23715368002929,3.3739848530832,3.3739848530832,0.963476061275255,6,6,6,0.969599907585821,0.965274636414938,0.0382403691881859,0.967291859682877,0.550978181363597,0.000876110537262686,-0.000575873359634382,-0.448247539663808,0,-286.07865339556,0.942784638719695,finite_geometry;outside_sufficient_bound;
9,2,20,4,2,0.5,0.25,0.890804066986236,3.17412754303687,7,0.3125,0.295720575325863,0.419214446577428,1.61535364874806,14.7744008840235,146.014631943581,0,-28.5280959826437,1,1,1,1,1,0,0,1.44739842300419e-14,1.6153536494801,14.7744111201536,77.7732268627669,72.7888299307021,9.44871029249971,81.4931271924491,146.014631943581,3.23715368002929,4.0139183768026,4.01391837680261,0.834626781550315,6,7,7,1,1,1.3001390526423,0.834626781550315,0.594234790236303,0.000763317323246968,0.000565206820286823,-0.272325852658539,0,-286.07865339556,0.942784638719695,finite_geometry;outside_sufficient_bound;
9,2,21,4,3,0.5,0.5,1.78160813397247,12.6965101721475,7,0.5,0.437515627908892,0.38093727967497,1.72971423643544,14.8626784808005,146.014631943581,0,-19.0057133535331,1,1,1,1,1,0,0,1.14505923573364e-14,1.72971423643544,14.8626784878708,91.4578356188357,86.1432153552748,9.44871029249971,93.6787272241557,146.014631943581,3.23715368002929,5.42384072962799,5.423840729628,0.6150281130623,6,7,7,1,1,3.40710302517538,0.615028113062301,0.594234790236303,0.000763317323246968,0.000565206820286823,-0.0527271841705245,0,-286.07865339556,0.942784638719695,finite_geometry;outside_sufficient_bound;
9,2,22,4,4,0.5,0.75,2.67241220095871,28.5671478873319,7,0.812499999999999,0.675385157749085,0.342660112772511,1.86787069131768,14.9749555456103,146.014631943581,0,-3.13507563834869,1,1,1,1,1,1,0,9.09336470851432e-15,1.86787069131767,14.9749555456104,110.177727028701,104.528119213506,9.44871029249971,111.720145211059,146.014631943581,3.23715368002929,6.30602744054194,6.30602744054194,0.44516416458265,6,7,7,1,1,6.91870964606387,0.445164164582652,0.594234790236303,0.000763317323246968,0.000565206820286823,0.117136764309125,0,-286.07865339556,0.942784638719695,outside_sufficient_bound;
9,2,23,4,5,0.5,1,3.56321626794494,50.78604068859,7,1.25,1.00932916484644,0.257354935943512,2.00602714619991,15.1106971179328,146.014631943581,1,19.0838171629094,1,1,1,1,1,1,1,7.3930186245818e-15,2.00602714619991,15.1106971179328,131.804636974706,125.75625720569,9.44871029249971,134.407293973765,146.014631943581,3.23715368002929,6.68899044567333,6.68899044567333,0.324815662232833,6,7,7,1,1,11.8349589153077,0.324815662232834,0.594234790236303,0.000763317323246968,0.000565206820286823,0.237485266658942,0,-286.07865339556,0.942784638719695,certified_feasible
9,2,24,4,6,0.5,1.25,4.45402033493118,79.3531885759219,7,1.8125,1.43934764920097,0.164748296920614,2.14418360108214,15.2692774227971,159.562472610658,1,47.6509650502413,1,1,1,1,1,1,1,6.26466568357871e-15,2.14418360108214,15.2692774227971,155.127457532675,149.292726150955,10.2856096121441,159.562472610658,155.127457532675,3.23715368002929,6.84854778095003,6.84854778095003,0.241973347231786,6,7,7,1,1,18.155850832907,0.241973347231787,0.594234790236303,0.000763317323246968,0.000565206820286823,0.32032758165999,0,-286.07865339556,0.942784638719695,certified_feasible
9,2,25,5,1,0.75,0.1,0.356321626794494,0.225715736393733,7,0.5725,0.568795960198942,0.302646989177129,1.82952985561475,14.8278363839594,146.014631943581,0,-31.4765077892868,1,1,1,1,1,0,0,1.05459252171723e-14,1.82952985561503,14.8279006936102,104.090266353194,35.4953867732418,9.44871029249971,44.4387906808115,146.014631943581,3.23715368002929,3.29855634605692,3.29855634605692,0.98295899966605,6,6,6,0.969599907585821,0.967635592294241,0.0860408306734186,0.984842068156888,0.550978181363597,0.000876110537262686,-0.000575873359634382,-0.465797748137818,0,-286.07865339556,0.942784638719695,finite_geometry;outside_sufficient_bound;
9,2,26,5,2,0.75,0.25,0.890804066986236,1.41072335246083,7,0.625,0.607062243674504,0.312159711008638,1.81071750338714,14.8680378724114,146.014631943581,0,-30.2915001732197,1,1,1,1,1,0,0,1.02009411762047e-14,1.81071750338728,14.8680547848059,107.43122928528,43.0716076776374,9.44871029249971,50.7673875862089,146.014631943581,3.23715368002929,3.60538780017685,3.60538780017685,0.911030278871811,6,6,6,0.969599907585821,0.958354202541525,0.0860408306734239,0.918995857310331,0.550978181363597,0.000876110537262686,-0.000575873359634382,-0.399951537291261,0,-286.07865339556,0.942784638719695,finite_geometry;outside_sufficient_bound;
9,2,27,5,3,0.75,0.5,1.78160813397247,5.64289340984333,7,0.8125,0.747698964606173,0.299189187955852,1.82441846588281,14.9544401727651,146.014631943581,0,-26.0593301158372,1,1,1,1,1,0,0,9.17169377213343e-15,1.82441846588281,14.9544405914873,117.8400022022,62.8781286028451,9.44871029249971,68.468662004281,146.014631943581,3.23715368002929,4.49546872647874,4.49546872647875,0.757247237078622,6,7,7,1,1,4.15437518575615,0.757247237078623,0.594234790236303,0.000763317323246968,0.000565206820286823,-0.194946308186846,0,-286.07865339556,0.942784638719695,finite_geometry;outside_sufficient_bound;
9,2,28,5,4,0.75,0.75,2.67241220095871,12.6965101721475,7,1.125,0.984410162795007,0.207350306738357,1.91935186573739,15.0647204890666,146.014631943581,0,-19.0057133535331,1,1,1,1,1,0,0,7.83093140670908e-15,1.91935186573739,15.0647204904214,133.003000605163,86.9676490443948,9.44871029249971,92.945294677553,146.014631943581,3.23715368002929,5.423840729628,5.423840729628,0.6150281130623,6,7,7,1,1,7.66598180664464,0.6150281130623,0.594234790236303,0.000763317323246968,0.000565206820286823,-0.0527271841705239,0,-286.07865339556,0.942784638719695,finite_geometry;outside_sufficient_bound;
9,2,29,5,5,0.75,1,3.56321626794494,22.5715736393733,7,1.5625,1.31719583824101,0.114743667715459,2.05750832061962,15.1983590487307,151.499390027266,0,-9.13064988630723,1,1,1,1,1,1,0,6.58550272840375e-15,2.05750832061962,15.1983590487314,151.499390027266,112.427790685425,9.44871029249971,120.147472710235,151.499390027266,3.23715368002929,6.08353813114626,6.08353813114626,0.495845778984394,6,7,7,1,1,12.5822310758885,0.495845778984395,0.594234790236303,0.000763317323246968,0.000565206820286823,0.0664551499073814,0,-286.07865339556,0.942784638719695,outside_sufficient_bound;
9,2,30,5,6,0.75,1.25,4.45402033493118,35.2680838115208,7,2.125,1.74605599094417,0.0221370286925607,2.19566477550186,15.3547459751735,172.258721535326,1,3.56586028584027,1,0,1,0,0,0,0,NaN,NaN,NaN,NaN,NaN,NaN,NaN,NaN,3.23715368002929,NaN,6.47280321556429,0.400063173811412,6,NaN,NaN,NaN,NaN,NaN,NaN,NaN,NaN,NaN,NaN,0,NaN,NaN,modulation_envelope;
9,2,31,6,1,1,0.1,0.356321626794494,0.126965101721475,7,1.01,1.0058326275384,0.0921336752976603,2.04572846649066,14.95627496401,146.014631943581,0,-31.5752584239591,1,1,1,1,1,0,0,8.00071218786536e-15,2.04572846649115,14.9563024249339,136.791095008085,10.8027217225822,9.44871029249971,14.3099483471897,146.014631943581,3.23715368002929,3.27180817583746,3.27180817583746,0.990239308756857,6,6,6,0.969599907585821,0.968486471442822,0.152961476752744,0.99134051213538,0.550978181363597,0.000876110537262686,-0.000575873359634382,-0.472296192116311,0,-286.07865339556,0.942784638719695,finite_geometry;outside_sufficient_bound;
9,2,32,6,2,1,0.25,0.890804066986236,0.793531885759219,7,1.0625,1.04340391202314,0.101646397129169,2.02691611426304,14.9953407258116,146.014631943581,0,-30.9086916399213,1,1,1,1,1,0,0,7.86136868367672e-15,2.02691611426335,14.9953510826223,138.585749120231,27.0068043064554,9.44871029249971,28.8562312551789,146.014631943581,3.23715368002929,3.44884768183617,3.44884768183617,0.945447243847546,6,6,6,0.969599907585821,0.962984786971529,0.152961476752745,0.950854791668028,0.550978181363597,0.000876110537262686,-0.000575873359634382,-0.431810471648958,0,-286.07865339556,0.942784638719695,finite_geometry;outside_sufficient_bound;
9,2,33,6,3,1,0.5,1.78160813397247,3.17412754303687,7,1.25,1.18288230130345,0.117500933515017,1.99556219388368,15.0797020776961,146.900453254294,0,-28.5280959826437,1,1,1,1,1,0,0,7.28931953451658e-15,1.99556219388382,15.0797029803293,146.900453254294,54.0136086129108,9.44871029249971,57.7124625103577,146.900453254294,3.23715368002929,4.0139183768026,4.01391837680261,0.834626781550315,6,7,7,1,1,5.20055621056923,0.834626781550315,0.594234790236303,0.000763317323246968,0.000565206820286823,-0.272325852658539,0,-286.07865339556,0.942784638719695,finite_geometry;outside_sufficient_bound;
9,2,34,6,4,1,0.75,2.67241220095871,7.14178697183297,7,1.5625,1.41843516784093,0.0647390385103037,2.0552450462357,15.1877706674975,159.412080568297,0,-24.5604365538476,1,1,1,1,1,0,0,6.58636918857222e-15,2.05524504623571,15.1877706930672,159.412080568297,81.0204129193662,9.44871029249971,86.5686937655366,159.412080568297,3.23715368002929,4.74217355212972,4.74217355212972,0.71978304706377,6,7,7,1,1,8.71216283145772,0.71978304706377,0.594234790236303,0.000763317323246968,0.000565206820286823,-0.157482118171994,0,-286.07865339556,0.942784638719695,finite_geometry;outside_sufficient_bound;
9,2,35,6,5,1,1,3.56321626794494,12.6965101721475,7,2,1.75006251163557,-0.0278676005125944,2.11678191255037,15.3190447734989,175.223898637153,0,-19.0057133535331,0,1,1,0,0,0,0,NaN,NaN,NaN,NaN,NaN,NaN,NaN,NaN,3.23715368002929,NaN,5.423840729628,0.6150281130623,6,NaN,NaN,NaN,NaN,NaN,NaN,NaN,NaN,NaN,NaN,0,NaN,NaN,negative_rate;
9,2,36,6,6,1,1.25,4.45402033493118,19.8382971439805,7,2.5625,2.17776433268737,-0.120474239535493,2.24714594992157,15.4729337723643,193.528314477315,0,-11.8639263817001,0,0,1,0,0,0,0,NaN,NaN,NaN,NaN,NaN,NaN,NaN,NaN,3.23715368002929,NaN,5.9472163048326,0.523384686304698,6,NaN,NaN,NaN,NaN,NaN,NaN,NaN,NaN,NaN,NaN,0,NaN,NaN,negative_rate;modulation_envelope;
9,3,1,1,1,0.1,0.1,0.356321626794494,12.6965101721475,7,0.02,0.0175470404045573,0.586847336696458,1.4728159070705,14.6509099640899,146.014631943581,0,-19.0057133535331,1,0,1,0,0,0,0,NaN,NaN,NaN,NaN,NaN,NaN,NaN,NaN,3.23715368002929,NaN,5.423840729628,0.6150281130623,6,NaN,NaN,NaN,NaN,NaN,NaN,NaN,NaN,NaN,NaN,0,NaN,NaN,modulation_envelope;
9,3,2,1,2,0.1,0.25,0.890804066986236,79.3531885759219,7,0.0725,0.0569065915856136,0.585352406271752,1.51931358614125,14.6784472944813,146.014631943581,1,47.6509650502413,1,0,1,0,0,0,0,NaN,NaN,NaN,NaN,NaN,NaN,NaN,NaN,3.23715368002929,NaN,6.84854778095003,0.241973347231786,6,NaN,NaN,NaN,NaN,NaN,NaN,NaN,NaN,NaN,NaN,0,NaN,NaN,modulation_envelope;
9,3,3,1,3,0.1,0.5,1.78160813397247,317.412754303687,7,0.26,0.197276485085295,0.543908880818599,1.59935015109842,14.7439910583521,146.014631943581,1,285.710530778007,1,0,1,0,0,0,0,NaN,NaN,NaN,NaN,NaN,NaN,NaN,NaN,3.23715368002929,NaN,6.98798404280329,0.0779648427429202,6,NaN,NaN,NaN,NaN,NaN,NaN,NaN,NaN,NaN,NaN,0,NaN,NaN,modulation_envelope;
9,3,4,1,4,0.1,0.75,2.67241220095871,714.178697183297,7,0.5725,0.431109680499044,0.497531557452348,1.70908573737644,14.8401661669329,154.436335592594,1,682.476473657616,1,1,1,1,1,1,1,1.05035489482738e-14,1.70908573737644,14.8401661669329,143.634625851833,144.449466649613,10.0101762251605,154.436335592594,146.014631943581,3.23715368002929,6.99751831745584,6.99751831745584,0.0366529886497075,6,7,7,1,1,6.34480462673783,0.0366529886497078,0.594234790236303,0.000763317323246968,0.000565206820286823,0.525647940242069,0,-286.07865339556,0.942784638719695,certified_feasible
9,3,5,1,5,0.1,1,3.56321626794494,1269.65101721475,7,1.01,0.75840617782686,0.404725581082906,1.83183048410087,14.960299164125,171.194112858383,1,1237.94879368907,1,1,1,1,1,1,1,8.11981372459369e-15,1.83183048410087,14.9602991641249,159.718004332548,160.132999020877,11.0847536304131,171.194112858383,146.014631943581,3.23715368002929,6.99920244806724,6.99920244806724,0.0210451189551718,6,7,7,1,1,11.2610538959817,0.0210451189551721,0.594234790236303,0.000763317323246968,0.000565206820286823,0.541255809936604,0,-286.07865339556,0.942784638719695,certified_feasible
9,3,6,1,6,0.1,1.25,4.45402033493118,1983.82971439805,7,1.5725,1.17916597706874,0.303432262322661,1.95457523082531,15.1038183908102,190.60429487029,1,1952.12749087237,1,1,1,1,1,1,1,6.58708280248146e-15,1.9545752308253,15.1038183908102,178.217252212788,178.303447104681,12.3257676400002,190.60429487029,146.014631943581,3.23715368002929,6.9996709594057,6.9996709594057,0.0135997680843563,6,7,7,1,1,17.581945813581,0.0135997680843565,0.594234790236303,0.000763317323246968,0.000565206820286823,0.54870116080742,0,-286.07865339556,0.942784638719695,certified_feasible
9,3,7,2,1,0.2,0.1,0.356321626794494,3.17412754303687,7,0.05,0.0476170166559892,0.553703496757933,1.49456973569505,14.6687365695886,146.014631943581,0,-28.5280959826437,1,0,1,0,0,0,0,NaN,NaN,NaN,NaN,NaN,NaN,NaN,NaN,3.23715368002929,NaN,4.01391837680261,0.834626781550315,6,NaN,NaN,NaN,NaN,NaN,NaN,NaN,NaN,NaN,NaN,0,NaN,NaN,modulation_envelope;
9,3,8,2,2,0.2,0.25,0.890804066986236,19.8382971439805,7,0.1025,0.0870815322141933,0.552208566333226,1.51685031432729,14.6961915375927,146.014631943581,0,-11.8639263817001,1,0,1,0,0,0,0,NaN,NaN,NaN,NaN,NaN,NaN,NaN,NaN,3.23715368002929,NaN,5.9472163048326,0.523384686304698,6,NaN,NaN,NaN,NaN,NaN,NaN,NaN,NaN,NaN,NaN,0,NaN,NaN,modulation_envelope;
9,3,9,2,3,0.2,0.5,1.78160813397247,79.3531885759219,7,0.29,0.227626366342454,0.549717015625383,1.59688687928446,14.7612471099913,146.014631943581,1,47.6509650502413,1,0,1,0,0,0,0,NaN,NaN,NaN,NaN,NaN,NaN,NaN,NaN,3.23715368002929,NaN,6.84854778095003,0.241973347231786,6,NaN,NaN,NaN,NaN,NaN,NaN,NaN,NaN,NaN,NaN,0,NaN,NaN,modulation_envelope;
9,3,10,2,4,0.2,0.75,2.67241220095871,178.544674295824,7,0.6025,0.461634502384783,0.488850577809428,1.69949825674804,14.8501393659191,146.014631943581,1,146.842450770144,1,1,1,1,1,1,1,1.02231833804833e-14,1.69949825674804,14.8501393659191,132.724284159867,133.321906768243,9.44871029249971,142.536912029403,146.014631943581,3.23715368002929,6.96431894422197,6.96431894422197,0.128837697120935,6,7,7,1,1,6.41654275415359,0.128837697120936,0.594234790236303,0.000763317323246968,0.000565206820286823,0.433463231770841,0,-286.07865339556,0.942784638719695,certified_feasible
9,3,11,2,5,0.2,1,3.56321626794494,317.412754303687,7,1.04,0.78910594034118,0.387557259049183,1.82224300347247,14.9656368246889,160.549659432513,1,285.710530778007,1,1,1,1,1,1,1,7.9056846877899e-15,1.82224300347247,14.9656368246889,149.992315791996,150.182168751499,10.3889808384228,160.549659432513,146.014631943581,3.23715368002929,6.98798404280329,6.98798404280329,0.0779648427429202,6,7,7,1,1,11.3327920233975,0.0779648427429206,0.594234790236303,0.000763317323246968,0.000565206820286823,0.484336086148856,0,-286.07865339556,0.942784638719695,certified_feasible
9,3,12,2,6,0.2,1.25,4.45402033493118,495.957428599512,7,1.6025,1.21004068021164,0.286263940288938,1.9449877501969,15.1090221020473,181.111417134442,1,464.255205073831,1,1,1,1,1,1,1,6.53131755796122e-15,1.9449877501969,15.1090221020473,169.564934174114,169.432138956623,11.7024760397921,181.111417134442,146.014631943581,3.23715368002929,6.9949340523851,6.9949340523851,0.0517257580968808,6,7,7,1,1,17.6536839409967,0.0517257580968812,0.594234790236303,0.000763317323246968,0.000565206820286823,0.510575170794895,0,-286.07865339556,0.942784638719695,certified_feasible
9,3,13,3,1,0.35,0.1,0.356321626794494,1.03644980997122,7,0.1325,0.130221981033137,0.503987736850144,1.52854677383626,14.7029600293809,146.014631943581,0,-30.6657737157093,1,0,1,0,0,0,0,NaN,NaN,NaN,NaN,NaN,NaN,NaN,NaN,3.23715368002929,NaN,3.51130847771698,0.931238523568839,6,NaN,NaN,NaN,NaN,NaN,NaN,NaN,NaN,NaN,NaN,0,NaN,NaN,modulation_envelope;
9,3,14,3,2,0.35,0.25,0.890804066986236,6.47781131232015,7,0.185,0.169843943157063,0.502492806425438,1.54118315680374,14.7302779413067,146.014631943581,0,-25.2244122133604,1,0,1,0,0,0,0,NaN,NaN,NaN,NaN,NaN,NaN,NaN,NaN,3.23715368002929,NaN,4.63680082763094,0.73570507147496,6,NaN,NaN,NaN,NaN,NaN,NaN,NaN,NaN,NaN,NaN,0,NaN,NaN,modulation_envelope;
9,3,15,3,3,0.35,0.5,1.78160813397247,25.9112452492806,7,0.3725,0.310651188228193,0.500001255717594,1.59319197156352,14.7950620533453,146.014631943581,0,-5.79097827639995,1,1,1,1,1,1,0,1.28986576020721e-14,1.59319197156352,14.7950620533453,101.306067602575,102.030875602415,9.44871029249971,110.161489376863,146.014631943581,3.23715368002929,6.21829305124671,6.21829305124671,0.466179642333491,6,7,7,1,1,3.10221598365844,0.466179642333491,0.594234790236303,0.000763317323246968,0.000565206820286823,0.0961212865582849,0,-286.07865339556,0.942784638719695,outside_sufficient_bound;
9,3,16,3,4,0.35,0.75,2.67241220095871,58.3003018108814,7,0.685,0.544921735213392,0.451299171332299,1.68511703580544,14.8836314960062,146.014631943581,1,26.5980782852008,1,1,1,1,1,1,1,9.5899161558109e-15,1.68511703580543,14.8836314960062,117.3746209785,117.567749355984,9.44871029249971,125.68722895001,146.014631943581,3.23715368002929,6.74910590419516,6.74910590419517,0.297890788654211,6,7,7,1,1,6.61382260454692,0.297890788654211,0.594234790236303,0.000763317323246968,0.000565206820286823,0.264410140237565,0,-286.07865339556,0.942784638719695,certified_feasible
9,3,17,3,5,0.35,1,3.56321626794494,103.644980997122,7,1.1225,0.872655584112658,0.361804775998599,1.80786178252987,14.9955648199012,146.014631943581,1,71.9427574714419,1,1,1,1,1,1,1,7.69529400362055e-15,1.80786178252987,14.9955648199012,136.61367750165,136.40624881213,9.44871029249971,145.810048914769,146.014631943581,3.23715368002929,6.90441721753672,6.90441721753672,0.199049487490301,6,7,7,1,1,11.5300718737908,0.199049487490302,0.594234790236303,0.000763317323246968,0.000565206820286823,0.363251441401475,0,-286.07865339556,0.942784638719695,certified_feasible
9,3,18,3,6,0.35,1.25,4.45402033493118,161.945282808004,7,1.685,1.29385273492599,0.260511457238354,1.9306065292543,15.1303435003699,168.195099891329,1,130.243059282323,1,1,1,1,1,1,1,6.3336357814201e-15,1.9306065292543,15.1303435003699,157.868315456688,157.36507444567,10.8511409727424,168.195099891329,147.124587146572,3.23715368002929,6.95725713922636,6.95725713922636,0.139749879157212,6,7,7,1,1,17.8509637913901,0.139749879157212,0.594234790236303,0.000763317323246968,0.000565206820286823,0.422551049734564,0,-286.07865339556,0.942784638719695,certified_feasible
9,3,19,4,1,0.5,0.1,0.356321626794494,0.5078604068859,7,0.26,0.257826945410285,0.454271976942355,1.61895842940581,14.7461069576501,146.014631943581,0,-31.1943631187947,1,1,1,1,1,0,0,1.53666188756147e-14,1.61895842940609,14.7461071140052,72.4843742048688,68.2830090080344,9.44871029249971,77.4451758458752,146.014631943581,3.23715368002929,3.3739848530832,3.3739848530832,0.963476061275255,6,6,6,0.969599907585821,0.965274636414938,0.038240369188182,0.967291859682876,0.550978181363597,0.000876110537262686,-0.000575873359634382,-0.448247539663806,0,-286.07865339556,0.942784638719695,finite_geometry;outside_sufficient_bound;
9,3,20,4,2,0.5,0.25,0.890804066986236,3.17412754303687,7,0.3125,0.297606354099932,0.446209386669712,1.60858685417863,14.7732720292417,146.014631943581,0,-28.5280959826437,1,1,1,1,1,0,0,1.41947235242744e-14,1.60858685417908,14.7732720292424,77.3528172360153,72.3187020312052,9.44871029249971,81.066559339305,146.014631943581,3.23715368002929,4.0139183768026,4.01391837680261,0.834626781550315,6,7,7,1,1,1.30013905264231,0.834626781550316,0.594234790236303,0.000763317323246968,0.000565206820286823,-0.272325852658539,0,-286.07865339556,0.942784638719695,finite_geometry;outside_sufficient_bound;
9,3,21,4,3,0.5,0.5,1.78160813397247,12.6965101721475,7,0.5,0.438676010113932,0.385600284837164,1.62045580596692,14.8377471937536,146.014631943581,0,-19.0057133535331,1,1,1,1,1,0,0,1.11785535895336e-14,1.62045580596692,14.8377471937536,91.427979940099,85.2865399800377,9.44871029249971,92.8794757187006,146.014631943581,3.23715368002929,5.42384072962799,5.423840729628,0.6150281130623,6,7,7,1,1,3.4071030251754,0.615028113062301,0.594234790236303,0.000763317323246968,0.000565206820286823,-0.0527271841705244,0,-286.07865339556,0.942784638719695,finite_geometry;outside_sufficient_bound;
9,3,22,4,4,0.5,0.75,2.67241220095871,28.5671478873319,7,0.8125,0.673208968042,0.324991183004617,1.69707833691079,14.9259428356768,146.014631943581,0,-3.13507563834869,1,1,1,1,1,1,0,9.02225463935227e-15,1.69707833691079,14.9259428356768,110.214130873901,103.393452664974,9.44871029249971,110.522651327209,146.014631943581,3.23715368002929,6.30602744054193,6.30602744054194,0.44516416458265,6,7,7,1,1,6.91870964606388,0.445164164582652,0.594234790236303,0.000763317323246968,0.000565206820286823,0.117136764309124,0,-286.07865339556,0.942784638719695,outside_sufficient_bound;
9,3,23,4,5,0.5,1,3.56321626794494,50.78604068859,7,1.25,1.00120522788414,0.26438208117207,1.79348056158726,15.0374415940484,146.014631943581,1,19.0838171629094,1,1,1,1,1,1,1,7.30125591819237e-15,1.79348056158726,15.0374415940484,131.710651503342,124.415558191615,9.44871029249971,132.975246907714,146.014631943581,3.23715368002929,6.68899044567333,6.68899044567333,0.324815662232833,6,7,7,1,1,11.8349589153078,0.324815662232834,0.594234790236303,0.000763317323246968,0.000565206820286823,0.237485266658942,0,-286.07865339556,0.942784638719695,certified_feasible
9,3,24,4,6,0.5,1.25,4.45402033493118,79.3531885759219,7,1.8125,1.42266478964034,0.203772979339523,1.9162253083117,15.1717297058483,157.211025514979,1,47.6509650502413,1,1,1,1,1,1,1,6.12088803359672e-15,1.9162253083117,15.1717297058483,154.792437610381,147.108358362832,10.1224324010049,157.211025514979,154.792437610381,3.23715368002929,6.84854778095003,6.84854778095003,0.241973347231786,6,7,7,1,1,18.155850832907,0.241973347231787,0.594234790236303,0.000763317323246968,0.000565206820286823,0.32032758165999,0,-286.07865339556,0.942784638719695,certified_feasible
9,3,25,5,1,0.75,0.1,0.356321626794494,0.225715736393733,7,0.5725,0.570501886038864,0.272061533889771,1.83515704028171,14.8376297127617,146.014631943581,0,-31.4765077892868,1,1,1,1,1,0,0,1.05725644745863e-14,1.83515704028225,14.8376297469493,104.187129149964,35.3056240756769,9.44871029249971,44.2822907204256,146.014631943581,3.23715368002929,3.29855634605692,3.29855634605692,0.98295899966605,6,6,6,0.969599907585821,0.967635592294241,0.0860408306734159,0.984842068156889,0.550978181363597,0.000876110537262686,-0.000575873359634382,-0.46579774813782,0,-286.07865339556,0.942784638719695,finite_geometry;outside_sufficient_bound;
9,3,26,5,2,0.75,0.25,0.890804066986236,1.41072335246083,7,0.625,0.610543705671381,0.235696072790243,1.82478546505454,14.8645065151227,146.014631943581,0,-30.2915001732197,1,1,1,1,1,0,0,9.9939066749118e-15,1.82478546505527,14.8645065151479,106.742904173062,42.6432699900188,9.44871029249971,50.3933437325258,146.014631943581,3.23715368002929,3.60538780017685,3.60538780017685,0.911030278871811,6,6,6,0.969599907585821,0.958354202541525,0.0860408306734119,0.918995857310332,0.550978181363597,0.000876110537262686,-0.000575873359634382,-0.399951537291262,0,-286.07865339556,0.942784638719695,finite_geometry;outside_sufficient_bound;
9,3,27,5,3,0.75,0.5,1.78160813397247,5.64289340984333,7,0.8125,0.75205071325683,0.175086970957695,1.80749950634258,14.928386827669,146.014631943581,0,-26.0593301158372,1,1,1,1,1,0,0,8.85059945627119e-15,1.80749950634377,14.928386827669,117.202969050692,62.2077790958074,9.44871029249971,67.837004101854,146.014631943581,3.23715368002929,4.49546872647874,4.49546872647875,0.757247237078622,6,7,7,1,1,4.15437518575617,0.757247237078622,0.594234790236303,0.000763317323246968,0.000565206820286823,-0.194946308186846,0,-286.07865339556,0.942784638719695,finite_geometry;outside_sufficient_bound;
9,3,28,5,4,0.75,0.75,2.67241220095871,12.6965101721475,7,1.125,0.987021022756347,0.114477869125148,1.79021354763062,15.0158504596741,146.014631943581,0,-19.0057133535331,1,1,1,1,1,0,0,7.56142647898978e-15,1.79021354763249,15.0158504596741,132.582837739294,85.4036298909667,9.44871029249971,91.260516128718,146.014631943581,3.23715368002929,5.42384072962799,5.423840729628,0.6150281130623,6,7,7,1,1,7.66598180664464,0.6150281130623,0.594234790236303,0.000763317323246968,0.000565206820286823,-0.0527271841705241,0,-286.07865339556,0.942784638719695,finite_geometry;outside_sufficient_bound;
9,3,29,5,5,0.75,1,3.56321626794494,22.5715736393733,7,1.5625,1.31545463416993,0.0538687672926013,1.82042259436543,15.1264883297627,151.103751503706,0,-9.13064988630723,1,1,1,1,1,1,0,6.46819385332285e-15,1.82042259436542,15.1264883297627,151.103751503706,110.159912665358,9.44871029249971,117.722489219382,151.103751503706,3.23715368002929,6.08353813114625,6.08353813114626,0.495845778984394,6,7,7,1,1,12.5822310758885,0.495845778984394,0.594234790236303,0.000763317323246968,0.000565206820286823,0.0664551499073819,0,-286.07865339556,0.942784638719695,outside_sufficient_bound;
9,3,30,5,6,0.75,1.25,4.45402033493118,35.2680838115208,7,2.125,1.73735154749758,-0.00674033453994638,1.8970451253093,15.2597963867799,171.753764222935,1,3.56586028584027,0,0,1,0,0,0,0,NaN,NaN,NaN,NaN,NaN,NaN,NaN,NaN,3.23715368002929,NaN,6.47280321556429,0.400063173811412,6,NaN,NaN,NaN,NaN,NaN,NaN,NaN,NaN,NaN,NaN,0,NaN,NaN,negative_rate;modulation_envelope;
9,3,31,6,1,1,0.1,0.356321626794494,0.126965101721475,7,1.01,1.00817682666744,0.0615482200103021,2.05135565115762,14.9532659301454,146.014631943581,0,-31.5752584239591,1,1,1,1,1,0,0,7.95997121465016e-15,2.05135565115842,14.9532659309955,136.920153476081,10.6584693913117,9.44871029249971,14.2650429602459,146.014631943581,3.23715368002929,3.27180817583746,3.27180817583746,0.990239308756857,6,6,6,0.969599907585821,0.968486471442822,0.152961476752736,0.991340512135381,0.550978181363597,0.000876110537262686,-0.000575873359634382,-0.472296192116311,0,-286.07865339556,0.942784638719695,finite_geometry;outside_sufficient_bound;
9,3,32,6,2,1,0.25,0.890804066986236,0.793531885759219,7,1.0625,1.04848105724283,0.0251827589107738,2.04098407593044,14.9798151799119,146.014631943581,0,-30.9086916399213,1,1,1,1,1,0,0,7.69842838052109e-15,2.04098407593146,14.9798151799153,138.891159468425,26.6461734782792,9.44871029249971,28.4618536191201,146.014631943581,3.23715368002929,3.44884768183616,3.44884768183617,0.945447243847546,6,6,6,0.969599907585821,0.962984786971529,0.15296147675274,0.950854791668027,0.550978181363597,0.000876110537262686,-0.000575873359634382,-0.431810471648957,0,-286.07865339556,0.942784638719695,finite_geometry;outside_sufficient_bound;
9,3,33,6,3,1,0.5,1.78160813397247,3.17412754303687,7,1.25,1.19042541639973,-0.0354263429217735,2.02369811721849,15.0430065533902,146.014631943581,0,-28.5280959826437,0,1,1,0,0,0,0,NaN,NaN,NaN,NaN,NaN,NaN,NaN,NaN,3.23715368002929,NaN,4.01391837680261,0.834626781550315,6,NaN,NaN,NaN,NaN,NaN,NaN,NaN,NaN,NaN,NaN,0,NaN,NaN,negative_rate;
9,3,34,6,4,1,0.75,2.67241220095871,7.14178697183297,7,1.5625,1.4258330774707,-0.0960354447543207,2.00641215850653,15.1296094436949,158.484865503322,0,-24.5604365538476,0,1,1,0,0,0,0,NaN,NaN,NaN,NaN,NaN,NaN,NaN,NaN,3.23715368002929,NaN,4.74217355212972,0.71978304706377,6,NaN,NaN,NaN,NaN,NaN,NaN,NaN,NaN,NaN,NaN,0,NaN,NaN,negative_rate;
9,3,35,6,5,1,1,3.56321626794494,12.6965101721475,7,2,1.75470404045573,-0.156644546586868,1.99715774499633,15.2392247205861,174.444463670211,0,-19.0057133535331,0,1,1,0,0,0,0,NaN,NaN,NaN,NaN,NaN,NaN,NaN,NaN,3.23715368002929,NaN,5.423840729628,0.6150281130623,6,NaN,NaN,NaN,NaN,NaN,NaN,NaN,NaN,NaN,NaN,0,NaN,NaN,negative_rate;
9,3,36,6,6,1,1.25,4.45402033493118,19.8382971439805,7,2.5625,2.17703830535483,-0.217253648419415,2.03851390206228,15.3713600784928,192.761622296132,0,-11.8639263817001,0,0,1,0,0,0,0,NaN,NaN,NaN,NaN,NaN,NaN,NaN,NaN,3.23715368002929,NaN,5.9472163048326,0.523384686304698,6,NaN,NaN,NaN,NaN,NaN,NaN,NaN,NaN,NaN,NaN,0,NaN,NaN,negative_rate;modulation_envelope;
10,1,1,1,1,0.1,0.1,0.368583045354852,13.5853461323057,7,0.02,0.0178063507452918,0.54796020235549,1.51535555220167,14.4419524243967,161.625488624623,0,-13.6601372626325,1,0,1,0,0,0,0,NaN,NaN,NaN,NaN,NaN,NaN,NaN,NaN,3.35351154823501,NaN,5.50383240068757,0.623355140784391,5,NaN,NaN,NaN,NaN,NaN,NaN,NaN,NaN,NaN,NaN,0,NaN,NaN,modulation_envelope;
10,1,2,1,2,0.1,0.25,0.921457613387129,84.9084133269103,7,0.0725,0.0594724878587605,0.555209582504257,1.57568129316681,14.5092438227583,161.625488624623,1,57.6629299319721,1,0,1,0,0,0,0,NaN,NaN,NaN,NaN,NaN,NaN,NaN,NaN,3.35351154823501,NaN,6.85812546563529,0.239228406970308,5,NaN,NaN,NaN,NaN,NaN,NaN,NaN,NaN,NaN,NaN,0,NaN,NaN,modulation_envelope;
10,1,3,1,3,0.1,0.5,1.84291522677426,339.633653307641,7,0.26,0.208800345702624,0.519386889367063,1.7078038207101,14.6417528488714,161.625488624623,1,312.388169912703,1,0,1,0,0,0,0,NaN,NaN,NaN,NaN,NaN,NaN,NaN,NaN,3.35351154823501,NaN,6.98875839381076,0.0758666801789929,5,NaN,NaN,NaN,NaN,NaN,NaN,NaN,NaN,NaN,NaN,0,NaN,NaN,modulation_envelope;
10,1,4,1,4,0.1,0.75,2.76437284016139,764.175719942193,7,0.5725,0.457983573531592,0.446866776187237,1.8399263482534,14.7991040007336,161.625488624623,1,736.930236547255,1,1,1,1,1,1,1,9.90452910778701e-15,1.8399263482534,14.7998016653585,149.78701946495,150.874992365682,10.4885264583051,161.232035228646,161.625488624623,3.35351154823501,6.99767845002686,6.99767845002685,0.0355162446450856,5,7,7,1,1,6.77764443143427,0.0355162446450856,0.629441889582223,0.000742744467496977,0.00110536445240772,0.56199178359261,0,-286.042260981815,0.942791587046796,certified_feasible
10,1,5,1,5,0.1,1,3.68583045354851,1358.53461323056,7,1.01,0.807022171345663,0.37434666300741,1.97204887579669,14.9805144944871,179.288845406992,1,1331.28912983563,1,1,1,1,1,1,1,7.70170316125884e-15,1.97204887579669,14.9807082574129,166.981427917658,167.820601447392,11.4952722848714,179.288845406992,161.625488624623,3.35351154823501,6.99925392233643,6.99925392233643,0.0203595205275917,5,7,7,1,1,12.0380622226072,0.0203595205275917,0.629441889582223,0.000742744467496977,0.00110536445240772,0.577148507710104,0,-286.042260981815,0.942791587046796,certified_feasible
10,1,6,1,6,0.1,1.25,4.60728806693564,2122.71033317276,7,1.5725,1.25591613914484,0.255168177232303,2.12373686420945,15.1851220730181,200.109384508315,1,2095.46484977782,1,1,1,1,1,1,1,6.25799928989147e-15,2.12373686420945,15.185145166852,186.728962997517,187.356631861448,12.7848634871643,200.109384508315,161.625488624623,3.35351154823501,6.99969219712576,6.99969219712576,0.0131465412767363,5,7,7,1,1,18.8014565255439,0.0131465412767363,0.629441889582223,0.000742744467496977,0.00110536445240772,0.584361486960959,0,-286.042260981815,0.942791587046796,certified_feasible
10,1,7,2,1,0.2,0.1,0.368583045354852,3.39633653307641,7,0.05,0.0476242718917753,0.501112567104562,1.55163260396056,14.4690879894664,161.625488624623,0,-23.8491468618618,1,0,1,0,0,0,0,NaN,NaN,NaN,NaN,NaN,NaN,NaN,NaN,3.35351154823501,NaN,4.12756998586872,0.842701342631566,5,NaN,NaN,NaN,NaN,NaN,NaN,NaN,NaN,NaN,NaN,0,NaN,NaN,modulation_envelope;
10,1,8,2,2,0.2,0.25,0.921457613387129,21.2271033317276,7,0.1025,0.0890172907249692,0.521290742759917,1.59094575016746,14.5362193100949,161.625488624623,0,-6.0183800632106,1,0,1,0,0,0,0,NaN,NaN,NaN,NaN,NaN,NaN,NaN,NaN,3.35351154823501,NaN,6.00551636097067,0.528538952076949,5,NaN,NaN,NaN,NaN,NaN,NaN,NaN,NaN,NaN,NaN,0,NaN,NaN,modulation_envelope;
10,1,9,2,3,0.2,0.5,1.84291522677426,84.9084133269103,7,0.29,0.237889951435042,0.491528936621467,1.68295895390804,14.6684277338983,161.625488624623,1,57.6629299319721,1,0,1,0,0,0,0,NaN,NaN,NaN,NaN,NaN,NaN,NaN,NaN,3.35351154823501,NaN,6.85812546563529,0.239228406970308,5,NaN,NaN,NaN,NaN,NaN,NaN,NaN,NaN,NaN,NaN,0,NaN,NaN,modulation_envelope;
10,1,10,2,4,0.2,0.75,2.76437284016139,191.043929985548,7,0.6025,0.486617982130218,0.419008823441641,1.81508148145133,14.8254394570931,161.625488624623,1,163.79844659061,1,1,1,1,1,1,1,9.71679827455992e-15,1.81508148145133,14.8260546691793,138.521116504556,139.439958680023,10.4885264583051,148.99537521302,161.625488624623,3.35351154823501,6.96661107150327,6.96661107150328,0.126010273560689,5,7,7,1,1,6.82039481692726,0.126010273560689,0.629441889582223,0.000742744467496977,0.00110536445240772,0.471497754677006,0,-286.042260981815,0.942791587046796,certified_feasible
10,1,11,2,5,0.2,1,3.68583045354851,339.633653307641,7,1.04,0.835201382810498,0.346488710261814,1.96932486887047,15.00647595424,168.362474527879,1,312.388169912703,1,1,1,1,1,1,1,7.69356149720485e-15,1.96932486887046,15.0066490230448,156.948731588597,157.613932080513,10.774675540399,168.362474527879,161.625488624623,3.35351154823501,6.98875839381076,6.98875839381076,0.0758666801789929,5,7,7,1,1,12.0808126081002,0.0758666801789929,0.629441889582223,0.000742744467496977,0.00110536445240772,0.521641348058703,0,-286.042260981815,0.942791587046796,certified_feasible
10,1,12,2,6,0.2,1.25,4.60728806693564,530.677583293189,7,1.6025,1.28364015347588,0.264753424875957,2.14400612268041,15.2106794257306,190.375362379054,1,503.432099898251,1,1,1,1,1,1,1,6.23202040564969e-15,2.14400612268041,15.2106988489522,177.808805351005,178.266831964211,12.1404305546022,190.375362379054,161.625488624623,3.35351154823501,6.99526082381233,6.99526082381233,0.0501993040882815,5,7,7,1,1,18.8442069110368,0.0501993040882815,0.629441889582223,0.000742744467496977,0.00110536445240772,0.547308724149414,0,-286.042260981815,0.942791587046796,certified_feasible
10,1,13,3,1,0.35,0.1,0.368583045354852,1.10900784753516,7,0.1325,0.129851153611501,0.430841114228168,1.6121382893425,14.5231929960444,161.625488624623,0,-26.136475547403,1,0,1,0,0,0,0,NaN,NaN,NaN,NaN,NaN,NaN,NaN,NaN,3.35351154823501,NaN,3.62801943826393,0.933930195835167,5,NaN,NaN,NaN,NaN,NaN,NaN,NaN,NaN,NaN,NaN,0,NaN,NaN,modulation_envelope;
10,1,14,3,2,0.35,0.25,0.921457613387129,6.93129904709472,7,0.185,0.170834495024282,0.451019289883524,1.6514514355494,14.5900238704884,161.625488624623,0,-20.3141843478435,1,0,1,0,0,0,0,NaN,NaN,NaN,NaN,NaN,NaN,NaN,NaN,3.35351154823501,NaN,4.74009281651937,0.745962993390712,5,NaN,NaN,NaN,NaN,NaN,NaN,NaN,NaN,NaN,NaN,0,NaN,NaN,modulation_envelope;
10,1,15,3,3,0.35,0.5,1.84291522677426,27.7251961883789,7,0.3725,0.319024360033668,0.449742007503073,1.71697334589423,14.7216640416838,161.625488624623,1,0.479712793440715,1,1,1,1,1,1,1,1.2475637529488e-14,1.71697334591669,14.7223624025418,105.561943815026,106.476837003317,10.4885264583051,115.380833466531,161.625488624623,3.35351154823501,6.26344083331624,6.26344083331625,0.469203340718902,5,7,7,1,1,3.18051709762374,0.469203340718902,0.629441889582223,0.000742744467496977,0.00110536445240772,0.128304687518793,0,-286.042260981815,0.942791587046796,certified_feasible
10,1,16,3,4,0.35,0.75,2.76437284016139,62.3816914238525,7,0.685,0.567069595028157,0.377221894323247,1.82504750276696,14.8780297865308,161.625488624623,1,35.1362080289143,1,1,1,1,1,1,1,9.4124474011498e-15,1.82504750276695,14.8783684661626,122.666638368737,123.267764985434,10.4885264583051,131.685932602626,161.625488624623,3.35351154823501,6.76475618224421,6.76475618224422,0.295982434819865,5,7,7,1,1,6.93795837703298,0.295982434819866,0.629441889582223,0.000742744467496977,0.00110536445240772,0.30152559341783,0,-286.042260981815,0.942791587046796,certified_feasible
10,1,17,3,5,0.35,1,3.68583045354851,110.900784753516,7,1.1225,0.91497020000775,0.304701781143421,1.9997287565769,15.0583508744984,161.625488624623,1,83.6553013585774,1,1,1,1,1,1,1,7.40815600608887e-15,1.9997287565769,15.0584410429805,143.140304033658,143.49504951133,10.4885264583051,153.244432120803,161.625488624623,3.35351154823501,6.91050794416941,6.91050794416941,0.196007512820792,5,7,7,1,1,12.1983761682059,0.196007512820792,0.629441889582223,0.000742744467496977,0.00110536445240772,0.401500515416903,0,-286.042260981815,0.942791587046796,certified_feasible
10,1,18,3,6,0.35,1.25,4.60728806693564,173.282476177368,7,1.685,1.36272617497245,0.232181667963594,2.17441001038684,15.2617782171025,177.135772457611,1,146.03699278243,1,1,1,1,1,1,1,6.10597669187874e-15,2.17441001038684,15.2617843203419,165.739106406699,165.906536542403,11.26155834609,177.135772457611,161.625488624623,3.35351154823501,6.9600003066396,6.9600003066396,0.136829892181299,5,7,7,1,1,18.9617704711426,0.1368298921813,0.629441889582223,0.000742744467496977,0.00110536445240772,0.460678136056396,0,-286.042260981815,0.942791587046796,certified_feasible
10,1,19,4,1,0.5,0.1,0.368583045354852,0.543413845292226,7,0.26,0.257078035331226,0.360569661351775,1.67264397472443,14.5932170567293,161.625488624623,0,-26.7020695496459,1,1,1,1,1,0,0,1.4985723187195e-14,1.67264397968037,14.5932467668188,86.7210603175652,70.7150740221608,10.4885264583051,80.8624343583712,161.625488624623,3.35351154823501,3.49069843938866,3.49069843938866,0.964426386352771,5,5,5,0.961850485377221,0.952328763412163,0.246278413805558,0.972137694916585,0.518721523051799,0.000921781771060334,0.00273618195641701,-0.485350033209313,0,-286.042260981815,0.942791587046796,finite_geometry;outside_sufficient_bound;
10,1,20,4,2,0.5,0.25,0.921457613387129,3.39633653307641,7,0.3125,0.297651699323595,0.380747837007131,1.71195712093133,14.6596774508412,161.625488624623,0,-23.8491468618618,1,1,1,1,1,0,0,1.36832190655376e-14,1.71195712241482,14.6598010503257,89.7741939722164,75.1812222027553,10.4885264583051,84.8170194767551,161.625488624623,3.35351154823501,4.12756998586871,4.12756998586872,0.842701342631566,5,6,6,0.983069157879468,0.957883897732146,0.0902231169020347,0.851675919991039,0.578811671028331,0.00084774125902368,0.000960999307757726,-0.304798110307235,0,-286.042260981815,0.942791587046796,finite_geometry;outside_sufficient_bound;
10,1,21,4,3,0.5,0.5,1.84291522677426,13.5853461323057,7,0.5,0.445158768632294,0.40795507838468,1.77747903127616,14.7906130312047,161.625488624623,0,-13.6601372626325,1,1,1,1,1,0,0,1.10805413187374e-14,1.77747903154527,14.790789377161,100.44536753359,89.2682294842498,10.4885264583051,97.5526821293816,161.625488624623,3.35351154823501,5.50383240068756,5.50383240068757,0.623355140784391,5,7,7,1,1,3.36220623596893,0.623355140784392,0.629441889582223,0.000742744467496977,0.00110536445240772,-0.0258471125466962,0,-286.042260981815,0.942791587046796,finite_geometry;outside_sufficient_bound;
10,1,22,4,4,0.5,0.75,2.76437284016139,30.5670287976877,7,0.8125,0.692521207926096,0.335434965204853,1.85545139047339,14.9461736666243,161.625488624623,1,3.32154540274954,1,1,1,1,1,1,1,8.91423232203807e-15,1.85545139047339,14.9462659939756,117.906831974456,108.736744948922,10.4885264583051,116.127898013477,161.625488624623,3.35351154823501,6.34664049607635,6.34664049607635,0.447430997590459,5,7,7,1,1,7.11964751537817,0.447430997590458,0.629441889582223,0.000742744467496977,0.00110536445240772,0.150077030647237,0,-286.042260981815,0.942791587046796,certified_feasible
10,1,23,4,5,0.5,1,3.68583045354851,54.3413845292226,7,1.25,1.039739017205,0.262914852025027,2.03013264428333,15.1255996001765,161.625488624623,1,27.0959011342844,1,1,1,1,1,1,1,7.05802891885323e-15,2.03013264428333,15.1256173291388,138.765614543607,131.21282289625,10.4885264583051,140.088293457927,161.625488624623,3.35351154823501,6.708228495546,6.70822849554601,0.323476947490555,5,7,7,1,1,12.3800653065511,0.323476947490555,0.629441889582223,0.000742744467496977,0.00110536445240772,0.27403108074714,0,-286.042260981815,0.942791587046796,certified_feasible
10,1,24,4,6,0.5,1.25,4.60728806693564,84.9084133269103,7,1.8125,1.48681219646901,0.166132768159711,2.20481389809327,15.3280527730935,165.874428434292,1,57.6629299319721,1,1,1,1,1,1,1,5.97617010899487e-15,2.20481389809327,15.3280527730935,161.703533716981,155.396886603948,10.5112955487392,165.874428434292,161.703533716981,3.35351154823501,6.85812546563529,6.85812546563529,0.239228406970308,5,7,7,1,1,19.1434596094878,0.239228406970309,0.629441889582223,0.000742744467496977,0.00110536445240772,0.358279621267387,0,-286.042260981815,0.942791587046796,certified_feasible
10,1,25,5,1,0.75,0.1,0.368583045354852,0.241517264574323,7,0.572500000000001,0.569122838197434,0.243450573224453,1.77348678369432,14.744660162509,161.625488624623,0,-27.0039661303638,1,1,1,1,1,0,0,1.07065268606414e-14,1.77348680809972,14.744660162509,118.091386091968,36.6520378739277,10.4885264583051,46.568572525029,161.625488624623,3.35351154823501,3.4151181733363,3.41511817333631,0.983196873515485,5,5,5,0.961850485377221,0.95752620989964,0.554126431062504,0.9871845844848,0.518721523051799,0.000921781771060334,0.00273618195641701,-0.500396922777528,0,-286.042260981815,0.942791587046796,finite_geometry;outside_sufficient_bound;
10,1,26,5,2,0.75,0.25,0.921457613387129,1.50948290358952,7,0.625000000000001,0.609013706489117,0.263628748879809,1.81279992990122,14.8103564260664,161.625488624623,0,-25.7360004913487,1,1,1,1,1,0,0,1.01676410532236e-14,1.81279994000138,14.8103564260664,120.324496433296,44.6341147421249,10.4885264583051,53.1136827017125,161.625488624623,3.35351154823501,3.72188973511969,3.72188973511969,0.914955734452644,5,6,6,0.983069157879468,0.970476527805807,0.203002013029576,0.921824595588555,0.578811671028331,0.00084774125902368,0.000960999307757726,-0.374946785904752,0,-286.042260981815,0.942791587046796,finite_geometry;outside_sufficient_bound;
10,1,27,5,3,0.75,0.5,1.84291522677426,6.03793161435807,7,0.8125,0.755382782963338,0.283524897237051,1.87832184024605,14.9398317854942,161.625488624623,0,-21.2075517805801,1,1,1,1,1,0,0,9.09770463868791e-15,1.87832184295952,14.9398317854942,129.42461523725,65.6064114481252,10.4885264583051,71.6872282124857,161.625488624623,3.35351154823501,4.6017430357509,4.6017430357509,0.767369829365465,5,7,7,1,1,3.80752275152087,0.767369829365465,0.629441889582223,0.000742744467496977,0.00110536445240772,-0.16986180112777,0,-286.042260981815,0.942791587046796,finite_geometry;outside_sufficient_bound;
10,1,28,5,4,0.75,0.75,2.76437284016139,13.5853461323057,7,1.125,1.00160722942266,0.233823859633751,1.94384375059088,15.0937163299339,161.625488624623,0,-13.6601372626325,1,1,1,1,1,0,0,7.47517928941396e-15,1.94384375145108,15.0937163299339,143.393653625869,90.302051642639,10.4885264583051,96.3774828867917,161.625488624623,3.35351154823501,5.50383240068756,5.50383240068757,0.623355140784391,5,7,7,1,1,7.56496403093013,0.623355140784391,0.629441889582223,0.000742744467496977,0.00110536445240772,-0.0258471125466957,0,-286.042260981815,0.942791587046796,finite_geometry;outside_sufficient_bound;
10,1,29,5,5,0.75,1,3.68583045354851,24.1517264574323,7,1.5625,1.34768704586709,0.151626974364785,2.08080579046072,15.2712721826335,161.625488624623,0,-3.09375693750591,1,1,1,1,1,1,0,6.35138768807756e-15,2.08080579046071,15.2712721826335,160.968975440993,116.374318997452,10.4885264583051,124.183777933039,161.625488624623,3.35351154823501,6.13538658387144,6.13538658387144,0.499968530438928,5,7,7,1,1,12.825381822103,0.499968530438929,0.629441889582223,0.000742744467496977,0.00110536445240772,0.0975394977987669,0,-286.042260981815,0.942791587046796,outside_sufficient_bound;
10,1,30,5,6,0.75,1.25,4.60728806693564,37.7370725897379,7,2.125,1.79362223229662,0.0321887174135378,2.25548704427066,15.4716843963918,181.103684369899,1,10.4915891947997,1,0,1,0,0,0,0,NaN,NaN,NaN,NaN,NaN,NaN,NaN,NaN,3.35351154823501,NaN,6.50442315312214,0.40080764411074,5,NaN,NaN,NaN,NaN,NaN,NaN,NaN,NaN,NaN,NaN,0,NaN,NaN,modulation_envelope;
10,1,31,6,1,1,0.1,0.368583045354852,0.135853461323057,7,1.01,1.00616764106364,0.0308141434686005,1.87432959266421,14.9383464269134,161.625488624623,0,-27.1096299336151,1,1,1,1,1,0,0,8.14462112699385e-15,1.87432965242203,14.9383464269134,151.529962492815,11.0932854771943,10.4885264583051,15.3450161189362,161.625488624623,3.35351154823501,3.38829003574748,3.38829003574749,0.990321621569916,5,5,5,0.961850485377221,0.95939934902978,0.985113655222234,0.992698960977011,0.518721523051799,0.000921781771060334,0.00273618195641701,-0.50591129926974,0,-286.042260981815,0.942791587046796,finite_geometry;outside_sufficient_bound;
10,1,32,6,2,1,0.25,0.921457613387129,0.849084133269103,7,1.0625,1.04537571365464,0.0425567220524271,1.91364273887111,15.003111123733,161.625488624623,0,-26.3963992616691,1,1,1,1,1,0,0,7.86221854547988e-15,1.91364276874031,15.003111123733,153.570340333002,27.7332136929857,10.4885264583051,29.7512807013524,161.625488624623,3.35351154823501,3.56560441299692,3.56560441299692,0.947315941945666,5,6,6,0.983069157879468,0.975661728424373,0.360892467608121,0.952355044634062,0.578811671028331,0.00084774125902368,0.000960999307757726,-0.405477234950259,0,-286.042260981815,0.942791587046796,finite_geometry;outside_sufficient_bound;
10,1,33,6,3,1,0.5,1.84291522677426,3.39633653307641,7,1.25,1.19060679729438,0.0621276863588055,1.97916464921594,15.1307992233859,161.625488624623,0,-23.8491468618618,1,1,1,1,1,0,0,7.13250285654265e-15,1.9791646595606,15.1307992233859,160.785547914957,55.4664273859714,10.4885264583051,59.1701745395989,161.625488624623,3.35351154823501,4.12756998586872,4.12756998586872,0.842701342631566,5,6,6,0.983069157879468,0.957883897732146,0.360892467608135,0.851675919991039,0.578811671028331,0.00084774125902368,0.000960999307757726,-0.304798110307235,0,-286.042260981815,0.942791587046796,finite_geometry;outside_sufficient_bound;
10,1,34,6,4,1,0.75,2.76437284016139,7.64175719942193,7,1.5625,1.43569325091923,0.0618593644076508,2.04468655956077,15.2826244291896,172.216136555532,0,-19.6037261955162,1,1,1,1,1,0,0,6.40260279806797e-15,2.04468656353626,15.2826244291896,172.216136555532,83.1996410789572,10.4885264583051,88.7552618093984,172.216136555532,3.35351154823501,4.8430023771868,4.8430023771868,0.730029914858378,5,7,7,1,1,8.18840715270283,0.730029914858378,0.629441889582223,0.000742744467496977,0.00110536445240772,-0.132521886620683,0,-286.042260981815,0.942791587046796,finite_geometry;outside_sufficient_bound;
10,1,35,6,5,1,1,3.68583045354851,13.5853461323057,7,2,1.78063507452918,0.0121583268043503,2.1314789366381,15.4578755431277,187.091061372252,0,-13.6601372626325,1,0,1,0,0,0,0,NaN,NaN,NaN,NaN,NaN,NaN,NaN,NaN,3.35351154823501,NaN,5.50383240068757,0.623355140784391,5,NaN,NaN,NaN,NaN,NaN,NaN,NaN,NaN,NaN,NaN,0,NaN,NaN,modulation_envelope;
10,1,36,6,6,1,1.25,4.60728806693564,21.2271033317276,7,2.5625,2.22543226812423,-0.101755333332636,2.30616019044804,15.6557658940053,204.660682799993,0,-6.0183800632106,0,0,1,0,0,0,0,NaN,NaN,NaN,NaN,NaN,NaN,NaN,NaN,3.35351154823501,NaN,6.00551636097067,0.528538952076949,5,NaN,NaN,NaN,NaN,NaN,NaN,NaN,NaN,NaN,NaN,0,NaN,NaN,negative_rate;modulation_envelope;
10,2,1,1,1,0.1,0.1,0.368583045354852,13.5853461323057,7,0.02,0.0179035722665165,0.534635358409719,1.50857927915666,14.4041131300092,161.625488624623,0,-13.6601372626325,1,0,1,0,0,0,0,NaN,NaN,NaN,NaN,NaN,NaN,NaN,NaN,3.35351154823501,NaN,5.50383240068757,0.623355140784391,5,NaN,NaN,NaN,NaN,NaN,NaN,NaN,NaN,NaN,NaN,0,NaN,NaN,modulation_envelope;
10,2,2,1,2,0.1,0.25,0.921457613387129,84.9084133269103,7,0.0725,0.0590878334695616,0.499559191631446,1.57017339393612,14.449678261036,161.625488624623,1,57.6629299319721,1,0,1,0,0,0,0,NaN,NaN,NaN,NaN,NaN,NaN,NaN,NaN,3.35351154823501,NaN,6.85812546563529,0.239228406970308,5,NaN,NaN,NaN,NaN,NaN,NaN,NaN,NaN,NaN,NaN,0,NaN,NaN,modulation_envelope;
10,2,3,1,3,0.1,0.5,1.84291522677426,339.633653307641,7,0.26,0.205938676283357,0.441098913667659,1.6728302519019,14.5478399679657,161.625488624623,1,312.388169912703,1,0,1,0,0,0,0,NaN,NaN,NaN,NaN,NaN,NaN,NaN,NaN,3.35351154823501,NaN,6.98875839381076,0.0758666801789929,5,NaN,NaN,NaN,NaN,NaN,NaN,NaN,NaN,NaN,NaN,0,NaN,NaN,modulation_envelope;
10,2,4,1,4,0.1,0.75,2.76437284016139,764.175719942193,7,0.5725,0.450552528441387,0.326085312057082,1.77548710986767,14.6714541730363,161.625488624623,1,736.930236547255,1,1,1,1,1,1,1,1.02424655342218e-14,1.77548710986767,14.6714542369834,147.328644433031,149.243712437732,10.4885264583051,159.484843449681,161.625488624623,3.35351154823501,6.99767845002685,6.99767845002685,0.0355162446450856,5,7,7,1,1,6.77764443143427,0.0355162446450858,0.629441889582223,0.000742744467496977,0.00110536445240772,0.56199178359261,0,-286.042260981815,0.942791587046796,certified_feasible
10,2,5,1,5,0.1,1,3.68583045354851,1358.53461323056,7,1.01,0.792929389943651,0.208869144974209,1.87814396783344,14.8191801722781,176.312939241929,1,1331.28912983563,1,1,1,1,1,1,1,7.94750551875477e-15,1.87814396783344,14.8191801788646,163.177102103742,165.011663625577,11.3338738087145,176.312939241929,161.625488624623,3.35351154823501,6.99925392233643,6.99925392233643,0.0203595205275917,5,7,7,1,1,12.0380622226072,0.0203595205275918,0.629441889582223,0.000742744467496977,0.00110536445240772,0.577148507710104,0,-286.042260981815,0.942791587046796,certified_feasible
10,2,6,1,6,0.1,1.25,4.60728806693564,2122.71033317276,7,1.5725,1.23306926079015,0.0916529778913358,1.98080082579922,14.9903051341308,195.785839800848,1,2095.46484977782,1,1,1,1,1,1,1,6.47199726140971e-15,1.98080082579922,14.9903051352373,181.507571813263,183.251759491788,12.5673447744812,195.785839800848,161.625488624623,3.35351154823501,6.99969219712576,6.99969219712576,0.0131465412767363,5,7,7,1,1,18.8014565255438,0.0131465412767363,0.629441889582223,0.000742744467496977,0.00110536445240772,0.584361486960959,0,-286.042260981815,0.942791587046796,certified_feasible
10,2,7,2,1,0.2,0.1,0.368583045354852,3.39633653307641,7,0.05,0.0479861037854944,0.492521434395421,1.5258650568291,14.4183181296278,161.625488624623,0,-23.8491468618618,1,0,1,0,0,0,0,NaN,NaN,NaN,NaN,NaN,NaN,NaN,NaN,3.35351154823501,NaN,4.12756998586872,0.842701342631566,5,NaN,NaN,NaN,NaN,NaN,NaN,NaN,NaN,NaN,NaN,0,NaN,NaN,modulation_envelope;
10,2,8,2,2,0.2,0.25,0.921457613387129,21.2271033317276,7,0.1025,0.0892941622670061,0.476222940723831,1.57102316096639,14.4514034921632,161.625488624623,0,-6.0183800632106,1,0,1,0,0,0,0,NaN,NaN,NaN,NaN,NaN,NaN,NaN,NaN,3.35351154823501,NaN,6.00551636097067,0.528538952076949,5,NaN,NaN,NaN,NaN,NaN,NaN,NaN,NaN,NaN,NaN,0,NaN,NaN,modulation_envelope;
10,2,9,2,3,0.2,0.5,1.84291522677426,84.9084133269103,7,0.29,0.236351333878246,0.417762662760044,1.67194315544666,14.547007805756,161.625488624623,1,57.6629299319721,1,0,1,0,0,0,0,NaN,NaN,NaN,NaN,NaN,NaN,NaN,NaN,3.35351154823501,NaN,6.85812546563529,0.239228406970308,5,NaN,NaN,NaN,NaN,NaN,NaN,NaN,NaN,NaN,NaN,0,NaN,NaN,modulation_envelope;
10,2,10,2,4,0.2,0.75,2.76437284016139,191.043929985548,7,0.6025,0.48117151483372,0.347255594025443,1.77460001341244,14.6700868986356,161.625488624623,1,163.79844659061,1,1,1,1,1,1,1,1.02119793250839e-14,1.77460001341243,14.6700872157129,135.799638278177,137.614636670931,10.4885264583051,147.050177593496,161.625488624623,3.35351154823501,6.96661107150327,6.96661107150328,0.126010273560689,5,7,7,1,1,6.82039481692725,0.12601027356069,0.629441889582223,0.000742744467496977,0.00110536445240772,0.471497754677006,0,-286.042260981815,0.942791587046796,certified_feasible
10,2,11,2,5,0.2,1,3.68583045354851,339.633653307641,7,1.04,0.823754705133429,0.23003942694257,1.87725687137821,14.8181161684239,165.127226721871,1,312.388169912703,1,1,1,1,1,1,1,7.79659786508899e-15,1.87725687137821,14.8181161926875,152.824601270659,154.550093733094,10.6063800735783,165.127226721871,161.625488624623,3.35351154823501,6.98875839381076,6.98875839381076,0.0758666801789929,5,7,7,1,1,12.0808126081002,0.0758666801789932,0.629441889582223,0.000742744467496977,0.00110536445240772,0.521641348058702,0,-286.042260981815,0.942791587046796,certified_feasible
10,2,12,2,6,0.2,1.25,4.60728806693564,530.677583293189,7,1.6025,1.26410090477737,0.112823259859697,1.98046321739231,14.9895396045797,185.7558950555,1,503.432099898251,1,1,1,1,1,1,1,6.48217757283215e-15,1.9804632173923,14.9895396078236,172.2392828151,173.870266330433,11.9156742430343,185.7558950555,161.625488624623,3.35351154823501,6.99526082381233,6.99526082381233,0.0501993040882815,5,7,7,1,1,18.8442069110368,0.0501993040882817,0.629441889582223,0.000742744467496977,0.00110536445240772,0.547308724149414,0,-286.042260981815,0.942791587046796,certified_feasible
10,2,13,3,1,0.35,0.1,0.368583045354852,1.10900784753516,7,0.1325,0.130609901063961,0.422249981519028,1.56496471114495,14.4678825569962,161.625488624623,0,-26.136475547403,1,0,1,0,0,0,0,NaN,NaN,NaN,NaN,NaN,NaN,NaN,NaN,3.35351154823501,NaN,3.62801943826393,0.933930195835167,5,NaN,NaN,NaN,NaN,NaN,NaN,NaN,NaN,NaN,NaN,0,NaN,NaN,modulation_envelope;
10,2,14,3,2,0.35,0.25,0.921457613387129,6.93129904709472,7,0.185,0.172103655463173,0.429541458110674,1.60928070703453,14.4695237923171,161.625488624623,0,-20.3141843478435,1,0,1,0,0,0,0,NaN,NaN,NaN,NaN,NaN,NaN,NaN,NaN,3.35351154823501,NaN,4.74009281651937,0.745962993390712,5,NaN,NaN,NaN,NaN,NaN,NaN,NaN,NaN,NaN,NaN,0,NaN,NaN,modulation_envelope;
10,2,15,3,3,0.35,0.5,1.84291522677426,27.7251961883789,7,0.3725,0.31947032027058,0.382758286398621,1.68454421393001,14.5593386405552,161.625488624623,1,0.479712793440715,1,1,1,1,1,1,1,1.29054038671416e-14,1.68454421393001,14.5593386405552,103.781260025564,105.475615708553,10.4885264583051,114.374367483517,161.625488624623,3.35351154823501,6.26344083331624,6.26344083331625,0.469203340718902,5,7,7,1,1,3.18051709762374,0.469203340718903,0.629441889582223,0.000742744467496977,0.00110536445240772,0.128304687518792,0,-286.042260981815,0.942791587046796,certified_feasible
10,2,16,3,4,0.35,0.75,2.76437284016139,62.3816914238525,7,0.685,0.564599994422221,0.315342873311833,1.77326936872959,14.679000324363,161.625488624623,1,35.1362080289143,1,1,1,1,1,1,1,9.70685126187938e-15,1.77326936872958,14.679000324363,119.483646832117,121.099230743594,10.4885264583051,129.391065861023,161.625488624623,3.35351154823501,6.76475618224421,6.76475618224422,0.295982434819865,5,7,7,1,1,6.93795837703298,0.295982434819866,0.629441889582223,0.000742744467496977,0.00110536445240772,0.301525593417829,0,-286.042260981815,0.942791587046796,certified_feasible
10,2,17,3,5,0.35,1,3.68583045354851,110.900784753516,7,1.1225,0.907492677918096,0.208104002309314,1.88187641868894,14.8249616951455,161.625488624623,1,83.6553013585774,1,1,1,1,1,1,1,7.51307254691042e-15,1.88187641868894,14.8249618016445,138.48945296369,140.007630714736,10.4885264583051,149.579101916535,161.625488624623,3.35351154823501,6.91050794416941,6.91050794416941,0.196007512820792,5,7,7,1,1,12.1983761682059,0.196007512820792,0.629441889582223,0.000742744467496977,0.00110536445240772,0.401500515416903,0,-286.042260981815,0.942791587046796,certified_feasible
10,2,18,3,6,0.35,1.25,4.60728806693564,173.282476177368,7,1.685,1.3481483707582,0.100865131306795,1.99619922482598,14.9967361665652,172.048751242485,1,146.03699278243,1,1,1,1,1,1,1,6.22700353715173e-15,1.99619922482597,14.9967361784623,159.623024962358,161.047956907529,11.0262261212527,172.048751242485,161.625488624623,3.35351154823501,6.9600003066396,6.9600003066396,0.136829892181299,5,7,7,1,1,18.9617704711425,0.1368298921813,0.629441889582223,0.000742744467496977,0.00110536445240772,0.460678136056396,0,-286.042260981815,0.942791587046796,certified_feasible
10,2,19,4,1,0.5,0.1,0.368583045354852,0.543413845292226,7,0.26,0.258233698342428,0.351978528642635,1.62547039652689,14.5382224678636,161.625488624623,0,-26.7020695496459,1,1,1,1,1,0,0,1.4998788281815e-14,1.62547044897743,14.5382224678636,86.6911021406846,70.7113412576165,10.4885264583051,80.8356325010479,161.625488624623,3.35351154823501,3.49069843938865,3.49069843938866,0.964426386352771,5,5,5,0.961850485377221,0.952328763412163,0.246278413805557,0.972137694916585,0.518721523051799,0.000921781771060334,0.00273618195641701,-0.485350033209313,0,-286.042260981815,0.942791587046796,finite_geometry;outside_sufficient_bound;
10,2,20,4,2,0.5,0.25,0.921457613387129,3.39633653307641,7,0.3125,0.29991314865934,0.359270005234281,1.64753825310267,14.5220124709764,161.625488624623,0,-23.8491468618618,1,1,1,1,1,0,0,1.38692958803622e-14,1.64753825310267,14.5220124709764,89.6571680061186,74.8904276013004,10.4885264583051,84.5030888477084,161.625488624623,3.35351154823501,4.12756998586871,4.12756998586872,0.842701342631566,5,6,6,0.983069157879468,0.957883897732146,0.0902231169020327,0.851675919991039,0.578811671028331,0.00084774125902368,0.000960999307757726,-0.304798110307236,0,-286.042260981815,0.942791587046796,finite_geometry;outside_sufficient_bound;
10,2,21,4,3,0.5,0.5,1.84291522677426,13.5853461323057,7,0.5,0.447589306662913,0.280872422335889,1.72280175999815,14.5833817846351,161.625488624623,0,-13.6601372626325,1,1,1,1,1,0,0,1.13942322886932e-14,1.72280175999815,14.5833817846351,100.102819352634,87.9799366597509,10.4885264583051,96.2764185301522,161.625488624623,3.35351154823501,5.50383240068756,5.50383240068757,0.623355140784391,5,7,7,1,1,3.36220623596894,0.623355140784391,0.629441889582223,0.000742744467496977,0.00110536445240772,-0.0258471125466959,0,-286.042260981815,0.942791587046796,finite_geometry;outside_sufficient_bound;
10,2,22,4,4,0.5,0.75,2.76437284016139,30.5670287976877,7,0.8125,0.693028474010722,0.17363355133337,1.79806526689363,14.7028239770195,161.625488624623,1,3.32154540274954,1,1,1,1,1,1,1,9.01926107186486e-15,1.79806526689363,14.7028239770195,116.247453428858,106.158170467815,10.4885264583051,113.416409571433,161.625488624623,3.35351154823501,6.34664049607635,6.34664049607635,0.447430997590459,5,7,7,1,1,7.11964751537818,0.447430997590459,0.629441889582223,0.000742744467496977,0.00110536445240772,0.150077030647236,0,-286.042260981815,0.942791587046796,certified_feasible
10,2,23,4,5,0.5,1,3.68583045354851,54.3413845292226,7,1.25,1.03623065070276,0.0663946803308508,1.89761242612261,14.8458100970062,161.625488624623,1,27.0959011342844,1,1,1,1,1,1,1,7.2309645686534e-15,1.89761242612261,14.8458100970062,135.851732920246,127.262876965614,10.4885264583051,135.954975254709,161.625488624623,3.35351154823501,6.708228495546,6.70822849554601,0.323476947490555,5,7,7,1,1,12.3800653065511,0.323476947490555,0.629441889582223,0.000742744467496977,0.00110536445240772,0.27403108074714,0,-286.042260981815,0.942791587046796,certified_feasible
10,2,24,4,6,0.5,1.25,4.60728806693564,84.9084133269103,7,1.8125,1.47719583673904,-0.0408441906716678,2.01193523225965,15.0139322722389,161.625488624623,1,57.6629299319721,0,1,1,0,0,0,0,NaN,NaN,NaN,NaN,NaN,NaN,NaN,NaN,3.35351154823501,NaN,6.85812546563529,0.239228406970308,5,NaN,NaN,NaN,NaN,NaN,NaN,NaN,NaN,NaN,NaN,0,NaN,NaN,negative_rate;
10,2,25,5,1,0.75,0.1,0.368583045354852,0.241517264574323,7,0.5725,0.570940027139873,0.21627241264248,1.72631320549678,14.6903140786989,161.625488624623,0,-27.0039661303638,1,1,1,1,1,0,0,1.07387522825364e-14,1.72631332648853,14.6903140786989,118.153787754982,36.571371658459,10.4885264583051,46.4641732378759,161.625488624623,3.35351154823501,3.4151181733363,3.41511817333631,0.983196873515485,5,5,5,0.961850485377221,0.95752620989964,0.554126431062509,0.987184584484801,0.518721523051799,0.000921781771060334,0.00273618195641701,-0.500396922777529,0,-286.042260981815,0.942791587046796,finite_geometry;outside_sufficient_bound;
10,2,26,5,2,0.75,0.25,0.921457613387129,1.50948290358952,7,0.625,0.612928970652951,0.151929090040969,1.74804394957759,14.674309204125,161.625488624623,0,-25.7360004913487,1,1,1,1,1,0,0,1.04416011259864e-14,1.74804394957759,14.674309204125,120.362086162485,43.9899683298754,10.4885264583051,52.4829654503855,161.625488624623,3.35351154823501,3.72188973511969,3.72188973511969,0.914955734452644,5,6,6,0.983069157879468,0.970476527805807,0.203002013029569,0.921824595588556,0.578811671028331,0.00084774125902368,0.000960999307757726,-0.374946785904753,0,-286.042260981815,0.942791587046796,finite_geometry;outside_sufficient_bound;
10,2,27,5,3,0.75,0.5,1.84291522677426,6.03793161435807,7,0.812500000000001,0.761120950650137,0.0446902190384502,1.83212529310261,14.6675003685176,161.625488624623,0,-21.2075517805801,1,1,1,1,1,0,0,8.92882339967472e-15,1.83212529310261,14.6675003685176,128.86376941524,63.631438482807,10.4885264583051,69.7480318291157,161.625488624623,3.35351154823501,4.6017430357509,4.6017430357509,0.767369829365465,5,7,7,1,1,3.80752275152087,0.767369829365466,0.629441889582223,0.000742744467496977,0.00110536445240772,-0.16986180112777,0,-286.042260981815,0.942791587046796,finite_geometry;outside_sufficient_bound;
10,2,28,5,4,0.75,0.75,2.76437284016139,13.5853461323057,7,1.125,1.00707593999156,-0.0625486519640689,1.91620663662763,14.7681811611242,161.625488624623,0,-13.6601372626325,0,1,1,0,0,0,0,NaN,NaN,NaN,NaN,NaN,NaN,NaN,NaN,3.35351154823501,NaN,5.50383240068757,0.623355140784391,5,NaN,NaN,NaN,NaN,NaN,NaN,NaN,NaN,NaN,NaN,0,NaN,NaN,negative_rate;
10,2,29,5,5,0.75,1,3.68583045354851,24.1517264574323,7,1.5625,1.35079393867721,-0.169787522966587,2.00028798015265,14.9105014088209,161.625488624623,0,-3.09375693750591,0,1,1,0,0,0,0,NaN,NaN,NaN,NaN,NaN,NaN,NaN,NaN,3.35351154823501,NaN,6.13538658387144,0.499968530438928,5,NaN,NaN,NaN,NaN,NaN,NaN,NaN,NaN,NaN,NaN,0,NaN,NaN,negative_rate;
10,2,30,5,6,0.75,1.25,4.60728806693564,37.7370725897379,7,2.125,1.7922749467071,-0.277026393969107,2.08436932367767,15.0756083005455,177.123420116291,1,10.4915891947997,0,0,1,0,0,0,0,NaN,NaN,NaN,NaN,NaN,NaN,NaN,NaN,3.35351154823501,NaN,6.50442315312214,0.40080764411074,5,NaN,NaN,NaN,NaN,NaN,NaN,NaN,NaN,NaN,NaN,0,NaN,NaN,negative_rate;modulation_envelope;
10,2,31,6,1,1,0.1,0.368583045354852,0.135853461323057,7,1.01,1.00864635593732,-0.0199097906549585,1.85955027789828,14.8847880185133,161.625488624623,0,-27.1096299336151,0,1,1,0,0,0,0,NaN,NaN,NaN,NaN,NaN,NaN,NaN,NaN,3.35351154823501,NaN,3.38829003574749,0.990321621569916,5,NaN,NaN,NaN,NaN,NaN,NaN,NaN,NaN,NaN,NaN,0,NaN,NaN,negative_rate;
10,2,32,6,2,1,0.25,0.921457613387129,0.849084133269103,7,1.0625,1.05094479264656,-0.0842531132564698,1.90999908401329,14.8690291024289,161.625488624623,0,-26.3963992616691,0,1,1,0,0,0,0,NaN,NaN,NaN,NaN,NaN,NaN,NaN,NaN,3.35351154823501,NaN,3.56560441299692,0.947315941945666,5,NaN,NaN,NaN,NaN,NaN,NaN,NaN,NaN,NaN,NaN,0,NaN,NaN,negative_rate;
10,2,33,6,3,1,0.5,1.84291522677426,3.39633653307641,7,1.25,1.19965259463736,-0.191491984258989,1.99408042753831,14.862370545553,161.625488624623,0,-23.8491468618618,0,1,1,0,0,0,0,NaN,NaN,NaN,NaN,NaN,NaN,NaN,NaN,3.35351154823501,NaN,4.12756998586872,0.842701342631566,5,NaN,NaN,NaN,NaN,NaN,NaN,NaN,NaN,NaN,NaN,0,NaN,NaN,negative_rate;
10,2,34,6,4,1,0.75,2.76437284016139,7.64175719942193,7,1.5625,1.44612340597239,-0.298730855261508,2.07816177106333,14.8802378863712,170.914644722681,0,-19.6037261955162,0,1,1,0,0,0,0,NaN,NaN,NaN,NaN,NaN,NaN,NaN,NaN,3.35351154823501,NaN,4.8430023771868,0.730029914858378,5,NaN,NaN,NaN,NaN,NaN,NaN,NaN,NaN,NaN,NaN,0,NaN,NaN,negative_rate;
10,2,35,6,5,1,1,3.68583045354851,13.5853461323057,7,2,1.79035722665165,-0.405969726264026,2.16224311458835,15.0065788191838,184.703200568201,0,-13.6601372626325,0,0,1,0,0,0,0,NaN,NaN,NaN,NaN,NaN,NaN,NaN,NaN,3.35351154823501,NaN,5.50383240068757,0.623355140784391,5,NaN,NaN,NaN,NaN,NaN,NaN,NaN,NaN,NaN,NaN,0,NaN,NaN,negative_rate;modulation_envelope;
10,2,36,6,6,1,1.25,4.60728806693564,21.2271033317276,7,2.5625,2.23235405667515,-0.513208597266545,2.24632445811337,15.1706016407695,201.022933512018,0,-6.0183800632106,0,0,1,0,0,0,0,NaN,NaN,NaN,NaN,NaN,NaN,NaN,NaN,3.35351154823501,NaN,6.00551636097067,0.528538952076949,5,NaN,NaN,NaN,NaN,NaN,NaN,NaN,NaN,NaN,NaN,0,NaN,NaN,negative_rate;modulation_envelope;
10,3,1,1,1,0.1,0.1,0.368583045354852,13.5853461323057,7,0.02,0.0179024492729594,0.532734027277731,1.50597561585111,14.4349754774418,161.625488624623,0,-13.6601372626325,1,0,1,0,0,0,0,NaN,NaN,NaN,NaN,NaN,NaN,NaN,NaN,3.35351154823501,NaN,5.50383240068757,0.623355140784391,5,NaN,NaN,NaN,NaN,NaN,NaN,NaN,NaN,NaN,NaN,0,NaN,NaN,modulation_envelope;
10,3,2,1,2,0.1,0.25,0.921457613387129,84.9084133269103,7,0.0725,0.0594961348816138,0.530072940316447,1.53919177522248,14.5069507813762,161.625488624623,1,57.6629299319721,1,0,1,0,0,0,0,NaN,NaN,NaN,NaN,NaN,NaN,NaN,NaN,3.35351154823501,NaN,6.85812546563529,0.239228406970308,5,NaN,NaN,NaN,NaN,NaN,NaN,NaN,NaN,NaN,NaN,0,NaN,NaN,modulation_envelope;
10,3,3,1,3,0.1,0.5,1.84291522677426,339.633653307641,7,0.26,0.208125642093945,0.505243208889291,1.66804484051539,14.6463665796543,161.625488624623,1,312.388169912703,1,0,1,0,0,0,0,NaN,NaN,NaN,NaN,NaN,NaN,NaN,NaN,3.35351154823501,NaN,6.98875839381076,0.0758666801789929,5,NaN,NaN,NaN,NaN,NaN,NaN,NaN,NaN,NaN,NaN,0,NaN,NaN,modulation_envelope;
10,3,4,1,4,0.1,0.75,2.76437284016139,764.175719942193,7,0.5725,0.455888521636995,0.416330711599303,1.80689503348528,14.8094979114963,161.625488624623,1,736.930236547255,1,1,1,1,1,1,1,9.75217263680888e-15,1.80689503348528,14.8095292899116,148.127592774358,149.041655947287,10.4885264583051,159.366956387766,161.625488624623,3.35351154823501,6.99767845002685,6.99767845002685,0.0355162446450856,5,7,7,1,1,6.77764443143427,0.0355162446450858,0.629441889582223,0.000742744467496977,0.00110536445240772,0.56199178359261,0,-286.042260981815,0.942791587046796,certified_feasible
10,3,5,1,5,0.1,1,3.68583045354851,1358.53461323056,7,1.01,0.802784773510762,0.327418214309314,1.94574522645518,14.9955708190211,175.811337477613,1,1331.28912983563,1,1,1,1,1,1,1,7.72841220649352e-15,1.94574522645517,14.995579831394,163.802440123193,164.433032522969,11.404374631147,175.811337477613,161.625488624623,3.35351154823501,6.99925392233643,6.99925392233643,0.0203595205275917,5,7,7,1,1,12.0380622226072,0.0203595205275918,0.629441889582223,0.000742744467496977,0.00110536445240772,0.577148507710104,0,-286.042260981815,0.942791587046796,certified_feasible
10,3,6,1,6,0.1,1.25,4.60728806693564,2122.71033317276,7,1.5725,1.24881439771525,0.238505717019326,2.08459541942507,15.2037430055431,194.815751861818,1,2095.46484977782,1,1,1,1,1,1,1,6.23010855359706e-15,2.08459541942506,15.2037458643703,181.831671304729,182.222640777327,12.6185891840738,194.815751861818,161.625488624623,3.35351154823501,6.99969219712576,6.99969219712576,0.0131465412767363,5,7,7,1,1,18.8014565255439,0.0131465412767364,0.629441889582223,0.000742744467496977,0.00110536445240772,0.584361486960959,0,-286.042260981815,0.942791587046796,certified_feasible
10,3,7,2,1,0.2,0.1,0.368583045354852,3.39633653307641,7,0.05,0.0478742287594614,0.485886392026802,1.54166862133626,14.451044054264,161.625488624623,0,-23.8491468618618,1,0,1,0,0,0,0,NaN,NaN,NaN,NaN,NaN,NaN,NaN,NaN,3.35351154823501,NaN,4.12756998586872,0.842701342631566,5,NaN,NaN,NaN,NaN,NaN,NaN,NaN,NaN,NaN,NaN,0,NaN,NaN,modulation_envelope;
10,3,8,2,2,0.2,0.25,0.921457613387129,21.2271033317276,7,0.1025,0.0894255835978687,0.483225305065518,1.5660357936067,14.5230756895155,161.625488624623,0,-6.0183800632106,1,0,1,0,0,0,0,NaN,NaN,NaN,NaN,NaN,NaN,NaN,NaN,3.35351154823501,NaN,6.00551636097067,0.528538952076949,5,NaN,NaN,NaN,NaN,NaN,NaN,NaN,NaN,NaN,NaN,0,NaN,NaN,modulation_envelope;
10,3,9,2,3,0.2,0.5,1.84291522677426,84.9084133269103,7,0.29,0.237984539526455,0.478790160130045,1.67052145162876,14.6625626218403,161.625488624623,1,57.6629299319721,1,0,1,0,0,0,0,NaN,NaN,NaN,NaN,NaN,NaN,NaN,NaN,3.35351154823501,NaN,6.85812546563529,0.239228406970308,5,NaN,NaN,NaN,NaN,NaN,NaN,NaN,NaN,NaN,NaN,0,NaN,NaN,modulation_envelope;
10,3,10,2,4,0.2,0.75,2.76437284016139,191.043929985548,7,0.6025,0.485676867785759,0.436580890535872,1.80937164459865,14.82573772829,161.625488624623,1,163.79844659061,1,1,1,1,1,1,1,9.67273582614191e-15,1.80937164459864,14.8257791019042,136.589626900134,137.319510197815,10.4885264583051,146.828865314778,161.625488624623,3.35351154823501,6.96661107150327,6.96661107150328,0.126010273560689,5,7,7,1,1,6.82039481692725,0.126010273560689,0.629441889582223,0.000742744467496977,0.00110536445240772,0.471497754677006,0,-286.042260981815,0.942791587046796,certified_feasible
10,3,11,2,5,0.2,1,3.68583045354851,339.633653307641,7,1.04,0.832502568375781,0.347668393245883,1.94822183756854,15.0118285738065,164.480315320757,1,312.388169912703,1,1,1,1,1,1,1,7.44618856050709e-15,1.94822183756854,15.0118400622054,153.40145053307,153.841730547677,10.6614569978858,164.480315320757,161.625488624623,3.35351154823501,6.98875839381075,6.98875839381076,0.0758666801789929,5,7,7,1,1,12.0808126081002,0.0758666801789931,0.629441889582223,0.000742744467496977,0.00110536445240772,0.521641348058702,0,-286.042260981815,0.942791587046796,certified_feasible
10,3,12,2,6,0.2,1.25,4.60728806693564,530.677583293189,7,1.6025,1.27846164129652,0.234288009263084,2.08707203053843,15.2199946275723,184.609273214695,1,503.432099898251,1,1,1,1,1,1,1,6.09378442459194e-15,2.08707203053843,15.2199981526035,172.479985866635,172.684596547616,11.9471464491721,184.609273214695,161.625488624623,3.35351154823501,6.99526082381233,6.99526082381233,0.0501993040882815,5,7,7,1,1,18.8442069110368,0.0501993040882816,0.629441889582223,0.000742744467496977,0.00110536445240772,0.547308724149414,0,-286.042260981815,0.942791587046796,certified_feasible
10,3,13,3,1,0.35,0.1,0.368583045354852,1.10900784753516,7,0.1325,0.130331897989214,0.415614939150409,1.60217430671819,14.4869327646844,161.625488624623,0,-26.136475547403,1,0,1,0,0,0,0,NaN,NaN,NaN,NaN,NaN,NaN,NaN,NaN,3.35351154823501,NaN,3.62801943826393,0.933930195835167,5,NaN,NaN,NaN,NaN,NaN,NaN,NaN,NaN,NaN,NaN,0,NaN,NaN,modulation_envelope;
10,3,14,3,2,0.35,0.25,0.921457613387129,6.93129904709472,7,0.185,0.171819756672251,0.412953852189125,1.62654147898863,14.5589902837693,161.625488624623,0,-20.3141843478435,1,0,1,0,0,0,0,NaN,NaN,NaN,NaN,NaN,NaN,NaN,NaN,3.35351154823501,NaN,4.74009281651937,0.745962993390712,5,NaN,NaN,NaN,NaN,NaN,NaN,NaN,NaN,NaN,NaN,0,NaN,NaN,modulation_envelope;
10,3,15,3,3,0.35,0.5,1.84291522677426,27.7251961883789,7,0.3725,0.32027288567522,0.408518707253652,1.6742363682988,14.6984722489909,161.625488624623,1,0.479712793440715,1,1,1,1,1,1,1,1.2455875738001e-14,1.6742363682988,14.6986351047784,104.633978736981,105.381569732931,10.4885264583051,114.421451959787,161.625488624623,3.35351154823501,6.26344083331623,6.26344083331625,0.469203340718902,5,7,7,1,1,3.18051709762373,0.469203340718902,0.629441889582223,0.000742744467496977,0.00110536445240772,0.128304687518793,0,-286.042260981815,0.942791587046796,certified_feasible
10,3,16,3,4,0.35,0.75,2.76437284016139,62.3816914238525,7,0.685,0.567859387008906,0.40408356231818,1.81308656126869,14.861585252539,161.625488624623,1,35.1362080289143,1,1,1,1,1,1,1,9.27034755566952e-15,1.81308656126869,14.8616292548341,120.250661141257,120.634068844416,10.4885264583051,128.979971607305,161.625488624623,3.35351154823501,6.76475618224421,6.76475618224422,0.295982434819865,5,7,7,1,1,6.93795837703296,0.295982434819866,0.629441889582223,0.000742744467496977,0.00110536445240772,0.30152559341783,0,-286.042260981815,0.942791587046796,certified_feasible
10,3,17,3,5,0.35,1,3.68583045354851,110.900784753516,7,1.1225,0.914579260673311,0.363790660433685,1.95193675423858,15.0475608447108,161.625488624623,1,83.6553013585774,1,1,1,1,1,1,1,7.2439388663587e-15,1.95193675423858,15.0475734364792,138.97566388926,139.075316079147,10.4885264583051,148.68012569186,161.625488624623,3.35351154823501,6.91050794416941,6.91050794416941,0.196007512820792,5,7,7,1,1,12.1983761682059,0.196007512820792,0.629441889582223,0.000742744467496977,0.00110536445240772,0.401500515416903,0,-286.042260981815,0.942791587046796,certified_feasible
10,3,18,3,6,0.35,1.25,4.60728806693564,173.282476177368,7,1.685,1.36043250666843,0.22246862617337,2.09078694720847,15.2555629173337,170.60913711207,1,146.03699278243,1,1,1,1,1,1,1,5.98426481942888e-15,2.09078694720847,15.2555668092339,159.71947424151,159.60379121137,11.0235767350262,170.60913711207,161.625488624623,3.35351154823501,6.9600003066396,6.9600003066396,0.136829892181299,5,7,7,1,1,18.9617704711425,0.1368298921813,0.629441889582223,0.000742744467496977,0.00110536445240772,0.460678136056396,0,-286.042260981815,0.942791587046796,certified_feasible
10,3,19,4,1,0.5,0.1,0.368583045354852,0.543413845292226,7,0.26,0.257789567218967,0.345343486274016,1.66267999210012,14.5531697209009,161.625488624623,0,-26.7020695496459,1,1,1,1,1,0,0,1.51022638657671e-14,1.66267999562968,14.5531813307337,87.6618487036682,70.778502135429,10.4885264583051,80.9322103005895,161.625488624623,3.35351154823501,3.49069843938866,3.49069843938866,0.964426386352771,5,5,5,0.961850485377221,0.952328763412163,0.246278413805559,0.972137694916586,0.518721523051799,0.000921781771060334,0.00273618195641701,-0.485350033209314,0,-286.042260981815,0.942791587046796,finite_geometry;outside_sufficient_bound;
10,3,20,4,2,0.5,0.25,0.921457613387129,3.39633653307641,7,0.3125,0.299213929746633,0.342682399312732,1.68704716437056,14.6088822872781,161.625488624623,0,-23.8491468618618,1,1,1,1,1,0,0,1.37939621527498e-14,1.68704716485254,14.6091636799522,92.077550976195,74.938592582764,10.4885264583051,84.6362217806888,161.625488624623,3.35351154823501,4.12756998586871,4.12756998586872,0.842701342631566,5,6,6,0.983069157879468,0.957883897732146,0.090223116902032,0.85167591999104,0.578811671028331,0.00084774125902368,0.000960999307757726,-0.304798110307236,0,-286.042260981815,0.942791587046796,finite_geometry;outside_sufficient_bound;
10,3,21,4,3,0.5,0.5,1.84291522677426,13.5853461323057,7,0.5,0.447561231823985,0.338247254377259,1.72765911815463,14.7482271229627,161.625488624623,0,-13.6601372626325,1,1,1,1,1,0,0,1.11715268165102e-14,1.72765911816527,14.7483271763531,104.671377868906,87.7483283858703,10.4885264583051,96.2239660682645,161.625488624623,3.35351154823501,5.50383240068756,5.50383240068757,0.623355140784391,5,7,7,1,1,3.36220623596893,0.623355140784392,0.629441889582223,0.000742744467496977,0.00110536445240772,-0.0258471125466964,0,-286.042260981815,0.942791587046796,finite_geometry;outside_sufficient_bound;
10,3,22,4,4,0.5,0.75,2.76437284016139,30.5670287976877,7,0.8125,0.695041906232054,0.333812109441787,1.81680147793873,14.9111269275698,161.625488624623,1,3.32154540274954,1,1,1,1,1,1,1,8.60988224560995e-15,1.81680147793873,14.9111588020682,121.974201142229,105.478942262028,10.4885264583051,112.764766581861,161.625488624623,3.35351154823501,6.34664049607634,6.34664049607635,0.447430997590459,5,7,7,1,1,7.11964751537816,0.447430997590459,0.629441889582223,0.000742744467496977,0.00110536445240772,0.150077030647237,0,-286.042260981815,0.942791587046796,certified_feasible
10,3,23,4,5,0.5,1,3.68583045354851,54.3413845292226,7,1.25,1.04165595297084,0.329376964506314,1.95565167090862,15.0968192220204,161.625488624623,1,27.0959011342844,1,1,1,1,1,1,1,7.00380438294508e-15,1.95565167090862,15.0968293458787,142.278250592643,126.071039643887,10.4885264583051,134.761738874688,161.625488624623,3.35351154823501,6.708228495546,6.70822849554601,0.323476947490555,5,7,7,1,1,12.3800653065511,0.323476947490556,0.629441889582223,0.000742744467496977,0.00110536445240772,0.27403108074714,0,-286.042260981815,0.942791587046796,certified_feasible
10,3,24,4,6,0.5,1.25,4.60728806693564,84.9084133269103,7,1.8125,1.48740337204034,0.210649243083657,2.09450186387851,15.3044743910822,164.475779029099,1,57.6629299319721,1,1,1,1,1,1,1,5.77397509188972e-15,2.09450186387851,15.3044777362429,164.475779029099,148.483023265798,10.4885264583051,158.71899069477,164.475779029099,3.35351154823501,6.85812546563529,6.85812546563529,0.239228406970308,5,7,7,1,1,19.1434596094877,0.239228406970309,0.629441889582223,0.000742744467496977,0.00110536445240772,0.358279621267387,0,-286.042260981815,0.942791587046796,certified_feasible
10,3,25,5,1,0.75,0.1,0.368583045354852,0.241517264574323,7,0.5725,0.570219015935222,0.228224398146694,1.76352280107001,14.7046989943837,161.625488624623,0,-27.0039661303638,1,1,1,1,1,0,0,1.07101715112362e-14,1.76352282171763,14.7046989943838,118.955792700089,36.6061632824187,10.4885264583051,46.5573405615898,161.625488624623,3.35351154823501,3.4151181733363,3.41511817333631,0.983196873515485,5,5,5,0.961850485377221,0.95752620989964,0.554126431062514,0.9871845844848,0.518721523051799,0.000921781771060334,0.00273618195641701,-0.500396922777528,0,-286.042260981815,0.942791587046796,finite_geometry;outside_sufficient_bound;
10,3,26,5,2,0.75,0.25,0.921457613387129,1.50948290358952,7,0.625,0.611537551537271,0.22556331118541,1.78788997334045,14.722692572221,161.625488624623,0,-25.7360004913487,1,1,1,1,1,0,0,1.01833889133844e-14,1.78788997922978,14.7227136690997,122.389442865711,43.8741641929351,10.4885264583051,52.5317821224248,161.625488624623,3.35351154823501,3.72188973511969,3.72188973511969,0.914955734452644,5,6,6,0.983069157879468,0.970476527805807,0.203002013029572,0.921824595588556,0.578811671028331,0.00084774125902368,0.000960999307757726,-0.374946785904752,0,-286.042260981815,0.942791587046796,finite_geometry;outside_sufficient_bound;
10,3,27,5,3,0.75,0.5,1.84291522677426,6.03793161435807,7,0.812500000000001,0.759708475405259,0.221128166249937,1.82850192712451,14.8615239300081,161.625488624623,0,-21.2075517805801,1,1,1,1,1,0,0,9.05862015882336e-15,1.82850192773828,14.8615402339279,132.345620996391,63.0355198219434,10.4885264583051,69.4255553879077,161.625488624623,3.35351154823501,4.60174303575089,4.6017430357509,0.767369829365465,5,7,7,1,1,3.80752275152087,0.767369829365465,0.629441889582223,0.000742744467496977,0.00110536445240772,-0.169861801127769,0,-286.042260981815,0.942791587046796,finite_geometry;outside_sufficient_bound;
10,3,28,5,4,0.75,0.75,2.76437284016139,13.5853461323057,7,1.125,1.00701277160397,0.216693021314465,1.86911388090858,15.0237429377947,161.625488624623,0,-13.6601372626325,1,1,1,1,1,0,0,7.58604852865378e-15,1.86911388095716,15.0237513373957,146.612883188925,86.9440454351864,10.4885264583051,92.9343161481164,161.625488624623,3.35351154823501,5.50383240068756,5.50383240068757,0.623355140784391,5,7,7,1,1,7.5649640309301,0.623355140784392,0.629441889582223,0.000742744467496977,0.00110536445240772,-0.0258471125466961,0,-286.042260981815,0.942791587046796,finite_geometry;outside_sufficient_bound;
10,3,29,5,5,0.75,1,3.68583045354851,24.1517264574323,7,1.5625,1.35345044013339,0.212257876378992,1.96184319869203,15.2086012372055,164.070405878473,0,-3.09375693750591,1,1,1,1,1,1,0,6.34179428706891e-15,1.96184319869202,15.208604942726,164.070405878473,112.932056243827,10.4885264583051,120.707617059772,164.070405878473,3.35351154823501,6.13538658387143,6.13538658387144,0.499968530438928,5,7,7,1,1,12.825381822103,0.499968530438929,0.629441889582223,0.000742744467496977,0.00110536445240772,0.0975394977987666,0,-286.042260981815,0.942791587046796,outside_sufficient_bound;
10,3,30,5,6,0.75,1.25,4.60728806693564,37.7370725897379,7,2.125,1.79902148099353,0.190950271267467,2.10069339166192,15.4152843864907,183.811438984065,1,10.4915891947997,1,0,1,0,0,0,0,NaN,NaN,NaN,NaN,NaN,NaN,NaN,NaN,3.35351154823501,NaN,6.50442315312214,0.40080764411074,5,NaN,NaN,NaN,NaN,NaN,NaN,NaN,NaN,NaN,NaN,0,NaN,NaN,modulation_envelope;
10,3,31,6,1,1,0.1,0.368583045354852,0.135853461323057,7,1.01,1.00764846465148,0.0398922538422211,1.8643656100399,14.8985827354499,161.625488624623,0,-27.1096299336151,1,1,1,1,1,0,0,8.21727790124689e-15,1.86436566392286,14.8985827354499,151.393770966692,10.8293542639249,10.4885264583051,14.9026229976939,161.625488624623,3.35351154823501,3.38829003574749,3.38829003574749,0.990321621569916,5,5,5,0.961850485377221,0.95939934902978,0.985113655222234,0.992698960977012,0.518721523051799,0.000921781771060334,0.00273618195641701,-0.50591129926974,0,-286.042260981815,0.942791587046796,finite_geometry;outside_sufficient_bound;
10,3,32,6,2,1,0.25,0.921457613387129,0.849084133269103,7,1.0625,1.04886117332791,0.065251997986479,1.88873278231034,14.9032093902144,161.625488624623,0,-26.3963992616691,1,1,1,1,1,0,0,8.04557376412695e-15,1.88873280385584,14.9032093902145,153.747396044634,27.0733856598124,10.4885264583051,28.9347134779615,161.625488624623,3.35351154823501,3.56560441299692,3.56560441299692,0.947315941945666,5,6,6,0.983069157879468,0.975661728424373,0.360892467608119,0.952355044634064,0.578811671028331,0.00084774125902368,0.000960999307757726,-0.40547723495026,0,-286.042260981815,0.942791587046796,finite_geometry;outside_sufficient_bound;
10,3,33,6,3,1,0.5,1.84291522677426,3.39633653307641,7,1.25,1.19685571898653,0.104009078122615,1.9293447360944,15.0120158502537,161.965475281574,0,-23.8491468618618,1,1,1,1,1,0,0,7.37195976231188e-15,1.92934474038227,15.0120165236548,161.965475281574,54.1467713196248,10.4885264583051,57.869426955923,161.965475281574,3.35351154823501,4.12756998586871,4.12756998586872,0.842701342631566,5,6,6,0.983069157879468,0.957883897732146,0.360892467608118,0.85167591999104,0.578811671028331,0.00084774125902368,0.000960999307757726,-0.304798110307237,0,-286.042260981815,0.942791587046796,finite_geometry;outside_sufficient_bound;
10,3,34,6,4,1,0.75,2.76437284016139,7.64175719942193,7,1.5625,1.44398363697588,0.0858484765222167,1.96995668987847,15.173168211884,173.986077098069,0,-19.6037261955162,1,1,1,1,1,0,0,6.59055604958339e-15,1.96995669063048,15.1731690753255,173.986077098069,81.2201569794371,10.4885264583051,86.8041404338845,173.986077098069,3.35351154823501,4.8430023771868,4.8430023771868,0.730029914858378,5,7,7,1,1,8.18840715270282,0.730029914858379,0.629441889582223,0.000742744467496977,0.00110536445240772,-0.132521886620683,0,-286.042260981815,0.942791587046796,finite_geometry;outside_sufficient_bound;
10,3,35,6,5,1,1,3.68583045354851,13.5853461323057,7,2,1.79024492729594,0.0458556529524206,2.01056864366253,15.356763613361,189.085381013108,0,-13.6601372626325,1,0,1,0,0,0,0,NaN,NaN,NaN,NaN,NaN,NaN,NaN,NaN,3.35351154823501,NaN,5.50383240068757,0.623355140784391,5,NaN,NaN,NaN,NaN,NaN,NaN,NaN,NaN,NaN,NaN,0,NaN,NaN,modulation_envelope;
10,3,36,6,6,1,1.25,4.60728806693564,21.2271033317276,7,2.5625,2.23563958994672,0.00586282938262439,2.10688491944532,15.562007748354,206.589433538788,0,-6.0183800632106,1,0,1,0,0,0,0,NaN,NaN,NaN,NaN,NaN,NaN,NaN,NaN,3.35351154823501,NaN,6.00551636097067,0.528538952076949,5,NaN,NaN,NaN,NaN,NaN,NaN,NaN,NaN,NaN,NaN,0,NaN,NaN,modulation_envelope;
