condition,attemptID,timeFromMOms,unsmoothedSpeedMps
1,10,0,0.08577222390967304
1,10,1,0.088228196743664694
1,10,2,0.090713837901331279
1,10,3,0.093228471835099358
1,10,4,0.095771417117145541
1,10,5,0.098341987058806118
1,10,6,0.1009394902733551
1,10,7,0.10356323118800656
1,10,8,0.10621251051038637
1,10,9,0.10888662565416191
1,10,10,0.11158487112802579
1,10,11,0.11430653889178349
1,10,12,0.11705091868289937
1,10,13,0.11981729831649797
1,10,14,0.1226049639615041
1,10,15,0.12541320039532025
1,10,16,0.12824129123918948
1,10,17,0.13108851917616884
1,10,18,0.13395416615343653
1,10,19,0.13683751357048274
1,10,20,0.13973784245457224
1,10,21,0.14265443362473001
1,10,22,0.14558656784537388
1,10,23,0.14853352597060979
1,10,24,0.15149458908010469
1,10,25,0.15446903860736488
1,10,26,0.15745615646117112
1,10,27,0.16045522514084803
1,10,28,0.16346552784599055
1,10,29,0.16648634858120592
1,10,30,0.16951697225638848
1,10,31,0.17255668478299618
1,10,32,0.1756047731667579
1,10,33,0.17866052559720946
1,10,34,0.18172323153441922
1,10,35,0.1847921817932405
1,10,36,0.18786666862539866
1,10,37,0.19094598579970204
1,10,38,0.19402942868063866
1,10,39,0.19711629430560931
1,10,40,0.20020588146102514
1,10,41,0.20329749075748318
1,10,42,0.20639042470422056
1,10,43,0.20948398778303479
1,10,44,0.21257748652184266
1,10,45,0.21567022956804249
1,10,46,0.21876152776183366
1,10,47,0.22185069420963477
1,10,48,0.22493704435773612
1,10,49,0.22801989606631207
1,10,50,0.23109856968391007
1,10,51,0.23417238812252847
1,10,52,0.23724067693338347
1,10,53,0.24030276438346249
1,10,54,0.24335798153295232
1,10,55,0.24640566231362512
1,10,56,0.24944514360825831
1,10,57,0.25247576533115723
1,10,58,0.25549687050984798
1,10,59,0.25850780536799484
1,10,60,0.26150791940959794
1,10,61,0.26449656550451695
1,10,62,0.26747309997536295
1,10,63,0.27043688268579336
1,10,64,0.27338727713024363
1,10,65,0.27632365052511731
1,10,66,0.2792453739014587
1,10,67,0.28215182219912049
1,10,68,0.28504237436243857
1,10,69,0.28791641343741764
1,10,70,0.29077332667042849
1,10,71,0.29361250560841268
1,10,72,0.29643334620058354
1,10,73,0.29923524890161168
1,10,74,0.30201761877627242
1,10,75,0.30477986560553483
1,10,76,0.30752140399406214
1,10,77,0.31024165347909138
1,10,78,0.31294003864065428
1,10,79,0.31561598921309958
1,10,80,0.31826894019786794
1,10,81,0.32089833197747275
1,10,82,0.32350361043063086
1,10,83,0.32608422704848378
1,10,84,0.32863963905185234
1,10,85,0.33116930950945211
1,10,86,0.33367270745700667
1,10,87,0.3361493080171814
1,10,88,0.33859859252026381
1,10,89,0.34102004862550983
1,10,90,0.34341317044307268
1,10,91,0.34577745865643078
1,10,92,0.3481124206452228
1,10,93,0.35041757060840145
1,10,94,0.35269242968760872
1,10,95,0.35493652609068049
1,10,96,0.35714939521517602
1,10,97,0.35933057977183691
1,10,98,0.36147962990786864
1,10,99,0.36359610332994124
1,10,100,0.36567956542680402
1,10,101,0.36772958939140338
1,10,102,0.3697457563423977
1,10,103,0.37172765544495606
1,10,104,0.37367488403073151
1,10,105,0.37558704771689438
1,10,106,0.37746376052411601
1,10,107,0.37930464499338518
1,10,108,0.38110933230154748
1,10,109,0.38287746237545078
1,10,110,0.38460868400458559
1,10,111,0.38630265495210259
1,10,112,0.38795904206409965
1,10,113,0.38957752137706053
1,10,114,0.39115777822333525
1,10,115,0.39269950733455172
1,10,116,0.39420241294284608
1,10,117,0.39566620887980541
1,10,118,0.39709061867301254
1,10,119,0.39847537564008861
1,10,120,0.39982022298012782
1,10,121,0.40112491386242233
1,10,122,0.40238921151237406
1,10,123,0.40361288929450001
1,10,124,0.40479573079242698
1,10,125,0.40593752988578813
1,10,126,0.407038090823926
1,10,127,0.40809722829631329
1,10,128,0.40911476749960579
1,10,129,0.41009054420124269
1,10,130,0.41102440479951474
1,10,131,0.41191620638002158
1,10,132,0.41276581676844404
1,10,133,0.41357311457955975
1,10,134,0.41433798926243431
1,10,135,0.41506034114172485
1,10,136,0.41574008145503044
1,10,137,0.41637713238623753
1,10,138,0.41697142709480178
1,10,139,0.41752290974091882
1,10,140,0.41803153550653549
1,10,141,0.41849727061215924
1,10,142,0.4189200923294284
1,10,143,0.41929998898940479
1,10,144,0.41963695998656114
1,10,145,0.41993101577843256
1,10,146,0.42018217788091056
1,10,147,0.42039047885916025
1,10,148,0.42055596231414438
1,10,149,0.42067868286474214
1,10,150,0.42075870612545652
1,10,151,0.42079610867970568
1,10,152,0.42079097804869731
1,10,153,0.4207434126558931
1,10,154,0.42065352178706827
1,10,155,0.42052142554597899
1,10,156,0.42034725480565388
1,10,157,0.42013115115532856
1,10,158,0.41987326684304599
1,10,159,0.41957376471394919
1,10,160,0.41923281814429852
1,10,161,0.41885061097124399
1,10,162,0.41842733741839405
1,10,163,0.41796320201721954
1,10,164,0.41745841952433543
1,10,165,0.41691321483471216
1,10,166,0.41632782289086329
1,10,167,0.41570248858806541
1,10,168,0.41503746667566627
1,10,169,0.41433302165454172
1,10,170,0.41358942767076368
1,10,171,0.41280696840554409
1,10,172,0.41198593696152513
1,10,173,0.41112663574548247
1,10,174,0.4102293763475201
1,10,175,0.40929447941682667
1,10,176,0.40832227453407605
1,10,177,0.40731310008054927
1,10,178,0.40626730310406006
1,10,179,0.40518523918176991
1,10,180,0.40406727227997685
1,10,181,0.40291377461096556
1,10,182,0.40172512648700986
1,10,183,0.4005017161716159
1,10,184,0.39924393972809963
1,10,185,0.39795220086559308
1,10,186,0.39662691078257106
1,10,187,0.39526848800799708
1,10,188,0.39387735824018361
1,10,189,0.39245395418346457
1,10,190,0.3909987153827777
1,10,191,0.38951208805625703
1,10,192,0.38799452492593373
1,10,193,0.38644648504664536
1,10,194,0.3848684336332534
1,10,195,0.38326084188627046
1,10,196,0.3816241868159958
1,10,197,0.37995895106525995
1,10,198,0.37826562273088077
1,10,199,0.37654469518392686
1,10,200,0.37479666688889107
1,10,201,0.37302204122187171
1,10,202,0.37122132628786214
1,10,203,0.36939503473724189
1,10,204,0.36754368358157297
1,10,205,0.3656677940087919
1,10,206,0.3637678911978966
1,10,207,0.36184450413322056
1,10,208,0.35989771269784498
1,10,209,0.35792778890970461
1,10,210,0.35593531654228228
1,10,211,0.35392088292327206
1,10,212,0.35188507870511526
1,10,213,0.34982849763507512
1,10,214,0.34775173632494194
1,10,215,0.34565539402045853
1,10,216,0.34354007237055328
1,10,217,0.34140637519646727
1,10,218,0.33925490826085769
1,10,219,0.33708627903696331
1,10,220,0.33490109647790822
1,10,221,0.33269997078622499
1,10,222,0.33048351318367158
1,10,223,0.32825233568141721
1,10,224,0.326007050850667
1,10,225,0.32374827159379804
1,10,226,0.32147661091607072
1,10,227,0.31919268169798221
1,10,228,0.31689709646832542
1,10,229,0.31459046717801048
1,10,230,0.31227340497471195
1,10,231,0.30994651997839157
1,10,232,0.30761042105775521
1,10,233,0.30526571560769089
1,10,234,0.30291300932773957
1,10,235,0.30055290600164331
1,10,236,0.2981860072780157
1,10,237,0.29581291245217733
1,10,238,0.29343421824919486
1,10,239,0.29105051860816272
1,10,240,0.28866240446776259
1,10,241,0.28627046355313546
1,10,242,0.28387520409104239
1,10,243,0.28147653719958748
1,10,244,0.27907500540810748
1,10,245,0.27667114844187568
1,10,246,0.27426550307312597
1,10,247,0.27185860297374354
1,10,248,0.26945097856960903
1,10,249,0.26704315689657826
1,10,250,0.2646356614580766
1,10,251,0.26222901208428373
1,10,252,0.25982372479288179
1,10,253,0.25742031165133394
1,10,254,0.25501928064065965
1,10,255,0.2526211355206695
1,10,256,0.25022637569661588
1,10,257,0.24783549608721511
1,10,258,0.24544898699399426
1,10,259,0.24306733397190777
1,10,260,0.24069101770117227
1,10,261,0.23832051386025888
1,10,262,0.2359562929999828
1,10,263,0.23359882041862642
1,10,264,0.23124855603802744
1,10,265,0.22890595428056462
1,10,266,0.22657146394696681
1,10,267,0.22424552809487214
1,10,268,0.2219285839180605
1,10,269,0.2196210626262815
1,10,270,0.21732338932559706
1,10,271,0.21503598289915948
1,10,272,0.21275925588834099
1,10,273,0.21049361437413419
1,10,274,0.20823945785874132
1,10,275,0.20599717914726803
1,10,276,0.20376716422944421
1,10,277,0.20154979216128924
1,10,278,0.19934543494664664
1,10,279,0.19715445741851101
1,10,280,0.19497721712007893
1,10,281,0.19281406418545316
1,10,282,0.19066534121994025
1,10,283,0.18853138317988366
1,10,284,0.1864125172519831
1,10,285,0.18430906273205624
1,10,286,0.18222133090321016
1,10,287,0.18014962491339692
1,10,288,0.17809423965233956
1,10,289,0.17605546162782726
1,10,290,0.17403356884138826
1,10,291,0.17202883066336755
1,10,292,0.1700415077074475
1,10,293,0.16807185170466962
1,10,294,0.16612010537703062
1,10,295,0.16418669112145595
1,10,296,NaN
1,10,297,NaN
1,10,298,NaN
1,10,299,NaN
1,10,300,NaN
1,10,301,NaN
1,10,302,NaN
1,10,303,NaN
1,10,304,NaN
1,10,305,NaN
1,10,306,NaN
1,10,307,NaN
1,10,308,NaN
1,10,309,NaN
1,10,310,NaN
1,10,311,NaN
1,10,312,NaN
1,10,313,NaN
1,10,314,NaN
1,10,315,NaN
1,10,316,NaN
1,10,317,NaN
1,10,318,NaN
1,10,319,NaN
1,10,320,NaN
1,10,321,NaN
1,10,322,NaN
1,10,323,NaN
1,10,324,NaN
1,10,325,NaN
1,10,326,NaN
1,10,327,NaN
1,10,328,NaN
1,10,329,NaN
1,10,330,NaN
1,10,331,NaN
1,10,332,NaN
1,10,333,NaN
1,10,334,NaN
1,10,335,NaN
1,10,336,NaN
1,10,337,NaN
1,10,338,NaN
1,10,339,NaN
1,10,340,NaN
1,10,341,NaN
1,10,342,NaN
1,10,343,NaN
1,10,344,NaN
1,10,345,NaN
1,10,346,NaN
1,10,347,NaN
1,10,348,NaN
1,10,349,NaN
1,10,350,NaN
1,10,351,NaN
1,10,352,NaN
1,10,353,NaN
1,10,354,NaN
1,10,355,NaN
1,10,356,NaN
1,10,357,NaN
1,10,358,NaN
1,10,359,NaN
1,10,360,NaN
1,10,361,NaN
1,10,362,NaN
1,10,363,NaN
1,10,364,NaN
1,10,365,NaN
1,10,366,NaN
1,10,367,NaN
1,10,368,NaN
1,10,369,NaN
1,10,370,NaN
1,10,371,NaN
1,10,372,NaN
1,10,373,NaN
1,10,374,NaN
1,10,375,NaN
1,10,376,NaN
1,10,377,NaN
1,10,378,NaN
1,10,379,NaN
1,10,380,NaN
1,10,381,NaN
1,10,382,NaN
1,10,383,NaN
1,10,384,NaN
1,10,385,NaN
1,10,386,NaN
1,10,387,NaN
1,10,388,NaN
1,10,389,NaN
1,10,390,NaN
1,10,391,NaN
1,10,392,NaN
1,10,393,NaN
1,10,394,NaN
1,10,395,NaN
1,10,396,NaN
1,10,397,NaN
1,10,398,NaN
1,10,399,NaN
1,10,400,NaN
1,10,401,NaN
1,10,402,NaN
1,10,403,NaN
1,10,404,NaN
1,10,405,NaN
1,10,406,NaN
1,10,407,NaN
1,10,408,NaN
1,10,409,NaN
1,10,410,NaN
1,10,411,NaN
1,10,412,NaN
1,10,413,NaN
1,10,414,NaN
1,10,415,NaN
1,10,416,NaN
1,10,417,NaN
1,10,418,NaN
1,10,419,NaN
1,10,420,NaN
1,10,421,NaN
1,10,422,NaN
1,10,423,NaN
1,10,424,NaN
1,10,425,NaN
1,10,426,NaN
1,10,427,NaN
1,10,428,NaN
1,10,429,NaN
1,10,430,NaN
1,10,431,NaN
1,10,432,NaN
1,10,433,NaN
1,10,434,NaN
1,10,435,NaN
1,10,436,NaN
1,10,437,NaN
1,10,438,NaN
1,10,439,NaN
1,10,440,NaN
1,10,441,NaN
1,10,442,NaN
1,10,443,NaN
1,10,444,NaN
1,10,445,NaN
1,10,446,NaN
1,10,447,NaN
1,10,448,NaN
1,10,449,NaN
1,10,450,NaN
1,10,451,NaN
1,10,452,NaN
1,10,453,NaN
1,10,454,NaN
1,10,455,NaN
1,10,456,NaN
1,10,457,NaN
1,10,458,NaN
1,10,459,NaN
1,10,460,NaN
1,10,461,NaN
1,10,462,NaN
1,10,463,NaN
1,10,464,NaN
1,10,465,NaN
1,10,466,NaN
1,10,467,NaN
1,10,468,NaN
1,10,469,NaN
1,10,470,NaN
1,10,471,NaN
1,10,472,NaN
1,10,473,NaN
1,10,474,NaN
1,10,475,NaN
1,10,476,NaN
1,10,477,NaN
1,10,478,NaN
1,10,479,NaN
1,10,480,NaN
1,10,481,NaN
1,10,482,NaN
1,10,483,NaN
1,10,484,NaN
1,10,485,NaN
1,10,486,NaN
1,10,487,NaN
1,10,488,NaN
1,10,489,NaN
1,10,490,NaN
1,10,491,NaN
1,10,492,NaN
1,10,493,NaN
1,10,494,NaN
1,10,495,NaN
1,10,496,NaN
1,10,497,NaN
1,10,498,NaN
1,10,499,NaN
1,10,500,NaN
1,10,501,NaN
1,10,502,NaN
1,10,503,NaN
1,10,504,NaN
1,10,505,NaN
1,10,506,NaN
1,10,507,NaN
1,10,508,NaN
1,10,509,NaN
1,10,510,NaN
1,10,511,NaN
1,10,512,NaN
1,10,513,NaN
1,10,514,NaN
1,10,515,NaN
1,10,516,NaN
1,10,517,NaN
1,10,518,NaN
1,10,519,NaN
1,10,520,NaN
1,10,521,NaN
1,10,522,NaN
1,10,523,NaN
1,10,524,NaN
1,10,525,NaN
1,10,526,NaN
1,10,527,NaN
1,10,528,NaN
1,10,529,NaN
1,10,530,NaN
1,10,531,NaN
1,10,532,NaN
1,10,533,NaN
1,10,534,NaN
1,10,535,NaN
1,10,536,NaN
1,10,537,NaN
1,10,538,NaN
1,10,539,NaN
1,10,540,NaN
1,10,541,NaN
1,10,542,NaN
1,10,543,NaN
1,10,544,NaN
1,10,545,NaN
1,10,546,NaN
1,10,547,NaN
1,10,548,NaN
1,10,549,NaN
1,10,550,NaN
1,10,551,NaN
1,10,552,NaN
1,10,553,NaN
1,10,554,NaN
1,10,555,NaN
1,10,556,NaN
1,10,557,NaN
1,10,558,NaN
1,10,559,NaN
1,10,560,NaN
1,10,561,NaN
1,10,562,NaN
1,10,563,NaN
1,10,564,NaN
1,10,565,NaN
1,10,566,NaN
1,10,567,NaN
1,10,568,NaN
1,10,569,NaN
1,10,570,NaN
1,10,571,NaN
1,10,572,NaN
1,10,573,NaN
1,10,574,NaN
1,10,575,NaN
1,10,576,NaN
1,10,577,NaN
1,10,578,NaN
1,10,579,NaN
1,10,580,NaN
1,10,581,NaN
1,10,582,NaN
1,10,583,NaN
1,10,584,NaN
1,10,585,NaN
1,10,586,NaN
1,10,587,NaN
1,10,588,NaN
1,10,589,NaN
1,10,590,NaN
1,10,591,NaN
1,10,592,NaN
1,10,593,NaN
1,10,594,NaN
1,10,595,NaN
1,10,596,NaN
1,10,597,NaN
1,10,598,NaN
1,10,599,NaN
1,3,0,0.090133226165365746
1,3,1,0.093016398793417346
1,3,2,0.095928761064767373
1,3,3,0.098869480757202283
1,3,4,0.1018377249017664
1,3,5,0.10483265992416879
1,3,6,0.10785345178503801
1,3,7,0.11089926611894835
1,3,8,0.11396926837215109
1,3,9,0.117062623938957
1,3,10,0.12017849829672511
1,3,11,0.12331605713942063
1,3,12,0.12647446650971628
1,3,13,0.12965289292961604
1,3,14,0.13285050352959002
1,3,15,0.13606646617621457
1,3,16,0.13929994959831879
1,3,17,0.14255012351164403
1,3,18,0.14581615874202908
1,3,19,0.14909722734713804
1,3,20,0.15239250273675334
1,3,21,0.15570115979165963
1,3,22,0.15902237498114977
1,3,23,0.16235532647918671
1,3,24,0.16569919427925822
1,3,25,0.16905316030796516
1,3,26,0.17241640853738738
1,3,27,0.17578812509627145
1,3,28,0.17916749838008969
1,3,29,0.18255371916001939
1,3,30,0.18594598069089455
1,3,31,0.1893434788181835
1,3,32,0.19274541208404544
1,3,33,0.19615098183252383
1,3,34,0.19955939231393066
1,3,35,0.20296985078847996
1,3,36,0.20638156762922749
1,3,37,0.20979375642437428
1,3,38,0.21320563407899151
1,3,39,0.21661642091622418
1,3,40,0.22002534077803187
1,3,41,0.22343162112552059
1,3,42,0.22683449313892445
1,3,43,0.23023319181729074
1,3,44,0.23362695607792291
1,3,45,0.23701502885563408
1,3,46,0.24039665720186273
1,3,47,0.24377109238370109
1,3,48,0.24713758998288382
1,3,49,0.25049540999478487
1,3,50,0.25384381692746633
1,3,51,0.2571820799008222
1,3,52,0.26050947274585867
1,3,53,0.26382527410414852
1,3,54,0.26712876752749432
1,3,55,0.27041924157783853
1,3,56,0.27369598992744543
1,3,57,0.27695831145938737
1,3,58,0.28020551036836033
1,3,59,0.28343689626184904
1,3,60,0.28665178426166421
1,3,61,0.28984949510586777
1,3,62,0.29302935525109747
1,3,63,0.29619069697530542
1,3,64,0.29933285848091346
1,3,65,0.30245518399839305
1,3,66,0.30555702389026773
1,3,67,0.30863773475553624
1,3,68,0.31169667953451147
1,3,69,0.31473322761406342
1,3,70,0.31774675493325583
1,3,71,0.32073664408935793
1,3,72,0.32370228444421345
1,3,73,0.32664307223094191
1,3,74,0.32955841066094771
1,3,75,0.33244771003120416
1,3,76,0.33531038783178235
1,3,77,0.33814586885358494
1,3,78,0.34095358529624642
1,3,79,0.34373297687615617
1,3,80,0.34648349093455844
1,3,81,0.34920458254567621
1,3,82,0.35189571462481012
1,3,83,0.35455635803635344
1,3,84,0.35718599170166465
1,3,85,0.35978410270673689
1,3,86,0.36235018640959665
1,3,87,0.36488374654736733
1,3,88,0.3673842953429246
1,3,89,0.36985135361107324
1,3,90,0.37228445086416623
1,3,91,0.37468312541709486
1,3,92,0.37704692449156302
1,3,93,0.37937540431956807
1,3,94,0.3816681302460036
1,3,95,0.38392467683029669
1,3,96,0.38614462794699528
1,3,97,0.3883275768852128
1,3,98,0.39047312644684168
1,3,99,0.39258088904344535
1,3,100,0.39465048679173187
1,3,101,0.39668155160751878
1,3,102,0.39867372529809308
1,3,103,0.40062665965286981
1,3,104,0.40254001653225491
1,3,105,0.40441346795461597
1,3,106,0.40624669618126125
1,3,107,0.40803939379933524
1,3,108,0.40979126380252934
1,3,109,0.41150201966951427
1,3,110,0.41317138543999682
1,3,111,0.41479909578830715
1,3,112,0.41638489609441992
1,3,113,0.41792854251231698
1,3,114,0.41942980203559838
1,3,115,0.42088845256025031
1,3,116,0.42230428294448075
1,3,117,0.42367709306553081
1,3,118,0.42500669387338053
1,3,119,0.42629290744125808
1,3,120,0.42753556701287276
1,3,121,0.42873451704628923
1,3,122,0.42988961325436531
1,3,123,0.43100072264167438
1,3,124,0.43206772353784034
1,3,125,0.4330905056272138
1,3,126,0.43406896997481798
1,3,127,0.43500302904850247
1,3,128,0.43589260673723829
1,3,129,0.43673763836549578
1,3,130,0.43753807070364853
1,3,131,0.43829386197434983
1,3,132,0.43900498185483189
1,3,133,0.43967141147507827
1,3,134,0.44029314341183112
1,3,135,0.44087018167838876
1,3,136,0.44140254171016008
1,3,137,0.44189025034594398
1,3,138,0.44233334580490169
1,3,139,0.44273187765920147
1,3,140,0.44308590680231247
1,3,141,0.44339550541292944
1,3,142,0.44366075691451923
1,3,143,0.44388175593047396
1,3,144,0.44405860823487137
1,3,145,0.44419143069883688
1,3,146,0.44428035123251192
1,3,147,0.4443255087226346
1,3,148,0.44432705296574299
1,3,149,0.44428514459701596
1,3,150,0.44419995501477011
1,3,151,0.44407166630063394
1,3,152,0.44390047113542674
1,3,153,0.44368657271077233
1,3,154,0.44343018463647932
1,3,155,0.44313153084372825
1,3,156,0.44279084548410491
1,3,157,0.44240837282452694
1,3,158,0.44198436713810751
1,3,159,0.44151909259101396
1,3,160,0.44101282312537404
1,3,161,0.44046584233828667
1,3,162,0.43987844335700282
1,3,163,0.43925092871033994
1,3,164,0.43858361019639869
1,3,165,0.43787680874665325
1,3,166,0.43713085428648951
1,3,167,0.43634608559226973
1,3,168,0.43552285014500192
1,3,169,0.43466150398069703
1,3,170,0.43376241153749967
1,3,171,0.43282594549968045
1,3,172,0.43185248663857745
1,3,173,0.43084242365058256
1,3,174,0.42979615299226348
1,3,175,0.42871407871272021
1,3,176,0.4275966122832725
1,3,177,0.42644417242457883
1,3,178,0.42525718493128956
1,3,179,0.42403608249433372
1,3,180,0.42278130452094864
1,3,181,0.42149329695255455
1,3,182,0.42017251208058221
1,3,183,0.41881940836036213
1,3,184,0.41743445022318387
1,3,185,0.4160181078866339
1,3,186,0.41457085716332498
1,3,187,0.41309317926812539
1,3,188,0.4115855606240012
1,3,189,0.41004849266658261
1,3,190,0.40848247164756674
1,3,191,0.40688799843706858
1,3,192,0.40526557832503307
1,3,193,0.4036157208218194
1,3,194,0.40193893945807069
1,3,195,0.40023575158397873
1,3,196,0.39850667816805718
1,3,197,0.39675224359553246
1,3,198,0.39497297546646287
1,3,199,0.39316940439369497
1,3,200,0.39134206380076664
1,3,201,0.38949148971986297
1,3,202,0.38761822058993428
1,3,203,0.38572279705507828
1,3,204,0.38380576176329501
1,3,205,0.38186765916571352
1,3,206,0.3799090353163968
1,3,207,0.37793043767282147
1,3,208,0.37593241874936723
1,3,209,0.37391561185834915
1,3,210,0.37188056509511119
1,3,211,0.36982782700938954
1,3,212,0.36775794641267306
1,3,213,0.36567147218687579
1,3,214,0.36356895309440829
1,3,215,0.36145093758973135
1,3,216,0.35931797363247514
1,3,217,0.3571706085022055
1,3,218,0.35500938861491271
1,3,219,0.35283485934130376
1,3,220,0.35064756482696857
1,3,221,0.34844804781449412
1,3,222,0.34623684946759814
1,3,223,0.34401450919734755
1,3,224,0.34178156449052971
1,3,225,0.33953855074023898
1,3,226,0.33728600107874129
1,3,227,0.33502444621267496
1,3,228,0.33275441426064417
1,3,229,0.33047643059326343
1,3,230,0.32819101767569958
1,3,231,0.32589869491276874
1,3,232,0.32359997849663019
1,3,233,0.32129538125712748
1,3,234,0.3189854125148181
1,3,235,0.31667057793673387
1,3,236,0.31435137939491226
1,3,237,0.31202831482773524
1,3,238,0.3097018781041096
1,3,239,0.30737255889052467
1,3,240,0.30504084252101571
1,3,241,0.302707209870063
1,3,242,0.30037213722845424
1,3,243,0.29803609618213328
1,3,244,0.29569955349406096
1,3,245,0.29336297098910658
1,3,246,0.29102680544199105
1,3,247,NaN
1,3,248,NaN
1,3,249,NaN
1,3,250,NaN
1,3,251,NaN
1,3,252,NaN
1,3,253,NaN
1,3,254,NaN
1,3,255,NaN
1,3,256,NaN
1,3,257,NaN
1,3,258,NaN
1,3,259,NaN
1,3,260,NaN
1,3,261,NaN
1,3,262,NaN
1,3,263,NaN
1,3,264,NaN
1,3,265,NaN
1,3,266,NaN
1,3,267,NaN
1,3,268,NaN
1,3,269,NaN
1,3,270,NaN
1,3,271,NaN
1,3,272,NaN
1,3,273,NaN
1,3,274,NaN
1,3,275,NaN
1,3,276,NaN
1,3,277,NaN
1,3,278,NaN
1,3,279,NaN
1,3,280,NaN
1,3,281,NaN
1,3,282,NaN
1,3,283,NaN
1,3,284,NaN
1,3,285,NaN
1,3,286,NaN
1,3,287,NaN
1,3,288,NaN
1,3,289,NaN
1,3,290,NaN
1,3,291,NaN
1,3,292,NaN
1,3,293,NaN
1,3,294,NaN
1,3,295,NaN
1,3,296,NaN
1,3,297,NaN
1,3,298,NaN
1,3,299,NaN
1,3,300,NaN
1,3,301,NaN
1,3,302,NaN
1,3,303,NaN
1,3,304,NaN
1,3,305,NaN
1,3,306,NaN
1,3,307,NaN
1,3,308,NaN
1,3,309,NaN
1,3,310,NaN
1,3,311,NaN
1,3,312,NaN
1,3,313,NaN
1,3,314,NaN
1,3,315,NaN
1,3,316,NaN
1,3,317,NaN
1,3,318,NaN
1,3,319,NaN
1,3,320,NaN
1,3,321,NaN
1,3,322,NaN
1,3,323,NaN
1,3,324,NaN
1,3,325,NaN
1,3,326,NaN
1,3,327,NaN
1,3,328,NaN
1,3,329,NaN
1,3,330,NaN
1,3,331,NaN
1,3,332,NaN
1,3,333,NaN
1,3,334,NaN
1,3,335,NaN
1,3,336,NaN
1,3,337,NaN
1,3,338,NaN
1,3,339,NaN
1,3,340,NaN
1,3,341,NaN
1,3,342,NaN
1,3,343,NaN
1,3,344,NaN
1,3,345,NaN
1,3,346,NaN
1,3,347,NaN
1,3,348,NaN
1,3,349,NaN
1,3,350,NaN
1,3,351,NaN
1,3,352,NaN
1,3,353,NaN
1,3,354,NaN
1,3,355,NaN
1,3,356,NaN
1,3,357,NaN
1,3,358,NaN
1,3,359,NaN
1,3,360,NaN
1,3,361,NaN
1,3,362,NaN
1,3,363,NaN
1,3,364,NaN
1,3,365,NaN
1,3,366,NaN
1,3,367,NaN
1,3,368,NaN
1,3,369,NaN
1,3,370,NaN
1,3,371,NaN
1,3,372,NaN
1,3,373,NaN
1,3,374,NaN
1,3,375,NaN
1,3,376,NaN
1,3,377,NaN
1,3,378,NaN
1,3,379,NaN
1,3,380,NaN
1,3,381,NaN
1,3,382,NaN
1,3,383,NaN
1,3,384,NaN
1,3,385,NaN
1,3,386,NaN
1,3,387,NaN
1,3,388,NaN
1,3,389,NaN
1,3,390,NaN
1,3,391,NaN
1,3,392,NaN
1,3,393,NaN
1,3,394,NaN
1,3,395,NaN
1,3,396,NaN
1,3,397,NaN
1,3,398,NaN
1,3,399,NaN
1,3,400,NaN
1,3,401,NaN
1,3,402,NaN
1,3,403,NaN
1,3,404,NaN
1,3,405,NaN
1,3,406,NaN
1,3,407,NaN
1,3,408,NaN
1,3,409,NaN
1,3,410,NaN
1,3,411,NaN
1,3,412,NaN
1,3,413,NaN
1,3,414,NaN
1,3,415,NaN
1,3,416,NaN
1,3,417,NaN
1,3,418,NaN
1,3,419,NaN
1,3,420,NaN
1,3,421,NaN
1,3,422,NaN
1,3,423,NaN
1,3,424,NaN
1,3,425,NaN
1,3,426,NaN
1,3,427,NaN
1,3,428,NaN
1,3,429,NaN
1,3,430,NaN
1,3,431,NaN
1,3,432,NaN
1,3,433,NaN
1,3,434,NaN
1,3,435,NaN
1,3,436,NaN
1,3,437,NaN
1,3,438,NaN
1,3,439,NaN
1,3,440,NaN
1,3,441,NaN
1,3,442,NaN
1,3,443,NaN
1,3,444,NaN
1,3,445,NaN
1,3,446,NaN
1,3,447,NaN
1,3,448,NaN
1,3,449,NaN
1,3,450,NaN
1,3,451,NaN
1,3,452,NaN
1,3,453,NaN
1,3,454,NaN
1,3,455,NaN
1,3,456,NaN
1,3,457,NaN
1,3,458,NaN
1,3,459,NaN
1,3,460,NaN
1,3,461,NaN
1,3,462,NaN
1,3,463,NaN
1,3,464,NaN
1,3,465,NaN
1,3,466,NaN
1,3,467,NaN
1,3,468,NaN
1,3,469,NaN
1,3,470,NaN
1,3,471,NaN
1,3,472,NaN
1,3,473,NaN
1,3,474,NaN
1,3,475,NaN
1,3,476,NaN
1,3,477,NaN
1,3,478,NaN
1,3,479,NaN
1,3,480,NaN
1,3,481,NaN
1,3,482,NaN
1,3,483,NaN
1,3,484,NaN
1,3,485,NaN
1,3,486,NaN
1,3,487,NaN
1,3,488,NaN
1,3,489,NaN
1,3,490,NaN
1,3,491,NaN
1,3,492,NaN
1,3,493,NaN
1,3,494,NaN
1,3,495,NaN
1,3,496,NaN
1,3,497,NaN
1,3,498,NaN
1,3,499,NaN
1,3,500,NaN
1,3,501,NaN
1,3,502,NaN
1,3,503,NaN
1,3,504,NaN
1,3,505,NaN
1,3,506,NaN
1,3,507,NaN
1,3,508,NaN
1,3,509,NaN
1,3,510,NaN
1,3,511,NaN
1,3,512,NaN
1,3,513,NaN
1,3,514,NaN
1,3,515,NaN
1,3,516,NaN
1,3,517,NaN
1,3,518,NaN
1,3,519,NaN
1,3,520,NaN
1,3,521,NaN
1,3,522,NaN
1,3,523,NaN
1,3,524,NaN
1,3,525,NaN
1,3,526,NaN
1,3,527,NaN
1,3,528,NaN
1,3,529,NaN
1,3,530,NaN
1,3,531,NaN
1,3,532,NaN
1,3,533,NaN
1,3,534,NaN
1,3,535,NaN
1,3,536,NaN
1,3,537,NaN
1,3,538,NaN
1,3,539,NaN
1,3,540,NaN
1,3,541,NaN
1,3,542,NaN
1,3,543,NaN
1,3,544,NaN
1,3,545,NaN
1,3,546,NaN
1,3,547,NaN
1,3,548,NaN
1,3,549,NaN
1,3,550,NaN
1,3,551,NaN
1,3,552,NaN
1,3,553,NaN
1,3,554,NaN
1,3,555,NaN
1,3,556,NaN
1,3,557,NaN
1,3,558,NaN
1,3,559,NaN
1,3,560,NaN
1,3,561,NaN
1,3,562,NaN
1,3,563,NaN
1,3,564,NaN
1,3,565,NaN
1,3,566,NaN
1,3,567,NaN
1,3,568,NaN
1,3,569,NaN
1,3,570,NaN
1,3,571,NaN
1,3,572,NaN
1,3,573,NaN
1,3,574,NaN
1,3,575,NaN
1,3,576,NaN
1,3,577,NaN
1,3,578,NaN
1,3,579,NaN
1,3,580,NaN
1,3,581,NaN
1,3,582,NaN
1,3,583,NaN
1,3,584,NaN
1,3,585,NaN
1,3,586,NaN
1,3,587,NaN
1,3,588,NaN
1,3,589,NaN
1,3,590,NaN
1,3,591,NaN
1,3,592,NaN
1,3,593,NaN
1,3,594,NaN
1,3,595,NaN
1,3,596,NaN
1,3,597,NaN
1,3,598,NaN
1,3,599,NaN
1,41,0,0.080427789565405597
1,41,1,0.083085034804111446
1,41,2,0.085770298749407697
1,41,3,0.088482768139981599
1,41,4,0.091221628473072774
1,41,5,0.093986064173713094
1,41,6,0.096775258763135724
1,41,7,0.099588395026257145
1,41,8,0.10242465517814352
1,41,9,0.10528322102938227
1,41,10,0.10816327415028838
1,41,11,0.11106399603388198
1,41,12,0.11398456825758042
1,41,13,0.11692417264355727
1,41,14,0.11988199141772302
1,41,15,0.12285720736729258
1,41,16,0.12584900399690671
1,41,17,0.12885656568328172
1,41,18,0.13187907782836608
1,41,19,0.13491572701098706
1,41,20,0.13796570113697471
1,41,21,0.14102818958775529
1,41,22,0.14410238336740899
1,41,23,0.14718747524819054
1,41,24,0.15028265991451553
1,41,25,0.15338713410541677
1,41,26,0.1565000967554788
1,41,27,0.15962074913426144
1,41,28,0.16274829498422519
1,41,29,0.16588194065717318
1,41,30,0.16902089524922775
1,41,31,0.17216437073436008
1,41,32,0.17531158209649425
1,41,33,0.17846174746020779
1,41,34,0.18161408822005257
1,41,35,0.18476782916852114
1,41,36,0.18792219862268414
1,41,37,0.19107642854952717
1,41,38,0.19422975469001283
1,41,39,0.19738141668189835
1,41,40,0.20053065818133678
1,41,41,0.20367672698329159
1,41,42,0.20681887514079431
1,41,43,0.20995635908307447
1,41,44,0.21308843973259362
1,41,45,0.21621438262101
1,41,46,0.21933345800410639
1,41,47,0.22244494097570974
1,41,48,0.22554811158062985
1,41,49,0.22864225492664639
1,41,50,0.23172666129557382
1,41,51,0.23480062625342707
1,41,52,0.23786345075971721
1,41,53,0.24091444127590175
1,41,54,0.24395290987301188
1,41,55,0.24697817433848182
1,41,56,0.24998955828220054
1,41,57,0.25298639124180666
1,41,58,0.25596800878724552
1,41,59,0.25893375262460627
1,41,60,0.26188297069925459
1,41,61,0.26481501729827484
1,41,62,0.26772925315223667
1,41,63,0.27062504553629335
1,41,64,0.27350176837062462
1,41,65,0.27635880232022825
1,41,66,0.27919553489406818
1,41,67,0.28201136054358117
1,41,68,0.28480568076054252
1,41,69,0.28757790417429197
1,41,70,0.290327446648316
1,41,71,0.2930537313761809
1,41,72,0.29575618897681055
1,41,73,0.29843425758909831
1,41,74,0.30108738296584281
1,41,75,0.30371501856699246
1,41,76,0.30631662565218354
1,41,77,0.30889167337255274
1,41,78,0.31143963886180442
1,41,79,0.31396000732650864
1,41,80,0.31645227213560689
1,41,81,0.31891593490909437
1,41,82,0.3213505056058551
1,41,83,0.32375550261061226
1,41,84,0.32613045281996345
1,41,85,0.32847489172746419
1,41,86,0.33078836350772123
1,41,87,0.33307042109945595
1,41,88,0.33532062628749515
1,41,89,0.33753854978364634
1,41,90,0.33972377130641079
1,41,91,0.34187587965948674
1,41,92,0.34399447280901346
1,41,93,0.34607915795950611
1,41,94,0.3481295516284254
1,41,95,0.35014527971933329
1,41,96,0.35212597759357228
1,41,97,0.35407129014041816
1,41,98,0.35598087184564242
1,41,99,0.35785438685842841
1,41,100,0.35969150905657854
1,41,101,0.36149192210995323
1,41,102,0.36325531954207707
1,41,103,0.36498140478985064
1,41,104,0.36666989126130434
1,41,105,0.36832050239132796
1,41,106,0.36993297169531592
1,41,107,0.37150704282065677
1,41,108,0.37304246959600801
1,41,109,0.37453901607828793
1,41,110,0.37599645659731917
1,41,111,0.37741457579806081
1,41,112,0.37879316868036306
1,41,113,0.38013204063618117
1,41,114,0.38143100748418418
1,41,115,0.3826898955016968
1,41,116,0.38390854145391051
1,41,117,0.38508679262030471
1,41,118,0.38622450681821713
1,41,119,0.38732155242350225
1,41,120,0.3883778083882245
1,41,121,0.38939316425532539
1,41,122,0.39036752017021292
1,41,123,0.39130078688921827
1,41,124,0.39219288578487005
1,41,125,0.39304374884793475
1,41,126,0.39385331868617568
1,41,127,0.39462154851978848
1,41,128,0.39534840217346368
1,41,129,0.39603385406504105
1,41,130,0.3966778891907129
1,41,131,0.39728050310674173
1,41,132,0.39784170190765861
1,41,133,0.39836150220090988
1,41,134,0.39883993107792409
1,41,135,0.39927702608157367
1,41,136,0.39967283517000846
1,41,137,0.40002741667683944
1,41,138,0.40034083926765895
1,41,139,0.40061318189287776
1,41,140,0.4008445337368734
1,41,141,0.40103499416343902
1,41,142,0.40118467265752716
1,41,143,0.40129368876328919
1,41,144,0.4013621720184084
1,41,145,0.40139026188473614
1,41,146,0.40137810767523463
1,41,147,0.40132586847723861
1,41,148,0.40123371307205319
1,41,149,0.40110181985090132
1,41,150,0.40093037672724546
1,41,151,0.40071958104550565
1,41,152,0.40046963948620218
1,41,153,0.40018076796755331
1,41,154,0.39985319154356325
1,41,155,0.39948714429863613
1,41,156,0.39908286923875685
1,41,157,0.3986406181792822
1,41,158,0.39816065162938974
1,41,159,0.39764323867323281
1,41,160,0.39708865684785472
1,41,161,0.39649719201791861
1,41,162,0.39586913824730974
1,41,163,0.39520479766767391
1,41,164,0.39450448034395297
1,41,165,0.39376850413698794
1,41,166,0.39299719456325649
1,41,167,0.39219088465181695
1,41,168,0.39134991479853531
1,41,169,0.39047463261767024
1,41,170,0.38956539279089569
1,41,171,0.38862255691384406
1,41,172,0.3876464933402507
1,41,173,0.38663757702378865
1,41,174,0.38559618935767931
1,41,175,0.38452271801216831
1,41,176,0.38341755676996003
1,41,177,0.3822811053597015
1,41,178,0.3811137692876117
1,41,179,0.37991595966735087
1,41,180,0.37868809304822998
1,41,181,0.37743059124185596
1,41,182,0.37614388114731517
1,41,183,0.37482839457499378
1,41,184,0.3734845680691391
1,41,185,0.37211284272926431
1,41,186,0.37071366403049905
1,41,187,0.36928748164299019
1,41,188,0.3678347492504595
1,41,189,0.36635592436802239
1,41,190,0.36485146815937131
1,41,191,0.36332184525343314
1,41,192,0.36176752356060404
1,41,193,0.36018897408866934
1,41,194,0.35858667075851264
1,41,195,0.35696109021972172
1,41,196,0.35531271166619599
1,41,197,0.3536420166518594
1,41,198,0.35194948890658728
1,41,199,0.35023561415244586
1,41,200,0.34850087992035261
1,41,201,0.34674577536725804
1,41,202,0.3449707910939509
1,41,203,0.34317641896358858
1,41,204,0.34136315192105171
1,41,205,0.33953148381322318
1,41,206,0.33768190921028812
1,41,207,0.33581492322815243
1,41,208,0.33393102135207386
1,41,209,0.33203069926160034
1,41,210,0.33011445265690803
1,41,211,0.32818277708662907
1,41,212,0.32623616777725833
1,41,213,0.32427511946422766
1,41,214,0.3223001262247312
1,41,215,0.3203116813123888
1,41,216,0.31831027699382597
1,41,217,0.31629640438725309
1,41,218,0.31427055330312131
1,41,219,0.3122332120869305
1,41,220,0.31018486746426344
1,41,221,0.30812600438811938
1,41,222,0.30605710588861396
1,41,223,0.30397865292511572
1,41,224,0.30189112424088221
1,41,225,0.29979499622025946
1,41,226,0.29769074274850427
1,41,227,0.2955788350742895
1,41,228,0.29345974167494476
1,41,229,0.29133392812448827
1,41,230,0.28920185696449913
1,41,231,0.2870639875778786
1,41,232,0.2849207760655455
1,41,233,0.28277267512610971
1,41,234,0.28062013393856228
1,41,235,0.27846359804802195
1,41,236,0.27630350925457209
1,41,237,0.27414030550522012
1,41,238,0.27197442078901102
1,41,239,0.26980628503531962
1,41,240,0.26763632401534793
1,41,241,0.26546495924684893
1,41,242,0.26329260790209524
1,41,243,0.26111968271910929
1,41,244,0.2589465919161687
1,41,245,0.25677378540162948
1,41,246,0.25460172443217727
1,41,247,0.25243079985005601
1,41,248,0.25026139747256032
1,41,249,0.24809389802568241
1,41,250,0.24592867708108443
1,41,251,0.24376610499638143
1,41,252,0.24160654685872307
1,41,253,0.23945036243165316
1,41,254,0.23729790610522913
1,41,255,0.23514952684937634
1,41,256,0.23300556817045281
1,41,257,0.2308663680709947
1,41,258,0.22873225901261254
1,41,259,0.22660356788200314
1,41,260,0.22448061596004246
1,41,261,0.2223637188939192
1,41,262,0.22025318667226879
1,41,263,0.21814932360326306
1,41,264,0.21605242829561058
1,41,265,0.21396279364241752
1,41,266,0.21188070680786003
1,41,267,0.20980644921661276
1,41,268,0.20774029654597986
1,41,269,0.2056825187206695
1,41,270,0.20363337991015359
1,41,271,0.20159313852854871
1,41,272,0.19956204723695661
1,41,273,0.19754035294819713
1,41,274,0.19552829683386611
1,41,275,0.19352611433364891
1,41,276,0.19153403516681855
1,41,277,0.18955228334584479
1,41,278,0.1875810771920407
1,41,279,0.18562062935316997
1,41,280,0.18367114682293817
1,41,281,0.18173283096228918
1,41,282,0.1798059678027443
1,41,283,0.17789078007699974
1,41,284,0.17598746165652679
1,41,285,0.17409620102265291
1,41,286,0.17221718129636895
1,41,287,0.17035058026961952
1,41,288,0.16849657043799154
1,41,289,0.16665531903471278
1,41,290,0.1648269880658737
1,41,291,0.16301173434678209
1,41,292,0.16120970953936273
1,41,293,0.15942106019050961
1,41,294,NaN
1,41,295,NaN
1,41,296,NaN
1,41,297,NaN
1,41,298,NaN
1,41,299,NaN
1,41,300,NaN
1,41,301,NaN
1,41,302,NaN
1,41,303,NaN
1,41,304,NaN
1,41,305,NaN
1,41,306,NaN
1,41,307,NaN
1,41,308,NaN
1,41,309,NaN
1,41,310,NaN
1,41,311,NaN
1,41,312,NaN
1,41,313,NaN
1,41,314,NaN
1,41,315,NaN
1,41,316,NaN
1,41,317,NaN
1,41,318,NaN
1,41,319,NaN
1,41,320,NaN
1,41,321,NaN
1,41,322,NaN
1,41,323,NaN
1,41,324,NaN
1,41,325,NaN
1,41,326,NaN
1,41,327,NaN
1,41,328,NaN
1,41,329,NaN
1,41,330,NaN
1,41,331,NaN
1,41,332,NaN
1,41,333,NaN
1,41,334,NaN
1,41,335,NaN
1,41,336,NaN
1,41,337,NaN
1,41,338,NaN
1,41,339,NaN
1,41,340,NaN
1,41,341,NaN
1,41,342,NaN
1,41,343,NaN
1,41,344,NaN
1,41,345,NaN
1,41,346,NaN
1,41,347,NaN
1,41,348,NaN
1,41,349,NaN
1,41,350,NaN
1,41,351,NaN
1,41,352,NaN
1,41,353,NaN
1,41,354,NaN
1,41,355,NaN
1,41,356,NaN
1,41,357,NaN
1,41,358,NaN
1,41,359,NaN
1,41,360,NaN
1,41,361,NaN
1,41,362,NaN
1,41,363,NaN
1,41,364,NaN
1,41,365,NaN
1,41,366,NaN
1,41,367,NaN
1,41,368,NaN
1,41,369,NaN
1,41,370,NaN
1,41,371,NaN
1,41,372,NaN
1,41,373,NaN
1,41,374,NaN
1,41,375,NaN
1,41,376,NaN
1,41,377,NaN
1,41,378,NaN
1,41,379,NaN
1,41,380,NaN
1,41,381,NaN
1,41,382,NaN
1,41,383,NaN
1,41,384,NaN
1,41,385,NaN
1,41,386,NaN
1,41,387,NaN
1,41,388,NaN
1,41,389,NaN
1,41,390,NaN
1,41,391,NaN
1,41,392,NaN
1,41,393,NaN
1,41,394,NaN
1,41,395,NaN
1,41,396,NaN
1,41,397,NaN
1,41,398,NaN
1,41,399,NaN
1,41,400,NaN
1,41,401,NaN
1,41,402,NaN
1,41,403,NaN
1,41,404,NaN
1,41,405,NaN
1,41,406,NaN
1,41,407,NaN
1,41,408,NaN
1,41,409,NaN
1,41,410,NaN
1,41,411,NaN
1,41,412,NaN
1,41,413,NaN
1,41,414,NaN
1,41,415,NaN
1,41,416,NaN
1,41,417,NaN
1,41,418,NaN
1,41,419,NaN
1,41,420,NaN
1,41,421,NaN
1,41,422,NaN
1,41,423,NaN
1,41,424,NaN
1,41,425,NaN
1,41,426,NaN
1,41,427,NaN
1,41,428,NaN
1,41,429,NaN
1,41,430,NaN
1,41,431,NaN
1,41,432,NaN
1,41,433,NaN
1,41,434,NaN
1,41,435,NaN
1,41,436,NaN
1,41,437,NaN
1,41,438,NaN
1,41,439,NaN
1,41,440,NaN
1,41,441,NaN
1,41,442,NaN
1,41,443,NaN
1,41,444,NaN
1,41,445,NaN
1,41,446,NaN
1,41,447,NaN
1,41,448,NaN
1,41,449,NaN
1,41,450,NaN
1,41,451,NaN
1,41,452,NaN
1,41,453,NaN
1,41,454,NaN
1,41,455,NaN
1,41,456,NaN
1,41,457,NaN
1,41,458,NaN
1,41,459,NaN
1,41,460,NaN
1,41,461,NaN
1,41,462,NaN
1,41,463,NaN
1,41,464,NaN
1,41,465,NaN
1,41,466,NaN
1,41,467,NaN
1,41,468,NaN
1,41,469,NaN
1,41,470,NaN
1,41,471,NaN
1,41,472,NaN
1,41,473,NaN
1,41,474,NaN
1,41,475,NaN
1,41,476,NaN
1,41,477,NaN
1,41,478,NaN
1,41,479,NaN
1,41,480,NaN
1,41,481,NaN
1,41,482,NaN
1,41,483,NaN
1,41,484,NaN
1,41,485,NaN
1,41,486,NaN
1,41,487,NaN
1,41,488,NaN
1,41,489,NaN
1,41,490,NaN
1,41,491,NaN
1,41,492,NaN
1,41,493,NaN
1,41,494,NaN
1,41,495,NaN
1,41,496,NaN
1,41,497,NaN
1,41,498,NaN
1,41,499,NaN
1,41,500,NaN
1,41,501,NaN
1,41,502,NaN
1,41,503,NaN
1,41,504,NaN
1,41,505,NaN
1,41,506,NaN
1,41,507,NaN
1,41,508,NaN
1,41,509,NaN
1,41,510,NaN
1,41,511,NaN
1,41,512,NaN
1,41,513,NaN
1,41,514,NaN
1,41,515,NaN
1,41,516,NaN
1,41,517,NaN
1,41,518,NaN
1,41,519,NaN
1,41,520,NaN
1,41,521,NaN
1,41,522,NaN
1,41,523,NaN
1,41,524,NaN
1,41,525,NaN
1,41,526,NaN
1,41,527,NaN
1,41,528,NaN
1,41,529,NaN
1,41,530,NaN
1,41,531,NaN
1,41,532,NaN
1,41,533,NaN
1,41,534,NaN
1,41,535,NaN
1,41,536,NaN
1,41,537,NaN
1,41,538,NaN
1,41,539,NaN
1,41,540,NaN
1,41,541,NaN
1,41,542,NaN
1,41,543,NaN
1,41,544,NaN
1,41,545,NaN
1,41,546,NaN
1,41,547,NaN
1,41,548,NaN
1,41,549,NaN
1,41,550,NaN
1,41,551,NaN
1,41,552,NaN
1,41,553,NaN
1,41,554,NaN
1,41,555,NaN
1,41,556,NaN
1,41,557,NaN
1,41,558,NaN
1,41,559,NaN
1,41,560,NaN
1,41,561,NaN
1,41,562,NaN
1,41,563,NaN
1,41,564,NaN
1,41,565,NaN
1,41,566,NaN
1,41,567,NaN
1,41,568,NaN
1,41,569,NaN
1,41,570,NaN
1,41,571,NaN
1,41,572,NaN
1,41,573,NaN
1,41,574,NaN
1,41,575,NaN
1,41,576,NaN
1,41,577,NaN
1,41,578,NaN
1,41,579,NaN
1,41,580,NaN
1,41,581,NaN
1,41,582,NaN
1,41,583,NaN
1,41,584,NaN
1,41,585,NaN
1,41,586,NaN
1,41,587,NaN
1,41,588,NaN
1,41,589,NaN
1,41,590,NaN
1,41,591,NaN
1,41,592,NaN
1,41,593,NaN
1,41,594,NaN
1,41,595,NaN
1,41,596,NaN
1,41,597,NaN
1,41,598,NaN
1,41,599,NaN
1,33,0,0.085607763099922199
1,33,1,0.088305784094171405
1,33,2,0.091031463848180436
1,33,3,0.093784047338206625
1,33,4,0.096562777497557636
1,33,5,0.099366895353136975
1,33,6,0.10219564016157071
1,33,7,0.10504824954483932
1,33,8,0.10792395962534922
1,33,9,0.11082200516038637
1,33,10,0.1137416196759036
1,33,11,0.11668203559960029
1,33,12,0.1196424843932604
1,33,13,0.12262219668432187
1,33,14,0.12562040239665617
1,33,15,0.12863633088054263
1,33,16,0.13166921104182813
1,33,17,0.13471827147026688
1,33,18,0.13778274056704012
1,33,19,0.14086184667146051
1,33,20,0.14395481818686728
1,33,21,0.14706088370572676
1,33,22,0.15017927213395055
1,33,23,0.15330921281445056
1,33,24,0.15644993564995271
1,33,25,0.15960067122509047
1,33,26,0.16276065092780639
1,33,27,0.16592910707008743
1,33,28,0.16910527300806516
1,33,29,0.17228838326151122
1,33,30,0.17547767363276079
1,33,31,0.17867238132509833
1,33,32,0.18187174506064002
1,33,33,0.185075005197749
1,33,34,0.18828140384801942
1,33,35,0.19149018499286605
1,33,36,0.19470059459975717
1,33,37,0.19791188073812763
1,33,38,0.20112329369500848
1,33,39,0.20433408609041248
1,33,40,0.20754351299250945
1,33,41,0.21075083203263018
1,33,42,0.21395530352013289
1,33,43,0.21715619055716814
1,33,44,0.2203527591533759
1,33,45,0.22354427834054777
1,33,46,0.22673002028728681
1,33,47,0.22990926041369505
1,33,48,0.23308127750611862
1,33,49,0.23624535383197756
1,33,50,0.23940077525470818
1,33,51,0.24254683134884081
1,33,52,0.24568281551523766
1,33,53,0.24880802509651018
1,33,54,0.25192176149263623
1,33,55,0.25502333027679325
1,33,56,0.25811204131142412
1,33,57,0.26118720886454561
1,33,58,0.26424815172631272
1,33,59,0.26729419332584609
1,33,60,0.2703246618483271
1,33,61,0.27333889035236658
1,33,62,0.27633621688764543
1,33,63,0.27931598461282758
1,33,64,0.28227754191373938
1,33,65,0.28522024252180972
1,33,66,0.28814344563276101
1,33,67,0.29104651602553805
1,33,68,0.29392882418146155
1,33,69,0.29678974640358635
1,33,70,0.29962866493624662
1,33,71,0.30244496808476179
1,33,72,0.30523805033528073
1,33,73,0.30800731247473268
1,33,74,0.3107521617108539
1,33,75,0.3134720117922587
1,33,76,0.3161662831285138
1,33,77,0.31883440291017973
1,33,78,0.32147580522877484
1,33,79,0.32408993119661944
1,33,80,0.32667622906651017
1,33,81,0.32923415435117553
1,33,82,0.33176316994246141
1,33,83,0.33426274623018887
1,33,84,0.33673236122062972
1,33,85,0.33917150065453794
1,33,86,0.34157965812467667
1,33,87,0.34395633519277519
1,33,88,0.34630104150585056
1,33,89,0.3486132949118258
1,33,90,0.35089262157437262
1,33,91,0.35313855608690997
1,33,92,0.35535064158567997
1,33,93,0.3575284298618297
1,33,94,0.35967148147242001
1,33,95,0.36177936585028181
1,33,96,0.36385166141264208
1,33,97,0.36588795566843596
1,33,98,0.36788784532422447
1,33,99,0.36985093638863448
1,33,100,0.37177684427523355
1,33,101,0.37366519390375869
1,33,102,0.37551561979961123
1,33,103,0.37732776619153113
1,33,104,0.37910128710736479
1,33,105,0.38083584646783919
1,33,106,0.38253111817825536
1,33,107,0.38418678621801233
1,33,108,0.38580254472787839
1,33,109,0.38737809809491791
1,33,110,0.38891316103499124
1,33,111,0.39040745867273857
1,33,112,0.39186072661896565
1,33,113,0.39327271104534339
1,33,114,0.39464316875633954
1,33,115,0.39597186725830047
1,33,116,0.39725858482559823
1,33,117,0.39850311056376725
1,33,118,0.39970524446954742
1,33,119,0.40086479748775866
1,33,120,0.40198159156493102
1,33,121,0.40305545969961476
1,33,122,0.40408624598930071
1,33,123,0.40507380567387874
1,33,124,0.40601800517556763
1,33,125,0.40691872213524921
1,33,126,0.40777584544514506
1,33,127,0.40858927527777317
1,33,128,0.40935892311112615
1,33,129,0.41008471175001632
1,33,130,0.41076657534353278
1,33,131,0.41140445939856068
1,33,132,0.41199832078931559
1,33,133,0.41254812776284694
1,33,134,0.41305385994047034
1,33,135,0.41351550831508888
1,33,136,0.41393307524436906
1,33,137,0.41430657443973867
1,33,138,0.41463603095117652
1,33,139,0.41492148114777111
1,33,140,0.41516297269402253
1,33,141,0.4153605645218707
1,33,142,0.41551432679843531
1,33,143,0.41562434088945205
1,33,144,0.41569069931840014
1,33,145,0.41571350572131349
1,33,146,0.41569287479727635
1,33,147,0.41562893225460212
1,33,148,0.41552181475270433
1,33,149,0.41537166983966645
1,33,150,0.41517865588552366
1,33,151,0.41494294201127302
1,33,152,0.41466470801363142
1,33,153,0.41434414428556282
1,33,154,0.41398145173260548
1,33,155,0.41357684168502218
1,33,156,0.41313053580581466
1,33,157,0.41264276599463207
1,33,158,0.4121137742876172
1,33,159,0.41154381275323304
1,33,160,0.41093314338411463
1,33,161,0.41028203798499829
1,33,162,0.40959077805677829
1,33,163,0.40885965467674712
1,33,164,0.40808896837508118
1,33,165,0.40727902900762758
1,33,166,0.40643015562506313
1,33,167,0.40554267633848584
1,33,168,0.40461692818151579
1,33,169,0.40365325696897159
1,33,170,0.40265201715220078
1,33,171,0.40161357167114109
1,33,172,0.40053829180319223
1,33,173,0.399426557008978
1,33,174,0.39827875477508734
1,33,175,0.3970952804538761
1,33,176,0.39587653710041942
1,33,177,0.39462293530670595
1,33,178,0.39333489303316332
1,33,179,0.39201283543761029
1,33,180,0.39065719470172966
1,33,181,0.38926840985515815
1,33,182,0.38784692659729308
1,33,183,0.386393197116912
1,33,184,0.3849076799097087
1,33,185,0.3833908395938444
1,33,186,0.38184314672361896
1,33,187,0.38026507760136297
1,33,188,0.37865711408765634
1,33,189,0.37701974340997785
1,33,190,0.37535345796988989
1,33,191,0.37365875514886626
1,33,192,0.37193613711286549
1,33,193,0.37018611061576029
1,33,194,0.36840918680172613
1,33,195,0.36660588100669717
1,33,196,0.36477671255899607
1,33,197,0.3629222045792434
1,33,198,0.36104288377965277
1,33,199,0.35913928026281861
1,33,200,0.35721192732010121
1,33,201,0.35526136122971369
1,33,202,0.3532881210546161
1,33,203,0.35129274844032049
1,33,204,0.34927578741270909
1,33,205,0.34723778417596823
1,33,206,0.34517928691073985
1,33,207,0.3431008455725903
1,33,208,0.3410030116908952
1,33,209,0.3388863381682411
1,33,210,0.3367513790804369
1,33,211,0.33459868947723415
1,33,212,0.33242882518384936
1,33,213,0.33024234260338114
1,33,214,0.32803979852021425
1,33,215,0.32582174990450052
1,33,216,0.32358875371780454
1,33,217,0.32134136672000252
1,33,218,0.3190801452775181
1,33,219,0.31680564517297943
1,33,220,0.31451842141637903
1,33,221,0.31221902805781654
1,33,222,0.3099080180019031
1,33,223,0.30758594282390195
1,33,224,0.30525335258768227
1,33,225,0.30291079566555607
1,33,226,0.30055881856007011
1,33,227,0.29819796572782126
1,33,228,0.29582877940536106
1,33,229,0.29345179943725425
1,33,230,0.29106756310635362
1,33,231,0.288676604966352
1,33,232,0.28627945667666693
1,33,233,0.28387664683971808
1,33,234,0.28146870084064779
1,33,235,0.27905614068953799
1,33,236,0.27663948486617279
1,33,237,0.2742192481673939
1,33,238,0.27179594155709474
1,33,239,0.26937007201889568
1,33,240,0.26694214241154113
1,33,241,0.26451265132705898
1,33,242,0.26208209295171597
1,33,243,0.25965095692980678
1,33,244,0.25721972823030687
1,33,245,0.25478888701642077
1,33,246,0.25235890851805282
1,33,247,0.24993026290722728
1,33,248,0.24750341517648208
1,33,249,0.24507882502025727
1,33,250,0.24265694671929916
1,33,251,0.24023822902809699
1,33,252,0.23782311506537038
1,33,253,0.23541204220761874
1,33,254,0.23300544198574816
1,33,255,0.23060373998478287
1,33,256,0.22820735574667309
1,33,257,0.22581670267620366
1,33,258,0.22343218795001038
1,33,259,0.22105421242870552
1,33,260,0.21868317057211636
1,33,261,0.21631945035763575
1,33,262,0.21396343320168337
1,33,263,0.21161549388427509
1,33,264,0.20927600047669642
1,33,265,0.20694531427227342
1,33,266,0.20462378972023565
1,33,267,0.20231177436266098
1,33,268,0.2000096087744945
1,33,269,0.19771762650663
1,33,270,0.19543615403204259
1,33,271,0.19316551069495977
1,33,272,0.19090600866305768
1,33,273,0.18865795288266726
1,33,274,0.18642164103697614
1,33,275,NaN
1,33,276,NaN
1,33,277,NaN
1,33,278,NaN
1,33,279,NaN
1,33,280,NaN
1,33,281,NaN
1,33,282,NaN
1,33,283,NaN
1,33,284,NaN
1,33,285,NaN
1,33,286,NaN
1,33,287,NaN
1,33,288,NaN
1,33,289,NaN
1,33,290,NaN
1,33,291,NaN
1,33,292,NaN
1,33,293,NaN
1,33,294,NaN
1,33,295,NaN
1,33,296,NaN
1,33,297,NaN
1,33,298,NaN
1,33,299,NaN
1,33,300,NaN
1,33,301,NaN
1,33,302,NaN
1,33,303,NaN
1,33,304,NaN
1,33,305,NaN
1,33,306,NaN
1,33,307,NaN
1,33,308,NaN
1,33,309,NaN
1,33,310,NaN
1,33,311,NaN
1,33,312,NaN
1,33,313,NaN
1,33,314,NaN
1,33,315,NaN
1,33,316,NaN
1,33,317,NaN
1,33,318,NaN
1,33,319,NaN
1,33,320,NaN
1,33,321,NaN
1,33,322,NaN
1,33,323,NaN
1,33,324,NaN
1,33,325,NaN
1,33,326,NaN
1,33,327,NaN
1,33,328,NaN
1,33,329,NaN
1,33,330,NaN
1,33,331,NaN
1,33,332,NaN
1,33,333,NaN
1,33,334,NaN
1,33,335,NaN
1,33,336,NaN
1,33,337,NaN
1,33,338,NaN
1,33,339,NaN
1,33,340,NaN
1,33,341,NaN
1,33,342,NaN
1,33,343,NaN
1,33,344,NaN
1,33,345,NaN
1,33,346,NaN
1,33,347,NaN
1,33,348,NaN
1,33,349,NaN
1,33,350,NaN
1,33,351,NaN
1,33,352,NaN
1,33,353,NaN
1,33,354,NaN
1,33,355,NaN
1,33,356,NaN
1,33,357,NaN
1,33,358,NaN
1,33,359,NaN
1,33,360,NaN
1,33,361,NaN
1,33,362,NaN
1,33,363,NaN
1,33,364,NaN
1,33,365,NaN
1,33,366,NaN
1,33,367,NaN
1,33,368,NaN
1,33,369,NaN
1,33,370,NaN
1,33,371,NaN
1,33,372,NaN
1,33,373,NaN
1,33,374,NaN
1,33,375,NaN
1,33,376,NaN
1,33,377,NaN
1,33,378,NaN
1,33,379,NaN
1,33,380,NaN
1,33,381,NaN
1,33,382,NaN
1,33,383,NaN
1,33,384,NaN
1,33,385,NaN
1,33,386,NaN
1,33,387,NaN
1,33,388,NaN
1,33,389,NaN
1,33,390,NaN
1,33,391,NaN
1,33,392,NaN
1,33,393,NaN
1,33,394,NaN
1,33,395,NaN
1,33,396,NaN
1,33,397,NaN
1,33,398,NaN
1,33,399,NaN
1,33,400,NaN
1,33,401,NaN
1,33,402,NaN
1,33,403,NaN
1,33,404,NaN
1,33,405,NaN
1,33,406,NaN
1,33,407,NaN
1,33,408,NaN
1,33,409,NaN
1,33,410,NaN
1,33,411,NaN
1,33,412,NaN
1,33,413,NaN
1,33,414,NaN
1,33,415,NaN
1,33,416,NaN
1,33,417,NaN
1,33,418,NaN
1,33,419,NaN
1,33,420,NaN
1,33,421,NaN
1,33,422,NaN
1,33,423,NaN
1,33,424,NaN
1,33,425,NaN
1,33,426,NaN
1,33,427,NaN
1,33,428,NaN
1,33,429,NaN
1,33,430,NaN
1,33,431,NaN
1,33,432,NaN
1,33,433,NaN
1,33,434,NaN
1,33,435,NaN
1,33,436,NaN
1,33,437,NaN
1,33,438,NaN
1,33,439,NaN
1,33,440,NaN
1,33,441,NaN
1,33,442,NaN
1,33,443,NaN
1,33,444,NaN
1,33,445,NaN
1,33,446,NaN
1,33,447,NaN
1,33,448,NaN
1,33,449,NaN
1,33,450,NaN
1,33,451,NaN
1,33,452,NaN
1,33,453,NaN
1,33,454,NaN
1,33,455,NaN
1,33,456,NaN
1,33,457,NaN
1,33,458,NaN
1,33,459,NaN
1,33,460,NaN
1,33,461,NaN
1,33,462,NaN
1,33,463,NaN
1,33,464,NaN
1,33,465,NaN
1,33,466,NaN
1,33,467,NaN
1,33,468,NaN
1,33,469,NaN
1,33,470,NaN
1,33,471,NaN
1,33,472,NaN
1,33,473,NaN
1,33,474,NaN
1,33,475,NaN
1,33,476,NaN
1,33,477,NaN
1,33,478,NaN
1,33,479,NaN
1,33,480,NaN
1,33,481,NaN
1,33,482,NaN
1,33,483,NaN
1,33,484,NaN
1,33,485,NaN
1,33,486,NaN
1,33,487,NaN
1,33,488,NaN
1,33,489,NaN
1,33,490,NaN
1,33,491,NaN
1,33,492,NaN
1,33,493,NaN
1,33,494,NaN
1,33,495,NaN
1,33,496,NaN
1,33,497,NaN
1,33,498,NaN
1,33,499,NaN
1,33,500,NaN
1,33,501,NaN
1,33,502,NaN
1,33,503,NaN
1,33,504,NaN
1,33,505,NaN
1,33,506,NaN
1,33,507,NaN
1,33,508,NaN
1,33,509,NaN
1,33,510,NaN
1,33,511,NaN
1,33,512,NaN
1,33,513,NaN
1,33,514,NaN
1,33,515,NaN
1,33,516,NaN
1,33,517,NaN
1,33,518,NaN
1,33,519,NaN
1,33,520,NaN
1,33,521,NaN
1,33,522,NaN
1,33,523,NaN
1,33,524,NaN
1,33,525,NaN
1,33,526,NaN
1,33,527,NaN
1,33,528,NaN
1,33,529,NaN
1,33,530,NaN
1,33,531,NaN
1,33,532,NaN
1,33,533,NaN
1,33,534,NaN
1,33,535,NaN
1,33,536,NaN
1,33,537,NaN
1,33,538,NaN
1,33,539,NaN
1,33,540,NaN
1,33,541,NaN
1,33,542,NaN
1,33,543,NaN
1,33,544,NaN
1,33,545,NaN
1,33,546,NaN
1,33,547,NaN
1,33,548,NaN
1,33,549,NaN
1,33,550,NaN
1,33,551,NaN
1,33,552,NaN
1,33,553,NaN
1,33,554,NaN
1,33,555,NaN
1,33,556,NaN
1,33,557,NaN
1,33,558,NaN
1,33,559,NaN
1,33,560,NaN
1,33,561,NaN
1,33,562,NaN
1,33,563,NaN
1,33,564,NaN
1,33,565,NaN
1,33,566,NaN
1,33,567,NaN
1,33,568,NaN
1,33,569,NaN
1,33,570,NaN
1,33,571,NaN
1,33,572,NaN
1,33,573,NaN
1,33,574,NaN
1,33,575,NaN
1,33,576,NaN
1,33,577,NaN
1,33,578,NaN
1,33,579,NaN
1,33,580,NaN
1,33,581,NaN
1,33,582,NaN
1,33,583,NaN
1,33,584,NaN
1,33,585,NaN
1,33,586,NaN
1,33,587,NaN
1,33,588,NaN
1,33,589,NaN
1,33,590,NaN
1,33,591,NaN
1,33,592,NaN
1,33,593,NaN
1,33,594,NaN
1,33,595,NaN
1,33,596,NaN
1,33,597,NaN
1,33,598,NaN
1,33,599,NaN
1,38,0,0.084999108684889066
1,38,1,0.087751928375408642
1,38,2,0.090533792742593378
1,38,3,0.093343908622652086
1,38,4,0.096181480883858209
1,38,5,0.099045712560688587
1,38,6,0.10193580498775462
1,38,7,0.10485095793343933
1,38,8,0.10779036973316758
1,38,9,0.1107532374222439
1,38,10,0.11373875686820413
1,38,11,0.11674612290263522
1,38,12,0.11977452945242542
1,38,13,0.12282316967041618
1,38,14,0.12589123606543273
1,38,15,0.12897792063167907
1,38,16,0.13208241497748607
1,38,17,0.13520391045341174
1,38,18,0.13834159827969417
1,38,19,0.14149466967306398
1,38,20,0.144662315972929
1,38,21,0.14784372876694496
1,38,22,0.15103810001599416
1,38,23,0.15424462217859281
1,38,24,0.15746248833475462
1,38,25,0.16069089230933931
1,38,26,0.16392902879491772
1,38,27,0.16717609347418733
1,38,28,0.17043128314197339
1,38,29,0.17369379582685437
1,38,30,0.17696283091245057
1,38,31,0.18023758925841404
1,38,32,0.18351727332116441
1,38,33,0.18680108727440983
1,38,34,0.19008823712949638
1,38,35,0.1933779308556286
1,38,36,0.19666937850000479
1,38,37,0.19996179230790795
1,38,38,0.20325438684279618
1,38,39,0.20654637910643464
1,38,40,0.20983698865910907
1,38,41,0.21312543773996281
1,38,42,0.21641095138749492
1,38,43,0.21969275756025949
1,38,44,0.22297008725780246
1,38,45,0.22624217464186983
1,38,46,0.22950825715792406
1,38,47,0.23276757565699827
1,38,48,0.23601937451791907
1,38,49,0.2392629017699274
1,38,50,0.24249740921572113
1,38,51,0.24572215255494634
1,38,52,0.24893639150815502
1,38,53,0.2521393899412519
1,38,54,0.25533041599044409
1,38,55,0.25850874218770881
1,38,56,0.26167364558679074
1,38,57,0.26482440788973471
1,38,58,0.26796031557396288
1,38,59,0.27108066001989622
1,38,60,0.27418473763912077
1,38,61,0.27727185000309434
1,38,62,0.28034130397238893
1,38,63,0.28339241182645691
1,38,64,0.2864244913939088
1,38,65,0.28943686618328796
1,38,66,0.29242886551431874
1,38,67,0.29539982464961118
1,38,68,0.29834908492679113
1,38,69,0.30127599389102977
1,38,70,0.30417990542793866
1,38,71,0.30706017989679557
1,38,72,0.30991618426406137
1,38,73,0.31274729223714604
1,38,74,0.31555288439837936
1,38,75,0.31833234833913565
1,38,76,0.32108507879406395
1,38,77,0.32381047777536687
1,38,78,0.32650795470706961
1,38,79,0.32917692655922171
1,38,80,0.33181681798196461
1,38,81,0.33442706143940071
1,38,82,0.33700709734319351
1,38,83,0.3395563741858279
1,38,84,0.3420743486734551
1,38,85,0.344560485858246
1,38,86,0.34701425927017421
1,38,87,0.34943515104814404
1,38,88,0.3518226520703841
1,38,89,0.35417626208401531
1,38,90,0.35649548983370988
1,38,91,0.35877985318934846
1,38,92,0.3610288792725837
1,38,93,0.36324210458221895
1,38,94,0.36541907511830501
1,38,95,0.36755934650486011
1,38,96,0.36966248411111469
1,38,97,0.37172806317118218
1,38,98,0.37375566890205902
1,38,99,0.37574489661984756
1,38,100,0.37769535185410719
1,38,101,0.37960665046022929
1,38,102,0.38147841872973087
1,38,103,0.38331029349837192
1,38,104,0.38510192225198592
1,38,105,0.38685296322992713
1,38,106,0.38856308552603019
1,38,107,0.39023196918697944
1,38,108,0.39185930530798918
1,38,109,0.39344479612569161
1,38,110,0.39498815510813401
1,38,111,0.39648910704178719
1,38,112,0.39794738811546443
1,38,113,0.39936274600105859
1,38,114,0.40073493993099785
1,38,115,0.40206374077233087
1,38,116,0.40334893109734582
1,38,117,0.40459030525063544
1,38,118,0.40578766941251937
1,38,119,0.40694084165873823
1,38,120,0.40804965201633353
1,38,121,0.40911394251563638
1,38,122,0.41013356723828098
1,38,123,0.41110839236117031
1,38,124,0.41203829619631821
1,38,125,0.41292316922649841
1,38,126,0.41376291413663169
1,38,127,0.41455744584084758
1,38,128,0.41530669150515609
1,38,129,0.41601059056567513
1,38,130,0.41666909474235486
1,38,131,0.41728216804814927
1,38,132,0.41784978679358487
1,38,133,0.41837193958668573
1,38,134,0.41884862732820766
1,38,135,0.41927986320214966
1,38,136,0.41966567266150673
1,38,137,0.42000609340923328
1,38,138,0.42030117537439338
1,38,139,0.42055098068347374
1,38,140,0.42075558362684262
1,38,141,0.42091507062033978
1,38,142,0.42102954016198685
1,38,143,0.42109910278381335
1,38,144,0.42112388099879428
1,38,145,0.42110400924290231
1,38,146,0.42103963381228005
1,38,147,0.42093091279554212
1,38,148,0.42077801600122083
1,38,149,0.42058112488037308
1,38,150,0.42034043244437136
1,38,151,0.42005614317790285
1,38,152,0.41972847294720789
1,38,153,0.41935764890358951
1,38,154,0.41894390938223375
1,38,155,0.41848750379638044
1,38,156,0.41798869252688836
1,38,157,0.417447746807246
1,38,158,0.41686494860407802
1,38,159,0.41624059049320361
1,38,160,0.41557497553130629
1,38,161,0.41486841712327888
1,38,162,0.4141212388853065
1,38,163,0.41333377450376108
1,38,164,0.41250636758997616
1,38,165,0.41163937153098018
1,38,166,0.4107331493362657
1,38,167,0.4097880734806752
1,38,168,0.40880452574349085
1,38,169,0.40778289704381188
1,38,170,0.40672358727231023
1,38,171,0.40562700511945859
1,38,172,0.40449356790032315
1,38,173,0.40332370137601903
1,38,174,0.40211783957192776
1,38,175,0.40087642459277667
1,38,176,0.39959990643468613
1,38,177,0.39828874279428655
1,38,178,0.39694339887501434
1,38,179,0.39556434719069516
1,38,180,0.39415206736652197
1,38,181,0.39270704593754369
1,38,182,0.39122977614477339
1,38,183,0.38972075772903231
1,38,184,0.38818049672264288
1,38,185,0.38660950523908949
1,38,186,0.38500830126076052
1,38,187,0.38337740842489204
1,38,188,0.38171735580782956
1,38,189,0.38002867770772802
1,38,190,0.37831191342580756
1,38,191,0.37656760704628617
1,38,192,0.37479630721510698
1,38,193,0.37299856691758243
1,38,194,0.37117494325507094
1,38,195,0.36932599722081128
1,38,196,0.36745229347502745
1,38,197,0.36555440011942869
1,38,198,0.36363288847121961
1,38,199,0.36168833283673907
1,38,200,0.3597213102848475
1,38,201,0.35773240042017423
1,38,202,0.35572218515634768
1,38,203,0.35369124848931627
1,38,204,0.35164017627087862
1,38,205,0.34956955598253525
1,38,206,0.34747997650977164
1,38,207,0.34537202791688515
1,38,208,0.34324630122246413
1,38,209,0.34110338817562813
1,38,210,0.33894388103313411
1,38,211,0.33676837233745538
1,38,212,0.33457745469593525
1,38,213,0.33237172056111869
1,38,214,0.33015176201236068
1,38,215,0.3279181705388115
1,38,216,0.32567153682387329
1,38,217,0.32341245053122603
1,38,218,0.32114150009251241
1,38,219,0.3188592724967752
1,38,220,0.31656635308173608
1,38,221,0.31426332532700224
1,38,222,0.31195077064928584
1,38,223,0.30962926819972209
1,38,224,0.30729939466336298
1,38,225,0.30496172406093036
1,38,226,0.30261682755290165
1,38,227,0.30026527324600499
1,38,228,0.29790762600219678
1,38,229,0.29554444725019174
1,38,230,0.29317629479961416
1,38,231,0.29080372265783672
1,38,232,0.28842728084957298
1,38,233,0.28604751523928201
1,38,234,0.28366496735645047
1,38,235,0.28128017422380497
1,38,236,0.27889366818851552
1,38,237,0.2765059767564404
1,38,238,0.27411762242946663
1,38,239,0.27172912254599496
1,38,240,0.26934098912461818
1,38,241,0.26695372871103751
1,38,242,0.26456784222826302
1,38,243,0.26218382483013847
1,38,244,0.25980216575823356
1,38,245,0.25742334820213825
1,38,246,0.25504784916320122
1,38,247,0.2526761393217436
1,38,248,0.25030868290778285
1,38,249,0.24794593757530042
1,38,250,0.24558835428008144
1,38,251,0.24323637716115637
1,38,252,0.24089044342587329
1,38,253,0.23855098323862489
1,38,254,0.2362184196132581
1,38,255,0.23389316830918716
1,38,256,0.23157563773123552
1,38,257,0.22926622883322581
1,38,258,0.22696533502534053
1,38,259,0.22467334208527154
1,38,260,0.22239062807317814
1,38,261,0.22011756325047135
1,38,262,0.21785451000244113
1,38,263,0.21560182276474441
1,38,264,0.21335984795376869
1,38,265,0.21112892390088714
1,38,266,0.20890938079062021
1,38,267,0.20670154060271861
1,38,268,0.20450571705818155
1,38,269,0.20232221556922386
1,38,270,0.20015133319320697
1,38,271,NaN
1,38,272,NaN
1,38,273,NaN
1,38,274,NaN
1,38,275,NaN
1,38,276,NaN
1,38,277,NaN
1,38,278,NaN
1,38,279,NaN
1,38,280,NaN
1,38,281,NaN
1,38,282,NaN
1,38,283,NaN
1,38,284,NaN
1,38,285,NaN
1,38,286,NaN
1,38,287,NaN
1,38,288,NaN
1,38,289,NaN
1,38,290,NaN
1,38,291,NaN
1,38,292,NaN
1,38,293,NaN
1,38,294,NaN
1,38,295,NaN
1,38,296,NaN
1,38,297,NaN
1,38,298,NaN
1,38,299,NaN
1,38,300,NaN
1,38,301,NaN
1,38,302,NaN
1,38,303,NaN
1,38,304,NaN
1,38,305,NaN
1,38,306,NaN
1,38,307,NaN
1,38,308,NaN
1,38,309,NaN
1,38,310,NaN
1,38,311,NaN
1,38,312,NaN
1,38,313,NaN
1,38,314,NaN
1,38,315,NaN
1,38,316,NaN
1,38,317,NaN
1,38,318,NaN
1,38,319,NaN
1,38,320,NaN
1,38,321,NaN
1,38,322,NaN
1,38,323,NaN
1,38,324,NaN
1,38,325,NaN
1,38,326,NaN
1,38,327,NaN
1,38,328,NaN
1,38,329,NaN
1,38,330,NaN
1,38,331,NaN
1,38,332,NaN
1,38,333,NaN
1,38,334,NaN
1,38,335,NaN
1,38,336,NaN
1,38,337,NaN
1,38,338,NaN
1,38,339,NaN
1,38,340,NaN
1,38,341,NaN
1,38,342,NaN
1,38,343,NaN
1,38,344,NaN
1,38,345,NaN
1,38,346,NaN
1,38,347,NaN
1,38,348,NaN
1,38,349,NaN
1,38,350,NaN
1,38,351,NaN
1,38,352,NaN
1,38,353,NaN
1,38,354,NaN
1,38,355,NaN
1,38,356,NaN
1,38,357,NaN
1,38,358,NaN
1,38,359,NaN
1,38,360,NaN
1,38,361,NaN
1,38,362,NaN
1,38,363,NaN
1,38,364,NaN
1,38,365,NaN
1,38,366,NaN
1,38,367,NaN
1,38,368,NaN
1,38,369,NaN
1,38,370,NaN
1,38,371,NaN
1,38,372,NaN
1,38,373,NaN
1,38,374,NaN
1,38,375,NaN
1,38,376,NaN
1,38,377,NaN
1,38,378,NaN
1,38,379,NaN
1,38,380,NaN
1,38,381,NaN
1,38,382,NaN
1,38,383,NaN
1,38,384,NaN
1,38,385,NaN
1,38,386,NaN
1,38,387,NaN
1,38,388,NaN
1,38,389,NaN
1,38,390,NaN
1,38,391,NaN
1,38,392,NaN
1,38,393,NaN
1,38,394,NaN
1,38,395,NaN
1,38,396,NaN
1,38,397,NaN
1,38,398,NaN
1,38,399,NaN
1,38,400,NaN
1,38,401,NaN
1,38,402,NaN
1,38,403,NaN
1,38,404,NaN
1,38,405,NaN
1,38,406,NaN
1,38,407,NaN
1,38,408,NaN
1,38,409,NaN
1,38,410,NaN
1,38,411,NaN
1,38,412,NaN
1,38,413,NaN
1,38,414,NaN
1,38,415,NaN
1,38,416,NaN
1,38,417,NaN
1,38,418,NaN
1,38,419,NaN
1,38,420,NaN
1,38,421,NaN
1,38,422,NaN
1,38,423,NaN
1,38,424,NaN
1,38,425,NaN
1,38,426,NaN
1,38,427,NaN
1,38,428,NaN
1,38,429,NaN
1,38,430,NaN
1,38,431,NaN
1,38,432,NaN
1,38,433,NaN
1,38,434,NaN
1,38,435,NaN
1,38,436,NaN
1,38,437,NaN
1,38,438,NaN
1,38,439,NaN
1,38,440,NaN
1,38,441,NaN
1,38,442,NaN
1,38,443,NaN
1,38,444,NaN
1,38,445,NaN
1,38,446,NaN
1,38,447,NaN
1,38,448,NaN
1,38,449,NaN
1,38,450,NaN
1,38,451,NaN
1,38,452,NaN
1,38,453,NaN
1,38,454,NaN
1,38,455,NaN
1,38,456,NaN
1,38,457,NaN
1,38,458,NaN
1,38,459,NaN
1,38,460,NaN
1,38,461,NaN
1,38,462,NaN
1,38,463,NaN
1,38,464,NaN
1,38,465,NaN
1,38,466,NaN
1,38,467,NaN
1,38,468,NaN
1,38,469,NaN
1,38,470,NaN
1,38,471,NaN
1,38,472,NaN
1,38,473,NaN
1,38,474,NaN
1,38,475,NaN
1,38,476,NaN
1,38,477,NaN
1,38,478,NaN
1,38,479,NaN
1,38,480,NaN
1,38,481,NaN
1,38,482,NaN
1,38,483,NaN
1,38,484,NaN
1,38,485,NaN
1,38,486,NaN
1,38,487,NaN
1,38,488,NaN
1,38,489,NaN
1,38,490,NaN
1,38,491,NaN
1,38,492,NaN
1,38,493,NaN
1,38,494,NaN
1,38,495,NaN
1,38,496,NaN
1,38,497,NaN
1,38,498,NaN
1,38,499,NaN
1,38,500,NaN
1,38,501,NaN
1,38,502,NaN
1,38,503,NaN
1,38,504,NaN
1,38,505,NaN
1,38,506,NaN
1,38,507,NaN
1,38,508,NaN
1,38,509,NaN
1,38,510,NaN
1,38,511,NaN
1,38,512,NaN
1,38,513,NaN
1,38,514,NaN
1,38,515,NaN
1,38,516,NaN
1,38,517,NaN
1,38,518,NaN
1,38,519,NaN
1,38,520,NaN
1,38,521,NaN
1,38,522,NaN
1,38,523,NaN
1,38,524,NaN
1,38,525,NaN
1,38,526,NaN
1,38,527,NaN
1,38,528,NaN
1,38,529,NaN
1,38,530,NaN
1,38,531,NaN
1,38,532,NaN
1,38,533,NaN
1,38,534,NaN
1,38,535,NaN
1,38,536,NaN
1,38,537,NaN
1,38,538,NaN
1,38,539,NaN
1,38,540,NaN
1,38,541,NaN
1,38,542,NaN
1,38,543,NaN
1,38,544,NaN
1,38,545,NaN
1,38,546,NaN
1,38,547,NaN
1,38,548,NaN
1,38,549,NaN
1,38,550,NaN
1,38,551,NaN
1,38,552,NaN
1,38,553,NaN
1,38,554,NaN
1,38,555,NaN
1,38,556,NaN
1,38,557,NaN
1,38,558,NaN
1,38,559,NaN
1,38,560,NaN
1,38,561,NaN
1,38,562,NaN
1,38,563,NaN
1,38,564,NaN
1,38,565,NaN
1,38,566,NaN
1,38,567,NaN
1,38,568,NaN
1,38,569,NaN
1,38,570,NaN
1,38,571,NaN
1,38,572,NaN
1,38,573,NaN
1,38,574,NaN
1,38,575,NaN
1,38,576,NaN
1,38,577,NaN
1,38,578,NaN
1,38,579,NaN
1,38,580,NaN
1,38,581,NaN
1,38,582,NaN
1,38,583,NaN
1,38,584,NaN
1,38,585,NaN
1,38,586,NaN
1,38,587,NaN
1,38,588,NaN
1,38,589,NaN
1,38,590,NaN
1,38,591,NaN
1,38,592,NaN
1,38,593,NaN
1,38,594,NaN
1,38,595,NaN
1,38,596,NaN
1,38,597,NaN
1,38,598,NaN
1,38,599,NaN
1,20,0,0.089864731510088613
1,20,1,0.092679179021834132
1,20,2,0.095521622063861833
1,20,3,0.098391257363611456
1,20,4,0.10128728115542222
1,20,5,0.10420888933014358
1,20,6,0.10715527758216051
1,20,7,0.11012564155395964
1,20,8,0.11311917697834573
1,20,9,0.11613507981841019
1,20,10,0.11917254640534103
1,20,11,0.12223077357415837
1,20,12,0.12530895879745249
1,20,13,0.12840630031719577
1,20,14,0.13152199727469854
1,20,15,0.13465524983877195
1,20,16,0.1378052593321609
1,20,17,0.14097122835630793
1,20,18,0.14415236091450573
1,20,19,0.14734786253349577
1,20,20,0.1505569403835702
1,20,21,0.15377880339723093
1,20,22,0.15701266238646119
1,20,23,0.16025773015866418
1,20,24,0.16351322163132073
1,20,25,0.16677835394542079
1,20,26,0.17005234657771967
1,20,27,0.17333442145187228
1,20,28,0.17662380304849576
1,20,29,0.17991971851421304
1,20,30,0.18322139776972601
1,20,31,0.18652807361697019
1,20,32,0.18983898184539832
1,20,33,0.19315336133744257
1,20,34,0.19647045417320272
1,20,35,0.19978950573440712
1,20,36,0.20310976480769263
1,20,37,0.20643048368724817
1,20,38,0.20975091827686498
1,20,39,0.21307032819143903
1,20,40,0.21638797685796282
1,20,41,0.21970313161605023
1,20,42,0.22301506381803118
1,20,43,0.22632304892865385
1,20,44,0.22962636662443028
1,20,45,0.23292430089265884
1,20,46,0.2362161401301559
1,20,47,0.23950117724172815
1,20,48,0.24277870973841284
1,20,49,0.24604803983551379
1,20,50,0.24930847455045727
1,20,51,0.25255932580049123
1,20,52,0.25579991050024786
1,20,53,0.25902955065918898
1,20,54,0.26224757347894823
1,20,55,0.26545331145058854
1,20,56,0.26864610245178211
1,20,57,0.27182528984392534
1,20,58,0.27499022256919486
1,20,59,0.27814025524754954
1,20,60,0.28127474827368104
1,20,61,0.28439306791391278
1,20,62,0.28749458640304465
1,20,63,0.29057868204113813
1,20,64,0.29364473929023593
1,20,65,0.29669214887100342
1,20,66,0.29972030785928255
1,20,67,0.30272861978253979
1,20,68,0.30571649471619378
1,20,69,0.30868334937980052
1,20,70,0.31162860723307506
1,20,71,0.3145516985717226
1,20,72,0.31745206062305442
1,20,73,0.32032913764135662
1,20,74,0.32318238100297997
1,20,75,0.32601124930111763
1,20,76,0.32881520844023032
1,20,77,0.33159373173008422
1,20,78,0.33434629997935728
1,20,79,0.33707240158877044
1,20,80,0.33977153264369914
1,20,81,0.34244319700621617
1,20,82,0.34508690640651685
1,20,83,0.34770218053367413
1,20,84,0.35028854712567042
1,20,85,0.35284554205864949
1,20,86,0.3553727094353335
1,20,87,0.35786960167254328
1,20,88,0.36033577958776408
1,20,89,0.36277081248469301
1,20,90,0.36517427823770676
1,20,91,0.36754576337518197
1,20,92,0.36988486316160551
1,20,93,0.37219118167840648
1,20,94,0.37446433190344147
1,20,95,0.37670393578906491
1,20,96,0.37890962433871528
1,20,97,0.38108103768194496
1,20,98,0.3832178251478261
1,20,99,0.38531964533665747
1,20,100,0.38738616618990251
1,20,101,0.38941706505828821
1,20,102,0.39141202876798847
1,20,103,0.39337075368482322
1,20,104,0.39529294577640089
1,20,105,0.39717832067213082
1,20,106,0.39902660372103543
1,20,107,0.40083753004729111
1,20,108,0.40261084460342739
1,20,109,0.40434630222111256
1,20,110,0.40604366765946059
1,20,111,0.40770271565078764
1,20,112,0.40932323094375389
1,20,113,0.41090500834382143
1,20,114,0.41244785275096785
1,20,115,0.41395157919458864
1,20,116,0.41541601286552721
1,20,117,0.4168409891451752
1,20,118,0.41822635363157801
1,20,119,0.4195719621624972
1,20,120,0.42087768083536703
1,20,121,0.42214338602409596
1,20,122,0.42336896439266247
1,20,123,0.42455431290545459
1,20,124,0.42569933883430722
1,20,125,0.4268039597621926
1,20,126,0.4278681035835234
1,20,127,0.42889170850102692
1,20,128,0.42987472301915486
1,20,129,0.43081710593399447
1,20,130,0.43171882631964753
1,20,131,0.43257986351105154
1,20,132,0.43340020708321353
1,20,133,0.43417985682683513
1,20,134,0.43491882272030918
1,20,135,0.43561712489806759
1,20,136,0.43627479361526883
1,20,137,0.43689186920881262
1,20,138,0.4374684020546713
1,20,139,0.43800445252153775
1,20,140,0.43850009092077896
1,20,141,0.43895539745270606
1,20,142,0.43937046214915637
1,20,143,0.43974538481239905
1,20,144,0.440080274950372
1,20,145,0.44037525170826569
1,20,146,0.44063044379646699
1,20,147,0.44084598941488523
1,20,148,0.44102203617368185
1,20,149,0.4411587410104279
1,20,150,0.44125627010372015
1,20,151,0.44131479878328683
1,20,152,0.44133451143661528
1,20,153,0.44131560141214216
1,20,154,0.44125827091904496
1,20,155,0.44116273092367786
1,20,156,0.44102920104269838
1,20,157,0.44085790943293413
1,20,158,0.44064909267803992
1,20,159,0.44040299567200164
1,20,160,0.44011987149953952
1,20,161,0.43979998131347581
1,20,162,0.4394435942091231
1,20,163,0.4390509870957614
1,20,164,0.438622444565268
1,20,165,0.43815825875797049
1,20,166,0.43765872922579208
1,20,167,0.43712416279276461
1,20,168,0.43655487341298094
1,20,169,0.43595118202606759
1,20,170,0.43531341641025306
1,20,171,0.43464191103311384
1,20,172,0.43393700690008041
1,20,173,0.43319905140078668
1,20,174,0.43242839815334871
1,20,175,0.43162540684665746
1,20,176,0.43079044308077724
1,20,177,0.42992387820553563
1,20,178,0.42902608915739665
1,20,179,0.42809745829470908
1,20,180,0.42713837323142156
1,20,181,0.42614922666935801
1,20,182,0.42513041622914705
1,20,183,0.42408234427990071
1,20,184,0.42300541776773704
1,20,185,0.42190004804324266
1,20,186,0.42076665068797142
1,20,187,0.41960564534007577
1,20,188,0.41841745551916631
1,20,189,0.41720250845049867
1,20,190,0.41596123488858144
1,20,191,0.41469406894030469
1,20,192,0.41340144788768457
1,20,193,0.41208381201031974
1,20,194,0.41074160440765645
1,20,195,0.40937527082115882
1,20,196,0.40798525945647784
1,20,197,0.40657202080571492
1,20,198,0.40513600746987366
1,20,199,0.40367767398159432
1,20,200,0.40219747662826133
1,20,201,0.40069587327557804
1,20,202,0.39917332319169946
1,20,203,0.39763028687200941
1,20,204,0.39606722586463644
1,20,205,0.39448460259679269
1,20,206,0.39288288020202294
1,20,207,0.39126252234844855
1,20,208,0.38962399306809442
1,20,209,0.3879677565873752
1,20,210,0.38629427715882819
1,20,211,0.38460401889416979
1,20,212,0.38289744559875399
1,20,213,0.38117502060751179
1,20,214,0.37943720662244523
1,20,215,0.37768446555175006
1,20,216,0.37591725835064027
1,20,217,0.37413604486394381
1,20,218,0.37234128367053904
1,20,219,0.3705334319296979
1,20,220,0.3687129452294029
1,20,221,0.36688027743669915
1,20,222,0.36503588055014463
1,20,223,0.3631802045544178
1,20,224,0.36131369727714008
1,20,225,0.35943680424797081
1,20,226,0.35754996856002602
1,20,227,0.35565363073367545
1,20,228,0.35374822858276744
1,20,229,0.3518341970833298
1,20,230,0.34991196824479165
1,20,231,0.34798197098377309
1,20,232,0.34604463100048422
1,20,233,0.3441003706577711
1,20,234,0.34214960886285151
1,20,235,0.34019276095177442
1,20,236,0.33823023857663687
1,20,237,0.3362624495955932
1,20,238,0.33428979796568481
1,20,239,0.33231268363852062
1,20,240,0.33033150245883369
1,20,241,0.32834664606594
1,20,242,0.32635850179811965
1,20,243,0.32436745259994509
1,20,244,0.32237387693257119
1,20,245,0.3203781486870072
1,20,246,0.31838063710038417
1,20,247,0.31638170667523174
1,20,248,0.31438171710177515
1,20,249,NaN
1,20,250,NaN
1,20,251,NaN
1,20,252,NaN
1,20,253,NaN
1,20,254,NaN
1,20,255,NaN
1,20,256,NaN
1,20,257,NaN
1,20,258,NaN
1,20,259,NaN
1,20,260,NaN
1,20,261,NaN
1,20,262,NaN
1,20,263,NaN
1,20,264,NaN
1,20,265,NaN
1,20,266,NaN
1,20,267,NaN
1,20,268,NaN
1,20,269,NaN
1,20,270,NaN
1,20,271,NaN
1,20,272,NaN
1,20,273,NaN
1,20,274,NaN
1,20,275,NaN
1,20,276,NaN
1,20,277,NaN
1,20,278,NaN
1,20,279,NaN
1,20,280,NaN
1,20,281,NaN
1,20,282,NaN
1,20,283,NaN
1,20,284,NaN
1,20,285,NaN
1,20,286,NaN
1,20,287,NaN
1,20,288,NaN
1,20,289,NaN
1,20,290,NaN
1,20,291,NaN
1,20,292,NaN
1,20,293,NaN
1,20,294,NaN
1,20,295,NaN
1,20,296,NaN
1,20,297,NaN
1,20,298,NaN
1,20,299,NaN
1,20,300,NaN
1,20,301,NaN
1,20,302,NaN
1,20,303,NaN
1,20,304,NaN
1,20,305,NaN
1,20,306,NaN
1,20,307,NaN
1,20,308,NaN
1,20,309,NaN
1,20,310,NaN
1,20,311,NaN
1,20,312,NaN
1,20,313,NaN
1,20,314,NaN
1,20,315,NaN
1,20,316,NaN
1,20,317,NaN
1,20,318,NaN
1,20,319,NaN
1,20,320,NaN
1,20,321,NaN
1,20,322,NaN
1,20,323,NaN
1,20,324,NaN
1,20,325,NaN
1,20,326,NaN
1,20,327,NaN
1,20,328,NaN
1,20,329,NaN
1,20,330,NaN
1,20,331,NaN
1,20,332,NaN
1,20,333,NaN
1,20,334,NaN
1,20,335,NaN
1,20,336,NaN
1,20,337,NaN
1,20,338,NaN
1,20,339,NaN
1,20,340,NaN
1,20,341,NaN
1,20,342,NaN
1,20,343,NaN
1,20,344,NaN
1,20,345,NaN
1,20,346,NaN
1,20,347,NaN
1,20,348,NaN
1,20,349,NaN
1,20,350,NaN
1,20,351,NaN
1,20,352,NaN
1,20,353,NaN
1,20,354,NaN
1,20,355,NaN
1,20,356,NaN
1,20,357,NaN
1,20,358,NaN
1,20,359,NaN
1,20,360,NaN
1,20,361,NaN
1,20,362,NaN
1,20,363,NaN
1,20,364,NaN
1,20,365,NaN
1,20,366,NaN
1,20,367,NaN
1,20,368,NaN
1,20,369,NaN
1,20,370,NaN
1,20,371,NaN
1,20,372,NaN
1,20,373,NaN
1,20,374,NaN
1,20,375,NaN
1,20,376,NaN
1,20,377,NaN
1,20,378,NaN
1,20,379,NaN
1,20,380,NaN
1,20,381,NaN
1,20,382,NaN
1,20,383,NaN
1,20,384,NaN
1,20,385,NaN
1,20,386,NaN
1,20,387,NaN
1,20,388,NaN
1,20,389,NaN
1,20,390,NaN
1,20,391,NaN
1,20,392,NaN
1,20,393,NaN
1,20,394,NaN
1,20,395,NaN
1,20,396,NaN
1,20,397,NaN
1,20,398,NaN
1,20,399,NaN
1,20,400,NaN
1,20,401,NaN
1,20,402,NaN
1,20,403,NaN
1,20,404,NaN
1,20,405,NaN
1,20,406,NaN
1,20,407,NaN
1,20,408,NaN
1,20,409,NaN
1,20,410,NaN
1,20,411,NaN
1,20,412,NaN
1,20,413,NaN
1,20,414,NaN
1,20,415,NaN
1,20,416,NaN
1,20,417,NaN
1,20,418,NaN
1,20,419,NaN
1,20,420,NaN
1,20,421,NaN
1,20,422,NaN
1,20,423,NaN
1,20,424,NaN
1,20,425,NaN
1,20,426,NaN
1,20,427,NaN
1,20,428,NaN
1,20,429,NaN
1,20,430,NaN
1,20,431,NaN
1,20,432,NaN
1,20,433,NaN
1,20,434,NaN
1,20,435,NaN
1,20,436,NaN
1,20,437,NaN
1,20,438,NaN
1,20,439,NaN
1,20,440,NaN
1,20,441,NaN
1,20,442,NaN
1,20,443,NaN
1,20,444,NaN
1,20,445,NaN
1,20,446,NaN
1,20,447,NaN
1,20,448,NaN
1,20,449,NaN
1,20,450,NaN
1,20,451,NaN
1,20,452,NaN
1,20,453,NaN
1,20,454,NaN
1,20,455,NaN
1,20,456,NaN
1,20,457,NaN
1,20,458,NaN
1,20,459,NaN
1,20,460,NaN
1,20,461,NaN
1,20,462,NaN
1,20,463,NaN
1,20,464,NaN
1,20,465,NaN
1,20,466,NaN
1,20,467,NaN
1,20,468,NaN
1,20,469,NaN
1,20,470,NaN
1,20,471,NaN
1,20,472,NaN
1,20,473,NaN
1,20,474,NaN
1,20,475,NaN
1,20,476,NaN
1,20,477,NaN
1,20,478,NaN
1,20,479,NaN
1,20,480,NaN
1,20,481,NaN
1,20,482,NaN
1,20,483,NaN
1,20,484,NaN
1,20,485,NaN
1,20,486,NaN
1,20,487,NaN
1,20,488,NaN
1,20,489,NaN
1,20,490,NaN
1,20,491,NaN
1,20,492,NaN
1,20,493,NaN
1,20,494,NaN
1,20,495,NaN
1,20,496,NaN
1,20,497,NaN
1,20,498,NaN
1,20,499,NaN
1,20,500,NaN
1,20,501,NaN
1,20,502,NaN
1,20,503,NaN
1,20,504,NaN
1,20,505,NaN
1,20,506,NaN
1,20,507,NaN
1,20,508,NaN
1,20,509,NaN
1,20,510,NaN
1,20,511,NaN
1,20,512,NaN
1,20,513,NaN
1,20,514,NaN
1,20,515,NaN
1,20,516,NaN
1,20,517,NaN
1,20,518,NaN
1,20,519,NaN
1,20,520,NaN
1,20,521,NaN
1,20,522,NaN
1,20,523,NaN
1,20,524,NaN
1,20,525,NaN
1,20,526,NaN
1,20,527,NaN
1,20,528,NaN
1,20,529,NaN
1,20,530,NaN
1,20,531,NaN
1,20,532,NaN
1,20,533,NaN
1,20,534,NaN
1,20,535,NaN
1,20,536,NaN
1,20,537,NaN
1,20,538,NaN
1,20,539,NaN
1,20,540,NaN
1,20,541,NaN
1,20,542,NaN
1,20,543,NaN
1,20,544,NaN
1,20,545,NaN
1,20,546,NaN
1,20,547,NaN
1,20,548,NaN
1,20,549,NaN
1,20,550,NaN
1,20,551,NaN
1,20,552,NaN
1,20,553,NaN
1,20,554,NaN
1,20,555,NaN
1,20,556,NaN
1,20,557,NaN
1,20,558,NaN
1,20,559,NaN
1,20,560,NaN
1,20,561,NaN
1,20,562,NaN
1,20,563,NaN
1,20,564,NaN
1,20,565,NaN
1,20,566,NaN
1,20,567,NaN
1,20,568,NaN
1,20,569,NaN
1,20,570,NaN
1,20,571,NaN
1,20,572,NaN
1,20,573,NaN
1,20,574,NaN
1,20,575,NaN
1,20,576,NaN
1,20,577,NaN
1,20,578,NaN
1,20,579,NaN
1,20,580,NaN
1,20,581,NaN
1,20,582,NaN
1,20,583,NaN
1,20,584,NaN
1,20,585,NaN
1,20,586,NaN
1,20,587,NaN
1,20,588,NaN
1,20,589,NaN
1,20,590,NaN
1,20,591,NaN
1,20,592,NaN
1,20,593,NaN
1,20,594,NaN
1,20,595,NaN
1,20,596,NaN
1,20,597,NaN
1,20,598,NaN
1,20,599,NaN
1,7,0,0.094456913632758654
1,7,1,0.09741038446599691
1,7,2,0.10039349924295095
1,7,3,0.10340545510768595
1,7,4,0.10644544811885438
1,7,5,0.10951267337739611
1,7,6,0.11260632515337109
1,7,7,0.11572559701184318
1,7,8,0.11886968193774528
1,7,9,0.12203777245966604
1,7,10,0.12522906077250887
1,7,11,0.12844273885898194
1,7,12,0.13167799860988869
1,7,13,0.13493403194319367
1,7,14,0.1382100309218485
1,7,15,0.14150518787036814
1,7,16,0.14481869549015583
1,7,17,0.14814974697357874
1,7,18,0.15149753611680605
1,7,19,0.15486125743142168
1,7,20,0.15824010625483334
1,7,21,0.1616332788595011
1,7,22,0.16503997256101466
1,7,23,0.16845938582505166
1,7,24,0.17189071837325287
1,7,25,0.17533317128805478
1,7,26,0.17878594711652077
1,7,27,0.18224824997321712
1,7,28,0.18571928564218163
1,7,29,0.18919826167803386
1,7,30,0.19268438750628042
1,7,31,0.19617687452286731
1,7,32,0.19967493619303645
1,7,33,0.20317778814954079
1,7,34,0.20668464829027702
1,7,35,0.21019473687539286
1,7,36,0.21370727662392927
1,7,37,0.21722149281005548
1,7,38,0.22073661335895639
1,7,39,0.22425186894243329
1,7,40,0.22776649307427513
1,7,41,0.23127972220546017
1,7,42,0.2347907958192465
1,7,43,0.2382989565262085
1,7,44,0.24180345015927635
1,7,45,0.24530352586883344
1,7,46,0.24879843621792649
1,7,47,0.25228743727764164
1,7,48,0.25576978872269657
1,7,49,0.25924475392730029
1,7,50,0.26271160006132599
1,7,51,0.26616959818684482
1,7,52,0.26961802335506285
1,7,53,0.27305615470370403
1,7,54,0.27648327555487606
1,7,55,0.2798986735134581
1,7,56,0.28330164056604229
1,7,57,0.28669147318046151
1,7,58,0.29006747240593106
1,7,59,0.29342894397382946
1,7,60,0.29677519839914157
1,7,61,0.3001055510825828
1,7,62,0.30341932241341962
1,7,63,0.30671583787300161
1,7,64,0.30999442813901135
1,7,65,0.31325442919044072
1,7,66,0.31649518241329461
1,7,67,0.31971603470702203
1,7,68,0.32291633859167046
1,7,69,0.32609545231575349
1,7,70,0.32925273996482279
1,7,71,0.33238757157072613
1,7,72,0.33549932322153525
1,7,73,0.33858737717211945
1,7,74,0.34165112195533831
1,7,75,0.34468995249382439
1,7,76,0.34770327021232161
1,7,77,0.35069048315054319
1,7,78,0.35365100607650674
1,7,79,0.35658426060030268
1,7,80,0.35948967528824838
1,7,81,0.36236668577737635
1,7,82,0.36521473489020084
1,7,83,0.36803327274970649
1,7,84,0.3708217568944942
1,7,85,0.37357965239402302
1,7,86,0.37630643196387803
1,7,87,0.37900157608099239
1,7,88,0.38166457309875296
1,7,89,0.38429491936190768
1,7,90,0.38689211932120049
1,7,91,0.38945568564764677
1,7,92,0.39198513934636736
1,7,93,0.3944800098698929
1,7,94,0.39693983523084975
1,7,95,0.39936416211393394
1,7,96,0.40175254598708149
1,7,97,0.40410455121173999
1,7,98,0.4064197511521398
1,7,99,0.40869772828347251
1,7,100,0.41093807429887086
1,7,101,0.41314039021509158
1,7,102,0.41530428647679718
1,7,103,0.41742938305933353
1,7,104,0.41951530956989919
1,7,105,0.42156170534699988
1,7,106,0.42356821955808588
1,7,107,0.42553451129526138
1,7,108,0.42746024966896656
1,7,109,0.42934511389951957
1,7,110,0.43118879340641958
1,7,111,0.43299098789529966
1,7,112,0.4347514074424299
1,7,113,0.43646977257666403
1,7,114,0.43814581435872679
1,7,115,0.43977927445774168
1,7,116,0.44136990522489755
1,7,117,0.44291746976415525
1,7,118,0.44442174199989576
1,7,119,0.44588250674141572
1,7,120,0.44729955974417573
1,7,121,0.44867270776770829
1,7,122,0.45000176863009855
1,7,123,0.45128657125894761
1,7,124,0.45252695573873541
1,7,125,0.45372277335450129
1,7,126,0.4548738866317617
1,7,127,0.45598016937258951
1,7,128,0.45704150668777993
1,7,129,0.45805779502503735
1,7,130,0.45902894219310875
1,7,131,0.45995486738180735
1,7,132,0.46083550117786237
1,7,133,0.4616707855765384
1,7,134,0.46246067398897389
1,7,135,0.46320513124518692
1,7,136,0.46390413359270555
1,7,137,0.46455766869077847
1,7,138,0.46516573560013191
1,7,139,0.46572834476823677
1,7,140,0.46624551801005804
1,7,141,0.46671728848426125
1,7,142,0.46714370066485522
1,7,143,0.46752481030825283
1,7,144,0.46786068441573964
1,7,145,0.46815140119134196
1,7,146,0.46839704999508647
1,7,147,0.46859773129165888
1,7,148,0.46875355659445855
1,7,149,0.46886464840506353
1,7,150,0.46893114014811693
1,7,151,0.46895317610165133
1,7,152,0.46893091132287579
1,7,153,0.4688645115694457
1,7,154,0.46875415321625302
1,7,155,0.46860002316776334
1,7,156,0.46840231876594374
1,7,157,0.4681612476938195
1,7,158,0.46787702787470792
1,7,159,0.46754988736717851
1,7,160,0.46718006425579361
1,7,161,0.46676780653768579
1,7,162,0.46631337200503414
1,7,163,0.46581702812350473
1,7,164,0.46527905190672103
1,7,165,0.46469972978683821
1,7,166,0.46407935748129592
1,7,167,0.46341823985582509
1,7,168,0.46271669078379385
1,7,169,0.46197503300197268
1,7,170,0.46119359796280901
1,7,171,0.46037272568329918
1,7,172,0.45951276459055057
1,7,173,0.45861407136412924
1,7,174,0.45767701077528966
1,7,175,0.45670195552318804
1,7,176,0.45568928606817805
1,7,177,0.45463939046229612
1,7,178,0.45355266417703977
1,7,179,0.45242950992854808
1,7,180,0.45127033750029272
1,7,181,0.45007556356339146
1,7,182,0.44884561149465496
1,7,183,0.44758091119248244
1,7,184,0.4462818988907194
1,7,185,0.44494901697059402
1,7,186,0.44358271377084918
1,7,187,0.44218344339618765
1,7,188,0.44075166552414796
1,7,189,0.43928784521053105
1,7,190,0.4377924526934967
1,7,191,0.43626596319644856
1,7,192,0.43470885672982817
1,7,193,0.43312161789193837
1,7,194,0.43150473566891523
1,7,195,0.42985870323396858
1,7,196,0.42818401774601006
1,7,197,0.42648118014778946
1,7,198,0.42475069496365547
1,7,199,0.422993070097061
1,7,200,0.42120881662792953
1,7,201,0.41939844860999975
1,7,202,0.41756248286826253
1,7,203,0.41570143879660743
1,7,204,0.41381583815579009
1,7,205,0.41190620487183527
1,7,206,0.40997306483498436
1,7,207,0.40801694569929964
1,7,208,0.40603837668303194
1,7,209,0.40403788836986054
1,7,210,0.40201601251110902
1,7,211,0.3999732818290424
1,7,212,0.39791022982134688
1,7,213,0.39582739056689287
1,7,214,0.39372529853287996
1,7,215,0.39160448838346051
1,7,216,0.38946549478993581
1,7,217,0.38730885224261907
1,7,218,0.38513509486445474
1,7,219,0.38294475622648277
1,7,220,0.3807383691652344
1,7,221,0.37851646560214453
1,7,222,0.37627957636506093
1,7,223,0.37402823101193178
1,7,224,0.371762957656747
1,7,225,0.36948428279781143
1,7,226,0.36719273114841866
1,7,227,0.36488882546999951
1,7,228,0.36257308640781022
1,7,229,0.36024603232922769
1,7,230,0.35790817916471462
1,7,231,0.35556004025151289
1,7,232,0.35320212618012692
1,7,233,0.35083494464364912
1,7,234,0.34845900028998278
1,7,235,0.34607479457701146
1,7,236,0.34368282563076447
1,7,237,0.34128358810662146
1,7,238,0.33887757305360267
1,7,239,0.33646526778178165
1,7,240,0.33404715573286065
1,7,241,0.331623716353944
1,7,242,0.32919542497454118
1,7,243,0.32676275268683119
1,7,244,NaN
1,7,245,NaN
1,7,246,NaN
1,7,247,NaN
1,7,248,NaN
1,7,249,NaN
1,7,250,NaN
1,7,251,NaN
1,7,252,NaN
1,7,253,NaN
1,7,254,NaN
1,7,255,NaN
1,7,256,NaN
1,7,257,NaN
1,7,258,NaN
1,7,259,NaN
1,7,260,NaN
1,7,261,NaN
1,7,262,NaN
1,7,263,NaN
1,7,264,NaN
1,7,265,NaN
1,7,266,NaN
1,7,267,NaN
1,7,268,NaN
1,7,269,NaN
1,7,270,NaN
1,7,271,NaN
1,7,272,NaN
1,7,273,NaN
1,7,274,NaN
1,7,275,NaN
1,7,276,NaN
1,7,277,NaN
1,7,278,NaN
1,7,279,NaN
1,7,280,NaN
1,7,281,NaN
1,7,282,NaN
1,7,283,NaN
1,7,284,NaN
1,7,285,NaN
1,7,286,NaN
1,7,287,NaN
1,7,288,NaN
1,7,289,NaN
1,7,290,NaN
1,7,291,NaN
1,7,292,NaN
1,7,293,NaN
1,7,294,NaN
1,7,295,NaN
1,7,296,NaN
1,7,297,NaN
1,7,298,NaN
1,7,299,NaN
1,7,300,NaN
1,7,301,NaN
1,7,302,NaN
1,7,303,NaN
1,7,304,NaN
1,7,305,NaN
1,7,306,NaN
1,7,307,NaN
1,7,308,NaN
1,7,309,NaN
1,7,310,NaN
1,7,311,NaN
1,7,312,NaN
1,7,313,NaN
1,7,314,NaN
1,7,315,NaN
1,7,316,NaN
1,7,317,NaN
1,7,318,NaN
1,7,319,NaN
1,7,320,NaN
1,7,321,NaN
1,7,322,NaN
1,7,323,NaN
1,7,324,NaN
1,7,325,NaN
1,7,326,NaN
1,7,327,NaN
1,7,328,NaN
1,7,329,NaN
1,7,330,NaN
1,7,331,NaN
1,7,332,NaN
1,7,333,NaN
1,7,334,NaN
1,7,335,NaN
1,7,336,NaN
1,7,337,NaN
1,7,338,NaN
1,7,339,NaN
1,7,340,NaN
1,7,341,NaN
1,7,342,NaN
1,7,343,NaN
1,7,344,NaN
1,7,345,NaN
1,7,346,NaN
1,7,347,NaN
1,7,348,NaN
1,7,349,NaN
1,7,350,NaN
1,7,351,NaN
1,7,352,NaN
1,7,353,NaN
1,7,354,NaN
1,7,355,NaN
1,7,356,NaN
1,7,357,NaN
1,7,358,NaN
1,7,359,NaN
1,7,360,NaN
1,7,361,NaN
1,7,362,NaN
1,7,363,NaN
1,7,364,NaN
1,7,365,NaN
1,7,366,NaN
1,7,367,NaN
1,7,368,NaN
1,7,369,NaN
1,7,370,NaN
1,7,371,NaN
1,7,372,NaN
1,7,373,NaN
1,7,374,NaN
1,7,375,NaN
1,7,376,NaN
1,7,377,NaN
1,7,378,NaN
1,7,379,NaN
1,7,380,NaN
1,7,381,NaN
1,7,382,NaN
1,7,383,NaN
1,7,384,NaN
1,7,385,NaN
1,7,386,NaN
1,7,387,NaN
1,7,388,NaN
1,7,389,NaN
1,7,390,NaN
1,7,391,NaN
1,7,392,NaN
1,7,393,NaN
1,7,394,NaN
1,7,395,NaN
1,7,396,NaN
1,7,397,NaN
1,7,398,NaN
1,7,399,NaN
1,7,400,NaN
1,7,401,NaN
1,7,402,NaN
1,7,403,NaN
1,7,404,NaN
1,7,405,NaN
1,7,406,NaN
1,7,407,NaN
1,7,408,NaN
1,7,409,NaN
1,7,410,NaN
1,7,411,NaN
1,7,412,NaN
1,7,413,NaN
1,7,414,NaN
1,7,415,NaN
1,7,416,NaN
1,7,417,NaN
1,7,418,NaN
1,7,419,NaN
1,7,420,NaN
1,7,421,NaN
1,7,422,NaN
1,7,423,NaN
1,7,424,NaN
1,7,425,NaN
1,7,426,NaN
1,7,427,NaN
1,7,428,NaN
1,7,429,NaN
1,7,430,NaN
1,7,431,NaN
1,7,432,NaN
1,7,433,NaN
1,7,434,NaN
1,7,435,NaN
1,7,436,NaN
1,7,437,NaN
1,7,438,NaN
1,7,439,NaN
1,7,440,NaN
1,7,441,NaN
1,7,442,NaN
1,7,443,NaN
1,7,444,NaN
1,7,445,NaN
1,7,446,NaN
1,7,447,NaN
1,7,448,NaN
1,7,449,NaN
1,7,450,NaN
1,7,451,NaN
1,7,452,NaN
1,7,453,NaN
1,7,454,NaN
1,7,455,NaN
1,7,456,NaN
1,7,457,NaN
1,7,458,NaN
1,7,459,NaN
1,7,460,NaN
1,7,461,NaN
1,7,462,NaN
1,7,463,NaN
1,7,464,NaN
1,7,465,NaN
1,7,466,NaN
1,7,467,NaN
1,7,468,NaN
1,7,469,NaN
1,7,470,NaN
1,7,471,NaN
1,7,472,NaN
1,7,473,NaN
1,7,474,NaN
1,7,475,NaN
1,7,476,NaN
1,7,477,NaN
1,7,478,NaN
1,7,479,NaN
1,7,480,NaN
1,7,481,NaN
1,7,482,NaN
1,7,483,NaN
1,7,484,NaN
1,7,485,NaN
1,7,486,NaN
1,7,487,NaN
1,7,488,NaN
1,7,489,NaN
1,7,490,NaN
1,7,491,NaN
1,7,492,NaN
1,7,493,NaN
1,7,494,NaN
1,7,495,NaN
1,7,496,NaN
1,7,497,NaN
1,7,498,NaN
1,7,499,NaN
1,7,500,NaN
1,7,501,NaN
1,7,502,NaN
1,7,503,NaN
1,7,504,NaN
1,7,505,NaN
1,7,506,NaN
1,7,507,NaN
1,7,508,NaN
1,7,509,NaN
1,7,510,NaN
1,7,511,NaN
1,7,512,NaN
1,7,513,NaN
1,7,514,NaN
1,7,515,NaN
1,7,516,NaN
1,7,517,NaN
1,7,518,NaN
1,7,519,NaN
1,7,520,NaN
1,7,521,NaN
1,7,522,NaN
1,7,523,NaN
1,7,524,NaN
1,7,525,NaN
1,7,526,NaN
1,7,527,NaN
1,7,528,NaN
1,7,529,NaN
1,7,530,NaN
1,7,531,NaN
1,7,532,NaN
1,7,533,NaN
1,7,534,NaN
1,7,535,NaN
1,7,536,NaN
1,7,537,NaN
1,7,538,NaN
1,7,539,NaN
1,7,540,NaN
1,7,541,NaN
1,7,542,NaN
1,7,543,NaN
1,7,544,NaN
1,7,545,NaN
1,7,546,NaN
1,7,547,NaN
1,7,548,NaN
1,7,549,NaN
1,7,550,NaN
1,7,551,NaN
1,7,552,NaN
1,7,553,NaN
1,7,554,NaN
1,7,555,NaN
1,7,556,NaN
1,7,557,NaN
1,7,558,NaN
1,7,559,NaN
1,7,560,NaN
1,7,561,NaN
1,7,562,NaN
1,7,563,NaN
1,7,564,NaN
1,7,565,NaN
1,7,566,NaN
1,7,567,NaN
1,7,568,NaN
1,7,569,NaN
1,7,570,NaN
1,7,571,NaN
1,7,572,NaN
1,7,573,NaN
1,7,574,NaN
1,7,575,NaN
1,7,576,NaN
1,7,577,NaN
1,7,578,NaN
1,7,579,NaN
1,7,580,NaN
1,7,581,NaN
1,7,582,NaN
1,7,583,NaN
1,7,584,NaN
1,7,585,NaN
1,7,586,NaN
1,7,587,NaN
1,7,588,NaN
1,7,589,NaN
1,7,590,NaN
1,7,591,NaN
1,7,592,NaN
1,7,593,NaN
1,7,594,NaN
1,7,595,NaN
1,7,596,NaN
1,7,597,NaN
1,7,598,NaN
1,7,599,NaN
1,15,0,0.088974970281501337
1,15,1,0.09176786203232129
1,15,2,0.094588611532824718
1,15,3,0.097436448361708936
1,15,4,0.10031060071222671
1,15,5,0.10321029553344666
1,15,6,0.10613475866974363
1,15,7,0.10908321499855021
1,15,8,0.11205488856640036
1,15,9,0.11504900272329426
1,15,10,0.11806478025541285
1,15,11,0.12110144351621115
1,15,12,0.12415821455591987
1,15,13,0.12723431524948495
1,15,14,0.13032896742297823
1,15,15,0.13344139297851082
1,15,16,0.13657081401768542
1,15,17,0.13971645296362248
1,15,18,0.14287753268159975
1,15,19,0.14605327659834438
1,15,20,0.14924290882001906
1,15,21,0.15244565424894579
1,15,22,0.1556607386991119
1,15,23,0.15888738901050406
1,15,24,0.16212483316231904
1,15,25,0.16537230038509904
1,15,26,0.16862902127184212
1,15,27,0.17189422788813921
1,15,28,0.17516715388138857
1,15,29,0.17844703458914171
1,15,30,0.18173310714663357
1,15,31,0.18502461059355019
1,15,32,0.18832078598008947
1,15,33,0.19162087647236792
1,15,34,0.19492412745722865
1,15,35,0.19822978664650448
1,15,36,0.20153710418079096
1,15,37,0.20484533273278174
1,15,38,0.20815372761022025
1,15,39,0.21146154685852048
1,15,40,0.21476805136310734
1,15,41,0.2180725049515288
1,15,42,0.2213741744953879
1,15,43,0.22467233001214479
1,15,44,0.22796624476683439
1,15,45,0.23125519537374631
1,15,46,0.23453846189811109
1,15,47,0.23781532795783425
1,15,48,0.24108508082532046
1,15,49,0.2443470115294252
1,15,50,0.24760041495757071
1,15,51,0.25084458995806186
1,15,52,0.25407883944263271
1,15,53,0.25730247048925603
1,15,54,0.26051479444524117
1,15,55,0.26371512703064631
1,15,56,0.2669027884420298
1,15,57,0.27007710345655578
1,15,58,0.27323740153647758
1,15,59,0.2763830169340073
1,15,60,0.27951328879658893
1,15,61,0.28262756127257876
1,15,62,0.28572518361734273
1,15,63,0.28880551029977214
1,15,64,0.29186790110921712
1,15,65,0.29491172126283632
1,15,66,0.29793634151335463
1,15,67,0.30094113825722135
1,15,68,0.30392549364315513
1,15,69,0.30688879568106142
1,15,70,0.30983043835130208
1,15,71,0.31274982171429694
1,15,72,0.31564635202043162
1,15,73,0.31851944182024305
1,15,74,0.32136851007485295
1,15,75,0.32419298226661403
1,15,76,0.32699229050993178
1,15,77,0.32976587366222215
1,15,78,0.33251317743496067
1,15,79,0.33523365450477993
1,15,80,0.33792676462456128
1,15,81,0.34059197473447506
1,15,82,0.34322875907291006
1,15,83,0.34583659928723726
1,15,84,0.34841498454434822
1,15,85,0.35096341164090489
1,15,86,0.35348138511323624
1,15,87,0.35596841734681595
1,15,88,0.3584240286852497
1,15,89,0.36084774753870286
1,15,90,0.36323911049169338
1,15,91,0.36559766241017494
1,15,92,0.36792295654783364
1,15,93,0.37021455465151842
1,15,94,0.3724720270657243
1,15,95,0.37469495283604859
1,15,96,0.37688291981153293
1,15,97,0.37903552474580904
1,15,98,0.38115237339696301
1,15,99,0.38323308062602773
1,15,100,0.38527727049401972
1,15,101,0.38728457635743013
1,15,102,0.38925464096208057
1,15,103,0.39118711653525551
1,15,104,0.39308166487602136
1,15,105,0.39493795744364085
1,15,106,0.39675567544399587
1,15,107,0.39853450991392597
1,15,108,0.40027416180339453
1,15,109,0.40197434205539445
1,15,110,0.40363477168350231
1,15,111,0.40525518184699538
1,15,112,0.40683531392344385
1,15,113,0.40837491957869188
1,15,114,0.40987376083414223
1,15,115,0.41133161013126252
1,15,116,0.41274825039322771
1,15,117,0.41412347508362163
1,15,118,0.4154570882621153
1,15,119,0.4167489046370445
1,15,120,0.41799874961481476
1,15,121,0.41920645934605488
1,15,122,0.42037188076845061
1,15,123,0.42149487164618954
1,15,124,0.42257530060594772
1,15,125,0.42361304716935433
1,15,126,0.42460800178187486
1,15,127,0.42556006583804845
1,15,128,0.42646915170302718
1,15,129,0.42733518273036125
1,15,130,0.42815809327597809
1,15,131,0.4289378287083096
1,15,132,0.42967434541452071
1,15,133,0.43036761080279773
1,15,134,0.43101760330065747
1,15,135,0.43162431234924276
1,15,136,0.43218773839356966
1,15,137,0.43270789286869932
1,15,138,0.43318479818180816
1,15,139,0.43361848769013506
1,15,140,0.43400900567478384
1,15,141,0.43435640731037001
1,15,142,0.43466075863049525
1,15,143,0.43492213648904682
1,15,144,0.43514062851730956
1,15,145,0.4353163330768981
1,15,146,0.43544935920850286
1,15,147,0.43553982657646162
1,15,148,0.43558786540916328
1,15,149,0.43559361643529593
1,15,150,0.43555723081595765
1,15,151,0.43547887007264729
1,15,152,0.43535870601115939
1,15,153,0.43519692064140969
1,15,154,0.43499370609322008
1,15,155,0.43474926452809703
1,15,156,0.43446380804703966
1,15,157,0.43413755859441555
1,15,158,0.43377074785794856
1,15,159,0.43336361716486382
1,15,160,0.4329164173742383
1,15,161,0.4324294087656092
1,15,162,0.43190286092389329
1,15,163,0.43133705262067795
1,15,164,0.43073227169193906
1,15,165,0.43008881491225398
1,15,166,0.42940698786557047
1,15,167,0.42868710481260253
1,15,168,0.42792948855492174
1,15,169,0.42713447029581719
1,15,170,0.42630238949799992
1,15,171,0.42543359373822781
1,15,172,0.42452843855892863
1,15,173,0.42358728731690681
1,15,174,0.42261051102921204
1,15,175,0.42159848821625656
1,15,176,0.4205516047422681
1,15,177,0.41947025365316565
1,15,178,0.41835483501194648
1,15,179,0.41720575573167784
1,15,180,0.41602342940618314
1,15,181,0.4148082761385164
1,15,182,0.41356072236732039
1,15,183,0.41228120069116236
1,15,184,0.41097014969094564
1,15,185,0.40962801375049063
1,15,186,0.40825524287538745
1,15,187,0.40685229251021526
1,15,188,0.40541962335422782
1,15,189,0.40395770117560542
1,15,190,0.40246699662437235
1,15,191,0.40094798504407897
1,15,192,0.39940114628234935
1,15,193,0.39782696450039456
1,15,194,0.3962259279815899
1,15,195,0.39459852893921887
1,15,196,0.39294526332348018
1,15,197,0.3912666306278601
1,15,198,0.38956313369496787
1,15,199,0.38783527852193256
1,15,200,0.38608357406545984
1,15,201,0.3843085320466475
1,15,202,0.38251066675565365
1,15,203,0.38069049485631762
1,15,204,0.37884853519082529
1,15,205,0.37698530858451745
1,15,206,0.37510133765093101
1,15,207,0.37319714659716918
1,15,208,0.37127326102969066
1,15,209,0.36933020776060971
1,15,210,0.36736851461459602
1,15,211,0.36538871023646413
1,15,212,0.36339132389953971
1,15,213,0.36137688531488787
1,15,214,0.35934592444149099
1,15,215,0.35729897129745786
1,15,216,0.35523655577234825
1,15,217,0.35315920744069335
1,15,218,0.35106745537679357
1,15,219,0.34896182797087011
1,15,220,0.34684285274665094
1,15,221,0.34471105618046394
1,15,222,0.34256696352191462
1,15,223,0.34041109861622088
1,15,224,0.33824398372827558
1,15,225,0.33606613936851082
1,15,226,0.33387808412062914
1,15,227,0.33168033447127326
1,15,228,0.32947340464169939
1,15,229,0.32725780642151869
1,15,230,0.32503404900457356
1,15,231,0.32280263882700833
1,15,232,0.32056407940759879
1,15,233,0.31831887119039898
1,15,234,0.31606751138976469
1,15,235,0.3138104938378124
1,15,236,0.31154830883437007
1,15,237,0.30928144299947435
1,15,238,0.30701037912847079
1,15,239,0.3047355960497688
1,15,240,0.30245756848530508
1,15,241,0.30017676691376671
1,15,242,0.29789365743662449
1,15,243,0.29560870164702641
1,15,244,0.29332235650160043
1,15,245,0.29103507419521429
1,15,246,0.28874730203874055
1,15,247,0.28645948233987273
1,15,248,0.28417205228703957
1,15,249,0.28188544383646214
1,15,250,0.27960008360239919
1,15,251,0.27731639275062531
1,15,252,0.27503478689518579
1,15,253,0.27275567599847139
1,15,254,0.27047946427465702
1,15,255,NaN
1,15,256,NaN
1,15,257,NaN
1,15,258,NaN
1,15,259,NaN
1,15,260,NaN
1,15,261,NaN
1,15,262,NaN
1,15,263,NaN
1,15,264,NaN
1,15,265,NaN
1,15,266,NaN
1,15,267,NaN
1,15,268,NaN
1,15,269,NaN
1,15,270,NaN
1,15,271,NaN
1,15,272,NaN
1,15,273,NaN
1,15,274,NaN
1,15,275,NaN
1,15,276,NaN
1,15,277,NaN
1,15,278,NaN
1,15,279,NaN
1,15,280,NaN
1,15,281,NaN
1,15,282,NaN
1,15,283,NaN
1,15,284,NaN
1,15,285,NaN
1,15,286,NaN
1,15,287,NaN
1,15,288,NaN
1,15,289,NaN
1,15,290,NaN
1,15,291,NaN
1,15,292,NaN
1,15,293,NaN
1,15,294,NaN
1,15,295,NaN
1,15,296,NaN
1,15,297,NaN
1,15,298,NaN
1,15,299,NaN
1,15,300,NaN
1,15,301,NaN
1,15,302,NaN
1,15,303,NaN
1,15,304,NaN
1,15,305,NaN
1,15,306,NaN
1,15,307,NaN
1,15,308,NaN
1,15,309,NaN
1,15,310,NaN
1,15,311,NaN
1,15,312,NaN
1,15,313,NaN
1,15,314,NaN
1,15,315,NaN
1,15,316,NaN
1,15,317,NaN
1,15,318,NaN
1,15,319,NaN
1,15,320,NaN
1,15,321,NaN
1,15,322,NaN
1,15,323,NaN
1,15,324,NaN
1,15,325,NaN
1,15,326,NaN
1,15,327,NaN
1,15,328,NaN
1,15,329,NaN
1,15,330,NaN
1,15,331,NaN
1,15,332,NaN
1,15,333,NaN
1,15,334,NaN
1,15,335,NaN
1,15,336,NaN
1,15,337,NaN
1,15,338,NaN
1,15,339,NaN
1,15,340,NaN
1,15,341,NaN
1,15,342,NaN
1,15,343,NaN
1,15,344,NaN
1,15,345,NaN
1,15,346,NaN
1,15,347,NaN
1,15,348,NaN
1,15,349,NaN
1,15,350,NaN
1,15,351,NaN
1,15,352,NaN
1,15,353,NaN
1,15,354,NaN
1,15,355,NaN
1,15,356,NaN
1,15,357,NaN
1,15,358,NaN
1,15,359,NaN
1,15,360,NaN
1,15,361,NaN
1,15,362,NaN
1,15,363,NaN
1,15,364,NaN
1,15,365,NaN
1,15,366,NaN
1,15,367,NaN
1,15,368,NaN
1,15,369,NaN
1,15,370,NaN
1,15,371,NaN
1,15,372,NaN
1,15,373,NaN
1,15,374,NaN
1,15,375,NaN
1,15,376,NaN
1,15,377,NaN
1,15,378,NaN
1,15,379,NaN
1,15,380,NaN
1,15,381,NaN
1,15,382,NaN
1,15,383,NaN
1,15,384,NaN
1,15,385,NaN
1,15,386,NaN
1,15,387,NaN
1,15,388,NaN
1,15,389,NaN
1,15,390,NaN
1,15,391,NaN
1,15,392,NaN
1,15,393,NaN
1,15,394,NaN
1,15,395,NaN
1,15,396,NaN
1,15,397,NaN
1,15,398,NaN
1,15,399,NaN
1,15,400,NaN
1,15,401,NaN
1,15,402,NaN
1,15,403,NaN
1,15,404,NaN
1,15,405,NaN
1,15,406,NaN
1,15,407,NaN
1,15,408,NaN
1,15,409,NaN
1,15,410,NaN
1,15,411,NaN
1,15,412,NaN
1,15,413,NaN
1,15,414,NaN
1,15,415,NaN
1,15,416,NaN
1,15,417,NaN
1,15,418,NaN
1,15,419,NaN
1,15,420,NaN
1,15,421,NaN
1,15,422,NaN
1,15,423,NaN
1,15,424,NaN
1,15,425,NaN
1,15,426,NaN
1,15,427,NaN
1,15,428,NaN
1,15,429,NaN
1,15,430,NaN
1,15,431,NaN
1,15,432,NaN
1,15,433,NaN
1,15,434,NaN
1,15,435,NaN
1,15,436,NaN
1,15,437,NaN
1,15,438,NaN
1,15,439,NaN
1,15,440,NaN
1,15,441,NaN
1,15,442,NaN
1,15,443,NaN
1,15,444,NaN
1,15,445,NaN
1,15,446,NaN
1,15,447,NaN
1,15,448,NaN
1,15,449,NaN
1,15,450,NaN
1,15,451,NaN
1,15,452,NaN
1,15,453,NaN
1,15,454,NaN
1,15,455,NaN
1,15,456,NaN
1,15,457,NaN
1,15,458,NaN
1,15,459,NaN
1,15,460,NaN
1,15,461,NaN
1,15,462,NaN
1,15,463,NaN
1,15,464,NaN
1,15,465,NaN
1,15,466,NaN
1,15,467,NaN
1,15,468,NaN
1,15,469,NaN
1,15,470,NaN
1,15,471,NaN
1,15,472,NaN
1,15,473,NaN
1,15,474,NaN
1,15,475,NaN
1,15,476,NaN
1,15,477,NaN
1,15,478,NaN
1,15,479,NaN
1,15,480,NaN
1,15,481,NaN
1,15,482,NaN
1,15,483,NaN
1,15,484,NaN
1,15,485,NaN
1,15,486,NaN
1,15,487,NaN
1,15,488,NaN
1,15,489,NaN
1,15,490,NaN
1,15,491,NaN
1,15,492,NaN
1,15,493,NaN
1,15,494,NaN
1,15,495,NaN
1,15,496,NaN
1,15,497,NaN
1,15,498,NaN
1,15,499,NaN
1,15,500,NaN
1,15,501,NaN
1,15,502,NaN
1,15,503,NaN
1,15,504,NaN
1,15,505,NaN
1,15,506,NaN
1,15,507,NaN
1,15,508,NaN
1,15,509,NaN
1,15,510,NaN
1,15,511,NaN
1,15,512,NaN
1,15,513,NaN
1,15,514,NaN
1,15,515,NaN
1,15,516,NaN
1,15,517,NaN
1,15,518,NaN
1,15,519,NaN
1,15,520,NaN
1,15,521,NaN
1,15,522,NaN
1,15,523,NaN
1,15,524,NaN
1,15,525,NaN
1,15,526,NaN
1,15,527,NaN
1,15,528,NaN
1,15,529,NaN
1,15,530,NaN
1,15,531,NaN
1,15,532,NaN
1,15,533,NaN
1,15,534,NaN
1,15,535,NaN
1,15,536,NaN
1,15,537,NaN
1,15,538,NaN
1,15,539,NaN
1,15,540,NaN
1,15,541,NaN
1,15,542,NaN
1,15,543,NaN
1,15,544,NaN
1,15,545,NaN
1,15,546,NaN
1,15,547,NaN
1,15,548,NaN
1,15,549,NaN
1,15,550,NaN
1,15,551,NaN
1,15,552,NaN
1,15,553,NaN
1,15,554,NaN
1,15,555,NaN
1,15,556,NaN
1,15,557,NaN
1,15,558,NaN
1,15,559,NaN
1,15,560,NaN
1,15,561,NaN
1,15,562,NaN
1,15,563,NaN
1,15,564,NaN
1,15,565,NaN
1,15,566,NaN
1,15,567,NaN
1,15,568,NaN
1,15,569,NaN
1,15,570,NaN
1,15,571,NaN
1,15,572,NaN
1,15,573,NaN
1,15,574,NaN
1,15,575,NaN
1,15,576,NaN
1,15,577,NaN
1,15,578,NaN
1,15,579,NaN
1,15,580,NaN
1,15,581,NaN
1,15,582,NaN
1,15,583,NaN
1,15,584,NaN
1,15,585,NaN
1,15,586,NaN
1,15,587,NaN
1,15,588,NaN
1,15,589,NaN
1,15,590,NaN
1,15,591,NaN
1,15,592,NaN
1,15,593,NaN
1,15,594,NaN
1,15,595,NaN
1,15,596,NaN
1,15,597,NaN
1,15,598,NaN
1,15,599,NaN
1,19,0,0.09136914440159212
1,19,1,0.094277903151753953
1,19,2,0.097216238454141096
1,19,3,0.10018334739845035
1,19,4,0.10317842563894589
1,19,5,0.10620066750167727
1,19,6,0.10924926609208536
1,19,7,0.11232341340286739
1,19,8,0.11542230042198852
1,19,9,0.118545117240741
1,19,10,0.12169105316176586
1,19,11,0.12485929680696412
1,19,12,0.12804903622523581
1,19,13,0.13125945899999733
1,19,14,0.13448975235643429
1,19,15,0.1377391032684612
1,19,16,0.14100669856536263
1,19,17,0.14429172503810223
1,19,18,0.14759336954529126
1,19,19,0.1509108191188169
1,19,20,0.15424326106913344
1,19,21,0.15758988309022962
1,19,22,0.16094987336428637
1,19,23,0.1643224206660478
1,19,24,0.16770671446692842
1,19,25,0.17110194503888757
1,19,26,0.17450730355810248
1,19,27,0.17792198220847683
1,19,28,0.18134517428502095
1,19,29,0.18477607429714851
1,19,30,0.18821387807192747
1,19,31,0.1916577828573352
1,19,32,0.1951069874255599
1,19,33,0.19856069217639771
1,19,34,0.20201809924079331
1,19,35,0.20547841258457314
1,19,36,0.20894083811241887
1,19,37,0.21240458377213312
1,19,38,0.2158688596592441
1,19,39,0.21933287812199939
1,19,40,0.22279585386679701
1,19,41,0.22625700406410035
1,19,42,0.22971554845488529
1,19,43,0.2331707094576628
1,19,44,0.23662171227612244
1,19,45,0.24006778500743839
1,19,46,0.24350815875127949
1,19,47,0.24694206771956131
1,19,48,0.25036874934697806
1,19,49,0.25378744440234752
1,19,50,0.2571973971008033
1,19,51,0.26059785521686263
1,19,52,0.26398807019839743
1,19,53,0.26736729728153408
1,19,54,0.27073479560650215
1,19,55,0.27408982833445289
1,19,56,0.27743166276526132
1,19,57,0.28075957045632549
1,19,58,0.28407282734237366
1,19,59,0.28737071385628304
1,19,60,0.29065251505091561
1,19,61,0.29391752072196825
1,19,62,0.29716502553183571
1,19,63,0.30039432913447606
1,19,64,0.30360473630126988
1,19,65,0.30679555704785744
1,19,66,0.30996610676193587
1,19,67,0.31311570633199398
1,19,68,0.3162436822769602
1,19,69,0.31934936687673265
1,19,70,0.32243209830356051
1,19,71,0.32549122075423798
1,19,72,0.32852608458307225
1,19,73,0.33153604643558127
1,19,74,0.33452046938287228
1,19,75,0.33747872305665177
1,19,76,0.34041018378481369
1,19,77,0.34331423472754269
1,19,78,0.34619026601387665
1,19,79,0.34903767487866066
1,19,80,0.35185586579982459
1,19,81,0.35464425063591337
1,19,82,0.35740224876379539
1,19,83,0.36012928721647147
1,19,84,0.36282480082090401
1,19,85,0.36548823233578198
1,19,86,0.36811903258913803
1,19,87,0.37071666061572517
1,19,88,0.37328058379406615
1,19,89,0.37581027798307753
1,19,90,0.37830522765817631
1,19,91,0.38076492604676698
1,19,92,0.38318887526301298
1,19,93,0.38557658644178627
1,19,94,0.38792757987169413
1,19,95,0.39024138512707718
1,19,96,0.39251754119886961
1,19,97,0.39475559662421666
1,19,98,0.39695510961473657
1,19,99,0.39911564818331963
1,19,100,0.40123679026935027
1,19,101,0.40331812386224242
1,19,102,0.40535924712317489
1,19,103,0.40735976850491273
1,19,104,0.40931930686960416
1,19,105,0.41123749160443718
1,19,106,0.41311396273504558
1,19,107,0.41494837103654914
1,19,108,0.41674037814211884
1,19,109,0.41848965664895155
1,19,110,0.42019589022154918
1,19,111,0.42185877369218627
1,19,112,0.42347801315846312
1,19,113,0.42505332607783253
1,19,114,0.42658444135899792
1,19,115,0.42807109945007599
1,19,116,0.42951305242342402
1,19,117,0.43091006405702797
1,19,118,0.43226190991235713
1,19,119,0.43356837740858423
1,19,120,0.43482926589308263
1,19,121,0.43604438670810364
1,19,122,0.43721356325355004
1,19,123,0.4383366310457561
1,19,124,0.43941343777219394
1,19,125,0.44044384334202424
1,19,126,0.4414277199324147
1,19,127,0.44236495203055448
1,19,128,0.44325543647129001
1,19,129,0.44409908247032087
1,19,130,0.44489581165288822
1,19,131,0.44564555807789685
1,19,132,0.44634826825741686
1,19,133,0.44700390117151073
1,19,134,0.44761242827833819
1,19,135,0.44817383351949508
1,19,136,0.44868811332054509
1,19,137,0.44915527658670884
1,19,138,0.44957534469367727
1,19,139,0.44994835147352374
1,19,140,0.45027434319568604
1,19,141,0.4505533785430057
1,19,142,0.45078552858280285
1,19,143,0.45097087673298009
1,19,144,0.45110951872314597
1,19,145,0.451201562550756
1,19,146,0.45124712843227527
1,19,147,0.45124634874936592
1,19,148,0.45119936799011007
1,19,149,0.45110634268528532
1,19,150,0.45096744133970823
1,19,151,0.45078284435867216
1,19,152,0.45055274396950296
1,19,153,0.45027734413826687
1,19,154,0.44995686048166517
1,19,155,0.44959152017415283
1,19,156,0.44918156185032759
1,19,157,0.44872723550263466
1,19,158,0.44822880237443763
1,19,159,0.44768653484851306
1,19,160,0.447100716331023
1,19,161,0.44647164113103188
1,19,162,0.44579961433563009
1,19,163,0.44508495168073337
1,19,164,0.44432797941763397
1,19,165,0.44352903417537309
1,19,166,0.44268846281901858
1,19,167,0.4418066223039272
1,19,168,0.44088387952607577
1,19,169,0.43992061116854941
1,19,170,0.43891720354427755
1,19,171,0.43787405243510835
1,19,172,0.43679156292732046
1,19,173,0.43567014924366487
1,19,174,0.43451023457204102
1,19,175,0.43331225089090719
1,19,176,0.43207663879152908
1,19,177,0.43080384729717236
1,19,178,0.42949433367934925
1,19,179,0.42814856327122347
1,19,180,0.42676700927829009
1,19,181,0.42535015258643805
1,19,182,0.42389848156751092
1,19,183,0.42241249188248037
1,19,184,0.42089268628234677
1,19,185,0.41933957440688535
1,19,186,0.41775367258135265
1,19,187,0.41613550361127355
1,19,188,0.41448559657542611
1,19,189,0.4128044866171422
1,19,190,0.41109271473404502
1,19,191,0.40935082756634034
1,19,192,0.40757937718378268
1,19,193,0.40577892087143458
1,19,194,0.40395002091433652
1,19,195,0.40209324438121019
1,19,196,0.40020916290730674
1,19,197,0.39829835247652495
1,19,198,0.39636139320290997
1,19,199,0.39439886911165234
1,19,200,0.39241136791970094
1,19,201,0.39039948081610509
1,19,202,0.38836380224219785
1,19,203,0.3863049296717333
1,19,204,0.38422346339108809
1,19,205,0.38212000627963644
1,19,206,0.37999516359040647
1,19,207,0.37784954273112359
1,19,208,0.37568375304574736
1,19,209,0.37349840559660019
1,19,210,0.37129411294719439
1,19,211,0.36907148894585312
1,19,212,0.36683114851022136
1,19,213,0.3645737074127649
1,19,214,0.36229978206734831
1,19,215,0.36000998931698175
1,19,216,0.35770494622282628
1,19,217,0.35538526985454261
1,19,218,0.3530515770820668
1,19,219,0.35070448436889434
1,19,220,0.34834460756694996
1,19,221,0.34597256171312013
1,19,222,0.34358896082752011
1,19,223,0.34119441771356679
1,19,224,0.33878954375992498
1,19,225,0.33637494874439072
1,19,226,0.33395124063977538
1,19,227,0.33151902542184847
1,19,228,0.32907890687939489
1,19,229,0.32663148642644174
1,19,230,0.32417736291670246
1,19,231,0.32171713246028733
1,19,232,0.31925138824272414
1,19,233,0.31678072034632931
1,19,234,0.31430571557396875
1,19,235,0.31182695727524268
1,19,236,0.30934502517512708
1,19,237,0.30686049520509967
1,19,238,0.30437393933677737
1,19,239,0.30188592541808662
1,19,240,0.29939701701198868
1,19,241,0.29690777323777318
1,19,242,0.29441874861493678
1,19,243,0.29193049290965623
1,19,244,0.28944355098386276
1,19,245,0.28695846264692565
1,19,246,0.284475762509943
1,19,247,0.28199597984264235
1,19,248,0.2795196384328863
1,19,249,NaN
1,19,250,NaN
1,19,251,NaN
1,19,252,NaN
1,19,253,NaN
1,19,254,NaN
1,19,255,NaN
1,19,256,NaN
1,19,257,NaN
1,19,258,NaN
1,19,259,NaN
1,19,260,NaN
1,19,261,NaN
1,19,262,NaN
1,19,263,NaN
1,19,264,NaN
1,19,265,NaN
1,19,266,NaN
1,19,267,NaN
1,19,268,NaN
1,19,269,NaN
1,19,270,NaN
1,19,271,NaN
1,19,272,NaN
1,19,273,NaN
1,19,274,NaN
1,19,275,NaN
1,19,276,NaN
1,19,277,NaN
1,19,278,NaN
1,19,279,NaN
1,19,280,NaN
1,19,281,NaN
1,19,282,NaN
1,19,283,NaN
1,19,284,NaN
1,19,285,NaN
1,19,286,NaN
1,19,287,NaN
1,19,288,NaN
1,19,289,NaN
1,19,290,NaN
1,19,291,NaN
1,19,292,NaN
1,19,293,NaN
1,19,294,NaN
1,19,295,NaN
1,19,296,NaN
1,19,297,NaN
1,19,298,NaN
1,19,299,NaN
1,19,300,NaN
1,19,301,NaN
1,19,302,NaN
1,19,303,NaN
1,19,304,NaN
1,19,305,NaN
1,19,306,NaN
1,19,307,NaN
1,19,308,NaN
1,19,309,NaN
1,19,310,NaN
1,19,311,NaN
1,19,312,NaN
1,19,313,NaN
1,19,314,NaN
1,19,315,NaN
1,19,316,NaN
1,19,317,NaN
1,19,318,NaN
1,19,319,NaN
1,19,320,NaN
1,19,321,NaN
1,19,322,NaN
1,19,323,NaN
1,19,324,NaN
1,19,325,NaN
1,19,326,NaN
1,19,327,NaN
1,19,328,NaN
1,19,329,NaN
1,19,330,NaN
1,19,331,NaN
1,19,332,NaN
1,19,333,NaN
1,19,334,NaN
1,19,335,NaN
1,19,336,NaN
1,19,337,NaN
1,19,338,NaN
1,19,339,NaN
1,19,340,NaN
1,19,341,NaN
1,19,342,NaN
1,19,343,NaN
1,19,344,NaN
1,19,345,NaN
1,19,346,NaN
1,19,347,NaN
1,19,348,NaN
1,19,349,NaN
1,19,350,NaN
1,19,351,NaN
1,19,352,NaN
1,19,353,NaN
1,19,354,NaN
1,19,355,NaN
1,19,356,NaN
1,19,357,NaN
1,19,358,NaN
1,19,359,NaN
1,19,360,NaN
1,19,361,NaN
1,19,362,NaN
1,19,363,NaN
1,19,364,NaN
1,19,365,NaN
1,19,366,NaN
1,19,367,NaN
1,19,368,NaN
1,19,369,NaN
1,19,370,NaN
1,19,371,NaN
1,19,372,NaN
1,19,373,NaN
1,19,374,NaN
1,19,375,NaN
1,19,376,NaN
1,19,377,NaN
1,19,378,NaN
1,19,379,NaN
1,19,380,NaN
1,19,381,NaN
1,19,382,NaN
1,19,383,NaN
1,19,384,NaN
1,19,385,NaN
1,19,386,NaN
1,19,387,NaN
1,19,388,NaN
1,19,389,NaN
1,19,390,NaN
1,19,391,NaN
1,19,392,NaN
1,19,393,NaN
1,19,394,NaN
1,19,395,NaN
1,19,396,NaN
1,19,397,NaN
1,19,398,NaN
1,19,399,NaN
1,19,400,NaN
1,19,401,NaN
1,19,402,NaN
1,19,403,NaN
1,19,404,NaN
1,19,405,NaN
1,19,406,NaN
1,19,407,NaN
1,19,408,NaN
1,19,409,NaN
1,19,410,NaN
1,19,411,NaN
1,19,412,NaN
1,19,413,NaN
1,19,414,NaN
1,19,415,NaN
1,19,416,NaN
1,19,417,NaN
1,19,418,NaN
1,19,419,NaN
1,19,420,NaN
1,19,421,NaN
1,19,422,NaN
1,19,423,NaN
1,19,424,NaN
1,19,425,NaN
1,19,426,NaN
1,19,427,NaN
1,19,428,NaN
1,19,429,NaN
1,19,430,NaN
1,19,431,NaN
1,19,432,NaN
1,19,433,NaN
1,19,434,NaN
1,19,435,NaN
1,19,436,NaN
1,19,437,NaN
1,19,438,NaN
1,19,439,NaN
1,19,440,NaN
1,19,441,NaN
1,19,442,NaN
1,19,443,NaN
1,19,444,NaN
1,19,445,NaN
1,19,446,NaN
1,19,447,NaN
1,19,448,NaN
1,19,449,NaN
1,19,450,NaN
1,19,451,NaN
1,19,452,NaN
1,19,453,NaN
1,19,454,NaN
1,19,455,NaN
1,19,456,NaN
1,19,457,NaN
1,19,458,NaN
1,19,459,NaN
1,19,460,NaN
1,19,461,NaN
1,19,462,NaN
1,19,463,NaN
1,19,464,NaN
1,19,465,NaN
1,19,466,NaN
1,19,467,NaN
1,19,468,NaN
1,19,469,NaN
1,19,470,NaN
1,19,471,NaN
1,19,472,NaN
1,19,473,NaN
1,19,474,NaN
1,19,475,NaN
1,19,476,NaN
1,19,477,NaN
1,19,478,NaN
1,19,479,NaN
1,19,480,NaN
1,19,481,NaN
1,19,482,NaN
1,19,483,NaN
1,19,484,NaN
1,19,485,NaN
1,19,486,NaN
1,19,487,NaN
1,19,488,NaN
1,19,489,NaN
1,19,490,NaN
1,19,491,NaN
1,19,492,NaN
1,19,493,NaN
1,19,494,NaN
1,19,495,NaN
1,19,496,NaN
1,19,497,NaN
1,19,498,NaN
1,19,499,NaN
1,19,500,NaN
1,19,501,NaN
1,19,502,NaN
1,19,503,NaN
1,19,504,NaN
1,19,505,NaN
1,19,506,NaN
1,19,507,NaN
1,19,508,NaN
1,19,509,NaN
1,19,510,NaN
1,19,511,NaN
1,19,512,NaN
1,19,513,NaN
1,19,514,NaN
1,19,515,NaN
1,19,516,NaN
1,19,517,NaN
1,19,518,NaN
1,19,519,NaN
1,19,520,NaN
1,19,521,NaN
1,19,522,NaN
1,19,523,NaN
1,19,524,NaN
1,19,525,NaN
1,19,526,NaN
1,19,527,NaN
1,19,528,NaN
1,19,529,NaN
1,19,530,NaN
1,19,531,NaN
1,19,532,NaN
1,19,533,NaN
1,19,534,NaN
1,19,535,NaN
1,19,536,NaN
1,19,537,NaN
1,19,538,NaN
1,19,539,NaN
1,19,540,NaN
1,19,541,NaN
1,19,542,NaN
1,19,543,NaN
1,19,544,NaN
1,19,545,NaN
1,19,546,NaN
1,19,547,NaN
1,19,548,NaN
1,19,549,NaN
1,19,550,NaN
1,19,551,NaN
1,19,552,NaN
1,19,553,NaN
1,19,554,NaN
1,19,555,NaN
1,19,556,NaN
1,19,557,NaN
1,19,558,NaN
1,19,559,NaN
1,19,560,NaN
1,19,561,NaN
1,19,562,NaN
1,19,563,NaN
1,19,564,NaN
1,19,565,NaN
1,19,566,NaN
1,19,567,NaN
1,19,568,NaN
1,19,569,NaN
1,19,570,NaN
1,19,571,NaN
1,19,572,NaN
1,19,573,NaN
1,19,574,NaN
1,19,575,NaN
1,19,576,NaN
1,19,577,NaN
1,19,578,NaN
1,19,579,NaN
1,19,580,NaN
1,19,581,NaN
1,19,582,NaN
1,19,583,NaN
1,19,584,NaN
1,19,585,NaN
1,19,586,NaN
1,19,587,NaN
1,19,588,NaN
1,19,589,NaN
1,19,590,NaN
1,19,591,NaN
1,19,592,NaN
1,19,593,NaN
1,19,594,NaN
1,19,595,NaN
1,19,596,NaN
1,19,597,NaN
1,19,598,NaN
1,19,599,NaN
1,9,0,0.090709431894736486
1,9,1,0.093574772393345565
1,9,2,0.096470338102967193
1,9,3,0.099395316095854752
1,9,4,0.10234889134378197
1,9,5,0.10533024688272349
1,9,6,0.10833856397397347
1,9,7,0.11137302226194866
1,9,8,0.11443279992889394
1,9,9,0.11751707384668414
1,9,10,0.12062501972589802
1,9,11,0.12375581226232199
1,9,12,0.12690862528102995
1,9,13,0.13008263187817287
1,9,14,0.13327700456060251
1,9,15,0.13649091538344688
1,9,16,0.13972353608574731
1,9,17,0.14297403822426252
1,9,18,0.14624159330554024
1,9,19,0.14952537291635293
1,9,20,0.15282454885259147
1,9,21,0.15613829324670706
1,9,22,0.15946577869379097
1,9,23,0.16280617837637701
1,9,24,0.16615866618805336
1,9,25,0.16952241685596467
1,9,26,0.17289660606228821
1,9,27,0.17628041056476265
1,9,28,0.17967300831634889
1,9,29,0.18307357858410181
1,9,30,0.18648130206732635
1,9,31,0.18989536101509638
1,9,32,0.19331493934320729
1,9,33,0.19673922275063649
1,9,34,0.20016739883558124
1,9,35,0.20359865721114392
1,9,36,0.20703218962073289
1,9,37,0.21046719005324385
1,9,38,0.21390285485808705
1,9,39,0.21733838286012222
1,9,40,0.22077297547456268
1,9,41,0.22420583682190501
1,9,42,0.22763617384294435
1,9,43,0.23106319641392536
1,9,44,0.23448611746188397
1,9,45,0.23790415308022708
1,9,46,0.24131652264459955
1,9,47,0.24472244892907996
1,9,48,0.24812115822274977
1,9,49,0.25151188044667327
1,9,50,0.25489384927132369
1,9,51,0.25826630223449143
1,9,52,0.26162848085970153
1,9,53,0.26497963077516989
1,9,54,0.26831900183332119
1,9,55,0.2716458482308895
1,9,56,0.27495942862961964
1,9,57,0.27825900627758415
1,9,58,0.2815438491311244
1,9,59,0.28481322997742758
1,9,60,0.28806642655774023
1,9,61,0.29130272169122079
1,9,62,0.29452140339942884
1,9,63,0.29772176503144332
1,9,64,0.3009031053896023
1,9,65,0.30406472885584868
1,9,66,0.30720594551866753
1,9,67,0.31032607130059287
1,9,68,0.31342442808626081
1,9,69,0.31650034385098325
1,9,70,0.319553152789809
1,9,71,0.32258219544703931
1,9,72,0.32558681884616097
1,9,73,0.32856637662015453
1,9,74,0.33152022914213403
1,9,75,0.33444774365627017
1,9,76,0.33734829440894687
1,9,77,0.3402212627800954
1,9,78,0.34306603741465114
1,9,79,0.3458820143540689
1,9,80,0.34866859716783832
1,9,81,0.35142519708492859
1,9,82,0.35415123312509533
1,9,83,0.35684613222997835
1,9,84,0.3595093293939145
1,9,85,0.36214026779438774
1,9,86,0.36473839892203996
1,9,87,0.36730318271015699
1,9,88,0.36983408766354742
1,9,89,0.37233059098672805
1,9,90,0.37479217871132775
1,9,91,0.37721834582261715
1,9,92,0.37960859638507644
1,9,93,0.38196244366690296
1,9,94,0.38427941026336809
1,9,95,0.3865590282189228
1,9,96,0.38880083914795682
1,9,97,0.39100439435411205
1,9,98,0.3931692549480505
1,9,99,0.3952949919635757
1,9,100,0.39738118647200688
1,9,101,0.39942742969470496
1,9,102,0.40143332311364738
1,9,103,0.40339847857994959
1,9,104,0.40532251842023254
1,9,105,0.40720507554073165
1,9,106,0.40904579352904724
1,9,107,0.41084432675343463
1,9,108,0.41260034045953298
1,9,109,0.41431351086443235
1,9,110,0.41598352524797988
1,9,111,0.41761008204122779
1,9,112,0.41919289091192458
1,9,113,0.42073167284695429
1,9,114,0.4222261602316314
1,9,115,0.42367609692575392
1,9,116,0.42508123833632944
1,9,117,0.42644135148688112
1,9,118,0.42775621508324807
1,9,119,0.42902561957579416
1,9,120,0.43024936721794432
1,9,121,0.43142727212096688
1,9,122,0.43255916030492375
1,9,123,0.43364486974571459
1,9,124,0.43468425041814202
1,9,125,0.4356771643349287
1,9,126,0.43662348558161812
1,9,127,0.43752310034729885
1,9,128,0.43837590695108863
1,9,129,0.4391818158643232
1,9,130,0.43994074972839581
1,9,131,0.44065264336819709
1,9,132,0.44131744380110721
1,9,133,0.4419351102414999
1,9,134,0.44250561410071487
1,9,135,0.44302893898246748
1,9,136,0.4435050806736579
1,9,137,0.44393404713055667
1,9,138,0.44431585846033722
1,9,139,0.44465054689793992
1,9,140,0.44493815677824444
1,9,141,0.44517874450354411
1,9,142,0.44537237850630762
1,9,143,0.44551913920722697
1,9,144,0.44561911896854861
1,9,145,0.44567242204269153
1,9,146,0.44567916451615747
1,9,147,0.44563947424874722
1,9,148,0.44555349080809409
1,9,149,0.44542136539953614
1,9,150,0.44524326079134718
1,9,151,0.44501935123535608
1,9,152,0.44474982238297966
1,9,153,0.44443487119670999
1,9,154,0.44407470585708625
1,9,155,0.44366954566519967
1,9,156,0.44321962094076967
1,9,157,0.44272517291584784
1,9,158,0.4421864536241929
1,9,159,0.4416037257863798
1,9,160,0.44097726269069798
1,9,161,0.44030734806990257
1,9,162,0.43959427597388206
1,9,163,0.43883835063831456
1,9,164,0.43803988634938051
1,9,165,0.43719920730460937
1,9,166,0.43631664746993659
1,9,167,0.43539255043305131
1,9,168,0.43442726925311792
1,9,169,0.43342116630695704
1,9,170,0.4323746131317745
1,9,171,0.4312879902645283
1,9,172,0.43016168707802654
1,9,173,0.42899610161385077
1,9,174,0.4277916404122033
1,9,175,0.42654871833877583
1,9,176,0.42526775840874148
1,9,177,0.42394919160797156
1,9,178,0.42259345671158333
1,9,179,0.42120100009992251
1,9,180,0.41977227557208818
1,9,181,0.41830774415711069
1,9,182,0.41680787392288843
1,9,183,0.41527313978299857
1,9,184,0.41370402330148892
1,9,185,0.41210101249576847
1,9,186,0.41046460163770526
1,9,187,0.40879529105304924
1,9,188,0.40709358691929159
1,9,189,0.40536000106207948
1,9,190,0.40359505075029556
1,9,191,0.40179925848992437
1,9,192,0.39997315181681592
1,9,193,0.39811726308846512
1,9,194,0.3962321292749213
1,9,195,0.39431829174894301
1,9,196,0.39237629607551433
1,9,197,0.39040669180083576
1,9,198,0.38841003224090553
1,9,199,0.38638687426980262
1,9,200,0.38433777810778763
1,9,201,0.38226330710933126
1,9,202,0.38016402755118206
1,9,203,0.3780405084205859
1,9,204,0.37589332120376368
1,9,205,0.37372303967475956
1,9,206,0.37153023968476279
1,9,207,0.3693154989520136
1,9,208,0.36707939685239482
1,9,209,0.36482251421081463
1,9,210,0.36254543309348242
1,9,211,0.36024873660117773
1,9,212,0.35793300866361322
1,9,213,0.3555988338349873
1,9,214,0.35324679709082463
1,9,215,0.35087748362619769
1,9,216,0.34849147865542285
1,9,217,0.34608936721332145
1,9,218,0.34367173395813638
1,9,219,0.34123916297619022
1,9,220,0.33879223758837118
1,9,221,0.33633154015853217
1,9,222,0.33385765190388161
1,9,223,0.33137115270744905
1,9,224,0.3288726209327022
1,9,225,0.32636263324039216
1,9,226,0.32384176440769963
1,9,227,0.32131058714975597
1,9,228,0.31876967194360817
1,9,229,0.31621958685469631
1,9,230,0.31366089736590852
1,9,231,0.3110941662092801
1,9,232,0.30851995320039582
1,9,233,0.30593881507555726
1,9,234,0.30335130533177368
1,9,235,0.30075797406963067
1,9,236,0.29815936783909303
1,9,237,0.29555602948829185
1,9,238,0.29294849801534761
1,9,239,0.29033730842327693
1,9,240,0.28772299157802927
1,9,241,0.28510607406969829
1,9,242,0.28248707807695111
1,9,243,0.27986652123471478
1,9,244,0.27724491650516053
1,9,245,0.27462277205202285
1,9,246,0.27200059111828795
1,9,247,0.26937887190728682
1,9,248,0.26675810746722473
1,9,249,0.2641387855791773
1,9,250,0.26152138864858288
1,9,251,0.2589063936002593
1,9,252,0.25629427177697012
1,9,253,0.25368548884156611
1,9,254,0.25108050468272525
1,9,255,0.24847977332431309
1,9,256,0.24588374283838543
1,9,257,0.24329285526185204
1,9,258,0.2407075465168215
1,9,259,0.23812824633464361
1,9,260,0.23555537818366734
1,9,261,0.23298935920072991
1,9,262,0.23043060012639227
1,9,263,0.22787950524393488
1,9,264,0.22533647232212903
1,9,265,0.22280189256179514
1,9,266,0.22027615054616284
1,9,267,0.21775962419504336
1,9,268,0.21525268472282766
1,9,269,0.21275569660032198
1,9,270,0.21026901752043189
1,9,271,0.20779299836770757
1,9,272,0.20532798319176127
1,9,273,0.2028743091845697
1,9,274,0.20043230666167264
1,9,275,NaN
1,9,276,NaN
1,9,277,NaN
1,9,278,NaN
1,9,279,NaN
1,9,280,NaN
1,9,281,NaN
1,9,282,NaN
1,9,283,NaN
1,9,284,NaN
1,9,285,NaN
1,9,286,NaN
1,9,287,NaN
1,9,288,NaN
1,9,289,NaN
1,9,290,NaN
1,9,291,NaN
1,9,292,NaN
1,9,293,NaN
1,9,294,NaN
1,9,295,NaN
1,9,296,NaN
1,9,297,NaN
1,9,298,NaN
1,9,299,NaN
1,9,300,NaN
1,9,301,NaN
1,9,302,NaN
1,9,303,NaN
1,9,304,NaN
1,9,305,NaN
1,9,306,NaN
1,9,307,NaN
1,9,308,NaN
1,9,309,NaN
1,9,310,NaN
1,9,311,NaN
1,9,312,NaN
1,9,313,NaN
1,9,314,NaN
1,9,315,NaN
1,9,316,NaN
1,9,317,NaN
1,9,318,NaN
1,9,319,NaN
1,9,320,NaN
1,9,321,NaN
1,9,322,NaN
1,9,323,NaN
1,9,324,NaN
1,9,325,NaN
1,9,326,NaN
1,9,327,NaN
1,9,328,NaN
1,9,329,NaN
1,9,330,NaN
1,9,331,NaN
1,9,332,NaN
1,9,333,NaN
1,9,334,NaN
1,9,335,NaN
1,9,336,NaN
1,9,337,NaN
1,9,338,NaN
1,9,339,NaN
1,9,340,NaN
1,9,341,NaN
1,9,342,NaN
1,9,343,NaN
1,9,344,NaN
1,9,345,NaN
1,9,346,NaN
1,9,347,NaN
1,9,348,NaN
1,9,349,NaN
1,9,350,NaN
1,9,351,NaN
1,9,352,NaN
1,9,353,NaN
1,9,354,NaN
1,9,355,NaN
1,9,356,NaN
1,9,357,NaN
1,9,358,NaN
1,9,359,NaN
1,9,360,NaN
1,9,361,NaN
1,9,362,NaN
1,9,363,NaN
1,9,364,NaN
1,9,365,NaN
1,9,366,NaN
1,9,367,NaN
1,9,368,NaN
1,9,369,NaN
1,9,370,NaN
1,9,371,NaN
1,9,372,NaN
1,9,373,NaN
1,9,374,NaN
1,9,375,NaN
1,9,376,NaN
1,9,377,NaN
1,9,378,NaN
1,9,379,NaN
1,9,380,NaN
1,9,381,NaN
1,9,382,NaN
1,9,383,NaN
1,9,384,NaN
1,9,385,NaN
1,9,386,NaN
1,9,387,NaN
1,9,388,NaN
1,9,389,NaN
1,9,390,NaN
1,9,391,NaN
1,9,392,NaN
1,9,393,NaN
1,9,394,NaN
1,9,395,NaN
1,9,396,NaN
1,9,397,NaN
1,9,398,NaN
1,9,399,NaN
1,9,400,NaN
1,9,401,NaN
1,9,402,NaN
1,9,403,NaN
1,9,404,NaN
1,9,405,NaN
1,9,406,NaN
1,9,407,NaN
1,9,408,NaN
1,9,409,NaN
1,9,410,NaN
1,9,411,NaN
1,9,412,NaN
1,9,413,NaN
1,9,414,NaN
1,9,415,NaN
1,9,416,NaN
1,9,417,NaN
1,9,418,NaN
1,9,419,NaN
1,9,420,NaN
1,9,421,NaN
1,9,422,NaN
1,9,423,NaN
1,9,424,NaN
1,9,425,NaN
1,9,426,NaN
1,9,427,NaN
1,9,428,NaN
1,9,429,NaN
1,9,430,NaN
1,9,431,NaN
1,9,432,NaN
1,9,433,NaN
1,9,434,NaN
1,9,435,NaN
1,9,436,NaN
1,9,437,NaN
1,9,438,NaN
1,9,439,NaN
1,9,440,NaN
1,9,441,NaN
1,9,442,NaN
1,9,443,NaN
1,9,444,NaN
1,9,445,NaN
1,9,446,NaN
1,9,447,NaN
1,9,448,NaN
1,9,449,NaN
1,9,450,NaN
1,9,451,NaN
1,9,452,NaN
1,9,453,NaN
1,9,454,NaN
1,9,455,NaN
1,9,456,NaN
1,9,457,NaN
1,9,458,NaN
1,9,459,NaN
1,9,460,NaN
1,9,461,NaN
1,9,462,NaN
1,9,463,NaN
1,9,464,NaN
1,9,465,NaN
1,9,466,NaN
1,9,467,NaN
1,9,468,NaN
1,9,469,NaN
1,9,470,NaN
1,9,471,NaN
1,9,472,NaN
1,9,473,NaN
1,9,474,NaN
1,9,475,NaN
1,9,476,NaN
1,9,477,NaN
1,9,478,NaN
1,9,479,NaN
1,9,480,NaN
1,9,481,NaN
1,9,482,NaN
1,9,483,NaN
1,9,484,NaN
1,9,485,NaN
1,9,486,NaN
1,9,487,NaN
1,9,488,NaN
1,9,489,NaN
1,9,490,NaN
1,9,491,NaN
1,9,492,NaN
1,9,493,NaN
1,9,494,NaN
1,9,495,NaN
1,9,496,NaN
1,9,497,NaN
1,9,498,NaN
1,9,499,NaN
1,9,500,NaN
1,9,501,NaN
1,9,502,NaN
1,9,503,NaN
1,9,504,NaN
1,9,505,NaN
1,9,506,NaN
1,9,507,NaN
1,9,508,NaN
1,9,509,NaN
1,9,510,NaN
1,9,511,NaN
1,9,512,NaN
1,9,513,NaN
1,9,514,NaN
1,9,515,NaN
1,9,516,NaN
1,9,517,NaN
1,9,518,NaN
1,9,519,NaN
1,9,520,NaN
1,9,521,NaN
1,9,522,NaN
1,9,523,NaN
1,9,524,NaN
1,9,525,NaN
1,9,526,NaN
1,9,527,NaN
1,9,528,NaN
1,9,529,NaN
1,9,530,NaN
1,9,531,NaN
1,9,532,NaN
1,9,533,NaN
1,9,534,NaN
1,9,535,NaN
1,9,536,NaN
1,9,537,NaN
1,9,538,NaN
1,9,539,NaN
1,9,540,NaN
1,9,541,NaN
1,9,542,NaN
1,9,543,NaN
1,9,544,NaN
1,9,545,NaN
1,9,546,NaN
1,9,547,NaN
1,9,548,NaN
1,9,549,NaN
1,9,550,NaN
1,9,551,NaN
1,9,552,NaN
1,9,553,NaN
1,9,554,NaN
1,9,555,NaN
1,9,556,NaN
1,9,557,NaN
1,9,558,NaN
1,9,559,NaN
1,9,560,NaN
1,9,561,NaN
1,9,562,NaN
1,9,563,NaN
1,9,564,NaN
1,9,565,NaN
1,9,566,NaN
1,9,567,NaN
1,9,568,NaN
1,9,569,NaN
1,9,570,NaN
1,9,571,NaN
1,9,572,NaN
1,9,573,NaN
1,9,574,NaN
1,9,575,NaN
1,9,576,NaN
1,9,577,NaN
1,9,578,NaN
1,9,579,NaN
1,9,580,NaN
1,9,581,NaN
1,9,582,NaN
1,9,583,NaN
1,9,584,NaN
1,9,585,NaN
1,9,586,NaN
1,9,587,NaN
1,9,588,NaN
1,9,589,NaN
1,9,590,NaN
1,9,591,NaN
1,9,592,NaN
1,9,593,NaN
1,9,594,NaN
1,9,595,NaN
1,9,596,NaN
1,9,597,NaN
1,9,598,NaN
1,9,599,NaN
1,31,0,0.095571315000130705
1,31,1,0.098558670516014829
1,31,2,0.10157607226963913
1,31,3,0.10462270453862611
1,31,4,0.10769775048570079
1,31,5,0.11080039229008543
1,31,6,0.11392981127774353
1,31,7,0.11708518805040832
1,31,8,0.12026570261334284
1,31,9,0.12347053450178844
1,31,10,0.1266988629060691
1,31,11,0.12994986679532763
1,31,12,0.13322272503987859
1,31,13,0.13651661653216995
1,31,14,0.13983072030635427
1,31,15,0.14316421565647444
1,31,16,0.14651628225327784
1,31,17,0.14988610025967741
1,31,18,0.15327285044488259
1,31,19,0.15667571429723029
1,31,20,0.16009387413574788
1,31,21,0.16352651322048689
1,31,22,0.16697281586166762
1,31,23,0.17043196752768058
1,31,24,0.1739031549519921
1,31,25,0.17738556623900475
1,31,26,0.18087839096892627
1,31,27,0.18438082030170277
1,31,28,0.18789204708007357
1,31,29,0.19141126593180663
1,31,30,0.19493767337117635
1,31,31,0.19847046789974521
1,31,32,0.20200885010651179
1,31,33,0.2055520227674906
1,31,34,0.20909919094478599
1,31,35,0.21264956208522662
1,31,36,0.21620234611862418
1,31,37,0.21975675555572166
1,31,38,0.22331200558589495
1,31,39,0.22686731417467262
1,31,40,0.2304219021611367
1,31,41,0.23397499335526584
1,31,42,0.2375258146352846
1,31,43,0.24107359604507722
1,31,44,0.24461757089172417
1,31,45,0.24815697584322186
1,31,46,0.25169105102643691
1,31,47,0.25521904012535312
1,31,48,0.25874019047965868
1,31,49,0.26225375318372729
1,31,50,0.26575898318603797
1,31,51,0.26925513938907869
1,31,52,0.27274148474977916
1,31,53,0.27621728638050902
1,31,54,0.27968181565068051
1,31,55,0.28313434828899048
1,31,56,0.28657416448633138
1,31,57,0.29000054899940148
1,31,58,0.29341279125503728
1,31,59,0.2968101854552927
1,31,60,0.30019203068328099
1,31,61,0.30355763100979621
1,31,62,0.30690629560072663
1,31,63,0.31023733882526522
1,31,64,0.3135500803649266
1,31,65,0.31684384532336701
1,31,66,0.3201179643370079
1,31,67,0.32337177368645459
1,31,68,0.32660461540870261
1,31,69,0.32981583741011467
1,31,70,0.33300479358015422
1,31,71,0.336170843905851
1,31,72,0.33931335458697709
1,31,73,0.34243169815190061
1,31,74,0.3455252535740887
1,31,75,0.34859340638922065
1,31,76,0.35163554881287146
1,31,77,0.35465107985872429
1,31,78,0.35763940545726175
1,31,79,0.36059993857488765
1,31,80,0.36353209933342245
1,31,81,0.36643531512991784
1,31,82,0.36930902075672484
1,31,83,0.37215265852175594
1,31,84,0.37496567836886868
1,31,85,0.37774753799830418
1,31,86,0.38049770298710273
1,31,87,0.38321564690942234
1,31,88,0.38590085145667935
1,31,89,0.3885528065574283
1,31,90,0.39117101049689679
1,31,91,0.39375497003608712
1,31,92,0.39630420053035503
1,31,93,0.39881822604737194
1,31,94,0.40129657948437952
1,31,95,0.40373880268463597
1,31,96,0.40614444655296056
1,31,97,0.40851307117027097
1,31,98,0.41084424590701873
1,31,99,0.41313754953541393
1,31,100,0.415392570340339
1,31,101,0.41760890622884594
1,31,102,0.41978616483812936
1,31,103,0.42192396364187124
1,31,104,0.42402193005484951
1,31,105,0.42607970153570091
1,31,106,0.42809692568773366
1,31,107,0.43007326035767995
1,31,108,0.43200837373228174
1,31,109,0.43390194443260138
1,31,110,0.43575366160595203
1,31,111,0.43756322501533906
1,31,112,0.43933034512630992
1,31,113,0.44105474319110671
1,31,114,0.44273615133001615
1,31,115,0.44437431260981997
1,31,116,0.44596898111924016
1,31,117,0.44751992204128338
1,31,118,0.4490269117223859
1,31,119,0.45048973773826545
1,31,120,0.45190819895638562
1,31,121,0.45328210559494242
1,31,122,0.45461127927828565
1,31,123,0.45589555308868879
1,31,124,0.45713477161438276
1,31,125,0.45832879099377605
1,31,126,0.45947747895578162
1,31,127,0.46058071485617852
1,31,128,0.46163838970993398
1,31,129,0.46265040621942083
1,31,130,0.46361667879846552
1,31,131,0.46453713359216442
1,31,132,0.46541170849241237
1,31,133,0.46624035314908907
1,31,134,0.46702302897685455
1,31,135,0.46775970915750559
1,31,136,0.4684503786378541
1,31,137,0.4690950341230854
1,31,138,0.46969368406556633
1,31,139,0.47024634864906956
1,31,140,0.47075305976839138
1,31,141,0.47121386100433782
1,31,142,0.471628807594065
1,31,143,0.47199796639675834
1,31,144,0.47232141585464082
1,31,145,0.47259924594930874
1,31,146,0.47283155815339017
1,31,147,0.47301846537753262
1,31,148,0.47316009191272757
1,31,149,0.47325657336798277
1,31,150,0.47330805660335862
1,31,151,0.47331469965839224
1,31,152,0.47327667167592885
1,31,153,0.47319415282139388
1,31,154,0.47306733419753566
1,31,155,0.47289641775467745
1,31,156,0.47268161619651827
1,31,157,0.4724231528815287
1,31,158,0.47212126171998847
1,31,159,0.47177618706672092
1,31,160,0.47138818360957613
1,31,161,0.47095751625372806
1,31,162,0.47048446000184413
1,31,163,0.46996929983019536
1,31,164,0.46941233056077952
1,31,165,0.46881385672952608
1,31,166,0.46817419245066394
1,31,167,0.46749366127732855
1,31,168,0.46677259605849142
1,31,169,0.46601133879229928
1,31,170,0.46521024047590831
1,31,171,0.46436966095190502
1,31,172,0.46348996875140935
1,31,173,0.46257154093395153
1,31,174,0.46161476292422382
1,31,175,0.46062002834580656
1,31,176,0.45958773885196935
1,31,177,0.45851830395365317
1,31,178,0.45741214084473836
1,31,179,0.45626967422470593
1,31,180,0.45509133611880198
1,31,181,0.453877565695815
1,31,182,0.45262880908357861
1,31,183,0.45134551918231164
1,31,184,0.45002815547591163
1,31,185,0.44867718384131394
1,31,186,0.44729307635603593
1,31,187,0.44587631110401832
1,31,188,0.4444273719798853
1,31,189,0.44294674849173765
1,31,190,0.44143493556259905
1,31,191,0.43989243333063088
1,31,192,0.43831974694823861
1,31,193,0.4367173863801817
1,31,194,0.43508586620081058
1,31,195,0.43342570539054542
1,31,196,0.43173742713171637
1,31,197,0.43002155860388003
1,31,198,0.42827863077873107
1,31,199,0.42650917821472378
1,31,200,0.42471373885151892
1,31,201,0.42289285380437031
1,31,202,0.42104706715856527
1,31,203,0.41917692576403004
1,31,204,0.41728297903021377
1,31,205,0.41536577872135827
1,31,206,0.41342587875226589
1,31,207,0.41146383498467021
1,31,208,0.40948020502431781
1,31,209,0.40747554801886465
1,31,210,0.40545042445669094
1,31,211,0.40340539596673575
1,31,212,0.40134102511945086
1,31,213,0.39925787522897316
1,31,214,0.39715651015661002
1,31,215,0.39503749411573469
1,31,216,0.39290139147818182
1,31,217,0.39074876658223434
1,31,218,0.38858018354229207
1,31,219,0.38639620606030606
1,31,220,0.38419739723906404
1,31,221,0.38198431939741073
1,31,222,0.37975753388748079
1,31,223,0.37751760091402387
1,31,224,0.37526507935589737
1,31,225,0.37300052658979999
1,31,226,0.37072449831631732
1,31,227,0.36843754838834869
1,31,228,0.36614022864198187
1,31,229,0.36383308872987952
1,31,230,0.36151667595723935
1,31,231,0.35919153512038787
1,31,232,0.35685820834806486
1,31,233,0.35451723494545256
1,31,234,0.3521691512410034
1,31,235,0.34981449043611496
1,31,236,0.34745378245770031
1,31,237,0.34508755381369915
1,31,238,0.34271632745157204
1,31,239,0.3403406226198189
1,31,240,0.33796095473255866
1,31,241,0.33557783523720724
1,31,242,0.33319177148528573
1,31,243,0.33080326660639064
1,31,244,0.32841281938535466
1,31,245,0.32602092414262335
1,31,246,NaN
1,31,247,NaN
1,31,248,NaN
1,31,249,NaN
1,31,250,NaN
1,31,251,NaN
1,31,252,NaN
1,31,253,NaN
1,31,254,NaN
1,31,255,NaN
1,31,256,NaN
1,31,257,NaN
1,31,258,NaN
1,31,259,NaN
1,31,260,NaN
1,31,261,NaN
1,31,262,NaN
1,31,263,NaN
1,31,264,NaN
1,31,265,NaN
1,31,266,NaN
1,31,267,NaN
1,31,268,NaN
1,31,269,NaN
1,31,270,NaN
1,31,271,NaN
1,31,272,NaN
1,31,273,NaN
1,31,274,NaN
1,31,275,NaN
1,31,276,NaN
1,31,277,NaN
1,31,278,NaN
1,31,279,NaN
1,31,280,NaN
1,31,281,NaN
1,31,282,NaN
1,31,283,NaN
1,31,284,NaN
1,31,285,NaN
1,31,286,NaN
1,31,287,NaN
1,31,288,NaN
1,31,289,NaN
1,31,290,NaN
1,31,291,NaN
1,31,292,NaN
1,31,293,NaN
1,31,294,NaN
1,31,295,NaN
1,31,296,NaN
1,31,297,NaN
1,31,298,NaN
1,31,299,NaN
1,31,300,NaN
1,31,301,NaN
1,31,302,NaN
1,31,303,NaN
1,31,304,NaN
1,31,305,NaN
1,31,306,NaN
1,31,307,NaN
1,31,308,NaN
1,31,309,NaN
1,31,310,NaN
1,31,311,NaN
1,31,312,NaN
1,31,313,NaN
1,31,314,NaN
1,31,315,NaN
1,31,316,NaN
1,31,317,NaN
1,31,318,NaN
1,31,319,NaN
1,31,320,NaN
1,31,321,NaN
1,31,322,NaN
1,31,323,NaN
1,31,324,NaN
1,31,325,NaN
1,31,326,NaN
1,31,327,NaN
1,31,328,NaN
1,31,329,NaN
1,31,330,NaN
1,31,331,NaN
1,31,332,NaN
1,31,333,NaN
1,31,334,NaN
1,31,335,NaN
1,31,336,NaN
1,31,337,NaN
1,31,338,NaN
1,31,339,NaN
1,31,340,NaN
1,31,341,NaN
1,31,342,NaN
1,31,343,NaN
1,31,344,NaN
1,31,345,NaN
1,31,346,NaN
1,31,347,NaN
1,31,348,NaN
1,31,349,NaN
1,31,350,NaN
1,31,351,NaN
1,31,352,NaN
1,31,353,NaN
1,31,354,NaN
1,31,355,NaN
1,31,356,NaN
1,31,357,NaN
1,31,358,NaN
1,31,359,NaN
1,31,360,NaN
1,31,361,NaN
1,31,362,NaN
1,31,363,NaN
1,31,364,NaN
1,31,365,NaN
1,31,366,NaN
1,31,367,NaN
1,31,368,NaN
1,31,369,NaN
1,31,370,NaN
1,31,371,NaN
1,31,372,NaN
1,31,373,NaN
1,31,374,NaN
1,31,375,NaN
1,31,376,NaN
1,31,377,NaN
1,31,378,NaN
1,31,379,NaN
1,31,380,NaN
1,31,381,NaN
1,31,382,NaN
1,31,383,NaN
1,31,384,NaN
1,31,385,NaN
1,31,386,NaN
1,31,387,NaN
1,31,388,NaN
1,31,389,NaN
1,31,390,NaN
1,31,391,NaN
1,31,392,NaN
1,31,393,NaN
1,31,394,NaN
1,31,395,NaN
1,31,396,NaN
1,31,397,NaN
1,31,398,NaN
1,31,399,NaN
1,31,400,NaN
1,31,401,NaN
1,31,402,NaN
1,31,403,NaN
1,31,404,NaN
1,31,405,NaN
1,31,406,NaN
1,31,407,NaN
1,31,408,NaN
1,31,409,NaN
1,31,410,NaN
1,31,411,NaN
1,31,412,NaN
1,31,413,NaN
1,31,414,NaN
1,31,415,NaN
1,31,416,NaN
1,31,417,NaN
1,31,418,NaN
1,31,419,NaN
1,31,420,NaN
1,31,421,NaN
1,31,422,NaN
1,31,423,NaN
1,31,424,NaN
1,31,425,NaN
1,31,426,NaN
1,31,427,NaN
1,31,428,NaN
1,31,429,NaN
1,31,430,NaN
1,31,431,NaN
1,31,432,NaN
1,31,433,NaN
1,31,434,NaN
1,31,435,NaN
1,31,436,NaN
1,31,437,NaN
1,31,438,NaN
1,31,439,NaN
1,31,440,NaN
1,31,441,NaN
1,31,442,NaN
1,31,443,NaN
1,31,444,NaN
1,31,445,NaN
1,31,446,NaN
1,31,447,NaN
1,31,448,NaN
1,31,449,NaN
1,31,450,NaN
1,31,451,NaN
1,31,452,NaN
1,31,453,NaN
1,31,454,NaN
1,31,455,NaN
1,31,456,NaN
1,31,457,NaN
1,31,458,NaN
1,31,459,NaN
1,31,460,NaN
1,31,461,NaN
1,31,462,NaN
1,31,463,NaN
1,31,464,NaN
1,31,465,NaN
1,31,466,NaN
1,31,467,NaN
1,31,468,NaN
1,31,469,NaN
1,31,470,NaN
1,31,471,NaN
1,31,472,NaN
1,31,473,NaN
1,31,474,NaN
1,31,475,NaN
1,31,476,NaN
1,31,477,NaN
1,31,478,NaN
1,31,479,NaN
1,31,480,NaN
1,31,481,NaN
1,31,482,NaN
1,31,483,NaN
1,31,484,NaN
1,31,485,NaN
1,31,486,NaN
1,31,487,NaN
1,31,488,NaN
1,31,489,NaN
1,31,490,NaN
1,31,491,NaN
1,31,492,NaN
1,31,493,NaN
1,31,494,NaN
1,31,495,NaN
1,31,496,NaN
1,31,497,NaN
1,31,498,NaN
1,31,499,NaN
1,31,500,NaN
1,31,501,NaN
1,31,502,NaN
1,31,503,NaN
1,31,504,NaN
1,31,505,NaN
1,31,506,NaN
1,31,507,NaN
1,31,508,NaN
1,31,509,NaN
1,31,510,NaN
1,31,511,NaN
1,31,512,NaN
1,31,513,NaN
1,31,514,NaN
1,31,515,NaN
1,31,516,NaN
1,31,517,NaN
1,31,518,NaN
1,31,519,NaN
1,31,520,NaN
1,31,521,NaN
1,31,522,NaN
1,31,523,NaN
1,31,524,NaN
1,31,525,NaN
1,31,526,NaN
1,31,527,NaN
1,31,528,NaN
1,31,529,NaN
1,31,530,NaN
1,31,531,NaN
1,31,532,NaN
1,31,533,NaN
1,31,534,NaN
1,31,535,NaN
1,31,536,NaN
1,31,537,NaN
1,31,538,NaN
1,31,539,NaN
1,31,540,NaN
1,31,541,NaN
1,31,542,NaN
1,31,543,NaN
1,31,544,NaN
1,31,545,NaN
1,31,546,NaN
1,31,547,NaN
1,31,548,NaN
1,31,549,NaN
1,31,550,NaN
1,31,551,NaN
1,31,552,NaN
1,31,553,NaN
1,31,554,NaN
1,31,555,NaN
1,31,556,NaN
1,31,557,NaN
1,31,558,NaN
1,31,559,NaN
1,31,560,NaN
1,31,561,NaN
1,31,562,NaN
1,31,563,NaN
1,31,564,NaN
1,31,565,NaN
1,31,566,NaN
1,31,567,NaN
1,31,568,NaN
1,31,569,NaN
1,31,570,NaN
1,31,571,NaN
1,31,572,NaN
1,31,573,NaN
1,31,574,NaN
1,31,575,NaN
1,31,576,NaN
1,31,577,NaN
1,31,578,NaN
1,31,579,NaN
1,31,580,NaN
1,31,581,NaN
1,31,582,NaN
1,31,583,NaN
1,31,584,NaN
1,31,585,NaN
1,31,586,NaN
1,31,587,NaN
1,31,588,NaN
1,31,589,NaN
1,31,590,NaN
1,31,591,NaN
1,31,592,NaN
1,31,593,NaN
1,31,594,NaN
1,31,595,NaN
1,31,596,NaN
1,31,597,NaN
1,31,598,NaN
1,31,599,NaN
1,42,0,0.08992561848227347
1,42,1,0.092725891791716378
1,42,2,0.095556134598889869
1,42,3,0.098415538906634223
1,42,4,0.10130329562405868
1,42,5,0.10421859475081459
1,42,6,0.10716062555397689
1,42,7,0.11012857673825859
1,42,8,0.11312163661017909
1,42,9,0.11613899323671877
1,42,10,0.11917983459892061
1,42,11,0.12224334874083621
1,42,12,0.12532872391416361
1,42,13,0.12843514871887921
1,42,14,0.13156181224013261
1,42,15,0.13470790418163917
1,42,16,0.13787261499578368
1,42,17,0.14105513601062347
1,42,18,0.14425465955396463
1,42,19,0.14747037907466928
1,42,20,0.1507014892613375
1,42,21,0.15394718615850139
1,42,22,0.15720666728045671
1,42,23,0.1604791317228523
1,42,24,0.1637637802721508
1,42,25,0.16705981551307106
1,42,26,0.17036644193411596
1,42,27,0.17368286603128927
1,42,28,0.17700829641009966
1,42,29,0.1803419438859501
1,42,30,0.18368302158300726
1,42,31,0.18703074503164441
1,42,32,0.1903843322645509
1,42,33,0.19374300391159871
1,42,34,0.19710598329355605
1,42,35,0.20047249651473789
1,42,36,0.20384177255467875
1,42,37,0.20721304335891844
1,42,38,0.21058554392898263
1,42,39,0.2139585124116466
1,42,40,0.2173311901875617
1,42,41,0.22070282195933189
1,42,42,0.2240726558391159
1,42,43,0.22743994343583898
1,42,44,0.23080393994209011
1,42,45,0.23416390422078084
1,42,46,0.23751909889164188
1,42,47,0.24086879041762888
1,42,48,0.24421224919130755
1,42,49,0.24754874962128925
1,42,50,0.25087757021877949
1,42,51,0.25419799368430684
1,42,52,0.25750930699468966
1,42,53,0.26081080149030422
1,42,54,0.26410177296270443
1,42,55,0.2673815217426499
1,42,56,0.27064935278859098
1,42,57,0.27390457577565819
1,42,58,0.27714650518519729
1,42,59,0.28037446039489339
1,42,60,0.28358776576951811
1,42,61,0.28678575075233464
1,42,62,0.28996774995718932
1,42,63,0.29313310326131592
1,42,64,0.29628115589887433
1,42,65,0.29941125855524359
1,42,66,0.30252276746208084
1,42,67,0.30561504449315829
1,42,68,0.30868745726098606
1,42,69,0.31173937921421901
1,42,70,0.31477018973585097
1,42,71,0.31777927424218672
1,42,72,0.32076602428258444
1,42,73,0.32372983763995233
1,42,74,0.32667011843198412
1,42,75,0.3295862772131089
1,42,76,0.33247773107713052
1,42,77,0.33534390376052492
1,42,78,0.33818422574636348
1,42,79,0.34099813436882032
1,42,80,0.34378507391822566
1,42,81,0.346544495746616
1,42,82,0.3492758583737316
1,42,83,0.35197862759340875
1,42,84,0.35465227658030846
1,42,85,0.35729628599692065
1,42,86,0.35991014410077998
1,42,87,0.36249334685182366
1,42,88,0.36504539801982244
1,42,89,0.36756580929180793
1,42,90,0.37005410037942077
1,42,91,0.37250979912609744
1,42,92,0.37493244161401279
1,42,93,0.37732157227069368
1,42,94,0.37967674397521256
1,42,95,0.38199751816387212
1,42,96,0.38428346493528664
1,42,97,0.38653416315476413
1,42,98,0.38874920055789369
1,42,99,0.39092817385323658
1,42,100,0.39307068882402174
1,42,101,0.39517636042874305
1,42,102,0.39724481290055363
1,42,103,0.39927567984535406
1,42,104,0.40126860433846806
1,42,105,0.40322323901979923
1,42,106,0.40513924618735964
1,42,107,0.40701629788906818
1,42,108,0.40885407601270451
1,42,109,0.41065227237391472
1,42,110,0.41241058880215947
1,42,111,0.41412873722449939
1,42,112,0.41580643974710652
1,42,113,0.41744342873439988
1,42,114,0.41903944688569844
1,42,115,0.42059424730928435
1,42,116,0.42210759359377847
1,42,117,0.42357925987672179
1,42,118,0.4250090309102641
1,42,119,0.42639670212386194
1,42,120,0.42774207968388878
1,42,121,0.42904498055006246
1,42,122,0.43030523252859609
1,42,123,0.43152267432198571
1,42,124,0.43269715557534405
1,42,125,0.43382853691919609
1,42,126,0.43491669000865446
1,42,127,0.43596149755889652
1,42,128,0.43696285337686341
1,42,129,0.43792066238911226
1,42,130,0.43883484066574802
1,42,131,0.43970531544037095
1,42,132,0.44053202512597545
1,42,133,0.44131491932674166
1,42,134,0.44205395884566279
1,42,135,0.44274911568795905
1,42,136,0.44340037306022678
1,42,137,0.44400772536528099
1,42,138,0.44457117819265102
1,42,139,0.44509074830469197
1,42,140,0.44556646361828234
1,42,141,0.44599836318207692
1,42,142,0.4463864971492944
1,42,143,0.44673092674602038
1,42,144,0.44703172423500714
1,42,145,0.44728897287496477
1,42,146,0.44750276687533264
1,42,147,0.44767321134653315
1,42,148,0.4478004222457051
1,42,149,0.4478845263179298
1,42,150,0.44792566103295356
1,42,151,0.44792397451742777
1,42,152,0.44787962548268229
1,42,153,0.44779278314805732
1,42,154,0.44766362715982005
1,42,155,0.4474923475057011
1,42,156,0.44727914442508199
1,42,157,0.4470242283148792
1,42,158,0.44672781963116348
1,42,159,0.44639014878656674
1,42,160,0.4460114560435251
1,42,161,0.44559199140341565
1,42,162,0.44513201449164541
1,42,163,0.444631794438754
1,42,164,0.44409160975759915
1,42,165,0.44351174821669209
1,42,166,0.44289250670975777
1,42,167,0.44223419112159379
1,42,168,0.44153711619031066
1,42,169,0.44080160536603297
1,42,170,0.44002799066614739
1,42,171,0.43921661252718769
1,42,172,0.4383678196534434
1,42,173,0.43748196886238927
1,42,174,0.4365594249270297
1,42,175,0.43560056041525513
1,42,176,0.43460575552631237
1,42,177,0.43357539792449118
1,42,178,0.43250988257012851
1,42,179,0.43140961154804031
1,42,180,0.43027499389348667
1,42,181,0.42910644541577886
1,42,182,0.4279043885196408
1,42,183,0.42666925202443606
1,42,184,0.42540147098137321
1,42,185,0.42410148648880497
1,42,186,0.42276974550573587
1,42,187,0.42140670066365382
1,42,188,0.42001281007680297
1,42,189,0.41858853715101535
1,42,190,0.41713435039121888
1,42,191,0.4156507232077391
1,42,192,0.41413813372151359
1,42,193,0.41259706456833678
1,42,194,0.41102800270225498
1,42,195,0.40943143919822722
1,42,196,0.40780786905417182
1,42,197,0.4061577909925157
1,42,198,0.40448170726136229
1,42,199,0.40278012343539649
1,42,200,0.40105354821664069
1,42,201,0.39930249323517758
1,42,202,0.39752747284995332
1,42,203,0.39572900394977539
1,42,204,0.3939076057546152
1,42,205,0.3920637996173274
1,42,206,0.39019810882589662
1,42,207,0.38831105840631669
1,42,208,0.38640317492621329
1,42,209,0.38447498629931148
1,42,210,0.38252702159085455
1,42,211,0.38055997529359492
1,42,212,0.37857440121598246
1,42,213,0.37657083152839893
1,42,214,0.37454979858406967
1,42,215,0.37251183473158023
1,42,216,0.37045747212905411
1,42,217,0.36838724256007849
1,42,218,0.3663016772514669
1,42,219,0.36420130669294232
1,42,220,0.36208666045882332
1,42,221,0.35995826703179512
1,42,222,0.35781665362884274
1,42,223,0.35566234602942104
1,42,224,0.35349586840593861
1,42,225,0.35131774315662351
1,42,226,0.34912849074084079
1,42,227,0.34692862951692943
1,42,228,0.34471867558262098
1,42,229,0.34249914261810327
1,42,230,0.34027054173178656
1,42,231,0.3380333813088307
1,42,232,0.33578816686248669
1,42,233,0.33353540088830358
1,42,234,0.33127558272125202
1,42,235,0.32900920839580977
1,42,236,0.32673677050905414
1,42,237,0.32445875808680236
1,42,238,0.32217565645284091
1,42,239,0.31988794710127966
1,42,240,0.31759610757206547
1,42,241,0.3153006113296869
1,42,242,0.31300192764510121
1,42,243,0.31070052148090932
1,42,244,0.30839685337980416
1,42,245,0.30609137935631531
1,42,246,NaN
1,42,247,NaN
1,42,248,NaN
1,42,249,NaN
1,42,250,NaN
1,42,251,NaN
1,42,252,NaN
1,42,253,NaN
1,42,254,NaN
1,42,255,NaN
1,42,256,NaN
1,42,257,NaN
1,42,258,NaN
1,42,259,NaN
1,42,260,NaN
1,42,261,NaN
1,42,262,NaN
1,42,263,NaN
1,42,264,NaN
1,42,265,NaN
1,42,266,NaN
1,42,267,NaN
1,42,268,NaN
1,42,269,NaN
1,42,270,NaN
1,42,271,NaN
1,42,272,NaN
1,42,273,NaN
1,42,274,NaN
1,42,275,NaN
1,42,276,NaN
1,42,277,NaN
1,42,278,NaN
1,42,279,NaN
1,42,280,NaN
1,42,281,NaN
1,42,282,NaN
1,42,283,NaN
1,42,284,NaN
1,42,285,NaN
1,42,286,NaN
1,42,287,NaN
1,42,288,NaN
1,42,289,NaN
1,42,290,NaN
1,42,291,NaN
1,42,292,NaN
1,42,293,NaN
1,42,294,NaN
1,42,295,NaN
1,42,296,NaN
1,42,297,NaN
1,42,298,NaN
1,42,299,NaN
1,42,300,NaN
1,42,301,NaN
1,42,302,NaN
1,42,303,NaN
1,42,304,NaN
1,42,305,NaN
1,42,306,NaN
1,42,307,NaN
1,42,308,NaN
1,42,309,NaN
1,42,310,NaN
1,42,311,NaN
1,42,312,NaN
1,42,313,NaN
1,42,314,NaN
1,42,315,NaN
1,42,316,NaN
1,42,317,NaN
1,42,318,NaN
1,42,319,NaN
1,42,320,NaN
1,42,321,NaN
1,42,322,NaN
1,42,323,NaN
1,42,324,NaN
1,42,325,NaN
1,42,326,NaN
1,42,327,NaN
1,42,328,NaN
1,42,329,NaN
1,42,330,NaN
1,42,331,NaN
1,42,332,NaN
1,42,333,NaN
1,42,334,NaN
1,42,335,NaN
1,42,336,NaN
1,42,337,NaN
1,42,338,NaN
1,42,339,NaN
1,42,340,NaN
1,42,341,NaN
1,42,342,NaN
1,42,343,NaN
1,42,344,NaN
1,42,345,NaN
1,42,346,NaN
1,42,347,NaN
1,42,348,NaN
1,42,349,NaN
1,42,350,NaN
1,42,351,NaN
1,42,352,NaN
1,42,353,NaN
1,42,354,NaN
1,42,355,NaN
1,42,356,NaN
1,42,357,NaN
1,42,358,NaN
1,42,359,NaN
1,42,360,NaN
1,42,361,NaN
1,42,362,NaN
1,42,363,NaN
1,42,364,NaN
1,42,365,NaN
1,42,366,NaN
1,42,367,NaN
1,42,368,NaN
1,42,369,NaN
1,42,370,NaN
1,42,371,NaN
1,42,372,NaN
1,42,373,NaN
1,42,374,NaN
1,42,375,NaN
1,42,376,NaN
1,42,377,NaN
1,42,378,NaN
1,42,379,NaN
1,42,380,NaN
1,42,381,NaN
1,42,382,NaN
1,42,383,NaN
1,42,384,NaN
1,42,385,NaN
1,42,386,NaN
1,42,387,NaN
1,42,388,NaN
1,42,389,NaN
1,42,390,NaN
1,42,391,NaN
1,42,392,NaN
1,42,393,NaN
1,42,394,NaN
1,42,395,NaN
1,42,396,NaN
1,42,397,NaN
1,42,398,NaN
1,42,399,NaN
1,42,400,NaN
1,42,401,NaN
1,42,402,NaN
1,42,403,NaN
1,42,404,NaN
1,42,405,NaN
1,42,406,NaN
1,42,407,NaN
1,42,408,NaN
1,42,409,NaN
1,42,410,NaN
1,42,411,NaN
1,42,412,NaN
1,42,413,NaN
1,42,414,NaN
1,42,415,NaN
1,42,416,NaN
1,42,417,NaN
1,42,418,NaN
1,42,419,NaN
1,42,420,NaN
1,42,421,NaN
1,42,422,NaN
1,42,423,NaN
1,42,424,NaN
1,42,425,NaN
1,42,426,NaN
1,42,427,NaN
1,42,428,NaN
1,42,429,NaN
1,42,430,NaN
1,42,431,NaN
1,42,432,NaN
1,42,433,NaN
1,42,434,NaN
1,42,435,NaN
1,42,436,NaN
1,42,437,NaN
1,42,438,NaN
1,42,439,NaN
1,42,440,NaN
1,42,441,NaN
1,42,442,NaN
1,42,443,NaN
1,42,444,NaN
1,42,445,NaN
1,42,446,NaN
1,42,447,NaN
1,42,448,NaN
1,42,449,NaN
1,42,450,NaN
1,42,451,NaN
1,42,452,NaN
1,42,453,NaN
1,42,454,NaN
1,42,455,NaN
1,42,456,NaN
1,42,457,NaN
1,42,458,NaN
1,42,459,NaN
1,42,460,NaN
1,42,461,NaN
1,42,462,NaN
1,42,463,NaN
1,42,464,NaN
1,42,465,NaN
1,42,466,NaN
1,42,467,NaN
1,42,468,NaN
1,42,469,NaN
1,42,470,NaN
1,42,471,NaN
1,42,472,NaN
1,42,473,NaN
1,42,474,NaN
1,42,475,NaN
1,42,476,NaN
1,42,477,NaN
1,42,478,NaN
1,42,479,NaN
1,42,480,NaN
1,42,481,NaN
1,42,482,NaN
1,42,483,NaN
1,42,484,NaN
1,42,485,NaN
1,42,486,NaN
1,42,487,NaN
1,42,488,NaN
1,42,489,NaN
1,42,490,NaN
1,42,491,NaN
1,42,492,NaN
1,42,493,NaN
1,42,494,NaN
1,42,495,NaN
1,42,496,NaN
1,42,497,NaN
1,42,498,NaN
1,42,499,NaN
1,42,500,NaN
1,42,501,NaN
1,42,502,NaN
1,42,503,NaN
1,42,504,NaN
1,42,505,NaN
1,42,506,NaN
1,42,507,NaN
1,42,508,NaN
1,42,509,NaN
1,42,510,NaN
1,42,511,NaN
1,42,512,NaN
1,42,513,NaN
1,42,514,NaN
1,42,515,NaN
1,42,516,NaN
1,42,517,NaN
1,42,518,NaN
1,42,519,NaN
1,42,520,NaN
1,42,521,NaN
1,42,522,NaN
1,42,523,NaN
1,42,524,NaN
1,42,525,NaN
1,42,526,NaN
1,42,527,NaN
1,42,528,NaN
1,42,529,NaN
1,42,530,NaN
1,42,531,NaN
1,42,532,NaN
1,42,533,NaN
1,42,534,NaN
1,42,535,NaN
1,42,536,NaN
1,42,537,NaN
1,42,538,NaN
1,42,539,NaN
1,42,540,NaN
1,42,541,NaN
1,42,542,NaN
1,42,543,NaN
1,42,544,NaN
1,42,545,NaN
1,42,546,NaN
1,42,547,NaN
1,42,548,NaN
1,42,549,NaN
1,42,550,NaN
1,42,551,NaN
1,42,552,NaN
1,42,553,NaN
1,42,554,NaN
1,42,555,NaN
1,42,556,NaN
1,42,557,NaN
1,42,558,NaN
1,42,559,NaN
1,42,560,NaN
1,42,561,NaN
1,42,562,NaN
1,42,563,NaN
1,42,564,NaN
1,42,565,NaN
1,42,566,NaN
1,42,567,NaN
1,42,568,NaN
1,42,569,NaN
1,42,570,NaN
1,42,571,NaN
1,42,572,NaN
1,42,573,NaN
1,42,574,NaN
1,42,575,NaN
1,42,576,NaN
1,42,577,NaN
1,42,578,NaN
1,42,579,NaN
1,42,580,NaN
1,42,581,NaN
1,42,582,NaN
1,42,583,NaN
1,42,584,NaN
1,42,585,NaN
1,42,586,NaN
1,42,587,NaN
1,42,588,NaN
1,42,589,NaN
1,42,590,NaN
1,42,591,NaN
1,42,592,NaN
1,42,593,NaN
1,42,594,NaN
1,42,595,NaN
1,42,596,NaN
1,42,597,NaN
1,42,598,NaN
1,42,599,NaN
1,14,0,0.084211443606353173
1,14,1,0.086914903106746683
1,14,2,0.089646173829276199
1,14,3,0.092404468710950344
1,14,4,0.09518899952405091
1,14,5,0.097998976990426603
1,14,6,0.10083361089630394
1,14,7,0.10369211020745944
1,14,8,0.1065736831846168
1,14,9,0.10947753749894934
1,14,10,0.11240288034758661
1,14,11,0.11534891856903581
1,14,12,0.11831485875844487
1,14,13,0.12129990738264416
1,14,14,0.12430327089491611
1,14,15,0.12732415584945178
1,14,16,0.13036176901546226
1,14,17,0.13341531749092173
1,14,18,0.13648400881592673
1,14,19,0.139567051085662
1,14,20,0.1426636530629711
1,14,21,0.14577302429053415
1,14,22,0.14889437520266149
1,14,23,0.15202691723671555
1,14,24,0.15516986294417784
1,14,25,0.15832242610138172
1,14,26,0.16148382181993437
1,14,27,0.16465326665685462
1,14,28,0.16782997872445482
1,14,29,0.17101317779999908
1,14,30,0.17420208543516907
1,14,31,0.17739592506537252
1,14,32,0.18059392211892861
1,14,33,0.18379530412616737
1,14,34,0.18699930082847882
1,14,35,0.19020514428734908
1,14,36,0.19341206899341992
1,14,37,0.19661931197560928
1,14,38,0.19982611291032823
1,14,39,0.20303171423083075
1,14,40,0.20623536123673078
1,14,41,0.20943630220372117
1,14,42,0.21263378849352627
1,14,43,0.21582707466412099
1,14,44,0.2190154185802449
1,14,45,0.22219808152424114
1,14,46,0.22537432830724549
1,14,47,0.22854342738075109
1,14,48,0.23170465094857154
1,14,49,0.23485727507922172
1,14,50,0.2380005798187364
1,14,51,0.24113384930394136
1,14,52,0.24425637187619048
1,14,53,0.24736744019558066
1,14,54,0.25046635135565165
1,14,55,0.25355240699857778
1,14,56,0.25662491343085375
1,14,57,0.25968318173947402
1,14,58,0.26272652790860579
1,14,59,0.2657542729367452
1,14,60,0.26876574295435351
1,14,61,0.27176026934195824
1,14,62,0.27473718884870563
1,14,63,0.27769584371134776
1,14,64,0.28063558177364295
1,14,65,0.28355575660614635
1,14,66,0.2864557276263644
1,14,67,0.28933486021924232
1,14,68,0.29219252585795502
1,14,69,0.29502810222496234
1,14,70,0.2978409733332929
1,14,71,0.30063052964801462
1,14,72,0.30339616820784637
1,14,73,0.30613729274686596
1,14,74,0.30885331381626219
1,14,75,0.31154364890608094
1,14,76,0.31420772256690782
1,14,77,0.31684496653143107
1,14,78,0.31945481983582352
1,14,79,0.32203672894088081
1,14,80,0.3245901478528519
1,14,81,0.32711453824389192
1,14,82,0.32960936957206977
1,14,83,0.33207411920085816
1,14,84,0.33450827251803111
1,14,85,0.33691132305389387
1,14,86,0.33928277259876838
1,14,87,0.34162213131965302
1,14,88,0.34392891787597779
1,14,89,0.34620265953436991
1,14,90,0.34844289228234898
1,14,91,0.35064916094086379
1,14,92,0.35282101927558651
1,14,93,0.35495803010687527
1,14,94,0.35705976541831896
1,14,95,0.35912580646377373
1,14,96,0.36115574387280081
1,14,97,0.36314917775441952
1,14,98,0.36510571779907897
1,14,99,0.36702498337876482
1,14,100,0.36890660364514244
1,14,101,0.37075021762565347
1,14,102,0.37255547431746888
1,14,103,0.37432203277921239
1,14,104,0.37604956222036201
1,14,105,0.37773774208824101
1,14,106,0.37938626215251042
1,14,107,0.38099482258707407
1,14,108,0.38256313404930992
1,14,109,0.3840909177565428
1,14,110,0.38557790555967153
1,14,111,0.38702384001386964
1,14,112,0.38842847444627771
1,14,113,0.38979157302060541
1,14,114,0.39111291079856714
1,14,115,0.39239227379807251
1,14,116,0.39362945904809921
1,14,117,0.39482427464017328
1,14,118,0.39597653977638908
1,14,119,0.39708608481389807
1,14,120,0.39815275130580197
1,14,121,0.39917639203838895
1,14,122,0.40015687106464687
1,14,123,0.40109406373400125
1,14,124,0.40198785671821946
1,14,125,0.4028381480334286
1,14,126,0.40364484705819903
1,14,127,0.4044078745476456
1,14,128,0.40512716264350401
1,14,129,0.40580265488014039
1,14,130,0.40643430618645898
1,14,131,0.40702208288367164
1,14,132,0.40756596267890027
1,14,133,0.40806593465458368
1,14,134,0.40852199925366495
1,14,135,0.4089341682605388
1,14,136,0.40930246477774285
1,14,137,0.4096269231983764
1,14,138,0.40990758917423953
1,14,139,0.41014451957968362
1,14,140,0.41033778247117142
1,14,141,0.41048745704254602
1,14,142,0.41059363357601342
1,14,143,0.41065641338884545
1,14,144,0.41067590877581456
1,14,145,0.41065224294737501
1,14,146,0.41058554996360591
1,14,147,0.41047597466394287
1,14,148,0.41032367259271713
1,14,149,0.41012880992053424
1,14,150,0.40989156336152288
1,14,151,0.40961212008648884
1,14,152,0.40929067763201193
1,14,153,0.40892744380552881
1,14,154,0.40852263658644489
1,14,155,0.40807648402332386
1,14,156,0.40758922412720766
1,14,157,0.40706110476111707
1,14,158,0.40649238352579398
1,14,159,0.40588332764174256
1,14,160,0.40523421382763442
1,14,161,0.40454532817514061
1,14,162,0.40381696602026146
1,14,163,0.40304943181122344
1,14,164,0.40224303897301661
1,14,165,0.40139810976864926
1,14,166,0.40051497515719764
1,14,167,0.39959397464873037
1,14,168,0.39863545615619217
1,14,169,0.39763977584432925
1,14,170,0.39660729797574534
1,14,171,0.39553839475417546
1,14,172,0.39443344616506881
1,14,173,0.39329283981357327
1,14,174,0.39211697076001323
1,14,175,0.39090624135295937
1,14,176,0.38966106105998499
1,14,177,0.38838184629620637
1,14,178,0.38706902025070944
1,14,179,0.3857230127109601
1,14,180,0.38434425988530152
1,14,181,0.38293320422363969
1,14,182,0.38149029423642183
1,14,183,0.38001598431201078
1,14,184,0.37851073453255918
1,14,185,0.37697501048849102
1,14,186,0.37540928309169336
1,14,187,0.3738140283875257
1,14,188,0.37218972736575368
1,14,189,0.37053686577051148
1,14,190,0.36885593390940186
1,14,191,0.36714742646183751
1,14,192,0.36541184228673268
1,14,193,0.36364968422964877
1,14,194,0.36186145892950117
1,14,195,0.36004767662493192
1,14,196,0.35820885096045396
1,14,197,0.35634549879246991
1,14,198,0.35445813999526998
1,14,199,0.35254729726711354
1,14,200,0.3506134959364921
1,14,201,0.34865726376868111
1,14,202,0.34667913077267543
1,14,203,0.34467962900861177
1,14,204,0.34265929239577453
1,14,205,0.34061865652128248
1,14,206,0.33855825844955323
1,14,207,0.33647863653263932
1,14,208,0.33438033022152897
1,14,209,0.33226387987850498
1,14,210,0.33012982659065121
1,14,211,0.32797871198459572
1,14,212,0.32581107804257903
1,14,213,0.32362746691993194
1,14,214,0.32142842076404898
1,14,215,0.31921448153493859
1,14,216,0.31698619082743157
1,14,217,0.31474408969512691
1,14,218,0.31248871847615223
1,14,219,0.31022061662081379
1,14,220,0.30794032252121034
1,14,221,0.30564837334288186
1,14,222,0.30334530485856326
1,14,223,0.30103165128411025
1,14,224,0.2987079451166636
1,14,225,0.29637471697511519
1,14,226,0.29403249544293725
1,14,227,0.29168180691343465
1,14,228,0.28932317543747788
1,14,229,0.28695712257377115
1,14,230,0.28458416724170987
1,14,231,0.28220482557687865
1,14,232,0.27981961078923712
1,14,233,0.2774290330240427
1,14,234,0.27503359922555298
1,14,235,0.27263381300355166
1,14,236,0.27023017450273695
1,14,237,0.26782318027501184
1,14,238,0.26541332315471106
1,14,239,0.26300109213679967
1,14,240,0.26058697225807298
1,14,241,0.2581714444813894
1,14,242,0.25575498558296161
1,14,243,0.25333806804273229
1,14,244,0.25092115993785646
1,14,245,0.24850472483931091
1,14,246,0.2460892217116509
1,14,247,0.24367510481592808
1,14,248,0.24126282361578599
1,14,249,0.23885282268674327
1,14,250,0.23644554162867673
1,14,251,0.23404141498151018
1,14,252,0.23164087214411586
1,14,253,0.22924433729643137
1,14,254,0.22685222932479446
1,14,255,0.22446496175049455
1,14,256,0.22208294266153861
1,14,257,0.21970657464762622
1,14,258,0.21733625473832874
1,14,259,0.21497237434446098
1,14,260,0.21261531920263801
1,14,261,0.21026546932300172
1,14,262,0.20792319894010344
1,14,263,0.20558887646692584
1,14,264,0.20326286445202535
1,14,265,0.20094551953977391
1,14,266,0.19863719243367814
1,14,267,0.19633822786275051
1,14,268,0.19404896455090626
1,14,269,0.19176973518935742
1,14,270,0.18950086641197358
1,14,271,0.18724267877357639
1,14,272,0.18499548673113383
1,14,273,0.18275959862781763
1,14,274,0.18053531667988551
1,14,275,0.17832293696634785
1,14,276,0.17612274942137654
1,14,277,0.1739350378294113
1,14,278,0.17176007982291805
1,14,279,0.16959814688274988
1,14,280,0.16744950434106093
1,14,281,0.16531441138672115
1,14,282,0.16319312107317591
1,14,283,0.1610858803286957
1,14,284,0.1589929299689562
1,14,285,0.15691450471188759
1,14,286,0.154850833194731
1,14,287,0.15280213799323575
1,14,288,0.15076863564293097
1,14,289,0.1487505366624001
1,14,290,0.14674804557848831
1,14,291,0.14476136095336592
1,14,292,0.14279067541337262
1,14,293,0.14083617567956166
1,14,294,0.13889804259986316
1,14,295,0.13697645118278079
1,14,296,0.13507157063253547
1,14,297,0.13318356438556553
1,14,298,0.13131259014829091
1,14,299,0.12945879993604634
1,14,300,0.12762234011308415
1,14,301,0.12580335143354696
1,14,302,0.12400196908330477
1,14,303,0.12221832272255108
1,14,304,0.12045253652904653
1,14,305,0.118704729241898
1,14,306,NaN
1,14,307,NaN
1,14,308,NaN
1,14,309,NaN
1,14,310,NaN
1,14,311,NaN
1,14,312,NaN
1,14,313,NaN
1,14,314,NaN
1,14,315,NaN
1,14,316,NaN
1,14,317,NaN
1,14,318,NaN
1,14,319,NaN
1,14,320,NaN
1,14,321,NaN
1,14,322,NaN
1,14,323,NaN
1,14,324,NaN
1,14,325,NaN
1,14,326,NaN
1,14,327,NaN
1,14,328,NaN
1,14,329,NaN
1,14,330,NaN
1,14,331,NaN
1,14,332,NaN
1,14,333,NaN
1,14,334,NaN
1,14,335,NaN
1,14,336,NaN
1,14,337,NaN
1,14,338,NaN
1,14,339,NaN
1,14,340,NaN
1,14,341,NaN
1,14,342,NaN
1,14,343,NaN
1,14,344,NaN
1,14,345,NaN
1,14,346,NaN
1,14,347,NaN
1,14,348,NaN
1,14,349,NaN
1,14,350,NaN
1,14,351,NaN
1,14,352,NaN
1,14,353,NaN
1,14,354,NaN
1,14,355,NaN
1,14,356,NaN
1,14,357,NaN
1,14,358,NaN
1,14,359,NaN
1,14,360,NaN
1,14,361,NaN
1,14,362,NaN
1,14,363,NaN
1,14,364,NaN
1,14,365,NaN
1,14,366,NaN
1,14,367,NaN
1,14,368,NaN
1,14,369,NaN
1,14,370,NaN
1,14,371,NaN
1,14,372,NaN
1,14,373,NaN
1,14,374,NaN
1,14,375,NaN
1,14,376,NaN
1,14,377,NaN
1,14,378,NaN
1,14,379,NaN
1,14,380,NaN
1,14,381,NaN
1,14,382,NaN
1,14,383,NaN
1,14,384,NaN
1,14,385,NaN
1,14,386,NaN
1,14,387,NaN
1,14,388,NaN
1,14,389,NaN
1,14,390,NaN
1,14,391,NaN
1,14,392,NaN
1,14,393,NaN
1,14,394,NaN
1,14,395,NaN
1,14,396,NaN
1,14,397,NaN
1,14,398,NaN
1,14,399,NaN
1,14,400,NaN
1,14,401,NaN
1,14,402,NaN
1,14,403,NaN
1,14,404,NaN
1,14,405,NaN
1,14,406,NaN
1,14,407,NaN
1,14,408,NaN
1,14,409,NaN
1,14,410,NaN
1,14,411,NaN
1,14,412,NaN
1,14,413,NaN
1,14,414,NaN
1,14,415,NaN
1,14,416,NaN
1,14,417,NaN
1,14,418,NaN
1,14,419,NaN
1,14,420,NaN
1,14,421,NaN
1,14,422,NaN
1,14,423,NaN
1,14,424,NaN
1,14,425,NaN
1,14,426,NaN
1,14,427,NaN
1,14,428,NaN
1,14,429,NaN
1,14,430,NaN
1,14,431,NaN
1,14,432,NaN
1,14,433,NaN
1,14,434,NaN
1,14,435,NaN
1,14,436,NaN
1,14,437,NaN
1,14,438,NaN
1,14,439,NaN
1,14,440,NaN
1,14,441,NaN
1,14,442,NaN
1,14,443,NaN
1,14,444,NaN
1,14,445,NaN
1,14,446,NaN
1,14,447,NaN
1,14,448,NaN
1,14,449,NaN
1,14,450,NaN
1,14,451,NaN
1,14,452,NaN
1,14,453,NaN
1,14,454,NaN
1,14,455,NaN
1,14,456,NaN
1,14,457,NaN
1,14,458,NaN
1,14,459,NaN
1,14,460,NaN
1,14,461,NaN
1,14,462,NaN
1,14,463,NaN
1,14,464,NaN
1,14,465,NaN
1,14,466,NaN
1,14,467,NaN
1,14,468,NaN
1,14,469,NaN
1,14,470,NaN
1,14,471,NaN
1,14,472,NaN
1,14,473,NaN
1,14,474,NaN
1,14,475,NaN
1,14,476,NaN
1,14,477,NaN
1,14,478,NaN
1,14,479,NaN
1,14,480,NaN
1,14,481,NaN
1,14,482,NaN
1,14,483,NaN
1,14,484,NaN
1,14,485,NaN
1,14,486,NaN
1,14,487,NaN
1,14,488,NaN
1,14,489,NaN
1,14,490,NaN
1,14,491,NaN
1,14,492,NaN
1,14,493,NaN
1,14,494,NaN
1,14,495,NaN
1,14,496,NaN
1,14,497,NaN
1,14,498,NaN
1,14,499,NaN
1,14,500,NaN
1,14,501,NaN
1,14,502,NaN
1,14,503,NaN
1,14,504,NaN
1,14,505,NaN
1,14,506,NaN
1,14,507,NaN
1,14,508,NaN
1,14,509,NaN
1,14,510,NaN
1,14,511,NaN
1,14,512,NaN
1,14,513,NaN
1,14,514,NaN
1,14,515,NaN
1,14,516,NaN
1,14,517,NaN
1,14,518,NaN
1,14,519,NaN
1,14,520,NaN
1,14,521,NaN
1,14,522,NaN
1,14,523,NaN
1,14,524,NaN
1,14,525,NaN
1,14,526,NaN
1,14,527,NaN
1,14,528,NaN
1,14,529,NaN
1,14,530,NaN
1,14,531,NaN
1,14,532,NaN
1,14,533,NaN
1,14,534,NaN
1,14,535,NaN
1,14,536,NaN
1,14,537,NaN
1,14,538,NaN
1,14,539,NaN
1,14,540,NaN
1,14,541,NaN
1,14,542,NaN
1,14,543,NaN
1,14,544,NaN
1,14,545,NaN
1,14,546,NaN
1,14,547,NaN
1,14,548,NaN
1,14,549,NaN
1,14,550,NaN
1,14,551,NaN
1,14,552,NaN
1,14,553,NaN
1,14,554,NaN
1,14,555,NaN
1,14,556,NaN
1,14,557,NaN
1,14,558,NaN
1,14,559,NaN
1,14,560,NaN
1,14,561,NaN
1,14,562,NaN
1,14,563,NaN
1,14,564,NaN
1,14,565,NaN
1,14,566,NaN
1,14,567,NaN
1,14,568,NaN
1,14,569,NaN
1,14,570,NaN
1,14,571,NaN
1,14,572,NaN
1,14,573,NaN
1,14,574,NaN
1,14,575,NaN
1,14,576,NaN
1,14,577,NaN
1,14,578,NaN
1,14,579,NaN
1,14,580,NaN
1,14,581,NaN
1,14,582,NaN
1,14,583,NaN
1,14,584,NaN
1,14,585,NaN
1,14,586,NaN
1,14,587,NaN
1,14,588,NaN
1,14,589,NaN
1,14,590,NaN
1,14,591,NaN
1,14,592,NaN
1,14,593,NaN
1,14,594,NaN
1,14,595,NaN
1,14,596,NaN
1,14,597,NaN
1,14,598,NaN
1,14,599,NaN
1,28,0,0.083098033038582972
1,28,1,0.085773161713274912
1,28,2,0.088475942719647233
1,28,3,0.091205612801418229
1,28,4,0.093961407628399565
1,28,5,0.096742561919120701
1,28,6,0.099548309562758924
1,28,7,0.10237788374030704
1,28,8,0.10523051704492004
1,28,9,0.10810544160138831
1,28,10,0.1110018891846954
1,28,11,0.11391909133762222
1,28,12,0.11685627948736893
1,28,13,0.11981268506117229
1,28,14,0.12278753960089971
1,28,15,0.12578007487661086
1,28,16,0.1287895229990802
1,28,17,0.13181511653128017
1,28,18,0.13485608859882872
1,28,19,0.13791167299941132
1,28,20,0.1409811043111889
1,28,21,0.14406361800020889
1,28,22,0.14715845052684021
1,28,23,0.15026483945125535
1,28,24,0.15338202353798652
1,28,25,0.15650924285958495
1,28,26,0.15964573889941616
1,28,27,0.16279075465362508
1,28,28,0.16594353473230683
1,28,29,0.16910332545992332
1,28,30,0.17226937497500353
1,28,31,0.17544093332917018
1,28,32,0.17861725258553499
1,28,33,0.18179758691650572
1,28,34,0.18498119270105126
1,28,35,0.18816732862146612
1,28,36,0.19135525575968523
1,28,37,0.19454423769318963
1,28,38,0.19773354059055265
1,28,39,0.20092243330667187
1,28,40,0.20411018747773066
1,28,41,0.20729607761593752
1,28,42,0.21047938120408669
1,28,43,0.21365937878998395
1,28,44,0.21683535408078203
1,28,45,0.22000659403726749
1,28,46,0.22317238896814151
1,28,47,0.22633203262433346
1,28,48,0.22948482229338676
1,28,49,0.23263005889395605
1,28,50,0.23576704707044893
1,28,51,0.23889509528784891
1,28,52,0.24201351592675105
1,28,53,0.24512162537864107
1,28,54,0.24821874414144662
1,28,55,0.25130419691538819
1,28,56,0.25437731269915226
1,28,57,0.25743742488641164
1,28,58,0.26048387136271012
1,28,59,0.26351599460273101
1,28,60,0.26653314176796411
1,28,61,0.26953466480478411
1,28,62,0.27251992054294805
1,28,63,0.27548827079452409
1,28,64,0.27843908245325111
1,28,65,0.28137172759433438
1,28,66,0.28428558357467554
1,28,67,0.28718003313353391
1,28,68,0.29005446449361066
1,28,69,0.29290827146255061
1,28,70,0.29574085353484503
1,28,71,0.2985516159941245
1,28,72,0.30133997001582069
1,28,73,0.30410533277017926
1,28,74,0.30684712752559834
1,28,75,0.30956478375226626
1,28,76,0.31225773722607136
1,28,77,0.3149254301327481
1,28,78,0.31756731117222925
1,28,79,0.32018283566316158
1,28,80,0.32277146564754844
1,28,81,0.32533266999547411
1,28,82,0.3278659245098654
1,28,83,0.33037071203124124
1,28,84,0.33284652254239899
1,28,85,0.33529285327298625
1,28,86,0.33770920880390021
1,28,87,0.34009510117145803
1,28,88,0.34245004997127543
1,28,89,0.34477358246179496
1,28,90,0.3470652336673955
1,28,91,0.34932454648101868
1,28,92,0.35155107176624245
1,28,93,0.35374436845873169
1,28,94,0.3559040036669946
1,28,95,0.3580295527723702
1,28,96,0.3601205995281706
1,28,97,0.36217673615790519
1,28,98,0.36419756345250381
1,28,99,0.36618269086646377
1,28,100,0.3681317366128381
1,28,101,0.37004432775698493
1,28,102,0.37192010030899642
1,28,103,0.3737586993147225
1,28,104,0.37555977894530912
1,28,105,0.37732300258516427
1,28,106,0.37904804291827027
1,28,107,0.38073458201275612
1,28,108,0.38238231140364665
1,28,109,0.38399093217370395
1,28,110,0.38556015503227681
1,28,111,0.3870897003920748
1,28,112,0.38857929844378242
1,28,113,0.39002868922843253
1,28,114,0.39143762270745552
1,28,115,0.39280585883032282
1,28,116,0.39413316759970562
1,28,117,0.39541932913406852
1,28,118,0.39666413372762016
1,28,119,0.39786738190754478
1,28,120,0.39902888448843876
1,28,121,0.40014846262387826
1,28,122,0.40122594785504662
1,28,123,0.40226118215634993
1,28,124,0.4032540179779539
1,28,125,0.40420431828517456
1,28,126,0.40511195659465699
1,28,127,0.40597681700728466
1,28,128,0.40679879423775195
1,28,129,0.40757779364075042
1,28,130,0.40831373123370718
1,28,131,0.40900653371602685
1,28,132,0.40965613848478472
1,28,133,0.41026249364682515
1,28,134,0.41082555802722137
1,28,135,0.41134530117405138
1,28,136,0.41182170335945756
1,28,137,0.41225475557694619
1,28,138,0.41264445953490259
1,28,139,0.41299082764628392
1,28,140,0.41329388301446923
1,28,141,0.41355365941523992
1,28,142,0.41377020127487191
1,28,143,0.41394356364432011
1,28,144,0.4140738121694843
1,28,145,0.41416102305754326
1,28,146,0.41420528303935078
1,28,147,0.41420668932788979
1,28,148,0.41416534957278156
1,28,149,0.41408138181085563
1,28,150,0.41395491441278398
1,28,151,0.41378608602578781
1,28,152,0.41357504551243157
1,28,153,0.41332195188551701
1,28,154,0.4130269742390979
1,28,155,0.41269029167563631
1,28,156,0.41231209322932449
1,28,157,0.41189257778560356
1,28,158,0.41143195399690558
1,28,159,0.41093044019465885
1,28,160,0.41038826429758735
1,28,161,0.40980566371635069
1,28,162,0.40918288525456342
1,28,163,0.40852018500624093
1,28,164,0.40781782824972179
1,28,165,0.40707608933811579
1,28,166,0.40629525158633339
1,28,167,0.40547560715475373
1,28,168,0.40461745692958817
1,28,169,0.40372111040000336
1,28,170,0.40278688553206626
1,28,171,0.4018151086395792
1,28,172,0.40080611425187013
1,28,173,0.39976024497861373
1,28,174,0.39867785137175143
1,28,175,0.39755929178458793
1,28,176,0.39640493222813833
1,28,177,0.39521514622480719
1,28,178,0.39399031465947726
1,28,179,0.39273082562808975
1,28,180,0.39143707428379976
1,28,181,0.390109462680793
1,28,182,0.38874839961584434
1,28,183,0.38735430046771324
1,28,184,0.38592758703445679
1,28,185,0.384468687368755
1,28,186,0.38297803561133487
1,28,187,0.38145607182258723
1,28,188,0.37990324181246715
1,28,189,0.37831999696876878
1,28,190,0.37670679408387109
1,28,191,0.37506409518004569
1,28,192,0.3733923673334214
1,28,193,0.3716920824967001
1,28,194,0.36996371732071881
1,28,195,0.36820775297495173
1,28,196,0.36642467496704761
1,28,197,0.36461497296149736
1,28,198,0.3627791405975262
1,28,199,0.36091767530630442
1,28,200,0.35903107812757201
1,28,201,0.35711985352576892
1,28,202,0.35518450920576705
1,28,203,0.35322555592829352
1,28,204,0.35124350732513965
1,28,205,0.349238879714247
1,28,206,0.34721219191476044
1,28,207,0.34516396506213759
1,28,208,0.34309472242340644
1,28,209,0.34100498921265554
1,28,210,0.33889529240684757
1,28,211,0.33676616056203912
1,28,212,0.33461812363009397
1,28,213,0.33245171277597296
1,28,214,0.33026746019568159
1,28,215,0.32806589893495902
1,28,216,0.32584756270878668
1,28,217,0.32361298572179475
1,28,218,0.32136270248964538
1,28,219,0.31909724766146619
1,28,220,0.3168171558434093
1,28,221,0.31452296142340819
1,28,222,0.31221519839720352
1,28,223,0.30989440019570619
1,28,224,0.30756109951376687
1,28,225,0.30521582814041637
1,28,226,0.30285911679064265
1,28,227,0.30049149493876526
1,28,228,0.2981134906534692
1,28,229,0.29572563043455691
1,28,230,0.29332843905147504
1,28,231,0.29092243938367157
1,28,232,0.28850815226283694
1,28,233,0.28608609631708032
1,28,234,0.28365678781709192
1,28,235,0.28122074052433699
1,28,236,0.27877846554133034
1,28,237,0.27633047116403325
1,28,238,0.27387726273641622
1,28,239,0.2714193425072271
1,28,240,0.26895720948900476
1,28,241,0.26649135931937218
1,28,242,0.26402228412464646
1,28,243,0.26155047238579709
1,28,244,0.25907640880678401
1,28,245,0.25660057418530419
1,28,246,0.25412344528597491
1,28,247,0.25164549471597919
1,28,248,0.24916719080319577
1,28,249,0.24668899747683803
1,28,250,0.24421137415062022
1,28,251,0.24173477560846984
1,28,252,0.23925965189280468
1,28,253,0.23678644819538627
1,28,254,0.23431560475076746
1,28,255,0.23184755673234267
1,28,256,0.2293827341510126
1,28,257,0.22692156175647238
1,28,258,0.22446445894112957
1,28,259,0.22201183964665849
1,28,260,0.21956411227319506
1,28,261,0.21712167959117495
1,28,262,0.21468493865581684
1,28,263,0.21225428072425084
1,28,264,0.20983009117529211
1,28,265,0.20741274943185548
1,28,266,0.20500262888601054
1,28,267,0.2026000968266698
1,28,268,0.20020551436990772
1,28,269,0.19781923639190049
1,28,270,0.19544161146448299
1,28,271,0.19307298179331148
1,28,272,0.1907136831586248
1,28,273,0.1883640448585942
1,28,274,0.18602438965525017
1,28,275,0.18369503372297619
1,28,276,0.18137628659955798
1,28,277,0.17906845113977496
1,28,278,0.17677182347152273
1,28,279,0.17448669295445282
1,28,280,NaN
1,28,281,NaN
1,28,282,NaN
1,28,283,NaN
1,28,284,NaN
1,28,285,NaN
1,28,286,NaN
1,28,287,NaN
1,28,288,NaN
1,28,289,NaN
1,28,290,NaN
1,28,291,NaN
1,28,292,NaN
1,28,293,NaN
1,28,294,NaN
1,28,295,NaN
1,28,296,NaN
1,28,297,NaN
1,28,298,NaN
1,28,299,NaN
1,28,300,NaN
1,28,301,NaN
1,28,302,NaN
1,28,303,NaN
1,28,304,NaN
1,28,305,NaN
1,28,306,NaN
1,28,307,NaN
1,28,308,NaN
1,28,309,NaN
1,28,310,NaN
1,28,311,NaN
1,28,312,NaN
1,28,313,NaN
1,28,314,NaN
1,28,315,NaN
1,28,316,NaN
1,28,317,NaN
1,28,318,NaN
1,28,319,NaN
1,28,320,NaN
1,28,321,NaN
1,28,322,NaN
1,28,323,NaN
1,28,324,NaN
1,28,325,NaN
1,28,326,NaN
1,28,327,NaN
1,28,328,NaN
1,28,329,NaN
1,28,330,NaN
1,28,331,NaN
1,28,332,NaN
1,28,333,NaN
1,28,334,NaN
1,28,335,NaN
1,28,336,NaN
1,28,337,NaN
1,28,338,NaN
1,28,339,NaN
1,28,340,NaN
1,28,341,NaN
1,28,342,NaN
1,28,343,NaN
1,28,344,NaN
1,28,345,NaN
1,28,346,NaN
1,28,347,NaN
1,28,348,NaN
1,28,349,NaN
1,28,350,NaN
1,28,351,NaN
1,28,352,NaN
1,28,353,NaN
1,28,354,NaN
1,28,355,NaN
1,28,356,NaN
1,28,357,NaN
1,28,358,NaN
1,28,359,NaN
1,28,360,NaN
1,28,361,NaN
1,28,362,NaN
1,28,363,NaN
1,28,364,NaN
1,28,365,NaN
1,28,366,NaN
1,28,367,NaN
1,28,368,NaN
1,28,369,NaN
1,28,370,NaN
1,28,371,NaN
1,28,372,NaN
1,28,373,NaN
1,28,374,NaN
1,28,375,NaN
1,28,376,NaN
1,28,377,NaN
1,28,378,NaN
1,28,379,NaN
1,28,380,NaN
1,28,381,NaN
1,28,382,NaN
1,28,383,NaN
1,28,384,NaN
1,28,385,NaN
1,28,386,NaN
1,28,387,NaN
1,28,388,NaN
1,28,389,NaN
1,28,390,NaN
1,28,391,NaN
1,28,392,NaN
1,28,393,NaN
1,28,394,NaN
1,28,395,NaN
1,28,396,NaN
1,28,397,NaN
1,28,398,NaN
1,28,399,NaN
1,28,400,NaN
1,28,401,NaN
1,28,402,NaN
1,28,403,NaN
1,28,404,NaN
1,28,405,NaN
1,28,406,NaN
1,28,407,NaN
1,28,408,NaN
1,28,409,NaN
1,28,410,NaN
1,28,411,NaN
1,28,412,NaN
1,28,413,NaN
1,28,414,NaN
1,28,415,NaN
1,28,416,NaN
1,28,417,NaN
1,28,418,NaN
1,28,419,NaN
1,28,420,NaN
1,28,421,NaN
1,28,422,NaN
1,28,423,NaN
1,28,424,NaN
1,28,425,NaN
1,28,426,NaN
1,28,427,NaN
1,28,428,NaN
1,28,429,NaN
1,28,430,NaN
1,28,431,NaN
1,28,432,NaN
1,28,433,NaN
1,28,434,NaN
1,28,435,NaN
1,28,436,NaN
1,28,437,NaN
1,28,438,NaN
1,28,439,NaN
1,28,440,NaN
1,28,441,NaN
1,28,442,NaN
1,28,443,NaN
1,28,444,NaN
1,28,445,NaN
1,28,446,NaN
1,28,447,NaN
1,28,448,NaN
1,28,449,NaN
1,28,450,NaN
1,28,451,NaN
1,28,452,NaN
1,28,453,NaN
1,28,454,NaN
1,28,455,NaN
1,28,456,NaN
1,28,457,NaN
1,28,458,NaN
1,28,459,NaN
1,28,460,NaN
1,28,461,NaN
1,28,462,NaN
1,28,463,NaN
1,28,464,NaN
1,28,465,NaN
1,28,466,NaN
1,28,467,NaN
1,28,468,NaN
1,28,469,NaN
1,28,470,NaN
1,28,471,NaN
1,28,472,NaN
1,28,473,NaN
1,28,474,NaN
1,28,475,NaN
1,28,476,NaN
1,28,477,NaN
1,28,478,NaN
1,28,479,NaN
1,28,480,NaN
1,28,481,NaN
1,28,482,NaN
1,28,483,NaN
1,28,484,NaN
1,28,485,NaN
1,28,486,NaN
1,28,487,NaN
1,28,488,NaN
1,28,489,NaN
1,28,490,NaN
1,28,491,NaN
1,28,492,NaN
1,28,493,NaN
1,28,494,NaN
1,28,495,NaN
1,28,496,NaN
1,28,497,NaN
1,28,498,NaN
1,28,499,NaN
1,28,500,NaN
1,28,501,NaN
1,28,502,NaN
1,28,503,NaN
1,28,504,NaN
1,28,505,NaN
1,28,506,NaN
1,28,507,NaN
1,28,508,NaN
1,28,509,NaN
1,28,510,NaN
1,28,511,NaN
1,28,512,NaN
1,28,513,NaN
1,28,514,NaN
1,28,515,NaN
1,28,516,NaN
1,28,517,NaN
1,28,518,NaN
1,28,519,NaN
1,28,520,NaN
1,28,521,NaN
1,28,522,NaN
1,28,523,NaN
1,28,524,NaN
1,28,525,NaN
1,28,526,NaN
1,28,527,NaN
1,28,528,NaN
1,28,529,NaN
1,28,530,NaN
1,28,531,NaN
1,28,532,NaN
1,28,533,NaN
1,28,534,NaN
1,28,535,NaN
1,28,536,NaN
1,28,537,NaN
1,28,538,NaN
1,28,539,NaN
1,28,540,NaN
1,28,541,NaN
1,28,542,NaN
1,28,543,NaN
1,28,544,NaN
1,28,545,NaN
1,28,546,NaN
1,28,547,NaN
1,28,548,NaN
1,28,549,NaN
1,28,550,NaN
1,28,551,NaN
1,28,552,NaN
1,28,553,NaN
1,28,554,NaN
1,28,555,NaN
1,28,556,NaN
1,28,557,NaN
1,28,558,NaN
1,28,559,NaN
1,28,560,NaN
1,28,561,NaN
1,28,562,NaN
1,28,563,NaN
1,28,564,NaN
1,28,565,NaN
1,28,566,NaN
1,28,567,NaN
1,28,568,NaN
1,28,569,NaN
1,28,570,NaN
1,28,571,NaN
1,28,572,NaN
1,28,573,NaN
1,28,574,NaN
1,28,575,NaN
1,28,576,NaN
1,28,577,NaN
1,28,578,NaN
1,28,579,NaN
1,28,580,NaN
1,28,581,NaN
1,28,582,NaN
1,28,583,NaN
1,28,584,NaN
1,28,585,NaN
1,28,586,NaN
1,28,587,NaN
1,28,588,NaN
1,28,589,NaN
1,28,590,NaN
1,28,591,NaN
1,28,592,NaN
1,28,593,NaN
1,28,594,NaN
1,28,595,NaN
1,28,596,NaN
1,28,597,NaN
1,28,598,NaN
1,28,599,NaN
1,29,0,0.092350974406271519
1,29,1,0.095231837340211359
1,29,2,0.09814125456609489
1,29,3,0.10107843464067362
1,29,4,0.10404258535468415
1,29,5,0.1070329138493365
1,29,6,0.11004862673202494
1,29,7,0.11308893019119912
1,29,8,0.1161530301103475
1,29,9,0.1192401321810502
1,29,10,0.12234944201507182
1,29,11,0.12548016525547101
1,29,12,0.12863150768671236
1,29,13,0.13180267534377324
1,29,14,0.13499287462024531
1,29,15,0.1382013123754364
1,29,16,0.1414271960404844
1,29,17,0.14466973372350023
1,29,18,0.14792813431376153
1,29,19,0.15120160758498363
1,29,20,0.15448936429769833
1,29,21,0.15779061630077426
1,29,22,0.161104576632117
1,29,23,0.16443045961858874
1,29,24,0.16776748097519151
1,29,25,0.1711148579035596
1,29,26,0.17447180918980829
1,29,27,0.17783755530178949
1,29,28,0.18121131848580499
1,29,29,0.18459232286282962
1,29,30,0.18797979452429792
1,29,31,0.19137296162750991
1,29,32,0.19477105449070825
1,29,33,0.19817330568788469
1,29,34,0.20157895014336943
1,29,35,0.20498722522625973
1,29,36,0.20839737084474133
1,29,37,0.21180862954035978
1,29,38,0.21522024658229211
1,29,39,0.2186314700616748
1,29,40,0.22204155098603839
1,29,41,0.22544974337389984
1,29,42,0.22885530434956231
1,29,43,0.23225749423817008
1,29,44,0.23565557666106496
1,29,45,0.23904881863148855
1,29,46,0.24243649065067255
1,29,47,0.24581786680435846
1,29,48,0.24919222485978421
1,29,49,0.25255884636317333
1,29,50,0.25591701673776146
1,29,51,0.25926602538239002
1,29,52,0.26260516577069548
1,29,53,0.26593373555092026
1,29,54,0.26925103664636846
1,29,55,0.27255637535652533
1,29,56,0.27584906245885754
1,29,57,0.27912841331130928
1,29,58,0.28239374795550304
1,29,59,0.28564439122065488
1,29,60,0.28887967282820687
1,29,61,0.29209892749717808
1,29,62,0.29530149505023245
1,29,63,0.29848672052045849
1,29,64,0.30165395425884978
1,29,65,0.30480255204247636
1,29,66,0.30793187518333021
1,29,67,0.31104129063782543
1,29,68,0.31413017111693187
1,29,69,0.31719789519691449
1,29,70,0.32024384743065104
1,29,71,0.32326741845949397
1,29,72,0.32626800512564152
1,29,73,0.32924501058497829
1,29,74,0.33219784442034206
1,29,75,0.335125922755173
1,29,76,0.33802866836749323
1,29,77,0.34090551080416825
1,29,78,0.34375588649539096
1,29,79,0.34657923886933462
1,29,80,0.34937501846690822
1,29,81,0.35214268305655627
1,29,82,0.35488169774903083
1,29,83,0.3575915351120702
1,29,84,0.36027167528490939
1,29,85,0.36292160609255092
1,29,86,0.36554082315971548
1,29,87,0.36812883002439639
1,29,88,0.37068513825093463
1,29,89,0.37320926754253175
1,29,90,0.37570074585311541
1,29,91,0.37815910949846981
1,29,92,0.38058390326654318
1,29,93,0.38297468052684125
1,29,94,0.38533100333881432
1,29,95,0.38765244255914688
1,29,96,0.38993857794785353
1,29,97,0.39218899827308806
1,29,98,0.39440330141456653
1,29,99,0.39658109446551143
1,29,100,0.39872199383301754
1,29,101,0.40082562533674093
1,29,102,0.40289162430581588
1,29,103,0.40491963567389916
1,29,104,0.4069093140722454
1,29,105,0.40886032392071342
1,29,106,0.41077233951661035
1,29,107,0.41264504512127087
1,29,108,0.41447813504428005
1,29,109,0.41627131372524273
1,29,110,0.4180242958130026
1,29,111,0.41973680624222182
1,29,112,0.42140858030722533
1,29,113,0.4230393637330202
1,29,114,0.42462891274340159
1,29,115,0.42617699412605564
1,29,116,0.42768338529457578
1,29,117,0.42914787434730589
1,29,118,0.43057026012293148
1,29,119,0.4319503522527347
1,29,120,0.43328797120944268
1,29,121,0.43458294835258582
1,29,122,0.43583512597030044
1,29,123,0.43704435731750163
1,29,124,0.43821050665036398
1,29,125,0.43933344925703832
1,29,126,0.44041307148455316
1,29,127,0.44144927076183321
1,29,128,0.4424419556187873
1,29,129,0.44339104570140864
1,29,130,0.44429647178284259
1,29,131,0.44515817577037509
1,29,132,0.4459761107082989
1,29,133,0.44675024077662379
1,29,134,0.44748054128559012
1,29,135,0.44816699866595971
1,29,136,0.44880961045505424
1,29,137,0.4494083852785179
1,29,138,0.44996334282778522
1,29,139,0.45047451383323545
1,29,140,0.45094194003302618
1,29,141,0.45136567413758949
1,29,142,0.45174577978979535
1,29,143,0.45208233152077282
1,29,144,0.45237541470139814
1,29,145,0.452625125489452
1,29,146,0.4528315707724595
1,29,147,0.45299486810622408
1,29,148,0.45311514564907734
1,29,149,0.45319254209186144
1,29,150,0.4532272065836741
1,29,151,0.45321929865340266
1,29,152,0.45316898812708012
1,29,153,0.45307645504110117
1,29,154,0.45294188955133463
1,29,155,0.45276549183817943
1,29,156,0.45254747200760803
1,29,157,0.45228804998824917
1,29,158,0.45198745542456154
1,29,159,0.45164592756615568
1,29,160,0.45126371515332481
1,29,161,0.45084107629884546
1,29,162,0.45037827836611488
1,29,163,0.44987559784369396
1,29,164,0.44933332021632544
1,29,165,0.44875173983250377
1,29,166,0.44813115976867124
1,29,167,0.44747189169012302
1,29,168,0.44677425570869667
1,29,169,0.44603858023733806
1,29,170,0.44526520184162344
1,29,171,0.44445446508832992
1,29,172,0.44360672239114229
1,29,173,0.44272233385359144
1,29,174,0.44180166710931557
1,29,175,0.44084509715974174
1,29,176,0.4398530062092858
1,29,177,0.43882578349816764
1,29,178,0.43776382513294415
1,29,179,0.43666753391486046
1,29,180,0.43553731916612332
1,29,181,0.43437359655419816
1,29,182,0.43317678791423836
1,29,183,0.43194732106974815
1,29,184,0.43068562965158996
1,29,185,0.42939215291543903
1,29,186,0.42806733555779586
1,29,187,0.42671162753066355
1,29,188,0.42532548385499735
1,29,189,0.42390936443303695
1,29,190,0.42246373385962743
1,29,191,0.42098906123264046
1,29,192,0.41948581996260148
1,29,193,0.41795448758163367
1,29,194,0.41639554555182423
1,29,195,0.41480947907312349
1,29,196,0.41319677689088108
1,29,197,0.41155793110312827
1,29,198,0.40989343696771124
1,29,199,0.40820379270938073
1,29,200,0.4064894993269425
1,29,201,0.40475106040057285
1,29,202,0.40298898189940058
1,29,203,0.4012037719894585
1,29,204,0.39939594084210345
1,29,205,0.39756600044300505
1,29,206,0.39571446440180114
1,29,207,0.3938418477625158
1,29,208,0.39194866681483687
1,29,209,0.39003543890634457
1,29,210,0.38810268225578631
1,29,211,0.38615091576748567
1,29,212,0.38418065884697677
1,29,213,0.3821924312179511
1,29,214,0.38018675274060237
1,29,215,0.37816414323145298
1,29,216,0.37612512228474582
1,29,217,0.37407020909548
1,29,218,0.37199992228417128
1,29,219,0.36991477972341102
1,29,220,0.36781529836630172
1,29,221,0.36570199407683845
1,29,222,0.36357538146231022
1,29,223,0.36143597370778674
1,29,224,0.35928428241276011
1,29,225,0.35712081743000434
1,29,226,0.35494608670671551
1,29,227,0.35276059612799343
1,29,228,0.35056484936272253
1,29,229,0.34835934771190868
1,29,230,0.34614458995952546
1,29,231,0.343921072225922
1,29,232,0.34168928782384206
1,29,233,0.33944972711710214
1,29,234,0.3372028773819738
1,29,235,0.33494922267131283
1,29,236,0.33268924368147823
1,29,237,0.33042341762207761
1,29,238,0.32815221808857747
1,29,239,0.32587611493781243
1,29,240,0.32359557416642604
1,29,241,0.32131105779227326
1,29,242,0.31902302373881336
1,29,243,0.31673192572251962
1,29,244,0.31443821314332943
1,29,245,0.31214233097815636
1,29,246,0.30984471967748667
1,29,247,0.30754581506507483
1,29,248,0.30524604824075646
1,29,249,0.30294584548639197
1,29,250,0.30064562817495372
1,29,251,0.29834581268276444
1,29,252,0.29604681030489821
1,29,253,0.29374902717374807
1,29,254,0.2914528641807661
1,29,255,0.28915871690137684
1,29,256,0.28686697552306722
1,29,257,0.28457802477664973
1,29,258,0.28229224387069751
1,29,259,0.28001000642914653
1,29,260,0.27773168043205798
1,29,261,0.27545762815953445
1,29,262,0.27318820613877903
1,29,263,0.27092376509428739
1,29,264,0.26866464990115901
1,29,265,0.26641119954151454
1,29,266,0.26416374706400336
1,29,267,0.2619226195463833
1,29,268,0.25968813806115482
1,29,269,0.25746061764423001
1,29,270,0.25524036726661359
1,29,271,0.25302768980907464
1,29,272,0.25082288203978415
1,29,273,0.24862623459489389
1,29,274,0.24643803196202901
1,29,275,0.24425855246666786
1,29,276,0.2420880682613791
1,29,277,0.23992684531788652
1,29,278,NaN
1,29,279,NaN
1,29,280,NaN
1,29,281,NaN
1,29,282,NaN
1,29,283,NaN
1,29,284,NaN
1,29,285,NaN
1,29,286,NaN
1,29,287,NaN
1,29,288,NaN
1,29,289,NaN
1,29,290,NaN
1,29,291,NaN
1,29,292,NaN
1,29,293,NaN
1,29,294,NaN
1,29,295,NaN
1,29,296,NaN
1,29,297,NaN
1,29,298,NaN
1,29,299,NaN
1,29,300,NaN
1,29,301,NaN
1,29,302,NaN
1,29,303,NaN
1,29,304,NaN
1,29,305,NaN
1,29,306,NaN
1,29,307,NaN
1,29,308,NaN
1,29,309,NaN
1,29,310,NaN
1,29,311,NaN
1,29,312,NaN
1,29,313,NaN
1,29,314,NaN
1,29,315,NaN
1,29,316,NaN
1,29,317,NaN
1,29,318,NaN
1,29,319,NaN
1,29,320,NaN
1,29,321,NaN
1,29,322,NaN
1,29,323,NaN
1,29,324,NaN
1,29,325,NaN
1,29,326,NaN
1,29,327,NaN
1,29,328,NaN
1,29,329,NaN
1,29,330,NaN
1,29,331,NaN
1,29,332,NaN
1,29,333,NaN
1,29,334,NaN
1,29,335,NaN
1,29,336,NaN
1,29,337,NaN
1,29,338,NaN
1,29,339,NaN
1,29,340,NaN
1,29,341,NaN
1,29,342,NaN
1,29,343,NaN
1,29,344,NaN
1,29,345,NaN
1,29,346,NaN
1,29,347,NaN
1,29,348,NaN
1,29,349,NaN
1,29,350,NaN
1,29,351,NaN
1,29,352,NaN
1,29,353,NaN
1,29,354,NaN
1,29,355,NaN
1,29,356,NaN
1,29,357,NaN
1,29,358,NaN
1,29,359,NaN
1,29,360,NaN
1,29,361,NaN
1,29,362,NaN
1,29,363,NaN
1,29,364,NaN
1,29,365,NaN
1,29,366,NaN
1,29,367,NaN
1,29,368,NaN
1,29,369,NaN
1,29,370,NaN
1,29,371,NaN
1,29,372,NaN
1,29,373,NaN
1,29,374,NaN
1,29,375,NaN
1,29,376,NaN
1,29,377,NaN
1,29,378,NaN
1,29,379,NaN
1,29,380,NaN
1,29,381,NaN
1,29,382,NaN
1,29,383,NaN
1,29,384,NaN
1,29,385,NaN
1,29,386,NaN
1,29,387,NaN
1,29,388,NaN
1,29,389,NaN
1,29,390,NaN
1,29,391,NaN
1,29,392,NaN
1,29,393,NaN
1,29,394,NaN
1,29,395,NaN
1,29,396,NaN
1,29,397,NaN
1,29,398,NaN
1,29,399,NaN
1,29,400,NaN
1,29,401,NaN
1,29,402,NaN
1,29,403,NaN
1,29,404,NaN
1,29,405,NaN
1,29,406,NaN
1,29,407,NaN
1,29,408,NaN
1,29,409,NaN
1,29,410,NaN
1,29,411,NaN
1,29,412,NaN
1,29,413,NaN
1,29,414,NaN
1,29,415,NaN
1,29,416,NaN
1,29,417,NaN
1,29,418,NaN
1,29,419,NaN
1,29,420,NaN
1,29,421,NaN
1,29,422,NaN
1,29,423,NaN
1,29,424,NaN
1,29,425,NaN
1,29,426,NaN
1,29,427,NaN
1,29,428,NaN
1,29,429,NaN
1,29,430,NaN
1,29,431,NaN
1,29,432,NaN
1,29,433,NaN
1,29,434,NaN
1,29,435,NaN
1,29,436,NaN
1,29,437,NaN
1,29,438,NaN
1,29,439,NaN
1,29,440,NaN
1,29,441,NaN
1,29,442,NaN
1,29,443,NaN
1,29,444,NaN
1,29,445,NaN
1,29,446,NaN
1,29,447,NaN
1,29,448,NaN
1,29,449,NaN
1,29,450,NaN
1,29,451,NaN
1,29,452,NaN
1,29,453,NaN
1,29,454,NaN
1,29,455,NaN
1,29,456,NaN
1,29,457,NaN
1,29,458,NaN
1,29,459,NaN
1,29,460,NaN
1,29,461,NaN
1,29,462,NaN
1,29,463,NaN
1,29,464,NaN
1,29,465,NaN
1,29,466,NaN
1,29,467,NaN
1,29,468,NaN
1,29,469,NaN
1,29,470,NaN
1,29,471,NaN
1,29,472,NaN
1,29,473,NaN
1,29,474,NaN
1,29,475,NaN
1,29,476,NaN
1,29,477,NaN
1,29,478,NaN
1,29,479,NaN
1,29,480,NaN
1,29,481,NaN
1,29,482,NaN
1,29,483,NaN
1,29,484,NaN
1,29,485,NaN
1,29,486,NaN
1,29,487,NaN
1,29,488,NaN
1,29,489,NaN
1,29,490,NaN
1,29,491,NaN
1,29,492,NaN
1,29,493,NaN
1,29,494,NaN
1,29,495,NaN
1,29,496,NaN
1,29,497,NaN
1,29,498,NaN
1,29,499,NaN
1,29,500,NaN
1,29,501,NaN
1,29,502,NaN
1,29,503,NaN
1,29,504,NaN
1,29,505,NaN
1,29,506,NaN
1,29,507,NaN
1,29,508,NaN
1,29,509,NaN
1,29,510,NaN
1,29,511,NaN
1,29,512,NaN
1,29,513,NaN
1,29,514,NaN
1,29,515,NaN
1,29,516,NaN
1,29,517,NaN
1,29,518,NaN
1,29,519,NaN
1,29,520,NaN
1,29,521,NaN
1,29,522,NaN
1,29,523,NaN
1,29,524,NaN
1,29,525,NaN
1,29,526,NaN
1,29,527,NaN
1,29,528,NaN
1,29,529,NaN
1,29,530,NaN
1,29,531,NaN
1,29,532,NaN
1,29,533,NaN
1,29,534,NaN
1,29,535,NaN
1,29,536,NaN
1,29,537,NaN
1,29,538,NaN
1,29,539,NaN
1,29,540,NaN
1,29,541,NaN
1,29,542,NaN
1,29,543,NaN
1,29,544,NaN
1,29,545,NaN
1,29,546,NaN
1,29,547,NaN
1,29,548,NaN
1,29,549,NaN
1,29,550,NaN
1,29,551,NaN
1,29,552,NaN
1,29,553,NaN
1,29,554,NaN
1,29,555,NaN
1,29,556,NaN
1,29,557,NaN
1,29,558,NaN
1,29,559,NaN
1,29,560,NaN
1,29,561,NaN
1,29,562,NaN
1,29,563,NaN
1,29,564,NaN
1,29,565,NaN
1,29,566,NaN
1,29,567,NaN
1,29,568,NaN
1,29,569,NaN
1,29,570,NaN
1,29,571,NaN
1,29,572,NaN
1,29,573,NaN
1,29,574,NaN
1,29,575,NaN
1,29,576,NaN
1,29,577,NaN
1,29,578,NaN
1,29,579,NaN
1,29,580,NaN
1,29,581,NaN
1,29,582,NaN
1,29,583,NaN
1,29,584,NaN
1,29,585,NaN
1,29,586,NaN
1,29,587,NaN
1,29,588,NaN
1,29,589,NaN
1,29,590,NaN
1,29,591,NaN
1,29,592,NaN
1,29,593,NaN
1,29,594,NaN
1,29,595,NaN
1,29,596,NaN
1,29,597,NaN
1,29,598,NaN
1,29,599,NaN
2,67,0,0.089350708078196298
2,67,1,0.091517194115848965
2,67,2,0.093701048689558447
2,67,3,0.095902093082370007
2,67,4,0.098120142489360199
2,67,5,0.10035500606931254
2,67,6,0.10260648699450373
2,67,7,0.10487438249889962
2,67,8,0.10715848392504058
2,67,9,0.10945857676987512
2,67,10,0.11177444072978322
2,67,11,0.11410584974501542
2,67,12,0.11645257204375739
2,67,13,0.11881437018601641
2,67,14,0.12119100110751348
2,67,15,0.12358221616375234
2,67,16,0.12598776117442742
2,67,17,0.12840737646831879
2,67,18,0.13084079692881748
2,67,19,0.13328775204021262
2,67,20,0.13574796593486294
2,67,21,0.13822115744137153
2,67,22,0.14070704013386992
2,67,23,0.14320532238251557
2,67,24,0.14571570740529738
2,67,25,0.14823789332123904
2,67,26,0.15077157320508436
2,67,27,0.15331643514354149
2,67,28,0.15587216229316073
2,67,29,0.15843843293991239
2,67,30,0.1610149205605288
2,67,31,0.16360129388566791
2,67,32,0.16619721696495332
2,67,33,0.16880234923393994
2,67,34,0.17141634558305047
2,67,35,0.17403885642852476
2,67,36,0.17666952778541842
2,67,37,0.17930800134268451
2,67,38,0.18195391454036974
2,67,39,0.18460690064894719
2,67,40,0.18726658885081285
2,67,41,0.18993260432396131
2,67,42,0.19260456832785672
2,67,43,0.19528209829151311
2,67,44,0.19796480790378995
2,67,45,0.20065230720590924
2,67,46,0.20334420268619849
2,67,47,0.20604009737705439
2,67,48,0.20873959095412667
2,67,49,0.2114422798377138
2,67,50,0.21414775729635907
2,67,51,0.21685561355263575
2,67,52,0.21956543589110422
2,67,53,0.22227680876842226
2,67,54,0.22498931392558644
2,67,55,0.2277025305022809
2,67,56,0.23041603515330503
2,67,57,0.23312940216705116
2,67,58,0.2358422035859998
2,67,59,0.2385540093291961
2,67,60,0.24126438731667146
2,67,61,0.2439729035957697
2,67,62,0.24667912246933474
2,67,63,0.24938260662571676
2,67,64,0.25208291727054827
2,67,65,0.25477961426024176
2,67,66,0.25747225623715786
2,67,67,0.2601604007663898
2,67,68,0.26284360447410987
2,67,69,0.26552142318742034
2,67,70,0.26819341207564867
2,67,71,0.27085912579302773
2,67,72,0.27351811862269781
2,67,73,0.27616994462196465
2,67,74,0.27881415776874957
2,67,75,0.28145031210916377
2,67,76,0.28407796190613621
2,67,77,0.28669666178902786
2,67,78,0.28930596690415661
2,67,79,0.29190543306616451
2,67,80,0.29449461691015066
2,67,81,0.29707307604449273
2,67,82,0.29964036920428688
2,67,83,0.30219605640532321
2,67,84,0.30473969909852094
2,67,85,0.30727086032474582
2,67,86,0.30978910486992783
2,67,87,0.31229399942040131
2,67,88,0.31478511271838494
2,67,89,0.31726201571752149
2,67,90,0.31972428173839534
2,67,91,0.32217148662394574
2,67,92,0.32460320889469291
2,67,93,0.32701902990369652
2,67,94,0.32941853399115961
2,67,95,0.33180130863860102
2,67,96,0.33416694462250751
2,67,97,0.33651503616738793
2,67,98,0.33884518109814282
2,67,99,0.34115698099167019
2,67,100,0.34345004132762286
2,67,101,0.34572397163823659
2,67,102,0.34797838565714889
2,67,103,0.35021290146712336
2,67,104,0.35242714164660444
2,67,105,0.35462073341501876
2,67,106,0.35679330877674448
2,67,107,0.35894450466367139
2,67,108,0.36107396307627243
2,67,109,0.36318133122311075
2,67,110,0.36526626165870391
2,67,111,0.36732841241967301
2,67,112,0.36936744715910064
2,67,113,0.37138303527902267
2,67,114,0.37337485206098564
2,67,115,0.37534257879459459
2,67,116,0.37728590290398328
2,67,117,0.37920451807213834
2,67,118,0.38109812436300772
2,67,119,0.38296642834132866
2,67,120,0.38480914319011039
2,67,121,0.38662598882570631
2,67,122,0.38841669201041401
2,67,123,0.39018098646254418
2,67,124,0.39191861296389424
2,67,125,0.39362931946457391
2,67,126,0.39531286118512343
2,67,127,0.39696900071586816
2,67,128,0.39859750811346112
2,67,129,0.40019816099455513
2,67,130,0.40177074462655943
2,67,131,0.40331505201543
2,67,132,0.40483088399044642
2,67,133,0.40631804928592996
2,67,134,0.40777636461986089
2,67,135,0.40920565476935017
2,67,136,0.41060575264292759
2,67,137,0.41197649934960567
2,67,138,0.41331774426468393
2,67,139,0.41462934509225868
2,67,140,0.41591116792440014
2,67,141,0.41716308729697377
2,67,142,0.4183849862420646
2,67,143,0.41957675633698699
2,67,144,0.42073829774984317
2,67,145,0.42186951928161326
2,67,146,0.42297033840474796
2,67,147,0.42404068129824601
2,67,148,0.42508048287919198
2,67,149,0.42608968683073917
2,67,150,0.42706824562652151
2,67,151,0.42801612055147364
2,67,152,0.42893328171905259
2,67,153,0.42981970808484399
2,67,154,0.43067538745654277
2,67,155,0.43150031650030296
2,67,156,0.43229450074344317
2,67,157,0.43305795457350749
2,67,158,0.43379070123367242
2,67,159,0.43449277281450094
2,67,160,0.43516421024203805
2,67,161,0.43580506326225088
2,67,162,0.43641539042181127
2,67,163,0.43699525904522668
2,67,164,0.4375447452083196
2,67,165,0.43806393370806296
2,67,166,0.43855291802877616
2,67,167,0.43901180030469161
2,67,168,0.43944069127889629
2,67,169,0.43983971025866286
2,67,170,0.44020898506717815
2,67,171,0.44054865199168186
2,67,172,0.44085885572803002
2,67,173,0.44113974932169492
2,67,174,0.44139149410522055
2,67,175,0.44161425963214507
2,67,176,0.44180822360741273
2,67,177,0.4419735718142887
2,67,178,0.44211049803780167
2,67,179,0.44221920398472719
2,67,180,0.44229989920014096
2,67,181,0.44235280098055674
2,67,182,0.44237813428367689
2,67,183,0.4423761316347769
2,67,184,0.4423470330297487
2,67,185,0.44229108583482879
2,67,186,0.44220854468303644
2,67,187,0.44209967136735179
2,67,188,0.44196473473065667
2,67,189,0.44180401055247193
2,67,190,0.44161778143251873
2,67,191,0.44140633667113394
2,67,192,0.44116997214657061
2,67,193,0.44090899018921725
2,67,194,0.44062369945276808
2,67,195,0.4403144147823766
2,67,196,0.43998145707982966
2,67,197,0.43962515316577599
2,67,198,0.4392458356390469
2,67,199,0.43884384273310628
2,67,200,0.43841951816966862
2,67,201,0.4379732110095243
2,67,202,0.43750527550061469
2,67,203,0.43701607092339695
2,67,204,0.43650596143354353
2,67,205,0.43597531590201966
2,67,206,0.43542450775258523
2,67,207,0.43485391479676899
2,67,208,0.43426391906636191
2,67,209,0.43365490664348266
2,67,210,0.43302726748826381
2,67,211,0.43238139526421582
2,67,212,0.43171768716132092
2,67,213,0.43103654371691785
2,67,214,0.43033836863443115
2,67,215,0.42962356860001322
2,67,216,0.4288925530971554
2,67,217,0.4281457342193406
2,67,218,0.42738352648079875
2,67,219,0.426606346625441
2,67,220,0.42581461343404298
2,67,221,0.4250087475297521
2,67,222,0.42418917118200056
2,67,223,0.42335630810890096
2,67,224,0.42251058327821311
2,67,225,0.42165242270696679
2,67,226,0.42078225325983054
2,67,227,0.41990050244632393
2,67,228,0.41900759821696631
2,67,229,0.41810396875846567
2,67,230,0.41719004228805057
2,67,231,0.41626624684705504
2,67,232,0.41533301009386547
2,67,233,0.41439075909634837
2,67,234,0.41343992012387526
2,67,235,0.41248091843907242
2,67,236,0.41151417808941859
2,67,237,0.41054012169882648
2,67,238,0.40955917025934047
2,67,239,0.40857174292309312
2,67,240,0.40757825679466309
2,67,241,0.4065791267239835
2,67,242,0.40557476509995211
2,67,243,0.40456558164490097
2,67,244,0.40355198321008551
2,67,245,0.402534373572356
2,67,246,0.40151315323218412
2,67,247,0.40048871921321016
2,67,248,0.39946146486349249
2,67,249,0.39843177965863552
2,67,250,0.39740004900697867
2,67,251,0.39636665405703375
2,67,252,0.39533197150735744
2,67,253,0.39429637341905127
2,67,254,NaN
2,67,255,NaN
2,67,256,NaN
2,67,257,NaN
2,67,258,NaN
2,67,259,NaN
2,67,260,NaN
2,67,261,NaN
2,67,262,NaN
2,67,263,NaN
2,67,264,NaN
2,67,265,NaN
2,67,266,NaN
2,67,267,NaN
2,67,268,NaN
2,67,269,NaN
2,67,270,NaN
2,67,271,NaN
2,67,272,NaN
2,67,273,NaN
2,67,274,NaN
2,67,275,NaN
2,67,276,NaN
2,67,277,NaN
2,67,278,NaN
2,67,279,NaN
2,67,280,NaN
2,67,281,NaN
2,67,282,NaN
2,67,283,NaN
2,67,284,NaN
2,67,285,NaN
2,67,286,NaN
2,67,287,NaN
2,67,288,NaN
2,67,289,NaN
2,67,290,NaN
2,67,291,NaN
2,67,292,NaN
2,67,293,NaN
2,67,294,NaN
2,67,295,NaN
2,67,296,NaN
2,67,297,NaN
2,67,298,NaN
2,67,299,NaN
2,67,300,NaN
2,67,301,NaN
2,67,302,NaN
2,67,303,NaN
2,67,304,NaN
2,67,305,NaN
2,67,306,NaN
2,67,307,NaN
2,67,308,NaN
2,67,309,NaN
2,67,310,NaN
2,67,311,NaN
2,67,312,NaN
2,67,313,NaN
2,67,314,NaN
2,67,315,NaN
2,67,316,NaN
2,67,317,NaN
2,67,318,NaN
2,67,319,NaN
2,67,320,NaN
2,67,321,NaN
2,67,322,NaN
2,67,323,NaN
2,67,324,NaN
2,67,325,NaN
2,67,326,NaN
2,67,327,NaN
2,67,328,NaN
2,67,329,NaN
2,67,330,NaN
2,67,331,NaN
2,67,332,NaN
2,67,333,NaN
2,67,334,NaN
2,67,335,NaN
2,67,336,NaN
2,67,337,NaN
2,67,338,NaN
2,67,339,NaN
2,67,340,NaN
2,67,341,NaN
2,67,342,NaN
2,67,343,NaN
2,67,344,NaN
2,67,345,NaN
2,67,346,NaN
2,67,347,NaN
2,67,348,NaN
2,67,349,NaN
2,67,350,NaN
2,67,351,NaN
2,67,352,NaN
2,67,353,NaN
2,67,354,NaN
2,67,355,NaN
2,67,356,NaN
2,67,357,NaN
2,67,358,NaN
2,67,359,NaN
2,67,360,NaN
2,67,361,NaN
2,67,362,NaN
2,67,363,NaN
2,67,364,NaN
2,67,365,NaN
2,67,366,NaN
2,67,367,NaN
2,67,368,NaN
2,67,369,NaN
2,67,370,NaN
2,67,371,NaN
2,67,372,NaN
2,67,373,NaN
2,67,374,NaN
2,67,375,NaN
2,67,376,NaN
2,67,377,NaN
2,67,378,NaN
2,67,379,NaN
2,67,380,NaN
2,67,381,NaN
2,67,382,NaN
2,67,383,NaN
2,67,384,NaN
2,67,385,NaN
2,67,386,NaN
2,67,387,NaN
2,67,388,NaN
2,67,389,NaN
2,67,390,NaN
2,67,391,NaN
2,67,392,NaN
2,67,393,NaN
2,67,394,NaN
2,67,395,NaN
2,67,396,NaN
2,67,397,NaN
2,67,398,NaN
2,67,399,NaN
2,67,400,NaN
2,67,401,NaN
2,67,402,NaN
2,67,403,NaN
2,67,404,NaN
2,67,405,NaN
2,67,406,NaN
2,67,407,NaN
2,67,408,NaN
2,67,409,NaN
2,67,410,NaN
2,67,411,NaN
2,67,412,NaN
2,67,413,NaN
2,67,414,NaN
2,67,415,NaN
2,67,416,NaN
2,67,417,NaN
2,67,418,NaN
2,67,419,NaN
2,67,420,NaN
2,67,421,NaN
2,67,422,NaN
2,67,423,NaN
2,67,424,NaN
2,67,425,NaN
2,67,426,NaN
2,67,427,NaN
2,67,428,NaN
2,67,429,NaN
2,67,430,NaN
2,67,431,NaN
2,67,432,NaN
2,67,433,NaN
2,67,434,NaN
2,67,435,NaN
2,67,436,NaN
2,67,437,NaN
2,67,438,NaN
2,67,439,NaN
2,67,440,NaN
2,67,441,NaN
2,67,442,NaN
2,67,443,NaN
2,67,444,NaN
2,67,445,NaN
2,67,446,NaN
2,67,447,NaN
2,67,448,NaN
2,67,449,NaN
2,67,450,NaN
2,67,451,NaN
2,67,452,NaN
2,67,453,NaN
2,67,454,NaN
2,67,455,NaN
2,67,456,NaN
2,67,457,NaN
2,67,458,NaN
2,67,459,NaN
2,67,460,NaN
2,67,461,NaN
2,67,462,NaN
2,67,463,NaN
2,67,464,NaN
2,67,465,NaN
2,67,466,NaN
2,67,467,NaN
2,67,468,NaN
2,67,469,NaN
2,67,470,NaN
2,67,471,NaN
2,67,472,NaN
2,67,473,NaN
2,67,474,NaN
2,67,475,NaN
2,67,476,NaN
2,67,477,NaN
2,67,478,NaN
2,67,479,NaN
2,67,480,NaN
2,67,481,NaN
2,67,482,NaN
2,67,483,NaN
2,67,484,NaN
2,67,485,NaN
2,67,486,NaN
2,67,487,NaN
2,67,488,NaN
2,67,489,NaN
2,67,490,NaN
2,67,491,NaN
2,67,492,NaN
2,67,493,NaN
2,67,494,NaN
2,67,495,NaN
2,67,496,NaN
2,67,497,NaN
2,67,498,NaN
2,67,499,NaN
2,67,500,NaN
2,67,501,NaN
2,67,502,NaN
2,67,503,NaN
2,67,504,NaN
2,67,505,NaN
2,67,506,NaN
2,67,507,NaN
2,67,508,NaN
2,67,509,NaN
2,67,510,NaN
2,67,511,NaN
2,67,512,NaN
2,67,513,NaN
2,67,514,NaN
2,67,515,NaN
2,67,516,NaN
2,67,517,NaN
2,67,518,NaN
2,67,519,NaN
2,67,520,NaN
2,67,521,NaN
2,67,522,NaN
2,67,523,NaN
2,67,524,NaN
2,67,525,NaN
2,67,526,NaN
2,67,527,NaN
2,67,528,NaN
2,67,529,NaN
2,67,530,NaN
2,67,531,NaN
2,67,532,NaN
2,67,533,NaN
2,67,534,NaN
2,67,535,NaN
2,67,536,NaN
2,67,537,NaN
2,67,538,NaN
2,67,539,NaN
2,67,540,NaN
2,67,541,NaN
2,67,542,NaN
2,67,543,NaN
2,67,544,NaN
2,67,545,NaN
2,67,546,NaN
2,67,547,NaN
2,67,548,NaN
2,67,549,NaN
2,67,550,NaN
2,67,551,NaN
2,67,552,NaN
2,67,553,NaN
2,67,554,NaN
2,67,555,NaN
2,67,556,NaN
2,67,557,NaN
2,67,558,NaN
2,67,559,NaN
2,67,560,NaN
2,67,561,NaN
2,67,562,NaN
2,67,563,NaN
2,67,564,NaN
2,67,565,NaN
2,67,566,NaN
2,67,567,NaN
2,67,568,NaN
2,67,569,NaN
2,67,570,NaN
2,67,571,NaN
2,67,572,NaN
2,67,573,NaN
2,67,574,NaN
2,67,575,NaN
2,67,576,NaN
2,67,577,NaN
2,67,578,NaN
2,67,579,NaN
2,67,580,NaN
2,67,581,NaN
2,67,582,NaN
2,67,583,NaN
2,67,584,NaN
2,67,585,NaN
2,67,586,NaN
2,67,587,NaN
2,67,588,NaN
2,67,589,NaN
2,67,590,NaN
2,67,591,NaN
2,67,592,NaN
2,67,593,NaN
2,67,594,NaN
2,67,595,NaN
2,67,596,NaN
2,67,597,NaN
2,67,598,NaN
2,67,599,NaN
2,102,0,0.058969380076270519
2,102,1,0.060551351125084731
2,102,2,0.062143251427277633
2,102,3,0.063744749188747729
2,102,4,0.065355515879974568
2,102,5,0.06697522626040095
2,102,6,0.068603558399817466
2,102,7,0.070240193696810907
2,102,8,0.071884816894330419
2,102,9,0.073537116092423749
2,102,10,0.07519678275818896
2,102,11,0.076863511732986958
2,102,12,0.078537001236957379
2,102,13,0.080216952870877323
2,102,14,0.081903071615405276
2,102,15,0.083595065827748796
2,102,16,0.08529264723579652
2,102,17,0.086995530929755399
2,102,18,0.088703435351334528
2,102,19,0.090416082280517687
2,102,20,0.092133196819969856
2,102,21,0.093854507377121005
2,102,22,0.095579745643976616
2,102,23,0.097308646574702298
2,102,24,0.099040948361033276
2,102,25,0.10077639240556258
2,102,26,0.10251472329296114
2,102,27,0.10425568875918852
2,102,28,0.10599903965875129
2,102,29,0.10774452993007072
2,102,30,0.1094919165590241
2,102,31,0.11124095954072211
2,102,32,0.11299142183959217
2,102,33,0.11474306934783425
2,102,34,0.1164956708423225
2,102,35,0.11824899794002318
2,102,36,0.12000282505200524
2,102,37,0.12175692933611847
2,102,38,0.12351109064841774
2,102,39,0.12526509149341203
2,102,40,0.12701871697321973
2,102,41,0.12877175473571029
2,102,42,0.13052399492171776
2,102,43,0.13227523011140782
2,102,44,0.13402525526988537
2,102,45,0.1357738676921264
2,102,46,0.13752086694732235
2,102,47,0.13926605482272314
2,102,48,0.14100923526706516
2,102,49,0.14275021433367477
2,102,50,0.14448880012333074
2,102,51,0.14622480272697796
2,102,52,0.14795803416837552
2,102,53,0.14968830834677069
2,102,54,0.15141544097968163
2,102,55,0.15313924954587826
2,102,56,0.15485955322864509
2,102,57,0.15657617285941108
2,102,58,0.15828893086183105
2,102,59,0.15999765119639994
2,102,60,0.16170215930568302
2,102,61,0.16340228206024052
2,102,62,0.16509784770532668
2,102,63,0.1667886858084397
2,102,64,0.16847462720779663
2,102,65,0.17015550396181051
2,102,66,0.17183114929963605
2,102,67,0.17350139757285796
2,102,68,0.17516608420838675
2,102,69,0.17682504566262855
2,102,70,0.17847811937698976
2,102,71,0.18012514373478059
2,102,72,0.18176595801957129
2,102,73,0.18340040237505928
2,102,74,0.18502831776649903
2,102,75,0.18664954594374442
2,102,76,0.18826392940595171
2,102,77,0.18987131136798613
2,102,78,0.19147153572857567
2,102,79,0.19306444704024869
2,102,80,0.19464989048109299
2,102,81,0.1962277118283674
2,102,82,0.19779775743399702
2,102,83,0.1993598742019779
2,102,84,0.20091390956771563
2,102,85,0.20245971147931788
2,102,86,0.20399712838085921
2,102,87,0.20552600919763148
2,102,88,0.20704620332339368
2,102,89,0.20855756060962688
2,102,90,0.21005993135680218
2,102,91,0.21155316630766394
2,102,92,0.21303711664252539
2,102,93,0.21451163397657791
2,102,94,0.21597657035920348
2,102,95,0.21743177827528382
2,102,96,0.21887711064849438
2,102,97,0.22031242084656708
2,102,98,0.22173756268850706
2,102,99,0.22315239045374169
2,102,100,0.22455675889318108
2,102,101,0.22595052324216397
2,102,102,0.22733353923526375
2,102,103,0.22870566312292268
2,102,104,0.23006675168988525
2,102,105,0.23141666227539479
2,102,106,0.23275525279511833
2,102,107,0.23408238176476101
2,102,108,0.23539790832533231
2,102,109,0.23670169227001797
2,102,110,0.23799359407261933
2,102,111,0.23927347491751108
2,102,112,0.24054119673107219
2,102,113,0.24179662221454162
2,102,114,0.24303961487824999
2,102,115,0.24427003907717415
2,102,116,0.24548776004776476
2,102,117,0.24669264394599302
2,102,118,0.24788455788656155
2,102,119,0.24906336998322465
2,102,120,0.25022894939016266
2,102,121,0.25138116634435215
2,102,122,0.252519892208876
2,102,123,0.25364499951711428
2,102,124,0.25475636201775748
2,102,125,0.25585385472058436
2,102,126,0.25693735394294276
2,102,127,0.25800673735687651
2,102,128,0.25906188403683711
2,102,129,0.26010267450792074
2,102,130,0.26112899079457114
2,102,131,0.26214071646968851
2,102,132,0.26313773670408463
2,102,133,0.26411993831622504
2,102,134,0.2650872098221998
2,102,135,0.266039441485862
2,102,136,0.2669765253690794
2,102,137,0.26789835538203649
2,102,138,0.268804827333535
2,102,139,0.26969583898123045
2,102,140,0.27057129008175385
2,102,141,0.27143108244065939
2,102,142,0.27227511996214521
2,102,143,0.27310330869849225
2,102,144,0.27391555689916958
2,102,145,0.2747117750595523
2,102,146,0.27549187596920088
2,102,147,0.27625577475965385
2,102,148,0.27700338895167964
2,102,149,0.27773463850194541
2,102,150,0.27844944584904907
2,102,151,0.27914773595887293
2,102,152,0.27982943636921126
2,102,153,0.28049447723362864
2,102,154,0.28114279136450565
2,102,155,0.28177431427522914
2,102,156,0.28238898422148961
2,102,157,0.282986742241641
2,102,158,0.28356753219608927
2,102,159,0.28413130080567089
2,102,160,0.28467799768898361
2,102,161,0.28520757539863767
2,102,162,0.28571998945639226
2,102,163,0.28621519838714471
2,102,164,0.28669367958519909
2,102,165,0.28715541550487994
2,102,166,0.28760037037463371
2,102,167,0.28802851179090699
2,102,168,0.28843981073794261
2,102,169,0.28883424160640109
2,102,170,0.28921178221077914
2,102,171,0.28957241380559218
2,102,172,0.28991612110029652
2,102,173,0.29024289227292438
2,102,174,0.29055271898240731
2,102,175,0.29084559637956703
2,102,176,0.29112152311675182
2,102,177,0.29138050135609889
2,102,178,0.29162253677640576
2,102,179,0.2918476385785938
2,102,180,0.29205581948974896
2,102,181,0.29224709576572494
2,102,182,0.29242148719229805
2,102,183,0.29257901708486123
2,102,184,0.29271971228664756
2,102,185,0.29284360316547425
2,102,186,0.29295072360900015
2,102,187,0.29304111101848934
2,102,188,0.29311480630107473
2,102,189,0.29317185386052014
2,102,190,0.29321230158647332
2,102,191,0.29323620084221053
2,102,192,0.29324360645087028
2,102,193,0.293234576680176
2,102,194,0.29320917322564655
2,102,195,0.29316746119229875
2,102,196,0.29310950907484207
2,102,197,0.29303538873636881
2,102,198,0.29294517538554443
2,102,199,0.29283894755230266
2,102,200,0.29271678706205023
2,102,201,0.29257877900838902
2,102,202,0.29242501172436142
2,102,203,0.29225557675222769
2,102,204,0.29207056881178423
2,102,205,0.29187008576723178
2,102,206,0.29165422859260265
2,102,207,0.29142310133576188
2,102,208,0.29117681108098792
2,102,209,0.29091546791015171
2,102,210,0.29063918486250173
2,102,211,0.29034807789307243
2,102,212,0.29004226582972836
2,102,213,0.28972187032886088
2,102,214,0.28938701582975168
2,102,215,0.28903782950761991
2,102,216,0.28867444122537167
2,102,217,0.28829698348406657
2,102,218,0.28790559137212346
2,102,219,0.28750040251328135
2,102,220,0.28708155701333743
2,102,221,0.28664919740568084
2,102,222,0.2862034685956456
2,102,223,0.28574451780370186
2,102,224,0.28527249450751008
2,102,225,0.28478755038286008
2,102,226,0.28428983924351886
2,102,227,0.28377951698001191
2,102,228,0.28325674149736291
2,102,229,0.28272167265181786
2,102,230,0.28217447218657959
2,102,231,0.28161530366658061
2,102,232,0.28104433241232085
2,102,233,0.2804617254328009
2,102,234,0.2798676513575773
2,102,235,0.27926228036797185
2,102,236,0.27864578412746571
2,102,237,0.27801833571130724
2,102,238,0.2773801095353689
2,102,239,0.27673128128428326
2,102,240,0.27607202783889351
2,102,241,0.27540252720305153
2,102,242,0.27472295842979938
2,102,243,0.27403350154696909
2,102,244,0.27333433748223823
2,102,245,0.27262564798767741
2,102,246,0.27190761556382825
2,102,247,0.27118042338335102
2,102,248,0.27044425521428017
2,102,249,0.26969929534292902
2,102,250,0.26894572849648424
2,102,251,0.26818373976533205
2,102,252,0.26741351452515755
2,102,253,0.26663523835886221
2,102,254,0.26584909697834191
2,102,255,0.26505527614617103
2,102,256,0.26425396159723707
2,102,257,0.26344533896037342
2,102,258,0.26262959368003563
2,102,259,0.26180691093806918
2,102,260,0.26097747557561707
2,102,261,0.26014147201521598
2,102,262,0.25929908418312991
2,102,263,0.2584504954319729
2,102,264,0.25759588846366832
2,102,265,0.25673544525280084
2,102,266,0.25586934697040714
2,102,267,0.25499777390826261
2,102,268,0.25412090540371318
2,102,269,0.25323891976510832
2,102,270,0.2523519941978859
2,102,271,0.25146030473136571
2,102,272,0.25056402614630341
2,102,273,0.24966333190326137
2,102,274,0.24875839407184999
2,102,275,0.24784938326089528
2,102,276,0.2469364685495864
2,102,277,0.24601981741966036
2,102,278,0.24509959568867667
2,102,279,0.24417596744443951
2,102,280,0.2432490949806197
2,102,281,0.24231913873363353
2,102,282,0.24138625722083143
2,102,283,0.24045060698005155
2,102,284,0.2395123425105917
2,102,285,0.23857161621565215
2,102,286,0.23762857834630385
2,102,287,0.23668337694703204
2,102,288,0.2357361578029076
2,102,289,0.23478706438843708
2,102,290,0.23383623781813964
2,102,291,0.23288381679890058
2,102,292,0.23192993758414893
2,102,293,0.23097473392990406
2,102,294,0.23001833705273894
2,102,295,0.22906087558969992
2,102,296,0.22810247556022945
2,102,297,0.22714326033012919
2,102,298,0.22618335057760344
2,102,299,0.22522286426142082
2,102,300,0.22426191659122888
2,102,301,0.22330062000005438
2,102,302,0.2223390841190229
2,102,303,0.22137741575432415
2,102,304,0.2204157188664525
2,102,305,0.21945409455174614
2,102,306,0.21849264102624777
2,102,307,0.21753145361190704
2,102,308,0.21657062472514127
2,102,309,0.21561024386777056
2,102,310,0.21465039762033819
2,102,311,0.21369116963782683
2,102,312,0.21273264064777644
2,102,313,0.21177488845080766
2,102,314,0.21081798792355211
2,102,315,0.20986201102398702
2,102,316,0.20890702679916909
2,102,317,0.20795310139536002
2,102,318,0.20700029807053152
2,102,319,0.20604867720923681
2,102,320,0.20509829633983043
2,102,321,0.20414921015401596
2,102,322,0.20320147052869889
2,102,323,0.20225512655011688
2,102,324,0.20131022454021888
2,102,325,0.20036680808525964
2,102,326,0.19942491806657392
2,102,327,0.19848459269349211
2,102,328,0.19754586753835482
2,102,329,0.19660877557358275
2,102,330,0.19567334721075344
2,102,331,0.19473961034163556
2,102,332,0.19380759038112691
2,102,333,0.19287731031204153
2,102,334,0.19194879073168752
2,102,335,0.19102204990017416
2,102,336,0.19009710379038733
2,102,337,0.18917396613956577
2,102,338,0.18825264850241352
2,102,339,0.18733336908079595
2,102,340,0.18641655672352414
2,102,341,0.18550222816975928
2,102,342,0.18459039811392369
2,102,343,0.18368107925942814
2,102,344,0.18277428237381269
2,102,345,0.18187001634521888
2,102,346,0.18096828824011296
2,102,347,0.1800691033621748
2,102,348,0.17917246531227218
2,102,349,0.17827837604943181
2,102,350,0.17738683595272609
2,102,351,0.17649784388398687
2,102,352,0.17561139725126143
2,102,353,0.17472749207292443
2,102,354,0.173846123042359
2,102,355,0.17296728359311989
2,102,356,0.17209096596449397
2,102,357,0.17121716126737027
2,102,358,0.1703458595503346
2,102,359,0.16947704986590381
2,102,360,0.16861072033681448
2,102,361,0.16774685822228289
2,102,362,0.16688544998415322
2,102,363,0.16602648135285217
2,102,364,0.16516993739306982
2,102,365,0.16431580256908665
2,102,366,0.16346406080966977
2,102,367,0.16261469557246139
2,102,368,0.16176768990778487
2,102,369,0.16092302652179605
2,102,370,0.16008068783890811
2,102,371,0.15924065606342019
2,102,372,0.15840291324028463
2,102,373,0.15756744131494602
2,102,374,0.15673422219218949
2,102,375,0.15590323779393858
2,102,376,0.15507447011594369
2,102,377,0.15424790128330573
2,102,378,0.15342351360478113
2,102,379,0.15260128962581815
2,102,380,0.15178121218027529
2,102,381,0.1509632644407771
2,102,382,0.1501474299676635
2,102,383,0.14933369275649244
2,102,384,0.14852203728405861
2,102,385,0.14771244855289223
2,102,386,0.14690491213420651
2,102,387,0.14609941420926331
2,102,388,0.14529594160913048
2,102,389,0.14449448185280658
2,102,390,0.14369502318369057
2,102,391,0.14289755460437914
2,102,392,0.14210206590977315
2,102,393,0.14130854771848148
2,102,394,0.14051699150250957
2,102,395,0.13972738961522491
2,102,396,0.13893973531759324
2,102,397,0.13815402280268077
2,102,398,0.13737024721842317
2,102,399,0.13658840468865954
2,102,400,0.13580849233243814
2,102,401,0.13503050828159596
2,102,402,0.13425445169662292
2,102,403,0.13348032278081837
2,102,404,0.13270812279275368
2,102,405,0.13193785405705311
2,102,406,0.13116951997351115
2,102,407,0.13040312502456097
2,102,408,0.12963867478111726
2,102,409,0.12887617590681114
2,102,410,0.12811563616064281
2,102,411,0.12735706439807495
2,102,412,0.12660047057059329
2,102,413,0.12584586572376225
2,102,414,NaN
2,102,415,NaN
2,102,416,NaN
2,102,417,NaN
2,102,418,NaN
2,102,419,NaN
2,102,420,NaN
2,102,421,NaN
2,102,422,NaN
2,102,423,NaN
2,102,424,NaN
2,102,425,NaN
2,102,426,NaN
2,102,427,NaN
2,102,428,NaN
2,102,429,NaN
2,102,430,NaN
2,102,431,NaN
2,102,432,NaN
2,102,433,NaN
2,102,434,NaN
2,102,435,NaN
2,102,436,NaN
2,102,437,NaN
2,102,438,NaN
2,102,439,NaN
2,102,440,NaN
2,102,441,NaN
2,102,442,NaN
2,102,443,NaN
2,102,444,NaN
2,102,445,NaN
2,102,446,NaN
2,102,447,NaN
2,102,448,NaN
2,102,449,NaN
2,102,450,NaN
2,102,451,NaN
2,102,452,NaN
2,102,453,NaN
2,102,454,NaN
2,102,455,NaN
2,102,456,NaN
2,102,457,NaN
2,102,458,NaN
2,102,459,NaN
2,102,460,NaN
2,102,461,NaN
2,102,462,NaN
2,102,463,NaN
2,102,464,NaN
2,102,465,NaN
2,102,466,NaN
2,102,467,NaN
2,102,468,NaN
2,102,469,NaN
2,102,470,NaN
2,102,471,NaN
2,102,472,NaN
2,102,473,NaN
2,102,474,NaN
2,102,475,NaN
2,102,476,NaN
2,102,477,NaN
2,102,478,NaN
2,102,479,NaN
2,102,480,NaN
2,102,481,NaN
2,102,482,NaN
2,102,483,NaN
2,102,484,NaN
2,102,485,NaN
2,102,486,NaN
2,102,487,NaN
2,102,488,NaN
2,102,489,NaN
2,102,490,NaN
2,102,491,NaN
2,102,492,NaN
2,102,493,NaN
2,102,494,NaN
2,102,495,NaN
2,102,496,NaN
2,102,497,NaN
2,102,498,NaN
2,102,499,NaN
2,102,500,NaN
2,102,501,NaN
2,102,502,NaN
2,102,503,NaN
2,102,504,NaN
2,102,505,NaN
2,102,506,NaN
2,102,507,NaN
2,102,508,NaN
2,102,509,NaN
2,102,510,NaN
2,102,511,NaN
2,102,512,NaN
2,102,513,NaN
2,102,514,NaN
2,102,515,NaN
2,102,516,NaN
2,102,517,NaN
2,102,518,NaN
2,102,519,NaN
2,102,520,NaN
2,102,521,NaN
2,102,522,NaN
2,102,523,NaN
2,102,524,NaN
2,102,525,NaN
2,102,526,NaN
2,102,527,NaN
2,102,528,NaN
2,102,529,NaN
2,102,530,NaN
2,102,531,NaN
2,102,532,NaN
2,102,533,NaN
2,102,534,NaN
2,102,535,NaN
2,102,536,NaN
2,102,537,NaN
2,102,538,NaN
2,102,539,NaN
2,102,540,NaN
2,102,541,NaN
2,102,542,NaN
2,102,543,NaN
2,102,544,NaN
2,102,545,NaN
2,102,546,NaN
2,102,547,NaN
2,102,548,NaN
2,102,549,NaN
2,102,550,NaN
2,102,551,NaN
2,102,552,NaN
2,102,553,NaN
2,102,554,NaN
2,102,555,NaN
2,102,556,NaN
2,102,557,NaN
2,102,558,NaN
2,102,559,NaN
2,102,560,NaN
2,102,561,NaN
2,102,562,NaN
2,102,563,NaN
2,102,564,NaN
2,102,565,NaN
2,102,566,NaN
2,102,567,NaN
2,102,568,NaN
2,102,569,NaN
2,102,570,NaN
2,102,571,NaN
2,102,572,NaN
2,102,573,NaN
2,102,574,NaN
2,102,575,NaN
2,102,576,NaN
2,102,577,NaN
2,102,578,NaN
2,102,579,NaN
2,102,580,NaN
2,102,581,NaN
2,102,582,NaN
2,102,583,NaN
2,102,584,NaN
2,102,585,NaN
2,102,586,NaN
2,102,587,NaN
2,102,588,NaN
2,102,589,NaN
2,102,590,NaN
2,102,591,NaN
2,102,592,NaN
2,102,593,NaN
2,102,594,NaN
2,102,595,NaN
2,102,596,NaN
2,102,597,NaN
2,102,598,NaN
2,102,599,NaN
2,28,0,0.086871205999004039
2,28,1,0.088859703949582453
2,28,2,0.090863910651276997
2,28,3,0.092883592473855386
2,28,4,0.094918513348748138
2,28,5,0.096968434822165744
2,28,6,0.099033116104231128
2,28,7,0.10111231411446293
2,28,8,0.10320578352392634
2,28,9,0.10531327679434795
2,28,10,0.1074345442144745
2,28,11,0.10956933393394069
2,28,12,0.111717391994893
2,28,13,0.11387846236160641
2,28,14,0.11605228694831422
2,28,15,0.11823860564546211
2,28,16,0.12043715634458438
2,28,17,0.12264767496198879
2,28,18,0.12486989546143032
2,28,19,0.12710354987593886
2,28,20,0.12934836832896351
2,28,21,0.1316040790549812
2,28,22,0.13387040841971581
2,28,23,0.13614708094010075
2,28,24,0.1384338193041153
2,28,25,0.14073034439061602
2,28,26,0.14303637528927812
2,28,27,0.14535162932075602
2,28,28,0.14767582205716764
2,28,29,0.15000866734299823
2,28,30,0.15234987731651781
2,28,31,0.15469916243179904
2,28,32,0.15705623148141698
2,28,33,0.15942079161990866
2,28,34,0.16179254838806639
2,28,35,0.16417120573813121
2,28,36,0.16655646605995184
2,28,37,0.16894803020816918
2,28,38,0.17134559753048023
2,28,39,0.17374886589703653
2,28,40,0.17615753173102172
2,28,41,0.17857129004045422
2,28,42,0.18098983445125597
2,28,43,0.18341285724162282
2,28,44,0.1858400493777308
2,28,45,0.18827110055080928
2,28,46,0.19070569921560646
2,28,47,0.1931435326302709
2,28,48,0.19558418261730262
2,28,49,0.19802715649831937
2,28,50,0.20047213038983905
2,28,51,0.20291877929221766
2,28,52,0.20536677713933463
2,28,53,0.20781579684982404
2,28,54,0.21026551037985319
2,28,55,0.21271558877744864
2,28,56,0.21516570223836348
2,28,57,0.21761552016348087
2,28,58,0.22006471121774404
2,28,59,0.2225129433906021
2,28,60,0.22495988405795711
2,28,61,0.22740520004559667
2,28,62,0.22984855769409482
2,28,63,0.23228962292515884
2,28,64,0.23472806130940191
2,28,65,0.23716353813551483
2,28,66,0.23959571848081201
2,28,67,0.24202426728312312
2,28,68,0.2444488494139995
2,28,69,0.24686912975320302
2,28,70,0.24928477326444584
2,28,71,0.25169544507234293
2,28,72,0.25410081054054184
2,28,73,0.25650053535099193
2,28,74,0.2588942855843101
2,28,75,0.26128172780120523
2,28,76,0.26366252912491656
2,28,77,0.26603635732462083
2,28,78,0.26840288089976644
2,28,79,0.27076176916528438
2,28,80,0.27311269233762958
2,28,81,0.27545532162160585
2,28,82,0.2777893292979226
2,28,83,0.2801143888114323
2,28,84,0.28243017486000077
2,28,85,0.28473636348395348
2,28,86,0.28703263215604835
2,28,87,0.28931865987192035
2,28,88,0.29159412724094286
2,28,89,0.29385871657745155
2,28,90,0.29611211199227627
2,28,91,0.29835399948452368
2,28,92,0.30058406703355428
2,28,93,0.30280200469110041
2,28,94,0.30500750467346349
2,28,95,0.30720026145373724
2,28,96,0.30937997185399835
2,28,97,0.31154633513740693
2,28,98,0.31369905310016016
2,28,99,0.31583783016323991
2,28,100,0.31796237346389955
2,28,101,0.32007239294683004
2,28,102,0.32216760145494949
2,28,103,0.32424771481975867
2,28,104,0.32631245195120562
2,28,105,0.32836153492700249
2,28,106,0.33039468908133873
2,28,107,0.33241164309293436
2,28,108,0.33441212907237822
2,28,109,0.33639588264869469
2,28,110,0.33836264305508601
2,28,111,0.34031215321379493
2,28,112,0.34224415982003359
2,28,113,0.34415841342492659
2,28,114,0.34605466851741623
2,28,115,0.34793268360507495
2,28,116,0.34979222129377874
2,28,117,0.35163304836618692
2,28,118,0.35345493585897969
2,28,119,0.35525765913880658
2,28,120,0.35704099797689448
2,28,121,0.35880473662227097
2,28,122,0.36054866387355294
2,28,123,0.36227257314926004
2,28,124,0.36397626255660231
2,28,125,0.36565953495870307
2,28,126,0.36732219804021216
2,28,127,0.36896406437126705
2,28,128,0.370584951469763
2,28,129,0.37218468186189063
2,28,130,0.3737630831409034
2,28,131,0.37531998802407535
2,28,132,0.37685523440781515
2,28,133,0.3783686654208982
2,28,134,0.37986012947578318
2,28,135,0.3813294803179807
2,28,136,0.38277657707343954
2,28,137,0.38420128429392059
2,28,138,0.38560347200032802
2,28,139,0.38698301572396993
2,28,140,0.38833979654571765
2,28,141,0.38967370113303967
2,28,142,0.3909846217748848
2,28,143,0.39227245641438752
2,28,144,0.39353710867937564
2,28,145,0.39477848791065651
2,28,146,0.39599650918806012
2,28,147,0.39719109335422242
2,28,148,0.39836216703608718
2,28,149,0.39950966266411181
2,28,150,0.40063351848915896
2,28,151,0.4017336785970605
2,28,152,0.40281009292084075
2,28,153,0.40386271725058365
2,28,154,0.40489151324093736
2,28,155,0.40589644841624067
2,28,156,0.40687749617326768
2,28,157,0.40783463578158013
2,28,158,0.40876785238148078
2,28,159,0.40967713697956493
2,28,160,0.41056248644186411
2,28,161,0.41142390348457875
2,28,162,0.41226139666240141
2,28,163,0.41307498035442569
2,28,164,0.41386467474764543
2,28,165,0.41463050581804339
2,28,166,0.41537250530927461
2,28,167,0.41609071070894782
2,28,168,0.41678516522251063
2,28,169,0.417455917744744
2,28,170,0.41810302282887696
2,28,171,0.41872654065332721
2,28,172,0.41932653698607947
2,28,173,0.41990308314671365
2,28,174,0.42045625596609365
2,28,175,0.42098613774373195
2,28,176,0.42149281620284418
2,28,177,0.4219763844431107
2,28,178,0.42243694089116052
2,28,179,0.42287458924879834
2,28,180,0.42328943843899258
2,28,181,0.42368160254964521
2,28,182,0.424051200775167
2,28,183,0.42439835735587877
2,28,184,0.42472320151526488
2,28,185,0.42502586739510306
2,28,186,0.42530649398849724
2,28,187,0.4255652250708431
2,28,188,0.42580220912875122
2,28,189,0.42601759928696242
2,28,190,0.42621155323328197
2,28,191,0.42638423314156987
2,28,192,0.42653580559281584
2,28,193,0.4266664414943378
2,28,194,0.42677631599713678
2,28,195,0.42686560841144738
2,28,196,0.42693450212052048
2,28,197,0.42698318449267852
2,28,198,0.42701184679168386
2,28,199,0.42702068408546129
2,28,200,0.42700989515321813
2,28,201,0.42697968239100675
2,28,202,0.42693025171577265
2,28,203,0.42686181246793703
2,28,204,0.42677457731255991
2,28,205,0.42666876213913368
2,28,206,0.42654458596005551
2,28,207,0.42640227080783188
2,28,208,0.42624204163106533
2,28,209,0.4260641261892798
2,28,210,0.42586875494663606
2,28,211,0.42565616096459535
2,28,212,0.42542657979358722
2,28,213,0.4251802493637401
2,28,214,0.42491740987473459
2,28,215,0.42463830368483668
2,28,216,0.42434317519917841
2,28,217,0.4240322707573419
2,28,218,0.42370583852031518
2,28,219,0.42336412835688292
2,28,220,0.42300739172951801
2,28,221,0.42263588157984061
2,28,222,0.42224985221371336
2,28,223,0.42184955918604111
2,28,224,0.42143525918534552
2,28,225,0.42100732081652009
2,28,226,0.42056612833728929
2,28,227,0.42011193296343852
2,28,228,0.41964498638970898
2,28,229,0.41916554067214595
2,28,230,0.41867384811098368
2,28,231,0.4181701611341333
2,28,232,0.41765473218134591
2,28,233,0.41712781358911677
2,28,234,0.41658965747640647
2,28,235,0.41604051563124506
2,28,236,0.41548063939829699
2,28,237,0.41491027956745496
2,28,238,0.41432968626353983
2,28,239,0.4137391088371758
2,28,240,0.41313879575692009
2,28,241,0.41252899450271574
2,28,242,0.41190995146074566
2,28,243,0.41128191181975887
2,28,244,0.41064511946894555
2,28,245,0.40999981689743153
2,28,246,0.4093462450954678
2,28,247,0.4086846434573852
2,28,248,0.40801524968639019
2,28,249,0.40733829970126784
2,28,250,0.40665402754506647
2,28,251,0.40596266529583214
2,28,252,0.40526444297946113
2,28,253,0.404559588484738
2,28,254,0.40384832748062444
2,28,255,0.40313088333586544
2,28,256,0.40240747704097202
2,28,257,0.40167832713264617
2,28,258,0.40094364962070406
2,28,259,0.40020365791755641
2,28,260,0.39945856277030117
2,28,261,NaN
2,28,262,NaN
2,28,263,NaN
2,28,264,NaN
2,28,265,NaN
2,28,266,NaN
2,28,267,NaN
2,28,268,NaN
2,28,269,NaN
2,28,270,NaN
2,28,271,NaN
2,28,272,NaN
2,28,273,NaN
2,28,274,NaN
2,28,275,NaN
2,28,276,NaN
2,28,277,NaN
2,28,278,NaN
2,28,279,NaN
2,28,280,NaN
2,28,281,NaN
2,28,282,NaN
2,28,283,NaN
2,28,284,NaN
2,28,285,NaN
2,28,286,NaN
2,28,287,NaN
2,28,288,NaN
2,28,289,NaN
2,28,290,NaN
2,28,291,NaN
2,28,292,NaN
2,28,293,NaN
2,28,294,NaN
2,28,295,NaN
2,28,296,NaN
2,28,297,NaN
2,28,298,NaN
2,28,299,NaN
2,28,300,NaN
2,28,301,NaN
2,28,302,NaN
2,28,303,NaN
2,28,304,NaN
2,28,305,NaN
2,28,306,NaN
2,28,307,NaN
2,28,308,NaN
2,28,309,NaN
2,28,310,NaN
2,28,311,NaN
2,28,312,NaN
2,28,313,NaN
2,28,314,NaN
2,28,315,NaN
2,28,316,NaN
2,28,317,NaN
2,28,318,NaN
2,28,319,NaN
2,28,320,NaN
2,28,321,NaN
2,28,322,NaN
2,28,323,NaN
2,28,324,NaN
2,28,325,NaN
2,28,326,NaN
2,28,327,NaN
2,28,328,NaN
2,28,329,NaN
2,28,330,NaN
2,28,331,NaN
2,28,332,NaN
2,28,333,NaN
2,28,334,NaN
2,28,335,NaN
2,28,336,NaN
2,28,337,NaN
2,28,338,NaN
2,28,339,NaN
2,28,340,NaN
2,28,341,NaN
2,28,342,NaN
2,28,343,NaN
2,28,344,NaN
2,28,345,NaN
2,28,346,NaN
2,28,347,NaN
2,28,348,NaN
2,28,349,NaN
2,28,350,NaN
2,28,351,NaN
2,28,352,NaN
2,28,353,NaN
2,28,354,NaN
2,28,355,NaN
2,28,356,NaN
2,28,357,NaN
2,28,358,NaN
2,28,359,NaN
2,28,360,NaN
2,28,361,NaN
2,28,362,NaN
2,28,363,NaN
2,28,364,NaN
2,28,365,NaN
2,28,366,NaN
2,28,367,NaN
2,28,368,NaN
2,28,369,NaN
2,28,370,NaN
2,28,371,NaN
2,28,372,NaN
2,28,373,NaN
2,28,374,NaN
2,28,375,NaN
2,28,376,NaN
2,28,377,NaN
2,28,378,NaN
2,28,379,NaN
2,28,380,NaN
2,28,381,NaN
2,28,382,NaN
2,28,383,NaN
2,28,384,NaN
2,28,385,NaN
2,28,386,NaN
2,28,387,NaN
2,28,388,NaN
2,28,389,NaN
2,28,390,NaN
2,28,391,NaN
2,28,392,NaN
2,28,393,NaN
2,28,394,NaN
2,28,395,NaN
2,28,396,NaN
2,28,397,NaN
2,28,398,NaN
2,28,399,NaN
2,28,400,NaN
2,28,401,NaN
2,28,402,NaN
2,28,403,NaN
2,28,404,NaN
2,28,405,NaN
2,28,406,NaN
2,28,407,NaN
2,28,408,NaN
2,28,409,NaN
2,28,410,NaN
2,28,411,NaN
2,28,412,NaN
2,28,413,NaN
2,28,414,NaN
2,28,415,NaN
2,28,416,NaN
2,28,417,NaN
2,28,418,NaN
2,28,419,NaN
2,28,420,NaN
2,28,421,NaN
2,28,422,NaN
2,28,423,NaN
2,28,424,NaN
2,28,425,NaN
2,28,426,NaN
2,28,427,NaN
2,28,428,NaN
2,28,429,NaN
2,28,430,NaN
2,28,431,NaN
2,28,432,NaN
2,28,433,NaN
2,28,434,NaN
2,28,435,NaN
2,28,436,NaN
2,28,437,NaN
2,28,438,NaN
2,28,439,NaN
2,28,440,NaN
2,28,441,NaN
2,28,442,NaN
2,28,443,NaN
2,28,444,NaN
2,28,445,NaN
2,28,446,NaN
2,28,447,NaN
2,28,448,NaN
2,28,449,NaN
2,28,450,NaN
2,28,451,NaN
2,28,452,NaN
2,28,453,NaN
2,28,454,NaN
2,28,455,NaN
2,28,456,NaN
2,28,457,NaN
2,28,458,NaN
2,28,459,NaN
2,28,460,NaN
2,28,461,NaN
2,28,462,NaN
2,28,463,NaN
2,28,464,NaN
2,28,465,NaN
2,28,466,NaN
2,28,467,NaN
2,28,468,NaN
2,28,469,NaN
2,28,470,NaN
2,28,471,NaN
2,28,472,NaN
2,28,473,NaN
2,28,474,NaN
2,28,475,NaN
2,28,476,NaN
2,28,477,NaN
2,28,478,NaN
2,28,479,NaN
2,28,480,NaN
2,28,481,NaN
2,28,482,NaN
2,28,483,NaN
2,28,484,NaN
2,28,485,NaN
2,28,486,NaN
2,28,487,NaN
2,28,488,NaN
2,28,489,NaN
2,28,490,NaN
2,28,491,NaN
2,28,492,NaN
2,28,493,NaN
2,28,494,NaN
2,28,495,NaN
2,28,496,NaN
2,28,497,NaN
2,28,498,NaN
2,28,499,NaN
2,28,500,NaN
2,28,501,NaN
2,28,502,NaN
2,28,503,NaN
2,28,504,NaN
2,28,505,NaN
2,28,506,NaN
2,28,507,NaN
2,28,508,NaN
2,28,509,NaN
2,28,510,NaN
2,28,511,NaN
2,28,512,NaN
2,28,513,NaN
2,28,514,NaN
2,28,515,NaN
2,28,516,NaN
2,28,517,NaN
2,28,518,NaN
2,28,519,NaN
2,28,520,NaN
2,28,521,NaN
2,28,522,NaN
2,28,523,NaN
2,28,524,NaN
2,28,525,NaN
2,28,526,NaN
2,28,527,NaN
2,28,528,NaN
2,28,529,NaN
2,28,530,NaN
2,28,531,NaN
2,28,532,NaN
2,28,533,NaN
2,28,534,NaN
2,28,535,NaN
2,28,536,NaN
2,28,537,NaN
2,28,538,NaN
2,28,539,NaN
2,28,540,NaN
2,28,541,NaN
2,28,542,NaN
2,28,543,NaN
2,28,544,NaN
2,28,545,NaN
2,28,546,NaN
2,28,547,NaN
2,28,548,NaN
2,28,549,NaN
2,28,550,NaN
2,28,551,NaN
2,28,552,NaN
2,28,553,NaN
2,28,554,NaN
2,28,555,NaN
2,28,556,NaN
2,28,557,NaN
2,28,558,NaN
2,28,559,NaN
2,28,560,NaN
2,28,561,NaN
2,28,562,NaN
2,28,563,NaN
2,28,564,NaN
2,28,565,NaN
2,28,566,NaN
2,28,567,NaN
2,28,568,NaN
2,28,569,NaN
2,28,570,NaN
2,28,571,NaN
2,28,572,NaN
2,28,573,NaN
2,28,574,NaN
2,28,575,NaN
2,28,576,NaN
2,28,577,NaN
2,28,578,NaN
2,28,579,NaN
2,28,580,NaN
2,28,581,NaN
2,28,582,NaN
2,28,583,NaN
2,28,584,NaN
2,28,585,NaN
2,28,586,NaN
2,28,587,NaN
2,28,588,NaN
2,28,589,NaN
2,28,590,NaN
2,28,591,NaN
2,28,592,NaN
2,28,593,NaN
2,28,594,NaN
2,28,595,NaN
2,28,596,NaN
2,28,597,NaN
2,28,598,NaN
2,28,599,NaN
2,78,0,0.078397132793919508
2,78,1,0.080220237089709351
2,78,2,0.082054437431719307
2,78,3,0.083899548917132499
2,78,4,0.085755386115597049
2,78,5,0.087621763080760001
2,78,6,0.089498493358781392
2,78,7,0.091385389994075611
2,78,8,0.093282265532512412
2,78,9,0.09518893202229993
2,78,10,0.097105201012759171
2,78,11,0.099030883551189039
2,78,12,0.10096579017801213
2,78,13,0.10290973092038151
2,78,14,0.10486251528442012
2,78,15,0.10682395224625708
2,78,16,0.10879385024201693
2,78,17,0.11077201715691114
2,78,18,0.11275826031357411
2,78,19,0.11475238645978104
2,78,20,0.11675420175567641
2,78,21,0.11876351176063892
2,78,22,0.12078012141990198
2,78,23,0.12280383505104325
2,78,24,0.12483445633045366
2,78,25,0.12687178827988882
2,78,26,0.1289156332532051
2,78,27,0.13096579292337365
2,78,28,0.13302206826986623
2,78,29,0.13508425956649864
2,78,30,0.13715216636981634
2,78,31,0.13922558750810138
2,78,32,0.1413043210710774
2,78,33,0.14338816440038513
2,78,34,0.14547691408089622
2,78,35,0.14757036593293249
2,78,36,0.14966831500545252
2,78,37,0.15177055557026228
2,78,38,0.15387688111730907
2,78,39,0.15598708435110795
2,78,40,0.15810095718835146
2,78,41,0.16021829075674857
2,78,42,0.16233887539513572
2,78,43,0.16446250065490065
2,78,44,0.16658895530275547
2,78,45,0.16871802732489341
2,78,46,0.17084950393256132
2,78,47,0.17298317156907519
2,78,48,0.17511881591830586
2,78,49,0.17725622191465629
2,78,50,0.17939517375455222
2,78,51,0.18153545490946249
2,78,52,0.18367684814046509
2,78,53,0.18581913551436974
2,78,54,0.18796209842140851
2,78,55,0.19010551759449981
2,78,56,0.1922491731300926
2,78,57,0.19439284451059083
2,78,58,0.19653631062835972
2,78,59,0.19867934981131014
2,78,60,0.20082173985005802
2,78,61,0.20296325802664911
2,78,62,0.20510368114484248
2,78,63,0.20724278556193951
2,78,64,0.20938034722214566
2,78,65,0.21151614169144919
2,78,66,0.2136499441939986
2,78,67,0.21578152964996089
2,78,68,0.21791067271483622
2,78,69,0.22003714782020842
2,78,70,0.22216072921590527
2,78,71,0.2242811910135401
2,78,72,0.22639830723140777
2,78,73,0.22851185184070538
2,78,74,0.23062159881304267
2,78,75,0.23272732216921263
2,78,76,0.23482879602918466
2,78,77,0.23692579466328553
2,78,78,0.23901809254452958
2,78,79,0.24110546440206013
2,78,80,0.24318768527566173
2,78,81,0.24526453057130146
2,78,82,0.24733577611765761
2,78,83,0.24940119822359214
2,78,84,0.25146057373652198
2,78,85,0.25351368010164477
2,78,86,0.25556029542197256
2,78,87,0.2576001985191248
2,78,88,0.25963163293906144
2,78,89,0.26165324290149705
2,78,90,0.26366477116945103
2,78,91,0.26566596242473639
2,78,92,0.26765656333663534
2,78,93,0.26963632263098336
2,78,94,0.27160499115960079
2,78,95,0.27356232197000585
2,78,96,0.27550807037534758
2,78,97,0.27744199402449327
2,78,98,0.27936385297220939
2,78,99,0.28127340974937237
2,78,100,0.28317042943314746
2,78,101,0.28505467971707371
2,78,102,0.28692593098099262
2,78,103,0.28878395636076193
2,78,104,0.29062853181769149
2,78,105,0.29245943620764253
2,78,106,0.29427645134973007
2,78,107,0.29607936209457042
2,78,108,0.29786795639201435
2,78,109,0.29964202535830853
2,78,110,0.30140136334262896
2,78,111,0.30314576799292708
2,78,112,0.30487504032103713
2,78,113,0.30658898476698432
2,78,114,0.30828740926244502
2,78,115,0.30997012529329915
2,78,116,0.31163694796122771
2,78,117,0.31328769604430018
2,78,118,0.31492219205649941
2,78,119,0.31654026230613791
2,78,120,0.3181417369531111
2,78,121,0.31972645006494266
2,78,122,0.32129423967157184
2,78,123,0.32284494781883727
2,78,124,0.3243784206206114
2,78,125,0.32589450830953998
2,78,126,0.32739306528634304
2,78,127,0.32887395016763604
2,78,128,0.33033702583222713
2,78,129,0.33178215946585082
2,78,130,0.33320922260430036
2,78,131,0.33461809117491648
2,78,132,0.33600864553639903
2,78,133,0.33738077051690352
2,78,134,0.33873435545038638
2,78,135,0.34006929421116772
2,78,136,0.34138548524667728
2,78,137,0.34268283160835167
2,78,138,0.34396124098065411
2,78,139,0.34522062570818657
2,78,140,0.34646090282086633
2,78,141,0.34768199405714134
2,78,142,0.34888382588521855
2,78,143,0.35006632952228095
2,78,144,0.35122944095167125
2,78,145,0.3523731009380201
2,78,146,0.35349725504029977
2,78,147,0.35460185362278274
2,78,148,0.35568685186388976
2,78,149,0.35675220976291028
2,78,150,0.35779789214458002
2,78,151,0.35882386866150306
2,78,152,0.35983011379440688
2,78,153,0.36081660685021805
2,78,154,0.3617833319579507
2,78,155,0.36273027806239999
2,78,156,0.36365743891563235
2,78,157,0.36456481306627025
2,78,158,0.36545240384656502
2,78,159,0.36632021935725806
2,78,160,0.36716827245022682
2,78,161,0.36799658070891988
2,78,162,0.36880516642657901
2,78,163,0.36959405658225591
2,78,164,0.37036328281462516
2,78,165,0.37111288139360299
2,78,166,0.3718428931897767
2,78,167,0.37255336364165698
2,78,168,0.37324434272076279
2,78,169,0.37391588489455063
2,78,170,0.37456804908720359
2,78,171,0.37520089863829481
2,78,172,0.37581450125934257
2,78,173,0.37640892898827499
2,78,174,0.37698425814182468
2,78,175,0.37754056926587592
2,78,176,0.37807794708378556
2,78,177,0.37859648044270328
2,78,178,0.37909626225791765
2,78,179,0.37957738945525488
2,78,180,0.38003996291156078
2,78,181,0.38048408739329476
2,78,182,0.38090987149327032
2,78,183,0.38131742756557474
2,78,184,0.38170687165870348
2,78,185,0.38207832344694703
2,78,186,0.382431906160068
2,78,187,0.38276774651130929
2,78,188,0.38308597462377419
2,78,189,0.38338672395522333
2,78,190,0.38367013122132998
2,78,191,0.38393633631744489
2,78,192,0.38418548223891391
2,78,193,0.38441771500000038
2,78,194,0.3846331835514627
2,78,195,0.38483203969683905
2,78,196,0.38501443800749413
2,78,197,0.3851805357364817
2,78,198,0.38533049273128178
2,78,199,0.38546447134546952
2,78,200,0.38558263634937562
2,78,201,0.38568515483979987
2,78,202,0.38577219614884006
2,78,203,0.38584393175190052
2,78,204,0.38590053517494488
2,78,205,0.38594218190106011
2,78,206,0.38596904927639969
2,78,207,0.38598131641557426
2,78,208,0.38597916410656169
2,78,209,0.38596277471520507
2,78,210,0.38593233208937466
2,78,211,0.38588802146286388
2,78,212,0.38583002935909744
2,78,213,0.38575854349472394
2,78,214,0.38567375268317172
2,78,215,0.38557584673824491
2,78,216,0.3854650163778357
2,78,217,0.38534145312783596
2,78,218,0.38520534922632355
2,78,219,0.38505689752810573
2,78,220,0.38489629140969978
2,78,221,0.38472372467483301
2,78,222,0.38453939146054095
2,78,223,0.38434348614394953
2,78,224,0.38413620324981884
2,78,225,0.38391773735893442
2,78,226,0.38368828301742608
2,78,227,0.38344803464709737
2,78,228,0.38319718645684581
2,78,229,0.38293593235525886
2,78,230,0.38266446586446357
2,78,231,0.38238298003531251
2,78,232,0.3820916673639862
2,78,233,0.38179071971009049
2,78,234,0.38148032821632977
2,78,235,0.38116068322983088
2,78,236,0.38083197422519743
2,78,237,0.38049438972936866
2,78,238,0.38014811724835701
2,78,239,0.37979334319593877
2,78,240,0.37943025282436843
2,78,241,0.37905903015718651
2,78,242,0.37867985792418923
2,78,243,0.37829291749862765
2,78,244,0.37789838883669724
2,78,245,0.3774964504193849
2,78,246,0.3770872791967283
2,78,247,0.37667105053454963
2,78,248,0.37624793816371616
2,78,249,0.37581811413198113
2,78,250,0.37538174875845498
2,78,251,0.37493901059075402
2,78,252,0.37449006636487064
2,78,253,0.37403508096780591
2,78,254,0.37357421740300345
2,78,255,0.3731076367586183
2,78,256,0.37263549817865366
2,78,257,0.37215795883699188
2,78,258,0.37167517391434612
2,78,259,0.37118729657815192
2,78,260,0.37069447796541682
2,78,261,0.37019686716854239
2,78,262,0.36969461122412683
2,78,263,0.36918785510475421
2,78,264,0.36867674171377413
2,78,265,0.36816141188306711
2,78,266,0.36764200437379146
2,78,267,0.36711865588010067
2,78,268,0.36659150103581678
2,78,269,0.36606067242404267
2,78,270,0.36552630058968777
2,78,271,0.36498851405488392
2,78,272,0.36444743933725837
2,78,273,0.36390320097102863
2,78,274,0.36335592153087998
2,78,275,0.36280572165858399
2,78,276,0.36225272009230775
2,78,277,0.36169703369856343
2,78,278,0.36113877750674317
2,78,279,0.36057806474617687
2,78,280,0.3600150068856528
2,78,281,0.35944971367532969
2,78,282,0.35888229319097131
2,78,283,NaN
2,78,284,NaN
2,78,285,NaN
2,78,286,NaN
2,78,287,NaN
2,78,288,NaN
2,78,289,NaN
2,78,290,NaN
2,78,291,NaN
2,78,292,NaN
2,78,293,NaN
2,78,294,NaN
2,78,295,NaN
2,78,296,NaN
2,78,297,NaN
2,78,298,NaN
2,78,299,NaN
2,78,300,NaN
2,78,301,NaN
2,78,302,NaN
2,78,303,NaN
2,78,304,NaN
2,78,305,NaN
2,78,306,NaN
2,78,307,NaN
2,78,308,NaN
2,78,309,NaN
2,78,310,NaN
2,78,311,NaN
2,78,312,NaN
2,78,313,NaN
2,78,314,NaN
2,78,315,NaN
2,78,316,NaN
2,78,317,NaN
2,78,318,NaN
2,78,319,NaN
2,78,320,NaN
2,78,321,NaN
2,78,322,NaN
2,78,323,NaN
2,78,324,NaN
2,78,325,NaN
2,78,326,NaN
2,78,327,NaN
2,78,328,NaN
2,78,329,NaN
2,78,330,NaN
2,78,331,NaN
2,78,332,NaN
2,78,333,NaN
2,78,334,NaN
2,78,335,NaN
2,78,336,NaN
2,78,337,NaN
2,78,338,NaN
2,78,339,NaN
2,78,340,NaN
2,78,341,NaN
2,78,342,NaN
2,78,343,NaN
2,78,344,NaN
2,78,345,NaN
2,78,346,NaN
2,78,347,NaN
2,78,348,NaN
2,78,349,NaN
2,78,350,NaN
2,78,351,NaN
2,78,352,NaN
2,78,353,NaN
2,78,354,NaN
2,78,355,NaN
2,78,356,NaN
2,78,357,NaN
2,78,358,NaN
2,78,359,NaN
2,78,360,NaN
2,78,361,NaN
2,78,362,NaN
2,78,363,NaN
2,78,364,NaN
2,78,365,NaN
2,78,366,NaN
2,78,367,NaN
2,78,368,NaN
2,78,369,NaN
2,78,370,NaN
2,78,371,NaN
2,78,372,NaN
2,78,373,NaN
2,78,374,NaN
2,78,375,NaN
2,78,376,NaN
2,78,377,NaN
2,78,378,NaN
2,78,379,NaN
2,78,380,NaN
2,78,381,NaN
2,78,382,NaN
2,78,383,NaN
2,78,384,NaN
2,78,385,NaN
2,78,386,NaN
2,78,387,NaN
2,78,388,NaN
2,78,389,NaN
2,78,390,NaN
2,78,391,NaN
2,78,392,NaN
2,78,393,NaN
2,78,394,NaN
2,78,395,NaN
2,78,396,NaN
2,78,397,NaN
2,78,398,NaN
2,78,399,NaN
2,78,400,NaN
2,78,401,NaN
2,78,402,NaN
2,78,403,NaN
2,78,404,NaN
2,78,405,NaN
2,78,406,NaN
2,78,407,NaN
2,78,408,NaN
2,78,409,NaN
2,78,410,NaN
2,78,411,NaN
2,78,412,NaN
2,78,413,NaN
2,78,414,NaN
2,78,415,NaN
2,78,416,NaN
2,78,417,NaN
2,78,418,NaN
2,78,419,NaN
2,78,420,NaN
2,78,421,NaN
2,78,422,NaN
2,78,423,NaN
2,78,424,NaN
2,78,425,NaN
2,78,426,NaN
2,78,427,NaN
2,78,428,NaN
2,78,429,NaN
2,78,430,NaN
2,78,431,NaN
2,78,432,NaN
2,78,433,NaN
2,78,434,NaN
2,78,435,NaN
2,78,436,NaN
2,78,437,NaN
2,78,438,NaN
2,78,439,NaN
2,78,440,NaN
2,78,441,NaN
2,78,442,NaN
2,78,443,NaN
2,78,444,NaN
2,78,445,NaN
2,78,446,NaN
2,78,447,NaN
2,78,448,NaN
2,78,449,NaN
2,78,450,NaN
2,78,451,NaN
2,78,452,NaN
2,78,453,NaN
2,78,454,NaN
2,78,455,NaN
2,78,456,NaN
2,78,457,NaN
2,78,458,NaN
2,78,459,NaN
2,78,460,NaN
2,78,461,NaN
2,78,462,NaN
2,78,463,NaN
2,78,464,NaN
2,78,465,NaN
2,78,466,NaN
2,78,467,NaN
2,78,468,NaN
2,78,469,NaN
2,78,470,NaN
2,78,471,NaN
2,78,472,NaN
2,78,473,NaN
2,78,474,NaN
2,78,475,NaN
2,78,476,NaN
2,78,477,NaN
2,78,478,NaN
2,78,479,NaN
2,78,480,NaN
2,78,481,NaN
2,78,482,NaN
2,78,483,NaN
2,78,484,NaN
2,78,485,NaN
2,78,486,NaN
2,78,487,NaN
2,78,488,NaN
2,78,489,NaN
2,78,490,NaN
2,78,491,NaN
2,78,492,NaN
2,78,493,NaN
2,78,494,NaN
2,78,495,NaN
2,78,496,NaN
2,78,497,NaN
2,78,498,NaN
2,78,499,NaN
2,78,500,NaN
2,78,501,NaN
2,78,502,NaN
2,78,503,NaN
2,78,504,NaN
2,78,505,NaN
2,78,506,NaN
2,78,507,NaN
2,78,508,NaN
2,78,509,NaN
2,78,510,NaN
2,78,511,NaN
2,78,512,NaN
2,78,513,NaN
2,78,514,NaN
2,78,515,NaN
2,78,516,NaN
2,78,517,NaN
2,78,518,NaN
2,78,519,NaN
2,78,520,NaN
2,78,521,NaN
2,78,522,NaN
2,78,523,NaN
2,78,524,NaN
2,78,525,NaN
2,78,526,NaN
2,78,527,NaN
2,78,528,NaN
2,78,529,NaN
2,78,530,NaN
2,78,531,NaN
2,78,532,NaN
2,78,533,NaN
2,78,534,NaN
2,78,535,NaN
2,78,536,NaN
2,78,537,NaN
2,78,538,NaN
2,78,539,NaN
2,78,540,NaN
2,78,541,NaN
2,78,542,NaN
2,78,543,NaN
2,78,544,NaN
2,78,545,NaN
2,78,546,NaN
2,78,547,NaN
2,78,548,NaN
2,78,549,NaN
2,78,550,NaN
2,78,551,NaN
2,78,552,NaN
2,78,553,NaN
2,78,554,NaN
2,78,555,NaN
2,78,556,NaN
2,78,557,NaN
2,78,558,NaN
2,78,559,NaN
2,78,560,NaN
2,78,561,NaN
2,78,562,NaN
2,78,563,NaN
2,78,564,NaN
2,78,565,NaN
2,78,566,NaN
2,78,567,NaN
2,78,568,NaN
2,78,569,NaN
2,78,570,NaN
2,78,571,NaN
2,78,572,NaN
2,78,573,NaN
2,78,574,NaN
2,78,575,NaN
2,78,576,NaN
2,78,577,NaN
2,78,578,NaN
2,78,579,NaN
2,78,580,NaN
2,78,581,NaN
2,78,582,NaN
2,78,583,NaN
2,78,584,NaN
2,78,585,NaN
2,78,586,NaN
2,78,587,NaN
2,78,588,NaN
2,78,589,NaN
2,78,590,NaN
2,78,591,NaN
2,78,592,NaN
2,78,593,NaN
2,78,594,NaN
2,78,595,NaN
2,78,596,NaN
2,78,597,NaN
2,78,598,NaN
2,78,599,NaN
2,22,0,0.080999389903994884
2,22,1,0.082915741218365174
2,22,2,0.084844826365879492
2,22,3,0.086786408343563409
2,22,4,0.088740250254469841
2,22,5,0.090706115246679139
2,22,6,0.092683766451413685
2,22,7,0.094672966920400961
2,22,8,0.096673479562625703
2,22,9,0.09868506708061385
2,22,10,0.10070749190639511
2,22,11,0.10274051613729378
2,22,12,0.10478390147169686
2,22,13,0.10683740914495209
2,22,14,0.10890079986554743
2,22,15,0.11097383375172323
2,22,16,0.11305627026866866
2,22,17,0.11514799159892575
2,22,18,0.11724914772379717
2,22,19,0.11935952665919299
2,22,20,0.12147891571680519
2,22,21,0.12360710141938007
2,22,22,0.12574386941722718
2,22,23,0.12788900440610756
2,22,24,0.130042290046641
2,22,25,0.13220350888537352
2,22,26,0.13437244227764147
2,22,27,0.13654887031237101
2,22,28,0.13873257173894593
2,22,29,0.14092332389627499
2,22,30,0.14312090264418845
2,22,31,0.14532508229728758
2,22,32,0.14753563556136903
2,22,33,0.14975233347254147
2,22,34,0.15197494533914735
2,22,35,0.15420324364669677
2,22,36,0.15643709389819704
2,22,37,0.15867626171841107
2,22,38,0.16092051090371134
2,22,39,0.16316960337666778
2,22,40,0.1654232991441113
2,22,41,0.1676813562587311
2,22,42,0.16994348404375373
2,22,43,0.17220933174758549
2,22,44,0.17447864410740985
2,22,45,0.17675116363704646
2,22,46,0.17902663060752844
2,22,47,0.18130478303158404
2,22,48,0.1835853566520447
2,22,49,0.18586808493419885
2,22,50,0.18815269906210683
2,22,51,0.19043892793888695
2,22,52,0.19272649819097798
2,22,53,0.19501513417637986
2,22,54,0.1973045579968708
2,22,55,0.19959448951419059
2,22,56,0.20188464637018047
2,22,57,0.20417474401086264
2,22,58,0.20646449571443728
2,22,59,0.20875361262317477
2,22,60,0.21104180377917048
2,22,61,0.21332877616393237
2,22,62,0.21561423474176
2,22,63,0.217897882506877
2,22,64,0.22017942053426884
2,22,65,0.22245854803417769
2,22,66,0.22473496241020172
2,22,67,0.22700835932094141
2,22,68,0.22927843274513315
2,22,69,0.23154487505020638
2,22,70,0.23380737706419788
2,22,71,0.23606562815095244
2,22,72,0.23831931628853845
2,22,73,0.24056812815080011
2,22,74,0.24281174919197046
2,22,75,0.24504986373426152
2,22,76,0.24728215505834922
2,22,77,0.2495083054966663
2,22,78,0.25172799652941485
2,22,79,0.25394090888320775
2,22,80,0.25614672263224703
2,22,81,0.25834511730194409
2,22,82,0.26053577197488587
2,22,83,0.2627183653990493
2,22,84,0.26489257609816447
2,22,85,0.2670580824841266
2,22,86,0.26921456297135438
2,22,87,0.27136169609299188
2,22,88,0.27349916061885032
2,22,89,0.27562663567498524
2,22,90,0.2777438008648026
2,22,91,0.27985033639158846
2,22,92,0.2819459231823559
2,22,93,0.28403024301290086
2,22,94,0.28610297863396106
2,22,95,0.28816381389836893
2,22,96,0.29021243388909207
2,22,97,0.29224852504805299
2,22,98,0.29427177530562071
2,22,99,0.29628187421066648
2,22,100,0.29827851306107683
2,22,101,0.30026138503461791
2,22,102,0.30223018532004253
2,22,103,0.30418461124833673
2,22,104,0.30612436242399954
2,22,105,0.30804914085625029
2,22,106,0.30995865109006249
2,22,107,0.31185260033691825
2,22,108,0.31373069860518316
2,22,109,0.31559265883000037
2,22,110,0.31743819700260267
2,22,111,0.3192670322989441
2,22,112,0.32107888720755451
2,22,113,0.3228734876565173
2,22,114,0.32465056313947821
2,22,115,0.32640984684058855
2,22,116,0.3281510757582905
2,22,117,0.32987399082785374
2,22,118,0.33157833704257217
2,22,119,0.33326386357353216
2,22,120,0.33493032388786598
2,22,121,0.33657747586540326
2,22,122,0.33820508191363702
2,22,123,0.33981290908092171
2,22,124,0.34140072916782177
2,22,125,0.34296831883653056
2,22,126,0.34451545971828462
2,22,127,0.34604193851869264
2,22,128,0.34754754712090824
2,22,129,0.34903208268657293
2,22,130,0.35049534775445645
2,22,131,0.35193715033672712
2,22,132,0.35335730401278409
2,22,133,0.35475562802058386
2,22,134,0.35613194734540021
2,22,135,0.35748609280595145
2,22,136,0.35881790113783751
2,22,137,0.36012721507422574
2,22,138,0.36141388342373021
2,22,139,0.36267776114542766
2,22,140,0.363918709420958
2,22,141,0.36513659572365714
2,22,142,0.36633129388467162
2,22,143,0.3675026841560094
2,22,144,0.36865065327047652
2,22,145,0.36977509449846035
2,22,146,0.37087590770151274
2,22,147,0.37195299938269355
2,22,148,0.37300628273363712
2,22,149,0.37403567767830237
2,22,150,0.37504111091337261
2,22,151,0.37602251594527097
2,22,152,0.37697983312376038
2,22,153,0.37791300967209779
2,22,154,0.37882199971371433
2,22,155,0.37970676429539651
2,22,156,0.3805672714069423
2,22,157,0.38140349599727147
2,22,158,0.38221541998696784
2,22,159,0.38300303227723564
2,22,160,0.38376632875525257
2,22,161,0.38450531229590423
2,22,162,0.38521999275988711
2,22,163,0.38591038698816843
2,22,164,0.38657651879279231
2,22,165,0.38721841894402642
2,22,166,0.3878361251538418
2,22,167,0.38842968205572165
2,22,168,0.38899914118079848
2,22,169,0.38954456093031825
2,22,170,0.39006600654443324
2,22,171,0.39056355006732801
2,22,172,0.39103727030868429
2,22,173,0.39148725280149038
2,22,174,0.39191358975620794
2,22,175,0.3923163800113047
2,22,176,0.39269572898016886
2,22,177,0.39305174859441971
2,22,178,0.3933845572436323
2,22,179,0.39369427971149729
2,22,180,0.39398104710843579
2,22,181,0.39424499680069502
2,22,182,0.3944862723359514
2,22,183,0.39470502336544716
2,22,184,0.39490140556269465
2,22,185,0.39507558053877811
2,22,186,0.39522771575429094
2,22,187,0.39535798442794484
2,22,188,0.39546656544189002
2,22,189,0.39555364324379116
2,22,190,0.39561940774570264
2,22,191,0.39566405421979034
2,22,192,0.39568778319095038
2,22,193,0.3956908003263776
2,22,194,0.39567331632213787
2,22,195,0.39563554678680352
2,22,196,0.39557771212220988
2,22,197,0.39550003740140005
2,22,198,0.39540275224381832
2,22,199,0.39528609068782616
2,22,200,0.39515029106060978
2,22,201,0.39499559584555272
2,22,202,0.39482225154715356
2,22,203,0.39463050855356585
2,22,204,0.39442062099684655
2,22,205,0.39419284661099596
2,22,206,0.3939474465878815
2,22,207,0.39368468543113444
2,22,208,0.39340483080811767
2,22,209,0.39310815340006078
2,22,210,0.39279492675046529
2,22,211,0.39246542711188342
2,22,212,0.39211993329117917
2,22,213,0.39175872649338184
2,22,214,0.39138209016424497
2,22,215,0.39099030983163002
2,22,216,0.39058367294583263
2,22,217,0.3901624687189742
2,22,218,0.38972698796358768
2,22,219,0.3892775229305227
2,22,220,0.38881436714630546
2,22,221,0.38833781525008565
2,22,222,0.38784816283030915
2,22,223,0.38734570626125725
2,22,224,0.3868307425395936
2,22,225,0.38630356912106684
2,22,226,0.38576448375751488
2,22,227,0.38521378433432241
2,22,228,0.38465176870848389
2,22,229,0.3840787345474258
2,22,230,0.38349497916874731
2,22,231,0.38290079938103477
2,22,232,0.38229649132591237
2,22,233,0.38168235032148973
2,22,234,0.38105867070736926
2,22,235,0.38042574569137744
2,22,236,0.3797838671981848
2,22,237,0.37913332571998065
2,22,238,0.37847441016936734
2,22,239,0.37780740773464105
2,22,240,0.37713260373762558
2,22,241,0.37645028149422366
2,22,242,0.37576072217785167
2,22,243,0.37506420468592194
2,22,244,0.37436100550953605
2,22,245,0.37365139860655011
2,22,246,0.3729356552781713
2,22,247,0.37221404404924546
2,22,248,0.37148683055238868
2,22,249,0.37075427741611633
2,22,250,0.37001664415711927
2,22,251,0.36927418707683268
2,22,252,0.36852715916243939
2,22,253,0.36777580999244636
2,22,254,0.36702038564696748
2,22,255,0.36626112862284138
2,22,256,0.36549827775370808
2,22,257,0.36473206813516146
2,22,258,0.36396273105509008
2,22,259,0.3631904939293143
2,22,260,0.36241558024261405
2,22,261,0.36163820949524533
2,22,262,0.360858597155026
2,22,263,0.36007695461507178
2,22,264,0.35929348915725018
2,22,265,0.35850840392141459
2,22,266,0.35772189788047298
2,22,267,0.35693416582133375
2,22,268,0.35614539833176628
2,22,269,0.35535578179320171
2,22,270,0.35456549837949114
2,22,271,0.3537747260616298
2,22,272,0.35298363861844351
2,22,273,0.35219240565322674
2,22,274,0.35140119261630909
2,22,275,0.35061016083351876
2,22,276,0.34981946754049958
2,22,277,0.34902926592282951
2,22,278,0.34823970516187636
2,22,279,0.34745093048631803
2,22,280,0.34666308322924266
2,22,281,0.34587630089073257
2,22,282,0.3450907172058309
2,22,283,0.34430646221777134
2,22,284,0.34352366235634813
2,22,285,0.34274244052129121
2,22,286,0.34196291617049879
2,22,287,0.3411852054129742
2,22,288,0.34040942110630235
2,22,289,0.33963567295848957
2,22,290,0.33886406763398702
2,22,291,0.33809470886370158
2,22,292,0.33732769755879749
2,22,293,0.33656313192807735
2,22,294,0.3358011075987255
2,22,295,0.33504171774019148
2,22,296,0.3342850531909784
2,22,297,NaN
2,22,298,NaN
2,22,299,NaN
2,22,300,NaN
2,22,301,NaN
2,22,302,NaN
2,22,303,NaN
2,22,304,NaN
2,22,305,NaN
2,22,306,NaN
2,22,307,NaN
2,22,308,NaN
2,22,309,NaN
2,22,310,NaN
2,22,311,NaN
2,22,312,NaN
2,22,313,NaN
2,22,314,NaN
2,22,315,NaN
2,22,316,NaN
2,22,317,NaN
2,22,318,NaN
2,22,319,NaN
2,22,320,NaN
2,22,321,NaN
2,22,322,NaN
2,22,323,NaN
2,22,324,NaN
2,22,325,NaN
2,22,326,NaN
2,22,327,NaN
2,22,328,NaN
2,22,329,NaN
2,22,330,NaN
2,22,331,NaN
2,22,332,NaN
2,22,333,NaN
2,22,334,NaN
2,22,335,NaN
2,22,336,NaN
2,22,337,NaN
2,22,338,NaN
2,22,339,NaN
2,22,340,NaN
2,22,341,NaN
2,22,342,NaN
2,22,343,NaN
2,22,344,NaN
2,22,345,NaN
2,22,346,NaN
2,22,347,NaN
2,22,348,NaN
2,22,349,NaN
2,22,350,NaN
2,22,351,NaN
2,22,352,NaN
2,22,353,NaN
2,22,354,NaN
2,22,355,NaN
2,22,356,NaN
2,22,357,NaN
2,22,358,NaN
2,22,359,NaN
2,22,360,NaN
2,22,361,NaN
2,22,362,NaN
2,22,363,NaN
2,22,364,NaN
2,22,365,NaN
2,22,366,NaN
2,22,367,NaN
2,22,368,NaN
2,22,369,NaN
2,22,370,NaN
2,22,371,NaN
2,22,372,NaN
2,22,373,NaN
2,22,374,NaN
2,22,375,NaN
2,22,376,NaN
2,22,377,NaN
2,22,378,NaN
2,22,379,NaN
2,22,380,NaN
2,22,381,NaN
2,22,382,NaN
2,22,383,NaN
2,22,384,NaN
2,22,385,NaN
2,22,386,NaN
2,22,387,NaN
2,22,388,NaN
2,22,389,NaN
2,22,390,NaN
2,22,391,NaN
2,22,392,NaN
2,22,393,NaN
2,22,394,NaN
2,22,395,NaN
2,22,396,NaN
2,22,397,NaN
2,22,398,NaN
2,22,399,NaN
2,22,400,NaN
2,22,401,NaN
2,22,402,NaN
2,22,403,NaN
2,22,404,NaN
2,22,405,NaN
2,22,406,NaN
2,22,407,NaN
2,22,408,NaN
2,22,409,NaN
2,22,410,NaN
2,22,411,NaN
2,22,412,NaN
2,22,413,NaN
2,22,414,NaN
2,22,415,NaN
2,22,416,NaN
2,22,417,NaN
2,22,418,NaN
2,22,419,NaN
2,22,420,NaN
2,22,421,NaN
2,22,422,NaN
2,22,423,NaN
2,22,424,NaN
2,22,425,NaN
2,22,426,NaN
2,22,427,NaN
2,22,428,NaN
2,22,429,NaN
2,22,430,NaN
2,22,431,NaN
2,22,432,NaN
2,22,433,NaN
2,22,434,NaN
2,22,435,NaN
2,22,436,NaN
2,22,437,NaN
2,22,438,NaN
2,22,439,NaN
2,22,440,NaN
2,22,441,NaN
2,22,442,NaN
2,22,443,NaN
2,22,444,NaN
2,22,445,NaN
2,22,446,NaN
2,22,447,NaN
2,22,448,NaN
2,22,449,NaN
2,22,450,NaN
2,22,451,NaN
2,22,452,NaN
2,22,453,NaN
2,22,454,NaN
2,22,455,NaN
2,22,456,NaN
2,22,457,NaN
2,22,458,NaN
2,22,459,NaN
2,22,460,NaN
2,22,461,NaN
2,22,462,NaN
2,22,463,NaN
2,22,464,NaN
2,22,465,NaN
2,22,466,NaN
2,22,467,NaN
2,22,468,NaN
2,22,469,NaN
2,22,470,NaN
2,22,471,NaN
2,22,472,NaN
2,22,473,NaN
2,22,474,NaN
2,22,475,NaN
2,22,476,NaN
2,22,477,NaN
2,22,478,NaN
2,22,479,NaN
2,22,480,NaN
2,22,481,NaN
2,22,482,NaN
2,22,483,NaN
2,22,484,NaN
2,22,485,NaN
2,22,486,NaN
2,22,487,NaN
2,22,488,NaN
2,22,489,NaN
2,22,490,NaN
2,22,491,NaN
2,22,492,NaN
2,22,493,NaN
2,22,494,NaN
2,22,495,NaN
2,22,496,NaN
2,22,497,NaN
2,22,498,NaN
2,22,499,NaN
2,22,500,NaN
2,22,501,NaN
2,22,502,NaN
2,22,503,NaN
2,22,504,NaN
2,22,505,NaN
2,22,506,NaN
2,22,507,NaN
2,22,508,NaN
2,22,509,NaN
2,22,510,NaN
2,22,511,NaN
2,22,512,NaN
2,22,513,NaN
2,22,514,NaN
2,22,515,NaN
2,22,516,NaN
2,22,517,NaN
2,22,518,NaN
2,22,519,NaN
2,22,520,NaN
2,22,521,NaN
2,22,522,NaN
2,22,523,NaN
2,22,524,NaN
2,22,525,NaN
2,22,526,NaN
2,22,527,NaN
2,22,528,NaN
2,22,529,NaN
2,22,530,NaN
2,22,531,NaN
2,22,532,NaN
2,22,533,NaN
2,22,534,NaN
2,22,535,NaN
2,22,536,NaN
2,22,537,NaN
2,22,538,NaN
2,22,539,NaN
2,22,540,NaN
2,22,541,NaN
2,22,542,NaN
2,22,543,NaN
2,22,544,NaN
2,22,545,NaN
2,22,546,NaN
2,22,547,NaN
2,22,548,NaN
2,22,549,NaN
2,22,550,NaN
2,22,551,NaN
2,22,552,NaN
2,22,553,NaN
2,22,554,NaN
2,22,555,NaN
2,22,556,NaN
2,22,557,NaN
2,22,558,NaN
2,22,559,NaN
2,22,560,NaN
2,22,561,NaN
2,22,562,NaN
2,22,563,NaN
2,22,564,NaN
2,22,565,NaN
2,22,566,NaN
2,22,567,NaN
2,22,568,NaN
2,22,569,NaN
2,22,570,NaN
2,22,571,NaN
2,22,572,NaN
2,22,573,NaN
2,22,574,NaN
2,22,575,NaN
2,22,576,NaN
2,22,577,NaN
2,22,578,NaN
2,22,579,NaN
2,22,580,NaN
2,22,581,NaN
2,22,582,NaN
2,22,583,NaN
2,22,584,NaN
2,22,585,NaN
2,22,586,NaN
2,22,587,NaN
2,22,588,NaN
2,22,589,NaN
2,22,590,NaN
2,22,591,NaN
2,22,592,NaN
2,22,593,NaN
2,22,594,NaN
2,22,595,NaN
2,22,596,NaN
2,22,597,NaN
2,22,598,NaN
2,22,599,NaN
2,88,0,0.053236383258438262
2,88,1,0.054664937081616488
2,88,2,0.056104656301548893
2,88,3,0.057555253112874891
2,88,4,0.059016437262038632
2,88,5,0.060487916262240364
2,88,6,0.061969395599322581
2,88,7,0.063460578929021821
2,88,8,0.064961168265997696
2,88,9,0.066470864165034033
2,88,10,0.067989365894789017
2,88,11,0.069516371604453606
2,88,12,0.071051578483662073
2,88,13,0.072594682915981104
2,88,14,0.074145380626289267
2,88,15,0.07570336682234316
2,88,16,0.07726833633081219
2,88,17,0.078839983728050497
2,88,18,0.080418003465860408
2,88,19,0.08200208999249016
2,88,20,0.083591937869095342
2,88,21,0.08518724188188366
2,88,22,0.086787697150149001
2,88,23,0.088392999230393426
2,88,24,0.090002844216722708
2,88,25,0.091616928837694137
2,88,26,0.093234950549784132
2,88,27,0.094856607627636175
2,88,28,0.096481599251240655
2,88,29,0.098109625590190847
2,88,30,0.099740387885151244
2,88,31,0.10137358852666899
2,88,32,0.1030089311314504
2,88,33,0.10464612061622071
2,88,34,0.10628486326927652
2,88,35,0.10792486681983815
2,88,36,0.10956584050529984
2,88,37,0.11120749513647431
2,88,38,0.11284954316092055
2,88,39,0.11449169872444119
2,88,40,0.11613367773082968
2,88,41,0.1177751978999447
2,88,42,0.11941597882418487
2,88,43,0.12105574202343231
2,88,44,0.12269421099853156
2,88,45,0.12433111128336505
2,88,46,0.12596617049558484
2,88,47,0.12759911838605609
2,88,48,0.12922968688706538
2,88,49,0.13085761015934297
2,88,50,0.13248262463794766
2,88,51,0.13410446907705781
2,88,52,0.13572288459371126
2,88,53,0.1373376147105333
2,88,54,0.13894840539749123
2,88,55,0.14055500511270927
2,88,56,0.14215716484237892
2,88,57,0.14375463813979336
2,88,58,0.14534718116353776
2,88,59,0.14693455271486039
2,88,60,0.14851651427425155
2,88,61,0.15009283003725277
2,88,62,0.15166326694951923
2,88,63,0.15322759474115541
2,88,64,0.15478558596034164
2,88,65,0.1563370160062709
2,88,66,0.15788166316140906
2,88,67,0.15941930862309492
2,88,68,0.16094973653449124
2,88,69,0.16247273401489992
2,88,70,0.1639880911894496
2,88,71,0.16549560121816664
2,88,72,0.16699506032443515
2,88,73,0.16848626782285489
2,88,74,0.16996902614649961
2,88,75,0.17144314087358292
2,88,76,0.17290842075353216
2,88,77,0.17436467773247541
2,88,78,0.17581172697813893
2,88,79,0.17724938690415865
2,88,80,0.178677479193803
2,88,81,0.18009582882310549
2,88,82,0.18150426408340412
2,88,83,0.1829026166032858
2,88,84,0.18429072136992822
2,88,85,0.18566841674983733
2,88,86,0.18703554450897208
2,88,87,0.18839194983225102
2,88,88,0.18973748134243212
2,88,89,0.1910719911183596
2,88,90,0.19239533471256651
2,88,91,0.19370737116822584
2,88,92,0.19500796303543844
2,88,93,0.1962969763868484
2,88,94,0.19757428083257395
2,88,95,0.19883974953444247
2,88,96,0.20009325921951723
2,88,97,0.20133469019290332
2,88,98,0.20256392634981957
2,88,99,0.2037808551869236
2,88,100,0.20498536781287463
2,88,101,0.20617735895812145
2,88,102,0.20735672698389923
2,88,103,0.20852337389042264
2,88,104,0.2096772053242571
2,88,105,0.21081813058485563
2,88,106,0.21194606263024326
2,88,107,0.21306091808183528
2,88,108,0.21416261722837163
2,88,109,0.21525108402895196
2,88,110,0.21632624611515577
2,88,111,0.21738803479223021
2,88,112,0.21843638503932961
2,88,113,0.219471235508791
2,88,114,0.22049252852442788
2,88,115,0.22150021007882734
2,88,116,0.22249422982963357
2,88,117,0.22347454109480064
2,88,118,0.22444110084680144
2,88,119,0.22539386970577246
2,88,120,0.22633281193158317
2,88,121,0.22725789541481123
2,88,122,0.22816909166660979
2,88,123,0.22906637580745137
2,88,124,0.22994972655473409
2,88,125,0.23081912620923525
2,88,126,0.23167456064039743
2,88,127,0.23251601927043661
2,88,128,0.23334349505725449
2,88,129,0.2341569844761465
2,88,130,0.23495648750028986
2,88,131,0.23574200758000194
2,88,132,0.23651355162075663
2,88,133,0.23727112995994806
2,88,134,0.2380147563423918
2,88,135,0.23874444789455362
2,88,136,0.2394602250974977
2,88,137,0.24016211175854391
2,88,138,0.24085013498162985
2,88,139,0.24152432513636862
2,88,140,0.2421847158257957
2,88,141,0.242831343852803
2,88,142,0.24346424918525156
2,88,143,0.24408347491976182
2,88,144,0.24468906724417955
2,88,145,0.24528107539871255
2,88,146,0.24585955163574011
2,88,147,0.24642455117829482
2,88,148,0.24697613217721709
2,88,149,0.24751435566698499
2,88,150,0.248039285520223
2,88,151,0.24855098840089379
2,88,152,0.24904953371617827
2,88,153,0.24953499356705106
2,88,154,0.25000744269755859
2,88,155,0.25046695844280886
2,88,156,0.25091362067568457
2,88,157,0.25134751175228759
2,88,158,0.25176871645613258
2,88,159,0.25217732194109815
2,88,160,0.2525734176731565
2,88,161,0.25295709537089311
2,88,162,0.2533284489448393
2,88,163,0.253687574435633
2,88,164,0.25403456995103224
2,88,165,0.25436953560180064
2,88,166,0.25469257343649171
2,88,167,0.25500378737515406
2,88,168,0.25530328314198736
2,88,169,0.25559116819697492
2,88,170,0.2558675516665242
2,88,171,0.25613254427314608
2,88,172,0.25638625826420552
2,88,173,0.25662880733977816
2,88,174,0.25686030657964926
2,88,175,0.2570808723694914
2,88,176,0.25729062232626176
2,88,177,0.25748967522285765
2,88,178,0.25767815091207341
2,88,179,0.25785617024990282
2,88,180,0.258023855018231
2,88,181,0.25818132784696396
2,88,182,0.2583287121356434
2,88,183,0.25846613197459545
2,88,184,0.25859371206566728
2,88,185,0.25871157764260128
2,88,186,0.25881985439110272
2,88,187,0.25891866836865618
2,88,188,0.25900814592414745
2,88,189,0.25908841361734752
2,88,190,0.2591595981383214
2,88,191,0.25922182622681966
2,88,192,0.25927522459171531
2,88,193,0.25931991983054981
2,88,194,0.25935603834925136
2,88,195,0.2593837062820909
2,88,196,0.2594030494119417
2,88,197,0.25941419309091057
2,88,198,0.25941726216140709
2,88,199,0.25941238087771951
2,88,200,0.25939967282816823
2,88,201,0.25937926085790436
2,88,202,0.25935126699242533
2,88,203,0.25931581236187784
2,88,204,0.25927301712621881
2,88,205,0.25922300040130603
2,88,206,0.25916588018599007
2,88,207,0.25910177329027922
2,88,208,0.2590307952646469
2,88,209,0.2589530603305561
2,88,210,0.25886868131226853
2,88,211,0.25877776957001203
2,88,212,0.25868043493457282
2,88,213,0.25857678564338576
2,88,214,0.25846692827818862
2,88,215,0.25835096770430899
2,88,216,0.25822900701165163
2,88,217,0.25810114745745039
2,88,218,0.25796748841085004
2,88,219,0.25782812729938226
2,88,220,0.25768315955739568
2,88,221,0.25753267857650119
2,88,222,0.25737677565809147
2,88,223,0.25721553996799013
2,88,224,0.25704905849328685
2,88,225,0.25687741600141023
2,88,226,0.25670069500148857
2,88,227,0.25651897570804871
2,88,228,0.25633233600709743
2,88,229,0.25614085142462856
2,88,230,0.25594459509759898
2,88,231,0.25574363774741016
2,88,232,0.25553804765593013
2,88,233,0.25532789064409112
2,88,234,0.25511323005309117
2,88,235,0.25489412672822581
2,88,236,0.25467063900537612
2,88,237,0.25444282270017188
2,88,238,0.25421073109984793
2,88,239,0.2539744149578082
2,88,240,0.25373392249090931
2,88,241,0.25348929937946979
2,88,242,0.25324058877001099
2,88,243,0.25298783128073049
2,88,244,0.25273106500970455
2,88,245,0.25247032554581589
2,88,246,0.25220564598239614
2,88,247,0.25193705693357227
2,88,248,0.25166458655329838
2,88,249,0.25138826055705771
2,88,250,0.25110810224620889
2,88,251,0.25082413253495262
2,88,252,0.25053636997988971
2,88,253,0.25024483081213666
2,88,254,0.24994952897196718
2,88,255,0.24965047614593602
2,88,256,0.24934768180644876
2,88,257,0.2490411532537298
2,88,258,0.24873089566014317
2,88,259,0.2484169121168151
2,88,260,0.24809920368250654
2,88,261,0.2477777694346795
2,88,262,0.24745260652270051
2,88,263,0.24712371022311916
2,88,264,0.24679107399696276
2,88,265,0.24645468954897803
2,88,266,0.24611454688875684
2,88,267,0.24577063439367583
2,88,268,0.24542293887357985
2,88,269,0.2450714456371369
2,88,270,0.24471613855979135
2,88,271,0.24435700015324047
2,88,272,0.2439940116363572
2,88,273,0.24362715300748236
2,88,274,0.24325640311800767
2,88,275,0.24288173974717028
2,88,276,0.24250313967797762
2,88,277,0.2421205787741823
2,88,278,0.2417340320582268
2,88,279,0.24134347379007343
2,88,280,0.24094887754684044
2,88,281,0.2405502163031599
2,88,282,0.24014746251217536
2,88,283,0.23974058818709898
2,88,284,0.23932956498324287
2,88,285,0.23891436428044618
2,88,286,0.23849495726581457
2,88,287,0.23807131501669168
2,88,288,0.23764340858378333
2,88,289,0.23721120907435383
2,88,290,0.23677468773541707
2,88,291,0.2363338160368425
2,88,292,0.2358885657543027
2,88,293,0.23543890905198245
2,88,294,0.23498481856497894
2,88,295,0.23452626748131636
2,88,296,0.23406322962350551
2,88,297,0.2335956795295743
2,88,298,0.23312359253350379
2,88,299,0.23264694484499798
2,88,300,0.2321657136285224
2,88,301,0.23167987708154697
2,88,302,0.23118941451192823
2,88,303,0.23069430641436928
2,88,304,0.23019453454589806
2,88,305,0.22969008200030286
2,88,306,0.22918093328147091
2,88,307,0.22866707437557135
2,88,308,0.22814849282203009
2,88,309,0.22762517778324501
2,88,310,0.22709712011298844
2,88,311,0.22656431242344985
2,88,312,0.22602674915087087
2,88,313,0.22548442661972518
2,88,314,0.22493734310540073
2,88,315,0.22438549889534121
2,88,316,0.22382889634860337
2,88,317,0.22326753995379409
2,88,318,0.22270143638534495
2,88,319,0.22213059455809001
2,88,320,0.22155502568010985
2,88,321,0.22097474330380887
2,88,322,0.22038976337519106
2,88,323,0.2198001042813052
2,88,324,0.21920578689582562
2,88,325,0.21860683462274264
2,88,326,0.21800327343813258
2,88,327,0.21739513192997967
2,88,328,0.21678244133602587
2,88,329,0.21616523557962136
2,88,330,0.21554355130355221
2,88,331,0.21491742790182128
2,88,332,0.21428690754936139
2,88,333,0.21365203522965531
2,88,334,0.21301285876024517
2,88,335,0.21236942881610779
2,88,336,0.21172179895087673
2,88,337,0.21107002561589164
2,88,338,0.21041416817705499
2,88,339,0.20975428892947792
2,88,340,0.2090904531098961
2,88,341,0.20842272890683838
2,88,342,0.20775118746852769
2,88,343,0.20707590290850078
2,88,344,0.20639695230892355
2,88,345,0.20571441572158905
2,88,346,0.20502837616657762
2,88,347,0.20433891962856318
2,88,348,0.20364613505074655
2,88,349,0.20295011432640048
2,88,350,0.20225095228800519
2,88,351,0.20154874669395992
2,88,352,0.20084359821285044
2,88,353,0.2001356104052551
2,88,354,0.19942488970307068
2,88,355,0.19871154538634031
2,88,356,0.19799568955756366
2,88,357,0.19727743711347243
2,88,358,0.19655690571424994
2,88,359,0.19583421575017848
2,88,360,0.19510949030569263
2,88,361,0.19438285512082229
2,88,362,0.19365443855000372
2,88,363,0.19292437151824143
2,88,364,0.19219278747460175
2,88,365,0.19145982234301875
2,88,366,0.19072561447039502
2,88,367,0.18999030457197866
2,88,368,0.18925403567400007
2,88,369,0.18851695305355079
2,88,370,0.18777920417568902
2,88,371,0.18704093862775628
2,88,372,0.18630230805089179
2,88,373,0.18556346606873053
2,88,374,0.18482456821327567
2,88,375,0.18408577184793259
2,88,376,0.18334723608770004
2,88,377,0.18260912171650834
2,88,378,0.18187159110170539
2,88,379,0.18113480810568511
2,88,380,0.18039893799466264
2,88,381,0.1796641473445994
2,88,382,0.17893060394428703
2,88,383,0.17819847669559996
2,88,384,0.17746793551093404
2,88,385,0.176739151207849
2,88,386,0.17601229540094038
2,88,387,0.17528754039096905
2,88,388,0.17456505905128264
2,88,389,0.17384502471156893
2,88,390,0.17312761103898747
2,88,391,0.17241299191672968
2,88,392,0.1717013413200687
2,88,393,0.17099283318996158
2,88,394,0.1702876413042794
2,88,395,0.16958593914674394
2,88,396,0.16888789977366045
2,88,397,0.1681936956785432
2,88,398,0.16750349865473843
2,88,399,0.16681747965616023
2,88,400,0.16613580865626218
2,88,401,0.16545865450537736
2,88,402,0.1647861847865694
2,88,403,0.16411856567014738
2,88,404,0.16345596176700553
2,88,405,0.16279853598096133
2,88,406,0.16214644936027303
2,88,407,0.16149986094852956
2,88,408,0.16085892763511592
2,88,409,0.16022380400546524
2,88,410,0.15959464219132088
2,88,411,0.15897159172124012
2,88,412,0.15835479937158103
2,88,413,0.15774440901822229
2,88,414,0.1571405614892766
2,88,415,0.15654339441906259
2,88,416,0.15595304210361258
2,88,417,0.15536963535799619
2,88,418,0.15479330137574965
2,88,419,0.15422416359070332
2,88,420,0.15366234154150737
2,88,421,0.1531079507391572
2,88,422,0.15256110253782476
2,88,423,0.15202190400930279
2,88,424,0.15149045782137047
2,88,425,0.15096686212038743
2,88,426,0.1504512104184241
2,88,427,0.14994359148523012
2,88,428,0.14944408924534097
2,88,429,0.14895278268061768
2,88,430,0.14846974573850497
2,88,431,0.14799504724628929
2,88,432,0.14752875083162448
2,88,433,0.14707091484958554
2,88,434,0.14662159231649621
2,88,435,0.14618083085076417
2,88,436,0.14574867262094204
2,88,437,0.14532515430121645
2,88,438,0.14491030703451072
2,88,439,0.14450415640336667
2,88,440,0.14410672240875438
2,88,441,0.14371801945693477
2,88,442,0.14333805635448155
2,88,443,0.14296683631154447
2,88,444,0.14260435695341545
2,88,445,0.1422506103404324
2,88,446,0.14190558299623518
2,88,447,0.14156925594436082
2,88,448,0.14124160475314287
2,88,449,0.14092259958885389
2,88,450,0.14061220527700563
2,88,451,0.14031038137169827
2,88,452,0.14001708223288481
2,88,453,0.13973225711139384
2,88,454,0.13945585024153082
2,88,455,0.13918780094105607
2,88,456,0.13892804371831596
2,88,457,0.13867650838628351
2,88,458,0.13843312018324544
2,88,459,0.13819779989985406
2,88,460,0.13797046401224616
2,88,461,0.13775102482091484
2,88,462,0.13753939059500589
2,88,463,0.13733546572169897
2,88,464,0.13713915086031983
2,88,465,0.13695034310082391
2,88,466,0.13676893612627949
2,88,467,0.13659482037897519
2,88,468,0.13642788322977034
2,88,469,0.1362680091503026
2,88,470,0.13611507988766752
2,88,471,0.13596897464118241
2,88,472,0.13582957024084868
2,88,473,0.13569674132713064
2,88,474,0.13557036053167074
2,88,475,0.13545029865856845
2,88,476,0.13533642486585548
2,88,477,0.13522860684680857
2,88,478,0.135126711010749
2,88,479,0.13503060266298977
2,88,480,0.1349401461835997
2,88,481,0.13485520520466798
2,88,482,0.13477564278576304
2,88,483,0.13470132158729464
2,88,484,0.13463210404149989
2,88,485,0.13456785252078959
2,88,486,0.1345084295032051
2,88,487,0.13445369773475085
2,88,488,0.13440352038838255
2,88,489,0.13435776121944726
2,88,490,0.13431628471738508
2,88,491,0.13427895625351907
2,88,492,0.1342456422247742
2,88,493,0.13421621019318128
2,88,494,0.13419052902103695
2,88,495,0.13416846900160476
2,88,496,0.13414990198525714
2,88,497,0.13413470150097134
2,88,498,0.13412274287310602
2,88,499,0.13411390333339859
2,88,500,0.134108062128135
2,88,501,0.13410510062045691
2,88,502,0.13410490238778083
2,88,503,0.1341073533143175
2,88,504,0.13411234167868713
2,88,505,0.13411975823663852
2,88,506,0.13412949629888793
2,88,507,0.13414145180410297
2,88,508,0.1341555233870646
2,88,509,0.13417161244204845
2,88,510,0.13418962318147351
2,88,511,0.13420946268987261
2,88,512,0.13423104097324562
2,88,513,0.13425427100386161
2,88,514,0.13427906876058143
2,88,515,0.13430535326477652
2,88,516,0.13433304661192402
2,88,517,0.13436207399896219
2,88,518,0.13439236374749314
2,88,519,0.13442384732292276
2,88,520,0.13445645934963038
2,88,521,0.13449013762226317
2,88,522,0.1345248231132514
2,88,523,0.13456045997664243
2,88,524,NaN
2,88,525,NaN
2,88,526,NaN
2,88,527,NaN
2,88,528,NaN
2,88,529,NaN
2,88,530,NaN
2,88,531,NaN
2,88,532,NaN
2,88,533,NaN
2,88,534,NaN
2,88,535,NaN
2,88,536,NaN
2,88,537,NaN
2,88,538,NaN
2,88,539,NaN
2,88,540,NaN
2,88,541,NaN
2,88,542,NaN
2,88,543,NaN
2,88,544,NaN
2,88,545,NaN
2,88,546,NaN
2,88,547,NaN
2,88,548,NaN
2,88,549,NaN
2,88,550,NaN
2,88,551,NaN
2,88,552,NaN
2,88,553,NaN
2,88,554,NaN
2,88,555,NaN
2,88,556,NaN
2,88,557,NaN
2,88,558,NaN
2,88,559,NaN
2,88,560,NaN
2,88,561,NaN
2,88,562,NaN
2,88,563,NaN
2,88,564,NaN
2,88,565,NaN
2,88,566,NaN
2,88,567,NaN
2,88,568,NaN
2,88,569,NaN
2,88,570,NaN
2,88,571,NaN
2,88,572,NaN
2,88,573,NaN
2,88,574,NaN
2,88,575,NaN
2,88,576,NaN
2,88,577,NaN
2,88,578,NaN
2,88,579,NaN
2,88,580,NaN
2,88,581,NaN
2,88,582,NaN
2,88,583,NaN
2,88,584,NaN
2,88,585,NaN
2,88,586,NaN
2,88,587,NaN
2,88,588,NaN
2,88,589,NaN
2,88,590,NaN
2,88,591,NaN
2,88,592,NaN
2,88,593,NaN
2,88,594,NaN
2,88,595,NaN
2,88,596,NaN
2,88,597,NaN
2,88,598,NaN
2,88,599,NaN
2,96,0,0.056838455147168065
2,96,1,0.058525058693594804
2,96,2,0.06022519517221505
2,96,3,0.061938558658550621
2,96,4,0.063664837364603932
2,96,5,0.065403713958225473
2,96,6,0.067154865872944891
2,96,7,0.068917965608401743
2,96,8,0.07069268102153603
2,96,9,0.072478675608715765
2,96,10,0.074275608778993904
2,96,11,0.076083136118700295
2,96,12,0.07790090964758177
2,96,13,0.079728578066711867
2,96,14,0.081565786998396256
2,96,15,0.083412179218302671
2,96,16,0.085267394880046504
2,96,17,0.087131071732462984
2,96,18,0.089002845329796298
2,96,19,0.090882349235033855
2,96,20,0.092769215216612175
2,96,21,0.094663073438716147
2,96,22,0.096563552645390974
2,96,23,0.098470280338680827
2,96,24,0.10038288295100403
2,96,25,0.1023009860119692
2,96,26,0.10422421430983191
2,96,27,0.10615219204778609
2,96,28,0.10808454299527812
2,96,29,0.11002089063452741
2,96,30,0.11196085830243022
2,96,31,0.11390406932801835
2,96,32,0.11585014716564003
2,96,33,0.11779871552402216
2,96,34,0.11974939849137094
2,96,35,0.12170182065665885
2,96,36,0.12365560722724504
2,96,37,0.12561038414296613
2,96,38,0.12756577818683476
2,96,39,0.12952141709247311
2,96,40,0.13147692964840799
2,96,41,0.13343194579934692
2,96,42,0.13538609674455207
2,96,43,0.13733901503342194
2,96,44,0.13929033465838983
2,96,45,0.14123969114524088
2,96,46,0.1431867216409477
2,96,47,0.14513106499911968
2,96,48,0.14707236186315736
2,96,49,0.1490102547472007
2,96,50,0.15094438811495464
2,96,51,0.15287440845647449
2,96,52,0.15479996436298774
2,96,53,0.15672070659982826
2,96,54,0.15863628817755382
2,96,55,0.16054636442131578
2,96,56,0.16245059303854753
2,96,57,0.16434863418503343
2,96,58,0.16624015052942009
2,96,59,0.16812480731622703
2,96,60,0.17000227242741198
2,96,61,0.17187221644254336
2,96,62,0.1737343126976317
2,96,63,0.17558823734266585
2,96,64,0.17743366939790162
2,96,65,0.17927029080894583
2,96,66,0.18109778650067698
2,96,67,0.18291584443004275
2,96,68,0.1847241556377697
2,96,69,0.18652241429902403
2,96,70,0.18831031777305288
2,96,71,0.19008756665184123
2,96,72,0.19185386480781161
2,96,73,0.19360891944059605
2,96,74,0.19535244112290623
2,96,75,0.19708414384552653
2,96,76,0.19880374506145174
2,96,77,0.20051096572919305
2,96,78,0.20220553035526967
2,96,79,0.20388716703590601
2,96,80,0.2055556074979506
2,96,81,0.20721058713903145
2,96,82,0.20885184506696283
2,96,83,0.21047912413841546
2,96,84,0.21209217099686126
2,96,85,0.21369073610980269
2,96,86,0.21527457380529524
2,96,87,0.21684344230777081
2,96,88,0.21839710377316732
2,96,89,0.21993532432337162
2,96,90,0.221457874079977
2,96,91,0.22296452719736021
2,96,92,0.22445506189507955
2,96,93,0.22592926048959405
2,96,94,0.22738690942530471
2,96,95,0.2288277993049164
2,96,96,0.23025172491911763
2,96,97,0.2316584852755775
2,96,98,0.23304788362725409
2,96,99,0.23441972750001125
2,96,100,0.23577382871953897
2,96,101,0.23711000343756958
2,96,102,0.23842807215738596
2,96,103,0.23972785975861355
2,96,104,0.24100919552128705
2,96,105,0.24227191314918664
2,96,106,0.24351585079243243
2,96,107,0.24474085106932872
2,96,108,0.24594676108744928
2,96,109,0.24713343246395228
2,96,110,0.24830072134511549
2,96,111,0.24944848842508036
2,96,112,0.25057659896379419
2,96,113,0.25168492280413957
2,96,114,0.2527733343882384
2,96,115,0.25384171277292061
2,96,116,0.25488994164434331
2,96,117,0.25591790933175151
2,96,118,0.2569255088203648
2,96,119,0.2579126377633818
2,96,120,0.25887919849308627
2,96,121,0.25982509803104631
2,96,122,0.26075024809739283
2,96,123,0.26165456511916496
2,96,124,0.26253797023771225
2,96,125,0.26340038931514048
2,96,126,0.26424175293979008
2,96,127,0.26506199643073614
2,96,128,0.26586105984129843
2,96,129,0.26663888796155133
2,96,130,0.26739543031982155
2,96,131,0.26813064118316587
2,96,132,0.26884447955681617
2,96,133,0.2695369091825851
2,96,134,0.27020789853622024
2,96,135,0.27085742082370035
2,96,136,0.27148545397646401
2,96,137,0.27209198064556328
2,96,138,0.27267698819473402
2,96,139,0.27324046869237772
2,96,140,0.27378241890244509
2,96,141,0.27430284027421947
2,96,142,0.27480173893099052
2,96,143,0.27527912565761564
2,96,144,0.27573501588696447
2,96,145,0.27616942968524011
2,96,146,0.27658239173617782
2,96,147,0.27697393132411413
2,96,148,0.27734408231592644
2,96,149,0.27769288314184198
2,96,150,0.27802037677511127
2,96,151,0.2783266107105507
2,96,152,0.27861163694195024
2,96,153,0.27887551193834859
2,96,154,0.27911829661917603
2,96,155,0.27934005632826781
2,96,156,0.27954086080674995
2,96,157,0.27972078416479906
2,96,158,0.27987990485228242
2,96,159,0.28001830562827879
2,96,160,0.28013607352948794
2,96,161,0.28023329983753159
2,96,162,0.28031008004515257
2,96,163,0.28036651382131816
2,96,164,0.28040270497523428
2,96,165,0.28041876141927774
2,96,166,0.28041479513085427
2,96,167,0.28039092211319072
2,96,168,0.28034726235507051
2,96,169,0.28028393978952004
2,96,170,0.28020108225145784
2,96,171,0.28009882143431469
2,96,172,0.27997729284563672
2,96,173,0.27983663576168089
2,96,174,0.27967699318101513
2,96,175,0.27949851177713547
2,96,176,0.2793013418501103
2,96,177,0.27908563727726632
2,96,178,0.27885155546292684
2,96,179,0.27859925728721846
2,96,180,0.27832890705395497
2,96,181,0.27804067243761732
2,96,182,0.27773472442943986
2,96,183,0.27741123728261818
2,96,184,0.2770703884566536
2,96,185,0.27671235856084792
2,96,186,0.27633733129696392
2,96,187,0.27594549340106644
2,96,188,0.27553703458455914
2,96,189,0.27511214747443213
2,96,190,0.27467102755273676
2,96,191,0.27421387309530176
2,96,192,0.27374088510970823
2,96,193,0.2732522672725371
2,96,194,0.2727482258659073
2,96,195,0.27222896971331906
2,96,196,0.27169471011481783
2,96,197,0.27114566078149738
2,96,198,0.27058203776935502
2,96,199,0.27000405941251776
2,96,200,0.26941194625585335
2,96,201,0.26880592098698397
2,96,202,0.2681862083677175
2,96,203,0.26755303516491374
2,96,204,0.26690663008079973
2,96,205,0.26624722368275283
2,96,206,0.26557504833256484
2,96,207,0.26489033811520574
2,96,208,0.26419332876710094
2,96,209,0.26348425760393929
2,96,210,0.26276336344802748
2,96,211,0.26203088655520629
2,96,212,0.26128706854134548
2,96,213,0.26053215230843191
2,96,214,0.25976638197026825
2,96,215,0.25899000277779688
2,96,216,0.25820326104406544
2,96,217,0.25740640406884996
2,96,218,0.25659968006295125
2,96,219,0.25578333807218034
2,96,220,0.25495762790104975
2,96,221,0.25412280003618565
2,96,222,0.2532791055694778
2,96,223,0.25242679612098307
2,96,224,0.25156612376160031
2,96,225,0.25069734093553014
2,96,226,0.24982070038254039
2,96,227,0.24893645506005052
2,96,228,0.24804485806505477
2,96,229,0.24714616255590033
2,96,230,0.24624062167393801
2,96,231,0.24532848846506475
2,96,232,0.24441001580117486
2,96,233,0.24348545630153992
2,96,234,0.24255506225413614
2,96,235,0.24161908553693884
2,96,236,0.24067777753920455
2,96,237,0.23973138908276104
2,96,238,0.2387801703433268
2,96,239,0.2378243707718824
2,96,240,0.23686423901611503
2,96,241,0.23590002284196071
2,96,242,0.23493196905526806
2,96,243,0.23396032342360773
2,96,244,0.23298533059825374
2,96,245,0.232007234036363
2,96,246,0.23102627592337996
2,96,247,0.2300426970956968
2,96,248,0.22905673696359463
2,96,249,0.22806863343450043
2,96,250,0.22707862283658783
2,96,251,0.22608693984275635
2,96,252,0.22509381739502116
2,96,253,0.22409948662934998
2,96,254,0.22310417680098144
2,96,255,0.22210811521026372
2,96,256,0.22111152712905052
2,96,257,0.22011463572769549
2,96,258,0.21911766200268595
2,96,259,0.21812082470495747
2,96,260,0.21712434026893412
2,96,261,0.21612842274233959
2,96,262,0.21513328371682419
2,96,263,0.21413913225945749
2,96,264,0.21314617484513429
2,96,265,0.21215461528994514
2,96,266,0.21116465468556223
2,96,267,0.21017649133469507
2,96,268,0.20919032068766855
2,96,269,0.20820633528018065
2,96,270,0.20722472467229433
2,96,271,0.20624567538872288
2,96,272,0.20526937086046707
2,96,273,0.20429599136786294
2,96,274,0.20332571398510235
2,96,275,0.20235871252628601
2,96,276,0.20139515749307227
2,96,277,0.20043521602398379
2,96,278,0.1994790518454351
2,96,279,0.19852682522454543
2,96,280,0.19757869292379951
2,96,281,0.19663480815762108
2,96,282,0.19569532055092254
2,96,283,0.19476037609969424
2,96,284,0.19383011713369724
2,96,285,0.19290468228132243
2,96,286,0.19198420643667691
2,96,287,0.19106882072896009
2,96,288,0.19015865249418937
2,96,289,0.18925382524933415
2,96,290,0.18835445866891515
2,96,291,0.1874606685641258
2,96,292,0.18657256686452872
2,96,293,0.18569026160237956
2,96,294,0.18481385689962723
2,96,295,0.1839434529576385
2,96,296,0.18307914604968994
2,96,297,0.18222102851626948
2,96,298,0.1813691887632253
2,96,299,0.18052371126279759
2,96,300,0.17968467655756287
2,96,301,0.17885216126732043
2,96,302,0.17802623809894247
2,96,303,0.177206975859209
2,96,304,0.17639443947064049
2,96,305,0.17558868999034138
2,96,306,0.17478978463185765
2,96,307,0.17399777679005141
2,96,308,0.17321271606898736
2,96,309,0.17243464831282312
2,96,310,0.17166361563968779
2,96,311,0.17089965647853111
2,96,312,0.1701428056089162
2,96,313,0.16939309420372747
2,96,314,0.16865054987475675
2,96,315,0.16791519672112626
2,96,316,0.16718705538050271
2,96,317,0.16646614308304888
2,96,318,0.16575247370805546
2,96,319,0.16504605784319026
2,96,320,0.16434690284629536
2,96,321,0.16365501290965928
2,96,322,0.16297038912668446
2,96,323,0.16229302956086608
2,96,324,0.16162292931699412
2,96,325,0.1609600806144835
2,96,326,0.16030447286273597
2,96,327,0.15965609273842976
2,96,328,0.15901492426463124
2,96,329,0.15838094889161741
2,96,330,0.15775414557929673
2,96,331,0.15713449088110851
2,96,332,0.15652195902928226
2,96,333,0.15591652202133305
2,96,334,0.15531814970766697
2,96,335,0.15472680988016851
2,96,336,0.15414246836164108
2,96,337,0.1535650890959678
2,96,338,0.15299463423886153
2,96,339,0.15243106424906894
2,96,340,0.15187433797989622
2,96,341,0.15132441277092143
2,96,342,0.15078124453975944
2,96,343,0.15024478787374548
2,96,344,0.14971499612140504
2,96,345,0.14919182148357821
2,96,346,0.1486752151040675
2,96,347,0.14816512715968133
2,96,348,0.14766150694954575
2,96,349,0.14716430298356115
2,96,350,0.1466734630698811
2,96,351,0.14618893440129524
2,96,352,0.14571066364040072
2,96,353,0.14523859700344893
2,96,354,0.14477268034276
2,96,355,0.14431285922759912
2,96,356,0.14385907902341508
2,96,357,0.14341128496934227
2,96,358,0.14296942225387704
2,96,359,0.14253343608863678
2,96,360,0.14210327178012244
2,96,361,0.1416788747994035
2,96,362,0.14126019084965269
2,96,363,0.14084716593146288
2,96,364,0.14043974640588192
2,96,365,0.14003787905510734
2,96,366,0.13964151114078746
2,96,367,0.13925059045988206
2,96,368,0.13886506539803872
2,96,369,0.13848488498044803
2,96,370,0.13810999892014456
2,96,371,0.13774035766372761
2,96,372,0.13737591243447841
2,96,373,0.13701661527285738
2,96,374,0.13666241907436941
2,96,375,0.13631327762478948
2,96,376,0.13596914563274734
2,96,377,0.13562997875967281
2,96,378,0.13529573364710926
2,96,379,0.13496636794140676
2,96,380,0.13464184031581056
2,96,381,0.13432211048996687
2,96,382,0.1340071392468678
2,96,383,0.1336968884472661
2,96,384,0.13339132104159176
2,96,385,0.13309040107940556
2,96,386,0.13279409371643056
2,96,387,0.132502365219204
2,96,388,0.13221518296739621
2,96,389,0.13193251545384596
2,96,390,0.13165433228236562
2,96,391,0.13138060416337008
2,96,392,0.13111130290738818
2,96,393,0.1308464014165179
2,96,394,0.13058587367388613
2,96,395,0.13032969473118006
2,96,396,0.13007784069431513
2,96,397,0.12983028870731034
2,96,398,0.12958701693443903
2,96,399,0.12934800454072931
2,96,400,0.12911323167088523
2,96,401,0.12888267942670464
2,96,402,0.12865632984306846
2,96,403,0.12843416586257761
2,96,404,0.12821617130891474
2,96,405,0.1280023308590082
2,96,406,0.12779263001407593
2,96,407,0.12758705506962797
2,96,408,0.12738559308450517
2,96,409,0.12718823184903263
2,96,410,0.126994959852366
2,96,411,0.12680576624910778
2,96,412,0.12662064082527136
2,96,413,0.12643957396366892
2,96,414,0.12626255660879931
2,96,415,0.1260895802313107
2,96,416,0.12592063679211193
2,96,417,0.12575571870620536
2,96,418,0.12559481880631287
2,96,419,0.12543793030636516
2,96,420,0.12528504676492283
2,96,421,0.12513616204859662
2,96,422,0.12499127029553235
2,96,423,0.12485036587902346
2,96,424,0.12471344337131389
2,96,425,0.12458049750765017
2,96,426,0.12445152315064048
2,96,427,0.12432651525497689
2,96,428,0.12420546883257279
2,96,429,0.12408837891816746
2,96,430,0.12397524053544588
2,96,431,0.12386604866371959
2,96,432,0.12376079820521284
2,96,433,0.1236594839529942
2,96,434,0.1235621005595931
2,96,435,0.12346864250633552
2,96,436,0.12337910407343389
2,96,437,0.12329347931085961
2,96,438,0.12321176201002774
2,96,439,0.12313394567631696
2,96,440,0.12306002350244857
2,96,441,0.12298998834274334
2,96,442,0.12292383268827263
2,96,443,0.12286154864291864
2,96,444,0.12280312790035444
2,96,445,0.12274856172195295
2,96,446,0.12269784091563063
2,96,447,0.12265095581562968
2,96,448,0.12260789626323915
2,96,449,0.12256865158845438
2,96,450,0.12253321059256989
2,96,451,0.12250156153169989
2,96,452,0.12247369210121802
2,96,453,0.1224495894211053
2,96,454,0.12242924002219334
2,96,455,0.12241262983328806
2,96,456,NaN
2,96,457,NaN
2,96,458,NaN
2,96,459,NaN
2,96,460,NaN
2,96,461,NaN
2,96,462,NaN
2,96,463,NaN
2,96,464,NaN
2,96,465,NaN
2,96,466,NaN
2,96,467,NaN
2,96,468,NaN
2,96,469,NaN
2,96,470,NaN
2,96,471,NaN
2,96,472,NaN
2,96,473,NaN
2,96,474,NaN
2,96,475,NaN
2,96,476,NaN
2,96,477,NaN
2,96,478,NaN
2,96,479,NaN
2,96,480,NaN
2,96,481,NaN
2,96,482,NaN
2,96,483,NaN
2,96,484,NaN
2,96,485,NaN
2,96,486,NaN
2,96,487,NaN
2,96,488,NaN
2,96,489,NaN
2,96,490,NaN
2,96,491,NaN
2,96,492,NaN
2,96,493,NaN
2,96,494,NaN
2,96,495,NaN
2,96,496,NaN
2,96,497,NaN
2,96,498,NaN
2,96,499,NaN
2,96,500,NaN
2,96,501,NaN
2,96,502,NaN
2,96,503,NaN
2,96,504,NaN
2,96,505,NaN
2,96,506,NaN
2,96,507,NaN
2,96,508,NaN
2,96,509,NaN
2,96,510,NaN
2,96,511,NaN
2,96,512,NaN
2,96,513,NaN
2,96,514,NaN
2,96,515,NaN
2,96,516,NaN
2,96,517,NaN
2,96,518,NaN
2,96,519,NaN
2,96,520,NaN
2,96,521,NaN
2,96,522,NaN
2,96,523,NaN
2,96,524,NaN
2,96,525,NaN
2,96,526,NaN
2,96,527,NaN
2,96,528,NaN
2,96,529,NaN
2,96,530,NaN
2,96,531,NaN
2,96,532,NaN
2,96,533,NaN
2,96,534,NaN
2,96,535,NaN
2,96,536,NaN
2,96,537,NaN
2,96,538,NaN
2,96,539,NaN
2,96,540,NaN
2,96,541,NaN
2,96,542,NaN
2,96,543,NaN
2,96,544,NaN
2,96,545,NaN
2,96,546,NaN
2,96,547,NaN
2,96,548,NaN
2,96,549,NaN
2,96,550,NaN
2,96,551,NaN
2,96,552,NaN
2,96,553,NaN
2,96,554,NaN
2,96,555,NaN
2,96,556,NaN
2,96,557,NaN
2,96,558,NaN
2,96,559,NaN
2,96,560,NaN
2,96,561,NaN
2,96,562,NaN
2,96,563,NaN
2,96,564,NaN
2,96,565,NaN
2,96,566,NaN
2,96,567,NaN
2,96,568,NaN
2,96,569,NaN
2,96,570,NaN
2,96,571,NaN
2,96,572,NaN
2,96,573,NaN
2,96,574,NaN
2,96,575,NaN
2,96,576,NaN
2,96,577,NaN
2,96,578,NaN
2,96,579,NaN
2,96,580,NaN
2,96,581,NaN
2,96,582,NaN
2,96,583,NaN
2,96,584,NaN
2,96,585,NaN
2,96,586,NaN
2,96,587,NaN
2,96,588,NaN
2,96,589,NaN
2,96,590,NaN
2,96,591,NaN
2,96,592,NaN
2,96,593,NaN
2,96,594,NaN
2,96,595,NaN
2,96,596,NaN
2,96,597,NaN
2,96,598,NaN
2,96,599,NaN
2,49,0,0.080566505786924064
2,49,1,0.082709438365370036
2,49,2,0.0848717263109387
2,49,3,0.087052964182160311
2,49,4,0.089252743516389996
2,49,5,0.091470652949445674
2,49,6,0.093706278330686843
2,49,7,0.095959202833910004
2,49,8,0.098229007064407847
2,49,9,0.10051526916251349
2,49,10,0.10281756490392914
2,49,11,0.1051354677971167
2,49,12,0.10746854917800751
2,49,13,0.10981637830227314
2,49,14,0.1121785224353808
2,49,15,0.11455454694064245
2,49,16,0.11694401536545466
2,49,17,0.1193464895259114
2,49,18,0.12176152958996206
2,49,19,0.1241886941592755
2,49,20,0.12662754034996176
2,49,21,0.12907762387229244
2,49,22,0.1315384991095547
2,49,23,0.13400971919616336
2,49,24,0.13649083609514967
2,49,25,0.13898140067513856
2,49,26,0.14148096278691841
2,49,27,0.14398907133970323
2,49,28,0.14650527437717925
2,49,29,0.14902911915342487
2,49,30,0.15156015220878552
2,49,31,0.15409791944578202
2,49,32,0.15664196620512544
2,49,33,0.15919183734190703
2,49,34,0.16174707730202817
2,49,35,0.16430723019893131
2,49,36,0.16687183989068752
2,49,37,0.16944045005749525
2,49,38,0.17201260427963805
2,49,39,0.17458784611594924
2,49,40,0.1771657191828242
2,49,41,0.17974576723382102
2,49,42,0.18232753423988465
2,49,43,0.18491056447022891
2,49,44,0.18749440257390487
2,49,45,0.19007859366208413
2,49,46,0.1926626833910797
2,49,47,0.19524621804612785
2,49,48,0.19782874462594677
2,49,49,0.20040981092809035
2,49,50,0.20298896563510901
2,49,51,0.2055657584015278
2,49,52,0.20813973994165053
2,49,53,0.21071046211819425
2,49,54,0.21327747803175753
2,49,55,0.21584034211112305
2,49,56,0.21839861020439055
2,49,57,0.22095183967093862
2,49,58,0.22349958947420456
2,49,59,0.22604142027527735
2,49,60,0.22857689452728722
2,49,61,0.23110557657058281
2,49,62,0.23362703272867574
2,49,63,0.23614083140493708
2,49,64,0.23864654318002329
2,49,65,0.2411437409100104
2,49,66,0.24363199982521161
2,49,67,0.24611089762965038
2,49,68,0.24858001460116158
2,49,69,0.25103893369209007
2,49,70,0.25348724063055311
2,49,71,0.25592452402223315
2,49,72,0.25835037545266448
2,49,73,0.26076438958997561
2,49,74,0.26316616428804773
2,49,75,0.26555530069004818
2,49,76,0.26793140333229531
2,49,77,0.27029408024841073
2,49,78,0.27264294307371267
2,49,79,0.27497760714980268
2,49,80,0.27729769162929752
2,49,81,0.27960281958065469
2,49,82,0.28189261809304073
2,49,83,0.28416671838119051
2,49,84,0.28642475589020078
2,49,85,0.28866637040020593
2,49,86,0.2908912061308776
2,49,87,0.2930989118456922
2,49,88,0.29528914095590725
2,49,89,0.29746155162418864
2,49,90,0.29961580686782796
2,49,91,0.30175157466149061
2,49,92,0.3038685280394311
2,49,93,0.30596634519711702
2,49,94,0.30804470959219599
2,49,95,0.31010331004474523
2,49,96,0.31214184083673785
2,49,97,0.3141600018106645
2,49,98,0.31615749846724478
2,49,99,0.31813404206216439
2,49,100,0.32008934970177316
2,49,101,0.32202314443768065
2,49,102,0.32393515536018236
2,49,103,0.32582511769045336
2,49,104,0.32769277287144422
2,49,105,0.32953786865741447
2,49,106,0.3313601592020391
2,49,107,0.33315940514502335
2,49,108,0.33493537369716286
2,49,109,0.33668783872378488
2,49,110,0.33841658082650661
2,49,111,0.34012138742324899
2,49,112,0.34180205282644249
2,49,113,0.34345837831936388
2,49,114,0.34509017223054189
2,49,115,0.34669725000617119
2,49,116,0.34827943428047603
2,49,117,0.34983655494396171
2,49,118,0.351368449209498
2,49,119,0.35287496167617477
2,49,120,0.35435594439087387
2,49,121,0.35581125690750176
2,49,122,0.3572407663438269
2,49,123,0.35864434743586676
2,49,124,0.36002188258977513
2,49,125,0.36137326193117286
2,49,126,0.36269838335187393
2,49,127,0.36399715255395682
2,49,128,0.36526948309113028
2,49,129,0.36651529640734853
2,49,130,0.36773452187262651
2,49,131,0.36892709681601243
2,49,132,0.37009296655567098
2,49,133,0.37123208442603672
2,49,134,0.37234441180199412
2,49,135,0.37342991812004395
2,49,136,0.37448858089641862
2,49,137,0.37552038574210611
2,49,138,0.37652532637474839
2,49,139,0.37750340462737741
2,49,140,0.37845463045395522
2,49,141,0.37937902193168688
2,49,142,0.38027660526007373
2,49,143,0.38114741475667729
2,49,144,0.38199149284956657
2,49,145,0.38280889006642094
2,49,146,0.38359966502026283
2,49,147,0.38436388439179753
2,49,148,0.38510162290833488
2,49,149,0.38581296331927478
2,49,150,0.38649799636813353
2,49,151,0.3871568207610952
2,49,152,0.38778954313206865
2,49,153,0.38839627800423704
2,49,154,0.38897714774808445
2,49,155,0.38953228253588645
2,49,156,0.39006182029265601
2,49,157,0.3905659066435318
2,49,158,0.3910446948576039
2,49,159,0.39149834578816811
2,49,160,0.39192702780940541
2,49,161,0.39233091674948206
2,49,162,0.3927101958200685
2,49,163,0.39306505554227772
2,49,164,0.39339569366902305
2,49,165,0.39370231510379872
2,49,166,0.39398513181588896
2,49,167,0.39424436275200847
2,49,168,0.39448023374438723
2,49,169,0.39469297741530401
2,49,170,0.39488283307808425
2,49,171,0.3950500466345726
2,49,172,0.39519487046909646
2,49,173,0.39531756333893786
2,49,174,0.3954183902613313
2,49,175,0.39549762239700958
2,49,176,0.39555553693031925
2,49,177,0.39559241694593189
2,49,178,0.39560855130217809
2,49,179,0.39560423450103122
2,49,180,0.39557976655477689
2,49,181,0.3955354528493974
2,49,182,0.39547160400471021
2,49,183,0.39538853573129851
2,49,184,0.39528656868427509
2,49,185,0.39516602831392217
2,49,186,0.39502724471325806
2,49,187,0.3948705524625723
2,49,188,0.39469629047099131
2,49,189,0.39450480181512065
2,49,190,0.39429643357482874
2,49,191,0.39407153666623029
2,49,192,0.39383046567193364
2,49,193,0.39357357866862402
2,49,194,0.39330123705204806
2,49,195,0.39301380535948033
2,49,196,0.39271165108974643
2,49,197,0.39239514452088831
2,49,198,0.39206465852555328
2,49,199,0.39172056838420266
2,49,200,0.39136325159622881
2,49,201,0.39099308768908175
2,49,202,0.39061045802550587
2,49,203,0.39021574560899464
2,49,204,0.38980933488757247
2,49,205,0.38939161155602064
2,49,206,0.38896296235666478
2,49,207,0.38852377487884937
2,49,208,0.38807443735722763
2,49,209,0.38761533846899915
2,49,210,0.38714686713023383
2,49,211,0.38666941229142332
2,49,212,0.386183362732408
2,49,213,0.38568910685682967
2,49,214,0.38518703248626696
2,49,215,0.38467752665421351
2,49,216,0.38416097540006322
2,49,217,0.38363776356327295
2,49,218,0.38310827457787577
2,49,219,0.38257289026752161
2,49,220,0.38203199064122967
2,49,221,0.38148595369003474
2,49,222,0.38093515518471988
2,49,223,0.38037996847482725
2,49,224,0.37982076428914308
2,49,225,0.37925791053785712
2,49,226,0.37869177211659866
2,49,227,0.37812271071255288
2,49,228,0.37755108461286685
2,49,229,0.37697724851555248
2,49,230,0.37640155334309816
2,49,231,0.37582434605900028
2,49,232,0.37524596948742944
2,49,233,0.37466676213624239
2,49,234,0.37408705802355446
2,49,235,0.37350718650808551
2,49,236,0.37292747212349153
2,49,237,0.37234823441689202
2,49,238,0.3717697877918032
2,49,239,0.37119244135568313
2,49,240,0.37061649877229197
2,49,241,0.3700422581190691
2,49,242,0.36947001174972161
2,49,243,0.3689000461622175
2,49,244,0.36833264187236897
2,49,245,0.3677680732931885
2,49,246,0.36720660862019044
2,49,247,0.36664850972280733
2,49,248,0.36609403204208157
2,49,249,0.36554342449478472
2,49,250,0.3649969293841086
2,49,251,0.36445478231706346
2,49,252,0.36391721212870914
2,49,253,0.36338444081333443
2,49,254,0.36285668346268984
2,49,255,0.36233414821136828
2,49,256,0.36181703618941513
2,49,257,0.36130554148223953
2,49,258,0.36079985109788643
2,49,259,0.36030014494171231
2,49,260,0.35980659579850077
2,49,261,0.35931936932203712
2,49,262,0.35883862403214689
2,49,263,0.35836451131919439
2,49,264,0.35789717545601762
2,49,265,0.35743675361726629
2,49,266,0.35698337590609414
2,49,267,0.35653716538814423
2,49,268,0.35609823813274721
2,49,269,0.35566670326124822
2,49,270,0.35524266300235202
2,49,271,0.35482621275437337
2,49,272,0.35441744115426038
2,49,273,0.35401643015324596
2,49,274,0.3536232550989718
2,49,275,0.35323798482391605
2,49,276,0.35286068173994101
2,49,277,0.35249140193877193
2,49,278,0.3521301952982
2,49,279,0.35177710559379466
2,49,280,0.35143217061590482
2,49,281,0.35109542229170815
2,49,282,0.35076688681207263
2,49,283,0.35044658476297275
2,49,284,0.35013453126120747
2,49,285,NaN
2,49,286,NaN
2,49,287,NaN
2,49,288,NaN
2,49,289,NaN
2,49,290,NaN
2,49,291,NaN
2,49,292,NaN
2,49,293,NaN
2,49,294,NaN
2,49,295,NaN
2,49,296,NaN
2,49,297,NaN
2,49,298,NaN
2,49,299,NaN
2,49,300,NaN
2,49,301,NaN
2,49,302,NaN
2,49,303,NaN
2,49,304,NaN
2,49,305,NaN
2,49,306,NaN
2,49,307,NaN
2,49,308,NaN
2,49,309,NaN
2,49,310,NaN
2,49,311,NaN
2,49,312,NaN
2,49,313,NaN
2,49,314,NaN
2,49,315,NaN
2,49,316,NaN
2,49,317,NaN
2,49,318,NaN
2,49,319,NaN
2,49,320,NaN
2,49,321,NaN
2,49,322,NaN
2,49,323,NaN
2,49,324,NaN
2,49,325,NaN
2,49,326,NaN
2,49,327,NaN
2,49,328,NaN
2,49,329,NaN
2,49,330,NaN
2,49,331,NaN
2,49,332,NaN
2,49,333,NaN
2,49,334,NaN
2,49,335,NaN
2,49,336,NaN
2,49,337,NaN
2,49,338,NaN
2,49,339,NaN
2,49,340,NaN
2,49,341,NaN
2,49,342,NaN
2,49,343,NaN
2,49,344,NaN
2,49,345,NaN
2,49,346,NaN
2,49,347,NaN
2,49,348,NaN
2,49,349,NaN
2,49,350,NaN
2,49,351,NaN
2,49,352,NaN
2,49,353,NaN
2,49,354,NaN
2,49,355,NaN
2,49,356,NaN
2,49,357,NaN
2,49,358,NaN
2,49,359,NaN
2,49,360,NaN
2,49,361,NaN
2,49,362,NaN
2,49,363,NaN
2,49,364,NaN
2,49,365,NaN
2,49,366,NaN
2,49,367,NaN
2,49,368,NaN
2,49,369,NaN
2,49,370,NaN
2,49,371,NaN
2,49,372,NaN
2,49,373,NaN
2,49,374,NaN
2,49,375,NaN
2,49,376,NaN
2,49,377,NaN
2,49,378,NaN
2,49,379,NaN
2,49,380,NaN
2,49,381,NaN
2,49,382,NaN
2,49,383,NaN
2,49,384,NaN
2,49,385,NaN
2,49,386,NaN
2,49,387,NaN
2,49,388,NaN
2,49,389,NaN
2,49,390,NaN
2,49,391,NaN
2,49,392,NaN
2,49,393,NaN
2,49,394,NaN
2,49,395,NaN
2,49,396,NaN
2,49,397,NaN
2,49,398,NaN
2,49,399,NaN
2,49,400,NaN
2,49,401,NaN
2,49,402,NaN
2,49,403,NaN
2,49,404,NaN
2,49,405,NaN
2,49,406,NaN
2,49,407,NaN
2,49,408,NaN
2,49,409,NaN
2,49,410,NaN
2,49,411,NaN
2,49,412,NaN
2,49,413,NaN
2,49,414,NaN
2,49,415,NaN
2,49,416,NaN
2,49,417,NaN
2,49,418,NaN
2,49,419,NaN
2,49,420,NaN
2,49,421,NaN
2,49,422,NaN
2,49,423,NaN
2,49,424,NaN
2,49,425,NaN
2,49,426,NaN
2,49,427,NaN
2,49,428,NaN
2,49,429,NaN
2,49,430,NaN
2,49,431,NaN
2,49,432,NaN
2,49,433,NaN
2,49,434,NaN
2,49,435,NaN
2,49,436,NaN
2,49,437,NaN
2,49,438,NaN
2,49,439,NaN
2,49,440,NaN
2,49,441,NaN
2,49,442,NaN
2,49,443,NaN
2,49,444,NaN
2,49,445,NaN
2,49,446,NaN
2,49,447,NaN
2,49,448,NaN
2,49,449,NaN
2,49,450,NaN
2,49,451,NaN
2,49,452,NaN
2,49,453,NaN
2,49,454,NaN
2,49,455,NaN
2,49,456,NaN
2,49,457,NaN
2,49,458,NaN
2,49,459,NaN
2,49,460,NaN
2,49,461,NaN
2,49,462,NaN
2,49,463,NaN
2,49,464,NaN
2,49,465,NaN
2,49,466,NaN
2,49,467,NaN
2,49,468,NaN
2,49,469,NaN
2,49,470,NaN
2,49,471,NaN
2,49,472,NaN
2,49,473,NaN
2,49,474,NaN
2,49,475,NaN
2,49,476,NaN
2,49,477,NaN
2,49,478,NaN
2,49,479,NaN
2,49,480,NaN
2,49,481,NaN
2,49,482,NaN
2,49,483,NaN
2,49,484,NaN
2,49,485,NaN
2,49,486,NaN
2,49,487,NaN
2,49,488,NaN
2,49,489,NaN
2,49,490,NaN
2,49,491,NaN
2,49,492,NaN
2,49,493,NaN
2,49,494,NaN
2,49,495,NaN
2,49,496,NaN
2,49,497,NaN
2,49,498,NaN
2,49,499,NaN
2,49,500,NaN
2,49,501,NaN
2,49,502,NaN
2,49,503,NaN
2,49,504,NaN
2,49,505,NaN
2,49,506,NaN
2,49,507,NaN
2,49,508,NaN
2,49,509,NaN
2,49,510,NaN
2,49,511,NaN
2,49,512,NaN
2,49,513,NaN
2,49,514,NaN
2,49,515,NaN
2,49,516,NaN
2,49,517,NaN
2,49,518,NaN
2,49,519,NaN
2,49,520,NaN
2,49,521,NaN
2,49,522,NaN
2,49,523,NaN
2,49,524,NaN
2,49,525,NaN
2,49,526,NaN
2,49,527,NaN
2,49,528,NaN
2,49,529,NaN
2,49,530,NaN
2,49,531,NaN
2,49,532,NaN
2,49,533,NaN
2,49,534,NaN
2,49,535,NaN
2,49,536,NaN
2,49,537,NaN
2,49,538,NaN
2,49,539,NaN
2,49,540,NaN
2,49,541,NaN
2,49,542,NaN
2,49,543,NaN
2,49,544,NaN
2,49,545,NaN
2,49,546,NaN
2,49,547,NaN
2,49,548,NaN
2,49,549,NaN
2,49,550,NaN
2,49,551,NaN
2,49,552,NaN
2,49,553,NaN
2,49,554,NaN
2,49,555,NaN
2,49,556,NaN
2,49,557,NaN
2,49,558,NaN
2,49,559,NaN
2,49,560,NaN
2,49,561,NaN
2,49,562,NaN
2,49,563,NaN
2,49,564,NaN
2,49,565,NaN
2,49,566,NaN
2,49,567,NaN
2,49,568,NaN
2,49,569,NaN
2,49,570,NaN
2,49,571,NaN
2,49,572,NaN
2,49,573,NaN
2,49,574,NaN
2,49,575,NaN
2,49,576,NaN
2,49,577,NaN
2,49,578,NaN
2,49,579,NaN
2,49,580,NaN
2,49,581,NaN
2,49,582,NaN
2,49,583,NaN
2,49,584,NaN
2,49,585,NaN
2,49,586,NaN
2,49,587,NaN
2,49,588,NaN
2,49,589,NaN
2,49,590,NaN
2,49,591,NaN
2,49,592,NaN
2,49,593,NaN
2,49,594,NaN
2,49,595,NaN
2,49,596,NaN
2,49,597,NaN
2,49,598,NaN
2,49,599,NaN
2,9,0,0.056784539134294168
2,9,1,0.058245923241924055
2,9,2,0.059719765931368997
2,9,3,0.061205828940301195
2,9,4,0.062703872911519326
2,9,5,0.064213657384789638
2,9,6,0.065734940790106541
2,9,7,0.067267480442336408
2,9,8,0.068811032537210937
2,9,9,0.070365352148642354
2,9,10,0.071930193227334335
2,9,11,0.07350530860066698
2,9,12,0.075090449973837209
2,9,13,0.076685367932237528
2,9,14,0.078289811945059531
2,9,15,0.07990353037011097
2,9,16,0.081526270459835626
2,9,17,0.083157778368529112
2,9,18,0.084797799160743328
2,9,19,0.08644607682087499
2,9,20,0.08810235426393441
2,9,21,0.089766373347491393
2,9,22,0.091437874884796932
2,9,23,0.093116598659078745
2,9,24,0.094802283439011065
2,9,25,0.09649466699535772
2,9,26,0.098193486118789364
2,9,27,0.099898476638875119
2,9,28,0.10160937344424947
2,9,29,0.10332591050395523
2,9,30,0.10504782088996291
2,9,31,0.10677483680086744
2,9,32,0.10850668958676254
2,9,33,0.1102431097752925
2,9,34,0.11198382709888173
2,9,35,0.11372857052314073
2,9,36,0.11547706827644783
2,9,37,0.1172290478807048
2,9,38,0.11898423618326384
2,9,39,0.12074235939002394
2,9,40,0.12250314309969168
2,9,41,0.1242663123392036
2,9,42,0.12603159160030414
2,9,43,0.1277987048772741
2,9,44,0.12956737570580185
2,9,45,0.13133732720299199
2,9,46,0.13310828210850051
2,9,47,0.13487996282678949
2,9,48,0.13665209147048993
2,9,49,0.13842438990486294
2,9,50,0.14019657979334577
2,9,51,0.14196838264417153
2,9,52,0.14373951985804759
2,9,53,0.14550971277687905
2,9,54,0.14727868273352035
2,9,55,0.14904615110253938
2,9,56,0.15081183935197656
2,9,57,0.15257546909607914
2,9,58,0.15433676214899311
2,9,59,0.15609544057939084
2,9,60,0.15785122676601354
2,9,61,0.15960384345410697
2,9,62,0.16135301381272563
2,9,63,0.16309846149288348
2,9,64,0.16483991068652437
2,9,65,0.16657708618628753
2,9,66,0.16830971344604045
2,9,67,0.17003751864215319
2,9,68,0.17176022873548374
2,9,69,0.17347757153404705
2,9,70,0.17518927575633683
2,9,71,0.17689507109526978
2,9,72,0.17859468828272101
2,9,73,0.18028785915461809
2,9,74,0.18197431671656106
2,9,75,0.18365379520993561
2,9,76,0.18532603017848412
2,9,77,0.18699075853530109
2,9,78,0.18864771863021612
2,9,79,0.19029665031753129
2,9,80,0.19193729502407267
2,9,81,0.1935693958175233
2,9,82,0.19519269747499651
2,9,83,0.19680694655181513
2,9,84,0.19841189145045518
2,9,85,0.20000728248961869
2,9,86,0.20159287197339426
2,9,87,0.20316841426046642
2,9,88,0.20473366583333666
2,9,89,0.20628838536751248
2,9,90,0.20783233380062782
2,9,91,0.20936527440145261
2,9,92,0.21088697283875196
2,9,93,0.21239719724995418
2,9,94,0.21389571830958706
2,9,95,0.21538230929744157
2,9,96,0.21685674616642237
2,9,97,0.21831880761004435
2,9,98,0.21976827512953404
2,9,99,0.22120493310049621
2,9,100,0.22262856883910356
2,9,101,0.22403897266776987
2,9,102,0.22543593798026634
2,9,103,0.22681926130624014
2,9,104,0.22818874237509545
2,9,105,0.22954418417919775
2,9,106,0.23088539303635983
2,9,107,0.23221217865157298
2,9,108,0.23352435417794154
2,9,109,0.2348217362767839
2,9,110,0.23610414517686079
2,9,111,0.23737140473269289
2,9,112,0.23862334248193015
2,9,113,0.2398597897017361
2,9,114,0.24108058146414879
2,9,115,0.24228555669038454
2,9,116,0.2434745582040464
2,9,117,0.24464743278320322
2,9,118,0.24580403121130384
2,9,119,0.24694420832689321
2,9,120,0.24806782307209524
2,9,121,0.2491747385398308
2,9,122,0.25026482201973754
2,9,123,0.25133794504275953
2,9,124,0.2523939834243763
2,9,125,0.25343281730644046
2,9,126,0.25445433119759281
2,9,127,0.2554584140122283
2,9,128,0.25644495910798187
2,9,129,0.25741386432170754
2,9,130,0.25836503200392441
2,9,131,0.25929836905170156
2,9,132,0.26021378693995861
2,9,133,0.26111120175115493
2,9,134,0.26199053420334506
2,9,135,0.26285170967657734
2,9,136,0.2636946582376124
2,9,137,0.26451931466294082
2,9,138,0.26532561846007918
2,9,139,0.26611351388712484
2,9,140,0.26688294997054962
2,9,141,0.26763388052121589
2,9,142,0.26836626414859671
2,9,143,0.26908006427318315
2,9,144,0.26977524913706585
2,9,145,0.27045179181267276
2,9,146,0.27110967020965276
2,9,147,0.27174886707989021
2,9,148,0.27236937002063866
2,9,149,0.27297117147576505
2,9,150,0.27355426873509175
2,9,151,0.27411866393182849
2,9,152,0.27466436403808664
2,9,153,0.27519138085846756
2,9,154,0.27569973102171991
2,9,155,0.27618943597045942
2,9,156,0.27666052194894825
2,9,157,0.27711301998892962
2,9,158,0.27754696589351507
2,9,159,0.27796240021912433
2,9,160,0.27835936825547575
2,9,161,0.27873792000362929
2,9,162,0.27909811015208219
2,9,163,0.27943999805092146
2,9,164,0.27976364768403511
2,9,165,0.28006912763938829
2,9,166,0.28035651107736748
2,9,167,0.28062587569720326
2,9,168,0.28087730370147423
2,9,169,0.28111088175870519
2,9,170,0.28132670096406631
2,9,171,0.28152485679818484
2,9,172,0.28170544908408207
2,9,173,0.28186858194224607
2,9,174,0.28201436374385669
2,9,175,0.28214290706217504
2,9,176,0.28225432862211541
2,9,177,0.28234874924801584
2,9,178,0.28242629380962508
2,9,179,0.28248709116632637
2,9,180,0.28253127410961598
2,9,181,0.2825589793038612
2,9,182,0.2825703472253574
2,9,183,0.28256552209970892
2,9,184,0.28254465183755928
2,9,185,0.28250788796869508
2,9,186,0.28245538557455196
2,9,187,0.28238730321915051
2,9,188,0.28230380287849083
2,9,189,0.2822050498684377
2,9,190,0.28209121277112681
2,9,191,0.28196246335992575
2,9,192,0.28181897652298399
2,9,193,0.28166093018540739
2,9,194,0.28148850523009267
2,9,195,0.28130188541726203
2,9,196,0.28110125730273472
2,9,197,0.28088681015497774
2,9,198,0.28065873587097617
2,9,199,0.28041722889096721
2,9,200,0.28016248611208067
2,9,201,0.27989470680093353
2,9,202,0.27961409250522296
2,9,203,0.27932084696436837
2,9,204,0.27901517601925002
2,9,205,0.27869728752109596
2,9,206,0.27836739123956916
2,9,207,0.27802569877010802
2,9,208,0.27767242344057541
2,9,209,0.27730778021727132
2,9,210,0.27693198561036741
2,9,211,0.27654525757882137
2,9,212,0.27614781543483141
2,9,213,0.27573987974789127
2,9,214,0.27532167224850945
2,9,215,0.27489341573165438
2,9,216,0.27445533395999272
2,9,217,0.27400765156698426
2,9,218,0.27355059395990317
2,9,219,0.27308438722285211
2,9,220,0.27260925801983965
2,9,221,0.27212543349799068
2,9,222,0.2716331411909636
2,9,223,0.2711326089226434
2,9,224,0.27062406471118772
2,9,225,0.27010773667349791
2,9,226,0.26958385293019221
2,9,227,0.26905264151115532
2,9,228,0.26851433026174321
2,9,229,0.26796914674971906
2,9,230,0.2674173181729993
2,9,231,0.26685907126828851
2,9,232,0.2662946322206815
2,9,233,0.26572422657431216
2,9,234,0.26514807914413008
2,9,235,0.2645664139288823
2,9,236,0.26397945402538242
2,9,237,0.2633874215441448
2,9,238,0.26279053752646581
2,9,239,0.26218902186302973
2,9,240,0.26158309321411805
2,9,241,0.26097296893150274
2,9,242,0.26035886498209893
2,9,243,0.25974099587345523
2,9,244,0.25911957458115814
2,9,245,0.25849481247822353
2,9,246,0.25786691926655203
2,9,247,0.25723610291051802
2,9,248,0.25660256957276434
2,9,249,0.2559665235522724
2,9,250,0.25532816722477369
2,9,251,0.25468770098556942
2,9,252,0.25404532319482004
2,9,253,0.25340123012536786
2,9,254,0.25275561591314827
2,9,255,0.25210867251024721
2,9,256,0.25146058964065815
2,9,257,0.25081155475878547
2,9,258,0.25016175301074572
2,9,259,0.24951136719850547
2,9,260,0.2488605777468989
2,9,261,0.24820956267355995
2,9,262,0.24755849756180162
2,9,263,0.24690755553647101
2,9,264,0.24625690724280516
2,9,265,0.2456067208283064
2,9,266,0.24495716192765388
2,9,267,0.2443083936506629
2,9,268,0.24366057657329693
2,9,269,0.24301386873173603
2,9,270,0.24236842561949654
2,9,271,0.24172440018759628
2,9,272,0.24108194284774903
2,9,273,0.24044120147857256
2,9,274,0.23980232143478528
2,9,275,0.23916544555936203
2,9,276,0.23853071419861613
2,9,277,0.23789826522016591
2,9,278,0.237268234033743
2,9,279,0.23664075361478826
2,9,280,0.23601595453078322
2,9,281,0.23539396497025095
2,9,282,0.23477491077436347
2,9,283,0.23415891547107942
2,9,284,0.23354610031173692
2,9,285,0.23293658431001629
2,9,286,0.23233048428318537
2,9,287,0.2317279148955331
2,9,288,0.23112898870389312
2,9,289,0.23053381620515265
2,9,290,0.22994250588564005
2,9,291,0.22935516427227542
2,9,292,0.22877189598536884
2,9,293,0.22819280379294232
2,9,294,0.22761798866645028
2,9,295,0.22704754983776868
2,9,296,0.22648158485731706
2,9,297,0.22592018965317812
2,9,298,0.22536345859107262
2,9,299,0.2248114845350459
2,9,300,0.22426435890872007
2,9,301,0.22372217175696096
2,9,302,0.2231850118078105
2,9,303,0.22265296653452929
2,9,304,0.22212612221759453
2,9,305,0.2216045640064972
2,9,306,0.22108837598118081
2,9,307,0.2205776412129625
2,9,308,0.220072441824779
2,9,309,0.2195728590505972
2,9,310,0.21907897329383219
2,9,311,0.21859086418461315
2,9,312,0.21810861063574191
2,9,313,0.21763229089718644
2,9,314,0.21716198260895772
2,9,315,0.21669776285221534
2,9,316,0.21623970819845476
2,9,317,0.21578789475662749
2,9,318,0.21534239821805268
2,9,319,0.21490329389897719
2,9,320,0.21447065678065205
2,9,321,0.21404456154678894
2,9,322,0.21362508261827254
2,9,323,0.2132122941850064
2,9,324,0.21280627023477253
2,9,325,0.21240708457899782
2,9,326,0.2120148108753184
2,9,327,0.21162952264684537
2,9,328,0.21125129329803954
2,9,329,0.21088019612710968
2,9,330,0.21051630433485727
2,9,331,0.2101596910298982
2,9,332,0.2098104292301991
2,9,333,0.20946859186087466
2,9,334,0.20913425174820238
2,9,335,0.20880748160981677
2,9,336,0.20848835404105709
2,9,337,0.20817694149745103
2,9,338,0.20787331627332539
2,9,339,0.20757755047654572
2,9,340,0.20728971599939586
2,9,341,0.20700988448561969
2,9,342,0.20673812729365479
2,9,343,0.20647451545610176
2,9,344,0.20621911963547934
2,9,345,0.20597201007632901
2,9,346,0.20573325655374095
2,9,347,0.20550292831838507
2,9,348,0.20528109403813935
2,9,349,0.20506782173642052
2,9,350,0.20486317872732995
2,9,351,0.20466723154773753
2,9,352,0.20448004588643945
2,9,353,0.20430168651053027
2,9,354,0.20413221718914315
2,9,355,0.20397170061471959
2,9,356,0.20382019832197834
2,9,357,0.20367777060476247
2,9,358,0.20354447643095083
2,9,359,0.20342037335562865
2,9,360,0.20330551743271746
2,9,361,0.20319996312527322
2,9,362,0.20310376321466578
2,9,363,0.20301696870885969
2,9,364,0.20293962875002028
2,9,365,0.20287179052167387
2,9,366,0.20281349915565422
2,9,367,0.20276479763907115
2,9,368,0.20272572672153805
2,9,369,0.20269632482289768
2,9,370,0.20267662794168739
2,9,371,0.20266666956458215
2,9,372,0.20266648057705616
2,9,373,0.20267608917550065
2,9,374,0.20269552078103403
2,9,375,0.2027247979552371
2,9,376,0.20276394031804285
2,9,377,0.20281296446800529
2,9,378,0.20287188390516775
2,9,379,0.20294070895674357
2,9,380,0.20301944670581654
2,9,381,0.20310810092326087
2,9,382,0.20320667200307266
2,9,383,0.20331515690129531
2,9,384,0.20343354907871394
2,9,385,0.2035618384474818
2,9,386,0.20370001132183316
2,9,387,0.20384805037302561
2,9,388,0.20400593458864366
2,9,389,0.20417363923638343
2,9,390,0.20435113583242695
2,9,391,0.20453839211450228
2,9,392,0.20473537201971245
2,9,393,0.20494203566720381
2,9,394,0.2051583393457326
2,9,395,0.20538423550617382
2,9,396,0.20561967275900481
2,9,397,0.20586459587678305
2,9,398,0.20611894580162407
2,9,399,0.20638265965767286
2,9,400,0.20665567076855057
2,9,401,0.20693790867974499
2,9,402,0.20722929918590105
2,9,403,0.20752976436295714
2,9,404,0.20783922260506058
2,9,405,0.2081575886661847
2,9,406,0.20848477370636051
2,9,407,0.2088206853424244
2,9,408,0.20916522770317467
2,9,409,0.20951830148882075
2,9,410,0.20987980403460046
2,9,411,0.21024962937843128
2,9,412,0.2106276683324575
2,9,413,0.21101380855834456
2,9,414,0.21140793464616922
2,9,415,0.21180992819674568
2,9,416,0.21221966790722588
2,9,417,0.21263702965980513
2,9,418,0.21306188661336289
2,9,419,0.21349410929786339
2,9,420,0.21393356571134056
2,9,421,0.21438012141928789
2,9,422,NaN
2,9,423,NaN
2,9,424,NaN
2,9,425,NaN
2,9,426,NaN
2,9,427,NaN
2,9,428,NaN
2,9,429,NaN
2,9,430,NaN
2,9,431,NaN
2,9,432,NaN
2,9,433,NaN
2,9,434,NaN
2,9,435,NaN
2,9,436,NaN
2,9,437,NaN
2,9,438,NaN
2,9,439,NaN
2,9,440,NaN
2,9,441,NaN
2,9,442,NaN
2,9,443,NaN
2,9,444,NaN
2,9,445,NaN
2,9,446,NaN
2,9,447,NaN
2,9,448,NaN
2,9,449,NaN
2,9,450,NaN
2,9,451,NaN
2,9,452,NaN
2,9,453,NaN
2,9,454,NaN
2,9,455,NaN
2,9,456,NaN
2,9,457,NaN
2,9,458,NaN
2,9,459,NaN
2,9,460,NaN
2,9,461,NaN
2,9,462,NaN
2,9,463,NaN
2,9,464,NaN
2,9,465,NaN
2,9,466,NaN
2,9,467,NaN
2,9,468,NaN
2,9,469,NaN
2,9,470,NaN
2,9,471,NaN
2,9,472,NaN
2,9,473,NaN
2,9,474,NaN
2,9,475,NaN
2,9,476,NaN
2,9,477,NaN
2,9,478,NaN
2,9,479,NaN
2,9,480,NaN
2,9,481,NaN
2,9,482,NaN
2,9,483,NaN
2,9,484,NaN
2,9,485,NaN
2,9,486,NaN
2,9,487,NaN
2,9,488,NaN
2,9,489,NaN
2,9,490,NaN
2,9,491,NaN
2,9,492,NaN
2,9,493,NaN
2,9,494,NaN
2,9,495,NaN
2,9,496,NaN
2,9,497,NaN
2,9,498,NaN
2,9,499,NaN
2,9,500,NaN
2,9,501,NaN
2,9,502,NaN
2,9,503,NaN
2,9,504,NaN
2,9,505,NaN
2,9,506,NaN
2,9,507,NaN
2,9,508,NaN
2,9,509,NaN
2,9,510,NaN
2,9,511,NaN
2,9,512,NaN
2,9,513,NaN
2,9,514,NaN
2,9,515,NaN
2,9,516,NaN
2,9,517,NaN
2,9,518,NaN
2,9,519,NaN
2,9,520,NaN
2,9,521,NaN
2,9,522,NaN
2,9,523,NaN
2,9,524,NaN
2,9,525,NaN
2,9,526,NaN
2,9,527,NaN
2,9,528,NaN
2,9,529,NaN
2,9,530,NaN
2,9,531,NaN
2,9,532,NaN
2,9,533,NaN
2,9,534,NaN
2,9,535,NaN
2,9,536,NaN
2,9,537,NaN
2,9,538,NaN
2,9,539,NaN
2,9,540,NaN
2,9,541,NaN
2,9,542,NaN
2,9,543,NaN
2,9,544,NaN
2,9,545,NaN
2,9,546,NaN
2,9,547,NaN
2,9,548,NaN
2,9,549,NaN
2,9,550,NaN
2,9,551,NaN
2,9,552,NaN
2,9,553,NaN
2,9,554,NaN
2,9,555,NaN
2,9,556,NaN
2,9,557,NaN
2,9,558,NaN
2,9,559,NaN
2,9,560,NaN
2,9,561,NaN
2,9,562,NaN
2,9,563,NaN
2,9,564,NaN
2,9,565,NaN
2,9,566,NaN
2,9,567,NaN
2,9,568,NaN
2,9,569,NaN
2,9,570,NaN
2,9,571,NaN
2,9,572,NaN
2,9,573,NaN
2,9,574,NaN
2,9,575,NaN
2,9,576,NaN
2,9,577,NaN
2,9,578,NaN
2,9,579,NaN
2,9,580,NaN
2,9,581,NaN
2,9,582,NaN
2,9,583,NaN
2,9,584,NaN
2,9,585,NaN
2,9,586,NaN
2,9,587,NaN
2,9,588,NaN
2,9,589,NaN
2,9,590,NaN
2,9,591,NaN
2,9,592,NaN
2,9,593,NaN
2,9,594,NaN
2,9,595,NaN
2,9,596,NaN
2,9,597,NaN
2,9,598,NaN
2,9,599,NaN
2,29,0,0.068498870206868637
2,29,1,0.070408206146478358
2,29,2,0.072332339856462285
2,29,3,0.074270969271217485
2,29,4,0.076223791180246053
2,29,5,0.078190501191621714
2,29,6,0.080170793697317083
2,29,7,0.082164361840275896
2,29,8,0.084170897483132626
2,29,9,0.086190091178497921
2,29,10,0.088221632140744202
2,29,11,0.090265208219238183
2,29,12,0.092320505872979727
2,29,13,0.094387210146617814
2,29,14,0.09646500464782308
2,29,15,0.098553571526006495
2,29,16,0.10065259145238062
2,29,17,0.10276174360136765
2,29,18,0.10488070563336353
2,29,19,0.10700915367887465
2,29,20,0.10914676232404594
2,29,21,0.11129320459760569
2,29,22,0.11344815195925459
2,29,23,0.11561127428952918
2,29,24,0.11778223988117371
2,29,25,0.11996071543205516
2,29,26,0.12214636603965813
2,29,27,0.1243388551971978
2,29,28,0.12653784479138958
2,29,29,0.12874299510191428
2,29,30,0.13095396480261898
2,29,31,0.13317041096449156
2,29,32,0.13539198906044866
2,29,33,0.13761835297197469
2,29,34,0.13984915499764899
2,29,35,0.14208404586359716
2,29,36,0.1443226747359018
2,29,37,0.14656468923500518
2,29,38,0.14880973545213599
2,29,39,0.15105745796778997
2,29,40,0.15330749987229206
2,29,41,0.1555595027884662
2,29,42,0.15781310689643641
2,29,43,0.1600679509605811
2,29,44,0.16232367235865874
2,29,45,0.16457990711312317
2,29,46,0.16683628992464142
2,29,47,0.16909245420782712
2,29,48,0.17134803212919794
2,29,49,0.17360265464736405
2,29,50,0.17585595155545203
2,29,51,0.17810755152576496
2,29,52,0.18035708215667798
2,29,53,0.18260417002176577
2,29,54,0.1848484407211545
2,29,55,0.1870895189350899
2,29,56,0.18932702847970972
2,29,57,0.19156059236500558
2,29,58,0.19378983285495771
2,29,59,0.1960143715298229
2,29,60,0.19823382935055417
2,29,61,0.20044782672532635
2,29,62,0.20265598357814224
2,29,63,0.20485791941948867
2,29,64,0.20705325341901182
2,29,65,0.20924160448017681
2,29,66,0.21142259131687663
2,29,67,0.21359583253195111
2,29,68,0.21576094669757553
2,29,69,0.21791755243747735
2,29,70,0.22006526851093539
2,29,71,0.22220371389851637
2,29,72,0.2243325078894996
2,29,73,0.22645127017094077
2,29,74,0.22855962091832277
2,29,75,0.23065718088774104
2,29,76,0.23274357150956837
2,29,77,0.234818414983543
2,29,78,0.23688133437522307
2,29,79,0.23893195371374856
2,29,80,0.24096989809085101
2,29,81,0.24299479376104954
2,29,82,0.24500626824297231
2,29,83,0.2470039504217392
2,29,84,0.24898747065234322
2,29,85,0.250956460863965
2,29,86,0.25291055466515644
2,29,87,0.25484938744982605
2,29,88,0.25677259650396139
2,29,89,0.25867982111302046
2,29,90,0.26057070266992582
2,29,91,0.2624448847835929
2,29,92,0.26430201338792642
2,29,93,0.26614173685121517
2,29,94,0.26796370608585895
2,29,95,0.26976757465835882
2,29,96,0.27155299889950296
2,29,97,0.27331963801468118
2,29,98,0.27506715419425898
2,29,99,0.27679521272394697
2,29,100,0.27850348209509468
2,29,101,0.28019163411484654
2,29,102,0.28185934401609103
2,29,103,0.28350629056713939
2,29,104,0.28513215618106802
2,29,105,0.28673662702466124
2,29,106,0.28831939312688976
2,29,107,0.28988014848686428
2,29,108,0.291418591181199
2,29,109,0.29293442347072751
2,29,110,0.29442735190650876
2,29,111,0.29589708743506338
2,29,112,0.29734334550278563
2,29,113,0.29876584615946772
2,29,114,0.30016431416088712
2,29,115,0.30153847907039638
2,29,116,0.30288807535946455
2,29,117,0.30421284250711644
2,29,118,0.30551252509821819
2,29,119,0.30678687292055845
2,29,120,0.30803564106067732
2,29,121,0.30925858999839351
2,29,122,0.31045548569998443
2,29,123,0.3116260997099739
2,29,124,0.31277020924148219
2,29,125,0.31388759726509846
2,29,126,0.31497805259623152
2,29,127,0.31604136998090149
2,29,128,0.31707735017993266
2,29,129,0.31808580005151077
2,29,130,0.31906653263206936
2,29,131,0.32001936721547075
2,29,132,0.3209441294304497
2,29,133,0.32184065131628692
2,29,134,0.32270877139668408
2,29,135,0.32354833475181038
2,29,136,0.32435919308849548
2,29,137,0.32514120480854147
2,29,138,0.32589423507512977
2,29,139,0.32661815587730203
2,29,140,0.32731284609249106
2,29,141,0.32797819154708358
2,29,142,0.32861408507499573
2,29,143,0.32922042657424355
2,29,144,0.32979712306149317
2,29,145,0.33034408872457666
2,29,146,0.33086124497295827
2,29,147,0.33134852048614216
2,29,148,0.33180585126000861
2,29,149,0.33223318065107066
2,29,150,0.33263045941864283
2,29,151,0.33299764576491481
2,29,152,0.33333470537292581
2,29,153,0.33364161144243371
2,29,154,0.3339183447236761
2,29,155,0.33416489354902312
2,29,156,0.33438125386251816
2,29,157,0.33456742924730898
2,29,158,0.3347234309509699
2,29,159,0.33484927790871688
2,29,160,0.33494499676451978
2,29,161,0.33501062189011527
2,29,162,0.33504619540192693
2,29,163,0.33505176717589674
2,29,164,0.33502739486023725
2,29,165,0.3349731438861121
2,29,166,0.3348890874762514
2,29,167,0.33477530665151478
2,29,168,0.33463189023541073
2,29,169,0.3344589348565829
2,29,170,0.3342565449492762
2,29,171,0.3340248327517944
2,29,172,0.33376391830296182
2,29,173,0.33347392943660381
2,29,174,0.33315500177405771
2,29,175,0.33280727871473131
2,29,176,0.3324309114247207
2,29,177,0.33202605882350517
2,29,178,0.33159288756873234
2,29,179,0.33113157203911042
2,29,180,0.33064229431542236
2,29,181,0.33012524415967809
2,29,182,0.32958061899242036
2,29,183,0.32900862386820029
2,29,184,0.32840947144923732
2,29,185,0.32778338197727969
2,29,186,0.32713058324368122
2,29,187,0.32645131055770626
2,29,188,0.32574580671308107
2,29,189,0.32501432195280267
2,29,190,0.32425711393221829
2,29,191,0.32347444768039013
2,29,192,0.32266659555975408
2,29,193,0.32183383722408548
2,29,194,0.32097645957477972
2,29,195,0.32009475671545745
2,29,196,0.31918902990490094
2,29,197,0.31825958750832789
2,29,198,0.31730674494700534
2,29,199,0.31633082464620882
2,29,200,0.3153321559815252
2,29,201,0.31431107522349905
2,29,202,0.31326792548061899
2,29,203,0.3122030566406378
2,29,204,0.31111682531021889
2,29,205,0.31000959475289752
2,29,206,0.30888173482534398
2,29,207,0.30773362191191062
2,29,208,0.30656563885744414
2,29,209,0.30537817489833891
2,29,210,0.30417162559180405
2,29,211,0.3029463927433142
2,29,212,0.30170288433220738
2,29,213,0.30044151443539135
2,29,214,0.29916270314911431
2,29,215,0.29786687650875049
2,29,216,0.29655446640654609
2,29,217,0.2952259105072671
2,29,218,0.29388165216168205
2,29,219,0.2925221403178096
2,29,220,0.29114782942985329
2,29,221,0.28975917936473861
2,29,222,0.28835665530616156
2,29,223,0.2869407276560515
2,29,224,0.28551187193334193
2,29,225,0.28407056866993613
2,29,226,0.28261730330374618
2,29,227,0.281152566068677
2,29,228,0.27967685188141578
2,29,229,0.27819066022488165
2,29,230,0.27669449502817817
2,29,231,0.27518886454288521
2,29,232,0.27367428121551418
2,29,233,0.27215126155594366
2,29,234,0.27062032600164082
2,29,235,0.26908199877746536
2,29,236,0.26753680775084149
2,29,237,0.2659852842820758
2,29,238,0.26442796306958516
2,29,239,0.26286538198979431
2,29,240,0.26129808193144699
2,29,241,0.2597266066240701
2,29,242,0.25815150246031987
2,29,243,0.25657331831192709
2,29,244,0.25499260533895673
2,29,245,0.25340991679208275
2,29,246,0.25182580780757807
2,29,247,0.25024083519470947
2,29,248,0.24865555721522467
2,29,249,0.24707053335461476
2,29,250,0.24548632408483168
2,29,251,0.24390349061814126
2,29,252,0.2423225946517919
2,29,253,0.2407441981031824
2,29,254,0.23916886283521591
2,29,255,0.23759715037153728
2,29,256,0.23602962160135552
2,29,257,0.23446683647357144
2,29,258,0.23290935367994028
2,29,259,0.23135773032702184
2,29,260,0.22981252159668972
2,29,261,0.22827428039499872
2,29,262,0.2267435569892372
2,29,263,0.22522089863302677
2,29,264,0.22370684917936712
2,29,265,0.22220194868156798
2,29,266,0.22070673298205667
2,29,267,0.21922173328910058
2,29,268,0.2177474757415416
2,29,269,0.21628448096170089
2,29,270,0.2148332635966787
2,29,271,0.2133943318483458
2,29,272,0.21196818699239997
2,29,273,0.21055532288694176
2,29,274,0.20915622547111065
2,29,275,0.20777137225441258
2,29,276,0.2064012317974642
2,29,277,0.20504626318497868
2,29,278,0.20370691549191672
2,29,279,0.20238362724383346
2,29,280,0.2010768258725556
2,29,281,0.19978692716842966
2,29,282,0.19851433473049265
2,29,283,0.19725943941601898
2,29,284,0.19602261879100596
2,29,285,0.19480423658326024
2,29,286,0.19360464213984768
2,29,287,0.19242416989076078
2,29,288,0.1912631388207463
2,29,289,0.19012185195131381
2,29,290,0.18900059583501699
2,29,291,0.18789964006415902
2,29,292,0.186819236796122
2,29,293,0.18575962029755477
2,29,294,0.18472100650967746
2,29,295,0.18370359263696412
2,29,296,0.18270755676145731
2,29,297,0.18173305748494015
2,29,298,0.1807802336011482
2,29,299,0.17984920380013777
2,29,300,0.17894006640685017
2,29,301,0.17805289915580599
2,29,302,0.17718775900374995
2,29,303,0.17634468198192532
2,29,304,0.17552368308950592
2,29,305,0.17472475622954031
2,29,306,0.17394787418857663
2,29,307,0.17319298866093571
2,29,308,0.17246003031838483
2,29,309,0.17174890892574243
2,29,310,0.17105951350270679
2,29,311,0.17039171253196439
2,29,312,0.16974535421338746
2,29,313,0.16912026676388223
2,29,314,0.16851625876220502
2,29,315,0.16793311953781645
2,29,316,0.16737061960260846
2,29,317,0.16682851112410482
2,29,318,0.16630652843851751
2,29,319,0.16580438860183028
2,29,320,0.16532179197688762
2,29,321,0.16485842285428795
2,29,322,0.16441395010471871
2,29,323,0.16398802786023012
2,29,324,0.16358029622182119
2,29,325,0.1631903819906115
2,29,326,0.16281789941979263
2,29,327,0.16246245098449633
2,29,328,0.16212362816667844
2,29,329,0.16180101225210758
2,29,330,0.1614941751365489
2,29,331,0.16120268013826619
2,29,332,0.16092608281400608
2,29,333,0.16066393177569849
2,29,334,0.1604157695051831
2,29,335,0.16018113316437277
2,29,336,0.15995955539837212
2,29,337,0.15975056512919428
2,29,338,0.15955368833784894
2,29,339,0.15936844883272011
2,29,340,0.15919436900229636
2,29,341,0.15903097055047311
2,29,342,0.15887777521280305
2,29,343,0.15873430545222925
2,29,344,0.15860008513299675
2,29,345,0.15847464017159654
2,29,346,0.15835749916375394
2,29,347,0.15824819398662474
2,29,348,0.15814626037551541
2,29,349,0.15805123847458341
2,29,350,0.15796267336111566
2,29,351,0.15788011554311079
2,29,352,0.15780312143001901
2,29,353,0.15773125377660493
2,29,354,0.15766408210001176
2,29,355,0.15760118307020249
2,29,356,0.15754214087404678
2,29,357,0.15748654755340635
2,29,358,0.15743400331764598
2,29,359,0.15738411683106684
2,29,360,0.15733650547581612
2,29,361,0.15729079559088041
2,29,362,0.15724662268781475
2,29,363,0.15720363164389786
2,29,364,0.15716147687343288
2,29,365,0.15711982247794126
2,29,366,0.15707834237601337
2,29,367,0.1570367204135972
2,29,368,0.15699465045550987
2,29,369,0.15695183645896779
2,29,370,0.15690799252992563
2,29,371,0.15686284296301306
2,29,372,0.1568161222658537
2,29,373,0.15676757516853532
2,29,374,0.15671695661899379
2,29,375,0.15666403176505356
2,29,376,0.15660857592385569
2,29,377,0.15655037453937995
2,29,378,0.15648922312875424
2,29,379,0.15642492721801882
2,29,380,0.15635730226799355
2,29,381,0.15628617359087313
2,29,382,0.15621137625815262
2,29,383,0.15613275500046192
2,29,384,0.15605016409986586
2,29,385,0.1559634672751613
2,29,386,0.15587253756068115
2,29,387,0.15577725717909252
2,29,388,0.15567751740865141
2,29,389,0.15557321844535746
2,29,390,0.155464269260428
2,29,391,0.15535058745349214
2,29,392,0.15523209910188271
2,29,393,0.15510873860638691
2,29,394,0.15498044853379486
2,29,395,0.15484717945656987
2,29,396,0.15470888978994368
2,29,397,0.15456554562672672
2,29,398,0.15441712057010346
2,29,399,0.15426359556467117
2,29,400,0.15410495872596511
2,29,401,0.15394120516869644
2,29,402,0.15377233683392133
2,29,403,0.15359836231534355
2,29,404,0.15341929668494192
2,29,405,0.15323516131810497
2,29,406,0.15304598371844233
2,29,407,0.15285179734243523
2,29,408,0.1526526414240767
2,29,409,0.15244856079964741
2,29,410,0.15223960573276088
2,29,411,0.15202583173980824
2,29,412,0.15180729941592425
2,29,413,0.15158407426158935
2,29,414,0.15135622650997849
2,29,415,0.15112383095516005
2,29,416,0.15088696678124597
2,29,417,0.15064571739258556
2,29,418,0.15040017024509597
2,29,419,0.15015041667881349
2,29,420,0.14989655175175173
2,29,421,0.1496386740751435
2,29,422,0.14937688565014556
2,29,423,0.14911129170607887
2,29,424,0.14884200054027644
2,29,425,0.14856912335960831
2,29,426,0.14829277412374975
2,29,427,0.14801306939025813
2,29,428,0.14773012816152276
2,29,429,0.14744407173364743
2,29,430,0.14715502354732679
2,29,431,0.14686310904077443
2,29,432,0.14656845550476075
2,29,433,0.14627119193981419
2,29,434,0.14597144891564234
2,29,435,0.14566935843282486
2,29,436,0.14536505378682962
2,29,437,0.14505866943440371
2,29,438,0.14475034086238747
2,29,439,0.14444020445899985
2,29,440,0.14412839738764127
2,29,441,0.14381505746326043
2,29,442,0.14350032303132626
2,29,443,0.14318433284944948
2,29,444,0.14286722597169324
2,29,445,0.14254914163561191
2,29,446,0.14223021915205436
2,29,447,0.14191059779776791
2,29,448,0.14159041671083547
2,29,449,0.14126981478897699
2,29,450,0.14094893059074359
2,29,451,0.1406279022396312
2,29,452,0.14030686733113754
2,29,453,0.139985962842783
2,29,454,0.13966532504711474
2,29,455,0.13934508942770896
2,29,456,0.13902539059818378
2,29,457,0.1387063622242323
2,29,458,0.13838813694868185
2,29,459,0.13807084631958155
2,29,460,0.13775462072131789
2,29,461,0.13743958930875302
2,29,462,0.13712587994437722
2,29,463,0.13681361913846388
2,29,464,0.13650293199221022
2,29,465,0.13619394214384248
2,29,466,0.13588677171766278
2,29,467,0.13558154127600683
2,29,468,0.13527836977408067
2,29,469,0.13497737451763836
2,29,470,0.13467867112345891
2,29,471,0.13438237348257595
2,29,472,0.13408859372621032
2,29,473,0.13379744219434891
2,29,474,0.13350902740691281
2,29,475,0.13322345603744831
2,29,476,0.13294083288927538
2,29,477,0.13266126087402005
2,29,478,0.13238484099245496
2,29,479,0.13211167231756804
2,29,480,0.13184185197977624
2,29,481,0.1315754751541951
2,29,482,0.13131263504987478
2,29,483,0.13105342290090777
2,29,484,0.13079792795931061
2,29,485,0.13054623748957994
2,29,486,0.13029843676481953
2,29,487,0.130054609064334
2,29,488,0.12981483567258062
2,29,489,0.12957919587937186
2,29,490,0.12934776698121636
2,29,491,0.12912062428368848
2,29,492,0.12889784110471192
2,29,493,0.12867948877864677
2,29,494,0.12846563666106378
2,29,495,0.12825635213409595
2,29,496,0.12805170061225282
2,29,497,0.12785174554858725
2,29,498,0.12765654844110311
2,29,499,0.12746616883929734
2,29,500,0.12728066435072835
2,29,501,0.12710009064750702
2,29,502,0.12692450147261003
2,29,503,0.1267539486459163
2,29,504,0.1265884820698728
2,29,505,0.12642814973469887
2,29,506,0.12627299772304276
2,29,507,0.12612307021400859
2,29,508,0.12597840948647657
2,29,509,0.12583905592164515
2,29,510,0.1257050480047284
2,29,511,0.1255764223257485
2,29,512,0.12545321357936831
2,29,513,0.12533545456371598
2,29,514,0.12522317617815973
2,29,515,0.12511640741999702
2,29,516,0.12501517538003024
2,29,517,0.12491950523700635
2,29,518,NaN
2,29,519,NaN
2,29,520,NaN
2,29,521,NaN
2,29,522,NaN
2,29,523,NaN
2,29,524,NaN
2,29,525,NaN
2,29,526,NaN
2,29,527,NaN
2,29,528,NaN
2,29,529,NaN
2,29,530,NaN
2,29,531,NaN
2,29,532,NaN
2,29,533,NaN
2,29,534,NaN
2,29,535,NaN
2,29,536,NaN
2,29,537,NaN
2,29,538,NaN
2,29,539,NaN
2,29,540,NaN
2,29,541,NaN
2,29,542,NaN
2,29,543,NaN
2,29,544,NaN
2,29,545,NaN
2,29,546,NaN
2,29,547,NaN
2,29,548,NaN
2,29,549,NaN
2,29,550,NaN
2,29,551,NaN
2,29,552,NaN
2,29,553,NaN
2,29,554,NaN
2,29,555,NaN
2,29,556,NaN
2,29,557,NaN
2,29,558,NaN
2,29,559,NaN
2,29,560,NaN
2,29,561,NaN
2,29,562,NaN
2,29,563,NaN
2,29,564,NaN
2,29,565,NaN
2,29,566,NaN
2,29,567,NaN
2,29,568,NaN
2,29,569,NaN
2,29,570,NaN
2,29,571,NaN
2,29,572,NaN
2,29,573,NaN
2,29,574,NaN
2,29,575,NaN
2,29,576,NaN
2,29,577,NaN
2,29,578,NaN
2,29,579,NaN
2,29,580,NaN
2,29,581,NaN
2,29,582,NaN
2,29,583,NaN
2,29,584,NaN
2,29,585,NaN
2,29,586,NaN
2,29,587,NaN
2,29,588,NaN
2,29,589,NaN
2,29,590,NaN
2,29,591,NaN
2,29,592,NaN
2,29,593,NaN
2,29,594,NaN
2,29,595,NaN
2,29,596,NaN
2,29,597,NaN
2,29,598,NaN
2,29,599,NaN
2,2,0,0.093819844328732693
2,2,1,0.096299580208941402
2,2,2,0.098798300344177747
2,2,3,0.10131554771854051
2,2,4,0.10385086375091383
2,2,5,0.10640378836140259
2,2,6,0.10897386003830507
2,2,7,0.11156061590552313
2,2,8,0.11416359179032369
2,2,9,0.1167823222913764
2,2,10,0.11941642632470269
2,2,11,0.12206597258495477
2,2,12,0.12473050611078872
2,2,13,0.12740957098238928
2,2,14,0.13010271037565654
2,2,15,0.13280946661689566
2,2,16,0.13552938123794156
2,2,17,0.13826199503166439
2,2,18,0.14100684810780686
2,2,19,0.14376347994911409
2,2,20,0.14653142946772377
2,2,21,0.14931023506178931
2,2,22,0.15209943467231693
2,2,23,0.15489856584019937
2,2,24,0.1577071657634371
2,2,25,0.16052477135453919
2,2,26,0.16335091929810153
2,2,27,0.16618514610856239
2,2,28,0.16902698818813822
2,2,29,0.17187598188494629
2,2,30,0.17473166355132175
2,2,31,0.17759356960233888
2,2,32,0.18046123657454874
2,2,33,0.18333420118494673
2,2,34,0.18621200039018374
2,2,35,0.18909417144603657
2,2,36,0.19198025196715562
2,2,37,0.19486977998710311
2,2,38,0.19776229401870354
2,2,39,0.20065733311472131
2,2,40,0.20355443692888475
2,2,41,0.20645314577727289
2,2,42,0.2093530007000852
2,2,43,0.21225354352381012
2,2,44,0.21515431692380918
2,2,45,0.21805486448733552
2,2,46,0.22095473077700076
2,2,47,0.22385346139470708
2,2,48,0.22675060304605862
2,2,49,0.22964570360526623
2,2,50,0.2325383121805587
2,2,51,0.23542797918011207
2,2,52,0.23831425637850831
2,2,53,0.24119669698373311
2,2,54,0.24407485570472071
2,2,55,0.24694828881945399
2,2,56,0.24981655424362539
2,2,57,0.25267921159986367
2,2,58,0.25553582228752864
2,2,59,0.25838594955307798
2,2,60,0.26122915856100432
2,2,61,0.26406501646534297
2,2,62,0.26689309248174664
2,2,63,0.26971295796012423
2,2,64,0.27252418645783694
2,2,65,0.27532635381344489
2,2,66,0.27811903822099515
2,2,67,0.28090182030484123
2,2,68,0.28367428319498106
2,2,69,0.28643601260290086
2,2,70,0.28918659689790799
2,2,71,0.29192562718393744
2,2,72,0.29465269737681277
2,2,73,0.29736740428194075
2,2,74,0.30006934767241877
2,2,75,0.30275813036753085
2,2,76,0.30543335831160867
2,2,77,0.3080946406532285
2,2,78,0.31074158982472028
2,2,79,0.31337382162195393
2,2,80,0.31599095528437687
2,2,81,0.31859261357526719
2,2,82,0.32117842286216958
2,2,83,0.3237480131974787
2,2,84,0.32630101839913384
2,2,85,0.32883707613138558
2,2,86,0.33135582798559726
2,2,87,0.33385691956103863
2,2,88,0.33634000054563085
2,2,89,0.3388047247966019
2,2,90,0.34125075042100483
2,2,91,0.34367773985605643
2,2,92,0.3460853599492511
2,2,93,0.34847328203819961
2,2,94,0.35084118203014814
2,2,95,0.35318874048112758
2,2,96,0.35551564267468394
2,2,97,0.35782157870013886
2,2,98,0.36010624353033049
2,2,99,0.3623693370987825
2,2,100,0.36461056437624917
2,2,101,0.36682963544658403
2,2,102,0.36902626558187934
2,2,103,0.37120017531682226
2,2,104,0.37335109052221427
2,2,105,0.37547874247760038
2,2,106,0.37758286794295259
2,2,107,0.37966320922935504
2,2,108,0.38171951426863371
2,2,109,0.38375153668187939
2,2,110,0.38575903584680693
2,2,111,0.38774177696389756
2,2,112,0.38969953112126976
2,2,113,0.39163207535822492
2,2,114,0.39353919272741428
2,2,115,0.39542067235557316
2,2,116,0.39727630950276943
2,2,117,0.39910590562011633
2,2,118,0.40090926840589181
2,2,119,0.40268621186002163
2,2,120,0.40443655633686565
2,2,121,0.40616012859626721
2,2,122,0.40785676185280645
2,2,123,0.40952629582321765
2,2,124,0.41116857677191743
2,2,125,0.41278345755459944
2,2,126,0.41437079765984819
2,2,127,0.41593046324872907
2,2,128,0.41746232719230941
2,2,129,0.41896626910706875
2,2,130,0.42044217538815448
2,2,131,0.4218899392404466
2,2,132,0.42330946070738901
2,2,133,0.4247006466975507
2,2,134,0.42606341100887979
2,2,135,0.42739767435061582
2,2,136,0.42870336436282624
2,2,137,0.42998041563353456
2,2,138,0.43122876971340784
2,2,139,0.43244837512797712
2,2,140,0.43363918738735913
2,2,141,0.43480116899345589
2,2,142,0.43593428944460394
2,2,143,0.43703852523765357
2,2,144,0.43811385986745338
2,2,145,0.43916028382372113
2,2,146,0.44017779458528261
2,2,147,0.44116639661166107
2,2,148,0.44212610133200253
2,2,149,0.443056927131324
2,2,150,0.44395889933407112
2,2,151,0.44483205018497812
2,2,152,0.44567641882721842
2,2,153,0.44649205127784314
2,2,154,0.44727900040049895
2,2,155,0.448037325875426
2,2,156,0.44876709416673172
2,2,157,0.44946837848694338
2,2,158,0.45014125875884053
2,2,159,0.45078582157457137
2,2,160,0.45140216015206103
2,2,161,0.45199037428871619
2,2,162,0.45255057031243956
2,2,163,0.45308286102996259
2,2,164,0.45358736567250996
2,2,165,0.45406420983881401
2,2,166,0.45451352543549067
2,2,167,0.45493545061480017
2,2,168,0.45533012970981002
2,2,169,0.45569771316698304
2,2,170,0.45603835747621663
2,2,171,0.4563522250983536
2,2,172,0.45663948439019825
2,2,173,0.45690030952706229
2,2,174,0.45713488042287326
2,2,175,0.45734338264787833
2,2,176,0.45752600734397691
2,2,177,0.45768295113771823
2,2,178,0.4578144160510032
2,2,179,0.45792060940952622
2,2,180,0.45800174374900388
2,2,181,0.45805803671922618
2,2,182,0.45808971098598067
2,2,183,0.45809699413089261
2,2,184,0.45808011854922975
2,2,185,0.45803932134571818
2,2,186,0.45797484422842621
2,2,187,0.45788693340076198
2,2,188,0.45777583945164207
2,2,189,0.45764181724388753
2,2,190,0.45748512580090139
2,2,191,0.45730602819168864
2,2,192,0.45710479141427712
2,2,193,0.45688168627760245
2,2,194,0.45663698728191771
2,2,195,0.45637097249779446
2,2,196,0.45608392344377885
2,2,197,0.45577612496277253
2,2,198,0.45544786509720314
2,2,199,0.45509943496305821
2,2,200,0.4547311286228512
2,2,201,0.45434324295759237
2,2,202,0.45393607753783943
2,2,203,0.45350993449390153
2,2,204,0.45306511838527352
2,2,205,0.4526019360693776
2,2,206,0.45212069656969134
2,2,207,0.45162171094334008
2,2,208,0.45110529214823736
2,2,209,0.45057175490985163
2,2,210,0.45002141558768399
2,2,211,0.44945459204154048
2,2,212,0.44887160349768357
2,2,213,0.44827277041494651
2,2,214,0.4476584143508992
2,2,215,0.44702885782815233
2,2,216,0.44638442420088359
2,2,217,0.44572543752168159
2,2,218,0.44505222240878917
2,2,219,0.44436510391383921
2,2,220,0.44366440739017399
2,2,221,0.44295045836183505
2,2,222,0.44222358239331699
2,2,223,0.44148410496017487
2,2,224,0.44073235132057714
2,2,225,0.43996864638789401
2,2,226,0.43919331460441452
2,2,227,0.43840667981628206
2,2,228,0.43760906514973907
2,2,229,0.43680079288877321
2,2,230,0.43598218435425451
2,2,231,0.4351535597846532
2,2,232,0.43431523821842827
2,2,233,0.43346753737817567
2,2,234,0.4326107735566237
2,2,235,0.43174526150456294
2,2,236,0.43087131432079795
2,2,237,0.4299892433442028
2,2,238,0.42909935804796917
2,2,239,0.42820196593612447
2,2,240,0.4272973724424054
2,2,241,0.42638588083156287
2,2,242,0.42546779210317831
2,2,243,0.42454340489806691
2,2,244,NaN
2,2,245,NaN
2,2,246,NaN
2,2,247,NaN
2,2,248,NaN
2,2,249,NaN
2,2,250,NaN
2,2,251,NaN
2,2,252,NaN
2,2,253,NaN
2,2,254,NaN
2,2,255,NaN
2,2,256,NaN
2,2,257,NaN
2,2,258,NaN
2,2,259,NaN
2,2,260,NaN
2,2,261,NaN
2,2,262,NaN
2,2,263,NaN
2,2,264,NaN
2,2,265,NaN
2,2,266,NaN
2,2,267,NaN
2,2,268,NaN
2,2,269,NaN
2,2,270,NaN
2,2,271,NaN
2,2,272,NaN
2,2,273,NaN
2,2,274,NaN
2,2,275,NaN
2,2,276,NaN
2,2,277,NaN
2,2,278,NaN
2,2,279,NaN
2,2,280,NaN
2,2,281,NaN
2,2,282,NaN
2,2,283,NaN
2,2,284,NaN
2,2,285,NaN
2,2,286,NaN
2,2,287,NaN
2,2,288,NaN
2,2,289,NaN
2,2,290,NaN
2,2,291,NaN
2,2,292,NaN
2,2,293,NaN
2,2,294,NaN
2,2,295,NaN
2,2,296,NaN
2,2,297,NaN
2,2,298,NaN
2,2,299,NaN
2,2,300,NaN
2,2,301,NaN
2,2,302,NaN
2,2,303,NaN
2,2,304,NaN
2,2,305,NaN
2,2,306,NaN
2,2,307,NaN
2,2,308,NaN
2,2,309,NaN
2,2,310,NaN
2,2,311,NaN
2,2,312,NaN
2,2,313,NaN
2,2,314,NaN
2,2,315,NaN
2,2,316,NaN
2,2,317,NaN
2,2,318,NaN
2,2,319,NaN
2,2,320,NaN
2,2,321,NaN
2,2,322,NaN
2,2,323,NaN
2,2,324,NaN
2,2,325,NaN
2,2,326,NaN
2,2,327,NaN
2,2,328,NaN
2,2,329,NaN
2,2,330,NaN
2,2,331,NaN
2,2,332,NaN
2,2,333,NaN
2,2,334,NaN
2,2,335,NaN
2,2,336,NaN
2,2,337,NaN
2,2,338,NaN
2,2,339,NaN
2,2,340,NaN
2,2,341,NaN
2,2,342,NaN
2,2,343,NaN
2,2,344,NaN
2,2,345,NaN
2,2,346,NaN
2,2,347,NaN
2,2,348,NaN
2,2,349,NaN
2,2,350,NaN
2,2,351,NaN
2,2,352,NaN
2,2,353,NaN
2,2,354,NaN
2,2,355,NaN
2,2,356,NaN
2,2,357,NaN
2,2,358,NaN
2,2,359,NaN
2,2,360,NaN
2,2,361,NaN
2,2,362,NaN
2,2,363,NaN
2,2,364,NaN
2,2,365,NaN
2,2,366,NaN
2,2,367,NaN
2,2,368,NaN
2,2,369,NaN
2,2,370,NaN
2,2,371,NaN
2,2,372,NaN
2,2,373,NaN
2,2,374,NaN
2,2,375,NaN
2,2,376,NaN
2,2,377,NaN
2,2,378,NaN
2,2,379,NaN
2,2,380,NaN
2,2,381,NaN
2,2,382,NaN
2,2,383,NaN
2,2,384,NaN
2,2,385,NaN
2,2,386,NaN
2,2,387,NaN
2,2,388,NaN
2,2,389,NaN
2,2,390,NaN
2,2,391,NaN
2,2,392,NaN
2,2,393,NaN
2,2,394,NaN
2,2,395,NaN
2,2,396,NaN
2,2,397,NaN
2,2,398,NaN
2,2,399,NaN
2,2,400,NaN
2,2,401,NaN
2,2,402,NaN
2,2,403,NaN
2,2,404,NaN
2,2,405,NaN
2,2,406,NaN
2,2,407,NaN
2,2,408,NaN
2,2,409,NaN
2,2,410,NaN
2,2,411,NaN
2,2,412,NaN
2,2,413,NaN
2,2,414,NaN
2,2,415,NaN
2,2,416,NaN
2,2,417,NaN
2,2,418,NaN
2,2,419,NaN
2,2,420,NaN
2,2,421,NaN
2,2,422,NaN
2,2,423,NaN
2,2,424,NaN
2,2,425,NaN
2,2,426,NaN
2,2,427,NaN
2,2,428,NaN
2,2,429,NaN
2,2,430,NaN
2,2,431,NaN
2,2,432,NaN
2,2,433,NaN
2,2,434,NaN
2,2,435,NaN
2,2,436,NaN
2,2,437,NaN
2,2,438,NaN
2,2,439,NaN
2,2,440,NaN
2,2,441,NaN
2,2,442,NaN
2,2,443,NaN
2,2,444,NaN
2,2,445,NaN
2,2,446,NaN
2,2,447,NaN
2,2,448,NaN
2,2,449,NaN
2,2,450,NaN
2,2,451,NaN
2,2,452,NaN
2,2,453,NaN
2,2,454,NaN
2,2,455,NaN
2,2,456,NaN
2,2,457,NaN
2,2,458,NaN
2,2,459,NaN
2,2,460,NaN
2,2,461,NaN
2,2,462,NaN
2,2,463,NaN
2,2,464,NaN
2,2,465,NaN
2,2,466,NaN
2,2,467,NaN
2,2,468,NaN
2,2,469,NaN
2,2,470,NaN
2,2,471,NaN
2,2,472,NaN
2,2,473,NaN
2,2,474,NaN
2,2,475,NaN
2,2,476,NaN
2,2,477,NaN
2,2,478,NaN
2,2,479,NaN
2,2,480,NaN
2,2,481,NaN
2,2,482,NaN
2,2,483,NaN
2,2,484,NaN
2,2,485,NaN
2,2,486,NaN
2,2,487,NaN
2,2,488,NaN
2,2,489,NaN
2,2,490,NaN
2,2,491,NaN
2,2,492,NaN
2,2,493,NaN
2,2,494,NaN
2,2,495,NaN
2,2,496,NaN
2,2,497,NaN
2,2,498,NaN
2,2,499,NaN
2,2,500,NaN
2,2,501,NaN
2,2,502,NaN
2,2,503,NaN
2,2,504,NaN
2,2,505,NaN
2,2,506,NaN
2,2,507,NaN
2,2,508,NaN
2,2,509,NaN
2,2,510,NaN
2,2,511,NaN
2,2,512,NaN
2,2,513,NaN
2,2,514,NaN
2,2,515,NaN
2,2,516,NaN
2,2,517,NaN
2,2,518,NaN
2,2,519,NaN
2,2,520,NaN
2,2,521,NaN
2,2,522,NaN
2,2,523,NaN
2,2,524,NaN
2,2,525,NaN
2,2,526,NaN
2,2,527,NaN
2,2,528,NaN
2,2,529,NaN
2,2,530,NaN
2,2,531,NaN
2,2,532,NaN
2,2,533,NaN
2,2,534,NaN
2,2,535,NaN
2,2,536,NaN
2,2,537,NaN
2,2,538,NaN
2,2,539,NaN
2,2,540,NaN
2,2,541,NaN
2,2,542,NaN
2,2,543,NaN
2,2,544,NaN
2,2,545,NaN
2,2,546,NaN
2,2,547,NaN
2,2,548,NaN
2,2,549,NaN
2,2,550,NaN
2,2,551,NaN
2,2,552,NaN
2,2,553,NaN
2,2,554,NaN
2,2,555,NaN
2,2,556,NaN
2,2,557,NaN
2,2,558,NaN
2,2,559,NaN
2,2,560,NaN
2,2,561,NaN
2,2,562,NaN
2,2,563,NaN
2,2,564,NaN
2,2,565,NaN
2,2,566,NaN
2,2,567,NaN
2,2,568,NaN
2,2,569,NaN
2,2,570,NaN
2,2,571,NaN
2,2,572,NaN
2,2,573,NaN
2,2,574,NaN
2,2,575,NaN
2,2,576,NaN
2,2,577,NaN
2,2,578,NaN
2,2,579,NaN
2,2,580,NaN
2,2,581,NaN
2,2,582,NaN
2,2,583,NaN
2,2,584,NaN
2,2,585,NaN
2,2,586,NaN
2,2,587,NaN
2,2,588,NaN
2,2,589,NaN
2,2,590,NaN
2,2,591,NaN
2,2,592,NaN
2,2,593,NaN
2,2,594,NaN
2,2,595,NaN
2,2,596,NaN
2,2,597,NaN
2,2,598,NaN
2,2,599,NaN
2,56,0,0.067320529688095376
2,56,1,0.06930856670737405
2,56,2,0.071314154152282816
2,56,3,0.073336917057147427
2,56,4,0.075376478167370212
2,56,5,0.077432457969499435
2,56,6,0.079504474720869855
2,56,7,0.081592144478820045
2,56,8,0.083695081129501511
2,56,9,0.085812896416301909
2,56,10,0.087945199967912294
2,56,11,0.090091599326074287
2,56,12,0.09225169997304912
2,56,13,0.094425105358855024
2,56,14,0.096611416928324964
2,56,15,0.098810234148038661
2,56,16,0.10102115453318898
2,56,17,0.10324377367444294
2,56,18,0.10547768526486229
2,56,19,0.10772248112694965
2,56,20,0.1099777512398883
2,56,21,0.11224308376704463
2,56,22,0.1145180650838044
2,56,23,0.11680227980581395
2,56,24,0.11909531081769813
2,56,25,0.12139673930232692
2,56,26,0.12370614477070321
2,56,27,0.12602310509254372
2,56,28,0.12834719652762377
2,56,29,0.13067799375795783
2,56,30,0.13301506992088466
2,56,31,0.13535799664312684
2,56,32,0.1377063440758918
2,56,33,0.14005968093108112
2,56,34,0.14241757451867237
2,56,35,0.14477959078533706
2,56,36,0.14714529435435608
2,56,37,0.14951424856689105
2,56,38,0.15188601552467021
2,56,39,0.15426015613414268
2,56,40,0.15663623015215469
2,56,41,0.1590137962331977
2,56,42,0.1613924119782767
2,56,43,0.1637716339854432
2,56,44,0.16615101790203674
2,56,45,0.16853011847867358
2,56,46,0.17090848962502064
2,56,47,0.17328568446738807
2,56,48,0.17566125540817243
2,56,49,0.17803475418717862
2,56,50,0.18040573194484499
2,56,51,0.18277373928739554
2,56,52,0.18513832635393676
2,56,53,0.1874990428855158
2,56,54,0.18985543829615287
2,56,55,0.19220706174585733
2,56,56,0.1945534622156346
2,56,57,0.1968941885844861
2,56,58,0.1992287897084038
2,56,59,0.20155681450135496
2,56,60,0.20387781201825303
2,56,61,0.20619133153990246
2,56,62,0.20849692265990818
2,56,63,0.21079413537353212
2,56,64,0.21308252016847895
2,56,65,0.21536162811758977
2,56,66,0.21763101097341922
2,56,67,0.21989022126466715
2,56,68,0.22213881239443695
2,56,69,0.22437633874028567
2,56,70,0.22660235575602911
2,56,71,0.22881642007526626
2,56,72,0.23101808961657835
2,56,73,0.23320692369036045
2,56,74,0.23538248310723925
2,56,75,0.23754433028802638
2,56,76,0.23969202937515866
2,56,77,0.24182514634556915
2,56,78,0.24394324912493423
2,56,79,0.24604590770324006
2,56,80,0.24813269425160606
2,56,81,0.2502031832403051
2,56,82,0.25225695155791689
2,56,83,0.25429357863154778
2,56,84,0.25631264654805119
2,56,85,0.25831374017617903
2,56,86,0.26029644728959433
2,56,87,0.2622603586906736
2,56,88,0.26420506833502511
2,56,89,0.26613017345665146
2,56,90,0.26803527469367822
2,56,91,0.26991997621457531
2,56,92,0.27178388584479268
2,56,93,0.27362661519373283
2,56,94,0.27544777978198282
2,56,95,0.27724699916872553
2,56,96,0.2790238970792519
2,56,97,0.28077810153249338
2,56,98,0.28250924496849666
2,56,99,0.28421696437575744
2,56,100,0.28590090141833624
2,56,101,0.28756070256267419
2,56,102,0.28919601920402987
2,56,103,0.29080650779245587
2,56,104,0.29239182995823787
2,56,105,0.29395165263671569
2,56,106,0.29548564819240841
2,56,107,0.29699349454236496
2,56,108,0.29847487527866395
2,56,109,0.29992947978998602
2,56,110,0.30135700338218174
2,56,111,0.30275714739776327
2,56,112,0.3041296193342431
2,56,113,0.30547413296124892
2,56,114,0.30679040843634292
2,56,115,0.30807817241947538
2,56,116,0.30933715818600344
2,56,117,0.31056710573820734
2,56,118,0.31176776191523875
2,56,119,0.31293888050143587
2,56,120,0.31408022233294186
2,56,121,0.31519155540256705
2,56,122,0.31627265496283236
2,56,123,0.31732330362713751
2,56,124,0.31834329146899781
2,56,125,0.31933241611929353
2,56,126,0.32029048286148004
2,56,127,0.32121730472470827
2,56,128,0.3221127025748044
2,56,129,0.32297650520306426
2,56,130,0.32380854941281539
2,56,131,0.32460868010370425
2,56,132,0.32537675035366764
2,56,133,0.32611262149854803
2,56,134,0.32681616320931717
2,56,135,0.32748725356687208
2,56,136,0.32812577913437002
2,56,137,0.32873163502707209
2,56,138,0.32930472497966634
2,56,139,0.32984496141104319
2,56,140,0.33035226548649854
2,56,141,0.33082656717734271
2,56,142,0.33126780531789185
2,56,143,0.33167592765982701
2,56,144,0.33205089092390028
2,56,145,0.33239266084897617
2,56,146,0.33270121223839383
2,56,147,0.33297652900364055
2,56,148,0.33321860420532634
2,56,149,0.33342744009145386
2,56,150,0.33360304813297825
2,56,151,0.33374544905665321
2,56,152,0.3338546728751618
2,56,153,0.33393075891453333
2,56,154,0.33397375583884681
2,56,155,0.33398372167222529
2,56,156,0.33396072381812636
2,56,157,0.33390483907593493
2,56,158,0.33381615365486766
2,56,159,0.33369476318519709
2,56,160,0.33354077272680704
2,56,161,0.33335429677509304
2,56,162,0.33313545926421811
2,56,163,0.33288439356774158
2,56,164,0.33260124249663386
2,56,165,0.33228615829469677
2,56,166,0.33193930263140387
2,56,167,0.33156084659218082
2,56,168,0.33115097066614435
2,56,169,0.33070986473131919
2,56,170,0.3302377280373533
2,56,171,0.32973476918575123
2,56,172,0.32920120610764642
2,56,173,0.32863726603913396
2,56,174,0.32804318549418338
2,56,175,0.32741921023515325
2,56,176,0.32676559524092619
2,56,177,0.32608260467268713
2,56,178,0.32537051183736088
2,56,179,0.32462959914873091
2,56,180,0.32386015808625374
2,56,181,0.3230624891515893
2,56,182,0.32223690182285936
2,56,183,0.32138371450665015
2,56,184,0.32050325448777117
2,56,185,0.31959585787678024
2,56,186,0.31866186955528347
2,56,187,0.31770164311901683
2,56,188,0.31671554081871223
2,56,189,0.31570393349874959
2,56,190,0.31466720053359221
2,56,191,0.31360572976200102
2,56,192,0.31251991741901702
2,56,193,0.31141016806570115
2,56,194,0.31027689451661195
2,56,195,0.3091205177650016
2,56,196,0.30794146690570362
2,56,197,0.30674017905567807
2,56,198,0.30551709927218129
2,56,199,0.30427268046851352
2,56,200,0.30300738332729649
2,56,201,0.30172167621122531
2,56,202,0.30041603507123055
2,56,203,0.29909094335198033
2,56,204,0.29774689189464382
2,56,205,0.29638437883682855
2,56,206,0.29500390950959671
2,56,207,0.29360599633145434
2,56,208,0.29219115869919798
2,56,209,0.29075992287549496
2,56,210,0.28931282187306029
2,56,211,0.28785039533528289
2,56,212,0.28637318941314271
2,56,213,0.28488175663824666
2,56,214,0.28337665579180144
2,56,215,0.28185845176932334
2,56,216,0.28032771544087809
2,56,217,0.27878502350662282
2,56,218,0.2772309583474139
2,56,219,0.27566610787022539
2,56,220,0.27409106534811073
2,56,221,0.27250642925442226
2,56,222,0.27091280309098981
2,56,223,0.26931079520994317
2,56,224,0.26770101862884643
2,56,225,0.2660840908387983
2,56,226,0.26446063360513439
2,56,227,0.26283127276035456
2,56,228,0.26119663798888176
2,56,229,0.25955736260324264
2,56,230,0.2579140833112511
2,56,231,0.25626743997375517
2,56,232,0.25461807535250436
2,56,233,0.25296663484767357
2,56,234,0.25131376622457996
2,56,235,0.24966011932911233
2,56,236,0.24800634579139327
2,56,237,0.24635309871718566
2,56,238,0.24470103236655666
2,56,239,0.2430508018193121
2,56,240,0.24140306262671984
2,56,241,0.23975847044904705
2,56,242,0.23811768067845099
2,56,243,0.23648134804677534
2,56,244,0.23485018770149282
2,56,245,0.23322487445407114
2,56,246,0.23160605135775456
2,56,247,0.22999435870805837
2,56,248,0.22839043356226565
2,56,249,0.22679490924242884
2,56,250,0.22520841482174933
2,56,251,0.2236315745942713
2,56,252,0.22206500752790367
2,56,253,0.22050932670086343
2,56,254,0.21896513872172432
2,56,255,0.21743304313335093
2,56,256,0.21591363180110473
2,56,257,0.21440748828581907
2,56,258,0.21291518720216321
2,56,259,0.21143729356314062
2,56,260,0.20997436211160353
2,56,261,0.20852693663980451
2,56,262,0.20709554929815507
2,56,263,0.2056807642350835
2,56,264,0.20428316281088146
2,56,265,0.20290325252152164
2,56,266,0.20154152671587533
2,56,267,0.20019846385871487
2,56,268,0.19887452679166118
2,56,269,0.19757016199434974
2,56,270,0.19628579884825045
2,56,271,0.19502184890573429
2,56,272,0.19377870516712789
2,56,273,0.19255674136863862
2,56,274,0.19135631128415734
2,56,275,0.19017774804405868
2,56,276,0.18902136347421544
2,56,277,0.18788744745851815
2,56,278,0.18677626732824618
2,56,279,0.18568806728166842
2,56,280,0.18462306783725788
2,56,281,0.18358146532388281
2,56,282,0.18256343141128856
2,56,283,0.18156911268410506
2,56,284,0.18059863026250694
2,56,285,0.17965207947251208
2,56,286,0.17872952956873367
2,56,287,0.17783102351220387
2,56,288,0.17695657780565108
2,56,289,0.17610618238836023
2,56,290,0.17527980059245771
2,56,291,0.17447736916215509
2,56,292,0.17369879833715568
2,56,293,0.17294397200108139
2,56,294,0.17221274789540983
2,56,295,0.17150495789904288
2,56,296,0.17082040837324122
2,56,297,0.17015888057127693
2,56,298,0.16952013111177128
2,56,299,0.16890389251430724
2,56,300,0.16830987379553405
2,56,301,0.16773776112363051
2,56,302,0.16718721852865007
2,56,303,0.16665788866595813
2,56,304,0.16614939362967754
2,56,305,0.16566133581279424
2,56,306,0.16519329881033967
2,56,307,0.16474484836186581
2,56,308,0.16431553332925725
2,56,309,0.16390488670579401
2,56,310,0.16351242665227789
2,56,311,0.16313765755597484
2,56,312,0.16278007110809645
2,56,313,0.16243914739555154
2,56,314,0.16211435600273905
2,56,315,0.16180515711922358
2,56,316,0.16151100264923735
2,56,317,0.16123133731907757
2,56,318,0.16096559977862399
2,56,319,0.16071322369337088
2,56,320,0.16047363882356408
2,56,321,0.16024627208724182
2,56,322,0.1600305486041968
2,56,323,0.1598258927181137
2,56,324,0.15963172899437036
2,56,325,0.15944748319123617
2,56,326,0.1592725832024483
2,56,327,0.15910645996938486
2,56,328,0.15894854836130193
2,56,329,0.15879828802233362
2,56,330,0.1586551241841842
2,56,331,0.15851850844366447
2,56,332,0.15838789950443283
2,56,333,0.15826276388250449
2,56,334,0.15814257657527847
2,56,335,0.15802682169400989
2,56,336,0.1579149930598156
2,56,337,0.15780659476345371
2,56,338,0.15770114168924951
2,56,339,0.1575981600036678
2,56,340,0.15749718760913467
2,56,341,0.15739777456381401
2,56,342,0.15729948346812325
2,56,343,0.15720188981884528
2,56,344,0.15710458233175403
2,56,345,0.15700716323371858
2,56,346,0.15690924852528901
2,56,347,0.15681046821479647
2,56,348,0.15671046652501885
2,56,349,0.15660890207347447
2,56,350,0.15650544802740998
2,56,351,0.15639979223454567
2,56,352,0.15629163733063126
2,56,353,0.15618070082485078
2,56,354,0.15606671516409426
2,56,355,0.15594942777709109
2,56,356,0.1558286010993695
2,56,357,0.15570401257997829
2,56,358,0.15557545467087014
2,56,359,0.15544273479981152
2,56,360,0.15530567532764517
2,56,361,0.1551641134906927
2,56,362,0.15501790132904211
2,56,363,0.15486690560142777
2,56,364,0.15471100768736457
2,56,365,0.15455010347715883
2,56,366,0.15438410325037716
2,56,367,0.15421293154331042
2,56,368,0.1540365270059329
2,56,369,0.15385484224881354
2,56,370,0.15366784368039932
2,56,371,0.15347551133504955
2,56,372,0.15327783869216718
2,56,373,0.15307483248673201
2,56,374,0.15286651251151043
2,56,375,0.15265291141117979
2,56,376,0.15243407446857629
2,56,377,0.15221005938324236
2,56,378,0.15198093604242327
2,56,379,0.15174678628463303
2,56,380,0.15150770365588709
2,56,381,0.15126379315867175
2,56,382,0.15101517099370373
2,56,383,0.15076196429450717
2,56,384,0.1505043108548226
2,56,385,0.15024235884884235
2,56,386,0.14997626654425522
2,56,387,0.14970620200806981
2,56,388,0.14943234280517653
2,56,389,0.14915487568960048
2,56,390,0.14887399628839118
2,56,391,0.14858990877809358
2,56,392,0.14830282555374177
2,56,393,0.14801296689032034
2,56,394,0.1477205605966416
2,56,395,0.14742584166159256
2,56,396,0.14712905189271758
2,56,397,0.14683043954711053
2,56,398,0.14653025895460942
2,56,399,0.14622877013329946
2,56,400,0.14592623839735455
2,56,401,0.14562293395726614
2,56,402,0.14531913151253806
2,56,403,0.14501510983695168
2,56,404,0.14471115135653706
2,56,405,0.14440754172042161
2,56,406,0.14410456936476188
2,56,407,0.1438025250700051
2,56,408,0.1435017015117668
2,56,409,0.1432023928056565
2,56,410,0.14290489404642745
2,56,411,0.14260950084187562
2,56,412,0.14231650884196134
2,56,413,0.14202621326367845
2,56,414,0.14173890841224848
2,56,415,0.14145488719926805
2,56,416,0.14117444065849283
2,56,417,0.14089785745999373
2,56,418,0.14062542342347273
2,56,419,0.14035742103158091
2,56,420,0.14009412894412721
2,56,421,0.13983582151411916
2,56,422,0.13958276830662203
2,56,423,0.13933523362146574
2,56,424,0.13909347602087058
2,56,425,0.13885774786309782
2,56,426,0.13862829484326547
2,56,427,0.13840535554249328
2,56,428,0.13818916098656706
2,56,429,0.13797993421532334
2,56,430,0.13777788986396999
2,56,431,0.13758323375755632
2,56,432,0.13739616251980613
2,56,433,0.13721686319751217
2,56,434,0.13704551290167338
2,56,435,0.13688227846652865
2,56,436,0.13672731612760536
2,56,437,0.13658077121985976
2,56,438,0.13644277789693321
2,56,439,0.13631345887249399
2,56,440,0.13619292518456513
2,56,441,0.13608127598366776
2,56,442,0.1359785983455313
2,56,443,0.135884967109034
2,56,444,0.13580044473994818
2,56,445,0.13572508122096777
2,56,446,NaN
2,56,447,NaN
2,56,448,NaN
2,56,449,NaN
2,56,450,NaN
2,56,451,NaN
2,56,452,NaN
2,56,453,NaN
2,56,454,NaN
2,56,455,NaN
2,56,456,NaN
2,56,457,NaN
2,56,458,NaN
2,56,459,NaN
2,56,460,NaN
2,56,461,NaN
2,56,462,NaN
2,56,463,NaN
2,56,464,NaN
2,56,465,NaN
2,56,466,NaN
2,56,467,NaN
2,56,468,NaN
2,56,469,NaN
2,56,470,NaN
2,56,471,NaN
2,56,472,NaN
2,56,473,NaN
2,56,474,NaN
2,56,475,NaN
2,56,476,NaN
2,56,477,NaN
2,56,478,NaN
2,56,479,NaN
2,56,480,NaN
2,56,481,NaN
2,56,482,NaN
2,56,483,NaN
2,56,484,NaN
2,56,485,NaN
2,56,486,NaN
2,56,487,NaN
2,56,488,NaN
2,56,489,NaN
2,56,490,NaN
2,56,491,NaN
2,56,492,NaN
2,56,493,NaN
2,56,494,NaN
2,56,495,NaN
2,56,496,NaN
2,56,497,NaN
2,56,498,NaN
2,56,499,NaN
2,56,500,NaN
2,56,501,NaN
2,56,502,NaN
2,56,503,NaN
2,56,504,NaN
2,56,505,NaN
2,56,506,NaN
2,56,507,NaN
2,56,508,NaN
2,56,509,NaN
2,56,510,NaN
2,56,511,NaN
2,56,512,NaN
2,56,513,NaN
2,56,514,NaN
2,56,515,NaN
2,56,516,NaN
2,56,517,NaN
2,56,518,NaN
2,56,519,NaN
2,56,520,NaN
2,56,521,NaN
2,56,522,NaN
2,56,523,NaN
2,56,524,NaN
2,56,525,NaN
2,56,526,NaN
2,56,527,NaN
2,56,528,NaN
2,56,529,NaN
2,56,530,NaN
2,56,531,NaN
2,56,532,NaN
2,56,533,NaN
2,56,534,NaN
2,56,535,NaN
2,56,536,NaN
2,56,537,NaN
2,56,538,NaN
2,56,539,NaN
2,56,540,NaN
2,56,541,NaN
2,56,542,NaN
2,56,543,NaN
2,56,544,NaN
2,56,545,NaN
2,56,546,NaN
2,56,547,NaN
2,56,548,NaN
2,56,549,NaN
2,56,550,NaN
2,56,551,NaN
2,56,552,NaN
2,56,553,NaN
2,56,554,NaN
2,56,555,NaN
2,56,556,NaN
2,56,557,NaN
2,56,558,NaN
2,56,559,NaN
2,56,560,NaN
2,56,561,NaN
2,56,562,NaN
2,56,563,NaN
2,56,564,NaN
2,56,565,NaN
2,56,566,NaN
2,56,567,NaN
2,56,568,NaN
2,56,569,NaN
2,56,570,NaN
2,56,571,NaN
2,56,572,NaN
2,56,573,NaN
2,56,574,NaN
2,56,575,NaN
2,56,576,NaN
2,56,577,NaN
2,56,578,NaN
2,56,579,NaN
2,56,580,NaN
2,56,581,NaN
2,56,582,NaN
2,56,583,NaN
2,56,584,NaN
2,56,585,NaN
2,56,586,NaN
2,56,587,NaN
2,56,588,NaN
2,56,589,NaN
2,56,590,NaN
2,56,591,NaN
2,56,592,NaN
2,56,593,NaN
2,56,594,NaN
2,56,595,NaN
2,56,596,NaN
2,56,597,NaN
2,56,598,NaN
2,56,599,NaN
2,47,0,0.070771209682726294
2,47,1,0.072494475910168721
2,47,2,0.074228680709281208
2,47,3,0.075973541143884854
2,47,4,0.077728777050792758
2,47,5,0.079494111005716614
2,47,6,0.081269268284062945
2,47,7,0.08305397681693584
2,47,8,0.084847967142647848
2,47,9,0.086650972354024997
2,47,10,0.088462728041782943
2,47,11,0.090282972234237174
2,47,12,0.092111445333604283
2,47,13,0.093947890049140823
2,47,14,0.095792051327360545
2,47,15,0.097643676279565036
2,47,16,0.099502514106915407
2,47,17,0.10136831602327076
2,47,18,0.10324083517601162
2,47,19,0.10511982656506592
2,47,20,0.10700504696034892
2,47,21,0.10889625481782667
2,47,22,0.11079321019440921
2,47,23,0.11269567466187673
2,47,24,0.11460341122003942
2,47,25,0.11651618420932836
2,47,26,0.11843375922301298
2,47,27,0.12035590301923699
2,47,28,0.12228238343306301
2,47,29,0.1242129692887117
2,47,30,0.12614743031217993
2,47,31,0.12808553704441872
2,47,32,0.13002706075524789
2,47,33,0.13197177335818228
2,47,34,0.13391944732634004
2,47,35,0.13586985560960055
2,47,36,0.13782277155317438
2,47,37,0.13977796881774565
2,47,38,0.14173522130134159
2,47,39,0.1436943030630807
2,47,40,0.14565498824894471
2,47,41,0.14761705101971792
2,47,42,0.14958026548122982
2,47,43,0.15154440561703253
2,47,44,0.1535092452236417
2,47,45,0.15547455784846065
2,47,46,0.15744011673050509
2,47,47,0.15940569474403843
2,47,48,0.16137106434522347
2,47,49,0.1633359975218884
2,47,50,0.16530026574650175
2,47,51,0.16726363993244325
2,47,52,0.16922589039365132
2,47,53,0.1711867868077229
2,47,54,0.17314609818253549
2,47,55,0.17510359282645144
2,47,56,0.17705903832216544
2,47,57,0.17901220150424138
2,47,58,0.18096284844038449
2,47,59,0.18291074441648736
2,47,60,0.18485565392547937
2,47,61,0.18679734066000592
2,47,62,0.18873556750895762
2,47,63,0.19067009655785988
2,47,64,0.19260068909313241
2,47,65,0.19452710561021777
2,47,66,0.19644910582557493
2,47,67,0.19836644869252665
2,47,68,0.20027889242094463
2,47,69,0.20218619450074857
2,47,70,0.20408811172919475
2,47,71,0.20598440024191705
2,47,72,0.20787481554768569
2,47,73,0.20975911256683857
2,47,74,0.21163704567333652
2,47,75,0.21350836874039064
2,47,76,0.2153728351896034
2,47,77,0.21723019804356078
2,47,78,0.21908020998180994
2,47,79,0.22092262340015079
2,47,80,0.2227571904731675
2,47,81,0.22458366321992199
2,47,82,0.22640179357272489
2,47,83,0.22821133344890282
2,47,84,0.230012034825469
2,47,85,0.23180364981660845
2,47,86,0.23358593075388231
2,47,87,0.23535863026905268
2,47,88,0.23712150137943125
2,47,89,0.23887429757564604
2,47,90,0.2406167729117254
2,47,91,0.24234868209739061
2,47,92,0.24406978059244991
2,47,93,0.24577982470318605
2,47,94,0.24747857168062298
2,47,95,0.24916577982056337
2,47,96,0.25084120856527992
2,47,97,0.25250461860674983
2,47,98,0.25415577199131378
2,47,99,0.25579443222564791
2,47,100,0.2574203643839279
2,47,101,0.25903333521607363
2,47,102,0.26063311325695443
2,47,103,0.26221946893643971
2,47,104,0.26379217469017874
2,47,105,0.26535100507099235
2,47,106,0.26689573686076196
2,47,107,0.26842614918269891
2,47,108,0.26994202361388175
2,47,109,0.27144314429794481
2,47,110,0.27292929805780514
2,47,111,0.27440027450831861
2,47,112,0.27585586616874863
2,47,113,0.27729586857494182
2,47,114,0.27872008039109847
2,47,115,0.28012830352103218
2,47,116,0.28152034321880953
2,47,117,0.28289600819866717
2,47,118,0.28425511074410204
2,47,119,0.28559746681603065
2,47,120,0.28692289615991923
2,47,121,0.28823122241178539
2,47,122,0.28952227320297208
2,47,123,0.29079588026360126
2,47,124,0.29205187952461081
2,47,125,0.29329011121828352
2,47,126,0.29451041997717953
2,47,127,0.29571265493138116
2,47,128,0.29689666980396573
2,47,129,0.29806232300462032
2,47,130,0.29920947772131729
2,47,131,0.30033800200996774
2,47,132,0.30144776888197622
2,47,133,0.3025386563896183
2,47,134,0.30361054770916607
2,47,135,0.30466333122168926
2,47,136,0.30569690059146032
2,47,137,0.30671115484189398
2,47,138,0.30770599842895463
2,47,139,0.30868134131196606
2,47,140,0.30963709902175945
2,47,141,0.31057319272609896
2,47,142,0.31148954929232464
2,47,143,0.31238610134715533
2,47,144,0.31326278733359492
2,47,145,0.31411955156488947
2,47,146,0.31495634427548025
2,47,147,0.31577312166890598
2,47,148,0.31656984596260157
2,47,149,0.3173464854295503
2,47,150,0.31810301443674199
2,47,151,0.31883941348039441
2,47,152,0.31955566921789674
2,47,153,0.32025177449643605
2,47,154,0.320927728378266
2,47,155,0.32158353616258434
2,47,156,0.32221920940398324
2,47,157,0.3228347659274387
2,47,158,0.32343022983980857
2,47,159,0.32400563153780987
2,47,160,0.32456100771244617
2,47,161,0.32509640134985851
2,47,162,0.32561186172857676
2,47,163,0.32610744441314665
2,47,164,0.32658321124411105
2,47,165,0.32703923032432675
2,47,166,0.32747557600159727
2,47,167,0.32789232884760572
2,47,168,0.32828957563313316
2,47,169,0.32866740929954796
2,47,170,0.32902592892655658
2,47,171,0.32936523969620451
2,47,172,0.32968545285311951
2,47,173,0.32998668566099176
2,47,174,0.33026906135528605
2,47,175,0.33053270909218258
2,47,176,0.33077776389374736
2,47,177,0.33100436658933247
2,47,178,0.33121266375320846
2,47,179,0.33140280763843688
2,47,180,0.33157495610698723
2,47,181,0.33172927255610984
2,47,182,0.3318659258409758
2,47,183,0.33198509019359718
2,47,184,0.33208694513804493
2,47,185,0.33217167540198311
2,47,186,0.33223947082453925
2,47,187,0.33229052626053673
2,47,188,0.33232504148111369
2,47,189,0.33234322107075903
2,47,190,0.33234527432079713
2,47,191,0.33233141511935571
2,47,192,0.33230186183785598
2,47,193,0.3322568372140654
2,47,194,0.33219656823175692
2,47,195,0.33212128599702523
2,47,196,0.33203122561130682
2,47,197,0.33192662604116296
2,47,198,0.33180772998488117
2,47,199,0.33167478373595899
2,47,200,0.33152803704353512
2,47,201,0.3313677429698399
2,47,202,0.33119415774473576
2,47,203,0.33100754061743171
2,47,204,0.33080815370544897
2,47,205,0.33059626184092927
2,47,206,0.33037213241437507
2,47,207,0.33013603521592
2,47,208,0.32988824227422936
2,47,209,0.32962902769313734
2,47,210,0.32935866748613213
2,47,211,0.32907743940880413
2,47,212,0.3287856227893784
2,47,213,0.32848349835745871
2,47,214,0.32817134807111098
2,47,215,0.32784945494242707
2,47,216,0.3275181028617063
2,47,217,0.32717757642040396
2,47,218,0.32682816073299803
2,47,219,0.32647014125793022
2,47,220,0.32610380361778635
2,47,221,0.32572943341888011
2,47,222,0.32534731607041517
2,47,223,0.32495773660340233
2,47,224,0.32456097948951318
2,47,225,0.32415732846005924
2,47,226,0.32374706632528616
2,47,227,0.32333047479417987
2,47,228,0.32290783429498643
2,47,229,0.32247942379664729
2,47,230,0.3220455206313606
2,47,231,0.32160640031847937
2,47,232,0.32116233638996161
2,47,233,0.32071360021759088
2,47,234,0.3202604608421879
2,47,235,0.31980318480503678
2,47,236,0.31934203598175087
2,47,237,0.31887727541880445
2,47,238,0.31840916117295942
2,47,239,0.31793794815381465
2,47,240,0.31746388796970815
2,47,241,0.31698722877719876
2,47,242,0.31650821513435934
2,47,243,0.31602708785810391
2,47,244,0.31554408388577826
2,47,245,0.31505943614123361
2,47,246,0.31457337340560698
2,47,247,0.31408612019302212
2,47,248,0.31359789663142623
2,47,249,0.31310891834876969
2,47,250,0.31261939636473279
2,47,251,0.3121295369881969
2,47,252,0.31163954172065095
2,47,253,0.3111496071657196
2,47,254,0.31065992494498623
2,47,255,0.31017068162028449
2,47,256,0.30968205862261439
2,47,257,0.3091942321878367
2,47,258,0.30870737329928505
2,47,259,0.30822164763742832
2,47,260,0.3077372155367023
2,47,261,0.30725423194961954
2,47,262,0.30677284641825503
2,47,263,0.3062932030531918
2,47,264,0.30581544051999959
2,47,265,0.30533969203330363
2,47,266,0.30486608535849324
2,47,267,0.3043947428210973
2,47,268,0.30392578132384934
2,47,269,0.30345931237144391
2,47,270,0.30299544210297347
2,47,271,0.3025342713320226
2,47,272,0.30207589559437908
2,47,273,0.30162040520330646
2,47,274,0.30116788531231181
2,47,275,0.30071841598532184
2,47,276,0.30027207227417158
2,47,277,0.29982892430329083
2,47,278,0.29938903736146255
2,47,279,0.29895247200051045
2,47,280,0.29851928414076162
2,47,281,0.29808952518311332
2,47,282,0.29766324212752426
2,47,283,0.29724047769773115
2,47,284,0.29682127047198703
2,47,285,0.29640565501959631
2,47,286,0.29599366204301886
2,47,287,0.29558531852529812
2,47,288,0.2951806478825586
2,47,289,0.29477967012131173
2,47,290,0.29438240200029331
2,47,291,0.29398885719655299
2,47,292,0.29359904647550339
2,47,293,0.29321297786463124
2,47,294,0.2928306568305642
2,47,295,0.2924520864591828
2,47,296,0.29207726763845837
2,47,297,0.29170619924369512
2,47,298,0.29133887832484873
2,47,299,0.29097530029559049
2,47,300,0.29061545912378245
2,47,301,0.29025934752302873
2,47,302,0.28990695714496156
2,47,303,0.28955827877192508
2,47,304,0.2892133025097155
2,47,305,0.28887201798003742
2,47,306,0.2885344145123383
2,47,307,0.28820048133468024
2,47,308,0.28787020776331468
2,47,309,0.28754358339062625
2,47,310,0.28722059827111218
2,47,311,0.28690124310507148
2,47,312,0.28658550941967986
2,47,313,0.2862733897471289
2,47,314,0.28596487779951696
2,47,315,0.28565996864018001
2,47,316,0.28535865885115985
2,47,317,0.28506094669651028
2,47,318,0.2847668322811503
2,47,319,0.28447631770497939
2,47,320,0.28418940721197505
2,47,321,0.28390610733400479
2,47,322,NaN
2,47,323,NaN
2,47,324,NaN
2,47,325,NaN
2,47,326,NaN
2,47,327,NaN
2,47,328,NaN
2,47,329,NaN
2,47,330,NaN
2,47,331,NaN
2,47,332,NaN
2,47,333,NaN
2,47,334,NaN
2,47,335,NaN
2,47,336,NaN
2,47,337,NaN
2,47,338,NaN
2,47,339,NaN
2,47,340,NaN
2,47,341,NaN
2,47,342,NaN
2,47,343,NaN
2,47,344,NaN
2,47,345,NaN
2,47,346,NaN
2,47,347,NaN
2,47,348,NaN
2,47,349,NaN
2,47,350,NaN
2,47,351,NaN
2,47,352,NaN
2,47,353,NaN
2,47,354,NaN
2,47,355,NaN
2,47,356,NaN
2,47,357,NaN
2,47,358,NaN
2,47,359,NaN
2,47,360,NaN
2,47,361,NaN
2,47,362,NaN
2,47,363,NaN
2,47,364,NaN
2,47,365,NaN
2,47,366,NaN
2,47,367,NaN
2,47,368,NaN
2,47,369,NaN
2,47,370,NaN
2,47,371,NaN
2,47,372,NaN
2,47,373,NaN
2,47,374,NaN
2,47,375,NaN
2,47,376,NaN
2,47,377,NaN
2,47,378,NaN
2,47,379,NaN
2,47,380,NaN
2,47,381,NaN
2,47,382,NaN
2,47,383,NaN
2,47,384,NaN
2,47,385,NaN
2,47,386,NaN
2,47,387,NaN
2,47,388,NaN
2,47,389,NaN
2,47,390,NaN
2,47,391,NaN
2,47,392,NaN
2,47,393,NaN
2,47,394,NaN
2,47,395,NaN
2,47,396,NaN
2,47,397,NaN
2,47,398,NaN
2,47,399,NaN
2,47,400,NaN
2,47,401,NaN
2,47,402,NaN
2,47,403,NaN
2,47,404,NaN
2,47,405,NaN
2,47,406,NaN
2,47,407,NaN
2,47,408,NaN
2,47,409,NaN
2,47,410,NaN
2,47,411,NaN
2,47,412,NaN
2,47,413,NaN
2,47,414,NaN
2,47,415,NaN
2,47,416,NaN
2,47,417,NaN
2,47,418,NaN
2,47,419,NaN
2,47,420,NaN
2,47,421,NaN
2,47,422,NaN
2,47,423,NaN
2,47,424,NaN
2,47,425,NaN
2,47,426,NaN
2,47,427,NaN
2,47,428,NaN
2,47,429,NaN
2,47,430,NaN
2,47,431,NaN
2,47,432,NaN
2,47,433,NaN
2,47,434,NaN
2,47,435,NaN
2,47,436,NaN
2,47,437,NaN
2,47,438,NaN
2,47,439,NaN
2,47,440,NaN
2,47,441,NaN
2,47,442,NaN
2,47,443,NaN
2,47,444,NaN
2,47,445,NaN
2,47,446,NaN
2,47,447,NaN
2,47,448,NaN
2,47,449,NaN
2,47,450,NaN
2,47,451,NaN
2,47,452,NaN
2,47,453,NaN
2,47,454,NaN
2,47,455,NaN
2,47,456,NaN
2,47,457,NaN
2,47,458,NaN
2,47,459,NaN
2,47,460,NaN
2,47,461,NaN
2,47,462,NaN
2,47,463,NaN
2,47,464,NaN
2,47,465,NaN
2,47,466,NaN
2,47,467,NaN
2,47,468,NaN
2,47,469,NaN
2,47,470,NaN
2,47,471,NaN
2,47,472,NaN
2,47,473,NaN
2,47,474,NaN
2,47,475,NaN
2,47,476,NaN
2,47,477,NaN
2,47,478,NaN
2,47,479,NaN
2,47,480,NaN
2,47,481,NaN
2,47,482,NaN
2,47,483,NaN
2,47,484,NaN
2,47,485,NaN
2,47,486,NaN
2,47,487,NaN
2,47,488,NaN
2,47,489,NaN
2,47,490,NaN
2,47,491,NaN
2,47,492,NaN
2,47,493,NaN
2,47,494,NaN
2,47,495,NaN
2,47,496,NaN
2,47,497,NaN
2,47,498,NaN
2,47,499,NaN
2,47,500,NaN
2,47,501,NaN
2,47,502,NaN
2,47,503,NaN
2,47,504,NaN
2,47,505,NaN
2,47,506,NaN
2,47,507,NaN
2,47,508,NaN
2,47,509,NaN
2,47,510,NaN
2,47,511,NaN
2,47,512,NaN
2,47,513,NaN
2,47,514,NaN
2,47,515,NaN
2,47,516,NaN
2,47,517,NaN
2,47,518,NaN
2,47,519,NaN
2,47,520,NaN
2,47,521,NaN
2,47,522,NaN
2,47,523,NaN
2,47,524,NaN
2,47,525,NaN
2,47,526,NaN
2,47,527,NaN
2,47,528,NaN
2,47,529,NaN
2,47,530,NaN
2,47,531,NaN
2,47,532,NaN
2,47,533,NaN
2,47,534,NaN
2,47,535,NaN
2,47,536,NaN
2,47,537,NaN
2,47,538,NaN
2,47,539,NaN
2,47,540,NaN
2,47,541,NaN
2,47,542,NaN
2,47,543,NaN
2,47,544,NaN
2,47,545,NaN
2,47,546,NaN
2,47,547,NaN
2,47,548,NaN
2,47,549,NaN
2,47,550,NaN
2,47,551,NaN
2,47,552,NaN
2,47,553,NaN
2,47,554,NaN
2,47,555,NaN
2,47,556,NaN
2,47,557,NaN
2,47,558,NaN
2,47,559,NaN
2,47,560,NaN
2,47,561,NaN
2,47,562,NaN
2,47,563,NaN
2,47,564,NaN
2,47,565,NaN
2,47,566,NaN
2,47,567,NaN
2,47,568,NaN
2,47,569,NaN
2,47,570,NaN
2,47,571,NaN
2,47,572,NaN
2,47,573,NaN
2,47,574,NaN
2,47,575,NaN
2,47,576,NaN
2,47,577,NaN
2,47,578,NaN
2,47,579,NaN
2,47,580,NaN
2,47,581,NaN
2,47,582,NaN
2,47,583,NaN
2,47,584,NaN
2,47,585,NaN
2,47,586,NaN
2,47,587,NaN
2,47,588,NaN
2,47,589,NaN
2,47,590,NaN
2,47,591,NaN
2,47,592,NaN
2,47,593,NaN
2,47,594,NaN
2,47,595,NaN
2,47,596,NaN
2,47,597,NaN
2,47,598,NaN
2,47,599,NaN
2,58,0,0.075515275663365397
2,58,1,0.077563541034482153
2,58,2,0.079626023659313677
2,58,3,0.08170242268144863
2,58,4,0.083792434032468208
2,58,5,0.085895750536908122
2,58,6,0.088012062018069576
2,58,7,0.090141055404325571
2,58,8,0.092282414835609131
2,58,9,0.094435821769805195
2,58,10,0.096600955088803522
2,58,11,0.098777491203997425
2,58,12,0.10096510416104371
2,58,13,0.10316346574372041
2,58,14,0.10537224557674557
2,58,15,0.10759111122743734
2,58,16,0.10981972830611648
2,58,17,0.11205776056516807
2,58,18,0.11430486999669497
2,58,19,0.11656071692870822
2,58,20,0.11882496011981383
2,58,21,0.12109725685236447
2,58,22,0.12337726302405566
2,58,23,0.12566463323795501
2,58,24,0.12795902089096106
2,58,25,0.13026007826069472
2,58,26,0.13256745659083397
2,58,27,0.13488080617490714
2,58,28,0.1371997764385659
2,58,29,0.13952401602036263
2,58,30,0.14185317285106222
2,58,31,0.14418689423152037
2,58,32,0.14652482690916427
2,58,33,0.148866617153114
2,58,34,0.15121191082798532
2,58,35,0.15356035346641611
2,58,36,0.1559115903403607
2,58,37,0.15826526653119749
2,58,38,0.16062102699869665
2,58,39,0.16297851664889418
2,58,40,0.165337380400922
2,58,41,0.16769726325284101
2,58,42,0.17005781034652587
2,58,43,0.17241866703165173
2,58,44,0.17477947892882958
2,58,45,0.17713989199193977
2,58,46,0.1794995525697124
2,58,47,0.18185810746660011
2,58,48,0.18421520400299396
2,58,49,0.18657049007482474
2,58,50,0.18892361421259946
2,58,51,0.19127422563991464
2,58,52,0.19362197433149295
2,58,53,0.19596651107078478
2,58,54,0.19830748750717722
2,58,55,0.20064455621285199
2,58,56,0.20297737073933053
2,58,57,0.20530558567374688
2,58,58,0.20762885669488393
2,58,59,0.20994684062901009
2,58,60,0.21225919550555064
2,58,61,0.21456558061262704
2,58,62,0.2168656565524964
2,58,63,0.21915908529692113
2,58,64,0.22144553024249858
2,58,65,0.22372465626597635
2,58,66,0.22599612977958194
2,58,67,0.22825961878638878
2,58,68,0.23051479293574259
2,58,69,0.23276132357876952
2,58,70,0.23499888382398523
2,58,71,0.23722714859302368
2,58,72,0.23944579467650176
2,58,73,0.24165450079003492
2,58,74,0.24385294763041662
2,58,75,0.24604081793197488
2,58,76,0.24821779652311377
2,58,77,0.2503835703830507
2,58,78,0.25253782869875463
2,58,79,0.25468026292209162
2,58,80,0.25681056682718151
2,58,81,0.25892843656796721
2,58,82,0.26103357073599814
2,58,83,0.26312567041842583
2,58,84,0.26520443925621145
2,58,85,0.26726958350253821
2,58,86,0.26932081208142639
2,58,87,0.27135783664654228
2,58,88,0.27338037164019308
2,58,89,0.27538813435249876
2,58,90,0.27738084498072951
2,58,91,0.27935822668879567
2,58,92,0.28132000566687759
2,58,93,0.28326591119117966
2,58,94,0.28519567568379278
2,58,95,0.28710903477264688
2,58,96,0.28900572735153612
2,58,97,0.29088549564019583
2,58,98,0.29274808524441059
2,58,99,0.29459324521613212
2,58,100,0.29642072811358278
2,58,101,0.29823029006132112
2,58,102,0.30002169081024532
2,58,103,0.30179469379750729
2,58,104,0.30354906620631128
2,58,105,0.30528457902556966
2,58,106,0.30700100710938644
2,58,107,0.30869812923634143
2,58,108,0.3103757281685427
2,58,109,0.31203359071041847
2,58,110,0.31367150776721764
2,58,111,0.31528927440318494
2,58,112,0.3168866898993824
2,58,113,0.31846355781112046
2,58,114,0.32001968602496839
2,58,115,0.32155488681530947
2,58,116,0.32306897690040737
2,58,117,0.32456177749794901
2,58,118,0.32603311438003074
2,58,119,0.32748281792755218
2,58,120,0.32891072318398296
2,58,121,0.33031666990846859
2,58,122,0.33170050262823897
2,58,123,0.33306207069028532
2,58,124,0.33440122831227037
2,58,125,0.33571783463263671
2,58,126,0.33701175375987774
2,58,127,0.33828285482093751
2,58,128,0.33953101200870311
2,58,129,0.34075624475234478
2,58,130,0.34195913025756469
2,58,131,0.34313957728268074
2,58,132,0.34429749922565739
2,58,133,0.34543281415036342
2,58,134,0.34654544481228688
2,58,135,0.34763531868365682
2,58,136,0.34870236797792198
2,58,137,0.34974652967354058
2,58,138,0.35076774553703449
2,58,139,0.35176596214526468
2,58,140,0.35274113090688641
2,58,141,0.35369320808294269
2,58,142,0.35462215480655684
2,58,143,0.35552793710168767
2,58,144,0.35641052590090788
2,58,145,0.35726989706217532
2,58,146,0.35810603138455716
2,58,147,0.35891891462287867
2,58,148,0.35970853750126275
2,58,149,0.36047489572552927
2,58,150,0.36121798999442539
2,58,151,0.36193782600965696
2,58,152,0.36263441448469436
2,58,153,0.36330777115232393
2,58,154,0.36395791677092038
2,58,155,0.36458487712941468
2,58,156,0.36518868305093144
2,58,157,0.3657693703950734
2,58,158,0.36632698005883008
2,58,159,0.36686155797608644
2,58,160,0.36737315511571222
2,58,161,0.36786182747820884
2,58,162,0.36832763609089475
2,58,163,0.36877064700161005
2,58,164,0.3691909312709184
2,58,165,0.36958856496279141
2,58,166,0.36996362913375469
2,58,167,0.37031620982047919
2,58,168,0.37064639802580057
2,58,169,0.37095428970315131
2,58,170,0.37123998573938682
2,58,171,0.37150359193599408
2,58,172,0.37174521898866347
2,58,173,0.37196498246521353
2,58,174,0.37216300278185049
2,58,175,0.37233940517775216
2,58,176,0.37249431968796093
2,58,177,0.37262788111457418
2,58,178,0.37274022899621867
2,58,179,0.37283150757579719
2,58,180,0.37290186576649714
2,58,181,0.37295145711604633
2,58,182,0.37298043976920991
2,58,183,0.37298897642851331
2,58,184,0.37297723431318325
2,58,185,0.37294538511629749
2,58,186,0.37289360496013252
2,58,187,0.37282207434970066
2,58,188,0.37273097812446804
2,58,189,0.37262050540824515
2,58,190,0.37249084955724199
2,58,191,0.3723422081062801
2,58,192,0.37217478271315468
2,58,193,0.37198877910114025
2,58,194,0.371784406999633
2,58,195,0.37156188008292501
2,58,196,0.37132141590710471
2,58,197,0.37106323584507805
2,58,198,0.37078756501970805
2,58,199,0.37049463223506668
2,58,200,0.3701846699057979
2,58,201,0.36985791398458973
2,58,202,0.3695146038877507
2,58,203,0.36915498241889311
2,58,204,0.36877929569072099
2,58,205,0.36838779304492364
2,58,206,0.36798072697017531
2,58,207,0.36755835301824458
2,58,208,0.36712092971821647
2,58,209,0.36666871848882865
2,58,210,0.36620198354893202
2,58,211,0.3657209918260767
2,58,212,0.36522601286323486
2,58,213,0.36471731872366653
2,58,214,0.36419518389394046
2,58,215,0.36365988518511994
2,58,216,0.36311170163212697
2,58,217,0.36255091439130022
2,58,218,0.36197780663616108
2,58,219,0.36139266345140747
2,58,220,0.36079577172515392
2,58,221,0.36018742003943932
2,58,222,0.35956789855902671
2,58,223,0.35893749891852078
2,58,224,0.35829651410782903
2,58,225,0.35764523835599843
2,58,226,0.35698396701346041
2,58,227,0.35631299643271586
2,58,228,0.35563262384750144
2,58,229,0.35494314725047471
2,58,230,0.35424486526946147
2,58,231,0.35353807704231105
2,58,232,0.35282308209040814
2,58,233,0.35210018019089212
2,58,234,0.35136967124764001
2,58,235,0.35063185516106893
2,58,236,0.34988703169682017
2,58,237,0.34913550035339086
2,58,238,0.34837756022877781
2,58,239,0.34761350988620926
2,58,240,0.34684364721903488
2,58,241,0.34606826931485768
2,58,242,0.34528767231898583
2,58,243,0.34450215129729389
2,58,244,0.34371200009858099
2,58,245,0.34291751121652103
2,58,246,0.34211897565130245
2,58,247,0.34131668277105726
2,58,248,0.34051092017318779
2,58,249,0.33970197354569587
2,58,250,0.3388901265286316
2,58,251,0.33807566057577471
2,58,252,0.33725885481667062
2,58,253,0.33643998591914498
2,58,254,0.335619327952423
2,58,255,0.33479715225098555
2,58,256,0.33397372727929492
2,58,257,0.33314931849752993
2,58,258,0.33232418822846693
2,58,259,0.33149859552565397
2,58,260,0.33067279604302147
2,58,261,0.32984704190607927
2,58,262,0.32902158158484968
2,58,263,0.32819665976869039
2,58,264,0.32737251724316174
2,58,265,0.32654939076909328
2,58,266,0.32572751296400942
2,58,267,0.32490711218606971
2,58,268,0.3240884124206852
2,58,269,0.32327163316996899
2,58,270,0.32245698934517969
2,58,271,0.32164469116231853
2,58,272,0.32083494404103596
2,58,273,0.32002794850700605
2,58,274,0.31922390009792379
2,58,275,0.31842298927327711
2,58,276,0.31762540132804756
2,58,277,0.31683131631048422
2,58,278,0.31604090894409731
2,58,279,0.31525434855401391
2,58,280,0.31447179899782851
2,58,281,0.31369341860108602
2,58,282,0.31291936009751997
2,58,283,0.31214977057416993
2,58,284,0.31138479142149444
2,58,285,0.31062455828858732
2,58,286,0.30986920104360133
2,58,287,0.30911884373947512
2,58,288,0.30837360458505064
2,58,289,0.30763359592166245
2,58,290,0.30689892420526965
2,58,291,0.30616968999419536
2,58,292,0.30544598794252664
2,58,293,0.30472790679922152
2,58,294,0.30401552941295806
2,58,295,0.30330893274275167
2,58,296,0.30260818787435739
2,58,297,0.30191336004246178
2,58,298,0.30122450865866196
2,58,299,0.30054168734521503
2,58,300,0.299864943974535
2,58,301,0.29919432071439894
2,58,302,0.29852985407881716
2,58,303,0.29787157498451217
2,58,304,0.29721950881293441
2,58,305,0.29657367547774233
2,58,306,0.2959340894976536
2,58,307,0.29530076007457251
2,58,308,0.29467369117688291
2,58,309,0.29405288162778942
2,58,310,0.2934383251985786
2,58,311,0.29283001070666281
2,58,312,0.29222792211826237
2,58,313,0.2916320386555678
2,58,314,0.29104233490822318
2,58,315,0.29045878094895761
2,58,316,0.28988134245318592
2,58,317,0.28930998082239656
2,58,318,0.28874465331113086
2,58,319,0.28818531315735935
2,58,320,0.28763190971604957
2,58,321,0.28708438859571811
2,58,322,0.28654269179775366
2,58,323,0.2860067578582941
2,58,324,0.28547652199243695
2,58,325,NaN
2,58,326,NaN
2,58,327,NaN
2,58,328,NaN
2,58,329,NaN
2,58,330,NaN
2,58,331,NaN
2,58,332,NaN
2,58,333,NaN
2,58,334,NaN
2,58,335,NaN
2,58,336,NaN
2,58,337,NaN
2,58,338,NaN
2,58,339,NaN
2,58,340,NaN
2,58,341,NaN
2,58,342,NaN
2,58,343,NaN
2,58,344,NaN
2,58,345,NaN
2,58,346,NaN
2,58,347,NaN
2,58,348,NaN
2,58,349,NaN
2,58,350,NaN
2,58,351,NaN
2,58,352,NaN
2,58,353,NaN
2,58,354,NaN
2,58,355,NaN
2,58,356,NaN
2,58,357,NaN
2,58,358,NaN
2,58,359,NaN
2,58,360,NaN
2,58,361,NaN
2,58,362,NaN
2,58,363,NaN
2,58,364,NaN
2,58,365,NaN
2,58,366,NaN
2,58,367,NaN
2,58,368,NaN
2,58,369,NaN
2,58,370,NaN
2,58,371,NaN
2,58,372,NaN
2,58,373,NaN
2,58,374,NaN
2,58,375,NaN
2,58,376,NaN
2,58,377,NaN
2,58,378,NaN
2,58,379,NaN
2,58,380,NaN
2,58,381,NaN
2,58,382,NaN
2,58,383,NaN
2,58,384,NaN
2,58,385,NaN
2,58,386,NaN
2,58,387,NaN
2,58,388,NaN
2,58,389,NaN
2,58,390,NaN
2,58,391,NaN
2,58,392,NaN
2,58,393,NaN
2,58,394,NaN
2,58,395,NaN
2,58,396,NaN
2,58,397,NaN
2,58,398,NaN
2,58,399,NaN
2,58,400,NaN
2,58,401,NaN
2,58,402,NaN
2,58,403,NaN
2,58,404,NaN
2,58,405,NaN
2,58,406,NaN
2,58,407,NaN
2,58,408,NaN
2,58,409,NaN
2,58,410,NaN
2,58,411,NaN
2,58,412,NaN
2,58,413,NaN
2,58,414,NaN
2,58,415,NaN
2,58,416,NaN
2,58,417,NaN
2,58,418,NaN
2,58,419,NaN
2,58,420,NaN
2,58,421,NaN
2,58,422,NaN
2,58,423,NaN
2,58,424,NaN
2,58,425,NaN
2,58,426,NaN
2,58,427,NaN
2,58,428,NaN
2,58,429,NaN
2,58,430,NaN
2,58,431,NaN
2,58,432,NaN
2,58,433,NaN
2,58,434,NaN
2,58,435,NaN
2,58,436,NaN
2,58,437,NaN
2,58,438,NaN
2,58,439,NaN
2,58,440,NaN
2,58,441,NaN
2,58,442,NaN
2,58,443,NaN
2,58,444,NaN
2,58,445,NaN
2,58,446,NaN
2,58,447,NaN
2,58,448,NaN
2,58,449,NaN
2,58,450,NaN
2,58,451,NaN
2,58,452,NaN
2,58,453,NaN
2,58,454,NaN
2,58,455,NaN
2,58,456,NaN
2,58,457,NaN
2,58,458,NaN
2,58,459,NaN
2,58,460,NaN
2,58,461,NaN
2,58,462,NaN
2,58,463,NaN
2,58,464,NaN
2,58,465,NaN
2,58,466,NaN
2,58,467,NaN
2,58,468,NaN
2,58,469,NaN
2,58,470,NaN
2,58,471,NaN
2,58,472,NaN
2,58,473,NaN
2,58,474,NaN
2,58,475,NaN
2,58,476,NaN
2,58,477,NaN
2,58,478,NaN
2,58,479,NaN
2,58,480,NaN
2,58,481,NaN
2,58,482,NaN
2,58,483,NaN
2,58,484,NaN
2,58,485,NaN
2,58,486,NaN
2,58,487,NaN
2,58,488,NaN
2,58,489,NaN
2,58,490,NaN
2,58,491,NaN
2,58,492,NaN
2,58,493,NaN
2,58,494,NaN
2,58,495,NaN
2,58,496,NaN
2,58,497,NaN
2,58,498,NaN
2,58,499,NaN
2,58,500,NaN
2,58,501,NaN
2,58,502,NaN
2,58,503,NaN
2,58,504,NaN
2,58,505,NaN
2,58,506,NaN
2,58,507,NaN
2,58,508,NaN
2,58,509,NaN
2,58,510,NaN
2,58,511,NaN
2,58,512,NaN
2,58,513,NaN
2,58,514,NaN
2,58,515,NaN
2,58,516,NaN
2,58,517,NaN
2,58,518,NaN
2,58,519,NaN
2,58,520,NaN
2,58,521,NaN
2,58,522,NaN
2,58,523,NaN
2,58,524,NaN
2,58,525,NaN
2,58,526,NaN
2,58,527,NaN
2,58,528,NaN
2,58,529,NaN
2,58,530,NaN
2,58,531,NaN
2,58,532,NaN
2,58,533,NaN
2,58,534,NaN
2,58,535,NaN
2,58,536,NaN
2,58,537,NaN
2,58,538,NaN
2,58,539,NaN
2,58,540,NaN
2,58,541,NaN
2,58,542,NaN
2,58,543,NaN
2,58,544,NaN
2,58,545,NaN
2,58,546,NaN
2,58,547,NaN
2,58,548,NaN
2,58,549,NaN
2,58,550,NaN
2,58,551,NaN
2,58,552,NaN
2,58,553,NaN
2,58,554,NaN
2,58,555,NaN
2,58,556,NaN
2,58,557,NaN
2,58,558,NaN
2,58,559,NaN
2,58,560,NaN
2,58,561,NaN
2,58,562,NaN
2,58,563,NaN
2,58,564,NaN
2,58,565,NaN
2,58,566,NaN
2,58,567,NaN
2,58,568,NaN
2,58,569,NaN
2,58,570,NaN
2,58,571,NaN
2,58,572,NaN
2,58,573,NaN
2,58,574,NaN
2,58,575,NaN
2,58,576,NaN
2,58,577,NaN
2,58,578,NaN
2,58,579,NaN
2,58,580,NaN
2,58,581,NaN
2,58,582,NaN
2,58,583,NaN
2,58,584,NaN
2,58,585,NaN
2,58,586,NaN
2,58,587,NaN
2,58,588,NaN
2,58,589,NaN
2,58,590,NaN
2,58,591,NaN
2,58,592,NaN
2,58,593,NaN
2,58,594,NaN
2,58,595,NaN
2,58,596,NaN
2,58,597,NaN
2,58,598,NaN
2,58,599,NaN
2,61,0,0.086042844955109249
2,61,1,0.088421083185187502
2,61,2,0.090814779350057481
2,61,3,0.093223604781902114
2,61,4,0.0956472299923046
2,61,5,0.09808532470744262
2,61,6,0.10053755789900277
2,61,7,0.10300359781109035
2,61,8,0.1054831119833944
2,61,9,0.10797576727085591
2,61,10,0.11048122986007644
2,61,11,0.11299916528269047
2,61,12,0.1155292384259182
2,61,13,0.11807111354050637
2,61,14,0.12062445424625477
2,61,15,0.12318892353532204
2,61,16,0.12576418377349557
2,61,17,0.1283498966996067
2,61,18,0.13094572342326366
2,61,19,0.13355132442107437
2,61,20,0.13616635953152287
2,61,21,0.13879048794866095
2,61,22,0.141423368214772
2,61,23,0.14406465821216183
2,61,24,0.14671362091413745
2,61,25,0.14936942217581986
2,61,26,0.15203170442521446
2,61,27,0.15470010935605297
2,61,28,0.15737427791752356
2,61,29,0.1600538503044979
2,61,30,0.16273846594835242
2,61,31,0.16542776350848343
2,61,32,0.16812138086461248
2,61,33,0.1708189551099778
2,61,34,0.17352012254550614
2,61,35,0.17622451867505667
2,61,36,0.17893177820182882
2,61,37,0.18164153502602262
2,61,38,0.18435342224383697
2,61,39,0.18706707214789256
2,61,40,0.18978211622916102
2,61,41,0.19249818518048006
2,61,42,0.19521490890173171
2,61,43,0.19793191650676065
2,61,44,0.20064883633210193
2,61,45,0.20336529594758906
2,61,46,0.20608092216890853
2,61,47,0.20879534107216338
2,61,48,0.2115081780105065
2,61,49,0.21421905763289889
2,61,50,0.21692760390504848
2,61,51,0.21963344013257693
2,61,52,0.22233618898646229
2,61,53,0.22503547253079886
2,61,54,0.2277309122529142
2,61,55,0.23042212909587861
2,61,56,0.2331087434934361
2,61,57,0.23579037540738815
2,61,58,0.23846664436744971
2,61,59,0.24113716951360112
2,61,60,0.24380156964094718
2,61,61,0.24645946324709928
2,61,62,0.24911046858208549
2,61,63,0.25175420370079327
2,61,64,0.25439028651794421
2,61,65,0.25701833486559728
2,61,66,0.2596379665531699
2,61,67,0.26224879942996826
2,61,68,0.26485045145020686
2,61,69,0.26744254074050017
2,61,70,0.27002468566979998
2,61,71,0.27259650492175297
2,61,72,0.27515761756944479
2,61,73,0.27770764315249746
2,61,74,0.2802462017564793
2,61,75,0.28277291409458577
2,61,76,0.28528740159154675
2,61,77,0.28778928646970753
2,61,78,0.29027819183723463
2,61,79,0.29275374177838753
2,61,80,0.29521556144579958
2,61,81,0.29766327715470392
2,61,82,0.30009651647904195
2,61,83,0.30251490834938372
2,61,84,0.30491808315259189
2,61,85,0.30730567283315569
2,61,86,0.30967731099611784
2,61,87,0.31203263301151851
2,61,88,0.31437127612027482
2,61,89,0.3166928795414144
2,61,90,0.31899708458057646
2,61,91,0.32128353473969817
2,61,92,0.3235518758277946
2,61,93,0.32580175607274425
2,61,94,0.32803282623399022
2,61,95,0.33024473971606172
2,61,96,0.3324371526828257
2,61,97,0.33460972417237173
2,61,98,0.33676211621243535
2,61,99,0.33889399393626324
2,61,100,0.34100502569882318
2,61,101,0.34309488319326198
2,61,102,0.34516324156751121
2,61,103,0.34720977954094551
2,61,104,0.34923417952099151
2,61,105,0.35123612771959184
2,61,106,0.35321531426942465
2,61,107,0.35517143333977957
2,61,108,0.35710418325199333
2,61,109,0.35901326659434846
2,61,110,0.36089839033633542
2,61,111,0.36275926594218516
2,61,112,0.36459560948357539
2,61,113,0.36640714175141581
2,61,114,0.36819358836661925
2,61,115,0.36995467988976777
2,61,116,0.37169015192958021
2,61,117,0.37339974525009384
2,61,118,0.37508320587647032
2,61,119,0.37674028519934061
2,61,120,0.37837074007760202
2,61,121,0.3799743329395856
2,61,122,0.38155083188251127
2,61,123,0.3831000107701501
2,61,124,0.38462164932861853
2,61,125,0.38611553324022502
2,61,126,0.38758145423529805
2,61,127,0.38901921018192248
2,61,128,0.3904286051735143
2,61,129,0.39180944961416736
2,61,130,0.39316156030170657
2,61,131,0.39448476050838427
2,61,132,0.39577888005916001
2,61,133,0.39704375540750475
2,61,134,0.39827922970867607
2,61,135,0.39948515289040781
2,61,136,0.40066138172096644
2,61,137,0.40180777987452476
2,61,138,0.40292421799380601
2,61,139,0.40401057374996019
2,61,140,0.40506673189962311
2,61,141,0.40609258433913131
2,61,142,0.40708803015584705
2,61,143,0.4080529756765679
2,61,144,0.40898733451298669
2,61,145,0.40989102760417556
2,61,146,0.41076398325606789
2,61,147,0.411606137177917
2,61,148,0.41241743251570939
2,61,149,0.41319781988251725
2,61,150,0.41394725738577137
2,61,151,0.41466571065144647
2,61,152,0.41535315284514424
2,61,153,0.41600956469006822
2,61,154,0.41663493448188449
2,61,155,0.41722925810046507
2,61,156,0.41779253901851154
2,61,157,0.41832478830706238
2,61,158,0.41882602463788482
2,61,159,0.41929627428275856
2,61,160,0.41973557110965803
2,61,161,0.42014395657584214
2,61,162,0.42052147971786469
2,61,163,0.42086819713851731
2,61,164,0.4211841729907212
2,61,165,0.42146947895838516
2,61,166,0.4217241942342464
2,61,167,0.42194840549471896
2,61,168,0.42214220687176784
2,61,169,0.42230569992183531
2,61,170,0.42243899359184367
2,61,171,0.42254220418230165
2,61,172,0.42261545530754224
2,61,173,0.42265887785312234
2,61,174,0.42267260993041383
2,61,175,0.42265679682841878
2,61,176,0.4226115909628424
2,61,177,0.42253715182245616
2,61,178,0.42243364591278876
2,61,179,0.42230124669717839
2,61,180,0.42214013453522603
2,61,181,0.42195049661868445
2,61,182,0.42173252690482471
2,61,183,0.42148642604731706
2,61,184,0.42121240132466647
2,61,185,0.42091066656624448
2,61,186,0.42058144207595627
2,61,187,0.42022495455358566
2,61,188,0.41984143701385962
2,61,189,0.41943112870327309
2,61,190,0.41899427501471814
2,61,191,0.41853112739995779
2,61,192,0.41804194327998917
2,61,193,0.41752698595333704
2,61,194,0.41698652450232138
2,61,195,0.41642083369734095
2,61,196,0.41583019389921627
2,61,197,0.41521489095963315
2,61,198,0.41457521611973136
2,61,199,0.41391146590687783
2,61,200,0.41322394202966878
2,61,201,0.41251295127120058
2,61,202,0.41177880538065142
2,61,203,0.4110218209632151
2,61,204,0.4102423193684267
2,61,205,0.40944062657692087
2,61,206,0.40861707308566242
2,61,207,0.40777199379168755
2,61,208,0.40690572787439638
2,61,209,0.40601861867643307
2,61,210,0.40511101358319263
2,61,211,0.40418326390099063
2,61,212,0.40323572473393365
2,61,213,0.40226875485952501
2,61,214,0.40128271660304315
2,61,215,0.40027797571072615
2,61,216,0.39925490122179746
2,61,217,0.39821386533936692
2,61,218,0.39715524330023994
2,61,219,0.39607941324366835
2,61,220,0.39498675607907369
2,61,221,0.39387765535277763
2,61,222,0.39275249711376742
2,61,223,0.39161166977852968
2,61,224,0.39045556399498293
2,61,225,0.38928457250553689
2,61,226,0.38809909000931153
2,61,227,0.38689951302354247
2,61,228,0.38568623974420402
2,61,229,0.38445966990587749
2,61,230,0.38322020464089501
2,61,231,0.38196824633778692
2,61,232,0.38070419849906095
2,61,233,0.37942846559834481
2,61,234,0.37814145293691709
2,61,235,0.37684356649965933
2,61,236,0.37553521281045749
2,61,237,0.37421679878708147
2,61,238,0.37288873159557545
2,61,239,0.37155141850418821
2,61,240,0.37020526673687526
2,61,241,0.36885068332640503
2,61,242,0.36748807496710328
2,61,243,0.36611784786726859
2,61,244,0.36474040760129339
2,61,245,0.36335615896152956
2,61,246,0.36196550580993342
2,61,247,0.36056885092953012
2,61,248,0.35916659587573779
2,61,249,0.3577591408275943
2,61,250,0.3563468844389292
2,61,251,0.35493022368952676
2,61,252,0.35350955373632881
2,61,253,0.35208526776472659
2,61,254,0.35065775683999284
2,61,255,0.34922740975890987
2,61,256,0.34779461290164948
2,61,257,0.34635975008396408
2,61,258,0.34492320240975205
2,61,259,0.34348534812406106
2,61,260,0.34204656246659737
2,61,261,0.34060721752581219
2,61,262,0.33916768209363851
2,61,263,0.3377283215209555
2,61,264,0.33628949757385967
2,61,265,0.33485156829082879
2,61,266,0.33341488784086087
2,61,267,0.33197980638268298
2,61,268,0.33054666992512022
2,61,269,0.32911582018872326
2,61,270,0.32768759446875384
2,61,271,0.32626232549963274
2,61,272,0.32484034132095724
2,61,273,0.32342196514519761
2,61,274,0.32200751522718823
2,61,275,0.32059730473552778
2,61,276,0.3191916416260121
2,61,277,0.31779082851721774
2,61,278,0.31639516256836836
2,61,279,0.31500493535960705
2,61,280,NaN
2,61,281,NaN
2,61,282,NaN
2,61,283,NaN
2,61,284,NaN
2,61,285,NaN
2,61,286,NaN
2,61,287,NaN
2,61,288,NaN
2,61,289,NaN
2,61,290,NaN
2,61,291,NaN
2,61,292,NaN
2,61,293,NaN
2,61,294,NaN
2,61,295,NaN
2,61,296,NaN
2,61,297,NaN
2,61,298,NaN
2,61,299,NaN
2,61,300,NaN
2,61,301,NaN
2,61,302,NaN
2,61,303,NaN
2,61,304,NaN
2,61,305,NaN
2,61,306,NaN
2,61,307,NaN
2,61,308,NaN
2,61,309,NaN
2,61,310,NaN
2,61,311,NaN
2,61,312,NaN
2,61,313,NaN
2,61,314,NaN
2,61,315,NaN
2,61,316,NaN
2,61,317,NaN
2,61,318,NaN
2,61,319,NaN
2,61,320,NaN
2,61,321,NaN
2,61,322,NaN
2,61,323,NaN
2,61,324,NaN
2,61,325,NaN
2,61,326,NaN
2,61,327,NaN
2,61,328,NaN
2,61,329,NaN
2,61,330,NaN
2,61,331,NaN
2,61,332,NaN
2,61,333,NaN
2,61,334,NaN
2,61,335,NaN
2,61,336,NaN
2,61,337,NaN
2,61,338,NaN
2,61,339,NaN
2,61,340,NaN
2,61,341,NaN
2,61,342,NaN
2,61,343,NaN
2,61,344,NaN
2,61,345,NaN
2,61,346,NaN
2,61,347,NaN
2,61,348,NaN
2,61,349,NaN
2,61,350,NaN
2,61,351,NaN
2,61,352,NaN
2,61,353,NaN
2,61,354,NaN
2,61,355,NaN
2,61,356,NaN
2,61,357,NaN
2,61,358,NaN
2,61,359,NaN
2,61,360,NaN
2,61,361,NaN
2,61,362,NaN
2,61,363,NaN
2,61,364,NaN
2,61,365,NaN
2,61,366,NaN
2,61,367,NaN
2,61,368,NaN
2,61,369,NaN
2,61,370,NaN
2,61,371,NaN
2,61,372,NaN
2,61,373,NaN
2,61,374,NaN
2,61,375,NaN
2,61,376,NaN
2,61,377,NaN
2,61,378,NaN
2,61,379,NaN
2,61,380,NaN
2,61,381,NaN
2,61,382,NaN
2,61,383,NaN
2,61,384,NaN
2,61,385,NaN
2,61,386,NaN
2,61,387,NaN
2,61,388,NaN
2,61,389,NaN
2,61,390,NaN
2,61,391,NaN
2,61,392,NaN
2,61,393,NaN
2,61,394,NaN
2,61,395,NaN
2,61,396,NaN
2,61,397,NaN
2,61,398,NaN
2,61,399,NaN
2,61,400,NaN
2,61,401,NaN
2,61,402,NaN
2,61,403,NaN
2,61,404,NaN
2,61,405,NaN
2,61,406,NaN
2,61,407,NaN
2,61,408,NaN
2,61,409,NaN
2,61,410,NaN
2,61,411,NaN
2,61,412,NaN
2,61,413,NaN
2,61,414,NaN
2,61,415,NaN
2,61,416,NaN
2,61,417,NaN
2,61,418,NaN
2,61,419,NaN
2,61,420,NaN
2,61,421,NaN
2,61,422,NaN
2,61,423,NaN
2,61,424,NaN
2,61,425,NaN
2,61,426,NaN
2,61,427,NaN
2,61,428,NaN
2,61,429,NaN
2,61,430,NaN
2,61,431,NaN
2,61,432,NaN
2,61,433,NaN
2,61,434,NaN
2,61,435,NaN
2,61,436,NaN
2,61,437,NaN
2,61,438,NaN
2,61,439,NaN
2,61,440,NaN
2,61,441,NaN
2,61,442,NaN
2,61,443,NaN
2,61,444,NaN
2,61,445,NaN
2,61,446,NaN
2,61,447,NaN
2,61,448,NaN
2,61,449,NaN
2,61,450,NaN
2,61,451,NaN
2,61,452,NaN
2,61,453,NaN
2,61,454,NaN
2,61,455,NaN
2,61,456,NaN
2,61,457,NaN
2,61,458,NaN
2,61,459,NaN
2,61,460,NaN
2,61,461,NaN
2,61,462,NaN
2,61,463,NaN
2,61,464,NaN
2,61,465,NaN
2,61,466,NaN
2,61,467,NaN
2,61,468,NaN
2,61,469,NaN
2,61,470,NaN
2,61,471,NaN
2,61,472,NaN
2,61,473,NaN
2,61,474,NaN
2,61,475,NaN
2,61,476,NaN
2,61,477,NaN
2,61,478,NaN
2,61,479,NaN
2,61,480,NaN
2,61,481,NaN
2,61,482,NaN
2,61,483,NaN
2,61,484,NaN
2,61,485,NaN
2,61,486,NaN
2,61,487,NaN
2,61,488,NaN
2,61,489,NaN
2,61,490,NaN
2,61,491,NaN
2,61,492,NaN
2,61,493,NaN
2,61,494,NaN
2,61,495,NaN
2,61,496,NaN
2,61,497,NaN
2,61,498,NaN
2,61,499,NaN
2,61,500,NaN
2,61,501,NaN
2,61,502,NaN
2,61,503,NaN
2,61,504,NaN
2,61,505,NaN
2,61,506,NaN
2,61,507,NaN
2,61,508,NaN
2,61,509,NaN
2,61,510,NaN
2,61,511,NaN
2,61,512,NaN
2,61,513,NaN
2,61,514,NaN
2,61,515,NaN
2,61,516,NaN
2,61,517,NaN
2,61,518,NaN
2,61,519,NaN
2,61,520,NaN
2,61,521,NaN
2,61,522,NaN
2,61,523,NaN
2,61,524,NaN
2,61,525,NaN
2,61,526,NaN
2,61,527,NaN
2,61,528,NaN
2,61,529,NaN
2,61,530,NaN
2,61,531,NaN
2,61,532,NaN
2,61,533,NaN
2,61,534,NaN
2,61,535,NaN
2,61,536,NaN
2,61,537,NaN
2,61,538,NaN
2,61,539,NaN
2,61,540,NaN
2,61,541,NaN
2,61,542,NaN
2,61,543,NaN
2,61,544,NaN
2,61,545,NaN
2,61,546,NaN
2,61,547,NaN
2,61,548,NaN
2,61,549,NaN
2,61,550,NaN
2,61,551,NaN
2,61,552,NaN
2,61,553,NaN
2,61,554,NaN
2,61,555,NaN
2,61,556,NaN
2,61,557,NaN
2,61,558,NaN
2,61,559,NaN
2,61,560,NaN
2,61,561,NaN
2,61,562,NaN
2,61,563,NaN
2,61,564,NaN
2,61,565,NaN
2,61,566,NaN
2,61,567,NaN
2,61,568,NaN
2,61,569,NaN
2,61,570,NaN
2,61,571,NaN
2,61,572,NaN
2,61,573,NaN
2,61,574,NaN
2,61,575,NaN
2,61,576,NaN
2,61,577,NaN
2,61,578,NaN
2,61,579,NaN
2,61,580,NaN
2,61,581,NaN
2,61,582,NaN
2,61,583,NaN
2,61,584,NaN
2,61,585,NaN
2,61,586,NaN
2,61,587,NaN
2,61,588,NaN
2,61,589,NaN
2,61,590,NaN
2,61,591,NaN
2,61,592,NaN
2,61,593,NaN
2,61,594,NaN
2,61,595,NaN
2,61,596,NaN
2,61,597,NaN
2,61,598,NaN
2,61,599,NaN
