version,selectionSeed,condition,target,phase,xM,yM
1,18001,1,1,0,0.00016044091350124004,-0.0013828465051063804
1,18001,1,1,0.01,0.00017933950618812886,-0.0017051216591613876
1,18001,1,1,0.02,0.00019918773898702636,-0.0020740128583414965
1,18001,1,1,0.029999999999999999,0.00021997114154130451,-0.0024917177347999874
1,18001,1,1,0.040000000000000001,0.00024169197550996519,-0.0029598712853253356
1,18001,1,1,0.050000000000000003,0.00026431888781313408,-0.0034796546318226324
1,18001,1,1,0.059999999999999998,0.00028785649439670952,-0.0040517651706031754
1,18001,1,1,0.070000000000000007,0.00031228682510961138,-0.0046767138783287204
1,18001,1,1,0.080000000000000002,0.00033758528936166928,-0.0053546547165447753
1,18001,1,1,0.089999999999999997,0.00036371549884559973,-0.0060853911882869762
1,18001,1,1,0.10000000000000001,0.00039064413351901648,-0.0068683757611166796
1,18001,1,1,0.11,0.0004183336205982495,-0.0077025412195453847
1,18001,1,1,0.12,0.00044669954031102671,-0.0085869576092220193
1,18001,1,1,0.13,0.00047569672100567368,-0.0095201205682663732
1,18001,1,1,0.14000000000000001,0.00050522793837948817,-0.010500227597443207
1,18001,1,1,0.14999999999999999,0.00053521724247688888,-0.011525106735412431
1,18001,1,1,0.16,0.00056555398245409713,-0.012592942956343259
1,18001,1,1,0.17000000000000001,0.00059613884131549022,-0.013700984902339307
1,18001,1,1,0.17999999999999999,0.00062686149746216796,-0.014846760751646844
1,18001,1,1,0.19,0.00065760462883416399,-0.01602728054074537
1,18001,1,1,0.20000000000000001,0.00068825040437244065,-0.017239935508347692
1,18001,1,1,0.20999999999999999,0.00071868279813150501,-0.018481590978012313
1,18001,1,1,0.22,0.00074879528347895007,-0.01974889740764656
1,18001,1,1,0.23000000000000001,0.00077847536456896892,-0.02103889922676019
1,18001,1,1,0.23999999999999999,0.00080763180451124414,-0.022348387027388204
1,18001,1,1,0.25,0.00083617225232578368,-0.023674107693490497
1,18001,1,1,0.26000000000000001,0.00086403305102602027,-0.025012594364089341
1,18001,1,1,0.27000000000000002,0.00089114343992436045,-0.026360877098969532
1,18001,1,1,0.28000000000000003,0.00091748591564198379,-0.027715786335068601
1,18001,1,1,0.28999999999999998,0.0009430145023750329,-0.029074173080552917
1,18001,1,1,0.29999999999999999,0.00096774650454560431,-0.030432874689892003
1,18001,1,1,0.31,0.000991694526867918,-0.031789166838956349
1,18001,1,1,0.32000000000000001,0.0010148917350453837,-0.033140271936814847
1,18001,1,1,0.33000000000000002,0.0010374038750095192,-0.034483323291170306
1,18001,1,1,0.34000000000000002,0.0010593009291140314,-0.035815961475193718
1,18001,1,1,0.34999999999999998,0.0010806833121694364,-0.037135596443635295
1,18001,1,1,0.35999999999999999,0.0011016476771401279,-0.038440271274040504
1,18001,1,1,0.37,0.0011223326038529789,-0.0397276885495145
1,18001,1,1,0.38,0.0011428525129473265,-0.040995960720488389
1,18001,1,1,0.39000000000000001,0.0011633598305606462,-0.042243415615967762
1,18001,1,1,0.40000000000000002,0.0011839989182196237,-0.043468524543792846
1,18001,1,1,0.40999999999999998,0.0012049171505619089,-0.044669697512749219
1,18001,1,1,0.41999999999999998,0.0012262581263409987,-0.045845809937819317
1,18001,1,1,0.42999999999999999,0.0012481744683732743,-0.046995864351283279
1,18001,1,1,0.44,0.0012707962239730485,-0.048118882301710179
1,18001,1,1,0.45000000000000001,0.0012942610577615715,-0.049214005561177082
1,18001,1,1,0.46000000000000002,0.0013186789125561732,-0.050280823195040181
1,18001,1,1,0.46999999999999997,0.0013441621826109915,-0.051318786813692556
1,18001,1,1,0.47999999999999998,0.0013707996271452132,-0.052327549292140986
1,18001,1,1,0.48999999999999999,0.0013986569774038435,-0.053307044178586525
1,18001,1,1,0.5,0.0014278076338748215,-0.054257041910806526
1,18001,1,1,0.51000000000000001,0.0014582705557639544,-0.055177765501114862
1,18001,1,1,0.52000000000000002,0.0014900848142138845,-0.05606920180837812
1,18001,1,1,0.53000000000000003,0.0015232366059964636,-0.056931758809776002
1,18001,1,1,0.54000000000000004,0.0015577176588319605,-0.057765684917967353
1,18001,1,1,0.55000000000000004,0.0015934958874624199,-0.058571343958196749
1,18001,1,1,0.56000000000000005,0.0016305134855349181,-0.059349376301688572
1,18001,1,1,0.56999999999999995,0.0016687136687197951,-0.060100169128706617
1,18001,1,1,0.57999999999999996,0.001708012735941839,-0.060824366613006525
1,18001,1,1,0.58999999999999997,0.0017483211301991348,-0.061522615044774819
1,18001,1,1,0.59999999999999998,0.0017895360327616755,-0.062195566696442071
1,18001,1,1,0.60999999999999999,0.0018315504813065989,-0.062843917853572559
1,18001,1,1,0.62,0.0018742464621306521,-0.06346833590942691
1,18001,1,1,0.63,0.0019175042944537658,-0.064069593764611021
1,18001,1,1,0.64000000000000001,0.0019612018127440488,-0.064648320186743019
1,18001,1,1,0.65000000000000002,0.0020052136206317483,-0.06520540261573754
1,18001,1,1,0.66000000000000003,0.0020494213457575008,-0.065741402240220084
1,18001,1,1,0.67000000000000004,0.0020937055092388858,-0.066256992086846406
1,18001,1,1,0.68000000000000005,0.0021379539609483905,-0.066753017269145051
1,18001,1,1,0.68999999999999995,0.0021820589085752959,-0.067230079754469554
1,18001,1,1,0.69999999999999996,0.0022259267277111548,-0.067688690598512222
1,18001,1,1,0.70999999999999996,0.0022694701061654258,-0.068129597273166656
1,18001,1,1,0.71999999999999997,0.002312608720162469,-0.06855340232246919
1,18001,1,1,0.72999999999999998,0.002355282315065781,-0.068960620338383002
1,18001,1,1,0.73999999999999999,0.0023974382694717552,-0.069351720086441984
1,18001,1,1,0.75,0.0024390476915914666,-0.069727226461861372
1,18001,1,1,0.76000000000000001,0.0024800727223019139,-0.070087728739958999
1,18001,1,1,0.77000000000000002,0.0025205174942025299,-0.070433559914205093
1,18001,1,1,0.78000000000000003,0.0025603936647788043,-0.070765060563072385
1,18001,1,1,0.79000000000000004,0.0025997115570819402,-0.071082681353946575
1,18001,1,1,0.80000000000000004,0.0026385138966628289,-0.071386890439554873
1,18001,1,1,0.81000000000000005,0.0026768583920786806,-0.071677880541554037
1,18001,1,1,0.81999999999999995,0.0027148089838148226,-0.071955894913097673
1,18001,1,1,0.82999999999999996,0.0027524450654175161,-0.072221392102399196
1,18001,1,1,0.83999999999999997,0.0027898636311973666,-0.072474574371653222
1,18001,1,1,0.84999999999999998,0.0028271666620406683,-0.072715718686841332
1,18001,1,1,0.85999999999999999,0.0028644848191505205,-0.072944899943950994
1,18001,1,1,0.87,0.0029019324069140102,-0.073162609675619161
1,18001,1,1,0.88,0.0029396586100458831,-0.073368919809655819
1,18001,1,1,0.89000000000000001,0.0029778012110598189,-0.073564103768099673
1,18001,1,1,0.90000000000000002,0.0030165307047597769,-0.073748224053428416
1,18001,1,1,0.91000000000000003,0.0030559860318148998,-0.073921754387902314
1,18001,1,1,0.92000000000000004,0.003096340873296563,-0.074084791166345809
1,18001,1,1,0.93000000000000005,0.0031377641168174168,-0.074237486286006113
1,18001,1,1,0.93999999999999995,0.0031804239724136951,-0.074380115536322858
1,18001,1,1,0.94999999999999996,0.0032244792799175533,-0.074512982738664565
1,18001,1,1,0.95999999999999996,0.0032701005184181732,-0.074636355255753753
1,18001,1,1,0.96999999999999997,0.0033174593416765916,-0.074750255228700255
1,18001,1,1,0.97999999999999998,0.0033667001312146345,-0.074855188346173995
1,18001,1,1,0.98999999999999999,0.0034179853893919424,-0.074951324657873367
1,18001,1,1,1,0.0034714295744180299,-0.075039124298252532
1,18001,1,2,0,0.00077878387213844069,-0.0013247395518613768
1,18001,1,2,0.01,0.00097966424249661143,-0.0016393991299751721
1,18001,1,2,0.02,0.0012158683137983878,-0.0019985673821749238
1,18001,1,2,0.029999999999999999,0.0014900545013861505,-0.0024043954706628235
1,18001,1,2,0.040000000000000001,0.001803728601652012,-0.0028578195010083764
1,18001,1,2,0.050000000000000003,0.0021586128445191715,-0.0033599909590243996
1,18001,1,2,0.059999999999999998,0.0025558288489998231,-0.0039115563018530608
1,18001,1,2,0.070000000000000007,0.002996162658894038,-0.004512719756450072
1,18001,1,2,0.080000000000000002,0.003480029015978756,-0.0051635045561840322
1,18001,1,2,0.089999999999999997,0.0040074810748473725,-0.0058634402458518885
1,18001,1,2,0.10000000000000001,0.0045782277418428309,-0.0066119051827594364
1,18001,1,2,0.11,0.0051917234377194593,-0.0074079183405423724
1,18001,1,2,0.12,0.0058469512959034471,-0.0082501751190394313
1,18001,1,2,0.13,0.0065427214249195462,-0.0091371354616279488
1,18001,1,2,0.14000000000000001,0.0072773360748118118,-0.010066885874326933
1,18001,1,2,0.14999999999999999,0.0080491496357281127,-0.011037483767030095
1,18001,1,2,0.16,0.0088559471422846609,-0.012046548433986948
1,18001,1,2,0.17000000000000001,0.0096957528563909618,-0.013091850953436774
1,18001,1,2,0.17999999999999999,0.010565864894856142,-0.014170523761721792
1,18001,1,2,0.19,0.011464023953534117,-0.01528010245093577
1,18001,1,2,0.20000000000000001,0.012387179503231557,-0.016417359684061241
1,18001,1,2,0.20999999999999999,0.013332975208012443,-0.017579733951571357
1,18001,1,2,0.22,0.014298266444432542,-0.018763890589855961
1,18001,1,2,0.23000000000000001,0.015280580315226487,-0.01996709378176793
1,18001,1,2,0.23999999999999999,0.016276837634984099,-0.021186082213675975
1,18001,1,2,0.25,0.017284473311390342,-0.02241797124625448
1,18001,1,2,0.26000000000000001,0.018300557594733247,-0.023659631832636276
1,18001,1,2,0.27000000000000002,0.019322679763391009,-0.024908286615546765
1,18001,1,2,0.28000000000000003,0.020348085963704118,-0.026160918319501968
1,18001,1,2,0.28999999999999998,0.021374592919151114,-0.027414983070010546
1,18001,1,2,0.29999999999999999,0.022399641654038113,-0.028667602837194019
1,18001,1,2,0.31,0.023421208034488727,-0.029916417324861517
1,18001,1,2,0.32000000000000001,0.024437099307531785,-0.031158875634052452
1,18001,1,2,0.33000000000000002,0.025445539687950228,-0.032392874266671402
1,18001,1,2,0.34000000000000002,0.026444661465396108,-0.033616198941747728
1,18001,1,2,0.34999999999999998,0.027432949257695946,-0.034827021068649287
1,18001,1,2,0.35999999999999999,0.028408721625297891,-0.036023370854288486
1,18001,1,2,0.37,0.029370792926643585,-0.037203770278234453
1,18001,1,2,0.38,0.030317808612163027,-0.038366641532626061
1,18001,1,2,0.39000000000000001,0.031248767219646284,-0.039510729957651418
1,18001,1,2,0.40000000000000002,0.032162677761446712,-0.040634896924557705
1,18001,1,2,0.40999999999999998,0.033058651335895452,-0.041738058312722238
1,18001,1,2,0.41999999999999998,0.033935926837195436,-0.04281939638148876
1,18001,1,2,0.42999999999999999,0.034793969206697896,-0.043878255489995632
1,18001,1,2,0.44,0.035632098039165068,-0.044913949602089692
1,18001,1,2,0.45000000000000001,0.03645008833294925,-0.0459262256807366
1,18001,1,2,0.46000000000000002,0.037247363830624956,-0.046914546971532543
1,18001,1,2,0.46999999999999997,0.038023872981453141,-0.047878934586352208
1,18001,1,2,0.47999999999999998,0.038779304127390953,-0.048819159727467802
1,18001,1,2,0.48999999999999999,0.039513635225030742,-0.049735339115968051
1,18001,1,2,0.5,0.040226842935934197,-0.050627569282297169
1,18001,1,2,0.51000000000000001,0.040918906489121241,-0.051496006067273871
1,18001,1,2,0.52000000000000002,0.041590008424602233,-0.052340999364107861
1,18001,1,2,0.53000000000000003,0.04224030858327419,-0.05316292505892619
1,18001,1,2,0.54000000000000004,0.042869998793439119,-0.053962156913540067
1,18001,1,2,0.55000000000000004,0.0434794466765566,-0.054739279064101642
1,18001,1,2,0.56000000000000005,0.044068848600375667,-0.055494680363045355
1,18001,1,2,0.56999999999999995,0.044638703468761254,-0.056229061944014974
1,18001,1,2,0.57999999999999996,0.045189341137055278,-0.056942954383337498
1,18001,1,2,0.58999999999999997,0.045721238799412596,-0.057637018565684921
1,18001,1,2,0.59999999999999998,0.0462349007009085,-0.058311929202689572
1,18001,1,2,0.60999999999999999,0.046730735308428174,-0.058968255401040753
1,18001,1,2,0.62,0.047209376684146813,-0.059606750783710895
1,18001,1,2,0.63,0.047671282209698275,-0.060228011602835509
1,18001,1,2,0.64000000000000001,0.048117075838875333,-0.060832751685978147
1,18001,1,2,0.65000000000000002,0.048547280146264506,-0.061421581241591285
1,18001,1,2,0.66000000000000003,0.048962485131915694,-0.061995138663192145
1,18001,1,2,0.67000000000000004,0.049363226456026067,-0.062553995137988483
1,18001,1,2,0.68000000000000005,0.04975010640202087,-0.063098755554854738
1,18001,1,2,0.68999999999999995,0.050123650569982504,-0.06362995363424119
1,18001,1,2,0.69999999999999996,0.050484474156943814,-0.064148178713248807
1,18001,1,2,0.70999999999999996,0.050833048015342136,-0.064653861872914262
1,18001,1,2,0.71999999999999997,0.051169957134472997,-0.065147539815770109
1,18001,1,2,0.72999999999999998,0.051495638608214461,-0.065629572976036346
1,18001,1,2,0.73999999999999999,0.051810632281712732,-0.066100422012828952
1,18001,1,2,0.75,0.052115376759684723,-0.066560446521926789
1,18001,1,2,0.76000000000000001,0.052410351323018224,-0.067010002644599248
1,18001,1,2,0.77000000000000002,0.052695930203692586,-0.067449379420663022
1,18001,1,2,0.78000000000000003,0.05297258117327646,-0.067878906445906773
1,18001,1,2,0.79000000000000004,0.053240554602487444,-0.068298745176872788
1,18001,1,2,0.80000000000000004,0.053500340346531845,-0.068709277899179341
1,18001,1,2,0.81000000000000005,0.053752124395739655,-0.069110609483578986
1,18001,1,2,0.81999999999999995,0.053996339107480272,-0.069503078311150573
1,18001,1,2,0.82999999999999996,0.054233128701890419,-0.069886757234700447
1,18001,1,2,0.83999999999999997,0.054462828611954582,-0.070261904755457169
1,18001,1,2,0.84999999999999998,0.054685567794999133,-0.070628607587564132
1,18001,1,2,0.85999999999999999,0.054901681374003398,-0.070987156466082668
1,18001,1,2,0.87,0.055111249529197687,-0.071337618697297364
1,18001,1,2,0.88,0.055314551014909126,-0.071680260168474466
1,18001,1,2,0.89000000000000001,0.055511630106584726,-0.072015131119085626
1,18001,1,2,0.90000000000000002,0.055702703303160593,-0.072342472819824796
1,18001,1,2,0.91000000000000003,0.055887828092712977,-0.07266237933849691
1,18001,1,2,0.92000000000000004,0.056067230365337915,-0.072975142850270056
1,18001,1,2,0.93000000000000005,0.056240906371639428,-0.073280830399735042
1,18001,1,2,0.93999999999999995,0.056409073937159958,-0.073579741491332715
1,18001,1,2,0.94999999999999996,0.056571683233448994,-0.073871934745726328
1,18001,1,2,0.95999999999999996,0.056728953116924774,-0.074157729927393432
1,18001,1,2,0.96999999999999997,0.056880859097044073,-0.074437245753791251
1,18001,1,2,0.97999999999999998,0.057027607596139,-0.074710820468615519
1,18001,1,2,0.98999999999999999,0.057169155149409123,-0.07497855816255436
1,18001,1,2,1,0.057305698434474896,-0.075240816869626442
1,18001,1,3,0,0.001312658154413791,-0.00059174308487870697
1,18001,1,3,0.01,0.0016286577692263763,-0.00066981584184217749
1,18001,1,3,0.02,0.0019935538540791589,-0.00075242193064122356
1,18001,1,3,0.029999999999999999,0.0024103002949000963,-0.00083915450314453466
1,18001,1,3,0.040000000000000001,0.0028803804204880893,-0.00092950634559156456
1,18001,1,3,0.050000000000000003,0.0034055245412104376,-0.0010230658819319843
1,18001,1,3,0.059999999999999998,0.0039866248103850995,-0.0011193628004285425
1,18001,1,3,0.070000000000000007,0.0046243444473639617,-0.0012180260494527135
1,18001,1,3,0.080000000000000002,0.0053190823370852418,-0.0013186245031258344
1,18001,1,3,0.089999999999999997,0.006070314952416841,-0.0014208800424725385
1,18001,1,3,0.10000000000000001,0.0068778072005616165,-0.0015244327084912388
1,18001,1,3,0.11,0.007740557179303934,-0.0016290922234897959
1,18001,1,3,0.12,0.0086574825361212231,-0.0017346044047382516
1,18001,1,3,0.13,0.0096268673412631678,-0.0018408716305451601
1,18001,1,3,0.14000000000000001,0.010646959388436239,-0.0019477444001209307
1,18001,1,3,0.14999999999999999,0.011715647221344862,-0.0020551977663860301
1,18001,1,3,0.16,0.012830393999817571,-0.002163210630890543
1,18001,1,3,0.17000000000000001,0.013988798227185711,-0.0022718089729056165
1,18001,1,3,0.17999999999999999,0.015187968374495925,-0.0023810575152895469
1,18001,1,3,0.19,0.016424901141187692,-0.0024910348997109091
1,18001,1,3,0.20000000000000001,0.017696192351223838,-0.0026018743640059947
1,18001,1,3,0.20999999999999999,0.018998984474305172,-0.0027136558119164986
1,18001,1,3,0.22,0.020329363120837385,-0.0028265434171554742
1,18001,1,3,0.23000000000000001,0.021684142599401251,-0.0029406442602146229
1,18001,1,3,0.23999999999999999,0.023059598624779198,-0.0030560758435540878
1,18001,1,3,0.25,0.024452165399233505,-0.0031729476667315217
1,18001,1,3,0.26000000000000001,0.025858109485055587,-0.0032913397697630193
1,18001,1,3,0.27000000000000002,0.027273845925210885,-0.0034113205742461023
1,18001,1,3,0.28000000000000003,0.028695926265161379,-0.0035329089063879729
1,18001,1,3,0.28999999999999998,0.030120669657464471,-0.0036561244862333038
1,18001,1,3,0.29999999999999999,0.031544701625288551,-0.003780940834171808
1,18001,1,3,0.31,0.032964715760330394,-0.0039072944798938967
1,18001,1,3,0.32000000000000001,0.034377419512431694,-0.0040351199519610267
1,18001,1,3,0.33000000000000002,0.035779756439542329,-0.0041643029840974129
1,18001,1,3,0.34000000000000002,0.037168910205379928,-0.004294709240420168
1,18001,1,3,0.34999999999999998,0.038542135846376856,-0.0044261946665078954
1,18001,1,3,0.35999999999999999,0.039896811006527248,-0.0045585925335249926
1,18001,1,3,0.37,0.041230651359642129,-0.0046917348725252503
1,18001,1,3,0.38,0.042541583436994268,-0.0048254273152709059
1,18001,1,3,0.39000000000000001,0.043827610910727739,-0.0049595038585619018
1,18001,1,3,0.40000000000000002,0.045087120334068774,-0.0050937745120022389
1,18001,1,3,0.40999999999999998,0.046318719646456973,-0.0052280668721962319
1,18001,1,3,0.41999999999999998,0.047521017824794544,-0.0053622226726487456
1,18001,1,3,0.42999999999999999,0.048693172871342789,-0.005496092564240389
1,18001,1,3,0.44,0.049834212322531053,-0.0056295380764165466
1,18001,1,3,0.45000000000000001,0.050943825250653017,-0.0057624447223556356
1,18001,1,3,0.46000000000000002,0.052021348317685852,-0.0058947067530718969
1,18001,1,3,0.46999999999999997,0.053066866728601246,-0.0060262466030532825
1,18001,1,3,0.47999999999999998,0.054080189273797742,-0.006156984926858137
1,18001,1,3,0.48999999999999999,0.055061641913142924,-0.006286881260375677
1,18001,1,3,0.5,0.056011434219087518,-0.0064158832887877089
1,18001,1,3,0.51000000000000001,0.056930147715433366,-0.0065439710319888352
1,18001,1,3,0.52000000000000002,0.057818271666374495,-0.0066711172292189327
1,18001,1,3,0.53000000000000003,0.058676654876370214,-0.0067973147726920168
1,18001,1,3,0.54000000000000004,0.059505948070650273,-0.0069225479533010495
1,18001,1,3,0.55000000000000004,0.060307214471278354,-0.0070468135536179101
1,18001,1,3,0.56000000000000005,0.061081197944086285,-0.0071700985744082716
1,18001,1,3,0.56999999999999995,0.06182907863490824,-0.0072923970615161671
1,18001,1,3,0.57999999999999996,0.06255170601435428,-0.0074136873532760252
1,18001,1,3,0.58999999999999997,0.063250251418757189,-0.0075339576487127398
1,18001,1,3,0.59999999999999998,0.063925726278640252,-0.0076531749258269902
1,18001,1,3,0.60999999999999999,0.064579085380924731,-0.0077713153254598587
1,18001,1,3,0.62,0.065211431549856494,-0.0078883350419114012
1,18001,1,3,0.63,0.065823665037119936,-0.0080041972627017798
1,18001,1,3,0.64000000000000001,0.066416787115218395,-0.0081188529523769908
1,18001,1,3,0.65000000000000002,0.066991644076827353,-0.0082322559475444899
1,18001,1,3,0.66000000000000003,0.067549104778744942,-0.0083443578699812348
1,18001,1,3,0.67000000000000004,0.068089938403032998,-0.0084551100247039681
1,18001,1,3,0.68000000000000005,0.06861472736551795,-0.0085644670735852534
1,18001,1,3,0.68999999999999995,0.069124307807799615,-0.0086723913959504181
1,18001,1,3,0.69999999999999996,0.069619095587425586,-0.0087788575646716872
1,18001,1,3,0.70999999999999996,0.07009967378381099,-0.0088838329105393517
1,18001,1,3,0.71999999999999997,0.070566408548504961,-0.0089873250122625929
1,18001,1,3,0.72999999999999998,0.071019737682674403,-0.0090893228128366647
1,18001,1,3,0.73999999999999999,0.071459859694942063,-0.009189858321855161
1,18001,1,3,0.75,0.071887089272434188,-0.0092889593478094317
1,18001,1,3,0.76000000000000001,0.072301656523030958,-0.0093866914307334202
1,18001,1,3,0.77000000000000002,0.072703628223277084,-0.0094831227417128162
1,18001,1,3,0.78000000000000003,0.073093120948991341,-0.0095783368813915481
1,18001,1,3,0.79000000000000004,0.073470127050176665,-0.0096724577049622246
1,18001,1,3,0.80000000000000004,0.073834860249609266,-0.0097655930919049293
1,18001,1,3,0.81000000000000005,0.07418705453934539,-0.0098579094460310157
1,18001,1,3,0.81999999999999995,0.074526973272198135,-0.0099495371253398041
1,18001,1,3,0.82999999999999996,0.074854476027079522,-0.010040673108135353
1,18001,1,3,0.83999999999999997,0.075169519266227683,-0.010131467118225178
1,18001,1,3,0.84999999999999998,0.075472088193623901,-0.010222121024910952
1,18001,1,3,0.85999999999999999,0.075762277481610851,-0.010312827567753235
1,18001,1,3,0.87,0.076040072925103619,-0.010403769994405622
1,18001,1,3,0.88,0.076305434590805243,-0.010495147102608807
1,18001,1,3,0.89000000000000001,0.076558590315516831,-0.010587126568668571
1,18001,1,3,0.90000000000000002,0.076799456035197347,-0.010679904977009741
1,18001,1,3,0.91000000000000003,0.077028282423882585,-0.010773605056561232
1,18001,1,3,0.92000000000000004,0.077245199692120292,-0.010868411658353686
1,18001,1,3,0.93000000000000005,0.077450579637960745,-0.010964417906106902
1,18001,1,3,0.93999999999999995,0.077644504438523193,-0.011061733431708317
1,18001,1,3,0.94999999999999996,0.077827345567076253,-0.011160417540815095
1,18001,1,3,0.95999999999999996,0.077999489901119046,-0.011260512631683145
1,18001,1,3,0.96999999999999997,0.078161291495778829,-0.011362035560483749
1,18001,1,3,0.97999999999999998,0.078313232064795082,-0.011464931824538891
1,18001,1,3,0.98999999999999999,0.078455736054268088,-0.011569172611225483
1,18001,1,3,1,0.078589480733477809,-0.011674612812550481
1,18001,1,4,0,0.0011156881173154758,0.00097361622104469769
1,18001,1,4,0.01,0.0013741251843527238,0.0012169617504377121
1,18001,1,4,0.02,0.001668740284035784,0.0014976936713641191
1,18001,1,4,0.029999999999999999,0.0020013220988144603,0.0018179608421788967
1,18001,1,4,0.040000000000000001,0.0023728157612954485,0.0021790154974879613
1,18001,1,4,0.050000000000000003,0.0027841426999816545,0.0025820369196791824
1,18001,1,4,0.059999999999999998,0.0032356743092540629,0.003027604207095505
1,18001,1,4,0.070000000000000007,0.0037280721807566343,0.0035164840729313327
1,18001,1,4,0.080000000000000002,0.0042611945153199762,0.0040486236197168979
1,18001,1,4,0.089999999999999997,0.004835077283634537,0.0046240136963627424
1,18001,1,4,0.10000000000000001,0.0054492301842253938,0.0052421028851306678
1,18001,1,4,0.11,0.0061032947995397777,0.0059023657379812982
1,18001,1,4,0.12,0.0067962384522711082,0.0066035787300611449
1,18001,1,4,0.13,0.0075272862604708465,0.0073447004728979326
1,18001,1,4,0.14000000000000001,0.0082951549965775973,0.0081241506645444942
1,18001,1,4,0.14999999999999999,0.0090985977560686191,0.008940365402651711
1,18001,1,4,0.16,0.0099357944457958963,0.0097911658919517721
1,18001,1,4,0.17000000000000001,0.010805466417249965,0.010674916685827049
1,18001,1,4,0.17999999999999999,0.011705372820881202,0.011589026042811054
1,18001,1,4,0.19,0.012633631636594691,0.012531254356096774
1,18001,1,4,0.20000000000000001,0.013588241152011979,0.013499276376470035
1,18001,1,4,0.20999999999999999,0.014566820647554213,0.01449038746856591
1,18001,1,4,0.22,0.015567029194622781,0.015501999394086988
1,18001,1,4,0.23000000000000001,0.016586599058410933,0.016531556384350613
1,18001,1,4,0.23999999999999999,0.017622966178594861,0.017576317966505158
1,18001,1,4,0.25,0.0186736001817327,0.018633555265077085
1,18001,1,4,0.26000000000000001,0.019736070363569974,0.019700702638925014
1,18001,1,4,0.27000000000000002,0.020807825766652414,0.020775109247153114
1,18001,1,4,0.28000000000000003,0.021886304565853439,0.021854107218286945
1,18001,1,4,0.28999999999999998,0.022969045175475048,0.022935231149307417
1,18001,1,4,0.29999999999999999,0.024053736341145895,0.02401608590041901
1,18001,1,4,0.31,0.025137836482468839,0.02509416072107426
1,18001,1,4,0.32000000000000001,0.026219197728110558,0.026167286254341227
1,18001,1,4,0.33000000000000002,0.027295616404367687,0.027233274818875126
1,18001,1,4,0.34000000000000002,0.028364986344114922,0.028290022956862684
1,18001,1,4,0.34999999999999998,0.02942539179053863,0.029335649542492296
1,18001,1,4,0.35999999999999999,0.030474946163089562,0.030368249362606712
1,18001,1,4,0.37,0.031512039211504785,0.031386229796051331
1,18001,1,4,0.38,0.032535042147232331,0.032387952339087402
1,18001,1,4,0.39000000000000001,0.033542553414747364,0.033372003782895072
1,18001,1,4,0.40000000000000002,0.034533384896603229,0.034337139838516446
1,18001,1,4,0.40999999999999998,0.035506314897769529,0.035282153077627838
1,18001,1,4,0.41999999999999998,0.036460430111390739,0.036206030012478296
1,18001,1,4,0.42999999999999999,0.037394907046231433,0.037107944022594659
1,18001,1,4,0.44,0.03830903250952359,0.037987069749836351
1,18001,1,4,0.45000000000000001,0.039202212788094069,0.038842827320606739
1,18001,1,4,0.46000000000000002,0.040074145521553889,0.03967477767262223
1,18001,1,4,0.46999999999999997,0.040924387282493792,0.040482486267961117
1,18001,1,4,0.47999999999999998,0.04175279660350454,0.041265732226604332
1,18001,1,4,0.48999999999999999,0.042559360752321113,0.042024501643278832
1,18001,1,4,0.5,0.04334393967960759,0.042758585520718352
1,18001,1,4,0.51000000000000001,0.044106788494232309,0.043468316842306093
1,18001,1,4,0.52000000000000002,0.044847921694675996,0.044153657145234393
1,18001,1,4,0.53000000000000003,0.045567734404786564,0.044815095236964614
1,18001,1,4,0.54000000000000004,0.046266423632358666,0.045452878408397769
1,18001,1,4,0.55000000000000004,0.046944343937418587,0.04606747906429897
1,18001,1,4,0.56000000000000005,0.04760194132206963,0.046659429267559949
1,18001,1,4,0.56999999999999995,0.048239582595387083,0.047229290377899781
1,18001,1,4,0.57999999999999996,0.048857697642175048,0.047777649986097646
1,18001,1,4,0.58999999999999997,0.049456809106007561,0.048305222255594631
1,18001,1,4,0.59999999999999998,0.050037297785436946,0.048812632664134693
1,18001,1,4,0.60999999999999999,0.050599686008015898,0.049300653545912822
1,18001,1,4,0.62,0.051144431271968695,0.049769981953503482
1,18001,1,4,0.63,0.051671963322094901,0.050221354142518292
1,18001,1,4,0.64000000000000001,0.05218270446649026,0.050655471299703582
1,18001,1,4,0.65000000000000002,0.052677182891149532,0.051073157500496395
1,18001,1,4,0.66000000000000003,0.053155647126691428,0.051474958841070638
1,18001,1,4,0.67000000000000004,0.053618608595564644,0.051861698426202897
1,18001,1,4,0.68000000000000005,0.054066392202874652,0.052233979549106024
1,18001,1,4,0.68999999999999995,0.054499325400290621,0.052592409669986497
1,18001,1,4,0.69999999999999996,0.054917730912762787,0.052937594167291692
1,18001,1,4,0.70999999999999996,0.055321946685766045,0.053270104116283655
1,18001,1,4,0.71999999999999997,0.055712206992603458,0.053590398706882723
1,18001,1,4,0.72999999999999998,0.056088766824778265,0.053898938771229012
1,18001,1,4,0.73999999999999999,0.056451927163572085,0.054196200302665858
1,18001,1,4,0.75,0.056801890016557853,0.05448250315571166
1,18001,1,4,0.76000000000000001,0.057138824437784112,0.054758143920626882
1,18001,1,4,0.77000000000000002,0.057463036050072282,0.055023491303758144
1,18001,1,4,0.78000000000000003,0.057774700187807691,0.055278740317239457
1,18001,1,4,0.79000000000000004,0.058073949089908129,0.055524044079094559
1,18001,1,4,0.80000000000000004,0.058361087367979882,0.055759653696104507
1,18001,1,4,0.81000000000000005,0.0586363071014794,0.055985689343743032
1,18001,1,4,0.81999999999999995,0.058899736802215802,0.056202178074182214
1,18001,1,4,0.82999999999999996,0.059151676590058912,0.056409283495645009
1,18001,1,4,0.83999999999999997,0.059392413426343132,0.056607113140194565
1,18001,1,4,0.84999999999999998,0.059622005109325277,0.056795549682864467
1,18001,1,4,0.85999999999999999,0.059840894652084774,0.056974805876193059
1,18001,1,4,0.87,0.060049290873635315,0.057144872883370924
1,18001,1,4,0.88,0.060247455384416358,0.057305748745361727
1,18001,1,4,0.89000000000000001,0.060435682030522998,0.057457490702727924
1,18001,1,4,0.90000000000000002,0.060614422614432471,0.057600274655435713
1,18001,1,4,0.91000000000000003,0.060783840046709364,0.057734019944631197
1,18001,1,4,0.92000000000000004,0.06094439482368625,0.057858915133671251
1,18001,1,4,0.93000000000000005,0.061096434311663735,0.057975091466739237
1,18001,1,4,0.93999999999999995,0.06124037651089325,0.058082709918681558
1,18001,1,4,0.94999999999999996,0.06137647442573449,0.058181846722218343
1,18001,1,4,0.95999999999999996,0.061505338491581685,0.058272907500283876
1,18001,1,4,0.96999999999999997,0.061627228629220654,0.058356026027089385
1,18001,1,4,0.97999999999999998,0.061742595621992635,0.058431507153372302
1,18001,1,4,0.98999999999999999,0.061851843495637181,0.058499699785567565
1,18001,1,4,1,0.061955520403968074,0.05856109833570261
1,18001,1,5,0,-8.4203518269904132e-05,0.0015465387933784741
1,18001,1,5,0.01,-0.00010905877014534002,0.0018889895899629515
1,18001,1,5,0.02,-0.00013658790645807163,0.0022806207569003134
1,18001,1,5,0.029999999999999999,-0.00016686633770997107,0.0027239106715369658
1,18001,1,5,0.040000000000000001,-0.00019993884498079005,0.0032206537656612878
1,18001,1,5,0.050000000000000003,-0.00023588084614762595,0.0037717360222643843
1,18001,1,5,0.059999999999999998,-0.00027480032662672383,0.0043784273657952065
1,18001,1,5,0.070000000000000007,-0.00031675566662727443,0.005040924726946748
1,18001,1,5,0.080000000000000002,-0.0003618645731839642,0.0057597300099582393
1,18001,1,5,0.089999999999999997,-0.00041023295377672363,0.0065342125066384987
1,18001,1,5,0.10000000000000001,-0.0004619657232346132,0.007364068019713438
1,18001,1,5,0.11,-0.00051716453289913083,0.0082484018064042253
1,18001,1,5,0.12,-0.0005759525749484387,0.00918571771709553
1,18001,1,5,0.13,-0.0006384160973597232,0.010174535679752945
1,18001,1,5,0.14000000000000001,-0.00070465901723139812,0.011213212804108629
1,18001,1,5,0.14999999999999999,-0.00077476399505996111,0.012299357675825198
1,18001,1,5,0.16,-0.00084880851982457829,0.013430481256222107
1,18001,1,5,0.17000000000000001,-0.00092684923893599066,0.014604403624492286
1,18001,1,5,0.17999999999999999,-0.0010089081984574651,0.015817686816589755
1,18001,1,5,0.19,-0.0010950645036434394,0.017067661398117964
1,18001,1,5,0.20000000000000001,-0.0011852556570043618,0.018351091281573535
1,18001,1,5,0.20999999999999999,-0.0012795078031728917,0.019664456030711763
1,18001,1,5,0.22,-0.0013777876481026186,0.021004461469238758
1,18001,1,5,0.23000000000000001,-0.0014800028090883599,0.022367467800420548
1,18001,1,5,0.23999999999999999,-0.0015861333984906487,0.023750056222711691
1,18001,1,5,0.25,-0.0016960478169428226,0.02514828144207475
1,18001,1,5,0.26000000000000001,-0.0018096497877512045,0.026558781813522003
1,18001,1,5,0.27000000000000002,-0.0019268144284803185,0.027977924919271587
1,18001,1,5,0.28000000000000003,-0.002047397610984924,0.029401896324288222
1,18001,1,5,0.28999999999999998,-0.0021712620720316512,0.030827485254500242
1,18001,1,5,0.29999999999999999,-0.0022982214832814002,0.032251165674215175
1,18001,1,5,0.31,-0.0024281217256969952,0.033669639269081647
1,18001,1,5,0.32000000000000001,-0.0025607906017554596,0.035079675536549643
1,18001,1,5,0.33000000000000002,-0.0026960176427536626,0.036478419660492672
1,18001,1,5,0.34000000000000002,-0.0028336492258515707,0.037862910782193775
1,18001,1,5,0.34999999999999998,-0.0029734742842072669,0.039230382280720469
1,18001,1,5,0.35999999999999999,-0.003115297261232173,0.040578727147623561
1,18001,1,5,0.37,-0.0032589567148998879,0.041905179970870142
1,18001,1,5,0.38,-0.003404234256917132,0.043208083659067142
1,18001,1,5,0.39000000000000001,-0.0035509533878164898,0.04448538652222675
1,18001,1,5,0.40000000000000002,-0.0036989322879500022,0.045735485690009958
1,18001,1,5,0.40999999999999998,-0.003847979667648068,0.046957170171102854
1,18001,1,5,0.41999999999999998,-0.0039979262660838196,0.048148771887512182
1,18001,1,5,0.42999999999999999,-0.0041485917070031983,0.049309951759003268
1,18001,1,5,0.44,-0.0042998013554493789,0.050439471568822287
1,18001,1,5,0.45000000000000001,-0.004451390809461356,0.051536990878895024
1,18001,1,5,0.46000000000000002,-0.0046031867680844836,0.052602251231717467
1,18001,1,5,0.46999999999999997,-0.0047550436812827121,0.053634816401477527
1,18001,1,5,0.47999999999999998,-0.004906781071826973,0.054634997402660063
1,18001,1,5,0.48999999999999999,-0.0050582526898126532,0.055602844512552541
1,18001,1,5,0.5,-0.0052093208551482473,0.056538750418885154
1,18001,1,5,0.51000000000000001,-0.0053597983645296068,0.057443186664877084
1,18001,1,5,0.52000000000000002,-0.0055095724716155252,0.058316798203971988
1,18001,1,5,0.53000000000000003,-0.0056584846740963283,0.059160307089655917
1,18001,1,5,0.54000000000000004,-0.0058063851545659953,0.059974653815239996
1,18001,1,5,0.55000000000000004,-0.0059531398929133185,0.060760552981509751
1,18001,1,5,0.56000000000000005,-0.0060986152019724743,0.06151923867898676
1,18001,1,5,0.56999999999999995,-0.006242665454230808,0.06225164311553457
1,18001,1,5,0.57999999999999996,-0.0063851533583812181,0.062958813773968184
1,18001,1,5,0.58999999999999997,-0.0065259748303068523,0.063642111950237848
1,18001,1,5,0.59999999999999998,-0.0066649565025680259,0.064302339296934991
1,18001,1,5,0.60999999999999999,-0.0068020044409032405,0.064940936394715876
1,18001,1,5,0.62,-0.0069369895714057848,0.065558926507803941
1,18001,1,5,0.63,-0.0070697752542266427,0.066157443330105245
1,18001,1,5,0.64000000000000001,-0.0072002698523738291,0.06673763752219658
1,18001,1,5,0.65000000000000002,-0.0073283250427381881,0.067300495119218123
1,18001,1,5,0.66000000000000003,-0.0074538683768220508,0.067847124949662621
1,18001,1,5,0.67000000000000004,-0.0075767660679234667,0.068378440986086308
1,18001,1,5,0.68000000000000005,-0.0076969242754242719,0.068895414987131476
1,18001,1,5,0.68999999999999995,-0.0078142680836516612,0.069398898584801777
1,18001,1,5,0.69999999999999996,-0.0079286672998505128,0.069889681047139107
1,18001,1,5,0.70999999999999996,-0.0080400786363832976,0.070368528638532934
1,18001,1,5,0.71999999999999997,-0.0081484173453834283,0.070836165456772376
1,18001,1,5,0.72999999999999998,-0.0082536012365944222,0.07129306870841598
1,18001,1,5,0.73999999999999999,-0.0083555918013964742,0.071739970232857067
1,18001,1,5,0.75,-0.0084543371577947939,0.07217728538158269
1,18001,1,5,0.76000000000000001,-0.0085497901067374069,0.072605375831764976
1,18001,1,5,0.77000000000000002,-0.0086419454415228181,0.073024793653393524
1,18001,1,5,0.78000000000000003,-0.0087307653397764202,0.073435732749075083
1,18001,1,5,0.79000000000000004,-0.0088162698629060832,0.073838531501248
1,18001,1,5,0.80000000000000004,-0.0088984715204890718,0.074233384618029127
1,18001,1,5,0.81000000000000005,-0.0089773807288054917,0.074620617755125684
1,18001,1,5,0.81999999999999995,-0.0090530806608234773,0.075000221546722604
1,18001,1,5,0.82999999999999996,-0.0091255739709275724,0.075372467001648777
1,18001,1,5,0.83999999999999997,-0.0091949789160175582,0.075737531742788675
1,18001,1,5,0.84999999999999998,-0.0092613824194638615,0.076095290408157226
1,18001,1,5,0.85999999999999999,-0.0093248683827873869,0.07644609377669416
1,18001,1,5,0.87,-0.0093855954853013044,0.076789885086648191
1,18001,1,5,0.88,-0.0094436748449726292,0.077126793759663373
1,18001,1,5,0.89000000000000001,-0.0094992874718476845,0.077456872675956176
1,18001,1,5,0.90000000000000002,-0.0095525873658045424,0.077780342684811488
1,18001,1,5,0.91000000000000003,-0.0096037714521658348,0.078097233420681908
1,18001,1,5,0.92000000000000004,-0.0096530513576571549,0.078407584123391813
1,18001,1,5,0.93000000000000005,-0.0097006167476384169,0.078711818245741069
1,18001,1,5,0.93999999999999995,-0.0097467246650183477,0.079009821010674205
1,18001,1,5,0.94999999999999996,-0.0097916057392901882,0.079301909644222027
1,18001,1,5,0.95999999999999996,-0.0098354973610957405,0.079588351251049114
1,18001,1,5,0.96999999999999997,-0.0098786619061231439,0.079869398511985837
1,18001,1,5,0.97999999999999998,-0.00992137656429877,0.080145190844393033
1,18001,1,5,0.98999999999999999,-0.0099638925076793467,0.080416162860386761
1,18001,1,5,1,-0.010006468925995105,0.080682766477638945
1,18001,1,6,0,-0.0011950259030201933,0.0010241792826450186
1,18001,1,6,0.01,-0.0014570571449055156,0.0012351155631662118
1,18001,1,6,0.02,-0.0017550931634519012,0.0014769107555202077
1,18001,1,6,0.029999999999999999,-0.0020911267205502935,0.0017517542158005286
1,18001,1,6,0.040000000000000001,-0.0024656620815927937,0.0020604725145114229
1,18001,1,6,0.050000000000000003,-0.0028797632618662258,0.0024043475562261223
1,18001,1,6,0.059999999999999998,-0.0033338374616219218,0.0027841449263053021
1,18001,1,6,0.070000000000000007,-0.0038280488668258894,0.003200236510822017
1,18001,1,6,0.080000000000000002,-0.0043626260173870567,0.0036531983502856046
1,18001,1,6,0.089999999999999997,-0.0049370421791364331,0.0041427197349343759
1,18001,1,6,0.10000000000000001,-0.0055511488789566571,0.0046689251778486316
1,18001,1,6,0.11,-0.0062039713408797159,0.0052310977232869977
1,18001,1,6,0.12,-0.0068949124267189037,0.0058288095142475264
1,18001,1,6,0.13,-0.0076226058621329598,0.0064609827571844676
1,18001,1,6,0.14000000000000001,-0.0083860363734168802,0.0071266956677837308
1,18001,1,6,0.14999999999999999,-0.0091834925248377979,0.0078245114430447998
1,18001,1,6,0.16,-0.010013601741964464,0.0085531451211859743
1,18001,1,6,0.17000000000000001,-0.010874291700782515,0.0093107382241777777
1,18001,1,6,0.17999999999999999,-0.011763933579124239,0.010095779411195551
1,18001,1,6,0.19,-0.0126801974091837,0.010906108367678307
1,18001,1,6,0.20000000000000001,-0.013621078219963972,0.011739835999260831
1,18001,1,6,0.20999999999999999,-0.014584199169961218,0.01259476194582433
1,18001,1,6,0.22,-0.015567263513690512,0.013468706218982383
1,18001,1,6,0.23000000000000001,-0.016567778925212759,0.014359348585887355
1,18001,1,6,0.23999999999999999,-0.017583283909608786,0.015264369259516028
1,18001,1,6,0.25,-0.018611251580786328,0.016181377437445032
1,18001,1,6,0.26000000000000001,-0.019649126275411478,0.017108015367248142
1,18001,1,6,0.27000000000000002,-0.020694419522042939,0.018041902153377191
1,18001,1,6,0.28000000000000003,-0.02174454868180456,0.018980675887064445
1,18001,1,6,0.28999999999999998,-0.022797139231553354,0.019922076156107998
1,18001,1,6,0.29999999999999999,-0.023849691928993305,0.020863797144566088
1,18001,1,6,0.31,-0.024899916695222121,0.021803684438121095
1,18001,1,6,0.32000000000000001,-0.025945559303078822,0.022739635802224174
1,18001,1,6,0.33000000000000002,-0.026984436376113283,0.023669621005166081
1,18001,1,6,0.34000000000000002,-0.0280145888385387,0.024591787671874515
1,18001,1,6,0.34999999999999998,-0.029034034650514639,0.025504302562429814
1,18001,1,6,0.35999999999999999,-0.030041101480975607,0.026405569998977575
1,18001,1,6,0.37,-0.031034156423876622,0.027294079312308494
1,18001,1,6,0.38,-0.032011683893484161,0.028168352777315556
1,18001,1,6,0.39000000000000001,-0.032972549308870301,0.029027370308566707
1,18001,1,6,0.40000000000000002,-0.033915371328025183,0.029869732406391111
1,18001,1,6,0.40999999999999998,-0.034839474498040743,0.030694874221698389
1,18001,1,6,0.41999999999999998,-0.035743790578485264,0.031501681494760674
1,18001,1,6,0.42999999999999999,-0.036627870634163874,0.032289773278161377
1,18001,1,6,0.44,-0.037491095012835249,0.033058504568069309
1,18001,1,6,0.45000000000000001,-0.03833314348160604,0.033807555228633379
1,18001,1,6,0.46000000000000002,-0.039153839048217662,0.034536769983319553
1,18001,1,6,0.46999999999999997,-0.039953036028855006,0.035245960227300678
1,18001,1,6,0.47999999999999998,-0.040730856063017025,0.035935298716106269
1,18001,1,6,0.48999999999999999,-0.04148736996658775,0.036604810647309867
1,18001,1,6,0.5,-0.042222900812107743,0.037254887389559961
1,18001,1,6,0.51000000000000001,-0.042937711250684407,0.0378857731009506
1,18001,1,6,0.52000000000000002,-0.043632276773891608,0.038498027686699597
1,18001,1,6,0.53000000000000003,-0.044307030494695011,0.039092104010362658
1,18001,1,6,0.54000000000000004,-0.044962541680452855,0.039668686355944185
1,18001,1,6,0.55000000000000004,-0.04559933776067774,0.040228365258821265
1,18001,1,6,0.56000000000000005,-0.04621805889286737,0.040771932275999026
1,18001,1,6,0.56999999999999995,-0.04681928601901883,0.041300087520990091
1,18001,1,6,0.57999999999999996,-0.047403665405062689,0.041813650725596722
1,18001,1,6,0.58999999999999997,-0.047971841442655878,0.04231346849354347
1,18001,1,6,0.59999999999999998,-0.048524392085527467,0.042800300017278081
1,18001,1,6,0.60999999999999999,-0.049061984947383709,0.043275075386219004
1,18001,1,6,0.62,-0.049585124626316417,0.043738519862435453
1,18001,1,6,0.63,-0.050094443974694536,0.044191539777167409
1,18001,1,6,0.64000000000000001,-0.050590423194434742,0.044634916869142345
1,18001,1,6,0.65000000000000002,-0.051073569898108177,0.045069411114512133
1,18001,1,6,0.66000000000000003,-0.05154436535355935,0.045495843744402943
1,18001,1,6,0.67000000000000004,-0.05200316360838201,0.045914837482123078
1,18001,1,6,0.68000000000000005,-0.052450433338654422,0.046327182403139294
1,18001,1,6,0.68999999999999995,-0.052886427996624769,0.04673343020217912
1,18001,1,6,0.69999999999999996,-0.053311534468429594,0.047134245115101579
1,18001,1,6,0.70999999999999996,-0.053725952725892541,0.047530132596669959
1,18001,1,6,0.71999999999999997,-0.05412998276235944,0.04792161717566381
1,18001,1,6,0.72999999999999998,-0.054523770531629955,0.048309129701110232
1,18001,1,6,0.73999999999999999,-0.054907557165832177,0.048693077911725037
1,18001,1,6,0.75,-0.055281456067454771,0.049073808345491098
1,18001,1,6,0.76000000000000001,-0.055645643816427337,0.049451599795657802
1,18001,1,6,0.77000000000000002,-0.056000229863169382,0.049826721745637535
1,18001,1,6,0.78000000000000003,-0.056345327290034442,0.050199319865246596
1,18001,1,6,0.79000000000000004,-0.056681074833799173,0.050569595183711825
1,18001,1,6,0.80000000000000004,-0.057007534757984792,0.050937576545387157
1,18001,1,6,0.81000000000000005,-0.057324875997584235,0.051303366078414563
1,18001,1,6,0.81999999999999995,-0.05763316470818073,0.051666936941205867
1,18001,1,6,0.82999999999999996,-0.057932609852457462,0.052028292613887354
1,18001,1,6,0.83999999999999997,-0.058223263749869775,0.052387333107738736
1,18001,1,6,0.84999999999999998,-0.058505380059924915,0.052743980645305034
1,18001,1,6,0.85999999999999999,-0.058779075412125903,0.053098093419204517
1,18001,1,6,0.87,-0.059044598582445908,0.053449515568743222
1,18001,1,6,0.88,-0.059302128102176194,0.053798045441032651
1,18001,1,6,0.89000000000000001,-0.059552001047907206,0.054143551729979832
1,18001,1,6,0.90000000000000002,-0.059794366690532064,0.054485699353889229
1,18001,1,6,0.91000000000000003,-0.060029681392112566,0.054824411099499891
1,18001,1,6,0.92000000000000004,-0.06025809041329281,0.055159275026482803
1,18001,1,6,0.93000000000000005,-0.060480119654406438,0.055490221754016446
1,18001,1,6,0.93999999999999995,-0.060695963228505533,0.055816840796976332
1,18001,1,6,0.94999999999999996,-0.060906124497141452,0.056138999922005196
1,18001,1,6,0.95999999999999996,-0.061110964576232364,0.056456423111928389
1,18001,1,6,0.96999999999999997,-0.061310845299153816,0.056768821252588357
1,18001,1,6,0.97999999999999998,-0.061506312993808564,0.057076100108784521
1,18001,1,6,0.98999999999999999,-0.061697583799977425,0.057377819819016497
1,18001,1,6,1,-0.061885363577565182,0.057674087068967261
1,18001,1,7,0,-0.0014815255628728707,-0.0001026341303515486
1,18001,1,7,0.01,-0.0018783134690356139,-0.00013407733431751296
1,18001,1,7,0.02,-0.0023382573360902696,-0.0001690618090396729
1,18001,1,7,0.029999999999999999,-0.0028646638807673579,-0.0002073534462698187
1,18001,1,7,0.040000000000000001,-0.0034594586269154595,-0.00024866031445418263
1,18001,1,7,0.050000000000000003,-0.0041244702155003874,-0.0002927434914071817
1,18001,1,7,0.059999999999999998,-0.0048607805791422692,-0.00033932138766212079
1,18001,1,7,0.070000000000000007,-0.0056690884041677783,-0.00038818503507934192
1,18001,1,7,0.080000000000000002,-0.0065496363759060469,-0.00043910940249261376
1,18001,1,7,0.089999999999999997,-0.0075018038574700434,-0.00049193597485425536
1,18001,1,7,0.10000000000000001,-0.0085251582467193946,-0.00054646078663037241
1,18001,1,7,0.11,-0.0096178175995846899,-0.00060258247730317468
1,18001,1,7,0.12,-0.010778568038792529,-0.00066014456800314884
1,18001,1,7,0.13,-0.01200491148577309,-0.00071906676763555048
1,18001,1,7,0.14000000000000001,-0.013294531153534907,-0.0007792356477322117
1,18001,1,7,0.14999999999999999,-0.014644608885328632,-0.00084056967040742846
1,18001,1,7,0.16,-0.016051955779387558,-0.00090298344276308444
1,18001,1,7,0.17000000000000001,-0.017513200824579661,-0.0009663591682758676
1,18001,1,7,0.17999999999999999,-0.019024713108038774,-0.0010306581952334356
1,18001,1,7,0.19,-0.020582676087706343,-0.0010957233148263875
1,18001,1,7,0.20000000000000001,-0.022182926749757571,-0.0011614859162177912
1,18001,1,7,0.20999999999999999,-0.023821560799590722,-0.0012277812097556372
1,18001,1,7,0.22,-0.025494194676422652,-0.0012944958905139524
1,18001,1,7,0.23000000000000001,-0.027196540437321445,-0.0013614200174952797
1,18001,1,7,0.23999999999999999,-0.02892435627274639,-0.0014284247612509216
1,18001,1,7,0.25,-0.030673101851137755,-0.0014952607602471031
1,18001,1,7,0.26000000000000001,-0.032438734718795458,-0.0015617436467448252
1,18001,1,7,0.27000000000000002,-0.034216674807672688,-0.0016276674684500847
1,18001,1,7,0.28000000000000003,-0.036002857376705576,-0.0016927824449568009
1,18001,1,7,0.28999999999999998,-0.037793015628636219,-0.0017568973072448505
1,18001,1,7,0.29999999999999999,-0.039583136839768669,-0.0018197847633918747
1,18001,1,7,0.31,-0.041369313336137116,-0.0018812353093771411
1,18001,1,7,0.32000000000000001,-0.043147670857277297,-0.0019410677713724862
1,18001,1,7,0.33000000000000002,-0.044914656529420234,-0.0019991134888448837
1,18001,1,7,0.34000000000000002,-0.046666741873772621,-0.0020552091360480367
1,18001,1,7,0.34999999999999998,-0.048400635174723129,-0.0021092510420447647
1,18001,1,7,0.35999999999999999,-0.050113169580271039,-0.0021611518927647662
1,18001,1,7,0.37,-0.051801419526798724,-0.0022108086798067385
1,18001,1,7,0.38,-0.053462656431978568,-0.0022582686729874656
1,18001,1,7,0.39000000000000001,-0.055094307881690646,-0.0023034756128686002
1,18001,1,7,0.40000000000000002,-0.056694280139971027,-0.0023465080388355244
1,18001,1,7,0.40999999999999998,-0.058260112125202074,-0.0023874464483127065
1,18001,1,7,0.41999999999999998,-0.059790337043731566,-0.002426402383498743
1,18001,1,7,0.42999999999999999,-0.061283066579465056,-0.0024634990869805014
1,18001,1,7,0.44,-0.062736884455450628,-0.0024989496126443926
1,18001,1,7,0.45000000000000001,-0.064150672875202083,-0.0025329320430813526
1,18001,1,7,0.46000000000000002,-0.065523405342491015,-0.0025656808386618456
1,18001,1,7,0.46999999999999997,-0.066854341081606816,-0.0025974733497233283
1,18001,1,7,0.47999999999999998,-0.068142858307679813,-0.0026285345619703124
1,18001,1,7,0.48999999999999999,-0.069388786644977274,-0.00265918240523517
1,18001,1,7,0.5,-0.070591626981650057,-0.0026896794285711512
1,18001,1,7,0.51000000000000001,-0.071751793326053512,-0.0027203192869826795
1,18001,1,7,0.52000000000000002,-0.072869107207445924,-0.0027513940500150116
1,18001,1,7,0.53000000000000003,-0.073944260360291447,-0.0027831979492280987
1,18001,1,7,0.54000000000000004,-0.074977610797788849,-0.0028159876680794219
1,18001,1,7,0.55000000000000004,-0.07596988536925052,-0.0028500359942449627
1,18001,1,7,0.56000000000000005,-0.076921845800175137,-0.0028855734948054755
1,18001,1,7,0.56999999999999995,-0.077834475307966541,-0.0029228067825038916
1,18001,1,7,0.57999999999999996,-0.078708659746798734,-0.0029619301457198197
1,18001,1,7,0.58999999999999997,-0.079545559594303358,-0.0030030953322834398
1,18001,1,7,0.59999999999999998,-0.080346472389240073,-0.0030464205490327253
1,18001,1,7,0.60999999999999999,-0.081112411925311226,-0.0030920223852993339
1,18001,1,7,0.62,-0.081844923435154246,-0.0031399141599729279
1,18001,1,7,0.63,-0.08254519176028334,-0.0031901351491331019
1,18001,1,7,0.64000000000000001,-0.083214636295342634,-0.0032426378495208769
1,18001,1,7,0.65000000000000002,-0.083854562412529574,-0.0032973684463165321
1,18001,1,7,0.66000000000000003,-0.084466460820183789,-0.0033542013934258394
1,18001,1,7,0.67000000000000004,-0.085051546273369139,-0.0034130250111773495
1,18001,1,7,0.68000000000000005,-0.085611332729665868,-0.0034736331266913417
1,18001,1,7,0.68999999999999995,-0.086147050337315248,-0.0035358298007892863
1,18001,1,7,0.69999999999999996,-0.086660054243662188,-0.0035993655203185857
1,18001,1,7,0.70999999999999996,-0.087151620911669822,-0.003663962084063558
1,18001,1,7,0.71999999999999997,-0.087622923723529922,-0.0037293275224539965
1,18001,1,7,0.72999999999999998,-0.088075188366207577,-0.0037951304258759685
1,18001,1,7,0.73999999999999999,-0.08850951225650662,-0.003861054639647673
1,18001,1,7,0.75,-0.088927024431214571,-0.0039267344246773986
1,18001,1,7,0.76000000000000001,-0.089328605654042784,-0.0039918356258128798
1,18001,1,7,0.77000000000000002,-0.089715378200837373,-0.0040559830203620098
1,18001,1,7,0.78000000000000003,-0.090088136324343482,-0.0041188301622547665
1,18001,1,7,0.79000000000000004,-0.090447796791840243,-0.0041800192699768665
1,18001,1,7,0.80000000000000004,-0.090795129164183364,-0.0042392170491340987
1,18001,1,7,0.81000000000000005,-0.091130845292721072,-0.0042961030625975824
1,18001,1,7,0.81999999999999995,-0.09145569145586184,-0.0043503826205553925
1,18001,1,7,0.82999999999999996,-0.091770217355917907,-0.0044017909306130198
1,18001,1,7,0.83999999999999997,-0.092075062677539218,-0.0044500710131851499
1,18001,1,7,0.84999999999999998,-0.092370674426755936,-0.0044950362836019657
1,18001,1,7,0.85999999999999999,-0.092657655895887522,-0.0045364982175368678
1,18001,1,7,0.87,-0.09293637893067612,-0.0045743310451448888
1,18001,1,7,0.88,-0.093207301986621541,-0.0046084577398745755
1,18001,1,7,0.89000000000000001,-0.093470797889157131,-0.0046388441676582922
1,18001,1,7,0.90000000000000002,-0.093727169814108516,-0.0046654954408383393
1,18001,1,7,0.91000000000000003,-0.093976813529819639,-0.0046884796267367074
1,18001,1,7,0.92000000000000004,-0.094219877617041037,-0.0047079056553140384
1,18001,1,7,0.93000000000000005,-0.094456744381389138,-0.0047239299186624152
1,18001,1,7,0.93999999999999995,-0.094687561376619989,-0.0047367655113502325
1,18001,1,7,0.94999999999999996,-0.094912647786406582,-0.0047466729798526048
1,18001,1,7,0.95999999999999996,-0.095132153129274546,-0.0047539694901005862
1,18001,1,7,0.96999999999999997,-0.095346282906350679,-0.0047590173049183553
1,18001,1,7,0.97999999999999998,-0.095555232098183007,-0.0047622009810438818
1,18001,1,7,0.98999999999999999,-0.095759101827298465,-0.0047639868932141879
1,18001,1,7,1,-0.095958142366144292,-0.0047648305291836017
1,18001,1,8,0,-0.00099938171934873155,-0.001163977738692562
1,18001,1,8,0.01,-0.0012587732637827601,-0.0014403268875913544
1,18001,1,8,0.02,-0.0015588125260834612,-0.001757272514265732
1,18001,1,8,0.029999999999999999,-0.0019019016105580652,-0.0021167668663439913
1,18001,1,8,0.040000000000000001,-0.0022892787542538023,-0.0025196103136994534
1,18001,1,8,0.050000000000000003,-0.0027223526765761002,-0.0029668085684950384
1,18001,1,8,0.059999999999999998,-0.0032020010442278721,-0.0034588753146844904
1,18001,1,8,0.070000000000000007,-0.0037285698963916338,-0.0039958904216205069
1,18001,1,8,0.080000000000000002,-0.0043025900013108171,-0.0045781500663232989
1,18001,1,8,0.089999999999999997,-0.0049234250087516881,-0.0052049332608300495
1,18001,1,8,0.10000000000000001,-0.0055910886169963621,-0.0058762103305179947
1,18001,1,8,0.11,-0.0063041557480734839,-0.0065906429499920849
1,18001,1,8,0.12,-0.007061938652340098,-0.0073477096945766956
1,18001,1,8,0.13,-0.0078626224499518931,-0.0081458316990827839
1,18001,1,8,0.14000000000000001,-0.0087046478549665154,-0.0089837971709361905
1,18001,1,8,0.14999999999999999,-0.0095859746028681622,-0.0098599259021800601
1,18001,1,8,0.16,-0.010504291165415158,-0.010772368992530578
1,18001,1,8,0.17000000000000001,-0.011457335509661423,-0.011719312570023892
1,18001,1,8,0.17999999999999999,-0.012442342002545403,-0.01269846767708669
1,18001,1,8,0.19,-0.013456772160526072,-0.013707786616195363
1,18001,1,8,0.20000000000000001,-0.014497538457917993,-0.014744596823115116
1,18001,1,8,0.20999999999999999,-0.015562004523959019,-0.015806718717663652
1,18001,1,8,0.22,-0.016646978210315879,-0.016891252660366497
1,18001,1,8,0.23000000000000001,-0.01774963850003303,-0.0179957029418127
1,18001,1,8,0.23999999999999999,-0.018866933471886563,-0.019117174658860408
1,18001,1,8,0.25,-0.019995997374684646,-0.020252923070868002
1,18001,1,8,0.26000000000000001,-0.021134027872914341,-0.02140012865260724
1,18001,1,8,0.27000000000000002,-0.022278174943735515,-0.022555840784904885
1,18001,1,8,0.28000000000000003,-0.023425814439147055,-0.023717248046454864
1,18001,1,8,0.28999999999999998,-0.024574351312242452,-0.024881415633411754
1,18001,1,8,0.29999999999999999,-0.02572144444156034,-0.026045639627629531
1,18001,1,8,0.31,-0.026864778807297495,-0.027207076482929055
1,18001,1,8,0.32000000000000001,-0.028002281159491913,-0.028363122023542922
1,18001,1,8,0.33000000000000002,-0.029131995992302002,-0.029511174455804794
1,18001,1,8,0.34000000000000002,-0.030252130480965953,-0.030648773902118481
1,18001,1,8,0.34999999999999998,-0.031361081236053266,-0.03177362136786193
1,18001,1,8,0.35999999999999999,-0.032457298524979354,-0.032883435204376227
1,18001,1,8,0.37,-0.033539509596014837,-0.033976248007447682
1,18001,1,8,0.38,-0.034606499472447462,-0.035050134227229225
1,18001,1,8,0.39000000000000001,-0.035657204768033239,-0.036103373591857862
1,18001,1,8,0.40000000000000002,-0.036690761631595674,-0.037134508534273178
1,18001,1,8,0.40999999999999998,-0.037706229755073442,-0.038142011430367072
1,18001,1,8,0.41999999999999998,-0.038703082634318896,-0.039124934428807455
1,18001,1,8,0.42999999999999999,-0.039680540830771438,-0.040082045153587396
1,18001,1,8,0.44,-0.040638251541590155,-0.041012748705023735
1,18001,1,8,0.45000000000000001,-0.041575652083913034,-0.04191622840226869
1,18001,1,8,0.46000000000000002,-0.042492468906670022,-0.042792129495622964
1,18001,1,8,0.46999999999999997,-0.043388401996176246,-0.043640133766568952
1,18001,1,8,0.47999999999999998,-0.044263165586225374,-0.044460019940845051
1,18001,1,8,0.48999999999999999,-0.045116722428294599,-0.045251963911571928
1,18001,1,8,0.5,-0.045948747388459527,-0.046015841372636763
1,18001,1,8,0.51000000000000001,-0.046759405999257632,-0.046752216301630393
1,18001,1,8,0.52000000000000002,-0.047548434876389739,-0.047461176709749198
1,18001,1,8,0.53000000000000003,-0.048316067011712878,-0.048143468524911887
1,18001,1,8,0.54000000000000004,-0.049062231596843829,-0.048799511463236987
1,18001,1,8,0.55000000000000004,-0.049787099823937371,-0.049430040964373867
1,18001,1,8,0.56000000000000005,-0.050490832704396214,-0.050035801127004821
1,18001,1,8,0.56999999999999995,-0.051173538639538045,-0.050617489413071322
1,18001,1,8,0.57999999999999996,-0.051835592685676772,-0.051176090802480749
1,18001,1,8,0.58999999999999997,-0.052477073150606714,-0.051712271424658757
1,18001,1,8,0.59999999999999998,-0.053098509663601384,-0.052227135735726397
1,18001,1,8,0.60999999999999999,-0.053700040349914803,-0.052721394466353461
1,18001,1,8,0.62,-0.054282248477108878,-0.053196128409986519
1,18001,1,8,0.63,-0.054845435267947863,-0.053652135800582812
1,18001,1,8,0.64000000000000001,-0.055390118599103831,-0.054090350746872441
1,18001,1,8,0.65000000000000002,-0.055916806562186859,-0.054511668061611868
1,18001,1,8,0.66000000000000003,-0.056425981024322426,-0.054916897156896786
1,18001,1,8,0.67000000000000004,-0.05691826451896035,-0.055306907697032393
1,18001,1,8,0.68000000000000005,-0.05739413962991869,-0.055682405450368948
1,18001,1,8,0.68999999999999995,-0.057854320955581399,-0.056044226162765942
1,18001,1,8,0.69999999999999996,-0.058299305934069123,-0.056392993426697631
1,18001,1,8,0.70999999999999996,-0.058729834644904444,-0.056729435226206902
1,18001,1,8,0.71999999999999997,-0.059146437378722792,-0.057054097433599064
1,18001,1,8,0.72999999999999998,-0.059549825598103769,-0.057367586234653239
1,18001,1,8,0.73999999999999999,-0.059940582375456457,-0.057670386611798082
1,18001,1,8,0.75,-0.060319360121590344,-0.057962980080166336
1,18001,1,8,0.76000000000000001,-0.060686715279603565,-0.05824571456877841
1,18001,1,8,0.77000000000000002,-0.061043277184079557,-0.058519023398045898
1,18001,1,8,0.78000000000000003,-0.061389652978125132,-0.058783260853691267
1,18001,1,8,0.79000000000000004,-0.061726337986160472,-0.059038687848423012
1,18001,1,8,0.80000000000000004,-0.062053935698740771,-0.059285616832732396
1,18001,1,8,0.81000000000000005,-0.062372828648053373,-0.059524204246533874
1,18001,1,8,0.81999999999999995,-0.062683589740296058,-0.059754730438095593
1,18001,1,8,0.82999999999999996,-0.062986549630198715,-0.059977309324673794
1,18001,1,8,0.83999999999999997,-0.063282140426832056,-0.060192122508951222
1,18001,1,8,0.84999999999999998,-0.063570672780795937,-0.060399294494126919
1,18001,1,8,0.85999999999999999,-0.063852477017404596,-0.060598993153090919
1,18001,1,8,0.87,-0.064127822672062837,-0.060791346808909096
1,18001,1,8,0.88,-0.064396888150698092,-0.060976452575104
1,18001,1,8,0.89000000000000001,-0.06465991282197818,-0.061154486114381575
1,18001,1,8,0.90000000000000002,-0.06491695935738552,-0.061325530465680587
1,18001,1,8,0.91000000000000003,-0.06516822536995856,-0.061489816890409811
1,18001,1,8,0.92000000000000004,-0.065413664354083703,-0.061647410535435536
1,18001,1,8,0.93000000000000005,-0.065653379489699112,-0.061798558779984421
1,18001,1,8,0.93999999999999995,-0.06588731661337989,-0.061943429105450899
1,18001,1,8,0.94999999999999996,-0.066115473786484608,-0.062082286156281287
1,18001,1,8,0.95999999999999996,-0.066337766852914551,-0.062215363299602901
1,18001,1,8,0.96999999999999997,-0.066554087104351553,-0.062342930253731964
1,18001,1,8,0.97999999999999998,-0.066764353371532401,-0.06246531988498813
1,18001,1,8,0.98999999999999999,-0.066968357908379295,-0.062582816834987523
1,18001,1,8,1,-0.067166040248336598,-0.06269585113351285
1,18001,2,1,0,0.00060668893026027959,-0.00067323766804675
1,18001,2,1,0.01,0.00076190163953795921,-0.00088089005491432
1,18001,2,1,0.02,0.00093960069719673802,-0.0011277030734162285
1,18001,2,1,0.029999999999999999,0.0011407000929750219,-0.0014164815996178775
1,18001,2,1,0.040000000000000001,0.0013657579555125387,-0.0017490404232797865
1,18001,2,1,0.050000000000000003,0.0016153489836752495,-0.0021271698628399821
1,18001,2,1,0.059999999999999998,0.001889776190226471,-0.0025518633689703939
1,18001,2,1,0.070000000000000007,0.0021894279419100407,-0.0030239100494860948
1,18001,2,1,0.080000000000000002,0.0025142663241641762,-0.0035433756668128949
1,18001,2,1,0.089999999999999997,0.002864421952518069,-0.0041103404178601697
1,18001,2,1,0.10000000000000001,0.0032396175113697293,-0.0047239230325752
1,18001,2,1,0.11,0.0036395797059152707,-0.0053832725435863761
1,18001,2,1,0.12,0.0040637989350039783,-0.0060868058458597614
1,18001,2,1,0.13,0.0045117366528812227,-0.0068328805347797851
1,18001,2,1,0.14000000000000001,0.0049826012095998242,-0.0076192459822373567
1,18001,2,1,0.14999999999999999,0.0054755899578144305,-0.0084434168506526235
1,18001,2,1,0.16,0.0059897532244917485,-0.0093026629335226287
1,18001,2,1,0.17000000000000001,0.0065239959180630547,-0.010193811525575705
1,18001,2,1,0.17999999999999999,0.0070772480890386007,-0.011113678753580358
1,18001,2,1,0.19,0.0076482352381734425,-0.012058681057872667
1,18001,2,1,0.20000000000000001,0.0082356390847744872,-0.01302521616586224
1,18001,2,1,0.20999999999999999,0.0088381899971286936,-0.0140096570469421
1,18001,2,1,0.22,0.0094544005375490486,-0.015008242507407144
1,18001,2,1,0.23000000000000001,0.010082882486153945,-0.016017155536383606
1,18001,2,1,0.23999999999999999,0.010722170033275693,-0.017032706653658844
1,18001,2,1,0.25,0.011370797672743731,-0.018051132611844291
1,18001,2,1,0.26000000000000001,0.012027288601784621,-0.01906892250666337
1,18001,2,1,0.27000000000000002,0.01269019413951572,-0.020082486700720461
1,18001,2,1,0.28000000000000003,0.013358038248334031,-0.021088604166939529
1,18001,2,1,0.28999999999999998,0.014029424365658455,-0.022084016473282619
1,18001,2,1,0.29999999999999999,0.014702900036660438,-0.023065950369148533
1,18001,2,1,0.31,0.01537714114474994,-0.024031488130556538
1,18001,2,1,0.32000000000000001,0.016050766172296966,-0.02497834205672685
1,18001,2,1,0.33000000000000002,0.016722491840556616,-0.025904058642486173
1,18001,2,1,0.34000000000000002,0.017391036065731388,-0.026806919771579407
1,18001,2,1,0.34999999999999998,0.018055160810304727,-0.027684979538017209
1,18001,2,1,0.35999999999999999,0.018713676920449229,-0.028537007067813494
1,18001,2,1,0.37,0.019365456184673429,-0.029361714782353582
1,18001,2,1,0.38,0.02000932917286511,-0.030158372473844341
1,18001,2,1,0.39000000000000001,0.020644235340064779,-0.030926211388456568
1,18001,2,1,0.40000000000000002,0.021269181684234046,-0.031665150247326204
1,18001,2,1,0.40999999999999998,0.021883066318329047,-0.032374816674555162
1,18001,2,1,0.41999999999999998,0.022485022401235604,-0.033055700134652866
1,18001,2,1,0.42999999999999999,0.023074071032668508,-0.033708029287696513
1,18001,2,1,0.44,0.023649324842724886,-0.034332562569214783
1,18001,2,1,0.45000000000000001,0.024209994439731153,-0.03493012760884983
1,18001,2,1,0.46000000000000002,0.024755240621932253,-0.035501818659359086
1,18001,2,1,0.46999999999999997,0.025284268337255611,-0.036048803426548252
1,18001,2,1,0.47999999999999998,0.025796456664936501,-0.036572584933666843
1,18001,2,1,0.48999999999999999,0.026291102693603356,-0.037074651075525634
1,18001,2,1,0.5,0.026767639280155717,-0.037556720959613425
1,18001,2,1,0.51000000000000001,0.027225447962966786,-0.038020521270008011
1,18001,2,1,0.52000000000000002,0.027664105810454448,-0.038467959261855207
1,18001,2,1,0.53000000000000003,0.028083141538900982,-0.038900940465816276
1,18001,2,1,0.54000000000000004,0.028482228582905677,-0.03932145552988555
1,18001,2,1,0.55000000000000004,0.028860955438480201,-0.039731457687708721
1,18001,2,1,0.56000000000000005,0.02921910970630864,-0.040133000808822483
1,18001,2,1,0.56999999999999995,0.029556541958878888,-0.040528054774047334
1,18001,2,1,0.57999999999999996,0.029873070542150142,-0.040918618046424222
1,18001,2,1,0.58999999999999997,0.030168586736692937,-0.041306578554801028
1,18001,2,1,0.59999999999999998,0.030443167409315717,-0.041693792942454587
1,18001,2,1,0.60999999999999999,0.030696682182568671,-0.042082099923200743
1,18001,2,1,0.62,0.030929378338481583,-0.042473133283277363
1,18001,2,1,0.63,0.031141249862469949,-0.042868509923746766
1,18001,2,1,0.64000000000000001,0.031332517531456668,-0.043269747474363789
1,18001,2,1,0.65000000000000002,0.031503395467526805,-0.043678181114140124
1,18001,2,1,0.66000000000000003,0.031654152402111731,-0.044095078062517883
1,18001,2,1,0.67000000000000004,0.031784972604282528,-0.044521577636831962
1,18001,2,1,0.68000000000000005,0.031896249523705962,-0.044958604286218645
1,18001,2,1,0.68999999999999995,0.031988203002947774,-0.04540707969020779
1,18001,2,1,0.69999999999999996,0.032061251883146374,-0.045867657885406345
1,18001,2,1,0.70999999999999996,0.032115632949613414,-0.04634098749832477
1,18001,2,1,0.71999999999999997,0.032151762968468577,-0.046827471546570187
1,18001,2,1,0.72999999999999998,0.03216992577714501,-0.047327504804195029
1,18001,2,1,0.73999999999999999,0.032170534595773508,-0.0478412215428368
1,18001,2,1,0.75,0.032153842819623857,-0.048368807281090276
1,18001,2,1,0.76000000000000001,0.032120164512553978,-0.048910245351441443
1,18001,2,1,0.77000000000000002,0.032069815226605937,-0.049465435465298073
1,18001,2,1,0.78000000000000003,0.032003044155745751,-0.050034240806685747
1,18001,2,1,0.79000000000000004,0.031920116990251074,-0.050616421659893961
1,18001,2,1,0.80000000000000004,0.031821262282989454,-0.051211652469785075
1,18001,2,1,0.81000000000000005,0.031706647307709494,-0.051819688333420877
1,18001,2,1,0.81999999999999995,0.031576487305646904,-0.052440058431471308
1,18001,2,1,0.82999999999999996,0.031430921018314802,-0.053072412493360276
1,18001,2,1,0.83999999999999997,0.03127000963656365,-0.05371638344953647
1,18001,2,1,0.84999999999999998,0.031093886532752465,-0.05437153707415656
1,18001,2,1,0.85999999999999999,0.030902583743753671,-0.055037505609491562
1,18001,2,1,0.87,0.030696141692060502,-0.055713924309358433
1,18001,2,1,0.88,0.03047458191715265,-0.05640045700435458
1,18001,2,1,0.89000000000000001,0.030237853713118074,-0.057096841073006464
1,18001,2,1,0.90000000000000002,0.029985962160375853,-0.057802812135125121
1,18001,2,1,0.91000000000000003,0.029718808597832005,-0.058518203155749147
1,18001,2,1,0.92000000000000004,0.029436370805444412,-0.059242891939162066
1,18001,2,1,0.93000000000000005,0.029138481263383243,-0.059976863988567324
1,18001,2,1,0.93999999999999995,0.02882515980120209,-0.060720086565526264
1,18001,2,1,0.94999999999999996,0.02849619351381048,-0.061472681600369623
1,18001,2,1,0.95999999999999996,0.028151598076088896,-0.062234801330285562
1,18001,2,1,0.96999999999999997,0.027791169553228318,-0.063006706165546003
1,18001,2,1,0.97999999999999998,0.027414926585231852,-0.063788681771684438
1,18001,2,1,0.98999999999999999,0.027022660876057109,-0.064581142485666501
1,18001,2,1,1,0.026614484700621995,-0.065384459274781148
1,18001,2,2,0,0.0011092987078389256,0.00062934045635077796
1,18001,2,2,0.01,0.0013823807728133082,0.00073088166870422433
1,18001,2,2,0.02,0.0016946366791830382,0.00083336397655784343
1,18001,2,2,0.029999999999999999,0.0020479303813837626,0.00093469000224481356
1,18001,2,2,0.040000000000000001,0.0024434997900611255,0.0010326965737515812
1,18001,2,2,0.050000000000000003,0.0028825928464203299,0.0011251969998964516
1,18001,2,2,0.059999999999999998,0.0033662032322065369,0.0012099665996464003
1,18001,2,2,0.070000000000000007,0.0038948665494727684,0.001284844289189102
1,18001,2,2,0.080000000000000002,0.0044690309331186923,0.0013476622313324191
1,18001,2,2,0.089999999999999997,0.0050888683153846662,0.0013962676691626692
1,18001,2,2,0.10000000000000001,0.00575430489445779,0.0014285571432786071
1,18001,2,2,0.11,0.0064650447971760028,0.0014425004271231402
1,18001,2,2,0.12,0.0072204127266974104,0.0014361837731886179
1,18001,2,2,0.13,0.0080195808011736067,0.0014077484105168468
1,18001,2,2,0.14000000000000001,0.0088615199253780502,0.0013554382617554258
1,18001,2,2,0.14999999999999999,0.0097449463528298894,0.0012775740697674798
1,18001,2,2,0.16,0.010668296133023246,0.0011727123649737203
1,18001,2,2,0.17000000000000001,0.011629886756888259,0.0010394213323623219
1,18001,2,2,0.17999999999999999,0.012627745524030934,0.00087652389647888736
1,18001,2,2,0.19,0.013659898161036932,0.00068286698838050457
1,18001,2,2,0.20000000000000001,0.014724041760908977,0.00045753037790829937
1,18001,2,2,0.20999999999999999,0.015817731421347268,0.00019984722757502411
1,18001,2,2,0.22,0.016938611316126704,-9.1019663702440572e-05
1,18001,2,2,0.23000000000000001,0.018083926574025386,-0.00041529272718659441
1,18001,2,2,0.23999999999999999,0.019251177759738936,-0.00077351867175040926
1,18001,2,2,0.25,0.020437451732061834,-0.0011656008093326499
1,18001,2,2,0.26000000000000001,0.021640045045189214,-0.0015916495415594142
1,18001,2,2,0.27000000000000002,0.022856142810523103,-0.0020514908818191234
1,18001,2,2,0.28000000000000003,0.024082984233022759,-0.0025448290692883144
1,18001,2,2,0.28999999999999998,0.025317769792555067,-0.0030712519920723727
1,18001,2,2,0.29999999999999999,0.026557744525641708,-0.0036300709539748718
1,18001,2,2,0.31,0.027800229132852683,-0.0042206446308249209
1,18001,2,2,0.32000000000000001,0.029042633575037585,-0.0048421873296547917
1,18001,2,2,0.33000000000000002,0.030282469596328219,-0.0054937947923011836
1,18001,2,2,0.34000000000000002,0.031517273271963908,-0.0061744342885502899
1,18001,2,2,0.34999999999999998,0.032744791829801383,-0.0068829283269698921
1,18001,2,2,0.35999999999999999,0.033962813740809401,-0.007618194835413576
1,18001,2,2,0.37,0.035169379716689979,-0.0083789764729500088
1,18001,2,2,0.38,0.036362543905537621,-0.0091640419206022502
1,18001,2,2,0.39000000000000001,0.037540616834697838,-0.0099719642923721038
1,18001,2,2,0.40000000000000002,0.0387020254310474,-0.010801401200262501
1,18001,2,2,0.40999999999999998,0.039845359766941847,-0.011650963824634203
1,18001,2,2,0.41999999999999998,0.040969415619455982,-0.012519295237069862
1,18001,2,2,0.42999999999999999,0.042073010774139219,-0.013404986040074798
1,18001,2,2,0.44,0.043155357764369573,-0.01430656090314452
1,18001,2,2,0.45000000000000001,0.04421557931345671,-0.015222684063401276
1,18001,2,2,0.46000000000000002,0.045253206846555372,-0.016151955229799814
1,18001,2,2,0.46999999999999997,0.046267665249815397,-0.017093058832691407
1,18001,2,2,0.47999999999999998,0.047258727492884824,-0.018044646505609691
1,18001,2,2,0.48999999999999999,0.048226172034272319,-0.019005421475723885
1,18001,2,2,0.5,0.049169993545117328,-0.019974166241707423
1,18001,2,2,0.51000000000000001,0.050090233729046744,-0.02094968132860053
1,18001,2,2,0.52000000000000002,0.050987106010579604,-0.021930810196467268
1,18001,2,2,0.53000000000000003,0.051860854724259865,-0.022916429648735307
1,18001,2,2,0.54000000000000004,0.052711897943399755,-0.023905494103519092
1,18001,2,2,0.55000000000000004,0.053540596216092196,-0.024897020196886176
1,18001,2,2,0.56000000000000005,0.054347554883987813,-0.025890061651505026
1,18001,2,2,0.56999999999999995,0.055133241660831889,-0.026883713931479158
1,18001,2,2,0.57999999999999996,0.05589835704449312,-0.027877149912302876
1,18001,2,2,0.58999999999999997,0.056643430972747509,-0.028869563148268287
1,18001,2,2,0.59999999999999998,0.057369149427024833,-0.029860266944955093
1,18001,2,2,0.60999999999999999,0.058076183181846867,-0.030848562751131185
1,18001,2,2,0.62,0.058765204934000205,-0.031833830586531171
1,18001,2,2,0.63,0.059436867523669189,-0.03281550552598219
1,18001,2,2,0.64000000000000001,0.060091750779949223,-0.03379303404374686
1,18001,2,2,0.65000000000000002,0.060730479416836236,-0.034765975552204696
1,18001,2,2,0.66000000000000003,0.061353630623098232,-0.035733876459679542
1,18001,2,2,0.67000000000000004,0.061961774730523979,-0.036696374443034536
1,18001,2,2,0.68000000000000005,0.062555354377511321,-0.037653112765222048
1,18001,2,2,0.68999999999999995,0.063134789053817975,-0.038603781070515153
1,18001,2,2,0.69999999999999996,0.063700461436309058,-0.039548119671573304
1,18001,2,2,0.70999999999999996,0.064252743293894285,-0.040485901905970963
1,18001,2,2,0.71999999999999997,0.064791884292263707,-0.041416961150471422
1,18001,2,2,0.72999999999999998,0.065318076572597139,-0.042341109135885811
1,18001,2,2,0.73999999999999999,0.065831430146411088,-0.043258238526975433
1,18001,2,2,0.75,0.066332096394399173,-0.044168228023046152
1,18001,2,2,0.76000000000000001,0.066820071430072306,-0.045071037284295623
1,18001,2,2,0.77000000000000002,0.067295395330976879,-0.045966639294719315
1,18001,2,2,0.78000000000000003,0.067757852693106024,-0.046854993069659262
1,18001,2,2,0.79000000000000004,0.068207440604165434,-0.047736144248876372
1,18001,2,2,0.80000000000000004,0.068643922480949152,-0.048610070405865825
1,18001,2,2,0.81000000000000005,0.069067145460611476,-0.04947688525303174
1,18001,2,2,0.81999999999999995,0.069476831781323037,-0.050336652970522033
1,18001,2,2,0.82999999999999996,0.069872645128741556,-0.051189469391700083
1,18001,2,2,0.83999999999999997,0.070254367000402287,-0.052035462994271114
1,18001,2,2,0.84999999999999998,0.070621663373379509,-0.052874739887495602
1,18001,2,2,0.85999999999999999,0.07097419771191063,-0.053707476679296574
1,18001,2,2,0.87,0.071311610980737267,-0.054533832556463151
1,18001,2,2,0.88,0.071633555264343993,-0.055353997829928031
1,18001,2,2,0.89000000000000001,0.071939746311107292,-0.056168164584611407
1,18001,2,2,0.90000000000000002,0.072229868717114287,-0.056976532830317207
1,18001,2,2,0.91000000000000003,0.072503573981198249,-0.057779315700578655
1,18001,2,2,0.92000000000000004,0.072760585342812059,-0.058576754051226032
1,18001,2,2,0.93000000000000005,0.073000667369219993,-0.059369082955535613
1,18001,2,2,0.93999999999999995,0.073223617390356918,-0.060156543889383275
1,18001,2,2,0.94999999999999996,0.073429266326218989,-0.06093938345888527
1,18001,2,2,0.95999999999999996,0.073617392123803957,-0.061717844340801666
1,18001,2,2,0.96999999999999997,0.073787941181505001,-0.062492192718572127
1,18001,2,2,0.97999999999999998,0.073940895713745694,-0.063262691641685603
1,18001,2,2,0.98999999999999999,0.074076196588757096,-0.064029579920957147
1,18001,2,2,1,0.074193996827090478,-0.064793130826784631
1,18001,2,3,0,0.00080229022082712687,-0.0011594784325980507
1,18001,2,3,0.01,0.0010124764799474167,-0.0012979422080119374
1,18001,2,3,0.02,0.001249615671139278,-0.001448000417425718
1,18001,2,3,0.029999999999999999,0.0015144993047558708,-0.0016103561914469343
1,18001,2,3,0.040000000000000001,0.0018071740971081277,-0.0017856108994836141
1,18001,2,3,0.050000000000000003,0.0021278783538049378,-0.0019744641038572349
1,18001,2,3,0.059999999999999998,0.0024765572642823849,-0.0021774768361873336
1,18001,2,3,0.070000000000000007,0.0028529182025101248,-0.0023952040478157064
1,18001,2,3,0.080000000000000002,0.0032567483669835671,-0.0026282100607019315
1,18001,2,3,0.089999999999999997,0.0036874443947265642,-0.0028770251970781039
1,18001,2,3,0.10000000000000001,0.0041444410472520517,-0.0031420942159757822
1,18001,2,3,0.11,0.0046270224395672131,-0.0034238116331261497
1,18001,2,3,0.12,0.0051342704174374794,-0.003722501599644447
1,18001,2,3,0.13,0.0056654052913406505,-0.0040385385358236818
1,18001,2,3,0.14000000000000001,0.0062192684468750847,-0.0043720934736845062
1,18001,2,3,0.14999999999999999,0.0067948532408025697,-0.0047233222512575316
1,18001,2,3,0.16,0.007391022661269793,-0.0050922816612838937
1,18001,2,3,0.17000000000000001,0.0080064928462900749,-0.0054789852621252187
1,18001,2,3,0.17999999999999999,0.0086402210814472899,-0.0058834056337611585
1,18001,2,3,0.19,0.0092907263607843998,-0.0063052686209514016
1,18001,2,3,0.20000000000000001,0.0099570238645502896,-0.0067443969140892276
1,18001,2,3,0.20999999999999999,0.010637609561016529,-0.0072003895829196125
1,18001,2,3,0.22,0.011331414022304616,-0.0076728956753122851
1,18001,2,3,0.23000000000000001,0.012037103805712573,-0.0081613420801503796
1,18001,2,3,0.23999999999999999,0.012753547833347914,-0.0086651016571086797
1,18001,2,3,0.25,0.013479577331311846,-0.0091835544362900822
1,18001,2,3,0.26000000000000001,0.014214078639479986,-0.0097159037513838923
1,18001,2,3,0.27000000000000002,0.014956008942091654,-0.010261344147080459
1,18001,2,3,0.28000000000000003,0.015704383347552392,-0.010818890810013323
1,18001,2,3,0.28999999999999998,0.016458251993308363,-0.011387619368246749
1,18001,2,3,0.29999999999999999,0.017216799659989568,-0.011966485613392391
1,18001,2,3,0.31,0.017979200911103527,-0.012554380391810069
1,18001,2,3,0.32000000000000001,0.018744812228038827,-0.01315016056815993
1,18001,2,3,0.33000000000000002,0.019512965130004566,-0.013752637009829838
1,18001,2,3,0.34000000000000002,0.020283144090879772,-0.014360587652311232
1,18001,2,3,0.34999999999999998,0.021054880130478761,-0.014972780611017944
1,18001,2,3,0.35999999999999999,0.021827794531892594,-0.015587910850138997
1,18001,2,3,0.37,0.022601592552930275,-0.016204742383758731
1,18001,2,3,0.38,0.023376039825715025,-0.016821955838854177
1,18001,2,3,0.39000000000000001,0.024150997331773064,-0.017438301531897109
1,18001,2,3,0.40000000000000002,0.024926372074696303,-0.018052503795999573
1,18001,2,3,0.40999999999999998,0.025702164361660316,-0.018663324307220109
1,18001,2,3,0.41999999999999998,0.026478402361230724,-0.019269558656590507
1,18001,2,3,0.42999999999999999,0.027255216585884489,-0.019869997534502411
1,18001,2,3,0.44,0.028032727302918874,-0.020463553632458487
1,18001,2,3,0.45000000000000001,0.028811172675245338,-0.021049110775687246
1,18001,2,3,0.46000000000000002,0.029590748414635781,-0.021625683545399014
1,18001,2,3,0.46999999999999997,0.030371778999026253,-0.022192225452920971
1,18001,2,3,0.47999999999999998,0.031154505605498668,-0.022747947203143128
1,18001,2,3,0.48999999999999999,0.031939306465184884,-0.02329193033406185
1,18001,2,3,0.5,0.03272644814659418,-0.023823552371739203
1,18001,2,3,0.51000000000000001,0.033516354610387621,-0.024341951642267729
1,18001,2,3,0.52000000000000002,0.034309284306433499,-0.024846742628058863
1,18001,2,3,0.53000000000000003,0.035105648044629671,-0.025337300074437252
1,18001,2,3,0.54000000000000004,0.035905709186143907,-0.025813317144099384
1,18001,2,3,0.55000000000000004,0.036709845032034928,-0.026274356845867295
1,18001,2,3,0.56000000000000005,0.037518297367130915,-0.026720261342805241
1,18001,2,3,0.56999999999999995,0.038331372024882418,-0.027150876179844099
1,18001,2,3,0.57999999999999996,0.039149279928046246,-0.027566143946391342
1,18001,2,3,0.58999999999999997,0.03997225973747396,-0.027966060963627182
1,18001,2,3,0.59999999999999998,0.040800454283374206,-0.028350767306767308
1,18001,2,3,0.60999999999999999,0.041634024394116072,-0.028720445134940435
1,18001,2,3,0.62,0.042473032395535702,-0.029075403997760364
1,18001,2,3,0.63,0.043317567092121527,-0.029415909198568208
1,18001,2,3,0.64000000000000001,0.044167605971580731,-0.029742428334321034
1,18001,2,3,0.65000000000000002,0.045023130222896897,-0.030055429407233741
1,18001,2,3,0.66000000000000003,0.045884056253075615,-0.030355454079235247
1,18001,2,3,0.67000000000000004,0.046750250357364936,-0.03064311112447109
1,18001,2,3,0.68000000000000005,0.047621578546931859,-0.030918975260685485
1,18001,2,3,0.68999999999999995,0.048497784131398262,-0.031183839570582721
1,18001,2,3,0.69999999999999996,0.049378688571484176,-0.031438322587298818
1,18001,2,3,0.70999999999999996,0.050263932643093402,-0.031683280738250413
1,18001,2,3,0.71999999999999997,0.051153279961650339,-0.031919393772333236
1,18001,2,3,0.72999999999999998,0.052046296083141742,-0.03214755531228209
1,18001,2,3,0.73999999999999999,0.052942697426086406,-0.032368523494340717
1,18001,2,3,0.75,0.053841981574254703,-0.032583163434954376
1,18001,2,3,0.76000000000000001,0.054743831542579779,-0.032792249190315363
1,18001,2,3,0.77000000000000002,0.055647695278113946,-0.032996655826429265
1,18001,2,3,0.78000000000000003,0.056553222639089441,-0.033197158937937364
1,18001,2,3,0.79000000000000004,0.057459850326270566,-0.033394599119376929
1,18001,2,3,0.80000000000000004,0.058367183790626352,-0.033589707383983168
1,18001,2,3,0.81000000000000005,0.059274680107715631,-0.033783292720153742
1,18001,2,3,0.81999999999999995,0.060181916075739521,-0.033976039038603717
1,18001,2,3,0.82999999999999996,0.061088381943167042,-0.034168682578928911
1,18001,2,3,0.83999999999999997,0.061993631504093878,-0.034361862275257678
1,18001,2,3,0.84999999999999998,0.062897193659529074,-0.034556218262351619
1,18001,2,3,0.85999999999999999,0.063798644338524599,-0.034752328209763539
1,18001,2,3,0.87,0.064697541239016276,-0.034950734202834115
1,18001,2,3,0.88,0.065593487177472903,-0.035151935487897246
1,18001,2,3,0.89000000000000001,0.066486076449990092,-0.035356382104472971
1,18001,2,3,0.90000000000000002,0.067374957232972182,-0.035564473795026287
1,18001,2,3,0.91000000000000003,0.068259795244960661,-0.035776562845337707
1,18001,2,3,0.92000000000000004,0.069140243898750189,-0.035992959162600195
1,18001,2,3,0.93000000000000005,0.070016051838358476,-0.036213913450980545
1,18001,2,3,0.93999999999999995,0.070886900202289091,-0.036439641290382956
1,18001,2,3,0.94999999999999996,0.07175262127294206,-0.036670291109440166
1,18001,2,3,0.95999999999999996,0.07261293819341065,-0.036905985246220081
1,18001,2,3,0.96999999999999997,0.073467715248627205,-0.037146794655621422
1,18001,2,3,0.97999999999999998,0.074316773723067123,-0.037392727485073642
1,18001,2,3,0.98999999999999999,0.075159998344823412,-0.037643796582350682
1,18001,2,3,1,0.075997298322706408,-0.037899900902101755
1,18001,2,4,0,0.00033461979574596806,0.00070011796850312502
1,18001,2,4,0.01,0.00043513366106316198,0.00092774258613939132
1,18001,2,4,0.02,0.00055214986403919906,0.0011942511178832729
1,18001,2,4,0.029999999999999999,0.00068605320576289777,0.0015011906552312327
1,18001,2,4,0.040000000000000001,0.00083694968196622993,0.0018496989358975629
1,18001,2,4,0.050000000000000003,0.0010047671930275865,0.0022405127780847725
1,18001,2,4,0.059999999999999998,0.0011892378452904322,0.0026742540434028929
1,18001,2,4,0.070000000000000007,0.0013900113289490841,0.0031511457220117427
1,18001,2,4,0.080000000000000002,0.0016065353945285776,0.0036712072835937224
1,18001,2,4,0.089999999999999997,0.0018380198618327152,0.0042339636910318926
1,18001,2,4,0.10000000000000001,0.0020837717275959066,0.0048390123764206656
1,18001,2,4,0.11,0.0023426839338926584,0.0054854155035485436
1,18001,2,4,0.12,0.0026137841733465408,0.0061719777274208921
1,18001,2,4,0.13,0.0028957994443484865,0.0068973163416319585
1,18001,2,4,0.14000000000000001,0.0031875391345619914,0.0076598123576463494
1,18001,2,4,0.14999999999999999,0.0034875982973017017,0.0084575078176098231
1,18001,2,4,0.16,0.0037945729824836352,0.0092884263445594268
1,18001,2,4,0.17000000000000001,0.0041070570692300261,0.010150267963324475
1,18001,2,4,0.17999999999999999,0.0044234941686497912,0.011040547094782195
1,18001,2,4,0.19,0.0047424816378689233,0.011956738963256545
1,18001,2,4,0.20000000000000001,0.0050624038535985079,0.012896079841389881
1,18001,2,4,0.20999999999999999,0.0053818866962325124,0.0138558800504329
1,18001,2,4,0.22,0.0056993917074655599,0.014833088409867884
1,18001,2,4,0.23000000000000001,0.0060135043889331689,0.015824877245174885
1,18001,2,4,0.23999999999999999,0.0063228866969607432,0.016828175343980359
1,18001,2,4,0.25,0.00662625238976131,0.017840035500432564
1,18001,2,4,0.26000000000000001,0.0069222913927941302,0.018857469282664852
1,18001,2,4,0.27000000000000002,0.0072099638728716749,0.019877524967868373
1,18001,2,4,0.28000000000000003,0.0074882333008894882,0.020897319572849914
1,18001,2,4,0.28999999999999998,0.007756093073240003,0.02191400732023922
1,18001,2,4,0.29999999999999999,0.0080128035670928872,0.022924908756953272
1,18001,2,4,0.31,0.0082576316977179612,0.023927394644894889
1,18001,2,4,0.32000000000000001,0.0084899690399472486,0.024919005589067886
1,18001,2,4,0.33000000000000002,0.008709329819932464,0.025897345501906477
1,18001,2,4,0.34000000000000002,0.0089154469537595388,0.026860374440232034
1,18001,2,4,0.34999999999999998,0.0091079520657695711,0.027805949419924553
1,18001,2,4,0.35999999999999999,0.0092867625727726891,0.028732354586634059
1,18001,2,4,0.37,0.0094518971600553742,0.029638001373369405
1,18001,2,4,0.38,0.0096033565316814371,0.030521415337643503
1,18001,2,4,0.39000000000000001,0.0097413341669770042,0.03138149460377565
1,18001,2,4,0.40000000000000002,0.0098660832079065629,0.0322171713912466
1,18001,2,4,0.40999999999999998,0.0099779144341018752,0.033027776712693621
1,18001,2,4,0.41999999999999998,0.01007717172962397,0.033812685921291219
1,18001,2,4,0.42999999999999999,0.010164353802482191,0.034571651417567434
1,18001,2,4,0.44,0.010239925321693219,0.035304581480741309
1,18001,2,4,0.45000000000000001,0.010304335081153587,0.036011435324613476
1,18001,2,4,0.46000000000000002,0.010358192426714284,0.036692661852294584
1,18001,2,4,0.46999999999999997,0.010402033723808407,0.037348669027052139
1,18001,2,4,0.47999999999999998,0.010436355450767369,0.037980093239079638
1,18001,2,4,0.48999999999999999,0.010461787727024696,0.03858783903250388
1,18001,2,4,0.5,0.010478824042702686,0.039172791940993316
1,18001,2,4,0.51000000000000001,0.010487974896896337,0.039736085754321769
1,18001,2,4,0.52000000000000002,0.010489768772567331,0.040278925870237604
1,18001,2,4,0.53000000000000003,0.01048472677823767,0.040802712284760526
1,18001,2,4,0.54000000000000004,0.010473229988886612,0.041308791375442418
1,18001,2,4,0.55000000000000004,0.01045572346048281,0.041798643497374686
1,18001,2,4,0.56000000000000005,0.010432548385502732,0.042273794638647687
1,18001,2,4,0.56999999999999995,0.010403997289731485,0.042735715138801228
1,18001,2,4,0.57999999999999996,0.010370375507244581,0.043185996147875293
1,18001,2,4,0.58999999999999997,0.010331868708946923,0.04362608955412603
1,18001,2,4,0.59999999999999998,0.01028870668614729,0.044057526057558416
1,18001,2,4,0.60999999999999999,0.010240962140876721,0.044481664899660482
1,18001,2,4,0.62,0.010188828433224854,0.04489991645737787
1,18001,2,4,0.63,0.010132337352236261,0.045313552694259719
1,18001,2,4,0.64000000000000001,0.010071594191966633,0.045723798391375296
1,18001,2,4,0.65000000000000002,0.010006623042058108,0.046131707854686017
1,18001,2,4,0.66000000000000003,0.0099374589269902742,0.046538283528696933
1,18001,2,4,0.67000000000000004,0.0098641571439030597,0.046944424162499034
1,18001,2,4,0.68000000000000005,0.0097867337358678395,0.047350823845878298
1,18001,2,4,0.68999999999999995,0.0097052753764711192,0.047758159755230484
1,18001,2,4,0.69999999999999996,0.0096197847770109288,0.048166898252314412
1,18001,2,4,0.70999999999999996,0.0095303960065159215,0.048577408242405223
1,18001,2,4,0.71999999999999997,0.0094371456336475607,0.048989893111487305
1,18001,2,4,0.72999999999999998,0.0093402264272023795,0.049404551086379644
1,18001,2,4,0.73999999999999999,0.0092397448927896367,0.049821297998878737
1,18001,2,4,0.75,0.0091359233171413746,0.050240035082303375
1,18001,2,4,0.76000000000000001,0.0090290072358641549,0.050660575793044803
1,18001,2,4,0.77000000000000002,0.0089192880518546586,0.051082579834596131
1,18001,2,4,0.78000000000000003,0.0088071220747597944,0.051505679206316379
1,18001,2,4,0.79000000000000004,0.0086928583456707641,0.051929403954390309
1,18001,2,4,0.80000000000000004,0.0085769437426982415,0.052353239397228336
1,18001,2,4,0.81000000000000005,0.0084597605889652119,0.052776525053026629
1,18001,2,4,0.81999999999999995,0.0083418530413178933,0.053198716589677612
1,18001,2,4,0.82999999999999996,0.0082236597792952355,0.053619105359646063
1,18001,2,4,0.83999999999999997,0.0081057456546291332,0.054037038632020862
1,18001,2,4,0.84999999999999998,0.0079886257122089733,0.054451830750956894
1,18001,2,4,0.85999999999999999,0.0078728767695276074,0.054862786570252564
1,18001,2,4,0.87,0.007759046874508767,0.055269288347393697
1,18001,2,4,0.88,0.0076476907423771003,0.055670706092022425
1,18001,2,4,0.89000000000000001,0.0075394156284544255,0.056066474893375344
1,18001,2,4,0.90000000000000002,0.0074346990188787756,0.056456075330680568
1,18001,2,4,0.91000000000000003,0.0073341615296632608,0.056839043498708088
1,18001,2,4,0.92000000000000004,0.0072382437173550843,0.057214982655760492
1,18001,2,4,0.93000000000000005,0.0071474355770828136,0.057583626653468327
1,18001,2,4,0.93999999999999995,0.0070621696887243198,0.057944716366708893
1,18001,2,4,0.94999999999999996,0.0069828363945955265,0.058298126978656488
1,18001,2,4,0.95999999999999996,0.0069098043363011773,0.058643794409896692
1,18001,2,4,0.96999999999999997,0.0068433118485645046,0.05898180005167547
1,18001,2,4,0.97999999999999998,0.006783632665938853,0.059312259315566634
1,18001,2,4,0.98999999999999999,0.0067308958091874052,0.059635424621183125
1,18001,2,4,1,0.0066852020733857249,0.059951651334535096
1,18001,2,5,0,0.00022956818806021037,0.0011492828809692389
1,18001,2,5,0.01,0.00033599795975414751,0.0014144983842555839
1,18001,2,5,0.02,0.00045659417190638192,0.0017125388977177927
1,18001,2,5,0.029999999999999999,0.00059181471636899361,0.0020445167171837817
1,18001,2,5,0.040000000000000001,0.00074208451380704742,0.0024112686134059114
1,18001,2,5,0.050000000000000003,0.00090777218372158205,0.002813425102592347
1,18001,2,5,0.059999999999999998,0.0010892151372530086,0.0032516181156703751
1,18001,2,5,0.070000000000000007,0.0012866868157491932,0.0037259477910354562
1,18001,2,5,0.080000000000000002,0.0015005256051085294,0.004236716866783694
1,18001,2,5,0.089999999999999997,0.0017309944045174541,0.0047838742707391095
1,18001,2,5,0.10000000000000001,0.0019782636173964279,0.0053671922503870304
1,18001,2,5,0.11,0.0022425626423159769,0.0059864155881792806
1,18001,2,5,0.12,0.0025241312318987743,0.0066410421170997437
1,18001,2,5,0.13,0.0028230454423853382,0.0073303693006132034
1,18001,2,5,0.14000000000000001,0.0031394492882854679,0.0080536240923194027
1,18001,2,5,0.14999999999999999,0.0034734255934204907,0.0088099573605954565
1,18001,2,5,0.16,0.0038250850608464969,0.0095983490902898649
1,18001,2,5,0.17000000000000001,0.004194436073838027,0.010417675580053895
1,18001,2,5,0.17999999999999999,0.0045814443925679378,0.011266572493909869
1,18001,2,5,0.19,0.0049861607496144945,0.012143754562649912
1,18001,2,5,0.20000000000000001,0.005408539694599087,0.013047799248508045
1,18001,2,5,0.20999999999999999,0.0058484549359129499,0.01397717264370261
1,18001,2,5,0.22,0.0063058558496247976,0.014930386431166549
1,18001,2,5,0.23000000000000001,0.0067806135731640496,0.015905638877278958
1,18001,2,5,0.23999999999999999,0.0072725636399610634,0.016901345442237165
1,18001,2,5,0.25,0.0077815257904922039,0.017915737203925617
1,18001,2,5,0.26000000000000001,0.0083073135997277728,0.018947177657539869
1,18001,2,5,0.27000000000000002,0.008849760859068757,0.019993800111649494
1,18001,2,5,0.28000000000000003,0.0094085409661037941,0.021053746946907911
1,18001,2,5,0.28999999999999998,0.0099833933429224007,0.022125323647616085
1,18001,2,5,0.29999999999999999,0.010574082118941138,0.023206651179344177
1,18001,2,5,0.31,0.011180305494891463,0.024296099113225927
1,18001,2,5,0.32000000000000001,0.011801701215575605,0.025391807557192208
1,18001,2,5,0.33000000000000002,0.012437941016269711,0.026492085906795779
1,18001,2,5,0.34000000000000002,0.013088694913898115,0.027595258770866965
1,18001,2,5,0.34999999999999998,0.013753596439975306,0.028699633780580335
1,18001,2,5,0.35999999999999999,0.014432249551897328,0.029803772963648122
1,18001,2,5,0.37,0.015124239670035492,0.030905987106608818
1,18001,2,5,0.38,0.015829244881125769,0.032004776932707334
1,18001,2,5,0.39000000000000001,0.016546781223475467,0.033098741604891867
1,18001,2,5,0.40000000000000002,0.017276439954348698,0.034186521137164493
1,18001,2,5,0.40999999999999998,0.018017819866698495,0.035266847780906947
1,18001,2,5,0.41999999999999998,0.018770491137303703,0.036338389245154992
1,18001,2,5,0.42999999999999999,0.019534012105810194,0.037400022119187658
1,18001,2,5,0.44,0.020307919583712836,0.038450613892197144
1,18001,2,5,0.45000000000000001,0.021091805462892094,0.03948912427595519
1,18001,2,5,0.46000000000000002,0.021885230852193016,0.040514540950625642
1,18001,2,5,0.46999999999999997,0.022687722615504603,0.041526013820787994
1,18001,2,5,0.47999999999999998,0.023498839219271202,0.042522644604686015
1,18001,2,5,0.48999999999999999,0.024318164716436833,0.043503579328740966
1,18001,2,5,0.5,0.025145236133251786,0.044468204147226222
1,18001,2,5,0.51000000000000001,0.025979620921706487,0.045415737713788283
1,18001,2,5,0.52000000000000002,0.026820865501962915,0.0463456567168525
1,18001,2,5,0.53000000000000003,0.027668545209164702,0.047257284833156867
1,18001,2,5,0.54000000000000004,0.028522188033661827,0.048150161094198729
1,18001,2,5,0.55000000000000004,0.029381366758327268,0.049023871475968504
1,18001,2,5,0.56000000000000005,0.030245647082093634,0.049877888499890749
1,18001,2,5,0.56999999999999995,0.031114600650455741,0.050711867687887713
1,18001,2,5,0.57999999999999996,0.031987777629613391,0.051525507341179728
1,18001,2,5,0.58999999999999997,0.03286473459641602,0.052318433023051031
1,18001,2,5,0.59999999999999998,0.033745076994964922,0.053090392025530099
1,18001,2,5,0.60999999999999999,0.034628344288025172,0.053841135543059561
1,18001,2,5,0.62,0.035514092947561936,0.054570472784873834
1,18001,2,5,0.63,0.036401913737694643,0.055278257315444917
1,18001,2,5,0.64000000000000001,0.037291367353781746,0.055964196430396601
1,18001,2,5,0.65000000000000002,0.038182028951552816,0.056628299783109369
1,18001,2,5,0.66000000000000003,0.03907347471931865,0.057270426447594065
1,18001,2,5,0.67000000000000004,0.03996526652931242,0.057890446912645693
1,18001,2,5,0.68000000000000005,0.040857023967557214,0.058488328855470485
1,18001,2,5,0.68999999999999995,0.04174828766155575,0.059064055983474785
1,18001,2,5,0.69999999999999996,0.042638651570575642,0.059617634182085356
1,18001,2,5,0.70999999999999996,0.043527725661707505,0.060149015098974419
1,18001,2,5,0.71999999999999997,0.044415064344317683,0.060658236982265558
1,18001,2,5,0.72999999999999998,0.045300306304463162,0.061145417361414989
1,18001,2,5,0.73999999999999999,0.046183051086568679,0.061610646067014191
1,18001,2,5,0.75,0.047062896462783943,0.062053932190746987
1,18001,2,5,0.76000000000000001,0.047939503598940829,0.062475428544793543
1,18001,2,5,0.77000000000000002,0.048812479261500528,0.062875347572116283
1,18001,2,5,0.78000000000000003,0.049681484636197294,0.063253862395228191
1,18001,2,5,0.79000000000000004,0.050546179588924621,0.063611197706822789
1,18001,2,5,0.80000000000000004,0.05140622316714092,0.063947562717026188
1,18001,2,5,0.81000000000000005,0.052261335226464478,0.06426326723110426
1,18001,2,5,0.81999999999999995,0.053111203308956634,0.064558582017205574
1,18001,2,5,0.82999999999999996,0.053955549856675881,0.064833848409868125
1,18001,2,5,0.83999999999999997,0.054794160371390392,0.06508946899814301
1,18001,2,5,0.84999999999999998,0.055626779453323956,0.065325794428238979
1,18001,2,5,0.85999999999999999,0.056453168778105529,0.065543219703537922
1,18001,2,5,0.87,0.05727316830279245,0.065742227467123021
1,18001,2,5,0.88,0.058086608277435337,0.065923342322192047
1,18001,2,5,0.89000000000000001,0.058893357024631367,0.066087050326662053
1,18001,2,5,0.90000000000000002,0.059693254584027904,0.066233858633779827
1,18001,2,5,0.91000000000000003,0.060486244443765547,0.06636433045865299
1,18001,2,5,0.92000000000000004,0.061272274578353624,0.066479071438155138
1,18001,2,5,0.93000000000000005,0.062051279327312144,0.066578701097040477
1,18001,2,5,0.93999999999999995,0.062823223492151872,0.066663791033863232
1,18001,2,5,0.94999999999999996,0.063588146262058914,0.06673507447718674
1,18001,2,5,0.95999999999999996,0.064346064075026604,0.066793111616002834
1,18001,2,5,0.96999999999999997,0.06509699675326501,0.066838615501687931
1,18001,2,5,0.97999999999999998,0.065841037481873019,0.066872283092946641
1,18001,2,5,0.98999999999999999,0.066578289825442713,0.066894778719113271
1,18001,2,5,1,0.067308862931752644,0.066906832426914697
1,18001,2,6,0,-0.00093666864236693903,0.00054019844008970641
1,18001,2,6,0.01,-0.0011686121148340111,0.00065468233881073659
1,18001,2,6,0.02,-0.0014302754964276188,0.0007869684884153471
1,18001,2,6,0.029999999999999999,-0.0017220547913483865,0.0009388032337389261
1,18001,2,6,0.040000000000000001,-0.0020439738885990764,0.0011116396137833889
1,18001,2,6,0.050000000000000003,-0.002396006429362,0.00130699601705958
1,18001,2,6,0.059999999999999998,-0.0027778884778617164,0.001526053333435211
1,18001,2,6,0.070000000000000007,-0.0031893596197264461,0.0017699953258451388
1,18001,2,6,0.080000000000000002,-0.0036299519703700627,0.0020398307798864955
1,18001,2,6,0.089999999999999997,-0.0040991475966823589,0.0023363872936964431
1,18001,2,6,0.10000000000000001,-0.0045964535835114721,0.0026603978544617428
1,18001,2,6,0.11,-0.0051210848326079181,0.0030122689431346036
1,18001,2,6,0.12,-0.0056724572109982394,0.0033924716189913198
1,18001,2,6,0.13,-0.0062497517534909966,0.0038010661656934764
1,18001,2,6,0.14000000000000001,-0.0068522097721997162,0.0042380182449006931
1,18001,2,6,0.14999999999999999,-0.0074790546679578268,0.004703153729151058
1,18001,2,6,0.16,-0.0081295440969427635,0.0051961824509631433
1,18001,2,6,0.17000000000000001,-0.00880277206441097,0.0057163724486929135
1,18001,2,6,0.17999999999999999,-0.0094979215115284458,0.0062629780231861802
1,18001,2,6,0.19,-0.010214240682616645,0.0068351187106073241
1,18001,2,6,0.20000000000000001,-0.010950887728794977,0.0074316892900097862
1,18001,2,6,0.20999999999999999,-0.011707086315771742,0.0080513465648529448
1,18001,2,6,0.22,-0.012482002910657534,0.0086926548111699257
1,18001,2,6,0.23000000000000001,-0.013274905336464268,0.0093540418148120707
1,18001,2,6,0.23999999999999999,-0.014085043514908418,0.010033817575859453
1,18001,2,6,0.25,-0.014911637958755599,0.010730073612673948
1,18001,2,6,0.26000000000000001,-0.015753968373430988,0.011440818358003263
1,18001,2,6,0.27000000000000002,-0.016611300574268843,0.012164024200611133
1,18001,2,6,0.28000000000000003,-0.017482953178837708,0.012897464546434761
1,18001,2,6,0.28999999999999998,-0.018368138602258732,0.013638935645577749
1,18001,2,6,0.29999999999999999,-0.019266272585063679,0.014386150377006747
1,18001,2,6,0.31,-0.020176576683820984,0.015136819711643006
1,18001,2,6,0.32000000000000001,-0.021098403093628083,0.015888518639499936
1,18001,2,6,0.33000000000000002,-0.022031001462112565,0.016638921312716205
1,18001,2,6,0.34000000000000002,-0.022973746431174683,0.017385709166818138
1,18001,2,6,0.34999999999999998,-0.02392588229101603,0.018126598874308439
1,18001,2,6,0.35999999999999999,-0.024886707701877748,0.018859236539922702
1,18001,2,6,0.37,-0.025855489422200062,0.019581445093285282
1,18001,2,6,0.38,-0.026831542797501617,0.020291208477196458
1,18001,2,6,0.39000000000000001,-0.027814103529842722,0.020986362974207012
1,18001,2,6,0.40000000000000002,-0.028802404578381197,0.021665107875432282
1,18001,2,6,0.40999999999999998,-0.029795697202973228,0.022325525360397388
1,18001,2,6,0.41999999999999998,-0.030793228022287022,0.022966036737828641
1,18001,2,6,0.42999999999999999,-0.031794167130022262,0.023585029651854248
1,18001,2,6,0.44,-0.032797684695999314,0.024181294071924032
1,18001,2,6,0.45000000000000001,-0.033802987552277529,0.024753412002683283
1,18001,2,6,0.46000000000000002,-0.034809196553947007,0.025300500637814301
1,18001,2,6,0.46999999999999997,-0.035815450917221665,0.025821649735653807
1,18001,2,6,0.47999999999999998,-0.036820816804739809,0.026316083179186992
1,18001,2,6,0.48999999999999999,-0.037824502777620762,0.026783378847328804
1,18001,2,6,0.5,-0.038825523043591895,0.027223174045118471
1,18001,2,6,0.51000000000000001,-0.039823037705403241,0.027635201058650503
1,18001,2,6,0.52000000000000002,-0.040816097797629403,0.02801956393755094
1,18001,2,6,0.53000000000000003,-0.041803914799233545,0.028376411779137366
1,18001,2,6,0.54000000000000004,-0.042785506270449199,0.02870599887801897
1,18001,2,6,0.55000000000000004,-0.043760073690706197,0.029008864456958421
1,18001,2,6,0.56000000000000005,-0.044726796757671244,0.029285664475932449
1,18001,2,6,0.56999999999999995,-0.045684837820260303,0.029537012181805988
1,18001,2,6,0.57999999999999996,-0.046633450219232465,0.029763954547522741
1,18001,2,6,0.58999999999999997,-0.047571843461146124,0.029967384162220865
1,18001,2,6,0.59999999999999998,-0.048499419061759384,0.030148401213413556
1,18001,2,6,0.60999999999999999,-0.049415430137694207,0.030308165228314695
1,18001,2,6,0.62,-0.050319361777636164,0.030447978396129949
1,18001,2,6,0.63,-0.051210556705273823,0.03056903822162256
1,18001,2,6,0.64000000000000001,-0.052088685653262419,0.030672717140398254
1,18001,2,6,0.65000000000000002,-0.052953240027298572,0.030760405582956129
1,18001,2,6,0.66000000000000003,-0.053803844480799189,0.030833464227895738
1,18001,2,6,0.67000000000000004,-0.054640272392462885,0.030893255511123638
1,18001,2,6,0.68000000000000005,-0.055462228198159956,0.03094106592325931
1,18001,2,6,0.68999999999999995,-0.056269578389801948,0.030978293909478746
1,18001,2,6,0.69999999999999996,-0.057062126299460919,0.031006182104555569
1,18001,2,6,0.70999999999999996,-0.05783994798137735,0.031025910762202888
1,18001,2,6,0.71999999999999997,-0.058602886689900796,0.031038640735610089
1,18001,2,6,0.72999999999999998,-0.059351137365743774,0.031045449354852778
1,18001,2,6,0.73999999999999999,-0.060084673433007163,0.031047353283549767
1,18001,2,6,0.75,-0.060803777285102611,0.031045143961769661
1,18001,2,6,0.76000000000000001,-0.061508554785173038,0.03103966872481248
1,18001,2,6,0.77000000000000002,-0.062199280034498421,0.031031581850339853
1,18001,2,6,0.78000000000000003,-0.062876197395168906,0.031021427455729309
1,18001,2,6,0.79000000000000004,-0.063539682663981037,0.031009616396545561
1,18001,2,6,0.80000000000000004,-0.064190027323145507,0.030996563084922352
1,18001,2,6,0.81000000000000005,-0.064827589424950968,0.030982495853055028
1,18001,2,6,0.81999999999999995,-0.065452808669791043,0.030967399152960717
1,18001,2,6,0.82999999999999996,-0.066066061756778885,0.030951348803545633
1,18001,2,6,0.83999999999999997,-0.066667780449970071,0.03093425496976605
1,18001,2,6,0.84999999999999998,-0.067258420881350339,0.030915883693073628
1,18001,2,6,0.85999999999999999,-0.06783841574166638,0.030895877006703484
1,18001,2,6,0.87,-0.068408238754753534,0.030873879576080024
1,18001,2,6,0.88,-0.068968332644826894,0.030849463052701809
1,18001,2,6,0.89000000000000001,-0.069519155748877529,0.030822099876716524
1,18001,2,6,0.90000000000000002,-0.070061157195675447,0.030791121981152105
1,18001,2,6,0.91000000000000003,-0.070594781456379249,0.030755942464516687
1,18001,2,6,0.92000000000000004,-0.071120433394688667,0.030715906031916526
1,18001,2,6,0.93000000000000005,-0.071638533033568749,0.030670266249666567
1,18001,2,6,0.93999999999999995,-0.072149490816258002,0.030618297642187899
1,18001,2,6,0.94999999999999996,-0.072653655159320249,0.030559342399366505
1,18001,2,6,0.95999999999999996,-0.073151411736304198,0.030492668011454005
1,18001,2,6,0.96999999999999997,-0.0736430626174292,0.030417534438847257
1,18001,2,6,0.97999999999999998,-0.074128938260143232,0.030333332651205604
1,18001,2,6,0.98999999999999999,-0.074609288740382654,0.030239418368819933
1,18001,2,6,1,-0.07508439814142176,0.03013526930076256
1,18001,2,7,0,-0.00095974451171352648,0.00059390528099072715
1,18001,2,7,0.01,-0.0012320808528463714,0.0006913447086091092
1,18001,2,7,0.02,-0.0015479837552631246,0.00079368811072680269
1,18001,2,7,0.029999999999999999,-0.0019098252540315764,0.00090065409355385366
1,18001,2,7,0.040000000000000001,-0.0023190973291260155,0.0010118488842046343
1,18001,2,7,0.050000000000000003,-0.0027771572657267845,0.0011269456005864934
1,18001,2,7,0.059999999999999998,-0.0032851734520970267,0.0012455831376702159
1,18001,2,7,0.070000000000000007,-0.0038435143580492202,0.0013673631535610902
1,18001,2,7,0.080000000000000002,-0.0044527010744195364,0.0014918694638632723
1,18001,2,7,0.089999999999999997,-0.0051125900905912283,0.00161858367312842
1,18001,2,7,0.10000000000000001,-0.0058229424472039789,0.0017469414666025039
1,18001,2,7,0.11,-0.0065829763211278135,0.0018762920088139505
1,18001,2,7,0.12,-0.0073917218186972979,0.002005964450483302
1,18001,2,7,0.13,-0.0082478930481978078,0.0021351230170043307
1,18001,2,7,0.14000000000000001,-0.0091499310839940323,0.0022629196919212095
1,18001,2,7,0.14999999999999999,-0.010096009007945798,0.0023883638705843456
1,18001,2,7,0.16,-0.011083924078368451,0.002510461719256171
1,18001,2,7,0.17000000000000001,-0.012111436008902248,0.0026281387423789421
1,18001,2,7,0.17999999999999999,-0.013175925123352571,0.0027402136944342063
1,18001,2,7,0.19,-0.014274696347861071,0.0028454663560919815
1,18001,2,7,0.20000000000000001,-0.015404860994851624,0.0029426491902500508
1,18001,2,7,0.20999999999999999,-0.01656326671470628,0.0030304875210093508
1,18001,2,7,0.22,-0.01774681177256697,0.0031076764115994145
1,18001,2,7,0.23000000000000001,-0.018952172362711881,0.0031728518499616401
1,18001,2,7,0.23999999999999999,-0.020175950731557913,0.0032246535494388513
1,18001,2,7,0.25,-0.021414834727026429,0.0032617914101787464
1,18001,2,7,0.26000000000000001,-0.022665256578618186,0.0032829308108359508
1,18001,2,7,0.27000000000000002,-0.023923878724870146,0.0032868052550361591
1,18001,2,7,0.28000000000000003,-0.025187215287321024,0.003272066689570407
1,18001,2,7,0.28999999999999998,-0.0264518786609504,0.0032376021652664477
1,18001,2,7,0.29999999999999999,-0.02771460044827832,0.0031821615820093649
1,18001,2,7,0.31,-0.028972120894608971,0.0031047941125889773
1,18001,2,7,0.32000000000000001,-0.030221281285977206,0.0030042831640079049
1,18001,2,7,0.33000000000000002,-0.031459116544462103,0.002879820467148516
1,18001,2,7,0.34000000000000002,-0.03268271174187927,0.0027304579466180981
1,18001,2,7,0.34999999999999998,-0.033889411063845853,0.0025555137380880309
1,18001,2,7,0.35999999999999999,-0.035076651710846236,0.0023542878683575799
1,18001,2,7,0.37,-0.036241999717430563,0.0021261319509463818
1,18001,2,7,0.38,-0.037383365676346911,0.0018706870003849282
1,18001,2,7,0.39000000000000001,-0.038498657967639974,0.0015874629980334592
1,18001,2,7,0.40000000000000002,-0.039586244246753437,0.0012763849665266096
1,18001,2,7,0.40999999999999998,-0.040644393977738093,0.00093711332953280832
1,18001,2,7,0.41999999999999998,-0.041671813127744407,0.00056973714072792623
1,18001,2,7,0.42999999999999999,-0.042667300232593804,0.00017426736802163509
1,18001,2,7,0.44,-0.043629907258196036,-0.00024906382350508666
1,18001,2,7,0.45000000000000001,-0.044558927752297826,-0.00069996158730416518
1,18001,2,7,0.46000000000000002,-0.045453655213753247,-0.0011780894057093396
1,18001,2,7,0.46999999999999997,-0.046313809362752707,-0.0016829019487098603
1,18001,2,7,0.47999999999999998,-0.047139165993287435,-0.0022137981980934686
1,18001,2,7,0.48999999999999999,-0.047929655470312575,-0.0027700928611093245
1,18001,2,7,0.5,-0.048685525872670797,-0.0033509490040507886
1,18001,2,7,0.51000000000000001,-0.049406729704929438,-0.0039556361391612045
1,18001,2,7,0.52000000000000002,-0.050093968310340214,-0.0045830470973843513
1,18001,2,7,0.53000000000000003,-0.050747630023873495,-0.0052321953961704942
1,18001,2,7,0.54000000000000004,-0.051368342229948481,-0.0059019682645752624
1,18001,2,7,0.55000000000000004,-0.051956863206986552,-0.0065911663934200898
1,18001,2,7,0.56000000000000005,-0.052513843732770349,-0.0072986201785933602
1,18001,2,7,0.56999999999999995,-0.053040289521632554,-0.0080229394312354013
1,18001,2,7,0.57999999999999996,-0.053537045915185842,-0.0087628302615603629
1,18001,2,7,0.58999999999999997,-0.054005002990886154,-0.009516890395498084
1,18001,2,7,0.59999999999999998,-0.054445216829314386,-0.010283676011063085
1,18001,2,7,0.60999999999999999,-0.054858555921687119,-0.011061753473682568
1,18001,2,7,0.62,-0.055246150865096932,-0.011849567410222098
1,18001,2,7,0.63,-0.055608868358348641,-0.012645670672183253
1,18001,2,7,0.64000000000000001,-0.055947730450817766,-0.013448488534176779
1,18001,2,7,0.65000000000000002,-0.056263637052544536,-0.014256524810950841
1,18001,2,7,0.66000000000000003,-0.056557578006210397,-0.015068191879267055
1,18001,2,7,0.67000000000000004,-0.056830392480546534,-0.015881992237905158
1,18001,2,7,0.68000000000000005,-0.05708293725115194,-0.016696373422421078
1,18001,2,7,0.68999999999999995,-0.057316049560768988,-0.017509844328895432
1,18001,2,7,0.69999999999999996,-0.057530382057922963,-0.01832090566313134
1,18001,2,7,0.70999999999999996,-0.057726839278591895,-0.019128108553766631
1,18001,2,7,0.71999999999999997,-0.057905907467872886,-0.019929989245891701
1,18001,2,7,0.72999999999999998,-0.058068346099985214,-0.020725229963445318
1,18001,2,7,0.73999999999999999,-0.058214670633038375,-0.021512379700930565
1,18001,2,7,0.75,-0.058345411524420084,-0.022290282306677966
1,18001,2,7,0.76000000000000001,-0.058461131497516909,-0.023057565638713917
1,18001,2,7,0.77000000000000002,-0.058562217742535533,-0.023813173538888566
1,18001,2,7,0.78000000000000003,-0.058649117225538928,-0.024555907124096523
1,18001,2,7,0.79000000000000004,-0.058722242503209655,-0.025284762656153245
1,18001,2,7,0.80000000000000004,-0.058781898766818212,-0.025998796437957005
1,18001,2,7,0.81000000000000005,-0.058828501719101756,-0.026697070204194328
1,18001,2,7,0.81999999999999995,-0.05886228653511754,-0.027378836930607196
1,18001,2,7,0.82999999999999996,-0.058883593994292917,-0.028043312399626402
1,18001,2,7,0.83999999999999997,-0.058892703757367125,-0.028689910031171783
1,18001,2,7,0.84999999999999998,-0.058889891527852185,-0.029318074420155174
1,18001,2,7,0.85999999999999999,-0.058875443661928116,-0.029927343526730123
1,18001,2,7,0.87,-0.058849606994651582,-0.030517357344556014
1,18001,2,7,0.88,-0.058812674317572568,-0.031087799862818333
1,18001,2,7,0.89000000000000001,-0.058764917383416153,-0.031638561670301546
1,18001,2,7,0.90000000000000002,-0.058706649907527185,-0.032169474902138527
1,18001,2,7,0.91000000000000003,-0.058638163427741995,-0.032680596279409113
1,18001,2,7,0.92000000000000004,-0.0585597770701227,-0.033171918571699675
1,18001,2,7,0.93000000000000005,-0.058471841558144666,-0.033643662506277962
1,18001,2,7,0.93999999999999995,-0.058374701287812358,-0.034096051839247306
1,18001,2,7,0.94999999999999996,-0.058268761085995789,-0.03452941365793754
1,18001,2,7,0.95999999999999996,-0.058154394255278151,-0.034944092720343822
1,18001,2,7,0.96999999999999997,-0.058032036210592906,-0.035340542439286089
1,18001,2,7,0.97999999999999998,-0.057902154699752073,-0.035719320258090471
1,18001,2,7,0.98999999999999999,-0.057765174295893111,-0.036080913722409333
1,18001,2,7,1,-0.057621659473801962,-0.036426069518483921
1,18001,2,8,0,-0.00061132777022592422,-0.00077022849077966471
1,18001,2,8,0.01,-0.00080100587154027477,-0.00096209121017701001
1,18001,2,8,0.02,-0.0010201542580806683,-0.0011787363550974672
1,18001,2,8,0.029999999999999999,-0.0012700492262164012,-0.0014202711967972769
1,18001,2,8,0.040000000000000001,-0.0015515873258363868,-0.0016864020196569835
1,18001,2,8,0.050000000000000003,-0.0018655818515185944,-0.0019766064125469056
1,18001,2,8,0.059999999999999998,-0.0022126456757482903,-0.0022900143163316461
1,18001,2,8,0.070000000000000007,-0.0025930956729288005,-0.0026256816247765789
1,18001,2,8,0.080000000000000002,-0.0030072228490041039,-0.0029823972524908441
1,18001,2,8,0.089999999999999997,-0.0034550053594211046,-0.0033588254151706402
1,18001,2,8,0.10000000000000001,-0.0039364479437474309,-0.0037535476725452533
1,18001,2,8,0.11,-0.0044512108342545341,-0.0041648074319667119
1,18001,2,8,0.12,-0.0049989338535724138,-0.0045910800203713999
1,18001,2,8,0.13,-0.0055790370119423423,-0.0050305665989394963
1,18001,2,8,0.14000000000000001,-0.0061907792032008177,-0.0054814354000619027
1,18001,2,8,0.14999999999999999,-0.0068333490045761891,-0.0059417600892653381
1,18001,2,8,0.16,-0.0075059945394677545,-0.0064098442814902673
1,18001,2,8,0.17000000000000001,-0.0082075156566187406,-0.0068836940483455082
1,18001,2,8,0.17999999999999999,-0.0089367946938358547,-0.0073615217847208094
1,18001,2,8,0.19,-0.0096926407649587723,-0.0078415344441893197
1,18001,2,8,0.20000000000000001,-0.01047379375577355,-0.0083219961726602506
1,18001,2,8,0.20999999999999999,-0.011278946345225414,-0.0088012219831545471
1,18001,2,8,0.22,-0.01210663778658614,-0.0092775801600473995
1,18001,2,8,0.23000000000000001,-0.012955352012076218,-0.0097496298328141467
1,18001,2,8,0.23999999999999999,-0.013823698593804905,-0.010215998827227056
1,18001,2,8,0.25,-0.014710110838444888,-0.010675388098805914
1,18001,2,8,0.26000000000000001,-0.015613005496258941,-0.011126528437839884
1,18001,2,8,0.27000000000000002,-0.016530840615486046,-0.011568422902549778
1,18001,2,8,0.28000000000000003,-0.017462057089771308,-0.012000244134100379
1,18001,2,8,0.28999999999999998,-0.018404996622222589,-0.012421009224178421
1,18001,2,8,0.29999999999999999,-0.019358111399288076,-0.012830166352417604
1,18001,2,8,0.31,-0.020319854791159508,-0.013227031064109718
1,18001,2,8,0.32000000000000001,-0.021288636887932255,-0.013611284892858478
1,18001,2,8,0.33000000000000002,-0.022262925671811509,-0.013982573138183929
1,18001,2,8,0.34000000000000002,-0.023241185320296443,-0.014340668727261122
1,18001,2,8,0.34999999999999998,-0.024221947883143899,-0.014685564528910809
1,18001,2,8,0.35999999999999999,-0.025203790078051735,-0.015017157769486514
1,18001,2,8,0.37,-0.026185296815159673,-0.015335712079591638
1,18001,2,8,0.38,-0.027165055825936021,-0.015641312416749004
1,18001,2,8,0.39000000000000001,-0.028141876388470159,-0.015934389077300892
1,18001,2,8,0.40000000000000002,-0.029114443926919569,-0.016215228864175091
1,18001,2,8,0.40999999999999998,-0.030081572548268071,-0.016484326583429007
1,18001,2,8,0.41999999999999998,-0.031042193561422755,-0.01674217508111921
1,18001,2,8,0.42999999999999999,-0.031995258296584624,-0.016989339250452203
1,18001,2,8,0.44,-0.032939818946164517,-0.017226444778579268
1,18001,2,8,0.45000000000000001,-0.033875003527690274,-0.017454086032173285
1,18001,2,8,0.46000000000000002,-0.034799998555282631,-0.017672975612728809
1,18001,2,8,0.46999999999999997,-0.035714117597713306,-0.017883747861578217
1,18001,2,8,0.47999999999999998,-0.036616806304927058,-0.018087110208051885
1,18001,2,8,0.48999999999999999,-0.037507510431717704,-0.018283720826496801
1,18001,2,8,0.5,-0.038385856438661214,-0.018474332839082706
1,18001,2,8,0.51000000000000001,-0.039251453949679174,-0.018659459430485244
1,18001,2,8,0.52000000000000002,-0.040104166937629249,-0.018839889255673935
1,18001,2,8,0.53000000000000003,-0.040943849787053253,-0.019016154245751028
1,18001,2,8,0.54000000000000004,-0.041770517343821402,-0.019188848951496685
1,18001,2,8,0.55000000000000004,-0.042584196697891569,-0.019358486808487455
1,18001,2,8,0.56000000000000005,-0.043385050867156355,-0.019525621176007039
1,18001,2,8,0.56999999999999995,-0.044173350392050982,-0.019690683305445388
1,18001,2,8,0.57999999999999996,-0.044949439947482177,-0.01985405890146643
1,18001,2,8,0.58999999999999997,-0.045713719362223272,-0.020016139595952023
1,18001,2,8,0.59999999999999998,-0.046466663761033526,-0.020177179880238174
1,18001,2,8,0.60999999999999999,-0.047208823683217209,-0.020337542557753469
1,18001,2,8,0.62,-0.04794078556172273,-0.020497349076032307
1,18001,2,8,0.63,-0.048663235487235786,-0.020656742982011478
1,18001,2,8,0.64000000000000001,-0.049376850737906819,-0.020815910871546526
1,18001,2,8,0.65000000000000002,-0.050082394781611972,-0.020974876219354371
1,18001,2,8,0.66000000000000003,-0.05078054763891815,-0.021133644731795628
1,18001,2,8,0.67000000000000004,-0.051472143321040387,-0.021292187727267653
1,18001,2,8,0.68000000000000005,-0.052157956966677986,-0.02145046636054905
1,18001,2,8,0.68999999999999995,-0.05283876640083493,-0.021608356040804175
1,18001,2,8,0.69999999999999996,-0.053515326652561028,-0.021765678477792098
1,18001,2,8,0.70999999999999996,-0.054188407123922477,-0.021922303658355066
1,18001,2,8,0.71999999999999997,-0.054858734880815642,-0.022077990391538599
1,18001,2,8,0.72999999999999998,-0.055527051226398096,-0.022232571669292808
1,18001,2,8,0.73999999999999999,-0.0561939544692312,-0.022385670247447028
1,18001,2,8,0.75,-0.056860096923741277,-0.022537086802799259
1,18001,2,8,0.76000000000000001,-0.057526083905897918,-0.022686528125182792
1,18001,2,8,0.77000000000000002,-0.058192389707501929,-0.022833668258554152
1,18001,2,8,0.78000000000000003,-0.058859477041187526,-0.022978128086347083
1,18001,2,8,0.79000000000000004,-0.059527751300073754,-0.023119651200479052
1,18001,2,8,0.80000000000000004,-0.060197573819230327,-0.023257871803767306
1,18001,2,8,0.81000000000000005,-0.06086917762532449,-0.023392432406261727
1,18001,2,8,0.81999999999999995,-0.061542775308826764,-0.023522973156595892
1,18001,2,8,0.82999999999999996,-0.062218491427103097,-0.023649173845484442
1,18001,2,8,0.83999999999999997,-0.06289639522183374,-0.023770709561223315
1,18001,2,8,0.84999999999999998,-0.063576505043309653,-0.023887209955440719
1,18001,2,8,0.85999999999999999,-0.064258699298087932,-0.023998341382424862
1,18001,2,8,0.87,-0.064942912917913723,-0.024103784060590185
1,18001,2,8,0.88,-0.065628927015762811,-0.024203294169490425
1,18001,2,8,0.89000000000000001,-0.066316473638073206,-0.02429648777682426
1,18001,2,8,0.90000000000000002,-0.06700526618113993,-0.024383135441246914
1,18001,2,8,0.91000000000000003,-0.067694983466113204,-0.02446296903741026
1,18001,2,8,0.92000000000000004,-0.068385209938151156,-0.024535734936788508
1,18001,2,8,0.93000000000000005,-0.069075496984606577,-0.024601234861973034
1,18001,2,8,0.93999999999999995,-0.069765426726682414,-0.024659223516084239
1,18001,2,8,0.94999999999999996,-0.070454464819738369,-0.024709592082402757
1,18001,2,8,0.95999999999999996,-0.071142137024804306,-0.02475213568005016
1,18001,2,8,0.96999999999999997,-0.07182788898236557,-0.024786755886112104
1,18001,2,8,0.97999999999999998,-0.072511176849054546,-0.02481337077348893
1,18001,2,8,0.98999999999999999,-0.073191490299530107,-0.024831909583484496
1,18001,2,8,1,-0.073868293539959093,-0.024842389696777142
2,18002,1,1,0,2.8285259281520442e-05,-0.0014539817157509284
2,18002,1,1,0.01,3.6598958035303403e-05,-0.0017769767798622613
2,18002,1,1,0.02,4.5896432115754605e-05,-0.0021456795286588881
2,18002,1,1,0.029999999999999999,5.6224781463824866e-05,-0.0025620800495584788
2,18002,1,1,0.040000000000000001,6.7627052921270442e-05,-0.0030281088502393792
2,18002,1,1,0.050000000000000003,8.0124115680733473e-05,-0.0035445834962401141
2,18002,1,1,0.059999999999999998,9.3764643461600712e-05,-0.0041124429210173388
2,18002,1,1,0.070000000000000007,0.00010857080282350445,-0.0047323152025553041
2,18002,1,1,0.080000000000000002,0.00012454554438167713,-0.0054042922897331392
2,18002,1,1,0.089999999999999997,0.00014168823989465219,-0.0061281886419205208
2,18002,1,1,0.10000000000000001,0.00015999958288844362,-0.0069036380191151991
2,18002,1,1,0.11,0.000179459512006172,-0.0077297677964614552
2,18002,1,1,0.12,0.00020000320237321861,-0.0086055326347448582
2,18002,1,1,0.13,0.0002216032441872301,-0.00952966929238931
2,18002,1,1,0.14000000000000001,0.0002441890559459611,-0.010500278031367613
2,18002,1,1,0.14999999999999999,0.00026767851634533534,-0.011515565521749441
2,18002,1,1,0.16,0.00029197674419614107,-0.012573637883364372
2,18002,1,1,0.17000000000000001,0.00031698890241091697,-0.013671883285993129
2,18002,1,1,0.17999999999999999,0.00034261197572439136,-0.0148078510993892
2,18002,1,1,0.19,0.00036871837738601656,-0.015978952119361515
2,18002,1,1,0.20000000000000001,0.00039518811975405854,-0.017182395278852906
2,18002,1,1,0.20999999999999999,0.00042190900899407305,-0.018415102976835362
2,18002,1,1,0.22,0.00044875679620726074,-0.01967408964323214
2,18002,1,1,0.23000000000000001,0.00047560407395819576,-0.020956410753895104
2,18002,1,1,0.23999999999999999,0.00050234324379256083,-0.022258673672544509
2,18002,1,1,0.25,0.00052888216393417087,-0.023577822980057436
2,18002,1,1,0.26000000000000001,0.00055511454632787617,-0.024910639335211784
2,18002,1,1,0.27000000000000002,0.00058096185410095832,-0.026254039160265887
2,18002,1,1,0.28000000000000003,0.00060637715487987505,-0.027604863377282188
2,18002,1,1,0.28999999999999998,0.00063129768971492684,-0.028959987473694781
2,18002,1,1,0.29999999999999999,0.00065570523629575881,-0.030316432310569779
2,18002,1,1,0.31,0.00067959124534523133,-0.031671503202333771
2,18002,1,1,0.32000000000000001,0.00070295940929158279,-0.033022177392625245
2,18002,1,1,0.33000000000000002,0.00072584692939650761,-0.034365753819398569
2,18002,1,1,0.34000000000000002,0.00074829413169049883,-0.035699921048980489
2,18002,1,1,0.34999999999999998,0.00077036933861699948,-0.037022068188382551
2,18002,1,1,0.35999999999999999,0.00079215103596352171,-0.038329982733105325
2,18002,1,1,0.37,0.00081373676890543164,-0.039621554698481561
2,18002,1,1,0.38,0.00083522857501617653,-0.040894944538903542
2,18002,1,1,0.39000000000000001,0.00085673783042110893,-0.042148304175125717
2,18002,1,1,0.40000000000000002,0.00087839870782822069,-0.043379888200664206
2,18002,1,1,0.40999999999999998,0.00090032677405262084,-0.04458848930786663
2,18002,1,1,0.41999999999999998,0.00092264664534702273,-0.045772685448650013
2,18002,1,1,0.42999999999999999,0.00094548819305438137,-0.046931353888599932
2,18002,1,1,0.44,0.00096896599521573146,-0.048063646815408027
2,18002,1,1,0.45000000000000001,0.00099319743997669432,-0.049168540794215565
2,18002,1,1,0.46000000000000002,0.001018278038650168,-0.050245655745412197
2,18002,1,1,0.46999999999999997,0.0010443081143002352,-0.051294376154306237
2,18002,1,1,0.47999999999999998,0.0010713583167038718,-0.052314201982977683
2,18002,1,1,0.48999999999999999,0.0010994911938280545,-0.053305187460468161
2,18002,1,1,0.5,0.0011287610981788182,-0.054267106472388249
2,18002,1,1,0.51000000000000001,0.0011591874453136979,-0.055199847054110275
2,18002,1,1,0.52000000000000002,0.0011907920661771427,-0.056103675844994337
2,18002,1,1,0.53000000000000003,0.001223561627947872,-0.056978921348183505
2,18002,1,1,0.54000000000000004,0.001257476589493248,-0.057825678341256188
2,18002,1,1,0.55000000000000004,0.0012925000924320271,-0.058644485481904624
2,18002,1,1,0.56000000000000005,0.0013285698926846637,-0.059435895313104281
2,18002,1,1,0.56999999999999995,0.0013656247987783325,-0.060200267512988799
2,18002,1,1,0.57999999999999996,0.0014035738657579497,-0.060938391098543286
2,18002,1,1,0.58999999999999997,0.0014423245768116551,-0.061650830561337078
2,18002,1,1,0.59999999999999998,0.0014817710308422695,-0.062338296283170745
2,18002,1,1,0.60999999999999999,0.0015217969258166965,-0.063001574547163583
2,18002,1,1,0.62,0.0015622852188269317,-0.063641291022383917
2,18002,1,1,0.63,0.0016031067312424156,-0.064258377167876454
2,18002,1,1,0.64000000000000001,0.0016441351395025904,-0.064853561499798942
2,18002,1,1,0.65000000000000002,0.0016852420525807297,-0.065427609549212437
2,18002,1,1,0.66000000000000003,0.0017262994483774046,-0.06598141806801798
2,18002,1,1,0.67000000000000004,0.0017671817808157248,-0.06651567554152156
2,18002,1,1,0.68000000000000005,0.0018077728471007448,-0.06703120901639445
2,18002,1,1,0.68999999999999995,0.0018479562127547424,-0.067528826900514913
2,18002,1,1,0.69999999999999996,0.001887627560150565,-0.068009233278899198
2,18002,1,1,0.70999999999999996,0.0019266945713452236,-0.068473118753156051
2,18002,1,1,0.71999999999999997,0.0019650680815409337,-0.068921285299317028
2,18002,1,1,0.72999999999999998,0.0020026764628794827,-0.069354374306258126
2,18002,1,1,0.73999999999999999,0.0020394579251667424,-0.069773026318952033
2,18002,1,1,0.75,0.0020753684691002458,-0.070177931857103915
2,18002,1,1,0.76000000000000001,0.0021103675616717093,-0.070569634593164718
2,18002,1,1,0.77000000000000002,0.00214444092310588,-0.070948706315386426
2,18002,1,1,0.78000000000000003,0.002177586299884226,-0.07131576540509639
2,18002,1,1,0.79000000000000004,0.0022098013686730131,-0.071671223687742425
2,18002,1,1,0.80000000000000004,0.002241122273813395,-0.072015585159985449
2,18002,1,1,0.81000000000000005,0.0022715842100755044,-0.072349345013727959
2,18002,1,1,0.81999999999999995,0.0023012334176163028,-0.072672912210719642
2,18002,1,1,0.82999999999999996,0.0023301419276873904,-0.072986631534641924
2,18002,1,1,0.83999999999999997,0.0023583830183278374,-0.073291005495495137
2,18002,1,1,0.84999999999999998,0.0023860454622973899,-0.073586389224818985
2,18002,1,1,0.85999999999999999,0.0024132321707307164,-0.073872972712029472
2,18002,1,1,0.87,0.002440052791817401,-0.074151236626020842
2,18002,1,1,0.88,0.0024666233402899792,-0.07442149555624282
2,18002,1,1,0.89000000000000001,0.002493074086335327,-0.074683937891285121
2,18002,1,1,0.90000000000000002,0.0025195358974749228,-0.07493890469130067
2,18002,1,1,0.91000000000000003,0.0025461488408703185,-0.075186694267670343
2,18002,1,1,0.92000000000000004,0.002573052950483047,-0.075427519852857547
2,18002,1,1,0.93000000000000005,0.0026003906944396392,-0.075661729052521498
2,18002,1,1,0.93999999999999995,0.0026283088955887991,-0.075889555309614387
2,18002,1,1,0.94999999999999996,0.0026569476544254706,-0.076111217475040363
2,18002,1,1,0.95999999999999996,0.0026864533867569061,-0.076327089001019324
2,18002,1,1,0.96999999999999997,0.0027169570585661475,-0.076537360564910797
2,18002,1,1,0.97999999999999998,0.0027485975362579449,-0.076742239462305004
2,18002,1,1,0.98999999999999999,0.0027814967151870984,-0.076942128762610196
2,18002,1,1,1,0.0028157633944251026,-0.077137298544301139
2,18002,1,2,0,0.0008025942765998717,-0.001329442823612854
2,18002,1,2,0.01,0.0010132626186191978,-0.0016414706567660156
2,18002,1,2,0.02,0.0012606154690198226,-0.0019972260136282543
2,18002,1,2,0.029999999999999999,0.0015471990446010015,-0.0023985815839091405
2,18002,1,2,0.040000000000000001,0.0018748889593208486,-0.0028466094079896737
2,18002,1,2,0.050000000000000003,0.0022451873819778066,-0.003342104559658908
2,18002,1,2,0.059999999999999998,0.0026594557963837665,-0.003885686082194393
2,18002,1,2,0.070000000000000007,0.0031184441416529933,-0.0044774109077859231
2,18002,1,2,0.080000000000000002,0.0036228524471010408,-0.0051173327415055606
2,18002,1,2,0.089999999999999997,0.0041725538692752402,-0.0058046777460788804
2,18002,1,2,0.10000000000000001,0.0047677340167407078,-0.0065390924352105029
2,18002,1,2,0.11,0.0054075410444885891,-0.0073191340654529891
2,18002,1,2,0.12,0.0060912104018216893,-0.0081436160068898734
2,18002,1,2,0.13,0.0068176608319456718,-0.009010948314319053
2,18002,1,2,0.14000000000000001,0.0075853322318519614,-0.0099192173779414274
2,18002,1,2,0.14999999999999999,0.0083925179842804926,-0.010866353162351157
2,18002,1,2,0.16,0.0092373794797591478,-0.011850160172721754
2,18002,1,2,0.17000000000000001,0.010117718349129194,-0.012868209319424886
2,18002,1,2,0.17999999999999999,0.011031203453038513,-0.01391784129970748
2,18002,1,2,0.19,0.01197548389507435,-0.014996509576290881
2,18002,1,2,0.20000000000000001,0.012947834478688048,-0.016101236051356497
2,18002,1,2,0.20999999999999999,0.013945712633278234,-0.017229273487762639
2,18002,1,2,0.22,0.014966382280408997,-0.018377689822380718
2,18002,1,2,0.23000000000000001,0.016007167324634881,-0.019543555938434064
2,18002,1,2,0.23999999999999999,0.017065230848877299,-0.020723908181267212
2,18002,1,2,0.25,0.018138023945081683,-0.021915927627663548
2,18002,1,2,0.26000000000000001,0.01922285117767147,-0.023116772205039857
2,18002,1,2,0.27000000000000002,0.020317070561779546,-0.024323594175581904
2,18002,1,2,0.28000000000000003,0.021418270709474534,-0.025533745576186189
2,18002,1,2,0.28999999999999998,0.022523992118424777,-0.026744637756262152
2,18002,1,2,0.29999999999999999,0.023631890888776149,-0.027953696919435247
2,18002,1,2,0.31,0.024739867027733748,-0.029158692876553732
2,18002,1,2,0.32000000000000001,0.025845790866113539,-0.030357323646542173
2,18002,1,2,0.33000000000000002,0.026947661730194621,-0.031547474128218796
2,18002,1,2,0.34000000000000002,0.028043770726857362,-0.032727332804401627
2,18002,1,2,0.34999999999999998,0.029132276597251719,-0.033894965335062401
2,18002,1,2,0.35999999999999999,0.030211631050793112,-0.035048807933407929
2,18002,1,2,0.37,0.031280334621612976,-0.036187329622132898
2,18002,1,2,0.38,0.032337039723989394,-0.037309217165213855
2,18002,1,2,0.39000000000000001,0.033380434212042086,-0.038413239308247957
2,18002,1,2,0.40000000000000002,0.034409395660520245,-0.039498357233787286
2,18002,1,2,0.40999999999999998,0.035422872404950845,-0.04056366881587796
2,18002,1,2,0.41999999999999998,0.03641984281667171,-0.041608366389346264
2,18002,1,2,0.42999999999999999,0.037399514594440193,-0.04263183785208885
2,18002,1,2,0.44,0.038361067845653463,-0.04363355316629635
2,18002,1,2,0.45000000000000001,0.039303770607900364,-0.044613041991936143
2,18002,1,2,0.46000000000000002,0.040227073551435427,-0.045570087352433945
2,18002,1,2,0.46999999999999997,0.041130405894945092,-0.046504454727724666
2,18002,1,2,0.47999999999999998,0.042013305804813474,-0.04741604907045812
2,18002,1,2,0.48999999999999999,0.042875424367604921,-0.048304912396504224
2,18002,1,2,0.5,0.043716403566399054,-0.04917105654990539
2,18002,1,2,0.51000000000000001,0.044536026010675356,-0.050014708665282258
2,18002,1,2,0.52000000000000002,0.045334087439448938,-0.050836036394197648
2,18002,1,2,0.53000000000000003,0.04611052455035549,-0.051635400275629462
2,18002,1,2,0.54000000000000004,0.0468652659485079,-0.052413127337510322
2,18002,1,2,0.55000000000000004,0.047598313372517916,-0.053169617880147686
2,18002,1,2,0.56000000000000005,0.048309784834814927,-0.053905350102149946
2,18002,1,2,0.56999999999999995,0.048999734514142669,-0.054620771589377302
2,18002,1,2,0.57999999999999996,0.049668397115980305,-0.055316432824515288
2,18002,1,2,0.58999999999999997,0.050315976707717223,-0.055992854178425151
2,18002,1,2,0.59999999999999998,0.050942729351534953,-0.056650602490362544
2,18002,1,2,0.60999999999999999,0.051549008710534951,-0.05729025168683155
2,18002,1,2,0.62,0.052135111396873435,-0.057912363905077834
2,18002,1,2,0.63,0.05270149608583935,-0.058517559514815763
2,18002,1,2,0.64000000000000001,0.053248562707571202,-0.059106411516215263
2,18002,1,2,0.65000000000000002,0.053776733701812796,-0.059679450139034841
2,18002,1,2,0.66000000000000003,0.054286560341101159,-0.060237310024861219
2,18002,1,2,0.67000000000000004,0.054778422512903678,-0.060780443952618834
2,18002,1,2,0.68000000000000005,0.055252919828752835,-0.061309417200020581
2,18002,1,2,0.68999999999999995,0.05571054089224442,-0.061824737634836278
2,18002,1,2,0.69999999999999996,0.056151836776554526,-0.06232688388645944
2,18002,1,2,0.70999999999999996,0.056577368781656812,-0.062816307246253811
2,18002,1,2,0.71999999999999997,0.056987629668231864,-0.063293434852619443
2,18002,1,2,0.72999999999999998,0.057383254038922665,-0.063758709296405272
2,18002,1,2,0.73999999999999999,0.057764670521052941,-0.064212424157527648
2,18002,1,2,0.75,0.058132522622537736,-0.064655026720267572
2,18002,1,2,0.76000000000000001,0.058487265098922131,-0.065086763528026961
2,18002,1,2,0.77000000000000002,0.058829424554115516,-0.065507952028009284
2,18002,1,2,0.78000000000000003,0.059159578051507435,-0.06591892731513159
2,18002,1,2,0.79000000000000004,0.059478150819734898,-0.066319922401313749
2,18002,1,2,0.80000000000000004,0.059785666570340512,-0.066711164148488558
2,18002,1,2,0.81000000000000005,0.060082567520910436,-0.067092905496566158
2,18002,1,2,0.81999999999999995,0.060369338599968354,-0.067465383914758717
2,18002,1,2,0.82999999999999996,0.060646377479359019,-0.06782874568235979
2,18002,1,2,0.83999999999999997,0.060914109063654943,-0.068183240252026933
2,18002,1,2,0.84999999999999998,0.061172960750613743,-0.068529058008499497
2,18002,1,2,0.85999999999999999,0.061423273271104174,-0.06886635109477586
2,18002,1,2,0.87,0.06166546896343636,-0.069195376183598875
2,18002,1,2,0.88,0.061899893251724299,-0.06951632224759309
2,18002,1,2,0.89000000000000001,0.062126834652611727,-0.069829320703715655
2,18002,1,2,0.90000000000000002,0.062346670035863111,-0.070134649118427164
2,18002,1,2,0.91000000000000003,0.062559696772871182,-0.0704325124729583
2,18002,1,2,0.92000000000000004,0.062766153194376215,-0.07072304432454872
2,18002,1,2,0.93000000000000005,0.062966364568842595,-0.071006546003055046
2,18002,1,2,0.93999999999999995,0.063160606208057454,-0.071283262277458168
2,18002,1,2,0.94999999999999996,0.063349088964770442,-0.071553369908384457
2,18002,1,2,0.95999999999999996,0.063532103546801832,-0.071817202350940954
2,18002,1,2,0.96999999999999997,0.063709884225477395,-0.07207502209078398
2,18002,1,2,0.97999999999999998,0.06388259645141478,-0.07232702465640993
2,18002,1,2,0.98999999999999999,0.064050508052346744,-0.072573574731394502
2,18002,1,2,1,0.064213818308448425,-0.072814956512551585
2,18002,1,3,0,0.0014672373648370873,-0.00014754996320897237
2,18002,1,3,0.01,0.0018112127571621624,-0.00017463313825332683
2,18002,1,3,0.02,0.0022064297680882343,-0.00020272463321683763
2,18002,1,3,0.029999999999999999,0.0026559478080208664,-0.00023153957849381265
2,18002,1,3,0.040000000000000001,0.0031609365189624781,-0.00026084044965016414
2,18002,1,3,0.050000000000000003,0.0037229864833043702,-0.00029038290804872177
2,18002,1,3,0.059999999999999998,0.0043430119119869173,-0.00032000369167756507
2,18002,1,3,0.070000000000000007,0.0050213399699158652,-0.00034954164409953622
2,18002,1,3,0.080000000000000002,0.005758345082422814,-0.00037891681738923695
2,18002,1,3,0.089999999999999997,0.0065535488417015888,-0.00040807351934410869
2,18002,1,3,0.10000000000000001,0.0074064639674333551,-0.0004370316115864031
2,18002,1,3,0.11,0.008315993200476551,-0.00046583727684030245
2,18002,1,3,0.12,0.0092808784375024208,-0.00049461686586780521
2,18002,1,3,0.13,0.01029956014354832,-0.00052350676950528802
2,18002,1,3,0.14000000000000001,0.011369920510977896,-0.00055272928328641599
2,18002,1,3,0.14999999999999999,0.012490144164942594,-0.00058249074301989763
2,18002,1,3,0.16,0.013657253839218354,-0.00061309134146866125
2,18002,1,3,0.17000000000000001,0.01486918728440873,-0.00064479379096401071
2,18002,1,3,0.17999999999999999,0.016122458114930214,-0.00067793254633615168
2,18002,1,3,0.19,0.017414469284792043,-0.00071281861829349728
2,18002,1,3,0.20000000000000001,0.018741628416534279,-0.00074976703844054375
2,18002,1,3,0.20999999999999999,0.0201007421393034,-0.00078912116820643256
2,18002,1,3,0.22,0.021488248883167905,-0.00083113424467946015
2,18002,1,3,0.23000000000000001,0.02290056812616471,-0.00087612314276407273
2,18002,1,3,0.23999999999999999,0.02433390930356422,-0.00092430059570921934
2,18002,1,3,0.25,0.025784838260835774,-0.00097588859950839893
2,18002,1,3,0.26000000000000001,0.027249292748851808,-0.0010310517397502546
2,18002,1,3,0.27000000000000002,0.028723983817266558,-0.0010898912105240558
2,18002,1,3,0.28000000000000003,0.030204832440151499,-0.0011525121926535499
2,18002,1,3,0.28999999999999998,0.031688687776718946,-0.0012188821913124103
2,18002,1,3,0.29999999999999999,0.033171625617041463,-0.0012890406904332251
2,18002,1,3,0.31,0.034650695007526676,-0.0013628394155415218
2,18002,1,3,0.32000000000000001,0.036122139204947813,-0.0014402325436975547
2,18002,1,3,0.33000000000000002,0.037583343768822476,-0.0015209976804367224
2,18002,1,3,0.34000000000000002,0.039030952050971131,-0.0016049774770970783
2,18002,1,3,0.34999999999999998,0.040462503231232648,-0.0016919291493708187
2,18002,1,3,0.35999999999999999,0.041875311464935276,-0.0017815925866878661
2,18002,1,3,0.37,0.043266976074644602,-0.0018737228368387046
2,18002,1,3,0.38,0.044635529000803413,-0.0019680018295101451
2,18002,1,3,0.39000000000000001,0.045978803870426778,-0.0020641767101570604
2,18002,1,3,0.40000000000000002,0.047295358030410996,-0.002161926036291359
2,18002,1,3,0.40999999999999998,0.048583510347644097,-0.0022609860835713668
2,18002,1,3,0.41999999999999998,0.049842134097860112,-0.0023610706916348807
2,18002,1,3,0.42999999999999999,0.051070267726391366,-0.0024619143694594461
2,18002,1,3,0.44,0.052266910917056784,-0.0025632829084770398
2,18002,1,3,0.45000000000000001,0.053431756610629093,-0.0026649387878161673
2,18002,1,3,0.46000000000000002,0.054564098243993699,-0.0027666864629656098
2,18002,1,3,0.46999999999999997,0.055664047446813199,-0.0028683448850180763
2,18002,1,3,0.47999999999999998,0.056731312725417204,-0.0029697458935837675
2,18002,1,3,0.48999999999999999,0.057766263570711733,-0.0030707747159836991
2,18002,1,3,0.5,0.05876904055682599,-0.0031712857246350631
2,18002,1,3,0.51000000000000001,0.059740145323032103,-0.0032712252953628271
2,18002,1,3,0.52000000000000002,0.060680079143834005,-0.0033704791302921126
2,18002,1,3,0.53000000000000003,0.061589630562501975,-0.0034690257990013778
2,18002,1,3,0.54000000000000004,0.062469370874712805,-0.0035667975672514195
2,18002,1,3,0.55000000000000004,0.063320342637845944,-0.0036637837011453101
2,18002,1,3,0.56000000000000005,0.064143202218924125,-0.0037599554763188396
2,18002,1,3,0.56999999999999995,0.064939061130323258,-0.0038553095319382321
2,18002,1,3,0.57999999999999996,0.065708807479271589,-0.003949841250249041
2,18002,1,3,0.58999999999999997,0.066453336527103779,-0.0040435580007013522
2,18002,1,3,0.59999999999999998,0.067173821500691858,-0.0041364659837194173
2,18002,1,3,0.60999999999999999,0.067870982180703157,-0.0042285821465230427
2,18002,1,3,0.62,0.068545998336220104,-0.0043199159046457816
2,18002,1,3,0.63,0.069199624515923666,-0.0044104963161870035
2,18002,1,3,0.64000000000000001,0.069832833164997082,-0.0045003286072580256
2,18002,1,3,0.65000000000000002,0.070446406816784116,-0.0045894594577122541
2,18002,1,3,0.66000000000000003,0.071041215199784569,-0.0046778875869969401
2,18002,1,3,0.67000000000000004,0.071617873938776791,-0.0047656762095174476
2,18002,1,3,0.68000000000000005,0.072177164465232771,-0.0048528311324530496
2,18002,1,3,0.68999999999999995,0.072719650506999231,-0.0049394195843049391
2,18002,1,3,0.69999999999999996,0.073245864339952588,-0.0050254675273960483
2,18002,1,3,0.70999999999999996,0.073756386800776286,-0.0051110410855658255
2,18002,1,3,0.71999999999999997,0.074251536007375399,-0.0051961985665476664
2,18002,1,3,0.72999999999999998,0.074731750423539425,-0.0052810046489637462
2,18002,1,3,0.73999999999999999,0.07519743118367149,-0.0053655404790525644
2,18002,1,3,0.75,0.075648665966907044,-0.0054498897361041632
2,18002,1,3,0.76000000000000001,0.076085934346850279,-0.0055341408237501973
2,18002,1,3,0.77000000000000002,0.076509188864341826,-0.0056184038202498352
2,18002,1,3,0.78000000000000003,0.07691877880580851,-0.0057027676930127133
2,18002,1,3,0.79000000000000004,0.0773147587268085,-0.0057873693629242953
2,18002,1,3,0.80000000000000004,0.077697231096118216,-0.005872294345970106
2,18002,1,3,0.81000000000000005,0.07806630830508135,-0.0059576967890771102
2,18002,1,3,0.81999999999999995,0.078422181038605918,-0.0060436652505295998
2,18002,1,3,0.82999999999999996,0.078764759738295664,-0.0061303435174476922
2,18002,1,3,0.83999999999999997,0.079094425874298699,-0.0062178334303000585
2,18002,1,3,0.84999999999999998,0.079410966866308372,-0.0063062483069300894
2,18002,1,3,0.85999999999999999,0.079714858053186788,-0.0063956982573587992
2,18002,1,3,0.87,0.080005979476234571,-0.006486254274928255
2,18002,1,3,0.88,0.080284722244798531,-0.006578018705909852
2,18002,1,3,0.89000000000000001,0.080551177675196331,-0.0066710256454428256
2,18002,1,3,0.90000000000000002,0.080805730291489061,-0.006765340747396746
2,18002,1,3,0.91000000000000003,0.081048556715624762,-0.0068609590489696537
2,18002,1,3,0.92000000000000004,0.081280136888805435,-0.0069578917080939315
2,18002,1,3,0.93000000000000005,0.081500715248982725,-0.0070560921207585897
2,18002,1,3,0.93999999999999995,0.081710819663899689,-0.0071555003630611137
2,18002,1,3,0.94999999999999996,0.081910872003836829,-0.00725601991371113
2,18002,1,3,0.95999999999999996,0.082101432224291601,-0.0073575241830452802
2,18002,1,3,0.96999999999999997,0.082282972899682935,-0.0074598461794630625
2,18002,1,3,0.97999999999999998,0.082456230333106215,-0.0075627934264486359
2,18002,1,3,0.98999999999999999,0.082621599223183004,-0.0076661210509091767
2,18002,1,3,1,0.082780062184319145,-0.0077695767757621397
2,18002,1,4,0,0.0011069943835319656,0.0012222609027161917
2,18002,1,4,0.01,0.0013528253501786599,0.0014794909916877868
2,18002,1,4,0.02,0.0016343784814381878,0.0017742207524023884
2,18002,1,4,0.029999999999999999,0.0019534328770173105,0.0021085174394201429
2,18002,1,4,0.040000000000000001,0.0023107731467510353,0.0024834030192826362
2,18002,1,4,0.050000000000000003,0.0027074759473248167,0.0029001457444917775
2,18002,1,4,0.059999999999999998,0.0031440376973739487,0.0033594072607518078
2,18002,1,4,0.070000000000000007,0.0036207626717622344,0.003861548958786579
2,18002,1,4,0.080000000000000002,0.0041376394283863987,0.0044066207729593987
2,18002,1,4,0.089999999999999997,0.0046943918681200889,0.0049942844131911799
2,18002,1,4,0.10000000000000001,0.0052905680586596109,0.0056240497710693454
2,18002,1,4,0.11,0.0059254913052588934,0.0062950996809464721
2,18002,1,4,0.12,0.0065982134954980136,0.0070063605170935803
2,18002,1,4,0.13,0.0073074766747088975,0.0077563741650170581
2,18002,1,4,0.14000000000000001,0.0080518365075693769,0.0085435177712080007
2,18002,1,4,0.14999999999999999,0.0088297542523800912,0.0093660584154728124
2,18002,1,4,0.16,0.0096393669427744851,0.010221945899116751
2,18002,1,4,0.17000000000000001,0.010478857074405759,0.011109198201974547
2,18002,1,4,0.17999999999999999,0.011345903183751588,0.012025345441306554
2,18002,1,4,0.19,0.012238247431516849,0.01296800940879172
2,18002,1,4,0.20000000000000001,0.013153461137620717,0.013934701319768372
2,18002,1,4,0.20999999999999999,0.014089021680345813,0.014922847092669502
2,18002,1,4,0.22,0.015042475490571592,0.015930031304307962
2,18002,1,4,0.23000000000000001,0.016011002731540065,0.016953458162936554
2,18002,1,4,0.23999999999999999,0.016991880614075621,0.017990510780199403
2,18002,1,4,0.25,0.01798238034991153,0.019038583546145346
2,18002,1,4,0.26000000000000001,0.018979774869960588,0.020095097419482576
2,18002,1,4,0.27000000000000002,0.019981445658889319,0.021157629970085037
2,18002,1,4,0.28000000000000003,0.020984714173779326,0.022223663814565947
2,18002,1,4,0.28999999999999998,0.02198690159911874,0.023290753981900388
2,18002,1,4,0.29999999999999999,0.022985569091875397,0.02435661403866091
2,18002,1,4,0.31,0.023978283039850969,0.025419019657192704
2,18002,1,4,0.32000000000000001,0.024962861871905384,0.026475919172346579
2,18002,1,4,0.33000000000000002,0.025937212805295515,0.027525348002386849
2,18002,1,4,0.34000000000000002,0.026899230913154892,0.028565295408433177
2,18002,1,4,0.34999999999999998,0.027847228254857401,0.029594092421380971
2,18002,1,4,0.35999999999999999,0.028779392219005096,0.030609950475077696
2,18002,1,4,0.37,0.029694513094245836,0.031611555016605258
2,18002,1,4,0.38,0.030591135910981226,0.032597362882858666
2,18002,1,4,0.39000000000000001,0.03146832942094261,0.033566246427566483
2,18002,1,4,0.40000000000000002,0.032324974270179108,0.034516878385817337
2,18002,1,4,0.40999999999999998,0.033160523850918222,0.03544842366327474
2,18002,1,4,0.41999999999999998,0.033974313347911927,0.036359890875125291
2,18002,1,4,0.42999999999999999,0.034766113745858342,0.037250675842708574
2,18002,1,4,0.44,0.035535606382162264,0.038120056718433916
2,18002,1,4,0.45000000000000001,0.036282754750174784,0.038967568236617227
2,18002,1,4,0.46000000000000002,0.03700761659604862,0.039792813478698785
2,18002,1,4,0.46999999999999997,0.037710469844677554,0.040595592207115901
2,18002,1,4,0.47999999999999998,0.038391616834100625,0.041375738348359316
2,18002,1,4,0.48999999999999999,0.039051580606637944,0.042133287330324343
2,18002,1,4,0.5,0.039690764736441494,0.042868213686292712
2,18002,1,4,0.51000000000000001,0.040309906580903478,0.043580785969351839
2,18002,1,4,0.52000000000000002,0.04090958419070196,0.044271196051712765
2,18002,1,4,0.53000000000000003,0.041490657161484597,0.044939895475408796
2,18002,1,4,0.54000000000000004,0.042053820318441217,0.045587253690117006
2,18002,1,4,0.55000000000000004,0.042599920333388074,0.046213813035959221
2,18002,1,4,0.56000000000000005,0.043129730199340854,0.046820110383907744
2,18002,1,4,0.56999999999999995,0.043644098022767523,0.047406782890379216
2,18002,1,4,0.57999999999999996,0.04414381512951019,0.047974482098301824
2,18002,1,4,0.58999999999999997,0.044629696969893225,0.048523918415346652
2,18002,1,4,0.59999999999999998,0.045102461414012307,0.049055774195095263
2,18002,1,4,0.60999999999999999,0.045562899665479051,0.049570868145380594
2,18002,1,4,0.62,0.046011617860280275,0.050069838598392848
2,18002,1,4,0.63,0.046449352330345445,0.050553565449318882
2,18002,1,4,0.64000000000000001,0.046876563982927277,0.051022608877583177
2,18002,1,4,0.65000000000000002,0.047293898613198347,0.051477852751063695
2,18002,1,4,0.66000000000000003,0.047701742423046756,0.051919867792542866
2,18002,1,4,0.67000000000000004,0.048100585444920442,0.052349422209385203
2,18002,1,4,0.68000000000000005,0.048490737776099281,0.052767079967660661
2,18002,1,4,0.68999999999999995,0.048872497925639795,0.053173434445584748
2,18002,1,4,0.69999999999999996,0.049246105373234657,0.053569026700628269
2,18002,1,4,0.70999999999999996,0.049611756523812466,0.053954353142167899
2,18002,1,4,0.71999999999999997,0.049969617626199204,0.054329896033503182
2,18002,1,4,0.72999999999999998,0.050319747654335743,0.054696000362521702
2,18002,1,4,0.73999999999999999,0.050662214995159716,0.0550530373012297
2,18002,1,4,0.75,0.050996973876700109,0.055401224760595141
2,18002,1,4,0.76000000000000001,0.051324075862945344,0.055740879176664086
2,18002,1,4,0.77000000000000002,0.051643460940981871,0.0560721672721761
2,18002,1,4,0.78000000000000003,0.051955072258213518,0.056395244473911636
2,18002,1,4,0.79000000000000004,0.052258829323292906,0.056710210191788159
2,18002,1,4,0.80000000000000004,0.052554557239513598,0.057017046881067374
2,18002,1,4,0.81000000000000005,0.052842250053423606,0.057315869412599973
2,18002,1,4,0.81999999999999995,0.053121810597059671,0.057606674122666839
2,18002,1,4,0.82999999999999996,0.053393154505285277,0.057889442979692264
2,18002,1,4,0.83999999999999997,0.053656211918475499,0.058164143962472208
2,18002,1,4,0.84999999999999998,0.053910839791224768,0.05843065216751011
2,18002,1,4,0.85999999999999999,0.0541570618352466,0.058688978790468527
2,18002,1,4,0.87,0.054394866369470295,0.058939077358493984
2,18002,1,4,0.88,0.054624268885208792,0.059180919520464753
2,18002,1,4,0.89000000000000001,0.054845302761132343,0.059414475649542053
2,18002,1,4,0.90000000000000002,0.055057973210361828,0.059639688885722186
2,18002,1,4,0.91000000000000003,0.055262382335247891,0.059856588502354625
2,18002,1,4,0.92000000000000004,0.05545869383820029,0.060065258703568832
2,18002,1,4,0.93000000000000005,0.055647065991013989,0.06026579587662776
2,18002,1,4,0.93999999999999995,0.055827675790462029,0.060458310325127322
2,18002,1,4,0.94999999999999996,0.056000704040512994,0.060642951602444477
2,18002,1,4,0.95999999999999996,0.056166345701671172,0.060819887821389723
2,18002,1,4,0.96999999999999997,0.056324922119402869,0.0609894355359046
2,18002,1,4,0.97999999999999998,0.056476736053527564,0.061151920809848999
2,18002,1,4,0.98999999999999999,0.056622064405724232,0.061307674356843998
2,18002,1,4,1,0.056761247351215564,0.061457128786740887
2,18002,1,5,0,-0.00014408946331696351,0.0015453576820863568
2,18002,1,5,0.01,-0.00015698107906363389,0.0019058232451068808
2,18002,1,5,0.02,-0.00016940958925924657,0.0023186660541032879
2,18002,1,5,0.029999999999999999,-0.00018124042169499936,0.0027866898945893299
2,18002,1,5,0.040000000000000001,-0.00019241301567066681,0.0033113128091518469
2,18002,1,5,0.050000000000000003,-0.00020279796852067005,0.0038939170611425743
2,18002,1,5,0.059999999999999998,-0.00021239686993900202,0.0045355848250274956
2,18002,1,5,0.070000000000000007,-0.00022112417104647845,0.0052368113978034092
2,18002,1,5,0.080000000000000002,-0.00022898528392827829,0.0059975499389034468
2,18002,1,5,0.089999999999999997,-0.00023599603471650057,0.0068180756569301421
2,18002,1,5,0.10000000000000001,-0.00024216405871700276,0.0076971528516901486
2,18002,1,5,0.11,-0.00024754998812303642,0.0086343603120013265
2,18002,1,5,0.12,-0.00025221048094658014,0.0096281403614765972
2,18002,1,5,0.13,-0.00025620624956038248,0.010676784970437433
2,18002,1,5,0.14000000000000001,-0.00025965646930756328,0.011778823935203268
2,18002,1,5,0.14999999999999999,-0.00026263215642664909,0.012931549551270032
2,18002,1,5,0.16,-0.00026526114762627073,0.014132743827569273
2,18002,1,5,0.17000000000000001,-0.00026767903718168378,0.015379609213688509
2,18002,1,5,0.17999999999999999,-0.00026997380536209029,0.016669107321408461
2,18002,1,5,0.19,-0.00027234139898654432,0.017998240409801941
2,18002,1,5,0.20000000000000001,-0.00027486284040668853,0.019363666972497893
2,18002,1,5,0.20999999999999999,-0.0002777091774594548,0.020761782637636037
2,18002,1,5,0.22,-0.00028102617769120179,0.022189390275680648
2,18002,1,5,0.23000000000000001,-0.00028495642252855045,0.023642314864871745
2,18002,1,5,0.23999999999999999,-0.0002896608376850715,0.025117261890243863
2,18002,1,5,0.25,-0.00029529712675264536,0.026610188185154222
2,18002,1,5,0.26000000000000001,-0.00030198204090796664,0.02811752011808934
2,18002,1,5,0.27000000000000002,-0.00030992155521650217,0.029635384783834245
2,18002,1,5,0.28000000000000003,-0.00031920307965078711,0.031160282810505143
2,18002,1,5,0.28999999999999998,-0.00033003281815523661,0.032688255992619972
2,18002,1,5,0.29999999999999999,-0.00034252933297045096,0.034216117395397726
2,18002,1,5,0.31,-0.00035683649660159938,0.035740156889861353
2,18002,1,5,0.32000000000000001,-0.00037310925199643175,0.03725716342623029
2,18002,1,5,0.33000000000000002,-0.00039146233688111776,0.038764068402786907
2,18002,1,5,0.34000000000000002,-0.00041202674354059738,0.040257758221245672
2,18002,1,5,0.34999999999999998,-0.00043492707372359742,0.041735564184407138
2,18002,1,5,0.35999999999999999,-0.00046025457784551325,0.043194849114041062
2,18002,1,5,0.37,-0.00048813325112919093,0.044632991065949014
2,18002,1,5,0.38,-0.00051862764682708128,0.046048121287552896
2,18002,1,5,0.39000000000000001,-0.00055181250644279151,0.047438001255827165
2,18002,1,5,0.40000000000000002,-0.00058774703471332782,0.048800957690986004
2,18002,1,5,0.40999999999999998,-0.00062645121810010979,0.050135613015750848
2,18002,1,5,0.41999999999999998,-0.00066796683142185224,0.051440264858099716
2,18002,1,5,0.42999999999999999,-0.00071228672602274888,0.052714196421699951
2,18002,1,5,0.44,-0.00075938529591231679,0.053956341174982263
2,18002,1,5,0.45000000000000001,-0.00080923469552408173,0.055165957662546866
2,18002,1,5,0.46000000000000002,-0.00086176092850831379,0.05634284594287526
2,18002,1,5,0.46999999999999997,-0.0009168953933448449,0.057486349173846513
2,18002,1,5,0.47999999999999998,-0.00097451798836724628,0.05859671139423648
2,18002,1,5,0.48999999999999999,-0.0010345236953723206,0.05967386404891515
2,18002,1,5,0.5,-0.0010967486421122007,0.060717987692171571
2,18002,1,5,0.51000000000000001,-0.0011610561759695843,0.061729639505920447
2,18002,1,5,0.52000000000000002,-0.0012272357220183751,0.062709190351266222
2,18002,1,5,0.53000000000000003,-0.0012951102703814496,0.063657333913272204
2,18002,1,5,0.54000000000000004,-0.0013644494101343739,0.06457495109842197
2,18002,1,5,0.55000000000000004,-0.0014350302600833937,0.065462604648483511
2,18002,1,5,0.56000000000000005,-0.0015066115547269613,0.066321534987171457
2,18002,1,5,0.56999999999999995,-0.0015789416168900058,0.067152508700941138
2,18002,1,5,0.57999999999999996,-0.001651752311582571,0.067956680697627905
2,18002,1,5,0.58999999999999997,-0.0017247923461669607,0.068735152843578853
2,18002,1,5,0.59999999999999998,-0.0017977612523738782,0.069488893552833053
2,18002,1,5,0.60999999999999999,-0.0018704085155117165,0.070219149426695826
2,18002,1,5,0.62,-0.0019424463988603694,0.070926995858252337
2,18002,1,5,0.63,-0.0020135974625816824,0.071613545491786543
2,18002,1,5,0.64000000000000001,-0.0020836067582488526,0.072279942068061154
2,18002,1,5,0.65000000000000002,-0.002152179683867118,0.072927172899120526
2,18002,1,5,0.66000000000000003,-0.0022190834424548468,0.073556355786383129
2,18002,1,5,0.67000000000000004,-0.0022840612665721073,0.074168443313451904
2,18002,1,5,0.68000000000000005,-0.0023468638038063178,0.074764341009459168
2,18002,1,5,0.68999999999999995,-0.0024072903710309883,0.07534505104541156
2,18002,1,5,0.69999999999999996,-0.0024650971533349427,0.075911298818274311
2,18002,1,5,0.70999999999999996,-0.0025201163659839972,0.076464026354860701
2,18002,1,5,0.71999999999999997,-0.0025721602085427716,0.077003789150707311
2,18002,1,5,0.72999999999999998,-0.0026210578892809002,0.077531412580279457
2,18002,1,5,0.73999999999999999,-0.0026666913177348125,0.078047363741472572
2,18002,1,5,0.75,-0.0027089259919789617,0.078552288643966406
2,18002,1,5,0.76000000000000001,-0.0027476609873030963,0.079046623598310634
2,18002,1,5,0.77000000000000002,-0.0027828457997791222,0.079530899829965515
2,18002,1,5,0.78000000000000003,-0.0028143764871127338,0.080005392011836082
2,18002,1,5,0.79000000000000004,-0.0028422790985705867,0.080470617392907159
2,18002,1,5,0.80000000000000004,-0.0028665029615170591,0.080926650075093934
2,18002,1,5,0.81000000000000005,-0.0028870916856585664,0.081373915740437633
2,18002,1,5,0.81999999999999995,-0.0029040820697473907,0.081812548401384702
2,18002,1,5,0.82999999999999996,-0.0029175099427588176,0.082242817576194005
2,18002,1,5,0.83999999999999997,-0.0029274886315207604,0.082664891876075272
2,18002,1,5,0.84999999999999998,-0.002934111894795787,0.083078887801584567
2,18002,1,5,0.85999999999999999,-0.0029374995598994251,0.083484979034269713
2,18002,1,5,0.87,-0.0029378240370613474,0.083883308168583678
2,18002,1,5,0.88,-0.0029352209762197614,0.08427388954628573
2,18002,1,5,0.89000000000000001,-0.0029298971222458136,0.084656992638253284
2,18002,1,5,0.90000000000000002,-0.0029220459447437601,0.085032695392310328
2,18002,1,5,0.91000000000000003,-0.002911869392178211,0.085401124372654805
2,18002,1,5,0.92000000000000004,-0.0028996204786431137,0.085762530776566717
2,18002,1,5,0.93000000000000005,-0.0028855112977299977,0.086116911062693549
2,18002,1,5,0.93999999999999995,-0.0028698163836388506,0.08646459342548958
2,18002,1,5,0.94999999999999996,-0.002852785279274061,0.086805686831295747
2,18002,1,5,0.95999999999999996,-0.0028346697482754001,0.087140495657596018
2,18002,1,5,0.96999999999999997,-0.0028157487035013417,0.087469235652566077
2,18002,1,5,0.97999999999999998,-0.0027962815050637615,0.087792242614231561
2,18002,1,5,0.98999999999999999,-0.0027765376730160482,0.088109704120562113
2,18002,1,5,1,-0.0027567865808378889,0.088422145536185381
2,18002,1,6,0,-0.0012103187278108551,0.0010262672526214073
2,18002,1,6,0.01,-0.0014590953078651976,0.0012596721397763787
2,18002,1,6,0.02,-0.0017415279106570668,0.0015280761762483551
2,18002,1,6,0.029999999999999999,-0.002059154503714146,0.0018333800307306219
2,18002,1,6,0.040000000000000001,-0.002412871570720735,0.0021768065587403737
2,18002,1,6,0.050000000000000003,-0.0028034174947675068,0.0025593645903313447
2,18002,1,6,0.059999999999999998,-0.0032311850862190503,0.0029816821971726439
2,18002,1,6,0.070000000000000007,-0.003696571670790556,0.0034443474923223898
2,18002,1,6,0.080000000000000002,-0.0041996586135779838,0.0039475930466754596
2,18002,1,6,0.089999999999999997,-0.0047399366800412691,0.0044909533383269097
2,18002,1,6,0.10000000000000001,-0.005317377965075424,0.0050744805691580455
2,18002,1,6,0.11,-0.0059311246650292568,0.0056972730329504706
2,18002,1,6,0.12,-0.0065804422370972495,0.0063585468807666667
2,18002,1,6,0.13,-0.0072643326344915453,0.0070572146563887481
2,18002,1,6,0.14000000000000001,-0.0079816767520974642,0.0077920114545752496
2,18002,1,6,0.14999999999999999,-0.0087310073790975787,0.0085613092028096523
2,18002,1,6,0.16,-0.0095108580995756035,0.0093634200626468208
2,18002,1,6,0.17000000000000001,-0.010319570463394842,0.010196507495998977
2,18002,1,6,0.17999999999999999,-0.011155290960931387,0.011058434051497498
2,18002,1,6,0.19,-0.012016166162952579,0.011947159142621103
2,18002,1,6,0.20000000000000001,-0.012900079901335968,0.012860280298948487
2,18002,1,6,0.20999999999999999,-0.013804919910803954,0.013795453348188188
2,18002,1,6,0.22,-0.014728470476014313,0.014750202032287349
2,18002,1,6,0.23000000000000001,-0.015668325320938311,0.015721882577111167
2,18002,1,6,0.23999999999999999,-0.016622236087173333,0.016708017118123839
2,18002,1,6,0.25,-0.017587835770237977,0.017706017169074977
2,18002,1,6,0.26000000000000001,-0.018562726077602121,0.0187133125874741
2,18002,1,6,0.27000000000000002,-0.019544464565034735,0.019727227735316214
2,18002,1,6,0.28000000000000003,-0.020530789608656872,0.020745354106200976
2,18002,1,6,0.28999999999999998,-0.021519275718262981,0.021765082168940336
2,18002,1,6,0.29999999999999999,-0.022507632861979949,0.022783997201140948
2,18002,1,6,0.31,-0.023493805709415404,0.023799893344252632
2,18002,1,6,0.32000000000000001,-0.024475662699589108,0.02481056058672837
2,18002,1,6,0.33000000000000002,-0.025451027630985428,0.025813682171852249
2,18002,1,6,0.34000000000000002,-0.026418282778466362,0.026807570380245008
2,18002,1,6,0.34999999999999998,-0.02737539608080607,0.027790082869013816
2,18002,1,6,0.35999999999999999,-0.028320886842002572,0.028759696847417183
2,18002,1,6,0.37,-0.029253182319961161,0.029714752406541155
2,18002,1,6,0.38,-0.030171068347141644,0.030654014435654808
2,18002,1,6,0.39000000000000001,-0.031073227100849362,0.031576102358419879
2,18002,1,6,0.40000000000000002,-0.031958607988504271,0.032479955115494376
2,18002,1,6,0.40999999999999998,-0.032826460178738776,0.033364761183683596
2,18002,1,6,0.41999999999999998,-0.033675768409649358,0.034229533861704443
2,18002,1,6,0.42999999999999999,-0.034506178949226793,0.035073906434231472
2,18002,1,6,0.44,-0.035317051220225035,0.03589726372400124
2,18002,1,6,0.45000000000000001,-0.036108211140113131,0.036699474710845642
2,18002,1,6,0.46000000000000002,-0.036879299359899344,0.03748021708225472
2,18002,1,6,0.46999999999999997,-0.037630304289961607,0.03823956604712505
2,18002,1,6,0.47999999999999998,-0.038361214028118581,0.038977555172330224
2,18002,1,6,0.48999999999999999,-0.039072095089975868,0.039694427132051895
2,18002,1,6,0.5,-0.03976322509842399,0.040390529603781929
2,18002,1,6,0.51000000000000001,-0.040434780689568607,0.041066263898408291
2,18002,1,6,0.52000000000000002,-0.041087180841807021,0.041722161717516658
2,18002,1,6,0.53000000000000003,-0.041720731399170909,0.042358797369598578
2,18002,1,6,0.54000000000000004,-0.04233590007967928,0.042976804066964337
2,18002,1,6,0.55000000000000004,-0.04293315776743218,0.043576945610515595
2,18002,1,6,0.56000000000000005,-0.04351292760945031,0.044159915091280748
2,18002,1,6,0.56999999999999995,-0.044075829028964709,0.044726626765786155
2,18002,1,6,0.57999999999999996,-0.044622213603067028,0.045277757513876533
2,18002,1,6,0.58999999999999997,-0.045152726672470007,0.04581426925638344
2,18002,1,6,0.59999999999999998,-0.045667729675952791,0.046336917569018088
2,18002,1,6,0.60999999999999999,-0.046167803590193429,0.046846584611703677
2,18002,1,6,0.62,-0.046653349860533731,0.047344105337593145
2,18002,1,6,0.63,-0.047124857402506444,0.047830335545243831
2,18002,1,6,0.64000000000000001,-0.047582741432425614,0.048306065269458014
2,18002,1,6,0.65000000000000002,-0.048027307835498807,0.048772005395019767
2,18002,1,6,0.66000000000000003,-0.048459067035265251,0.049229020027103824
2,18002,1,6,0.67000000000000004,-0.04887818848560916,0.049677699163382265
2,18002,1,6,0.68000000000000005,-0.049285091085205034,0.050118749503027631
2,18002,1,6,0.68999999999999995,-0.049679992086413195,0.050552807874984625
2,18002,1,6,0.69999999999999996,-0.050063234618133501,0.050980483689545331
2,18002,1,6,0.70999999999999996,-0.050434908300455071,0.051402173088676506
2,18002,1,6,0.71999999999999997,-0.050795355331602544,0.051818478458863421
2,18002,1,6,0.72999999999999998,-0.051144757803185642,0.05222981227977095
2,18002,1,6,0.73999999999999999,-0.05148320637152811,0.052636458143059485
2,18002,1,6,0.75,-0.051811001624011623,0.053038828622512406
2,18002,1,6,0.76000000000000001,-0.052128242408891003,0.05343718974012409
2,18002,1,6,0.77000000000000002,-0.052435119510314564,0.053831715767360344
2,18002,1,6,0.78000000000000003,-0.052731795580075486,0.054222611835387208
2,18002,1,6,0.79000000000000004,-0.053018523739944014,0.054610053273142729
2,18002,1,6,0.80000000000000004,-0.053295426036464977,0.054994093676994558
2,18002,1,6,0.81000000000000005,-0.053562726163213552,0.055374746034493598
2,18002,1,6,0.81999999999999995,-0.053820693886480031,0.055752106119313243
2,18002,1,6,0.82999999999999996,-0.054069520284155591,0.056126077401389883
2,18002,1,6,0.83999999999999997,-0.054309519376199218,0.056496660344858472
2,18002,1,6,0.84999999999999998,-0.054540987447488788,0.056863754001665733
2,18002,1,6,0.85999999999999999,-0.054764214328364209,0.057227258841362157
2,18002,1,6,0.87,-0.054979604714693812,0.057587062528095978
2,18002,1,6,0.88,-0.055187478943329066,0.057942988571747872
2,18002,1,6,0.89000000000000001,-0.055388222978494772,0.058294847307578064
2,18002,1,6,0.90000000000000002,-0.055582351824208814,0.058642574473833559
2,18002,1,6,0.91000000000000003,-0.05577023706240964,0.058985889592367315
2,18002,1,6,0.92000000000000004,-0.055952342541092513,0.059324610018782371
2,18002,1,6,0.93000000000000005,-0.056129251128006513,0.059658650444994306
2,18002,1,6,0.93999999999999995,-0.056301407499534308,0.059987722748181371
2,18002,1,6,0.94999999999999996,-0.056469249570103623,0.060311586546470175
2,18002,1,6,0.95999999999999996,-0.056633452629639265,0.06063018871185525
2,18002,1,6,0.96999999999999997,-0.056794521117575131,0.060943337897036126
2,18002,1,6,0.97999999999999998,-0.056952865413979925,0.061250739615233529
2,18002,1,6,0.98999999999999999,-0.057109182996521707,0.06155239245202479
2,18002,1,6,1,-0.057263959388531044,0.061848150984925965
2,18002,1,7,0,-0.0015469728969112935,-0.00020742077659256786
2,18002,1,7,0.01,-0.0019171615316263019,-0.00025779224822611139
2,18002,1,7,0.02,-0.0023427519071605248,-0.00031235812062018815
2,18002,1,7,0.029999999999999999,-0.002826973950165141,-0.00037084383326866852
2,18002,1,7,0.040000000000000001,-0.0033710085128414876,-0.00043279740770849003
2,18002,1,7,0.050000000000000003,-0.0039769258400703328,-0.00049794875123179911
2,18002,1,7,0.059999999999999998,-0.0046449641093735915,-0.00056588745684107761
2,18002,1,7,0.070000000000000007,-0.0053762760408114264,-0.00063636623856968915
2,18002,1,7,0.080000000000000002,-0.0061704091776465337,-0.00070901582110635718
2,18002,1,7,0.089999999999999997,-0.0070272698761987386,-0.00078365545834702902
2,18002,1,7,0.10000000000000001,-0.0079458362783587054,-0.00085995051974276744
2,18002,1,7,0.11,-0.0089251795741287498,-0.00093776377438270898
2,18002,1,7,0.12,-0.0099634667017002992,-0.0010168107420650714
2,18002,1,7,0.13,-0.011058943222321501,-0.0010969820562944232
2,18002,1,7,0.14000000000000001,-0.012209417662340204,-0.0011780142495805398
2,18002,1,7,0.14999999999999999,-0.013412355502197076,-0.0012597984649795472
2,18002,1,7,0.16,-0.014664901199908787,-0.0013421087617528167
2,18002,1,7,0.17000000000000001,-0.015964343955269855,-0.0014247786271017495
2,18002,1,7,0.17999999999999999,-0.017307315712886115,-0.0015076051766898845
2,18002,1,7,0.19,-0.018690540814662409,-0.0015903781381383646
2,18002,1,7,0.20000000000000001,-0.020110657352618334,-0.0016728837569145764
2,18002,1,7,0.20999999999999999,-0.021564076528704807,-0.0017548474984886802
2,18002,1,7,0.22,-0.023047174683087635,-0.0018360572998986852
2,18002,1,7,0.23000000000000001,-0.024556248150656778,-0.0019162031375573694
2,18002,1,7,0.23999999999999999,-0.026087827389958056,-0.0019950236253620528
2,18002,1,7,0.25,-0.027637919448391345,-0.0020722150528515184
2,18002,1,7,0.26000000000000001,-0.029203183439331214,-0.0021474819582003811
2,18002,1,7,0.27000000000000002,-0.030779842300131463,-0.0022205238995064661
2,18002,1,7,0.28000000000000003,-0.032364495844043543,-0.00229103211806953
2,18002,1,7,0.28999999999999998,-0.033953481050749641,-0.0023587515213181029
2,18002,1,7,0.29999999999999999,-0.035543779697567057,-0.0024233562824790217
2,18002,1,7,0.31,-0.037131864627613968,-0.0024846499616088674
2,18002,1,7,0.32000000000000001,-0.038714769294328419,-0.002542356515082556
2,18002,1,7,0.33000000000000002,-0.040289493256445152,-0.0025963084924083136
2,18002,1,7,0.34000000000000002,-0.041853285004336417,-0.0026463173540122731
2,18002,1,7,0.34999999999999998,-0.043403314312900364,-0.0026922651319481023
2,18002,1,7,0.35999999999999999,-0.044937289290547029,-0.0027340593301722932
2,18002,1,7,0.37,-0.046452697701324729,-0.0027716371447098205
2,18002,1,7,0.38,-0.047947543868807001,-0.0028050170728116512
2,18002,1,7,0.39000000000000001,-0.049419643376740076,-0.0028342023421201339
2,18002,1,7,0.40000000000000002,-0.050867522404263239,-0.0028593067337292651
2,18002,1,7,0.40999999999999998,-0.052289186689029328,-0.0028804143333495819
2,18002,1,7,0.41999999999999998,-0.05368356780959558,-0.0028977267015873574
2,18002,1,7,0.42999999999999999,-0.055049169015379588,-0.0029114038518100213
2,18002,1,7,0.44,-0.05638517336643719,-0.0029217169603986469
2,18002,1,7,0.45000000000000001,-0.057690441049496478,-0.0029289022632471586
2,18002,1,7,0.46000000000000002,-0.058964572087192801,-0.002933278975024147
2,18002,1,7,0.46999999999999997,-0.060206783657136803,-0.0029351353890151376
2,18002,1,7,0.47999999999999998,-0.06141691546036674,-0.0029348416043958434
2,18002,1,7,0.48999999999999999,-0.062594619888849568,-0.0029327023210291982
2,18002,1,7,0.5,-0.063739985086479364,-0.0029291196388804633
2,18002,1,7,0.51000000000000001,-0.064852958461718416,-0.002924402377551595
2,18002,1,7,0.52000000000000002,-0.065933918728301275,-0.0029189559320295273
2,18002,1,7,0.53000000000000003,-0.06698305812780804,-0.0029130737191827454
2,18002,1,7,0.54000000000000004,-0.068001013605096861,-0.002907137067340651
2,18002,1,7,0.55000000000000004,-0.068988142457400217,-0.0029014209511856568
2,18002,1,7,0.56000000000000005,-0.069945310108236278,-0.0028962430759676013
2,18002,1,7,0.56999999999999995,-0.070873004098011338,-0.0028918517504399068
2,18002,1,7,0.57999999999999996,-0.071772276172823238,-0.0028884920027970589
2,18002,1,7,0.58999999999999997,-0.07264367685537447,-0.0028863574348313372
2,18002,1,7,0.59999999999999998,-0.073488386971419115,-0.0028856072286942928
2,18002,1,7,0.60999999999999999,-0.074307051668724408,-0.0028863870045240827
2,18002,1,7,0.62,-0.075100836046180272,-0.0028887565861496381
2,18002,1,7,0.63,-0.075870499403638492,-0.0028927739116799442
2,18002,1,7,0.64000000000000001,-0.076617168423571011,-0.0028984424826893084
2,18002,1,7,0.65000000000000002,-0.077341650063187953,-0.0029057132961964661
2,18002,1,7,0.66000000000000003,-0.078044944116404863,-0.0029145254141985893
2,18002,1,7,0.67000000000000004,-0.078727956980651617,-0.0029247419437032265
2,18002,1,7,0.68000000000000005,-0.079391555071779918,-0.0029362428252817908
2,18002,1,7,0.68999999999999995,-0.080036590184152462,-0.0029487986541474644
2,18002,1,7,0.69999999999999996,-0.08066387121912727,-0.0029622451930853833
2,18002,1,7,0.70999999999999996,-0.081274257518406903,-0.0029762939866972865
2,18002,1,7,0.71999999999999997,-0.081868306457765772,-0.0029907160673915312
2,18002,1,7,0.72999999999999998,-0.082446892413698486,-0.0030051992643663861
2,18002,1,7,0.73999999999999999,-0.083010552876221708,-0.0030194764457365658
2,18002,1,7,0.75,-0.083559921326152364,-0.0030332137563411203
2,18002,1,7,0.76000000000000001,-0.084095482519970358,-0.003046122657811786
2,18002,1,7,0.77000000000000002,-0.084617879103553686,-0.0030578854822663781
2,18002,1,7,0.78000000000000003,-0.08512740848715418,-0.0030682065230153142
2,18002,1,7,0.79000000000000004,-0.085624590604899395,-0.003076785812009597
2,18002,1,7,0.80000000000000004,-0.08610977204444438,-0.003083366898063085
2,18002,1,7,0.81000000000000005,-0.086583314283918009,-0.0030876777392238458
2,18002,1,7,0.81999999999999995,-0.08704543295632361,-0.0030895098665881617
2,18002,1,7,0.82999999999999996,-0.087496518369636636,-0.0030886478528960961
2,18002,1,7,0.83999999999999997,-0.087936755095210997,-0.0030849565526384569
2,18002,1,7,0.84999999999999998,-0.088366303724920048,-0.0030782747134417976
2,18002,1,7,0.85999999999999999,-0.088785430502641913,-0.0030685587034746387
2,18002,1,7,0.87,-0.089194322711638477,-0.0030557349603716442
2,18002,1,7,0.88,-0.089593018544045999,-0.0030398365944975052
2,18002,1,7,0.89000000000000001,-0.089981748058722985,-0.0030208892358529922
2,18002,1,7,0.90000000000000002,-0.090360667187214153,-0.0029990301853768894
2,18002,1,7,0.91000000000000003,-0.090729781173418955,-0.0029743709791174235
2,18002,1,7,0.92000000000000004,-0.091089289274166874,-0.0029471516464416822
2,18002,1,7,0.93000000000000005,-0.091439276615446222,-0.0029175860015998845
2,18002,1,7,0.93999999999999995,-0.091779869724144245,-0.0028860082143366077
2,18002,1,7,0.94999999999999996,-0.092111064522242728,-0.0028527203324464896
2,18002,1,7,0.95999999999999996,-0.092433142393845188,-0.002818153426252338
2,18002,1,7,0.96999999999999997,-0.092746050203153532,-0.0027826955071534373
2,18002,1,7,0.97999999999999998,-0.093049973636579145,-0.0027468451016403063
2,18002,1,7,0.98999999999999999,-0.093344950470183444,-0.0027110770417722221
2,18002,1,7,1,-0.0936312694462057,-0.0026759446174308512
2,18002,1,8,0,-0.0010458071065482337,-0.0011397893907791566
2,18002,1,8,0.01,-0.0012920924550341207,-0.0014054738577962903
2,18002,1,8,0.02,-0.0015756539827838946,-0.0017085019792189623
2,18002,1,8,0.029999999999999999,-0.0018988215219383035,-0.0020507411222488981
2,18002,1,8,0.040000000000000001,-0.0022627407319029775,-0.0024328898042834941
2,18002,1,8,0.050000000000000003,-0.0026687596466672195,-0.0028559339989847033
2,18002,1,8,0.059999999999999998,-0.0031176448903724127,-0.0033202884364175477
2,18002,1,8,0.070000000000000007,-0.003609795333467346,-0.0038261336317511087
2,18002,1,8,0.080000000000000002,-0.0041455528405846464,-0.0043736806981256827
2,18002,1,8,0.089999999999999997,-0.004724664943318785,-0.0049626305230630885
2,18002,1,8,0.10000000000000001,-0.0053467027223730174,-0.0055926151680225113
2,18002,1,8,0.11,-0.006010757675385117,-0.0062629195261546186
2,18002,1,8,0.12,-0.0067159927249531917,-0.0069729599619475459
2,18002,1,8,0.13,-0.0074608593294445301,-0.0077215990161298613
2,18002,1,8,0.14000000000000001,-0.0082437939256861936,-0.0085076700170875225
2,18002,1,8,0.14999999999999999,-0.0090629607399145551,-0.0093299111975183903
2,18002,1,8,0.16,-0.0099162611026823045,-0.01018680054672403
2,18002,1,8,0.17000000000000001,-0.010801531258366507,-0.011076774200082446
2,18002,1,8,0.17999999999999999,-0.011716134795532707,-0.011997881416927189
2,18002,1,8,0.19,-0.012657785661015291,-0.012948439635289397
2,18002,1,8,0.20000000000000001,-0.013623609072794416,-0.013926293261091488
2,18002,1,8,0.20999999999999999,-0.01461103987764896,-0.014929400802539711
2,18002,1,8,0.22,-0.015617071754922685,-0.015955375785573055
2,18002,1,8,0.23000000000000001,-0.016639135552847479,-0.01700213693340176
2,18002,1,8,0.23999999999999999,-0.017674231159886141,-0.018067094503795816
2,18002,1,8,0.25,-0.018719648682911944,-0.019147924361997894
2,18002,1,8,0.26000000000000001,-0.019772639726743525,-0.020242057086489049
2,18002,1,8,0.27000000000000002,-0.020830586379313856,-0.021347115828635244
2,18002,1,8,0.28000000000000003,-0.021890926222206588,-0.022460508476715074
2,18002,1,8,0.28999999999999998,-0.022951109447949428,-0.023579662047698319
2,18002,1,8,0.29999999999999999,-0.024008923528525575,-0.024702224932678499
2,18002,1,8,0.31,-0.025062117255376496,-0.025825672064383187
2,18002,1,8,0.32000000000000001,-0.02610863148087993,-0.026947667007841344
2,18002,1,8,0.33000000000000002,-0.027146508359580393,-0.028065790499162895
2,18002,1,8,0.34000000000000002,-0.02817410269575862,-0.029177977721889691
2,18002,1,8,0.34999999999999998,-0.029189681599490907,-0.030281965040055026
2,18002,1,8,0.35999999999999999,-0.030191881030943113,-0.03137581840769111
2,18002,1,8,0.37,-0.031179292647030048,-0.032457585023265838
2,18002,1,8,0.38,-0.032150874800430801,-0.033525619442545306
2,18002,1,8,0.39000000000000001,-0.033105459415007837,-0.034578200104611233
2,18002,1,8,0.40000000000000002,-0.034042259355568198,-0.035613955724552525
2,18002,1,8,0.40999999999999998,-0.034960395795212817,-0.036631481508052573
2,18002,1,8,0.41999999999999998,-0.035859346443139296,-0.037629801077174584
2,18002,1,8,0.42999999999999999,-0.036738408760722666,-0.038607732115587469
2,18002,1,8,0.44,-0.037597203043888271,-0.03956455383463911
2,18002,1,8,0.45000000000000001,-0.038435392853825946,-0.040499598919906343
2,18002,1,8,0.46000000000000002,-0.039252626256014063,-0.041412280516601729
2,18002,1,8,0.46999999999999997,-0.040048775144381966,-0.04230228898573709
2,18002,1,8,0.47999999999999998,-0.040823681401408844,-0.043169352001934065
2,18002,1,8,0.48999999999999999,-0.04157725470766082,-0.044013366840757295
2,18002,1,8,0.5,-0.042309605739642771,-0.044834452576126164
2,18002,1,8,0.51000000000000001,-0.043020587154827893,-0.045632553268159633
2,18002,1,8,0.52000000000000002,-0.043710497819327232,-0.046408115896757966
2,18002,1,8,0.53000000000000003,-0.044379403895985332,-0.047161403475482117
2,18002,1,8,0.54000000000000004,-0.045027502228072142,-0.047892839565665035
2,18002,1,8,0.55000000000000004,-0.045655118470045407,-0.048603017051996371
2,18002,1,8,0.56000000000000005,-0.046262427792244425,-0.049292398586377913
2,18002,1,8,0.56999999999999995,-0.046849838927012645,-0.04996171277500857
2,18002,1,8,0.57999999999999996,-0.04741771928124764,-0.050611609344902275
2,18002,1,8,0.58999999999999997,-0.047966400997374731,-0.05124277071388559
2,18002,1,8,0.59999999999999998,-0.048496437274658716,-0.051856009626792494
2,18002,1,8,0.60999999999999999,-0.049008163336528875,-0.052451986545539973
2,18002,1,8,0.62,-0.049502226860265564,-0.053031579471136105
2,18002,1,8,0.63,-0.049979070666095825,-0.053595473366666403
2,18002,1,8,0.64000000000000001,-0.050439265258524352,-0.054144435750174282
2,18002,1,8,0.65000000000000002,-0.050883417445674262,-0.054679227283820957
2,18002,1,8,0.66000000000000003,-0.051312153881728544,-0.055200591091117239
2,18002,1,8,0.67000000000000004,-0.051726075406105049,-0.055709209464626923
2,18002,1,8,0.68000000000000005,-0.052125786232417176,-0.056205692971632859
2,18002,1,8,0.68999999999999995,-0.052512044342649021,-0.056690798376108409
2,18002,1,8,0.69999999999999996,-0.052885383115897223,-0.057164998234236708
2,18002,1,8,0.70999999999999996,-0.053246601389816732,-0.057628956777421469
2,18002,1,8,0.71999999999999997,-0.053596205668002377,-0.058083075376205294
2,18002,1,8,0.72999999999999998,-0.053935020439582648,-0.058527960815873692
2,18002,1,8,0.73999999999999999,-0.054263622803243046,-0.058964001901837232
2,18002,1,8,0.75,-0.054582624634707144,-0.059391528311473853
2,18002,1,8,0.76000000000000001,-0.054892720587434968,-0.059810991667888357
2,18002,1,8,0.77000000000000002,-0.05519448120435045,-0.060222671143828267
2,18002,1,8,0.78000000000000003,-0.055488538833592706,-0.060626898902529598
2,18002,1,8,0.79000000000000004,-0.055775357758175714,-0.061023805694261753
2,18002,1,8,0.80000000000000004,-0.05605559207415068,-0.061413770798044165
2,18002,1,8,0.81000000000000005,-0.056329645439538591,-0.061796885562802821
2,18002,1,8,0.81999999999999995,-0.05659806651311345,-0.062173378413471758
2,18002,1,8,0.82999999999999996,-0.056861193661907346,-0.062543328037285906
2,18002,1,8,0.83999999999999997,-0.05711953591562579,-0.062906987177331411
2,18002,1,8,0.84999999999999998,-0.057373385705114834,-0.063264424123350912
2,18002,1,8,0.85999999999999999,-0.057623063414243801,-0.063615744937354265
2,18002,1,8,0.87,-0.057868859573825447,-0.063961064262537559
2,18002,1,8,0.88,-0.058111034659169926,-0.064300576240679808
2,18002,1,8,0.89000000000000001,-0.058349792225382897,-0.064634346584584654
2,18002,1,8,0.90000000000000002,-0.058585227813172797,-0.064962451231264998
2,18002,1,8,0.91000000000000003,-0.058817545217142664,-0.065285121822443073
2,18002,1,8,0.92000000000000004,-0.05904680869924972,-0.065602483509155304
2,18002,1,8,0.93000000000000005,-0.059273057288557807,-0.065914695871483325
2,18002,1,8,0.93999999999999995,-0.059496315025826418,-0.06622193299512831
2,18002,1,8,0.94999999999999996,-0.059716559618860965,-0.06652440416860346
2,18002,1,8,0.95999999999999996,-0.05993381456452615,-0.06682244380816138
2,18002,1,8,0.96999999999999997,-0.060147878496629031,-0.067116090987294139
2,18002,1,8,0.97999999999999998,-0.060358792476304539,-0.067405852373757721
2,18002,1,8,0.98999999999999999,-0.060566314535745153,-0.067691827735639393
2,18002,1,8,1,-0.060770466333232777,-0.06797458696224673
2,18002,2,1,0,0.00032542244851379204,-0.00085931590376305456
2,18002,2,1,0.01,0.00041248848831055212,-0.0011288020355377229
2,18002,2,1,0.02,0.00051349957140048991,-0.0014451038841512727
2,18002,2,1,0.029999999999999999,0.00062910430885505613,-0.0018101287710184921
2,18002,2,1,0.040000000000000001,0.00075989323825194908,-0.0022252090701509017
2,18002,2,1,0.050000000000000003,0.00090625987232513994,-0.0026910390004750971
2,18002,2,1,0.059999999999999998,0.001068552122955432,-0.0032078502810657986
2,18002,2,1,0.070000000000000007,0.001247081037508431,-0.0037756540510181925
2,18002,2,1,0.080000000000000002,0.0014419048107079432,-0.0043936706798786071
2,18002,2,1,0.089999999999999997,0.0016530349858854081,-0.005060788694813626
2,18002,2,1,0.10000000000000001,0.0018804214582102132,-0.0057756421667623627
2,18002,2,1,0.11,0.0021237441071013598,-0.006536038446972813
2,18002,2,1,0.12,0.0023827002999588817,-0.0073397767702136187
2,18002,2,1,0.13,0.0026568506618134362,-0.0081841322561527
2,18002,2,1,0.14000000000000001,0.0029456562051901184,-0.0090661389380618032
2,18002,2,1,0.14999999999999999,0.0032484661307339399,-0.0099823636779476903
2,18002,2,1,0.16,0.0035645982792110822,-0.010929470631637092
2,18002,2,1,0.17000000000000001,0.0038931696539476965,-0.011903582460209264
2,18002,2,1,0.17999999999999999,0.0042333148300496915,-0.012900819163164622
2,18002,2,1,0.19,0.0045840512115675885,-0.013917180415424427
2,18002,2,1,0.20000000000000001,0.0049443145270821227,-0.014948567524996173
2,18002,2,1,0.20999999999999999,0.0053130400553141862,-0.015990863877614354
2,18002,2,1,0.22,0.005689071532613642,-0.017039965508463303
2,18002,2,1,0.23000000000000001,0.0060712322555292499,-0.018091837776563403
2,18002,2,1,0.23999999999999999,0.006458330425092417,-0.019142583245935419
2,18002,2,1,0.25,0.0068491468772999388,-0.020188270024246276
2,18002,2,1,0.26000000000000001,0.0072424371412086533,-0.021225303404161719
2,18002,2,1,0.27000000000000002,0.0076370068800268838,-0.022250123606742916
2,18002,2,1,0.28000000000000003,0.0080315970476267842,-0.023259504859228841
2,18002,2,1,0.28999999999999998,0.0084249984295283811,-0.024250423025243925
2,18002,2,1,0.29999999999999999,0.0088160141466737812,-0.025220173747165221
2,18002,2,1,0.31,0.0092034317045714548,-0.026166209310253055
2,18002,2,1,0.32000000000000001,0.009586090358912636,-0.027086430175760349
2,18002,2,1,0.33000000000000002,0.0099628553574083855,-0.027978914545220918
2,18002,2,1,0.34000000000000002,0.010332589077250287,-0.028841993794782177
2,18002,2,1,0.34999999999999998,0.010694218408749746,-0.029674507971897496
2,18002,2,1,0.35999999999999999,0.011046669073648893,-0.030475391449133124
2,18002,2,1,0.37,0.011388901329749476,-0.031244087219540431
2,18002,2,1,0.38,0.011719915763743519,-0.031980110435560323
2,18002,2,1,0.39000000000000001,0.012038728711245755,-0.032683594756343574
2,18002,2,1,0.40000000000000002,0.012344404213554224,-0.033354561734491889
2,18002,2,1,0.40999999999999998,0.01263607757347531,-0.033993665101374415
2,18002,2,1,0.41999999999999998,0.012912858701395191,-0.03460155172680187
2,18002,2,1,0.42999999999999999,0.01317399319051704,-0.035179253128831606
2,18002,2,1,0.44,0.013418779544801427,-0.035727956926024783
2,18002,2,1,0.45000000000000001,0.013646512337725158,-0.036249097078003202
2,18002,2,1,0.46000000000000002,0.013856614720847907,-0.036744272284559835
2,18002,2,1,0.46999999999999997,0.014048529438943138,-0.037215208592717569
2,18002,2,1,0.47999999999999998,0.014221723234561216,-0.03766390024551141
2,18002,2,1,0.48999999999999999,0.014375798220796642,-0.038092258079885678
2,18002,2,1,0.5,0.014510405509676347,-0.038502533458392295
2,18002,2,1,0.51000000000000001,0.014625144623888808,-0.038896815201737503
2,18002,2,1,0.52000000000000002,0.014719874427090489,-0.039277475690344316
2,18002,2,1,0.53000000000000003,0.01479440549097546,-0.039646708350876851
2,18002,2,1,0.54000000000000004,0.014848595675182456,-0.040006902874881831
2,18002,2,1,0.55000000000000004,0.014882456959968675,-0.040360272903072723
2,18002,2,1,0.56000000000000005,0.014896030117584141,-0.040709118510710358
2,18002,2,1,0.56999999999999995,0.014889372394479424,-0.041055644857719641
2,18002,2,1,0.57999999999999996,0.014862705160541811,-0.041401972843372388
2,18002,2,1,0.58999999999999997,0.01481624251975471,-0.041750172028185893
2,18002,2,1,0.59999999999999998,0.014750229483973731,-0.042102168945783419
2,18002,2,1,0.60999999999999999,0.014665063197294936,-0.042459803516801002
2,18002,2,1,0.62,0.014561084844886224,-0.042824753738040316
2,18002,2,1,0.63,0.014438714339038657,-0.04319858583568683
2,18002,2,1,0.64000000000000001,0.014298442133509698,-0.043582694534134526
2,18002,2,1,0.65000000000000002,0.014140757651383534,-0.043978356350989595
2,18002,2,1,0.66000000000000003,0.013966154236855049,-0.044386623730511277
2,18002,2,1,0.67000000000000004,0.013775210849648417,-0.044808413727678853
2,18002,2,1,0.68000000000000005,0.013568434671693866,-0.045244507621955893
2,18002,2,1,0.68999999999999995,0.013346382758286798,-0.045695448699889646
2,18002,2,1,0.69999999999999996,0.013109621781469181,-0.046161638190165194
2,18002,2,1,0.70999999999999996,0.012858665252396284,-0.04664338777049868
2,18002,2,1,0.71999999999999997,0.012594063777126803,-0.04714075684827345
2,18002,2,1,0.72999999999999998,0.01231633831765507,-0.047653727381401674
2,18002,2,1,0.73999999999999999,0.012025967276228039,-0.048182141826765945
2,18002,2,1,0.75,0.011723412143427515,-0.04872567376354079
2,18002,2,1,0.76000000000000001,0.011409153741157155,-0.049283904334491389
2,18002,2,1,0.77000000000000002,0.011083542051201272,-0.049856367823779023
2,18002,2,1,0.78000000000000003,0.01074699434141326,-0.050442365499695961
2,18002,2,1,0.79000000000000004,0.010399850788981939,-0.051041284375158015
2,18002,2,1,0.80000000000000004,0.010042405564595383,-0.051652409011824302
2,18002,2,1,0.81000000000000005,0.0096749459483016446,-0.052274931477574116
2,18002,2,1,0.81999999999999995,0.0092977264089567982,-0.052908061334734684
2,18002,2,1,0.82999999999999996,0.0089109252970982489,-0.05355100843909006
2,18002,2,1,0.83999999999999997,0.0085147353772892058,-0.054202931521974702
2,18002,2,1,0.84999999999999998,0.0081093285774161711,-0.054863029295166017
2,18002,2,1,0.85999999999999999,0.007694762505528324,-0.055530565545451542
2,18002,2,1,0.87,0.0072712093969325821,-0.056204785197740192
2,18002,2,1,0.88,0.0068387028212244542,-0.056885055522205873
2,18002,2,1,0.89000000000000001,0.0063973292061844213,-0.057570759360985109
2,18002,2,1,0.90000000000000002,0.0059471106728105237,-0.058261368720283001
2,18002,2,1,0.91000000000000003,0.0054881413827231025,-0.058956424089320003
2,18002,2,1,0.92000000000000004,0.0050203866120205462,-0.059655592549387453
2,18002,2,1,0.93000000000000005,0.0045439324304464767,-0.060358578096054487
2,18002,2,1,0.93999999999999995,0.0040588111616080801,-0.061065235084415609
2,18002,2,1,0.94999999999999996,0.0035650441676870781,-0.061775516629461853
2,18002,2,1,0.95999999999999996,0.0030627316129554129,-0.062489450529875645
2,18002,2,1,0.96999999999999997,0.0025519287716694108,-0.063207196389021406
2,18002,2,1,0.97999999999999998,0.0020327398662163157,-0.063929000252425303
2,18002,2,1,0.98999999999999999,0.001505261388079519,-0.064655227133108048
2,18002,2,1,1,0.00096970770628494274,-0.065386285181267073
2,18002,2,2,0,0.0012599360317730086,0.00022828699702624281
2,18002,2,2,0.01,0.0015416605630800672,0.00024002837979184325
2,18002,2,2,0.02,0.0018577823106828608,0.00024274487831872039
2,18002,2,2,0.029999999999999999,0.0022094091676128601,0.00023458751440829617
2,18002,2,2,0.040000000000000001,0.0025971685195505423,0.00021378712991048602
2,18002,2,2,0.050000000000000003,0.0030217338974515132,0.00017860580893723946
2,18002,2,2,0.059999999999999998,0.003483124492542729,0.00012749032703079241
2,18002,2,2,0.070000000000000007,0.0039817649499392623,5.8804474784502642e-05
2,18002,2,2,0.080000000000000002,0.0045174438655337249,-2.8820009734841051e-05
2,18002,2,2,0.089999999999999997,0.0050900396340923379,-0.00013678668061631996
2,18002,2,2,0.10000000000000001,0.0056990084161960648,-0.00026628570537417574
2,18002,2,2,0.11,0.0063438411144317551,-0.00041844145391732942
2,18002,2,2,0.12,0.0070236962846482462,-0.00059425363154325594
2,18002,2,2,0.13,0.0077377218782959216,-0.00079464272205804728
2,18002,2,2,0.14000000000000001,0.0084846333766254844,-0.001020232317337713
2,18002,2,2,0.14999999999999999,0.0092632925034240084,-0.0012717085725649821
2,18002,2,2,0.16,0.010072267750182816,-0.0015495863070498544
2,18002,2,2,0.17000000000000001,0.010909916969793614,-0.0018541432999974357
2,18002,2,2,0.17999999999999999,0.011774653802458816,-0.0021856792627072976
2,18002,2,2,0.19,0.012664645855973584,-0.0025442887043700215
2,18002,2,2,0.20000000000000001,0.013578000428332203,-0.0029299745687620827
2,18002,2,2,0.20999999999999999,0.014512730468559262,-0.0033426088539268862
2,18002,2,2,0.22,0.015466874335500392,-0.0037820520336407366
2,18002,2,2,0.23000000000000001,0.016438153898894966,-0.0042478297448044055
2,18002,2,2,0.23999999999999999,0.017424572890533969,-0.0047397031923457457
2,18002,2,2,0.25,0.018423909275630614,-0.0052571086535277874
2,18002,2,2,0.26000000000000001,0.019433935640148371,-0.0057994308814049511
2,18002,2,2,0.27000000000000002,0.020452439800533743,-0.0063660030880619408
2,18002,2,2,0.28000000000000003,0.021477313481847195,-0.0069562668287002846
2,18002,2,2,0.28999999999999998,0.022506303727272411,-0.0075692966341426582
2,18002,2,2,0.29999999999999999,0.023537316027087821,-0.0082043562133343618
2,18002,2,2,0.31,0.024568249822948678,-0.0088605495688370561
2,18002,2,2,0.32000000000000001,0.025597073276081999,-0.0095371020845354069
2,18002,2,2,0.33000000000000002,0.026621820029117158,-0.010233057618134265
2,18002,2,2,0.34000000000000002,0.027640548893108654,-0.010947521995526802
2,18002,2,2,0.34999999999999998,0.028651458770836885,-0.011679580466793212
2,18002,2,2,0.35999999999999999,0.029652818602938835,-0.012428407500175126
2,18002,2,2,0.37,0.030643018455834753,-0.013192963002714955
2,18002,2,2,0.38,0.031620488095968707,-0.013972325852564941
2,18002,2,2,0.39000000000000001,0.032583838470361955,-0.01476572075143944
2,18002,2,2,0.40000000000000002,0.033531706867321605,-0.015572154536464031
2,18002,2,2,0.40999999999999998,0.034462941724690617,-0.016390708192430426
2,18002,2,2,0.41999999999999998,0.035376398079572283,-0.017220645056469291
2,18002,2,2,0.42999999999999999,0.03627110425485934,-0.018061072152351015
2,18002,2,2,0.44,0.037146170174052785,-0.018911162871629292
2,18002,2,2,0.45000000000000001,0.038000869189381968,-0.019770198087848117
2,18002,2,2,0.46000000000000002,0.038834467726921375,-0.020637430782538099
2,18002,2,2,0.46999999999999997,0.039646459422256829,-0.02151209374188506
2,18002,2,2,0.47999999999999998,0.040436377309099533,-0.022393587810230278
2,18002,2,2,0.48999999999999999,0.041203855573907856,-0.023281208720882272
2,18002,2,2,0.5,0.041948628145585497,-0.024174364421865963
2,18002,2,2,0.51000000000000001,0.042670481065183924,-0.025072473370955316
2,18002,2,2,0.52000000000000002,0.043369336839553269,-0.025974985954472826
2,18002,2,2,0.53000000000000003,0.044045148668558159,-0.0268813569800785
2,18002,2,2,0.54000000000000004,0.044697954934632599,-0.027791147472564236
2,18002,2,2,0.55000000000000004,0.045327867412414208,-0.02870381248741492
2,18002,2,2,0.56000000000000005,0.045934984010582713,-0.029618975890331741
2,18002,2,2,0.56999999999999995,0.046519547217957292,-0.030536209189496327
2,18002,2,2,0.57999999999999996,0.047081801736316729,-0.031455133572544806
2,18002,2,2,0.58999999999999997,0.047621990939925252,-0.032375363501260787
2,18002,2,2,0.59999999999999998,0.048140376087758792,-0.033296603204261643
2,18002,2,2,0.60999999999999999,0.04863739921353688,-0.03421849205654634
2,18002,2,2,0.62,0.049113348404773764,-0.035140735241371533
2,18002,2,2,0.63,0.049568518011510437,-0.036063019950847486
2,18002,2,2,0.64000000000000001,0.050003375798543158,-0.036985087264233642
2,18002,2,2,0.65000000000000002,0.050418329673825035,-0.037906660346812386
2,18002,2,2,0.66000000000000003,0.050813638692348152,-0.038827472854749481
2,18002,2,2,0.67000000000000004,0.051189761913976596,-0.039747283941987038
2,18002,2,2,0.68000000000000005,0.051547065006655159,-0.040665875883731599
2,18002,2,2,0.68999999999999995,0.051885942307585524,-0.041583022762070092
2,18002,2,2,0.69999999999999996,0.052206634956424608,-0.042498498763770605
2,18002,2,2,0.70999999999999996,0.052509601957187631,-0.043412129805068374
2,18002,2,2,0.71999999999999997,0.052795111737262736,-0.044323729195848455
2,18002,2,2,0.72999999999999998,0.053063516068032668,-0.045233143700912949
2,18002,2,2,0.73999999999999999,0.053315005795620075,-0.046140185812212402
2,18002,2,2,0.75,0.053549964474077082,-0.047044753147561742
2,18002,2,2,0.76000000000000001,0.05376860240967777,-0.047946720004395489
2,18002,2,2,0.77000000000000002,0.053971147959195588,-0.048845976277392844
2,18002,2,2,0.78000000000000003,0.054157791676288154,-0.049742424291381794
2,18002,2,2,0.79000000000000004,0.054328827932251023,-0.050636047206814576
2,18002,2,2,0.80000000000000004,0.054484346827516461,-0.051526751829233004
2,18002,2,2,0.81000000000000005,0.054624574864378349,-0.052414541315091129
2,18002,2,2,0.81999999999999995,0.054749667878044722,-0.053299409325418858
2,18002,2,2,0.82999999999999996,0.054859776285530765,-0.054181369317805199
2,18002,2,2,0.83999999999999997,0.054955030717706042,-0.055060441194374622
2,18002,2,2,0.84999999999999998,0.055035606829913604,-0.055936719348087111
2,18002,2,2,0.85999999999999999,0.055101605752207766,-0.056810243863556958
2,18002,2,2,0.87,0.055153158556781927,-0.057681123235212184
2,18002,2,2,0.88,0.055190452081495346,-0.05854948520789538
2,18002,2,2,0.89000000000000001,0.055213545381276895,-0.059415455555915098
2,18002,2,2,0.90000000000000002,0.055222624774398682,-0.060279196198411177
2,18002,2,2,0.91000000000000003,0.055217813156952546,-0.06114088034070387
2,18002,2,2,0.92000000000000004,0.055199300166675958,-0.06200067002934103
2,18002,2,2,0.93000000000000005,0.055167196447577151,-0.062858786052064117
2,18002,2,2,0.93999999999999995,0.05512174114921959,-0.063715420172125517
2,18002,2,2,0.94999999999999996,0.055063050478918608,-0.064570767150327765
2,18002,2,2,0.95999999999999996,0.054991440175539301,-0.065425071726307904
2,18002,2,2,0.96999999999999997,0.054907011216188795,-0.066278553570916415
2,18002,2,2,0.97999999999999998,0.054810073791695009,-0.06713140338505727
2,18002,2,2,0.98999999999999999,0.054700844085304234,-0.067983872684139315
2,18002,2,2,1,0.054579688831574248,-0.068836184598827246
2,18002,2,3,0,0.0011015956442919084,-0.00087091315076531783
2,18002,2,3,0.01,0.0013064693532027479,-0.0010297710357245681
2,18002,2,3,0.02,0.0015360027481721523,-0.0012035593970623256
2,18002,2,3,0.029999999999999999,0.0017910116090703182,-0.0013924182193009525
2,18002,2,3,0.040000000000000001,0.0020720586979117144,-0.0015964727536748075
2,18002,2,3,0.050000000000000003,0.0023794609831802216,-0.001815810606528455
2,18002,2,3,0.059999999999999998,0.0027134322735288181,-0.0020506251236939049
2,18002,2,3,0.070000000000000007,0.0030738487155154304,-0.0023009839381879587
2,18002,2,3,0.080000000000000002,0.0034606330320204604,-0.002567081224412291
2,18002,2,3,0.089999999999999997,0.0038733660374328,-0.0028490749042255612
2,18002,2,3,0.10000000000000001,0.0043114758848704186,-0.0031470229306414291
2,18002,2,3,0.11,0.0047743531440939792,-0.0034610819171486339
2,18002,2,3,0.12,0.0052611916798206877,-0.0037913779034682792
2,18002,2,3,0.13,0.0057710950654035172,-0.0041379541928374284
2,18002,2,3,0.14000000000000001,0.0063030261771860998,-0.0045008781207179936
2,18002,2,3,0.14999999999999999,0.0068559530161725508,-0.0048801711695731715
2,18002,2,3,0.16,0.0074286849838324162,-0.0052758467036033594
2,18002,2,3,0.17000000000000001,0.008019976483298958,-0.0056878635475751558
2,18002,2,3,0.17999999999999999,0.0086285518749473419,-0.0061161048928239647
2,18002,2,3,0.19,0.0092530846987627473,-0.0065604838096912409
2,18002,2,3,0.20000000000000001,0.0098922857018053558,-0.0070208738332583932
2,18002,2,3,0.20999999999999999,0.010544776210396433,-0.0074969702124813341
2,18002,2,3,0.22,0.011209237442321824,-0.0079885913006327667
2,18002,2,3,0.23000000000000001,0.011884342698276826,-0.0084954116415769422
2,18002,2,3,0.23999999999999999,0.012568759009386692,-0.0090170431402983482
2,18002,2,3,0.25,0.0132612305265217,-0.0095531076234902802
2,18002,2,3,0.26000000000000001,0.013960530887675765,-0.010103077102679507
2,18002,2,3,0.27000000000000002,0.014665496608476413,-0.010666550298277434
2,18002,2,3,0.28000000000000003,0.015375012268093666,-0.01124287080488501
2,18002,2,3,0.28999999999999998,0.016088069068647726,-0.011831434151293126
2,18002,2,3,0.29999999999999999,0.01680366350106164,-0.012431639379206013
2,18002,2,3,0.31,0.017520927185038029,-0.013042750835791171
2,18002,2,3,0.32000000000000001,0.018239024921292767,-0.013664043615135768
2,18002,2,3,0.33000000000000002,0.018957206962399303,-0.014294716315640206
2,18002,2,3,0.34000000000000002,0.01967484548091946,-0.01493400603803567
2,18002,2,3,0.34999999999999998,0.020391326249960397,-0.015581067629004583
2,18002,2,3,0.35999999999999999,0.021106198692279695,-0.01623503017652762
2,18002,2,3,0.37,0.021819059782038821,-0.016895041172470981
2,18002,2,3,0.38,0.022529497863614151,-0.017560231281044242
2,18002,2,3,0.39000000000000001,0.023237300159584782,-0.018229698319018578
2,18002,2,3,0.40000000000000002,0.023942239846580667,-0.018902539831011714
2,18002,2,3,0.40999999999999998,0.024644183318716123,-0.019577882931100864
2,18002,2,3,0.41999999999999998,0.025343048933808926,-0.020254873520120113
2,18002,2,3,0.42999999999999999,0.02603878031349895,-0.020932622186529873
2,18002,2,3,0.44,0.02673143859010077,-0.021610319370442346
2,18002,2,3,0.45000000000000001,0.027421040696332027,-0.022287157117549142
2,18002,2,3,0.46000000000000002,0.028107649337375289,-0.022962344757193387
2,18002,2,3,0.46999999999999997,0.028791418586838355,-0.023635161284789558
2,18002,2,3,0.47999999999999998,0.029472454144826781,-0.024304896251576547
2,18002,2,3,0.48999999999999999,0.030150887656058185,-0.024970914927949211
2,18002,2,3,0.5,0.030826903151252357,-0.025632634146141444
2,18002,2,3,0.51000000000000001,0.031500649383909639,-0.026289470761406922
2,18002,2,3,0.52000000000000002,0.032172283549887125,-0.026940984542906405
2,18002,2,3,0.53000000000000003,0.032841916626236298,-0.027586732019443606
2,18002,2,3,0.54000000000000004,0.033509700704342289,-0.028226345342976873
2,18002,2,3,0.55000000000000004,0.03417576608551879,-0.028859553239725052
2,18002,2,3,0.56000000000000005,0.034840179550674172,-0.029486089518212355
2,18002,2,3,0.56999999999999995,0.035503023699318563,-0.030105817072105658
2,18002,2,3,0.57999999999999996,0.036164372938647618,-0.030718632558815656
2,18002,2,3,0.58999999999999997,0.036824233100194288,-0.031324482640323545
2,18002,2,3,0.59999999999999998,0.037482583901387694,-0.031923409719883715
2,18002,2,3,0.60999999999999999,0.038139411059630701,-0.03251547170237977
2,18002,2,3,0.62,0.038794652417533812,-0.033100837034766378
2,18002,2,3,0.63,0.03944821371611542,-0.033679704558620203
2,18002,2,3,0.64000000000000001,0.040099944642145738,-0.034252319483950217
2,18002,2,3,0.65000000000000002,0.040749738760713333,-0.034818993214801502
2,18002,2,3,0.66000000000000003,0.041397426966175759,-0.035380066553796441
2,18002,2,3,0.67000000000000004,0.04204279628003315,-0.035935911085147883
2,18002,2,3,0.68000000000000005,0.042685624893206216,-0.036486942088556573
2,18002,2,3,0.68999999999999995,0.043325715043880247,-0.037033601468224778
2,18002,2,3,0.69999999999999996,0.043962803945778665,-0.037576349341152351
2,18002,2,3,0.70999999999999996,0.044596648195500348,-0.038115647183150553
2,18002,2,3,0.71999999999999997,0.045226969632822321,-0.038652006342559518
2,18002,2,3,0.72999999999999998,0.045853530269247822,-0.039185907863228592
2,18002,2,3,0.73999999999999999,0.046476065998022405,-0.039717837503373293
2,18002,2,3,0.75,0.047094254744085844,-0.040248290627522408
2,18002,2,3,0.76000000000000001,0.04770791155232007,-0.040777710507361384
2,18002,2,3,0.77000000000000002,0.04831675226431064,-0.041306571439487835
2,18002,2,3,0.78000000000000003,0.048920567685217346,-0.041835280206438154
2,18002,2,3,0.79000000000000004,0.049519121820828509,-0.042364228799480617
2,18002,2,3,0.80000000000000004,0.050112225380413246,-0.042893809062480859
2,18002,2,3,0.81000000000000005,0.050699745537206527,-0.043424283571774192
2,18002,2,3,0.81999999999999995,0.051281454677164419,-0.043955987430697285
2,18002,2,3,0.82999999999999996,0.051857275019168425,-0.044489142070235167
2,18002,2,3,0.83999999999999997,0.052427098246691034,-0.045023931543847963
2,18002,2,3,0.84999999999999998,0.052990859589373419,-0.045560518902197922
2,18002,2,3,0.85999999999999999,0.053548510094792466,-0.046098970576379149
2,18002,2,3,0.87,0.054100038949168511,-0.046639334343005455
2,18002,2,3,0.88,0.054645494579413624,-0.047181600865544175
2,18002,2,3,0.89000000000000001,0.055184884443057004,-0.047725695375870271
2,18002,2,3,0.90000000000000002,0.055718308380597832,-0.048271492256485193
2,18002,2,3,0.91000000000000003,0.05624587403259243,-0.048818826861750979
2,18002,2,3,0.92000000000000004,0.056767723679162323,-0.049367471287355059
2,18002,2,3,0.93000000000000005,0.057284022398522323,-0.049917177221446757
2,18002,2,3,0.93999999999999995,0.05779493246330189,-0.050467623908606513
2,18002,2,3,0.94999999999999996,0.058300712099818762,-0.051018450836115753
2,18002,2,3,0.95999999999999996,0.058801552274646528,-0.051569297637439941
2,18002,2,3,0.96999999999999997,0.059297727984445082,-0.052119702799849232
2,18002,2,3,0.97999999999999998,0.059789507057430961,-0.052669236285640519
2,18002,2,3,0.98999999999999999,0.060277171864847302,-0.053217423927719283
2,18002,2,3,1,0.060761050587128662,-0.053763758665207995
2,18002,2,4,0,0.00073026161696691327,0.00055712748221805697
2,18002,2,4,0.01,0.00087581805311805346,0.00072738879269950395
2,18002,2,4,0.02,0.0010341194071107188,0.0009241765811620219
2,18002,2,4,0.029999999999999999,0.0012047007512920127,0.0011485047221881694
2,18002,2,4,0.040000000000000001,0.0013867493369584885,0.0014009032321499791
2,18002,2,4,0.050000000000000003,0.0015794943837655073,0.0016818191146215145
2,18002,2,4,0.059999999999999998,0.0017819684537711915,0.0019914860067286157
2,18002,2,4,0.070000000000000007,0.001993146132290491,0.0023298234923048089
2,18002,2,4,0.080000000000000002,0.0022119457455215996,0.0026968115276422462
2,18002,2,4,0.089999999999999997,0.0024371225553677066,0.0030918779117484452
2,18002,2,4,0.10000000000000001,0.002667550497764494,0.0035145696559168299
2,18002,2,4,0.11,0.0029018074527366734,0.0039640809203553883
2,18002,2,4,0.12,0.0031386962715218365,0.0044395117805329431
2,18002,2,4,0.13,0.0033767587229130568,0.0049396569137810193
2,18002,2,4,0.14000000000000001,0.0036147065113374013,0.0054633164113127479
2,18002,2,4,0.14999999999999999,0.003851127587378289,0.0060090593821065909
2,18002,2,4,0.16,0.0040846828300756871,0.0065753360871332244
2,18002,2,4,0.17000000000000001,0.0043141209707048189,0.0071604812369511347
2,18002,2,4,0.17999999999999999,0.0045380031394035222,0.0077627397925876139
2,18002,2,4,0.19,0.0047552396456777687,0.0083802966576668383
2,18002,2,4,0.20000000000000001,0.0049645451931177665,0.0090111305032997916
2,18002,2,4,0.20999999999999999,0.0051648982533910011,0.0096534302734965147
2,18002,2,4,0.22,0.0053551591342601559,0.010305037057156831
2,18002,2,4,0.23000000000000001,0.0055343965927177842,0.010963946896103688
2,18002,2,4,0.23999999999999999,0.0057018164167335914,0.011628093818033666
2,18002,2,4,0.25,0.0058565086263219907,0.012295410960009813
2,18002,2,4,0.26000000000000001,0.0059979398239354683,0.012963919355811501
2,18002,2,4,0.27000000000000002,0.006125487620913108,0.013631592747670798
2,18002,2,4,0.28000000000000003,0.006238707477257052,0.014296549807769369
2,18002,2,4,0.28999999999999998,0.006337202734362367,0.014956901631752591
2,18002,2,4,0.29999999999999999,0.0064208064441460102,0.015610935988295436
2,18002,2,4,0.31,0.0064893368553311896,0.016256943355890886
2,18002,2,4,0.32000000000000001,0.0065427359320986171,0.016893408392193419
2,18002,2,4,0.33000000000000002,0.006581056514032603,0.017518821790988334
2,18002,2,4,0.34000000000000002,0.0066045122209468093,0.018131970060790117
2,18002,2,4,0.34999999999999998,0.0066132599013810365,0.018731591053466279
2,18002,2,4,0.35999999999999999,0.0066076313280500612,0.019316691704887982
2,18002,2,4,0.37,0.0065880929039916006,0.019886453251814009
2,18002,2,4,0.38,0.0065550081631400832,0.02044003645496574
2,18002,2,4,0.39000000000000001,0.0065089654823157102,0.02097700987025929
2,18002,2,4,0.40000000000000002,0.0064504555761410731,0.02149678899041951
2,18002,2,4,0.40999999999999998,0.0063802091964792369,0.021999302492249847
2,18002,2,4,0.41999999999999998,0.0062987614048523738,0.022484301968055852
2,18002,2,4,0.42999999999999999,0.0062068224601236066,0.022951889396608149
2,18002,2,4,0.44,0.0061051019772442828,0.023402281084713841
2,18002,2,4,0.45000000000000001,0.0059942517145301589,0.023835723068638136
2,18002,2,4,0.46000000000000002,0.0058749897210774961,0.024252735687703763
2,18002,2,4,0.46999999999999997,0.0057480055478923778,0.024653849272808673
2,18002,2,4,0.47999999999999998,0.0056139973044904258,0.025039791009848756
2,18002,2,4,0.48999999999999999,0.0054736105340077628,0.025411308794334436
2,18002,2,4,0.5,0.0053274805796455355,0.025769267056354361
2,18002,2,4,0.51000000000000001,0.0051762711696476784,0.026114640326361543
2,18002,2,4,0.52000000000000002,0.0050205217591423636,0.02644840160977004
2,18002,2,4,0.53000000000000003,0.0048608216780351458,0.026771633407543804
2,18002,2,4,0.54000000000000004,0.0046976884744465179,0.027085425156078365
2,18002,2,4,0.55000000000000004,0.0045316250025294732,0.027390899547654019
2,18002,2,4,0.56000000000000005,0.004363087162401697,0.027689171933898363
2,18002,2,4,0.56999999999999995,0.0041924950611391511,0.027981372346992602
2,18002,2,4,0.57999999999999996,0.0040202866675314976,0.028268627405569378
2,18002,2,4,0.58999999999999997,0.0038467994057536765,0.028551983754517941
2,18002,2,4,0.59999999999999998,0.0036724487559737702,0.028832549647037787
2,18002,2,4,0.60999999999999999,0.0034975105112895373,0.029111215199166204
2,18002,2,4,0.62,0.0033223707198852051,0.029389074775274943
2,18002,2,4,0.63,0.0031472642888971704,0.029666890494808463
2,18002,2,4,0.64000000000000001,0.0029725357572951659,0.029945578413074492
2,18002,2,4,0.65000000000000002,0.002798421288426512,0.030225803092832376
2,18002,2,4,0.66000000000000003,0.0026252133398150523,0.030508239508440577
2,18002,2,4,0.67000000000000004,0.0024531763118464645,0.030793479179885359
2,18002,2,4,0.68000000000000005,0.0022825630168304884,0.031081933525518701
2,18002,2,4,0.68999999999999995,0.0021136853066686585,0.031374062171285556
2,18002,2,4,0.69999999999999996,0.0019467707889201564,0.031670081859008083
2,18002,2,4,0.70999999999999996,0.001782190694671978,0.031970254967079031
2,18002,2,4,0.71999999999999997,0.0016201809318625606,0.032274670110257718
2,18002,2,4,0.72999999999999998,0.0014611482085424333,0.032583393079805983
2,18002,2,4,0.73999999999999999,0.001305385098332457,0.032896374542136758
2,18002,2,4,0.75,0.0011533027976649752,0.033213507491291726
2,18002,2,4,0.76000000000000001,0.0010052547168761087,0.033534581054516198
2,18002,2,4,0.77000000000000002,0.00086168734515934889,0.033859387085163437
2,18002,2,4,0.78000000000000003,0.00072300134468438956,0.034187577009266827
2,18002,2,4,0.79000000000000004,0.00058963608941741666,0.034518834129335464
2,18002,2,4,0.80000000000000004,0.00046207364934809067,0.034852743806694918
2,18002,2,4,0.81000000000000005,0.00034073274648625113,0.035188846703036222
2,18002,2,4,0.81999999999999995,0.00022612791492501497,0.035526744800530051
2,18002,2,4,0.82999999999999996,0.00011867489910684602,0.035865908324771302
2,18002,2,4,0.83999999999999997,1.8921151885486116e-05,0.036205909793948929
2,18002,2,4,0.84999999999999998,-7.2758571775790218e-05,0.036546219099229692
2,18002,2,4,0.85999999999999999,-0.0001558704632105487,0.03688637590251926
2,18002,2,4,0.87,-0.00023000409551992887,0.037225903943417925
2,18002,2,4,0.88,-0.00029475223801878292,0.037564333364376146
2,18002,2,4,0.89000000000000001,-0.00034974824138561217,0.037901276812427241
2,18002,2,4,0.90000000000000002,-0.00039466669192430442,0.038236287889823105
2,18002,2,4,0.91000000000000003,-0.00042916660585246708,0.038569052199289001
2,18002,2,4,0.92000000000000004,-0.00045305811734756379,0.038899207953597005
2,18002,2,4,0.93000000000000005,-0.00046613208220501701,0.039226510340345848
2,18002,2,4,0.93999999999999995,-0.00046820517670226325,0.039550691414552759
2,18002,2,4,0.94999999999999996,-0.00045924712661852873,0.039871596385014176
2,18002,2,4,0.95999999999999996,-0.00043921513781669991,0.040189078171579844
2,18002,2,4,0.96999999999999997,-0.00040815324652521828,0.040503056358399687
2,18002,2,4,0.97999999999999998,-0.00036616604348415255,0.040813513171441045
2,18002,2,4,0.98999999999999999,-0.00031343008621052826,0.041120446846527992
2,18002,2,4,1,-0.00025022725142547403,0.041423973888278877
2,18002,2,5,0,-0.00079590582082044359,0.00039400572263426081
2,18002,2,5,0.01,-0.00078862754209694814,0.00060884136967475494
2,18002,2,5,0.02,-0.00077372874080787392,0.00084936742073153171
2,18002,2,5,0.029999999999999999,-0.00075087327182687036,0.0011162219834107256
2,18002,2,5,0.040000000000000001,-0.00071968804142048912,0.0014095938797648528
2,18002,2,5,0.050000000000000003,-0.00067979127698504374,0.0017298506628439559
2,18002,2,5,0.059999999999999998,-0.00063093160355051365,0.0020770346795043718
2,18002,2,5,0.070000000000000007,-0.00057281290561531171,0.0024509661594688298
2,18002,2,5,0.080000000000000002,-0.00050516296954787262,0.002851636598964041
2,18002,2,5,0.089999999999999997,-0.0004277057221538613,0.003278708761718787
2,18002,2,5,0.10000000000000001,-0.000340225718262696,0.0037319176935052428
2,18002,2,5,0.11,-0.00024253300659883318,0.0042107747687164226
2,18002,2,5,0.12,-0.00013437130643618642,0.0047147481601226412
2,18002,2,5,0.13,-1.5641020848839414e-05,0.0052432094789653279
2,18002,2,5,0.14000000000000001,0.00011385880914947784,0.0057954435802286637
2,18002,2,5,0.14999999999999999,0.00025424482450537282,0.0063707284034581618
2,18002,2,5,0.16,0.00040569002536826397,0.0069682953978624741
2,18002,2,5,0.17000000000000001,0.00056821892548394046,0.0075870143894137569
2,18002,2,5,0.17999999999999999,0.0007419440455062172,0.0082261741156764503
2,18002,2,5,0.19,0.0009269525093544102,0.008884524860958691
2,18002,2,5,0.20000000000000001,0.0011233178716262022,0.0095613907671515137
2,18002,2,5,0.20999999999999999,0.0013310091265159982,0.010255321951009274
2,18002,2,5,0.22,0.001550063859228102,0.010965387270252718
2,18002,2,5,0.23000000000000001,0.0017805504027734566,0.011690387802957962
2,18002,2,5,0.23999999999999999,0.0020224067977770584,0.012429167972613545
2,18002,2,5,0.25,0.0022756159682458484,0.013180669509546125
2,18002,2,5,0.26000000000000001,0.0025401215334418877,0.013943541774421022
2,18002,2,5,0.27000000000000002,0.0028159792009231793,0.014716738925468284
2,18002,2,5,0.28000000000000003,0.003103029266782241,0.015498950758512231
2,18002,2,5,0.28999999999999998,0.0034012279803451672,0.01628911779189493
2,18002,2,5,0.29999999999999999,0.0037105262534781508,0.017086049021057974
2,18002,2,5,0.31,0.0040308500944501767,0.017888536547567804
2,18002,2,5,0.32000000000000001,0.0043620867904016246,0.018695487528293569
2,18002,2,5,0.33000000000000002,0.004704110821844301,0.01950577156954238
2,18002,2,5,0.34000000000000002,0.0050568857431487401,0.020318315536310309
2,18002,2,5,0.34999999999999998,0.005420288113903624,0.021132083339908739
2,18002,2,5,0.35999999999999999,0.0057941676681814722,0.021945915500600165
2,18002,2,5,0.37,0.0061784405031738545,0.022758953282467475
2,18002,2,5,0.38,0.006572975313759011,0.023570054342032062
2,18002,2,5,0.39000000000000001,0.0069777093747885538,0.024378485959029614
2,18002,2,5,0.40000000000000002,0.007392452515229922,0.025183152711466095
2,18002,2,5,0.40999999999999998,0.0078171156751797675,0.025983254051356305
2,18002,2,5,0.41999999999999998,0.0082515847915618171,0.02677791486990019
2,18002,2,5,0.42999999999999999,0.0086956926813329827,0.02756634508644738
2,18002,2,5,0.44,0.0091494170161299116,0.028347834076280509
2,18002,2,5,0.45000000000000001,0.0096125463251057978,0.029121505039824275
2,18002,2,5,0.46000000000000002,0.01008502401899186,0.029886747002243003
2,18002,2,5,0.46999999999999997,0.010566662308182788,0.030642869368595393
2,18002,2,5,0.47999999999999998,0.011057394795092212,0.031389256194782188
2,18002,2,5,0.48999999999999999,0.011557137242470589,0.032125211865758313
2,18002,2,5,0.5,0.012065692090214311,0.032850210233432542
2,18002,2,5,0.51000000000000001,0.012583009556458353,0.03356375779835416
2,18002,2,5,0.52000000000000002,0.013108907160795408,0.034265282632368339
2,18002,2,5,0.53000000000000003,0.013643340691384008,0.03495423429665117
2,18002,2,5,0.54000000000000004,0.014186167771367992,0.035630221305504292
2,18002,2,5,0.55000000000000004,0.014737213534877322,0.036292823086439628
2,18002,2,5,0.56000000000000005,0.015296425999522171,0.036941590618771579
2,18002,2,5,0.56999999999999995,0.015863587991855777,0.037576106693431297
2,18002,2,5,0.57999999999999996,0.016438709508940927,0.038196039710357475
2,18002,2,5,0.58999999999999997,0.017021537444108257,0.038801078539349151
2,18002,2,5,0.59999999999999998,0.017611953881677994,0.039390851055624974
2,18002,2,5,0.60999999999999999,0.018209826273521891,0.039965086606221348
2,18002,2,5,0.62,0.018814957823904351,0.040523518846906838
2,18002,2,5,0.63,0.019427322696599508,0.041065875905067127
2,18002,2,5,0.64000000000000001,0.020046581347859065,0.041591927952133012
2,18002,2,5,0.65000000000000002,0.020672670533609827,0.042101483080341583
2,18002,2,5,0.66000000000000003,0.021305334698050665,0.042594386713205902
2,18002,2,5,0.67000000000000004,0.021944429146066907,0.043070402786326567
2,18002,2,5,0.68000000000000005,0.022589757230586219,0.043529413729376937
2,18002,2,5,0.68999999999999995,0.023241053953983945,0.043971339664822202
2,18002,2,5,0.69999999999999996,0.023898162768703778,0.04439608149022601
2,18002,2,5,0.70999999999999996,0.024560779628001708,0.044803515497817137
2,18002,2,5,0.71999999999999997,0.025228721160952927,0.045193624470106393
2,18002,2,5,0.72999999999999998,0.025901741005296509,0.045566386477721293
2,18002,2,5,0.73999999999999999,0.026579527564377842,0.045921862083756475
2,18002,2,5,0.75,0.02726185901847002,0.046259931167214607
2,18002,2,5,0.76000000000000001,0.027948401721880501,0.04658079964157677
2,18002,2,5,0.77000000000000002,0.02863897292217478,0.046884443386266385
2,18002,2,5,0.78000000000000003,0.029333207875455191,0.047171018092229657
2,18002,2,5,0.79000000000000004,0.030030795422422651,0.047440617800536593
2,18002,2,5,0.80000000000000004,0.030731477439811108,0.04769340739418737
2,18002,2,5,0.81000000000000005,0.031434888757351946,0.047929666011948445
2,18002,2,5,0.81999999999999995,0.032140829033910329,0.048149369667063062
2,18002,2,5,0.82999999999999996,0.032848850016643595,0.048352959759794839
2,18002,2,5,0.83999999999999997,0.033558722109647297,0.048540564377482165
2,18002,2,5,0.84999999999999998,0.034270074726375166,0.048712591646280411
2,18002,2,5,0.85999999999999999,0.034982612859172382,0.048869219332775854
2,18002,2,5,0.87,0.035696035042644646,0.0490107839008532
2,18002,2,5,0.88,0.036409984013510199,0.049137680313276415
2,18002,2,5,0.89000000000000001,0.037124181626887305,0.049250240993302191
2,18002,2,5,0.90000000000000002,0.037838279701678558,0.049348872811692639
2,18002,2,5,0.91000000000000003,0.03855201030602113,0.049433936216115908
2,18002,2,5,0.92000000000000004,0.039265062731753404,0.049505822158164479
2,18002,2,5,0.93000000000000005,0.03997711936673063,0.049565024467217687
2,18002,2,5,0.93999999999999995,0.040687913482055978,0.049611912244086009
2,18002,2,5,0.94999999999999996,0.041397158892471572,0.049647012739080336
2,18002,2,5,0.95999999999999996,0.04210459763113545,0.049670655908890915
2,18002,2,5,0.96999999999999997,0.042809939196272843,0.049683342391601722
2,18002,2,5,0.97999999999999998,0.043512932585810758,0.049685589414507438
2,18002,2,5,0.98999999999999999,0.044213357878515248,0.049677779181613292
2,18002,2,5,1,0.044910953284765742,0.049660486182344331
2,18002,2,6,0,-0.0010477944440966391,0.0012772231342243572
2,18002,2,6,0.01,-0.0012490982141715142,0.0015283808326133979
2,18002,2,6,0.02,-0.0014711894647576667,0.0018108280962038992
2,18002,2,6,0.029999999999999999,-0.0017144274131892852,0.0021263498577024881
2,18002,2,6,0.040000000000000001,-0.0019786858007477966,0.002475840855651969
2,18002,2,6,0.050000000000000003,-0.0022640493331992921,0.0028606936111787462
2,18002,2,6,0.059999999999999998,-0.0025703224476108402,0.0032815854781418062
2,18002,2,6,0.070000000000000007,-0.0028973650661201452,0.0037393973113347793
2,18002,2,6,0.080000000000000002,-0.0032449666897720257,0.0042346212841066497
2,18002,2,6,0.089999999999999997,-0.0036129002687666383,0.0047677517418017725
2,18002,2,6,0.10000000000000001,-0.0040008842484088912,0.0053389174063362818
2,18002,2,6,0.11,-0.0044085754823566803,0.0059481205198472142
2,18002,2,6,0.12,-0.0048356771764079022,0.0065951530641120528
2,18002,2,6,0.13,-0.0052818845215800124,0.0072797041400697038
2,18002,2,6,0.14000000000000001,-0.0057467774281397994,0.0080010933502247614
2,18002,2,6,0.14999999999999999,-0.0062301127042445137,0.0087586420017298668
2,18002,2,6,0.16,-0.006731397188210371,0.0095512431468370244
2,18002,2,6,0.17000000000000001,-0.0072503651202343684,0.010377799007601276
2,18002,2,6,0.17999999999999999,-0.0077866805277079414,0.011237044525299734
2,18002,2,6,0.19,-0.0083398801804138983,0.012127249183728117
2,18002,2,6,0.20000000000000001,-0.0089097234019997473,0.013046928844535626
2,18002,2,6,0.20999999999999999,-0.0094957231466615624,0.013993984226161939
2,18002,2,6,0.22,-0.010097741125518096,0.014966802999704239
2,18002,2,6,0.23000000000000001,-0.010715212267888326,0.015962864558059554
2,18002,2,6,0.23999999999999999,-0.011347969303027122,0.016980253012488827
2,18002,2,6,0.25,-0.011995502505104888,0.018016385816129552
2,18002,2,6,0.26000000000000001,-0.012657681357333722,0.019069107203596194
2,18002,2,6,0.27000000000000002,-0.013334006175407245,0.020135772087696329
2,18002,2,6,0.28000000000000003,-0.014024181101198218,0.021213898445103879
2,18002,2,6,0.28999999999999998,-0.014727898551428973,0.022300963700659218
2,18002,2,6,0.29999999999999999,-0.015444789724215743,0.023394412638016938
2,18002,2,6,0.31,-0.016174519037998242,0.024491723342462149
2,18002,2,6,0.32000000000000001,-0.016916713905010632,0.025590277762802646
2,18002,2,6,0.33000000000000002,-0.017670982381282185,0.026687679588062934
2,18002,2,6,0.34000000000000002,-0.018437059334685171,0.027781501324066721
2,18002,2,6,0.34999999999999998,-0.019214464295591625,0.02886936212309078
2,18002,2,6,0.35999999999999999,-0.020002898850047818,0.029949099912407479
2,18002,2,6,0.37,-0.020801849926247142,0.031018386281491825
2,18002,2,6,0.38,-0.021610993524198898,0.032075384147411894
2,18002,2,6,0.39000000000000001,-0.022429812394083381,0.033118120455812805
2,18002,2,6,0.40000000000000002,-0.023257850620298424,0.034144782755041438
2,18002,2,6,0.40999999999999998,-0.024094622466672572,0.035153837221383356
2,18002,2,6,0.41999999999999998,-0.024939560136938002,0.036143830957998002
2,18002,2,6,0.42999999999999999,-0.025792226693985943,0.03711345818832832
2,18002,2,6,0.44,-0.026651914328013986,0.038061679153754045
2,18002,2,6,0.45000000000000001,-0.027518144085824325,0.038987447657993113
2,18002,2,6,0.46000000000000002,-0.028390214946826545,0.039890117836095008
2,18002,2,6,0.46999999999999997,-0.029267565680100343,0.04076900215445315
2,18002,2,6,0.47999999999999998,-0.030149498524667463,0.041623799826587739
2,18002,2,6,0.48999999999999999,-0.031035329817170779,0.042454049867291177
2,18002,2,6,0.5,-0.031924432656373701,0.043260023308704133
2,18002,2,6,0.51000000000000001,-0.032816066548562013,0.044041339358618758
2,18002,2,6,0.52000000000000002,-0.033709607593046288,0.044798674220606065
2,18002,2,6,0.53000000000000003,-0.034604297809866826,0.045532064558042006
2,18002,2,6,0.54000000000000004,-0.035499481079801755,0.046242233736091987
2,18002,2,6,0.55000000000000004,-0.036394485405232831,0.046929676221229955
2,18002,2,6,0.56000000000000005,-0.037288602836233781,0.047595268096335186
2,18002,2,6,0.56999999999999995,-0.038181194246131679,0.048239746557246853
2,18002,2,6,0.57999999999999996,-0.039071574828157991,0.04886418354962762
2,18002,2,6,0.58999999999999997,-0.03995915650832637,0.049469494065725476
2,18002,2,6,0.59999999999999998,-0.040843293119967643,0.050056842169572513
2,18002,2,6,0.60999999999999999,-0.041723421752878631,0.050627360740528864
2,18002,2,6,0.62,-0.042598968271589453,0.051182227766038202
2,18002,2,6,0.63,-0.043469419789801643,0.051722658066194527
2,18002,2,6,0.64000000000000001,-0.044334332860390034,0.052249883836937704
2,18002,2,6,0.65000000000000002,-0.045193181120049324,0.052765128389705547
2,18002,2,6,0.66000000000000003,-0.046045632551744577,0.053269618705914103
2,18002,2,6,0.67000000000000004,-0.046891293404015481,0.053764547035018255
2,18002,2,6,0.68000000000000005,-0.047729832866930645,0.054251023329476455
2,18002,2,6,0.68999999999999995,-0.04856102401430528,0.054730223378300552
2,18002,2,6,0.69999999999999996,-0.049384554763264865,0.055203175994571425
2,18002,2,6,0.70999999999999996,-0.050200338530784171,0.055670889435662972
2,18002,2,6,0.71999999999999997,-0.051008152822555025,0.056134238219673255
2,18002,2,6,0.72999999999999998,-0.051807989941737964,0.05659411234975098
2,18002,2,6,0.73999999999999999,-0.052599694536402765,0.057051276170724911
2,18002,2,6,0.75,-0.053383390051462892,0.057506382650716469
2,18002,2,6,0.76000000000000001,-0.054158974768057193,0.057959996445972474
2,18002,2,6,0.77000000000000002,-0.054926647132959444,0.058412624118780988
2,18002,2,6,0.78000000000000003,-0.05568643743772201,0.058864663974596325
2,18002,2,6,0.79000000000000004,-0.056438528452140861,0.059316441396320051
2,18002,2,6,0.80000000000000004,-0.057183100318356828,0.059768070117187093
2,18002,2,6,0.81000000000000005,-0.057920371639005687,0.060219735812262483
2,18002,2,6,0.81999999999999995,-0.058650538997423944,0.060671473379620235
2,18002,2,6,0.82999999999999996,-0.059373919218939843,0.061123202161680275
2,18002,2,6,0.83999999999999997,-0.060090742263492702,0.061574787284598337
2,18002,2,6,0.84999999999999998,-0.060801348127668277,0.062025992817349385
2,18002,2,6,0.85999999999999999,-0.061506025072171462,0.062476625006689358
2,18002,2,6,0.87,-0.062205090511237071,0.062926301805001375
2,18002,2,6,0.88,-0.062898886302398205,0.063374666598168164
2,18002,2,6,0.89000000000000001,-0.063587753207973316,0.063821256273388957
2,18002,2,6,0.90000000000000002,-0.064271988773208,0.064265679319206404
2,18002,2,6,0.91000000000000003,-0.064951947359663711,0.06470745144870009
2,18002,2,6,0.92000000000000004,-0.065627950567342677,0.06514602689546789
2,18002,2,6,0.93000000000000005,-0.066300286035004166,0.065580953884389184
2,18002,2,6,0.93999999999999995,-0.066969281115636589,0.066011675291904104
2,18002,2,6,0.94999999999999996,-0.06763518574791183,0.066437792224330397
2,18002,2,6,0.95999999999999996,-0.068298269661275293,0.0668587671752124
2,18002,2,6,0.96999999999999997,-0.068958791064951938,0.067274141120050437
2,18002,2,6,0.97999999999999998,-0.069616924597848656,0.067683560364069043
2,18002,2,6,0.98999999999999999,-0.070272884439810265,0.068086604472963011
2,18002,2,6,1,-0.070926827222492897,0.068483033435985885
2,18002,2,7,0,-0.00093307859924746106,0.00068268744724072716
2,18002,2,7,0.01,-0.0011708052508685562,0.00078615469001101226
2,18002,2,7,0.02,-0.0014448982889773317,0.00089553335263222302
2,18002,2,7,0.029999999999999999,-0.0017573569150075516,0.0010107998831104762
2,18002,2,7,0.040000000000000001,-0.0021095915233464288,0.0011318908695859837
2,18002,2,7,0.050000000000000003,-0.0025029226264825133,0.0012587636197799188
2,18002,2,7,0.059999999999999998,-0.0029380911694378148,0.0013913717594229193
2,18002,2,7,0.070000000000000007,-0.0034160413523709053,0.0015296220209740738
2,18002,2,7,0.080000000000000002,-0.0039368787506943543,0.001673426959617451
2,18002,2,7,0.089999999999999997,-0.0045009320495005001,0.0018225997974028324
2,18002,2,7,0.10000000000000001,-0.0051081022940856497,0.0019769991068106976
2,18002,2,7,0.11,-0.0057579322572552409,0.0021362884389578931
2,18002,2,7,0.12,-0.0064497763540456816,0.0023002468922931566
2,18002,2,7,0.13,-0.0071827861747252135,0.0024683914114604494
2,18002,2,7,0.14000000000000001,-0.0079559162915728131,0.00264038783305915
2,18002,2,7,0.14999999999999999,-0.0087678180273656689,0.0028156590405148747
2,18002,2,7,0.16,-0.0096169316500007915,0.0029937234119275899
2,18002,2,7,0.17000000000000001,-0.010501559759224623,0.0031739023182929941
2,18002,2,7,0.17999999999999999,-0.011419939617730754,0.0033556163787409666
2,18002,2,7,0.19,-0.012369999628463238,0.0035381114668365989
2,18002,2,7,0.20000000000000001,-0.013349473377763802,0.0037206652203192977
2,18002,2,7,0.20999999999999999,-0.014356320878193468,0.0039025130071743889
2,18002,2,7,0.22,-0.015387935715678598,0.0040828507934803299
2,18002,2,7,0.23000000000000001,-0.016442014683705746,0.0042608106195883471
2,18002,2,7,0.23999999999999999,-0.017515977634251143,0.0044355949780530502
2,18002,2,7,0.25,-0.018607228403273075,0.0046063301002163921
2,18002,2,7,0.26000000000000001,-0.0197131637921849,0.0047721504901925369
2,18002,2,7,0.27000000000000002,-0.020831333531319659,0.0049321808788651139
2,18002,2,7,0.28000000000000003,-0.021959013120543949,0.0050856235262292408
2,18002,2,7,0.28999999999999998,-0.023093652704937521,0.0052315638469756613
2,18002,2,7,0.29999999999999999,-0.024232812864887193,0.0053692501224820756
2,18002,2,7,0.31,-0.025374004804508934,0.0054978405729537534
2,18002,2,7,0.32000000000000001,-0.026514891015628022,0.0056165698549019783
2,18002,2,7,0.33000000000000002,-0.027653104895684826,0.005724692878586863
2,18002,2,7,0.34000000000000002,-0.028786502902980144,0.0058215473071248558
2,18002,2,7,0.34999999999999998,-0.029912988201976978,0.0059064196350369982
2,18002,2,7,0.35999999999999999,-0.031030640503821118,0.0059786891691848863
2,18002,2,7,0.37,-0.032137590375642906,0.0060378419722646797
2,18002,2,7,0.38,-0.033232188910643924,0.0060832791949273135
2,18002,2,7,0.39000000000000001,-0.034312844600144186,0.0061145964495580123
2,18002,2,7,0.40000000000000002,-0.035378199766708439,0.0061313292214178498
2,18002,2,7,0.40999999999999998,-0.03642701404563807,0.0061331185333464537
2,18002,2,7,0.41999999999999998,-0.037458143924194463,0.0061196856318425337
2,18002,2,7,0.42999999999999999,-0.038470629960024608,0.006090795157449147
2,18002,2,7,0.44,-0.039463735039633442,0.0060462347869315036
2,18002,2,7,0.45000000000000001,-0.040436634811136442,0.0059858688963607331
2,18002,2,7,0.46000000000000002,-0.041388987042415039,0.005909713267834721
2,18002,2,7,0.46999999999999997,-0.042320243867775588,0.0058176667985050971
2,18002,2,7,0.47999999999999998,-0.043230243977816808,0.0057099092331019717
2,18002,2,7,0.48999999999999999,-0.044118665738912745,0.0055864147496515713
2,18002,2,7,0.5,-0.044985687924987784,0.0054475226299834133
2,18002,2,7,0.51000000000000001,-0.045831090933003971,0.0052933261998128313
2,18002,2,7,0.52000000000000002,-0.046655264798918045,0.0051242734994958175
2,18002,2,7,0.53000000000000003,-0.047458183523913185,0.0049405733481834632
2,18002,2,7,0.54000000000000004,-0.048240290820558251,0.0047427932267918842
2,18002,2,7,0.55000000000000004,-0.049001808256440883,0.0045312818996988474
2,18002,2,7,0.56000000000000005,-0.049743233916468364,0.0043066479257106195
2,18002,2,7,0.56999999999999995,-0.050464862127649161,0.0040694230239845981
2,18002,2,7,0.57999999999999996,-0.051167155092184453,0.0038202074771041439
2,18002,2,7,0.58999999999999997,-0.051850611939799701,0.0035597007982373975
2,18002,2,7,0.59999999999999998,-0.052515696867475002,0.0032886189929805291
2,18002,2,7,0.60999999999999999,-0.053162806878656592,0.0030076466147252227
2,18002,2,7,0.62,-0.053792387886216965,0.0027175893112186835
2,18002,2,7,0.63,-0.05440495942221843,0.002419321729573183
2,18002,2,7,0.64000000000000001,-0.055000845668190336,0.0021136044120608107
2,18002,2,7,0.65000000000000002,-0.055580539449816439,0.0018013877083014687
2,18002,2,7,0.66000000000000003,-0.056144289610752719,0.0014835146173335159
2,18002,2,7,0.67000000000000004,-0.056692439554692664,0.0011609190255652297
2,18002,2,7,0.68000000000000005,-0.057225354461267752,0.00083452656729187931
2,18002,2,7,0.68999999999999995,-0.057743239323959715,0.00050527976118816943
2,18002,2,7,0.69999999999999996,-0.058246276166745548,0.00017410846181798237
2,18002,2,7,0.70999999999999996,-0.058734633943589305,-0.00015803420547371287
2,18002,2,7,0.71999999999999997,-0.059208502329943312,-0.00049023002585881165
2,18002,2,7,0.72999999999999998,-0.059667943858462996,-0.0008214792069800291
2,18002,2,7,0.73999999999999999,-0.060113114822192198,-0.0011509019108877476
2,18002,2,7,0.75,-0.060543887933043494,-0.0014775674642167717
2,18002,2,7,0.76000000000000001,-0.06096041475788299,-0.001800590808850246
2,18002,2,7,0.77000000000000002,-0.061362663786520617,-0.0021190645056006975
2,18002,2,7,0.78000000000000003,-0.061750588872103246,-0.00243226415682175
2,18002,2,7,0.79000000000000004,-0.062124090026769614,-0.0027392290318155586
2,18002,2,7,0.80000000000000004,-0.062483208217527252,-0.0030393065246007416
2,18002,2,7,0.81000000000000005,-0.062827750739715346,-0.003331756428573971
2,18002,2,7,0.81999999999999995,-0.063157772792161782,-0.0036158972741366451
2,18002,2,7,0.82999999999999996,-0.063473153020889003,-0.0038910232972606275
2,18002,2,7,0.83999999999999997,-0.06377380801789477,-0.004156674012399917
2,18002,2,7,0.84999999999999998,-0.064059736935735787,-0.0044121965552141049
2,18002,2,7,0.85999999999999999,-0.064330912520275688,-0.0046572307827965733
2,18002,2,7,0.87,-0.064587276605661895,-0.0048913155602755701
2,18002,2,7,0.88,-0.064828847049904992,-0.0051141095752972451
2,18002,2,7,0.89000000000000001,-0.065055646894417521,-0.0053252986873084662
2,18002,2,7,0.90000000000000002,-0.065267763438243184,-0.0055247664550882895
2,18002,2,7,0.91000000000000003,-0.065465250999310914,-0.0057122613707183733
2,18002,2,7,0.92000000000000004,-0.06564822724504836,-0.0058877493201455388
2,18002,2,7,0.93000000000000005,-0.065816853027155425,-0.0060511326291218526
2,18002,2,7,0.93999999999999995,-0.065971390103377117,-0.0062025470000759931
2,18002,2,7,0.94999999999999996,-0.06611196027621831,-0.0063419833187125102
2,18002,2,7,0.95999999999999996,-0.066238929934849117,-0.0064697079525962847
2,18002,2,7,0.96999999999999997,-0.066352545888317252,-0.0065857879089739656
2,18002,2,7,0.97999999999999998,-0.066453172304150029,-0.0066906456964967763
2,18002,2,7,0.98999999999999999,-0.066541184321000771,-0.0067844730103365685
2,18002,2,7,1,-0.066617079016622505,-0.0068677575254717143
2,18002,2,8,0,-0.00027647805476364401,-0.0009785831419215768
2,18002,2,8,0.01,-0.00037762024458658358,-0.0012477779164999077
2,18002,2,8,0.02,-0.00050115344872089167,-0.0015581318512260533
2,18002,2,8,0.029999999999999999,-0.00064886886706846632,-0.0019102323410251515
2,18002,2,8,0.040000000000000001,-0.00082209974655587427,-0.0023037838559204029
2,18002,2,8,0.050000000000000003,-0.0010222498193054358,-0.0027384287381347944
2,18002,2,8,0.059999999999999998,-0.0012504165332921291,-0.0032133594563426037
2,18002,2,8,0.070000000000000007,-0.0015075359915637137,-0.0037273583867560079
2,18002,2,8,0.080000000000000002,-0.0017944941962003127,-0.0042791241130224764
2,18002,2,8,0.089999999999999997,-0.0021118517604469815,-0.0048669467045989144
2,18002,2,8,0.10000000000000001,-0.0024600508769610629,-0.0054889054746610835
2,18002,2,8,0.11,-0.0028395602785442477,-0.0061431587620007942
2,18002,2,8,0.12,-0.003250292627904109,-0.006827228446161601
2,18002,2,8,0.13,-0.0036923819117138149,-0.0075389754836591542
2,18002,2,8,0.14000000000000001,-0.0041654603877849875,-0.0082758020507591699
2,18002,2,8,0.14999999999999999,-0.004669442695487646,-0.0090353813947076003
2,18002,2,8,0.16,-0.005203636631712613,-0.0098150686159371118
2,18002,2,8,0.17000000000000001,-0.0057675009283970494,-0.010612342081610151
2,18002,2,8,0.17999999999999999,-0.0063603331930928569,-0.011424736283925986
2,18002,2,8,0.19,-0.0069812238641579283,-0.012249723716202759
2,18002,2,8,0.20000000000000001,-0.0076292255416792951,-0.013084844135619183
2,18002,2,8,0.20999999999999999,-0.0083032797498094196,-0.013927829235004928
2,18002,2,8,0.22,-0.0090022489050857676,-0.014776357491566377
2,18002,2,8,0.23000000000000001,-0.0097248394658915674,-0.015628333942280141
2,18002,2,8,0.23999999999999999,-0.010469732779363312,-0.016481661749434925
2,18002,2,8,0.25,-0.011235604356882126,-0.017334480838107857
2,18002,2,8,0.26000000000000001,-0.01202096660798656,-0.01818503162223398
2,18002,2,8,0.27000000000000002,-0.012824331534536179,-0.019031693225452229
2,18002,2,8,0.28000000000000003,-0.0136441968801827,-0.019873038757120955
2,18002,2,8,0.28999999999999998,-0.01447902759572592,-0.020707701493464726
2,18002,2,8,0.29999999999999999,-0.015327192146490629,-0.021534535616255457
2,18002,2,8,0.31,-0.016187139235011003,-0.022352540549371219
2,18002,2,8,0.32000000000000001,-0.017057267705555282,-0.02316090292834995
2,18002,2,8,0.33000000000000002,-0.017935921328316881,-0.02395884585631387
2,18002,2,8,0.34000000000000002,-0.018821511528886024,-0.024745793446093216
2,18002,2,8,0.34999999999999998,-0.019712419481661882,-0.025521293721103788
2,18002,2,8,0.35999999999999999,-0.020607113017380354,-0.026285068605723539
2,18002,2,8,0.37,-0.021503979867177669,-0.027036904290765374
2,18002,2,8,0.38,-0.022401524591751723,-0.027776688178120245
2,18002,2,8,0.39000000000000001,-0.023298233148399964,-0.028504429087719361
2,18002,2,8,0.40000000000000002,-0.024192646419298816,-0.029220190278507408
2,18002,2,8,0.40999999999999998,-0.02508339762297224,-0.029924195643669837
2,18002,2,8,0.41999999999999998,-0.025969115731351775,-0.030616663609833155
2,18002,2,8,0.42999999999999999,-0.026848483771099579,-0.031297865957897568
2,18002,2,8,0.44,-0.027720295224376457,-0.031968144367755559
2,18002,2,8,0.45000000000000001,-0.02858336087477242,-0.032627853181044837
2,18002,2,8,0.46000000000000002,-0.029436648329221455,-0.033277448669930529
2,18002,2,8,0.46999999999999997,-0.030279140097619617,-0.033917310311722348
2,18002,2,8,0.47999999999999998,-0.03110991594098475,-0.034547847144689781
2,18002,2,8,0.48999999999999999,-0.031928172589438468,-0.035169529597728948
2,18002,2,8,0.5,-0.032733128240832111,-0.03578270414665518
2,18002,2,8,0.51000000000000001,-0.033524286544685429,-0.036387864580782699
2,18002,2,8,0.52000000000000002,-0.034300978660660335,-0.036985292497270388
2,18002,2,8,0.53000000000000003,-0.035062840739365518,-0.037575427889476556
2,18002,2,8,0.54000000000000004,-0.035809510204607098,-0.038158531921194914
2,18002,2,8,0.55000000000000004,-0.036540805498870871,-0.03873494232198061
2,18002,2,8,0.56000000000000005,-0.037256562427750654,-0.039304885636523991
2,18002,2,8,0.56999999999999995,-0.037956751730473783,-0.039868592445353401
2,18002,2,8,0.57999999999999996,-0.038641443294996719,-0.040426227017198113
2,18002,2,8,0.58999999999999997,-0.03931078983976604,-0.04097795441987151
2,18002,2,8,0.59999999999999998,-0.039964999254755912,-0.041523825739487104
2,18002,2,8,0.60999999999999999,-0.040604473443104548,-0.042063958753203845
2,18002,2,8,0.62,-0.041229511689886263,-0.042598309432278235
2,18002,2,8,0.63,-0.041840594939596139,-0.043126928352883238
2,18002,2,8,0.64000000000000001,-0.04243821901407796,-0.043649700811329982
2,18002,2,8,0.65000000000000002,-0.043023020090319879,-0.044166620005454287
2,18002,2,8,0.66000000000000003,-0.043595525521079266,-0.044677499619217638
2,18002,2,8,0.67000000000000004,-0.044156401941522948,-0.045182266579311049
2,18002,2,8,0.68000000000000005,-0.044706313064963941,-0.045680724767487614
2,18002,2,8,0.68999999999999995,-0.045245964344026612,-0.046172731660895139
2,18002,2,8,0.69999999999999996,-0.045775985135105862,-0.046658048928024533
2,18002,2,8,0.70999999999999996,-0.046297120637788923,-0.047136491263514706
2,18002,2,8,0.71999999999999997,-0.046810022842825205,-0.047607858975681393
2,18002,2,8,0.72999999999999998,-0.047315357143061933,-0.048071875314119633
2,18002,2,8,0.73999999999999999,-0.047813752371426176,-0.048528344759337184
2,18002,2,8,0.75,-0.048305848182155449,-0.048977020587679575
2,18002,2,8,0.76000000000000001,-0.048792206687077622,-0.049417667396700955
2,18002,2,8,0.77000000000000002,-0.049273330553147782,-0.049850023878649154
2,18002,2,8,0.78000000000000003,-0.049749756442270192,-0.050273860705537021
2,18002,2,8,0.79000000000000004,-0.050221894315272075,-0.050688982449421362
2,18002,2,8,0.80000000000000004,-0.050690149910599773,-0.05109509254424336
2,18002,2,8,0.81000000000000005,-0.051154821525297899,-0.051492006439883997
2,18002,2,8,0.81999999999999995,-0.05161624094571645,-0.051879508120931596
2,18002,2,8,0.82999999999999996,-0.052074598281271998,-0.052257364366392868
2,18002,2,8,0.83999999999999997,-0.052530078846454241,-0.052625392914034341
2,18002,2,8,0.84999999999999998,-0.052982796186395474,-0.052983366916529682
2,18002,2,8,0.85999999999999999,-0.053432832155475944,-0.053331172563740398
2,18002,2,8,0.87,-0.053880181355848683,-0.053668503845908509
2,18002,2,8,0.88,-0.05432484444691401,-0.053995315202823198
2,18002,2,8,0.89000000000000001,-0.05476671389840241,-0.054311376322388562
2,18002,2,8,0.90000000000000002,-0.055205729342843214,-0.054616595341117867
2,18002,2,8,0.91000000000000003,-0.055641677075880157,-0.05491075758768646
2,18002,2,8,0.92000000000000004,-0.056074463742845033,-0.055193814553620303
2,18002,2,8,0.93000000000000005,-0.056503830955063818,-0.055465633455613596
2,18002,2,8,0.93999999999999995,-0.056929628398698369,-0.05572608983501473
2,18002,2,8,0.94999999999999996,-0.057351574350820528,-0.055975135373272235
2,18002,2,8,0.95999999999999996,-0.057769475748447041,-0.056212721990945035
2,18002,2,8,0.96999999999999997,-0.058183054532893352,-0.056438761932373065
2,18002,2,8,0.97999999999999998,-0.058592128072152687,-0.056653294972037159
2,18002,2,8,0.98999999999999999,-0.058996404443944571,-0.0568562563220745
2,18002,2,8,1,-0.059395735114460758,-0.057047800550150442
3,18003,1,1,0,-0.00020209826782991805,-0.0015507087364291239
3,18003,1,1,0.01,-0.00022275302698648161,-0.0018858496658239788
3,18003,1,1,0.02,-0.00024471457325630407,-0.0022687775136069088
3,18003,1,1,0.029999999999999999,-0.0002679899973825194,-0.0027018628243405582
3,18003,1,1,0.040000000000000001,-0.00029251103159593265,-0.0031868631105969
3,18003,1,1,0.050000000000000003,-0.00031823802391880795,-0.0037246736819460547
3,18003,1,1,0.059999999999999998,-0.00034510888636605006,-0.0043164605478103017
3,18003,1,1,0.070000000000000007,-0.00037305769460968118,-0.0049627119666552271
3,18003,1,1,0.080000000000000002,-0.00040200962916786136,-0.0056633678576985284
3,18003,1,1,0.089999999999999997,-0.00043189157017555933,-0.0064182556564630093
3,18003,1,1,0.10000000000000001,-0.00046265333251844506,-0.0072269667052773509
3,18003,1,1,0.11,-0.00049422166219375283,-0.0080882315455917501
3,18003,1,1,0.12,-0.00052657286463774356,-0.0090012871501117774
3,18003,1,1,0.13,-0.00055962419163613155,-0.0099642677841132472
3,18003,1,1,0.14000000000000001,-0.00059337645957363377,-0.010975289444103732
3,18003,1,1,0.14999999999999999,-0.000627774324591596,-0.012032492676033573
3,18003,1,1,0.16,-0.00066283173956559682,-0.013133424618122003
3,18003,1,1,0.17000000000000001,-0.00069853820946367976,-0.014275418988168823
3,18003,1,1,0.17999999999999999,-0.00073489567331628397,-0.015456087876394539
3,18003,1,1,0.19,-0.00077191578301182061,-0.016672083151756025
3,18003,1,1,0.20000000000000001,-0.0008096212542901773,-0.017920499417929031
3,18003,1,1,0.20999999999999999,-0.0008480341618072306,-0.019198361513823557
3,18003,1,1,0.22,-0.00088719183257545591,-0.020502205831804541
3,18003,1,1,0.23000000000000001,-0.00092712042106639218,-0.021828821429243667
3,18003,1,1,0.23999999999999999,-0.00096782695965638406,-0.023174789096535978
3,18003,1,1,0.25,-0.001009349929717444,-0.024536810428047163
3,18003,1,1,0.26000000000000001,-0.001051691123789315,-0.025911370023741092
3,18003,1,1,0.27000000000000002,-0.0010948654676123184,-0.027295534982114334
3,18003,1,1,0.28000000000000003,-0.0011388593980986542,-0.028685702620304784
3,18003,1,1,0.28999999999999998,-0.0011836544590667719,-0.03007889036694544
3,18003,1,1,0.29999999999999999,-0.001229208692713594,-0.031471930150008619
3,18003,1,1,0.31,-0.0012754819823069016,-0.032861911006713866
3,18003,1,1,0.32000000000000001,-0.0013224085151185602,-0.034246004144427494
3,18003,1,1,0.33000000000000002,-0.0013699075053740766,-0.035621633870553004
3,18003,1,1,0.34000000000000002,-0.0014178884489908028,-0.036986135091045626
3,18003,1,1,0.34999999999999998,-0.0014662342426027012,-0.038337154382710632
3,18003,1,1,0.35999999999999999,-0.0015148258009616711,-0.039672646646571226
3,18003,1,1,0.37,-0.0015635430853822754,-0.040990324272544537
3,18003,1,1,0.38,-0.0016122305901805228,-0.042288792142546709
3,18003,1,1,0.39000000000000001,-0.0016607491004438895,-0.043565995144724534
3,18003,1,1,0.40000000000000002,-0.0017089485810062399,-0.044820685857469122
3,18003,1,1,0.40999999999999998,-0.0017566629939741944,-0.046051455878796416
3,18003,1,1,0.41999999999999998,-0.0018037490164395705,-0.047257302997998553
3,18003,1,1,0.42999999999999999,-0.0018500662395402783,-0.048437331846112125
3,18003,1,1,0.44,-0.0018954457688013509,-0.049590674734065504
3,18003,1,1,0.45000000000000001,-0.0019397733300749061,-0.050716853116721687
3,18003,1,1,0.46000000000000002,-0.0019829117003266812,-0.051815287363272899
3,18003,1,1,0.46999999999999997,-0.0020247385882439049,-0.052885850719769846
3,18003,1,1,0.47999999999999998,-0.0020651703543678977,-0.053928319294793879
3,18003,1,1,0.48999999999999999,-0.0021040954394375266,-0.054942735840322672
3,18003,1,1,0.5,-0.00214145915970231,-0.055929211245093535
3,18003,1,1,0.51000000000000001,-0.0021771794592523393,-0.056887836627236898
3,18003,1,1,0.52000000000000002,-0.0022112349709255594,-0.057819076231820705
3,18003,1,1,0.53000000000000003,-0.0022435747423280943,-0.058723321762915816
3,18003,1,1,0.54000000000000004,-0.0022742053166182907,-0.059601052453882704
3,18003,1,1,0.55000000000000004,-0.0023031082450311602,-0.060452862451420154
3,18003,1,1,0.56000000000000005,-0.002330300771628806,-0.061279282814514974
3,18003,1,1,0.56999999999999995,-0.0023558166850118139,-0.062081125377564189
3,18003,1,1,0.57999999999999996,-0.0023796692322281972,-0.062858957518542979
3,18003,1,1,0.58999999999999997,-0.0024019226354804919,-0.0636136571684605
3,18003,1,1,0.59999999999999998,-0.0024226182784235213,-0.064345976662664409
3,18003,1,1,0.60999999999999999,-0.0024418159173739884,-0.065056594702494572
3,18003,1,1,0.62,-0.0024595774050305392,-0.065746396997857059
3,18003,1,1,0.63,-0.0024759784098888639,-0.066416147614839646
3,18003,1,1,0.64000000000000001,-0.0024910703278882636,-0.067066626315225975
3,18003,1,1,0.65000000000000002,-0.0025049435923821558,-0.067698593544939345
3,18003,1,1,0.66000000000000003,-0.0025176555914753359,-0.068312840713963721
3,18003,1,1,0.67000000000000004,-0.0025292839938387481,-0.068910031227959745
3,18003,1,1,0.68000000000000005,-0.002539891485006301,-0.06949090657852601
3,18003,1,1,0.68999999999999995,-0.0025495480409965599,-0.070056178657587134
3,18003,1,1,0.69999999999999996,-0.0025583092047965126,-0.070606373854137081
3,18003,1,1,0.70999999999999996,-0.0025662393788725385,-0.071142227898356988
3,18003,1,1,0.71999999999999997,-0.002573392839242798,-0.071664247144795731
3,18003,1,1,0.72999999999999998,-0.0025798128663729485,-0.072172926399925827
3,18003,1,1,0.73999999999999999,-0.0025855582349220124,-0.072668917330648272
3,18003,1,1,0.75,-0.0025906506026794735,-0.073152479729827954
3,18003,1,1,0.76000000000000001,-0.0025951472712869889,-0.073624206001812562
3,18003,1,1,0.77000000000000002,-0.0025990644432507342,-0.074084445133694124
3,18003,1,1,0.78000000000000003,-0.0026024418545377271,-0.074533542425127788
3,18003,1,1,0.79000000000000004,-0.0026052962236727769,-0.074971851050756558
3,18003,1,1,0.80000000000000004,-0.0026076545574585212,-0.075399758360302951
3,18003,1,1,0.81000000000000005,-0.0026095287632259515,-0.075817383274841194
3,18003,1,1,0.81999999999999995,-0.0026109379804697842,-0.076225151957244136
3,18003,1,1,0.82999999999999996,-0.0026118958879072737,-0.076623324617017416
3,18003,1,1,0.83999999999999997,-0.00261240658978491,-0.077011979135199429
3,18003,1,1,0.84999999999999998,-0.0026124867085153061,-0.077391515302409938
3,18003,1,1,0.85999999999999999,-0.0026121361377315286,-0.07776203839538319
3,18003,1,1,0.87,-0.002611368099517146,-0.078123808760784466
3,18003,1,1,0.88,-0.0026101814539092765,-0.078477011681666098
3,18003,1,1,0.89000000000000001,-0.0026085899898569058,-0.078821936367036466
3,18003,1,1,0.90000000000000002,-0.0026065892407271308,-0.079158611341639026
3,18003,1,1,0.91000000000000003,-0.0026041957611786168,-0.079487462893917435
3,18003,1,1,0.92000000000000004,-0.0026014076609399816,-0.079808549012138297
3,18003,1,1,0.93000000000000005,-0.0025982368556452494,-0.080122194337634456
3,18003,1,1,0.93999999999999995,-0.0025946931357216691,-0.080428663795299601
3,18003,1,1,0.94999999999999996,-0.0025907817958320659,-0.080728095409934711
3,18003,1,1,0.95999999999999996,-0.0025865194298759909,-0.081020818113804974
3,18003,1,1,0.96999999999999997,-0.0025819189314132086,-0.081307125717029277
3,18003,1,1,0.97999999999999998,-0.0025769942069698505,-0.0815872750954061
3,18003,1,1,0.98999999999999999,-0.0025717643765584518,-0.081861550117963561
3,18003,1,1,1,-0.0025662566058946754,-0.082130422986620474
3,18003,1,2,0,0.0011572709331709823,-0.0010367180750776028
3,18003,1,2,0.01,0.0014072462862548863,-0.0012977106390007988
3,18003,1,2,0.02,0.0016934775177423218,-0.0015979219954357731
3,18003,1,2,0.029999999999999999,0.0020181098284439811,-0.0019395897747771288
3,18003,1,2,0.040000000000000001,0.0023823896228649497,-0.0023239219867625736
3,18003,1,2,0.050000000000000003,0.0027873279547632221,-0.0027519748366431063
3,18003,1,2,0.059999999999999998,0.0032341250751813221,-0.0032249498657818958
3,18003,1,2,0.070000000000000007,0.0037228047728935184,-0.0037428823592431638
3,18003,1,2,0.080000000000000002,0.0042538500063295827,-0.0043062912862902878
3,18003,1,2,0.089999999999999997,0.0048270240268832492,-0.0049149592533091497
3,18003,1,2,0.10000000000000001,0.0054417088878985767,-0.0055683001239215484
3,18003,1,2,0.11,0.0060975996559651802,-0.0062660812646127507
3,18003,1,2,0.12,0.0067931691916842231,-0.0070067817127425326
3,18003,1,2,0.13,0.0075275554991861638,-0.0077896622832293741
3,18003,1,2,0.14000000000000001,0.008298938543926283,-0.008612905559275472
3,18003,1,2,0.14999999999999999,0.0091055549995018355,-0.009474832259174365
3,18003,1,2,0.16,0.0099456972234353135,-0.010373799706006936
3,18003,1,2,0.17000000000000001,0.010816807062200609,-0.011307246414273872
3,18003,1,2,0.17999999999999999,0.011717060010960836,-0.012273477040843498
3,18003,1,2,0.19,0.01264365364778422,-0.01326961237437739
3,18003,1,2,0.20000000000000001,0.013594240959387211,-0.014293364851051213
3,18003,1,2,0.20999999999999999,0.014566269594935786,-0.015342146273635884
3,18003,1,2,0.22,0.015556931561915821,-0.016413071563348425
3,18003,1,2,0.23000000000000001,0.016563884799285816,-0.017503829049992963
3,18003,1,2,0.23999999999999999,0.017584198534730151,-0.018611286309946625
3,18003,1,2,0.25,0.018615396129233411,-0.01973292726402057
3,18003,1,2,0.26000000000000001,0.019654870360013944,-0.020865964349891936
3,18003,1,2,0.27000000000000002,0.020700043238699829,-0.022007652830493881
3,18003,1,2,0.28000000000000003,0.02174862720667271,-0.023155589503342802
3,18003,1,2,0.28999999999999998,0.022798109426074714,-0.024306983513906033
3,18003,1,2,0.29999999999999999,0.023846381494186941,-0.025459606121938715
3,18003,1,2,0.31,0.024891215938689645,-0.026610963851385807
3,18003,1,2,0.32000000000000001,0.025930599695404982,-0.027758847497622936
3,18003,1,2,0.33000000000000002,0.02696269755933281,-0.028901258512203643
3,18003,1,2,0.34000000000000002,0.027985612625156798,-0.030036033065021978
3,18003,1,2,0.34999999999999998,0.028997828783462423,-0.031161567685589184
3,18003,1,2,0.35999999999999999,0.029997640586437346,-0.032275896583599618
3,18003,1,2,0.37,0.030983736786055639,-0.033377609671511189
3,18003,1,2,0.38,0.031954783190208121,-0.034465253439408199
3,18003,1,2,0.39000000000000001,0.032909568970928123,-0.035537467656014711
3,18003,1,2,0.40000000000000002,0.033847112897898726,-0.036593293175754833
3,18003,1,2,0.40999999999999998,0.034766327899379008,-0.037631494721959265
3,18003,1,2,0.41999999999999998,0.035666493429351021,-0.038651398590723675
3,18003,1,2,0.42999999999999999,0.036546780966401161,-0.039652167008085541
3,18003,1,2,0.44,0.037406615605576406,-0.040633228336746909
3,18003,1,2,0.45000000000000001,0.038245419178672635,-0.041594139314554454
3,18003,1,2,0.46000000000000002,0.039062767920273064,-0.042534453624869774
3,18003,1,2,0.46999999999999997,0.039858288048208117,-0.043453967523755993
3,18003,1,2,0.47999999999999998,0.04063179937068967,-0.044352554954806465
3,18003,1,2,0.48999999999999999,0.041383034372427296,-0.045230080920416721
3,18003,1,2,0.5,0.042112044267158498,-0.046086731876697741
3,18003,1,2,0.51000000000000001,0.042818672962992708,-0.046922442123436402
3,18003,1,2,0.52000000000000002,0.043503163742050883,-0.047737602137638759
3,18003,1,2,0.53000000000000003,0.044165561433452051,-0.048532367774162977
3,18003,1,2,0.54000000000000004,0.04480620986345956,-0.049307155493222739
3,18003,1,2,0.55000000000000004,0.045425315711209863,-0.050062317757643492
3,18003,1,2,0.56000000000000005,0.046023340018564486,-0.050798308332423193
3,18003,1,2,0.56999999999999995,0.046600604756600994,-0.051515578845570557
3,18003,1,2,0.57999999999999996,0.047157732844490007,-0.052214708462028636
3,18003,1,2,0.58999999999999997,0.047695176182939135,-0.052896174986936863
3,18003,1,2,0.59999999999999998,0.048213584515278095,-0.053560588341136306
3,18003,1,2,0.60999999999999999,0.04871358044921497,-0.054208486842229869
3,18003,1,2,0.62,0.049195776937912099,-0.054840409849008086
3,18003,1,2,0.63,0.049660978392955329,-0.05545701655575367
3,18003,1,2,0.64000000000000001,0.050109833247992897,-0.056058794293347682
3,18003,1,2,0.65000000000000002,0.050543140027764021,-0.056646354793754315
3,18003,1,2,0.66000000000000003,0.050961650483013453,-0.057220212134139324
3,18003,1,2,0.67000000000000004,0.051366078424691375,-0.057780832779607737
3,18003,1,2,0.68000000000000005,0.051757273783598158,-0.058328806569842101
3,18003,1,2,0.68999999999999995,0.052135941276255898,-0.058864502719324439
3,18003,1,2,0.69999999999999996,0.052502878885288561,-0.059388440229460028
3,18003,1,2,0.70999999999999996,0.052858851051277557,-0.059901008736903821
3,18003,1,2,0.71999999999999997,0.053204493072251773,-0.060402524770993775
3,18003,1,2,0.72999999999999998,0.053540645900561033,-0.06089347744647635
3,18003,1,2,0.73999999999999999,0.053867819563631514,-0.061374006012382708
3,18003,1,2,0.75,0.054186793589474397,-0.061844567327982929
3,18003,1,2,0.76000000000000001,0.054498099934795596,-0.062305334552682085
3,18003,1,2,0.77000000000000002,0.054802305424604299,-0.062756545786305032
3,18003,1,2,0.78000000000000003,0.055100000535120756,-0.063198514969341243
3,18003,1,2,0.79000000000000004,0.055391526559323223,-0.063631234068901268
3,18003,1,2,0.80000000000000004,0.055677466592233715,-0.064055091005067497
3,18003,1,2,0.81000000000000005,0.055958151426942361,-0.064470141448622467
3,18003,1,2,0.81999999999999995,0.056233928778774471,-0.064876548150022112
3,18003,1,2,0.82999999999999996,0.056505168308242905,-0.065274552429463784
3,18003,1,2,0.83999999999999997,0.056771997685050701,-0.065664085633045724
3,18003,1,2,0.84999999999999998,0.057034772562596044,-0.066045511414757743
3,18003,1,2,0.85999999999999999,0.05729357105225643,-0.066418801964353694
3,18003,1,2,0.87,0.057548563611830771,-0.066784170299379594
3,18003,1,2,0.88,0.057799871186449962,-0.067141796010897384
3,18003,1,2,0.89000000000000001,0.05804745451906751,-0.067491679565677851
3,18003,1,2,0.90000000000000002,0.058291443889644329,-0.067834160520141434
3,18003,1,2,0.91000000000000003,0.058531735452313854,-0.068169239905721379
3,18003,1,2,0.92000000000000004,0.058768371573736433,-0.068497229406382545
3,18003,1,2,0.93000000000000005,0.059001284839833336,-0.068818299154123366
3,18003,1,2,0.93999999999999995,0.059230331629240719,-0.069132572165699013
3,18003,1,2,0.94999999999999996,0.05945552891074396,-0.069440425316394758
3,18003,1,2,0.95999999999999996,0.059676612110480733,-0.069741886893763497
3,18003,1,2,0.96999999999999997,0.05989359000546992,-0.070037372004807044
3,18003,1,2,0.97999999999999998,0.060106266390410591,-0.070327065905437372
3,18003,1,2,0.98999999999999999,0.060314494790545216,-0.070611197478775423
3,18003,1,2,1,0.060518217249992047,-0.070890170130003927
3,18003,1,3,0,0.0014234122264771092,-0.00015879649300018969
3,18003,1,3,0.01,0.0017478515951413094,-0.00021460314454753402
3,18003,1,3,0.02,0.0021215900821587529,-0.0002756708290584155
3,18003,1,3,0.029999999999999999,0.0025476526980416653,-0.00034159278131099734
3,18003,1,3,0.040000000000000001,0.0030273156269870955,-0.00041188583839360825
3,18003,1,3,0.050000000000000003,0.0035623651401130337,-0.0004860751784104491
3,18003,1,3,0.059999999999999998,0.0041532624430983519,-0.00056369556125832152
3,18003,1,3,0.070000000000000007,0.0048009324858293958,-0.00064424312964296039
3,18003,1,3,0.080000000000000002,0.0055052851591539343,-0.00072728085500252729
3,18003,1,3,0.089999999999999997,0.0062661779202728305,-0.00081233045691511327
3,18003,1,3,0.10000000000000001,0.0070829381425423507,-0.00089901948291591649
3,18003,1,3,0.11,0.0079545801736784442,-0.00098691597081619511
3,18003,1,3,0.12,0.0088801213238692486,-0.0010757072841187229
3,18003,1,3,0.13,0.0098576165712615429,-0.0011650549854979968
3,18003,1,3,0.14000000000000001,0.010885475261509596,-0.0012547199825506822
3,18003,1,3,0.14999999999999999,0.011961695444525416,-0.0013444349367743912
3,18003,1,3,0.16,0.013083863775274608,-0.001434047018473569
3,18003,1,3,0.17000000000000001,0.014249338804429435,-0.0015234032588003858
3,18003,1,3,0.17999999999999999,0.015455778871100964,-0.0016123883161223498
3,18003,1,3,0.19,0.016699945748254928,-0.0017009621126594827
3,18003,1,3,0.20000000000000001,0.017978931531815377,-0.0017890646716915372
3,18003,1,3,0.20999999999999999,0.019289601780714715,-0.001876714434970459
3,18003,1,3,0.22,0.020628652362813322,-0.0019639045244745743
3,18003,1,3,0.23000000000000001,0.021992789319061189,-0.002050676068138428
3,18003,1,3,0.23999999999999999,0.023378498583937452,-0.0021370588468448627
3,18003,1,3,0.25,0.02478246959739816,-0.0022231067603230847
3,18003,1,3,0.26000000000000001,0.026201318849593674,-0.0023088449556857974
3,18003,1,3,0.27000000000000002,0.027631421288853455,-0.0023943214057046557
3,18003,1,3,0.28000000000000003,0.029069512132683755,-0.0024795721766061986
3,18003,1,3,0.28999999999999998,0.030512358111107765,-0.002564592658887459
3,18003,1,3,0.29999999999999999,0.031956518697972509,-0.0026494249145918368
3,18003,1,3,0.31,0.033398860840422824,-0.0027340306875881983
3,18003,1,3,0.32000000000000001,0.034836591426166241,-0.0028184287919146415
3,18003,1,3,0.33000000000000002,0.036266447567051191,-0.0029025675144416529
3,18003,1,3,0.34000000000000002,0.037685953429781649,-0.0029864395542208277
3,18003,1,3,0.34999999999999998,0.039092294531482816,-0.0030699877497593546
3,18003,1,3,0.35999999999999999,0.040483287983030379,-0.0031532045161684597
3,18003,1,3,0.37,0.041856436348519883,-0.0032360270793451544
3,18003,1,3,0.38,0.043209935570929336,-0.0033184534563257865
3,18003,1,3,0.39000000000000001,0.044541721656839152,-0.0034004556438697077
3,18003,1,3,0.40000000000000002,0.045850465097182415,-0.0034820380029068599
3,18003,1,3,0.40999999999999998,0.047134285981098027,-0.0035632006447030005
3,18003,1,3,0.41999999999999998,0.048392389544374553,-0.003643996305043275
3,18003,1,3,0.42999999999999999,0.049623502156212966,-0.0037244568207165552
3,18003,1,3,0.44,0.050826869372501533,-0.0038046733969464438
3,18003,1,3,0.45000000000000001,0.052001841857289011,-0.0038847201819565123
3,18003,1,3,0.46000000000000002,0.053148035579806997,-0.0039647473896824185
3,18003,1,3,0.46999999999999997,0.054265153632778861,-0.0040448531033664024
3,18003,1,3,0.47999999999999998,0.055352983156835157,-0.0041252278026800045
3,18003,1,3,0.48999999999999999,0.056411862083361908,-0.0042060146358042956
3,18003,1,3,0.5,0.057441619947909105,-0.0042874298540195614
3,18003,1,3,0.51000000000000001,0.058442968457152709,-0.0043696306989286747
3,18003,1,3,0.52000000000000002,0.059415980755215057,-0.0044528599690910123
3,18003,1,3,0.53000000000000003,0.060361577591279525,-0.0045372806396002914
3,18003,1,3,0.54000000000000004,0.061280098757761081,-0.0046231419267205804
3,18003,1,3,0.55000000000000004,0.06217243706566275,-0.0047105837653972117
3,18003,1,3,0.56000000000000005,0.063039298427460463,-0.0047998608640710877
3,18003,1,3,0.56999999999999995,0.063881519111228288,-0.0048910980786824312
3,18003,1,3,0.57999999999999996,0.06469994439701722,-0.0049844925195772242
3,18003,1,3,0.58999999999999997,0.065495409115040024,-0.0050801664065486486
3,18003,1,3,0.59999999999999998,0.066268894256065455,-0.0051782812271994041
3,18003,1,3,0.60999999999999999,0.067021127877463574,-0.0052789059816856524
3,18003,1,3,0.62,0.067753088634743844,-0.0053821764824335122
3,18003,1,3,0.63,0.068465513056954821,-0.0054881467725637623
3,18003,1,3,0.64000000000000001,0.069159329149303339,-0.0055968681726730335
3,18003,1,3,0.65000000000000002,0.06983512692547246,-0.0057083643207280835
3,18003,1,3,0.66000000000000003,0.07049382058849489,-0.0058226350650790182
3,18003,1,3,0.67000000000000004,0.071135942776107922,-0.0059396577659905437
3,18003,1,3,0.68000000000000005,0.071762207743297349,-0.0060593943603299465
3,18003,1,3,0.68999999999999995,0.072373164273739063,-0.0061817661420159728
3,18003,1,3,0.69999999999999996,0.072969340889789971,-0.0063067252696162894
3,18003,1,3,0.70999999999999996,0.07355120044759543,-0.0064341566823576599
3,18003,1,3,0.71999999999999997,0.074119211284501038,-0.0065639686490096731
3,18003,1,3,0.72999999999999998,0.074673658263569698,-0.0066960723699650039
3,18003,1,3,0.73999999999999999,0.075214905455137857,-0.0068303614361458764
3,18003,1,3,0.75,0.075743266569805845,-0.0069667161236703912
3,18003,1,3,0.76000000000000001,0.076258864251356542,-0.0071050467376488138
3,18003,1,3,0.77000000000000002,0.076761973746664131,-0.0072452341139022242
3,18003,1,3,0.78000000000000003,0.077252780431869325,-0.0073871584500401835
3,18003,1,3,0.79000000000000004,0.077731352598403025,-0.0075307315021649335
3,18003,1,3,0.80000000000000004,0.078197898978616634,-0.0076758211701427699
3,18003,1,3,0.81000000000000005,0.078652468024056052,-0.0078223486489793076
3,18003,1,3,0.81999999999999995,0.079095204822802981,-0.0079701864291727587
3,18003,1,3,0.82999999999999996,0.079526252700007252,-0.008119249474572628
3,18003,1,3,0.83999999999999997,0.079945629719910663,-0.0082694242336746448
3,18003,1,3,0.84999999999999998,0.080353533156410611,-0.0084206238399658854
3,18003,1,3,0.85999999999999999,0.080750181866157442,-0.0085727229224497117
3,18003,1,3,0.87,0.081135532911374417,-0.0087256429110610326
3,18003,1,3,0.88,0.081509965127573344,-0.0088792506021878725
3,18003,1,3,0.89000000000000001,0.081873667074027934,-0.0090334376196623076
3,18003,1,3,0.90000000000000002,0.082226815804172584,-0.0091880827768715985
3,18003,1,3,0.91000000000000003,0.082569726259827891,-0.0093430392943916179
3,18003,1,3,0.92000000000000004,0.082902812955857427,-0.0094981639123559482
3,18003,1,3,0.93000000000000005,0.083226289814798349,-0.0096532971308013141
3,18003,1,3,0.93999999999999995,0.083540687904143832,-0.0098082464439331954
3,18003,1,3,0.94999999999999996,0.083846296460077338,-0.0099628233499355137
3,18003,1,3,0.95999999999999996,0.084143758505325225,-0.010116811848790703
3,18003,1,3,0.96999999999999997,0.084433438108040382,-0.010269960658584687
3,18003,1,3,0.97999999999999998,0.084715915035655578,-0.010422024118806198
3,18003,1,3,0.98999999999999999,0.08499170915450982,-0.010572704066489693
3,18003,1,3,1,0.085261607973098549,-0.010721714693430187
3,18003,1,4,0,0.0011109075251762301,0.00090063349720875818
3,18003,1,4,0.01,0.0013613985827029419,0.0011314064600304243
3,18003,1,4,0.02,0.0016474681723446314,0.001398932802974905
3,18003,1,4,0.029999999999999999,0.0019707020178261259,0.0017051947786552561
3,18003,1,4,0.040000000000000001,0.0023321012697699595,0.0020515251808492802
3,18003,1,4,0.050000000000000003,0.0027324010910284731,0.0024389362222919223
3,18003,1,4,0.059999999999999998,0.0031722927275746101,0.0028683523643498999
3,18003,1,4,0.070000000000000007,0.0036516926291997043,0.0033398259554227121
3,18003,1,4,0.080000000000000002,0.0041707731302375152,0.0038536265848947569
3,18003,1,4,0.089999999999999997,0.0047293988297446819,0.0044096355969761381
3,18003,1,4,0.10000000000000001,0.005326807482170421,0.0050070377618065846
3,18003,1,4,0.11,0.0059624854791354371,0.0056452323992788661
3,18003,1,4,0.12,0.006635440272883715,0.0063230748290048289
3,18003,1,4,0.13,0.007344411796771623,0.0070391035069468323
3,18003,1,4,0.14000000000000001,0.0080882540741906914,0.0077919636524920802
3,18003,1,4,0.14999999999999999,0.0088650690844485815,0.0085794946712116835
3,18003,1,4,0.16,0.0096735188756504331,0.0094001385641162612
3,18003,1,4,0.17000000000000001,0.01051140960447936,0.010251408898914049
3,18003,1,4,0.17999999999999999,0.011376791700207169,0.011131127551941608
3,18003,1,4,0.19,0.012267496986284635,0.012036888731084707
3,18003,1,4,0.20000000000000001,0.013181122184015575,0.012966073390325789
3,18003,1,4,0.20999999999999999,0.014115371640700161,0.01391621503742472
3,18003,1,4,0.22,0.015067683890757471,0.014884564779804807
3,18003,1,4,0.23000000000000001,0.016035575445589301,0.015868544349498619
3,18003,1,4,0.23999999999999999,0.017016389798186159,0.016865385628444807
3,18003,1,4,0.25,0.018007453539695267,0.017872350974316911
3,18003,1,4,0.26000000000000001,0.019006342387244701,0.018886973512088543
3,18003,1,4,0.27000000000000002,0.0200103739469914,0.019906556032214768
3,18003,1,4,0.28000000000000003,0.021016966447687604,0.020928506565415516
3,18003,1,4,0.28999999999999998,0.022023621501238835,0.021950348696211302
3,18003,1,4,0.29999999999999999,0.023028010626715067,0.022969740389143178
3,18003,1,4,0.31,0.024027847817257073,0.02398442685439664
3,18003,1,4,0.32000000000000001,0.025020827764376242,0.024992098895374404
3,18003,1,4,0.33000000000000002,0.02600488419643621,0.025990676042809715
3,18003,1,4,0.34000000000000002,0.026978210593259808,0.02697832458805614
3,18003,1,4,0.34999999999999998,0.027938959875218272,0.027953134241561206
3,18003,1,4,0.35999999999999999,0.028885401886377993,0.028913307460297893
3,18003,1,4,0.37,0.029816202798582599,0.029857398553971376
3,18003,1,4,0.38,0.030729988119009687,0.030783885601732296
3,18003,1,4,0.39000000000000001,0.031625731572187461,0.03169157653529809
3,18003,1,4,0.40000000000000002,0.032502324123419399,0.03257917712181535
3,18003,1,4,0.40999999999999998,0.033359017729021868,0.033445698110690425
3,18003,1,4,0.41999999999999998,0.034195298037170918,0.034290385993111738
3,18003,1,4,0.42999999999999999,0.035010556510819954,0.035112357354852637
3,18003,1,4,0.44,0.035804505899693743,0.035911052254005822
3,18003,1,4,0.45000000000000001,0.036577062901692318,0.036686095320371502
3,18003,1,4,0.46000000000000002,0.037328044512581794,0.037436988025144592
3,18003,1,4,0.46999999999999997,0.038057671665235653,0.038163676591747762
3,18003,1,4,0.47999999999999998,0.038766065979967373,0.038865996751017491
3,18003,1,4,0.48999999999999999,0.039453543033536265,0.039543966851711181
3,18003,1,4,0.5,0.040120646141282572,0.040197917957404329
3,18003,1,4,0.51000000000000001,0.040767527285564882,0.040827717161004001
3,18003,1,4,0.52000000000000002,0.041395052252851221,0.04143408915775823
3,18003,1,4,0.53000000000000003,0.042003679570830697,0.042017276100727426
3,18003,1,4,0.54000000000000004,0.042594047701018878,0.042577820566538464
3,18003,1,4,0.55000000000000004,0.043166897692637145,0.043116368890781888
3,18003,1,4,0.56000000000000005,0.043722786153123284,0.043633407085164853
3,18003,1,4,0.56999999999999995,0.044262571455509651,0.044129805657149516
3,18003,1,4,0.57999999999999996,0.044786873498924851,0.044606217610122491
3,18003,1,4,0.58999999999999997,0.045296343709755688,0.045063373355820835
3,18003,1,4,0.59999999999999998,0.045791773209884645,0.045502164174249703
3,18003,1,4,0.60999999999999999,0.046273679868730967,0.045923270335706007
3,18003,1,4,0.62,0.046742759984790327,0.046327574632970318
3,18003,1,4,0.63,0.047199587990282212,0.046715885143155174
3,18003,1,4,0.64000000000000001,0.047644643476915223,0.047088873578785738
3,18003,1,4,0.65000000000000002,0.04807854213420857,0.047447478600666358
3,18003,1,4,0.66000000000000003,0.048501584335688963,0.047792241796514055
3,18003,1,4,0.67000000000000004,0.048914291389411661,0.048124002487467926
3,18003,1,4,0.68000000000000005,0.049316954742611885,0.048443318348717117
3,18003,1,4,0.68999999999999995,0.04970989334179584,0.048750832372313146
3,18003,1,4,0.69999999999999996,0.050093433907377395,0.049047167734163684
3,18003,1,4,0.70999999999999996,0.050467676635363841,0.049332676470029015
3,18003,1,4,0.71999999999999997,0.050832870849038946,0.049607906482302754
3,18003,1,4,0.72999999999999998,0.051189141218182528,0.049873221649412741
3,18003,1,4,0.73999999999999999,0.051536605594707102,0.050128979232725836
3,18003,1,4,0.75,0.051875358774040793,0.050375455270699643
3,18003,1,4,0.76000000000000001,0.052205322653717717,0.050612754445712817
3,18003,1,4,0.77000000000000002,0.052526658984024199,0.0508411935375652
3,18003,1,4,0.78000000000000003,0.052839342375790903,0.05106084982507289
3,18003,1,4,0.79000000000000004,0.053143344271835459,0.051271754565728578
3,18003,1,4,0.80000000000000004,0.053438680083515856,0.05147399500462304
3,18003,1,4,0.81000000000000005,0.053725271397447087,0.051667486608530662
3,18003,1,4,0.81999999999999995,0.054003206845799033,0.051852298042475264
3,18003,1,4,0.82999999999999996,0.054272428969293761,0.052028318131296679
3,18003,1,4,0.83999999999999997,0.054532918604239061,0.05219544896571221
3,18003,1,4,0.84999999999999998,0.054784769633494358,0.052353688909636466
3,18003,1,4,0.85999999999999999,0.055027896855384999,0.052502799069894857
3,18003,1,4,0.87,0.055262496203176796,0.052642849093305001
3,18003,1,4,0.88,0.055488548800690464,0.052773659375562165
3,18003,1,4,0.89000000000000001,0.055706179135654989,0.052895177530764059
3,18003,1,4,0.90000000000000002,0.055915527994306886,0.053007367268836862
3,18003,1,4,0.91000000000000003,0.056116717717632575,0.053110178231475791
3,18003,1,4,0.92000000000000004,0.056309982467155496,0.053203685809471817
3,18003,1,4,0.93000000000000005,0.056495447982147839,0.053287837654000102
3,18003,1,4,0.93999999999999995,0.056673368550108648,0.053362747793970378
3,18003,1,4,0.94999999999999996,0.056844067359260009,0.053428630035539736
3,18003,1,4,0.95999999999999996,0.057007735584697926,0.053485557176902974
3,18003,1,4,0.96999999999999997,0.057164654651801046,0.053533740079239937
3,18003,1,4,0.97999999999999998,0.057315180849842662,0.053573497581488105
3,18003,1,4,0.98999999999999999,0.057459649471527978,0.053605167532988302
3,18003,1,4,1,0.057598437578669948,0.053629170225062896
3,18003,1,5,0,-7.3905541780957165e-05,0.0016449972853948697
3,18003,1,5,0.01,-9.4761746271805158e-05,0.0019789104617520211
3,18003,1,5,0.02,-0.00011754362149778354,0.0023596786227320543
3,18003,1,5,0.029999999999999999,-0.00014224118071701043,0.0027894747101087948
3,18003,1,5,0.040000000000000001,-0.00016884218730614856,0.0032699271457857231
3,18003,1,5,0.050000000000000003,-0.00019732448430391565,0.0038019839873878413
3,18003,1,5,0.059999999999999998,-0.00022771418952149494,0.0043871717686663142
3,18003,1,5,0.070000000000000007,-0.00026000611471430768,0.0050253007578738556
3,18003,1,5,0.080000000000000002,-0.0002942287318629311,0.0057166782834906999
3,18003,1,5,0.089999999999999997,-0.00033042233906928673,0.0064612432729800979
3,18003,1,5,0.10000000000000001,-0.0003686049635891447,0.0072582510347217492
3,18003,1,5,0.11,-0.00040884437487663755,0.008107263276774147
3,18003,1,5,0.12,-0.00045117662974050428,0.0090065584106350724
3,18003,1,5,0.13,-0.00049565284667007559,0.0099547075848444005
3,18003,1,5,0.14000000000000001,-0.00054234649820482166,0.010950140742867149
3,18003,1,5,0.14999999999999999,-0.00059128699402454736,0.011990631396605811
3,18003,1,5,0.16,-0.00064254613185599056,0.01307411986613894
3,18003,1,5,0.17000000000000001,-0.0006961675204260159,0.014197773844770195
3,18003,1,5,0.17999999999999999,-0.00075218368175734276,0.015358853382531406
3,18003,1,5,0.19,-0.00081066619838285683,0.016554704474234894
3,18003,1,5,0.20000000000000001,-0.00087161913941209994,0.017782191866314124
3,18003,1,5,0.20999999999999999,-0.00093508322157507412,0.019038053243425213
3,18003,1,5,0.22,-0.0010010859263612038,0.02031886754617206
3,18003,1,5,0.23000000000000001,-0.0010696192107084005,0.021621221221976863
3,18003,1,5,0.23999999999999999,-0.0011407294562172511,0.022941786352312078
3,18003,1,5,0.25,-0.0012143913587648765,0.024277153182987298
3,18003,1,5,0.26000000000000001,-0.0012906044140264148,0.025623663141057143
3,18003,1,5,0.27000000000000002,-0.0013693808252668712,0.026977824856452375
3,18003,1,5,0.28000000000000003,-0.0014506790118378344,0.028336278468330572
3,18003,1,5,0.28999999999999998,-0.0015345197424416941,0.029695681206933416
3,18003,1,5,0.29999999999999999,-0.001620867291263192,0.031052832012881493
3,18003,1,5,0.31,-0.0017096935647342522,0.032404370437560802
3,18003,1,5,0.32000000000000001,-0.0018010063099421787,0.033747235400477443
3,18003,1,5,0.33000000000000002,-0.0018947495727626761,0.035078614455850012
3,18003,1,5,0.34000000000000002,-0.0019909289208387077,0.036395791094119966
3,18003,1,5,0.34999999999999998,-0.0020895073221153296,0.037696238523820917
3,18003,1,5,0.35999999999999999,-0.0021904432703888227,0.038977438656629039
3,18003,1,5,0.37,-0.0022937381747510335,0.040237167205994621
3,18003,1,5,0.38,-0.0023993289324556709,0.041473590092953122
3,18003,1,5,0.39000000000000001,-0.0025072047226579251,0.04268494283989737
3,18003,1,5,0.40000000000000002,-0.0026173184105985387,0.043869593452335709
3,18003,1,5,0.40999999999999998,-0.0027296150628936533,0.045026155899033617
3,18003,1,5,0.41999999999999998,-0.0028440685120074446,0.046153359303148712
3,18003,1,5,0.42999999999999999,-0.0029606032161614945,0.047250525033256614
3,18003,1,5,0.44,-0.0030791723340492568,0.048316940393353769
3,18003,1,5,0.45000000000000001,-0.0031996990428023869,0.04935197625308483
3,18003,1,5,0.46000000000000002,-0.0033221040986786024,0.050355362395587668
3,18003,1,5,0.46999999999999997,-0.0034463040956016558,0.051326878961813004
3,18003,1,5,0.47999999999999998,-0.0035722025553552839,0.05226675357265128
3,18003,1,5,0.48999999999999999,-0.0036996988575640571,0.053175199270756403
3,18003,1,5,0.5,-0.0038286684319464768,0.054052463573762387
3,18003,1,5,0.51000000000000001,-0.0039589983918096828,0.054899122455041076
3,18003,1,5,0.52000000000000002,-0.004090541026303701,0.055715798983416311
3,18003,1,5,0.53000000000000003,-0.0042231653263821072,0.056503386185154041
3,18003,1,5,0.54000000000000004,-0.0043567190868400189,0.057262766200849302
3,18003,1,5,0.55000000000000004,-0.0044910238085134552,0.057994783103667069
3,18003,1,5,0.56000000000000005,-0.00462593663971017,0.058700554423220752
3,18003,1,5,0.56999999999999995,-0.0047612582817263514,0.05938118463516593
3,18003,1,5,0.57999999999999996,-0.0048968248131523841,0.060037874421986777
3,18003,1,5,0.58999999999999997,-0.0050324520939608623,0.06067183889549
3,18003,1,5,0.59999999999999998,-0.0051679198617177319,0.061284167858341974
3,18003,1,5,0.60999999999999999,-0.0053030734969992345,0.061876161467346417
3,18003,1,5,0.62,-0.0054376906951084519,0.062449096629733768
3,18003,1,5,0.63,-0.005571587669560992,0.063004161217010177
3,18003,1,5,0.64000000000000001,-0.0057045786061786551,0.063542596617790048
3,18003,1,5,0.65000000000000002,-0.0058364352077726099,0.06406551072934169
3,18003,1,5,0.66000000000000003,-0.0059670087406998099,0.064574039803539637
3,18003,1,5,0.67000000000000004,-0.0060960956693967379,0.065069343744411215
3,18003,1,5,0.68000000000000005,-0.0062235145569895416,0.065552389411836415
3,18003,1,5,0.68999999999999995,-0.0063491145978554374,0.066024214382456051
3,18003,1,5,0.69999999999999996,-0.0064726995497937645,0.066485726567594328
3,18003,1,5,0.70999999999999996,-0.0065941480190463498,0.066937767665399897
3,18003,1,5,0.71999999999999997,-0.0067133153357047705,0.067381191930402221
3,18003,1,5,0.72999999999999998,-0.0068300525898134755,0.067816676648807181
3,18003,1,5,0.73999999999999999,-0.0069442748511496588,0.068244934462761392
3,18003,1,5,0.75,-0.007055854763388012,0.068666577428087461
3,18003,1,5,0.76000000000000001,-0.0071647246808923945,0.069082116319768405
3,18003,1,5,0.77000000000000002,-0.0072708304263416719,0.06949203699514013
3,18003,1,5,0.78000000000000003,-0.0073740858884609886,0.069896758611289356
3,18003,1,5,0.79000000000000004,-0.0074744965921393581,0.070296670115621032
3,18003,1,5,0.80000000000000004,-0.0075720294729805376,0.070692099857904547
3,18003,1,5,0.81000000000000005,-0.0076666927680607289,0.071083284996287868
3,18003,1,5,0.81999999999999995,-0.0077585368270757958,0.07147039512646354
3,18003,1,5,0.82999999999999996,-0.0078475662704581405,0.071853666093093529
3,18003,1,5,0.83999999999999997,-0.0079338807855374935,0.072233255742231425
3,18003,1,5,0.84999999999999998,-0.0080175547648663401,0.07260929661765346
3,18003,1,5,0.85999999999999999,-0.0080986844596737453,0.072981841116396315
3,18003,1,5,0.87,-0.008177417157531933,0.073350922892062159
3,18003,1,5,0.88,-0.0082538645120467744,0.073716680202829621
3,18003,1,5,0.89000000000000001,-0.0083282032999434114,0.074079155268460997
3,18003,1,5,0.90000000000000002,-0.0084006060516755039,0.074438399251763002
3,18003,1,5,0.91000000000000003,-0.0084712514902943667,0.0747943885247392
3,18003,1,5,0.92000000000000004,-0.0085403594258011816,0.075147137973145345
3,18003,1,5,0.93000000000000005,-0.0086081283326101595,0.07549679664984392
3,18003,1,5,0.93999999999999995,-0.0086747905116693457,0.075843420574457227
3,18003,1,5,0.94999999999999996,-0.0087405810148355068,0.07618708094058585
3,18003,1,5,0.95999999999999996,-0.008805736994237456,0.076527775956766367
3,18003,1,5,0.96999999999999997,-0.0088705085858485858,0.076865661633208834
3,18003,1,5,0.97999999999999998,-0.0089351386533225753,0.077200912621635295
3,18003,1,5,0.98999999999999999,-0.0089998774772257917,0.077533672231091158
3,18003,1,5,1,-0.0090649701632626953,0.077864089021003557
3,18003,1,6,0,-0.0011350608045874917,0.00097264026259911984
3,18003,1,6,0.01,-0.001399460514379762,0.0012205890888869143
3,18003,1,6,0.02,-0.0017009378364554184,0.0015065189875969559
3,18003,1,6,0.029999999999999999,-0.0020411518859535008,0.0018323846493802445
3,18003,1,6,0.040000000000000001,-0.0024211141275322658,0.002199458664220741
3,18003,1,6,0.050000000000000003,-0.0028415859377874347,0.0026087020382077578
3,18003,1,6,0.059999999999999998,-0.0033033427340771692,0.0030611076349831112
3,18003,1,6,0.070000000000000007,-0.0038065220304572722,0.0035569276878741917
3,18003,1,6,0.080000000000000002,-0.0043513750074605046,0.0040965327176869471
3,18003,1,6,0.089999999999999997,-0.0049376239805374597,0.0046797139851168972
3,18003,1,6,0.10000000000000001,-0.005565082612968726,0.0053062997350967547
3,18003,1,6,0.11,-0.0062329506601995835,0.0059755116082964022
3,18003,1,6,0.12,-0.0069405901858409572,0.0066866615234952393
3,18003,1,6,0.13,-0.0076867837462796405,0.0074384846941637954
3,18003,1,6,0.14000000000000001,-0.0084703775654055031,0.0082297393533865715
3,18003,1,6,0.14999999999999999,-0.0092899762062790946,0.0090589492056770762
3,18003,1,6,0.16,-0.010143913915615645,0.0099243506381509125
3,18003,1,6,0.17000000000000001,-0.01103042094479822,0.010824060940865831
3,18003,1,6,0.17999999999999999,-0.011947505891711967,0.011756005470946483
3,18003,1,6,0.19,-0.012893156236623673,0.012718062906927022
3,18003,1,6,0.20000000000000001,-0.013865007449796371,0.013707799622005959
3,18003,1,6,0.20999999999999999,-0.014860865748086685,0.014722965173108254
3,18003,1,6,0.22,-0.015878081777817795,0.015760852209839481
3,18003,1,6,0.23000000000000001,-0.016914263988607198,0.016819058473614295
3,18003,1,6,0.23999999999999999,-0.017966732689472829,0.017894910839870212
3,18003,1,6,0.25,-0.019032801117799127,0.018985715168047007
3,18003,1,6,0.26000000000000001,-0.020109895654095232,0.02008900663923599
3,18003,1,6,0.27000000000000002,-0.021195221866390584,0.021202007018904945
3,18003,1,6,0.28000000000000003,-0.022286138061871158,0.022322185415345069
3,18003,1,6,0.28999999999999998,-0.023380040016215117,0.023447064322548988
3,18003,1,6,0.29999999999999999,-0.024474252805427418,0.024574053577392108
3,18003,1,6,0.31,-0.02556625259257848,0.025700817944469961
3,18003,1,6,0.32000000000000001,-0.026653611047823211,0.026825036408773123
3,18003,1,6,0.33000000000000002,-0.027733927982299362,0.027944481340660372
3,18003,1,6,0.34000000000000002,-0.028805022908314794,0.029057120681521637
3,18003,1,6,0.34999999999999998,-0.029864756209823175,0.030160968767823565
3,18003,1,6,0.35999999999999999,-0.030911133971557935,0.03125418111838453
3,18003,1,6,0.37,-0.031942389604343507,0.032335138697228295
3,18003,1,6,0.38,-0.032956842327489237,0.03340228624817293
3,18003,1,6,0.39000000000000001,-0.033952917526840598,0.034454166477729128
3,18003,1,6,0.40000000000000002,-0.034929386278531781,0.035489669936947486
3,18003,1,6,0.40999999999999998,-0.035884899383314524,0.036507528238283994
3,18003,1,6,0.41999999999999998,-0.036818562168085815,0.037506941327818462
3,18003,1,6,0.42999999999999999,-0.037729482410286744,0.038487065788613543
3,18003,1,6,0.44,-0.038616927391376003,0.03944723804083327
3,18003,1,6,0.45000000000000001,-0.039480427917633169,0.040387010460724189
3,18003,1,6,0.46000000000000002,-0.040319439255121221,0.041305883048030269
3,18003,1,6,0.46999999999999997,-0.041133827762633732,0.04220372838725913
3,18003,1,6,0.47999999999999998,-0.041923356825137509,0.043080312779252151
3,18003,1,6,0.48999999999999999,-0.04268802361600748,0.043935644748283209
3,18003,1,6,0.5,-0.043427964968593157,0.044769829703964231
3,18003,1,6,0.51000000000000001,-0.044143199953538707,0.045582911835639082
3,18003,1,6,0.52000000000000002,-0.044834145202605806,0.046375259415446367
3,18003,1,6,0.53000000000000003,-0.045501079092846869,0.047147164177902788
3,18003,1,6,0.54000000000000004,-0.046144361429576015,0.047898954702528612
3,18003,1,6,0.55000000000000004,-0.04676453108909543,0.048631178421516819
3,18003,1,6,0.56000000000000005,-0.047361948929315695,0.049344183461416426
3,18003,1,6,0.56999999999999995,-0.047937236369618962,0.050038579841304609
3,18003,1,6,0.57999999999999996,-0.048490893281334886,0.050714899959138977
3,18003,1,6,0.58999999999999997,-0.049023467368051667,0.051373657109595183
3,18003,1,6,0.59999999999999998,-0.049535552212222944,0.05201551219244558
3,18003,1,6,0.60999999999999999,-0.050027673029899355,0.052640961576807969
3,18003,1,6,0.62,-0.050500396762487375,0.053250628465716182
3,18003,1,6,0.63,-0.050954266669051722,0.053845075274705091
3,18003,1,6,0.64000000000000001,-0.051389835291736685,0.054424887756749474
3,18003,1,6,0.65000000000000002,-0.051807517871455745,0.054990533034437482
3,18003,1,6,0.66000000000000003,-0.052207884199727911,0.055542575460651285
3,18003,1,6,0.67000000000000004,-0.052591361322703457,0.056081525308616785
3,18003,1,6,0.68000000000000005,-0.052958373758038114,0.056607780582138334
3,18003,1,6,0.68999999999999995,-0.053309367841743109,0.057121855193217164
3,18003,1,6,0.69999999999999996,-0.053644701566892605,0.057624094676533844
3,18003,1,6,0.70999999999999996,-0.0539647320546233,0.058114859698491228
3,18003,1,6,0.71999999999999997,-0.054269838040039327,0.058594543355801582
3,18003,1,6,0.72999999999999998,-0.054560292012854249,0.05906336132224882
3,18003,1,6,0.73999999999999999,-0.054836410967548148,0.05952162779439852
3,18003,1,6,0.75,-0.055098590882744929,0.059969642839411495
3,18003,1,6,0.76000000000000001,-0.055346971690879578,0.060407480819836303
3,18003,1,6,0.77000000000000002,-0.055581988625142388,0.060835457201112254
3,18003,1,6,0.78000000000000003,-0.055803883612040694,0.061253697455804938
3,18003,1,6,0.79000000000000004,-0.056012902005605943,0.061662271878115293
3,18003,1,6,0.80000000000000004,-0.056209434726293077,0.062061395453715328
3,18003,1,6,0.81000000000000005,-0.05639370191782539,0.062451083579879461
3,18003,1,6,0.81999999999999995,-0.056566068856591101,0.062831435786208034
3,18003,1,6,0.82999999999999996,-0.05672685374531905,0.063202537313798393
3,18003,1,6,0.83999999999999997,-0.056876414503279127,0.063564408825628124
3,18003,1,6,0.84999999999999998,-0.057015147843398839,0.063917136086728818
3,18003,1,6,0.85999999999999999,-0.05714345877873387,0.064260774420516364
3,18003,1,6,0.87,-0.05726172245393072,0.064595297404747606
3,18003,1,6,0.88,-0.05737043749311329,0.064920819146139827
3,18003,1,6,0.89000000000000001,-0.057470081382823661,0.065237390029475498
3,18003,1,6,0.90000000000000002,-0.057561100290196003,0.065544994641185614
3,18003,1,6,0.91000000000000003,-0.057644052936661271,0.065843759985109607
3,18003,1,6,0.92000000000000004,-0.057719446543239024,0.066133698930246509
3,18003,1,6,0.93000000000000005,-0.057787838197926683,0.06641489805404116
3,18003,1,6,0.93999999999999995,-0.05784984479323288,0.066687473840497988
3,18003,1,6,0.94999999999999996,-0.057906022149049309,0.066951502213896799
3,18003,1,6,0.95999999999999996,-0.057956969678905963,0.067207085136206546
3,18003,1,6,0.96999999999999997,-0.058003321669750953,0.067454380963600152
3,18003,1,6,0.97999999999999998,-0.058045639678841944,0.067693481632853061
3,18003,1,6,0.98999999999999999,-0.058084571826082149,0.067924554005687962
3,18003,1,6,1,-0.058120702616202134,0.06814779546843415
3,18003,1,7,0,-0.0015266189381930768,-0.0001326249435259034
3,18003,1,7,0.01,-0.0018845010408422706,-0.00016803411512510057
3,18003,1,7,0.02,-0.0022956356941156242,-0.00020704336094888226
3,18003,1,7,0.029999999999999999,-0.002763069550700499,-0.00024958271752299445
3,18003,1,7,0.040000000000000001,-0.0032882853533561154,-0.00029545646511262776
3,18003,1,7,0.050000000000000003,-0.0038729215510017088,-0.00034461886472430978
3,18003,1,7,0.059999999999999998,-0.0045177087683436522,-0.00039690039878509587
3,18003,1,7,0.070000000000000007,-0.0052233902674907037,-0.00045228145606792969
3,18003,1,7,0.080000000000000002,-0.0059899070629428923,-0.00051070153912549665
3,18003,1,7,0.089999999999999997,-0.0068170454697135925,-0.00057213564266245763
3,18003,1,7,0.10000000000000001,-0.0077039274923552887,-0.00063659567743752827
3,18003,1,7,0.11,-0.0086496548488370992,-0.0007040896042470739
3,18003,1,7,0.12,-0.0096527147374594335,-0.00077468702607998163
3,18003,1,7,0.13,-0.010711175763457799,-0.00084839308309335503
3,18003,1,7,0.14000000000000001,-0.011823101189245589,-0.00092530149378107268
3,18003,1,7,0.14999999999999999,-0.012986024604737223,-0.0010054313835649196
3,18003,1,7,0.16,-0.014197495369879453,-0.0010888314364525047
3,18003,1,7,0.17000000000000001,-0.015454221622177855,-0.0011755067256733291
3,18003,1,7,0.17999999999999999,-0.016753738777868243,-0.0012654817432463633
3,18003,1,7,0.19,-0.018092391982178203,-0.0013586995950082168
3,18003,1,7,0.20000000000000001,-0.019466939630895075,-0.0014551267456952982
3,18003,1,7,0.20999999999999999,-0.020874041827591089,-0.0015546389439538182
3,18003,1,7,0.22,-0.022310176222997639,-0.0016571449182046366
3,18003,1,7,0.23000000000000001,-0.023771497490832103,-0.0017624545589643055
3,18003,1,7,0.23999999999999999,-0.025254770737399037,-0.0018703775542271322
3,18003,1,7,0.25,-0.026756100317740037,-0.0019806952420076697
3,18003,1,7,0.26000000000000001,-0.028272140628170576,-0.002093134496133115
3,18003,1,7,0.27000000000000002,-0.029799137111321362,-0.0022074101619771851
3,18003,1,7,0.28000000000000003,-0.03133379550163596,-0.0023232214086910817
3,18003,1,7,0.28999999999999998,-0.032872616407956697,-0.0024402363263234463
3,18003,1,7,0.29999999999999999,-0.034412453282325922,-0.0025581255017157506
3,18003,1,7,0.31,-0.035949864682000891,-0.0026765274942087661
3,18003,1,7,0.32000000000000001,-0.037482167060483851,-0.0027951264425398136
3,18003,1,7,0.33000000000000002,-0.039006227458993896,-0.0029135617324553813
3,18003,1,7,0.34000000000000002,-0.040519264686849958,-0.0030315084873088114
3,18003,1,7,0.34999999999999998,-0.042018898324481413,-0.0031486603790952376
3,18003,1,7,0.35999999999999999,-0.043502486283858534,-0.003264713411790807
3,18003,1,7,0.37,-0.04496789681180835,-0.0033794018096724942
3,18003,1,7,0.38,-0.046412989803460182,-0.0034924737962892197
3,18003,1,7,0.39000000000000001,-0.047836013127427711,-0.0036037483623326868
3,18003,1,7,0.40000000000000002,-0.049235131523240848,-0.0037130441757366492
3,18003,1,7,0.40999999999999998,-0.050608913736122391,-0.0038202497975583973
3,18003,1,7,0.41999999999999998,-0.051956043189535013,-0.0039252525742996605
3,18003,1,7,0.42999999999999999,-0.053275357408224484,-0.0040279880952790378
3,18003,1,7,0.44,-0.054565905789130849,-0.0041284129198194139
3,18003,1,7,0.45000000000000001,-0.055826904976221919,-0.0042265063460670549
3,18003,1,7,0.46000000000000002,-0.057057694568308115,-0.0043222982429066423
3,18003,1,7,0.46999999999999997,-0.058257856330633212,-0.0044158086304887942
3,18003,1,7,0.47999999999999998,-0.059427129653834343,-0.0045071151968357507
3,18003,1,7,0.48999999999999999,-0.060565227584237248,-0.0045962817932412242
3,18003,1,7,0.5,-0.061672442951173516,-0.0046834331398268687
3,18003,1,7,0.51000000000000001,-0.06274846032825647,-0.0047686485257854745
3,18003,1,7,0.52000000000000002,-0.063793989581452548,-0.0048520850616200865
3,18003,1,7,0.53000000000000003,-0.064809081149509618,-0.0049338474495277786
3,18003,1,7,0.54000000000000004,-0.06579440786363977,-0.0050140913751272635
3,18003,1,7,0.55000000000000004,-0.066750458332648088,-0.0050929504003425028
3,18003,1,7,0.56000000000000005,-0.067677898328523015,-0.0051706068986801081
3,18003,1,7,0.56999999999999995,-0.068577502421691416,-0.0052471887513489005
3,18003,1,7,0.57999999999999996,-0.069450070203058864,-0.0053228527248214497
3,18003,1,7,0.58999999999999997,-0.070296424956146408,-0.005397731519224379
3,18003,1,7,0.59999999999999998,-0.071117506833247995,-0.0054719185493076819
3,18003,1,7,0.60999999999999999,-0.071914149434415514,-0.0055455565147740048
3,18003,1,7,0.62,-0.072687361681495921,-0.005618676790513099
3,18003,1,7,0.63,-0.0734380851368895,-0.0056913763923044135
3,18003,1,7,0.64000000000000001,-0.074167169749775316,-0.005763669281112392
3,18003,1,7,0.65000000000000002,-0.074875732781681567,-0.0058355863835315011
3,18003,1,7,0.66000000000000003,-0.075564503236479189,-0.005907118729848883
3,18003,1,7,0.67000000000000004,-0.076234501624011353,-0.0059782424501784517
3,18003,1,7,0.68000000000000005,-0.076886562199440109,-0.0060489030284729198
3,18003,1,7,0.68999999999999995,-0.077521578791080223,-0.0061190458920760372
3,18003,1,7,0.69999999999999996,-0.078140230021332135,-0.006188572863186091
3,18003,1,7,0.70999999999999996,-0.078743418740206558,-0.006257401578390373
3,18003,1,7,0.71999999999999997,-0.079331785848265293,-0.0063254104881856699
3,18003,1,7,0.72999999999999998,-0.079906046371829201,-0.0063924785770471853
3,18003,1,7,0.73999999999999999,-0.080466784571767702,-0.0064584830967357931
3,18003,1,7,0.75,-0.081014676866833807,-0.0065232822060879983
3,18003,1,7,0.76000000000000001,-0.081550141456282657,-0.0065867601055259522
3,18003,1,7,0.77000000000000002,-0.082073795233905344,-0.0066487699630889225
3,18003,1,7,0.78000000000000003,-0.082585938625534275,-0.0067092035001605861
3,18003,1,7,0.79000000000000004,-0.08308716908368434,-0.0067679503507889725
3,18003,1,7,0.80000000000000004,-0.083577709109031242,-0.0068249040367183251
3,18003,1,7,0.81000000000000005,-0.084057889449604503,-0.0068800053473810144
3,18003,1,7,0.81999999999999995,-0.084528069389626426,-0.0069331801035194714
3,18003,1,7,0.82999999999999996,-0.084988543378737139,-0.0069844159334646397
3,18003,1,7,0.83999999999999997,-0.085439331624238279,-0.0070336906742333692
3,18003,1,7,0.84999999999999998,-0.085880876187316005,-0.007081052359880863
3,18003,1,7,0.85999999999999999,-0.086313263090131431,-0.0071265469590762881
3,18003,1,7,0.87,-0.086736555200316937,-0.0071702849953889369
3,18003,1,7,0.88,-0.087151013177248715,-0.0072123839150213366
3,18003,1,7,0.89000000000000001,-0.087556729744336217,-0.0072530357562288761
3,18003,1,7,0.90000000000000002,-0.087953772672891131,-0.0072924332296783953
3,18003,1,7,0.91000000000000003,-0.088342243149973076,-0.0073308449984916509
3,18003,1,7,0.92000000000000004,-0.088722275362683789,-0.007368551854049942
3,18003,1,7,0.93000000000000005,-0.089093906457369032,-0.0074058850738163776
3,18003,1,7,0.93999999999999995,-0.089457246870354709,-0.0074432222717361633
3,18003,1,7,0.94999999999999996,-0.089812273150344402,-0.0074809478513613867
3,18003,1,7,0.95999999999999996,-0.090159226133548889,-0.0075195354529772563
3,18003,1,7,0.96999999999999997,-0.09049804459204186,-0.0075594246465237351
3,18003,1,7,0.97999999999999998,-0.090828812021152394,-0.0076011398097305368
3,18003,1,7,0.98999999999999999,-0.091151595739705812,-0.0076452021988805338
3,18003,1,7,1,-0.091466651191066187,-0.007692158402526743
3,18003,1,8,0,-0.0010777048514173104,-0.0013825035543987934
3,18003,1,8,0.01,-0.0013399516162753916,-0.001699642320815593
3,18003,1,8,0.02,-0.0016419322870132576,-0.0020624581984635755
3,18003,1,8,0.029999999999999999,-0.0019862727245390033,-0.0024736776363482506
3,18003,1,8,0.040000000000000001,-0.0023736418869427438,-0.0029338780039487419
3,18003,1,8,0.050000000000000003,-0.0028057080159423933,-0.003444821624041354
3,18003,1,8,0.059999999999999998,-0.0032827017643737512,-0.0040067704072350085
3,18003,1,8,0.070000000000000007,-0.0038052625066517013,-0.0046205294792108949
3,18003,1,8,0.080000000000000002,-0.0043732001440977145,-0.0052861221355011033
3,18003,1,8,0.089999999999999997,-0.0049861100846621863,-0.0060034267034884811
3,18003,1,8,0.10000000000000001,-0.0056434054159347621,-0.0067722835196460914
3,18003,1,8,0.11,-0.0063436983969355166,-0.0075917165143098023
3,18003,1,8,0.12,-0.0070859781131906744,-0.0084613475619687711
3,18003,1,8,0.13,-0.0078680537908094993,-0.0093795172499608215
3,18003,1,8,0.14000000000000001,-0.0086884266703032304,-0.010345512579643489
3,18003,1,8,0.14999999999999999,-0.0095443543030398342,-0.011357217437725187
3,18003,1,8,0.16,-0.010433783783236604,-0.012413430342123617
3,18003,1,8,0.17000000000000001,-0.011353661008727945,-0.013511773975733846
3,18003,1,8,0.17999999999999999,-0.012301466178011644,-0.014650552116583152
3,18003,1,8,0.19,-0.013273951478938272,-0.015827182525641966
3,18003,1,8,0.20000000000000001,-0.014268268327506944,-0.017039491684503263
3,18003,1,8,0.20999999999999999,-0.015281092448186574,-0.018284762205268038
3,18003,1,8,0.22,-0.016309435575600703,-0.019560447962828072
3,18003,1,8,0.23000000000000001,-0.017349954505210374,-0.020863637280868721
3,18003,1,8,0.23999999999999999,-0.018399715715755396,-0.022191582961374579
3,18003,1,8,0.25,-0.019455457366474638,-0.023541204645124034
3,18003,1,8,0.26000000000000001,-0.020514436958403309,-0.024909651695547746
3,18003,1,8,0.27000000000000002,-0.021573571701726791,-0.026293717230950895
3,18003,1,8,0.28000000000000003,-0.022630363921469738,-0.027690507594102354
3,18003,1,8,0.28999999999999998,-0.023682056474642988,-0.029096803920055491
3,18003,1,8,0.29999999999999999,-0.024726453389306041,-0.030509750793005035
3,18003,1,8,0.31,-0.025761186176217078,-0.031926206951160434
3,18003,1,8,0.32000000000000001,-0.02678441470261661,-0.03334341729192785
3,18003,1,8,0.33000000000000002,-0.027794167281060433,-0.034758403687023341
3,18003,1,8,0.34000000000000002,-0.028789013201188013,-0.036168599677203372
3,18003,1,8,0.34999999999999998,-0.029767364545052924,-0.037571247589694927
3,18003,1,8,0.35999999999999999,-0.030728184858535918,-0.038964040667599176
3,18003,1,8,0.37,-0.031670288978522948,-0.040344514164328639
3,18003,1,8,0.38,-0.03259297637147212,-0.041710658416782787
3,18003,1,8,0.39000000000000001,-0.033495442515724616,-0.043060358686586621
3,18003,1,8,0.40000000000000002,-0.034377287320479351,-0.044391931337288616
3,18003,1,8,0.40999999999999998,-0.035238030412084224,-0.045703641809809015
3,18003,1,8,0.41999999999999998,-0.036077511327881763,-0.046994134927977216
3,18003,1,8,0.42999999999999999,-0.03689558812885349,-0.048262139113328738
3,18003,1,8,0.44,-0.03769222147675224,-0.049506555704181866
3,18003,1,8,0.45000000000000001,-0.038467563883520788,-0.050726591188152974
3,18003,1,8,0.46000000000000002,-0.039221667953337216,-0.051921397738867697
3,18003,1,8,0.46999999999999997,-0.039954909192138531,-0.053090629603487594
3,18003,1,8,0.47999999999999998,-0.040667410596769649,-0.054233676437223356
3,18003,1,8,0.48999999999999999,-0.041359704060162594,-0.055350592790692162
3,18003,1,8,0.5,-0.042031969987346096,-0.056440987304198782
3,18003,1,8,0.51000000000000001,-0.042684820022458693,-0.057505229301304063
3,18003,1,8,0.52000000000000002,-0.043318528294151892,-0.058543191628635145
3,18003,1,8,0.53000000000000003,-0.043933704782595763,-0.059555417258733756
3,18003,1,8,0.54000000000000004,-0.044530735835975992,-0.060542079380930924
3,18003,1,8,0.55000000000000004,-0.045110184866328985,-0.061503790042192273
3,18003,1,8,0.56000000000000005,-0.04567252914586397,-0.062440979239568796
3,18003,1,8,0.56999999999999995,-0.046218298271062767,-0.063354303267071435
3,18003,1,8,0.57999999999999996,-0.046748026265551669,-0.06424437851756061
3,18003,1,8,0.58999999999999997,-0.047262224822481241,-0.065111885584845111
3,18003,1,8,0.59999999999999998,-0.047761455368979432,-0.065957558611270173
3,18003,1,8,0.60999999999999999,-0.048246228570589779,-0.066782087987330638
3,18003,1,8,0.62,-0.048717094228299979,-0.067586244293115327
3,18003,1,8,0.63,-0.049174612974524988,-0.068370764252359204
3,18003,1,8,0.64000000000000001,-0.049619277355088254,-0.069136366984581421
3,18003,1,8,0.65000000000000002,-0.050051687070105953,-0.069883801056691161
3,18003,1,8,0.66000000000000003,-0.050472316310302003,-0.070613758789657241
3,18003,1,8,0.67000000000000004,-0.050881759449172288,-0.071326932015647743
3,18003,1,8,0.68000000000000005,-0.05128047531483565,-0.07202397461660312
3,18003,1,8,0.68999999999999995,-0.051669057425501895,-0.072705528479309819
3,18003,1,8,0.69999999999999996,-0.052047932392006079,-0.073372171607144696
3,18003,1,8,0.70999999999999996,-0.052417687194685848,-0.07402449676895273
3,18003,1,8,0.71999999999999997,-0.052778718628804629,-0.074663005113166578
3,18003,1,8,0.72999999999999998,-0.053131584983907028,-0.075288222181779996
3,18003,1,8,0.73999999999999999,-0.05347665760064535,-0.075900583898802804
3,18003,1,8,0.75,-0.053814451792788355,-0.076500543787574204
3,18003,1,8,0.76000000000000001,-0.054145294670588505,-0.077088461128899721
3,18003,1,8,0.77000000000000002,-0.054469667693986347,-0.077664750602848151
3,18003,1,8,0.78000000000000003,-0.054787854367876317,-0.078229693725922297
3,18003,1,8,0.79000000000000004,-0.055100284473642423,-0.078783681158784771
3,18003,1,8,0.80000000000000004,-0.055407183614783917,-0.079326906766215968
3,18003,1,8,0.81000000000000005,-0.055708928496312482,-0.07985975606336318
3,18003,1,8,0.81999999999999995,-0.056005684242351389,-0.080382350115362503
3,18003,1,8,0.82999999999999996,-0.056297774579403513,-0.080895081345305403
3,18003,1,8,0.83999999999999997,-0.056585297621699358,-0.081398012091734431
3,18003,1,8,0.84999999999999998,-0.056868519790524485,-0.081891543866987562
3,18003,1,8,0.85999999999999999,-0.057147474338125032,-0.082375713692452432
3,18003,1,8,0.87,-0.057422368683424742,-0.082850923888550532
3,18003,1,8,0.88,-0.057693173629300411,-0.083317210646247558
3,18003,1,8,0.89000000000000001,-0.057960025707272121,-0.083774960610303983
3,18003,1,8,0.90000000000000002,-0.058222874148634633,-0.084224284878103975
3,18003,1,8,0.91000000000000003,-0.05848174533939151,-0.084665493627209557
3,18003,1,8,0.92000000000000004,-0.058736599434684178,-0.085098823548628175
3,18003,1,8,0.93000000000000005,-0.058987341283633456,-0.085524495277769022
3,18003,1,8,0.93999999999999995,-0.059233956844881398,-0.085942882196691495
3,18003,1,8,0.94999999999999996,-0.059476232042320033,-0.086354123670828828
3,18003,1,8,0.95999999999999996,-0.05971418824130028,-0.086758729816770241
3,18003,1,8,0.96999999999999997,-0.059947498665301302,-0.087156766033795283
3,18003,1,8,0.97999999999999998,-0.060176230353377179,-0.087548874969642712
3,18003,1,8,0.98999999999999999,-0.060399950226494727,-0.087935055136720522
3,18003,1,8,1,-0.060618782463013408,-0.088316073191078384
3,18003,2,1,0,0.0006271562576235975,-0.00081131075105257222
3,18003,2,1,0.01,0.00072488388142994201,-0.0010620116789694918
3,18003,2,1,0.02,0.00083068643329776515,-0.0013556612318366829
3,18003,2,1,0.029999999999999999,0.00094506227402212691,-0.0016941673000694559
3,18003,2,1,0.040000000000000001,0.0010685052154198068,-0.0020787478430875608
3,18003,2,1,0.050000000000000003,0.0012014731506041511,-0.0025100404658886482
3,18003,2,1,0.059999999999999998,0.001344449951067787,-0.0029885202794490647
3,18003,2,1,0.070000000000000007,0.0014978730586866892,-0.0035139723549728712
3,18003,2,1,0.080000000000000002,0.0016620950707876296,-0.0040857869920876517
3,18003,2,1,0.089999999999999997,0.001837505634162892,-0.0047030514275611182
3,18003,2,1,0.10000000000000001,0.0020243291647286899,-0.0053642489329968008
3,18003,2,1,0.11,0.0022227603866738438,-0.0060675702796273807
3,18003,2,1,0.12,0.0024329838666261624,-0.0068110391470527637
3,18003,2,1,0.13,0.0026549695549660138,-0.0075920621552215337
3,18003,2,1,0.14000000000000001,0.0028887168829794239,-0.0084079969574888461
3,18003,2,1,0.14999999999999999,0.0031340809046769996,-0.0092558205893039282
3,18003,2,1,0.16,0.0033907930652471528,-0.010132267267774289
3,18003,2,1,0.17000000000000001,0.0036586122005370625,-0.011034048892998348
3,18003,2,1,0.17999999999999999,0.0039371008822127428,-0.011957568299096775
3,18003,2,1,0.19,0.0042257616270854779,-0.012899173051668196
3,18003,2,1,0.20000000000000001,0.0045241185535879963,-0.013855266722800226
3,18003,2,1,0.20999999999999999,0.0048314393869136746,-0.014822045291696491
3,18003,2,1,0.22,0.0051470543806448913,-0.015795863264463524
3,18003,2,1,0.23000000000000001,0.0054701989292111385,-0.016773098520122556
3,18003,2,1,0.23999999999999999,0.0057999973882519179,-0.017750250350578364
3,18003,2,1,0.25,0.0061355981783087652,-0.018723869377616942
3,18003,2,1,0.26000000000000001,0.0064760535047793588,-0.019690806164350025
3,18003,2,1,0.27000000000000002,0.006820342736606008,-0.020647925787856944
3,18003,2,1,0.28000000000000003,0.0071675303068422166,-0.021592431933598041
3,18003,2,1,0.28999999999999998,0.0075164974817310036,-0.022521717119689377
3,18003,2,1,0.29999999999999999,0.0078662076315273739,-0.023433438319607754
3,18003,2,1,0.31,0.0082155859449555262,-0.024325493573621706
3,18003,2,1,0.32000000000000001,0.0085634981342169875,-0.025196058059512885
3,18003,2,1,0.33000000000000002,0.0089088685156113161,-0.026043651287749433
3,18003,2,1,0.34000000000000002,0.0092505605480385708,-0.026866988097475824
3,18003,2,1,0.34999999999999998,0.0095874788345825246,-0.027665252358303999
3,18003,2,1,0.35999999999999999,0.009918509073447929,-0.028437653197255719
3,18003,2,1,0.37,0.010242574012160645,-0.029183955152689997
3,18003,2,1,0.38,0.010558553512403765,-0.029904073875041487
3,18003,2,1,0.39000000000000001,0.010865415636237717,-0.03059810741918717
3,18003,2,1,0.40000000000000002,0.011162093899115211,-0.031266676114347365
3,18003,2,1,0.40999999999999998,0.011447605097749442,-0.031910442134304641
3,18003,2,1,0.41999999999999998,0.011720928240235131,-0.032530323000260243
3,18003,2,1,0.42999999999999999,0.011981161370771175,-0.03312759698100478
3,18003,2,1,0.44,0.012227334507736795,-0.033703473462958898
3,18003,2,1,0.45000000000000001,0.012458613357024502,-0.034259593851813826
3,18003,2,1,0.46000000000000002,0.012674185615663034,-0.034797680612241068
3,18003,2,1,0.46999999999999997,0.012873244322341692,-0.035319472477376525
3,18003,2,1,0.47999999999999998,0.013055146927205491,-0.035827024430414363
3,18003,2,1,0.48999999999999999,0.013219179194055207,-0.036322324277239131
3,18003,2,1,0.5,0.013364808611539125,-0.03680743246791033
3,18003,2,1,0.51000000000000001,0.013491418596466083,-0.037284543366660872
3,18003,2,1,0.52000000000000002,0.01359864743924577,-0.037755752257250495
3,18003,2,1,0.53000000000000003,0.01368606058616134,-0.038223272739767146
3,18003,2,1,0.54000000000000004,0.013753417942511746,-0.038689222507807319
3,18003,2,1,0.55000000000000004,0.013800384211451631,-0.039155646128081166
3,18003,2,1,0.56000000000000005,0.013826852716732813,-0.039624620420171279
3,18003,2,1,0.56999999999999995,0.013832709748116916,-0.040098029183545596
3,18003,2,1,0.57999999999999996,0.013817853209007488,-0.04057776251626017
3,18003,2,1,0.58999999999999997,0.013782422857526797,-0.041065505395282705
3,18003,2,1,0.59999999999999998,0.013726433766693039,-0.041562899066698585
3,18003,2,1,0.60999999999999999,0.013650058950393564,-0.042071370488051311
3,18003,2,1,0.62,0.01355353742664913,-0.042592254018081803
3,18003,2,1,0.63,0.013437021462184401,-0.043126714925793778
3,18003,2,1,0.64000000000000001,0.013300879664721673,-0.043675753862784966
3,18003,2,1,0.65000000000000002,0.013145457846860475,-0.044240175141115307
3,18003,2,1,0.66000000000000003,0.012971047197244156,-0.044820710131865081
3,18003,2,1,0.67000000000000004,0.012778130125327998,-0.045417780859862401
3,18003,2,1,0.68000000000000005,0.012567055980505152,-0.046031805167048329
3,18003,2,1,0.68999999999999995,0.012338265341978188,-0.046662913837583829
3,18003,2,1,0.69999999999999996,0.012092218634666875,-0.047311168076606493
3,18003,2,1,0.70999999999999996,0.01182932429276049,-0.047976450749748496
3,18003,2,1,0.71999999999999997,0.011550058906678805,-0.048658485837355686
3,18003,2,1,0.72999999999999998,0.011254888507518671,-0.049356906746706751
3,18003,2,1,0.73999999999999999,0.010944148704797039,-0.05007124030101253
3,18003,2,1,0.75,0.010618341200558363,-0.050800903914322897
3,18003,2,1,0.76000000000000001,0.010277838660437492,-0.05154516711418717
3,18003,2,1,0.77000000000000002,0.009922980275839266,-0.052303385510982341
3,18003,2,1,0.78000000000000003,0.0095542086687761731,-0.053074638630036586
3,18003,2,1,0.79000000000000004,0.0091717918582712842,-0.053858179324008049
3,18003,2,1,0.80000000000000004,0.0087760623485823881,-0.054653094926555908
3,18003,2,1,0.81000000000000005,0.0083673648179591852,-0.055458495385613572
3,18003,2,1,0.81999999999999995,0.0079458400293214524,-0.056273575848817751
3,18003,2,1,0.82999999999999996,0.0075118483712891702,-0.057097423068957258
3,18003,2,1,0.83999999999999997,0.0070655748258103461,-0.057929242424954765
3,18003,2,1,0.84999999999999998,0.0066071707853071577,-0.058768306043066633
3,18003,2,1,0.85999999999999999,0.0061369106145733321,-0.059613865544051958
3,18003,2,1,0.87,0.0056548930469138723,-0.06046530036423118
3,18003,2,1,0.88,0.0051613013538206578,-0.06132210491269291
3,18003,2,1,0.89000000000000001,0.0046563082262689546,-0.06218373072138602
3,18003,2,1,0.90000000000000002,0.0041399944568443698,-0.063049948131640887
3,18003,2,1,0.91000000000000003,0.0036125552038979241,-0.063920429227283845
3,18003,2,1,0.92000000000000004,0.0030741468861520439,-0.064795051986140231
3,18003,2,1,0.93000000000000005,0.0025248462154721847,-0.065673868683499462
3,18003,2,1,0.93999999999999995,0.0019648942820321654,-0.066556885218953157
3,18003,2,1,0.94999999999999996,0.0013944514330895645,-0.067444374438578758
3,18003,2,1,0.95999999999999996,0.00081367494892419531,-0.06833667980913842
3,18003,2,1,0.96999999999999997,0.000222864691510872,-0.069234228401569856
3,18003,2,1,0.97999999999999998,-0.00037780718265183086,-0.070137630749905852
3,18003,2,1,0.98999999999999999,-0.00098801944115724303,-0.071047544586394382
3,18003,2,1,1,-0.001607417689000477,-0.071964691270524697
3,18003,2,2,0,0.0015827792166304422,0.0006155715069213844
3,18003,2,2,0.01,0.0018866595199588145,0.00062337847798123105
3,18003,2,2,0.02,0.0022232919948833841,0.00061451208209313904
3,18003,2,2,0.029999999999999999,0.0025935021434693134,0.00058678932111692103
3,18003,2,2,0.040000000000000001,0.0029976806841842522,0.00053811072817562934
3,18003,2,2,0.050000000000000003,0.00343617018704614,0.000466539264051701
3,18003,2,2,0.059999999999999998,0.0039089842482085057,0.00037028838682072088
3,18003,2,2,0.070000000000000007,0.0044159100719533247,0.0002476788068827964
3,18003,2,2,0.080000000000000002,0.0049568333911787109,9.7073486135802807e-05
3,18003,2,2,0.089999999999999997,0.0055310047862117441,-8.2747574915269741e-05
3,18003,2,2,0.10000000000000001,0.0061379057617301754,-0.00029307959062819123
3,18003,2,2,0.11,0.0067764444289071602,-0.0005348842173715356
3,18003,2,2,0.12,0.0074456890148719085,-0.00080904210636285109
3,18003,2,2,0.13,0.0081443277040261566,-0.0011162008645480266
3,18003,2,2,0.14000000000000001,0.0088709178288109754,-0.0014568834396888912
3,18003,2,2,0.14999999999999999,0.0096239825460001736,-0.0018314305604601301
3,18003,2,2,0.16,0.010401740473968794,-0.0022399030923921817
3,18003,2,2,0.17000000000000001,0.011202562668614533,-0.0026824595051980426
3,18003,2,2,0.17999999999999999,0.012024297324481599,-0.0031586551520694207
3,18003,2,2,0.19,0.012865141892748988,-0.0036682992008274357
3,18003,2,2,0.20000000000000001,0.013722921314070172,-0.0042108527752168544
3,18003,2,2,0.20999999999999999,0.014595566681509048,-0.0047857066195907726
3,18003,2,2,0.22,0.015480862457572929,-0.0053920376073766279
3,18003,2,2,0.23000000000000001,0.016376574006340242,-0.0060289140816448331
3,18003,2,2,0.23999999999999999,0.017280612421385014,-0.0066954725851976369
3,18003,2,2,0.25,0.018190648693849513,-0.0073903466444778347
3,18003,2,2,0.26000000000000001,0.019104646431384278,-0.0081125519008922089
3,18003,2,2,0.27000000000000002,0.020020326503886462,-0.0088606039867861041
3,18003,2,2,0.28000000000000003,0.020935742912399673,-0.0096333388512178774
3,18003,2,2,0.28999999999999998,0.021848800344700024,-0.010429194872075866
3,18003,2,2,0.29999999999999999,0.022757539406034793,-0.011246779834086255
3,18003,2,2,0.31,0.023660164395509258,-0.012084609311274952
3,18003,2,2,0.32000000000000001,0.024554912911335641,-0.01294112821787388
3,18003,2,2,0.33000000000000002,0.025440127714183695,-0.013814911989944044
3,18003,2,2,0.34000000000000002,0.026314282805731903,-0.014704279789708506
3,18003,2,2,0.34999999999999998,0.027175989703104825,-0.015607919280327426
3,18003,2,2,0.35999999999999999,0.028023929510249918,-0.016524212151981878
3,18003,2,2,0.37,0.028856936976544633,-0.017451769967065756
3,18003,2,2,0.38,0.029674033436846086,-0.018389121470501407
3,18003,2,2,0.39000000000000001,0.030474303354389689,-0.019334918381568738
3,18003,2,2,0.40000000000000002,0.031256951306610291,-0.020287874903550426
3,18003,2,2,0.40999999999999998,0.032021398262191934,-0.021246624868379676
3,18003,2,2,0.41999999999999998,0.032767091399520047,-0.02221007792854825
3,18003,2,2,0.42999999999999999,0.033493652345473822,-0.023176993631393444
3,18003,2,2,0.44,0.034200770846892894,-0.024146376885048431
3,18003,2,2,0.45000000000000001,0.034888375290244175,-0.025117151534441311
3,18003,2,2,0.46000000000000002,0.035556350497949307,-0.026088431757364767
3,18003,2,2,0.46999999999999997,0.03620473278196857,-0.027059355131199721
3,18003,2,2,0.47999999999999998,0.036833704513621397,-0.028029112247995615
3,18003,2,2,0.48999999999999999,0.037443416359791558,-0.028997030058581036
3,18003,2,2,0.5,0.038034241273984547,-0.029962419575807132
3,18003,2,2,0.51000000000000001,0.038606337703245376,-0.030924747170018418
3,18003,2,2,0.52000000000000002,0.039160294872683889,-0.031883479437006063
3,18003,2,2,0.53000000000000003,0.039696464100793367,-0.03283822327442952
3,18003,2,2,0.54000000000000004,0.04021538374596742,-0.03378858283667667
3,18003,2,2,0.55000000000000004,0.040717495963390596,-0.034734249609825359
3,18003,2,2,0.56000000000000005,0.04120333351997759,-0.035674995951141618
3,18003,2,2,0.56999999999999995,0.04167348130824327,-0.036610610034615979
3,18003,2,2,0.57999999999999996,0.042128357975147156,-0.037540939557438611
3,18003,2,2,0.58999999999999997,0.042568548146020867,-0.038465906083565468
3,18003,2,2,0.59999999999999998,0.042994484713551155,-0.039385459138921504
3,18003,2,2,0.60999999999999999,0.043406723372934101,-0.040299590503321665
3,18003,2,2,0.62,0.043805611653013117,-0.041208337073962618
3,18003,2,2,0.63,0.044191584147844055,-0.042111757702096443
3,18003,2,2,0.64000000000000001,0.044565023173777092,-0.043009955657376898
3,18003,2,2,0.65000000000000002,0.044926185879772033,-0.043903055835670689
3,18003,2,2,0.66000000000000003,0.04527536743483937,-0.044791218526561448
3,18003,2,2,0.67000000000000004,0.045612694745723381,-0.045674588265235995
3,18003,2,2,0.68000000000000005,0.045938424467936889,-0.046553405234548893
3,18003,2,2,0.68999999999999995,0.046252532287169995,-0.047427865479580167
3,18003,2,2,0.69999999999999996,0.0465551044469176,-0.048298184519138775
3,18003,2,2,0.70999999999999996,0.046846076108486123,-0.049164600739379914
3,18003,2,2,0.71999999999999997,0.047125347134316244,-0.05002739507883195
3,18003,2,2,0.72999999999999998,0.047392813124387513,-0.050886808743135122
3,18003,2,2,0.73999999999999999,0.047648186484222504,-0.051743077046190765
3,18003,2,2,0.75,0.047891292886613229,-0.052596551192800323
3,18003,2,2,0.76000000000000001,0.048121718774945692,-0.053447452449857845
3,18003,2,2,0.77000000000000002,0.048339233893158473,-0.054296104890218078
3,18003,2,2,0.78000000000000003,0.048543307144896596,-0.055142764827433834
3,18003,2,2,0.79000000000000004,0.048733594343864602,-0.055987741423116417
3,18003,2,2,0.80000000000000004,0.048909628211120375,-0.05683129357139962
3,18003,2,2,0.81000000000000005,0.049070896290852289,-0.057673705891180017
3,18003,2,2,0.81999999999999995,0.049216930372859513,-0.058515268981452394
3,18003,2,2,0.82999999999999996,0.04934718644042458,-0.059356210380784813
3,18003,2,2,0.83999999999999997,0.049461262401106702,-0.060196830604240893
3,18003,2,2,0.84999999999999998,0.049558479248329956,-0.06103736626908135
3,18003,2,2,0.85999999999999999,0.049638479076413056,-0.061878078265504503
3,18003,2,2,0.87,0.049700710272916247,-0.062719189160406835
3,18003,2,2,0.88,0.049744723339181916,-0.063560971102670644
3,18003,2,2,0.89000000000000001,0.04977010118694674,-0.064403631887312338
3,18003,2,2,0.90000000000000002,0.049776405390869138,-0.065247380854505516
3,18003,2,2,0.91000000000000003,0.049763329613331547,-0.066092468654428846
3,18003,2,2,0.92000000000000004,0.049730451394078452,-0.066939058353749706
3,18003,2,2,0.93000000000000005,0.049677627487039362,-0.067787365309247366
3,18003,2,2,0.93999999999999995,0.049604484777887474,-0.068637558722587713
3,18003,2,2,0.94999999999999996,0.049510975067251432,-0.06948983688113218
3,18003,2,2,0.95999999999999996,0.049396944434536766,-0.070344342284133582
3,18003,2,2,0.96999999999999997,0.049262308966962522,-0.071201242609481033
3,18003,2,2,0.97999999999999998,0.049107109029231127,-0.07206069112954358
3,18003,2,2,0.98999999999999999,0.048931373481050568,-0.072922776020699187
3,18003,2,2,1,0.048735349942762685,-0.073787615505406759
3,18003,2,3,0,0.00059744903538342753,-0.00082918729024866744
3,18003,2,3,0.01,0.00078327410739312741,-0.00096373658623856754
3,18003,2,3,0.02,0.00099881648273412765,-0.0011113209283126419
3,18003,2,3,0.029999999999999999,0.0012448311434269629,-0.0012727669208186358
3,18003,2,3,0.040000000000000001,0.0015216798888257009,-0.001448669433618928
3,18003,2,3,0.050000000000000003,0.0018294442326409503,-0.0016398909925379259
3,18003,2,3,0.059999999999999998,0.0021677698154130599,-0.0018471376476994195
3,18003,2,3,0.070000000000000007,0.0025363422344374903,-0.0020712943928112002
3,18003,2,3,0.080000000000000002,0.002934367488080682,-0.0023131127314536888
3,18003,2,3,0.089999999999999997,0.003360884409829153,-0.002573395490786144
3,18003,2,3,0.10000000000000001,0.0038147767187378494,-0.0028529539855375557
3,18003,2,3,0.11,0.0042946633875179099,-0.003152489734431546
3,18003,2,3,0.12,0.0047990393499258198,-0.0034727888980947545
3,18003,2,3,0.13,0.0053262303776936276,-0.0038144404083875704
3,18003,2,3,0.14000000000000001,0.0058744493648663831,-0.0041781579449400794
3,18003,2,3,0.14999999999999999,0.0064417287600119196,-0.0045643753411053417
3,18003,2,3,0.16,0.0070261647132977695,-0.0049736652366227331
3,18003,2,3,0.17000000000000001,0.0076256809382444293,-0.0054063518057289603
3,18003,2,3,0.17999999999999999,0.0082381493367710921,-0.0058627172009571354
3,18003,2,3,0.19,0.008861510606069602,-0.0063429689158553543
3,18003,2,3,0.20000000000000001,0.0094937245291987962,-0.0068471801763453259
3,18003,2,3,0.20999999999999999,0.010132658933306544,-0.0073752935233251478
3,18003,2,3,0.22,0.010776338467747787,-0.0079270826677889962
3,18003,2,3,0.23000000000000001,0.011422873594319581,-0.0085023799816222514
3,18003,2,3,0.23999999999999999,0.012070393931779213,-0.0091006138107416479
3,18003,2,3,0.25,0.012717129008738552,-0.0097213065923953557
3,18003,2,3,0.26000000000000001,0.013361563318062965,-0.010363701610442762
3,18003,2,3,0.27000000000000002,0.014002146972373924,-0.01102705791573203
3,18003,2,3,0.28000000000000003,0.014637588662928329,-0.011710308577599726
3,18003,2,3,0.28999999999999998,0.015266711149001093,-0.012412430775949487
3,18003,2,3,0.29999999999999999,0.015888509139500438,-0.013132185890040324
3,18003,2,3,0.31,0.016502135872318701,-0.013868258901687032
3,18003,2,3,0.32000000000000001,0.017106918449944341,-0.014619203886358024
3,18003,2,3,0.33000000000000002,0.01770237086704152,-0.015383446971010907
3,18003,2,3,0.34000000000000002,0.018288110774751561,-0.016159404124977569
3,18003,2,3,0.34999999999999998,0.018864031268270777,-0.016945296964217486
3,18003,2,3,0.35999999999999999,0.019430034677103098,-0.017739357387023615
3,18003,2,3,0.37,0.019986339028222819,-0.018539686864499291
3,18003,2,3,0.38,0.020533114051357288,-0.019344416863372845
3,18003,2,3,0.39000000000000001,0.021070868182705912,-0.020151535039649584
3,18003,2,3,0.40000000000000002,0.021600011186571125,-0.020959100150993368
3,18003,2,3,0.40999999999999998,0.022121255608586077,-0.021765089080958536
3,18003,2,3,0.41999999999999998,0.022635238421458464,-0.022567501320250847
3,18003,2,3,0.42999999999999999,0.023142792864935077,-0.023364378653796414
3,18003,2,3,0.44,0.023644721903387067,-0.024153758494797197
3,18003,2,3,0.45000000000000001,0.024141953763079291,-0.024933696987625029
3,18003,2,3,0.46000000000000002,0.024635373995992263,-0.025702379486372006
3,18003,2,3,0.46999999999999997,0.025125925469302823,-0.026458028378243625
3,18003,2,3,0.47999999999999998,0.025614563721653702,-0.027198881012811676
3,18003,2,3,0.48999999999999999,0.026102177619529154,-0.027923386150122288
3,18003,2,3,0.5,0.026589681238619076,-0.028630063129647231
3,18003,2,3,0.51000000000000001,0.027077934271333658,-0.029317450620154367
3,18003,2,3,0.52000000000000002,0.027567744479773424,-0.029984385531299913
3,18003,2,3,0.53000000000000003,0.028059840304103301,-0.030629759121391209
3,18003,2,3,0.54000000000000004,0.028554945993931952,-0.031252529426221164
3,18003,2,3,0.55000000000000004,0.029053627198570967,-0.031852008475879982
3,18003,2,3,0.56000000000000005,0.029556422977799254,-0.032427501614970856
3,18003,2,3,0.56999999999999995,0.030063774566793402,-0.032978523511281256
3,18003,2,3,0.57999999999999996,0.030576026452779289,-0.033504762371347155
3,18003,2,3,0.58999999999999997,0.031093407712651028,-0.034006194586502614
3,18003,2,3,0.59999999999999998,0.031616110676062494,-0.034482675212582824
3,18003,2,3,0.60999999999999999,0.032144172362403384,-0.03493454959825789
3,18003,2,3,0.62,0.032677567719012993,-0.035362127041619743
3,18003,2,3,0.63,0.033216159331356694,-0.035766007523846413
3,18003,2,3,0.64000000000000001,0.033759756789852581,-0.036146739387163569
3,18003,2,3,0.65000000000000002,0.034308031604705656,-0.036505333238430727
3,18003,2,3,0.66000000000000003,0.034860625417222103,-0.036842649525448072
3,18003,2,3,0.67000000000000004,0.035417070909512335,-0.037159836573012785
3,18003,2,3,0.68000000000000005,0.035976861464920636,-0.037458101211431082
3,18003,2,3,0.68999999999999995,0.036539406960186732,-0.037738811768853173
3,18003,2,3,0.69999999999999996,0.037104071369408763,-0.038003344941605656
3,18003,2,3,0.70999999999999996,0.037670188224899141,-0.038253246897474051
3,18003,2,3,0.71999999999999997,0.038237045100532982,-0.038490084052082041
3,18003,2,3,0.72999999999999998,0.03880388089791225,-0.03871546497639719
3,18003,2,3,0.73999999999999999,0.039369960689656452,-0.038931088452328844
3,18003,2,3,0.75,0.039934521811449041,-0.039138620706730465
3,18003,2,3,0.76000000000000001,0.040496754976055205,-0.039339765370052772
3,18003,2,3,0.77000000000000002,0.041055937121524035,-0.039536221972908091
3,18003,2,3,0.78000000000000003,0.04161133010447176,-0.039729656878065289
3,18003,2,3,0.79000000000000004,0.042162160611921691,-0.039921716610168086
3,18003,2,3,0.80000000000000004,0.042707782282364846,-0.040113984645684747
3,18003,2,3,0.81000000000000005,0.043247548948340327,-0.040307979456828444
3,18003,2,3,0.81999999999999995,0.043780804190119406,-0.040505183399580445
3,18003,2,3,0.82999999999999996,0.044307011814066606,-0.040706961215234504
3,18003,2,3,0.83999999999999997,0.044825684175288198,-0.040914575428989158
3,18003,2,3,0.84999999999999998,0.045336330694031306,-0.041129220211239187
3,18003,2,3,0.85999999999999999,0.045838568440647355,-0.041351969913186605
3,18003,2,3,0.87,0.046332106636410048,-0.041583727608956907
3,18003,2,3,0.88,0.046816636303871006,-0.041825347460416072
3,18003,2,3,0.89000000000000001,0.047291973021019083,-0.042077505018720929
3,18003,2,3,0.90000000000000002,0.047758000986257911,-0.042340750014349095
3,18003,2,3,0.91000000000000003,0.048214639925658158,-0.042615499545862578
3,18003,2,3,0.92000000000000004,0.048661864733292211,-0.04290204290835125
3,18003,2,3,0.93000000000000005,0.049099767839432908,-0.043200504984886812
3,18003,2,3,0.93999999999999995,0.049528452880461947,-0.043510888763157424
3,18003,2,3,0.94999999999999996,0.04994805029136342,-0.043833114907793347
3,18003,2,3,0.95999999999999996,0.050358844861802969,-0.044166838749925351
3,18003,2,3,0.96999999999999997,0.05076106979307704,-0.044511743326636523
3,18003,2,3,0.97999999999999998,0.051155031724068184,-0.044867316592805011
3,18003,2,3,0.98999999999999999,0.051541095928471052,-0.04523292704576045
3,18003,2,3,1,0.051919687743253791,-0.045607806089074644
3,18003,2,4,0,0.00073061617521608113,0.00044062801081419062
3,18003,2,4,0.01,0.00087572053820857241,0.00064363841522976494
3,18003,2,4,0.02,0.0010352214065559413,0.0008762746071761129
3,18003,2,4,0.029999999999999999,0.0012087770497566559,0.0011394625291113473
3,18003,2,4,0.040000000000000001,0.001395765241308942,0.0014338221036928709
3,18003,2,4,0.050000000000000003,0.0015955270479593407,0.0017596620747914731
3,18003,2,4,0.059999999999999998,0.0018072806146047303,0.0021173685572106965
3,18003,2,4,0.070000000000000007,0.0020301587458663698,0.00250701243616423
3,18003,2,4,0.080000000000000002,0.0022632499412614054,0.0029284812590288987
3,18003,2,4,0.089999999999999997,0.0025054534765605514,0.0033816461567028368
3,18003,2,4,0.10000000000000001,0.0027558153536883043,0.0038661102483492937
3,18003,2,4,0.11,0.0030130734419377488,0.0043812023330306324
3,18003,2,4,0.12,0.003276154746976965,0.0049264889893857492
3,18003,2,4,0.13,0.0035437703149105502,0.0055008525731442314
3,18003,2,4,0.14000000000000001,0.003814703877509562,0.0061034330337668904
3,18003,2,4,0.14999999999999999,0.0040876960531521104,0.0067331600468696186
3,18003,2,4,0.16,0.0043615262893731948,0.0073886923742779581
3,18003,2,4,0.17000000000000001,0.0046348964366060971,0.0080687855379950896
3,18003,2,4,0.17999999999999999,0.0049066020432327094,0.0087719585542572805
3,18003,2,4,0.19,0.0051754945415515381,0.0094966762714452351
3,18003,2,4,0.20000000000000001,0.0054402719679110326,0.010241336423825048
3,18003,2,4,0.20999999999999999,0.00570002787642625,0.01100438236692833
3,18003,2,4,0.22,0.0059535088954726914,0.011783873036251681
3,18003,2,4,0.23000000000000001,0.0061998044847660335,0.012578238711022932
3,18003,2,4,0.23999999999999999,0.0064379879397050699,0.013385549021884852
3,18003,2,4,0.25,0.0066671715283681777,0.014204026689383149
3,18003,2,4,0.26000000000000001,0.0068865992781958381,0.015031900089405392
3,18003,2,4,0.27000000000000002,0.0070956268222082978,0.015867274244001684
3,18003,2,4,0.28000000000000003,0.0072935924642365882,0.01670842921710507
3,18003,2,4,0.28999999999999998,0.0074800401354764142,0.017553566368196216
3,18003,2,4,0.29999999999999999,0.0076545954777212238,0.018400970132010506
3,18003,2,4,0.31,0.0078168564994484848,0.019248965390982819
3,18003,2,4,0.32000000000000001,0.0079667091159917238,0.020095978253015099
3,18003,2,4,0.33000000000000002,0.0081039405723554135,0.020940405146879098
3,18003,2,4,0.34000000000000002,0.0082285287010351264,0.021780846456114191
3,18003,2,4,0.34999999999999998,0.0083405506354005138,0.022615893403421027
3,18003,2,4,0.35999999999999999,0.0084400586700920151,0.023444286905549307
3,18003,2,4,0.37,0.0085272811018867588,0.024264857466308829
3,18003,2,4,0.38,0.0086025009527136587,0.025076530248059354
3,18003,2,4,0.39000000000000001,0.0086659761199266282,0.025878367844112755
3,18003,2,4,0.40000000000000002,0.0087181143035485065,0.02666949853111579
3,18003,2,4,0.40999999999999998,0.0087593434830290154,0.027449238545476488
3,18003,2,4,0.41999999999999998,0.0087900761709031744,0.02821695496998268
3,18003,2,4,0.42999999999999999,0.0088108348209369157,0.028972163167630672
3,18003,2,4,0.44,0.008822081922443015,0.029714496106144749
3,18003,2,4,0.45000000000000001,0.0088243534265987546,0.030443689360033596
3,18003,2,4,0.46000000000000002,0.0088182022869555555,0.031159610100259177
3,18003,2,4,0.46999999999999997,0.0088040961689016591,0.031862192137600318
3,18003,2,4,0.47999999999999998,0.008782596414221789,0.032551491225439162
3,18003,2,4,0.48999999999999999,0.0087542226660953983,0.0332276820863791
3,18003,2,4,0.5,0.0087194184216107529,0.033890967129468472
3,18003,2,4,0.51000000000000001,0.0086787270863551164,0.034541658490095377
3,18003,2,4,0.52000000000000002,0.0086325235663219733,0.035180124955836639
3,18003,2,4,0.53000000000000003,0.008581285332342278,0.035806837980919541
3,18003,2,4,0.54000000000000004,0.0085253827211833454,0.036422246377585801
3,18003,2,4,0.55000000000000004,0.0084651588302444777,0.037026881173482164
3,18003,2,4,0.56000000000000005,0.0084010040045349385,0.037621333376797149
3,18003,2,4,0.56999999999999995,0.0083332025858779152,0.038206149044295139
3,18003,2,4,0.57999999999999996,0.0082620501871381209,0.038781952473078356
3,18003,2,4,0.58999999999999997,0.0081877979726575432,0.039349318768082946
3,18003,2,4,0.59999999999999998,0.008110681338109757,0.039908837481983005
3,18003,2,4,0.60999999999999999,0.0080308546523511354,0.040461029268668187
3,18003,2,4,0.62,0.007948552277154743,0.041006470203515936
3,18003,2,4,0.63,0.0078638350209093589,0.041545612310247802
3,18003,2,4,0.64000000000000001,0.0077769242526649351,0.042078993044479922
3,18003,2,4,0.65000000000000002,0.0076878823490186135,0.042606924513938244
3,18003,2,4,0.66000000000000003,0.0075968193043266094,0.043129813736765554
3,18003,2,4,0.67000000000000004,0.0075038927053517473,0.043647979652516128
3,18003,2,4,0.68000000000000005,0.0074091432761912296,0.044161586800765033
3,18003,2,4,0.68999999999999995,0.0073127472344016791,0.044670910333057721
3,18003,2,4,0.69999999999999996,0.0072147756233272931,0.045175980337036736
3,18003,2,4,0.70999999999999996,0.007115401101336463,0.045676898972556168
3,18003,2,4,0.71999999999999997,0.0070147492521327659,0.046173663583187398
3,18003,2,4,0.72999999999999998,0.0069130290465769725,0.046666197935759851
3,18003,2,4,0.73999999999999999,0.0068103714437233844,0.047154378282006311
3,18003,2,4,0.75,0.0067070613526413079,0.047638075214597252
3,18003,2,4,0.76000000000000001,0.0066033081911872488,0.048117008200074481
3,18003,2,4,0.77000000000000002,0.0064993904597166613,0.048590962548148042
3,18003,2,4,0.78000000000000003,0.0063956426230119406,0.04905965029049128
3,18003,2,4,0.79000000000000004,0.0062923364182919843,0.049522678875474291
3,18003,2,4,0.80000000000000004,0.0061899099763318283,0.049979787500399685
3,18003,2,4,0.81000000000000005,0.0060886657448809634,0.050430525088406598
3,18003,2,4,0.81999999999999995,0.0059890593139683285,0.05087454697207925
3,18003,2,4,0.82999999999999996,0.0058914818942030767,0.051311472825021541
3,18003,2,4,0.83999999999999997,0.0057964036642052493,0.05174093542182804
3,18003,2,4,0.84999999999999998,0.0057042871863119829,0.052162551224150727
3,18003,2,4,0.85999999999999999,0.0056155872005151063,0.052576033710818447
3,18003,2,4,0.87,0.0055307957918898825,0.052981018983770216
3,18003,2,4,0.88,0.0054503814437236063,0.053377235922414869
3,18003,2,4,0.89000000000000001,0.0053748006783569356,0.053764500150153667
3,18003,2,4,0.90000000000000002,0.0053045166628814984,0.054142498013115041
3,18003,2,4,0.91000000000000003,0.0052399739649317129,0.054511183686355123
3,18003,2,4,0.92000000000000004,0.0051815244014962285,0.054870422283039282
3,18003,2,4,0.93000000000000005,0.0051296387392479707,0.05522011086354945
3,18003,2,4,0.93999999999999995,0.0050845661455398636,0.05556034245611511
3,18003,2,4,0.94999999999999996,0.0050466529001297255,0.055891147720390048
3,18003,2,4,0.95999999999999996,0.0050161744281024172,0.056212637032353067
3,18003,2,4,0.96999999999999997,0.0049932739212598118,0.056525075522446226
3,18003,2,4,0.97999999999999998,0.0049781930846649796,0.056828639863427018
3,18003,2,4,0.98999999999999999,0.0049709768085186498,0.057123690081489688
3,18003,2,4,1,0.0049716617785996176,0.05741064759039919
3,18003,2,5,0,-0.00013560815934770173,0.00097882780455346707
3,18003,2,5,0.01,-0.00010156428366286045,0.0012417592294531406
3,18003,2,5,0.02,-6.086492070303619e-05,0.0015385515723716507
3,18003,2,5,0.029999999999999999,-1.3186433557629858e-05,0.0018706009692500934
3,18003,2,5,0.040000000000000001,4.1699031564481214e-05,0.0022386906545585148
3,18003,2,5,0.050000000000000003,0.00010406307220605134,0.0026436570131639432
3,18003,2,5,0.059999999999999998,0.00017414348407334313,0.0030861795784275768
3,18003,2,5,0.070000000000000007,0.00025215752169565291,0.0035666187631501101
3,18003,2,5,0.080000000000000002,0.00033833568791752437,0.0040851782661315847
3,18003,2,5,0.089999999999999997,0.0004328579277116694,0.0046419542412568108
3,18003,2,5,0.10000000000000001,0.00053595273368010606,0.0052368542175566203
3,18003,2,5,0.11,0.00064776669650631793,0.0058696143745809552
3,18003,2,5,0.12,0.00076851856016209991,0.006539909379519402
3,18003,2,5,0.13,0.000898315262829358,0.0072469391305325396
3,18003,2,5,0.14000000000000001,0.0010373642400822436,0.0079902601165372251
3,18003,2,5,0.14999999999999999,0.0011857724382913553,0.0087687292855493596
3,18003,2,5,0.16,0.0013436962044032507,0.0095815913585242923
3,18003,2,5,0.17000000000000001,0.0015112571171607581,0.010427536973158973
3,18003,2,5,0.17999999999999999,0.0016885416797642863,0.011305348213121963
3,18003,2,5,0.19,0.001875682656267582,0.01221363331745636
3,18003,2,5,0.20000000000000001,0.0020727520381693676,0.013150991259517122
3,18003,2,5,0.20999999999999999,0.0022798508284394112,0.014115837360886173
3,18003,2,5,0.22,0.0024970555863426586,0.015106520525129031
3,18003,2,5,0.23000000000000001,0.0027244068523954849,0.016121218297593252
3,18003,2,5,0.23999999999999999,0.0029619566615753982,0.017158175116464145
3,18003,2,5,0.25,0.003209771789076559,0.018215557184957192
3,18003,2,5,0.26000000000000001,0.0034678621525228268,0.019291565721891838
3,18003,2,5,0.27000000000000002,0.0037362665471292324,0.020384176763920948
3,18003,2,5,0.28000000000000003,0.0040149787247467286,0.021491393493441691
3,18003,2,5,0.28999999999999998,0.0043039806666985503,0.022611278478347801
3,18003,2,5,0.29999999999999999,0.0046033186517461435,0.023741826625647822
3,18003,2,5,0.31,0.0049129185348995028,0.024881200351171435
3,18003,2,5,0.32000000000000001,0.0052327578317593266,0.026027305644030538
3,18003,2,5,0.33000000000000002,0.0055628039348033821,0.027178307237160738
3,18003,2,5,0.34000000000000002,0.0059029556113747101,0.028332176676515729
3,18003,2,5,0.34999999999999998,0.0062532081285662719,0.029487167877070886
3,18003,2,5,0.35999999999999999,0.0066134442921971723,0.030641449325534986
3,18003,2,5,0.37,0.0069835810376635875,0.031793267471387721
3,18003,2,5,0.38,0.0073635366853246993,0.032940901277453687
3,18003,2,5,0.39000000000000001,0.0077531803787490826,0.034082747803665138
3,18003,2,5,0.40000000000000002,0.0081524005674589103,0.035217274631694669
3,18003,2,5,0.40999999999999998,0.0085611053271881874,0.036342978236724589
3,18003,2,5,0.41999999999999998,0.0089791041188319754,0.03745855116615613
3,18003,2,5,0.42999999999999999,0.0094063140236580415,0.038562550779213299
3,18003,2,5,0.44,0.0098425485253568409,0.039653892368091394
3,18003,2,5,0.45000000000000001,0.010287651614862134,0.04073141619216749
3,18003,2,5,0.46000000000000002,0.010741499885533154,0.041794105988712922
3,18003,2,5,0.46999999999999997,0.011203868894647378,0.042841055799235035
3,18003,2,5,0.47999999999999998,0.011674635702785532,0.043871342098880745
3,18003,2,5,0.48999999999999999,0.012153577496774518,0.044884311005700332
3,18003,2,5,0.5,0.012640549849801267,0.045879241368374214
3,18003,2,5,0.51000000000000001,0.013135354684642714,0.046855610676353153
3,18003,2,5,0.52000000000000002,0.013637825502047701,0.047812871238680693
3,18003,2,5,0.53000000000000003,0.014147734858735305,0.048750704894104602
3,18003,2,5,0.54000000000000004,0.014664935760522496,0.049668681018810112
3,18003,2,5,0.55000000000000004,0.015189192102349263,0.050566683445272403
3,18003,2,5,0.56000000000000005,0.015720341966054357,0.051444449840107466
3,18003,2,5,0.56999999999999995,0.016258160203724548,0.052301917830292477
3,18003,2,5,0.57999999999999996,0.01680244614849933,0.053139102730511555
3,18003,2,5,0.58999999999999997,0.017353003878463176,0.053955900652657866
3,18003,2,5,0.59999999999999998,0.017909588510098873,0.054752586808828128
3,18003,2,5,0.60999999999999999,0.018472026408219544,0.055529117740950797
3,18003,2,5,0.62,0.019040047049092044,0.056285812644697397
3,18003,2,5,0.63,0.019613467550697754,0.057022831042739558
3,18003,2,5,0.64000000000000001,0.02019200863271162,0.057740456131369626
3,18003,2,5,0.65000000000000002,0.020775470235076261,0.058438977096429166
3,18003,2,5,0.66000000000000003,0.021363571299949896,0.059118754665101976
3,18003,2,5,0.67000000000000004,0.021956081288303963,0.059780061989946037
3,18003,2,5,0.68000000000000005,0.022552727873086709,0.060423360549351483
3,18003,2,5,0.68999999999999995,0.023153258597207182,0.06104896053478457
3,18003,2,5,0.69999999999999996,0.023757402931437823,0.061657246654440979
3,18003,2,5,0.70999999999999996,0.024364894141116245,0.062248633610941691
3,18003,2,5,0.71999999999999997,0.024975443289910377,0.062823466632144276
3,18003,2,5,0.72999999999999998,0.025588779414363536,0.063382219894344824
3,18003,2,5,0.73999999999999999,0.026204609730927114,0.063925268379801795
3,18003,2,5,0.75,0.02682262669164483,0.064453001433517759
3,18003,2,5,0.76000000000000001,0.027442547478903873,0.064965778848485228
3,18003,2,5,0.77000000000000002,0.028064048874119073,0.065464021213135021
3,18003,2,5,0.78000000000000003,0.028686830299856182,0.06594812959390664
3,18003,2,5,0.79000000000000004,0.029310586907417734,0.066418483805358988
3,18003,2,5,0.80000000000000004,0.029934967711387928,0.066875433768045486
3,18003,2,5,0.81000000000000005,0.030559671141569475,0.067319318025569216
3,18003,2,5,0.81999999999999995,0.031184365400043587,0.067750503934349046
3,18003,2,5,0.82999999999999996,0.03180868986443338,0.06816938387162183
3,18003,2,5,0.83999999999999997,0.032432353893931364,0.068576258863581874
3,18003,2,5,0.84999999999999998,0.03305495427741343,0.06897152423830917
3,18003,2,5,0.85999999999999999,0.033676196064847883,0.069355394453661581
3,18003,2,5,0.87,0.034295717348720535,0.069728308921815543
3,18003,2,5,0.88,0.034913177281274681,0.070090514865886674
3,18003,2,5,0.89000000000000001,0.035528252143611549,0.070442393732625216
3,18003,2,5,0.90000000000000002,0.036140597360285485,0.07078420440916823
3,18003,2,5,0.91000000000000003,0.036749863584815384,0.07111625728834349
3,18003,2,5,0.92000000000000004,0.037355760127477496,0.071438863185317183
3,18003,2,5,0.93000000000000005,0.037957924510884311,0.071752355455641903
3,18003,2,5,0.93999999999999995,0.038556078816695906,0.072057015138706659
3,18003,2,5,0.94999999999999996,0.039149924074338684,0.07235312555969188
3,18003,2,5,0.95999999999999996,0.039739117206517301,0.072640970003568145
3,18003,2,5,0.96999999999999997,0.040323428659890588,0.072920849192479889
3,18003,2,5,0.97999999999999998,0.040902541990824055,0.073193110092058825
3,18003,2,5,0.98999999999999999,0.041476216575045764,0.073457974268403795
3,18003,2,5,1,0.042044215350316383,0.073715802515341669
3,18003,2,6,0,-0.0010147061527357077,0.0007796371889968734
3,18003,2,6,0.01,-0.0012468029494976385,0.0009689689611927149
3,18003,2,6,0.02,-0.001506928447681858,0.0011854040348319116
3,18003,2,6,0.029999999999999999,-0.0017955248658614797,0.0014303631189362305
3,18003,2,6,0.040000000000000001,-0.0021125693986512703,0.0017049615581267716
3,18003,2,6,0.050000000000000003,-0.0024580122954784189,0.0020103532840106274
3,18003,2,6,0.059999999999999998,-0.0028317597111484224,0.0023476218252463624
3,18003,2,6,0.070000000000000007,-0.0032332801387255743,0.0027174100982908489
3,18003,2,6,0.080000000000000002,-0.0036622473785457264,0.0031205551528053922
3,18003,2,6,0.089999999999999997,-0.0041180908048887117,0.0035576171223029112
3,18003,2,6,0.10000000000000001,-0.0046001851620952727,0.0040291032008011613
3,18003,2,6,0.11,-0.0051078351291771506,0.0045353037723673793
3,18003,2,6,0.12,-0.0056402421224064324,0.005076335986797605
3,18003,2,6,0.13,-0.006196551997285641,0.0056521362461495377
3,18003,2,6,0.14000000000000001,-0.0067759949111105789,0.0062626355614921053
3,18003,2,6,0.14999999999999999,-0.0073775704917128015,0.006907416348826194
3,18003,2,6,0.16,-0.0080003872829257361,0.0075860331259674993
3,18003,2,6,0.17000000000000001,-0.0086434886708941557,0.0082977558137404522
3,18003,2,6,0.17999999999999999,-0.009305882259618611,0.009041752395423059
3,18003,2,6,0.19,-0.009986656937405405,0.0098169961834617906
3,18003,2,6,0.20000000000000001,-0.010684789135911102,0.010622363293132557
3,18003,2,6,0.20999999999999999,-0.011399325776828758,0.011456521045331187
3,18003,2,6,0.22,-0.012129385988978253,0.012318073685107267
3,18003,2,6,0.23000000000000001,-0.012873906542504268,0.013205281806770434
3,18003,2,6,0.23999999999999999,-0.013632074591475002,0.014116461650142881
3,18003,2,6,0.25,-0.014402927295013995,0.015049794367831694
3,18003,2,6,0.26000000000000001,-0.015185640282513964,0.016003332361356967
3,18003,2,6,0.27000000000000002,-0.015979344713790356,0.016974987968126253
3,18003,2,6,0.28000000000000003,-0.016783154800177516,0.017962520230103932
3,18003,2,6,0.28999999999999998,-0.017596362172480794,0.018963843541596234
3,18003,2,6,0.29999999999999999,-0.018418167591976505,0.01997663560875608
3,18003,2,6,0.31,-0.019247832074368983,0.020998644834626184
3,18003,2,6,0.32000000000000001,-0.020084628129428052,0.022027407683974043
3,18003,2,6,0.33000000000000002,-0.020927860347730341,0.023060658083915053
3,18003,2,6,0.34000000000000002,-0.021776925124597935,0.024096073372856935
3,18003,2,6,0.34999999999999998,-0.022631153031915693,0.025131295883374181
3,18003,2,6,0.35999999999999999,-0.023489939465125443,0.026164106194889736
3,18003,2,6,0.37,-0.024352680207315069,0.027192144124335127
3,18003,2,6,0.38,-0.025218831466994079,0.028213389813886769
3,18003,2,6,0.39000000000000001,-0.026087852874451881,0.02922571782572661
3,18003,2,6,0.40000000000000002,-0.026959172755574357,0.030227082188975424
3,18003,2,6,0.40999999999999998,-0.027832289640014485,0.031215710934598146
3,18003,2,6,0.41999999999999998,-0.028706657972428922,0.032189677295098661
3,18003,2,6,0.42999999999999999,-0.02958181022005665,0.033147561651865352
3,18003,2,6,0.44,-0.030457204326933062,0.034087723574327967
3,18003,2,6,0.45000000000000001,-0.031332330342630679,0.035008846221221517
3,18003,2,6,0.46000000000000002,-0.03220670749917242,0.035909775165162618
3,18003,2,6,0.46999999999999997,-0.033079810524656049,0.036789366554858316
3,18003,2,6,0.47999999999999998,-0.033951147485145383,0.037646866470174671
3,18003,2,6,0.48999999999999999,-0.034820188089380581,0.03848143010450214
3,18003,2,6,0.5,-0.035686418716246511,0.039292592112534587
3,18003,2,6,0.51000000000000001,-0.036549344042595272,0.040079858391906087
3,18003,2,6,0.52000000000000002,-0.037408416304940025,0.040843086426638323
3,18003,2,6,0.53000000000000003,-0.038263106370202069,0.041582103977466693
3,18003,2,6,0.54000000000000004,-0.039112915238105291,0.042297103840937926
3,18003,2,6,0.55000000000000004,-0.039957278230650768,0.042988176434729852
3,18003,2,6,0.56000000000000005,-0.040795709734031536,0.043655789696195768
3,18003,2,6,0.56999999999999995,-0.04162764949084808,0.044300398567395489
3,18003,2,6,0.57999999999999996,-0.042452597703955951,0.0449226265114877
3,18003,2,6,0.58999999999999997,-0.043270084119605728,0.045523270832981515
3,18003,2,6,0.59999999999999998,-0.044079546721953078,0.046103093751450212
3,18003,2,6,0.60999999999999999,-0.044880575422229251,0.046663145278495709
3,18003,2,6,0.62,-0.04567265202475302,0.047204375789190373
3,18003,2,6,0.63,-0.046455404300722584,0.047727953394854368
3,18003,2,6,0.64000000000000001,-0.047228377669231526,0.048234975944151999
3,18003,2,6,0.65000000000000002,-0.047991213862683714,0.048726763247270204
3,18003,2,6,0.66000000000000003,-0.048743522073778849,0.049204471392969656
3,18003,2,6,0.67000000000000004,-0.049485044027096824,0.049669442365500659
3,18003,2,6,0.68000000000000005,-0.050215450760202028,0.050122902303312601
3,18003,2,6,0.68999999999999995,-0.050934540802327379,0.050566191367430076
3,18003,2,6,0.69999999999999996,-0.051642080047734906,0.051000603171835822
3,18003,2,6,0.70999999999999996,-0.052337892849967815,0.051427324965101891
3,18003,2,6,0.71999999999999997,-0.053021925587123105,0.051847586024687919
3,18003,2,6,0.72999999999999998,-0.053694011788971215,0.052262580908188805
3,18003,2,6,0.73999999999999999,-0.054354225311605463,0.052673444612179508
3,18003,2,6,0.75,-0.055002472049900351,0.053081236926422158
3,18003,2,6,0.76000000000000001,-0.055638889035267931,0.053486864675904466
3,18003,2,6,0.77000000000000002,-0.056263500963491607,0.053891285615784761
3,18003,2,6,0.78000000000000003,-0.056876479883428033,0.054295362222834487
3,18003,2,6,0.79000000000000004,-0.057477989462907629,0.054699811671187086
3,18003,2,6,0.80000000000000004,-0.05806825106596198,0.055105229259783194
3,18003,2,6,0.81000000000000005,-0.058647484261727889,0.055512235868182797
3,18003,2,6,0.81999999999999995,-0.059215979882459073,0.055921268194542351
3,18003,2,6,0.82999999999999996,-0.059774049754915265,0.05633278652020788
3,18003,2,6,0.83999999999999997,-0.06032204478713981,0.056746980205144536
3,18003,2,6,0.84999999999999998,-0.060860330371332781,0.057164069630535087
3,18003,2,6,0.85999999999999999,-0.061389253670480377,0.057584228136887093
3,18003,2,6,0.87,-0.061909252167328711,0.058007421742038101
3,18003,2,6,0.88,-0.06242072679683916,0.058433680779206659
3,18003,2,6,0.89000000000000001,-0.062924151819838917,0.058862807458142992
3,18003,2,6,0.90000000000000002,-0.06341992536835854,0.059294692118326435
3,18003,2,6,0.91000000000000003,-0.063908514082577195,0.059729100743647845
3,18003,2,6,0.92000000000000004,-0.064390346686877306,0.060165718590382701
3,18003,2,6,0.93000000000000005,-0.064865917398183384,0.060604228719609556
3,18003,2,6,0.93999999999999995,-0.06533561611780718,0.061044293680415029
3,18003,2,6,0.94999999999999996,-0.065799919982715768,0.061485521527982062
3,18003,2,6,0.95999999999999996,-0.066259208196429942,0.061927531915181057
3,18003,2,6,0.96999999999999997,-0.066713914282121325,0.062369854481560759
3,18003,2,6,0.97999999999999998,-0.06716442588612237,0.062812138901570516
3,18003,2,6,0.98999999999999999,-0.067611079368909199,0.06325397987207762
3,18003,2,6,1,-0.068054260021058285,0.063694971832633673
3,18003,2,7,0,-0.00078090719938411768,0.00025227182668457099
3,18003,2,7,0.01,-0.0010061467464779112,0.00030748177165235895
3,18003,2,7,0.02,-0.0012677064376438133,0.00036814037134380568
3,18003,2,7,0.029999999999999999,-0.0015673990828628847,0.00043432890906010534
3,18003,2,7,0.040000000000000001,-0.0019065173401082488,0.00050621152864492906
3,18003,2,7,0.050000000000000003,-0.0022860545483693448,0.00058387342225028384
3,18003,2,7,0.059999999999999998,-0.0027069970822881325,0.00066754876074994797
3,18003,2,7,0.070000000000000007,-0.0031696264782832321,0.00075735160457896563
3,18003,2,7,0.080000000000000002,-0.0036743043636353833,0.00085343730297669817
3,18003,2,7,0.089999999999999997,-0.0042209131874856483,0.00095596626093137616
3,18003,2,7,0.10000000000000001,-0.0048091462377092119,0.0010649389678458593
3,18003,2,7,0.11,-0.0054384607134299818,0.0011804448792867225
3,18003,2,7,0.12,-0.0061080095530580787,0.0013023983424378487
3,18003,2,7,0.13,-0.0068166775423122517,0.0014307313909588924
3,18003,2,7,0.14000000000000001,-0.0075631905486068926,0.0015652793962698472
3,18003,2,7,0.14999999999999999,-0.0083460231588899231,0.0017058113802719151
3,18003,2,7,0.16,-0.0091634226537173711,0.0018520160974241431
3,18003,2,7,0.17000000000000001,-0.010013582623310389,0.0020035397920197761
3,18003,2,7,0.17999999999999999,-0.010894365545397211,0.0021599472150754715
3,18003,2,7,0.19,-0.011803575629271285,0.0023207356776528709
3,18003,2,7,0.20000000000000001,-0.012738947076073757,0.0024853695911941768
3,18003,2,7,0.20999999999999999,-0.013697975271299324,0.0026532135000736541
3,18003,2,7,0.22,-0.014678180166648104,0.0028235921885003093
3,18003,2,7,0.23000000000000001,-0.015676896874296142,0.0029957939587540055
3,18003,2,7,0.23999999999999999,-0.016691466388538408,0.0031690501150737258
3,18003,2,7,0.25,-0.017719287619647677,0.0033425671698306633
3,18003,2,7,0.26000000000000001,-0.018757561455954922,0.0035155019232200554
3,18003,2,7,0.27000000000000002,-0.019803678526198226,0.0036869727463501398
3,18003,2,7,0.28000000000000003,-0.020854911931684855,0.0038560966550744646
3,18003,2,7,0.28999999999999998,-0.021908695695639257,0.0040219759412230402
3,18003,2,7,0.29999999999999999,-0.022962448361056487,0.0041836656873442289
3,18003,2,7,0.31,-0.024013746479438301,0.0043402512779063783
3,18003,2,7,0.32000000000000001,-0.025060124341009519,0.0044907871430789068
3,18003,2,7,0.33000000000000002,-0.026099306615628162,0.0046342991317702741
3,18003,2,7,0.34000000000000002,-0.027129147218076216,0.004769914513588173
3,18003,2,7,0.34999999999999998,-0.028147606303613761,0.004896653776527181
3,18003,2,7,0.35999999999999999,-0.029152800681571667,0.005013645167055031
3,18003,2,7,0.37,-0.030142968310704163,0.0051199945466617819
3,18003,2,7,0.38,-0.031116488543231915,0.0052147575224553155
3,18003,2,7,0.39000000000000001,-0.032071947754506655,0.0052971727607320921
3,18003,2,7,0.40000000000000002,-0.033008159337874522,0.0053663784401277699
3,18003,2,7,0.40999999999999998,-0.033923922267683829,0.0054215943626407387
3,18003,2,7,0.41999999999999998,-0.034818442111655835,0.0054620928580979737
3,18003,2,7,0.42999999999999999,-0.035690775924227432,0.0054870788139039272
3,18003,2,7,0.44,-0.036540463887380734,0.0054959381752273974
3,18003,2,7,0.45000000000000001,-0.037367080405245688,0.0054880641526176659
3,18003,2,7,0.46000000000000002,-0.038170289376856993,0.0054628073296630504
3,18003,2,7,0.46999999999999997,-0.038950076146511699,0.0054197086070566919
3,18003,2,7,0.47999999999999998,-0.039706348132241137,0.0053582083028294357
3,18003,2,7,0.48999999999999999,-0.040439348981556288,0.0052778899330473347
3,18003,2,7,0.5,-0.041149373904561477,0.0051784525745255843
3,18003,2,7,0.51000000000000001,-0.041836779111001622,0.0050594305721693624
3,18003,2,7,0.52000000000000002,-0.042502132460385839,0.0049207042297413376
3,18003,2,7,0.53000000000000003,-0.043146033262652324,0.0047619935071057948
3,18003,2,7,0.54000000000000004,-0.043769120561898939,0.0045831433002548397
3,18003,2,7,0.55000000000000004,-0.044372255178437188,0.0043841431841652725
3,18003,2,7,0.56000000000000005,-0.044956157977712026,0.0041648894211542102
3,18003,2,7,0.56999999999999995,-0.045521780016404001,0.0039255022982968707
3,18003,2,7,0.57999999999999996,-0.046069968798951234,0.003666024860524638
3,18003,2,7,0.58999999999999997,-0.046601630928210756,0.0033866050609990851
3,18003,2,7,0.59999999999999998,-0.04711776903750562,0.0030875178187233093
3,18003,2,7,0.60999999999999999,-0.047619224817518645,0.002768980762416301
3,18003,2,7,0.62,-0.048107022476777443,0.0024314021837122377
3,18003,2,7,0.63,-0.048581974575737451,0.0020751141001949642
3,18003,2,7,0.64000000000000001,-0.049045036555577702,0.0017006099180346148
3,18003,2,7,0.65000000000000002,-0.049497001324027477,0.0013083616952483123
3,18003,2,7,0.66000000000000003,-0.049938709065392162,0.00089896167770005947
3,18003,2,7,0.67000000000000004,-0.050370903927153828,0.00047299431116872942
3,18003,2,7,0.68000000000000005,-0.050794269026696683,3.108172283546156e-05
3,18003,2,7,0.68999999999999995,-0.051209506512116525,-0.0004260224605693308
3,18003,2,7,0.69999999999999996,-0.051617131348957838,-0.00089768268579644081
3,18003,2,7,0.70999999999999996,-0.052017727307276385,-0.0013830559198390695
3,18003,2,7,0.71999999999999997,-0.052411736384038461,-0.0018813863679647293
3,18003,2,7,0.72999999999999998,-0.05279959108955895,-0.002391820524308108
3,18003,2,7,0.73999999999999999,-0.053181652782137677,-0.0029134953556076751
3,18003,2,7,0.75,-0.053558181019595606,-0.0034455799385843325
3,18003,2,7,0.76000000000000001,-0.053929460342379172,-0.0039871286064731386
3,18003,2,7,0.77000000000000002,-0.054295631337269001,-0.0045373037657183424
3,18003,2,7,0.78000000000000003,-0.054656866912544899,-0.0050951466649486006
3,18003,2,7,0.79000000000000004,-0.055013253321789808,-0.0056597799791071749
3,18003,2,7,0.80000000000000004,-0.055364836264253564,-0.0062302566628030165
3,18003,2,7,0.81000000000000005,-0.055711637622035397,-0.0068057059486947681
3,18003,2,7,0.81999999999999995,-0.056053636913016264,-0.0073852544147662638
3,18003,2,7,0.82999999999999996,-0.056390842263268827,-0.0079679556187595511
3,18003,2,7,0.83999999999999997,-0.056723185937644659,-0.0085530082573138742
3,18003,2,7,0.84999999999999998,-0.057050613225034859,-0.0091395032725465446
3,18003,2,7,0.85999999999999999,-0.057373064258406957,-0.0097266585805861581
3,18003,2,7,0.87,-0.057690457541639976,-0.010313719865533975
3,18003,2,7,0.88,-0.058002742654384064,-0.010899869665766131
3,18003,2,7,0.89000000000000001,-0.058309847196449743,-0.011484467735709105
3,18003,2,7,0.90000000000000002,-0.058611745944153672,-0.012066766001760104
3,18003,2,7,0.91000000000000003,-0.058908375746004771,-0.012646158466599266
3,18003,2,7,0.92000000000000004,-0.059199768469186932,-0.013222072070553184
3,18003,2,7,0.93000000000000005,-0.059485942510167034,-0.013793893675950596
3,18003,2,7,0.93999999999999995,-0.05976693774582828,-0.014361178523043625
3,18003,2,7,0.94999999999999996,-0.060042858728737138,-0.014923432873193566
3,18003,2,7,0.95999999999999996,-0.060313786953243631,-0.015480216332462327
3,18003,2,7,0.96999999999999997,-0.060579897840117906,-0.016031217441891076
3,18003,2,7,0.97999999999999998,-0.060841357877475417,-0.016576075721496535
3,18003,2,7,0.98999999999999999,-0.0610983826487018,-0.017114535202728171
3,18003,2,7,1,-0.06135124719854293,-0.017646377713563959
3,18003,2,8,0,-0.00059634941721365775,-0.0006004979456844991
3,18003,2,8,0.01,-0.00073592457552289204,-0.00079571238184905071
3,18003,2,8,0.02,-0.00089756487588224954,-0.0010229309872984672
3,18003,2,8,0.029999999999999999,-0.0010826329209068181,-0.0012826836273388759
3,18003,2,8,0.040000000000000001,-0.0012925459667212592,-0.0015753945432643839
3,18003,2,8,0.050000000000000003,-0.0015283559951750284,-0.001900849144845189
3,18003,2,8,0.059999999999999998,-0.0017910309471028656,-0.0022587246668236772
3,18003,2,8,0.070000000000000007,-0.0020815561366269541,-0.0026485460544362258
3,18003,2,8,0.080000000000000002,-0.0024006880448155452,-0.003069502928236227
3,18003,2,8,0.089999999999999997,-0.0027489528479710933,-0.0035205650359587046
3,18003,2,8,0.10000000000000001,-0.0031268554492122958,-0.0040005511927669393
3,18003,2,8,0.11,-0.0035348635389471934,-0.0045082522512463023
3,18003,2,8,0.12,-0.0039731376277387029,-0.0050421823356756367
3,18003,2,8,0.13,-0.0044416586403203985,-0.0056006561061303119
3,18003,2,8,0.14000000000000001,-0.0049405500837414297,-0.0061821594446238998
3,18003,2,8,0.14999999999999999,-0.0054695241149528033,-0.0067848355372556552
3,18003,2,8,0.16,-0.0060282325337373509,-0.0074068505438351024
3,18003,2,8,0.17000000000000001,-0.006616467423313825,-0.0080465360914375346
3,18003,2,8,0.17999999999999999,-0.0072335666005520563,-0.0087019271989486977
3,18003,2,8,0.19,-0.0078788825921307527,-0.0093711131402176278
3,18003,2,8,0.20000000000000001,-0.0085518078711447759,-0.010052346365555067
3,18003,2,8,0.20999999999999999,-0.0092514450479131774,-0.010743763287767013
3,18003,2,8,0.22,-0.0099768620820696388,-0.011443509809941887
3,18003,2,8,0.23000000000000001,-0.010727178887604683,-0.012149899611741928
3,18003,2,8,0.23999999999999999,-0.011501279806778624,-0.012861227769540623
3,18003,2,8,0.25,-0.01229800905611865,-0.013575824815903588
3,18003,2,8,0.26000000000000001,-0.013116233915683886,-0.014292087430053545
3,18003,2,8,0.27000000000000002,-0.013954746477301378,-0.015008597890224171
3,18003,2,8,0.28000000000000003,-0.014812256096608132,-0.015723910464139089
3,18003,2,8,0.28999999999999998,-0.015687444835802408,-0.016436681929452669
3,18003,2,8,0.29999999999999999,-0.016579064869449753,-0.017145663598239831
3,18003,2,8,0.31,-0.017485707576950189,-0.017849717609476141
3,18003,2,8,0.32000000000000001,-0.018405958053234764,-0.018547756882750416
3,18003,2,8,0.33000000000000002,-0.019338538037885673,-0.019238730919059099
3,18003,2,8,0.34000000000000002,-0.020282030107236306,-0.019921776223228636
3,18003,2,8,0.34999999999999998,-0.021235026684074971,-0.020596083012716759
3,18003,2,8,0.35999999999999999,-0.022196215995511564,-0.021260859135806293
3,18003,2,8,0.37,-0.023164227405079552,-0.021915418954423661
3,18003,2,8,0.38,-0.024137712607608001,-0.022559229654414422
3,18003,2,8,0.39000000000000001,-0.025115396817243313,-0.023191740632210078
3,18003,2,8,0.40000000000000002,-0.026096015124060248,-0.023812444175799169
3,18003,2,8,0.40999999999999998,-0.02707832131443844,-0.024421009324703331
3,18003,2,8,0.41999999999999998,-0.028061118376419683,-0.025017091835823641
3,18003,2,8,0.42999999999999999,-0.029043266149616349,-0.025600349026667555
3,18003,2,8,0.44,-0.0300236643161098,-0.026170551369594581
3,18003,2,8,0.45000000000000001,-0.031001290352386,-0.026727550767365216
3,18003,2,8,0.46000000000000002,-0.031975164696472276,-0.02727112056347997
3,18003,2,8,0.46999999999999997,-0.032944367108675876,-0.027801149165862401
3,18003,2,8,0.47999999999999998,-0.033908071329745056,-0.028317601367090755
3,18003,2,8,0.48999999999999999,-0.034865502732370615,-0.02882035080302944
3,18003,2,8,0.5,-0.035815968901975054,-0.029309361406726672
3,18003,2,8,0.51000000000000001,-0.0367588495849877,-0.029784646159262036
3,18003,2,8,0.52000000000000002,-0.037693609320540146,-0.030246164985011745
3,18003,2,8,0.53000000000000003,-0.03861979166634185,-0.030693911060366137
3,18003,2,8,0.54000000000000004,-0.039537038737598368,-0.031127989446346763
3,18003,2,8,0.55000000000000004,-0.040445033451486138,-0.031548375065546939
3,18003,2,8,0.56000000000000005,-0.041343567428071111,-0.031955063605774069
3,18003,2,8,0.56999999999999995,-0.042232529547849916,-0.032348198639865912
3,18003,2,8,0.57999999999999996,-0.043111836633772445,-0.032727831950912743
3,18003,2,8,0.58999999999999997,-0.043981505230397434,-0.033093951384626223
3,18003,2,8,0.59999999999999998,-0.044841650362754948,-0.033446708240499938
3,18003,2,8,0.60999999999999999,-0.045692416099093282,-0.033786190681833084
3,18003,2,8,0.62,-0.046533989827200861,-0.034112394820035134
3,18003,2,8,0.63,-0.04736667994979795,-0.034425421835705135
3,18003,2,8,0.64000000000000001,-0.048190834413551625,-0.034725430604522073
3,18003,2,8,0.65000000000000002,-0.049006798092125638,-0.035012455885853701
3,18003,2,8,0.66000000000000003,-0.049814990481493938,-0.035286534300533051
3,18003,2,8,0.67000000000000004,-0.050615881100648741,-0.035547856118270174
3,18003,2,8,0.68000000000000005,-0.051409924515097516,-0.035796447491553737
3,18003,2,8,0.68999999999999995,-0.052197603461659477,-0.036032356726794147
3,18003,2,8,0.69999999999999996,-0.052979454632864888,-0.036255786187724702
3,18003,2,8,0.70999999999999996,-0.053755969285977583,-0.036466772111975146
3,18003,2,8,0.71999999999999997,-0.054527642172771874,-0.036665333550751134
3,18003,2,8,0.72999999999999998,-0.055294984106947574,-0.036851667745262821
3,18003,2,8,0.73999999999999999,-0.056058490090438597,-0.037025811420064059
3,18003,2,8,0.75,-0.056818599836732708,-0.0371878215844628
3,18003,2,8,0.76000000000000001,-0.057575765789755796,-0.037337837650080884
3,18003,2,8,0.77000000000000002,-0.058330390380852776,-0.037475927502867462
3,18003,2,8,0.78000000000000003,-0.059082813912601451,-0.037602137739206863
3,18003,2,8,0.79000000000000004,-0.059833360471688864,-0.037716511958446768
3,18003,2,8,0.80000000000000004,-0.06058232454382171,-0.037819184076769187
3,18003,2,8,0.81000000000000005,-0.061329898846626769,-0.037910182718126705
3,18003,2,8,0.81999999999999995,-0.062076277328255443,-0.037989485956882833
3,18003,2,8,0.82999999999999996,-0.0628215999533102,-0.038057246711770444
3,18003,2,8,0.83999999999999997,-0.063565917711078793,-0.03811346542547641
3,18003,2,8,0.84999999999999998,-0.064309240149374503,-0.038158072833609287
3,18003,2,8,0.85999999999999999,-0.065051551104313182,-0.038191215694097884
3,18003,2,8,0.87,-0.06579277297591607,-0.038212873115457534
3,18003,2,8,0.88,-0.066532739780670827,-0.03822296667203081
3,18003,2,8,0.89000000000000001,-0.067271281770865832,-0.038221588844799245
3,18003,2,8,0.90000000000000002,-0.068008176383213256,-0.038208682529591927
3,18003,2,8,0.91000000000000003,-0.068743127630921427,-0.038184203024818703
3,18003,2,8,0.92000000000000004,-0.069475852124263215,-0.038148176872898176
3,18003,2,8,0.93000000000000005,-0.07020601751208716,-0.038100573082550271
3,18003,2,8,0.93999999999999995,-0.070933260723031868,-0.038041358312364916
3,18003,2,8,0.94999999999999996,-0.071657178623498505,-0.037970488917597495
3,18003,2,8,0.95999999999999996,-0.07237738198919029,-0.037887989395544365
3,18003,2,8,0.96999999999999997,-0.073093464698172336,-0.037793848107935783
3,18003,2,8,0.97999999999999998,-0.073804978132019472,-0.037687989526280531
3,18003,2,8,0.98999999999999999,-0.074511530595133546,-0.03757051343200591
3,18003,2,8,1,-0.07521271755519443,-0.037441455411879196
4,18004,1,1,0,7.5539698400869007e-05,-0.0013939017020570914
4,18004,1,1,0.01,8.4412463374976631e-05,-0.0017379063348561105
4,18004,1,1,0.02,9.3599793369855512e-05,-0.0021334054390104626
4,18004,1,1,0.029999999999999999,0.00010313756547562337,-0.0025827886366375902
4,18004,1,1,0.040000000000000001,0.00011305665001566378,-0.0030879713088614036
4,18004,1,1,0.050000000000000003,0.00012341212566223251,-0.0036500401805417901
4,18004,1,1,0.059999999999999998,0.00013427153900933349,-0.004270260708046065
4,18004,1,1,0.070000000000000007,0.00014567163761831657,-0.0049488921268130781
4,18004,1,1,0.080000000000000002,0.00015767115055381241,-0.0056863604401977477
4,18004,1,1,0.089999999999999997,0.00017032315513465274,-0.0064821896001852749
4,18004,1,1,0.10000000000000001,0.00018367450302174867,-0.0073358535855819794
4,18004,1,1,0.11,0.00019775787589436885,-0.0082465568685640266
4,18004,1,1,0.12,0.00021259879523379522,-0.0092126104283906472
4,18004,1,1,0.13,0.00022822300572690124,-0.010232631040246644
4,18004,1,1,0.14000000000000001,0.00024462409848039347,-0.011304417945628384
4,18004,1,1,0.14999999999999999,0.00026180522280817528,-0.012425994962991266
4,18004,1,1,0.16,0.00027975178897852689,-0.013594670815842315
4,18004,1,1,0.17000000000000001,0.0002984279768085038,-0.014807585770127148
4,18004,1,1,0.17999999999999999,0.000317803345743542,-0.016062044584307166
4,18004,1,1,0.19,0.00033783032386251966,-0.017354504426912557
4,18004,1,1,0.20000000000000001,0.00035846615333252262,-0.018681885221489149
4,18004,1,1,0.20999999999999999,0.00037964872742115874,-0.020040779632553424
4,18004,1,1,0.22,0.00040132459799518922,-0.021427408390523376
4,18004,1,1,0.23000000000000001,0.00042344574358224818,-0.022838190582899761
4,18004,1,1,0.23999999999999999,0.00044595501475247571,-0.024269597384227487
4,18004,1,1,0.25,0.00046881532253207719,-0.025717884715353505
4,18004,1,1,0.26000000000000001,0.00049198807939785109,-0.027179224489753948
4,18004,1,1,0.27000000000000002,0.00051544570611685239,-0.028650009079444577
4,18004,1,1,0.28000000000000003,0.00053918521427412142,-0.030126672099417069
4,18004,1,1,0.28999999999999998,0.00056320173571943724,-0.031605639195253908
4,18004,1,1,0.29999999999999999,0.00058751683250272231,-0.033083430110874189
4,18004,1,1,0.31,0.00061216843070492481,-0.034556913658470412
4,18004,1,1,0.32000000000000001,0.00063720274459614301,-0.036022692190591267
4,18004,1,1,0.33000000000000002,0.00066268892263756307,-0.037477744430876203
4,18004,1,1,0.34000000000000002,0.00068870726816789608,-0.038919344873599201
4,18004,1,1,0.34999999999999998,0.00071535714802145134,-0.040344598325620047
4,18004,1,1,0.35999999999999999,0.00074274064904003524,-0.041751052949001409
4,18004,1,1,0.37,0.00077098156902450255,-0.043136343388126379
4,18004,1,1,0.38,0.00080020700206108952,-0.044498329796888524
4,18004,1,1,0.39000000000000001,0.00083054079399098217,-0.045835057928559492
4,18004,1,1,0.40000000000000002,0.00086212498812746812,-0.047144732955491063
4,18004,1,1,0.40999999999999998,0.00089509180371948006,-0.048425811410942578
4,18004,1,1,0.41999999999999998,0.00092957001139446025,-0.049676896163726142
4,18004,1,1,0.42999999999999999,0.00096567957573342187,-0.050896867928211624
4,18004,1,1,0.44,0.0010035402331134357,-0.052084622385427104
4,18004,1,1,0.45000000000000001,0.0010432588242433437,-0.053239439977283164
4,18004,1,1,0.46000000000000002,0.0010849207141323597,-0.054360656684364857
4,18004,1,1,0.46999999999999997,0.0011286106623855565,-0.055447741000033857
4,18004,1,1,0.47999999999999998,0.0011743826239161326,-0.056500501695017302
4,18004,1,1,0.48999999999999999,0.0012222757704087926,-0.05751867479922438
4,18004,1,1,0.5,0.0012723179498243902,-0.058502246584230318
4,18004,1,1,0.51000000000000001,0.0013245209514223955,-0.059451365167432886
4,18004,1,1,0.52000000000000002,0.0013788653576359614,-0.060366214347046532
4,18004,1,1,0.53000000000000003,0.001435317707948426,-0.061247117112781246
4,18004,1,1,0.54000000000000004,0.0014938318574248706,-0.062094565262362796
4,18004,1,1,0.55000000000000004,0.0015543491268655552,-0.062908963341227267
4,18004,1,1,0.56000000000000005,0.0016167859480598213,-0.063690990200990047
4,18004,1,1,0.56999999999999995,0.0016810495764067255,-0.064441310601881491
4,18004,1,1,0.57999999999999996,0.0017470408640194643,-0.065160483010146389
4,18004,1,1,0.58999999999999997,0.0018146390169170034,-0.065849428235155896
4,18004,1,1,0.59999999999999998,0.0018837281558250183,-0.066508908102858491
4,18004,1,1,0.60999999999999999,0.0019541874878598576,-0.067139653350080084
4,18004,1,1,0.62,0.0020258802037699444,-0.067742550845276514
4,18004,1,1,0.63,0.0020986790373224611,-0.068318386412181617
4,18004,1,1,0.64000000000000001,0.0021724532054287408,-0.068868018109288678
4,18004,1,1,0.65000000000000002,0.0022470775121147452,-0.069392314675851441
4,18004,1,1,0.66000000000000003,0.00232242579794995,-0.069892159464858328
4,18004,1,1,0.67000000000000004,0.002398380700867446,-0.070368237860869889
4,18004,1,1,0.68000000000000005,0.0024748345611262097,-0.070821364821458996
4,18004,1,1,0.68999999999999995,0.0025516805110521418,-0.071252376687390165
4,18004,1,1,0.69999999999999996,0.0026288349536552104,-0.071661936566810455
4,18004,1,1,0.70999999999999996,0.0027062097088908529,-0.072050774063791956
4,18004,1,1,0.71999999999999997,0.0027837335875650002,-0.07241953924561835
4,18004,1,1,0.72999999999999998,0.0028613513842816918,-0.072768932279241805
4,18004,1,1,0.73999999999999999,0.0029390083218503705,-0.073099533049864079
4,18004,1,1,0.75,0.0030166762672765627,-0.073411914522625923
4,18004,1,1,0.76000000000000001,0.0030943267971920807,-0.073706694597823877
4,18004,1,1,0.77000000000000002,0.0031719489538215104,-0.073984266432527576
4,18004,1,1,0.78000000000000003,0.0032495462396993145,-0.074245082330099521
4,18004,1,1,0.79000000000000004,0.0033271204702253854,-0.074489728540068204
4,18004,1,1,0.80000000000000004,0.0034046977719605653,-0.074718654005094295
4,18004,1,1,0.81000000000000005,0.0034823038168499665,-0.074932124158714544
4,18004,1,1,0.81999999999999995,0.0035599811179534251,-0.075130580779855752
4,18004,1,1,0.82999999999999996,0.003637774407548412,-0.075314484085753239
4,18004,1,1,0.83999999999999997,0.003715734001857172,-0.075484077293003118
4,18004,1,1,0.84999999999999998,0.0037939211709734823,-0.075639765148305269
4,18004,1,1,0.85999999999999999,0.0038724009307986311,-0.075781877260795202
4,18004,1,1,0.87,0.0039512427719363193,-0.075910698806047672
4,18004,1,1,0.88,0.0040305113008870909,-0.076026608881342231
4,18004,1,1,0.89000000000000001,0.0041102831654485639,-0.076129995506685005
4,18004,1,1,0.90000000000000002,0.0041906301424576462,-0.076221207565811841
4,18004,1,1,0.91000000000000003,0.0042716239162607699,-0.076300461380528747
4,18004,1,1,0.92000000000000004,0.0043533390328362037,-0.076368219844188179
4,18004,1,1,0.93000000000000005,0.0044358426187340707,-0.076424864571038337
4,18004,1,1,0.93999999999999995,0.0045191975906703442,-0.07647073908139021
4,18004,1,1,0.94999999999999996,0.0046034635096002573,-0.076506282466351327
4,18004,1,1,0.95999999999999996,0.0046887067044366071,-0.076531910633400382
4,18004,1,1,0.96999999999999997,0.0047749649978298045,-0.076548067533162623
4,18004,1,1,0.97999999999999998,0.0048622840291042075,-0.076555178208588134
4,18004,1,1,0.98999999999999999,0.0049507003358643525,-0.076553796832460261
4,18004,1,1,1,0.005040233264905168,-0.076544410096380452
4,18004,1,2,0,0.0010286004988806867,-0.0011230843057456936
4,18004,1,2,0.01,0.0012762839127433824,-0.0013845192811222998
4,18004,1,2,0.02,0.0015612466020403859,-0.0016844853032395048
4,18004,1,2,0.029999999999999999,0.0018854840454516943,-0.0020250189679272856
4,18004,1,2,0.040000000000000001,0.0022504843510803177,-0.0024075322103633422
4,18004,1,2,0.050000000000000003,0.0026572565762596457,-0.0028330991739732663
4,18004,1,2,0.059999999999999998,0.0031067408790461308,-0.0033026305204660756
4,18004,1,2,0.070000000000000007,0.0035995589192945317,-0.0038167751415699191
4,18004,1,2,0.080000000000000002,0.0041357466786594299,-0.0043756237942754435
4,18004,1,2,0.089999999999999997,0.0047153691858327403,-0.0049792678824655528
4,18004,1,2,0.10000000000000001,0.0053379333342819281,-0.0056272831851943454
4,18004,1,2,0.11,0.006002755385909983,-0.006319091071118616
4,18004,1,2,0.12,0.0067087947924033206,-0.0070536922253783933
4,18004,1,2,0.13,0.0074549596705390147,-0.0078301284951670849
4,18004,1,2,0.14000000000000001,0.0082396405727164432,-0.0086468645742936862
4,18004,1,2,0.14999999999999999,0.0090610802942901521,-0.00950224852130333
4,18004,1,2,0.16,0.0099174554122669623,-0.010394558577041706
4,18004,1,2,0.17000000000000001,0.010806577408719722,-0.011321657837370443
4,18004,1,2,0.17999999999999999,0.011726245633009155,-0.012281462620258712
4,18004,1,2,0.19,0.012674040277440041,-0.013271554004130132
4,18004,1,2,0.20000000000000001,0.013647571541277964,-0.014289595977598104
4,18004,1,2,0.20999999999999999,0.01464409237412387,-0.01533284676460437
4,18004,1,2,0.22,0.015661153758574877,-0.016398798619071422
4,18004,1,2,0.23000000000000001,0.01669605675555139,-0.017484735743207597
4,18004,1,2,0.23999999999999999,0.017746125555011875,-0.018587860264367793
4,18004,1,2,0.25,0.01880886348878907,-0.019705563553563055
4,18004,1,2,0.26000000000000001,0.019881728133681765,-0.020835147786207261
4,18004,1,2,0.27000000000000002,0.020962095288300675,-0.021973812565546022
4,18004,1,2,0.28000000000000003,0.022047601137355415,-0.023118990450785842
4,18004,1,2,0.28999999999999998,0.023135886261038515,-0.024268084159659625
4,18004,1,2,0.29999999999999999,0.024224625501905534,-0.025418545803001218
4,18004,1,2,0.31,0.025311794225361211,-0.026568074672435337
4,18004,1,2,0.32000000000000001,0.026395332798038202,-0.027714360861119443
4,18004,1,2,0.33000000000000002,0.027473263921591714,-0.02885518059073465
4,18004,1,2,0.34000000000000002,0.028543893933772446,-0.029988546409551009
4,18004,1,2,0.34999999999999998,0.029605478438567132,-0.031112498729464436
4,18004,1,2,0.35999999999999999,0.030656421955139363,-0.032225196213334979
4,18004,1,2,0.37,0.031695371165168983,-0.033325075787299957
4,18004,1,2,0.38,0.032720966374609695,-0.034410603716640814
4,18004,1,2,0.39000000000000001,0.033731989344472378,-0.035480394540703196
4,18004,1,2,0.40000000000000002,0.034727335866280622,-0.036533219635096627
4,18004,1,2,0.40999999999999998,0.035706052009719429,-0.037568020185300095
4,18004,1,2,0.41999999999999998,0.036667201572909855,-0.038583803527545223
4,18004,1,2,0.42999999999999999,0.037610041705513568,-0.039579802759422064
4,18004,1,2,0.44,0.038533905829825528,-0.040555345573833529
4,18004,1,2,0.45000000000000001,0.039438055512243615,-0.041509767822427331
4,18004,1,2,0.46000000000000002,0.040322199887313059,-0.042442832097352494
4,18004,1,2,0.46999999999999997,0.041185683054798784,-0.043353972986423989
4,18004,1,2,0.47999999999999998,0.042028356412119577,-0.044243195268862223
4,18004,1,2,0.48999999999999999,0.042849855924761905,-0.045110296343580679
4,18004,1,2,0.5,0.043650044296838476,-0.045955277929766565
4,18004,1,2,0.51000000000000001,0.04442877950667324,-0.046778277973280435
4,18004,1,2,0.52000000000000002,0.045186055088999644,-0.047579418687922009
4,18004,1,2,0.53000000000000003,0.045921853265517697,-0.048358955911137293
4,18004,1,2,0.54000000000000004,0.046636385582902028,-0.0491173146342491
4,18004,1,2,0.55000000000000004,0.047329623986568779,-0.049854695302148748
4,18004,1,2,0.56000000000000005,0.048001991207193784,-0.05057174962830862
4,18004,1,2,0.56999999999999995,0.048653567387275609,-0.051268822300502413
4,18004,1,2,0.57999999999999996,0.049284784382711028,-0.051946515479691042
4,18004,1,2,0.58999999999999997,0.049895967604214914,-0.052605391108536466
4,18004,1,2,0.59999999999999998,0.050487530406248211,-0.053246035168595295
4,18004,1,2,0.60999999999999999,0.051059936385912295,-0.053869097316574653
4,18004,1,2,0.62,0.051613641714736813,-0.054475174760319621
4,18004,1,2,0.63,0.052149156070947222,-0.055064928347483756
4,18004,1,2,0.64000000000000001,0.05266700835858229,-0.055638994596551743
4,18004,1,2,0.65000000000000002,0.053167780388517251,-0.056198024275880963
4,18004,1,2,0.66000000000000003,0.053652014053380853,-0.056742640690783129
4,18004,1,2,0.67000000000000004,0.054120307276837587,-0.057273461423323922
4,18004,1,2,0.68000000000000005,0.054573218478692793,-0.057791071988049135
4,18004,1,2,0.68999999999999995,0.055011351199895787,-0.058296066080589126
4,18004,1,2,0.69999999999999996,0.055435270885091786,-0.058789001364231076
4,18004,1,2,0.70999999999999996,0.055845571264971049,-0.059270392092611306
4,18004,1,2,0.71999999999999997,0.056242812989793382,-0.059740766794891258
4,18004,1,2,0.72999999999999998,0.056627604106608172,-0.060200635680276192
4,18004,1,2,0.73999999999999999,0.05700036726232436,-0.060650348823789779
4,18004,1,2,0.75,0.057361730589026251,-0.061090435078534462
4,18004,1,2,0.76000000000000001,0.057712051420876785,-0.06152117739833133
4,18004,1,2,0.77000000000000002,0.058051853150870275,-0.061942971570156935
4,18004,1,2,0.78000000000000003,0.05838161318851029,-0.062356213511392679
4,18004,1,2,0.79000000000000004,0.058701714356151381,-0.062761195314441937
4,18004,1,2,0.80000000000000004,0.059012507994608138,-0.063158172843907387
4,18004,1,2,0.81000000000000005,0.059314392987543346,-0.063547482374461686
4,18004,1,2,0.81999999999999995,0.059607601692761102,-0.063929328730127036
4,18004,1,2,0.82999999999999996,0.059892436017497143,-0.064303934352675229
4,18004,1,2,0.83999999999999997,0.060169172560416873,-0.064671564562849032
4,18004,1,2,0.84999999999999998,0.060438010653004616,-0.065032452551233619
4,18004,1,2,0.85999999999999999,0.060699140293447078,-0.065386747679758356
4,18004,1,2,0.87,0.060952746662918389,-0.065734731167723215
4,18004,1,2,0.88,0.061198933190952466,-0.066076575199248727
4,18004,1,2,0.89000000000000001,0.061437783347584006,-0.066412408992884892
4,18004,1,2,0.90000000000000002,0.061669422453685258,-0.066742537330900464
4,18004,1,2,0.91000000000000003,0.06189393312111411,-0.067067143236828025
4,18004,1,2,0.92000000000000004,0.062111299858740893,-0.067386355435851947
4,18004,1,2,0.93000000000000005,0.062321570830031307,-0.067700457487396573
4,18004,1,2,0.93999999999999995,0.062524786661713169,-0.068009658971256617
4,18004,1,2,0.94999999999999996,0.06272086767639222,-0.068314083578020754
4,18004,1,2,0.95999999999999996,0.062909880875529678,-0.068614075748270123
4,18004,1,2,0.96999999999999997,0.06309183564872721,-0.068909839636793604
4,18004,1,2,0.97999999999999998,0.063266626182910665,-0.069201549429408857
4,18004,1,2,0.98999999999999999,0.063434307886090599,-0.069489510363475546
4,18004,1,2,1,0.063594856688529169,-0.069773954744787467
4,18004,1,3,0,0.001434368703617674,-6.4897158764801177e-05
4,18004,1,3,0.01,0.0017736063157847597,-8.7872599948208533e-05
4,18004,1,3,0.02,0.0021648781376872087,-0.00011286680241332859
4,18004,1,3,0.029999999999999999,0.0026115145081966203,-0.00013955762491447144
4,18004,1,3,0.040000000000000001,0.0031146969918836461,-0.00016758391889655814
4,18004,1,3,0.050000000000000003,0.003676536945515041,-0.0001965976236013627
4,18004,1,3,0.059999999999999998,0.004297712239565322,-0.00022622167484798121
4,18004,1,3,0.070000000000000007,0.0049791184620519274,-0.00025613030986148464
4,18004,1,3,0.080000000000000002,0.0057209049493995925,-0.00028597483594705874
4,18004,1,3,0.089999999999999997,0.006522976696119326,-0.00031548223295355197
4,18004,1,3,0.10000000000000001,0.007384791248788939,-0.00034437610067276594
4,18004,1,3,0.11,0.0083054249561900547,-0.00037243985007645239
4,18004,1,3,0.12,0.0092835976388761076,-0.00039950440748859497
4,18004,1,3,0.13,0.010317860474187078,-0.00042541759444881248
4,18004,1,3,0.14000000000000001,0.011406198439392281,-0.00045012290111660973
4,18004,1,3,0.14999999999999999,0.012546586388149599,-0.00047355121938619352
4,18004,1,3,0.16,0.013736552339930449,-0.00049572852450743094
4,18004,1,3,0.17000000000000001,0.014973463345704674,-0.00051668638848986238
4,18004,1,3,0.17999999999999999,0.016254538476777384,-0.0005365064125184175
4,18004,1,3,0.19,0.017576585383692004,-0.00055530529895992731
4,18004,1,3,0.20000000000000001,0.01893644643109484,-0.00057319651554769979
4,18004,1,3,0.20999999999999999,0.020330758221788609,-0.000590351956733588
4,18004,1,3,0.22,0.021755886469106544,-0.00060691538257061047
4,18004,1,3,0.23000000000000001,0.023208477497690783,-0.00062305476408007607
4,18004,1,3,0.23999999999999999,0.024684549362236147,-0.0006389334560586166
4,18004,1,3,0.25,0.026180816073967762,-0.00065468280131560086
4,18004,1,3,0.26000000000000001,0.027693152627349286,-0.00067046676159705982
4,18004,1,3,0.27000000000000002,0.029218245275058643,-0.00068636363252876315
4,18004,1,3,0.28000000000000003,0.030752011519975933,-0.00070250142357407546
4,18004,1,3,0.28999999999999998,0.032291137225854562,-0.00071891169352017328
4,18004,1,3,0.29999999999999999,0.033831856066666992,-0.00073567323668451493
4,18004,1,3,0.31,0.03537084720932105,-0.00075276789367978317
4,18004,1,3,0.32000000000000001,0.036904766556468967,-0.00077021929824669898
4,18004,1,3,0.33000000000000002,0.038430401543937516,-0.00078796951769834406
4,18004,1,3,0.34000000000000002,0.039944772278318642,-0.000806002168483305
4,18004,1,3,0.34999999999999998,0.041445006662657088,-0.00082422555858196469
4,18004,1,3,0.35999999999999999,0.042928412924883641,-0.00084258978932867602
4,18004,1,3,0.37,0.04439260247941923,-0.00086099373771820738
4,18004,1,3,0.38,0.045835233358905492,-0.00087937072307074941
4,18004,1,3,0.39000000000000001,0.047254381015926772,-0.00089763096019822243
4,18004,1,3,0.40000000000000002,0.048648172219531223,-0.00091570336553590864
4,18004,1,3,0.40999999999999998,0.050015011819789727,-0.00093352859341489186
4,18004,1,3,0.41999999999999998,0.051353596499232761,-0.00095104722718166498
4,18004,1,3,0.42999999999999999,0.052662758947748883,-0.0009682341676603808
4,18004,1,3,0.44,0.053941592516376313,-0.00098505522494841285
4,18004,1,3,0.45000000000000001,0.05518944666382531,-0.0010015187096722039
4,18004,1,3,0.46000000000000002,0.056405683198726742,-0.0010176259140448106
4,18004,1,3,0.46999999999999997,0.057590259849917995,-0.0010334203248862151
4,18004,1,3,0.47999999999999998,0.058742685145022865,-0.0010489294115314659
4,18004,1,3,0.48999999999999999,0.059863508945587694,-0.0010642301995040483
4,18004,1,3,0.5,0.060952353787595732,-0.0010793640699699736
4,18004,1,3,0.51000000000000001,0.062010212487165477,-0.001094436655022855
4,18004,1,3,0.52000000000000002,0.063036962438466945,-0.0011094921945966126
4,18004,1,3,0.53000000000000003,0.064033732314623892,-0.0011246344999068208
4,18004,1,3,0.54000000000000004,0.065000821712520584,-0.0011399181903963024
4,18004,1,3,0.55000000000000004,0.065939296566934966,-0.0011554262355278368
4,18004,1,3,0.56000000000000005,0.066849821812647939,-0.0011712126253124149
4,18004,1,3,0.56999999999999995,0.067733389572944683,-0.0011873273736597203
4,18004,1,3,0.57999999999999996,0.068590906500545626,-0.0012038099323360668
4,18004,1,3,0.58999999999999997,0.06942327364940401,-0.0012206778094276248
4,18004,1,3,0.59999999999999998,0.070231539175550348,-0.0012379353370493642
4,18004,1,3,0.60999999999999999,0.071016542592666099,-0.0012555800382121538
4,18004,1,3,0.62,0.071779375475868087,-0.0012735818770794108
4,18004,1,3,0.63,0.072520775300361898,-0.0012919325142270236
4,18004,1,3,0.64000000000000001,0.073241806391187186,-0.0013105434494120355
4,18004,1,3,0.65000000000000002,0.073943103323087803,-0.0013293818927151365
4,18004,1,3,0.66000000000000003,0.074625660471250688,-0.0013483247151586293
4,18004,1,3,0.67000000000000004,0.075289994069339325,-0.0013673092244037715
4,18004,1,3,0.68000000000000005,0.075936951246340631,-0.0013861949840960636
4,18004,1,3,0.68999999999999995,0.07656702961312159,-0.0014048958342419982
4,18004,1,3,0.69999999999999996,0.07718089176965566,-0.0014232710203524034
4,18004,1,3,0.70999999999999996,0.077778948629459999,-0.0014412226065093267
4,18004,1,3,0.71999999999999997,0.078361726840032245,-0.0014586118615232003
4,18004,1,3,0.72999999999999998,0.078929481539290317,-0.0014753689732331799
4,18004,1,3,0.73999999999999999,0.079482671040764993,-0.001491370717742185
4,18004,1,3,0.75,0.080021374243977886,-0.0015065685474976581
4,18004,1,3,0.76000000000000001,0.080545965479822859,-0.0015208554180681389
4,18004,1,3,0.77000000000000002,0.081056448872735665,-0.0015342048731727253
4,18004,1,3,0.78000000000000003,0.081553157674747925,-0.0015465552140454808
4,18004,1,3,0.79000000000000004,0.082036038139026421,-0.0015578837218955602
4,18004,1,3,0.80000000000000004,0.082505293261364729,-0.0015681797423191095
4,18004,1,3,0.81000000000000005,0.082960913776596548,-0.001577429876377463
4,18004,1,3,0.81999999999999995,0.083402979047039472,-0.001585666752186744
4,18004,1,3,0.82999999999999996,0.083831539173695388,-0.0015928998173919112
4,18004,1,3,0.83999999999999997,0.084246661769037709,-0.0015991685844468316
4,18004,1,3,0.84999999999999998,0.084648352371389568,-0.001604521991254431
4,18004,1,3,0.85999999999999999,0.085036852414055411,-0.0016090051513304923
4,18004,1,3,0.87,0.085412069955843009,-0.0016126891036735876
4,18004,1,3,0.88,0.085774394410496183,-0.0016156139829001548
4,18004,1,3,0.89000000000000001,0.086123710592190886,-0.0016178523118302896
4,18004,1,3,0.90000000000000002,0.086460494398625784,-0.0016194440081369703
4,18004,1,3,0.91000000000000003,0.086784783339362861,-0.0016204312594971151
4,18004,1,3,0.92000000000000004,0.087097002076359328,-0.0016208529134377585
4,18004,1,3,0.93000000000000005,0.087397380406134026,-0.0016207040367522772
4,18004,1,3,0.93999999999999995,0.087686351042074215,-0.0016200114570290903
4,18004,1,3,0.94999999999999996,0.087964312472618156,-0.0016187230830061506
4,18004,1,3,0.95999999999999996,0.088231773234728431,-0.0016168183951918342
4,18004,1,3,0.96999999999999997,0.088489138253907584,-0.0016141981347628832
4,18004,1,3,0.97999999999999998,0.088737126088868912,-0.0016107798059953743
4,18004,1,3,0.98999999999999999,0.08897606535223157,-0.0016064116024986363
4,18004,1,3,1,0.089206892033066601,-0.0016009434938199739
4,18004,1,4,0,0.0011829192875917975,0.0010269942118038417
4,18004,1,4,0.01,0.0014404281412123904,0.0012681204315618992
4,18004,1,4,0.02,0.0017342820543298644,0.0015460409684902763
4,18004,1,4,0.029999999999999999,0.002066279842015318,0.0018627653827126879
4,18004,1,4,0.040000000000000001,0.0024373508130906088,0.0022193907318509057
4,18004,1,4,0.050000000000000003,0.0028484012089231795,0.0026168930815904964
4,18004,1,4,0.059999999999999998,0.0033002018041078797,0.0030560836134098236
4,18004,1,4,0.070000000000000007,0.0037929256682370164,0.003537049754587357
4,18004,1,4,0.080000000000000002,0.0043267428168925568,0.0040598372104968727
4,18004,1,4,0.089999999999999997,0.0049015502691987381,0.0046241301444464051
4,18004,1,4,0.10000000000000001,0.0055168001817615395,0.0052291091107498806
4,18004,1,4,0.11,0.0061721275960708345,0.0058740851090089185
4,18004,1,4,0.12,0.0068664910720761781,0.0065576549464392009
4,18004,1,4,0.13,0.0075989717252404922,0.0072784765292124923
4,18004,1,4,0.14000000000000001,0.0083681139041593029,0.0080346768828946057
4,18004,1,4,0.14999999999999999,0.0091725888727987176,0.0088244664998706288
4,18004,1,4,0.16,0.010010609108998862,0.0096456633121438356
4,18004,1,4,0.17000000000000001,0.010880471056246439,0.010496113868906235
4,18004,1,4,0.17999999999999999,0.011780088614605203,0.011373384094819158
4,18004,1,4,0.19,0.012707261767954904,0.012274904467037414
4,18004,1,4,0.20000000000000001,0.013659748244162238,0.013198143880247981
4,18004,1,4,0.20999999999999999,0.014635108238260546,0.014140440558552623
4,18004,1,4,0.22,0.015630942151078884,0.015099172300192275
4,18004,1,4,0.23000000000000001,0.016644685892742497,0.016071714680105573
4,18004,1,4,0.23999999999999999,0.017673586495045541,0.017055214968415392
4,18004,1,4,0.25,0.018715071691267779,0.018047117345254497
4,18004,1,4,0.26000000000000001,0.019766437042317796,0.019044784204145637
4,18004,1,4,0.27000000000000002,0.020825051055051117,0.020045681120443033
4,18004,1,4,0.28000000000000003,0.021888359508335661,0.021047441376464623
4,18004,1,4,0.28999999999999998,0.022953643107320523,0.022047520091648124
4,18004,1,4,0.29999999999999999,0.024018485007511581,0.023043753911033596
4,18004,1,4,0.31,0.025080428323829923,0.024033930041524754
4,18004,1,4,0.32000000000000001,0.026137181403895732,0.025016039040727137
4,18004,1,4,0.33000000000000002,0.027186628320361644,0.025988233138653411
4,18004,1,4,0.34000000000000002,0.028226579931122219,0.026948613052688492
4,18004,1,4,0.34999999999999998,0.02925524010876801,0.027895648153141408
4,18004,1,4,0.35999999999999999,0.030270696147941912,0.028827663525921355
4,18004,1,4,0.37,0.031271519560760186,0.029743484570706011
4,18004,1,4,0.38,0.032256160612287019,0.030641740403413286
4,18004,1,4,0.39000000000000001,0.033223423479128072,0.031521442050900232
4,18004,1,4,0.40000000000000002,0.034172179240915847,0.032381597193114169
4,18004,1,4,0.40999999999999998,0.035101484056744368,0.033221383271189203
4,18004,1,4,0.41999999999999998,0.036010632872497055,0.034040197737116501
4,18004,1,4,0.42999999999999999,0.036899021099821287,0.034837462148624793
4,18004,1,4,0.44,0.037766189791087895,0.035612789586261732
4,18004,1,4,0.45000000000000001,0.038611943873695702,0.036365964357029421
4,18004,1,4,0.46000000000000002,0.039435954740260883,0.037096672088903826
4,18004,1,4,0.46999999999999997,0.040238441758085663,0.037805084857527871
4,18004,1,4,0.47999999999999998,0.041019328589868335,0.0384910890158476
4,18004,1,4,0.48999999999999999,0.041779017642337823,0.039155041914642454
4,18004,1,4,0.5,0.042517677400544407,0.039797059906156666
4,18004,1,4,0.51000000000000001,0.043235806049111258,0.040417600424856349
4,18004,1,4,0.52000000000000002,0.043933809951218233,0.041017020653608828
4,18004,1,4,0.53000000000000003,0.044612387673877006,0.041595991337053627
4,18004,1,4,0.54000000000000004,0.045271989641817278,0.042154937571475204
4,18004,1,4,0.55000000000000004,0.045913399452972022,0.042694645944294722
4,18004,1,4,0.56000000000000005,0.04653714578932288,0.043215666230588597
4,18004,1,4,0.56999999999999995,0.047144003827550914,0.043718799711409274
4,18004,1,4,0.57999999999999996,0.047734664051901458,0.044204800859689926
4,18004,1,4,0.58999999999999997,0.048309806685893984,0.044674415171521424
4,18004,1,4,0.59999999999999998,0.048870135854520345,0.045128451465308743
4,18004,1,4,0.60999999999999999,0.049416326520723954,0.045567709667795588
4,18004,1,4,0.62,0.049948972187400374,0.045992905449558474
4,18004,1,4,0.63,0.050468786606616273,0.046404912049728325
4,18004,1,4,0.64000000000000001,0.050976252974711554,0.046804364993427217
4,18004,1,4,0.65000000000000002,0.051472010778601494,0.04719207743851609
4,18004,1,4,0.66000000000000003,0.05195649849726678,0.047568675316648872
4,18004,1,4,0.67000000000000004,0.052430191092428392,0.047934804075134528
4,18004,1,4,0.68000000000000005,0.052893527211622243,0.048291083455210417
4,18004,1,4,0.68999999999999995,0.053346867570260505,0.048638045360076647
4,18004,1,4,0.69999999999999996,0.053790571265469288,0.048976212247857052
4,18004,1,4,0.70999999999999996,0.054224927671455071,0.049306034117076424
4,18004,1,4,0.71999999999999997,0.054650169688543755,0.049627875897918818
4,18004,1,4,0.72999999999999998,0.055066556110537401,0.049942122196223633
4,18004,1,4,0.73999999999999999,0.05547423061210819,0.05024899842737255
4,18004,1,4,0.75,0.055873377674806331,0.05054877343939617
4,18004,1,4,0.76000000000000001,0.056264127890360817,0.050841618266693228
4,18004,1,4,0.77000000000000002,0.056646565518594309,0.051127643084146059
4,18004,1,4,0.78000000000000003,0.057020826913000644,0.051406978238456913
4,18004,1,4,0.79000000000000004,0.057386903606048367,0.051679561713539074
4,18004,1,4,0.80000000000000004,0.057744921704167722,0.051945482490835637
4,18004,1,4,0.81000000000000005,0.058094938702791983,0.052204690012176314
4,18004,1,4,0.81999999999999995,0.058437003446576041,0.052457131376967669
4,18004,1,4,0.82999999999999996,0.058771226698112168,0.052702776165512936
4,18004,1,4,0.83999999999999997,0.059097588656444662,0.052941443523690901
4,18004,1,4,0.84999999999999998,0.059416234305377229,0.053173107800574104
4,18004,1,4,0.85999999999999999,0.059727216295790003,0.053397623066494704
4,18004,1,4,0.87,0.060030649618696828,0.053614912314962009
4,18004,1,4,0.88,0.060326701219917768,0.053824926243287337
4,18004,1,4,0.89000000000000001,0.060615409149272381,0.054027497851113833
4,18004,1,4,0.90000000000000002,0.06089701793400093,0.054222649015600179
4,18004,1,4,0.91000000000000003,0.061171607267938168,0.054410270962744083
4,18004,1,4,0.92000000000000004,0.061439469522392313,0.05459046325127901
4,18004,1,4,0.93000000000000005,0.061700801762133196,0.054763245040380097
4,18004,1,4,0.93999999999999995,0.061955794828107626,0.054928656535847296
4,18004,1,4,0.94999999999999996,0.062204776109460909,0.055086891303179321
4,18004,1,4,0.95999999999999996,0.06244788027686015,0.055237983430503949
4,18004,1,4,0.96999999999999997,0.062685511694883941,0.055382268366803766
4,18004,1,4,0.97999999999999998,0.062917934979005663,0.055519971724350553
4,18004,1,4,0.98999999999999999,0.063145422897672818,0.055651373816496506
4,18004,1,4,1,0.063368372913057011,0.055776915988215513
4,18004,1,5,0,-4.9904623139705263e-05,0.0015358886969784648
4,18004,1,5,0.01,-5.9482118782877574e-05,0.0018796783596533725
4,18004,1,5,0.02,-6.9762048627612733e-05,0.002273436889667245
4,18004,1,5,0.029999999999999999,-8.0720830013597525e-05,0.0027196674914716557
4,18004,1,5,0.040000000000000001,-9.2326473410168092e-05,0.0032199021211357752
4,18004,1,5,0.050000000000000003,-0.000104570323040952,0.003775304206972219
4,18004,1,5,0.059999999999999998,-0.00011743707134370526,0.0043870005217844996
4,18004,1,5,0.070000000000000007,-0.00013091904346566383,0.0050552392345994054
4,18004,1,5,0.080000000000000002,-0.00014502343771724066,0.0057802587773294169
4,18004,1,5,0.089999999999999997,-0.00015974400693090417,0.006561836485963971
4,18004,1,5,0.10000000000000001,-0.00017509416729564372,0.0073994056636770946
4,18004,1,5,0.11,-0.00019108538484290596,0.0082917143846725373
4,18004,1,5,0.12,-0.00020772022970947412,0.009237857882179205
4,18004,1,5,0.13,-0.00022501331403445126,0.010235704554623614
4,18004,1,5,0.14000000000000001,-0.0002429746685763869,0.011283765522607856
4,18004,1,5,0.14999999999999999,-0.00026159835594399919,0.012379566850553789
4,18004,1,5,0.16,-0.00028089526586137721,0.013520722711897437
4,18004,1,5,0.17000000000000001,-0.00030084896593242247,0.014704671011329063
4,18004,1,5,0.17999999999999999,-0.00032144773442536442,0.01592821443532803
4,18004,1,5,0.19,-0.00034268363580213933,0.017188536527376952
4,18004,1,5,0.20000000000000001,-0.00036451579330290155,0.018482210941383709
4,18004,1,5,0.20999999999999999,-0.00038691958549825312,0.019805887381823414
4,18004,1,5,0.22,-0.00040986376143120964,0.021155964837801872
4,18004,1,5,0.23000000000000001,-0.00043328836911669011,0.022528979658367181
4,18004,1,5,0.23999999999999999,-0.00045717239823361128,0.023921218261975213
4,18004,1,5,0.25,-0.00048144490889849334,0.02532907549786358
4,18004,1,5,0.26000000000000001,-0.00050606406291582942,0.026748819076372516
4,18004,1,5,0.27000000000000002,-0.00053098745160169096,0.028176754435698299
4,18004,1,5,0.28000000000000003,-0.00055614519440387502,0.029609504609882636
4,18004,1,5,0.28999999999999998,-0.00058151779671358316,0.031043381964895742
4,18004,1,5,0.29999999999999999,-0.00060703696453608136,0.03247492415460386
4,18004,1,5,0.31,-0.00063267918576827796,0.033901045392664766
4,18004,1,5,0.32000000000000001,-0.00065840466375077485,0.035318300551580521
4,18004,1,5,0.33000000000000002,-0.0006841865202842182,0.036723943118791125
4,18004,1,5,0.34000000000000002,-0.00071000610739144307,0.038114935760544137
4,18004,1,5,0.34999999999999998,-0.00073584700337563959,0.039488678717274649
4,18004,1,5,0.35999999999999999,-0.00076169668819877202,0.040842840428622094
4,18004,1,5,0.37,-0.0007875607896421032,0.042174976667285945
4,18004,1,5,0.38,-0.00081343205664222184,0.043483263952370989
4,18004,1,5,0.39000000000000001,-0.00083931889227749519,0.044765705496362655
4,18004,1,5,0.40000000000000002,-0.00086523590544343616,0.046020875140597738
4,18004,1,5,0.40999999999999998,-0.00089118319129698122,0.047247168249307019
4,18004,1,5,0.41999999999999998,-0.00091719633667426963,0.048443634999242126
4,18004,1,5,0.42999999999999999,-0.00094326977868907454,0.049609174305202758
4,18004,1,5,0.44,-0.00096943024566367166,0.050743272429715124
4,18004,1,5,0.45000000000000001,-0.00099568531335699558,0.051845226688913372
4,18004,1,5,0.46000000000000002,-0.0010220385573610942,0.052914885645736535
4,18004,1,5,0.46999999999999997,-0.0010485025695615281,0.05395208034099664
4,18004,1,5,0.47999999999999998,-0.0010750691584374293,0.054956782286612688
4,18004,1,5,0.48999999999999999,-0.001101735974896661,0.05592941048909917
4,18004,1,5,0.5,-0.0011284956427778058,0.056870021712164619
4,18004,1,5,0.51000000000000001,-0.0011553183186291387,0.057779528761099909
4,18004,1,5,0.52000000000000002,-0.001182186691357877,0.058658202667836078
4,18004,1,5,0.53000000000000003,-0.0012090585453055185,0.059507108246133256
4,18004,1,5,0.54000000000000004,-0.0012358896313300418,0.060326954327176087
4,18004,1,5,0.55000000000000004,-0.0012626290083616887,0.061118691821080602
4,18004,1,5,0.56000000000000005,-0.0012892168130596135,0.061883423555921302
4,18004,1,5,0.56999999999999995,-0.0013155849539083202,0.062622097360242032
4,18004,1,5,0.57999999999999996,-0.0013416640317748928,0.063335912451332757
4,18004,1,5,0.58999999999999997,-0.0013673708871591906,0.064025935860652944
4,18004,1,5,0.59999999999999998,-0.0013926083730368092,0.064693364964752711
4,18004,1,5,0.60999999999999999,-0.0014173007694405354,0.065339253179681658
4,18004,1,5,0.62,-0.0014413274086592001,0.065964889113236475
4,18004,1,5,0.63,-0.0014646023443888512,0.066571206131503025
4,18004,1,5,0.64000000000000001,-0.0014870181813607718,0.067159479367870575
4,18004,1,5,0.65000000000000002,-0.0015084558958911038,0.067730654317808489
4,18004,1,5,0.66000000000000003,-0.0015288318638274512,0.068285748576122351
4,18004,1,5,0.67000000000000004,-0.0015480218547495482,0.068825774039747642
4,18004,1,5,0.68000000000000005,-0.0015659224778434338,0.069351548123783732
4,18004,1,5,0.68999999999999995,-0.0015824448807726223,0.069863979862639827
4,18004,1,5,0.69999999999999996,-0.001597462726293879,0.07036376121658916
4,18004,1,5,0.70999999999999996,-0.0016109099221546137,0.070851646111161279
4,18004,1,5,0.71999999999999997,-0.0016226915081866183,0.071328262577590909
4,18004,1,5,0.72999999999999998,-0.0016327170913768838,0.071794248175227102
4,18004,1,5,0.73999999999999999,-0.0016409444334338098,0.072249989560916286
4,18004,1,5,0.75,-0.0016472882947281321,0.072696040135512771
4,18004,1,5,0.76000000000000001,-0.0016517102625958529,0.073132744046911016
4,18004,1,5,0.77000000000000002,-0.00165418388407617,0.073560371021026416
4,18004,1,5,0.78000000000000003,-0.0016546580713313773,0.073979230589967276
4,18004,1,5,0.79000000000000004,-0.001653150113030618,0.074389488810623308
4,18004,1,5,0.80000000000000004,-0.0016496605984355744,0.074791364074136515
4,18004,1,5,0.81000000000000005,-0.0016441927442484661,0.075184998066040509
4,18004,1,5,0.81999999999999995,-0.0016368184453520659,0.075570380133524281
4,18004,1,5,0.82999999999999996,-0.0016275506706703664,0.07594764428044197
4,18004,1,5,0.83999999999999997,-0.001616481383064858,0.076316826786863898
4,18004,1,5,0.84999999999999998,-0.0016036956303395831,0.076677828644912904
4,18004,1,5,0.85999999999999999,-0.001589277628478168,0.077030747142485131
4,18004,1,5,0.87,-0.0015733653750446793,0.077375525948195009
4,18004,1,5,0.88,-0.0015560774620250407,0.077712149931092614
4,18004,1,5,0.89000000000000001,-0.0015375640387571712,0.078040683175555167
4,18004,1,5,0.90000000000000002,-0.0015179953483719054,0.078360977839155382
4,18004,1,5,0.91000000000000003,-0.0014975328497854063,0.078673156230459562
4,18004,1,5,0.92000000000000004,-0.0014763660368278034,0.078977186972649757
4,18004,1,5,0.93000000000000005,-0.0014546987867132069,0.07927301718616496
4,18004,1,5,0.93999999999999995,-0.0014327268055125241,0.079560836566438711
4,18004,1,5,0.94999999999999996,-0.0014106720887710831,0.079840694628174474
4,18004,1,5,0.95999999999999996,-0.0013887533537893877,0.080112686904322175
4,18004,1,5,0.96999999999999997,-0.0013671919811995628,0.080377026344990651
4,18004,1,5,0.97999999999999998,-0.001346220268713941,0.080633803863787712
4,18004,1,5,0.98999999999999999,-0.0013260681001271187,0.080883270162496954
4,18004,1,5,1,-0.0013069475153162831,0.081125712785466861
4,18004,1,6,0,-0.0010671746442615555,0.0012830704312640679
4,18004,1,6,0.01,-0.0013099228108612809,0.0015556509864273777
4,18004,1,6,0.02,-0.0015867747420788187,0.0018661071673310794
4,18004,1,6,0.029999999999999999,-0.0018995345754761995,0.0022167273631947429
4,18004,1,6,0.040000000000000001,-0.002248806129594794,0.0026084474122049176
4,18004,1,6,0.050000000000000003,-0.0026355741401750568,0.0030426468807118559
4,18004,1,6,0.059999999999999998,-0.0030602884901017179,0.0035201252870896041
4,18004,1,6,0.070000000000000007,-0.0035231468686325908,0.0040413600536070909
4,18004,1,6,0.080000000000000002,-0.0040243544598266975,0.0046068551824833132
4,18004,1,6,0.089999999999999997,-0.0045634953891774566,0.0052164025805452423
4,18004,1,6,0.10000000000000001,-0.0051404272801369678,0.0058700431671889824
4,18004,1,6,0.11,-0.0057542758867610228,0.0065670757256504168
4,18004,1,6,0.12,-0.0064044464322945876,0.0073069436454447209
4,18004,1,6,0.13,-0.0070897141564686406,0.0080885502251013923
4,18004,1,6,0.14000000000000001,-0.007809047922642501,0.0089108071015419343
4,18004,1,6,0.14999999999999999,-0.0085608957131675812,0.0097721826565695877
4,18004,1,6,0.16,-0.0093438206051618539,0.010671174325578748
4,18004,1,6,0.17000000000000001,-0.010156027931821564,0.011605878315665979
4,18004,1,6,0.17999999999999999,-0.010995692232128726,0.012574405784929694
4,18004,1,6,0.19,-0.011860814414881788,0.013574568550351343
4,18004,1,6,0.20000000000000001,-0.012749215954565636,0.014604057301253097
4,18004,1,6,0.20999999999999999,-0.01365878810482476,0.015660597194094086
4,18004,1,6,0.22,-0.014587104670311705,0.016741552986115658
4,18004,1,6,0.23000000000000001,-0.015531829846071259,0.017844422223342375
4,18004,1,6,0.23999999999999999,-0.016490532125456109,0.018966561166262406
4,18004,1,6,0.25,-0.017460663341129761,0.020105164904571319
4,18004,1,6,0.26000000000000001,-0.018439861490935561,0.021257746866871929
4,18004,1,6,0.27000000000000002,-0.019425472539716399,0.022421294879470765
4,18004,1,6,0.28000000000000003,-0.020415202715760864,0.023593440999907855
4,18004,1,6,0.28999999999999998,-0.021406436068808359,0.024771173262837079
4,18004,1,6,0.29999999999999999,-0.022397016217258394,0.025952227841970054
4,18004,1,6,0.31,-0.023384422449813314,0.027133722982906592
4,18004,1,6,0.32000000000000001,-0.02436670391245686,0.028313508558213241
4,18004,1,6,0.33000000000000002,-0.025341513831316203,0.029488943655486804
4,18004,1,6,0.34000000000000002,-0.026307124511376206,0.030658006501477545
4,18004,1,6,0.34999999999999998,-0.027261491132392488,0.031818391430044148
4,18004,1,6,0.35999999999999999,-0.028203060074836167,0.032968204115057902
4,18004,1,6,0.37,-0.029130276567131463,0.034105608388502621
4,18004,1,6,0.38,-0.03004164992852627,0.035228766548040726
4,18004,1,6,0.39000000000000001,-0.030936189494386823,0.036336385176105844
4,18004,1,6,0.40000000000000002,-0.031812512007401178,0.037426723280154943
4,18004,1,6,0.40999999999999998,-0.032670111673550419,0.038498972627815563
4,18004,1,6,0.41999999999999998,-0.033507903345856384,0.039551669258079507
4,18004,1,6,0.42999999999999999,-0.034325594668574717,0.040584226184537879
4,18004,1,6,0.44,-0.035122588574392016,0.041595688093448983
4,18004,1,6,0.45000000000000001,-0.035898690065266824,0.0425855572604662
4,18004,1,6,0.46000000000000002,-0.036653769297406547,0.043553392254454204
4,18004,1,6,0.46999999999999997,-0.037387779553559264,0.044498851353136117
4,18004,1,6,0.47999999999999998,-0.038100904131206217,0.045421851495859554
4,18004,1,6,0.48999999999999999,-0.03879327371488047,0.046322271981903175
4,18004,1,6,0.5,-0.039465307576916936,0.047200298845200585
4,18004,1,6,0.51000000000000001,-0.04011726552562675,0.048056011005963996
4,18004,1,6,0.52000000000000002,-0.04074974940365364,0.048889823442721754
4,18004,1,6,0.53000000000000003,-0.041363179851056253,0.049702036682600009
4,18004,1,6,0.54000000000000004,-0.041958210233969763,0.050493204174930063
4,18004,1,6,0.55000000000000004,-0.042535379169345383,0.051263778947212124
4,18004,1,6,0.56000000000000005,-0.043095353357449413,0.052014434201429503
4,18004,1,6,0.56999999999999995,-0.043638760398603288,0.052745752312092255
4,18004,1,6,0.57999999999999996,-0.044166209303242575,0.053458428292308485
4,18004,1,6,0.58999999999999997,-0.04467841674796269,0.05415323404880875
4,18004,1,6,0.59999999999999998,-0.045175886915160925,0.054830777882758606
4,18004,1,6,0.60999999999999999,-0.045659342009264005,0.055491945424830907
4,18004,1,6,0.62,-0.046129230331350468,0.056137311377297688
4,18004,1,6,0.63,-0.046586202164381717,0.056767755574824212
4,18004,1,6,0.64000000000000001,-0.047030679953145998,0.057383917207279894
4,18004,1,6,0.65000000000000002,-0.047463173817397876,0.057986517276057949
4,18004,1,6,0.66000000000000003,-0.047884094052405624,0.058576262266521462
4,18004,1,6,0.67000000000000004,-0.048293806150653491,0.059153722653700787
4,18004,1,6,0.68000000000000005,-0.048692668265347676,0.059719582969131414
4,18004,1,6,0.68999999999999995,-0.049080973726885198,0.060274373507766876
4,18004,1,6,0.69999999999999996,-0.049458959671990155,0.060818613274932792
4,18004,1,6,0.70999999999999996,-0.049826896501254048,0.061352857629325908
4,18004,1,6,0.71999999999999997,-0.050184900648667569,0.061877423374358274
4,18004,1,6,0.72999999999999998,-0.050533215033504664,0.062392864917014533
4,18004,1,6,0.73999999999999999,-0.050871884607227892,0.062899352922028792
4,18004,1,6,0.75,-0.051201107108951392,0.06339737072532492
4,18004,1,6,0.76000000000000001,-0.051520895429719354,0.063887008224166403
4,18004,1,6,0.77000000000000002,-0.051831397644949435,0.064368617281823026
4,18004,1,6,0.78000000000000003,-0.052132660553525799,0.064842272166346457
4,18004,1,6,0.79000000000000004,-0.052424758707358049,0.065308157662995178
4,18004,1,6,0.80000000000000004,-0.052707804028942512,0.065766342780128204
4,18004,1,6,0.81000000000000005,-0.052981815686862992,0.066216871724715007
4,18004,1,6,0.81999999999999995,-0.05324697001285917,0.06665978570426008
4,18004,1,6,0.82999999999999996,-0.053503338946120534,0.067095094331164853
4,18004,1,6,0.83999999999999997,-0.05375108896397119,0.067522740173268259
4,18004,1,6,0.84999999999999998,-0.053990374974754507,0.067942703539025581
4,18004,1,6,0.85999999999999999,-0.054221380035589649,0.068354879461866025
4,18004,1,6,0.87,-0.054444351686271646,0.068759215056218889
4,18004,1,6,0.88,-0.054659494859460776,0.069155571960334575
4,18004,1,6,0.89000000000000001,-0.054867154065497435,0.069543886595329785
4,18004,1,6,0.90000000000000002,-0.055067562722349798,0.069923986271667335
4,18004,1,6,0.91000000000000003,-0.055261156014894029,0.070295817985048484
4,18004,1,6,0.92000000000000004,-0.055448226325551186,0.070659209129111902
4,18004,1,6,0.93000000000000005,-0.055629246314096235,0.071014085091682597
4,18004,1,6,0.93999999999999995,-0.055804619985746283,0.071360342274210661
4,18004,1,6,0.94999999999999996,-0.055974798420218415,0.07169784187917104
4,18004,1,6,0.95999999999999996,-0.05614030901283263,0.072026591135869886
4,18004,1,6,0.96999999999999997,-0.056301564768600841,0.07234637865520803
4,18004,1,6,0.97999999999999998,-0.056459201531370996,0.072657347532019287
4,18004,1,6,0.98999999999999999,-0.056613584856772703,0.072959209445401338
4,18004,1,6,1,-0.05676542827455458,0.073252255180770984
4,18004,1,7,0,-0.001475716065215682,-6.3700966774590806e-05
4,18004,1,7,0.01,-0.0018281840990546519,-7.0926133327371135e-05
4,18004,1,7,0.02,-0.0022333969026039034,-7.841760807814161e-05
4,18004,1,7,0.029999999999999999,-0.0026943073205408607,-8.6064256591793434e-05
4,18004,1,7,0.040000000000000001,-0.0032122482146932801,-9.3717692606281068e-05
4,18004,1,7,0.050000000000000003,-0.0037888174383494447,-0.00010129049392816755
4,18004,1,7,0.059999999999999998,-0.0044246806830686323,-0.00010864475305132262
4,18004,1,7,0.070000000000000007,-0.0051206279066469363,-0.00011575284429782631
4,18004,1,7,0.080000000000000002,-0.0058763394899495995,-0.00012253230831015503
4,18004,1,7,0.089999999999999997,-0.0066917914911668423,-0.00012898017292959683
4,18004,1,7,0.10000000000000001,-0.0075660709229095555,-0.00013509329836939636
4,18004,1,7,0.11,-0.0084982113114305483,-0.0001408836828423203
4,18004,1,7,0.12,-0.0094865810361311094,-0.0001464008473180978
4,18004,1,7,0.13,-0.010529568857175015,-0.00015169816789287077
4,18004,1,7,0.14000000000000001,-0.011625081438330789,-0.00015682877266913085
4,18004,1,7,0.14999999999999999,-0.012770583432816148,-0.00016186983246897391
4,18004,1,7,0.16,-0.013963974821534482,-0.00016686378026618546
4,18004,1,7,0.17000000000000001,-0.015201923540551896,-0.00017187938335238486
4,18004,1,7,0.17999999999999999,-0.016481933107407674,-0.00017695382831475051
4,18004,1,7,0.19,-0.017800556916216966,-0.00018210376099692861
4,18004,1,7,0.20000000000000001,-0.019154689812831919,-0.0001873577199590637
4,18004,1,7,0.20999999999999999,-0.020540830530061071,-0.00019266990261275369
4,18004,1,7,0.22,-0.021955796265176398,-0.00019803958475213862
4,18004,1,7,0.23000000000000001,-0.023395741588845134,-0.00020337770576754535
4,18004,1,7,0.23999999999999999,-0.024857537415873109,-0.00020863635820925612
4,18004,1,7,0.25,-0.026337379812773138,-0.0002136855892224144
4,18004,1,7,0.26000000000000001,-0.027832056945706968,-0.00021844148593608325
4,18004,1,7,0.27000000000000002,-0.029337878871152929,-0.00022274259409471283
4,18004,1,7,0.28000000000000003,-0.030851677672702065,-0.000226482154617415
4,18004,1,7,0.28999999999999998,-0.03236988591002412,-0.00022948112324101027
4,18004,1,7,0.29999999999999999,-0.03388956916878124,-0.00023162382417660568
4,18004,1,7,0.31,-0.035407404909336283,-0.00023272266308764904
4,18004,1,7,0.32000000000000001,-0.036920550951108071,-0.00023267752932022264
4,18004,1,7,0.33000000000000002,-0.0384260965495727,-0.00023131590331365061
4,18004,1,7,0.34000000000000002,-0.039921453100638528,-0.00022854767308637362
4,18004,1,7,0.34999999999999998,-0.041403951879151191,-0.00022424913053278642
4,18004,1,7,0.35999999999999999,-0.042871297881802682,-0.00021834932921543002
4,18004,1,7,0.37,-0.044321245068054453,-0.00021077623828210488
4,18004,1,7,0.38,-0.045751763555815061,-0.00020150861575316792
4,18004,1,7,0.39000000000000001,-0.047161021565877537,-0.00019053197109774751
4,18004,1,7,0.40000000000000002,-0.048547438247178852,-0.00017789740861081453
4,18004,1,7,0.40999999999999998,-0.049909347741991995,-0.00016366719914110277
4,18004,1,7,0.41999999999999998,-0.051245721592251416,-0.00014793083616851938
4,18004,1,7,0.42999999999999999,-0.052555327088095703,-0.00013081511915606029
4,18004,1,7,0.44,-0.05383720857379929,-0.00011244551115439695
4,18004,1,7,0.45000000000000001,-0.055090761510546656,-9.296526966627091e-05
4,18004,1,7,0.46000000000000002,-0.05631515102210688,-7.2524686622806381e-05
4,18004,1,7,0.46999999999999997,-0.057510135783550458,-5.1299163220358546e-05
4,18004,1,7,0.47999999999999998,-0.05867534074297312,-2.9427802618901013e-05
4,18004,1,7,0.48999999999999999,-0.059810642152852506,-7.1126003414600835e-06
4,18004,1,7,0.5,-0.060916036178279863,1.5503963007701405e-05
4,18004,1,7,0.51000000000000001,-0.061991592456036783,3.8226538845909444e-05
4,18004,1,7,0.52000000000000002,-0.063037608568773176,6.089135224145633e-05
4,18004,1,7,0.53000000000000003,-0.064054424580873084,8.3296998706104859e-05
4,18004,1,7,0.54000000000000004,-0.065042469457074634,0.00010529887298416345
4,18004,1,7,0.55000000000000004,-0.066002362048100324,0.00012670864348588955
4,18004,1,7,0.56000000000000005,-0.066934610741830172,0.00014735475040936891
4,18004,1,7,0.56999999999999995,-0.067840023584035639,0.00016710562976217716
4,18004,1,7,0.57999999999999996,-0.068719320602871822,0.0001858175210388514
4,18004,1,7,0.58999999999999997,-0.069573254916950947,0.00020338378330728128
4,18004,1,7,0.59999999999999998,-0.070402733851901614,0.00021973833766824173
4,18004,1,7,0.60999999999999999,-0.071208480323819837,0.00023479499629989296
4,18004,1,7,0.62,-0.071991501592280335,0.00024854439914497761
4,18004,1,7,0.63,-0.072752536702770529,0.0002609783037782985
4,18004,1,7,0.64000000000000001,-0.073492529569620824,0.00027211347272929152
4,18004,1,7,0.65000000000000002,-0.07421229763932842,0.00028200833493511403
4,18004,1,7,0.66000000000000003,-0.07491262108739942,0.00029073028448287969
4,18004,1,7,0.67000000000000004,-0.075594350464584237,0.00029838121246840546
4,18004,1,7,0.68000000000000005,-0.076258222869430167,0.00030508854081911949
4,18004,1,7,0.68999999999999995,-0.076904956326648455,0.00031098395275242922
4,18004,1,7,0.69999999999999996,-0.077535303611320924,0.00031624329016630089
4,18004,1,7,0.70999999999999996,-0.078149876831171194,0.00032101200305381167
4,18004,1,7,0.71999999999999997,-0.078749256409481549,0.00032551133228106926
4,18004,1,7,0.72999999999999998,-0.079334115082153933,0.00032989745294284963
4,18004,1,7,0.73999999999999999,-0.079904832298796122,0.00033439896896872375
4,18004,1,7,0.75,-0.080462015910184814,0.00033918472301836558
4,18004,1,7,0.76000000000000001,-0.081005932729396532,0.00034446947229485836
4,18004,1,7,0.77000000000000002,-0.081537140877139952,0.00035041116336911177
4,18004,1,7,0.78000000000000003,-0.082055833004782572,0.00035721272300457833
4,18004,1,7,0.79000000000000004,-0.082562507855443598,0.00036499031243544464
4,18004,1,7,0.80000000000000004,-0.083057256779074592,0.00037391698123470418
4,18004,1,7,0.81000000000000005,-0.083540442726325062,0.00038406417074974067
4,18004,1,7,0.81999999999999995,-0.084012227693080421,0.00039554391011863724
4,18004,1,7,0.82999999999999996,-0.084472817883158302,0.00040838229179616876
4,18004,1,7,0.83999999999999997,-0.084922286167766162,0.00042261076673657622
4,18004,1,7,0.84999999999999998,-0.085360913324070309,0.00043819448387127577
4,18004,1,7,0.85999999999999999,-0.085788682721556375,0.00045507815114837331
4,18004,1,7,0.87,-0.086205808517685792,0.00047315626320435189
4,18004,1,7,0.88,-0.086612396069352685,0.0004922812112646089
4,18004,1,7,0.89000000000000001,-0.087008453352084625,0.00051226380064974973
4,18004,1,7,0.90000000000000002,-0.087394145514285829,0.00053286663235770776
4,18004,1,7,0.91000000000000003,-0.087769555973364347,0.00055380970616307013
4,18004,1,7,0.92000000000000004,-0.088134701103317115,0.00057476409210941229
4,18004,1,7,0.93000000000000005,-0.088489671638463732,0.00059537095838846886
4,18004,1,7,0.93999999999999995,-0.08883469104938134,0.00061520665470061499
4,18004,1,7,0.94999999999999996,-0.089169647389811549,0.00063384210809738306
4,18004,1,7,0.95999999999999996,-0.08949485243795792,0.00065076027549123769
4,18004,1,7,0.96999999999999997,-0.089810300606968207,0.00066547157147185329
4,18004,1,7,0.97999999999999998,-0.090116135553016841,0.00067739876479885484
4,18004,1,7,0.98999999999999999,-0.090412426007181981,0.00068596937848150116
4,18004,1,7,1,-0.090699494277173831,0.00069059678538239044
4,18004,1,8,0,-0.00088129359991500256,-0.0011761011206767545
4,18004,1,8,0.01,-0.0011076303852998006,-0.001448193229408673
4,18004,1,8,0.02,-0.001370019269510887,-0.0017581186806434742
4,18004,1,8,0.029999999999999999,-0.0016707710275457052,-0.0021076531168491342
4,18004,1,8,0.040000000000000001,-0.0020109957884706527,-0.0024972811737260406
4,18004,1,8,0.050000000000000003,-0.0023920424873774214,-0.0029278734367351698
4,18004,1,8,0.059999999999999998,-0.0028147073628553682,-0.0033996861992911767
4,18004,1,8,0.070000000000000007,-0.003279519488073339,-0.00391289066777577
4,18004,1,8,0.080000000000000002,-0.0037866362368153086,-0.0044673017536392082
4,18004,1,8,0.089999999999999997,-0.0043360739503473843,-0.0050626955572595188
4,18004,1,8,0.10000000000000001,-0.0049272923961474089,-0.0056984463458766253
4,18004,1,8,0.11,-0.0055596426627513018,-0.0063738262501551344
4,18004,1,8,0.12,-0.0062321793094978206,-0.0070880316378988993
4,18004,1,8,0.13,-0.0069434752139552339,-0.0078397494414507388
4,18004,1,8,0.14000000000000001,-0.0076922922171726608,-0.0086280665779055691
4,18004,1,8,0.14999999999999999,-0.0084765468583096731,-0.0094512025384956583
4,18004,1,8,0.16,-0.0092946076044142876,-0.010307982656905954
4,18004,1,8,0.17000000000000001,-0.010144045323501197,-0.011196421688894018
4,18004,1,8,0.17999999999999999,-0.011022878943514421,-0.012115073098922688
4,18004,1,8,0.19,-0.011928349440689124,-0.013061710248559554
4,18004,1,8,0.20000000000000001,-0.012858197451184676,-0.014034630433823461
4,18004,1,8,0.20999999999999999,-0.013809546312982085,-0.015031503508766685
4,18004,1,8,0.22,-0.014779963717951769,-0.01605041750618769
4,18004,1,8,0.23000000000000001,-0.015766545896858622,-0.017088977306935677
4,18004,1,8,0.23999999999999999,-0.016766760370907755,-0.018145066839050983
4,18004,1,8,0.25,-0.01777775014334881,-0.019216275624800289
4,18004,1,8,0.26000000000000001,-0.01879706119216314,-0.020300409625389978
4,18004,1,8,0.27000000000000002,-0.019821922819940576,-0.021395028530493132
4,18004,1,8,0.28000000000000003,-0.020849993891043913,-0.022497915296249421
4,18004,1,8,0.28999999999999998,-0.021878757380741399,-0.023606708029995455
4,18004,1,8,0.29999999999999999,-0.022905961243896475,-0.024719165946667159
4,18004,1,8,0.31,-0.023929422002685694,-0.025833093811186786
4,18004,1,8,0.32000000000000001,-0.024947075177528432,-0.026946303939338594
4,18004,1,8,0.33000000000000002,-0.025957011713590297,-0.028056766209109834
4,18004,1,8,0.34000000000000002,-0.02695744763036767,-0.02916244766195239
4,18004,1,8,0.34999999999999998,-0.027946745409899446,-0.030261507942960262
4,18004,1,8,0.35999999999999999,-0.028923339555081071,-0.031352064343036175
4,18004,1,8,0.37,-0.029886004252027535,-0.032432607785987562
4,18004,1,8,0.38,-0.030833264770273885,-0.033501349046628257
4,18004,1,8,0.39000000000000001,-0.031764305856787529,-0.034557143654605084
4,18004,1,8,0.40000000000000002,-0.032677865119248965,-0.035598448937363102
4,18004,1,8,0.40999999999999998,-0.033573302410644906,-0.036624305596529017
4,18004,1,8,0.41999999999999998,-0.034449764322502442,-0.037633604279032624
4,18004,1,8,0.42999999999999999,-0.035306610104281676,-0.038625465137072629
4,18004,1,8,0.44,-0.036143358957829497,-0.039599185376821951
4,18004,1,8,0.45000000000000001,-0.036959499923462709,-0.040554120858139947
4,18004,1,8,0.46000000000000002,-0.037754711248696095,-0.041489784657667443
4,18004,1,8,0.46999999999999997,-0.038528707833766516,-0.04240582205014648
4,18004,1,8,0.47999999999999998,-0.039281298479897898,-0.043302000758709124
4,18004,1,8,0.48999999999999999,-0.040012333522874824,-0.044178117656273948
4,18004,1,8,0.5,-0.040721813554288659,-0.045034275736798128
4,18004,1,8,0.51000000000000001,-0.041409619727416525,-0.045870307988862546
4,18004,1,8,0.52000000000000002,-0.042075932260579159,-0.046686578489613349
4,18004,1,8,0.53000000000000003,-0.042720810769534656,-0.047483169592363428
4,18004,1,8,0.54000000000000004,-0.043344447388389717,-0.048260435396492822
4,18004,1,8,0.55000000000000004,-0.043947051569434216,-0.04901870313266924
4,18004,1,8,0.56000000000000005,-0.044528910485924604,-0.049758373262440758
4,18004,1,8,0.56999999999999995,-0.045090287402448415,-0.050479881331742082
4,18004,1,8,0.57999999999999996,-0.045631622293040464,-0.051183739402789113
4,18004,1,8,0.58999999999999997,-0.04615322518700956,-0.051870407940853798
4,18004,1,8,0.59999999999999998,-0.046655574619099284,-0.052540431905629702
4,18004,1,8,0.60999999999999999,-0.047139174565223992,-0.053194394843834168
4,18004,1,8,0.62,-0.047604406017093974,-0.053832738371715337
4,18004,1,8,0.63,-0.048051955588757578,-0.054456154028335084
4,18004,1,8,0.64000000000000001,-0.04848223281288206,-0.055065039808329053
4,18004,1,8,0.65000000000000002,-0.048895906570002111,-0.055660051363396884
4,18004,1,8,0.66000000000000003,-0.049293572926065621,-0.056241664374626743
4,18004,1,8,0.67000000000000004,-0.04967575568619198,-0.056810380420563585
4,18004,1,8,0.68000000000000005,-0.050043188609008214,-0.057366725358706079
4,18004,1,8,0.68999999999999995,-0.05039641554048694,-0.057911150559739007
4,18004,1,8,0.69999999999999996,-0.050736123041745351,-0.058444135762159281
4,18004,1,8,0.70999999999999996,-0.051062951483724695,-0.058966113448614431
4,18004,1,8,0.71999999999999997,-0.051377474163767284,-0.059477484139360326
4,18004,1,8,0.72999999999999998,-0.051680391417117194,-0.059978661294615987
4,18004,1,8,0.73999999999999999,-0.051972247621149915,-0.060470000928607541
4,18004,1,8,0.75,-0.052253694826019929,-0.060951873221855614
4,18004,1,8,0.76000000000000001,-0.052525262671943851,-0.061424588468848206
4,18004,1,8,0.77000000000000002,-0.052787564956245127,-0.061888504320920683
4,18004,1,8,0.78000000000000003,-0.053041071302069219,-0.062343876335492411
4,18004,1,8,0.79000000000000004,-0.053286373559438716,-0.062791061597220588
4,18004,1,8,0.80000000000000004,-0.053523843297589836,-0.063230262491401179
4,18004,1,8,0.81000000000000005,-0.053754056669090382,-0.063661856791904017
4,18004,1,8,0.81999999999999995,-0.053977294534184705,-0.064085988915736858
4,18004,1,8,0.82999999999999996,-0.054194081853603575,-0.064503077216817806
4,18004,1,8,0.83999999999999997,-0.054404608235396633,-0.064913205429241339
4,18004,1,8,0.84999999999999998,-0.054609336412956462,-0.06531682788592158
4,18004,1,8,0.85999999999999999,-0.054808426182278346,-0.065714061751691297
4,18004,1,8,0.87,-0.055002223658593363,-0.066105318790399728
4,18004,1,8,0.88,-0.055190864424407508,-0.066490792515769934
4,18004,1,8,0.89000000000000001,-0.05537457345366651,-0.066870844193293769
4,18004,1,8,0.90000000000000002,-0.055553472429733443,-0.06724574592364746
4,18004,1,8,0.91000000000000003,-0.055727676512920071,-0.067615837642019352
4,18004,1,8,0.92000000000000004,-0.055897288662640383,-0.067981454465276467
4,18004,1,8,0.93000000000000005,-0.056062328645943842,-0.068342928163259653
4,18004,1,8,0.93999999999999995,-0.056222885749551609,-0.068700671052518467
4,18004,1,8,0.94999999999999996,-0.056378886541944666,-0.069054967797714431
4,18004,1,8,0.95999999999999996,-0.05653042362283181,-0.069406350905436551
4,18004,1,8,0.96999999999999997,-0.056677334550444693,-0.069755049353703982
4,18004,1,8,0.97999999999999998,-0.056819725712497181,-0.070101685448593826
4,18004,1,8,0.98999999999999999,-0.056957356432421051,-0.070446471702952096
4,18004,1,8,1,-0.057090354202025594,-0.070790073216301333
4,18004,2,1,0,8.3923213524239593e-05,-0.00097944664815414095
4,18004,2,1,0.01,0.00011023321349641761,-0.0012858641090100606
4,18004,2,1,0.02,0.00014043759022790465,-0.0016448608169460355
4,18004,2,1,0.029999999999999999,0.00017491954423610521,-0.0020591518871394851
4,18004,2,1,0.040000000000000001,0.00021397408103324318,-0.0025298605995256059
4,18004,2,1,0.050000000000000003,0.00025798624842337804,-0.0030584231218688442
4,18004,2,1,0.059999999999999998,0.00030729449235684356,-0.0036452968086697589
4,18004,2,1,0.070000000000000007,0.00036224836423481995,-0.0042906170958584315
4,18004,2,1,0.080000000000000002,0.00042319036102687137,-0.0049942100691130788
4,18004,2,1,0.089999999999999997,0.00049040281069657565,-0.0057549973397760324
4,18004,2,1,0.10000000000000001,0.00056418065389072603,-0.0065719376202366918
4,18004,2,1,0.11,0.00064471949122381399,-0.0074430532381555481
4,18004,2,1,0.12,0.00073223848996551517,-0.0083665154652877854
4,18004,2,1,0.13,0.00082682599265828088,-0.0093395649264884396
4,18004,2,1,0.14000000000000001,0.00092859931220204981,-0.010359649538923625
4,18004,2,1,0.14999999999999999,0.0010375277801493051,-0.011423370873460695
4,18004,2,1,0.16,0.0011536172490446246,-0.012527593316052644
4,18004,2,1,0.17000000000000001,0.001276685844299727,-0.013668344342946797
4,18004,2,1,0.17999999999999999,0.0014066321547702031,-0.014842086650161457
4,18004,2,1,0.19,0.0015431516061588512,-0.016044562898612669
4,18004,2,1,0.20000000000000001,0.0016860098599835282,-0.017271872135185579
4,18004,2,1,0.20999999999999999,0.0018348072294368401,-0.01851970024958972
4,18004,2,1,0.22,0.0019891837264996177,-0.019783918704761552
4,18004,2,1,0.23000000000000001,0.0021486556720291742,-0.021060279077974295
4,18004,2,1,0.23999999999999999,0.0023127318510617941,-0.022344598766808627
4,18004,2,1,0.25,0.002480862008129863,-0.023632801200383333
4,18004,2,1,0.26000000000000001,0.0026524641684436321,-0.024920884148848587
4,18004,2,1,0.27000000000000002,0.0028269300664524135,-0.02620503789923968
4,18004,2,1,0.28000000000000003,0.0030036005335328936,-0.027481565919634549
4,18004,2,1,0.28999999999999998,0.0031818316004094474,-0.028747059645439842
4,18004,2,1,0.29999999999999999,0.003360904348826172,-0.029998170548362475
4,18004,2,1,0.31,0.0035401323468273716,-0.031232051678140599
4,18004,2,1,0.32000000000000001,0.0037187524286690365,-0.032445798179561329
4,18004,2,1,0.33000000000000002,0.0038960619143716159,-0.033637118653455859
4,18004,2,1,0.34000000000000002,0.0040712938727162406,-0.034803710566690245
4,18004,2,1,0.34999999999999998,0.0042437154581928148,-0.035943740648791939
4,18004,2,1,0.35999999999999999,0.0044125863481569343,-0.037055589332951638
4,18004,2,1,0.37,0.004577149955506319,-0.038137868164284536
4,18004,2,1,0.38,0.0047367004248393503,-0.039189670377021757
4,18004,2,1,0.39000000000000001,0.0048904680281896739,-0.040210130057473085
4,18004,2,1,0.40000000000000002,0.005037795957453373,-0.041198924095808477
4,18004,2,1,0.40999999999999998,0.0051779313956917018,-0.042155758851770836
4,18004,2,1,0.41999999999999998,0.0053102472502858091,-0.043080772421674823
4,18004,2,1,0.42999999999999999,0.0054340630604357556,-0.043974282574317451
4,18004,2,1,0.44,0.0055487526015040832,-0.044836757130421935
4,18004,2,1,0.45000000000000001,0.0056537364354103262,-0.045669092788774589
4,18004,2,1,0.46000000000000002,0.0057484065597500607,-0.046472188242306589
4,18004,2,1,0.46999999999999997,0.0058322896869957451,-0.047247250015945631
4,18004,2,1,0.47999999999999998,0.0059048201149802249,-0.047995570082541628
4,18004,2,1,0.48999999999999999,0.0059656331667989441,-0.048718588526126788
4,18004,2,1,0.5,0.0060142194818264228,-0.049417918639632075
4,18004,2,1,0.51000000000000001,0.0060503179985989435,-0.050095107595688214
4,18004,2,1,0.52000000000000002,0.0060735110392839365,-0.050752035321048654
4,18004,2,1,0.53000000000000003,0.0060836456129271443,-0.051390457603072842
4,18004,2,1,0.54000000000000004,0.0060804083417551882,-0.052012252175359104
4,18004,2,1,0.55000000000000004,0.0060637306207146661,-0.052619262679158563
4,18004,2,1,0.56000000000000005,0.0060334201224856625,-0.053213358606033656
4,18004,2,1,0.56999999999999995,0.0059894865798744397,-0.053796383706443823
4,18004,2,1,0.57999999999999996,0.005931868664139685,-0.054370112574223896
4,18004,2,1,0.58999999999999997,0.0058606263041099281,-0.054936345760121137
4,18004,2,1,0.59999999999999998,0.0057758678072532847,-0.05549675032577963
4,18004,2,1,0.60999999999999999,0.0056776592532022099,-0.056052990987064399
4,18004,2,1,0.62,0.0055662586669637699,-0.056606518699446634
4,18004,2,1,0.63,0.0054417596330462248,-0.057158857195795006
4,18004,2,1,0.64000000000000001,0.005304513968243745,-0.057711220399701592
4,18004,2,1,0.65000000000000002,0.0051546642410996201,-0.058264899145383291
4,18004,2,1,0.66000000000000003,0.0049926067028889893,-0.058820923411483018
4,18004,2,1,0.67000000000000004,0.004818546444734762,-0.059380306459001019
4,18004,2,1,0.68000000000000005,0.0046328826408039434,-0.05994388601875561
4,18004,2,1,0.68999999999999995,0.0044358797374650259,-0.060512368638199115
4,18004,2,1,0.69999999999999996,0.0042279009757749024,-0.061086405357636653
4,18004,2,1,0.70999999999999996,0.0040092511877584981,-0.061666438985994047
4,18004,2,1,0.71999999999999997,0.0037802716688739198,-0.062252881416705985
4,18004,2,1,0.72999999999999998,0.0035412460995217555,-0.062846000413605274
4,18004,2,1,0.73999999999999999,0.0032925157525530192,-0.063445967056082117
4,18004,2,1,0.75,0.003034318708333714,-0.06405290453874557
4,18004,2,1,0.76000000000000001,0.002766965456917903,-0.064666782059995251
4,18004,2,1,0.77000000000000002,0.0024906607235079255,-0.065287587907161895
4,18004,2,1,0.78000000000000003,0.0022056505477475986,-0.065915171622819319
4,18004,2,1,0.79000000000000004,0.0019121230700348414,-0.066549390105034439
4,18004,2,1,0.80000000000000004,0.0016102346367576905,-0.067190049638276336
4,18004,2,1,0.81000000000000005,0.0013001706383202758,-0.067836899982067364
4,18004,2,1,0.81999999999999995,0.00098199774182682184,-0.068489743349706811
4,18004,2,1,0.82999999999999996,0.00065588856557329456,-0.069148290236987167
4,18004,2,1,0.83999999999999997,0.00032183686656722926,-0.06981235394156747
4,18004,2,1,0.84999999999999998,-2.0017180115733738e-05,-0.070481672965835643
4,18004,2,1,0.85999999999999999,-0.00036971469223601871,-0.071156103132858833
4,18004,2,1,0.87,-0.00072716571050997995,-0.071835450052123037
4,18004,2,1,0.88,-0.0010924207837393312,-0.072519643513986515
4,18004,2,1,0.89000000000000001,-0.0014654180477212547,-0.073208576171144277
4,18004,2,1,0.90000000000000002,-0.0018462209961887216,-0.073902287321482629
4,18004,2,1,0.91000000000000003,-0.002234775808304956,-0.074600789819238275
4,18004,2,1,0.92000000000000004,-0.0026311429343826346,-0.075304242984684008
4,18004,2,1,0.93000000000000005,-0.0030352714199961329,-0.076012803046196994
4,18004,2,1,0.93999999999999995,-0.0034471921648998277,-0.076726751596403284
4,18004,2,1,0.94999999999999996,-0.0038668498934650596,-0.077446401155082278
4,18004,2,1,0.95999999999999996,-0.0042941987642806474,-0.078172136323327895
4,18004,2,1,0.96999999999999997,-0.0047291968989115205,-0.078904451832835801
4,18004,2,1,0.97999999999999998,-0.0051716960614681777,-0.079643808422656462
4,18004,2,1,0.98999999999999999,-0.0056216556286548926,-0.080390889520295869
4,18004,2,1,1,-0.0060788117783445172,-0.081146196407701821
4,18004,2,2,0,0.00085744909105163936,0.00015257593078712531
4,18004,2,2,0.01,0.001067736780043838,0.00013794374546766486
4,18004,2,2,0.02,0.0013093498400928228,0.00011066695467915944
4,18004,2,2,0.029999999999999999,0.0015840787723863791,6.8959567619317666e-05
4,18004,2,2,0.040000000000000001,0.0018932076725927931,1.1199325758786883e-05
4,18004,2,2,0.050000000000000003,0.0022378876812454086,-6.4111925474492163e-05
4,18004,2,2,0.059999999999999998,0.0026192638051606982,-0.00015866910687710109
4,18004,2,2,0.070000000000000007,0.0030377387462798798,-0.00027367505061120308
4,18004,2,2,0.080000000000000002,0.0034940253785751552,-0.00041062453689087985
4,18004,2,2,0.089999999999999997,0.0039881552063600985,-0.00057064941953600447
4,18004,2,2,0.10000000000000001,0.0045203512909760815,-0.00075492969376236721
4,18004,2,2,0.11,0.0050902658101333901,-0.00096445863793302169
4,18004,2,2,0.12,0.0056974622709727177,-0.0012000488049379511
4,18004,2,2,0.13,0.0063412679841974755,-0.0014624931636761894
4,18004,2,2,0.14000000000000001,0.0070207753924278428,-0.001752330251720608
4,18004,2,2,0.14999999999999999,0.0077350226797181509,-0.00207012470098861
4,18004,2,2,0.16,0.0084825602141174097,-0.0024160569607436914
4,18004,2,2,0.17000000000000001,0.0092621119709127477,-0.0027904209561265508
4,18004,2,2,0.17999999999999999,0.01007193129131082,-0.0031931624058078902
4,18004,2,2,0.19,0.010910388079034362,-0.0036242370162807539
4,18004,2,2,0.20000000000000001,0.01177553907373495,-0.0040833635165551324
4,18004,2,2,0.20999999999999999,0.012665372006672814,-0.0045701151130325222
4,18004,2,2,0.22,0.013577886841093052,-0.0050840921610544841
4,18004,2,2,0.23000000000000001,0.014510918448957822,-0.0056246028336191184
4,18004,2,2,0.23999999999999999,0.015462288718710771,-0.0061909535749425197
4,18004,2,2,0.25,0.016429737675403105,-0.0067822070213276013
4,18004,2,2,0.26000000000000001,0.017411039478505114,-0.0073974775620769774
4,18004,2,2,0.27000000000000002,0.018403937012028544,-0.0080356878390599549
4,18004,2,2,0.28000000000000003,0.019406321263947767,-0.0086958252540435283
4,18004,2,2,0.28999999999999998,0.020415907057451121,-0.0093766036037088579
4,18004,2,2,0.29999999999999999,0.021430641715981236,-0.010076767387923465
4,18004,2,2,0.31,0.022448422961877837,-0.010795030775598062
4,18004,2,2,0.32000000000000001,0.023467314072391415,-0.01153004234173189
4,18004,2,2,0.33000000000000002,0.024485472945503083,-0.012280541115324716
4,18004,2,2,0.34000000000000002,0.025501064703766316,-0.013044979631079629
4,18004,2,2,0.34999999999999998,0.026512473289735272,-0.013822008510409602
4,18004,2,2,0.35999999999999999,0.027518114892328475,-0.014610174035759975
4,18004,2,2,0.37,0.02851663036936683,-0.015408142038081947
4,18004,2,2,0.38,0.029506675994828105,-0.016214505964181312
4,18004,2,2,0.39000000000000001,0.030487117384535429,-0.017027842379753223
4,18004,2,2,0.40000000000000002,0.031456951484441255,-0.017846815556085548
4,18004,2,2,0.40999999999999998,0.032415269547815311,-0.018670093031605443
4,18004,2,2,0.41999999999999998,0.033361333715931703,-0.019496480692561779
4,18004,2,2,0.42999999999999999,0.034294467753187445,-0.020324671863347774
4,18004,2,2,0.44,0.035214193386644922,-0.021153502630241947
4,18004,2,2,0.45000000000000001,0.036120162871117946,-0.021981814459588255
4,18004,2,2,0.46000000000000002,0.037012066588497934,-0.022808560160056873
4,18004,2,2,0.46999999999999997,0.037889780875491254,-0.023632720638142462
4,18004,2,2,0.47999999999999998,0.038753210086955106,-0.02445330811203543
4,18004,2,2,0.48999999999999999,0.039602391926111251,-0.025269423756641551
4,18004,2,2,0.5,0.040437499393502649,-0.026080210273887992
4,18004,2,2,0.51000000000000001,0.041258632544845124,-0.026884911586949667
4,18004,2,2,0.52000000000000002,0.042066140033835596,-0.027682767693489544
4,18004,2,2,0.53000000000000003,0.042860289697254333,-0.028473117767838327
4,18004,2,2,0.54000000000000004,0.043641441902396577,-0.029255343375234711
4,18004,2,2,0.55000000000000004,0.04441001738243814,-0.030028889697558955
4,18004,2,2,0.56000000000000005,0.045166406327222908,-0.030793278397698309
4,18004,2,2,0.56999999999999995,0.045911096212142594,-0.031548001040883879
4,18004,2,2,0.57999999999999996,0.046644524239845407,-0.032292691981317574
4,18004,2,2,0.58999999999999997,0.047367110662603719,-0.033026965541421774
4,18004,2,2,0.59999999999999998,0.04807929760027807,-0.033750516261348222
4,18004,2,2,0.60999999999999999,0.048781536223000077,-0.0344631131558586
4,18004,2,2,0.62,0.049474234614229812,-0.035164445993373865
4,18004,2,2,0.63,0.050157774505096696,-0.03585440142622838
4,18004,2,2,0.64000000000000001,0.050832430632834207,-0.036532746187399288
4,18004,2,2,0.65000000000000002,0.051498519130657609,-0.037199397987366718
4,18004,2,2,0.66000000000000003,0.052156319902375015,-0.03785426687938985
4,18004,2,2,0.67000000000000004,0.05280601780408678,-0.038497237196655931
4,18004,2,2,0.68000000000000005,0.053447782905341933,-0.039128349338612124
4,18004,2,2,0.68999999999999995,0.054081631321969775,-0.039747492954911694
4,18004,2,2,0.69999999999999996,0.054707646670110327,-0.04035475233691023
4,18004,2,2,0.70999999999999996,0.055325841869012064,-0.040950120659174034
4,18004,2,2,0.71999999999999997,0.055936105508186014,-0.041533680939641666
4,18004,2,2,0.72999999999999998,0.05653832507560097,-0.042105503451073369
4,18004,2,2,0.73999999999999999,0.057132273239925986,-0.042665643847290824
4,18004,2,2,0.75,0.0577177472389633,-0.043214259887363195
4,18004,2,2,0.76000000000000001,0.058294494157660227,-0.043751436571855477
4,18004,2,2,0.77000000000000002,0.058862163743570894,-0.044277382631689517
4,18004,2,2,0.78000000000000003,0.059420347342063466,-0.044792218752687796
4,18004,2,2,0.79000000000000004,0.059968691815635099,-0.045296144500701248
4,18004,2,2,0.80000000000000004,0.060506721837454903,-0.045789322560054774
4,18004,2,2,0.81000000000000005,0.061034032025928199,-0.046272005201023585
4,18004,2,2,0.81999999999999995,0.061550109160650956,-0.046744417069436051
4,18004,2,2,0.82999999999999996,0.062054386417938284,-0.047206793539315284
4,18004,2,2,0.83999999999999997,0.062546465569957327,-0.047659411231870785
4,18004,2,2,0.84999999999999998,0.063025749030716546,-0.048102498779756107
4,18004,2,2,0.85999999999999999,0.06349180015823197,-0.048536405535430156
4,18004,2,2,0.87,0.063944033903819322,-0.048961388972788344
4,18004,2,2,0.88,0.064381967538553964,-0.049377822102573542
4,18004,2,2,0.89000000000000001,0.06480517569482877,-0.04978600859563731
4,18004,2,2,0.90000000000000002,0.065213171229060618,-0.050186301405045493
4,18004,2,2,0.91000000000000003,0.065605548417263806,-0.050579069916825765
4,18004,2,2,0.92000000000000004,0.065981832412507019,-0.050964669007003721
4,18004,2,2,0.93000000000000005,0.066341759011722137,-0.051343526014292963
4,18004,2,2,0.93999999999999995,0.066684952458967578,-0.051715983879616963
4,18004,2,2,0.94999999999999996,0.067011222061949802,-0.052082485559159293
4,18004,2,2,0.95999999999999996,0.067320200726915677,-0.052443401645075133
4,18004,2,2,0.96999999999999997,0.067611795717506751,-0.052799172865445852
4,18004,2,2,0.97999999999999998,0.067885879576539396,-0.053150214890705004
4,18004,2,2,0.98999999999999999,0.068142326339612799,-0.053496932800888262
4,18004,2,2,1,0.068381228810642847,-0.053839764363965224
4,18004,2,3,0,0.0008365969075687929,-0.00057845469213563261
4,18004,2,3,0.01,0.0010135502956316806,-0.00070180929671098517
4,18004,2,3,0.02,0.0012135627657932381,-0.000839775048730476
4,18004,2,3,0.029999999999999999,0.0014370790583057337,-0.00099309160303487202
4,18004,2,3,0.040000000000000001,0.001684140520305268,-0.0011622423761215616
4,18004,2,3,0.050000000000000003,0.0019545953331666899,-0.0013479086943458836
4,18004,2,3,0.059999999999999998,0.0022481670493325889,-0.0015506317996838187
4,18004,2,3,0.070000000000000007,0.002564148530014662,-0.0017709544066182624
4,18004,2,3,0.080000000000000002,0.0029020783477363313,-0.0020095045750180922
4,18004,2,3,0.089999999999999997,0.0032609353566117132,-0.0022666907814186455
4,18004,2,3,0.10000000000000001,0.0036397180008176356,-0.0025430814807433479
4,18004,2,3,0.11,0.0040373962100987574,-0.0028390123540175203
4,18004,2,3,0.12,0.0044526252855060285,-0.003154983249007095
4,18004,2,3,0.13,0.0048841718208960374,-0.0034912245148505626
4,18004,2,3,0.14000000000000001,0.0053305326830030099,-0.0038480984953298387
4,18004,2,3,0.14999999999999999,0.0057903209756888724,-0.004225755737062911
4,18004,2,3,0.16,0.0062620220552774657,-0.0046244105833492628
4,18004,2,3,0.17000000000000001,0.0067440199629230715,-0.005044091829766245
4,18004,2,3,0.17999999999999999,0.0072348667568086144,-0.0054848556263858107
4,18004,2,3,0.19,0.0077329061004544029,-0.0059466095145877113
4,18004,2,3,0.20000000000000001,0.0082366398093587975,-0.0064292674692008334
4,18004,2,3,0.20999999999999999,0.0087445477104834152,-0.0069326082405123009
4,18004,2,3,0.22,0.0092551387455657597,-0.0074563622248013548
4,18004,2,3,0.23000000000000001,0.0097670113318623752,-0.0080001614094269893
4,18004,2,3,0.23999999999999999,0.01027875427471713,-0.0085635868783683934
4,18004,2,3,0.25,0.01078917786113198,-0.0091461701632002939
4,18004,2,3,0.26000000000000001,0.011297064589101005,-0.0097472610520195572
4,18004,2,3,0.27000000000000002,0.011801296173154846,-0.010366295959285746
4,18004,2,3,0.28000000000000003,0.012300913458176946,-0.011002480250491756
4,18004,2,3,0.28999999999999998,0.012794994716939014,-0.011655132292704718
4,18004,2,3,0.29999999999999999,0.013282830153121363,-0.012323288229843394
4,18004,2,3,0.31,0.013763679112674254,-0.013006146890875597
4,18004,2,3,0.32000000000000001,0.014237072387459563,-0.013702720927081915
4,18004,2,3,0.33000000000000002,0.014702515531786052,-0.01441198506335776
4,18004,2,3,0.34000000000000002,0.015159702268225115,-0.015132927404062841
4,18004,2,3,0.34999999999999998,0.015608427004786629,-0.015864408732946807
4,18004,2,3,0.35999999999999999,0.016048500255411227,-0.016605392977895764
4,18004,2,3,0.37,0.016480005178448432,-0.017354644231285191
4,18004,2,3,0.38,0.016902888932865383,-0.018111055568001168
4,18004,2,3,0.39000000000000001,0.017317417016377908,-0.018873416545715973
4,18004,2,3,0.40000000000000002,0.017723698847057413,-0.019640537720546147
4,18004,2,3,0.40999999999999998,0.018122109186103758,-0.020411238106549309
4,18004,2,3,0.41999999999999998,0.01851297229627635,-0.021184315004732761
4,18004,2,3,0.42999999999999999,0.018896639674970971,-0.021958604572812318
4,18004,2,3,0.44,0.019273616742336405,-0.022732943594828709
4,18004,2,3,0.45000000000000001,0.019644305951801798,-0.023506211226123706
4,18004,2,3,0.46000000000000002,0.020009275553946115,-0.024277295968624057
4,18004,2,3,0.46999999999999997,0.020368956064769857,-0.02504513590384724
4,18004,2,3,0.47999999999999998,0.020723907090587239,-0.025808731553105618
4,18004,2,3,0.48999999999999999,0.021074640110864951,-0.026567097374600213
4,18004,2,3,0.5,0.021421641819646679,-0.027319366222513557
4,18004,2,3,0.51000000000000001,0.021765429472801388,-0.028064658403427641
4,18004,2,3,0.52000000000000002,0.022106457902981717,-0.028802249285642432
4,18004,2,3,0.53000000000000003,0.022445191449590316,-0.029531401733312864
4,18004,2,3,0.54000000000000004,0.022782061928574595,-0.030251513486998307
4,18004,2,3,0.55000000000000004,0.023117441633705053,-0.030962014741061212
4,18004,2,3,0.56000000000000005,0.023451732345401963,-0.031662407190384996
4,18004,2,3,0.56999999999999995,0.023785231284338886,-0.032352316937699029
4,18004,2,3,0.57999999999999996,0.024118258038575171,-0.033031428544163736
4,18004,2,3,0.58999999999999997,0.024451064486585215,-0.033699465363070967
4,18004,2,3,0.59999999999999998,0.024783867851851465,-0.034356293214698151
4,18004,2,3,0.60999999999999999,0.025116892542663891,-0.035001825919180156
4,18004,2,3,0.62,0.02545026448002367,-0.03563606453545793
4,18004,2,3,0.63,0.025784142131796865,-0.036259047503035081
4,18004,2,3,0.64000000000000001,0.026118615979938531,-0.036870920810244297
4,18004,2,3,0.65000000000000002,0.026453771173936325,-0.037471946649342086
4,18004,2,3,0.66000000000000003,0.026789675475784661,-0.038062296861375279
4,18004,2,3,0.67000000000000004,0.027126353209912444,-0.038642366675044372
4,18004,2,3,0.68000000000000005,0.027463848988808631,-0.039212510213315205
4,18004,2,3,0.68999999999999995,0.02780216945956604,-0.039773181553251193
4,18004,2,3,0.69999999999999996,0.02814132733657811,-0.040324785565148187
4,18004,2,3,0.70999999999999996,0.028481335236831478,-0.040867863360990221
4,18004,2,3,0.71999999999999997,0.028822186569242386,-0.041402978984350393
4,18004,2,3,0.72999999999999998,0.029163907955327178,-0.041930637618551016
4,18004,2,3,0.73999999999999999,0.029506488109653031,-0.04245146836302665
4,18004,2,3,0.75,0.029849964556844927,-0.042966036946082871
4,18004,2,3,0.76000000000000001,0.030194369029926223,-0.043474973848157968
4,18004,2,3,0.77000000000000002,0.030539753120793156,-0.043978814078467626
4,18004,2,3,0.78000000000000003,0.030886166636469713,-0.044478181815792384
4,18004,2,3,0.79000000000000004,0.031233679198591296,-0.044973656055285666
4,18004,2,3,0.80000000000000004,0.031582420435407897,-0.045465731046502846
4,18004,2,3,0.81000000000000005,0.031932461112223823,-0.045954996369507874
4,18004,2,3,0.81999999999999995,0.032283947350795469,-0.046441888667049708
4,18004,2,3,0.82999999999999996,0.03263700864483509,-0.046926914535333188
4,18004,2,3,0.83999999999999997,0.03299182099477576,-0.04741046581796262
4,18004,2,3,0.84999999999999998,0.033348542879126357,-0.047892933185494091
4,18004,2,3,0.85999999999999999,0.033707328464185705,-0.048374694598003858
4,18004,2,3,0.87,0.034068430888236301,-0.048855984732912361
4,18004,2,3,0.88,0.034431987335791135,-0.049337119488908211
4,18004,2,3,0.89000000000000001,0.034798233460709087,-0.049818256424855011
4,18004,2,3,0.90000000000000002,0.035167352913774534,-0.050299571182913137
4,18004,2,3,0.91000000000000003,0.035539565332248772,-0.050781195839424788
4,18004,2,3,0.92000000000000004,0.035915061368291951,-0.051263175184138678
4,18004,2,3,0.93000000000000005,0.036294008475103057,-0.051745534652434332
4,18004,2,3,0.93999999999999995,0.036676649833236791,-0.052228255275926082
4,18004,2,3,0.94999999999999996,0.037063094608432698,-0.052711273266968485
4,18004,2,3,0.95999999999999996,0.037453521371962686,-0.053194516751059732
4,18004,2,3,0.96999999999999997,0.037848070889005637,-0.053677801419429738
4,18004,2,3,0.97999999999999998,0.038246863983600318,-0.054160994511555371
4,18004,2,3,0.98999999999999999,0.038649991474952933,-0.054643898162899524
4,18004,2,3,1,0.039057511113709503,-0.055126271394295524
4,18004,2,4,0,0.00052365284380378096,0.00061697286676768348
4,18004,2,4,0.01,0.00060302794070350393,0.0008267352190547304
4,18004,2,4,0.02,0.00069135407113230657,0.0010658440332148775
4,18004,2,4,0.029999999999999999,0.00078837537527927219,0.0013349113215939898
4,18004,2,4,0.040000000000000001,0.00089376161398752962,0.0016344072688687569
4,18004,2,4,0.050000000000000003,0.0010070539580652733,0.0019644243282600005
4,18004,2,4,0.059999999999999998,0.0011276431561207533,0.0023249445803689597
4,18004,2,4,0.070000000000000007,0.0012549079310339832,0.0027157840952353484
4,18004,2,4,0.080000000000000002,0.0013881181795150797,0.0031364975844470275
4,18004,2,4,0.089999999999999997,0.0015263719562955769,0.0035864648849057578
4,18004,2,4,0.10000000000000001,0.0016688539629300862,0.0040648695706660349
4,18004,2,4,0.11,0.001814627353431553,0.0045707837915784089
4,18004,2,4,0.12,0.0019626518254927546,0.0051029691294536854
4,18004,2,4,0.13,0.0021119831483449925,0.0056600874038882374
4,18004,2,4,0.14000000000000001,0.0022615796587232046,0.0062407325787685172
4,18004,2,4,0.14999999999999999,0.0024103773642288485,0.0068432385612490253
4,18004,2,4,0.16,0.0025573820182795502,0.007465882564981762
4,18004,2,4,0.17000000000000001,0.0027015192518577021,0.008106895321111399
4,18004,2,4,0.17999999999999999,0.0028418189121026537,0.0087643231065530191
4,18004,2,4,0.19,0.0029773240272040406,0.0094361898648628404
4,18004,2,4,0.20000000000000001,0.0031070392097002947,0.010120487589806791
4,18004,2,4,0.20999999999999999,0.0032301376288409347,0.010815158903550434
4,18004,2,4,0.22,0.0033457929950926548,0.011518086200613571
4,18004,2,4,0.23000000000000001,0.0034532225722993079,0.012227185101051127
4,18004,2,4,0.23999999999999999,0.0035517702950766772,0.01294038182538837
4,18004,2,4,0.25,0.0036408203318428361,0.013655616355075756
4,18004,2,4,0.26000000000000001,0.0037198674828635499,0.014370886681206368
4,18004,2,4,0.27000000000000002,0.0037884554284811386,0.015084233583787736
4,18004,2,4,0.28000000000000003,0.003846245321299359,0.015793765319321185
4,18004,2,4,0.28999999999999998,0.0038930426753062825,0.016497697920230408
4,18004,2,4,0.29999999999999999,0.0039286045789699879,0.017194280990290745
4,18004,2,4,0.31,0.0039529188768201466,0.017881904496632166
4,18004,2,4,0.32000000000000001,0.0039660614177759318,0.018559097669563502
4,18004,2,4,0.33000000000000002,0.003968066380969788,0.01922443303851407
4,18004,2,4,0.34000000000000002,0.0039591891460746742,0.019876676246253708
4,18004,2,4,0.34999999999999998,0.0039397564654931943,0.020514722897932814
4,18004,2,4,0.35999999999999999,0.0039100599713694263,0.021137542547108937
4,18004,2,4,0.37,0.0038705612184943157,0.02174429650454918
4,18004,2,4,0.38,0.0038217998208381031,0.022334303723578131
4,18004,2,4,0.39000000000000001,0.0037642877599697866,0.022906976580820495
4,18004,2,4,0.40000000000000002,0.0036986129408075317,0.023461873581132081
4,18004,2,4,0.40999999999999998,0.0036254771001852384,0.02399872646103551
4,18004,2,4,0.41999999999999998,0.0035455384246135019,0.024517415272296228
4,18004,2,4,0.42999999999999999,0.0034594377124831793,0.02501787961051952
4,18004,2,4,0.44,0.0033679464445585876,0.025500300899031141
4,18004,2,4,0.45000000000000001,0.0032717887088299339,0.025964921660558703
4,18004,2,4,0.46000000000000002,0.0031716301983971077,0.026412055125564441
4,18004,2,4,0.46999999999999997,0.0030682143614461526,0.026842222974094037
4,18004,2,4,0.47999999999999998,0.0029622542218643339,0.027255988226326969
4,18004,2,4,0.48999999999999999,0.0028543855518245388,0.027653988443339991
4,18004,2,4,0.5,0.0027452652533876964,0.028036984836101776
4,18004,2,4,0.51000000000000001,0.0026355437694029621,0.028405762125741956
4,18004,2,4,0.52000000000000002,0.0025257625817433141,0.028761216676391085
4,18004,2,4,0.53000000000000003,0.0024164607179995349,0.029104254660243148
4,18004,2,4,0.54000000000000004,0.0023081588022287481,0.02943583152403614
4,18004,2,4,0.55000000000000004,0.0022012965677752076,0.029756953459994226
4,18004,2,4,0.56000000000000005,0.0020962810957306094,0.0300685706172589
4,18004,2,4,0.56999999999999995,0.0019934931185670263,0.030371692947747168
4,18004,2,4,0.57999999999999996,0.0018932441807789832,0.030667319003124166
4,18004,2,4,0.58999999999999997,0.0017958059115356507,0.030956372339663699
4,18004,2,4,0.59999999999999998,0.0017014157137649002,0.031239807275168816
4,18004,2,4,0.60999999999999999,0.0016102828840932545,0.031518483956348042
4,18004,2,4,0.62,0.0015225467690822916,0.031793248853425535
4,18004,2,4,0.63,0.0014383255186792034,0.032064925506630433
4,18004,2,4,0.64000000000000001,0.0013577177305932008,0.032334202013950465
4,18004,2,4,0.65000000000000002,0.0012807939069952833,0.032601743914924194
4,18004,2,4,0.66000000000000003,0.0012076017666625266,0.03286818068692772
4,18004,2,4,0.67000000000000004,0.0011381815587810037,0.033133984349083358
4,18004,2,4,0.68000000000000005,0.0010725594432629212,0.033399632882196668
4,18004,2,4,0.68999999999999995,0.0010107603394462876,0.033665520676045731
4,18004,2,4,0.69999999999999996,0.00095279886669152414,0.033931913321763679
4,18004,2,4,0.70999999999999996,0.00089870268420056429,0.034199067678930661
4,18004,2,4,0.71999999999999997,0.00084849243315301851,0.034467148777762351
4,18004,2,4,0.72999999999999998,0.00080218817320878641,0.034736223567494916
4,18004,2,4,0.73999999999999999,0.00075983070536104341,0.035006358864008519
4,18004,2,4,0.75,0.00072147845295948698,0.035277494802728786
4,18004,2,4,0.76000000000000001,0.00068719160926888434,0.035549550743161712
4,18004,2,4,0.77000000000000002,0.00065705262917312623,0.035822403896239106
4,18004,2,4,0.78000000000000003,0.00063116083292420744,0.036095859327367558
4,18004,2,4,0.79000000000000004,0.00060963570523070324,0.03636972290853669
4,18004,2,4,0.80000000000000004,0.00059260220766929139,0.036643748815398502
4,18004,2,4,0.81000000000000005,0.00058022342701224505,0.036917661051474114
4,18004,2,4,0.81999999999999995,0.00057266552099032497,0.037191213222901122
4,18004,2,4,0.82999999999999996,0.00057008191381421761,0.037464113308312973
4,18004,2,4,0.83999999999999997,0.0005726632622436908,0.037736089093198109
4,18004,2,4,0.84999999999999998,0.00058063178111289243,0.03800686899666883
4,18004,2,4,0.85999999999999999,0.0005941577543051047,0.038276202668857409
4,18004,2,4,0.87,0.00061346066456912979,0.038543872204520137
4,18004,2,4,0.88,0.0006387666292441927,0.038809655363147601
4,18004,2,4,0.89000000000000001,0.00067025339913988921,0.039073401901081252
4,18004,2,4,0.90000000000000002,0.00070814479546212983,0.039335000745496861
4,18004,2,4,0.91000000000000003,0.00075263366985245611,0.039594342645381565
4,18004,2,4,0.92000000000000004,0.00080386459246143543,0.039851403502274389
4,18004,2,4,0.93000000000000005,0.00086201185303947986,0.040106216512055634
4,18004,2,4,0.93999999999999995,0.0009271754294686215,0.040358825676120764
4,18004,2,4,0.94999999999999996,0.00099947272098824258,0.040609353087423465
4,18004,2,4,0.95999999999999996,0.0010789699223248926,0.040857992264102402
4,18004,2,4,0.96999999999999997,0.0011656816788298437,0.041104958758654775
4,18004,2,4,0.97999999999999998,0.0012596496082410494,0.041350528402931186
4,18004,2,4,0.98999999999999999,0.0013608022662662891,0.041595051714796397
4,18004,2,4,1,0.0014690490327084933,0.041838905696517083
4,18004,2,5,0,-5.5661233115622544e-05,0.0015041072079101474
4,18004,2,5,0.01,1.0989407541503031e-05,0.0017986405599061384
4,18004,2,5,0.02,8.9651197543687936e-05,0.0021247947054849029
4,18004,2,5,0.029999999999999999,0.00018085608931193823,0.0024833206575234751
4,18004,2,5,0.040000000000000001,0.00028507451950288815,0.0028746900785389085
4,18004,2,5,0.050000000000000003,0.00040273949880485625,0.0032992848577320286
4,18004,2,5,0.059999999999999998,0.00053427094468625283,0.0037574557987265643
4,18004,2,5,0.070000000000000007,0.00067999311755550292,0.0042490737870956698
4,18004,2,5,0.080000000000000002,0.0008402475749071653,0.0047741754006743638
4,18004,2,5,0.089999999999999997,0.0010152640655848326,0.005332377343858173
4,18004,2,5,0.10000000000000001,0.0012052817662662569,0.0059234445636449085
4,18004,2,5,0.11,0.0014105019899794628,0.0065468699912811226
4,18004,2,5,0.12,0.0016310818163188408,0.0072019950976626836
4,18004,2,5,0.13,0.001867128595430257,0.0078880767759095163
4,18004,2,5,0.14000000000000001,0.0021187178356405624,0.0086041931787481565
4,18004,2,5,0.14999999999999999,0.0023859550473421093,0.0093496365314550307
4,18004,2,5,0.16,0.002668832271410718,0.010123186735235509
4,18004,2,5,0.17000000000000001,0.0029673602942157404,0.010923813644992689
4,18004,2,5,0.17999999999999999,0.003281470550352961,0.011750211948775976
4,18004,2,5,0.19,0.0036111040609447345,0.012601141644557903
4,18004,2,5,0.20000000000000001,0.0039561890112266313,0.013475411726198741
4,18004,2,5,0.20999999999999999,0.004316599585756086,0.014371503724079344
4,18004,2,5,0.22,0.0046922618278042441,0.015288175166448101
4,18004,2,5,0.23000000000000001,0.0050829772918460194,0.016223825418016414
4,18004,2,5,0.23999999999999999,0.0054885672640576852,0.017177102170122065
4,18004,2,5,0.25,0.0059088297503470345,0.018146525237943925
4,18004,2,5,0.26000000000000001,0.0063435415915293414,0.019130558465033632
4,18004,2,5,0.27000000000000002,0.0067924972406338477,0.020127760292802398
4,18004,2,5,0.28000000000000003,0.0072554440428858509,0.021136590865812436
4,18004,2,5,0.28999999999999998,0.0077321653564459657,0.022155732616110757
4,18004,2,5,0.29999999999999999,0.0082224076916147578,0.023183663326378622
4,18004,2,5,0.31,0.0087258999091680695,0.0242190126587165
4,18004,2,5,0.32000000000000001,0.0092423876329109783,0.025260361014283129
4,18004,2,5,0.33000000000000002,0.0097716200034747968,0.026306404987638105
4,18004,2,5,0.34000000000000002,0.010313343951075913,0.027355927766173835
4,18004,2,5,0.34999999999999998,0.010867297687416988,0.028407625947280222
4,18004,2,5,0.35999999999999999,0.011433241158872143,0.029460365817740183
4,18004,2,5,0.37,0.012010931248721997,0.030512929394767813
4,18004,2,5,0.38,0.012600145824068848,0.031564311058955519
4,18004,2,5,0.39000000000000001,0.013200657126813614,0.03261351724048521
4,18004,2,5,0.40000000000000002,0.013812233643459541,0.033659558743501718
4,18004,2,5,0.40999999999999998,0.014434669093795224,0.034701533242796227
4,18004,2,5,0.41999999999999998,0.015067767335928925,0.03573856480436504
4,18004,2,5,0.42999999999999999,0.015711370937468785,0.036769898430064653
4,18004,2,5,0.44,0.016365321797779397,0.037794793038346881
4,18004,2,5,0.45000000000000001,0.017029419738795043,0.038812601693796397
4,18004,2,5,0.46000000000000002,0.017703503874069739,0.039822676326884562
4,18004,2,5,0.46999999999999997,0.018387428080725462,0.040824483995790806
4,18004,2,5,0.47999999999999998,0.019081067631222279,0.041817521138463626
4,18004,2,5,0.48999999999999999,0.019784287464306584,0.042801340332946601
4,18004,2,5,0.5,0.020496940140227696,0.043775567131296246
4,18004,2,5,0.51000000000000001,0.021218905422272474,0.044739803272369393
4,18004,2,5,0.52000000000000002,0.021950049361190483,0.045693800266393553
4,18004,2,5,0.53000000000000003,0.02269026301390557,0.046637279279027999
4,18004,2,5,0.54000000000000004,0.023439417298562925,0.047570018486018495
4,18004,2,5,0.55000000000000004,0.024197366001450688,0.048491851135346764
4,18004,2,5,0.56000000000000005,0.024963974212573913,0.049402627971479457
4,18004,2,5,0.56999999999999995,0.025739104941543144,0.050302251777780006
4,18004,2,5,0.57999999999999996,0.026522653505630319,0.051190607290266643
4,18004,2,5,0.58999999999999997,0.027314438370643502,0.052067639476693538
4,18004,2,5,0.59999999999999998,0.028114275893678157,0.052933338440882889
4,18004,2,5,0.60999999999999999,0.028921976278364958,0.053787695136131193
4,18004,2,5,0.62,0.029737319930092154,0.054630709478797224
4,18004,2,5,0.63,0.030560091991677179,0.055462394132288616
4,18004,2,5,0.64000000000000001,0.031390025270278461,0.056282766983396383
4,18004,2,5,0.65000000000000002,0.0322268551087578,0.057091885247690537
4,18004,2,5,0.66000000000000003,0.0330702922155846,0.057889811314974726
4,18004,2,5,0.67000000000000004,0.033920041758858023,0.058676623212102215
4,18004,2,5,0.68000000000000005,0.034775798944685438,0.059452385147830383
4,18004,2,5,0.68999999999999995,0.035637221294373148,0.060217190882305739
4,18004,2,5,0.69999999999999996,0.036503960953701502,0.060971143248064553
4,18004,2,5,0.70999999999999996,0.037375652145735155,0.061714333060430442
4,18004,2,5,0.71999999999999997,0.038251941163720576,0.062446845294663739
4,18004,2,5,0.72999999999999998,0.039132435381875975,0.063168750704461263
4,18004,2,5,0.73999999999999999,0.040016724200543953,0.063880192902030619
4,18004,2,5,0.75,0.040904404314108168,0.064581252393654962
4,18004,2,5,0.76000000000000001,0.041795048607087444,0.065272034325733849
4,18004,2,5,0.77000000000000002,0.042688250270411156,0.06595261138981888
4,18004,2,5,0.78000000000000003,0.043583558452430671,0.0666230849459757
4,18004,2,5,0.79000000000000004,0.044480530647320438,0.067283592657433861
4,18004,2,5,0.80000000000000004,0.045378731955980321,0.067934197107068828
4,18004,2,5,0.81000000000000005,0.046277701068608339,0.068575044632724749
4,18004,2,5,0.81999999999999995,0.047177009709052233,0.069206168418279423
4,18004,2,5,0.82999999999999996,0.048076187262841762,0.069827729429781188
4,18004,2,5,0.83999999999999997,0.048974788355270645,0.070439841607520634
4,18004,2,5,0.84999999999999998,0.049872379271654575,0.07104259224304503
4,18004,2,5,0.85999999999999999,0.050768521797603473,0.071636106320768278
4,18004,2,5,0.87,0.051662783800011158,0.072220402362220035
4,18004,2,5,0.88,0.052554733417724597,0.072795707801233817
4,18004,2,5,0.89000000000000001,0.053443955563145025,0.073362102686912567
4,18004,2,5,0.90000000000000002,0.054330052288459489,0.073919722016095799
4,18004,2,5,0.91000000000000003,0.055212642410801815,0.074468654904638665
4,18004,2,5,0.92000000000000004,0.056091343650758761,0.075008991731347965
4,18004,2,5,0.93000000000000005,0.056965787848354064,0.075540926751152301
4,18004,2,5,0.93999999999999995,0.057835618529015809,0.076064507863862721
4,18004,2,5,0.94999999999999996,0.058700521462269985,0.076579921932229469
4,18004,2,5,0.95999999999999996,0.0595601953674115,0.077087188679398136
4,18004,2,5,0.96999999999999997,0.060414339106248792,0.077586474774015951
4,18004,2,5,0.97999999999999998,0.061262676036713516,0.078077908280128935
4,18004,2,5,0.98999999999999999,0.062104949469211967,0.078561569998961897
4,18004,2,5,1,0.062940928402692622,0.079037615136084496
4,18004,2,6,0,-0.0010069953545864356,0.0005623325260327392
4,18004,2,6,0.01,-0.0012559264520654076,0.00065453374235709084
4,18004,2,6,0.02,-0.0015392658583452611,0.000760618470822403
4,18004,2,6,0.029999999999999999,-0.001857506439165533,0.00088213031744536043
4,18004,2,6,0.040000000000000001,-0.0022108797331935833,0.0010204517171597007
4,18004,2,6,0.050000000000000003,-0.0025990985808740257,0.0011768408498323017
4,18004,2,6,0.059999999999999998,-0.0030218792057083881,0.0013524110913468808
4,18004,2,6,0.070000000000000007,-0.0034789604732825608,0.0015483208427634907
4,18004,2,6,0.080000000000000002,-0.0039695536610669102,0.0017654369882857616
4,18004,2,6,0.089999999999999997,-0.0044929806918685648,0.0020046025837880386
4,18004,2,6,0.10000000000000001,-0.0050486139349332684,0.0022666613570535474
4,18004,2,6,0.11,-0.0056352390242425778,0.0025519444337738389
4,18004,2,6,0.12,-0.0062519940366709036,0.0028609742563348735
4,18004,2,6,0.13,-0.00689791189071692,0.0031941139050603727
4,18004,2,6,0.14000000000000001,-0.0075716847868472631,0.003551360299137715
4,18004,2,6,0.14999999999999999,-0.0082722422577408555,0.0039327921532710331
4,18004,2,6,0.16,-0.0089984304814101478,0.0043382573836613448
4,18004,2,6,0.17000000000000001,-0.0097488855208991351,0.0047673469805076746
4,18004,2,6,0.17999999999999999,-0.010522576318462132,0.0052197765291191918
4,18004,2,6,0.19,-0.011318196957023926,0.0056948012128693534
4,18004,2,6,0.20000000000000001,-0.012134508976550469,0.0061916540338423677
4,18004,2,6,0.20999999999999999,-0.012970371175953952,0.0067094506138081142
4,18004,2,6,0.22,-0.013824728564765803,0.0072472993562989543
4,18004,2,6,0.23000000000000001,-0.014696238822062635,0.0078037519744302191
4,18004,2,6,0.23999999999999999,-0.015583964563696347,0.0083777227611370204
4,18004,2,6,0.25,-0.016486773981998579,0.0089676849665211462
4,18004,2,6,0.26000000000000001,-0.017403629341180549,0.009572166996233979
4,18004,2,6,0.27000000000000002,-0.018333585404241255,0.010189585122989935
4,18004,2,6,0.28000000000000003,-0.019275622375727119,0.010818148634161751
4,18004,2,6,0.28999999999999998,-0.020228819663780026,0.01145615514146299
4,18004,2,6,0.29999999999999999,-0.021192347056699975,0.012101810451332609
4,18004,2,6,0.31,-0.022165341404950495,0.012753244662868925
4,18004,2,6,0.32000000000000001,-0.023146898600273257,0.013408514377370583
4,18004,2,6,0.33000000000000002,-0.024136337718307765,0.014065753748630219
4,18004,2,6,0.34000000000000002,-0.025132866267343412,0.01472315412716562
4,18004,2,6,0.34999999999999998,-0.026135724596732853,0.015378687889053201
4,18004,2,6,0.35999999999999999,-0.027144267340849158,0.016030695522232751
4,18004,2,6,0.37,-0.028157757549796311,0.016677219142698273
4,18004,2,6,0.38,-0.029175539616961316,0.017316661587972525
4,18004,2,6,0.39000000000000001,-0.030197027534527337,0.017947318407992373
4,18004,2,6,0.40000000000000002,-0.031221524091150633,0.018567661343832528
4,18004,2,6,0.40999999999999998,-0.032248394943638826,0.019176162191218565
4,18004,2,6,0.41999999999999998,-0.033277097032229204,0.019771550645144114
4,18004,2,6,0.42999999999999999,-0.034306986767171387,0.020352641958087562
4,18004,2,6,0.44,-0.035337413103484337,0.020918219989286974
4,18004,2,6,0.45000000000000001,-0.036367861933205431,0.021467471177979858
4,18004,2,6,0.46000000000000002,-0.037397670310295415,0.021999488011227957
4,18004,2,6,0.46999999999999997,-0.038426253488957195,0.022513670285171736
4,18004,2,6,0.47999999999999998,-0.039453069027000257,0.023009455701476649
4,18004,2,6,0.48999999999999999,-0.040477460697278249,0.023486538489986164
4,18004,2,6,0.5,-0.04149882598685245,0.023944607549001351
4,18004,2,6,0.51000000000000001,-0.042516688899976729,0.024383732989009674
4,18004,2,6,0.52000000000000002,-0.043530352650586114,0.024803858931225345
4,18004,2,6,0.53000000000000003,-0.044539262995183709,0.025205309921419467
4,18004,2,6,0.54000000000000004,-0.045542906636623137,0.025588387242654761
4,18004,2,6,0.55000000000000004,-0.046540674459951019,0.025953597588672991
4,18004,2,6,0.56000000000000005,-0.047532021718253888,0.026301532265888872
4,18004,2,6,0.56999999999999995,-0.048516478124550538,0.026632948303646459
4,18004,2,6,0.57999999999999996,-0.049493450225667292,0.026948609673456123
4,18004,2,6,0.58999999999999997,-0.050462499349009309,0.027249458834398541
4,18004,2,6,0.59999999999999998,-0.051423206006768148,0.027536493450115055
4,18004,2,6,0.60999999999999999,-0.05237503174453495,0.027810716261644931
4,18004,2,6,0.62,-0.053317645292923051,0.02807330226918453
4,18004,2,6,0.63,-0.054250693747911999,0.028325355608492326
4,18004,2,6,0.64000000000000001,-0.055173777342746193,0.028568032543482825
4,18004,2,6,0.65000000000000002,-0.056086642448794632,0.028802566931267915
4,18004,2,6,0.66000000000000003,-0.056989049693584586,0.029030121345473402
4,18004,2,6,0.67000000000000004,-0.057880708267314139,0.029251861383227069
4,18004,2,6,0.68000000000000005,-0.058761536778654443,0.029468931724756217
4,18004,2,6,0.68999999999999995,-0.059631345057300611,0.029682449255593199
4,18004,2,6,0.69999999999999996,-0.060490043488788912,0.029893493698652681
4,18004,2,6,0.70999999999999996,-0.061337602007156079,0.030103034665831252
4,18004,2,6,0.71999999999999997,-0.062174030058154715,0.030311994770598316
4,18004,2,6,0.72999999999999998,-0.06299929995641286,0.030521235769384533
4,18004,2,6,0.73999999999999999,-0.063813560322099186,0.030731546333309087
4,18004,2,6,0.75,-0.064616858356546861,0.03094358583647069
4,18004,2,6,0.76000000000000001,-0.065409366536408164,0.03115788509758044
4,18004,2,6,0.77000000000000002,-0.06619129435702166,0.031374961307375736
4,18004,2,6,0.78000000000000003,-0.066962775838030272,0.031595183537834137
4,18004,2,6,0.79000000000000004,-0.067724108369177069,0.031818835209610895
4,18004,2,6,0.80000000000000004,-0.068475551114646038,0.032045984137321841
4,18004,2,6,0.81000000000000005,-0.06921736417513881,0.032276765579407563
4,18004,2,6,0.81999999999999995,-0.069949853794932501,0.03251113198105917
4,18004,2,6,0.82999999999999996,-0.070673391132928282,0.032748907599956689
4,18004,2,6,0.83999999999999997,-0.071388246268296332,0.032989864891497349
4,18004,2,6,0.84999999999999998,-0.072094811539357026,0.033233666258725335
4,18004,2,6,0.85999999999999999,-0.072793443911050956,0.033479935578091612
4,18004,2,6,0.87,-0.073484462596601671,0.033728189652004366
4,18004,2,6,0.88,-0.074168268104228441,0.033977899529654083
4,18004,2,6,0.89000000000000001,-0.074845220439456073,0.034228410854557766
4,18004,2,6,0.90000000000000002,-0.075515647786643533,0.034479164655448757
4,18004,2,6,0.91000000000000003,-0.07617992080371587,0.034729506550541071
4,18004,2,6,0.92000000000000004,-0.076838365263778477,0.034978657554090763
4,18004,2,6,0.93000000000000005,-0.077491323065591575,0.035225952041870699
4,18004,2,6,0.93999999999999995,-0.078139063177612142,0.035470745123450893
4,18004,2,6,0.94999999999999996,-0.078781915551019557,0.035712244159224305
4,18004,2,6,0.95999999999999996,-0.079420117889720407,0.035949848591833172
4,18004,2,6,0.96999999999999997,-0.080053923903413163,0.036182893629954381
4,18004,2,6,0.97999999999999998,-0.080683560421244027,0.036410693545539469
4,18004,2,6,0.98999999999999999,-0.081309181056601273,0.036632804389981725
4,18004,2,6,1,-0.08193098831114419,0.036848733158938142
4,18004,2,7,0,-0.0011098884109108549,0.00028143331670286059
4,18004,2,7,0.01,-0.001373365085195002,0.00029878457229120061
4,18004,2,7,0.02,-0.0016739736527822157,0.00031345345732966616
4,18004,2,7,0.029999999999999999,-0.0020134727451334047,0.00032535259607638177
4,18004,2,7,0.040000000000000001,-0.0023932608217167991,0.00033448086452440628
4,18004,2,7,0.050000000000000003,-0.0028141003177478384,0.00034074137794277119
4,18004,2,7,0.059999999999999998,-0.0032767487702486334,0.00034416277243510884
4,18004,2,7,0.070000000000000007,-0.0037817640983185993,0.00034471675687630226
4,18004,2,7,0.080000000000000002,-0.0043292452493274404,0.00034230858919736678
4,18004,2,7,0.089999999999999997,-0.0049190667620874857,0.00033689942543925011
4,18004,2,7,0.10000000000000001,-0.0055509847910727578,0.00032842186192870567
4,18004,2,7,0.11,-0.0062243943811211644,0.00031671296231514291
4,18004,2,7,0.12,-0.0069384084236343091,0.00030160039538968032
4,18004,2,7,0.13,-0.0076921071941410358,0.00028295508320716885
4,18004,2,7,0.14000000000000001,-0.0084841642609307464,0.00026052595387918154
4,18004,2,7,0.14999999999999999,-0.0093130792650644098,0.0002340099188273779
4,18004,2,7,0.16,-0.010177398167322729,0.00020320701678583179
4,18004,2,7,0.17000000000000001,-0.011075099266688237,0.00016778004928296014
4,18004,2,7,0.17999999999999999,-0.012004478470604473,0.00012737639484092524
4,18004,2,7,0.19,-0.012963261334130985,8.1676987093095489e-05
4,18004,2,7,0.20000000000000001,-0.013949429773955179,3.0332423927802974e-05
4,18004,2,7,0.20999999999999999,-0.014960582733675926,-2.704065719687232e-05
4,18004,2,7,0.22,-0.015994395408933781,-9.0837120834772023e-05
4,18004,2,7,0.23000000000000001,-0.017048598539540886,-0.00016139834323601666
4,18004,2,7,0.23999999999999999,-0.018120547870807038,-0.00023908049537829366
4,18004,2,7,0.25,-0.01920789940104186,-0.00032434836518197935
4,18004,2,7,0.26000000000000001,-0.020308189073199503,-0.00041747760703422267
4,18004,2,7,0.27000000000000002,-0.021418887588422236,-0.00051881171472516598
4,18004,2,7,0.28000000000000003,-0.022537665510400484,-0.00062879599812459949
4,18004,2,7,0.28999999999999998,-0.023662036730314667,-0.00074766783371575662
4,18004,2,7,0.29999999999999999,-0.024789807325020244,-0.0008757618812311336
4,18004,2,7,0.31,-0.025918598323348752,-0.0010133947900409195
4,18004,2,7,0.32000000000000001,-0.027046297058425716,-0.0011608508398330529
4,18004,2,7,0.33000000000000002,-0.028170839777350482,-0.0013183878017400195
4,18004,2,7,0.34000000000000002,-0.029290237960140811,-0.0014862536435501152
4,18004,2,7,0.34999999999999998,-0.030402613863613755,-0.0016646604453992193
4,18004,2,7,0.35999999999999999,-0.031506271946048901,-0.0018539075543944808
4,18004,2,7,0.37,-0.032599521008636133,-0.0020540957139247151
4,18004,2,7,0.38,-0.033680987834327845,-0.0022654301548504382
4,18004,2,7,0.39000000000000001,-0.034749156351028411,-0.0024881575290666941
4,18004,2,7,0.40000000000000002,-0.03580296546584192,-0.0027223391678767805
4,18004,2,7,0.40999999999999998,-0.036841226930743147,-0.0029681195887325956
4,18004,2,7,0.41999999999999998,-0.037863026310700779,-0.003225680843178425
4,18004,2,7,0.42999999999999999,-0.038867533925211452,-0.0034950513759871914
4,18004,2,7,0.44,-0.039854025340210514,-0.0037763469974027284
4,18004,2,7,0.45000000000000001,-0.040822027549208655,-0.0040696591296580627
4,18004,2,7,0.46000000000000002,-0.041770961108166298,-0.0043749892453182832
4,18004,2,7,0.46999999999999997,-0.042700578704392866,-0.0046924155229572133
4,18004,2,7,0.47999999999999998,-0.043610619186279266,-0.0050219274671743598
4,18004,2,7,0.48999999999999999,-0.044500989796748026,-0.0053635030340983018
4,18004,2,7,0.5,-0.045371531507100993,-0.0057171414345239093
4,18004,2,7,0.51000000000000001,-0.046222465842366368,-0.0060827618548992849
4,18004,2,7,0.52000000000000002,-0.04705371934760183,-0.0064603122113384504
4,18004,2,7,0.53000000000000003,-0.047865599547503274,-0.0068496411463585581
4,18004,2,7,0.54000000000000004,-0.048658253877355555,-0.007250664866615378
4,18004,2,7,0.55000000000000004,-0.049431990395600096,-0.0076631950953469146
4,18004,2,7,0.56000000000000005,-0.050187119370689814,-0.0080870048258649806
4,18004,2,7,0.56999999999999995,-0.050923912044434971,-0.0085219428144776479
4,18004,2,7,0.57999999999999996,-0.051642779203708078,-0.008967681405037722
4,18004,2,7,0.58999999999999997,-0.05234408738310118,-0.0094239113910504543
4,18004,2,7,0.59999999999999998,-0.053028096495527262,-0.009890372492819233
4,18004,2,7,0.60999999999999999,-0.053695271881739733,-0.010366625603460447
4,18004,2,7,0.62,-0.054345906925317454,-0.010852265204173567
4,18004,2,7,0.63,-0.054980275822153944,-0.011346886872031505
4,18004,2,7,0.64000000000000001,-0.05559875308242198,-0.011849975608098582
4,18004,2,7,0.65000000000000002,-0.056201613569708007,-0.012360983983284562
4,18004,2,7,0.66000000000000003,-0.056789072035620176,-0.012879367757665313
4,18004,2,7,0.67000000000000004,-0.057361321482720377,-0.01340457388937384
4,18004,2,7,0.68000000000000005,-0.057918671422705105,-0.01393587583085433
4,18004,2,7,0.68999999999999995,-0.058461137835811604,-0.014472663164488508
4,18004,2,7,0.69999999999999996,-0.058988943720566754,-0.015014256700285654
4,18004,2,7,0.70999999999999996,-0.059502179560361017,-0.015559859211347145
4,18004,2,7,0.71999999999999997,-0.060000867510519779,-0.016108753996208338
4,18004,2,7,0.72999999999999998,-0.06048514767857912,-0.01666019072136771
4,18004,2,7,0.73999999999999999,-0.060954920400253389,-0.017213317760913831
4,18004,2,7,0.75,-0.061410320061249933,-0.017767325414445635
4,18004,2,7,0.76000000000000001,-0.061851283060453476,-0.018321457408837852
4,18004,2,7,0.77000000000000002,-0.062277749924637721,-0.018874803569095287
4,18004,2,7,0.78000000000000003,-0.062689821048818539,-0.019426537252099287
4,18004,2,7,0.79000000000000004,-0.063087314310308798,-0.019975904084474253
4,18004,2,7,0.80000000000000004,-0.063470302476416343,-0.020521987518778258
4,18004,2,7,0.81000000000000005,-0.063838758306514573,-0.021064027708139702
4,18004,2,7,0.81999999999999995,-0.064192618146220973,-0.021601214727449372
4,18004,2,7,0.82999999999999996,-0.064531948178231352,-0.022132818738927751
4,18004,2,7,0.83999999999999997,-0.064856672794327844,-0.022658024103708426
4,18004,2,7,0.84999999999999998,-0.065166927371106423,-0.023176202025973189
4,18004,2,7,0.85999999999999999,-0.0654626685729707,-0.023686663618923413
4,18004,2,7,0.87,-0.065744037841520594,-0.024188762741781528
4,18004,2,7,0.88,-0.066011145431839433,-0.024681921903682763
4,18004,2,7,0.89000000000000001,-0.066264036031567233,-0.025165701033155619
4,18004,2,7,0.90000000000000002,-0.066502964198127665,-0.025639509579033586
4,18004,2,7,0.91000000000000003,-0.066728068348209491,-0.02610300922289439
4,18004,2,7,0.92000000000000004,-0.066939551661114274,-0.026555870359450871
4,18004,2,7,0.93000000000000005,-0.06713769489823429,-0.026997750849956939
4,18004,2,7,0.93999999999999995,-0.067322768489958107,-0.0274284593812423
4,18004,2,7,0.94999999999999996,-0.067495042306562211,-0.027847842018421842
4,18004,2,7,0.95999999999999996,-0.067654861519688261,-0.028255826803004373
4,18004,2,7,0.96999999999999997,-0.067802646155008361,-0.028652355845105514
4,18004,2,7,0.97999999999999998,-0.067938674418229025,-0.029037507140863016
4,18004,2,7,0.98999999999999999,-0.068063415575520272,-0.02941135258366176
4,18004,2,7,1,-0.068177390555216891,-0.029774143480409673
4,18004,2,8,0,-0.0007644283643490809,-0.0010480136244626209
4,18004,2,8,0.01,-0.00094456288299561741,-0.0013053899756617722
4,18004,2,8,0.02,-0.0011500378471877742,-0.0015953194364545125
4,18004,2,8,0.029999999999999999,-0.0013820477764536643,-0.0019180676112391416
4,18004,2,8,0.040000000000000001,-0.0016416137861155627,-0.0022735747416674809
4,18004,2,8,0.050000000000000003,-0.0019295574653253357,-0.0026614519244944866
4,18004,2,8,0.059999999999999998,-0.0022467360932825978,-0.003081384906825971
4,18004,2,8,0.070000000000000007,-0.0025935463445895019,-0.003532447767989682
4,18004,2,8,0.080000000000000002,-0.002970521362242884,-0.0040139149849915158
4,18004,2,8,0.089999999999999997,-0.0033778988253789321,-0.0045247303366771499
4,18004,2,8,0.10000000000000001,-0.0038157183601000566,-0.0050636331013298305
4,18004,2,8,0.11,-0.004284192662188803,-0.005629619466294436
4,18004,2,8,0.12,-0.0047829659225434281,-0.0062210764364038773
4,18004,2,8,0.13,-0.005311770508695024,-0.0068366550888988411
4,18004,2,8,0.14000000000000001,-0.0058701755908932701,-0.0074748656789081526
4,18004,2,8,0.14999999999999999,-0.0064576162582796028,-0.0081341236026644531
4,18004,2,8,0.16,-0.0070735875357773757,-0.0088130051985281389
4,18004,2,8,0.17000000000000001,-0.0077171230283226153,-0.0095097930101898012
4,18004,2,8,0.17999999999999999,-0.0083873991112113268,-0.010223000145584577
4,18004,2,8,0.19,-0.0090834674880212688,-0.010951065966169538
4,18004,2,8,0.20000000000000001,-0.0098042498012739319,-0.011692415901734731
4,18004,2,8,0.20999999999999999,-0.010548767008629195,-0.012445732060278476
4,18004,2,8,0.22,-0.011315694083073308,-0.013209443601487703
4,18004,2,8,0.23000000000000001,-0.012103841267631026,-0.013982178661521795
4,18004,2,8,0.23999999999999999,-0.012911885295996255,-0.014762619489027304
4,18004,2,8,0.25,-0.013738488229379909,-0.015549490337370677
4,18004,2,8,0.26000000000000001,-0.01458234847549981,-0.016341647137066356
4,18004,2,8,0.27000000000000002,-0.015442079753916196,-0.017137890895254027
4,18004,2,8,0.28000000000000003,-0.01631627797855421,-0.017937243594659178
4,18004,2,8,0.28999999999999998,-0.017203570170859408,-0.018738746495428987
4,18004,2,8,0.29999999999999999,-0.018102604002881679,-0.019541496246132054
4,18004,2,8,0.31,-0.019012036680354436,-0.020344702840076986
4,18004,2,8,0.32000000000000001,-0.019930460854059709,-0.021147631834670642
4,18004,2,8,0.33000000000000002,-0.020856532129416978,-0.021949632150078221
4,18004,2,8,0.34000000000000002,-0.021788964536073815,-0.022750099635426662
4,18004,2,8,0.34999999999999998,-0.022726511177095631,-0.023548562574005078
4,18004,2,8,0.35999999999999999,-0.023667877980229346,-0.024344577772537276
4,18004,2,8,0.37,-0.024611935482208986,-0.025137814914192435
4,18004,2,8,0.38,-0.025557509961433984,-0.025927915538695358
4,18004,2,8,0.39000000000000001,-0.026503479676782779,-0.026714668562955016
4,18004,2,8,0.40000000000000002,-0.027448832734705827,-0.027497911520837272
4,18004,2,8,0.40999999999999998,-0.028392513388915398,-0.02827746957048749
4,18004,2,8,0.41999999999999998,-0.029333633074087262,-0.029053265362363922
4,18004,2,8,0.42999999999999999,-0.030271246136251841,-0.029825236367842064
4,18004,2,8,0.44,-0.031204515829582558,-0.030593361255805241
4,18004,2,8,0.45000000000000001,-0.032132709806492223,-0.031357661055014134
4,18004,2,8,0.46000000000000002,-0.033054999991422085,-0.032118118761714574
4,18004,2,8,0.46999999999999997,-0.033970824201957718,-0.032874839403723488
4,18004,2,8,0.47999999999999998,-0.034879538680183751,-0.033627851947200194
4,18004,2,8,0.48999999999999999,-0.035780610417776998,-0.03437721406400835
4,18004,2,8,0.5,-0.036673597623392215,-0.03512303173890096
4,18004,2,8,0.51000000000000001,-0.037557976281995788,-0.035865331358304602
4,18004,2,8,0.52000000000000002,-0.038433487545299745,-0.036604211693814372
4,18004,2,8,0.53000000000000003,-0.039299796471746001,-0.037339694516620316
4,18004,2,8,0.54000000000000004,-0.040156661834481362,-0.038071826936834703
4,18004,2,8,0.55000000000000004,-0.041003941869281975,-0.038800655113918128
4,18004,2,8,0.56000000000000005,-0.041841417797115261,-0.039526147944576644
4,18004,2,8,0.56999999999999995,-0.042669118536083024,-0.040248323828932286
4,18004,2,8,0.57999999999999996,-0.043486970807971807,-0.040967121343780527
4,18004,2,8,0.58999999999999997,-0.044295021178904791,-0.041682486587288313
4,18004,2,8,0.59999999999999998,-0.045093388069180784,-0.042394347810140641
4,18004,2,8,0.60999999999999999,-0.045882106117922185,-0.043102570794775676
4,18004,2,8,0.62,-0.046661420270623498,-0.043807048982950354
4,18004,2,8,0.63,-0.047431500245408729,-0.044507609448742769
4,18004,2,8,0.64000000000000001,-0.048192587913603813,-0.045204060772529225
4,18004,2,8,0.65000000000000002,-0.048944940157850537,-0.045896205257484106
4,18004,2,8,0.66000000000000003,-0.049688787870094057,-0.046583799293789668
4,18004,2,8,0.67000000000000004,-0.05042450977178075,-0.047266608718337509
4,18004,2,8,0.68000000000000005,-0.051152407642752869,-0.04794434573430531
4,18004,2,8,0.68999999999999995,-0.051872803161244464,-0.048616728162777449
4,18004,2,8,0.69999999999999996,-0.05258605102055023,-0.049283457020350196
4,18004,2,8,0.70999999999999996,-0.053292439896035861,-0.049944168493893853
4,18004,2,8,0.71999999999999997,-0.05399235296452054,-0.050598542472397208
4,18004,2,8,0.72999999999999998,-0.054686105725867608,-0.05124622701293275
4,18004,2,8,0.73999999999999999,-0.055374038593754671,-0.051886868615857673
4,18004,2,8,0.75,-0.056056505434791841,-0.052520088694049748
4,18004,2,8,0.76000000000000001,-0.056733762681580341,-0.05314549865621071
4,18004,2,8,0.77000000000000002,-0.05740613045135972,-0.053762746688997644
4,18004,2,8,0.78000000000000003,-0.058073875664008151,-0.054371430760208062
4,18004,2,8,0.79000000000000004,-0.058737259382527211,-0.054971141269097884
4,18004,2,8,0.80000000000000004,-0.059396504678563382,-0.055561525111220367
4,18004,2,8,0.81000000000000005,-0.060051794037057349,-0.056142159519390493
4,18004,2,8,0.81999999999999995,-0.060703384200387837,-0.056712707610021347
4,18004,2,8,0.82999999999999996,-0.061351439316685803,-0.057272781046836196
4,18004,2,8,0.83999999999999997,-0.061996099860878597,-0.057822028457241291
4,18004,2,8,0.84999999999999998,-0.062637506129064643,-0.058360122627692357
4,18004,2,8,0.85999999999999999,-0.063275774680109018,-0.058886633529464737
4,18004,2,8,0.87,-0.063910987999791932,-0.059401304364226047
4,18004,2,8,0.88,-0.064543224940840804,-0.059903818484026282
4,18004,2,8,0.89000000000000001,-0.06517254786396573,-0.060393878291679255
4,18004,2,8,0.90000000000000002,-0.065799021592079301,-0.060871224200472106
4,18004,2,8,0.91000000000000003,-0.066422613784945447,-0.061335530501457569
4,18004,2,8,0.92000000000000004,-0.067043377189481126,-0.061786657306850686
4,18004,2,8,0.93000000000000005,-0.067661317933665421,-0.062224348413460105
4,18004,2,8,0.93999999999999995,-0.068276422685307148,-0.062648400670862983
4,18004,2,8,0.94999999999999996,-0.068888675006868363,-0.063058728040108467
4,18004,2,8,0.95999999999999996,-0.069498047238650565,-0.063455099892790259
4,18004,2,8,0.96999999999999997,-0.07010451792796922,-0.063837500817356355
4,18004,2,8,0.97999999999999998,-0.070708043626368122,-0.064205825474707059
4,18004,2,8,0.98999999999999999,-0.071308580400693516,-0.064560037721233018
4,18004,2,8,1,-0.071906081020894033,-0.064900173303680572
5,18005,1,1,0,2.5762023721962828e-05,-0.0013857658456346844
5,18005,1,1,0.01,3.6805592583244834e-05,-0.0017248663110508336
5,18005,1,1,0.02,4.8609031184091647e-05,-0.0021148503205270447
5,18005,1,1,0.029999999999999999,6.1120148395762066e-05,-0.0025581980091400132
5,18005,1,1,0.040000000000000001,7.4367092910037074e-05,-0.0030567700458636222
5,18005,1,1,0.050000000000000003,8.8319232206001829e-05,-0.003611591662134745
5,18005,1,1,0.059999999999999998,0.00010298520447513165,-0.0042237445505328161
5,18005,1,1,0.070000000000000007,0.00011836187342431641,-0.0048938371901151396
5,18005,1,1,0.080000000000000002,0.00013443881595558206,-0.0056219191472410418
5,18005,1,1,0.089999999999999997,0.00015120805432894857,-0.0064077160892623899
5,18005,1,1,0.10000000000000001,0.00016864166497081821,-0.0072508581430590141
5,18005,1,1,0.11,0.00018673155401588689,-0.0081500515804007172
5,18005,1,1,0.12,0.0002054105286698896,-0.0091043415153733501
5,18005,1,1,0.13,0.00022466599541875857,-0.010111925057957556
5,18005,1,1,0.14000000000000001,0.00024440657097067608,-0.01117091036938736
5,18005,1,1,0.14999999999999999,0.0002645944618450733,-0.012279201244688896
5,18005,1,1,0.16,0.00028512845163030065,-0.013434266086027115
5,18005,1,1,0.17000000000000001,0.00030593869524263658,-0.014633320179404647
5,18005,1,1,0.17999999999999999,0.00032692022263506926,-0.015873722809274685
5,18005,1,1,0.19,0.00034797854572946686,-0.01715207078612082
5,18005,1,1,0.20000000000000001,0.00036901143464453768,-0.018465391644465878
5,18005,1,1,0.20999999999999999,0.00038991124132308966,-0.019810262777037173
5,18005,1,1,0.22,0.00041058238093823635,-0.021183048020514739
5,18005,1,1,0.23000000000000001,0.00043091775385201446,-0.022580527198208914
5,18005,1,1,0.23999999999999999,0.00045083661607660421,-0.023998811410712792
5,18005,1,1,0.25,0.00047024581499305096,-0.025434481351395265
5,18005,1,1,0.26000000000000001,0.00048908599514575388,-0.026883883550166996
5,18005,1,1,0.27000000000000002,0.00050728941954647597,-0.028343485552797393
5,18005,1,1,0.28000000000000003,0.00052482855613694343,-0.029809611132664032
5,18005,1,1,0.28999999999999998,0.00054167060918245639,-0.031279048982084473
5,18005,1,1,0.29999999999999999,0.00055781538672628665,-0.03274817400628139
5,18005,1,1,0.31,0.00057328205394052408,-0.034213943599385135
5,18005,1,1,0.32000000000000001,0.00058809831446195518,-0.035673080190426053
5,18005,1,1,0.33000000000000002,0.00060232042017728407,-0.037122602571439338
5,18005,1,1,0.34000000000000002,0.00061602926308350814,-0.038559802563581491
5,18005,1,1,0.34999999999999998,0.00062930649288328523,-0.039981802215959428
5,18005,1,1,0.35999999999999999,0.00064226214178862609,-0.041386232042954087
5,18005,1,1,0.37,0.00065502400214559244,-0.042770719221690269
5,18005,1,1,0.38,0.00066771984902120555,-0.044133177427951781
5,18005,1,1,0.39000000000000001,0.00068049052173364463,-0.045471402036120323
5,18005,1,1,0.40000000000000002,0.00069349723733790709,-0.046784057656079937
5,18005,1,1,0.40999999999999998,0.00070688171248572658,-0.048069113170030063
5,18005,1,1,0.41999999999999998,0.00072080613739249012,-0.049325414848652577
5,18005,1,1,0.42999999999999999,0.00073542041769180451,-0.05055181806892553
5,18005,1,1,0.44,0.00075087875102147403,-0.051747031128807443
5,18005,1,1,0.45000000000000001,0.00076731540631867594,-0.052910461228887873
5,18005,1,1,0.46000000000000002,0.00078486910038861322,-0.05404131712946364
5,18005,1,1,0.46999999999999997,0.00080365837703171494,-0.055139129806124287
5,18005,1,1,0.47999999999999998,0.00082378567148014552,-0.056203519718254512
5,18005,1,1,0.48999999999999999,0.00084535526970188008,-0.05723433204370134
5,18005,1,1,0.5,0.00086841922665238658,-0.058231500030300275
5,18005,1,1,0.51000000000000001,0.00089307058314893478,-0.059195030317728131
5,18005,1,1,0.52000000000000002,0.00091931373392814552,-0.060125191599892269
5,18005,1,1,0.53000000000000003,0.00094719464423567582,-0.06102229061452031
5,18005,1,1,0.54000000000000004,0.00097670328478397178,-0.061886690623910105
5,18005,1,1,0.55000000000000004,0.0010078314398798932,-0.062718934330403278
5,18005,1,1,0.56000000000000005,0.0010405473595865608,-0.063519580039660892
5,18005,1,1,0.56999999999999995,0.0010747975379402678,-0.064289346954474247
5,18005,1,1,0.57999999999999996,0.0011105295901882514,-0.065028795102343717
5,18005,1,1,0.58999999999999997,0.0011476522171244348,-0.065738882520041397
5,18005,1,1,0.59999999999999998,0.0011860878793102363,-0.06642035372141751
5,18005,1,1,0.60999999999999999,0.001225726356729685,-0.067073999130148401
5,18005,1,1,0.62,0.0012664655578337283,-0.067700832616492526
5,18005,1,1,0.63,0.0013081765794474051,-0.068301646712916872
5,18005,1,1,0.64000000000000001,0.0013507475085142093,-0.0688773788974818
5,18005,1,1,0.65000000000000002,0.0013940346938596884,-0.069428957560254564
5,18005,1,1,0.66000000000000003,0.0014379164010077401,-0.069957308355287309
5,18005,1,1,0.67000000000000004,0.0014822487126799507,-0.070463296108112292
5,18005,1,1,0.68000000000000005,0.0015269063704091603,-0.070947834164152138
5,18005,1,1,0.68999999999999995,0.0015717484627925167,-0.071411856525227066
5,18005,1,1,0.69999999999999996,0.0016166505486014508,-0.071856089925727576
5,18005,1,1,0.70999999999999996,0.0016614848238713515,-0.072281484329240725
5,18005,1,1,0.71999999999999997,0.0017061268365611091,-0.072688830242102126
5,18005,1,1,0.72999999999999998,0.0017504671426454455,-0.073078789314256376
5,18005,1,1,0.73999999999999999,0.0017943898359715302,-0.07345228369382921
5,18005,1,1,0.75,0.0018378129527544251,-0.07380991492023363
5,18005,1,1,0.76000000000000001,0.00188062300354744,-0.07415237980425049
5,18005,1,1,0.77000000000000002,0.0019227597105954195,-0.074480343106965261
5,18005,1,1,0.78000000000000003,0.0019641389688671435,-0.074794479260248944
5,18005,1,1,0.79000000000000004,0.0020047039446493735,-0.075095242022048134
5,18005,1,1,0.80000000000000004,0.0020444007584964289,-0.07538334893360199
5,18005,1,1,0.81000000000000005,0.0020831960057958909,-0.075659217189468109
5,18005,1,1,0.81999999999999995,0.0021210533694851819,-0.07592336035548175
5,18005,1,1,0.82999999999999996,0.0021579552723568264,-0.076176342445770664
5,18005,1,1,0.83999999999999997,0.0021939013802525329,-0.076418473900847397
5,18005,1,1,0.84999999999999998,0.0022288828080721497,-0.076650309678103365
5,18005,1,1,0.85999999999999999,0.0022629197157149374,-0.076872206429535475
5,18005,1,1,0.87,0.0022960294724385659,-0.077084543768206615
5,18005,1,1,0.88,0.0023282504404027998,-0.077287682143337588
5,18005,1,1,0.89000000000000001,0.0023596140755794246,-0.07748212527778417
5,18005,1,1,0.90000000000000002,0.002390182855624159,-0.077667983386497191
5,18005,1,1,0.91000000000000003,0.0024200001501920388,-0.07784585165578306
5,18005,1,1,0.92000000000000004,0.0024491364024009179,-0.07801591754253516
5,18005,1,1,0.93000000000000005,0.0024776597371393245,-0.07817853585103636
5,18005,1,1,0.93999999999999995,0.0025056418351262033,-0.078334093197261548
5,18005,1,1,0.94999999999999996,0.0025331648352152265,-0.078482839932616316
5,18005,1,1,0.95999999999999996,0.0025603080004718217,-0.07862513961260742
5,18005,1,1,0.96999999999999997,0.0025871556482204169,-0.078761320326186962
5,18005,1,1,0.97999999999999998,0.0026137954436913548,-0.078891687918024478
5,18005,1,1,0.98999999999999999,0.0026403126228559844,-0.079016519967017834
5,18005,1,1,1,0.0026667852368983578,-0.079136313482523327
5,18005,1,2,0,0.00092465969603710196,-0.0012224505865260822
5,18005,1,2,0.01,0.00115852184791209,-0.0015197539949547598
5,18005,1,2,0.02,0.0014304642633181056,-0.0018597612725451366
5,18005,1,2,0.029999999999999999,0.0017428677152789226,-0.0022444511455894777
5,18005,1,2,0.040000000000000001,0.0020972529389461235,-0.0026747959416791351
5,18005,1,2,0.050000000000000003,0.0024951236771694504,-0.0031518483524826516
5,18005,1,2,0.059999999999999998,0.0029377012538603538,-0.003676272243213046
5,18005,1,2,0.070000000000000007,0.0034255304759634852,-0.0042481528464058662
5,18005,1,2,0.080000000000000002,0.0039591586312289458,-0.0048675186777552984
5,18005,1,2,0.089999999999999997,0.0045384571123018016,-0.0055337816154024866
5,18005,1,2,0.10000000000000001,0.0051632245421166295,-0.006246295569399536
5,18005,1,2,0.11,0.0058329232485369821,-0.0070040626461941244
5,18005,1,2,0.12,0.0065465847175569247,-0.0078057409940342068
5,18005,1,2,0.13,0.0073030340635724259,-0.0086497467133887247
5,18005,1,2,0.14000000000000001,0.0081007035725555402,-0.009534183378217367
5,18005,1,2,0.14999999999999999,0.0089379765235163815,-0.010457099208674122
5,18005,1,2,0.16,0.0098129255274550867,-0.01141623720080389
5,18005,1,2,0.17000000000000001,0.010723481997004763,-0.012409277572086588
5,18005,1,2,0.17999999999999999,0.011667300803401495,-0.013433555216323787
5,18005,1,2,0.19,0.012641890869478707,-0.014486381750970395
5,18005,1,2,0.20000000000000001,0.013644772289162541,-0.015565005323952686
5,18005,1,2,0.20999999999999999,0.014673327837239084,-0.016666581488093291
5,18005,1,2,0.22,0.015725068030052664,-0.017788411578997996
5,18005,1,2,0.23000000000000001,0.016797203358956972,-0.018927452998463427
5,18005,1,2,0.23999999999999999,0.01788699511259545,-0.020080834308570657
5,18005,1,2,0.25,0.018991798225080549,-0.021245669134123638
5,18005,1,2,0.26000000000000001,0.020108990293594208,-0.022419190738339648
5,18005,1,2,0.27000000000000002,0.021236098299909547,-0.023598746043306289
5,18005,1,2,0.28000000000000003,0.022370571364266068,-0.024781616892704778
5,18005,1,2,0.28999999999999998,0.02350997684718013,-0.025965298392972319
5,18005,1,2,0.29999999999999999,0.024651978121958882,-0.027147308956686118
5,18005,1,2,0.31,0.025794343159534116,-0.028325383973756519
5,18005,1,2,0.32000000000000001,0.026934990425405269,-0.029497383530144018
5,18005,1,2,0.33000000000000002,0.028071887520051731,-0.03066126612357661
5,18005,1,2,0.34000000000000002,0.029203103026486588,-0.031815171873906929
5,18005,1,2,0.34999999999999998,0.030326755886562803,-0.032957273107848621
5,18005,1,2,0.35999999999999999,0.031441222346569334,-0.034086096543863777
5,18005,1,2,0.37,0.032544876360321114,-0.035200180317181237
5,18005,1,2,0.38,0.033636268493932052,-0.036298271286982618
5,18005,1,2,0.39000000000000001,0.034713955874242051,-0.0373792310120225
5,18005,1,2,0.40000000000000002,0.035776567623781279,-0.038441958507299291
5,18005,1,2,0.40999999999999998,0.036822995810163107,-0.039485730284306318
5,18005,1,2,0.41999999999999998,0.037852032280837195,-0.040509713737070366
5,18005,1,2,0.42999999999999999,0.038862774687721958,-0.041513415893039758
5,18005,1,2,0.44,0.039854224034276187,-0.042496315976297105
5,18005,1,2,0.45000000000000001,0.04082548074653871,-0.04345798237665565
5,18005,1,2,0.46000000000000002,0.041775892864621668,-0.044398277530105286
5,18005,1,2,0.46999999999999997,0.042704659549320657,-0.045316919612642691
5,18005,1,2,0.47999999999999998,0.043611362780590524,-0.046213994282442127
5,18005,1,2,0.48999999999999999,0.044495329300930787,-0.04708938654810027
5,18005,1,2,0.5,0.045356296729940286,-0.047943333609354155
5,18005,1,2,0.51000000000000001,0.046193738126980112,-0.048775860954080756
5,18005,1,2,0.52000000000000002,0.047007589224241336,-0.049587370408673413
5,18005,1,2,0.53000000000000003,0.047797523201756509,-0.050378046055053742
5,18005,1,2,0.54000000000000004,0.048563592204043042,-0.051148351475065822
5,18005,1,2,0.55000000000000004,0.049305626678931208,-0.051898589402978
5,18005,1,2,0.56000000000000005,0.050023833161739917,-0.052629303036050186
5,18005,1,2,0.56999999999999995,0.050718209363909916,-0.05334088358672278
5,18005,1,2,0.57999999999999996,0.051389023855634298,-0.05403384575918984
5,18005,1,2,0.58999999999999997,0.052036514073134782,-0.054708694691306715
5,18005,1,2,0.59999999999999998,0.052660986394114699,-0.055365936374244973
5,18005,1,2,0.60999999999999999,0.053262919041588162,-0.056006181106615371
5,18005,1,2,0.62,0.053842632841276571,-0.056629869827851252
5,18005,1,2,0.63,0.054400728972137845,-0.057237597989792187
5,18005,1,2,0.64000000000000001,0.054937642858885492,-0.057829790058987605
5,18005,1,2,0.65000000000000002,0.055453965557994478,-0.058406953635508817
5,18005,1,2,0.66000000000000003,0.055950364994785985,-0.058969623462713554
5,18005,1,2,0.67000000000000004,0.056427398586735851,-0.059518197795965809
5,18005,1,2,0.68000000000000005,0.056885826243892122,-0.060053178124950431
5,18005,1,2,0.68999999999999995,0.057326221419361105,-0.060574868176244502
5,18005,1,2,0.69999999999999996,0.057749313660884198,-0.061083681268466188
5,18005,1,2,0.70999999999999996,0.058155852044444505,-0.061579996625950907
5,18005,1,2,0.71999999999999997,0.058546455178110725,-0.062064084301527767
5,18005,1,2,0.72999999999999998,0.058921927880097792,-0.062536285478961881
5,18005,1,2,0.73999999999999999,0.05928284883394136,-0.062996794103898315
5,18005,1,2,0.75,0.059629974368963168,-0.063445872700126513
5,18005,1,2,0.76000000000000001,0.059963959039365966,-0.063883742769154636
5,18005,1,2,0.77000000000000002,0.060285493035766857,-0.064310641221914058
5,18005,1,2,0.78000000000000003,0.06059521504792089,-0.064726723614140155
5,18005,1,2,0.79000000000000004,0.060893690094874886,-0.06513213897938093
5,18005,1,2,0.80000000000000004,0.061181462679691483,-0.065526946734055999
5,18005,1,2,0.81000000000000005,0.061459170744919182,-0.065911404894469491
5,18005,1,2,0.81999999999999995,0.06172734697801216,-0.066285651425648143
5,18005,1,2,0.82999999999999996,0.061986509292443141,-0.066649829617016057
5,18005,1,2,0.83999999999999997,0.062237101369650993,-0.067004076243986813
5,18005,1,2,0.84999999999999998,0.062479526720479274,-0.067348463026232777
5,18005,1,2,0.85999999999999999,0.06271421820907204,-0.067683194361298743
5,18005,1,2,0.87,0.062941567684421995,-0.068008443171615723
5,18005,1,2,0.88,0.063161952859140641,-0.0683244206088022
5,18005,1,2,0.89000000000000001,0.063375682132352021,-0.06863131880103257
5,18005,1,2,0.90000000000000002,0.063583018288027024,-0.06892930390788489
5,18005,1,2,0.91000000000000003,0.063784221184893394,-0.069218612619948106
5,18005,1,2,0.92000000000000004,0.063979578914130988,-0.069499546258625922
5,18005,1,2,0.93000000000000005,0.064169307118434563,-0.069772375051339805
5,18005,1,2,0.93999999999999995,0.064353571719149488,-0.070037368872310768
5,18005,1,2,0.94999999999999996,0.064532562692427811,-0.070294840112718596
5,18005,1,2,0.95999999999999996,0.064706382825452921,-0.070545077913602969
5,18005,1,2,0.96999999999999997,0.064875248178332831,-0.070788497659317565
5,18005,1,2,0.97999999999999998,0.06503927154263725,-0.071025469937100377
5,18005,1,2,0.98999999999999999,0.065198574501999826,-0.071256366887595166
5,18005,1,2,1,0.065353244886917572,-0.071481577426145387
5,18005,1,3,0,0.0013673780903349271,-0.00033331912018412052
5,18005,1,3,0.01,0.0017090344075755268,-0.0003907360696929531
5,18005,1,3,0.02,0.0021031276750314572,-0.0004506844482246594
5,18005,1,3,0.029999999999999999,0.0025525273317921512,-0.0005126504234227937
5,18005,1,3,0.040000000000000001,0.0030589584490916927,-0.00057614480401878276
5,18005,1,3,0.050000000000000003,0.0036236859100798602,-0.00064067556070838852
5,18005,1,3,0.059999999999999998,0.0042483238758451039,-0.00070582951266918439
5,18005,1,3,0.070000000000000007,0.0049328666329191096,-0.00077120694191316929
5,18005,1,3,0.080000000000000002,0.005678108364529884,-0.00083646671801664333
5,18005,1,3,0.089999999999999997,0.0064836345777799691,-0.00090134770074776216
5,18005,1,3,0.10000000000000001,0.0073490008481293051,-0.00096561741750364612
5,18005,1,3,0.11,0.0082734814885221438,-0.0010291385429037308
5,18005,1,3,0.12,0.0092557056209994059,-0.0010918176641252966
5,18005,1,3,0.13,0.010294346994788492,-0.0011536271304032097
5,18005,1,3,0.14000000000000001,0.011387494806527759,-0.0012146085744937816
5,18005,1,3,0.14999999999999999,0.012533067955324459,-0.0012748486779205999
5,18005,1,3,0.16,0.013728755153342471,-0.0013344878604698042
5,18005,1,3,0.17000000000000001,0.01497194310245026,-0.0013937121901161659
5,18005,1,3,0.17999999999999999,0.016259838750475916,-0.0014527349686140163
5,18005,1,3,0.19,0.017589383977170563,-0.0015118120742091731
5,18005,1,3,0.20000000000000001,0.018957549064442927,-0.0015711917586507418
5,18005,1,3,0.20999999999999999,0.020360893155597071,-0.0016311679137861921
5,18005,1,3,0.22,0.021796063855665803,-0.0016919920172631395
5,18005,1,3,0.23000000000000001,0.023259440812469393,-0.001753951032560482
5,18005,1,3,0.23999999999999999,0.024747349951575737,-0.0018172785768299695
5,18005,1,3,0.25,0.026256316297190319,-0.0018822117478103199
5,18005,1,3,0.26000000000000001,0.027782398697798746,-0.001948938917885372
5,18005,1,3,0.27000000000000002,0.029322123614656036,-0.0020176251410637786
5,18005,1,3,0.28000000000000003,0.030871644295546535,-0.002088398650432251
5,18005,1,3,0.28999999999999998,0.032427361643062362,-0.002161326193510801
5,18005,1,3,0.29999999999999999,0.033985786466080192,-0.0022364706545019894
5,18005,1,3,0.31,0.03554330922763195,-0.0023137903286199499
5,18005,1,3,0.32000000000000001,0.037096652425432045,-0.0023932827422947123
5,18005,1,3,0.33000000000000002,0.038642539646096215,-0.0024748200700252742
5,18005,1,3,0.34000000000000002,0.040177821296153195,-0.0025583059828990173
5,18005,1,3,0.34999999999999998,0.041699659582196492,-0.0026435729035525408
5,18005,1,3,0.35999999999999999,0.043205166127513961,-0.0027304293488469209
5,18005,1,3,0.37,0.044691829302666151,-0.0028186901713508432
5,18005,1,3,0.38,0.046157300494262372,-0.0029081045789592359
5,18005,1,3,0.39000000000000001,0.04759927274115397,-0.00299846594486948
5,18005,1,3,0.40000000000000002,0.049015990653553387,-0.0030895121694873048
5,18005,1,3,0.40999999999999998,0.050405408701475217,-0.0031810080793706137
5,18005,1,3,0.41999999999999998,0.051766267127499453,-0.0032727198598585475
5,18005,1,3,0.42999999999999999,0.053097062942722879,-0.0033644101266665049
5,18005,1,3,0.44,0.054396739039823783,-0.0034558754222611342
5,18005,1,3,0.45000000000000001,0.05566445368015413,-0.0035469044142302647
5,18005,1,3,0.46000000000000002,0.056899318056138487,-0.0036373160041272743
5,18005,1,3,0.46999999999999997,0.058101035473608821,-0.0037269501811092089
5,18005,1,3,0.47999999999999998,0.059269114151768894,-0.0038156593873048435
5,18005,1,3,0.48999999999999999,0.060403477707713794,-0.0039033297859334738
5,18005,1,3,0.5,0.061504148411552238,-0.0039898470558828586
5,18005,1,3,0.51000000000000001,0.062571119184328242,-0.0040751484288372788
5,18005,1,3,0.52000000000000002,0.063604836495780595,-0.0041591516240460672
5,18005,1,3,0.53000000000000003,0.064605668168895111,-0.0042418273156428626
5,18005,1,3,0.54000000000000004,0.065574041728759427,-0.0043231354908708367
5,18005,1,3,0.55000000000000004,0.066510746694384615,-0.0044030640412172284
5,18005,1,3,0.56000000000000005,0.067416188574053237,-0.0044816110250812313
5,18005,1,3,0.56999999999999995,0.06829136114152827,-0.0045587708783302082
5,18005,1,3,0.57999999999999996,0.069136951348261047,-0.0046345786520002718
5,18005,1,3,0.58999999999999997,0.069953730659203975,-0.0047090302770090861
5,18005,1,3,0.59999999999999998,0.070742756206068999,-0.004782171599569552
5,18005,1,3,0.60999999999999999,0.071504621965979995,-0.0048540127652236384
5,18005,1,3,0.62,0.072240462974782635,-0.0049245954254214042
5,18005,1,3,0.63,0.072950990938435115,-0.0049939624478066514
5,18005,1,3,0.64000000000000001,0.073637119154547015,-0.0050621345950838488
5,18005,1,3,0.65000000000000002,0.074299694162386007,-0.0051291673392664834
5,18005,1,3,0.66000000000000003,0.074939498924286321,-0.005195087161543442
5,18005,1,3,0.67000000000000004,0.075557305792947047,-0.0052599463076472589
5,18005,1,3,0.68000000000000005,0.076153855217771849,-0.0053237923962742512
5,18005,1,3,0.68999999999999995,0.076729881082987686,-0.0053866667107260006
5,18005,1,3,0.69999999999999996,0.077285916452333181,-0.0054486391574817177
5,18005,1,3,0.70999999999999996,0.077822733340467895,-0.0055097545269874974
5,18005,1,3,0.71999999999999997,0.078340704339424763,-0.0055700843300484108
5,18005,1,3,0.72999999999999998,0.078840499309374604,-0.0056297001789285409
5,18005,1,3,0.73999999999999999,0.079322571540073883,-0.0056886707067784698
5,18005,1,3,0.75,0.079787248922978116,-0.0057470940432503776
5,18005,1,3,0.76000000000000001,0.080235101955371271,-0.0058050443649863533
5,18005,1,3,0.77000000000000002,0.080666321607447466,-0.0058626320265196307
5,18005,1,3,0.78000000000000003,0.081081383668711537,-0.0059199492093792395
5,18005,1,3,0.79000000000000004,0.081480591427432747,-0.0059771062490841199
5,18005,1,3,0.80000000000000004,0.081864135877291244,-0.0060342182552865125
5,18005,1,3,0.81000000000000005,0.082232438665099217,-0.0060913914104250609
5,18005,1,3,0.81999999999999995,0.082585651935745116,-0.0061487556154799792
5,18005,1,3,0.82999999999999996,0.082924148993133162,-0.0062064159500459029
5,18005,1,3,0.83999999999999997,0.083248187476506336,-0.006264496005086051
5,18005,1,3,0.84999999999999998,0.083558010123527857,-0.0063231014583831902
5,18005,1,3,0.85999999999999999,0.083853972078151165,-0.0063823413362378845
5,18005,1,3,0.87,0.084136344271726671,-0.0064423120446454873
5,18005,1,3,0.88,0.084405478423255562,-0.0065030956619159417
5,18005,1,3,0.89000000000000001,0.0846616860076604,-0.0065647716578412689
5,18005,1,3,0.90000000000000002,0.084905415403204496,-0.0066273909108459086
5,18005,1,3,0.91000000000000003,0.085137010398626048,-0.0066909933020137353
5,18005,1,3,0.92000000000000004,0.085356963129477173,-0.0067556006275003725
5,18005,1,3,0.93000000000000005,0.085565712669645258,-0.0068211968962953356
5,18005,1,3,0.93999999999999995,0.085763709029041027,-0.0068877660650209531
5,18005,1,3,0.94999999999999996,0.08595161509470739,-0.0069552361563482851
5,18005,1,3,0.95999999999999996,0.086129814348970365,-0.0070235309931740222
5,18005,1,3,0.96999999999999997,0.086299048401581049,-0.0070925303088316986
5,18005,1,3,0.97999999999999998,0.08645985332835622,-0.007162083340370229
5,18005,1,3,0.98999999999999999,0.086612848530508421,-0.0072320186709317197
5,18005,1,3,1,0.086758814009804161,-0.0073021169592538127
5,18005,1,4,0,0.0011953844607626163,0.0010250251265906767
5,18005,1,4,0.01,0.0014488499864730678,0.0012579261900169884
5,18005,1,4,0.02,0.0017367679385980996,0.0015256424471218862
5,18005,1,4,0.029999999999999999,0.0020608294044185665,0.0018301028422236831
5,18005,1,4,0.040000000000000001,0.0024219233757794465,0.0021723600411116795
5,18005,1,4,0.050000000000000003,0.0028210268344754535,0.0025535210784341238
5,18005,1,4,0.059999999999999998,0.0032588035770972092,0.0029742853581097455
5,18005,1,4,0.070000000000000007,0.0037355055270743586,0.0034348943920478325
5,18005,1,4,0.080000000000000002,0.0042514273734052107,0.0039355121305717795
5,18005,1,4,0.089999999999999997,0.0048065113050055081,0.0044759251086867145
5,18005,1,4,0.10000000000000001,0.0054004977544471174,0.0050555990572515351
5,18005,1,4,0.11,0.0060329296860534608,0.0056737723864516238
5,18005,1,4,0.12,0.0067031701392984899,0.0063294241523788944
5,18005,1,4,0.13,0.007410453880919596,0.0070213444552945951
5,18005,1,4,0.14000000000000001,0.0081535492535007026,0.0077478461694871952
5,18005,1,4,0.14999999999999999,0.0089315683130629809,0.0085075062989036863
5,18005,1,4,0.16,0.0097427412327551772,0.009298068953690947
5,18005,1,4,0.17000000000000001,0.010585975227160061,0.010117878750997835
5,18005,1,4,0.17999999999999999,0.011459324594287583,0.010964481841818223
5,18005,1,4,0.19,0.012360980944870703,0.011835551032183892
5,18005,1,4,0.20000000000000001,0.013289108033671532,0.012728746679339221
5,18005,1,4,0.20999999999999999,0.014241488474045119,0.013641424788577374
5,18005,1,4,0.22,0.015216360411031193,0.014571352871504364
5,18005,1,4,0.23000000000000001,0.016211154849655778,0.015515634889128558
5,18005,1,4,0.23999999999999999,0.017223738990912164,0.01647177310772276
5,18005,1,4,0.25,0.018251718775781391,0.017437114242592894
5,18005,1,4,0.26000000000000001,0.019292856475473522,0.01840918220305536
5,18005,1,4,0.27000000000000002,0.020344801352098669,0.019385446255055474
5,18005,1,4,0.28000000000000003,0.021405102336749682,0.020363341250251899
5,18005,1,4,0.28999999999999998,0.022471549187700602,0.021340534701585836
5,18005,1,4,0.29999999999999999,0.023541780758685557,0.022314675492411239
5,18005,1,4,0.31,0.024613632508166793,0.023283542847107919
5,18005,1,4,0.32000000000000001,0.02568490727100527,0.02424501458650279
5,18005,1,4,0.33000000000000002,0.026753572877553006,0.025197102989734623
5,18005,1,4,0.34000000000000002,0.02781764815635937,0.026137892780230265
5,18005,1,4,0.34999999999999998,0.02887524828243376,0.027065659610744003
5,18005,1,4,0.35999999999999999,0.029924582538018718,0.027978653594499376
5,18005,1,4,0.37,0.030964044594736406,0.028875494295855734
5,18005,1,4,0.38,0.031992214026993614,0.029754824155860171
5,18005,1,4,0.39000000000000001,0.03300761901514826,0.030615375637230203
5,18005,1,4,0.40000000000000002,0.034009021178664924,0.031456046071140109
5,18005,1,4,0.40999999999999998,0.034995348391941399,0.032275930075962724
5,18005,1,4,0.41999999999999998,0.035965562235421959,0.033074155561645995
5,18005,1,4,0.42999999999999999,0.036919037573960652,0.033850229315790008
5,18005,1,4,0.44,0.037854831271802787,0.034603414105059078
5,18005,1,4,0.45000000000000001,0.038772512733174516,0.035333422498591838
5,18005,1,4,0.46000000000000002,0.039671560914259975,0.036039928080220614
5,18005,1,4,0.46999999999999997,0.040551668022332815,0.036722791793874283
5,18005,1,4,0.47999999999999998,0.041412609054160686,0.037381960346331018
5,18005,1,4,0.48999999999999999,0.042254330988088097,0.038017620791131197
5,18005,1,4,0.5,0.043076626107060291,0.038629705564618359
5,18005,1,4,0.51000000000000001,0.043879765606722722,0.039218777337142852
5,18005,1,4,0.52000000000000002,0.044663665351576703,0.039784911062301802
5,18005,1,4,0.53000000000000003,0.045428705274379221,0.040328789468907854
5,18005,1,4,0.54000000000000004,0.04617507511126856,0.040850821063490396
5,18005,1,4,0.55000000000000004,0.046903060100474438,0.041351578542544259
5,18005,1,4,0.56000000000000005,0.047613022869045431,0.041831722391769098
5,18005,1,4,0.56999999999999995,0.048305381639712409,0.042291950613773062
5,18005,1,4,0.57999999999999996,0.04898047668411782,0.04273294675166503
5,18005,1,4,0.58999999999999997,0.049638834257285623,0.043155518946647452
5,18005,1,4,0.59999999999999998,0.050280803411161562,0.043560388895828063
5,18005,1,4,0.60999999999999999,0.050906877873068586,0.043948379857506041
5,18005,1,4,0.62,0.051517493036799818,0.044320273537471859
5,18005,1,4,0.63,0.052113081770637427,0.044676860087363955
5,18005,1,4,0.64000000000000001,0.052694054576336115,0.045018867873332591
5,18005,1,4,0.65000000000000002,0.05326092480675098,0.045347180911126987
5,18005,1,4,0.66000000000000003,0.05381395511635071,0.045662377688596628
5,18005,1,4,0.67000000000000004,0.054353660578273573,0.045965303527489225
5,18005,1,4,0.68000000000000005,0.054880313761027859,0.046256529896444742
5,18005,1,4,0.68999999999999995,0.055394314751033714,0.046536739835055692
5,18005,1,4,0.69999999999999996,0.05589602321151374,0.04680655770242978
5,18005,1,4,0.70999999999999996,0.056385669743072353,0.047066451733535297
5,18005,1,4,0.71999999999999997,0.056863600292699878,0.047316980942177227
5,18005,1,4,0.72999999999999998,0.057330052885107952,0.047558551341755038
5,18005,1,4,0.73999999999999999,0.057785328663095825,0.047791624592325249
5,18005,1,4,0.75,0.058229655389470537,0.048016523547745792
5,18005,1,4,0.76000000000000001,0.05866321952009803,0.048233517204738709
5,18005,1,4,0.77000000000000002,0.059086304440954106,0.048442934625549605
5,18005,1,4,0.78000000000000003,0.059499089655497252,0.048644952269253562
5,18005,1,4,0.79000000000000004,0.059901852370334185,0.048839820489731511
5,18005,1,4,0.80000000000000004,0.060294634613829501,0.049027509156638671
5,18005,1,4,0.81000000000000005,0.060677798607206561,0.049208281005142913
5,18005,1,4,0.81999999999999995,0.061051487919541875,0.049382158780637654
5,18005,1,4,0.82999999999999996,0.061415945300788512,0.049549221213006943
5,18005,1,4,0.83999999999999997,0.06177137054725023,0.049709476328316508
5,18005,1,4,0.84999999999999998,0.062117908148096375,0.04986287560539835
5,18005,1,4,0.85999999999999999,0.062455939892221028,0.050009560923100792
5,18005,1,4,0.87,0.06278556869843617,0.050149416015085789
5,18005,1,4,0.88,0.063107148583966377,0.050282528368446607
5,18005,1,4,0.89000000000000001,0.06342085405115537,0.050408827538145025
5,18005,1,4,0.90000000000000002,0.063727010753708194,0.050528384095439617
5,18005,1,4,0.91000000000000003,0.064025899878030618,0.050641230630388924
5,18005,1,4,0.92000000000000004,0.064317769799662333,0.050747376633480168
5,18005,1,4,0.93000000000000005,0.064602977122584088,0.050846942541243952
5,18005,1,4,0.93999999999999995,0.064881756858279196,0.050939972454430583
5,18005,1,4,0.94999999999999996,0.065154522148260868,0.051026684064801986
5,18005,1,4,0.95999999999999996,0.065421489555241671,0.051107144832681466
5,18005,1,4,0.96999999999999997,0.065682998670012635,0.051181558142486594
5,18005,1,4,0.97999999999999998,0.065939432080958926,0.051250222033036641
5,18005,1,4,0.98999999999999999,0.066191057655391891,0.051313354798693207
5,18005,1,4,1,0.066438275392675314,0.051371337636832305
5,18005,1,5,0,1.2454481612402443e-05,0.0016073179386648928
5,18005,1,5,0.01,-1.4616666308074409e-06,0.0019494450434829277
5,18005,1,5,0.02,-1.7659391207817661e-05,0.0023402384822890274
5,18005,1,5,0.029999999999999999,-3.6266949791081329e-05,0.0027821605279659597
5,18005,1,5,0.040000000000000001,-5.7354548091905019e-05,0.003276768107141914
5,18005,1,5,0.050000000000000003,-8.1047704236747448e-05,0.0038250793636898004
5,18005,1,5,0.059999999999999998,-0.00010746188806379598,0.0044283548909073859
5,18005,1,5,0.070000000000000007,-0.00013669700359627776,0.0050866254985019272
5,18005,1,5,0.080000000000000002,-0.00016890625742862816,0.0058002836656377704
5,18005,1,5,0.089999999999999997,-0.0002041877706544359,0.0065687312401350789
5,18005,1,5,0.10000000000000001,-0.00024269092883915465,0.0073915028711593325
5,18005,1,5,0.11,-0.00028448189597303849,0.0082677333122490801
5,18005,1,5,0.12,-0.00032970468784213942,0.0091959671501361754
5,18005,1,5,0.13,-0.0003784333860203857,0.010174415380447549
5,18005,1,5,0.14000000000000001,-0.00043075171314887307,0.011201524372576543
5,18005,1,5,0.14999999999999999,-0.00048672681743711115,0.012274658355193627
5,18005,1,5,0.16,-0.00054639056815602592,0.013391630981925293
5,18005,1,5,0.17000000000000001,-0.00060976449895164882,0.014549885622838715
5,18005,1,5,0.17999999999999999,-0.00067682840125774836,0.015746171239403146
5,18005,1,5,0.19,-0.00074760224281559152,0.016977672161415398
5,18005,1,5,0.20000000000000001,-0.00082197548875622328,0.018240899550350447
5,18005,1,5,0.20999999999999999,-0.00089990599084438429,0.019532819910428694
5,18005,1,5,0.22,-0.00098126457660277109,0.020849717196769892
5,18005,1,5,0.23000000000000001,-0.0010659239617614488,0.022188117265954568
5,18005,1,5,0.23999999999999999,-0.0011537474106664959,0.023544493678162332
5,18005,1,5,0.25,-0.0012445434177748942,0.024914962591030293
5,18005,1,5,0.26000000000000001,-0.0013381333009001961,0.026296169398233649
5,18005,1,5,0.27000000000000002,-0.0014342811092769596,0.027684516649170852
5,18005,1,5,0.28000000000000003,-0.0015327742582048013,0.029076362458498511
5,18005,1,5,0.28999999999999998,-0.0016333827764229431,0.030468239357036565
5,18005,1,5,0.29999999999999999,-0.0017358436678392329,0.031856826534144733
5,18005,1,5,0.31,-0.0018399072084181128,0.033238976669110798
5,18005,1,5,0.32000000000000001,-0.0019453264135766205,0.034611373613698287
5,18005,1,5,0.33000000000000002,-0.0020518184450211536,0.035971388639339998
5,18005,1,5,0.34000000000000002,-0.0021591443524762608,0.037316086095853858
5,18005,1,5,0.34999999999999998,-0.0022670509083986025,0.038642742349911614
5,18005,1,5,0.35999999999999999,-0.0023752730697305961,0.039949348377156184
5,18005,1,5,0.37,-0.0024835859705790663,0.041233410526854399
5,18005,1,5,0.38,-0.0025917437412894596,0.042493271721923798
5,18005,1,5,0.39000000000000001,-0.0026995273558582575,0.043727007711540498
5,18005,1,5,0.40000000000000002,-0.0028067309842160475,0.044933217552800643
5,18005,1,5,0.40999999999999998,-0.0029131359683143561,0.046110660372477789
5,18005,1,5,0.41999999999999998,-0.0030185801999906546,0.047258062165551173
5,18005,1,5,0.42999999999999999,-0.0031228589570863035,0.048375032382198535
5,18005,1,5,0.44,-0.0032258239135771424,0.049460666355778844
5,18005,1,5,0.45000000000000001,-0.0033273286788213841,0.050514559002703963
5,18005,1,5,0.46000000000000002,-0.0034272127510350989,0.051536749643353995
5,18005,1,5,0.46999999999999997,-0.0035253701828882808,0.052526980482286774
5,18005,1,5,0.47999999999999998,-0.003621670037580653,0.053485603048531151
5,18005,1,5,0.48999999999999999,-0.0037160124099208866,0.054412986529219755
5,18005,1,5,0.5,-0.0038082965197641836,0.055309500968621007
5,18005,1,5,0.51000000000000001,-0.0038984355880811623,0.056175885888325096
5,18005,1,5,0.52000000000000002,-0.0039863471963611612,0.057012829572180707
5,18005,1,5,0.53000000000000003,-0.0040719674430647794,0.057821324996739636
5,18005,1,5,0.54000000000000004,-0.0041552238869396203,0.058602331708465676
5,18005,1,5,0.55000000000000004,-0.0042360654678973743,0.059356792282922483
5,18005,1,5,0.56000000000000005,-0.0043144241643326619,0.060085964331045939
5,18005,1,5,0.56999999999999995,-0.0043902600965838824,0.060790924155490034
5,18005,1,5,0.57999999999999996,-0.0044635269453709219,0.061472858193802264
5,18005,1,5,0.58999999999999997,-0.0045341783289746121,0.06213314566047029
5,18005,1,5,0.59999999999999998,-0.0046021837305384007,0.062772809656635953
5,18005,1,5,0.60999999999999999,-0.0046674743018501478,0.063393180395210594
5,18005,1,5,0.62,-0.0047300484872423183,0.063995466915819352
5,18005,1,5,0.63,-0.004789840061444825,0.064580802986726707
5,18005,1,5,0.64000000000000001,-0.0048468398306165845,0.065150416405841405
5,18005,1,5,0.65000000000000002,-0.0049009956005591207,0.065705309749405333
5,18005,1,5,0.66000000000000003,-0.0049522693668084955,0.066246578721969041
5,18005,1,5,0.67000000000000004,-0.0050006395821160258,0.066775187940179573
5,18005,1,5,0.68000000000000005,-0.0050460522857756172,0.067292075426786016
5,18005,1,5,0.68999999999999995,-0.0050885060023436492,0.067798070947562669
5,18005,1,5,0.69999999999999996,-0.0051279419918388415,0.068294002201854234
5,18005,1,5,0.70999999999999996,-0.0051643382738813838,0.068780516436296624
5,18005,1,5,0.71999999999999997,-0.0051976706373728625,0.069258295925293298
5,18005,1,5,0.72999999999999998,-0.0052279079049561417,0.06972790116508859
5,18005,1,5,0.73999999999999999,-0.0052550311695170708,0.070189817752479233
5,18005,1,5,0.75,-0.005279045007258361,0.070644499076763359
5,18005,1,5,0.76000000000000001,-0.0052999040793609911,0.071092203274632268
5,18005,1,5,0.77000000000000002,-0.005317628865371786,0.071533390234765362
5,18005,1,5,0.78000000000000003,-0.0053322053592352765,0.071968181963763131
5,18005,1,5,0.79000000000000004,-0.0053436528906216051,0.072396795681915163
5,18005,1,5,0.80000000000000004,-0.0053520117200365975,0.072819424670882857
5,18005,1,5,0.81000000000000005,-0.0053572682708516381,0.073236050618148821
5,18005,1,5,0.81999999999999995,-0.0053595135637771402,0.073646844609350628
5,18005,1,5,0.82999999999999996,-0.0053587472572630438,0.074051820800703771
5,18005,1,5,0.83999999999999997,-0.0053550718398451408,0.074450998344705976
5,18005,1,5,0.84999999999999998,-0.0053485677679964852,0.074844319368831028
5,18005,1,5,0.85999999999999999,-0.0053393067212307369,0.075231754509515983
5,18005,1,5,0.87,-0.0053274036971193289,0.075613414436071627
5,18005,1,5,0.88,-0.0053129743647418971,0.075989137201074378
5,18005,1,5,0.89000000000000001,-0.0052961558372917024,0.076358983565931779
5,18005,1,5,0.90000000000000002,-0.0052770927557843185,0.076722998287519953
5,18005,1,5,0.91000000000000003,-0.0052559587406877687,0.077081000995806143
5,18005,1,5,0.92000000000000004,-0.0052329113519145251,0.077433208218315452
5,18005,1,5,0.93000000000000005,-0.0052081425602104638,0.077779665679408638
5,18005,1,5,0.93999999999999995,-0.0051818448193823663,0.078120394484753664
5,18005,1,5,0.94999999999999996,-0.0051542501532839862,0.078455555057496754
5,18005,1,5,0.95999999999999996,-0.0051255584799128383,0.078785189162434918
5,18005,1,5,0.96999999999999997,-0.0050960035748774555,0.079109628127963919
5,18005,1,5,0.97999999999999998,-0.0050658250202503634,0.079428956969180162
5,18005,1,5,0.98999999999999999,-0.0050352472458974938,0.079743512913088954
5,18005,1,5,1,-0.0050045232879202721,0.080053638144909886
5,18005,1,6,0,-0.0011124569781224187,0.00090139135024215611
5,18005,1,6,0.01,-0.0013737998231164365,0.0011057992008258466
5,18005,1,6,0.02,-0.0016734218304607252,0.0013404506252255096
5,18005,1,6,0.029999999999999999,-0.0020134132346499114,0.0016071446013153823
5,18005,1,6,0.040000000000000001,-0.0023946058149767898,0.0019065909335268889
5,18005,1,6,0.050000000000000003,-0.0028183305624633441,0.002239932059991023
5,18005,1,6,0.059999999999999998,-0.0032850594441768597,0.0026075451551217017
5,18005,1,6,0.070000000000000007,-0.0037953510489792583,0.003009891091928573
5,18005,1,6,0.080000000000000002,-0.004349359480877172,0.0034470376335498849
5,18005,1,6,0.089999999999999997,-0.0049468995265514485,0.003918783726274337
5,18005,1,6,0.10000000000000001,-0.005587828677509143,0.0044249032420965962
5,18005,1,6,0.11,-0.0062712960990608663,0.0049646013688828539
5,18005,1,6,0.12,-0.0069967005816847574,0.0055372197736258252
5,18005,1,6,0.13,-0.0077627385136107294,0.0061415617841686513
5,18005,1,6,0.14000000000000001,-0.0085683744146214623,0.0067765766440480157
5,18005,1,6,0.14999999999999999,-0.0094119273328884014,0.0074407342359026707
5,18005,1,6,0.16,-0.010291888831642507,0.0081325879098813423
5,18005,1,6,0.17000000000000001,-0.011206259570403046,0.0088503253675593415
5,18005,1,6,0.17999999999999999,-0.01215313984315354,0.0095922015236956145
5,18005,1,6,0.19,-0.013130275012576275,0.010356192111444059
5,18005,1,6,0.20000000000000001,-0.01413544624578629,0.011140335235724538
5,18005,1,6,0.20999999999999999,-0.015166105726365862,0.011942364950013004
5,18005,1,6,0.22,-0.016219856945384772,0.01276024049269768
5,18005,1,6,0.23000000000000001,-0.017293961785473936,0.013591562128630642
5,18005,1,6,0.23999999999999999,-0.018385895659900228,0.014434256799608086
5,18005,1,6,0.25,-0.019492796335413745,0.015285855616565239
5,18005,1,6,0.26000000000000001,-0.020612092502956418,0.016144319200318728
5,18005,1,6,0.27000000000000002,-0.021740882401184717,0.017007197526559995
5,18005,1,6,0.28000000000000003,-0.022876612174862043,0.017872523982664132
5,18005,1,6,0.28999999999999998,-0.024016448338475705,0.018737971182646685
5,18005,1,6,0.29999999999999999,-0.025157887746252824,0.01960164094609845
5,18005,1,6,0.31,-0.026298215527706212,0.020461374133205958
5,18005,1,6,0.32000000000000001,-0.02743510911408123,0.021315445957923534
5,18005,1,6,0.33000000000000002,-0.028566037215820975,0.022161909441822485
5,18005,1,6,0.34000000000000002,-0.029688920891975463,0.022999250679094557
5,18005,1,6,0.34999999999999998,-0.030801473983166999,0.023825776997923948
5,18005,1,6,0.35999999999999999,-0.031901862189010692,0.024640170261830102
5,18005,1,6,0.37,-0.032988190668444051,0.025441110028306096
5,18005,1,6,0.38,-0.034058806181552395,0.026227407404586438
5,18005,1,6,0.39000000000000001,-0.035112241088049063,0.026998111684008577
5,18005,1,6,0.40000000000000002,-0.036147073303749236,0.027752221185125717
5,18005,1,6,0.40999999999999998,-0.037162272615172819,0.028489143558114254
5,18005,1,6,0.41999999999999998,-0.03815666617543962,0.029208082915855346
5,18005,1,6,0.42999999999999999,-0.039129615318565861,0.029908751743045515
5,18005,1,6,0.44,-0.040080265448498631,0.030590622369362757
5,18005,1,6,0.45000000000000001,-0.041008258372012753,0.031253610000997245
5,18005,1,6,0.46000000000000002,-0.041913095046458397,0.031897490416824131
5,18005,1,6,0.46999999999999997,-0.042794636763375436,0.032522333428052504
5,18005,1,6,0.47999999999999998,-0.043652722135136511,0.033128190046807678
5,18005,1,6,0.48999999999999999,-0.044487388176608349,0.033715256999423453
5,18005,1,6,0.5,-0.045298778562023745,0.034283841863962945
5,18005,1,6,0.51000000000000001,-0.046087051481328876,0.034834233040109443
5,18005,1,6,0.52000000000000002,-0.046852580634538711,0.035366924672133954
5,18005,1,6,0.53000000000000003,-0.04759571320977108,0.035882367333551657
5,18005,1,6,0.54000000000000004,-0.048316890361023629,0.036381105127872244
5,18005,1,6,0.55000000000000004,-0.049016619027071169,0.036863733021886266
5,18005,1,6,0.56000000000000005,-0.049695370221463538,0.037330824071731356
5,18005,1,6,0.56999999999999995,-0.050353775624820962,0.037783074702237636
5,18005,1,6,0.57999999999999996,-0.050992298748994219,0.038221064847899007
5,18005,1,6,0.58999999999999997,-0.051611631110920507,0.038645544407280984
5,18005,1,6,0.59999999999999998,-0.052212233395972051,0.039057109950157716
5,18005,1,6,0.60999999999999999,-0.052794778376073014,0.039456492440288239
5,18005,1,6,0.62,-0.053359734098869516,0.039844314738094778
5,18005,1,6,0.63,-0.053907691460797436,0.040221235805510472
5,18005,1,6,0.64000000000000001,-0.054439112022629764,0.040587884678955029
5,18005,1,6,0.65000000000000002,-0.054954471611839001,0.04094483202709092
5,18005,1,6,0.66000000000000003,-0.055454258543614569,0.041292702219057863
5,18005,1,6,0.67000000000000004,-0.055938827383862001,0.041631986466157837
5,18005,1,6,0.68000000000000005,-0.056408629361748175,0.04196324359314077
5,18005,1,6,0.68999999999999995,-0.056863945591991268,0.042286916639122006
5,18005,1,6,0.69999999999999996,-0.057305144217533958,0.042603452834432058
5,18005,1,6,0.70999999999999996,-0.057732477137553508,0.04291326698044242
5,18005,1,6,0.71999999999999997,-0.058146204422745894,0.043216669930590833
5,18005,1,6,0.72999999999999998,-0.058546560151754391,0.043514043566545736
5,18005,1,6,0.73999999999999999,-0.058933720195862231,0.043805577614921209
5,18005,1,6,0.75,-0.059307950522880522,0.044091641212523992
5,18005,1,6,0.76000000000000001,-0.059669359038099563,0.04437231067769315
5,18005,1,6,0.77000000000000002,-0.060018203201814981,0.044647893742166885
5,18005,1,6,0.78000000000000003,-0.060354572191709817,0.044918396720410279
5,18005,1,6,0.79000000000000004,-0.060678712892634483,0.045184044060586015
5,18005,1,6,0.80000000000000004,-0.060990726263542842,0.045444798426009701
5,18005,1,6,0.81000000000000005,-0.061290864697147916,0.045700804887741163
5,18005,1,6,0.81999999999999995,-0.06157925613526008,0.045951989093929613
5,18005,1,6,0.82999999999999996,-0.061856149773995388,0.046198408634222247
5,18005,1,6,0.83999999999999997,-0.062121755051788762,0.046439992885138788
5,18005,1,6,0.84999999999999998,-0.062376374460371441,0.046676751276379026
5,18005,1,6,0.85999999999999999,-0.062620247762434481,0.04690858268429627
5,18005,1,6,0.87,-0.062853713272962686,0.047135430608603951
5,18005,1,6,0.88,-0.063077093775392626,0.047357219442983801
5,18005,1,6,0.89000000000000001,-0.063290779661653404,0.047573853778900506
5,18005,1,6,0.90000000000000002,-0.06349515694074849,0.047785260489860031
5,18005,1,6,0.91000000000000003,-0.063690651277839683,0.047991308617900123
5,18005,1,6,0.92000000000000004,-0.063877702214161003,0.048191930120586333
5,18005,1,6,0.93000000000000005,-0.064056796377539124,0.048386994872457456
5,18005,1,6,0.93999999999999995,-0.064228478091979124,0.048576488622557833
5,18005,1,6,0.94999999999999996,-0.064393220203790943,0.048760244505528155
5,18005,1,6,0.95999999999999996,-0.064551635188711556,0.04893828950283214
5,18005,1,6,0.96999999999999997,-0.064704204381251795,0.049110449743959207
5,18005,1,6,0.97999999999999998,-0.06485158487451799,0.049276802062254092
5,18005,1,6,0.98999999999999999,-0.064994263088158047,0.049437169995815794
5,18005,1,6,1,-0.065132911434234692,0.049591687228350528
5,18005,1,7,0,-0.0015040510125675273,5.892626231747411e-05
5,18005,1,7,0.01,-0.0018723897532593747,4.7363330598514954e-05
5,18005,1,7,0.02,-0.0022964892952392329,3.3570303886409999e-05
5,18005,1,7,0.029999999999999999,-0.0027793528205206017,1.7652096987996888e-05
5,18005,1,7,0.040000000000000001,-0.0033223407912915531,-1.6316656565914283e-07
5,18005,1,7,0.050000000000000003,-0.0039274787866956625,-1.9771949657098491e-05
5,18005,1,7,0.059999999999999998,-0.0045950005418138439,-4.0984468571469663e-05
5,18005,1,7,0.070000000000000007,-0.0053259490183204467,-6.3724218157169713e-05
5,18005,1,7,0.080000000000000002,-0.0061199245025653519,-8.7828824262208821e-05
5,18005,1,7,0.089999999999999997,-0.0069769224085291974,-0.00011327359324123309
5,18005,1,7,0.10000000000000001,-0.0078957785238843014,-0.00013993371718296757
5,18005,1,7,0.11,-0.008875559831051703,-0.00016782702012461007
5,18005,1,7,0.12,-0.0099144358903893726,-0.00019685752501320019
5,18005,1,7,0.13,-0.011010756586760359,-0.00022706851191095064
5,18005,1,7,0.14000000000000001,-0.012162271640839842,-0.0002583613392858753
5,18005,1,7,0.14999999999999999,-0.013366324042007651,-0.00029080768383251825
5,18005,1,7,0.16,-0.014620123950336078,-0.00032431518968114708
5,18005,1,7,0.17000000000000001,-0.015921042132745016,-0.00035889488898954253
5,18005,1,7,0.17999999999999999,-0.017265595001836751,-0.00039446066694626266
5,18005,1,7,0.19,-0.018650512752608959,-0.0004309912733291045
5,18005,1,7,0.20000000000000001,-0.020072400900346531,-0.00046835952864678152
5,18005,1,7,0.20999999999999999,-0.021527867251379635,-0.00050648297096730097
5,18005,1,7,0.22,-0.023013052046840215,-0.00054522794917985474
5,18005,1,7,0.23000000000000001,-0.024524443555408077,-0.0005844462892769949
5,18005,1,7,0.23999999999999999,-0.026058353401741969,-0.00062397691588160888
5,18005,1,7,0.25,-0.027611198587218163,-0.00066362682669513873
5,18005,1,7,0.26000000000000001,-0.029179274924441816,-0.00070322353790386175
5,18005,1,7,0.27000000000000002,-0.03075908321728495,-0.00074254044818058051
5,18005,1,7,0.28000000000000003,-0.032347010910138939,-0.00078140293318937207
5,18005,1,7,0.28999999999999998,-0.033939738332848031,-0.00081959461617464732
5,18005,1,7,0.29999999999999999,-0.035534023440334322,-0.0008569228221463436
5,18005,1,7,0.31,-0.037126503557791908,-0.0008932075172625502
5,18005,1,7,0.32000000000000001,-0.038714181458636074,-0.00092828206465697151
5,18005,1,7,0.33000000000000002,-0.040294270562292837,-0.00096199956075253105
5,18005,1,7,0.34000000000000002,-0.041863912430725382,-0.00099423454894023169
5,18005,1,7,0.34999999999999998,-0.043420419547976284,-0.0010248999268669635
5,18005,1,7,0.35999999999999999,-0.044961475559235624,-0.0010539201693207138
5,18005,1,7,0.37,-0.046484836568229604,-0.0010812731580249542
5,18005,1,7,0.38,-0.047988344226200214,-0.0011069549683602475
5,18005,1,7,0.39000000000000001,-0.049470079025328434,-0.0011309982327128518
5,18005,1,7,0.40000000000000002,-0.05092842131075976,-0.0011534746839857175
5,18005,1,7,0.40999999999999998,-0.052361726365700183,-0.0011744809826572751
5,18005,1,7,0.41999999999999998,-0.053768728736538408,-0.0011941595182808351
5,18005,1,7,0.42999999999999999,-0.055148128339881065,-0.0012126409485849147
5,18005,1,7,0.44,-0.056499088619429781,-0.0012301378381458991
5,18005,1,7,0.45000000000000001,-0.057820556174764108,-0.0012468355286727815
5,18005,1,7,0.46000000000000002,-0.059112181721952907,-0.0012629698480076054
5,18005,1,7,0.46999999999999997,-0.060373075741138794,-0.0012787550027752892
5,18005,1,7,0.47999999999999998,-0.061603288954009773,-0.0012944542899588141
5,18005,1,7,0.48999999999999999,-0.062802227655752288,-0.0013103039751583459
5,18005,1,7,0.5,-0.063970266733738526,-0.0013265504620829903
5,18005,1,7,0.51000000000000001,-0.065106957438168647,-0.0013434358307991745
5,18005,1,7,0.52000000000000002,-0.066213004129666853,-0.0013611816768145126
5,18005,1,7,0.53000000000000003,-0.067288260340944442,-0.0013800058125745241
5,18005,1,7,0.54000000000000004,-0.068333511406470759,-0.0014000979017622817
5,18005,1,7,0.55000000000000004,-0.069348906484791181,-0.001421614841310206
5,18005,1,7,0.56000000000000005,-0.070335300221951683,-0.0014447025286410374
5,18005,1,7,0.56999999999999995,-0.07129306769006033,-0.0014694618830893853
5,18005,1,7,0.57999999999999996,-0.07222311274672584,-0.0014959767481902986
5,18005,1,7,0.58999999999999997,-0.073125985638165455,-0.0015242445042988717
5,18005,1,7,0.59999999999999998,-0.074002592158702848,-0.0015542973582262567
5,18005,1,7,0.60999999999999999,-0.07485361643209007,-0.0015860569768300491
5,18005,1,7,0.62,-0.075679908526404313,-0.0016194648223074686
5,18005,1,7,0.63,-0.076482268488690455,-0.0016543477530303787
5,18005,1,7,0.64000000000000001,-0.077261523514241315,-0.0016905859014389631
5,18005,1,7,0.65000000000000002,-0.078018420243547396,-0.0017279251586072714
5,18005,1,7,0.66000000000000003,-0.078753786901585701,-0.001766148783880598
5,18005,1,7,0.67000000000000004,-0.079468415714647481,-0.0018049439708046338
5,18005,1,7,0.68000000000000005,-0.080163052838481283,-0.0018440246670547364
5,18005,1,7,0.68999999999999995,-0.080838291498359097,-0.0018830289076798706
5,18005,1,7,0.69999999999999996,-0.081494951422679762,-0.0019216105556654137
5,18005,1,7,0.70999999999999996,-0.082133649215472587,-0.0019593660753156965
5,18005,1,7,0.71999999999999997,-0.082754950310423125,-0.0019959071851417417
5,18005,1,7,0.72999999999999998,-0.083359399139578558,-0.0020308261160745678
5,18005,1,7,0.73999999999999999,-0.083947639744754568,-0.0020637217772694443
5,18005,1,7,0.75,-0.084520051640408142,-0.0020941605342697732
5,18005,1,7,0.76000000000000001,-0.085077160540841204,-0.0021217745714359388
5,18005,1,7,0.77000000000000002,-0.085619323696737401,-0.00214615894996976
5,18005,1,7,0.78000000000000003,-0.086146978622396245,-0.0021669605467954864
5,18005,1,7,0.79000000000000004,-0.086660472774072725,-0.0021838137100824734
5,18005,1,7,0.80000000000000004,-0.087160197033473774,-0.0021964409471994968
5,18005,1,7,0.81000000000000005,-0.087646311502896132,-0.0022045474200825554
5,18005,1,7,0.81999999999999995,-0.088119150470898758,-0.0022079178698164764
5,18005,1,7,0.82999999999999996,-0.088579033367039386,-0.0022063480406551068
5,18005,1,7,0.83999999999999997,-0.089026182276529628,-0.0021997240864711155
5,18005,1,7,0.84999999999999998,-0.089460635230179289,-0.0021879470282877068
5,18005,1,7,0.85999999999999999,-0.089882784809958274,-0.0021710079760418111
5,18005,1,7,0.87,-0.090292828873611328,-0.0021489285781534748
5,18005,1,7,0.88,-0.090690823212050839,-0.0021218102590552803
5,18005,1,7,0.89000000000000001,-0.091076954939392496,-0.002089817076113009
5,18005,1,7,0.90000000000000002,-0.091451517370429683,-0.0020531736625652285
5,18005,1,7,0.91000000000000003,-0.091814600898456458,-0.0020121414311339465
5,18005,1,7,0.92000000000000004,-0.09216642805303478,-0.0019670946839030722
5,18005,1,7,0.93000000000000005,-0.092507112994440144,-0.0019184250069889466
5,18005,1,7,0.93999999999999995,-0.0928368849014925,-0.0018666195174978442
5,18005,1,7,0.94999999999999996,-0.093155902917564426,-0.0018121692398693392
5,18005,1,7,0.95999999999999996,-0.093464437406573356,-0.001755687159701631
5,18005,1,7,0.96999999999999997,-0.093762545686415066,-0.0016977787737524747
5,18005,1,7,0.97999999999999998,-0.094050472310927072,-0.0016391282322710469
5,18005,1,7,0.98999999999999999,-0.09432849566633035,-0.001580434375878068
5,18005,1,7,1,-0.094596843264094399,-0.0015224515157170372
5,18005,1,8,0,-0.00092603830999268832,-0.0011527634695678302
5,18005,1,8,0.01,-0.0011476521965185951,-0.0014001947360944586
5,18005,1,8,0.02,-0.0014037812998411645,-0.0016809180785853899
5,18005,1,8,0.029999999999999999,-0.001696558493295713,-0.0019963733224971762
5,18005,1,8,0.040000000000000001,-0.0020273645867481507,-0.0023472354349979539
5,18005,1,8,0.050000000000000003,-0.0023972690730712158,-0.0027339580595565596
5,18005,1,8,0.059999999999999998,-0.0028072151313411563,-0.0031568504338841783
5,18005,1,8,0.070000000000000007,-0.0032577053038034703,-0.003615967908232143
5,18005,1,8,0.080000000000000002,-0.0037490012908653891,-0.0041111175947684308
5,18005,1,8,0.089999999999999997,-0.0042811105741422028,-0.0046420038013681789
5,18005,1,8,0.10000000000000001,-0.0048535885166958118,-0.0052079635353615697
5,18005,1,8,0.11,-0.0054659363034032264,-0.005808386517430931
5,18005,1,8,0.12,-0.0061172931085771735,-0.0064424025894075148
5,18005,1,8,0.13,-0.0068063412032064634,-0.0071087795750004899
5,18005,1,8,0.14000000000000001,-0.0075319122597348577,-0.0078065275891668019
5,18005,1,8,0.14999999999999999,-0.0082923606207497558,-0.008534273270610248
5,18005,1,8,0.16,-0.0090858220973276636,-0.0092904717063218654
5,18005,1,8,0.17000000000000001,-0.0099103860346730008,-0.010073612015075131
5,18005,1,8,0.17999999999999999,-0.010764084838396732,-0.010882157425375608
5,18005,1,8,0.19,-0.011644447995016538,-0.011714102428932052
5,18005,1,8,0.20000000000000001,-0.012549273902139007,-0.012567739788217611
5,18005,1,8,0.20999999999999999,-0.013476206386251834,-0.013441182999112468
5,18005,1,8,0.22,-0.014422672437218726,-0.014332363707254941
5,18005,1,8,0.23000000000000001,-0.015386194790935934,-0.015239220798512842
5,18005,1,8,0.23999999999999999,-0.016364381378695805,-0.016159828252163222
5,18005,1,8,0.25,-0.017354545577095367,-0.01709185846852608
5,18005,1,8,0.26000000000000001,-0.018354490891225532,-0.018033463232367476
5,18005,1,8,0.27000000000000002,-0.019361547077010179,-0.018982255096725516
5,18005,1,8,0.28000000000000003,-0.020373607575696437,-0.019936377021274276
5,18005,1,8,0.28999999999999998,-0.021388286462303507,-0.020893603064563684
5,18005,1,8,0.29999999999999999,-0.022403394378792203,-0.021851890076344544
5,18005,1,8,0.31,-0.023416995967633112,-0.022809391370756382
5,18005,1,8,0.32000000000000001,-0.024427076228550556,-0.023764111784587164
5,18005,1,8,0.33000000000000002,-0.025431670602255832,-0.024714114301206097
5,18005,1,8,0.34000000000000002,-0.02642929277861673,-0.02565787045881987
5,18005,1,8,0.34999999999999998,-0.027418138253160154,-0.026593560820113677
5,18005,1,8,0.35999999999999999,-0.028396768348589702,-0.027519666205094929
5,18005,1,8,0.37,-0.029363880836984976,-0.028434837072042779
5,18005,1,8,0.38,-0.030318144081944765,-0.029337723968817103
5,18005,1,8,0.39000000000000001,-0.031258428006526638,-0.030227105509022384
5,18005,1,8,0.40000000000000002,-0.03218368606765664,-0.03110200030008305
5,18005,1,8,0.40999999999999998,-0.033093000211732566,-0.031961451069133735
5,18005,1,8,0.41999999999999998,-0.03398555350375275,-0.032804740419029983
5,18005,1,8,0.42999999999999999,-0.034860488739421595,-0.033631076639960324
5,18005,1,8,0.44,-0.035717291904463773,-0.034440096877195923
5,18005,1,8,0.45000000000000001,-0.036555300395093006,-0.035231356483044644
5,18005,1,8,0.46000000000000002,-0.037374006431368435,-0.036004505670549872
5,18005,1,8,0.46999999999999997,-0.038173052552527988,-0.036759526899745883
5,18005,1,8,0.47999999999999998,-0.038952023603316656,-0.037496271868330398
5,18005,1,8,0.48999999999999999,-0.03971072391814371,-0.038214914031491264
5,18005,1,8,0.5,-0.040448801401172255,-0.038915452581187365
5,18005,1,8,0.51000000000000001,-0.041166262253827135,-0.039598348122773457
5,18005,1,8,0.52000000000000002,-0.041862863265074206,-0.040263735364156242
5,18005,1,8,0.53000000000000003,-0.042538701860240398,-0.040912166188400274
5,18005,1,8,0.54000000000000004,-0.043193715125189582,-0.041544010192138416
5,18005,1,8,0.55000000000000004,-0.043828044380424425,-0.042159880529638476
5,18005,1,8,0.56000000000000005,-0.044441805891270815,-0.042760256885839988
5,18005,1,8,0.56999999999999995,-0.045035137331193797,-0.043345767964753014
5,18005,1,8,0.57999999999999996,-0.045608418597344158,-0.043917123405715408
5,18005,1,8,0.58999999999999997,-0.046161763529160273,-0.044474824056254081
5,18005,1,8,0.59999999999999998,-0.046695674140923536,-0.045019665654037373
5,18005,1,8,0.60999999999999999,-0.047210445671017835,-0.045552252796746746
5,18005,1,8,0.62,-0.04770650280292052,-0.046073242162755483
5,18005,1,8,0.63,-0.048184386104193087,-0.046583318395251198
5,18005,1,8,0.64000000000000001,-0.048644539694197499,-0.047083104462002361
5,18005,1,8,0.65000000000000002,-0.049087514727639621,-0.047573204223868286
5,18005,1,8,0.66000000000000003,-0.049513938950129455,-0.048054250335750476
5,18005,1,8,0.67000000000000004,-0.049924336690841779,-0.048526774834783883
5,18005,1,8,0.68000000000000005,-0.050319350167265416,-0.048991305886788572
5,18005,1,8,0.68999999999999995,-0.05069966745717891,-0.049448393257258645
5,18005,1,8,0.69999999999999996,-0.051065856532578412,-0.049898432774194014
5,18005,1,8,0.70999999999999996,-0.051418663256816377,-0.050341906417342992
5,18005,1,8,0.71999999999999997,-0.051758650564335838,-0.05077916299751687
5,18005,1,8,0.72999999999999998,-0.052086607835893826,-0.051210593831282618
5,18005,1,8,0.73999999999999999,-0.052403053246077504,-0.051636444313910061
5,18005,1,8,0.75,-0.052708779614522729,-0.05205711097396374
5,18005,1,8,0.76000000000000001,-0.053004278646836767,-0.052472668259635785
5,18005,1,8,0.77000000000000002,-0.053290293798804088,-0.05288349550756969
5,18005,1,8,0.78000000000000003,-0.053567327108932278,-0.053289652923652515
5,18005,1,8,0.79000000000000004,-0.053836000818169805,-0.053691346850409667
5,18005,1,8,0.80000000000000004,-0.054096856824197855,-0.054088708761684832
5,18005,1,8,0.81000000000000005,-0.054350378194235549,-0.054481825882191665
5,18005,1,8,0.81999999999999995,-0.054597037608578973,-0.05487074903845976
5,18005,1,8,0.82999999999999996,-0.054837378736651211,-0.055255690741977947
5,18005,1,8,0.83999999999999997,-0.055071665568603489,-0.055636527583888179
5,18005,1,8,0.84999999999999998,-0.055300360284202675,-0.056013437958823277
5,18005,1,8,0.85999999999999999,-0.055523814611685984,-0.056386486137686466
5,18005,1,8,0.87,-0.055742251354039207,-0.056755623917559901
5,18005,1,8,0.88,-0.055955960524298749,-0.057120975626576531
5,18005,1,8,0.89000000000000001,-0.056165202262952928,-0.057482623804538335
5,18005,1,8,0.90000000000000002,-0.056370117032260657,-0.057840588390848109
5,18005,1,8,0.91000000000000003,-0.05657082418134967,-0.058194932280116941
5,18005,1,8,0.92000000000000004,-0.056767519932732442,-0.058545833884454244
5,18005,1,8,0.93000000000000005,-0.056960214300388688,-0.058893326046730116
5,18005,1,8,0.93999999999999995,-0.057149015070237959,-0.05923761292911861
5,18005,1,8,0.94999999999999996,-0.057333863449468329,-0.059578729749445558
5,18005,1,8,0.95999999999999996,-0.057514858499065097,-0.059916993997999109
5,18005,1,8,0.96999999999999997,-0.0576919060480241,-0.060252500893664934
5,18005,1,8,0.97999999999999998,-0.057864956608491745,-0.060585469635431911
5,18005,1,8,0.98999999999999999,-0.058033941712293036,-0.060916140623914518
5,18005,1,8,1,-0.058198901224047306,-0.061244914319403244
5,18005,2,1,0,5.3850847309836837e-05,-0.00092393044940528024
5,18005,2,1,0.01,3.2605153458647147e-05,-0.0012372090000889061
5,18005,2,1,0.02,8.8691462067830265e-06,-0.0016068901790163501
5,18005,2,1,0.029999999999999999,-1.6367580486222727e-05,-0.0020353798335288179
5,18005,2,1,0.040000000000000001,-4.2048531764031037e-05,-0.0025245251578975224
5,18005,2,1,0.050000000000000003,-6.7090711795676758e-05,-0.0030755194358403869
5,18005,2,1,0.059999999999999998,-9.0455379617369034e-05,-0.0036891625391086143
5,18005,2,1,0.070000000000000007,-0.00011109788388886738,-0.0043658309389247993
5,18005,2,1,0.080000000000000002,-0.00012802093919767908,-0.0051052120319618191
5,18005,2,1,0.089999999999999997,-0.00014025707326988817,-0.0059067706247009884
5,18005,2,1,0.10000000000000001,-0.00014692963827031094,-0.0067692830008234742
5,18005,2,1,0.11,-0.00014725914252508695,-0.0076908787281241885
5,18005,2,1,0.12,-0.00014052175960593423,-0.0086698270770364811
5,18005,2,1,0.13,-0.00012608865207517969,-0.0097034266489688589
5,18005,2,1,0.14000000000000001,-0.00010348114753497631,-0.010788926882182887
5,18005,2,1,0.14999999999999999,-7.2259658001182906e-05,-0.011923175284778804
5,18005,2,1,0.16,-3.2160810515007693e-05,-0.013102587671467991
5,18005,2,1,0.17000000000000001,1.6971613335347057e-05,-0.014323338912479909
5,18005,2,1,0.17999999999999999,7.5236240015628977e-05,-0.015581526800859785
5,18005,2,1,0.19,0.00014253297710513978,-0.016872763952194125
5,18005,2,1,0.20000000000000001,0.00021869665352140916,-0.018192741436336948
5,18005,2,1,0.20999999999999999,0.00030351344336221163,-0.019537010014678832
5,18005,2,1,0.22,0.00039658939297124293,-0.020901033799351532
5,18005,2,1,0.23000000000000001,0.00049747921242393846,-0.022280245436003519
5,18005,2,1,0.23999999999999999,0.00060569285153860277,-0.023670086597774993
5,18005,2,1,0.25,0.00072058561162897234,-0.025066087019468605
5,18005,2,1,0.26000000000000001,0.00084151807712927332,-0.02646394389231382
5,18005,2,1,0.27000000000000002,0.00096778874996955849,-0.027859332618718313
5,18005,2,1,0.28000000000000003,0.0010986315940513154,-0.029248292996399031
5,18005,2,1,0.28999999999999998,0.0012332692592499459,-0.030626933456255733
5,18005,2,1,0.29999999999999999,0.0013708957653484526,-0.03199173882910672
5,18005,2,1,0.31,0.0015106502494686223,-0.033339382228555169
5,18005,2,1,0.32000000000000001,0.001651701086450735,-0.034666772328626701
5,18005,2,1,0.33000000000000002,0.0017931941718124936,-0.035971206098889333
5,18005,2,1,0.34000000000000002,0.0019342393602655291,-0.037250235433338941
5,18005,2,1,0.34999999999999998,0.0020740100943059674,-0.038501715144225145
5,18005,2,1,0.35999999999999999,0.0022116516309269646,-0.039723834180923324
5,18005,2,1,0.37,0.0023463274312666353,-0.040915153908947031
5,18005,2,1,0.38,0.0024771973136233183,-0.042074399862098273
5,18005,2,1,0.39000000000000001,0.0026034720599030347,-0.043200926475225367
5,18005,2,1,0.40000000000000002,0.0027243308579123458,-0.04429407601722235
5,18005,2,1,0.40999999999999998,0.0028390537853463364,-0.045353684089114082
5,18005,2,1,0.41999999999999998,0.0029468622715385939,-0.046379857100224832
5,18005,2,1,0.42999999999999999,0.0030470333072637593,-0.047372956749222907
5,18005,2,1,0.44,0.003138897191774495,-0.048333526706085428
5,18005,2,1,0.45000000000000001,0.0032217862769024549,-0.049262547909292388
5,18005,2,1,0.46000000000000002,0.0032950696378673539,-0.050161115362118112
5,18005,2,1,0.46999999999999997,0.0033581039876838734,-0.051030471405047073
5,18005,2,1,0.47999999999999998,0.0034103740372910551,-0.05187220876689929
5,18005,2,1,0.48999999999999999,0.0034513315975229501,-0.052687931428559272
5,18005,2,1,0.5,0.0034805194381625679,-0.053479494125966497
5,18005,2,1,0.51000000000000001,0.0034973998238339511,-0.054248711534321183
5,18005,2,1,0.52000000000000002,0.0035016468237164303,-0.054997702520971657
5,18005,2,1,0.53000000000000003,0.0034928560819118032,-0.055728521317123823
5,18005,2,1,0.54000000000000004,0.0034707385619353573,-0.056443337441756364
5,18005,2,1,0.55000000000000004,0.0034349248873096895,-0.057144250136156066
5,18005,2,1,0.56000000000000005,0.0033852446727062318,-0.05783347335336661
5,18005,2,1,0.56999999999999995,0.0033215229466233638,-0.058513161343885622
5,18005,2,1,0.57999999999999996,0.0032435604148207068,-0.05918538335393931
5,18005,2,1,0.58999999999999997,0.0031512686500226417,-0.059852237572397986
5,18005,2,1,0.59999999999999998,0.0030445947997866027,-0.060515719599287053
5,18005,2,1,0.60999999999999999,0.0029234846108009572,-0.061177726526395498
5,18005,2,1,0.62,0.002787979493509687,-0.061840097914634219
5,18005,2,1,0.63,0.0026381234884808361,-0.062504471110547799
5,18005,2,1,0.64000000000000001,0.0024739303983062843,-0.063172490090349864
5,18005,2,1,0.65000000000000002,0.0022956263213497062,-0.063845554333562635
5,18005,2,1,0.66000000000000003,0.0021033060736519501,-0.064524999514337503
5,18005,2,1,0.67000000000000004,0.0018971176651937018,-0.065212001618117951
5,18005,2,1,0.68000000000000005,0.001677288852548052,-0.065907597599426604
5,18005,2,1,0.68999999999999995,0.0014440262660342814,-0.066612654875096905
5,18005,2,1,0.69999999999999996,0.0011975458552333715,-0.067327944287941976
5,18005,2,1,0.70999999999999996,0.00093814331901259705,-0.068054048551727794
5,18005,2,1,0.71999999999999997,0.00066601825981763062,-0.068791436186088809
5,18005,2,1,0.72999999999999998,0.00038150594694982197,-0.069540480292791904
5,18005,2,1,0.73999999999999999,8.4932752188866117e-05,-0.070301312459077683
5,18005,2,1,0.75,-0.00022346566564099743,-0.071074107266141634
5,18005,2,1,0.76000000000000001,-0.00054333643951359463,-0.071858798265788393
5,18005,2,1,0.77000000000000002,-0.00087434369031594175,-0.072655282274377328
5,18005,2,1,0.78000000000000003,-0.0012162092545598684,-0.073463346937672411
5,18005,2,1,0.79000000000000004,-0.001568523004350358,-0.074282707883282784
5,18005,2,1,0.80000000000000004,-0.0019309641325998977,-0.075112992954700128
5,18005,2,1,0.81000000000000005,-0.0023031989507740053,-0.075953820622949128
5,18005,2,1,0.81999999999999995,-0.0026847917456270577,-0.076804678258867928
5,18005,2,1,0.82999999999999996,-0.0030753877753177537,-0.077665073257544917
5,18005,2,1,0.83999999999999997,-0.0034746383783093239,-0.078534520911414857
5,18005,2,1,0.84999999999999998,-0.0038821017399603744,-0.079412439402817364
5,18005,2,1,0.85999999999999999,-0.0042973962440531364,-0.080298314924773642
5,18005,2,1,0.87,-0.0047200850742779195,-0.081191567358338573
5,18005,2,1,0.88,-0.0051497343724912856,-0.08209170668666245
5,18005,2,1,0.89000000000000001,-0.0055859060846600887,-0.082998200053220228
5,18005,2,1,0.90000000000000002,-0.006028130858566432,-0.083910569949976713
5,18005,2,1,0.91000000000000003,-0.0064759282874040291,-0.084828357086162418
5,18005,2,1,0.92000000000000004,-0.0069288349385740267,-0.085751182369464676
5,18005,2,1,0.93000000000000005,-0.0073863436905931721,-0.08667868379115716
5,18005,2,1,0.93999999999999995,-0.0078479361171284109,-0.087610542669775096
5,18005,2,1,0.94999999999999996,-0.0083130823422442879,-0.088546487267406923
5,18005,2,1,0.95999999999999996,-0.0087812291281036403,-0.08948631214672903
5,18005,2,1,0.96999999999999997,-0.0092518263008024796,-0.090429891304414853
5,18005,2,1,0.97999999999999998,-0.0097242970248968639,-0.091377092276276814
5,18005,2,1,0.98999999999999999,-0.010198054552344646,-0.092327891480351434
5,18005,2,1,1,-0.010672511193791293,-0.09328227626170682
5,18005,2,2,0,0.0013344710943628639,0.00047928990819197842
5,18005,2,2,0.01,0.0016039462925095118,0.00047823866677284963
5,18005,2,2,0.02,0.0019047263877948915,0.00046008476065816984
5,18005,2,2,0.029999999999999999,0.0022375850890411701,0.00042247205288779556
5,18005,2,2,0.040000000000000001,0.0026032341589397865,0.00036296996868144944
5,18005,2,2,0.050000000000000003,0.003001973482419954,0.00027947529309106791
5,18005,2,2,0.059999999999999998,0.0034339247566280494,0.00016997277317173099
5,18005,2,2,0.070000000000000007,0.0038991056277997926,3.2401379781046642e-05
5,18005,2,2,0.080000000000000002,0.0043971550380461355,-0.00013488570828375495
5,18005,2,2,0.089999999999999997,0.0049276493374369257,-0.00033355236905921822
5,18005,2,2,0.10000000000000001,0.0054900230009706482,-0.0005651755041347795
5,18005,2,2,0.11,0.0060832387683764644,-0.00083081214604387719
5,18005,2,2,0.12,0.0067062746446169032,-0.0011315786446788637
5,18005,2,2,0.13,0.0073579674499830898,-0.0014685059877243415
5,18005,2,2,0.14000000000000001,0.0080368596587933761,-0.0018420850704461186
5,18005,2,2,0.14999999999999999,0.008741455641406385,-0.0022528262456285157
5,18005,2,2,0.16,0.0094700971461020769,-0.0027011766069512315
5,18005,2,2,0.17000000000000001,0.010220917371481057,-0.0031870465123428268
5,18005,2,2,0.17999999999999999,0.010992011892274075,-0.0037102976268254331
5,18005,2,2,0.19,0.011781458197831045,-0.0042708057689967317
5,18005,2,2,0.20000000000000001,0.012587129586909641,-0.0048679910095340111
5,18005,2,2,0.20999999999999999,0.013406913033615268,-0.0055011656268287544
5,18005,2,2,0.22,0.014238637739127211,-0.0061696030738973423
5,18005,2,2,0.23000000000000001,0.015080165496663097,-0.0068722730970940055
5,18005,2,2,0.23999999999999999,0.015929401906819695,-0.0076082196607989427
5,18005,2,2,0.25,0.016784082241268986,-0.0083761666578649734
5,18005,2,2,0.26000000000000001,0.017642117177660177,-0.0091747130524764946
5,18005,2,2,0.27000000000000002,0.01850146015649318,-0.01000244930186958
5,18005,2,2,0.28000000000000003,0.019360079945321063,-0.01085802036595046
5,18005,2,2,0.28999999999999998,0.02021607488959265,-0.011739729524533745
5,18005,2,2,0.29999999999999999,0.021067605186039066,-0.012645931896952426
5,18005,2,2,0.31,0.021912873499656867,-0.013575021342922577
5,18005,2,2,0.32000000000000001,0.02275028161108841,-0.01452532184836209
5,18005,2,2,0.33000000000000002,0.023578354317555717,-0.015495108938747065
5,18005,2,2,0.34000000000000002,0.024395604397291073,-0.016482650892276244
5,18005,2,2,0.34999999999999998,0.025200783952538847,-0.017486244140166352
5,18005,2,2,0.35999999999999999,0.025992739737337799,-0.018504189454949579
5,18005,2,2,0.37,0.0267704518465515,-0.01953489613025329
5,18005,2,2,0.38,0.02753305472792747,-0.020576735939892277
5,18005,2,2,0.39000000000000001,0.028279752405462859,-0.021628109722494376
5,18005,2,2,0.40000000000000002,0.029009880279054576,-0.022687525097621789
5,18005,2,2,0.40999999999999998,0.029722973686368847,-0.023753532582190286
5,18005,2,2,0.41999999999999998,0.030418637620343855,-0.024824762804553341
5,18005,2,2,0.42999999999999999,0.031096534542670615,-0.025899863474654044
5,18005,2,2,0.44,0.03175652186196478,-0.026977603878820144
5,18005,2,2,0.45000000000000001,0.032398523923921667,-0.028056792624784679
5,18005,2,2,0.46000000000000002,0.033022544426275897,-0.029136395628295536
5,18005,2,2,0.46999999999999997,0.033628646165883111,-0.030215393972517279
5,18005,2,2,0.47999999999999998,0.034217024849032392,-0.031292808746619029
5,18005,2,2,0.48999999999999999,0.034787930172712853,-0.032367822712098052
5,18005,2,2,0.5,0.035341661610785925,-0.033439668678052696
5,18005,2,2,0.51000000000000001,0.035878508542468039,-0.034507624343625129
5,18005,2,2,0.52000000000000002,0.03639890731369471,-0.035571098572200227
5,18005,2,2,0.53000000000000003,0.036903270493776279,-0.036629545433880979
5,18005,2,2,0.54000000000000004,0.03739202070049924,-0.037682472020478509
5,18005,2,2,0.55000000000000004,0.037865580283492524,-0.038729487133190722
5,18005,2,2,0.56000000000000005,0.03832443255863003,-0.039770272174575218
5,18005,2,2,0.56999999999999995,0.038769047520544248,-0.040804533083449064
5,18005,2,2,0.57999999999999996,0.039199888391615083,-0.041832059617328887
5,18005,2,2,0.58999999999999997,0.039617387317919861,-0.042852668939861588
5,18005,2,2,0.59999999999999998,0.040021918233673764,-0.043866300050588621
5,18005,2,2,0.60999999999999999,0.040413922608637839,-0.044872889988183541
5,18005,2,2,0.62,0.040793748517086177,-0.045872396550998673
5,18005,2,2,0.63,0.041161719919082219,-0.046864854554612055
5,18005,2,2,0.64000000000000001,0.041518142301328366,-0.047850359761304917
5,18005,2,2,0.65000000000000002,0.041863247179993741,-0.04882900460181646
5,18005,2,2,0.66000000000000003,0.042197277729342612,-0.0498009032350539
5,18005,2,2,0.67000000000000004,0.042520419748884347,-0.050766222345186345
5,18005,2,2,0.68000000000000005,0.042832791894876286,-0.051725151632003051
5,18005,2,2,0.68999999999999995,0.043134421778708763,-0.052677906081175008
5,18005,2,2,0.69999999999999996,0.043425384400095114,-0.053624663291671405
5,18005,2,2,0.70999999999999996,0.043705693559067831,-0.054565673746322894
5,18005,2,2,0.71999999999999997,0.043975309882924724,-0.05550119992054986
5,18005,2,2,0.72999999999999998,0.044234153628875568,-0.056431484070495884
5,18005,2,2,0.73999999999999999,0.044482065120462176,-0.057356748847656701
5,18005,2,2,0.75,0.04471894207517732,-0.05827728901322371
5,18005,2,2,0.76000000000000001,0.044944626835105604,-0.059193358305785503
5,18005,2,2,0.77000000000000002,0.045158895102453404,-0.060105214221246539
5,18005,2,2,0.78000000000000003,0.045361459596413238,-0.061013077901403277
5,18005,2,2,0.79000000000000004,0.045552154892749268,-0.06191722893866889
5,18005,2,2,0.80000000000000004,0.045730720207713495,-0.062817919103064265
5,18005,2,2,0.81000000000000005,0.045896910444410362,-0.063715375231659946
5,18005,2,2,0.81999999999999995,0.046050466524572557,-0.064609807953833268
5,18005,2,2,0.82999999999999996,0.046191056623752773,-0.065501461743468478
5,18005,2,2,0.83999999999999997,0.046318509996338957,-0.066390542488242013
5,18005,2,2,0.84999999999999998,0.04643259488769591,-0.067277235859357742
5,18005,2,2,0.85999999999999999,0.046533036488766548,-0.068161738685605752
5,18005,2,2,0.87,0.046619644684257035,-0.069044231978928214
5,18005,2,2,0.88,0.046692278719356321,-0.069924883441645616
5,18005,2,2,0.89000000000000001,0.046750753466609736,-0.070803857515658028
5,18005,2,2,0.90000000000000002,0.046794996747895175,-0.071681288970173215
5,18005,2,2,0.91000000000000003,0.046824944897353664,-0.072557318199839738
5,18005,2,2,0.92000000000000004,0.0468404476781904,-0.073432078763081568
5,18005,2,2,0.93000000000000005,0.046841586515605937,-0.074305660530954373
5,18005,2,2,0.93999999999999995,0.046828423658140106,-0.075178172955057534
5,18005,2,2,0.94999999999999996,0.046800995813379313,-0.076049720485343864
5,18005,2,2,0.95999999999999996,0.046759448760674088,-0.076920368192722396
5,18005,2,2,0.96999999999999997,0.046703940778307397,-0.077790179294543182
5,18005,2,2,0.97999999999999998,0.046634676739001395,-0.078659218028530015
5,18005,2,2,0.98999999999999999,0.04655196941402124,-0.07952751677949417
5,18005,2,2,1,0.046456115819657841,-0.080395103635108489
5,18005,2,3,0,0.00086265597831130158,-0.00041494661334326444
5,18005,2,3,0.01,0.0010265547916581466,-0.00052609349005469446
5,18005,2,3,0.02,0.0012113448537128789,-0.00065404843922739399
5,18005,2,3,0.029999999999999999,0.001418134265815117,-0.00079857057746609856
5,18005,2,3,0.040000000000000001,0.0016476439646834556,-0.00095942605063736527
5,18005,2,3,0.050000000000000003,0.001900292693596022,-0.001136304410297682
5,18005,2,3,0.059999999999999998,0.0021765629063058311,-0.0013289225564976522
5,18005,2,3,0.070000000000000007,0.0024763864109226502,-0.0015370337144951461
5,18005,2,3,0.080000000000000002,0.0027998965402734159,-0.0017603961584415088
5,18005,2,3,0.089999999999999997,0.0031467821822206451,-0.0019987550386706392
5,18005,2,3,0.10000000000000001,0.0035165945091611161,-0.0022518579608040352
5,18005,2,3,0.11,0.0039090121888552074,-0.0025195636771604781
5,18005,2,3,0.12,0.0043232090766998806,-0.0028016519051842774
5,18005,2,3,0.13,0.00475844928051904,-0.0030978641498494602
5,18005,2,3,0.14000000000000001,0.0052139246026783161,-0.0034081892059657907
5,18005,2,3,0.14999999999999999,0.0056885835824120141,-0.0037323581122629761
5,18005,2,3,0.16,0.0061814635698708084,-0.0040702814702966526
5,18005,2,3,0.17000000000000001,0.0066913424613216097,-0.0044218186427163941
5,18005,2,3,0.17999999999999999,0.0072172329743704746,-0.0047868348876246329
5,18005,2,3,0.19,0.007757867060329905,-0.0051652562603186946
5,18005,2,3,0.20000000000000001,0.0083120176760126934,-0.0055568744840143553
5,18005,2,3,0.20999999999999999,0.0088785614647819856,-0.0059616407596432483
5,18005,2,3,0.22,0.0094562457779776669,-0.006379381980933514
5,18005,2,3,0.23000000000000001,0.010043939308107552,-0.0068099018929669202
5,18005,2,3,0.23999999999999999,0.010640455426470271,-0.0072530956029078506
5,18005,2,3,0.25,0.011244728608197418,-0.0077087459902771141
5,18005,2,3,0.26000000000000001,0.011855672607705564,-0.0081765789589170867
5,18005,2,3,0.27000000000000002,0.012472248600864747,-0.0086564205598457511
5,18005,2,3,0.28000000000000003,0.013093593230520095,-0.0091479038361783147
5,18005,2,3,0.28999999999999998,0.013718753941245531,-0.0096507806505956566
5,18005,2,3,0.29999999999999999,0.014346966892307552,-0.010164608984943096
5,18005,2,3,0.31,0.014977445986629397,-0.010689032714909385
5,18005,2,3,0.32000000000000001,0.015609575892472782,-0.011223606918031577
5,18005,2,3,0.33000000000000002,0.016242752573589803,-0.011767781555488794
5,18005,2,3,0.34000000000000002,0.016876415974425837,-0.012321077626549055
5,18005,2,3,0.34999999999999998,0.017510208198013941,-0.012882874412568045
5,18005,2,3,0.35999999999999999,0.018143668322214816,-0.013452540229971416
5,18005,2,3,0.37,0.018776562723105173,-0.014029419498343965
5,18005,2,3,0.38,0.019408590641269419,-0.014612792505795412
5,18005,2,3,0.39000000000000001,0.020039613542128548,-0.015201886936504186
5,18005,2,3,0.40000000000000002,0.020669503481082128,-0.015795938180722186
5,18005,2,3,0.40999999999999998,0.0212981528127659,-0.016394101947124162
5,18005,2,3,0.41999999999999998,0.021925572331697188,-0.016995556962043645
5,18005,2,3,0.42999999999999999,0.022551751144527264,-0.017599402508424553
5,18005,2,3,0.44,0.023176717389370036,-0.018204763270502747
5,18005,2,3,0.45000000000000001,0.023800585092366888,-0.018810754206119589
5,18005,2,3,0.46000000000000002,0.024423401764801317,-0.019416434800556551
5,18005,2,3,0.46999999999999997,0.025045320952927733,-0.020020936195543505
5,18005,2,3,0.47999999999999998,0.025666444782503656,-0.020623349061955964
5,18005,2,3,0.48999999999999999,0.026286893337004975,-0.021222769069947939
5,18005,2,3,0.5,0.026906853578797119,-0.021818384527277471
5,18005,2,3,0.51000000000000001,0.027526389233065982,-0.022409292730577679
5,18005,2,3,0.52000000000000002,0.028145699486352881,-0.022994762870365074
5,18005,2,3,0.53000000000000003,0.028764862028284082,-0.023573976746388992
5,18005,2,3,0.54000000000000004,0.029383995438095306,-0.024146247388154008
5,18005,2,3,0.55000000000000004,0.030003226200010388,-0.024710910953592069
5,18005,2,3,0.56000000000000005,0.03062259473167318,-0.025267335710251703
5,18005,2,3,0.56999999999999995,0.031242200770138211,-0.025815003812024822
5,18005,2,3,0.57999999999999996,0.031862076071321604,-0.026353395111337854
5,18005,2,3,0.58999999999999997,0.032482238465999853,-0.026882126340589663
5,18005,2,3,0.59999999999999998,0.033102730838048801,-0.027400825058784509
5,18005,2,3,0.60999999999999999,0.033723503747180104,-0.027909201760201275
5,18005,2,3,0.62,0.034344551429203986,-0.02840708724401958
5,18005,2,3,0.63,0.034965818657429266,-0.028894331402746415
5,18005,2,3,0.64000000000000001,0.035587230120737917,-0.029370836670374895
5,18005,2,3,0.65000000000000002,0.036208725326854811,-0.029836681463528855
5,18005,2,3,0.66000000000000003,0.036830188621206211,-0.030291891463969784
5,18005,2,3,0.67000000000000004,0.037451516196859561,-0.030736646078281794
5,18005,2,3,0.68000000000000005,0.038072593154921695,-0.031171118977230312
5,18005,2,3,0.68999999999999995,0.038693279727776975,-0.031595638910124534
5,18005,2,3,0.69999999999999996,0.039313453828411789,-0.032010491593485908
5,18005,2,3,0.70999999999999996,0.039932966132025939,-0.032416035480353912
5,18005,2,3,0.71999999999999997,0.040551675659839435,-0.032812773771095621
5,18005,2,3,0.72999999999999998,0.041169447827024662,-0.033201126118740529
5,18005,2,3,0.73999999999999999,0.04178614108323573,-0.033581612789495285
5,18005,2,3,0.75,0.042401621790405318,-0.033954772594225816
5,18005,2,3,0.76000000000000001,0.043015761040243704,-0.034321215183858389
5,18005,2,3,0.77000000000000002,0.043628460035077143,-0.034681460788127248
5,18005,2,3,0.78000000000000003,0.044239587100683229,-0.035036168217075947
5,18005,2,3,0.79000000000000004,0.044849066446160483,-0.035385956312396293
5,18005,2,3,0.80000000000000004,0.045456815832539854,-0.035731428746762613
5,18005,2,3,0.81000000000000005,0.046062767125463748,-0.036073194737263552
5,18005,2,3,0.81999999999999995,0.046666876436852391,-0.036411891986117446
5,18005,2,3,0.82999999999999996,0.047269084780735514,-0.036748138629781012
5,18005,2,3,0.83999999999999997,0.047869411290692755,-0.037082485686564866
5,18005,2,3,0.84999999999999998,0.04846782185653456,-0.037415523230639861
5,18005,2,3,0.85999999999999999,0.049064321184075083,-0.037747814778146968
5,18005,2,3,0.87,0.049658963729416167,-0.038079842275411863
5,18005,2,3,0.88,0.050251747236039888,-0.038412119204359642
5,18005,2,3,0.89000000000000001,0.050842726025899766,-0.038745104318506918
5,18005,2,3,0.90000000000000002,0.051431964099064226,-0.039079190463338853
5,18005,2,3,0.91000000000000003,0.052019499645133201,-0.039414795036889938
5,18005,2,3,0.92000000000000004,0.052605415693801609,-0.03975222335598956
5,18005,2,3,0.93000000000000005,0.053189740025489159,-0.040091802116952846
5,18005,2,3,0.93999999999999995,0.053772578930382196,-0.040433787204179832
5,18005,2,3,0.94999999999999996,0.054353980403985751,-0.040778375827291186
5,18005,2,3,0.95999999999999996,0.054933959986093274,-0.041125783434317636
5,18005,2,3,0.96999999999999997,0.055512623911627861,-0.041476105811737336
5,18005,2,3,0.97999999999999998,0.056089978889063974,-0.041829471660114213
5,18005,2,3,0.98999999999999999,0.056666056511215895,-0.042185920595434266
5,18005,2,3,1,0.057240881141247646,-0.042545451330761895
5,18005,2,4,0,-1.505900912726621e-05,0.0006734355038818437
5,18005,2,4,0.01,4.5591619203823406e-05,0.00087632473164068732
5,18005,2,4,0.02,0.0001152231728268638,0.0011051999911633368
5,18005,2,4,0.029999999999999999,0.00019358582729272299,0.0013605733064283951
5,18005,2,4,0.040000000000000001,0.00028009163844570418,0.0016424732144263692
5,18005,2,4,0.050000000000000003,0.0003742304729605985,0.0019508920367520349
5,18005,2,4,0.059999999999999998,0.00047529288514397693,0.0022854767495022565
5,18005,2,4,0.070000000000000007,0.00058252498730531786,0.0026459824340993379
5,18005,2,4,0.080000000000000002,0.00069519711930570978,0.003031725029038881
5,18005,2,4,0.089999999999999997,0.00081234765065629083,0.0034419766296514831
5,18005,2,4,0.10000000000000001,0.00093318495059295774,0.0038759541143314059
5,18005,2,4,0.11,0.0010566067758253047,0.0043324413493517908
5,18005,2,4,0.12,0.0011818024454273446,0.0048103561673110929
5,18005,2,4,0.13,0.0013076176539365489,0.0053083815502976139
5,18005,2,4,0.14000000000000001,0.0014332253334390082,0.005825074315293396
5,18005,2,4,0.14999999999999999,0.0015575025783864148,0.0063589025372639751
5,18005,2,4,0.16,0.001679557019293749,0.0069082526646623869
5,18005,2,4,0.17000000000000001,0.0017983669345236475,0.0074713643562773864
5,18005,2,4,0.17999999999999999,0.0019130907933700553,0.008046485449203335
5,18005,2,4,0.19,0.0020227869015198474,0.0086318671190625165
5,18005,2,4,0.20000000000000001,0.0021266979674617438,0.0092255389963292883
5,18005,2,4,0.20999999999999999,0.0022240190856618997,0.0098257434569182824
5,18005,2,4,0.22,0.0023140464499561641,0.010430436395678339
5,18005,2,4,0.23000000000000001,0.0023961285346697559,0.011037817861306523
5,18005,2,4,0.23999999999999999,0.0024697730853622036,0.011646023421093542
5,18005,2,4,0.25,0.0025343696233879631,0.012253191615070219
5,18005,2,4,0.26000000000000001,0.0025896844759423017,0.012857600480261041
5,18005,2,4,0.27000000000000002,0.0026351882665811926,0.013457397120110378
5,18005,2,4,0.28000000000000003,0.0026708286352591058,0.014051068988610672
5,18005,2,4,0.28999999999999998,0.0026962655532906665,0.014636940223104543
5,18005,2,4,0.29999999999999999,0.0027115916039996465,0.015213690501734468
5,18005,2,4,0.31,0.0027165861453638026,0.015779790966911272
5,18005,2,4,0.32000000000000001,0.0027115327028446119,0.016334165030675755
5,18005,2,4,0.33000000000000002,0.0026963287073013841,0.016875499324548546
5,18005,2,4,0.34000000000000002,0.0026713541814155236,0.017402987969440592
5,18005,2,4,0.34999999999999998,0.0026367055098689952,0.017915666966642992
5,18005,2,4,0.35999999999999999,0.0025927887113051627,0.018412904047446711
5,18005,2,4,0.37,0.0025398238446063953,0.018894042636930484
5,18005,2,4,0.38,0.0024783142238177566,0.01935875042075964
5,18005,2,4,0.39000000000000001,0.0024085185329639595,0.019806655293829648
5,18005,2,4,0.40000000000000002,0.0023309832173377099,0.020237735925829316
5,18005,2,4,0.40999999999999998,0.0022460514302725023,0.020651942326360067
5,18005,2,4,0.41999999999999998,0.002154236635307108,0.0210494566127306
5,18005,2,4,0.42999999999999999,0.0020559109427535486,0.021430508222470512
5,18005,2,4,0.44,0.0019516057719101861,0.021795612814913046
5,18005,2,4,0.45000000000000001,0.0018416450386333702,0.022145205694075187
5,18005,2,4,0.46000000000000002,0.0017265372847312978,0.022480034180789265
5,18005,2,4,0.46999999999999997,0.0016066141952000134,0.022800807137035639
5,18005,2,4,0.47999999999999998,0.0014822766289335799,0.023108377602206534
5,18005,2,4,0.48999999999999999,0.0013538457899418301,0.023403691446437402
5,18005,2,4,0.5,0.0012216472703938201,0.023687758701624956
5,18005,2,4,0.51000000000000001,0.0010859320945611102,0.023961640232614979
5,18005,2,4,0.52000000000000002,0.00094695827963852883,0.024226442090614555
5,18005,2,4,0.53000000000000003,0.00080493809339718164,0.024483343385908751
5,18005,2,4,0.54000000000000004,0.00066003556590958406,0.024733487365195081
5,18005,2,4,0.55000000000000004,0.00051239853003727054,0.024978096061538928
5,18005,2,4,0.56000000000000005,0.00036215653335304926,0.025218319045848207
5,18005,2,4,0.56999999999999995,0.00020935730042967102,0.025455378875938781
5,18005,2,4,0.57999999999999996,5.4118142318260176e-05,0.025690390218121219
5,18005,2,4,0.58999999999999997,-0.00010357009987354653,0.025924510863556637
5,18005,2,4,0.59999999999999998,-0.00026362796413709433,0.026158820805054193
5,18005,2,4,0.60999999999999999,-0.00042610772514627598,0.026394326378031435
5,18005,2,4,0.62,-0.0005909284769725886,0.02663200744688465
5,18005,2,4,0.63,-0.00075816258897635819,0.026872825778107828
5,18005,2,4,0.64000000000000001,-0.00092774083442350699,0.027117559016426398
5,18005,2,4,0.65000000000000002,-0.0010996939187284439,0.027367037172468436
5,18005,2,4,0.66000000000000003,-0.0012739972401166616,0.027621883123690474
5,18005,2,4,0.67000000000000004,-0.0014506017800705769,0.027882762735695451
5,18005,2,4,0.68000000000000005,-0.0016294862132025026,0.028150097012865149
5,18005,2,4,0.68999999999999995,-0.0018105361946344756,0.028424475620665191
5,18005,2,4,0.69999999999999996,-0.0019937072304032481,0.028706062553897124
5,18005,2,4,0.70999999999999996,-0.0021788133961796129,0.028995287014193651
5,18005,2,4,0.71999999999999997,-0.0023657740759308195,0.029292186284566073
5,18005,2,4,0.72999999999999998,-0.0025543294633401333,0.029596976181841716
5,18005,2,4,0.73999999999999999,-0.0027443118656725017,0.029909587578960783
5,18005,2,4,0.75,-0.0029354298782401367,0.030230089778686436
5,18005,2,4,0.76000000000000001,-0.0031274199467673097,0.03055824608726454
5,18005,2,4,0.77000000000000002,-0.0033199575499170894,0.030893978000431529
5,18005,2,4,0.78000000000000003,-0.0035126864619898384,0.031236999035290449
5,18005,2,4,0.79000000000000004,-0.0037052466815920954,0.031587052768984492
5,18005,2,4,0.80000000000000004,-0.0038971979704869597,0.031943830029197859
5,18005,2,4,0.81000000000000005,-0.004088164818497355,0.032306953366695756
5,18005,2,4,0.81999999999999995,-0.0042776840427347432,0.032676025625044416
5,18005,2,4,0.82999999999999996,-0.0044653160932807351,0.033050664394919244
5,18005,2,4,0.83999999999999997,-0.004650608350307916,0.033430414925608352
5,18005,2,4,0.84999999999999998,-0.0048330724606084124,0.033814886205921123
5,18005,2,4,0.85999999999999999,-0.0050122836805824855,0.034203601229915649
5,18005,2,4,0.87,-0.0051877499234210421,0.034596173350654985
5,18005,2,4,0.88,-0.0053591045761463658,0.034992134651122171
5,18005,2,4,0.89000000000000001,-0.0055258321794133423,0.035391145814841818
5,18005,2,4,0.90000000000000002,-0.0056876260809099943,0.035792777435168031
5,18005,2,4,0.91000000000000003,-0.0058440313902981241,0.036196755919816283
5,18005,2,4,0.92000000000000004,-0.0059947912325437709,0.036602689187016112
5,18005,2,4,0.93000000000000005,-0.0061395382994062385,0.037010371712267516
5,18005,2,4,0.93999999999999995,-0.0062781040823580323,0.037419528201024031
5,18005,2,4,0.94999999999999996,-0.0064101713998456046,0.037829999023886514
5,18005,2,4,0.95999999999999996,-0.0065356588645554131,0.038241631610617305
5,18005,2,4,0.96999999999999997,-0.0066544254676083386,0.038654358358330206
5,18005,2,4,0.97999999999999998,-0.0067664271372991185,0.03906808500127034
5,18005,2,4,0.98999999999999999,-0.0068716624734051421,0.039482866350466932
5,18005,2,4,1,-0.0069702226235772201,0.039898735781854301
5,18005,2,5,0,-0.00023109653695244092,0.00079180447034853108
5,18005,2,5,0.01,-0.00020727001030520882,0.00096503763705659744
5,18005,2,5,0.02,-0.00017633021727192445,0.0011613237202065375
5,18005,2,5,0.029999999999999999,-0.00013789616204940976,0.0013818585332408581
5,18005,2,5,0.040000000000000001,-9.1570214901349773e-05,0.0016272738975634301
5,18005,2,5,0.050000000000000003,-3.7025740395567839e-05,0.0018983224895303035
5,18005,2,5,0.059999999999999998,2.609650907102453e-05,0.0021954537768091461
5,18005,2,5,0.070000000000000007,9.8089268029540432e-05,0.0025190084273823479
5,18005,2,5,0.080000000000000002,0.00017927507290626423,0.0028692965046788767
5,18005,2,5,0.089999999999999997,0.000269934495569788,0.0032463526422910442
5,18005,2,5,0.10000000000000001,0.00037028655951047159,0.0036500601486132052
5,18005,2,5,0.11,0.00048065595968827045,0.0040803707909105444
5,18005,2,5,0.12,0.00060120663778000206,0.0045367935953115257
5,18005,2,5,0.13,0.00073213968610463939,0.0050190412968232076
5,18005,2,5,0.14000000000000001,0.00087366411689437094,0.0055264301268674069
5,18005,2,5,0.14999999999999999,0.0010259176292020393,0.0060583887742995798
5,18005,2,5,0.16,0.0011890759118696485,0.0066141305931800634
5,18005,2,5,0.17000000000000001,0.001363197835124727,0.0071927156240177573
5,18005,2,5,0.17999999999999999,0.0015484359416078816,0.0077933857056795668
5,18005,2,5,0.19,0.0017448328492552286,0.0084148514227733121
5,18005,2,5,0.20000000000000001,0.0019524076913992085,0.0090562485442418229
5,18005,2,5,0.20999999999999999,0.0021712350918141649,0.0097161783305916155
5,18005,2,5,0.22,0.0024012911678709531,0.010393619114751736
5,18005,2,5,0.23000000000000001,0.0026425395514320057,0.011087118933018794
5,18005,2,5,0.23999999999999999,0.0028949485122257246,0.011795521100022096
5,18005,2,5,0.25,0.0031584424239740247,0.012517373081562838
5,18005,2,5,0.26000000000000001,0.0034329594116055463,0.013251465936965504
5,18005,2,5,0.27000000000000002,0.0037183348323083149,0.013996282311697595
5,18005,2,5,0.28000000000000003,0.0040144751209448904,0.014750549085117573
5,18005,2,5,0.28999999999999998,0.0043212142906403342,0.01551274045020788
5,18005,2,5,0.29999999999999999,0.0046383723582523679,0.016281680297698432
5,18005,2,5,0.31,0.0049657559720776073,0.017055797219346733
5,18005,2,5,0.32000000000000001,0.0053031963276925055,0.017833977914760549
5,18005,2,5,0.33000000000000002,0.0056504118559241685,0.018614709551105703
5,18005,2,5,0.34000000000000002,0.0060072129534092487,0.019396906169780202
5,18005,2,5,0.34999999999999998,0.0063733148101599918,0.020179199446249109
5,18005,2,5,0.35999999999999999,0.0067484806130619218,0.020960384527472942
5,18005,2,5,0.37,0.0071324252434447127,0.021739374035062792
5,18005,2,5,0.38,0.0075248407191042558,0.022514970055939432
5,18005,2,5,0.39000000000000001,0.0079255049054541022,0.023286152500179926
5,18005,2,5,0.40000000000000002,0.008334047416470855,0.024051878870003287
5,18005,2,5,0.40999999999999998,0.0087502250018757863,0.024811204240459229
5,18005,2,5,0.41999999999999998,0.0091737097029245158,0.025563191989002448
5,18005,2,5,0.42999999999999999,0.0096041920005685965,0.026307000779266409
5,18005,2,5,0.44,0.010041407663935712,0.027041814255820345
5,18005,2,5,0.45000000000000001,0.010484998809746333,0.02776690133702665
5,18005,2,5,0.46000000000000002,0.010934717828141588,0.028481425269585331
5,18005,2,5,0.46999999999999997,0.011390237195824693,0.029184898089269374
5,18005,2,5,0.47999999999999998,0.011851249384255233,0.029876592123393008
5,18005,2,5,0.48999999999999999,0.012317522595638536,0.03055602200523282
5,18005,2,5,0.5,0.012788668457388635,0.031222589917674366
5,18005,2,5,0.51000000000000001,0.01326456529192291,0.031875955155958945
5,18005,2,5,0.52000000000000002,0.013744782997361709,0.032515570329863477
5,18005,2,5,0.53000000000000003,0.014229162586276036,0.033141115446504214
5,18005,2,5,0.54000000000000004,0.014717385287356501,0.033752198365949324
5,18005,2,5,0.55000000000000004,0.015209220396443344,0.034348614160796757
5,18005,2,5,0.56000000000000005,0.015704441839733383,0.034929922800316475
5,18005,2,5,0.56999999999999995,0.016202763631101572,0.035496030424528952
5,18005,2,5,0.57999999999999996,0.016704023834712155,0.036046676553398459
5,18005,2,5,0.58999999999999997,0.017207942737054682,0.036581699796241138
5,18005,2,5,0.59999999999999998,0.017714317207420571,0.037100932360416415
5,18005,2,5,0.60999999999999999,0.018222961158486688,0.037604253099374603
5,18005,2,5,0.62,0.018733614565807469,0.038091616061350031
5,18005,2,5,0.63,0.019246158272584985,0.038562855870858316
5,18005,2,5,0.64000000000000001,0.019760310423056038,0.03901800334438054
5,18005,2,5,0.65000000000000002,0.02027595511708213,0.039457043143259277
5,18005,2,5,0.66000000000000003,0.02079286061864459,0.039879917506180813
5,18005,2,5,0.67000000000000004,0.021310839914345226,0.040286683743552258
5,18005,2,5,0.68000000000000005,0.021829773090726808,0.040677387136998804
5,18005,2,5,0.68999999999999995,0.022349389146024093,0.041052121247891524
5,18005,2,5,0.69999999999999996,0.022869636998088198,0.041410903134458742
5,18005,2,5,0.70999999999999996,0.02339021859445432,0.041753898897817443
5,18005,2,5,0.71999999999999997,0.023911072799946167,0.042081262082682702
5,18005,2,5,0.72999999999999998,0.024431956100776631,0.042393096888762409
5,18005,2,5,0.73999999999999999,0.024952739480176647,0.042689608739634781
5,18005,2,5,0.75,0.025473268611744482,0.042971001137257166
5,18005,2,5,0.76000000000000001,0.025993362438489393,0.043237491379618541
5,18005,2,5,0.77000000000000002,0.026512869219918592,0.043489282256505259
5,18005,2,5,0.78000000000000003,0.027031642069273488,0.043726698415354835
5,18005,2,5,0.79000000000000004,0.027549485778007751,0.043950026019366588
5,18005,2,5,0.80000000000000004,0.028066316478830816,0.044159533309414294
5,18005,2,5,0.81000000000000005,0.02858187166829727,0.044355596641521805
5,18005,2,5,0.81999999999999995,0.029096142444902367,0.044538523928073025
5,18005,2,5,0.82999999999999996,0.029608861819807514,0.044708763879068046
5,18005,2,5,0.83999999999999997,0.030119958639621969,0.044866603821731792
5,18005,2,5,0.84999999999999998,0.030629273452073086,0.045012557872605358
5,18005,2,5,0.85999999999999999,0.031136648866503813,0.045147016322872935
5,18005,2,5,0.87,0.03164199580367924,0.045270408594367602
5,18005,2,5,0.88,0.032145143883761988,0.045383266871804273
5,18005,2,5,0.89000000000000001,0.03264601839511274,0.04548598173218471
5,18005,2,5,0.90000000000000002,0.033144478955338931,0.045579142047409503
5,18005,2,5,0.91000000000000003,0.033640400579014761,0.045663151793681071
5,18005,2,5,0.92000000000000004,0.034133711740243218,0.045738585362082994
5,18005,2,5,0.93000000000000005,0.034624309601415583,0.045805942340987359
5,18005,2,5,0.93999999999999995,0.035112081506402805,0.045865699218753248
5,18005,2,5,0.94999999999999996,0.035596990357310322,0.045918456155376271
5,18005,2,5,0.95999999999999996,0.036078881910880094,0.045964664350133556
5,18005,2,5,0.96999999999999997,0.036557774611007732,0.046004872133192987
5,18005,2,5,0.97999999999999998,0.037033520890867429,0.046039622480654241
5,18005,2,5,0.98999999999999999,0.03750613714012075,0.046069322570728523
5,18005,2,5,1,0.037975514710493631,0.046094618670852218
5,18005,2,6,0,-0.0009726715386159287,0.001298596063785749
5,18005,2,6,0.01,-0.0011728198899576099,0.0015893261475485069
5,18005,2,6,0.02,-0.0013958527350953654,0.0019167842795193072
5,18005,2,6,0.029999999999999999,-0.0016424502794466376,0.0022827327052242852
5,18005,2,6,0.040000000000000001,-0.0019126892191912177,0.0026878229561823081
5,18005,2,6,0.050000000000000003,-0.0022069561123388925,0.0031333859568011668
5,18005,2,6,0.059999999999999998,-0.0025252988560072313,0.003619916198997139
5,18005,2,6,0.070000000000000007,-0.0028678241214662018,0.0041482474050793137
5,18005,2,6,0.080000000000000002,-0.0032345241309576799,0.0047186476285607211
5,18005,2,6,0.089999999999999997,-0.0036252804201069694,0.0053314444901798241
5,18005,2,6,0.10000000000000001,-0.0040400380114289152,0.0059866475630977788
5,18005,2,6,0.11,-0.004478630197066325,0.0066841376218120261
5,18005,2,6,0.12,-0.0049408752420956326,0.0074235026420178783
5,18005,2,6,0.13,-0.0054265983080046447,0.0082041906221809874
5,18005,2,6,0.14000000000000001,-0.0059355639062419162,0.0090254635964967678
5,18005,2,6,0.14999999999999999,-0.0064675684134557444,0.0098863001112433815
5,18005,2,6,0.16,-0.0070223205588560191,0.010785649593211648
5,18005,2,6,0.17000000000000001,-0.0075995038856701792,0.011721979292612645
5,18005,2,6,0.17999999999999999,-0.0081989220232504736,0.012694001448418727
5,18005,2,6,0.19,-0.0088201689782166897,0.013699752718925476
5,18005,2,6,0.20000000000000001,-0.0094631612910401463,0.014737718327054727
5,18005,2,6,0.20999999999999999,-0.010127353708624972,0.015805479021313462
5,18005,2,6,0.22,-0.010812664959776605,0.016901110814194199
5,18005,2,6,0.23000000000000001,-0.011518557511140982,0.018022008633530831
5,18005,2,6,0.23999999999999999,-0.012244918166900048,0.01916593898122047
5,18005,2,6,0.25,-0.012991264866554933,0.020330136156193643
5,18005,2,6,0.26000000000000001,-0.013757399812102555,0.021512119298178728
5,18005,2,6,0.27000000000000002,-0.014542845273411273,0.022708909497013194
5,18005,2,6,0.28000000000000003,-0.015347267392278008,0.023917817242375256
5,18005,2,6,0.28999999999999998,-0.016170305571196232,0.025135882950307883
5,18005,2,6,0.29999999999999999,-0.017011515571831771,0.026360308997352162
5,18005,2,6,0.31,-0.017870499259864538,0.027588122657570494
5,18005,2,6,0.32000000000000001,-0.018746785267824102,0.028816486164385553
5,18005,2,6,0.33000000000000002,-0.019639912616185695,0.030042564561686174
5,18005,2,6,0.34000000000000002,-0.020549361286859979,0.031263471624641138
5,18005,2,6,0.34999999999999998,-0.021474595656136308,0.032476596992118252
5,18005,2,6,0.35999999999999999,-0.022415043940188614,0.033679089559468002
5,18005,2,6,0.37,-0.023370090607067157,0.034868588983812801
5,18005,2,6,0.38,-0.024339121927867812,0.036042505983156004
5,18005,2,6,0.39000000000000001,-0.025321492738807457,0.03719866140226797
5,18005,2,6,0.40000000000000002,-0.026316439822272861,0.038334804643883384
5,18005,2,6,0.40999999999999998,-0.027323249699787944,0.039448879230925049
5,18005,2,6,0.41999999999999998,-0.028341106239764106,0.040539159046338952
5,18005,2,6,0.42999999999999999,-0.029369243656429123,0.041603753433049749
5,18005,2,6,0.44,-0.03040680262998538,0.04264143998863449
5,18005,2,6,0.45000000000000001,-0.031452930777668586,0.04365062726662005
5,18005,2,6,0.46000000000000002,-0.032506688084030878,0.04463044409969421
5,18005,2,6,0.46999999999999997,-0.033567156438665265,0.045579743355964396
5,18005,2,6,0.47999999999999998,-0.034633395436976057,0.046497971212273705
5,18005,2,6,0.48999999999999999,-0.035704445588628224,0.047384460004297226
5,18005,2,6,0.5,-0.036779317871363945,0.04823895572609279
5,18005,2,6,0.51000000000000001,-0.037857061010500653,0.049061250519651052
5,18005,2,6,0.52000000000000002,-0.038936657888327328,0.049851436063519113
5,18005,2,6,0.53000000000000003,-0.040017140557420061,0.050609644767728244
5,18005,2,6,0.54000000000000004,-0.041097541271484211,0.051336379878235618
5,18005,2,6,0.55000000000000004,-0.042176878234368144,0.052032054473641266
5,18005,2,6,0.56000000000000005,-0.043254255872584572,0.052697553433197313
5,18005,2,6,0.56999999999999995,-0.044328725582566432,0.053333520325785054
5,18005,2,6,0.57999999999999996,-0.045399478811557203,0.053941118011372552
5,18005,2,6,0.58999999999999997,-0.046465588115122768,0.054521270317733621
5,18005,2,6,0.59999999999999998,-0.047526320973358488,0.055075344270205585
5,18005,2,6,0.60999999999999999,-0.048580891487384821,0.055604522061988293
5,18005,2,6,0.62,-0.04962861051206352,0.056110244841120586
5,18005,2,6,0.63,-0.050668870989606873,0.056593860714127815
5,18005,2,6,0.64000000000000001,-0.051701024532094055,0.057056906460813378
5,18005,2,6,0.65000000000000002,-0.052724616092955444,0.057500870595819993
5,18005,2,6,0.66000000000000003,-0.053739086349223565,0.057927325845519483
5,18005,2,6,0.67000000000000004,-0.054744123349096722,0.058337730175622132
5,18005,2,6,0.68000000000000005,-0.055739320876071689,0.058733673051667046
5,18005,2,6,0.68999999999999995,-0.056724450497188363,0.059116596106187226
5,18005,2,6,0.69999999999999996,-0.057699291391349855,0.059488019028475642
5,18005,2,6,0.70999999999999996,-0.058663676243504881,0.059849338896753874
5,18005,2,6,0.71999999999999997,-0.059617525542547407,0.060201920790831399
5,18005,2,6,0.72999999999999998,-0.060560784714667609,0.060547068189628593
5,18005,2,6,0.73999999999999999,-0.061493477565390392,0.060886005218546944
5,18005,2,6,0.75,-0.062415706277328564,0.061219883550383068
5,18005,2,6,0.76000000000000001,-0.063327539490558846,0.061549715448402563
5,18005,2,6,0.77000000000000002,-0.064229203746533986,0.061876464625176951
5,18005,2,6,0.78000000000000003,-0.065120800319477409,0.062201035183345965
5,18005,2,6,0.79000000000000004,-0.066002688000959917,0.062524177217280999
5,18005,2,6,0.80000000000000004,-0.066875014185512366,0.06284658648652007
5,18005,2,6,0.81000000000000005,-0.067738188448931577,0.063168817930942853
5,18005,2,6,0.81999999999999995,-0.068592437119154734,0.063491265388669726
5,18005,2,6,0.82999999999999996,-0.069438174387273663,0.063814409156362398
5,18005,2,6,0.83999999999999997,-0.070275698007822476,0.064138449031289679
5,18005,2,6,0.84999999999999998,-0.071105403730631025,0.064463695982049873
5,18005,2,6,0.85999999999999999,-0.071927639018128611,0.064790129645078673
5,18005,2,6,0.87,-0.072742766800005659,0.065117904818223257
5,18005,2,6,0.88,-0.073551178304639628,0.065446870479947572
5,18005,2,6,0.89000000000000001,-0.074353237927149721,0.065777008618899541
5,18005,2,6,0.90000000000000002,-0.075149286196961027,0.066108132707339951
5,18005,2,6,0.91000000000000003,-0.075939663106381658,0.066440058873501573
5,18005,2,6,0.92000000000000004,-0.076724684320559067,0.06677254505860393
5,18005,2,6,0.93000000000000005,-0.077504678274834607,0.067105314689172316
5,18005,2,6,0.93999999999999995,-0.0782799251093836,0.067438091749703319
5,18005,2,6,0.94999999999999996,-0.079050696754686609,0.067770522332523161
5,18005,2,6,0.95999999999999996,-0.07981722214335181,0.068102337076509797
5,18005,2,6,0.96999999999999997,-0.080579698982203365,0.068433219581060412
5,18005,2,6,0.97999999999999998,-0.081338357586250201,0.06876288644536882
5,18005,2,6,0.98999999999999999,-0.082093302865867343,0.069091047926458052
5,18005,2,6,1,-0.082844727914081651,0.069417461012071843
5,18005,2,7,0,-0.00081461868339795707,0.00038407825200781343
5,18005,2,7,0.01,-0.0010379192705980381,0.00043568413904119602
5,18005,2,7,0.02,-0.0012990411605734982,0.00048862375741915646
5,18005,2,7,0.029999999999999999,-0.0016005758434809118,0.0005427540898616368
5,18005,2,7,0.040000000000000001,-0.0019443545992863661,0.00059796702817478621
5,18005,2,7,0.050000000000000003,-0.0023322013938282525,0.00065415688275432778
5,18005,2,7,0.059999999999999998,-0.0027656558496735747,0.00071121230013236614
5,18005,2,7,0.070000000000000007,-0.0032455536594468114,0.00076897348374358528
5,18005,2,7,0.080000000000000002,-0.003772884566816044,0.00082728788918067127
5,18005,2,7,0.089999999999999997,-0.0043479315715328976,0.00088587776079265812
5,18005,2,7,0.10000000000000001,-0.0049709888593527348,0.0009445224126687626
5,18005,2,7,0.11,-0.0056417788807049197,0.0010027920672611968
5,18005,2,7,0.12,-0.0063597469628505392,0.0010603281291681808
5,18005,2,7,0.13,-0.0071241536196371552,0.0011165964333133152
5,18005,2,7,0.14000000000000001,-0.0079338776864869513,0.0011710606077412315
5,18005,2,7,0.14999999999999999,-0.0087875116248073617,0.0012231217153689917
5,18005,2,7,0.16,-0.0096834250917479641,0.0012720319468504857
5,18005,2,7,0.17000000000000001,-0.010619724562994043,0.0013171588051911201
5,18005,2,7,0.17999999999999999,-0.011594395040728366,0.0013575911627305701
5,18005,2,7,0.19,-0.0126049453666571,0.0013926266352886731
5,18005,2,7,0.20000000000000001,-0.013648962358170624,0.0014213290482929762
5,18005,2,7,0.20999999999999999,-0.014723630790896157,0.0014428617022435579
5,18005,2,7,0.22,-0.015826277239377476,0.0014563303046861281
5,18005,2,7,0.23000000000000001,-0.016953863669709909,0.0014607908265560274
5,18005,2,7,0.23999999999999999,-0.018103288098958576,0.0014554260707187194
5,18005,2,7,0.25,-0.019271393892207618,0.0014393101056335521
5,18005,2,7,0.26000000000000001,-0.020454994766487683,0.0014116123541027909
5,18005,2,7,0.27000000000000002,-0.021650953601571824,0.0013714944166574143
5,18005,2,7,0.28000000000000003,-0.022855924352353941,0.0013181396319568526
5,18005,2,7,0.28999999999999998,-0.024066694106300524,0.0012508736496162963
5,18005,2,7,0.29999999999999999,-0.025280069556911394,0.0011689543032170743
5,18005,2,7,0.31,-0.026492938532048191,0.0010717650128936693
5,18005,2,7,0.32000000000000001,-0.027702319061101297,0.00095873121978413587
5,18005,2,7,0.33000000000000002,-0.028905125112153013,0.000829287525101495
5,18005,2,7,0.34000000000000002,-0.030098674475325483,0.00068310974030488401
5,18005,2,7,0.34999999999999998,-0.031280094050499162,0.00051968492423434701
5,18005,2,7,0.35999999999999999,-0.032447031115090348,0.00033882982959395486
5,18005,2,7,0.37,-0.03359694428802304,0.00014023414705477701
5,18005,2,7,0.38,-0.034727700693797131,-7.6220737030479005e-05
5,18005,2,7,0.39000000000000001,-0.035837249775099618,-0.00031061085874261977
5,18005,2,7,0.40000000000000002,-0.036923711150381504,-0.00056301224415174504
5,18005,2,7,0.40999999999999998,-0.037985518481423133,-0.00083327025178922716
5,18005,2,7,0.41999999999999998,-0.039021149712804633,-0.0011213504637885366
5,18005,2,7,0.42999999999999999,-0.040029415065212674,-0.0014269880143997025
5,18005,2,7,0.44,-0.041009214479009994,-0.0017500107735970855
5,18005,2,7,0.45000000000000001,-0.041959741222740023,-0.0020900386676903342
5,18005,2,7,0.46000000000000002,-0.042880328686496993,-0.0024467149020967471
5,18005,2,7,0.46999999999999997,-0.043770562179950297,-0.0028195980997558026
5,18005,2,7,0.47999999999999998,-0.044630082068505418,-0.0032082190392718687
5,18005,2,7,0.48999999999999999,-0.045458828116843437,-0.0036120881529305982
5,18005,2,7,0.5,-0.046256838069121953,-0.0040305477328404339
5,18005,2,7,0.51000000000000001,-0.047024371175559299,-0.0044630492741578572
5,18005,2,7,0.52000000000000002,-0.047761752875081852,-0.0049088624578117789
5,18005,2,7,0.53000000000000003,-0.04846945872889654,-0.0053673634274911189
5,18005,2,7,0.54000000000000004,-0.049148061443711984,-0.0058377815239587993
5,18005,2,7,0.55000000000000004,-0.049798361525018819,-0.0063193385703974522
5,18005,2,7,0.56000000000000005,-0.050421098196895588,-0.0068112557776168351
5,18005,2,7,0.56999999999999995,-0.051017184076333093,-0.0073126943903106976
5,18005,2,7,0.57999999999999996,-0.051587464663846699,-0.007822850162288732
5,18005,2,7,0.58999999999999997,-0.052133007493601197,-0.0083408044600956181
5,18005,2,7,0.59999999999999998,-0.052654819763942706,-0.0088656942741686343
5,18005,2,7,0.60999999999999999,-0.053153981616986652,-0.0093965868076294271
5,18005,2,7,0.62,-0.05363149785494583,-0.0099325777445995519
5,18005,2,7,0.63,-0.054088456950287044,-0.010472714071639059
5,18005,2,7,0.64000000000000001,-0.054525944664425952,-0.011016035700588305
5,18005,2,7,0.65000000000000002,-0.054944959926059418,-0.011561584271627722
5,18005,2,7,0.66000000000000003,-0.055346541258324923,-0.012108383852256465
5,18005,2,7,0.67000000000000004,-0.055731648743643808,-0.012655445138755392
5,18005,2,7,0.68000000000000005,-0.056101284094283194,-0.01320178398213335
5,18005,2,7,0.68999999999999995,-0.056456303498402659,-0.013746403407937117
5,18005,2,7,0.69999999999999996,-0.056797524952977997,-0.014288311468475883
5,18005,2,7,0.70999999999999996,-0.057125774982044963,-0.014826523575509004
5,18005,2,7,0.71999999999999997,-0.057441823650929286,-0.015360033113435402
5,18005,2,7,0.72999999999999998,-0.057746365303348209,-0.015887886733636142
5,18005,2,7,0.73999999999999999,-0.058040010357612255,-0.016409076980217579
5,18005,2,7,0.75,-0.058323264736213853,-0.016922661094096146
5,18005,2,7,0.76000000000000001,-0.058596740662640222,-0.017427678971389946
5,18005,2,7,0.77000000000000002,-0.058860899038085661,-0.017923211727043368
5,18005,2,7,0.78000000000000003,-0.059116160607817547,-0.018408363962679804
5,18005,2,7,0.79000000000000004,-0.059362841234309842,-0.018882214302477114
5,18005,2,7,0.80000000000000004,-0.059601278830987085,-0.019343920749513879
5,18005,2,7,0.81000000000000005,-0.059831793130385835,-0.019792680037614203
5,18005,2,7,0.81999999999999995,-0.060054627778515189,-0.020227672355560989
5,18005,2,7,0.82999999999999996,-0.06026997204018094,-0.020648186487815568
5,18005,2,7,0.83999999999999997,-0.060478000800209014,-0.021053450035401947
5,18005,2,7,0.84999999999999998,-0.060678887504314778,-0.021442842668082024
5,18005,2,7,0.85999999999999999,-0.060872785703510991,-0.021815750071532251
5,18005,2,7,0.87,-0.061059811387394393,-0.022171595432438237
5,18005,2,7,0.88,-0.061240043248026073,-0.022509894267942875
5,18005,2,7,0.89000000000000001,-0.061413618155016503,-0.022830144473092371
5,18005,2,7,0.90000000000000002,-0.061580631027815635,-0.023132026861380425
5,18005,2,7,0.91000000000000003,-0.061741185061820379,-0.023415170940836977
5,18005,2,7,0.92000000000000004,-0.061895346890519058,-0.023679294418607649
5,18005,2,7,0.93000000000000005,-0.062043261733176071,-0.023924279748511856
5,18005,2,7,0.93999999999999995,-0.062185026334365311,-0.02414989651707428
5,18005,2,7,0.94999999999999996,-0.062320792608193482,-0.024356211233117171
5,18005,2,7,0.95999999999999996,-0.062450670772143779,-0.024543071848694548
5,18005,2,7,0.96999999999999997,-0.062574823354236545,-0.024710645143702834
5,18005,2,7,0.97999999999999998,-0.062693446429116242,-0.024859088027836634
5,18005,2,7,0.98999999999999999,-0.062806705802103027,-0.024988543974407931
5,18005,2,7,1,-0.062914851918107875,-0.025099411785272349
5,18005,2,8,0,-0.00093777697342241806,-0.00054670514321171015
5,18005,2,8,0.01,-0.0011405268777396462,-0.00065323499421238455
5,18005,2,8,0.02,-0.0013680231400704981,-0.00077292627544998471
5,18005,2,8,0.029999999999999999,-0.0016210847464193437,-0.00090563113031703836
5,18005,2,8,0.040000000000000001,-0.0019004470163946189,-0.0010512531744315099
5,18005,2,8,0.050000000000000003,-0.0022064346436714783,-0.0012092890582639255
5,18005,2,8,0.059999999999999998,-0.0025394063298410578,-0.0013793183372561039
5,18005,2,8,0.070000000000000007,-0.0028996554907350838,-0.0015607312369762081
5,18005,2,8,0.080000000000000002,-0.0032872615449353088,-0.0017528088771507104
5,18005,2,8,0.089999999999999997,-0.0037021606621330232,-0.0019548712659445406
5,18005,2,8,0.10000000000000001,-0.0041442435176497084,-0.0021657769160976247
5,18005,2,8,0.11,-0.0046132471639759214,-0.0023847941380451391
5,18005,2,8,0.12,-0.0051088519738393314,-0.0026107788109762738
5,18005,2,8,0.13,-0.0056304892758122782,-0.0028426109987068123
5,18005,2,8,0.14000000000000001,-0.0061777596684015864,-0.0030791834013523742
5,18005,2,8,0.14999999999999999,-0.0067499698404777922,-0.0033193943427998729
5,18005,2,8,0.16,-0.0073463542747390911,-0.0035619083692485357
5,18005,2,8,0.17000000000000001,-0.0079662715559320751,-0.0038055885183149126
5,18005,2,8,0.17999999999999999,-0.0086087576471825123,-0.004049243368373868
5,18005,2,8,0.19,-0.0092729311805910142,-0.0042915277855122306
5,18005,2,8,0.20000000000000001,-0.0099579539207578834,-0.0045314073012828878
5,18005,2,8,0.20999999999999999,-0.010662794125084342,-0.0047675469619680869
5,18005,2,8,0.22,-0.011386436871833105,-0.0049989520629902971
5,18005,2,8,0.23000000000000001,-0.012127974507258445,-0.005224410235636019
5,18005,2,8,0.23999999999999999,-0.012886223096216639,-0.0054429181536408177
5,18005,2,8,0.25,-0.013660244756025397,-0.0056535217585306843
5,18005,2,8,0.26000000000000001,-0.014448985815731145,-0.0058551969828027628
5,18005,2,8,0.27000000000000002,-0.01525133917780438,-0.0060471195998564363
5,18005,2,8,0.28000000000000003,-0.016066414235884147,-0.0062285454009455973
5,18005,2,8,0.28999999999999998,-0.016893102536011759,-0.0063986772349957548
5,18005,2,8,0.29999999999999999,-0.017730458039815145,-0.0065569005948040672
5,18005,2,8,0.31,-0.018577508033069366,-0.0067027013055595856
5,18005,2,8,0.32000000000000001,-0.019433262229016177,-0.0068355072063705892
5,18005,2,8,0.33000000000000002,-0.020296842395779269,-0.0069550986753580202
5,18005,2,8,0.34000000000000002,-0.021167344266002416,-0.0070611139402978985
5,18005,2,8,0.34999999999999998,-0.022043859364006203,-0.0071533366467593099
5,18005,2,8,0.35999999999999999,-0.022925668379501,-0.0072317778162166455
5,18005,2,8,0.37,-0.023811915018465028,-0.0072963455906105597
5,18005,2,8,0.38,-0.024701809823372681,-0.0073470565646950063
5,18005,2,8,0.39000000000000001,-0.025594719067966242,-0.007384141340360164
5,18005,2,8,0.40000000000000002,-0.026489893061485609,-0.0074077952865941989
5,18005,2,8,0.40999999999999998,-0.027386713721890138,-0.0074181897611164784
5,18005,2,8,0.41999999999999998,-0.028284592221624643,-0.0074157893888311061
5,18005,2,8,0.42999999999999999,-0.02918295589176477,-0.0074009591433447019
5,18005,2,8,0.44,-0.030081327747411266,-0.0073741504605530197
5,18005,2,8,0.45000000000000001,-0.030979177509135505,-0.007335833873423782
5,18005,2,8,0.46000000000000002,-0.031876104029035589,-0.0072865810950107227
5,18005,2,8,0.46999999999999997,-0.032771768013511456,-0.007226975567893733
5,18005,2,8,0.47999999999999998,-0.033665737129791637,-0.0071575235453309452
5,18005,2,8,0.48999999999999999,-0.034557789345455968,-0.0070789224713138123
5,18005,2,8,0.5,-0.035447701469465194,-0.0069917858475456217
5,18005,2,8,0.51000000000000001,-0.036335164080834315,-0.0068966743488202593
5,18005,2,8,0.52000000000000002,-0.037220127206373042,-0.0067942805072842257
5,18005,2,8,0.53000000000000003,-0.038102449846077628,-0.0066852183293012743
5,18005,2,8,0.54000000000000004,-0.03898201765178215,-0.0065700443488085512
5,18005,2,8,0.55000000000000004,-0.039858865354160701,-0.0064493947976304771
5,18005,2,8,0.56000000000000005,-0.040732993992634782,-0.0063238131385684572
5,18005,2,8,0.56999999999999995,-0.041604444999962083,-0.0061938344000676592
5,18005,2,8,0.57999999999999996,-0.042473308925092247,-0.0060599718889394125
5,18005,2,8,0.58999999999999997,-0.043339747276840784,-0.0059226712835697901
5,18005,2,8,0.59999999999999998,-0.044203891507041022,-0.0057824049367645068
5,18005,2,8,0.60999999999999999,-0.045065958173179259,-0.005639493602501218
5,18005,2,8,0.62,-0.045926144172102466,-0.0054943290627349718
5,18005,2,8,0.63,-0.046784728763040413,-0.0053471993949549728
5,18005,2,8,0.64000000000000001,-0.047641930175386184,-0.0051983619119693623
5,18005,2,8,0.65000000000000002,-0.048498040998795545,-0.0050480057931439849
5,18005,2,8,0.66000000000000003,-0.049353347488376109,-0.0048963078845427888
5,18005,2,8,0.67000000000000004,-0.050208146139360033,-0.0047433875319450453
5,18005,2,8,0.68000000000000005,-0.051062742412472432,-0.0045892699888748457
5,18005,2,8,0.68999999999999995,-0.051917398070383071,-0.0044340222318433736
5,18005,2,8,0.69999999999999996,-0.052772480178811511,-0.0042776024093763437
5,18005,2,8,0.70999999999999996,-0.05362815892933228,-0.0041199534637817977
5,18005,2,8,0.71999999999999997,-0.054484775856325163,-0.0039609470868865668
5,18005,2,8,0.72999999999999998,-0.055342545553004392,-0.0038005258175106533
5,18005,2,8,0.73999999999999999,-0.056201685976877469,-0.0036384251732989267
5,18005,2,8,0.75,-0.057062400610028187,-0.0034744867951842459
5,18005,2,8,0.76000000000000001,-0.057924891700201202,-0.003308514826154079
5,18005,2,8,0.77000000000000002,-0.058789256194240504,-0.0031401992587895139
5,18005,2,8,0.78000000000000003,-0.059655596992188149,-0.0029692966695178034
5,18005,2,8,0.79000000000000004,-0.060524024838663044,-0.0027955153825039735
5,18005,2,8,0.80000000000000004,-0.061394481451173988,-0.0026185899323582181
5,18005,2,8,0.81000000000000005,-0.062267065342279659,-0.0024381115298518683
5,18005,2,8,0.81999999999999995,-0.063141626055262329,-0.0022538604194677209
5,18005,2,8,0.82999999999999996,-0.064018159977630842,-0.0020654709860059872
5,18005,2,8,0.83999999999999997,-0.06489647340821704,-0.0018726229978306211
5,18005,2,8,0.84999999999999998,-0.065776407536441234,-0.0016749889453674556
5,18005,2,8,0.85999999999999999,-0.066657767480346519,-0.0014723057431477772
5,18005,2,8,0.87,-0.067540236864227679,-0.0012642414445274304
5,18005,2,8,0.88,-0.068423576852992482,-0.0010504802717799314
5,18005,2,8,0.89000000000000001,-0.069307449117877881,-0.00083084740024681519
5,18005,2,8,0.90000000000000002,-0.07019146560430288,-0.00060500096925032493
5,18005,2,8,0.91000000000000003,-0.071075221280611792,-0.00037274622743290142
5,18005,2,8,0.92000000000000004,-0.071958348696027033,-0.00013389469325952399
5,18005,2,8,0.93000000000000005,-0.072840273501080757,0.00011172325178685401
5,18005,2,8,0.93999999999999995,-0.073720591287606621,0.00036428050097484882
5,18005,2,8,0.94999999999999996,-0.074598777336564268,0.00062386646395893675
5,18005,2,8,0.95999999999999996,-0.07547428796084947,0.0008905694354986981
5,18005,2,8,0.96999999999999997,-0.076346631558468533,0.0011644368395180248
5,18005,2,8,0.97999999999999998,-0.077215200436918166,0.0014455121336759645
5,18005,2,8,0.98999999999999999,-0.078079482808201928,0.0017337497485150621
5,18005,2,8,1,-0.078938933177694223,0.0020290418948478717
