network,target,condition,attemptID,timeFromGOms,xCM,yCM
8,6,1,10,0,0,0
8,6,1,10,1,0,0
8,6,1,10,2,-4.9143577113275327e-05,-9.3865819716931753e-05
8,6,1,10,3,-0.00015157287567846289,-0.00027596662453277521
8,6,1,10,4,-0.00031139124106460692,-0.00054072328129484148
8,6,1,10,5,-0.00053265777929523139,-0.00088260555760333315
8,6,1,10,6,-0.00081938678548887367,-0.0012961300754066318
8,6,1,10,7,-0.0011755479064567975,-0.0017758585349192391
8,6,1,10,8,-0.0016050662724864662,-0.002316396113791197
8,6,1,10,9,-0.0021118226022687203,-0.0029123900294969474
8,6,1,10,10,-0.0026996530864076274,-0.0035585283166383874
8,6,1,10,11,-0.0033723470400426336,-0.004249539520909118
8,6,1,10,12,-0.0041336461582830442,-0.0049801921595871157
8,6,1,10,13,-0.0049872444428944451,-0.0057452941086416631
8,6,1,10,14,-0.0059367881350580465,-0.0065396921023086474
8,6,1,10,15,-0.0069858756555185586,-0.0073582713365272223
8,6,1,10,16,-0.0081380575530476396,-0.008195955168155411
8,6,1,10,17,-0.009396836462394198,-0.009047704902323539
8,6,1,10,18,-0.010765667072432095,-0.0099085196611475856
8,6,1,10,19,-0.012247955145489042,-0.010773436227345945
8,6,1,10,20,-0.0138470537265456,-0.01163752868273138
8,6,1,10,21,-0.01556626239135328,-0.012495908448797999
8,6,1,10,22,-0.017408826857173709,-0.013343724422468228
8,6,1,10,23,-0.019377938628678537,-0.014176163166643163
8,6,1,10,24,-0.021476734677705611,-0.014988449150321603
8,6,1,10,25,-0.023708297155833336,-0.015775845033536018
8,6,1,10,26,-0.026075653138613042,-0.016533651992878262
8,6,1,10,27,-0.028581774400326942,-0.017257210083324037
8,6,1,10,28,-0.031229577218316873,-0.017941898632650721
8,6,1,10,29,-0.034021922205779154,-0.018583136664959699
8,6,1,10,30,-0.036961614172259516,-0.019176383349869819
8,6,1,10,31,-0.040051402010682358,-0.019717138474492635
8,6,1,10,32,-0.043293978610203787,-0.020200942935197364
8,6,1,10,33,-0.046691980793878152,-0.020623379246742513
8,6,1,10,34,-0.050247989280516325,-0.020980072066068001
8,6,1,10,35,-0.053964528669586675,-0.021266688728679983
8,6,1,10,36,-0.057844067448620251,-0.021478939795394059
8,6,1,10,37,-0.061889018022298625,-0.02161257960764662
8,6,1,10,38,-0.066101736762397278,-0.021663406849384281
8,6,1,10,39,-0.070484524077824018,-0.021627265113888239
8,6,1,10,40,-0.075039624504075197,-0.021500043474048658
8,6,1,10,41,-0.079769226811526872,-0.021277677054723498
8,6,1,10,42,-0.084675464131533928,-0.020956147605530329
8,6,1,10,43,-0.089760414099981922,-0.020531484073196826
8,6,1,10,44,-0.095026099017431198,-0.019999763172209861
8,6,1,10,45,-0.10047448602527043,-0.019357109952530815
8,6,1,10,46,-0.10610748729718011,-0.018599698363755413
8,6,1,10,47,-0.11192696024527327,-0.017723751814413546
8,6,1,10,48,-0.11793470774038584,-0.016725543726056613
8,6,1,10,49,-0.12413247834570096,-0.015601398080858364
8,6,1,10,50,-0.13052196656327397,-0.01434768996251834
8,6,1,10,51,-0.13710481309283651,-0.012960846089446476
8,6,1,10,52,-0.14388260510210804,-0.011437345339954108
8,6,1,10,53,-0.15085687650830404,-0.0097737192685604102
8,6,1,10,54,-0.15802910827009686,-0.0079665526133892994
8,6,1,10,55,-0.16540072868939659,-0.0060124837936353925
8,6,1,10,56,-0.17297311372272972,-0.0039082053974320852
8,6,1,10,57,-0.18074758730116658,-0.0016504646588560989
8,6,1,10,58,-0.18872542165874195,0.00076393607539304575
8,6,1,10,59,-0.19690783766852515,0.0033381388905823206
8,6,1,10,60,-0.20529600518595092,0.0060752298596783438
8,6,1,10,61,-0.21389104339888942,0.0089782386107239986
8,6,1,10,62,-0.22269402118387238,0.012050137905902925
8,6,1,10,63,-0.23170595746817568,0.015293843232519477
8,6,1,10,64,-0.24092782159696458,0.018712212406235551
8,6,1,10,65,-0.25036053370540157,0.022308045186342218
8,6,1,10,66,-0.26000496509492321,0.026084082903671257
8,6,1,10,67,-0.26986193861339713,0.030043008100849589
8,6,1,10,68,-0.27993222903876513,0.034187444185232452
8,6,1,10,69,-0.29021656346558955,0.038519955094440395
8,6,1,10,70,-0.30071562169414201,0.043043044974824807
8,6,1,10,71,-0.31143003662171265,0.047759157872562241
8,6,1,10,72,-0.32236039463559019,0.052670677437707814
8,6,1,10,73,-0.33350723600740761,0.057779926641121637
8,6,1,10,74,-0.34487105528854811,0.063089167504301602
8,6,1,10,75,-0.35645230170597841,0.068600600842178006
8,6,1,10,76,-0.36825137955857623,0.074316366018783997
8,6,1,10,77,-0.38026864861313014,0.080238540715968365
8,6,1,10,78,-0.39250442450011191,0.086369140714934178
8,6,1,10,79,-0.40495897910862166,0.092710119690830872
8,6,1,10,80,-0.4176325409802617,0.099263369020166636
8,6,1,10,81,-0.43052529570178355,0.10603071760111604
8,6,1,10,82,-0.44363738629601968,0.11301393168676177
8,6,1,10,83,-0.45696891361102221,0.12021471473110668
8,6,1,10,84,-0.47051993670695902,0.12763470724800607
8,6,1,10,85,-0.48429047324078378,0.13527548668270384
8,6,1,10,86,-0.4982804998481416,0.14313856729632202
8,6,1,10,87,-0.51248995252262119,0.15122540006295426
8,6,1,10,88,-0.52691872699187625,0.15953737257939637
8,6,1,10,89,-0.5415666790905993,0.16807580898767216
8,6,1,10,90,-0.55643362513012051,0.17684196990998546
8,6,1,10,91,-0.57151934226449819,0.18583705239635651
8,6,1,10,92,-0.58682356885285669,0.19506218988474822
8,6,1,10,93,-0.60234600481803846,0.20451845217371034
8,6,1,10,94,-0.61808631200125363,0.21420684540738311
8,6,1,10,95,-0.63404411451270515,0.22412831207312411
8,6,1,10,96,-0.65021899907813374,0.23428373101125055
8,6,1,10,97,-0.66661051538119964,0.24467391743730194
8,6,1,10,98,-0.68321817640152327,0.25529962297663189
8,6,1,10,99,-0.70004145874850709,0.26616153571117629
8,6,1,10,100,-0.71707980299080543,0.27726028023848104
8,6,1,10,101,-0.73433261398145322,0.28859641774308387
8,6,1,10,102,-0.75179926117852069,0.30017044607994203
8,6,1,10,103,-0.76947907896168233,0.31198279986999478
8,6,1,10,104,-0.78737136694408405,0.32403385060803813
8,6,1,10,105,-0.80547539028020809,0.33632390678256241
8,6,1,10,106,-0.82379037996932469,0.34885321400770219
8,6,1,10,107,-0.84231553315477492,0.36162195516725171
8,6,1,10,108,-0.86105001341911791,0.37463025057075938
8,6,1,10,109,-0.87999295107522024,0.38787815812156012
8,6,1,10,110,-0.89914344345332076,0.40136567349688124
8,6,1,10,111,-0.91850055518438167,0.41509273033991101
8,6,1,10,112,-0.93806331847952618,0.42905920046377166
8,6,1,10,113,-0.95783073340593994,0.44326489406751046
8,6,1,10,114,-0.97780176815928654,0.45770955996402296
8,6,1,10,115,-0.99797535933278669,0.47239288581973071
8,6,1,10,116,-1.01835041218305,0.48731449840641317
8,6,1,10,117,-1.0389258008929869,0.50247396386463306
8,6,1,10,118,-1.0597003688317952,0.51787078797929376
8,6,1,10,119,-1.0806729288123373,0.53350441646682623
8,6,1,10,120,-1.1018422633460256,0.54937423527431639
8,6,1,10,121,-1.1232071248954645,0.56547957089038425
8,6,1,10,122,-1.1447662361249888,0.58181969066797568
8,6,1,10,123,-1.1665182901493765,0.5983938031587116
8,6,1,10,124,-1.188461950780989,0.61520105845925821
8,6,1,10,125,-1.210595852775409,0.63224054856918788
8,6,1,10,126,-1.2329186020759775,0.64951130776072785
8,6,1,10,127,-1.2554287760574101,0.66701231296012187
8,6,1,10,128,-1.2781249237687031,0.68474248414064909
8,6,1,10,129,-1.3010055661755782,0.70270068472733926
8,6,1,10,130,-1.3240691964027995,0.72088572201320644
8,6,1,10,131,-1.3473142799764748,0.73929634758719553
8,6,1,10,132,-1.3707392550667774,0.75793125777349479
8,6,1,10,133,-1.3943425327311743,0.77678909408252228
8,6,1,10,134,-1.4181224971585082,0.79586844367326159
8,6,1,10,135,-1.4420775059142077,0.81516783982709951
8,6,1,10,136,-1.4662058901868225,0.83468576243300452
8,6,1,10,137,-1.4905059550362421,0.85442063848407968
8,6,1,10,138,-1.5149759796437678,0.8743708425853175
8,6,1,10,139,-1.5396142175643335,0.89453469747267089
8,6,1,10,140,-1.5644188969811679,0.91491047454325125
8,6,1,10,141,-1.5893882209631116,0.9354963943965372
8,6,1,10,142,-1.6145203677248587,0.95629062738685489
8,6,1,10,143,-1.6398134908904238,0.97729129418651361
8,6,1,10,144,-1.6652657197599507,0.99849646636014644
8,6,1,10,145,-1.6908751595803073,1.0199041669495452
8,6,1,10,146,-1.7166398918195214,1.0415123710694836
8,6,1,10,147,-1.7425579744454411,1.0633190065140101
8,6,1,10,148,-1.7686274422087256,1.0853219543733221
8,6,1,10,149,-1.7948463069305032,1.1075190496611182
8,6,1,10,150,-1.8212125577948324,1.129908081952244
8,6,1,10,151,-1.8477241616462581,1.1524867960305358
8,6,1,10,152,-1.8743790632925916,1.1752528925468435
8,6,1,10,153,-1.9011751858131587,1.1982040286870195
8,6,1,10,154,-1.9281104308727648,1.2213378188497077
8,6,1,10,155,-1.9551826790413618,1.2446518353340235
8,6,1,10,156,-1.9823897901198873,1.2681436090366289
8,6,1,10,157,-2.0097296034721603,1.2918106301584324
8,6,1,10,158,-2.0371999383631878,1.3156503489205469
8,6,1,10,159,-2.0647985943039515,1.3396601762894034
8,6,1,10,160,-2.092523351402753,1.3638374847108641
8,6,1,10,161,-2.1203719707234283,1.3881796088531821
8,6,1,10,162,-2.1483421946503212,1.4126838463586811
8,6,1,10,163,-2.1764317472603381,1.437347458603802
8,6,1,10,164,-2.204638334701964,1.4621676714677041
8,6,1,10,165,-2.2329596455815839,1.487141676108783
8,6,1,10,166,-2.2613933513568996,1.5122666297492064
8,6,1,10,167,-2.2899371067377441,1.537539656467299
8,6,1,10,168,-2.318588550094197,1.5629578479973789
8,6,1,10,169,-2.3473453038721228,1.58851826453697
8,6,1,10,170,-2.3762049750161274,1.6142179355611823
8,6,1,10,171,-2.4051651553999021,1.6400538606440029
8,6,1,10,172,-2.4342234222640813,1.666023010286291
8,6,1,10,173,-2.4633773386614544,1.6921223267503311
8,6,1,10,174,-2.49262445390967,1.7183487249004896
8,6,1,10,175,-2.5219623040512671,1.7446990930500728
8,6,1,10,176,-2.5513884123210264,1.7711702938138592
8,6,1,10,177,-2.580900289620669,1.7977591649662394
8,6,1,10,178,-2.6104954350006979,1.8244625203045706
8,6,1,10,179,-2.6401713361493941,1.8512771505177579
8,6,1,10,180,-2.6699254698889008,1.8781998240593789
8,6,1,10,181,-2.6997553026781085,1.9052272880256376
8,6,1,10,182,-2.7296582911225387,1.9323562690373108
8,6,1,10,183,-2.759631882490754,1.9595834741259726
8,6,1,10,184,-2.7896735152374008,1.9869055916237861
8,6,1,10,185,-2.8197806195326858,2.0143192920568707
8,6,1,10,186,-2.8499506177979805,2.0418212290418265
8,6,1,10,187,-2.8801809252476551,2.0694080401851638
8,6,1,10,188,-2.9104689504366119,2.0970763479855132
8,6,1,10,189,-2.9408120958136719,2.1248227607380294
8,6,1,10,190,-2.9712077582803809,2.1526438734410043
8,6,1,10,191,-3.0016533297550829,2.180536268704278
8,6,1,10,192,-3.0321461977420974,2.208496517658995
8,6,1,10,193,-3.062683745905642,2.236521180868936
8,6,1,10,194,-3.09326335464849,2.2646068092423031
8,6,1,10,195,-3.123882401694722,2.2927499449446276
8,6,1,10,196,-3.1545382626768257,2.3209471223116758
8,6,1,10,197,-3.1852283117263793,2.3491948687625914
8,6,1,10,198,-3.2159499220684173,2.3774897057127458
8,6,1,10,199,-3.2467004666189956,2.4058281494859974
8,6,1,10,200,-3.2774773185857531,2.4342067122262194
8,6,1,10,201,-3.3082778520710789,2.4626219028076295
8,6,1,10,202,-3.3390994426777789,2.4910702277437471
8,6,1,10,203,-3.3699394681166837,2.5195481920945646
8,6,1,10,204,-3.4007953088161513,2.5480523003717086
8,6,1,10,205,-3.4316643485328644,2.5765790574413749
8,6,1,10,206,-3.462543974963872,2.6051249694245797
8,6,1,10,207,-3.4934315803593909,2.633686544594485
8,6,1,10,208,-3.5243245621360608,2.662260294270649
8,6,1,10,209,-3.5552203234903601,2.6908427337096361
8,6,1,10,210,-3.5861162740118191,2.7194303829919693
8,6,1,10,211,-3.6170098302957254,2.7480197679050105
8,6,1,10,212,-3.6478984165549235,2.7766074208213838
8,6,1,10,213,-3.6787794652304195,2.8051898815729501
8,6,1,10,214,-3.7096504176004852,2.833763698319594
8,6,1,10,215,-3.7405087243877642,2.8623254284131345
8,6,1,10,216,-3.7713518463642624,2.8908716392555043
8,6,1,10,217,-3.8021772549536759,2.9193989091512549
8,6,1,10,218,-3.8329824328308337,2.9479038281540997
8,6,1,10,219,-3.8637648745179218,2.9763829989070398
8,6,1,10,220,-3.8945220869770312,3.0048330374760153
8,6,1,10,221,-3.9252515901987861,3.0332505741767242
8,6,1,10,222,-3.9559509177868102,3.0616322543942811
8,6,1,10,223,-3.9866176175374299,3.0899747393956067
8,6,1,10,224,-4.0172492520145653,3.118274707134133
8,6,1,10,225,-4.047843399119289,3.1465288530467483
8,6,1,10,226,-4.0783976526538481,3.1747338908425764
8,6,1,10,227,-4.108909622879775,3.2028865532834434
8,6,1,10,228,-4.1393769370697386,3.2309835929556967
8,6,1,10,229,-4.1697972400529419,3.2590217830333308
8,6,1,10,230,-4.2001681947536005,3.2869979180319726
8,6,1,10,231,-4.2304874827223946,3.3149088145535881
8,6,1,10,232,-4.2607528046603562,3.3427513120217549
8,6,1,10,233,-4.2909618809351961,3.3705222734071421
8,6,1,10,234,-4.321112452089487,3.3982185859431606
8,6,1,10,235,-4.3512022793406828,3.4258371618314047
8,6,1,10,236,-4.3812291450725187,3.4533749389368014
8,6,1,10,237,-4.4111908533176365,3.4808288814721782
8,6,1,10,238,-4.4410852302311561,3.5081959806721379
8,6,1,10,239,-4.4709101245549281,3.5354732554560093
8,6,1,10,240,-4.5006634080721923,3.5626577530796983
8,6,1,10,241,-4.5303429760525145,3.5897465497763377
8,6,1,10,242,-4.5599467476867215,3.616736751385266
8,6,1,10,243,-4.5894726665115071,3.6436254939696711
8,6,1,10,244,-4.6189187008237482,3.6704099444222731
8,6,1,10,245,-4.648282844084056,3.6970873010591099
8,6,1,10,246,-4.6775631153095967,3.7236547942012974
8,6,1,10,247,-4.7067575594558377,3.7501096867444601
8,6,1,10,248,-4.7358642477871911,3.7764492747158815
8,6,1,10,249,-4.7648812782361825,3.8026708878191178
8,6,1,10,250,-4.7938067757512748,3.8287718899659815
8,6,1,10,251,-4.8226388926329022,3.8547496797957352
8,6,1,10,252,-4.8513758088578163,3.8806016911814787
8,6,1,10,253,-4.8800157323914402,3.9063253937235061
8,6,1,10,254,-4.9085568994882536,3.9319182932296108
8,6,1,10,255,-4.9369975749799959,3.9573779321821352
8,6,1,10,256,-4.9653360525516224,3.9827018901918447
8,6,1,10,257,-4.9935706550048975,4.0078877844383936
8,6,1,10,258,-5.0216997345096823,4.0329332700972138
8,6,1,10,259,-5.0497216728425718,4.0578360407530711
8,6,1,10,260,-5.0776348816130685,4.0825938287999906
8,6,1,10,261,-5.1054378024771472,4.1072044058273249
8,6,1,10,262,-5.1331289073381301,4.1316655829923725
8,6,1,10,263,-5.1607066985348666,4.1559752113790784
8,6,1,10,264,-5.1881697090172372,4.1801311823428859
8,6,1,10,265,-5.2155165025088763,4.20413142784182
8,6,1,10,266,-5.2427456736571623,4.2279739207536329
8,6,1,10,267,-5.2698558551690367,4.2516565983748835
8,6,1,10,268,-5.296845714885551,4.2751773944696785
8,6,1,10,269,-5.3237139510783962,4.2985342918024392
8,6,1,10,270,-5.3504592925699646,4.321725322467171
8,6,1,10,271,-5.3770804988407637,4.3447485681988027
8,6,1,10,272,-5.4035763601240294,4.3676021606667863
8,6,1,10,273,-5.4299456974875868,4.3902842817509615
8,6,1,10,274,-5.4561873629031252,4.4127931637996278
8,6,1,10,275,-5.4823002393026954,4.4351270898699386
8,6,1,10,276,-5.5082832406228359,4.4572843939503031
8,6,1,10,277,-5.5341353118360024,4.4792634611653472
8,6,1,10,278,-5.5598554289697288,4.5010627279628928
8,6,1,10,279,-5.5854425991133549,4.5226806822834034
8,6,1,10,280,-5.6108958604125627,4.5441158637117205
8,6,1,10,281,-5.6362142820516992,4.5653668636112172
8,6,1,10,282,-5.6613969642240747,4.5864323252404082
8,6,1,10,283,-5.6864430380904052,4.607310943851969
8,6,1,10,284,-5.7113516657252505,4.628001466774526
8,6,1,10,285,-5.7361220400519217,4.6485026934769138
8,6,1,10,286,-5.7607533847657768,4.668813475615277
8,6,1,10,287,-5.7852449542460329,4.6889327170628272
8,6,1,10,288,-5.8095960334563488,4.7088593739228219
8,6,1,10,289,-5.8338059378342635,4.7285924545241054
8,6,1,10,290,-5.8578740131696119,4.748131019400212
8,6,1,10,291,-5.8817996354721345,4.7674741812513606
8,6,1,10,292,-5.9055822108284586,4.7866211048900205
8,6,1,10,293,-5.9292211752485171,4.8055710071697426
8,6,1,10,294,-5.9527159945016948,4.8243231568977611
8,6,1,10,295,-5.9760661639428116,4.8428768747312443
8,6,1,10,296,-5.9992712083281496,4.861231533057417
8,6,1,10,297,-6.0223306816217121,4.8793865558577707
8,6,1,10,298,-6.0452441667918517,4.8973414185563584
8,6,1,10,299,-6.0680112755985895,4.9150956478525325
8,6,1,10,300,-6.0906316483716694,4.93264882153803
8,6,1,10,301,-6.1131049546640064,4.950000554708561
8,6,1,10,302,-6.1354308999023832,4.9671503929964196
8,6,1,10,303,-6.1576092176757413,4.9840979250407562
8,6,1,10,304,-6.179639669467929,5.0008427823041712
8,6,1,10,305,-6.201522044382779,5.0173846388778252
8,6,1,10,306,-6.223256158861612,5.033723211275495
8,6,1,10,307,-6.2448418563935517,5.0498582582166831
8,6,1,10,308,-6.2662790072187278,5.0657895803988078
8,6,1,10,309,-6.2875675080246554,5.0815170202588549
8,6,1,10,310,-6.3087072816359777,5.0970404617245144
8,6,1,10,311,-6.3296982766978873,5.1123598299550235
8,6,1,10,312,-6.3505404673533663,5.1274750910718234
8,6,1,10,313,-6.3712338529144761,5.1423862518794135
8,6,1,10,314,-6.3917784575279804,5.1570933595762343
8,6,1,10,315,-6.4121743298354792,5.1715965014561851
8,6,1,10,316,-6.4324215426283082,5.1858958046005297
8,6,1,10,317,-6.4525201924974738,5.1999914355606442
8,6,1,10,318,-6.4724703994787083,5.2138836000318571
8,6,1,10,319,-6.4922723066930867,5.227572542518236
8,6,1,10,320,-6.5119260799832546,5.2410585459887891
8,6,1,10,321,-6.53143190754556,5.2543419315253272
8,6,1,10,322,-6.5507899995583703,5.2674230579617705
8,6,1,10,323,-6.5700005878067183,5.2803023215156593
8,6,1,10,324,-6.5890639253035292,5.2929801554115778
8,6,1,10,325,-6.6079802859076828,5.3054570294969601
8,6,1,10,326,-6.6267499639391101,5.317733449850329
8,6,1,10,327,-6.6453732737911437,5.3298099583823557
8,6,1,10,328,-6.6638505495403955,5.3416871324296151
8,6,1,10,329,-6.6821821445542167,5.3533655843417156
8,6,1,10,330,-6.7003684310962486,5.3648459610613628
8,6,1,10,331,-6.7184097999299812,5.3761289436981858
8,6,1,10,332,-6.7363066599207215,5.3872152470961634
8,6,1,10,333,-6.7540594376361343,5.3981056193948964
8,6,1,10,334,-6.7716685769454994,5.4088008415850402
8,6,1,10,335,-6.7891345386180744,5.4193017270578983
8,6,1,10,336,-6.8064577999204898,5.4296091211497446
8,6,1,10,337,-6.8236388542136899,5.4397239006804678
8,6,1,10,338,-6.8406782105493642,5.4496469734874795
8,6,1,10,339,-6.8575763932662657,5.4593792779544712
8,6,1,10,340,-6.8743339415864355,5.468921782535471
8,6,1,10,341,-6.8909514092116737,5.4782754852745059
8,6,1,10,342,-6.9074293639203752,5.4874414133208118
8,6,1,10,343,-6.9237683871649249,5.4964206224400485
8,6,1,10,344,-6.9399690736698521,5.5052141965214325
8,6,1,10,345,-6.9560320310309089,5.5138232470812927
8,6,1,10,346,-6.971957879315319,5.5222489127629641
8,6,1,10,347,-6.9877472506631957,5.5304923588334862
8,6,1,10,348,-7.003400788890576,5.5385547766770262
8,6,1,10,349,-7.01891914909395,5.5464373832854266
8,6,1,10,350,-7.0343029972567139,5.5541414207458866
8,6,1,10,351,-7.049553009857501,5.5616681557262879
8,6,1,10,352,-7.0646698734806668,5.5690188789578627
8,6,1,10,353,-7.079654284429088,5.5761949047158446
8,6,1,10,354,NaN,NaN
8,6,1,10,355,NaN,NaN
8,6,1,10,356,NaN,NaN
8,6,1,10,357,NaN,NaN
8,6,1,10,358,NaN,NaN
8,6,1,10,359,NaN,NaN
8,6,1,10,360,NaN,NaN
8,6,1,10,361,NaN,NaN
8,6,1,10,362,NaN,NaN
8,6,1,10,363,NaN,NaN
8,6,1,10,364,NaN,NaN
8,6,1,10,365,NaN,NaN
8,6,1,10,366,NaN,NaN
8,6,1,10,367,NaN,NaN
8,6,1,10,368,NaN,NaN
8,6,1,10,369,NaN,NaN
8,6,1,10,370,NaN,NaN
8,6,1,10,371,NaN,NaN
8,6,1,10,372,NaN,NaN
8,6,1,10,373,NaN,NaN
8,6,1,10,374,NaN,NaN
8,6,1,10,375,NaN,NaN
8,6,1,10,376,NaN,NaN
8,6,1,10,377,NaN,NaN
8,6,1,10,378,NaN,NaN
8,6,1,10,379,NaN,NaN
8,6,1,10,380,NaN,NaN
8,6,1,10,381,NaN,NaN
8,6,1,10,382,NaN,NaN
8,6,1,10,383,NaN,NaN
8,6,1,10,384,NaN,NaN
8,6,1,10,385,NaN,NaN
8,6,1,10,386,NaN,NaN
8,6,1,10,387,NaN,NaN
8,6,1,10,388,NaN,NaN
8,6,1,10,389,NaN,NaN
8,6,1,10,390,NaN,NaN
8,6,1,10,391,NaN,NaN
8,6,1,10,392,NaN,NaN
8,6,1,10,393,NaN,NaN
8,6,1,10,394,NaN,NaN
8,6,1,10,395,NaN,NaN
8,6,1,10,396,NaN,NaN
8,6,1,10,397,NaN,NaN
8,6,1,10,398,NaN,NaN
8,6,1,10,399,NaN,NaN
8,6,1,10,400,NaN,NaN
8,6,1,10,401,NaN,NaN
8,6,1,10,402,NaN,NaN
8,6,1,10,403,NaN,NaN
8,6,1,10,404,NaN,NaN
8,6,1,10,405,NaN,NaN
8,6,1,10,406,NaN,NaN
8,6,1,10,407,NaN,NaN
8,6,1,10,408,NaN,NaN
8,6,1,10,409,NaN,NaN
8,6,1,10,410,NaN,NaN
8,6,1,10,411,NaN,NaN
8,6,1,10,412,NaN,NaN
8,6,1,10,413,NaN,NaN
8,6,1,10,414,NaN,NaN
8,6,1,10,415,NaN,NaN
8,6,1,10,416,NaN,NaN
8,6,1,10,417,NaN,NaN
8,6,1,10,418,NaN,NaN
8,6,1,10,419,NaN,NaN
8,6,1,10,420,NaN,NaN
8,6,1,10,421,NaN,NaN
8,6,1,10,422,NaN,NaN
8,6,1,10,423,NaN,NaN
8,6,1,10,424,NaN,NaN
8,6,1,10,425,NaN,NaN
8,6,1,10,426,NaN,NaN
8,6,1,10,427,NaN,NaN
8,6,1,10,428,NaN,NaN
8,6,1,10,429,NaN,NaN
8,6,1,10,430,NaN,NaN
8,6,1,10,431,NaN,NaN
8,6,1,10,432,NaN,NaN
8,6,1,10,433,NaN,NaN
8,6,1,10,434,NaN,NaN
8,6,1,10,435,NaN,NaN
8,6,1,10,436,NaN,NaN
8,6,1,10,437,NaN,NaN
8,6,1,10,438,NaN,NaN
8,6,1,10,439,NaN,NaN
8,6,1,10,440,NaN,NaN
8,6,1,10,441,NaN,NaN
8,6,1,10,442,NaN,NaN
8,6,1,10,443,NaN,NaN
8,6,1,10,444,NaN,NaN
8,6,1,10,445,NaN,NaN
8,6,1,10,446,NaN,NaN
8,6,1,10,447,NaN,NaN
8,6,1,10,448,NaN,NaN
8,6,1,10,449,NaN,NaN
8,6,1,10,450,NaN,NaN
8,6,1,10,451,NaN,NaN
8,6,1,10,452,NaN,NaN
8,6,1,10,453,NaN,NaN
8,6,1,10,454,NaN,NaN
8,6,1,10,455,NaN,NaN
8,6,1,10,456,NaN,NaN
8,6,1,10,457,NaN,NaN
8,6,1,10,458,NaN,NaN
8,6,1,10,459,NaN,NaN
8,6,1,10,460,NaN,NaN
8,6,1,10,461,NaN,NaN
8,6,1,10,462,NaN,NaN
8,6,1,10,463,NaN,NaN
8,6,1,10,464,NaN,NaN
8,6,1,10,465,NaN,NaN
8,6,1,10,466,NaN,NaN
8,6,1,10,467,NaN,NaN
8,6,1,10,468,NaN,NaN
8,6,1,10,469,NaN,NaN
8,6,1,10,470,NaN,NaN
8,6,1,10,471,NaN,NaN
8,6,1,10,472,NaN,NaN
8,6,1,10,473,NaN,NaN
8,6,1,10,474,NaN,NaN
8,6,1,10,475,NaN,NaN
8,6,1,10,476,NaN,NaN
8,6,1,10,477,NaN,NaN
8,6,1,10,478,NaN,NaN
8,6,1,10,479,NaN,NaN
8,6,1,10,480,NaN,NaN
8,6,1,10,481,NaN,NaN
8,6,1,10,482,NaN,NaN
8,6,1,10,483,NaN,NaN
8,6,1,10,484,NaN,NaN
8,6,1,10,485,NaN,NaN
8,6,1,10,486,NaN,NaN
8,6,1,10,487,NaN,NaN
8,6,1,10,488,NaN,NaN
8,6,1,10,489,NaN,NaN
8,6,1,10,490,NaN,NaN
8,6,1,10,491,NaN,NaN
8,6,1,10,492,NaN,NaN
8,6,1,10,493,NaN,NaN
8,6,1,10,494,NaN,NaN
8,6,1,10,495,NaN,NaN
8,6,1,10,496,NaN,NaN
8,6,1,10,497,NaN,NaN
8,6,1,10,498,NaN,NaN
8,6,1,10,499,NaN,NaN
8,6,1,10,500,NaN,NaN
8,6,1,10,501,NaN,NaN
8,6,1,10,502,NaN,NaN
8,6,1,10,503,NaN,NaN
8,6,1,10,504,NaN,NaN
8,6,1,10,505,NaN,NaN
8,6,1,10,506,NaN,NaN
8,6,1,10,507,NaN,NaN
8,6,1,10,508,NaN,NaN
8,6,1,10,509,NaN,NaN
8,6,1,10,510,NaN,NaN
8,6,1,10,511,NaN,NaN
8,6,1,10,512,NaN,NaN
8,6,1,10,513,NaN,NaN
8,6,1,10,514,NaN,NaN
8,6,1,10,515,NaN,NaN
8,6,1,10,516,NaN,NaN
8,6,1,10,517,NaN,NaN
8,6,1,10,518,NaN,NaN
8,6,1,10,519,NaN,NaN
8,6,1,10,520,NaN,NaN
8,6,1,10,521,NaN,NaN
8,6,1,10,522,NaN,NaN
8,6,1,10,523,NaN,NaN
8,6,1,10,524,NaN,NaN
8,6,1,10,525,NaN,NaN
8,6,1,10,526,NaN,NaN
8,6,1,10,527,NaN,NaN
8,6,1,10,528,NaN,NaN
8,6,1,10,529,NaN,NaN
8,6,1,10,530,NaN,NaN
8,6,1,10,531,NaN,NaN
8,6,1,10,532,NaN,NaN
8,6,1,10,533,NaN,NaN
8,6,1,10,534,NaN,NaN
8,6,1,10,535,NaN,NaN
8,6,1,10,536,NaN,NaN
8,6,1,10,537,NaN,NaN
8,6,1,10,538,NaN,NaN
8,6,1,10,539,NaN,NaN
8,6,1,10,540,NaN,NaN
8,6,1,10,541,NaN,NaN
8,6,1,10,542,NaN,NaN
8,6,1,10,543,NaN,NaN
8,6,1,10,544,NaN,NaN
8,6,1,10,545,NaN,NaN
8,6,1,10,546,NaN,NaN
8,6,1,10,547,NaN,NaN
8,6,1,10,548,NaN,NaN
8,6,1,10,549,NaN,NaN
8,6,1,10,550,NaN,NaN
8,6,1,10,551,NaN,NaN
8,6,1,10,552,NaN,NaN
8,6,1,10,553,NaN,NaN
8,6,1,10,554,NaN,NaN
8,6,1,10,555,NaN,NaN
8,6,1,10,556,NaN,NaN
8,6,1,10,557,NaN,NaN
8,6,1,10,558,NaN,NaN
8,6,1,10,559,NaN,NaN
8,6,1,10,560,NaN,NaN
8,6,1,10,561,NaN,NaN
8,6,1,10,562,NaN,NaN
8,6,1,10,563,NaN,NaN
8,6,1,10,564,NaN,NaN
8,6,1,10,565,NaN,NaN
8,6,1,10,566,NaN,NaN
8,6,1,10,567,NaN,NaN
8,6,1,10,568,NaN,NaN
8,6,1,10,569,NaN,NaN
8,6,1,10,570,NaN,NaN
8,6,1,10,571,NaN,NaN
8,6,1,10,572,NaN,NaN
8,6,1,10,573,NaN,NaN
8,6,1,10,574,NaN,NaN
8,6,1,10,575,NaN,NaN
8,6,1,10,576,NaN,NaN
8,6,1,10,577,NaN,NaN
8,6,1,10,578,NaN,NaN
8,6,1,10,579,NaN,NaN
8,6,1,10,580,NaN,NaN
8,6,1,10,581,NaN,NaN
8,6,1,10,582,NaN,NaN
8,6,1,10,583,NaN,NaN
8,6,1,10,584,NaN,NaN
8,6,1,10,585,NaN,NaN
8,6,1,10,586,NaN,NaN
8,6,1,10,587,NaN,NaN
8,6,1,10,588,NaN,NaN
8,6,1,10,589,NaN,NaN
8,6,1,10,590,NaN,NaN
8,6,1,10,591,NaN,NaN
8,6,1,10,592,NaN,NaN
8,6,1,10,593,NaN,NaN
8,6,1,10,594,NaN,NaN
8,6,1,10,595,NaN,NaN
8,6,1,10,596,NaN,NaN
8,6,1,10,597,NaN,NaN
8,6,1,10,598,NaN,NaN
8,6,1,10,599,NaN,NaN
8,6,1,3,0,0,0
8,6,1,3,1,0,0
8,6,1,3,2,5.7864446401101333e-06,-1.4108604051710216e-05
8,6,1,3,3,1.2353413886279085e-05,-3.7093259400156064e-05
8,6,1,3,4,1.4725658559200383e-05,-6.3787536241921572e-05
8,6,1,3,5,7.9602216818130955e-06,-8.9088674834481019e-05
8,6,1,3,6,-1.285201377543288e-05,-0.00010795537402075173
8,6,1,3,7,-5.2584847159975467e-05,-0.00011540580336089068
8,6,1,3,8,-0.00011607534897151162,-0.0001065158215907136
8,6,1,3,9,-0.00020812251321222774,-7.6417386127292097e-05
8,6,1,3,10,-0.00033348597014981607,-2.0297138711433682e-05
8,6,1,3,11,-0.00049688475712295066,6.6604846027384923e-05
8,6,1,3,12,-0.00070299614435831437,0.0001889961620177294
8,6,1,3,13,-0.00095645451385073521,0.00035153303483692611
8,6,1,3,14,-0.001261850288886146,0.00055882115708727476
8,6,1,3,15,-0.0016237289121090459,0.00081541640668258975
8,6,1,3,16,-0.0020465898703470042,0.0011258254569879167
8,6,1,3,17,-0.0025348857641160905,0.001494506287966213
8,6,1,3,18,-0.0030930214204250017,0.001925868606150738
8,6,1,3,19,-0.0037253530469349982,0.0024242741813257362
8,6,1,3,20,-0.0044361874261822365,0.0029940371067654903
8,6,1,3,21,-0.0052297811482915346,0.0036394239896542224
8,6,1,3,22,-0.0061103398809547738,0.0043646540777847465
8,6,1,3,23,-0.007082017675269503,0.0051738993281147394
8,6,1,3,24,-0.0081489163062498093,0.0060712844227067686
8,6,1,3,25,-0.0093150846469880477,0.0070608867365429262
8,6,1,3,26,-0.010584518075079652,0.0081467362621434614
8,6,1,3,27,-0.011961157910639342,0.009332815494936253
8,6,1,3,28,-0.013448890884520948,0.010623059283609848
8,6,1,3,29,-0.015051548636108025,0.012021354648697469
8,6,1,3,30,-0.01677290723957614,0.013531540573233358
8,6,1,3,31,-0.018616686757733092,0.015157407768293107
8,6,1,3,32,-0.020586550822776495,0.016902698416459971
8,6,1,3,33,-0.022686106242952864,0.018771105895984408
8,6,1,3,34,-0.024918902634396556,0.02076627448816537
8,6,1,3,35,-0.027288432077476887,0.022891799070168251
8,6,1,3,36,-0.029798128796754142,0.025151224795613714
8,6,1,3,37,-0.032451368864067076,0.027548046764805378
8,6,1,3,38,-0.035251469923780476,0.030085709686672457
8,6,1,3,39,-0.038201690939815292,0.032767607533876197
8,6,1,3,40,-0.04130523196355651,0.035597083193017465
8,6,1,3,41,-0.044565233922200242,0.038577428111136181
8,6,1,3,42,-0.047984778426818364,0.041711881940120765
8,6,1,3,43,-0.05156688759959116,0.0450036321800934
8,6,1,3,44,-0.055314523919552938,0.048455813823178318
8,6,1,3,45,-0.059230590086467583,0.052071508998544069
8,6,1,3,46,-0.06331792890192367,0.055853746619874411
8,6,1,3,47,-0.067579323167610283,0.059805502036047731
8,6,1,3,48,-0.072017495599674408,0.063929696686132464
8,6,1,3,49,-0.076635108759121051,0.06822919775918701
8,6,1,3,50,-0.081434764997484477,0.072706817859841122
8,6,1,3,51,-0.086419006417293165,0.077365314680227781
8,6,1,3,52,-0.091590314846967669,0.082207390678842862
8,6,1,3,53,-0.096951111829540748,0.087235692767040351
8,6,1,3,54,-0.1025037586248112,0.092452812003457341
8,6,1,3,55,-0.1082505562244318,0.097861283297137613
8,6,1,3,56,-0.11419374537952609,0.10346358511955644
8,6,1,3,57,-0.12033550664032888,0.10926213922600181
8,6,1,3,58,-0.12667796040755075,0.11525931038675052
8,6,1,3,59,-0.13322316699492243,0.12145740612824474
8,6,1,3,60,-0.13997312670248063,0.12785867648473781
8,6,1,3,61,-0.14692977990048428,0.13446531376041237
8,6,1,3,62,-0.1540950071231173,0.14127945230256178
8,6,1,3,63,-0.16147062917202248,0.14830316828575163
8,6,1,3,64,-0.16905840722907239,0.15553847950720567
8,6,1,3,65,-0.17686004297800539,0.16298734519390456
8,6,1,3,66,-0.18487717873474918,0.1706516658210061
8,6,1,3,67,-0.19311139758591001,0.17853328294218096
8,6,1,3,68,-0.20156422353513892,0.18663397903184997
8,6,1,3,69,-0.21023712165723074,0.19495547733923146
8,6,1,3,70,-0.21913149825931733,0.20349944175459822
8,6,1,3,71,-0.22824870104919404,0.21226747668757484
8,6,1,3,72,-0.23759001931023538,0.22126112695770028
8,6,1,3,73,-0.24715668408278324,0.23048187769716677
8,6,1,3,74,-0.25694986835164135,0.23993115426586831
8,6,1,3,75,-0.2669706872394817,0.24961032217873935
8,6,1,3,76,-0.27722019820585198,0.25952068704542253
8,6,1,3,77,-0.28769940125161209,0.26966349452230975
8,6,1,3,78,-0.29840923912854977,0.2800399302768708
8,6,1,3,79,-0.30935059755387018,0.29065111996434689
8,6,1,3,80,-0.32052430542957588,0.30149812921672903
8,6,1,3,81,-0.33193113506622129,0.31258196364414015
8,6,1,3,82,-0.34357180241119667,0.32390356884841598
8,6,1,3,83,-0.35544696728110337,0.33546383044890937
8,6,1,3,84,-0.36755723359818138,0.34726357412067643
8,6,1,3,85,-0.37990314963065597,0.3593035656446586
8,6,1,3,86,-0.39248520823672028,0.37158451097017708
8,6,1,3,87,-0.40530384711224277,0.38410705628944275
8,6,1,3,88,-0.41835944904185518,0.39687178812414514
8,6,1,3,89,-0.4316523421534213,0.40987923342409582
8,6,1,3,90,-0.44518280017589174,0.42312985967772609
8,6,1,3,91,-0.45895104270014531,0.43662407503463618
8,6,1,3,92,-0.47295723544309998,0.45036222843986007
8,6,1,3,93,-0.48720149051474371,0.46434460978003189
8,6,1,3,94,-0.50168386668824061,0.47857145004117918
8,6,1,3,95,-0.51640436967286263,0.49304292147828999
8,6,1,3,96,-0.53136295238985221,0.50775913779647075
8,6,1,3,97,-0.54655951525117152,0.52272015434351171
8,6,1,3,98,-0.56199390644099401,0.53792596831422068
8,6,1,3,99,-0.57766592220017676,0.55337651896589513
8,6,1,3,100,-0.59357530711340312,0.56907168784526285
8,6,1,3,101,-0.60972175439927279,0.58501129902676363
8,6,1,3,102,-0.62610490620316206,0.6011951193619719
8,6,1,3,103,-0.64272435389305937,0.61762285874021605
8,6,1,3,104,-0.65957963835825417,0.63429417036022506
8,6,1,3,105,-0.67667025031099004,0.65120865101287173
8,6,1,3,106,-0.69399563059114877,0.66836584137479893
8,6,1,3,107,-0.71155517047401529,0.68576522631297598
8,6,1,3,108,-0.72934821198117339,0.70340623520000201
8,6,1,3,109,-0.74737404819456565,0.72128824224021448
8,6,1,3,110,-0.76563192357398946,0.73941056680639494
8,6,1,3,111,-0.78412103427779045,0.75777247378717716
8,6,1,3,112,-0.80284052848723086,0.77637317394478322
8,6,1,3,113,-0.82178950673424955,0.79521182428344828
8,6,1,3,114,-0.84096702223311892,0.81428752842805652
8,6,1,3,115,-0.86037208121568787,0.8335993370131356
8,6,1,3,116,-0.88000364327072145,0.8531462480820956
8,6,1,3,117,-0.89986062168717629,0.87292720749657382
8,6,1,3,118,-0.9199418838017337,0.89294110935587978
8,6,1,3,119,-0.94024625135052942,0.91318679642648781
8,6,1,3,120,-0.96077250082540755,0.93366306058135506
8,6,1,3,121,-0.98151936383470972,0.95436864324915383
8,6,1,3,122,-1.0024855274688271,0.97530223587324605
8,6,1,3,123,-1.0236696346705154,0.99646248038029184
8,6,1,3,124,-1.0450702846103332,1.0178479696585723
8,6,1,3,125,-1.0666860330671546,1.0394572480456472
8,6,1,3,126,-1.0885153928140379,1.061288811825617
8,6,1,3,127,-1.1105568340095018,1.0833411097355667
8,6,1,3,128,-1.1328087845944468,1.1056125434813686
8,6,1,3,129,-1.155269630694844,1.1281014682625712
8,6,1,3,130,-1.1779377170302308,1.1508061933063918
8,6,1,3,131,-1.2008113473284565,1.1737249824106151
8,6,1,3,132,-1.223888784746413,1.1968560544954681
8,6,1,3,133,-1.2471682522973093,1.2201975841640982
8,6,1,3,134,-1.2706479332843079,1.2437477022719079
8,6,1,3,135,-1.294325971740895,1.267504496504307
8,6,1,3,136,-1.318200472877995,1.2914660119629411
8,6,1,3,137,-1.3422695035380461,1.3156302517602969
8,6,1,3,138,-1.3665310926560259,1.339995177622602
8,6,1,3,139,-1.3909832317278326,1.3645587105006685
8,6,1,3,140,-1.415623875285793,1.3893187311888959
8,6,1,3,141,-1.4404509413817546,1.414273080952086
8,6,1,3,142,-1.4654623120776367,1.4394195621599741
8,6,1,3,143,-1.4906558339436549,1.4647559389295379
8,6,1,3,144,-1.5160293185643214,1.4902799377746023
8,6,1,3,145,-1.5415805430523011,1.5159892482629638
8,6,1,3,146,-1.5673072505702157,1.5418815236806687
8,6,1,3,147,-1.5932071508604595,1.5679543817034598
8,6,1,3,148,-1.6192779207831798,1.5942054050750358
8,6,1,3,149,-1.6455172048623512,1.6206321422923247
8,6,1,3,150,-1.6719226158402156,1.6472321082971697
8,6,1,3,151,-1.6984917352398543,1.674002785174769
8,6,1,3,152,-1.7252221139362811,1.7009416228582181
8,6,1,3,153,-1.7521112727357735,1.7280460398394344
8,6,1,3,154,-1.7791567029636413,1.7553134238860624
8,6,1,3,155,-1.806355867060444,1.78274113276419
8,6,1,3,156,-1.8337061991866188,1.8103264949668019
8,6,1,3,157,-1.8612051058355283,1.8380668104477527
8,6,1,3,158,-1.8888499664548974,1.8659593513611017
8,6,1,3,159,-1.9166381340767202,1.8940013628056169
8,6,1,3,160,-1.9445669359554163,1.9221900635742335
8,6,1,3,161,-1.9726336742143913,1.950522646908373
8,6,1,3,162,-2.0008356265008742,1.9789962812568147
8,6,1,3,163,-2.029170046648793,2.0076081110391137
8,6,1,3,164,-2.0576341653500361,2.0363552574130446
8,6,1,3,165,-2.0862251908334963,2.0652348190463328
8,6,1,3,166,-2.1149403095522046,2.0942438728920458
8,6,1,3,167,-2.143776686878307,2.1233794749676518
8,6,1,3,168,-2.1727314678056442,2.1526386611375488
8,6,1,3,169,-2.2018017776600338,2.1820184478987898
8,6,1,3,170,-2.23098472281692,2.2115158331698357
8,6,1,3,171,-2.2602773914263743,2.2411277970820267
8,6,1,3,172,-2.2896768541451893,2.2708513027737576
8,6,1,3,173,-2.3191801648759225,2.3006832971868922
8,6,1,3,174,-2.3487843615127568,2.3306207118654472
8,6,1,3,175,-2.3784864666938965,2.3606604637560453
8,6,1,3,176,-2.4082834885603752,2.3907994560101926
8,6,1,3,177,-2.4381724215209455,2.4210345787879701
8,6,1,3,178,-2.468150247022999,2.4513627100629041
8,6,1,3,179,-2.4982139343291077,2.4817807164279753
8,6,1,3,180,-2.5283604412990215,2.5122854539022881
8,6,1,3,181,-2.5585867151768693,2.5428737687383824
8,6,1,3,182,-2.5888896933832894,2.5735424982296919
8,6,1,3,183,-2.6192663043122009,2.6042884715183181
8,6,1,3,184,-2.6497134681318926,2.6351085104023757
8,6,1,3,185,-2.6802280975903092,2.6659994301431538
8,6,1,3,186,-2.7108070988239144,2.6969580402715216
8,6,1,3,187,-2.7414473721702137,2.7279811453934628
8,6,1,3,188,-2.7721458129832897,2.7590655459945017
8,6,1,3,189,-2.8028993124521895,2.7902080392427973
8,6,1,3,190,-2.8337047584217956,2.8214054197906098
8,6,1,3,191,-2.8645590362158524,2.8526544805738907
8,6,1,3,192,-2.8954590294617724,2.8839520136098642
8,6,1,3,193,-2.9264016209169021,2.9152948107922265
8,6,1,3,194,-2.9573836932958564,2.9466796646838018
8,6,1,3,195,-2.9884021300985886,2.978103369306448
8,6,1,3,196,-3.0194538164388165,3.0095627209277804
8,6,1,3,197,-3.0505356398724368,3.0410545188447573
8,6,1,3,198,-3.0816444912255161,3.0725755661636933
8,6,1,3,199,-3.112777265421518,3.1041226705764786
8,6,1,3,200,-3.1439308623073705,3.1356926451328899
8,6,1,3,201,-3.175102187477985,3.1672823090086095
8,6,1,3,202,-3.2062881530988188,3.1988884882688002
8,6,1,3,203,-3.2374856787260931,3.2305080166269899
8,6,1,3,204,-3.2686916921243201,3.2621377361990862
8,6,1,3,205,-3.2999031300806281,3.2937744982521941
8,6,1,3,206,-3.3311169392156947,3.3254151639480063
8,6,1,3,207,-3.3623300767905819,3.3570566050807242
8,6,1,3,208,-3.3935395115094025,3.3886957048091029
8,6,1,3,209,-3.4247422243171788,3.420329358382415
8,6,1,3,210,-3.4559352091926621,3.4519544738601917
8,6,1,3,211,-3.4871154739355092,3.4835679728255768
8,6,1,3,212,-3.5182800409477908,3.5151667910917785
8,6,1,3,213,-3.549425948008933,3.5467478794019098
8,6,1,3,214,-3.5805502490441676,3.5783082041215413
8,6,1,3,215,-3.6116500148858641,3.6098447479240292
8,6,1,3,216,-3.6427223340273764,3.6413545104682701
8,6,1,3,217,-3.6737643133690936,3.672834509068859
8,6,1,3,218,-3.7047730789562694,3.7042817793583485
8,6,1,3,219,-3.735745776708288,3.7356933759413122
8,6,1,3,220,-3.7666795731389815,3.7670663730402758
8,6,1,3,221,-3.7975716560676496,3.7983978651331101
8,6,1,3,222,-3.828419235320407,3.8296849675818754
8,6,1,3,223,-3.8592195434215659,3.8609248172527728
8,6,1,3,224,-3.8899698362746205,3.8921145731271505
8,6,1,3,225,-3.9206673938325776,3.9232514169034087
8,6,1,3,226,-3.9513095207572571,3.9543325535896012
8,6,1,3,227,-3.9818935470673109,3.9853552120864029
8,6,1,3,228,-4.0124168287745015,4.0163166457607229
8,6,1,3,229,-4.0428767485080837,4.0472141330093168
8,6,1,3,230,-4.0732707161269808,4.0780449778125867
8,6,1,3,231,-4.1035961693192844,4.1088065102783098
8,6,1,3,232,-4.1338505741890579,4.1394960871751234
8,6,1,3,233,-4.164031425829978,4.1701110924557137
8,6,1,3,234,-4.1941362488856546,4.200648937769472
8,6,1,3,235,-4.2241625980962869,4.231107062964659
8,6,1,3,236,-4.2541080588314966,4.2614829365797995
8,6,1,3,237,-4.2839702476090817,4.2917740563242548
8,6,1,3,238,-4.3137468125994065,4.3219779495478479
8,6,1,3,239,-4.3434354341153059,4.3520921736994538
8,6,1,3,240,-4.3730338250872522,4.3821143167744516
8,6,1,3,241,-4.4025397315235253,4.4120419977509231
8,6,1,3,242,-4.4319509329553419,4.4418728670145651
8,6,1,3,243,-4.4612652428666912,4.4716046067720532
8,6,1,3,244,-4.4904805091086688,4.5012349314530518
8,6,1,3,245,-4.5195946142982502,4.5307615881006038
8,6,1,3,246,-4.5486054762013284,4.5601823567497508
8,6,1,3,247,-4.5775110480998302,4.5894950507946479
8,6,1,3,248,-4.6063093191429259,4.6186975173436586
8,6,1,3,249,-4.6349983146820151,4.6477876375627867
8,6,1,3,250,-4.6635760965896722,4.6767633270071496
8,6,1,3,251,-4.6920407635621162,4.7056225359405452
8,6,1,3,252,-4.720390451405537,4.7343632496429393
8,6,1,3,253,-4.7486233333058294,4.7629834887060714
8,6,1,3,254,-4.7767376200819278,4.7914813093168753
8,6,1,3,255,-4.8047315604226037,4.8198548035289583
8,6,1,3,256,-4.832603441106742,4.8481020995218476
8,6,1,3,257,-4.8603515872069902,4.8762213618481489
8,6,1,3,258,-4.8879743622768865,4.9042107916686506
8,6,1,3,259,-4.9154701685213853,4.9320686269751866
8,6,1,3,260,-4.9428374469508318,4.9597931428013773
8,6,1,3,261,-4.9700746775183209,4.9873826514212629
8,6,1,3,262,-4.9971803792406453,5.0148355025357834
8,6,1,3,263,-5.0241531103027484,5.0421500834470416
8,6,1,3,264,-5.0509914681456713,5.0693248192206664
8,6,1,3,265,-5.077694089538265,5.0963581728358216
8,6,1,3,266,-5.1042596506325477,5.1232486453233275
8,6,1,3,267,-5.1306868675483672,5.1499947758948199
8,6,1,3,268,-5.1569745076975479,5.1765951421171881
8,6,1,3,269,-5.1831213775983649,5.203048359954102
8,6,1,3,270,-5.2091263228477791,5.2293530838522919
8,6,1,3,271,-5.2349882280779303,5.2555080068160756
8,6,1,3,272,-5.2607060168970934,5.2815118604704088
8,6,1,3,273,-5.2862786518152349,5.3073634151123512
8,6,1,3,274,-5.3117051341543764,5.3330614797509082
8,6,1,3,275,-5.3369845039437367,5.3586049021356192
8,6,1,3,276,-5.3621158398001469,5.383992568773718
8,6,1,3,277,-5.3870982587935599,5.4092234049360002
8,6,1,3,278,-5.4119309162981413,5.4342963746515007
8,6,1,3,279,-5.4366130058289555,5.4592104806910537
8,6,1,3,280,-5.4611437588644733,5.4839647645398033
8,6,1,3,281,-5.4855224446552224,5.5085583063587764
8,6,1,3,282,-5.5097483700185972,5.5329902249356158
8,6,1,3,283,-5.5338208791202881,5.5572596776244625
8,6,1,3,284,-5.5577393532422974,5.5813658602753362
8,6,1,3,285,-5.581503210538008,5.6053080071528063
8,6,1,3,286,-5.6051119057744234,5.629085390844299
8,6,1,3,287,-5.6285649300617635,5.6526973221581036
8,6,1,3,288,-5.6518618105708569,5.6761431500109509
8,6,1,3,289,-5.6750021102384087,5.6994222613057834
8,6,1,3,290,-5.6979854274604502,5.7225340807993099
8,6,1,3,291,-5.7208113957742839,5.7454780709597335
8,6,1,3,292,-5.7434796835291397,5.7682537318148066
8,6,1,3,293,-5.7659899935458174,5.7908606007902454
8,6,1,3,294,-5.788342062765639,5.8132982525386092
8,6,1,3,295,-5.8105356618888599,5.8355662987589572
8,6,1,3,296,-5.8325705950030393,5.8576643880071302
8,6,1,3,297,-5.8544466992014597,5.8795922054970724
8,6,1,3,298,-5.8761638441919226,5.9013494728932105
8,6,1,3,299,-5.8977219318962772,5.9229359480940849
8,6,1,3,300,-5.9191208960409858,5.9443514250071745
8,6,1,3,301,-5.9403607017388502,5.9655957333154621
8,6,1,3,302,-5.9614413450624344,5.9866687382355153
8,6,1,3,303,-5.9823628526093238,6.0075703402673621
8,6,1,3,304,-6.0031252810595177,6.0283004749364624
8,6,1,3,305,NaN,NaN
8,6,1,3,306,NaN,NaN
8,6,1,3,307,NaN,NaN
8,6,1,3,308,NaN,NaN
8,6,1,3,309,NaN,NaN
8,6,1,3,310,NaN,NaN
8,6,1,3,311,NaN,NaN
8,6,1,3,312,NaN,NaN
8,6,1,3,313,NaN,NaN
8,6,1,3,314,NaN,NaN
8,6,1,3,315,NaN,NaN
8,6,1,3,316,NaN,NaN
8,6,1,3,317,NaN,NaN
8,6,1,3,318,NaN,NaN
8,6,1,3,319,NaN,NaN
8,6,1,3,320,NaN,NaN
8,6,1,3,321,NaN,NaN
8,6,1,3,322,NaN,NaN
8,6,1,3,323,NaN,NaN
8,6,1,3,324,NaN,NaN
8,6,1,3,325,NaN,NaN
8,6,1,3,326,NaN,NaN
8,6,1,3,327,NaN,NaN
8,6,1,3,328,NaN,NaN
8,6,1,3,329,NaN,NaN
8,6,1,3,330,NaN,NaN
8,6,1,3,331,NaN,NaN
8,6,1,3,332,NaN,NaN
8,6,1,3,333,NaN,NaN
8,6,1,3,334,NaN,NaN
8,6,1,3,335,NaN,NaN
8,6,1,3,336,NaN,NaN
8,6,1,3,337,NaN,NaN
8,6,1,3,338,NaN,NaN
8,6,1,3,339,NaN,NaN
8,6,1,3,340,NaN,NaN
8,6,1,3,341,NaN,NaN
8,6,1,3,342,NaN,NaN
8,6,1,3,343,NaN,NaN
8,6,1,3,344,NaN,NaN
8,6,1,3,345,NaN,NaN
8,6,1,3,346,NaN,NaN
8,6,1,3,347,NaN,NaN
8,6,1,3,348,NaN,NaN
8,6,1,3,349,NaN,NaN
8,6,1,3,350,NaN,NaN
8,6,1,3,351,NaN,NaN
8,6,1,3,352,NaN,NaN
8,6,1,3,353,NaN,NaN
8,6,1,3,354,NaN,NaN
8,6,1,3,355,NaN,NaN
8,6,1,3,356,NaN,NaN
8,6,1,3,357,NaN,NaN
8,6,1,3,358,NaN,NaN
8,6,1,3,359,NaN,NaN
8,6,1,3,360,NaN,NaN
8,6,1,3,361,NaN,NaN
8,6,1,3,362,NaN,NaN
8,6,1,3,363,NaN,NaN
8,6,1,3,364,NaN,NaN
8,6,1,3,365,NaN,NaN
8,6,1,3,366,NaN,NaN
8,6,1,3,367,NaN,NaN
8,6,1,3,368,NaN,NaN
8,6,1,3,369,NaN,NaN
8,6,1,3,370,NaN,NaN
8,6,1,3,371,NaN,NaN
8,6,1,3,372,NaN,NaN
8,6,1,3,373,NaN,NaN
8,6,1,3,374,NaN,NaN
8,6,1,3,375,NaN,NaN
8,6,1,3,376,NaN,NaN
8,6,1,3,377,NaN,NaN
8,6,1,3,378,NaN,NaN
8,6,1,3,379,NaN,NaN
8,6,1,3,380,NaN,NaN
8,6,1,3,381,NaN,NaN
8,6,1,3,382,NaN,NaN
8,6,1,3,383,NaN,NaN
8,6,1,3,384,NaN,NaN
8,6,1,3,385,NaN,NaN
8,6,1,3,386,NaN,NaN
8,6,1,3,387,NaN,NaN
8,6,1,3,388,NaN,NaN
8,6,1,3,389,NaN,NaN
8,6,1,3,390,NaN,NaN
8,6,1,3,391,NaN,NaN
8,6,1,3,392,NaN,NaN
8,6,1,3,393,NaN,NaN
8,6,1,3,394,NaN,NaN
8,6,1,3,395,NaN,NaN
8,6,1,3,396,NaN,NaN
8,6,1,3,397,NaN,NaN
8,6,1,3,398,NaN,NaN
8,6,1,3,399,NaN,NaN
8,6,1,3,400,NaN,NaN
8,6,1,3,401,NaN,NaN
8,6,1,3,402,NaN,NaN
8,6,1,3,403,NaN,NaN
8,6,1,3,404,NaN,NaN
8,6,1,3,405,NaN,NaN
8,6,1,3,406,NaN,NaN
8,6,1,3,407,NaN,NaN
8,6,1,3,408,NaN,NaN
8,6,1,3,409,NaN,NaN
8,6,1,3,410,NaN,NaN
8,6,1,3,411,NaN,NaN
8,6,1,3,412,NaN,NaN
8,6,1,3,413,NaN,NaN
8,6,1,3,414,NaN,NaN
8,6,1,3,415,NaN,NaN
8,6,1,3,416,NaN,NaN
8,6,1,3,417,NaN,NaN
8,6,1,3,418,NaN,NaN
8,6,1,3,419,NaN,NaN
8,6,1,3,420,NaN,NaN
8,6,1,3,421,NaN,NaN
8,6,1,3,422,NaN,NaN
8,6,1,3,423,NaN,NaN
8,6,1,3,424,NaN,NaN
8,6,1,3,425,NaN,NaN
8,6,1,3,426,NaN,NaN
8,6,1,3,427,NaN,NaN
8,6,1,3,428,NaN,NaN
8,6,1,3,429,NaN,NaN
8,6,1,3,430,NaN,NaN
8,6,1,3,431,NaN,NaN
8,6,1,3,432,NaN,NaN
8,6,1,3,433,NaN,NaN
8,6,1,3,434,NaN,NaN
8,6,1,3,435,NaN,NaN
8,6,1,3,436,NaN,NaN
8,6,1,3,437,NaN,NaN
8,6,1,3,438,NaN,NaN
8,6,1,3,439,NaN,NaN
8,6,1,3,440,NaN,NaN
8,6,1,3,441,NaN,NaN
8,6,1,3,442,NaN,NaN
8,6,1,3,443,NaN,NaN
8,6,1,3,444,NaN,NaN
8,6,1,3,445,NaN,NaN
8,6,1,3,446,NaN,NaN
8,6,1,3,447,NaN,NaN
8,6,1,3,448,NaN,NaN
8,6,1,3,449,NaN,NaN
8,6,1,3,450,NaN,NaN
8,6,1,3,451,NaN,NaN
8,6,1,3,452,NaN,NaN
8,6,1,3,453,NaN,NaN
8,6,1,3,454,NaN,NaN
8,6,1,3,455,NaN,NaN
8,6,1,3,456,NaN,NaN
8,6,1,3,457,NaN,NaN
8,6,1,3,458,NaN,NaN
8,6,1,3,459,NaN,NaN
8,6,1,3,460,NaN,NaN
8,6,1,3,461,NaN,NaN
8,6,1,3,462,NaN,NaN
8,6,1,3,463,NaN,NaN
8,6,1,3,464,NaN,NaN
8,6,1,3,465,NaN,NaN
8,6,1,3,466,NaN,NaN
8,6,1,3,467,NaN,NaN
8,6,1,3,468,NaN,NaN
8,6,1,3,469,NaN,NaN
8,6,1,3,470,NaN,NaN
8,6,1,3,471,NaN,NaN
8,6,1,3,472,NaN,NaN
8,6,1,3,473,NaN,NaN
8,6,1,3,474,NaN,NaN
8,6,1,3,475,NaN,NaN
8,6,1,3,476,NaN,NaN
8,6,1,3,477,NaN,NaN
8,6,1,3,478,NaN,NaN
8,6,1,3,479,NaN,NaN
8,6,1,3,480,NaN,NaN
8,6,1,3,481,NaN,NaN
8,6,1,3,482,NaN,NaN
8,6,1,3,483,NaN,NaN
8,6,1,3,484,NaN,NaN
8,6,1,3,485,NaN,NaN
8,6,1,3,486,NaN,NaN
8,6,1,3,487,NaN,NaN
8,6,1,3,488,NaN,NaN
8,6,1,3,489,NaN,NaN
8,6,1,3,490,NaN,NaN
8,6,1,3,491,NaN,NaN
8,6,1,3,492,NaN,NaN
8,6,1,3,493,NaN,NaN
8,6,1,3,494,NaN,NaN
8,6,1,3,495,NaN,NaN
8,6,1,3,496,NaN,NaN
8,6,1,3,497,NaN,NaN
8,6,1,3,498,NaN,NaN
8,6,1,3,499,NaN,NaN
8,6,1,3,500,NaN,NaN
8,6,1,3,501,NaN,NaN
8,6,1,3,502,NaN,NaN
8,6,1,3,503,NaN,NaN
8,6,1,3,504,NaN,NaN
8,6,1,3,505,NaN,NaN
8,6,1,3,506,NaN,NaN
8,6,1,3,507,NaN,NaN
8,6,1,3,508,NaN,NaN
8,6,1,3,509,NaN,NaN
8,6,1,3,510,NaN,NaN
8,6,1,3,511,NaN,NaN
8,6,1,3,512,NaN,NaN
8,6,1,3,513,NaN,NaN
8,6,1,3,514,NaN,NaN
8,6,1,3,515,NaN,NaN
8,6,1,3,516,NaN,NaN
8,6,1,3,517,NaN,NaN
8,6,1,3,518,NaN,NaN
8,6,1,3,519,NaN,NaN
8,6,1,3,520,NaN,NaN
8,6,1,3,521,NaN,NaN
8,6,1,3,522,NaN,NaN
8,6,1,3,523,NaN,NaN
8,6,1,3,524,NaN,NaN
8,6,1,3,525,NaN,NaN
8,6,1,3,526,NaN,NaN
8,6,1,3,527,NaN,NaN
8,6,1,3,528,NaN,NaN
8,6,1,3,529,NaN,NaN
8,6,1,3,530,NaN,NaN
8,6,1,3,531,NaN,NaN
8,6,1,3,532,NaN,NaN
8,6,1,3,533,NaN,NaN
8,6,1,3,534,NaN,NaN
8,6,1,3,535,NaN,NaN
8,6,1,3,536,NaN,NaN
8,6,1,3,537,NaN,NaN
8,6,1,3,538,NaN,NaN
8,6,1,3,539,NaN,NaN
8,6,1,3,540,NaN,NaN
8,6,1,3,541,NaN,NaN
8,6,1,3,542,NaN,NaN
8,6,1,3,543,NaN,NaN
8,6,1,3,544,NaN,NaN
8,6,1,3,545,NaN,NaN
8,6,1,3,546,NaN,NaN
8,6,1,3,547,NaN,NaN
8,6,1,3,548,NaN,NaN
8,6,1,3,549,NaN,NaN
8,6,1,3,550,NaN,NaN
8,6,1,3,551,NaN,NaN
8,6,1,3,552,NaN,NaN
8,6,1,3,553,NaN,NaN
8,6,1,3,554,NaN,NaN
8,6,1,3,555,NaN,NaN
8,6,1,3,556,NaN,NaN
8,6,1,3,557,NaN,NaN
8,6,1,3,558,NaN,NaN
8,6,1,3,559,NaN,NaN
8,6,1,3,560,NaN,NaN
8,6,1,3,561,NaN,NaN
8,6,1,3,562,NaN,NaN
8,6,1,3,563,NaN,NaN
8,6,1,3,564,NaN,NaN
8,6,1,3,565,NaN,NaN
8,6,1,3,566,NaN,NaN
8,6,1,3,567,NaN,NaN
8,6,1,3,568,NaN,NaN
8,6,1,3,569,NaN,NaN
8,6,1,3,570,NaN,NaN
8,6,1,3,571,NaN,NaN
8,6,1,3,572,NaN,NaN
8,6,1,3,573,NaN,NaN
8,6,1,3,574,NaN,NaN
8,6,1,3,575,NaN,NaN
8,6,1,3,576,NaN,NaN
8,6,1,3,577,NaN,NaN
8,6,1,3,578,NaN,NaN
8,6,1,3,579,NaN,NaN
8,6,1,3,580,NaN,NaN
8,6,1,3,581,NaN,NaN
8,6,1,3,582,NaN,NaN
8,6,1,3,583,NaN,NaN
8,6,1,3,584,NaN,NaN
8,6,1,3,585,NaN,NaN
8,6,1,3,586,NaN,NaN
8,6,1,3,587,NaN,NaN
8,6,1,3,588,NaN,NaN
8,6,1,3,589,NaN,NaN
8,6,1,3,590,NaN,NaN
8,6,1,3,591,NaN,NaN
8,6,1,3,592,NaN,NaN
8,6,1,3,593,NaN,NaN
8,6,1,3,594,NaN,NaN
8,6,1,3,595,NaN,NaN
8,6,1,3,596,NaN,NaN
8,6,1,3,597,NaN,NaN
8,6,1,3,598,NaN,NaN
8,6,1,3,599,NaN,NaN
8,6,1,41,0,0,0
8,6,1,41,1,0,0
8,6,1,41,2,9.1259934276166632e-06,-5.2953942925038078e-06
8,6,1,41,3,2.2277958977579004e-05,-1.1494818125123984e-05
8,6,1,41,4,3.4407731774876993e-05,-1.4187104771523629e-05
8,6,1,41,5,4.0497364101055311e-05,-9.0205684089017524e-06
8,6,1,41,6,3.5560705641257684e-05,8.2992220179489706e-06
8,6,1,41,7,1.4644919205109019e-05,4.2011448889156533e-05
8,6,1,41,8,-2.7168064936633485e-05,9.6301848381830091e-05
8,6,1,41,9,-9.4760153146467019e-05,0.00017530432478707336
8,6,1,41,10,-0.00019297574828103237,0.00028310239099382795
8,6,1,41,11,-0.00032662046248743692,0.00042373044867594079
8,6,1,41,12,-0.00050045988088665005,0.00060117492035605125
8,6,1,41,13,-0.00071921837371813346,0.00081937524515907079
8,6,1,41,14,-0.00098757795496950962,0.0010822247487191072
8,6,1,41,15,-0.0013101771855816846,0.0013935713974760899
8,6,1,41,16,-0.0016916101194641708,0.0017572184464798024
8,6,1,41,17,-0.002136425290560906,0.0021769249894776355
8,6,1,41,18,-0.0026491247395621365,0.0026564064191852976
8,6,1,41,19,-0.0032341630787302567,0.0031993348052289372
8,6,1,41,20,-0.0038959465934240711,0.0038093391969196144
8,6,1,41,21,-0.0046388323791668462,0.0044900058569635748
8,6,1,41,22,-0.0054671275129924979,0.0052448784324365949
8,6,1,41,23,-0.0063850882580152035,0.0060774580683431445
8,6,1,41,24,-0.0073969193000067435,0.0069912034692032332
8,6,1,41,25,-0.0085067730152099674,0.0079895309133187764
8,6,1,41,26,-0.0097187487682226514,0.0090758142242630679
8,6,1,41,27,-0.011036892239263407,0.010253384703770574
8,6,1,41,28,-0.012465194779842648,0.011525531029962788
8,6,1,41,29,-0.014007592796055901,0.012895499124349064
8,6,1,41,30,-0.015667967158816687,0.014366491991177344
8,6,1,41,31,-0.017450142640218491,0.015941669532085201
8,6,1,41,32,-0.019357887375404115,0.01762414833902104
8,6,1,41,33,-0.021394912349181894,0.019417001468094441
8,6,1,41,34,-0.023564870906933599,0.021323258196867534
8,6,1,41,35,-0.025871358288986901,0.023345903767471587
8,6,1,41,36,-0.028317911188124878,0.025487879117477852
8,6,1,41,37,-0.030908007329405462,0.027752080600887408
8,6,1,41,38,-0.033645065071957747,0.03014135970081655
8,6,1,41,39,-0.036532443032155637,0.032658522735629081
8,6,1,41,40,-0.039573439727758064,0.035306330560222476
8,6,1,41,41,-0.042771293242271913,0.038087498263900121
8,6,1,41,42,-0.04612918090944329,0.041004694866228486
8,6,1,41,43,-0.049650219017122188,0.044060543012039433
8,6,1,41,44,-0.053337462530256285,0.047257618666904366
8,6,1,41,45,-0.057193904832342213,0.050598450814121065
8,6,1,41,46,-0.061222477485328719,0.054085521154159655
8,6,1,41,47,-0.06542605000703916,0.057721263807603007
8,6,1,41,48,-0.069807429666202125,0.061508065022372604
8,6,1,41,49,-0.074369361294379654,0.065448262886036446
8,6,1,41,50,-0.079114527114637623,0.069544147043945626
8,6,1,41,51,-0.084045546586292152,0.073797958423996168
8,6,1,41,52,-0.089164976265854179,0.07821188896829645
8,6,1,41,53,-0.094475309683295094,0.082788081372744959
8,6,1,41,54,-0.099978977233655675,0.087528628834732114
8,6,1,41,55,-0.10567834608349869,0.092435574809560106
8,6,1,41,56,-0.11157572009197758,0.097510912775988778
8,6,1,41,57,-0.11767333974607719,0.10275658601138493
8,6,1,41,58,-0.1239733821098099,0.10817448737664714
8,6,1,41,59,-0.13047796078710094,0.11376645911153893
8,6,1,41,60,-0.13718912589791854,0.11953429264036364
8,6,1,41,61,-0.14410886406741596,0.12547972838863886
8,6,1,41,62,-0.15123909842799099,0.13160445561060385
8,6,1,41,63,-0.15858168863361333,0.13791011222814287
8,6,1,41,64,-0.16613843088647551,0.14439828468114368
8,6,1,41,65,-0.17391105797556206,0.15107050778934705
8,6,1,41,66,-0.18190123932687041,0.15792826462608933
8,6,1,41,67,-0.19011058106508383,0.16497298640396063
8,6,1,41,68,-0.19854062608636314,0.17220605237232844
8,6,1,41,69,-0.20719285414218525,0.17962878972712371
8,6,1,41,70,-0.21606868193380091,0.18724247353261447
8,6,1,41,71,-0.22516946321720077,0.1950483266556613
8,6,1,41,72,-0.23449648891833985,0.20304751971198243
8,6,1,41,73,-0.24405098725843177,0.21124117102498119
8,6,1,41,74,-0.25383412388902959,0.21963034659674696
8,6,1,41,75,-0.26384700203681,0.22821606009150175
8,6,1,41,76,-0.27409066265776105,0.23699927283131195
8,6,1,41,77,-0.28456608460064592,0.24598089380422627
8,6,1,41,78,-0.29527418477952594,0.25516177968472054
8,6,1,41,79,-0.30621581835523215,0.26454273486631597
8,6,1,41,80,-0.31739177892549653,0.27412451150661821
8,6,1,41,81,-0.32880279872372631,0.2839078095844827
8,6,1,41,82,-0.34044954882621048,0.29389327696925371
8,6,1,41,83,-0.35233263936746417,0.3040815095022853
8,6,1,41,84,-0.36445261976391641,0.31447305109031376
8,6,1,41,85,-0.37680997894535828,0.32506839381092612
8,6,1,41,86,-0.38940514559447359,0.33586797802977741
8,6,1,41,87,-0.40223848839394116,0.3468721925297652
8,6,1,41,88,-0.41531031628129211,0.35808137465171974
8,6,1,41,89,-0.42862087871118892,0.36949581044697088
8,6,1,41,90,-0.44217036592518189,0.38111573484118366
8,6,1,41,91,-0.4559589092287708,0.39294133180980129
8,6,1,41,92,-0.46998658127568316,0.40497273456471528
8,6,1,41,93,-0.48425339635931319,0.4172100257522765
8,6,1,41,94,-0.49875931071117763,0.4296532376622697
8,6,1,41,95,-0.51350422280647678,0.44230235244796245
8,6,1,41,96,-0.52848797367647249,0.45515730235706486
8,6,1,41,97,-0.54371034722777156,0.46821796997343068
8,6,1,41,98,-0.55917107056845383,0.48148418846940821
8,6,1,41,99,-0.5748698143409281,0.4949557418686662
8,6,1,41,100,-0.59080619306151605,0.50863236531964173
8,6,1,41,101,-0.60697976546674193,0.5225137453789247
8,6,1,41,102,-0.62339003486626687,0.53659952030512825
8,6,1,41,103,-0.640036449502418,0.55088928036261808
8,6,1,41,104,-0.65691840291635106,0.56538256813517263
8,6,1,41,105,-0.67403523432083556,0.58007887884937437
8,6,1,41,106,-0.69138622897950142,0.59497766070781555
8,6,1,41,107,-0.70897061859276356,0.61007831523154088
8,6,1,41,108,-0.72678758169026358,0.62538019761209929
8,6,1,41,109,-0.7448362440298506,0.64088261707270777
8,6,1,41,110,-0.7631156790031679,0.65658483723855798
8,6,1,41,111,-0.78162490804778995,0.67248607651612391
8,6,1,41,112,-0.80036290106596519,0.68858550848123479
8,6,1,41,113,-0.81932857684993698,0.70488226227590212
8,6,1,41,114,-0.83852080351390357,0.72137542301368429
8,6,1,41,115,-0.8579383989326228,0.73806403219343897
8,6,1,41,116,-0.87758013118663381,0.75494708812147704
8,6,1,41,117,-0.8974447190143009,0.77202354634165749
8,6,1,41,118,-0.91753083227039123,0.78929232007371453
8,6,1,41,119,-0.9378370923915802,0.80675228065925364
8,6,1,41,120,-0.95836207286861819,0.82440225801560796
8,6,1,41,121,-0.97910429972541402,0.84224104109716647
8,6,1,41,122,-1.0000622520049129,0.86026737836422951
8,6,1,41,123,-1.0212343622618636,0.87847997825917234
8,6,1,41,124,-1.0426190170625516,0.8968775096896503
8,6,1,41,125,-1.0642145574915107,0.91545860251891209
8,6,1,41,126,-1.0860192796651569,0.93422184806298547
8,6,1,41,127,-1.1080314352525766,0.95316579959454362
8,6,1,41,128,-1.1302492320033219,0.97228897285338289
8,6,1,41,129,-1.1526708342823322,0.99158984656336491
8,6,1,41,130,-1.1752943636120616,1.0110668629555479
8,6,1,41,131,-1.1981178992217179,1.0307184282976167
8,6,1,41,132,-1.2211394786037555,1.0505429134292226
8,6,1,41,133,-1.2443570980776975,1.0705386543031743
8,6,1,41,134,-1.2677687133610616,1.0907039525323818
8,6,1,41,135,-1.2913722401478367,1.11103707594232
8,6,1,41,136,-1.3151655546940366,1.1315362591289819
8,6,1,41,137,-1.3391464944108589,1.15219970402195
8,6,1,41,138,-1.3633128584649934,1.1730255804527827
8,6,1,41,139,-1.3876624083864642,1.1940120267282168
8,6,1,41,140,-1.4121928686838703,1.215157150208221
8,6,1,41,141,-1.4369019274669326,1.2364590278887615
8,6,1,41,142,-1.4617872370765672,1.2579157069890075
8,6,1,41,143,-1.4868464147222871,1.2795252055429835
8,6,1,41,144,-1.5120770431270303,1.3012855129953564
8,6,1,41,145,-1.5374766711794441,1.3231945908013105
8,6,1,41,146,-1.5630428145934017,1.3452503730302907
8,6,1,41,147,-1.5887729565750464,1.3674507669735685
8,6,1,41,148,-1.614664548497019,1.3897936537553139
8,6,1,41,149,-1.6407150105800239,1.412276888947142
8,6,1,41,150,-1.6669217325817387,1.4348983031858664
8,6,1,41,151,-1.6932820744927413,1.4576557027945303
8,6,1,41,152,-1.7197933672397914,1.4805468704061409
8,6,1,41,153,-1.7464529133960571,1.5035695655905097
8,6,1,41,154,-1.7732579878984578,1.5267215254834516
8,6,1,41,155,-1.8002058387719289,1.5500004654185799
8,6,1,41,156,-1.8272936878605539,1.5734040795614717
8,6,1,41,157,-1.8545187315655132,1.5969300415458658
8,6,1,41,158,-1.8818781415897379,1.6205760051118983
8,6,1,41,159,-1.9093690656890316,1.644339604746206
8,6,1,41,160,-1.9369886284298699,1.6682184563236362
8,6,1,41,161,-1.9647339319534107,1.6922101577503983
8,6,1,41,162,-1.992602056745757,1.7163122896087319
8,6,1,41,163,-2.0205900624144011,1.7405224158024617
8,6,1,41,164,-2.048694988470551,1.7648380842037736
8,6,1,41,165,-2.0769138551172683,1.7892568273007559
8,6,1,41,166,-2.1052436640433161,1.8137761628455014
8,6,1,41,167,-2.1336813992224202,1.8383935945028433
8,6,1,41,168,-2.162224027717885,1.8631066124992852
8,6,1,41,169,-2.1908685004923156,1.8879126942722007
8,6,1,41,170,-2.2196117532223001,1.9128093051189259
8,6,1,41,171,-2.2484507071177773,1.9377938988456744
8,6,1,41,172,-2.2773822697460258,1.9628639184161161
8,6,1,41,173,-2.3064033358598692,1.9880167965994593
8,6,1,41,174,-2.3355107882300441,2.0132499566177824
8,6,1,41,175,-2.3647014984813919,2.0385608127924977
8,6,1,41,176,-2.3939723279327421,2.0639467711898147
8,6,1,41,177,-2.4233201284400705,2.0894052302649846
8,6,1,41,178,-2.4527417432429033,2.1149335815051322
8,6,1,41,179,-2.4822340078135108,2.1405292100705604
8,6,1,41,180,-2.5117937507087351,2.166189495434395
8,6,1,41,181,-2.5414177944241167,2.1919118120202477
8,6,1,41,182,-2.5711029562501428,2.2176935298378608
8,6,1,41,183,-2.6008460491301619,2.2435320151165978
8,6,1,41,184,-2.6306438825198453,2.269424630936423
8,6,1,41,185,-2.6604932632477429,2.2953687378564207
8,6,1,41,186,-2.690390996376796,2.3213616945405717
8,6,1,41,187,-2.7203338860663004,2.3474008583805936
8,6,1,41,188,-2.750318736434215,2.3734835861157793
8,6,1,41,189,-2.7803423524192459,2.3996072344496659
8,6,1,41,190,-2.8104015406426655,2.4257691606631799
8,6,1,41,191,-2.8404931102692874,2.4519667232244107
8,6,1,41,192,-2.8706138738674114,2.478197282394548
8,6,1,41,193,-2.9007606482673642,2.5044582008300704
8,6,1,41,194,-2.9309302554181569,2.5307468441809173
8,6,1,41,195,-2.9611195232422616,2.5570605816843535
8,6,1,41,196,-2.9913252864877506,2.5833967867546463
8,6,1,41,197,-3.0215443875776407,2.6097528375682661
8,6,1,41,198,-3.0517736774562154,2.6361261176443969
8,6,1,41,199,-3.0820100164316355,2.6625140164206753
8,6,1,41,200,-3.1122502750148717,2.6889139298240106
8,6,1,41,201,-3.1424913347542272,2.7153232608364193
8,6,1,41,202,-3.1727300890653733,2.7417394200555472
8,6,1,41,203,-3.2029634440563948,2.7681598262498106
8,6,1,41,204,-3.2331883193475299,2.7945819069081446
8,6,1,41,205,-3.2634016488852113,2.8210030987840558
8,6,1,41,206,-3.2936003817500836,2.8474208484339152
8,6,1,41,207,-3.3237814829585819,2.8738326127494247
8,6,1,41,208,-3.3539419342578256,2.9002358594838547
8,6,1,41,209,-3.3840787349133428,2.9266280677723495
8,6,1,41,210,-3.4141889024892844,2.9530067286457991
8,6,1,41,211,-3.4442694736209201,2.9793693455383687
8,6,1,41,212,-3.4743175047788122,3.0057134347884844
8,6,1,41,213,-3.5043300730246143,3.0320365261331803
8,6,1,41,214,-3.5343042767578767,3.058336163195599
8,6,1,41,215,-3.5642372364536934,3.0846099039657875
8,6,1,41,216,-3.5941260953907705,3.1108553212743
8,6,1,41,217,-3.6239680203696443,3.1370700032589376
8,6,1,41,218,-3.6537602024206581,3.1632515538240202
8,6,1,41,219,-3.6834998575013711,3.1893975930926772
8,6,1,41,220,-3.713184227183203,3.2155057578514197
8,6,1,41,221,-3.7428105793267772,3.241573701987452
8,6,1,41,222,-3.7723762087458756,3.2675990969183584
8,6,1,41,223,-3.8018784378596129,3.2935796320139961
8,6,1,41,224,-3.8313146173324264,3.3195130150107972
8,6,1,41,225,-3.8606821267018701,3.3453969724180825
8,6,1,41,226,-3.8899783749936026,3.3712292499165573
8,6,1,41,227,-3.9192008013235355,3.3970076127488062
8,6,1,41,228,-3.9483468754867523,3.4227298461016269
8,6,1,41,229,-3.9774140985330386,3.4483937554803221
8,6,1,41,230,-4.0064000033285696,3.4739971670747605
8,6,1,41,231,-4.0353021551038761,3.4995379281170886
8,6,1,41,232,-4.0641181519873673,3.5250139072312643
8,6,1,41,233,-4.092845625524677,3.5504229947740802
8,6,1,41,234,-4.1214822411831831,3.5757631031677812
8,6,1,41,235,-4.1500256988418807,3.6010321672242052
8,6,1,41,236,-4.1784737332660695,3.6262281444603723
8,6,1,41,237,-4.206824114566837,3.6513490154055335
8,6,1,41,238,-4.2350746486452371,3.6763927838995709
8,6,1,41,239,-4.2632231776207448,3.7013574773826803
8,6,1,41,240,-4.2912675802440852,3.7262411471764763
8,6,1,41,241,-4.3192057722940653,3.7510418687563689
8,6,1,41,242,-4.3470357069584242,3.775757742015093
8,6,1,41,243,-4.3747553751985304,3.8003868915175487
8,6,1,41,244,-4.4023628060977149,3.8249274667468249
8,6,1,41,245,-4.4298560671932332,3.8493776423415311
8,6,1,41,246,-4.4572332647917321,3.8737356183241061
8,6,1,41,247,-4.4844925442680985,3.8979996203204887
8,6,1,41,248,-4.5116320903475842,3.922167899770848
8,6,1,41,249,-4.538650127371274,3.9462387341315268
8,6,1,41,250,-4.5655449195445783,3.970210427068166
8,6,1,41,251,-4.5923147711690371,3.9940813086399434
8,6,1,41,252,-4.6189580268570616,4.0178497354750933
8,6,1,41,253,-4.6454730717298442,4.0415140909374179
8,6,1,41,254,-4.6718583315982105,4.0650727852842818
8,6,1,41,255,-4.6981122731265925,4.0885242558155959
8,6,1,41,256,-4.7242334039799658,4.1118669670140964
8,6,1,41,257,-4.7502202729538423,4.1350994106769816
8,6,1,41,258,-4.7760714700873503,4.1582201060387511
8,6,1,41,259,-4.8017856267593695,4.1812275998853288
8,6,1,41,260,-4.8273614157678164,4.2041204666596581
8,6,1,41,261,-4.8527975513921078,4.2268973085586055
8,6,1,41,262,-4.8780927894388597,4.249556755621259
8,6,1,41,263,-4.903245927270877,4.2720974658088187
8,6,1,41,264,-4.9282558038196367,4.294518125075883
8,6,1,41,265,-4.9531212995810812,4.3168174474332774
8,6,1,41,266,-4.9778413365951515,4.338994175002675
8,6,1,41,267,-5.0024148784088895,4.36104707806268
8,6,1,41,268,-5.0268409300234023,4.3829749550866994
8,6,1,41,269,-5.0511185378247339,4.404776632772708
8,6,1,41,270,-5.0752467894988218,4.4264509660646105
8,6,1,41,271,-5.0992248139305865,4.4479968381658104
8,6,1,41,272,-5.1230517810874616,4.469413160544466
8,6,1,41,273,-5.1467269018873774,4.4906988729309987
8,6,1,41,274,-5.1702494280514433,4.5118529433076011
8,6,1,41,275,-5.1936186519414616,4.5328743678900416
8,6,1,41,276,-5.2168339063825346,4.5537621711015301
8,6,1,41,277,-5.2398945644708039,4.5745154055392288
8,6,1,41,278,-5.2628000393667271,4.5951331519328811
8,6,1,41,279,-5.2855497840738845,4.6156145190962308
8,6,1,41,280,-5.3081432912036597,4.6359586438707883
8,6,1,41,281,-5.3305800927259899,4.6561646910625392
8,6,1,41,282,-5.3528597597063801,4.6762318533711209
8,6,1,41,283,-5.3749819020294352,4.6961593513122537
8,6,1,41,284,-5.3969461681091344,4.7159464331327641
8,6,1,41,285,-5.4187522445861003,4.7355923747188857
8,6,1,41,286,-5.4403998560120908,4.7550964794977055
8,6,1,41,287,-5.4618887645220155,4.7744580783317971
8,6,1,41,288,-5.4832187694936749,4.7936765294072812
8,6,1,41,289,-5.5043897071954788,4.8127512181153103
8,6,1,41,290,-5.5254014504225619,4.8316815569271672
8,6,1,41,291,-5.5462539081213125,4.8504669852629858
8,6,1,41,292,-5.5669470250027997,4.8691069693543669
8,6,1,41,293,-5.5874807811453655,4.887601002100733
8,6,1,41,294,-5.6078551915864754,4.9059486029198709
8,6,1,41,295,-5.6280703059043811,4.9241493175924775
8,6,1,41,296,-5.6481262077897334,4.9422027181009662
8,6,1,41,297,-5.6680230146073649,4.9601084024626845
8,6,1,41,298,-5.6877608769488113,4.9778659945575541
8,6,1,41,299,-5.7073399781755292,4.995475143950312
8,6,1,41,300,-5.7267605339534509,5.0129355257073769
8,6,1,41,301,-5.7460227917788709,5.0302468402087657
8,6,1,41,302,-5.7651270368249126,5.0474088128412671
8,6,1,41,303,-5.7840735936391221,5.064421193758287
8,6,1,41,304,-5.8028628166630121,5.0812837578397634
8,6,1,41,305,-5.8214950897029993,5.0979963044805263
8,6,1,41,306,-5.8399708253943476,5.1145586573744826
8,6,1,41,307,-5.8582904646588494,5.1309706642945176
8,6,1,41,308,-5.8764544761561339,5.1472321968685035
8,6,1,41,309,-5.8944633557292629,5.1633431503512712
8,6,1,41,310,-5.9123176258447483,5.1793034433929099
8,6,1,41,311,-5.9300178350274457,5.1951130178032576
8,6,1,41,312,-5.9475645572904909,5.2107718383130415
8,6,1,41,313,-5.9649583915608488,5.2262798923314007
8,6,1,41,314,-5.9821999611004877,5.2416371897003735
8,6,1,41,315,-5.9992899129238104,5.2568437624459756
8,6,1,41,316,-6.0162289172114747,5.2718996645264111
8,6,1,41,317,-6.0330176667209692,5.2868049715773662
8,6,1,41,318,-6.0496568761942644,5.3015597806544221
8,6,1,41,319,-6.06614728176294,5.3161642099729374
8,6,1,41,320,-6.0824896403509747,5.3306183986452735
8,6,1,41,321,-6.0986847290755648,5.3449225064157639
8,6,1,41,322,-6.1147333446463783,5.3590767133932431
8,6,1,41,323,-6.1306363027633646,5.3730812197815254
8,6,1,41,324,-6.1463944375136528,5.3869362456077958
8,6,1,41,325,-6.1620086007676269,5.4006420304491183
8,6,1,41,326,-6.1774796615747087,5.4141988331570996
8,6,1,41,327,-6.1928085055589053,5.4276069315808941
8,6,1,41,328,-6.2079960343146219,5.4408666222887065
8,6,1,41,329,-6.2230431648029549,5.4539782202877838
8,6,1,41,330,-6.2379508287486951,5.4669420587430935
8,6,1,41,331,-6.2527199720385287,5.4797584886948885
8,6,1,41,332,-6.2673515541203981,5.4924278787750609
8,6,1,41,333,-6.2818465474046681,5.5049506149225849
8,6,1,41,334,-6.2962059366671266,5.5173271000981154
8,6,1,41,335,-6.3104307184541302,5.5295577539977518
8,6,1,41,336,-6.3245219004903097,5.5416430127663201
8,6,1,41,337,-6.338480501088867,5.5535833287099514
8,6,1,41,338,-6.3523075485649727,5.5653791700083248
8,6,1,41,339,-6.3660040927115862,5.5770310201900291
8,6,1,41,340,-6.379571196461292,5.5885393779937589
8,6,1,41,341,-6.3930099321830021,5.5999047571380824
8,6,1,41,342,-6.4063213811223543,5.6111276860278085
8,6,1,41,343,-6.4195066328460388,5.6222087074602269
8,6,1,41,344,-6.4325667846900139,5.6331483783314509
8,6,1,41,345,-6.4455029412120446,5.6439472693427941
8,6,1,41,346,-6.4583162136487076,5.6546059647073958
8,6,1,41,347,-6.4710077193770861,5.6651250618570712
8,6,1,41,348,-6.4835785813813214,5.6755051711496556
8,6,1,41,349,-6.4960299277244111,5.6857469155767477
8,6,1,41,350,NaN,NaN
8,6,1,41,351,NaN,NaN
8,6,1,41,352,NaN,NaN
8,6,1,41,353,NaN,NaN
8,6,1,41,354,NaN,NaN
8,6,1,41,355,NaN,NaN
8,6,1,41,356,NaN,NaN
8,6,1,41,357,NaN,NaN
8,6,1,41,358,NaN,NaN
8,6,1,41,359,NaN,NaN
8,6,1,41,360,NaN,NaN
8,6,1,41,361,NaN,NaN
8,6,1,41,362,NaN,NaN
8,6,1,41,363,NaN,NaN
8,6,1,41,364,NaN,NaN
8,6,1,41,365,NaN,NaN
8,6,1,41,366,NaN,NaN
8,6,1,41,367,NaN,NaN
8,6,1,41,368,NaN,NaN
8,6,1,41,369,NaN,NaN
8,6,1,41,370,NaN,NaN
8,6,1,41,371,NaN,NaN
8,6,1,41,372,NaN,NaN
8,6,1,41,373,NaN,NaN
8,6,1,41,374,NaN,NaN
8,6,1,41,375,NaN,NaN
8,6,1,41,376,NaN,NaN
8,6,1,41,377,NaN,NaN
8,6,1,41,378,NaN,NaN
8,6,1,41,379,NaN,NaN
8,6,1,41,380,NaN,NaN
8,6,1,41,381,NaN,NaN
8,6,1,41,382,NaN,NaN
8,6,1,41,383,NaN,NaN
8,6,1,41,384,NaN,NaN
8,6,1,41,385,NaN,NaN
8,6,1,41,386,NaN,NaN
8,6,1,41,387,NaN,NaN
8,6,1,41,388,NaN,NaN
8,6,1,41,389,NaN,NaN
8,6,1,41,390,NaN,NaN
8,6,1,41,391,NaN,NaN
8,6,1,41,392,NaN,NaN
8,6,1,41,393,NaN,NaN
8,6,1,41,394,NaN,NaN
8,6,1,41,395,NaN,NaN
8,6,1,41,396,NaN,NaN
8,6,1,41,397,NaN,NaN
8,6,1,41,398,NaN,NaN
8,6,1,41,399,NaN,NaN
8,6,1,41,400,NaN,NaN
8,6,1,41,401,NaN,NaN
8,6,1,41,402,NaN,NaN
8,6,1,41,403,NaN,NaN
8,6,1,41,404,NaN,NaN
8,6,1,41,405,NaN,NaN
8,6,1,41,406,NaN,NaN
8,6,1,41,407,NaN,NaN
8,6,1,41,408,NaN,NaN
8,6,1,41,409,NaN,NaN
8,6,1,41,410,NaN,NaN
8,6,1,41,411,NaN,NaN
8,6,1,41,412,NaN,NaN
8,6,1,41,413,NaN,NaN
8,6,1,41,414,NaN,NaN
8,6,1,41,415,NaN,NaN
8,6,1,41,416,NaN,NaN
8,6,1,41,417,NaN,NaN
8,6,1,41,418,NaN,NaN
8,6,1,41,419,NaN,NaN
8,6,1,41,420,NaN,NaN
8,6,1,41,421,NaN,NaN
8,6,1,41,422,NaN,NaN
8,6,1,41,423,NaN,NaN
8,6,1,41,424,NaN,NaN
8,6,1,41,425,NaN,NaN
8,6,1,41,426,NaN,NaN
8,6,1,41,427,NaN,NaN
8,6,1,41,428,NaN,NaN
8,6,1,41,429,NaN,NaN
8,6,1,41,430,NaN,NaN
8,6,1,41,431,NaN,NaN
8,6,1,41,432,NaN,NaN
8,6,1,41,433,NaN,NaN
8,6,1,41,434,NaN,NaN
8,6,1,41,435,NaN,NaN
8,6,1,41,436,NaN,NaN
8,6,1,41,437,NaN,NaN
8,6,1,41,438,NaN,NaN
8,6,1,41,439,NaN,NaN
8,6,1,41,440,NaN,NaN
8,6,1,41,441,NaN,NaN
8,6,1,41,442,NaN,NaN
8,6,1,41,443,NaN,NaN
8,6,1,41,444,NaN,NaN
8,6,1,41,445,NaN,NaN
8,6,1,41,446,NaN,NaN
8,6,1,41,447,NaN,NaN
8,6,1,41,448,NaN,NaN
8,6,1,41,449,NaN,NaN
8,6,1,41,450,NaN,NaN
8,6,1,41,451,NaN,NaN
8,6,1,41,452,NaN,NaN
8,6,1,41,453,NaN,NaN
8,6,1,41,454,NaN,NaN
8,6,1,41,455,NaN,NaN
8,6,1,41,456,NaN,NaN
8,6,1,41,457,NaN,NaN
8,6,1,41,458,NaN,NaN
8,6,1,41,459,NaN,NaN
8,6,1,41,460,NaN,NaN
8,6,1,41,461,NaN,NaN
8,6,1,41,462,NaN,NaN
8,6,1,41,463,NaN,NaN
8,6,1,41,464,NaN,NaN
8,6,1,41,465,NaN,NaN
8,6,1,41,466,NaN,NaN
8,6,1,41,467,NaN,NaN
8,6,1,41,468,NaN,NaN
8,6,1,41,469,NaN,NaN
8,6,1,41,470,NaN,NaN
8,6,1,41,471,NaN,NaN
8,6,1,41,472,NaN,NaN
8,6,1,41,473,NaN,NaN
8,6,1,41,474,NaN,NaN
8,6,1,41,475,NaN,NaN
8,6,1,41,476,NaN,NaN
8,6,1,41,477,NaN,NaN
8,6,1,41,478,NaN,NaN
8,6,1,41,479,NaN,NaN
8,6,1,41,480,NaN,NaN
8,6,1,41,481,NaN,NaN
8,6,1,41,482,NaN,NaN
8,6,1,41,483,NaN,NaN
8,6,1,41,484,NaN,NaN
8,6,1,41,485,NaN,NaN
8,6,1,41,486,NaN,NaN
8,6,1,41,487,NaN,NaN
8,6,1,41,488,NaN,NaN
8,6,1,41,489,NaN,NaN
8,6,1,41,490,NaN,NaN
8,6,1,41,491,NaN,NaN
8,6,1,41,492,NaN,NaN
8,6,1,41,493,NaN,NaN
8,6,1,41,494,NaN,NaN
8,6,1,41,495,NaN,NaN
8,6,1,41,496,NaN,NaN
8,6,1,41,497,NaN,NaN
8,6,1,41,498,NaN,NaN
8,6,1,41,499,NaN,NaN
8,6,1,41,500,NaN,NaN
8,6,1,41,501,NaN,NaN
8,6,1,41,502,NaN,NaN
8,6,1,41,503,NaN,NaN
8,6,1,41,504,NaN,NaN
8,6,1,41,505,NaN,NaN
8,6,1,41,506,NaN,NaN
8,6,1,41,507,NaN,NaN
8,6,1,41,508,NaN,NaN
8,6,1,41,509,NaN,NaN
8,6,1,41,510,NaN,NaN
8,6,1,41,511,NaN,NaN
8,6,1,41,512,NaN,NaN
8,6,1,41,513,NaN,NaN
8,6,1,41,514,NaN,NaN
8,6,1,41,515,NaN,NaN
8,6,1,41,516,NaN,NaN
8,6,1,41,517,NaN,NaN
8,6,1,41,518,NaN,NaN
8,6,1,41,519,NaN,NaN
8,6,1,41,520,NaN,NaN
8,6,1,41,521,NaN,NaN
8,6,1,41,522,NaN,NaN
8,6,1,41,523,NaN,NaN
8,6,1,41,524,NaN,NaN
8,6,1,41,525,NaN,NaN
8,6,1,41,526,NaN,NaN
8,6,1,41,527,NaN,NaN
8,6,1,41,528,NaN,NaN
8,6,1,41,529,NaN,NaN
8,6,1,41,530,NaN,NaN
8,6,1,41,531,NaN,NaN
8,6,1,41,532,NaN,NaN
8,6,1,41,533,NaN,NaN
8,6,1,41,534,NaN,NaN
8,6,1,41,535,NaN,NaN
8,6,1,41,536,NaN,NaN
8,6,1,41,537,NaN,NaN
8,6,1,41,538,NaN,NaN
8,6,1,41,539,NaN,NaN
8,6,1,41,540,NaN,NaN
8,6,1,41,541,NaN,NaN
8,6,1,41,542,NaN,NaN
8,6,1,41,543,NaN,NaN
8,6,1,41,544,NaN,NaN
8,6,1,41,545,NaN,NaN
8,6,1,41,546,NaN,NaN
8,6,1,41,547,NaN,NaN
8,6,1,41,548,NaN,NaN
8,6,1,41,549,NaN,NaN
8,6,1,41,550,NaN,NaN
8,6,1,41,551,NaN,NaN
8,6,1,41,552,NaN,NaN
8,6,1,41,553,NaN,NaN
8,6,1,41,554,NaN,NaN
8,6,1,41,555,NaN,NaN
8,6,1,41,556,NaN,NaN
8,6,1,41,557,NaN,NaN
8,6,1,41,558,NaN,NaN
8,6,1,41,559,NaN,NaN
8,6,1,41,560,NaN,NaN
8,6,1,41,561,NaN,NaN
8,6,1,41,562,NaN,NaN
8,6,1,41,563,NaN,NaN
8,6,1,41,564,NaN,NaN
8,6,1,41,565,NaN,NaN
8,6,1,41,566,NaN,NaN
8,6,1,41,567,NaN,NaN
8,6,1,41,568,NaN,NaN
8,6,1,41,569,NaN,NaN
8,6,1,41,570,NaN,NaN
8,6,1,41,571,NaN,NaN
8,6,1,41,572,NaN,NaN
8,6,1,41,573,NaN,NaN
8,6,1,41,574,NaN,NaN
8,6,1,41,575,NaN,NaN
8,6,1,41,576,NaN,NaN
8,6,1,41,577,NaN,NaN
8,6,1,41,578,NaN,NaN
8,6,1,41,579,NaN,NaN
8,6,1,41,580,NaN,NaN
8,6,1,41,581,NaN,NaN
8,6,1,41,582,NaN,NaN
8,6,1,41,583,NaN,NaN
8,6,1,41,584,NaN,NaN
8,6,1,41,585,NaN,NaN
8,6,1,41,586,NaN,NaN
8,6,1,41,587,NaN,NaN
8,6,1,41,588,NaN,NaN
8,6,1,41,589,NaN,NaN
8,6,1,41,590,NaN,NaN
8,6,1,41,591,NaN,NaN
8,6,1,41,592,NaN,NaN
8,6,1,41,593,NaN,NaN
8,6,1,41,594,NaN,NaN
8,6,1,41,595,NaN,NaN
8,6,1,41,596,NaN,NaN
8,6,1,41,597,NaN,NaN
8,6,1,41,598,NaN,NaN
8,6,1,41,599,NaN,NaN
8,6,1,33,0,0,0
8,6,1,33,1,0,0
8,6,1,33,2,1.0831147961853915e-05,9.9118446422741258e-06
8,6,1,33,3,2.7943964880927652e-05,3.4344737112612655e-05
8,6,1,33,4,4.6811118697975829e-05,7.7844459445142178e-05
8,6,1,33,5,6.2928953814544997e-05,0.00014489595410449585
8,6,1,33,6,7.1818952562807681e-05,0.00023992565931219012
8,6,1,33,7,6.902913219364315e-05,0.00036730361625825214
8,6,1,33,8,5.0135380763594029e-05,0.00053134536536769694
8,6,1,33,9,1.074273510148771e-05,0.00073631364719550785
8,6,1,33,10,-5.3513396541804426e-05,0.00098641992261616629
8,6,1,33,11,-0.00014696606412401003,0.0012858257259357186
8,6,1,33,12,-0.00027391565551315722,0.001638643863724476
8,6,1,33,13,-0.0004386288237290259,0.0020489394710332398
8,6,1,33,14,-0.00064533745972039647,0.0025207309358954433
8,6,1,33,15,-0.0008982377086297344,0.003057990702484692
8,6,1,33,16,-0.0012014890275025003,0.0036646459623534966
8,6,1,33,17,-0.0015592132828978755,0.0043445792424462448
8,6,1,33,18,-0.0019754938865912397,0.0051016288983352087
8,6,1,33,19,-0.0024543749678918036,0.0059395895200820004
8,6,1,33,20,-0.0029998605811099033,0.0068622122579742317
8,6,1,33,21,-0.0036159139467750734,0.0078732050747210014
8,6,1,33,22,-0.0043064567254058606,0.0089762329301329435
8,6,1,33,23,-0.0050753683224435964,0.010174917904284819
8,6,1,33,24,-0.0059264852235230148,0.011472839264059509
8,6,1,33,25,-0.006863600358558708,0.012873533478549581
8,6,1,33,26,-0.0078904624940756563,0.014380494187413162
8,6,1,33,27,-0.0090107756524904215,0.015997172126791526
8,6,1,33,28,-0.01022819855762136,0.017726975016640889
8,6,1,33,29,-0.011546344105362039,0.019573267413353079
8,6,1,33,30,-0.012968778858951646,0.021539370530737623
8,6,1,33,31,-0.014499022567732167,0.023628562033098377
8,6,1,33,32,-0.016140547708881625,0.025844075802916588
8,6,1,33,33,-0.017896779051346234,0.028189101686235118
8,6,1,33,34,-0.019771093241099935,0.03066678521815025
8,6,1,33,35,-0.021766818407331634,0.033280227330931278
8,6,1,33,36,-0.023887233788716378,0.036032484046860658
8,6,1,33,37,-0.0261355693792098,0.038926566158145604
8,6,1,33,38,-0.028515005592832932,0.041965438895383289
8,6,1,33,39,-0.031028672946736835,0.045152021586916669
8,6,1,33,40,-0.033679651762175133,0.04848918731029106
8,6,1,33,41,-0.036470971882568426,0.051979762537721075
8,6,1,33,42,-0.039405612408549562,0.055626526776689222
8,6,1,33,43,-0.042486501448973923,0.059432212207299884
8,6,1,33,44,-0.045716515887872511,0.063399503317532191
8,6,1,33,45,-0.049098481166615082,0.067531036537407663
8,6,1,33,46,-0.052635171080783749,0.071829399873477029
8,6,1,33,47,-0.056329307591546085,0.076297132544231316
8,6,1,33,48,-0.060183560650817203,0.080936724617730604
8,6,1,33,49,-0.06420054803994435,0.085750616652099931
8,6,1,33,50,-0.068382835221486582,0.090741199339663958
8,6,1,33,51,-0.072732935203595472,0.095910813155664076
8,6,1,33,52,-0.077253308416691535,0.10126174801210475
8,6,1,33,53,-0.081946362602042244,0.10679624291724532
8,6,1,33,54,-0.086814452711780898,0.11251648564167549
8,6,1,33,55,-0.091859880820105433,0.11842461239119084
8,6,1,33,56,-0.097084896045235292,0.12452270748713745
8,6,1,33,57,-0.1024916944818377,0.13081280305461962
8,6,1,33,58,-0.10808241914345151,0.13729687871909813
8,6,1,33,59,-0.11385915991478646,0.14397686131170928
8,6,1,33,60,-0.11982395351339825,0.15085462458361842
8,6,1,33,61,-0.12597878346047864,0.15793198892995186
8,6,1,33,62,-0.13232558006051054,0.16521072112329616
8,6,1,33,63,-0.13886622038942753,0.17269253405747254
8,6,1,33,64,-0.14560252829102227,0.18037908650140877
8,6,1,33,65,-0.15253627438132633,0.18827198286367197
8,6,1,33,66,-0.15966917606066167,0.19637277296778721
8,6,1,33,67,-0.16700289753317499,0.20468295183848906
8,6,1,33,68,-0.17453904983347757,0.21320395949918636
8,6,1,33,69,-0.18227919086032385,0.2219371807806958
8,6,1,33,70,-0.19022482541694585,0.2308839451415523
8,6,1,33,71,-0.19837740525782133,0.24004552649990185
8,6,1,33,72,-0.20673832914185342,0.24942314307714875
8,6,1,33,73,-0.21530894289139568,0.25901795725353227
8,6,1,33,74,-0.22409053945738888,0.26883107543560214
8,6,1,33,75,-0.23308435898993229,0.27886354793581203
8,6,1,33,76,-0.24229158891448943,0.28911636886432557
8,6,1,33,77,-0.25171336401339506,0.29959047603288769
8,6,1,33,78,-0.26135076651245259,0.31028675087114987
8,6,1,33,79,-0.27120482617259412,0.32120601835526064
8,6,1,33,80,-0.28127652038639206,0.33234904694882383
8,6,1,33,81,-0.29156677427924493,0.3437165485564303
8,6,1,33,82,-0.30207646081521489,0.35530917848943244
8,6,1,33,83,-0.31280640090731171,0.36712753544448085
8,6,1,33,84,-0.32375736353217333,0.37917216149434274
8,6,1,33,85,-0.33493006584895957,0.39144354209145471
8,6,1,33,86,-0.34632517332247037,0.4039421060838988
8,6,1,33,87,-0.35794329985038287,0.41666822574395468
8,6,1,33,88,-0.36978500789444091,0.42962221680929724
8,6,1,33,89,-0.38185080861568022,0.44280433853664536
8,6,1,33,90,-0.39414116201350602,0.45621479376801999
8,6,1,33,91,-0.40665647706864538,0.46985372900957834
8,6,1,33,92,-0.41939711188995754,0.4837212345229186
8,6,1,33,93,-0.43236337386496904,0.49781734442891357
8,6,1,33,94,-0.44555551981425023,0.51214203682411197
8,6,1,33,95,-0.45897375614951108,0.52669523390948825
8,6,1,33,96,-0.47261823903544942,0.54147680213181004
8,6,1,33,97,-0.48648907455537405,0.55648655233726807
8,6,1,33,98,-0.50058631888063587,0.57172423993760157
8,6,1,33,99,-0.51490997844374498,0.58718956508859443
8,6,1,33,100,-0.52946001011542898,0.60288217288080037
8,6,1,33,101,-0.54423632138548839,0.61880165354265826
8,6,1,33,102,-0.55923877054749327,0.634947542655806
8,6,1,33,103,-0.57446716688754895,0.65131932138264015
8,6,1,33,104,-0.58992127087697521,0.66791641670596869
8,6,1,33,105,-0.60560079436901004,0.68473820168091781
8,6,1,33,106,-0.62150540079980998,0.70178399569871541
8,6,1,33,107,-0.6376347053934639,0.71905306476267306
8,6,1,33,108,-0.65398827537142545,0.73654462177600577
8,6,1,33,109,-0.67056563016628101,0.7542578268416894
8,6,1,33,110,-0.68736624163995841,0.77219178757404749
8,6,1,33,111,-0.70438953430657647,0.79034555942219531
8,6,1,33,112,-0.72163488555990751,0.80871814600519953
8,6,1,33,113,-0.73910162590561379,0.82730849945894802
8,6,1,33,114,-0.75678903919840779,0.84611552079457142
8,6,1,33,115,-0.77469636288420296,0.86513806026842499
8,6,1,33,116,-0.79282278824734931,0.8843749177635668
8,6,1,33,117,-0.81116746066324241,0.90382484318256018
8,6,1,33,118,-0.82972947985610057,0.92348653685166426
8,6,1,33,119,-0.84850790016249289,0.9433586499361879
8,6,1,33,120,-0.86750173080027415,0.96343978486714554
8,6,1,33,121,-0.88670993614347049,0.98372849577878785
8,6,1,33,122,-0.90613143600292156,1.0042232889573204
8,6,1,33,123,-0.92576510591310668,1.0249226233003976
8,6,1,33,124,-0.94560977742502161,1.0458249107875157
8,6,1,33,125,-0.9656642384054781,1.0669285169610547
8,6,1,33,126,-0.98592723334280374,1.0882317614180153
8,6,1,33,127,-1.0063974636591533,1.1097329183122229
8,6,1,33,128,-1.0270735880296145,1.1314302168669714
8,6,1,33,129,-1.047954222708064,1.1533218418980529
8,6,1,33,130,-1.0690379418601847,1.1754059343469208
8,6,1,33,131,-1.0903232779035876,1.1976805918239157
8,6,1,33,132,-1.1118087218551287,1.2201438691616358
8,6,1,33,133,-1.1334927236857972,1.2427937789779935
8,6,1,33,134,-1.1553736926830482,1.2656282922491906
8,6,1,33,135,-1.1774499978208952,1.2886453388921
8,6,1,33,136,-1.1997199681376969,1.3118428083564311
8,6,1,33,137,-1.222181893121993,1.3352185502259943
8,6,1,33,138,-1.2448340231062949,1.3587703748293127
8,6,1,33,139,-1.2676745696690639,1.382496053859386
8,6,1,33,140,-1.290701706045011,1.4063933210022221
8,6,1,33,141,-1.3139135675436009,1.430459872574394
8,6,1,33,142,-1.3373082519762602,1.4546933681690772
8,6,1,33,143,-1.3608838200919127,1.4790914313107058
8,6,1,33,144,-1.3846382960213621,1.5036516501178738
8,6,1,33,145,-1.4085696677302417,1.5283715779745606
8,6,1,33,146,-1.4326758874808831,1.5532487342092254
8,6,1,33,147,-1.4569548723030512,1.5782806047818703
8,6,1,33,148,-1.4814045044735158,1.6034646429787998
8,6,1,33,149,-1.5060226320047609,1.6287982701147592
8,6,1,33,150,-1.5308070691426201,1.6542788762425737
8,6,1,33,151,-1.5557555968730374,1.6799038208698631
8,6,1,33,152,-1.5808659634379274,1.705670433682696
8,6,1,33,153,-1.606135884860177,1.7315760152760928
8,6,1,33,154,-1.6315630454778074,1.7576178378910319
8,6,1,33,155,-1.6571450984872282,1.7837931461579388
8,6,1,33,156,-1.6828796664957291,1.8100991578463206
8,6,1,33,157,-1.7087643420830689,1.8365330646203577
8,6,1,33,158,-1.7347966883721588,1.863092032800326
8,6,1,33,159,-1.760974239608909,1.8897732041295661
8,6,1,33,160,-1.78729450175103,1.9165736965468332
8,6,1,33,161,-1.8137549530659436,1.9434906049637628
8,6,1,33,162,-1.8403530447375471,1.9705210020472568
8,6,1,33,163,-1.867086201481899,1.9976619390066008
8,6,1,33,164,-1.8939518221717189,2.0249104463850114
8,6,1,33,165,-1.9209472804695538,2.0522635348554723
8,6,1,33,166,-1.9480699254695866,2.0797181960205249
8,6,1,33,167,-1.9753170823479271,2.1072714032159241
8,6,1,33,168,-2.0026860530213355,2.1349201123177286
8,6,1,33,169,-2.0301741168141541,2.1626612625528145
8,6,1,33,170,-2.057778531133414,2.1904917773122952
8,6,1,33,171,-2.0854965321518648,2.218408564967886
8,6,1,33,172,-2.1133253354988559,2.246408519690815
8,6,1,33,173,-2.141262136958888,2.2744885222729354
8,6,1,33,174,-2.1693041131775503,2.3026454409501018
8,6,1,33,175,-2.1974484223748814,2.3308761322271638
8,6,1,33,176,-2.2256922050657102,2.359177441704646
8,6,1,33,177,-2.2540325847869189,2.3875462049066569
8,6,1,33,178,-2.2824666688314013,2.4159792481099092
8,6,1,33,179,-2.3109915489884281,2.4444733891734267
8,6,1,33,180,-2.3396043022902493,2.4730254383688783
8,6,1,33,181,-2.3683019917646764,2.5016321992110955
8,6,1,33,182,-2.3970816671933513,2.5302904692885959
8,6,1,33,183,-2.4259403658755394,2.5589970410938716
8,6,1,33,184,-2.4548751133969979,2.5877487028531792
8,6,1,33,185,-2.4838829244039626,2.6165422393553186
8,6,1,33,186,-2.5129608033815365,2.645374432779696
8,6,1,33,187,-2.5421057454366123,2.6742420635227275
8,6,1,33,188,-2.5713147370847347,2.7031419110228381
8,6,1,33,189,-2.6005847570407692,2.7320707545835403
8,6,1,33,190,-2.6299127770129163,2.7610253741943676
8,6,1,33,191,-2.6592957624999802,2.7900025513494491
8,6,1,33,192,-2.6887306735912606,2.8189990698633509
8,6,1,33,193,-2.7182144657690532,2.8480117166841041
8,6,1,33,194,-2.7477440907131392,2.8770372827029185
8,6,1,33,195,-2.777316497107174,2.9060725635605245
8,6,1,33,196,-2.806928631446437,2.9351143604497807
8,6,1,33,197,-2.8365774388467049,2.9641594809142582
8,6,1,33,198,-2.8662598638538594,2.9932047396426436
8,6,1,33,199,-2.8959728512538141,3.0222469592586316
8,6,1,33,200,-2.9257133468825414,3.0512829711060423
8,6,1,33,201,-2.9554782984357097,3.0803096160289338
8,6,1,33,202,-2.9852646562775642,3.1093237451464444
8,6,1,33,203,-3.0150693742487853,3.1383222206222001
8,6,1,33,204,-3.0448894104728561,3.1673019164278089
8,6,1,33,205,-3.0747217281606174,3.1962597191005111
8,6,1,33,206,-3.1045632964125547,3.2251925284944387
8,6,1,33,207,-3.1344110910186074,3.2540972585254706
8,6,1,33,208,-3.1642620952549496,3.2829708379092799
8,6,1,33,209,-3.1941133006774369,3.3118102108925433
8,6,1,33,210,-3.2239617079113989,3.3406123379767312
8,6,1,33,211,-3.2538043274372819,3.3693741966347197
8,6,1,33,212,-3.2836381803719172,3.3980927820194657
8,6,1,33,213,-3.313460299244869,3.4267651076650778
8,6,1,33,214,-3.3432677287696446,3.455388206179602
8,6,1,33,215,-3.3730575266093519,3.4839591299294925
8,6,1,33,216,-3.4028267641363574,3.512474951715669
8,6,1,33,217,-3.4325725271857288,3.5409327654406715
8,6,1,33,218,-3.4622919168019406,3.5693296867670172
8,6,1,33,219,-3.4919820499786258,3.5976628537663617
8,6,1,33,220,-3.5216400603909626,3.625929427559166
8,6,1,33,221,-3.5512630991203054,3.6541265929451368
8,6,1,33,222,-3.5808483353707956,3.6822515590236167
8,6,1,33,223,-3.6103929571775604,3.7103015598042881
8,6,1,33,224,-3.6398941721062341,3.7382738548076473
8,6,1,33,225,-3.6693492079432843,3.766165729655349
8,6,1,33,226,-3.6987553133771334,3.7939744966499407
8,6,1,33,227,-3.7281097586694623,3.8216974953441616
8,6,1,33,228,-3.7574098363165556,3.8493320930993695
8,6,1,33,229,-3.7866528617002846,3.8768756856331326
8,6,1,33,230,-3.815836173728604,3.9043256975556275
8,6,1,33,231,-3.8449571354649601,3.9316795828949509
8,6,1,33,232,-3.8740131347467122,3.9589348256110131
8,6,1,33,233,-3.9030015847919763,3.9860889400979147
8,6,1,33,234,-3.9319199247947689,4.0131394716747595
8,6,1,33,235,-3.9607656205081887,4.0400839970646256
8,6,1,33,236,-3.9895361648153771,4.0669201248617561
8,6,1,33,237,-4.0182290782879271,4.0936454959867392
8,6,1,33,238,-4.0468419097316914,4.1202577841295023
8,6,1,33,239,-4.0753722367195486,4.1467546961802073
8,6,1,33,240,-4.1038176661110981,4.1731339726478325
8,6,1,33,241,-4.1321758345589208,4.1993933880662944
8,6,1,33,242,-4.1604444090013626,4.22553075138811
8,6,1,33,243,-4.1886210871414526,4.2515439063655656
8,6,1,33,244,-4.2167035979120087,4.2774307319190772
8,6,1,33,245,-4.2446897019266014,4.3031891424929993
8,6,1,33,246,-4.2725771919161772,4.3288170883985453
8,6,1,33,247,-4.3003638931514212,4.3543125561438716
8,6,1,33,248,-4.3280476638503815,4.3796735687513548
8,6,1,33,249,-4.3556263955715711,4.4048981860617369
8,6,1,33,250,-4.3830980135921465,4.4299845050254332
8,6,1,33,251,-4.4104604772712221,4.4549306599807244
8,6,1,33,252,-4.4377117803981125,4.4797348229189096
8,6,1,33,253,-4.4648499515254789,4.5043952037363253
8,6,1,33,254,-4.4918730542872769,4.5289100504732973
8,6,1,33,255,-4.5187791877013943,4.5532776495398801
8,6,1,33,256,-4.545566486456992,4.577496325928518
8,6,1,33,257,-4.5722331211863976,4.601564443413511
8,6,1,33,258,-4.5987772987216067,4.6254804047373117
8,6,1,33,259,-4.6251972623352735,4.6492426517836973
8,6,1,33,260,-4.6514912919662148,4.6728496657377692
8,6,1,33,261,-4.6776577044294001,4.6962999672328891
8,6,1,33,262,-4.7036948536104184,4.7195921164843808
8,6,1,33,263,-4.7296011306444399,4.7427247134102926
8,6,1,33,264,-4.7553749640796115,4.7656963977390054
8,6,1,33,265,-4.781014820025109,4.7885058491038244
8,6,1,33,266,-4.8065192022835213,4.8111517871247313
8,6,1,33,267,-4.8318866524680759,4.8336329714770283
8,6,1,33,268,-4.8571157501042848,4.8559482019471467
8,6,1,33,269,-4.8822051127164201,4.8780963184757917
8,6,1,33,270,-4.9071533958987112,4.9000762011881003
8,6,1,33,271,-4.9319592933713459,4.9218867704112075
8,6,1,33,272,-4.9566215370214719,4.9435269866792888
8,6,1,33,273,-4.9811388969291661,4.964995850725817
8,6,1,33,274,-5.0055101813784866,4.9862924034635743
8,6,1,33,275,-5.0297342368538169,5.0074157259521774
8,6,1,33,276,-5.0538099480214811,5.0283649393533052
8,6,1,33,277,-5.0777362376969055,5.0491392048737564
8,6,1,33,278,-5.1015120667973033,5.0697377236963854
8,6,1,33,279,-5.1251364342800869,5.0901597368990217
8,6,1,33,280,-5.1486083770672213,5.1104045253615418
8,6,1,33,281,-5.1719269699555479,5.1304714096611272
8,6,1,33,282,-5.1950913255133289,5.1503597499558156
8,6,1,33,283,-5.218100593963154,5.17006894585659
8,6,1,33,284,-5.2409539630513038,5.1895984362879872
8,6,1,33,285,-5.2636506579039564,5.2089476993373438
8,6,1,33,286,-5.286189940870095,5.228116252093054
8,6,1,33,287,-5.3085711113517231,5.2471036504715709
8,6,1,33,288,-5.3307935056211289,5.2659094890336631
8,6,1,33,289,-5.352856496625785,5.2845334007898561
8,6,1,33,290,-5.3747594937808838,5.3029750569952103
8,6,1,33,291,-5.3965019427497376,5.321234166933789
8,6,1,33,292,-5.4180833252123364,5.3393104776926243
8,6,1,33,293,-5.4395031586221885,5.3572037739256642
8,6,1,33,294,-5.4607609959518024,5.3749138776076091
8,6,1,33,295,-5.4818564254268507,5.3924406477779598
8,6,1,33,296,-5.5027890702494195,5.409783980275443
8,6,1,33,297,-5.5235585883105394,5.4269438074627443
8,6,1,33,298,-5.5441646718921325,5.4439200979420761
8,6,1,33,299,-5.564607047358761,5.4607128562615044
8,6,1,33,300,-5.5848854748393908,5.4773221226121969
8,6,1,33,301,-5.6049997478993472,5.4937479725169238
8,6,1,33,302,-5.6249496932027574,5.509990516509963
8,6,1,33,303,-5.6447351701657933,5.526049899808358
8,6,1,33,304,-5.6643560706009453,5.5419263019749891
8,6,1,33,305,-5.6838123183524267,5.5576199365736239
8,6,1,33,306,-5.7031038689233258,5.5731310508158796
8,6,1,33,307,-5.7222307090943669,5.5884599252005094
8,6,1,33,308,-5.7411928565348438,5.6036068731452202
8,6,1,33,309,-5.7599903594058421,5.618572240611039
8,6,1,33,310,-5.7786232959561143,5.6333564057195282
8,6,1,33,311,-5.7970917741107524,5.6479597783631181
8,6,1,33,312,-5.8153959310530636,5.6623827998085048
8,6,1,33,313,-5.8335359327998662,5.6766259422936312
8,6,1,33,314,-5.8515119737704175,5.6906897086181383
8,6,1,33,315,-5.8693242763493743,5.7045746317277963
8,6,1,33,316,-5.8869730904439308,5.7182812742927167
8,6,1,33,317,-5.9044586930355187,5.7318102282799908
8,6,1,33,318,-5.9217813877262495,5.7451621145206051
8,6,1,33,319,-5.9389415042804208,5.7583375822710083
8,6,1,33,320,-5.9559393981613695,5.7713373087694722
8,6,1,33,321,-5.9727754500639048,5.7841619987875044
8,6,1,33,322,-5.9894500654426199,5.7968123841763166
8,6,1,33,323,-6.0059636740363578,5.8092892234089506
8,6,1,33,324,-6.0223167293890931,5.821593301117808
8,6,1,33,325,-6.0385097083674397,5.8337254276280479
8,6,1,33,326,-6.0545431106752146,5.8456864384869602
8,6,1,33,327,-6.0704174583650685,5.8574771939897161
8,6,1,33,328,-6.0861332953477563,5.8690985787012737
8,6,1,33,329,-6.1016911868990222,5.8805515009750815
8,6,1,33,330,-6.1170917191645637,5.8918368924685245
8,6,1,33,331,-6.1323354986631884,5.9029557076553578
8,6,1,33,332,NaN,NaN
8,6,1,33,333,NaN,NaN
8,6,1,33,334,NaN,NaN
8,6,1,33,335,NaN,NaN
8,6,1,33,336,NaN,NaN
8,6,1,33,337,NaN,NaN
8,6,1,33,338,NaN,NaN
8,6,1,33,339,NaN,NaN
8,6,1,33,340,NaN,NaN
8,6,1,33,341,NaN,NaN
8,6,1,33,342,NaN,NaN
8,6,1,33,343,NaN,NaN
8,6,1,33,344,NaN,NaN
8,6,1,33,345,NaN,NaN
8,6,1,33,346,NaN,NaN
8,6,1,33,347,NaN,NaN
8,6,1,33,348,NaN,NaN
8,6,1,33,349,NaN,NaN
8,6,1,33,350,NaN,NaN
8,6,1,33,351,NaN,NaN
8,6,1,33,352,NaN,NaN
8,6,1,33,353,NaN,NaN
8,6,1,33,354,NaN,NaN
8,6,1,33,355,NaN,NaN
8,6,1,33,356,NaN,NaN
8,6,1,33,357,NaN,NaN
8,6,1,33,358,NaN,NaN
8,6,1,33,359,NaN,NaN
8,6,1,33,360,NaN,NaN
8,6,1,33,361,NaN,NaN
8,6,1,33,362,NaN,NaN
8,6,1,33,363,NaN,NaN
8,6,1,33,364,NaN,NaN
8,6,1,33,365,NaN,NaN
8,6,1,33,366,NaN,NaN
8,6,1,33,367,NaN,NaN
8,6,1,33,368,NaN,NaN
8,6,1,33,369,NaN,NaN
8,6,1,33,370,NaN,NaN
8,6,1,33,371,NaN,NaN
8,6,1,33,372,NaN,NaN
8,6,1,33,373,NaN,NaN
8,6,1,33,374,NaN,NaN
8,6,1,33,375,NaN,NaN
8,6,1,33,376,NaN,NaN
8,6,1,33,377,NaN,NaN
8,6,1,33,378,NaN,NaN
8,6,1,33,379,NaN,NaN
8,6,1,33,380,NaN,NaN
8,6,1,33,381,NaN,NaN
8,6,1,33,382,NaN,NaN
8,6,1,33,383,NaN,NaN
8,6,1,33,384,NaN,NaN
8,6,1,33,385,NaN,NaN
8,6,1,33,386,NaN,NaN
8,6,1,33,387,NaN,NaN
8,6,1,33,388,NaN,NaN
8,6,1,33,389,NaN,NaN
8,6,1,33,390,NaN,NaN
8,6,1,33,391,NaN,NaN
8,6,1,33,392,NaN,NaN
8,6,1,33,393,NaN,NaN
8,6,1,33,394,NaN,NaN
8,6,1,33,395,NaN,NaN
8,6,1,33,396,NaN,NaN
8,6,1,33,397,NaN,NaN
8,6,1,33,398,NaN,NaN
8,6,1,33,399,NaN,NaN
8,6,1,33,400,NaN,NaN
8,6,1,33,401,NaN,NaN
8,6,1,33,402,NaN,NaN
8,6,1,33,403,NaN,NaN
8,6,1,33,404,NaN,NaN
8,6,1,33,405,NaN,NaN
8,6,1,33,406,NaN,NaN
8,6,1,33,407,NaN,NaN
8,6,1,33,408,NaN,NaN
8,6,1,33,409,NaN,NaN
8,6,1,33,410,NaN,NaN
8,6,1,33,411,NaN,NaN
8,6,1,33,412,NaN,NaN
8,6,1,33,413,NaN,NaN
8,6,1,33,414,NaN,NaN
8,6,1,33,415,NaN,NaN
8,6,1,33,416,NaN,NaN
8,6,1,33,417,NaN,NaN
8,6,1,33,418,NaN,NaN
8,6,1,33,419,NaN,NaN
8,6,1,33,420,NaN,NaN
8,6,1,33,421,NaN,NaN
8,6,1,33,422,NaN,NaN
8,6,1,33,423,NaN,NaN
8,6,1,33,424,NaN,NaN
8,6,1,33,425,NaN,NaN
8,6,1,33,426,NaN,NaN
8,6,1,33,427,NaN,NaN
8,6,1,33,428,NaN,NaN
8,6,1,33,429,NaN,NaN
8,6,1,33,430,NaN,NaN
8,6,1,33,431,NaN,NaN
8,6,1,33,432,NaN,NaN
8,6,1,33,433,NaN,NaN
8,6,1,33,434,NaN,NaN
8,6,1,33,435,NaN,NaN
8,6,1,33,436,NaN,NaN
8,6,1,33,437,NaN,NaN
8,6,1,33,438,NaN,NaN
8,6,1,33,439,NaN,NaN
8,6,1,33,440,NaN,NaN
8,6,1,33,441,NaN,NaN
8,6,1,33,442,NaN,NaN
8,6,1,33,443,NaN,NaN
8,6,1,33,444,NaN,NaN
8,6,1,33,445,NaN,NaN
8,6,1,33,446,NaN,NaN
8,6,1,33,447,NaN,NaN
8,6,1,33,448,NaN,NaN
8,6,1,33,449,NaN,NaN
8,6,1,33,450,NaN,NaN
8,6,1,33,451,NaN,NaN
8,6,1,33,452,NaN,NaN
8,6,1,33,453,NaN,NaN
8,6,1,33,454,NaN,NaN
8,6,1,33,455,NaN,NaN
8,6,1,33,456,NaN,NaN
8,6,1,33,457,NaN,NaN
8,6,1,33,458,NaN,NaN
8,6,1,33,459,NaN,NaN
8,6,1,33,460,NaN,NaN
8,6,1,33,461,NaN,NaN
8,6,1,33,462,NaN,NaN
8,6,1,33,463,NaN,NaN
8,6,1,33,464,NaN,NaN
8,6,1,33,465,NaN,NaN
8,6,1,33,466,NaN,NaN
8,6,1,33,467,NaN,NaN
8,6,1,33,468,NaN,NaN
8,6,1,33,469,NaN,NaN
8,6,1,33,470,NaN,NaN
8,6,1,33,471,NaN,NaN
8,6,1,33,472,NaN,NaN
8,6,1,33,473,NaN,NaN
8,6,1,33,474,NaN,NaN
8,6,1,33,475,NaN,NaN
8,6,1,33,476,NaN,NaN
8,6,1,33,477,NaN,NaN
8,6,1,33,478,NaN,NaN
8,6,1,33,479,NaN,NaN
8,6,1,33,480,NaN,NaN
8,6,1,33,481,NaN,NaN
8,6,1,33,482,NaN,NaN
8,6,1,33,483,NaN,NaN
8,6,1,33,484,NaN,NaN
8,6,1,33,485,NaN,NaN
8,6,1,33,486,NaN,NaN
8,6,1,33,487,NaN,NaN
8,6,1,33,488,NaN,NaN
8,6,1,33,489,NaN,NaN
8,6,1,33,490,NaN,NaN
8,6,1,33,491,NaN,NaN
8,6,1,33,492,NaN,NaN
8,6,1,33,493,NaN,NaN
8,6,1,33,494,NaN,NaN
8,6,1,33,495,NaN,NaN
8,6,1,33,496,NaN,NaN
8,6,1,33,497,NaN,NaN
8,6,1,33,498,NaN,NaN
8,6,1,33,499,NaN,NaN
8,6,1,33,500,NaN,NaN
8,6,1,33,501,NaN,NaN
8,6,1,33,502,NaN,NaN
8,6,1,33,503,NaN,NaN
8,6,1,33,504,NaN,NaN
8,6,1,33,505,NaN,NaN
8,6,1,33,506,NaN,NaN
8,6,1,33,507,NaN,NaN
8,6,1,33,508,NaN,NaN
8,6,1,33,509,NaN,NaN
8,6,1,33,510,NaN,NaN
8,6,1,33,511,NaN,NaN
8,6,1,33,512,NaN,NaN
8,6,1,33,513,NaN,NaN
8,6,1,33,514,NaN,NaN
8,6,1,33,515,NaN,NaN
8,6,1,33,516,NaN,NaN
8,6,1,33,517,NaN,NaN
8,6,1,33,518,NaN,NaN
8,6,1,33,519,NaN,NaN
8,6,1,33,520,NaN,NaN
8,6,1,33,521,NaN,NaN
8,6,1,33,522,NaN,NaN
8,6,1,33,523,NaN,NaN
8,6,1,33,524,NaN,NaN
8,6,1,33,525,NaN,NaN
8,6,1,33,526,NaN,NaN
8,6,1,33,527,NaN,NaN
8,6,1,33,528,NaN,NaN
8,6,1,33,529,NaN,NaN
8,6,1,33,530,NaN,NaN
8,6,1,33,531,NaN,NaN
8,6,1,33,532,NaN,NaN
8,6,1,33,533,NaN,NaN
8,6,1,33,534,NaN,NaN
8,6,1,33,535,NaN,NaN
8,6,1,33,536,NaN,NaN
8,6,1,33,537,NaN,NaN
8,6,1,33,538,NaN,NaN
8,6,1,33,539,NaN,NaN
8,6,1,33,540,NaN,NaN
8,6,1,33,541,NaN,NaN
8,6,1,33,542,NaN,NaN
8,6,1,33,543,NaN,NaN
8,6,1,33,544,NaN,NaN
8,6,1,33,545,NaN,NaN
8,6,1,33,546,NaN,NaN
8,6,1,33,547,NaN,NaN
8,6,1,33,548,NaN,NaN
8,6,1,33,549,NaN,NaN
8,6,1,33,550,NaN,NaN
8,6,1,33,551,NaN,NaN
8,6,1,33,552,NaN,NaN
8,6,1,33,553,NaN,NaN
8,6,1,33,554,NaN,NaN
8,6,1,33,555,NaN,NaN
8,6,1,33,556,NaN,NaN
8,6,1,33,557,NaN,NaN
8,6,1,33,558,NaN,NaN
8,6,1,33,559,NaN,NaN
8,6,1,33,560,NaN,NaN
8,6,1,33,561,NaN,NaN
8,6,1,33,562,NaN,NaN
8,6,1,33,563,NaN,NaN
8,6,1,33,564,NaN,NaN
8,6,1,33,565,NaN,NaN
8,6,1,33,566,NaN,NaN
8,6,1,33,567,NaN,NaN
8,6,1,33,568,NaN,NaN
8,6,1,33,569,NaN,NaN
8,6,1,33,570,NaN,NaN
8,6,1,33,571,NaN,NaN
8,6,1,33,572,NaN,NaN
8,6,1,33,573,NaN,NaN
8,6,1,33,574,NaN,NaN
8,6,1,33,575,NaN,NaN
8,6,1,33,576,NaN,NaN
8,6,1,33,577,NaN,NaN
8,6,1,33,578,NaN,NaN
8,6,1,33,579,NaN,NaN
8,6,1,33,580,NaN,NaN
8,6,1,33,581,NaN,NaN
8,6,1,33,582,NaN,NaN
8,6,1,33,583,NaN,NaN
8,6,1,33,584,NaN,NaN
8,6,1,33,585,NaN,NaN
8,6,1,33,586,NaN,NaN
8,6,1,33,587,NaN,NaN
8,6,1,33,588,NaN,NaN
8,6,1,33,589,NaN,NaN
8,6,1,33,590,NaN,NaN
8,6,1,33,591,NaN,NaN
8,6,1,33,592,NaN,NaN
8,6,1,33,593,NaN,NaN
8,6,1,33,594,NaN,NaN
8,6,1,33,595,NaN,NaN
8,6,1,33,596,NaN,NaN
8,6,1,33,597,NaN,NaN
8,6,1,33,598,NaN,NaN
8,6,1,33,599,NaN,NaN
8,6,1,38,0,0,0
8,6,1,38,1,0,0
8,6,1,38,2,4.2248869180916415e-06,8.8060676778356495e-06
8,6,1,38,3,8.029923020957952e-06,3.131432676217738e-05
8,6,1,38,4,6.801303797931979e-06,7.2358197231170429e-05
8,6,1,38,5,-4.04249200225415e-06,0.00013671082653710087
8,6,1,38,6,-2.9049421601534675e-05,0.00022908727092818548
8,6,1,38,7,-7.2732662453889318e-05,0.00035414644634357284
8,6,1,38,8,-0.00013956945856818948,0.0005164928657402923
8,6,1,38,9,-0.00023400002540086007,0.00072067817941390278
8,6,1,38,10,-0.00036042651027079486,0.00097120253328419892
8,6,1,38,11,-0.00052321200575411453,0.0012725157591375602
8,6,1,38,12,-0.00072667961324435204,0.0016290184098655125
8,6,1,38,13,-0.00097511155427998375,0.0020450626519619153
8,6,1,38,14,-0.0012727483274799223,0.0025249530263726783
8,6,1,38,15,-0.0016237879088498719,0.003072947088245126
8,6,1,38,16,-0.0020323849934833493,0.0036932559354885264
8,6,1,38,17,-0.0025026502769198711,0.0043900446348971167
8,6,1,38,18,-0.0030386497741563545,0.0051674325546785527
8,6,1,38,19,-0.0036444041750072209,0.0060294936108123975
8,6,1,38,20,-0.0043238882339480256,0.0069802564349269458
8,6,1,38,21,-0.0050810301932158186,0.0080237044701003679
8,6,1,38,22,-0.0059197112376341288,0.0091637760013058012
8,6,1,38,23,-0.0068437649799635292,0.010404364126018195
8,6,1,38,24,-0.0078569769755343355,0.011749316670570109
8,6,1,38,25,-0.0089630842649290887,0.013202436057427325
8,6,1,38,26,-0.010165774943682315,0.014767479127950067
8,6,1,38,27,-0.011468687757920648,0.01644815692510293
8,6,1,38,28,-0.012875411724949659,0.018248134440179697
8,6,1,38,29,-0.014389485777738242,0.020171030327401085
8,6,1,38,30,-0.016014398432595556,0.022220416589721625
8,6,1,38,31,-0.017753587478924748,0.02439981823933457
8,6,1,38,32,-0.019610439690426196,0.026712712935822447
8,6,1,38,33,-0.021588290556762146,0.02916253060479268
8,6,1,38,34,-0.023690424035088808,0.031752653039562873
8,6,1,38,35,-0.025920072320534393,0.034486413488535317
8,6,1,38,36,-0.02828041563506245,0.037367096230284114
8,6,1,38,37,-0.030774582033954445,0.040397936138611423
8,6,1,38,38,-0.033405647229228785,0.043582118239540724
8,6,1,38,39,-0.036176634429424537,0.046922777261945714
8,6,1,38,40,-0.039090514195005976,0.050422997183716123
8,6,1,38,41,-0.042150204308977202,0.054085810774640031
8,6,1,38,42,-0.045358569661879677,0.057914199138006661
8,6,1,38,43,-0.048718422150806351,0.061911091251737327
8,6,1,38,44,-0.052232520591782849,0.066079363510668232
8,6,1,38,45,-0.05590357064498841,0.070421839270931597
8,6,1,38,46,-0.059734224752355791,0.074941288397603611
8,6,1,38,47,-0.063727082086945108,0.07964042681661565
8,6,1,38,48,-0.067884688513691893,0.084521916071808589
8,6,1,38,49,-0.072209536560979837,0.0895883628879518
8,6,1,38,50,-0.076704065402688482,0.094842318740614995
8,6,1,38,51,-0.081370660850071941,0.10028627943359514
8,6,1,38,52,-0.086211655353224392,0.10592268468442578
8,6,1,38,53,-0.091229328011649402,0.1117539177188015
8,6,1,38,54,-0.096425904593383516,0.11778230487437813
8,6,1,38,55,-0.10180355756249093,0.12401011521443184
8,6,1,38,56,-0.10736440611438525,0.1304395601520153
8,6,1,38,57,-0.11311051621863411,0.13707279308487197
8,6,1,38,58,-0.11904390066894699,0.14391190904167184
8,6,1,38,59,-0.12516651913982435,0.1509589443398851
8,6,1,38,60,-0.13148027824979591,0.15821587625553524
8,6,1,38,61,-0.13798703163053205,0.16568462270550866
8,6,1,38,62,-0.14468858000196705,0.17336704194210739
8,6,1,38,63,-0.15158667125270142,0.18126493226076346
8,6,1,38,64,-0.15868300052563344,0.18938003172068729
8,6,1,38,65,-0.16597921030847562,0.19771401787888054
8,6,1,38,66,-0.17347689052882309,0.20626850753769632
8,6,1,38,67,-0.1811775786536185,0.2150450565059886
8,6,1,38,68,-0.18908275979260813,0.22404515937431979
8,6,1,38,69,-0.19719386680575046,0.23327024930393236
8,6,1,38,70,-0.20551228041408298,0.24272169783010611
8,6,1,38,71,-0.21403932931414182,0.25240081467958198
8,6,1,38,72,-0.22277629029543444,0.26230884760244655
8,6,1,38,73,-0.23172438836093212,0.27244698221847996
8,6,1,38,74,-0.2408847968503991,0.28281634187797555
8,6,1,38,75,-0.25025863756629185,0.29341798753728943
8,6,1,38,76,-0.25984698090220637,0.30425291764888118
8,6,1,38,77,-0.26965084597355138,0.31532206806628993
8,6,1,38,78,-0.2796712007504476,0.32662631196373193
8,6,1,38,79,-0.28990896219273088,0.33816645977055859
8,6,1,38,80,-0.30036499638680381,0.34994325912051649
8,6,1,38,81,-0.31104011868438031,0.36195739481598987
8,6,1,38,82,-0.32193509384298435,0.37420948880696747
8,6,1,38,83,-0.33305063616809183,0.38670010018496959
8,6,1,38,84,-0.34438740965693215,0.39942972519187714
8,6,1,38,85,-0.35594602814369991,0.41239879724368766
8,6,1,38,86,-0.36772705544647621,0.42560768696905393
8,6,1,38,87,-0.37973100551542127,0.43905670226285221
8,6,1,38,88,-0.39195834258250462,0.45274608835451646
8,6,1,38,89,-0.40440948131267307,0.46667602789129126
8,6,1,38,90,-0.41708478695643425,0.4808466410362866
8,6,1,38,91,-0.42998457550383895,0.49525798558142375
8,6,1,38,92,-0.44310911384002338,0.509910057075047
8,6,1,38,93,-0.45645861990213366,0.52480278896443189
8,6,1,38,94,-0.47003326283787117,0.53993605275293455
8,6,1,38,95,-0.48383316316559233,0.55530965817186806
8,6,1,38,96,-0.49785839293602918,0.5709233533670921
8,6,1,38,97,-0.5121089758957531,0.58677682510011875
8,6,1,38,98,-0.52658488765247036,0.60286969896382325
8,6,1,38,99,-0.54128605584213285,0.61920153961284863
8,6,1,38,100,-0.55621236029806398,0.63577185100821831
8,6,1,38,101,-0.57136363322221606,0.65258007667660101
8,6,1,38,102,-0.58673965935855388,0.66962559998390292
8,6,1,38,103,-0.60234017616885294,0.68690774442316804
8,6,1,38,104,-0.61816487401087916,0.70442577391674754
8,6,1,38,105,-0.63421339631925533,0.72217889313274386
8,6,1,38,106,-0.65048533978894207,0.74016624781555462
8,6,1,38,107,-0.66698025456178867,0.75838692513052475
8,6,1,38,108,-0.68369764441597036,0.77683995402259842
8,6,1,38,109,-0.70063696695876754,0.79552430558896547
8,6,1,38,110,-0.71779763382269213,0.81443889346558551
8,6,1,38,111,-0.73517901086511683,0.83358257422751769
8,6,1,38,112,-0.75278041837178455,0.85295414780293122
8,6,1,38,113,-0.77060113126415919,0.87255235790082153
8,6,1,38,114,-0.78864037931088427,0.89237589245236559
8,6,1,38,115,-0.8068973473436325,0.91242338406558876
8,6,1,38,116,-0.82537117547744066,0.93269341049354859
8,6,1,38,117,-0.84406095933569625,0.95318449511579695
8,6,1,38,118,-0.86296575028013689,0.97389510743308982
8,6,1,38,119,-0.88208455564591226,0.99482366357510066
8,6,1,38,120,-0.90141633898195295,1.0159685268213288
8,6,1,38,121,-0.92096002029696811,1.0373280081346192
8,6,1,38,122,-0.94071447631106087,1.0589003667078212
8,6,1,38,123,-0.96067854071342218,1.0806838105228671
8,6,1,38,124,-0.98085100442605322,1.1026764969225638
8,6,1,38,125,-1.0012306158739936,1.1248765331947546
8,6,1,38,126,-1.0218160812619892,1.1472819771688543
8,6,1,38,127,-1.0426060648580815,1.1698908378245831
8,6,1,38,128,-1.0635991892840813,1.1927010759126806
8,6,1,38,129,-1.0847940358132246,1.2157106045876915
8,6,1,38,130,-1.1061891446753624,1.2389172900524019
8,6,1,38,131,-1.1277830153695212,1.2623189522140228
8,6,1,38,132,-1.1495741069843968,1.2859133653518344
8,6,1,38,133,-1.1715608385267695,1.3096982587961188
8,6,1,38,134,-1.1937415892580683,1.3336713176183927
8,6,1,38,135,-1.2161146990392613,1.3578301833325286
8,6,1,38,136,-1.2386784686842178,1.3821724546069114
8,6,1,38,137,-1.2614311603218631,1.4066956879870336
8,6,1,38,138,-1.2843709977669704,1.4313973986289001
8,6,1,38,139,-1.3074961669001628,1.4562750610424584
8,6,1,38,140,-1.3308048160568908,1.4813261098453849
8,6,1,38,141,-1.3542950564257916,1.5065479405267896
8,6,1,38,142,-1.3779649624563906,1.5319379102205795
8,6,1,38,143,-1.4018125722764063,1.557493338488511
8,6,1,38,144,-1.4258358881187316,1.5832115081124754
8,6,1,38,145,-1.4500328767581172,1.6090896658960268
8,6,1,38,146,-1.4744014699577701,1.6351250234748316
8,6,1,38,147,-1.498939564925944,1.6613147581357373
8,6,1,38,148,-1.5236450247825606,1.6876560136444425
8,6,1,38,149,-1.5485156790359222,1.7141459010813569
8,6,1,38,150,-1.5735493240696563,1.7407814996855564
8,6,1,38,151,-1.5987437236398727,1.767559857706444
8,6,1,38,152,-1.6240966093826192,1.7944779932629968
8,6,1,38,153,-1.6496056813316173,1.8215328952104008
8,6,1,38,154,-1.6752686084464063,1.8487215240135275
8,6,1,38,155,-1.7010830291507129,1.8760408126274135
8,6,1,38,156,-1.727046551881245,1.9034876673842294
8,6,1,38,157,-1.7531567556468564,1.9310589688863677
8,6,1,38,158,-1.7794111905978571,1.9587515729057758
8,6,1,38,159,-1.8058073786057449,1.9865623112888253
8,6,1,38,160,-1.8323428138531273,2.0144879928667008
8,6,1,38,161,-1.8590149634337194,2.0425254043710179
8,6,1,38,162,-1.885821267962523,2.0706713113542357
8,6,1,38,163,-1.9127591421959744,2.0989224591147213
8,6,1,38,164,-1.9398259756620073,2.1272755736261555
8,6,1,38,165,-1.9670191332999132,2.1557273624708579
8,6,1,38,166,-1.9943359561098939,2.1842745157769823
8,6,1,38,167,-2.0217737618121676,2.2129137071589451
8,6,1,38,168,-2.0493298455154574,2.2416415946611896
8,6,1,38,169,-2.0770014803948245,2.2704548217045013
8,6,1,38,170,-2.1047859183784325,2.2993500180350597
8,6,1,38,171,-2.1326803908434,2.3283238006755385
8,6,1,38,172,-2.160682109320228,2.357372774878133
8,6,1,38,173,-2.1887882662058491,2.3864935350791012
8,6,1,38,174,-2.2169960354849527,2.4156826658546153
8,6,1,38,175,-2.2453025734593455,2.4449367428774487
8,6,1,38,176,-2.2737050194852335,2.4742523338743547
8,6,1,38,177,-2.3022004967181098,2.5036259995836003
8,6,1,38,178,-2.3307861128649132,2.5330542947126138
8,6,1,38,179,-2.3594589609433947,2.5625337688950505
8,6,1,38,180,-2.38821612004817,2.5920609676473667
8,6,1,38,181,-2.4170546561234074,2.6216324333241889
8,6,1,38,182,-2.4459716227416717,2.6512447060724891
8,6,1,38,183,-2.4749640618887234,2.6808943247838974
8,6,1,38,184,-2.5040290047539604,2.7105778280451771
8,6,1,38,185,-2.533163472526101,2.7402917550862051
8,6,1,38,186,-2.5623644771938792,2.7700326467254204
8,6,1,38,187,-2.5916290223513494,2.7997970463121384
8,6,1,38,188,-2.6209541040074669,2.8295815006657148
8,6,1,38,189,-2.6503367113996426,2.8593825610108201
8,6,1,38,190,-2.6797738278108216,2.8891967839089845
8,6,1,38,191,-2.7092624313897753,2.919020732185698
8,6,1,38,192,-2.7387994959743089,2.9488509758529151
8,6,1,38,193,-2.7683819919168071,2.9786840930266263
8,6,1,38,194,-2.7980068869119745,3.0085166708391813
8,6,1,38,195,-2.8276711468262103,3.0383453063459882
8,6,1,38,196,-2.857371736528258,3.0681666074263951
8,6,1,38,197,-2.8871056207208809,3.0979771936782416
8,6,1,38,198,-2.9168697647728949,3.127773697306008
8,6,1,38,199,-2.9466611355514036,3.1575527640021002
8,6,1,38,200,-2.9764767022537275,3.1873110538209652
8,6,1,38,201,-3.0063134372385947,3.2170452420458102
8,6,1,38,202,-3.0361683168562359,3.2467520200476025
8,6,1,38,203,-3.0660383222769374,3.2764280961359886
8,6,1,38,204,-3.0959204403177063,3.3060701964019361
8,6,1,38,205,-3.1258116642665366,3.3356750655517602
8,6,1,38,206,-3.1557089947039096,3.3652394677322865
8,6,1,38,207,-3.1856094403211577,3.3947601873467597
8,6,1,38,208,-3.2155100187352295,3.4242340298613643
8,6,1,38,209,-3.245407757299418,3.4536578226020493
8,6,1,38,210,-3.2752996939097723,3.4830284155412978
8,6,1,38,211,-3.3051828778065842,3.5123426820747068
8,6,1,38,212,-3.3350543703707327,3.5415975197870626
8,6,1,38,213,-3.3649112459144259,3.5707898512075342
8,6,1,38,214,-3.3947505924657948,3.5999166245540919
8,6,1,38,215,-3.4245695125472486,3.6289748144664098
8,6,1,38,216,-3.4543651239468787,3.6579614227275292
8,6,1,38,217,-3.4841345604827212,3.6868734789736042
8,6,1,38,218,-3.5138749727594618,3.7157080413918049
8,6,1,38,219,-3.5435835289171322,3.7444621974060706
8,6,1,38,220,-3.5732574153715113,3.7731330643503895
8,6,1,38,221,-3.6028938375458064,3.8017177901295995
8,6,1,38,222,-3.632490020593282,3.8302135538672788
8,6,1,38,223,-3.6620432101105047,3.8586175665407758
8,6,1,38,224,-3.6915506728406822,3.8869270716030107
8,6,1,38,225,-3.7210096973671671,3.9151393455907568
8,6,1,38,226,-3.7504175947961906,3.943251698719699
8,6,1,38,227,-3.7797716994291077,3.9712614754654512
8,6,1,38,228,-3.8090693694233568,3.9991660551309289
8,6,1,38,229,-3.8383079874421524,4.0269628523995102
8,6,1,38,230,-3.8674849612923614,4.0546493178741843
8,6,1,38,231,-3.8965977245504932,4.082222938602162
8,6,1,38,232,-3.9256437371762876,4.1096812385851944
8,6,1,38,233,-3.9546204861138579,4.1370217792751216
8,6,1,38,234,-3.9835254858798628,4.1642421600548705
8,6,1,38,235,-4.012356279138773,4.1913400187043672
8,6,1,38,236,-4.0411104372645728,4.2183130318517144
8,6,1,38,237,-4.0697855608890832,4.2451589154091556
8,6,1,38,238,-4.0983792804363484,4.2718754249939348
8,6,1,38,239,-4.126889256643052,4.2984603563338251
8,6,1,38,240,-4.1553131810646127,4.3249115456574838
8,6,1,38,241,-4.1836487765669892,4.3512268700691354
8,6,1,38,242,-4.2118937978036453,4.3774042479080206
8,6,1,38,243,-4.2400460316778856,4.4034416390921347
8,6,1,38,244,-4.2681032977900992,4.4293370454463767
8,6,1,38,245,-4.2960634488698908,4.4550885110151262
8,6,1,38,246,-4.3239243711929554,4.4806941223590382
8,6,1,38,247,-4.3516839849824294,4.5061520088361338
8,6,1,38,248,-4.3793402447948102,4.5314603428671356
8,6,1,38,249,-4.4068911398900958,4.5566173401849905
8,6,1,38,250,-4.4343346945862008,4.5816212600686859
8,6,1,38,251,-4.4616689685974764,4.6064704055611303
8,6,1,38,252,-4.4888920573572744,4.6311631236713531
8,6,1,38,253,-4.5160020923244666,4.65569780556081
8,6,1,38,254,-4.5429972412738664,4.6800728867139929
8,6,1,38,255,-4.569875708570514,4.7042868470932362
8,6,1,38,256,-4.5966357354277179,4.7283382112777215
8,6,1,38,257,-4.6232756001489186,4.7522255485869414
8,6,1,38,258,-4.6497936183532653,4.775947473188344
8,6,1,38,259,-4.676188143184917,4.7995026441894293
8,6,1,38,260,-4.7024575655061405,4.8228897657142831
8,6,1,38,261,-4.7286003140740167,4.8461075869646288
8,6,1,38,262,-4.7546148557010506,4.8691549022653904
8,6,1,38,263,-4.7804996953994872,4.8920305510948756
8,6,1,38,264,-4.8062533765094226,4.9147334180998259
8,6,1,38,265,-4.8318744808108498,4.9372624330950412
8,6,1,38,266,-4.8573616286195778,4.959616571048084
8,6,1,38,267,-4.8827134788671565,4.9817948520488713
8,6,1,38,268,-4.9079287291648566,5.0037963412643744
8,6,1,38,269,-4.9330061158518017,5.0256201488785042
8,6,1,38,270,-4.9579444140273434,5.0472654300173811
8,6,1,38,271,-4.9827424375677554,5.0687313846598778
8,6,1,38,272,-5.0073990391273693,5.0900172575339937
8,6,1,38,273,-5.0319131101243144,5.1111223379985828
8,6,1,38,274,-5.0562835807109296,5.1320459599111166
8,6,1,38,275,-5.0805094197289735,5.152787501481412
8,6,1,38,276,-5.1045896346498143,5.1733463851114072
8,6,1,38,277,-5.1285232714997795,5.1937220772212047
8,6,1,38,278,-5.1523094147706896,5.2139140880615749
8,6,1,38,279,-5.1759471873159271,5.2339219715129257
8,6,1,38,280,-5.1994357502320065,5.2537453248712982
8,6,1,38,281,-5.2227743027260072,5.2733837886209418
8,6,1,38,282,-5.245962081968969,5.2928370461941903
8,6,1,38,283,-5.2689983629353678,5.312104823718558
8,6,1,38,284,-5.2918824582290416,5.3311868897512964
8,6,1,38,285,-5.3146137178956057,5.3500830550015896
8,6,1,38,286,-5.3371915292216912,5.3687931720406121
8,6,1,38,287,-5.3596153165210714,5.387317134999611
8,6,1,38,288,-5.3818845409081213,5.4056548792561028
8,6,1,38,289,-5.403998700058521,5.4238063811088173
8,6,1,38,290,-5.4259573279578479,5.441771657440861
8,6,1,38,291,-5.4477599946377904,5.4595507653721089
8,6,1,38,292,-5.4694063059006757,5.4771438019004224
8,6,1,38,293,-5.4908959030323112,5.4945509035322662
8,6,1,38,294,-5.512228462503427,5.5117722459027876
8,6,1,38,295,-5.5334036956599668,5.5288080433856326
8,6,1,38,296,-5.554421348402566,5.5456585486926642
8,6,1,38,297,-5.575281200855331,5.5623240524639437
8,6,1,38,298,-5.5959830670243127,5.5788048828479848
8,6,1,38,299,-5.6165267944458694,5.5951014050728967
8,6,1,38,300,-5.6369122638251667,5.6112140210079904
8,6,1,38,301,-5.6571393886651888,5.6271431687169553
8,6,1,38,302,-5.6772081148863673,5.6428893220020733
8,6,1,38,303,-5.6971184204373246,5.6584529899400078
8,6,1,38,304,-5.7168703148967328,5.6738347164097176
8,6,1,38,305,-5.7364638390668468,5.6890350796121343
8,6,1,38,306,-5.7558990645587951,5.7040546915822246
8,6,1,38,307,-5.7751760933699439,5.718894197693805
8,6,1,38,308,-5.7942950574537466,5.7335542761568794
8,6,1,38,309,-5.813256118282184,5.7480356375082611
8,6,1,38,310,-5.8320594664011569,5.7623390240953896
8,6,1,38,311,-5.8507053209791993,5.7764652095537468
8,6,1,38,312,-5.8691939293496143,5.7904149982780675
8,6,1,38,313,-5.8875255665465147,5.8041892248876046
8,6,1,38,314,-5.9057005348349065,5.8177887536856794
8,6,1,38,315,-5.9237191632351918,5.8312144781138633
8,6,1,38,316,-5.9415818070423061,5.844467320200911
8,6,1,38,317,-5.9592888473398888,5.8575482300067563
8,6,1,38,318,-5.9768406905096274,5.8704581850618416
8,6,1,38,319,-5.9942377677361272,5.8831981898020604
8,6,1,38,320,-6.0114805345077071,5.8957692749993935
8,6,1,38,321,-6.0285694701131378,5.9081724971887546
8,6,1,38,322,-6.0455050771348882,5.9204089380910183
8,6,1,38,323,-6.062287880938988,5.9324797040327306
8,6,1,38,324,-6.0789184291617833,5.9443859253625417
8,6,1,38,325,-6.0953972911940379,5.9561287558647615
8,6,1,38,326,NaN,NaN
8,6,1,38,327,NaN,NaN
8,6,1,38,328,NaN,NaN
8,6,1,38,329,NaN,NaN
8,6,1,38,330,NaN,NaN
8,6,1,38,331,NaN,NaN
8,6,1,38,332,NaN,NaN
8,6,1,38,333,NaN,NaN
8,6,1,38,334,NaN,NaN
8,6,1,38,335,NaN,NaN
8,6,1,38,336,NaN,NaN
8,6,1,38,337,NaN,NaN
8,6,1,38,338,NaN,NaN
8,6,1,38,339,NaN,NaN
8,6,1,38,340,NaN,NaN
8,6,1,38,341,NaN,NaN
8,6,1,38,342,NaN,NaN
8,6,1,38,343,NaN,NaN
8,6,1,38,344,NaN,NaN
8,6,1,38,345,NaN,NaN
8,6,1,38,346,NaN,NaN
8,6,1,38,347,NaN,NaN
8,6,1,38,348,NaN,NaN
8,6,1,38,349,NaN,NaN
8,6,1,38,350,NaN,NaN
8,6,1,38,351,NaN,NaN
8,6,1,38,352,NaN,NaN
8,6,1,38,353,NaN,NaN
8,6,1,38,354,NaN,NaN
8,6,1,38,355,NaN,NaN
8,6,1,38,356,NaN,NaN
8,6,1,38,357,NaN,NaN
8,6,1,38,358,NaN,NaN
8,6,1,38,359,NaN,NaN
8,6,1,38,360,NaN,NaN
8,6,1,38,361,NaN,NaN
8,6,1,38,362,NaN,NaN
8,6,1,38,363,NaN,NaN
8,6,1,38,364,NaN,NaN
8,6,1,38,365,NaN,NaN
8,6,1,38,366,NaN,NaN
8,6,1,38,367,NaN,NaN
8,6,1,38,368,NaN,NaN
8,6,1,38,369,NaN,NaN
8,6,1,38,370,NaN,NaN
8,6,1,38,371,NaN,NaN
8,6,1,38,372,NaN,NaN
8,6,1,38,373,NaN,NaN
8,6,1,38,374,NaN,NaN
8,6,1,38,375,NaN,NaN
8,6,1,38,376,NaN,NaN
8,6,1,38,377,NaN,NaN
8,6,1,38,378,NaN,NaN
8,6,1,38,379,NaN,NaN
8,6,1,38,380,NaN,NaN
8,6,1,38,381,NaN,NaN
8,6,1,38,382,NaN,NaN
8,6,1,38,383,NaN,NaN
8,6,1,38,384,NaN,NaN
8,6,1,38,385,NaN,NaN
8,6,1,38,386,NaN,NaN
8,6,1,38,387,NaN,NaN
8,6,1,38,388,NaN,NaN
8,6,1,38,389,NaN,NaN
8,6,1,38,390,NaN,NaN
8,6,1,38,391,NaN,NaN
8,6,1,38,392,NaN,NaN
8,6,1,38,393,NaN,NaN
8,6,1,38,394,NaN,NaN
8,6,1,38,395,NaN,NaN
8,6,1,38,396,NaN,NaN
8,6,1,38,397,NaN,NaN
8,6,1,38,398,NaN,NaN
8,6,1,38,399,NaN,NaN
8,6,1,38,400,NaN,NaN
8,6,1,38,401,NaN,NaN
8,6,1,38,402,NaN,NaN
8,6,1,38,403,NaN,NaN
8,6,1,38,404,NaN,NaN
8,6,1,38,405,NaN,NaN
8,6,1,38,406,NaN,NaN
8,6,1,38,407,NaN,NaN
8,6,1,38,408,NaN,NaN
8,6,1,38,409,NaN,NaN
8,6,1,38,410,NaN,NaN
8,6,1,38,411,NaN,NaN
8,6,1,38,412,NaN,NaN
8,6,1,38,413,NaN,NaN
8,6,1,38,414,NaN,NaN
8,6,1,38,415,NaN,NaN
8,6,1,38,416,NaN,NaN
8,6,1,38,417,NaN,NaN
8,6,1,38,418,NaN,NaN
8,6,1,38,419,NaN,NaN
8,6,1,38,420,NaN,NaN
8,6,1,38,421,NaN,NaN
8,6,1,38,422,NaN,NaN
8,6,1,38,423,NaN,NaN
8,6,1,38,424,NaN,NaN
8,6,1,38,425,NaN,NaN
8,6,1,38,426,NaN,NaN
8,6,1,38,427,NaN,NaN
8,6,1,38,428,NaN,NaN
8,6,1,38,429,NaN,NaN
8,6,1,38,430,NaN,NaN
8,6,1,38,431,NaN,NaN
8,6,1,38,432,NaN,NaN
8,6,1,38,433,NaN,NaN
8,6,1,38,434,NaN,NaN
8,6,1,38,435,NaN,NaN
8,6,1,38,436,NaN,NaN
8,6,1,38,437,NaN,NaN
8,6,1,38,438,NaN,NaN
8,6,1,38,439,NaN,NaN
8,6,1,38,440,NaN,NaN
8,6,1,38,441,NaN,NaN
8,6,1,38,442,NaN,NaN
8,6,1,38,443,NaN,NaN
8,6,1,38,444,NaN,NaN
8,6,1,38,445,NaN,NaN
8,6,1,38,446,NaN,NaN
8,6,1,38,447,NaN,NaN
8,6,1,38,448,NaN,NaN
8,6,1,38,449,NaN,NaN
8,6,1,38,450,NaN,NaN
8,6,1,38,451,NaN,NaN
8,6,1,38,452,NaN,NaN
8,6,1,38,453,NaN,NaN
8,6,1,38,454,NaN,NaN
8,6,1,38,455,NaN,NaN
8,6,1,38,456,NaN,NaN
8,6,1,38,457,NaN,NaN
8,6,1,38,458,NaN,NaN
8,6,1,38,459,NaN,NaN
8,6,1,38,460,NaN,NaN
8,6,1,38,461,NaN,NaN
8,6,1,38,462,NaN,NaN
8,6,1,38,463,NaN,NaN
8,6,1,38,464,NaN,NaN
8,6,1,38,465,NaN,NaN
8,6,1,38,466,NaN,NaN
8,6,1,38,467,NaN,NaN
8,6,1,38,468,NaN,NaN
8,6,1,38,469,NaN,NaN
8,6,1,38,470,NaN,NaN
8,6,1,38,471,NaN,NaN
8,6,1,38,472,NaN,NaN
8,6,1,38,473,NaN,NaN
8,6,1,38,474,NaN,NaN
8,6,1,38,475,NaN,NaN
8,6,1,38,476,NaN,NaN
8,6,1,38,477,NaN,NaN
8,6,1,38,478,NaN,NaN
8,6,1,38,479,NaN,NaN
8,6,1,38,480,NaN,NaN
8,6,1,38,481,NaN,NaN
8,6,1,38,482,NaN,NaN
8,6,1,38,483,NaN,NaN
8,6,1,38,484,NaN,NaN
8,6,1,38,485,NaN,NaN
8,6,1,38,486,NaN,NaN
8,6,1,38,487,NaN,NaN
8,6,1,38,488,NaN,NaN
8,6,1,38,489,NaN,NaN
8,6,1,38,490,NaN,NaN
8,6,1,38,491,NaN,NaN
8,6,1,38,492,NaN,NaN
8,6,1,38,493,NaN,NaN
8,6,1,38,494,NaN,NaN
8,6,1,38,495,NaN,NaN
8,6,1,38,496,NaN,NaN
8,6,1,38,497,NaN,NaN
8,6,1,38,498,NaN,NaN
8,6,1,38,499,NaN,NaN
8,6,1,38,500,NaN,NaN
8,6,1,38,501,NaN,NaN
8,6,1,38,502,NaN,NaN
8,6,1,38,503,NaN,NaN
8,6,1,38,504,NaN,NaN
8,6,1,38,505,NaN,NaN
8,6,1,38,506,NaN,NaN
8,6,1,38,507,NaN,NaN
8,6,1,38,508,NaN,NaN
8,6,1,38,509,NaN,NaN
8,6,1,38,510,NaN,NaN
8,6,1,38,511,NaN,NaN
8,6,1,38,512,NaN,NaN
8,6,1,38,513,NaN,NaN
8,6,1,38,514,NaN,NaN
8,6,1,38,515,NaN,NaN
8,6,1,38,516,NaN,NaN
8,6,1,38,517,NaN,NaN
8,6,1,38,518,NaN,NaN
8,6,1,38,519,NaN,NaN
8,6,1,38,520,NaN,NaN
8,6,1,38,521,NaN,NaN
8,6,1,38,522,NaN,NaN
8,6,1,38,523,NaN,NaN
8,6,1,38,524,NaN,NaN
8,6,1,38,525,NaN,NaN
8,6,1,38,526,NaN,NaN
8,6,1,38,527,NaN,NaN
8,6,1,38,528,NaN,NaN
8,6,1,38,529,NaN,NaN
8,6,1,38,530,NaN,NaN
8,6,1,38,531,NaN,NaN
8,6,1,38,532,NaN,NaN
8,6,1,38,533,NaN,NaN
8,6,1,38,534,NaN,NaN
8,6,1,38,535,NaN,NaN
8,6,1,38,536,NaN,NaN
8,6,1,38,537,NaN,NaN
8,6,1,38,538,NaN,NaN
8,6,1,38,539,NaN,NaN
8,6,1,38,540,NaN,NaN
8,6,1,38,541,NaN,NaN
8,6,1,38,542,NaN,NaN
8,6,1,38,543,NaN,NaN
8,6,1,38,544,NaN,NaN
8,6,1,38,545,NaN,NaN
8,6,1,38,546,NaN,NaN
8,6,1,38,547,NaN,NaN
8,6,1,38,548,NaN,NaN
8,6,1,38,549,NaN,NaN
8,6,1,38,550,NaN,NaN
8,6,1,38,551,NaN,NaN
8,6,1,38,552,NaN,NaN
8,6,1,38,553,NaN,NaN
8,6,1,38,554,NaN,NaN
8,6,1,38,555,NaN,NaN
8,6,1,38,556,NaN,NaN
8,6,1,38,557,NaN,NaN
8,6,1,38,558,NaN,NaN
8,6,1,38,559,NaN,NaN
8,6,1,38,560,NaN,NaN
8,6,1,38,561,NaN,NaN
8,6,1,38,562,NaN,NaN
8,6,1,38,563,NaN,NaN
8,6,1,38,564,NaN,NaN
8,6,1,38,565,NaN,NaN
8,6,1,38,566,NaN,NaN
8,6,1,38,567,NaN,NaN
8,6,1,38,568,NaN,NaN
8,6,1,38,569,NaN,NaN
8,6,1,38,570,NaN,NaN
8,6,1,38,571,NaN,NaN
8,6,1,38,572,NaN,NaN
8,6,1,38,573,NaN,NaN
8,6,1,38,574,NaN,NaN
8,6,1,38,575,NaN,NaN
8,6,1,38,576,NaN,NaN
8,6,1,38,577,NaN,NaN
8,6,1,38,578,NaN,NaN
8,6,1,38,579,NaN,NaN
8,6,1,38,580,NaN,NaN
8,6,1,38,581,NaN,NaN
8,6,1,38,582,NaN,NaN
8,6,1,38,583,NaN,NaN
8,6,1,38,584,NaN,NaN
8,6,1,38,585,NaN,NaN
8,6,1,38,586,NaN,NaN
8,6,1,38,587,NaN,NaN
8,6,1,38,588,NaN,NaN
8,6,1,38,589,NaN,NaN
8,6,1,38,590,NaN,NaN
8,6,1,38,591,NaN,NaN
8,6,1,38,592,NaN,NaN
8,6,1,38,593,NaN,NaN
8,6,1,38,594,NaN,NaN
8,6,1,38,595,NaN,NaN
8,6,1,38,596,NaN,NaN
8,6,1,38,597,NaN,NaN
8,6,1,38,598,NaN,NaN
8,6,1,38,599,NaN,NaN
8,6,1,20,0,0,0
8,6,1,20,1,0,0
8,6,1,20,2,1.2351231221119363e-05,3.277689699099362e-05
8,6,1,20,3,3.212239660377314e-05,0.00010325886277418039
8,6,1,20,4,5.4415277683794727e-05,0.00021629486327834346
8,6,1,20,5,7.4366192398533926e-05,0.00037665748393034271
8,6,1,20,6,8.7147379551621995e-05,0.00058904550418736878
8,6,1,20,7,8.796831380553094e-05,0.00085808624019634294
8,6,1,20,8,7.2076954965583084e-05,0.0011883376728444306
8,6,1,20,9,3.4760934874977778e-05,0.0015842903775126205
8,6,1,20,10,-2.8651314959438068e-05,0.0020503692704593179
8,6,1,20,11,-0.00012278949203525791,0.0025909351859060292
8,6,1,20,12,-0.00025224040506310885,0.0032102862967731127
8,6,1,20,13,-0.00042154700715668625,0.0039126593911226193
8,6,1,20,14,-0.00063520747765055674,0.0047022310156991098
8,6,1,20,15,-0.00089767435027532372,0.0055831184966742553
8,6,1,20,16,-0.0012133536855196692,0.0065593808476926974
8,6,1,20,17,-0.0015866042853640572,0.0076350195739399718
8,6,1,20,18,-0.002021736948393249,0.0088139793806923938
8,6,1,20,19,-0.0025230137636222949,0.010100148794184305
8,6,1,20,20,-0.0030946474413928726,0.011497360702011905
8,6,1,20,21,-0.0037408006797745585,0.013009392819687826
8,6,1,20,22,-0.0044655855650721499,0.01463996808969692
8,6,1,20,23,-0.0052730630049568905,0.016392755018918015
8,6,1,20,24,-0.0061672421930447641,0.018271367959629692
8,6,1,20,25,-0.0071520801036839554,0.020279367339134935
8,6,1,20,26,-0.0082314810156414175,0.022420259842911849
8,6,1,20,27,-0.0094092960637670586,0.024697498555240061
8,6,1,20,28,-0.010689322817458713,0.02711448306155495
8,6,1,20,29,-0.012075304885017513,0.029674559516204568
8,6,1,20,30,-0.013570931542800091,0.032381020679045358
8,6,1,20,31,-0.015179837388495931,0.035237105924074141
8,6,1,20,32,-0.016905602017358579,0.038246001223204984
8,6,1,20,33,-0.018751749720802291,0.041410839107750008
8,6,1,20,34,-0.020721749206487061,0.044734698610326973
8,6,1,20,35,-0.022819013339053784,0.048220605189591703
8,6,1,20,36,-0.025046898900887848,0.051871530639926999
8,6,1,20,37,-0.027408706372178404,0.05569039298809475
8,6,1,20,38,-0.029907679729512804,0.059680056378952351
8,6,1,20,39,-0.032547006262517719,0.063843330951754429
8,6,1,20,40,-0.035329816407692061,0.068182972708913381
8,6,1,20,41,-0.038259183599115287,0.072701683378514903
8,6,1,20,42,-0.041338124135120724,0.077402110272120628
8,6,1,20,43,-0.044569597060695187,0.082286846139148495
8,6,1,20,44,-0.047956504064761152,0.087358429019027128
8,6,1,20,45,-0.051501689392058347,0.092619342092190027
8,6,1,20,46,-0.055207939768986414,0.098072013530928204
8,6,1,20,47,-0.059077984342881251,0.10371881635129754
8,6,1,20,48,-0.06311449463446972,0.10956206826646664
8,6,1,20,49,-0.067320084502653366,0.11560403154289578
8,6,1,20,50,-0.071697310121643376,0.12184691285964666
8,6,1,20,51,-0.076248669969614102,0.12829286317171118
8,6,1,20,52,-0.080976604828730814,0.13494397757800869
8,6,1,20,53,-0.085883497795918862,0.14180229519464571
8,6,1,20,54,-0.090971674304252126,0.14886979903372954
8,6,1,20,55,-0.096243402154316815,0.15614841588872108
8,6,1,20,56,-0.10170089155536188,0.16364001622624913
8,6,1,20,57,-0.10734629517580863,0.1713464140852522
8,6,1,20,58,-0.11318170820281415,0.17926936698343943
8,6,1,20,59,-0.11920916841051121,0.18741057583182008
8,6,1,20,60,-0.1254306562366525,0.19577168485722385
8,6,1,20,61,-0.13184809486735949,0.20435428153347812
8,6,1,20,62,-0.1384633503296151,0.2131598965211895
8,6,1,20,63,-0.14527823159128928,0.2221900036165958
8,6,1,20,64,-0.15229449066839207,0.23144601970958856
8,6,1,20,65,-0.15951382273931003,0.24092930475114183
8,6,1,20,66,-0.1669378662657317,0.25064116173036943
8,6,1,20,67,-0.17456820312006793,0.26058283666124393
8,6,1,20,68,-0.18240635871912825,0.27075551857929092
8,6,1,20,69,-0.19045380216382579,0.28116033954826147
8,6,1,20,70,-0.19871194638466094,0.29179837467691594
8,6,1,20,71,-0.20718214829291148,0.30267064214609951
8,6,1,20,72,-0.21586570893717405,0.31377810324605127
8,6,1,20,73,-0.22476387366522355,0.32512166242418816
8,6,1,20,74,-0.23387783229090187,0.33670216734330294
8,6,1,20,75,-0.24320871926594712,0.34852040895033964
8,6,1,20,76,-0.2527576138566745,0.3605771215555803
8,6,1,20,77,-0.26252554032516473,0.37287298292264515
8,6,1,20,78,-0.27251346811511534,0.3854086143689206
8,6,1,20,79,-0.28272231204192755,0.39818458087676478
8,6,1,20,80,-0.2931529324872062,0.41120139121527954
8,6,1,20,81,-0.30380613559733982,0.42445949807287109
8,6,1,20,82,-0.31468267348625512,0.4379592982003383
8,6,1,20,83,-0.3257832444420572,0.45170113256473299
8,6,1,20,84,-0.33710849313775548,0.46568528651383112
8,6,1,20,85,-0.34865901084567552,0.47991198995128992
8,6,1,20,86,-0.3604353356558565,0.49438141752232434
8,6,1,20,87,-0.37243795269804036,0.50909368881013606
8,6,1,20,88,-0.3846672943675411,0.52404886854275634
8,6,1,20,89,-0.39712374055465016,0.53924696681058593
8,6,1,20,90,-0.40980761887780548,0.55468793929428217
8,6,1,20,91,-0.42271920492035764,0.57037168750328771
8,6,1,20,92,-0.43585872247104973,0.58629805902458976
8,6,1,20,93,-0.44922634376800552,0.60246684778205439
8,6,1,20,94,-0.46282218974650347,0.61887779430595813
8,6,1,20,95,-0.47664633029030901,0.6355305860128696
8,6,1,20,96,-0.49069878448674276,0.65242485749573975
8,6,1,20,97,-0.50497952088541798,0.66956019082418106
8,6,1,20,98,-0.51948845776078612,0.68693611585488867
8,6,1,20,99,-0.53422546337832388,0.70455211055208133
8,6,1,20,100,-0.54919035626475599,0.72240760131792314
8,6,1,20,101,-0.56438290548193049,0.74050196333296514
8,6,1,20,102,-0.57980283090480755,0.75883452090640124
8,6,1,20,103,-0.59544980350335619,0.77740454783606083
8,6,1,20,104,-0.61132344562854213,0.79621126777824625
8,6,1,20,105,-0.62742333130244021,0.81525385462716815
8,6,1,20,106,-0.64374898651259338,0.83453143290392606
8,6,1,20,107,-0.66029988951055718,0.85404307815510894
8,6,1,20,108,-0.67707547111506838,0.87378781736062727
8,6,1,20,109,-0.69407511501936581,0.89376462935112644
8,6,1,20,110,-0.71129815810331842,0.91397244523442056
8,6,1,20,111,-0.72874389075009427,0.93441014883132445
8,6,1,20,112,-0.74641155716757002,0.95507657712038119
8,6,1,20,113,-0.76430035571466437,0.97597052069176293
8,6,1,20,114,-0.78240943923257866,0.99709072420991196
8,6,1,20,115,-0.80073791538105565,1.0184358868851469
8,6,1,20,116,-0.81928484697987858,1.0400046629539139
8,6,1,20,117,-0.8380492523555938,1.0617956621675999
8,6,1,20,118,-0.85703010569358473,1.0838074502900445
8,6,1,20,119,-0.87622633739569133,1.1060385496032414
8,6,1,20,120,-0.89563683444331965,1.1284874394216633
8,6,1,20,121,-0.91526044076639113,1.1511525566143739
8,6,1,20,122,-0.93509595761792075,1.1740322961356879
8,6,1,20,123,-0.95514214395467367,1.1971250115634686
8,6,1,20,124,-0.97539771682369492,1.2204290156455326
8,6,1,20,125,-0.9958613517550563,1.2439425808536908
8,6,1,20,126,-1.0165316831607651,1.2676639399454377
8,6,1,20,127,-1.0374073047400512,1.2915912865332086
8,6,1,20,128,-1.0584867698909761,1.3157227756609906
8,6,1,20,129,-1.0797685921286604,1.3400565243882863
8,6,1,20,130,-1.1012512455100654,1.364590612381031
8,6,1,20,131,-1.1229331650654539,1.3893230825096943
8,6,1,20,132,-1.1448127472366676,1.4142519414542281
8,6,1,20,133,-1.1668883503222316,1.4393751603156701
8,6,1,20,134,-1.1891582949293988,1.4646906752344369
8,6,1,20,135,-1.2116208644332549,1.4901963880149693
8,6,1,20,136,-1.2342743054428118,1.5158901667567892
8,6,1,20,137,-1.2571168282743295,1.541769846491678
8,6,1,20,138,-1.2801466074317425,1.5678332298268565
8,6,1,20,139,-1.3033617820944532,1.5940780875940281
8,6,1,20,140,-1.3267604566123137,1.620502159504114
8,6,1,20,141,-1.3503407010079904,1.6471031548075969
8,6,1,20,142,-1.3741005514867288,1.6738787529601202
8,6,1,20,143,-1.3980380109534174,1.700826604293451
8,6,1,20,144,-1.4221510495371792,1.7279443306913862
8,6,1,20,145,-1.4464376051233629,1.755229526270599
8,6,1,20,146,-1.4708955838929338,1.782679758066158
8,6,1,20,147,-1.495522860869325,1.8102925667215997
8,6,1,20,148,-1.5203172804727494,1.8380654671833723
8,6,1,20,149,-1.5452766570818732,1.865995949399446
8,6,1,20,150,-1.5703987756029547,1.8940814790218834
8,6,1,20,151,-1.5956813920462498,1.9223194981133092
8,6,1,20,152,-1.6211222341098119,1.9507074258568569
8,6,1,20,153,-1.6467190017705358,1.9792426592697669
8,6,1,20,154,-1.6724693678824343,2.0079225739199429
8,6,1,20,155,-1.6983709787820434,2.0367445246458642
8,6,1,20,156,-1.7244214549009484,2.0657058462790729
8,6,1,20,157,-1.7506183913852447,2.0948038543695313
8,6,1,20,158,-1.7769593587220189,2.1240358459132498
8,6,1,20,159,-1.8034419033725047,2.153399100082301
8,6,1,20,160,-1.8300635484120753,2.1828908789568002
8,6,1,20,161,-1.8568217941767551,2.2125084282587388
8,6,1,20,162,-1.8837141189161744,2.2422489780875439
8,6,1,20,163,-1.9107379794529533,2.2721097436568085
8,6,1,20,164,-1.9378908118481919,2.3020879260325504
8,6,1,20,165,-1.9651700320730436,2.3321807128721921
8,6,1,20,166,-1.9925730366861794,2.3623852791645112
8,6,1,20,167,-2.0200972035169293,2.3926987879700516
8,6,1,20,168,-2.0477398923540613,2.4231183911618688
8,6,1,20,169,-2.0754984456397949,2.4536412301665562
8,6,1,20,170,-2.103370189169107,2.4842644367049553
8,6,1,20,171,-2.1313524327939257,2.5149851335327851
8,6,1,20,172,-2.1594424711321558,2.5458004351805701
8,6,1,20,173,-2.1876375842811715,2.5767074486929138
8,6,1,20,174,-2.2159350385357213,2.60770327436681
8,6,1,20,175,-2.244332087109957,2.638785006488606
8,6,1,20,176,-2.2728259708631349,2.6699497340698404
8,6,1,20,177,-2.301413919029216,2.7011945415811507
8,6,1,20,178,-2.330093149949569,2.7325165096845296
8,6,1,20,179,-2.3588608718089987,2.7639127159633707
8,6,1,20,180,-2.3877142833744927,2.7953802356502493
8,6,1,20,181,-2.4166505747365896,2.8269161423522231
8,6,1,20,182,-2.4456669280530696,2.8585175087733727
8,6,1,20,183,-2.4747605182946222,2.8901814074342642
8,6,1,20,184,-2.5039285139922929,2.9219049113883928
8,6,1,20,185,-2.5331680779863697,2.9536850949351461
8,6,1,20,186,-2.5624763681763918,2.9855190343290703
8,6,1,20,187,-2.5918505382720394,3.0174038084854415
8,6,1,20,188,-2.6212877385445643,3.0493364996816514
8,6,1,20,189,-2.6507851165784246,3.0813141942543893
8,6,1,20,190,-2.680339818022909,3.1133339832923017
8,6,1,20,191,-2.709948987343247,3.145392963324023
8,6,1,20,192,-2.7396097685711887,3.1774882370012052
8,6,1,20,193,-2.7693193060543573,3.2096169137765305
8,6,1,20,194,-2.7990747452044107,3.2417761105762639
8,6,1,20,195,-2.8288732332434066,3.2739629524674854
8,6,1,20,196,-2.8587119199482149,3.3061745733193897
8,6,1,20,197,-2.8885879583925691,3.3384081164588104
8,6,1,20,198,-2.9184985056864732,3.3706607353195612
8,6,1,20,199,-2.9484407237125754,3.4029295940854216
8,6,1,20,200,-2.9784117798592966,3.435211868326657
8,6,1,20,201,-3.0084088477501436,3.4675047456298707
8,6,1,20,202,-3.0384291079691703,3.499805426220945
8,6,1,20,203,-3.0684697487820936,3.5321111235808194
8,6,1,20,204,-3.0985279668527212,3.5644190650541892
8,6,1,20,205,-3.1286009679543927,3.5967264924506526
8,6,1,20,206,-3.158685967676178,3.6290306626383217
8,6,1,20,207,-3.1887801921234251,3.6613288481295578
8,6,1,20,208,-3.2188808786123069,3.6936183376589522
8,6,1,20,209,-3.2489852763581739,3.7258964367529872
8,6,1,20,210,-3.2790906471573065,3.7581604682916296
8,6,1,20,211,-3.3091942660617271,3.7904077730613079
8,6,1,20,212,-3.3392934220468575,3.822635710299485
8,6,1,20,213,-3.3693854186715999,3.8548416582304927
8,6,1,20,214,-3.399467574730719,3.8870230145922671
8,6,1,20,215,-3.4295372248989766,3.9191771971544496
8,6,1,20,216,-3.4595917203669666,3.9513016442269788
8,6,1,20,217,-3.4896284294681945,3.9833938151596611
8,6,1,20,218,-3.5196447382972398,4.0154511908321897
8,6,1,20,219,-3.5496380513186212,4.0474712741346508
8,6,1,20,220,-3.5796057919661841,4.0794515904384241
8,6,1,20,221,-3.6095454032326337,4.1113896880572627
8,6,1,20,222,-3.6394543482491382,4.1432831386984841
8,6,1,20,223,-3.6693301108545464,4.1751295379041542
8,6,1,20,224,-3.69917019615405,4.2069265054822944
8,6,1,20,225,-3.7289721310671595,4.2386716859277334
8,6,1,20,226,-3.7587334648646054,4.2703627488327038
8,6,1,20,227,-3.7884517696940012,4.3019973892871741
8,6,1,20,228,-3.8181246410940508,4.3335733282685887
8,6,1,20,229,-3.8477496984971604,4.3650883130210785
8,6,1,20,230,-3.87732458572011,4.3965401174241441
8,6,1,20,231,-3.9068469714426737,4.4279265423505212
8,6,1,20,232,-3.9363145496740639,4.4592454160133714
8,6,1,20,233,-3.9657250402069133,4.4904945943026329
8,6,1,20,234,-3.9950761890586275,4.5216719611104601
8,6,1,20,235,-4.0243657689000898,4.5527754286457913
8,6,1,20,236,-4.0535915794713713,4.5838029377378353
8,6,1,20,237,-4.0827514479844451,4.6147524581287094
8,6,1,20,238,-4.1118432295127629,4.6456219887548027
8,6,1,20,239,-4.1408648073674001,4.6764095580172302
8,6,1,20,240,-4.1698140934599168,4.7071132240410511
8,6,1,20,241,-4.1986890286516534,4.7377310749233956
8,6,1,20,242,-4.2274875830893119,4.7682612289703936
8,6,1,20,243,-4.256207756526992,4.7987018349229276
8,6,1,20,244,-4.2848475786342268,4.8290510721712501
8,6,1,20,245,-4.3134051092903576,4.8593071509582693
8,6,1,20,246,-4.3418784388647875,4.8894683125718235
8,6,1,20,247,-4.3702656884833821,4.9195328295255667
8,6,1,20,248,-4.3985650102807803,4.9494990057288444
8,6,1,20,249,-4.4267745876386488,4.9793651766452705
8,6,1,20,250,-4.4548926354098297,5.009129709440197
8,6,1,20,251,-4.4829174001284109,5.0387910031170655
8,6,1,20,252,-4.5108471602056719,5.068347488642619
8,6,1,20,253,-4.5386802261118468,5.0977976290610547
8,6,1,20,254,-4.5664149405438117,5.1271399195971821
8,6,1,20,255,-4.5940496785787657,5.1563728877484367
8,6,1,20,256,-4.6215828478136487,5.1854950933661463
8,6,1,20,257,-4.6490128884907334,5.2145051287256967
8,6,1,20,258,-4.6763382736090318,5.2434016185859269
8,6,1,20,259,-4.7035575090219215,5.2721832202377614
8,6,1,20,260,-4.7306691335207542,5.3008486235420618
8,6,1,20,261,-4.7576717189047546,5.32939655095673
8,6,1,20,262,-4.7845638700370898,5.3578257575533774
8,6,1,20,263,-4.8113442248873648,5.3861350310232456
8,6,1,20,264,-4.8380114545604531,5.4143231916729233
8,6,1,20,265,-4.8645642633119106,5.4423890924094582
8,6,1,20,266,-4.8910013885500367,5.4703316187153046
8,6,1,20,267,-4.9173216008246587,5.4981496886130268
8,6,1,20,268,-4.9435237038027768,5.5258422526198974
8,6,1,20,269,-4.9696065342311915,5.5534082936925051
8,6,1,20,270,-4.9955689618863204,5.5808468271613645
8,6,1,20,271,-5.0214098895112027,5.6081569006558336
8,6,1,20,272,-5.0471282527399524,5.635337594019199
8,6,1,20,273,-5.0727230200098008,5.6623880192142293
8,6,1,20,274,-5.0981931924608039,5.6893073202192026
8,6,1,20,275,-5.1235378038235133,5.7160946729146316
8,6,1,20,276,-5.14875592029464,5.742749284960599
8,6,1,20,277,-5.1738466404010026,5.7692703956651075
8,6,1,20,278,-5.1988090948518639,5.7956572758433049
8,6,1,20,279,-5.2236424463798778,5.8219092276678683
8,6,1,20,280,-5.2483458895708823,5.8480255845106495
8,6,1,20,281,-5.2729186506825894,5.8740057107756511
8,6,1,20,282,-5.2973599874525767,5.8998490017235925
8,6,1,20,283,-5.3216691888955499,5.9255548832880338
8,6,1,20,284,-5.3458455750904079,5.9511228118833497
8,6,1,20,285,-5.369888496956932,5.9765522742045967
8,6,1,20,286,-5.3937973360226437,6.0018427870195259
8,6,1,20,287,-5.4175715041798576,6.0269938969527121
8,6,1,20,288,-5.4412104434333086,6.0520051802621735
8,6,1,20,289,-5.4647136256384119,6.0768762426084173
8,6,1,20,290,-5.4880805522304899,6.1016067188162184
8,6,1,20,291,-5.5113107539452528,6.1261962726291728
8,6,1,20,292,-5.5344037905305843,6.1506445964573357
8,6,1,20,293,-5.5573592504501166,6.1749514111178652
8,6,1,20,294,-5.5801767505785804,6.1991164655691238
8,6,1,20,295,-5.6028559358894174,6.2231395366381479
8,6,1,20,296,-5.6253964791346975,6.2470204287416644
8,6,1,20,297,-5.647798080517763,6.2707589736011675
8,6,1,20,298,-5.6700604673586339,6.2943550299516566
8,6,1,20,299,-5.6921833937527255,6.3178084832446277
8,6,1,20,300,-5.7141666402228175,6.3411192453454248
8,6,1,20,301,-5.7360100133647229,6.3642872542249016
8,6,1,20,302,-5.7577133454868976,6.3873124736457978
8,6,1,20,303,NaN,NaN
8,6,1,20,304,NaN,NaN
8,6,1,20,305,NaN,NaN
8,6,1,20,306,NaN,NaN
8,6,1,20,307,NaN,NaN
8,6,1,20,308,NaN,NaN
8,6,1,20,309,NaN,NaN
8,6,1,20,310,NaN,NaN
8,6,1,20,311,NaN,NaN
8,6,1,20,312,NaN,NaN
8,6,1,20,313,NaN,NaN
8,6,1,20,314,NaN,NaN
8,6,1,20,315,NaN,NaN
8,6,1,20,316,NaN,NaN
8,6,1,20,317,NaN,NaN
8,6,1,20,318,NaN,NaN
8,6,1,20,319,NaN,NaN
8,6,1,20,320,NaN,NaN
8,6,1,20,321,NaN,NaN
8,6,1,20,322,NaN,NaN
8,6,1,20,323,NaN,NaN
8,6,1,20,324,NaN,NaN
8,6,1,20,325,NaN,NaN
8,6,1,20,326,NaN,NaN
8,6,1,20,327,NaN,NaN
8,6,1,20,328,NaN,NaN
8,6,1,20,329,NaN,NaN
8,6,1,20,330,NaN,NaN
8,6,1,20,331,NaN,NaN
8,6,1,20,332,NaN,NaN
8,6,1,20,333,NaN,NaN
8,6,1,20,334,NaN,NaN
8,6,1,20,335,NaN,NaN
8,6,1,20,336,NaN,NaN
8,6,1,20,337,NaN,NaN
8,6,1,20,338,NaN,NaN
8,6,1,20,339,NaN,NaN
8,6,1,20,340,NaN,NaN
8,6,1,20,341,NaN,NaN
8,6,1,20,342,NaN,NaN
8,6,1,20,343,NaN,NaN
8,6,1,20,344,NaN,NaN
8,6,1,20,345,NaN,NaN
8,6,1,20,346,NaN,NaN
8,6,1,20,347,NaN,NaN
8,6,1,20,348,NaN,NaN
8,6,1,20,349,NaN,NaN
8,6,1,20,350,NaN,NaN
8,6,1,20,351,NaN,NaN
8,6,1,20,352,NaN,NaN
8,6,1,20,353,NaN,NaN
8,6,1,20,354,NaN,NaN
8,6,1,20,355,NaN,NaN
8,6,1,20,356,NaN,NaN
8,6,1,20,357,NaN,NaN
8,6,1,20,358,NaN,NaN
8,6,1,20,359,NaN,NaN
8,6,1,20,360,NaN,NaN
8,6,1,20,361,NaN,NaN
8,6,1,20,362,NaN,NaN
8,6,1,20,363,NaN,NaN
8,6,1,20,364,NaN,NaN
8,6,1,20,365,NaN,NaN
8,6,1,20,366,NaN,NaN
8,6,1,20,367,NaN,NaN
8,6,1,20,368,NaN,NaN
8,6,1,20,369,NaN,NaN
8,6,1,20,370,NaN,NaN
8,6,1,20,371,NaN,NaN
8,6,1,20,372,NaN,NaN
8,6,1,20,373,NaN,NaN
8,6,1,20,374,NaN,NaN
8,6,1,20,375,NaN,NaN
8,6,1,20,376,NaN,NaN
8,6,1,20,377,NaN,NaN
8,6,1,20,378,NaN,NaN
8,6,1,20,379,NaN,NaN
8,6,1,20,380,NaN,NaN
8,6,1,20,381,NaN,NaN
8,6,1,20,382,NaN,NaN
8,6,1,20,383,NaN,NaN
8,6,1,20,384,NaN,NaN
8,6,1,20,385,NaN,NaN
8,6,1,20,386,NaN,NaN
8,6,1,20,387,NaN,NaN
8,6,1,20,388,NaN,NaN
8,6,1,20,389,NaN,NaN
8,6,1,20,390,NaN,NaN
8,6,1,20,391,NaN,NaN
8,6,1,20,392,NaN,NaN
8,6,1,20,393,NaN,NaN
8,6,1,20,394,NaN,NaN
8,6,1,20,395,NaN,NaN
8,6,1,20,396,NaN,NaN
8,6,1,20,397,NaN,NaN
8,6,1,20,398,NaN,NaN
8,6,1,20,399,NaN,NaN
8,6,1,20,400,NaN,NaN
8,6,1,20,401,NaN,NaN
8,6,1,20,402,NaN,NaN
8,6,1,20,403,NaN,NaN
8,6,1,20,404,NaN,NaN
8,6,1,20,405,NaN,NaN
8,6,1,20,406,NaN,NaN
8,6,1,20,407,NaN,NaN
8,6,1,20,408,NaN,NaN
8,6,1,20,409,NaN,NaN
8,6,1,20,410,NaN,NaN
8,6,1,20,411,NaN,NaN
8,6,1,20,412,NaN,NaN
8,6,1,20,413,NaN,NaN
8,6,1,20,414,NaN,NaN
8,6,1,20,415,NaN,NaN
8,6,1,20,416,NaN,NaN
8,6,1,20,417,NaN,NaN
8,6,1,20,418,NaN,NaN
8,6,1,20,419,NaN,NaN
8,6,1,20,420,NaN,NaN
8,6,1,20,421,NaN,NaN
8,6,1,20,422,NaN,NaN
8,6,1,20,423,NaN,NaN
8,6,1,20,424,NaN,NaN
8,6,1,20,425,NaN,NaN
8,6,1,20,426,NaN,NaN
8,6,1,20,427,NaN,NaN
8,6,1,20,428,NaN,NaN
8,6,1,20,429,NaN,NaN
8,6,1,20,430,NaN,NaN
8,6,1,20,431,NaN,NaN
8,6,1,20,432,NaN,NaN
8,6,1,20,433,NaN,NaN
8,6,1,20,434,NaN,NaN
8,6,1,20,435,NaN,NaN
8,6,1,20,436,NaN,NaN
8,6,1,20,437,NaN,NaN
8,6,1,20,438,NaN,NaN
8,6,1,20,439,NaN,NaN
8,6,1,20,440,NaN,NaN
8,6,1,20,441,NaN,NaN
8,6,1,20,442,NaN,NaN
8,6,1,20,443,NaN,NaN
8,6,1,20,444,NaN,NaN
8,6,1,20,445,NaN,NaN
8,6,1,20,446,NaN,NaN
8,6,1,20,447,NaN,NaN
8,6,1,20,448,NaN,NaN
8,6,1,20,449,NaN,NaN
8,6,1,20,450,NaN,NaN
8,6,1,20,451,NaN,NaN
8,6,1,20,452,NaN,NaN
8,6,1,20,453,NaN,NaN
8,6,1,20,454,NaN,NaN
8,6,1,20,455,NaN,NaN
8,6,1,20,456,NaN,NaN
8,6,1,20,457,NaN,NaN
8,6,1,20,458,NaN,NaN
8,6,1,20,459,NaN,NaN
8,6,1,20,460,NaN,NaN
8,6,1,20,461,NaN,NaN
8,6,1,20,462,NaN,NaN
8,6,1,20,463,NaN,NaN
8,6,1,20,464,NaN,NaN
8,6,1,20,465,NaN,NaN
8,6,1,20,466,NaN,NaN
8,6,1,20,467,NaN,NaN
8,6,1,20,468,NaN,NaN
8,6,1,20,469,NaN,NaN
8,6,1,20,470,NaN,NaN
8,6,1,20,471,NaN,NaN
8,6,1,20,472,NaN,NaN
8,6,1,20,473,NaN,NaN
8,6,1,20,474,NaN,NaN
8,6,1,20,475,NaN,NaN
8,6,1,20,476,NaN,NaN
8,6,1,20,477,NaN,NaN
8,6,1,20,478,NaN,NaN
8,6,1,20,479,NaN,NaN
8,6,1,20,480,NaN,NaN
8,6,1,20,481,NaN,NaN
8,6,1,20,482,NaN,NaN
8,6,1,20,483,NaN,NaN
8,6,1,20,484,NaN,NaN
8,6,1,20,485,NaN,NaN
8,6,1,20,486,NaN,NaN
8,6,1,20,487,NaN,NaN
8,6,1,20,488,NaN,NaN
8,6,1,20,489,NaN,NaN
8,6,1,20,490,NaN,NaN
8,6,1,20,491,NaN,NaN
8,6,1,20,492,NaN,NaN
8,6,1,20,493,NaN,NaN
8,6,1,20,494,NaN,NaN
8,6,1,20,495,NaN,NaN
8,6,1,20,496,NaN,NaN
8,6,1,20,497,NaN,NaN
8,6,1,20,498,NaN,NaN
8,6,1,20,499,NaN,NaN
8,6,1,20,500,NaN,NaN
8,6,1,20,501,NaN,NaN
8,6,1,20,502,NaN,NaN
8,6,1,20,503,NaN,NaN
8,6,1,20,504,NaN,NaN
8,6,1,20,505,NaN,NaN
8,6,1,20,506,NaN,NaN
8,6,1,20,507,NaN,NaN
8,6,1,20,508,NaN,NaN
8,6,1,20,509,NaN,NaN
8,6,1,20,510,NaN,NaN
8,6,1,20,511,NaN,NaN
8,6,1,20,512,NaN,NaN
8,6,1,20,513,NaN,NaN
8,6,1,20,514,NaN,NaN
8,6,1,20,515,NaN,NaN
8,6,1,20,516,NaN,NaN
8,6,1,20,517,NaN,NaN
8,6,1,20,518,NaN,NaN
8,6,1,20,519,NaN,NaN
8,6,1,20,520,NaN,NaN
8,6,1,20,521,NaN,NaN
8,6,1,20,522,NaN,NaN
8,6,1,20,523,NaN,NaN
8,6,1,20,524,NaN,NaN
8,6,1,20,525,NaN,NaN
8,6,1,20,526,NaN,NaN
8,6,1,20,527,NaN,NaN
8,6,1,20,528,NaN,NaN
8,6,1,20,529,NaN,NaN
8,6,1,20,530,NaN,NaN
8,6,1,20,531,NaN,NaN
8,6,1,20,532,NaN,NaN
8,6,1,20,533,NaN,NaN
8,6,1,20,534,NaN,NaN
8,6,1,20,535,NaN,NaN
8,6,1,20,536,NaN,NaN
8,6,1,20,537,NaN,NaN
8,6,1,20,538,NaN,NaN
8,6,1,20,539,NaN,NaN
8,6,1,20,540,NaN,NaN
8,6,1,20,541,NaN,NaN
8,6,1,20,542,NaN,NaN
8,6,1,20,543,NaN,NaN
8,6,1,20,544,NaN,NaN
8,6,1,20,545,NaN,NaN
8,6,1,20,546,NaN,NaN
8,6,1,20,547,NaN,NaN
8,6,1,20,548,NaN,NaN
8,6,1,20,549,NaN,NaN
8,6,1,20,550,NaN,NaN
8,6,1,20,551,NaN,NaN
8,6,1,20,552,NaN,NaN
8,6,1,20,553,NaN,NaN
8,6,1,20,554,NaN,NaN
8,6,1,20,555,NaN,NaN
8,6,1,20,556,NaN,NaN
8,6,1,20,557,NaN,NaN
8,6,1,20,558,NaN,NaN
8,6,1,20,559,NaN,NaN
8,6,1,20,560,NaN,NaN
8,6,1,20,561,NaN,NaN
8,6,1,20,562,NaN,NaN
8,6,1,20,563,NaN,NaN
8,6,1,20,564,NaN,NaN
8,6,1,20,565,NaN,NaN
8,6,1,20,566,NaN,NaN
8,6,1,20,567,NaN,NaN
8,6,1,20,568,NaN,NaN
8,6,1,20,569,NaN,NaN
8,6,1,20,570,NaN,NaN
8,6,1,20,571,NaN,NaN
8,6,1,20,572,NaN,NaN
8,6,1,20,573,NaN,NaN
8,6,1,20,574,NaN,NaN
8,6,1,20,575,NaN,NaN
8,6,1,20,576,NaN,NaN
8,6,1,20,577,NaN,NaN
8,6,1,20,578,NaN,NaN
8,6,1,20,579,NaN,NaN
8,6,1,20,580,NaN,NaN
8,6,1,20,581,NaN,NaN
8,6,1,20,582,NaN,NaN
8,6,1,20,583,NaN,NaN
8,6,1,20,584,NaN,NaN
8,6,1,20,585,NaN,NaN
8,6,1,20,586,NaN,NaN
8,6,1,20,587,NaN,NaN
8,6,1,20,588,NaN,NaN
8,6,1,20,589,NaN,NaN
8,6,1,20,590,NaN,NaN
8,6,1,20,591,NaN,NaN
8,6,1,20,592,NaN,NaN
8,6,1,20,593,NaN,NaN
8,6,1,20,594,NaN,NaN
8,6,1,20,595,NaN,NaN
8,6,1,20,596,NaN,NaN
8,6,1,20,597,NaN,NaN
8,6,1,20,598,NaN,NaN
8,6,1,20,599,NaN,NaN
8,6,1,7,0,0,0
8,6,1,7,1,0,0
8,6,1,7,2,-4.5407143600684208e-07,2.5604310033289224e-06
8,6,1,7,3,-6.0643171484464631e-06,1.3009216270898349e-05
8,6,1,7,4,-2.1505754227435503e-05,3.6603061975837292e-05
8,6,1,7,5,-5.1424693975343772e-05,7.8530172589741376e-05
8,6,1,7,6,-0.00010043719518293415,0.00014391271450642229
8,6,1,7,7,-0.00017312758700538389,0.00023780904669368219
8,6,1,7,8,-0.00027404705802980267,0.00036521573568426557
8,6,1,7,9,-0.00040771230819247606,0.00053106937121238929
8,6,1,7,10,-0.00057860426069256121,0.00074024819741447256
8,6,1,7,11,-0.0007911668309823483,0.00099757357372720623
8,6,1,7,12,-0.0010498057503527392,0.0013078112783782014
8,6,1,7,13,-0.0013588874415548791,0.0016756726666539157
8,6,1,7,14,-0.001722737944348518,0.0021058156950887197
8,6,1,7,15,-0.0021456418886844908,0.0026028458221527551
8,6,1,7,16,-0.002631841513739408,0.0031713167950447874
8,6,1,7,17,-0.003185535730682032,0.0038157313317604968
8,6,1,7,18,-0.003810879227783559,0.0045405417066324283
8,6,1,7,19,-0.0045119816158456505,0.0053501502473629614
8,6,1,7,20,-0.0052929066126972124,0.0062489097507473224
8,6,1,7,21,-0.0061576712651778553,0.0072411238237451991
8,6,1,7,22,-0.0071102452072813183,0.0083310471562597632
8,6,1,7,23,-0.0081545499531432419,0.0095228857314305637
8,6,1,7,24,-0.009294458223663149,0.010820796978963654
8,6,1,7,25,-0.010533793305583794,0.012228889876289561
8,6,1,7,26,-0.011876328441995376,0.013751225002461842
8,6,1,7,27,-0.013325786253065575,0.015391814549134408
8,6,1,7,28,-0.01488583818622935,0.017154622292422927
8,6,1,7,29,-0.016560103994600617,0.019043563529791419
8,6,1,7,30,-0.018352151243028469,0.021062504985014385
8,6,1,7,31,-0.020265494840593368,0.023215264684847692
8,6,1,7,32,-0.022303596598988173,0.025505611810192064
8,6,1,7,33,-0.024469864815768183,0.027937266524544202
8,6,1,7,34,-0.026767653881876186,0.030513899782524945
8,6,1,7,35,-0.029200263912615432,0.03323913312056892
8,6,1,7,36,-0.031770940401265602,0.036116538432401368
8,6,1,7,37,-0.034482873894908783,0.03914963773095359
8,6,1,7,38,-0.037339199691482916,0.042341902899081796
8,6,1,7,39,-0.040342997557696325,0.045696755430432723
8,6,1,7,40,-0.043497291466954024,0.049217566162512716
8,6,1,7,41,-0.046805049356829498,0.052907655003173182
8,6,1,7,42,-0.050269182905471332,0.056770290652166655
8,6,1,7,43,-0.053892547326278573,0.060808690318861491
8,6,1,7,44,-0.057677941180411807,0.065026019437594562
8,6,1,7,45,-0.061628106206507161,0.069425391381552903
8,6,1,7,46,-0.065745727167071388,0.074009867176380584
8,6,1,7,47,-0.07003343171111398,0.078782455214376768
8,6,1,7,48,-0.074493790252400105,0.083746110970181475
8,6,1,7,49,-0.079129315862863647,0.088903736718942694
8,6,1,7,50,-0.083942464180852827,0.094258181257392271
8,6,1,7,51,-0.088935633333431241,0.099812239628771504
8,6,1,7,52,-0.094111163872545589,0.10556865285233918
8,6,1,7,53,-0.099471338724527181,0.11153010765764526
8,6,1,7,54,-0.10501838315242207,0.11769923622454714
8,6,1,7,55,-0.11075446473077788,0.12407861592927394
8,6,1,7,56,-0.11668169333248768,0.13067076909694109
8,6,1,7,57,-0.12280212112725231,0.13747816276103719
8,6,1,7,58,-0.12911774259125597,0.14450320843026054
8,6,1,7,59,-0.13563049452765541,0.15174826186296897
8,6,1,7,60,-0.14234225609757178,0.15921562284965662
8,6,1,7,61,-0.14925484886111895,0.16690753500368527
8,6,1,7,62,-0.15637003682814066,0.17482618556056984
8,6,1,7,63,-0.16368952651835689,0.18297370518601808
8,6,1,7,64,-0.17121496703053629,0.19135216779295472
8,6,1,7,65,-0.17894795012028397,0.19996359036778821
8,6,1,7,66,-0.1868900102862503,0.20880993280593951
8,6,1,7,67,-0.19504262486443324,0.21789309775695487
8,6,1,7,68,-0.20340721413010798,0.2272149304792026
8,6,1,7,69,-0.21198514140735591,0.23677721870444257
8,6,1,7,70,-0.2207777131856048,0.24658169251211837
8,6,1,7,71,-0.22978617924317435,0.25663002421378311
8,6,1,7,72,-0.23901173277741661,0.2669238282474562
8,6,1,7,73,-0.24845551054116233,0.27746466108218848
8,6,1,7,74,-0.2581185929854013,0.28825402113269172
8,6,1,7,75,-0.26800200440774691,0.29929334868436241
8,6,1,7,76,-0.27810671310660728,0.31058402582847255
8,6,1,7,77,-0.28843363154079094,0.32212737640764655
8,6,1,7,78,-0.29898361649436378,0.33392466597174097
8,6,1,7,79,-0.30975746924652436,0.34597710174405494
8,6,1,7,80,-0.32075593574634742,0.35828583259785718
8,6,1,7,81,-0.33197970679223476,0.37085194904335483
8,6,1,7,82,-0.34342941821583484,0.38367648322493453
8,6,1,7,83,-0.35510565107034209,0.39676040892890618
8,6,1,7,84,-0.36700893182307071,0.41010464160145255
8,6,1,7,85,-0.37913973255203626,0.42371003837705645
8,6,1,7,86,-0.39149847114655079,0.43757739811716712
8,6,1,7,87,-0.40408551151162042,0.45170746145928031
8,6,1,7,88,-0.41690116377617881,0.46610091087616878
8,6,1,7,89,-0.42994568450487325,0.48075837074557093
8,6,1,7,90,-0.44321927691348684,0.49568040742996311
8,6,1,7,91,-0.45672209108788553,0.51086752936664592
8,6,1,7,92,-0.47045422420632366,0.52632018716796403
8,6,1,7,93,-0.48441572076519668,0.54203877373176501
8,6,1,7,94,-0.49860657280816345,0.55802362436197239
8,6,1,7,95,-0.51302672015854367,0.5742750168990618
8,6,1,7,96,-0.52767605065498491,0.590793171861001
8,6,1,7,97,-0.54255440039052139,0.60757825259382114
8,6,1,7,98,-0.55766155395478578,0.62463036543241313
8,6,1,7,99,-0.57299724467960167,0.64194955987122437
8,6,1,7,100,-0.5885611548878289,0.65953582874486438
8,6,1,7,101,-0.60435291614557296,0.67738910841864397
8,6,1,7,102,-0.62037210951769728,0.69550927898890669
8,6,1,7,103,-0.63661826582683823,0.713896164493244
8,6,1,7,104,-0.65309086591578414,0.73254953313043047
8,6,1,7,105,-0.66978934091343478,0.75146909749009561
8,6,1,7,106,-0.68671307250428026,0.77065451479223224
8,6,1,7,107,-0.70386139320159358,0.7901053871361724
8,6,1,7,108,-0.72123358662435355,0.80982126175932201
8,6,1,7,109,-0.73882888777799804,0.82980163130544071
8,6,1,7,110,-0.75664648333904072,0.85004593410252238
8,6,1,7,111,-0.77468551194386226,0.87055355445011251
8,6,1,7,112,-0.79294506448145952,0.89132382291620404
8,6,1,7,113,-0.81142418439060782,0.9123560166434147
8,6,1,7,114,-0.83012186796132537,0.93364935966473717
8,6,1,7,115,-0.84903706464082296,0.9552030232285541
8,6,1,7,116,-0.86816867734417769,0.97701612613292632
8,6,1,7,117,-0.88751556276966403,0.99908773506926785
8,6,1,7,118,-0.90707653171909763,1.0214168649751691
8,6,1,7,119,-0.92685034942318612,1.0440024793963971
8,6,1,7,120,-0.94683573587208136,1.0668434908581714
8,6,1,7,121,-0.96703136615135521,1.0899387612453375
8,6,1,7,122,-0.98743587078338746,1.1132871021918151
8,6,1,7,123,-1.0080478360744993,1.1368872754788732
8,6,1,7,124,-1.0288658044679433,1.1607379934424373
8,6,1,7,125,-1.0498882749027383,1.1848379193893894
8,6,1,7,126,-1.0711137031788331,1.2091856680225859
8,6,1,7,127,-1.0925405023284429,1.2337798058748044
8,6,1,7,128,-1.1141670429939854,1.2586188517513197
8,6,1,7,129,-1.1359916538125403,1.2837012771813345
8,6,1,7,130,-1.1580126218071751,1.3090255068778922
8,6,1,7,131,-1.1802281927851987,1.3345899192065551
8,6,1,7,132,-1.2026365717435927,1.3603928466624309
8,6,1,7,133,-1.2252359232816368,1.3864325763556979
8,6,1,7,134,-1.2480243720210671,1.412707350505618
8,6,1,7,135,-1.2710000030337121,1.4392153669427836
8,6,1,7,136,-1.2941608622769496,1.4659547796196297
8,6,1,7,137,-1.3175049570370079,1.4929236991291561
8,6,1,7,138,-1.3410302563803322,1.5201201932317026
8,6,1,7,139,-1.3647346916130343,1.547542287389772
8,6,1,7,140,-1.3886161567486954,1.5751879653108896
8,6,1,7,141,-1.4126725089846137,1.6030551694980937
8,6,1,7,142,-1.4369015691865494,1.6311418018084582
8,6,1,7,143,-1.4613011223820971,1.6594457240191178
8,6,1,7,144,-1.4858689182629337,1.6879647584009811
8,6,1,7,145,-1.5106026716958432,1.7166966882998596
8,6,1,7,146,-1.5355000632427673,1.7456392587250265
8,6,1,7,147,-1.5605587396898546,1.7747901769450791
8,6,1,7,148,-1.585776314585724,1.8041471130909508
8,6,1,7,149,-1.6111503687888273,1.8337077007660212
8,6,1,7,150,-1.6366784510241983,1.8634695376631372
8,6,1,7,151,-1.6623580784494385,1.8934301861885439
8,6,1,7,152,-1.6881867372301129,1.923587174092503
8,6,1,7,153,-1.7141618831245597,1.9539379951064277
8,6,1,7,154,-1.7402809420780319,1.9844801095867255
8,6,1,7,155,-1.7665413108264971,2.0152109451646307
8,6,1,7,156,-1.7929403575096148,2.0461278974025583
8,6,1,7,157,-1.8194754222933707,2.0772283304563683
8,6,1,7,158,-1.8461438180020884,2.108509577743531
8,6,1,7,159,-1.8729428307597606,2.1399689426171791
8,6,1,7,160,-1.8998697206408677,2.1716036990456904
8,6,1,7,161,-1.9269217223304214,2.2034110922978107
8,6,1,7,162,-1.9540960457933076,2.235388339633035
8,6,1,7,163,-1.9813898769528049,2.2675326309972625
8,6,1,7,164,-2.008800378378206,2.2998411297232817
8,6,1,7,165,-2.0363246899814169,2.3323109732362819
8,6,1,7,166,-2.0639599297225306,2.3649392737638024
8,6,1,7,167,-2.0917031943240625,2.3977231190504824
8,6,1,7,168,-2.119551559993921,2.4306595730767349
8,6,1,7,169,-2.1475020831568878,2.4637456767819059
8,6,1,7,170,-2.17555180119437,2.4969784487912121
8,6,1,7,171,-2.203697733192417,2.5303548861464491
8,6,1,7,172,-2.2319368806977105,2.5638719650403345
8,6,1,7,173,-2.2602662284813668,2.5975266415541403
8,6,1,7,174,-2.2886827453103553,2.6313158523987217
8,6,1,7,175,-2.3171833847263512,2.665236515658262
8,6,1,7,176,-2.3457650858316748,2.6992855315370852
8,6,1,7,177,-2.3744247740822955,2.7334597831088576
8,6,1,7,178,-2.4031593620874592,2.7677561370682531
8,6,1,7,179,-2.4319657504157099,2.8021714444849186
8,6,1,7,180,-2.4608408284071901,2.8367025415592382
8,6,1,7,181,-2.4897814749917369,2.8713462503798999
8,6,1,7,182,-2.5187845595126381,2.906099379683122
8,6,1,7,183,-2.5478469425556147,2.9409587256131213
8,6,1,7,184,-2.5769654767829167,2.9759210724837173
8,6,1,7,185,-2.6061370077719523,3.0109831935408309
8,6,1,7,186,-2.6353583748583489,3.0461418517257726
8,6,1,7,187,-2.6646264119830398,3.0813938004387724
8,6,1,7,188,-2.693937948542918,3.1167357843029904
8,6,1,7,189,-2.7232898102449221,3.1521645399284175
8,6,1,7,190,-2.7526788199629837,3.1876767966755564
8,6,1,7,191,-2.7821017985975915,3.2232692774187361
8,6,1,7,192,-2.8115555659375566,3.2589386993087501
8,6,1,7,193,-2.8410369415236172,3.2946817745345633
8,6,1,7,194,-2.8705427455134491,3.3304952110839641
8,6,1,7,195,-2.9000697995477775,3.3663757135028423
8,6,1,7,196,-2.9296149276170471,3.4023199836529767
8,6,1,7,197,-2.9591749569283845,3.438324721467878
8,6,1,7,198,-2.9887467187724335,3.4743866257067739
8,6,1,7,199,-3.0183270493894465,3.5105023947062772
8,6,1,7,200,-3.0479127908345949,3.5466687271295343
8,6,1,7,201,-3.0775007918416808,3.5828823227127575
8,6,1,7,202,-3.1070879086850853,3.6191398830087844
8,6,1,7,203,-3.1366710060394376,3.6554381121274822
8,6,1,7,204,-3.1662469578365604,3.6917737174727989
8,6,1,7,205,-3.1958126481193396,3.7281434104762061
8,6,1,7,206,-3.2253649718919752,3.7645439073263205
8,6,1,7,207,-3.2549008359663176,3.800971929694466
8,6,1,7,208,-3.2844171598037319,3.8374242054559997
8,6,1,7,209,-3.3139108763521277,3.8738974694071864
8,6,1,7,210,-3.3433789328777666,3.9103884639772546
8,6,1,7,211,-3.3728182917913019,3.9468939399357388
8,6,1,7,212,-3.4022259314677337,3.9834106570944745
8,6,1,7,213,-3.4315988470597913,4.0199353850044668
8,6,1,7,214,-3.4609340513043927,4.0564649036470914
8,6,1,7,215,-3.4902285753216802,4.0929960041194953
8,6,1,7,216,-3.5194794694062503,4.1295254893142532
8,6,1,7,217,-3.5486838038101878,4.1660501745927032
8,6,1,7,218,-3.5778386695175635,4.2025668884518499
8,6,1,7,219,-3.6069411790097594,4.2390724731849767
8,6,1,7,220,-3.6359884670215283,4.2755637855352999
8,6,1,7,221,-3.6649776912872136,4.3120376973427383
8,6,1,7,222,-3.6939060332768059,4.3484910961835572
8,6,1,7,223,-3.7227706989213627,4.3849208860027575
8,6,1,7,224,-3.7515689193276525,4.4213239877389148
8,6,1,7,225,-3.7802979514814208,4.4576973399412747
8,6,1,7,226,-3.8089550789389639,4.4940378993791912
8,6,1,7,227,-3.8375376125069027,4.5303426416433643
8,6,1,7,228,-3.8660428909094158,4.5666085617389909
8,6,1,7,229,-3.8944682814430087,4.6028326746705037
8,6,1,7,230,-3.9228111806181412,4.6390120160178379
8,6,1,7,231,-3.9510690147877172,4.6751436425039952
8,6,1,7,232,-3.9792392407619004,4.7112246325537397
8,6,1,7,233,-4.0073193464090551,4.7472520868434644
8,6,1,7,234,-4.0353068512425594,4.7832231288417209
8,6,1,7,235,-4.0631993069931589,4.8191349053406576
8,6,1,7,236,-4.0909942981666276,4.8549845869779364
8,6,1,7,237,-4.1186894425864757,4.8907693687491562
8,6,1,7,238,-4.1462823919214404,4.9264864705106355
8,6,1,7,239,-4.1737708321976541,4.9621331374723212
8,6,1,7,240,-4.2011524842950285,4.9977066406808186
8,6,1,7,241,-4.2284251044278962,5.0332042774923949
8,6,1,7,242,-4.2555864846095854,5.0686233720358018
8,6,1,7,243,-4.2826344531007088,5.103961275664906
8,6,1,7,244,-4.309566874841142,5.1392153674008147
8,6,1,7,245,-4.3363816518653735,5.1743830543636928
8,6,1,7,246,-4.3630767237011367,5.2094617721939214
8,6,1,7,247,-4.3896500677512273,5.2444489854626877
8,6,1,7,248,-4.4160996996582931,5.2793421880717313
8,6,1,7,249,-4.4424236736525735,5.3141389036423599
8,6,1,7,250,-4.4686200828824019,5.3488366858935512
8,6,1,7,251,-4.4946870597274593,5.3834331190090703
8,6,1,7,252,-4.5206227760945961,5.4179258179935328
8,6,1,7,253,-4.5464254436962834,5.4523124290174838
8,6,1,7,254,-4.5720933143115534,5.4865906297511451
8,6,1,7,255,-4.5976246800293659,5.5207581296871115
8,6,1,7,256,-4.6230178734744669,5.5548126704516783
8,6,1,7,257,-4.6482712680156189,5.5887520261049675
8,6,1,7,258,-4.6733832779562503,5.6225740034296336
8,6,1,7,259,-4.6983523587074751,5.6562764422082328
8,6,1,7,260,-4.7231770069436347,5.6898572154892051
8,6,1,7,261,-4.7478557607401495,5.7233142298413222
8,6,1,7,262,-4.7723871996939398,5.7566454255969211
8,6,1,7,263,-4.7967699450263357,5.7898487770833977
8,6,1,7,264,-4.8210026596686442,5.8229222928434048
8,6,1,7,265,-4.8450840483302784,5.8558640158435509
8,6,1,7,266,-4.8690128575496541,5.8886720236715568
8,6,1,7,267,-4.8927878757279828,5.9213444287219499
8,6,1,7,268,-4.9164079331458552,5.9538793783704049
8,6,1,7,269,-4.9398719019630057,5.986275055136467
8,6,1,7,270,-4.9631786962011315,6.0185296768349685
8,6,1,7,271,-4.9863272717100564,6.0506414967159445
8,6,1,7,272,-5.0093166261172826,6.082608803593212
8,6,1,7,273,-5.0321457987611176,6.1144299219616256
8,6,1,7,274,-5.0548138706076049,6.1461032121029016
8,6,1,7,275,-5.0773199641512337,6.1776270701803222
8,6,1,7,276,-5.0996632432998235,6.2089999283220871
8,6,1,7,277,-5.1218429132436016,6.2402202546935266
8,6,1,7,278,-5.1438582203087888,6.2712865535582498
8,6,1,7,279,-5.1657084517957532,6.3021973653280137
8,6,1,7,280,-5.1873929358020927,6.3329512666019578
8,6,1,7,281,-5.2089110410307446,6.3635468701945115
8,6,1,7,282,-5.2302621765834001,6.3939828251526523
8,6,1,7,283,-5.2514457917394282,6.4242578167623714
8,6,1,7,284,-5.2724613757205665,6.4543705665443012
8,6,1,7,285,-5.2933084574415705,6.484319832238902
8,6,1,7,286,-5.3139866052471838,6.5141044077809047
8,6,1,7,287,-5.334495426635522,6.5437231232634199
8,6,1,7,288,-5.3548345679682194,6.5731748448917466
8,6,1,7,289,-5.3750037141677085,6.6024584749267392
8,6,1,7,290,-5.3950025884015869,6.6315729516182449
8,6,1,7,291,-5.4148309517547677,6.6605172491282696
8,6,1,7,292,-5.4344886028893091,6.6892903774444541
8,6,1,7,293,-5.4539753776924496,6.7178913822834447
8,6,1,7,294,-5.4732911489130451,6.7463193449848164
8,6,1,7,295,-5.492435825786723,6.7745733823952294
8,6,1,7,296,-5.5114093536500093,6.802652646743204
8,6,1,7,297,-5.5302117135437534,6.8305563255045749
8,6,1,7,298,-5.5488429218062238,6.8582836412586197
8,6,1,7,299,-5.5673030296560118,6.8858338515352919
8,6,1,7,300,-5.5855921227652647,6.9132062486532888
8,6,1,7,301,NaN,NaN
8,6,1,7,302,NaN,NaN
8,6,1,7,303,NaN,NaN
8,6,1,7,304,NaN,NaN
8,6,1,7,305,NaN,NaN
8,6,1,7,306,NaN,NaN
8,6,1,7,307,NaN,NaN
8,6,1,7,308,NaN,NaN
8,6,1,7,309,NaN,NaN
8,6,1,7,310,NaN,NaN
8,6,1,7,311,NaN,NaN
8,6,1,7,312,NaN,NaN
8,6,1,7,313,NaN,NaN
8,6,1,7,314,NaN,NaN
8,6,1,7,315,NaN,NaN
8,6,1,7,316,NaN,NaN
8,6,1,7,317,NaN,NaN
8,6,1,7,318,NaN,NaN
8,6,1,7,319,NaN,NaN
8,6,1,7,320,NaN,NaN
8,6,1,7,321,NaN,NaN
8,6,1,7,322,NaN,NaN
8,6,1,7,323,NaN,NaN
8,6,1,7,324,NaN,NaN
8,6,1,7,325,NaN,NaN
8,6,1,7,326,NaN,NaN
8,6,1,7,327,NaN,NaN
8,6,1,7,328,NaN,NaN
8,6,1,7,329,NaN,NaN
8,6,1,7,330,NaN,NaN
8,6,1,7,331,NaN,NaN
8,6,1,7,332,NaN,NaN
8,6,1,7,333,NaN,NaN
8,6,1,7,334,NaN,NaN
8,6,1,7,335,NaN,NaN
8,6,1,7,336,NaN,NaN
8,6,1,7,337,NaN,NaN
8,6,1,7,338,NaN,NaN
8,6,1,7,339,NaN,NaN
8,6,1,7,340,NaN,NaN
8,6,1,7,341,NaN,NaN
8,6,1,7,342,NaN,NaN
8,6,1,7,343,NaN,NaN
8,6,1,7,344,NaN,NaN
8,6,1,7,345,NaN,NaN
8,6,1,7,346,NaN,NaN
8,6,1,7,347,NaN,NaN
8,6,1,7,348,NaN,NaN
8,6,1,7,349,NaN,NaN
8,6,1,7,350,NaN,NaN
8,6,1,7,351,NaN,NaN
8,6,1,7,352,NaN,NaN
8,6,1,7,353,NaN,NaN
8,6,1,7,354,NaN,NaN
8,6,1,7,355,NaN,NaN
8,6,1,7,356,NaN,NaN
8,6,1,7,357,NaN,NaN
8,6,1,7,358,NaN,NaN
8,6,1,7,359,NaN,NaN
8,6,1,7,360,NaN,NaN
8,6,1,7,361,NaN,NaN
8,6,1,7,362,NaN,NaN
8,6,1,7,363,NaN,NaN
8,6,1,7,364,NaN,NaN
8,6,1,7,365,NaN,NaN
8,6,1,7,366,NaN,NaN
8,6,1,7,367,NaN,NaN
8,6,1,7,368,NaN,NaN
8,6,1,7,369,NaN,NaN
8,6,1,7,370,NaN,NaN
8,6,1,7,371,NaN,NaN
8,6,1,7,372,NaN,NaN
8,6,1,7,373,NaN,NaN
8,6,1,7,374,NaN,NaN
8,6,1,7,375,NaN,NaN
8,6,1,7,376,NaN,NaN
8,6,1,7,377,NaN,NaN
8,6,1,7,378,NaN,NaN
8,6,1,7,379,NaN,NaN
8,6,1,7,380,NaN,NaN
8,6,1,7,381,NaN,NaN
8,6,1,7,382,NaN,NaN
8,6,1,7,383,NaN,NaN
8,6,1,7,384,NaN,NaN
8,6,1,7,385,NaN,NaN
8,6,1,7,386,NaN,NaN
8,6,1,7,387,NaN,NaN
8,6,1,7,388,NaN,NaN
8,6,1,7,389,NaN,NaN
8,6,1,7,390,NaN,NaN
8,6,1,7,391,NaN,NaN
8,6,1,7,392,NaN,NaN
8,6,1,7,393,NaN,NaN
8,6,1,7,394,NaN,NaN
8,6,1,7,395,NaN,NaN
8,6,1,7,396,NaN,NaN
8,6,1,7,397,NaN,NaN
8,6,1,7,398,NaN,NaN
8,6,1,7,399,NaN,NaN
8,6,1,7,400,NaN,NaN
8,6,1,7,401,NaN,NaN
8,6,1,7,402,NaN,NaN
8,6,1,7,403,NaN,NaN
8,6,1,7,404,NaN,NaN
8,6,1,7,405,NaN,NaN
8,6,1,7,406,NaN,NaN
8,6,1,7,407,NaN,NaN
8,6,1,7,408,NaN,NaN
8,6,1,7,409,NaN,NaN
8,6,1,7,410,NaN,NaN
8,6,1,7,411,NaN,NaN
8,6,1,7,412,NaN,NaN
8,6,1,7,413,NaN,NaN
8,6,1,7,414,NaN,NaN
8,6,1,7,415,NaN,NaN
8,6,1,7,416,NaN,NaN
8,6,1,7,417,NaN,NaN
8,6,1,7,418,NaN,NaN
8,6,1,7,419,NaN,NaN
8,6,1,7,420,NaN,NaN
8,6,1,7,421,NaN,NaN
8,6,1,7,422,NaN,NaN
8,6,1,7,423,NaN,NaN
8,6,1,7,424,NaN,NaN
8,6,1,7,425,NaN,NaN
8,6,1,7,426,NaN,NaN
8,6,1,7,427,NaN,NaN
8,6,1,7,428,NaN,NaN
8,6,1,7,429,NaN,NaN
8,6,1,7,430,NaN,NaN
8,6,1,7,431,NaN,NaN
8,6,1,7,432,NaN,NaN
8,6,1,7,433,NaN,NaN
8,6,1,7,434,NaN,NaN
8,6,1,7,435,NaN,NaN
8,6,1,7,436,NaN,NaN
8,6,1,7,437,NaN,NaN
8,6,1,7,438,NaN,NaN
8,6,1,7,439,NaN,NaN
8,6,1,7,440,NaN,NaN
8,6,1,7,441,NaN,NaN
8,6,1,7,442,NaN,NaN
8,6,1,7,443,NaN,NaN
8,6,1,7,444,NaN,NaN
8,6,1,7,445,NaN,NaN
8,6,1,7,446,NaN,NaN
8,6,1,7,447,NaN,NaN
8,6,1,7,448,NaN,NaN
8,6,1,7,449,NaN,NaN
8,6,1,7,450,NaN,NaN
8,6,1,7,451,NaN,NaN
8,6,1,7,452,NaN,NaN
8,6,1,7,453,NaN,NaN
8,6,1,7,454,NaN,NaN
8,6,1,7,455,NaN,NaN
8,6,1,7,456,NaN,NaN
8,6,1,7,457,NaN,NaN
8,6,1,7,458,NaN,NaN
8,6,1,7,459,NaN,NaN
8,6,1,7,460,NaN,NaN
8,6,1,7,461,NaN,NaN
8,6,1,7,462,NaN,NaN
8,6,1,7,463,NaN,NaN
8,6,1,7,464,NaN,NaN
8,6,1,7,465,NaN,NaN
8,6,1,7,466,NaN,NaN
8,6,1,7,467,NaN,NaN
8,6,1,7,468,NaN,NaN
8,6,1,7,469,NaN,NaN
8,6,1,7,470,NaN,NaN
8,6,1,7,471,NaN,NaN
8,6,1,7,472,NaN,NaN
8,6,1,7,473,NaN,NaN
8,6,1,7,474,NaN,NaN
8,6,1,7,475,NaN,NaN
8,6,1,7,476,NaN,NaN
8,6,1,7,477,NaN,NaN
8,6,1,7,478,NaN,NaN
8,6,1,7,479,NaN,NaN
8,6,1,7,480,NaN,NaN
8,6,1,7,481,NaN,NaN
8,6,1,7,482,NaN,NaN
8,6,1,7,483,NaN,NaN
8,6,1,7,484,NaN,NaN
8,6,1,7,485,NaN,NaN
8,6,1,7,486,NaN,NaN
8,6,1,7,487,NaN,NaN
8,6,1,7,488,NaN,NaN
8,6,1,7,489,NaN,NaN
8,6,1,7,490,NaN,NaN
8,6,1,7,491,NaN,NaN
8,6,1,7,492,NaN,NaN
8,6,1,7,493,NaN,NaN
8,6,1,7,494,NaN,NaN
8,6,1,7,495,NaN,NaN
8,6,1,7,496,NaN,NaN
8,6,1,7,497,NaN,NaN
8,6,1,7,498,NaN,NaN
8,6,1,7,499,NaN,NaN
8,6,1,7,500,NaN,NaN
8,6,1,7,501,NaN,NaN
8,6,1,7,502,NaN,NaN
8,6,1,7,503,NaN,NaN
8,6,1,7,504,NaN,NaN
8,6,1,7,505,NaN,NaN
8,6,1,7,506,NaN,NaN
8,6,1,7,507,NaN,NaN
8,6,1,7,508,NaN,NaN
8,6,1,7,509,NaN,NaN
8,6,1,7,510,NaN,NaN
8,6,1,7,511,NaN,NaN
8,6,1,7,512,NaN,NaN
8,6,1,7,513,NaN,NaN
8,6,1,7,514,NaN,NaN
8,6,1,7,515,NaN,NaN
8,6,1,7,516,NaN,NaN
8,6,1,7,517,NaN,NaN
8,6,1,7,518,NaN,NaN
8,6,1,7,519,NaN,NaN
8,6,1,7,520,NaN,NaN
8,6,1,7,521,NaN,NaN
8,6,1,7,522,NaN,NaN
8,6,1,7,523,NaN,NaN
8,6,1,7,524,NaN,NaN
8,6,1,7,525,NaN,NaN
8,6,1,7,526,NaN,NaN
8,6,1,7,527,NaN,NaN
8,6,1,7,528,NaN,NaN
8,6,1,7,529,NaN,NaN
8,6,1,7,530,NaN,NaN
8,6,1,7,531,NaN,NaN
8,6,1,7,532,NaN,NaN
8,6,1,7,533,NaN,NaN
8,6,1,7,534,NaN,NaN
8,6,1,7,535,NaN,NaN
8,6,1,7,536,NaN,NaN
8,6,1,7,537,NaN,NaN
8,6,1,7,538,NaN,NaN
8,6,1,7,539,NaN,NaN
8,6,1,7,540,NaN,NaN
8,6,1,7,541,NaN,NaN
8,6,1,7,542,NaN,NaN
8,6,1,7,543,NaN,NaN
8,6,1,7,544,NaN,NaN
8,6,1,7,545,NaN,NaN
8,6,1,7,546,NaN,NaN
8,6,1,7,547,NaN,NaN
8,6,1,7,548,NaN,NaN
8,6,1,7,549,NaN,NaN
8,6,1,7,550,NaN,NaN
8,6,1,7,551,NaN,NaN
8,6,1,7,552,NaN,NaN
8,6,1,7,553,NaN,NaN
8,6,1,7,554,NaN,NaN
8,6,1,7,555,NaN,NaN
8,6,1,7,556,NaN,NaN
8,6,1,7,557,NaN,NaN
8,6,1,7,558,NaN,NaN
8,6,1,7,559,NaN,NaN
8,6,1,7,560,NaN,NaN
8,6,1,7,561,NaN,NaN
8,6,1,7,562,NaN,NaN
8,6,1,7,563,NaN,NaN
8,6,1,7,564,NaN,NaN
8,6,1,7,565,NaN,NaN
8,6,1,7,566,NaN,NaN
8,6,1,7,567,NaN,NaN
8,6,1,7,568,NaN,NaN
8,6,1,7,569,NaN,NaN
8,6,1,7,570,NaN,NaN
8,6,1,7,571,NaN,NaN
8,6,1,7,572,NaN,NaN
8,6,1,7,573,NaN,NaN
8,6,1,7,574,NaN,NaN
8,6,1,7,575,NaN,NaN
8,6,1,7,576,NaN,NaN
8,6,1,7,577,NaN,NaN
8,6,1,7,578,NaN,NaN
8,6,1,7,579,NaN,NaN
8,6,1,7,580,NaN,NaN
8,6,1,7,581,NaN,NaN
8,6,1,7,582,NaN,NaN
8,6,1,7,583,NaN,NaN
8,6,1,7,584,NaN,NaN
8,6,1,7,585,NaN,NaN
8,6,1,7,586,NaN,NaN
8,6,1,7,587,NaN,NaN
8,6,1,7,588,NaN,NaN
8,6,1,7,589,NaN,NaN
8,6,1,7,590,NaN,NaN
8,6,1,7,591,NaN,NaN
8,6,1,7,592,NaN,NaN
8,6,1,7,593,NaN,NaN
8,6,1,7,594,NaN,NaN
8,6,1,7,595,NaN,NaN
8,6,1,7,596,NaN,NaN
8,6,1,7,597,NaN,NaN
8,6,1,7,598,NaN,NaN
8,6,1,7,599,NaN,NaN
8,6,1,15,0,0,0
8,6,1,15,1,0,0
8,6,1,15,2,-7.1956204328316176e-06,4.0132526174518901e-05
8,6,1,15,3,-2.6238191286331869e-05,0.00012495529369271896
8,6,1,15,4,-6.1744493057291905e-05,0.00025895903362771477
8,6,1,15,5,-0.00011829571952004514,0.00044657028503425344
8,6,1,15,6,-0.00020043619902709864,0.00069215386317433847
8,6,1,15,7,-0.00031267129677048366,0.0010000147850991459
8,6,1,15,8,-0.00045946615458980489,0.0013744001865462208
8,6,1,15,9,-0.00064524457757952902,0.0018195010691807179
8,6,1,15,10,-0.00087438797827799064,0.0023394538673143783
8,6,1,15,11,-0.0011512343755515353,0.002938341847713577
8,6,1,15,12,-0.0014800774458478827,0.0036201963550169802
8,6,1,15,13,-0.0018651656241375214,0.0043889979148559188
8,6,1,15,14,-0.0023107012524115067,0.0052486772054577413
8,6,1,15,15,-0.002820839773670647,0.006203115908018364
8,6,1,15,16,-0.0033996889692688992,0.007256147445386385
8,6,1,15,17,-0.0040513082379400878,0.0084115576177490325
8,6,1,15,18,-0.004779707914576159,0.0096730851437798471
8,6,1,15,19,-0.0055888486272304139,0.011044422114611652
8,6,1,15,20,-0.0064826406908136125,0.01252921436787624
8,6,1,15,21,-0.0074649435358842275,0.014131061788538735
8,6,1,15,22,-0.008539565171322705,0.015853518542383038
8,6,1,15,23,-0.0097102616794353391,0.017700093248115834
8,6,1,15,24,-0.01098073674238309,0.019674249093262763
8,6,1,15,25,-0.01235464119861418,0.021779403898905536
8,6,1,15,26,-0.013835572628356774,0.02401893013770362
8,6,1,15,27,-0.015427074966961607,0.026396154909627545
8,6,1,15,28,-0.017132638145123114,0.028914359879284035
8,6,1,15,29,-0.018955697755101975,0.031576781178552227
8,6,1,15,30,-0.020899634741899931,0.034386609277944902
8,6,1,15,31,-0.022967775118565292,0.037346988829956018
8,6,1,15,32,-0.025163389704785377,0.040461018487278344
8,6,1,15,33,-0.027489693887977618,0.043731750698638994
8,6,1,15,34,-0.029949847405968955,0.04716219148497014
8,6,1,15,35,-0.03254695415072506,0.050755300198082609
8,6,1,15,36,-0.0352840619921857,0.054513989264218243
8,6,1,15,37,-0.038164162621678877,0.058441123914484971
8,6,1,15,38,-0.041190191414136601,0.06253952190401757
8,6,1,15,39,-0.044365027308468363,0.066811953221809772
8,6,1,15,40,-0.047691492705576044,0.071261139792663797
8,6,1,15,41,-0.051172353383144298,0.075889755172983686
8,6,1,15,42,-0.054810318426962157,0.080700424241600399
8,6,1,15,43,-0.058608040177837717,0.085695722887288439
8,6,1,15,44,-0.062568114193894964,0.090878177693767825
8,6,1,15,45,-0.066693079227336804,0.096250265623734621
8,6,1,15,46,-0.070985417215557733,0.10181441370266942
8,6,1,15,47,-0.075447553285701296,0.10757299870365056
8,6,1,15,48,-0.080081855772468069,0.11352834683383273
8,6,1,15,49,-0.08489063624850246,0.11968273342360114
8,6,1,15,50,-0.089876149566936459,0.12603838261919242
8,6,1,15,51,-0.095040593915712845,0.13259746707926789
8,6,1,15,52,-0.1003861108830939,0.13936210767649948
8,6,1,15,53,-0.10591478553402256,0.14633437320435705
8,6,1,15,54,-0.11162864649689186,0.1535162800899853
8,6,1,15,55,-0.11752966606028425,0.16090979211354772
8,6,1,15,56,-0.12361976027930877,0.16851682013461489
8,6,1,15,57,-0.12990078909113079,0.17633922182581641
8,6,1,15,58,-0.13637455643935037,0.18437880141459473
8,6,1,15,59,-0.14304281040673494,0.19263730943293311
8,6,1,15,60,-0.14990724335615102,0.20111644247592098
8,6,1,15,61,-0.1569694920791731,0.20981784296899841
8,6,1,15,62,-0.16423113795214772,0.21874309894449884
8,6,1,15,63,-0.17169370709927967,0.2278937438277312
8,6,1,15,64,-0.17935867056250721,0.23727125623270173
8,6,1,15,65,-0.18722744447788875,0.24687705976776664
8,6,1,15,66,-0.19530139025804583,0.25671252285157931
8,6,1,15,67,-0.20358181478064008,0.26677895853924327
8,6,1,15,68,-0.21206997058223487,0.27707762435917327
8,6,1,15,69,-0.22076705605780789,0.28760972216041736
8,6,1,15,70,-0.22967421566506552,0.29837639797105353
8,6,1,15,71,-0.23879254013373097,0.30937874186741376
8,6,1,15,72,-0.24812306667952866,0.32061778785439921
8,6,1,15,73,-0.25766677922239856,0.33209451375710575
8,6,1,15,74,-0.26742460860900708,0.34380984112363233
8,6,1,15,75,-0.27739743283924367,0.35576463513928014
8,6,1,15,76,-0.28758607729643115,0.36795970455225091
8,6,1,15,77,-0.29799131498124409,0.38039580161090825
8,6,1,15,78,-0.30861386674900237,0.39307362201252138
8,6,1,15,79,-0.31945440155030647,0.40599380486379399
8,6,1,15,80,-0.33051353667474248,0.41915693265293097
8,6,1,15,81,-0.34179183799766255,0.43256353123355962
8,6,1,15,82,-0.35328982022976851,0.44621406982043588
8,6,1,15,83,-0.36500794716948226,0.46010896099682452
8,6,1,15,84,-0.37694663195794731,0.47424856073383925
8,6,1,15,85,-0.3891062373366061,0.48863316842156779
8,6,1,15,86,-0.40148707590716426,0.50326302691208469
8,6,1,15,87,-0.41408941039401403,0.51813832257430747
8,6,1,15,88,-0.426913453908917,0.5332591853608043
8,6,1,15,89,-0.43995937021794052,0.54862568888647545
8,6,1,15,90,-0.45322727401062579,0.5642378505190615
8,6,1,15,91,-0.4667172311713097,0.58009563148166132
8,6,1,15,92,-0.48042925905254497,0.59619893696705173
8,6,1,15,93,-0.49436332675066863,0.61254761626396148
8,6,1,15,94,-0.50851935538345772,0.62914146289519135
8,6,1,15,95,-0.52289721836986103,0.64598021476760248
8,6,1,15,96,-0.53749674171186257,0.66306355433395636
8,6,1,15,97,-0.55231770427840998,0.68039110876666475
8,6,1,15,98,-0.56735983809154122,0.69796245014322744
8,6,1,15,99,-0.58262282861461512,0.71577709564364933
8,6,1,15,100,-0.59810631504275125,0.73383450775947601
8,6,1,15,101,-0.61380989059555691,0.7521340945147309
8,6,1,15,102,-0.62973310281209116,0.7706752096984848
8,6,1,15,103,-0.64587545384819367,0.78945715310925479
8,6,1,15,104,-0.66223640077633927,0.80847917081088849
8,6,1,15,105,-0.67881535588780184,0.82774045540036367
8,6,1,15,106,-0.69561168699751041,0.84724014628701216
8,6,1,15,107,-0.71262471775159764,0.86697732998336219
8,6,1,15,108,-0.7298537279375461,0.88695104040766581
8,6,1,15,109,-0.74729795379733233,0.90716025919770904
8,6,1,15,110,-0.76495658834342395,0.92760391603634862
8,6,1,15,111,-0.782828781677819,0.94828088898827045
8,6,1,15,112,-0.80091364131431031,0.96919000484828322
8,6,1,15,113,-0.81921023250391967,0.99033003950087795
8,6,1,15,114,-0.83771757856385687,1.0116997182910814
8,6,1,15,115,-0.85643466120980394,1.0332977164066282
8,6,1,15,116,-0.87536042089199628,1.0551226592712153
8,6,1,15,117,-0.89449375713496204,1.0771731229489907
8,6,1,15,118,-0.91383352888118607,1.0994476345600606
8,6,1,15,119,-0.93337855483875409,1.1219446727070481
8,6,1,15,120,-0.95312761383319899,1.1446626679125633
8,6,1,15,121,-0.97307944516354938,1.167600003067637
8,6,1,15,122,-0.99323274896284675,1.1907550138908873
8,6,1,15,123,-1.0135861865632034,1.214125989398493
8,6,1,15,124,-1.0341383808654736,1.2377111723848837
8,6,1,15,125,-1.0548879167138647,1.2615087599138737
8,6,1,15,126,-1.0758333412753451,1.2855169038205105
8,6,1,15,127,-1.0969731644242309,1.3097337112231795
8,6,1,15,128,-1.1183058591319184,1.3341572450461996
8,6,1,15,129,-1.139829861862024,1.3587855245525775
8,6,1,15,130,-1.1615435729708967,1.3836165258869411
8,6,1,15,131,-1.1834453571137216,1.4086481826285939
8,6,1,15,132,-1.2055335436564396,1.4338783863544564
8,6,1,15,133,-1.2278064270933309,1.4593049872119042
8,6,1,15,134,-1.2502622674706088,1.4849257945013545
8,6,1,15,135,-1.2728992908160708,1.5107385772685138
8,6,1,15,136,-1.2957156895748445,1.5367410649060305
8,6,1,15,137,-1.3187096230514284,1.5629309477647486
8,6,1,15,138,-1.3418792178579941,1.5893058777740443
8,6,1,15,139,-1.3652225683692176,1.6158634690714351
8,6,1,15,140,-1.3887377371835707,1.6426012986411025
8,6,1,15,141,-1.4124227555911417,1.6695169069614351
8,6,1,15,142,-1.4362756240482721,1.6966077986611565
8,6,1,15,143,-1.4602943126587553,1.7238714431841355
8,6,1,15,144,-1.4844767616618959,1.751305275462653
8,6,1,15,145,-1.5088208819273974,1.7789066965989226
8,6,1,15,146,-1.533324555457144,1.8066730745546962
8,6,1,15,147,-1.5579856358938327,1.834601744849043
8,6,1,15,148,-1.582801949036583,1.8626900112636595
8,6,1,15,149,-1.6077712933635524,1.8909351465560165
8,6,1,15,150,-1.6328914405613848,1.9193343931799638
8,6,1,15,151,-1.6581601360617926,1.9478849640135105
8,6,1,15,152,-1.6835750995850107,1.9765840430937405
8,6,1,15,153,-1.7091340256901955,2.0054287863587898
8,6,1,15,154,-1.7348345843327895,2.0344163223963734
8,6,1,15,155,-1.7606744214287984,2.063543753198918
8,6,1,15,156,-1.7866511594258394,2.0928081549250495
8,6,1,15,157,-1.8127623978811069,2.1222065786671767
8,6,1,15,158,-1.8390057140459548,2.151736051225031
8,6,1,15,159,-1.8653786634572567,2.181393575884913
8,6,1,15,160,-1.8918787805352943,2.2111761332044564
8,6,1,15,161,-1.9185035791881855,2.2410806818026514
8,6,1,15,162,-1.9452505534226838,2.2711041591549712
8,6,1,15,163,-1.9721171779613245,2.3012434823932892
8,6,1,15,164,-1.9991009088656808,2.3314955491104601
8,6,1,15,165,-2.0261991841657334,2.3618572381692986
8,6,1,15,166,-2.0534094244951451,2.3923254105156055
8,6,1,15,167,-2.0807290337322759,2.4228969099952593
8,6,1,15,168,-2.1081553996468552,2.4535685641748044
8,6,1,15,169,-2.135685894552064,2.4843371851656473
8,6,1,15,170,-2.1633178759619121,2.5151995704513124
8,6,1,15,171,-2.1910486872537827,2.5461525037176109
8,6,1,15,172,-2.2188756583357061,2.5771927556856338
8,6,1,15,173,-2.2467961063185271,2.6083170849470623
8,6,1,15,174,-2.2748073361924916,2.6395222388016255
8,6,1,15,175,-2.3029066415080459,2.6708049540965866
8,6,1,15,176,-2.3310913050608226,2.7021619580678085
8,6,1,15,177,-2.3593585995803688,2.733589969182157
8,6,1,15,178,-2.3877057884224451,2.7650856979812262
8,6,1,15,179,-2.416130126264715,2.7966458479256966
8,6,1,15,180,-2.4446288598054924,2.8282671162404238
8,6,1,15,181,-2.4731992284652504,2.8599461947598965
8,6,1,15,182,-2.5018384650907999,2.8916797707735835
8,6,1,15,183,-2.5305437966616049,2.9234645278712472
8,6,1,15,184,-2.5593124449981963,2.9552971467876916
8,6,1,15,185,-2.5881416274722291,2.9871743062468066
8,6,1,15,186,-2.6170285577180041,3.0190926838044612
8,6,1,15,187,-2.6459704463450251,3.0510489566903303
8,6,1,15,188,-2.6749645016514609,3.083039802647944
8,6,1,15,189,-2.7040079303380704,3.1150619007729392
8,6,1,15,190,-2.7330979382222731,3.1471119323493086
8,6,1,15,191,-2.7622317309521915,3.1791865816831715
8,6,1,15,192,-2.7914065147202183,3.2112825369338545
8,6,1,15,193,-2.8206194969757403,3.2433964909421271
8,6,1,15,194,-2.8498678871369307,3.275525142055205
8,6,1,15,195,-2.8791488973009596,3.3076651949482896
8,6,1,15,196,-2.9084597429526351,3.3398133614422982
8,6,1,15,197,-2.9377976436707751,3.3719663613177824
8,6,1,15,198,-2.967159823832366,3.4041209231242848
8,6,1,15,199,-2.9965435133138261,3.4362737849854663
8,6,1,15,200,-3.0259459481892845,3.4684216953992348
8,6,1,15,201,-3.0553643714254344,3.5005614140328323
8,6,1,15,202,-3.0847960335726121,3.5326897125127212
8,6,1,15,203,-3.1142381934518348,3.564803375208772
8,6,1,15,204,-3.1436881188374288,3.596899200012682
8,6,1,15,205,-3.1731430871349051,3.6289739991102659
8,6,1,15,206,-3.2026003860537444,3.6610245997475173
8,6,1,15,207,-3.2320573142748499,3.6930478449899469
8,6,1,15,208,-3.2615111821121925,3.725040594475193
8,6,1,15,209,-3.2909593121685008,3.7569997251585856
8,6,1,15,210,-3.3203990399845065,3.788922132051284
8,6,1,15,211,-3.3498277146815578,3.8208047289510021
8,6,1,15,212,-3.379242699597218,3.8526444491649352
8,6,1,15,213,-3.4086413729135625,3.8844382462246392
8,6,1,15,214,-3.4380211282778737,3.9161830945926788
8,6,1,15,215,-3.4673793754154136,3.9478759903609579
8,6,1,15,216,-3.4967135407340475,3.979513951940203
8,6,1,15,217,-3.5260210679202708,4.0110940207407051
8,6,1,15,218,-3.5552994185265807,4.0426132618438997
8,6,1,15,219,-3.5845460725496823,4.0740687646647098
8,6,1,15,220,-3.6137585289994609,4.1054576436043879
8,6,1,15,221,-3.642934306458312,4.1367770386935261
8,6,1,15,222,-3.6720709436306285,4.1680241162254354
8,6,1,15,223,-3.7011659998821447,4.1991960693792993
8,6,1,15,224,-3.7302170557690251,4.2302901188329471
8,6,1,15,225,-3.7592217135562764,4.261303513365533
8,6,1,15,226,-3.7881775977253564,4.2922335304492378
8,6,1,15,227,-3.8170823554707911,4.3230774768304201
8,6,1,15,228,-3.8459336571854519,4.3538326890997707
8,6,1,15,229,-3.8747291969344455,4.3844965342513058
8,6,1,15,230,-3.9034666929172959,4.4150664102301427
8,6,1,15,231,-3.932143887918266,4.4455397464688708
8,6,1,15,232,-3.9607585497446474,4.4759140044123704
8,6,1,15,233,-3.989308471652897,4.5061866780308906
8,6,1,15,234,-4.0177914727622834,4.5363552943213143
8,6,1,15,235,-4.0462053984561148,4.5664174137965228
8,6,1,15,236,-4.074548120770177,4.5963706309626096
8,6,1,15,237,-4.1028175387684831,4.6262125747838692
8,6,1,15,238,-4.1310115789059463,4.6559409091355919
8,6,1,15,239,-4.1591281953780923,4.6855533332442825
8,6,1,15,240,-4.1871653704575014,4.7150475821154529
8,6,1,15,241,-4.2151211148170553,4.7444214269487972
8,6,1,15,242,-4.2429934678397565,4.7736726755405741
8,6,1,15,243,-4.2707804979151112,4.8027991726732475
8,6,1,15,244,-4.2984803027220018,4.8317988004922459
8,6,1,15,245,-4.3260910094979179,4.860669478869756
8,6,1,15,246,-4.3536107752946362,4.8894091657554792
8,6,1,15,247,-4.3810377872200714,4.918015857514316
8,6,1,15,248,-4.4083702626665664,4.9464875892508919
8,6,1,15,249,-4.4356064495252312,4.9748224351209069
8,6,1,15,250,-4.462744626386689,5.0030185086291983
8,6,1,15,251,-4.4897831027279516,5.0310739629145864
8,6,1,15,252,-4.5167202190855074,5.0589869910212695
8,6,1,15,253,-4.5435543472146787,5.0867558261570354
8,6,1,15,254,-4.5702838902351601,5.1143787419379496
8,6,1,15,255,-4.5969072827629294,5.141854052619685
8,6,1,15,256,-4.6234229910283586,5.1691801133155328
8,6,1,15,257,-4.6498295129807463,5.1963553202008157
8,6,1,15,258,-4.6761253783792363,5.223378110704016
8,6,1,15,259,-4.7023091488701816,5.2502469636844937
8,6,1,15,260,-4.7283794180510705,5.2769603995966445
8,6,1,15,261,-4.7543348115210771,5.3035169806408184
8,6,1,15,262,-4.7801739869182462,5.3299153109007378
8,6,1,15,263,-4.8058956339435186,5.3561540364676894
8,6,1,15,264,-4.8314984743716813,5.3822318455512077
8,6,1,15,265,-4.8569812620491977,5.4081474685766153
8,6,1,15,266,-4.8823427828792898,5.4338996782692579
8,6,1,15,267,-4.907581854794163,5.4594872897254874
8,6,1,15,268,-4.9326973277146529,5.4849091604704938
8,6,1,15,269,-4.9576880834972972,5.510164190503156
8,6,1,15,270,-4.9825530358691807,5.5352513223275865
8,6,1,15,271,-5.0072911303504606,5.5601695409719349
8,6,1,15,272,-5.0319013441648908,5.5849178739941472
8,6,1,15,273,-5.0563826861384333,5.6094953914749084
8,6,1,15,274,-5.0807341965862172,5.6339012059978018
8,6,1,15,275,-5.1049549471878954,5.6581344726168075
8,6,1,15,276,-5.1290440408515989,5.682194388811193
8,6,1,15,277,-5.1530006115668048,5.7060801944279014
8,6,1,15,278,-5.176823824246152,5.7297911716114838
8,6,1,15,279,-5.2005128745564679,5.7533266447218319
8,6,1,15,280,-5.2240669887391569,5.7766859802395789
8,6,1,15,281,-5.2474854234203061,5.7998685866594482
8,6,1,15,282,-5.2707674654104695,5.8228739143716481
8,6,1,15,283,-5.2939124314945687,5.8457014555313354
8,6,1,15,284,-5.3169196682119555,5.8683507439163645
8,6,1,15,285,-5.3397885516270343,5.8908213547734425
8,6,1,15,286,-5.3625184870904565,5.91311290465267
8,6,1,15,287,-5.3851089089913149,5.9352250512308329
8,6,1,15,288,-5.4075592805004185,5.9571574931234075
8,6,1,15,289,-5.4298690933049283,5.9789099696854837
8,6,1,15,290,-5.4520378673346857,6.0004822608016513
8,6,1,15,291,-5.4740651504802615,6.0218741866652072
8,6,1,15,292,-5.4959505183031832,6.0430856075466028
8,6,1,15,293,-5.5176935737384305,6.064116423551372
8,6,1,15,294,-5.5392939467895195,6.0849665743677921
8,6,1,15,295,-5.5607512942164039,6.1056360390042279
8,6,1,15,296,-5.5820652992164099,6.1261248355165137
8,6,1,15,297,-5.6032356710985383,6.1464330207253139
8,6,1,15,298,-5.6242621449512198,6.1665606899239691
8,6,1,15,299,-5.6451444813040155,6.18650797657663
8,6,1,15,300,-5.6658824657832394,6.2062750520069851
8,6,1,15,301,-5.6864759087619952,6.2258621250779775
8,6,1,15,302,-5.7069246450047189,6.2452694418621695
8,6,1,15,303,-5.7272285333065662,6.2644972853034915
8,6,1,15,304,-5.74738745612785,6.2835459748702052
8,6,1,15,305,-5.7674013192237972,6.3024158661993486
8,6,1,15,306,-5.7872700512699158,6.3211073507328273
8,6,1,15,307,NaN,NaN
8,6,1,15,308,NaN,NaN
8,6,1,15,309,NaN,NaN
8,6,1,15,310,NaN,NaN
8,6,1,15,311,NaN,NaN
8,6,1,15,312,NaN,NaN
8,6,1,15,313,NaN,NaN
8,6,1,15,314,NaN,NaN
8,6,1,15,315,NaN,NaN
8,6,1,15,316,NaN,NaN
8,6,1,15,317,NaN,NaN
8,6,1,15,318,NaN,NaN
8,6,1,15,319,NaN,NaN
8,6,1,15,320,NaN,NaN
8,6,1,15,321,NaN,NaN
8,6,1,15,322,NaN,NaN
8,6,1,15,323,NaN,NaN
8,6,1,15,324,NaN,NaN
8,6,1,15,325,NaN,NaN
8,6,1,15,326,NaN,NaN
8,6,1,15,327,NaN,NaN
8,6,1,15,328,NaN,NaN
8,6,1,15,329,NaN,NaN
8,6,1,15,330,NaN,NaN
8,6,1,15,331,NaN,NaN
8,6,1,15,332,NaN,NaN
8,6,1,15,333,NaN,NaN
8,6,1,15,334,NaN,NaN
8,6,1,15,335,NaN,NaN
8,6,1,15,336,NaN,NaN
8,6,1,15,337,NaN,NaN
8,6,1,15,338,NaN,NaN
8,6,1,15,339,NaN,NaN
8,6,1,15,340,NaN,NaN
8,6,1,15,341,NaN,NaN
8,6,1,15,342,NaN,NaN
8,6,1,15,343,NaN,NaN
8,6,1,15,344,NaN,NaN
8,6,1,15,345,NaN,NaN
8,6,1,15,346,NaN,NaN
8,6,1,15,347,NaN,NaN
8,6,1,15,348,NaN,NaN
8,6,1,15,349,NaN,NaN
8,6,1,15,350,NaN,NaN
8,6,1,15,351,NaN,NaN
8,6,1,15,352,NaN,NaN
8,6,1,15,353,NaN,NaN
8,6,1,15,354,NaN,NaN
8,6,1,15,355,NaN,NaN
8,6,1,15,356,NaN,NaN
8,6,1,15,357,NaN,NaN
8,6,1,15,358,NaN,NaN
8,6,1,15,359,NaN,NaN
8,6,1,15,360,NaN,NaN
8,6,1,15,361,NaN,NaN
8,6,1,15,362,NaN,NaN
8,6,1,15,363,NaN,NaN
8,6,1,15,364,NaN,NaN
8,6,1,15,365,NaN,NaN
8,6,1,15,366,NaN,NaN
8,6,1,15,367,NaN,NaN
8,6,1,15,368,NaN,NaN
8,6,1,15,369,NaN,NaN
8,6,1,15,370,NaN,NaN
8,6,1,15,371,NaN,NaN
8,6,1,15,372,NaN,NaN
8,6,1,15,373,NaN,NaN
8,6,1,15,374,NaN,NaN
8,6,1,15,375,NaN,NaN
8,6,1,15,376,NaN,NaN
8,6,1,15,377,NaN,NaN
8,6,1,15,378,NaN,NaN
8,6,1,15,379,NaN,NaN
8,6,1,15,380,NaN,NaN
8,6,1,15,381,NaN,NaN
8,6,1,15,382,NaN,NaN
8,6,1,15,383,NaN,NaN
8,6,1,15,384,NaN,NaN
8,6,1,15,385,NaN,NaN
8,6,1,15,386,NaN,NaN
8,6,1,15,387,NaN,NaN
8,6,1,15,388,NaN,NaN
8,6,1,15,389,NaN,NaN
8,6,1,15,390,NaN,NaN
8,6,1,15,391,NaN,NaN
8,6,1,15,392,NaN,NaN
8,6,1,15,393,NaN,NaN
8,6,1,15,394,NaN,NaN
8,6,1,15,395,NaN,NaN
8,6,1,15,396,NaN,NaN
8,6,1,15,397,NaN,NaN
8,6,1,15,398,NaN,NaN
8,6,1,15,399,NaN,NaN
8,6,1,15,400,NaN,NaN
8,6,1,15,401,NaN,NaN
8,6,1,15,402,NaN,NaN
8,6,1,15,403,NaN,NaN
8,6,1,15,404,NaN,NaN
8,6,1,15,405,NaN,NaN
8,6,1,15,406,NaN,NaN
8,6,1,15,407,NaN,NaN
8,6,1,15,408,NaN,NaN
8,6,1,15,409,NaN,NaN
8,6,1,15,410,NaN,NaN
8,6,1,15,411,NaN,NaN
8,6,1,15,412,NaN,NaN
8,6,1,15,413,NaN,NaN
8,6,1,15,414,NaN,NaN
8,6,1,15,415,NaN,NaN
8,6,1,15,416,NaN,NaN
8,6,1,15,417,NaN,NaN
8,6,1,15,418,NaN,NaN
8,6,1,15,419,NaN,NaN
8,6,1,15,420,NaN,NaN
8,6,1,15,421,NaN,NaN
8,6,1,15,422,NaN,NaN
8,6,1,15,423,NaN,NaN
8,6,1,15,424,NaN,NaN
8,6,1,15,425,NaN,NaN
8,6,1,15,426,NaN,NaN
8,6,1,15,427,NaN,NaN
8,6,1,15,428,NaN,NaN
8,6,1,15,429,NaN,NaN
8,6,1,15,430,NaN,NaN
8,6,1,15,431,NaN,NaN
8,6,1,15,432,NaN,NaN
8,6,1,15,433,NaN,NaN
8,6,1,15,434,NaN,NaN
8,6,1,15,435,NaN,NaN
8,6,1,15,436,NaN,NaN
8,6,1,15,437,NaN,NaN
8,6,1,15,438,NaN,NaN
8,6,1,15,439,NaN,NaN
8,6,1,15,440,NaN,NaN
8,6,1,15,441,NaN,NaN
8,6,1,15,442,NaN,NaN
8,6,1,15,443,NaN,NaN
8,6,1,15,444,NaN,NaN
8,6,1,15,445,NaN,NaN
8,6,1,15,446,NaN,NaN
8,6,1,15,447,NaN,NaN
8,6,1,15,448,NaN,NaN
8,6,1,15,449,NaN,NaN
8,6,1,15,450,NaN,NaN
8,6,1,15,451,NaN,NaN
8,6,1,15,452,NaN,NaN
8,6,1,15,453,NaN,NaN
8,6,1,15,454,NaN,NaN
8,6,1,15,455,NaN,NaN
8,6,1,15,456,NaN,NaN
8,6,1,15,457,NaN,NaN
8,6,1,15,458,NaN,NaN
8,6,1,15,459,NaN,NaN
8,6,1,15,460,NaN,NaN
8,6,1,15,461,NaN,NaN
8,6,1,15,462,NaN,NaN
8,6,1,15,463,NaN,NaN
8,6,1,15,464,NaN,NaN
8,6,1,15,465,NaN,NaN
8,6,1,15,466,NaN,NaN
8,6,1,15,467,NaN,NaN
8,6,1,15,468,NaN,NaN
8,6,1,15,469,NaN,NaN
8,6,1,15,470,NaN,NaN
8,6,1,15,471,NaN,NaN
8,6,1,15,472,NaN,NaN
8,6,1,15,473,NaN,NaN
8,6,1,15,474,NaN,NaN
8,6,1,15,475,NaN,NaN
8,6,1,15,476,NaN,NaN
8,6,1,15,477,NaN,NaN
8,6,1,15,478,NaN,NaN
8,6,1,15,479,NaN,NaN
8,6,1,15,480,NaN,NaN
8,6,1,15,481,NaN,NaN
8,6,1,15,482,NaN,NaN
8,6,1,15,483,NaN,NaN
8,6,1,15,484,NaN,NaN
8,6,1,15,485,NaN,NaN
8,6,1,15,486,NaN,NaN
8,6,1,15,487,NaN,NaN
8,6,1,15,488,NaN,NaN
8,6,1,15,489,NaN,NaN
8,6,1,15,490,NaN,NaN
8,6,1,15,491,NaN,NaN
8,6,1,15,492,NaN,NaN
8,6,1,15,493,NaN,NaN
8,6,1,15,494,NaN,NaN
8,6,1,15,495,NaN,NaN
8,6,1,15,496,NaN,NaN
8,6,1,15,497,NaN,NaN
8,6,1,15,498,NaN,NaN
8,6,1,15,499,NaN,NaN
8,6,1,15,500,NaN,NaN
8,6,1,15,501,NaN,NaN
8,6,1,15,502,NaN,NaN
8,6,1,15,503,NaN,NaN
8,6,1,15,504,NaN,NaN
8,6,1,15,505,NaN,NaN
8,6,1,15,506,NaN,NaN
8,6,1,15,507,NaN,NaN
8,6,1,15,508,NaN,NaN
8,6,1,15,509,NaN,NaN
8,6,1,15,510,NaN,NaN
8,6,1,15,511,NaN,NaN
8,6,1,15,512,NaN,NaN
8,6,1,15,513,NaN,NaN
8,6,1,15,514,NaN,NaN
8,6,1,15,515,NaN,NaN
8,6,1,15,516,NaN,NaN
8,6,1,15,517,NaN,NaN
8,6,1,15,518,NaN,NaN
8,6,1,15,519,NaN,NaN
8,6,1,15,520,NaN,NaN
8,6,1,15,521,NaN,NaN
8,6,1,15,522,NaN,NaN
8,6,1,15,523,NaN,NaN
8,6,1,15,524,NaN,NaN
8,6,1,15,525,NaN,NaN
8,6,1,15,526,NaN,NaN
8,6,1,15,527,NaN,NaN
8,6,1,15,528,NaN,NaN
8,6,1,15,529,NaN,NaN
8,6,1,15,530,NaN,NaN
8,6,1,15,531,NaN,NaN
8,6,1,15,532,NaN,NaN
8,6,1,15,533,NaN,NaN
8,6,1,15,534,NaN,NaN
8,6,1,15,535,NaN,NaN
8,6,1,15,536,NaN,NaN
8,6,1,15,537,NaN,NaN
8,6,1,15,538,NaN,NaN
8,6,1,15,539,NaN,NaN
8,6,1,15,540,NaN,NaN
8,6,1,15,541,NaN,NaN
8,6,1,15,542,NaN,NaN
8,6,1,15,543,NaN,NaN
8,6,1,15,544,NaN,NaN
8,6,1,15,545,NaN,NaN
8,6,1,15,546,NaN,NaN
8,6,1,15,547,NaN,NaN
8,6,1,15,548,NaN,NaN
8,6,1,15,549,NaN,NaN
8,6,1,15,550,NaN,NaN
8,6,1,15,551,NaN,NaN
8,6,1,15,552,NaN,NaN
8,6,1,15,553,NaN,NaN
8,6,1,15,554,NaN,NaN
8,6,1,15,555,NaN,NaN
8,6,1,15,556,NaN,NaN
8,6,1,15,557,NaN,NaN
8,6,1,15,558,NaN,NaN
8,6,1,15,559,NaN,NaN
8,6,1,15,560,NaN,NaN
8,6,1,15,561,NaN,NaN
8,6,1,15,562,NaN,NaN
8,6,1,15,563,NaN,NaN
8,6,1,15,564,NaN,NaN
8,6,1,15,565,NaN,NaN
8,6,1,15,566,NaN,NaN
8,6,1,15,567,NaN,NaN
8,6,1,15,568,NaN,NaN
8,6,1,15,569,NaN,NaN
8,6,1,15,570,NaN,NaN
8,6,1,15,571,NaN,NaN
8,6,1,15,572,NaN,NaN
8,6,1,15,573,NaN,NaN
8,6,1,15,574,NaN,NaN
8,6,1,15,575,NaN,NaN
8,6,1,15,576,NaN,NaN
8,6,1,15,577,NaN,NaN
8,6,1,15,578,NaN,NaN
8,6,1,15,579,NaN,NaN
8,6,1,15,580,NaN,NaN
8,6,1,15,581,NaN,NaN
8,6,1,15,582,NaN,NaN
8,6,1,15,583,NaN,NaN
8,6,1,15,584,NaN,NaN
8,6,1,15,585,NaN,NaN
8,6,1,15,586,NaN,NaN
8,6,1,15,587,NaN,NaN
8,6,1,15,588,NaN,NaN
8,6,1,15,589,NaN,NaN
8,6,1,15,590,NaN,NaN
8,6,1,15,591,NaN,NaN
8,6,1,15,592,NaN,NaN
8,6,1,15,593,NaN,NaN
8,6,1,15,594,NaN,NaN
8,6,1,15,595,NaN,NaN
8,6,1,15,596,NaN,NaN
8,6,1,15,597,NaN,NaN
8,6,1,15,598,NaN,NaN
8,6,1,15,599,NaN,NaN
8,6,1,19,0,0,0
8,6,1,19,1,0,0
8,6,1,19,2,-1.9494936415176412e-05,2.5565030978280667e-05
8,6,1,19,3,-6.2773620151945764e-05,8.2038685550456236e-05
8,6,1,19,4,-0.00013409444277745486,0.00017468933366793227
8,6,1,19,5,-0.00023768404050494851,0.00030871268889287595
8,6,1,19,6,-0.00037773602845070364,0.00048923413083767908
8,6,1,19,7,-0.00055840980128230022,0.00072131080222914701
8,6,1,19,8,-0.00078382939697752008,0.0010099334973312502
8,6,1,19,9,-0.0010580824204520223,0.0013600283576747918
8,6,1,19,10,-0.0013852190239194151,0.0017764583896184849
8,6,1,19,11,-0.0017692509414080071,0.0022640248173499966
8,6,1,19,12,-0.0022141505745365553,0.0028274682841639143
8,6,1,19,13,-0.002723850127367422,0.0034714699135435234
8,6,1,19,14,-0.0033022407877947302,0.0042006522411652814
8,6,1,19,15,-0.0039531719534136034,0.0050195800279484448
8,6,1,19,16,-0.0046804504999109486,0.0059327609636006251
8,6,1,19,17,-0.0054878400899183166,0.0069446462693911748
8,6,1,19,18,-0.0063790605205671369,0.0080596312085373656
8,6,1,19,19,-0.007357787108169811,0.0092820555114808689
8,6,1,19,20,-0.0084276501082891642,0.010616203723390338
8,6,1,19,21,-0.0095922341696808022,0.012066305480359918
8,6,1,19,22,-0.010855077820820513,0.013636535720321086
8,6,1,19,23,-0.012219672987451302,0.015331014834488177
8,6,1,19,24,-0.013689464540045382,0.017153808764525103
8,6,1,19,25,-0.015267849869882166,0.019108929050226653
8,6,1,19,26,-0.016958178492487708,0.021200332832582713
8,6,1,19,27,-0.018763751677497442,0.023431922816088968
8,6,1,19,28,-0.020687822103748754,0.025807547194411917
8,6,1,19,29,-0.022733593538620811,0.028330999543130231
8,6,1,19,30,-0.024904220540700184,0.031006018682766534
8,6,1,19,31,-0.027202808184750848,0.033836288515368129
8,6,1,19,32,-0.029632411808183656,0.036825437837567643
8,6,1,19,33,-0.032196036778114889,0.039977040132788133
8,6,1,19,34,-0.034896638278197889,0.043294613345162825
8,6,1,19,35,-0.037737121114472805,0.046781619637431548
8,6,1,19,36,-0.040720339539396244,0.050441465135112051
8,6,1,19,37,-0.043849097093345835,0.054277499658894612
8,6,1,19,38,-0.047126146462961316,0.058293016447061308
8,6,1,19,39,-0.050554189355495049,0.062491251869764564
8,6,1,19,40,-0.054135876388600179,0.066875385136855314
8,6,1,19,41,-0.057873806994890309,0.071448538000470907
8,6,1,19,42,-0.061770529340643421,0.076213774454089722
8,6,1,19,43,-0.065828540258050516,0.081174100429035057
8,6,1,19,44,-0.070050285190365047,0.086332463490015887
8,6,1,19,45,-0.074438158149575662,0.091691752530248527
8,6,1,19,46,-0.078994501685680785,0.097254797467793974
8,6,1,19,47,-0.083721606867531717,0.10302436894349121
8,6,1,19,48,-0.088621713274250613,0.10900317802182979
8,6,1,19,49,-0.093697008997006836,0.11519387589523922
8,6,1,19,50,-0.098949630650574383,0.1215990535926692
8,6,1,19,51,-0.10438166339423738,0.12822124169322435
8,6,1,19,52,-0.10999514096147744,0.13506291004530824
8,6,1,19,53,-0.11579204569811541,0.14212646749208746
8,6,1,19,54,-0.12177430860852434,0.14941426160354487
8,6,1,19,55,-0.12794380940915895,0.15692857841599628
8,6,1,19,56,-0.1343023765896012,0.16467164217908725
8,6,1,19,57,-0.14085178748004523,0.17264561511111109
8,6,1,19,58,-0.14759376832541582,0.18085259716271729
8,6,1,19,59,-0.15452999436537662,0.18929462578962664
8,6,1,19,60,-0.161662089920106,0.1979736757345002
8,6,1,19,61,-0.16899162848137972,0.20689165881837279
8,6,1,19,62,-0.1765201328086996,0.2160504237418398
8,6,1,19,63,-0.18424907503011845,0.22545175589640531
8,6,1,19,64,-0.1921798767474947,0.23509737718603319
8,6,1,19,65,-0.20031390914584946,0.24498894585933961
8,6,1,19,66,-0.20865249310664802,0.25512805635234947
8,6,1,19,67,-0.2171968993245954,0.26551623914230216
8,6,1,19,68,-0.22594834842784017,0.27615496061246247
8,6,1,19,69,-0.23490801110128134,0.28704562292814761
8,6,1,19,70,-0.24407700821281186,0.29818956392408391
8,6,1,19,71,-0.25345641094217664,0.30958805700338488
8,6,1,19,72,-0.26304724091240628,0.32124231104793677
8,6,1,19,73,-0.27285047032349352,0.33315347034068854
8,6,1,19,74,-0.28286702208835668,0.34532261449955748
8,6,1,19,75,-0.2930977699705628,0.35775075842338633
8,6,1,19,76,-0.30354353872414919,0.37043885224977979
8,6,1,19,77,-0.31420510423499359,0.38338778132500362
8,6,1,19,78,-0.32508319366386096,0.39659836618596567
8,6,1,19,79,-0.33617848559086005,0.41007136255448162
8,6,1,19,80,-0.34749161016149333,0.42380746134351999
8,6,1,19,81,-0.35902314923373924,0.43780728867602037
8,6,1,19,82,-0.37077363652669448,0.45207140591572714
8,6,1,19,83,-0.38274355777017099,0.46660030971057143
8,6,1,19,84,-0.39493335085556414,0.48139443204840704
8,6,1,19,85,-0.4073434059878589,0.49645414032500057
8,6,1,19,86,-0.41997406583869079,0.5117797374246974
8,6,1,19,87,-0.43282562570048366,0.52737146181340844
8,6,1,19,88,-0.44589833364177545,0.54322948764408963
8,6,1,19,89,-0.45919239066356532,0.55935392487477809
8,6,1,19,90,-0.4727079508568599,0.57574481939915156
8,6,1,19,91,-0.48644512156140185,0.59240215318951683
8,6,1,19,92,-0.50040396352556971,0.60932584445253235
8,6,1,19,93,-0.51458449106766002,0.62651574779727104
8,6,1,19,94,-0.52898667223840734,0.64397165441607285
8,6,1,19,95,-0.54361042898507517,0.66169329227773466
8,6,1,19,96,-0.55845563731696801,0.67968032633348996
8,6,1,19,97,-0.57352212747261988,0.69793235873540638
8,6,1,19,98,-0.58880968408873691,0.71644892906741475
8,6,1,19,99,-0.6043180463709219,0.73522951458892816
8,6,1,19,100,-0.62004690826645281,0.75427353049103696
8,6,1,19,101,-0.6359959186391595,0.77358033016517447
8,6,1,19,102,-0.65216468144653761,0.79314920548445855
8,6,1,19,103,-0.66855275591929941,0.81297938709752049
8,6,1,19,104,-0.68515965674345591,0.83307004473485435
8,6,1,19,105,-0.70198485424517454,0.85342028752774246
8,6,1,19,106,-0.71902777457854561,0.87402916433962363
8,6,1,19,107,-0.73628779991639082,0.89489566411001253
8,6,1,19,108,-0.75376426864438018,0.91601871621082021
8,6,1,19,109,-0.771456475558574,0.93739719081523953
8,6,1,19,110,-0.78936367206667302,0.95902989927890425
8,6,1,19,111,-0.80748506639304884,0.98091559453352961
8,6,1,19,112,-0.82581982378793217,1.0030529714929819
8,6,1,19,113,-0.84436706674073658,1.0254406674715026
8,6,1,19,114,-0.86312587519798978,1.0480772626144912
8,6,1,19,115,-0.88209528678583893,1.0709612803412956
8,6,1,19,116,-0.90127429703757977,1.0940911878003918
8,6,1,19,117,-0.9206618596261873,1.1174653963366947
8,6,1,19,118,-0.94025688660227535,1.1410822619710326
8,6,1,19,119,-0.96005824863764078,1.164940085891633
8,6,1,19,120,-0.98006477527447511,1.1890371149577166
8,6,1,19,121,-1.0002752551807215,1.2133715422150497
8,6,1,19,122,-1.0206884364115598,1.2379415074233928
8,6,1,19,123,-1.0413030266774481,1.2627450975957522
8,6,1,19,124,-1.062117693618686,1.2877803475495582
8,6,1,19,125,-1.0831310650869896,1.3130452404694153
8,6,1,19,126,-1.1043417294341329,1.3385377084815215
8,6,1,19,127,-1.1257482358078941,1.3642556332396167
8,6,1,19,128,-1.147349094455502,1.3901968465225374
8,6,1,19,129,-1.1691427770348595,1.4163591308429258
8,6,1,19,130,-1.1911277169336543,1.4427402200673929
8,6,1,19,131,-1.2133023095966422,1.4693378000477737
8,6,1,19,132,-1.2356649128611619,1.4961495092635531
8,6,1,19,133,-1.2582138473013094,1.5231729394751619
8,6,1,19,134,-1.2809473965805951,1.5504056363881746
8,6,1,19,135,-1.3038638078136433,1.5778451003282763
8,6,1,19,136,-1.3269612919368012,1.6054887869268537
8,6,1,19,137,-1.3502380240879852,1.6333341078169945
8,6,1,19,138,-1.3736921439958472,1.6613784313399271
8,6,1,19,139,-1.3973217563784668,1.6896190832616482
8,6,1,19,140,-1.4211249313515473,1.7180533474996458
8,6,1,19,141,-1.4450997048465419,1.7466784668595055
8,6,1,19,142,-1.4692440790384731,1.7754916437813266
8,6,1,19,143,-1.4935560227838318,1.8044900410957436
8,6,1,19,144,-1.5180334720684918,1.8336707827894454
8,6,1,19,145,-1.5426743304658597,1.8630309547798152
8,6,1,19,146,-1.5674764696051557,1.8925676056989138
8,6,1,19,147,-1.5924377296501535,1.9222777476861546
8,6,1,19,148,-1.6175559197881717,1.9521583571898788
8,6,1,19,149,-1.6428288187294915,1.9822063757773982
8,6,1,19,150,-1.6682541752173485,2.0124187109533871
8,6,1,19,151,-1.6938297085481946,2.0427922369864877
8,6,1,19,152,-1.7195531091026561,2.0733237957437698
8,6,1,19,153,-1.7454220388868347,2.1040101975330154
8,6,1,19,154,-1.771434132084132,2.1348482219524261
8,6,1,19,155,-1.7975869956175727,2.1658346187476556
8,6,1,19,156,-1.8238782097224349,2.1969661086759711
8,6,1,19,157,-1.850305328529378,2.2282393843771313
8,6,1,19,158,-1.8768658806577521,2.2596511112509625
8,6,1,19,159,-1.9035573698191977,2.2911979283412514
8,6,1,19,160,-1.9303772754314219,2.3228764492257388
8,6,1,19,161,-1.9573230532419661,2.3546832629119248
8,6,1,19,162,-1.9843921359618821,2.3866149347386871
8,6,1,19,163,-2.0115819339093175,2.418668007282923
8,6,1,19,164,-2.0388898356626495,2.4508390012716124
8,6,1,19,165,-2.0663132087232414,2.4831244164984447
8,6,1,19,166,-2.0938494001875085,2.515520732745105
8,6,1,19,167,-2.1214957374281527,2.54802441070682
8,6,1,19,168,-2.1492495287844138,2.5806318929219447
8,6,1,19,169,-2.1771080642611631,2.6133396047051254
8,6,1,19,170,-2.2050686162364883,2.6461439550840655
8,6,1,19,171,-2.2331284401777287,2.6790413377393048
8,6,1,19,172,-2.2612847753655907,2.7120281319468837
8,6,1,19,173,-2.2895348456261733,2.745100703523601
8,6,1,19,174,-2.3178758600705729,2.778255405774535
8,6,1,19,175,-2.3463050138419375,2.8114885804424201
8,6,1,19,176,-2.3748194888695116,2.8447965586587993
8,6,1,19,177,-2.4034164546295145,2.8781756618965342
8,6,1,19,178,-2.4320930689125051,2.9116222029232559
8,6,1,19,179,-2.460846478596884,2.9451324867557278
8,6,1,19,180,-2.4896738204284006,2.9787028116144336
8,6,1,19,181,-2.5185722218049875,3.0123294698784999
8,6,1,19,182,-2.5475388015669731,3.0460087490403494
8,6,1,19,183,-2.5765706707920613,3.0797369326597765
8,6,1,19,184,-2.6056649335948201,3.1135103013173682
8,6,1,19,185,-2.6348186879303404,3.1473251335666945
8,6,1,19,186,-2.6640290264016375,3.1811777068850522
8,6,1,19,187,-2.6932930370704655,3.2150642986225719
8,6,1,19,188,-2.7226078042711377,3.2489811869491043
8,6,1,19,189,-2.7519704094270017,3.2829246517988158
8,6,1,19,190,-2.7813779318691054,3.3168909758120839
8,6,1,19,191,-2.8108274496567054,3.350876445274384
8,6,1,19,192,-2.8403160403992658,3.3848773510517907
8,6,1,19,193,-2.8698407820794025,3.4188899895229303
8,6,1,19,194,-2.8993987538764978,3.4529106635069056
8,6,1,19,195,-2.9289870369904492,3.4869356831870562
8,6,1,19,196,-2.9586027154652914,3.520961367030023
8,6,1,19,197,-2.9882428770121039,3.5549840427000574
8,6,1,19,198,-3.0179046138308294,3.5890000479681188
8,6,1,19,199,-3.0475850234306936,3.6230057316154722
8,6,1,19,200,-3.0772812094486515,3.6569974543314538
8,6,1,19,201,-3.1069902824654716,3.6909715896052715
8,6,1,19,202,-3.1367093608191121,3.7249245246113367
8,6,1,19,203,-3.1664355714148442,3.7588526610879414
8,6,1,19,204,-3.1961660505318124,3.7927524162089528
8,6,1,19,205,-3.2258979446254887,3.8266202234483044
8,6,1,19,206,-3.2556284111256883,3.8604525334369062
8,6,1,19,207,-3.2853546192297136,3.8942458148117671
8,6,1,19,208,-3.3150737506901393,3.9279965550569647
8,6,1,19,209,-3.3447830005969292,3.9617012613362368
8,6,1,19,210,-3.374479578153383,3.995356461317062
8,6,1,19,211,-3.4041607074455138,4.0289587039856718
8,6,1,19,212,-3.4338236282045633,4.0625045604529255
8,6,1,19,213,-3.4634655965620595,4.0959906247507645
8,6,1,19,214,-3.4930838857971711,4.1294135146190651
8,6,1,19,215,-3.5226757870759684,4.1627698722823485
8,6,1,19,216,-3.5522386101820844,4.1960563652165215
8,6,1,19,217,-3.5817696842385613,4.2292696869050292
8,6,1,19,218,-3.6112663584203508,4.2624065575844003
8,6,1,19,219,-3.6407260026572077,4.295463724978946
8,6,1,19,220,-3.6701460083266024,4.3284379650243041
8,6,1,19,221,-3.6995237889362933,4.3613260825795894
8,6,1,19,222,-3.7288567807961637,4.3941249121280448
8,6,1,19,223,-3.7581424436791022,4.4268313184659149
8,6,1,19,224,-3.7873782614704474,4.4594421973793628
8,6,1,19,225,-3.8165617428058796,4.4919544763091457
8,6,1,19,226,-3.8456904216972343,4.5243651150030235
8,6,1,19,227,-3.8747618581460754,4.5566711061555241
8,6,1,19,228,-3.9037736387446897,4.588869476035037
8,6,1,19,229,-3.9327233772643022,4.6209572850979184
8,6,1,19,230,-3.9616087152299864,4.6529316285896485
8,6,1,19,231,-3.9904273224824371,4.684789637132555
8,6,1,19,232,-4.0191768977258899,4.7165284773003053
8,6,1,19,233,-4.0478551690622977,4.748145352178712
8,6,1,19,234,-4.0764598945113084,4.7796375019129309
8,6,1,19,235,-4.1049888625159898,4.8110022042407694
8,6,1,19,236,-4.1334398924339766,4.8422367750119459
8,6,1,19,237,-4.1618108350138296,4.8733385686934474
8,6,1,19,238,-4.190099572856548,4.9043049788604769
8,6,1,19,239,-4.2183040208619573,4.9351334386730672
8,6,1,19,240,-4.2464221266597324,4.9658214213384202
8,6,1,19,241,-4.2744518710251365,4.9963664405585195
8,6,1,19,242,-4.3023912682790542,5.0267660509632135
8,6,1,19,243,-4.3302383666724067,5.0570178485284583
8,6,1,19,244,-4.3579912487546943,5.0871194709798981
8,6,1,19,245,-4.3856480317265687,5.1170685981814872
8,6,1,19,246,-4.4132068677764815,5.1468629525090765
8,6,1,19,247,-4.4406659444010232,5.1765002992092048
8,6,1,19,248,-4.4680234847092102,5.2059784467425736
8,6,1,19,249,-4.4952777477104249,5.2352952471125676
8,6,1,19,250,-4.5224270285860344,5.2644485961786138
8,6,1,19,251,-4.5494696589446377,5.2934364339542208
8,6,1,19,252,-4.5764040070608916,5.3222567448899829
8,6,1,19,253,-4.6032284780979369,5.3509075581411905
8,6,1,19,254,-4.629941514313324,5.3793869478202607
8,6,1,19,255,-4.656541595248548,5.4076930332338708
8,6,1,19,256,-4.6830272379021318,5.4358239791048675
8,6,1,19,257,-4.7093969968862615,5.4637779957788428
8,6,1,19,258,-4.7356494645670431,5.4915533394155363
8,6,1,19,259,-4.7617832711884684,5.5191483121649538
8,6,1,19,260,-4.7877970849799443,5.5465612623283063
8,6,1,19,261,-4.813689612247785,5.5737905845037048
8,6,1,19,262,-4.8394595974503236,5.6008347197167714
8,6,1,19,263,-4.8651058232570374,5.6276921555362094
8,6,1,19,264,-4.8906271105916943,5.6543614261741455
8,6,1,19,265,-4.9160223186595182,5.6808411125716134
8,6,1,19,266,-4.9412903449586043,5.7071298424690857
8,6,1,19,267,-4.9664301252755898,5.7332262904620874
8,6,1,19,268,-4.9914406336658441,5.7591291780420297
8,6,1,19,269,-5.0163208824181851,5.7848372736223368
8,6,1,19,270,-5.0410699220042261,5.8103493925499707
8,6,1,19,271,-5.0656868410127842,5.8356643971022555
8,6,1,19,272,-5.0901707660690407,5.8607811964695413
8,6,1,19,273,-5.1145208617390967,5.8856987467231923
8,6,1,19,274,-5.1387363304197518,5.9104160507696095
8,6,1,19,275,-5.1628164122138553,5.9349321582898993
8,6,1,19,276,-5.186760384791345,5.9592461656657294
8,6,1,19,277,-5.2105675632362347,5.9833572158911466
8,6,1,19,278,-5.2342372998796183,6.0072644984707022
8,6,1,19,279,-5.2577689841190489,6.0309672493039281
8,6,1,19,280,-5.281162042224441,6.0544647505563685
8,6,1,19,281,-5.3044159371306021,6.0777563305171842
8,6,1,19,282,-5.327530168216871,6.1008413634435845
8,6,1,19,283,-5.3505042710738362,6.1237192693922111
8,6,1,19,284,-5.37333781725739,6.1463895140377227
8,6,1,19,285,-5.3960304140307169,6.1688516084783958
8,6,1,19,286,-5.4185817040937998,6.1911051090294791
8,6,1,19,287,-5.4409913653013788,6.213149617003852
8,6,1,19,288,-5.4632591103691173,6.2349847784806318
8,6,1,19,289,-5.4853846865684952,6.2566102840617113
8,6,1,19,290,-5.5073678754105346,6.2780258686163517
8,6,1,19,291,-5.529208492318805,6.2992313110141502
8,6,1,19,292,-5.5509063862917092,6.3202264338464458
8,6,1,19,293,-5.5724614395546048,6.3410111031365259
8,6,1,19,294,-5.5938735672018183,6.36158522803861
8,6,1,19,295,-5.6151427168288857,6.3819487605259493
8,6,1,19,296,-5.6362688681554083,6.4021016950682217
8,6,1,19,297,-5.6572520326385822,6.4220440682984465
8,6,1,19,298,-5.6780922530779101,6.4417759586695071
8,6,1,19,299,-5.6987896032112459,6.4612974861006176
8,6,1,19,300,-5.7193441873023998,6.4806088116139664
8,6,1,19,301,NaN,NaN
8,6,1,19,302,NaN,NaN
8,6,1,19,303,NaN,NaN
8,6,1,19,304,NaN,NaN
8,6,1,19,305,NaN,NaN
8,6,1,19,306,NaN,NaN
8,6,1,19,307,NaN,NaN
8,6,1,19,308,NaN,NaN
8,6,1,19,309,NaN,NaN
8,6,1,19,310,NaN,NaN
8,6,1,19,311,NaN,NaN
8,6,1,19,312,NaN,NaN
8,6,1,19,313,NaN,NaN
8,6,1,19,314,NaN,NaN
8,6,1,19,315,NaN,NaN
8,6,1,19,316,NaN,NaN
8,6,1,19,317,NaN,NaN
8,6,1,19,318,NaN,NaN
8,6,1,19,319,NaN,NaN
8,6,1,19,320,NaN,NaN
8,6,1,19,321,NaN,NaN
8,6,1,19,322,NaN,NaN
8,6,1,19,323,NaN,NaN
8,6,1,19,324,NaN,NaN
8,6,1,19,325,NaN,NaN
8,6,1,19,326,NaN,NaN
8,6,1,19,327,NaN,NaN
8,6,1,19,328,NaN,NaN
8,6,1,19,329,NaN,NaN
8,6,1,19,330,NaN,NaN
8,6,1,19,331,NaN,NaN
8,6,1,19,332,NaN,NaN
8,6,1,19,333,NaN,NaN
8,6,1,19,334,NaN,NaN
8,6,1,19,335,NaN,NaN
8,6,1,19,336,NaN,NaN
8,6,1,19,337,NaN,NaN
8,6,1,19,338,NaN,NaN
8,6,1,19,339,NaN,NaN
8,6,1,19,340,NaN,NaN
8,6,1,19,341,NaN,NaN
8,6,1,19,342,NaN,NaN
8,6,1,19,343,NaN,NaN
8,6,1,19,344,NaN,NaN
8,6,1,19,345,NaN,NaN
8,6,1,19,346,NaN,NaN
8,6,1,19,347,NaN,NaN
8,6,1,19,348,NaN,NaN
8,6,1,19,349,NaN,NaN
8,6,1,19,350,NaN,NaN
8,6,1,19,351,NaN,NaN
8,6,1,19,352,NaN,NaN
8,6,1,19,353,NaN,NaN
8,6,1,19,354,NaN,NaN
8,6,1,19,355,NaN,NaN
8,6,1,19,356,NaN,NaN
8,6,1,19,357,NaN,NaN
8,6,1,19,358,NaN,NaN
8,6,1,19,359,NaN,NaN
8,6,1,19,360,NaN,NaN
8,6,1,19,361,NaN,NaN
8,6,1,19,362,NaN,NaN
8,6,1,19,363,NaN,NaN
8,6,1,19,364,NaN,NaN
8,6,1,19,365,NaN,NaN
8,6,1,19,366,NaN,NaN
8,6,1,19,367,NaN,NaN
8,6,1,19,368,NaN,NaN
8,6,1,19,369,NaN,NaN
8,6,1,19,370,NaN,NaN
8,6,1,19,371,NaN,NaN
8,6,1,19,372,NaN,NaN
8,6,1,19,373,NaN,NaN
8,6,1,19,374,NaN,NaN
8,6,1,19,375,NaN,NaN
8,6,1,19,376,NaN,NaN
8,6,1,19,377,NaN,NaN
8,6,1,19,378,NaN,NaN
8,6,1,19,379,NaN,NaN
8,6,1,19,380,NaN,NaN
8,6,1,19,381,NaN,NaN
8,6,1,19,382,NaN,NaN
8,6,1,19,383,NaN,NaN
8,6,1,19,384,NaN,NaN
8,6,1,19,385,NaN,NaN
8,6,1,19,386,NaN,NaN
8,6,1,19,387,NaN,NaN
8,6,1,19,388,NaN,NaN
8,6,1,19,389,NaN,NaN
8,6,1,19,390,NaN,NaN
8,6,1,19,391,NaN,NaN
8,6,1,19,392,NaN,NaN
8,6,1,19,393,NaN,NaN
8,6,1,19,394,NaN,NaN
8,6,1,19,395,NaN,NaN
8,6,1,19,396,NaN,NaN
8,6,1,19,397,NaN,NaN
8,6,1,19,398,NaN,NaN
8,6,1,19,399,NaN,NaN
8,6,1,19,400,NaN,NaN
8,6,1,19,401,NaN,NaN
8,6,1,19,402,NaN,NaN
8,6,1,19,403,NaN,NaN
8,6,1,19,404,NaN,NaN
8,6,1,19,405,NaN,NaN
8,6,1,19,406,NaN,NaN
8,6,1,19,407,NaN,NaN
8,6,1,19,408,NaN,NaN
8,6,1,19,409,NaN,NaN
8,6,1,19,410,NaN,NaN
8,6,1,19,411,NaN,NaN
8,6,1,19,412,NaN,NaN
8,6,1,19,413,NaN,NaN
8,6,1,19,414,NaN,NaN
8,6,1,19,415,NaN,NaN
8,6,1,19,416,NaN,NaN
8,6,1,19,417,NaN,NaN
8,6,1,19,418,NaN,NaN
8,6,1,19,419,NaN,NaN
8,6,1,19,420,NaN,NaN
8,6,1,19,421,NaN,NaN
8,6,1,19,422,NaN,NaN
8,6,1,19,423,NaN,NaN
8,6,1,19,424,NaN,NaN
8,6,1,19,425,NaN,NaN
8,6,1,19,426,NaN,NaN
8,6,1,19,427,NaN,NaN
8,6,1,19,428,NaN,NaN
8,6,1,19,429,NaN,NaN
8,6,1,19,430,NaN,NaN
8,6,1,19,431,NaN,NaN
8,6,1,19,432,NaN,NaN
8,6,1,19,433,NaN,NaN
8,6,1,19,434,NaN,NaN
8,6,1,19,435,NaN,NaN
8,6,1,19,436,NaN,NaN
8,6,1,19,437,NaN,NaN
8,6,1,19,438,NaN,NaN
8,6,1,19,439,NaN,NaN
8,6,1,19,440,NaN,NaN
8,6,1,19,441,NaN,NaN
8,6,1,19,442,NaN,NaN
8,6,1,19,443,NaN,NaN
8,6,1,19,444,NaN,NaN
8,6,1,19,445,NaN,NaN
8,6,1,19,446,NaN,NaN
8,6,1,19,447,NaN,NaN
8,6,1,19,448,NaN,NaN
8,6,1,19,449,NaN,NaN
8,6,1,19,450,NaN,NaN
8,6,1,19,451,NaN,NaN
8,6,1,19,452,NaN,NaN
8,6,1,19,453,NaN,NaN
8,6,1,19,454,NaN,NaN
8,6,1,19,455,NaN,NaN
8,6,1,19,456,NaN,NaN
8,6,1,19,457,NaN,NaN
8,6,1,19,458,NaN,NaN
8,6,1,19,459,NaN,NaN
8,6,1,19,460,NaN,NaN
8,6,1,19,461,NaN,NaN
8,6,1,19,462,NaN,NaN
8,6,1,19,463,NaN,NaN
8,6,1,19,464,NaN,NaN
8,6,1,19,465,NaN,NaN
8,6,1,19,466,NaN,NaN
8,6,1,19,467,NaN,NaN
8,6,1,19,468,NaN,NaN
8,6,1,19,469,NaN,NaN
8,6,1,19,470,NaN,NaN
8,6,1,19,471,NaN,NaN
8,6,1,19,472,NaN,NaN
8,6,1,19,473,NaN,NaN
8,6,1,19,474,NaN,NaN
8,6,1,19,475,NaN,NaN
8,6,1,19,476,NaN,NaN
8,6,1,19,477,NaN,NaN
8,6,1,19,478,NaN,NaN
8,6,1,19,479,NaN,NaN
8,6,1,19,480,NaN,NaN
8,6,1,19,481,NaN,NaN
8,6,1,19,482,NaN,NaN
8,6,1,19,483,NaN,NaN
8,6,1,19,484,NaN,NaN
8,6,1,19,485,NaN,NaN
8,6,1,19,486,NaN,NaN
8,6,1,19,487,NaN,NaN
8,6,1,19,488,NaN,NaN
8,6,1,19,489,NaN,NaN
8,6,1,19,490,NaN,NaN
8,6,1,19,491,NaN,NaN
8,6,1,19,492,NaN,NaN
8,6,1,19,493,NaN,NaN
8,6,1,19,494,NaN,NaN
8,6,1,19,495,NaN,NaN
8,6,1,19,496,NaN,NaN
8,6,1,19,497,NaN,NaN
8,6,1,19,498,NaN,NaN
8,6,1,19,499,NaN,NaN
8,6,1,19,500,NaN,NaN
8,6,1,19,501,NaN,NaN
8,6,1,19,502,NaN,NaN
8,6,1,19,503,NaN,NaN
8,6,1,19,504,NaN,NaN
8,6,1,19,505,NaN,NaN
8,6,1,19,506,NaN,NaN
8,6,1,19,507,NaN,NaN
8,6,1,19,508,NaN,NaN
8,6,1,19,509,NaN,NaN
8,6,1,19,510,NaN,NaN
8,6,1,19,511,NaN,NaN
8,6,1,19,512,NaN,NaN
8,6,1,19,513,NaN,NaN
8,6,1,19,514,NaN,NaN
8,6,1,19,515,NaN,NaN
8,6,1,19,516,NaN,NaN
8,6,1,19,517,NaN,NaN
8,6,1,19,518,NaN,NaN
8,6,1,19,519,NaN,NaN
8,6,1,19,520,NaN,NaN
8,6,1,19,521,NaN,NaN
8,6,1,19,522,NaN,NaN
8,6,1,19,523,NaN,NaN
8,6,1,19,524,NaN,NaN
8,6,1,19,525,NaN,NaN
8,6,1,19,526,NaN,NaN
8,6,1,19,527,NaN,NaN
8,6,1,19,528,NaN,NaN
8,6,1,19,529,NaN,NaN
8,6,1,19,530,NaN,NaN
8,6,1,19,531,NaN,NaN
8,6,1,19,532,NaN,NaN
8,6,1,19,533,NaN,NaN
8,6,1,19,534,NaN,NaN
8,6,1,19,535,NaN,NaN
8,6,1,19,536,NaN,NaN
8,6,1,19,537,NaN,NaN
8,6,1,19,538,NaN,NaN
8,6,1,19,539,NaN,NaN
8,6,1,19,540,NaN,NaN
8,6,1,19,541,NaN,NaN
8,6,1,19,542,NaN,NaN
8,6,1,19,543,NaN,NaN
8,6,1,19,544,NaN,NaN
8,6,1,19,545,NaN,NaN
8,6,1,19,546,NaN,NaN
8,6,1,19,547,NaN,NaN
8,6,1,19,548,NaN,NaN
8,6,1,19,549,NaN,NaN
8,6,1,19,550,NaN,NaN
8,6,1,19,551,NaN,NaN
8,6,1,19,552,NaN,NaN
8,6,1,19,553,NaN,NaN
8,6,1,19,554,NaN,NaN
8,6,1,19,555,NaN,NaN
8,6,1,19,556,NaN,NaN
8,6,1,19,557,NaN,NaN
8,6,1,19,558,NaN,NaN
8,6,1,19,559,NaN,NaN
8,6,1,19,560,NaN,NaN
8,6,1,19,561,NaN,NaN
8,6,1,19,562,NaN,NaN
8,6,1,19,563,NaN,NaN
8,6,1,19,564,NaN,NaN
8,6,1,19,565,NaN,NaN
8,6,1,19,566,NaN,NaN
8,6,1,19,567,NaN,NaN
8,6,1,19,568,NaN,NaN
8,6,1,19,569,NaN,NaN
8,6,1,19,570,NaN,NaN
8,6,1,19,571,NaN,NaN
8,6,1,19,572,NaN,NaN
8,6,1,19,573,NaN,NaN
8,6,1,19,574,NaN,NaN
8,6,1,19,575,NaN,NaN
8,6,1,19,576,NaN,NaN
8,6,1,19,577,NaN,NaN
8,6,1,19,578,NaN,NaN
8,6,1,19,579,NaN,NaN
8,6,1,19,580,NaN,NaN
8,6,1,19,581,NaN,NaN
8,6,1,19,582,NaN,NaN
8,6,1,19,583,NaN,NaN
8,6,1,19,584,NaN,NaN
8,6,1,19,585,NaN,NaN
8,6,1,19,586,NaN,NaN
8,6,1,19,587,NaN,NaN
8,6,1,19,588,NaN,NaN
8,6,1,19,589,NaN,NaN
8,6,1,19,590,NaN,NaN
8,6,1,19,591,NaN,NaN
8,6,1,19,592,NaN,NaN
8,6,1,19,593,NaN,NaN
8,6,1,19,594,NaN,NaN
8,6,1,19,595,NaN,NaN
8,6,1,19,596,NaN,NaN
8,6,1,19,597,NaN,NaN
8,6,1,19,598,NaN,NaN
8,6,1,19,599,NaN,NaN
8,6,1,9,0,0,0
8,6,1,9,1,0,0
8,6,1,9,2,2.6286987692136776e-05,3.0255018462765904e-05
8,6,1,9,3,7.4092395302427505e-05,9.589652237573798e-05
8,6,1,9,4,0.00013867680636048263,0.00020198883958488789
8,6,1,9,5,0.00021533138480633873,0.000353531547045427
8,6,1,9,6,0.00029937923264333755,0.00055546161595865229
8,6,1,9,7,0.00038617668019491624,0.0008126553323328789
8,6,1,9,8,0.00047111451227932477,0.0011299300102490806
8,6,1,9,9,0.00054961913369955262,0.001512045513496485
8,6,1,9,10,0.00061715367704051616,0.0019637056007104636
8,6,1,9,11,0.00066921905564343298,0.0024895591074686196
8,6,1,9,12,0.00070135496443857193,0.0030942009785206448
8,6,1,9,13,0.00070914083107886938,0.0037821731616177745
8,6,1,9,14,0.00068819671976139141,0.0045579653744992621
8,6,1,9,15,0.00063418418979055424,0.005426015754794733
8,6,1,9,16,0.00054280711113685598,0.0063907114028843859
8,6,1,9,17,0.00040981243859539163,0.0074563888261713895
8,6,1,9,18,0.00023099094669798426,0.0086273342933346209
8,6,1,9,19,2.1779268000177154e-06,0.0099077841060501992
8,6,1,9,20,-0.0002807461519205301,0.011301924795398266
8,6,1,9,21,-0.00062185501609746119,0.012813893249472019
8,6,1,9,22,-0.0010251759950452577,0.014447776778409027
8,6,1,9,23,-0.0014946894593692583,0.016207613122573572
8,6,1,9,24,-0.0020343282902346438,0.018097390409138603
8,6,1,9,25,-0.002647977377956412,0.02012104706197726
8,6,1,9,26,-0.003339473148772365,0.022282471669501924
8,6,1,9,27,-0.0041126031187332934,0.02458550281463634
8,6,1,9,28,-0.0049711054735945837,0.027033928871006419
8,6,1,9,29,-0.0059186686738155192,0.029631487768663756
8,6,1,9,30,-0.006958931083578257,0.032381866733185993
8,6,1,9,31,-0.0080954806230160159,0.035288702000996208
8,6,1,9,32,-0.0093318544426901351,0.03835557851385174
8,6,1,9,33,-0.010671538619533294,0.041586029595369611
8,6,1,9,34,-0.012117967873381819,0.044983536611978292
8,6,1,9,35,-0.013674525303364327,0.04855152862061618
8,6,1,9,36,-0.015344542143380657,0.052293382005350053
8,6,1,9,37,-0.017131297535877277,0.056212420105061778
8,6,1,9,38,-0.019038018323397354,0.06031191283370485
8,6,1,9,39,-0.021067878856895206,0.064595076295370646
8,6,1,9,40,-0.023224000820537549,0.069065072395144145
8,6,1,9,41,-0.02550945307213115,0.073725008447653173
8,6,1,9,42,-0.02792725149846631,0.078577936784701707
8,6,1,9,43,-0.030480358885309755,0.083626854362719993
8,6,1,9,44,-0.033171684801125423,0.088874702371888326
8,6,1,9,45,-0.036004085494129034,0.094324365847497926
8,6,1,9,46,-0.038980363802121332,0.099978673284722985
8,6,1,9,47,-0.04210326907450046,0.10584039625778641
8,6,1,9,48,-0.045375497106037166,0.11191224904413544
8,6,1,9,49,-0.048799690081779978,0.11819688825461805
8,6,1,9,50,-0.052378436532729555,0.12469691247034842
8,6,1,9,51,-0.056114271301754837,0.13141486188671114
8,6,1,9,52,-0.0600096755192292,0.13835321796543398
8,6,1,9,53,-0.064067076588125715,0.14551440309489572
8,6,1,9,54,-0.068288848177872064,0.15290078025959331
8,6,1,9,55,-0.072677310226831882,0.16051465271887666
8,6,1,9,56,-0.077234728952763065,0.16835826369556439
8,6,1,9,57,-0.081963316871036529,0.17643379607476251
8,6,1,9,58,-0.086865232820121374,0.18474337211330794
8,6,1,9,59,-0.091942581994097772,0.19328905316002565
8,6,1,9,60,-0.097197415981614688,0.20207283938729059
8,6,1,9,61,-0.10263173281125915,0.21109666953393891
8,6,1,9,62,-0.10824747700272641,0.22036242065991973
8,6,1,9,63,-0.1140465396236745,0.22987190791285972
8,6,1,9,64,-0.12003075835189114,0.23962688430672618
8,6,1,9,65,-0.12620191754236232,0.24962904051281376
8,6,1,9,66,-0.13256174829921474,0.25988000466311278
8,6,1,9,67,-0.13911192855207699,0.27038134216627041
8,6,1,9,68,-0.14585408313660397,0.28113455553639699
8,6,1,9,69,-0.15278978387909814,0.29214108423441798
8,6,1,9,70,-0.15992054968475555,0.30340230452265693
8,6,1,9,71,-0.1672478466295646,0.3149195293321555
8,6,1,9,72,-0.17477308805544656,0.32669400814328287
8,6,1,9,73,-0.18249763466859359,0.33872692687932915
8,6,1,9,74,-0.19042279464078216,0.35101940781340768
8,6,1,9,75,-0.19854982371342311,0.36357250948851061
8,6,1,9,76,-0.20687992530436516,0.37638722665091218
8,6,1,9,77,-0.21541425061711306,0.38946449019690021
8,6,1,9,78,-0.22415389875251601,0.40280516713271097
8,6,1,9,79,-0.23309991682262665,0.41641006054802809
8,6,1,9,80,-0.24225330006683587,0.43027990960265716
8,6,1,9,81,-0.25161499197000059,0.44441538952666726
8,6,1,9,82,-0.2611858843825865,0.45881711163392458
8,6,1,9,83,-0.27096681764282593,0.47348562334890709
8,6,1,9,84,-0.28095858070061319,0.48842140824700842
8,6,1,9,85,-0.29116191124329838,0.50362488610813105
8,6,1,9,86,-0.30157749582334636,0.5190964129836495
8,6,1,9,87,-0.31220596998769445,0.53483628127664884
8,6,1,9,88,-0.32304791840888081,0.55084471983561645
8,6,1,9,89,-0.33410387501802696,0.56712189406126767
8,6,1,9,90,-0.34537432313955785,0.58366790602673857
8,6,1,9,91,-0.35685969562773145,0.60048279461104581
8,6,1,9,92,-0.36856037500506145,0.61756653564561947
8,6,1,9,93,-0.38047669360258274,0.63491904207424732
8,6,1,9,94,-0.39260893370212657,0.65254016412598925
8,6,1,9,95,-0.4049573276805829,0.6704296895013645
8,6,1,9,96,-0.41752205815625554,0.68858734357144791
8,6,1,9,97,-0.4303032581374322,0.70701278959024172
8,6,1,9,98,-0.443301011173175,0.72570562891992318
8,6,1,9,99,-0.45651535150650902,0.7446654012691678
8,6,1,9,100,-0.46994626423015329,0.76389158494429288
8,6,1,9,101,-0.48359368544477199,0.78338359711345451
8,6,1,9,102,-0.4974575024200234,0.80314079408353722
8,6,1,9,103,-0.51153755375847876,0.8231624715900554
8,6,1,9,104,-0.5258336295624888,0.84344786509970848
8,6,1,9,105,-0.54034547160431989,0.8639961501256066
8,6,1,9,106,-0.55507277349954864,0.88480644255530538
8,6,1,9,107,-0.5700151808839371,0.90587779899139187
8,6,1,9,108,-0.58517229159398831,0.9272092171046159
8,6,1,9,109,-0.60054365585132108,0.94879963599962258
8,6,1,9,110,-0.61612877645104147,0.97064793659309145
8,6,1,9,111,-0.63192710895429993,0.99275294200429909
8,6,1,9,112,-0.64793806188525593,1.0151134179580468
8,6,1,9,113,-0.66416099693260566,1.037728073199784
8,6,1,9,114,-0.68059522915583925,1.0605955599231081
8,6,1,9,115,-0.69724002719649403,1.0837144742093212
8,6,1,9,116,-0.71409461349460912,1.1070833564790687
8,6,1,9,117,-0.73115816451046478,1.1307006919560325
8,6,1,9,118,-0.7484298109519949,1.1545649111425693
8,6,1,9,119,-0.76590863800788944,1.178674390307219
8,6,1,9,120,-0.78359368558678089,1.2030274519839819
8,6,1,9,121,-0.80148394856252581,1.2276223654832967
8,6,1,9,122,-0.81957837702597569,1.252457347414762
8,6,1,9,123,-0.83787587654339246,1.2775305622211546
8,6,1,9,124,-0.85637530842152532,1.3028401227241859
8,6,1,9,125,-0.87507548997989293,1.3283840906813977
8,6,1,9,126,-0.89397519483022103,1.3541604773544074
8,6,1,9,127,-0.91307315316327409,1.3801672440882791
8,6,1,9,128,-0.93236805204340856,1.4064023029020185
8,6,1,9,129,-0.95185853571088663,1.4328635170899022
8,6,1,9,130,-0.97154320589222798,1.4595487018337072
8,6,1,9,131,-0.99142062211879378,1.4864556248256804
8,6,1,9,132,-1.0114893020537474,1.5135820069020505
8,6,1,9,133,-1.0317477218275639,1.540925522687095
8,6,1,9,134,-1.0521943163823377,1.5684838012474389
8,6,1,9,135,-1.0728274798249837,1.5962544267567131
8,6,1,9,136,-1.0936455657894972,1.6242349391702189
8,6,1,9,137,-1.1146468878085014,1.6524228349095034
8,6,1,9,138,-1.1358297196941314,1.6808155675568566
8,6,1,9,139,-1.1571922959284331,1.709410548559362
8,6,1,9,140,-1.1787328120635487,1.7382051479424927
8,6,1,9,141,-1.2004494251315168,1.7671966950330047
8,6,1,9,142,-1.2223402540641026,1.7963824791911303
8,6,1,9,143,-1.244403380122644,1.825759750551645
8,6,1,9,144,-1.2666368473379541,1.8553257207738953
8,6,1,9,145,-1.2890386629605122,1.8850775638004609
8,6,1,9,146,-1.3116067979208945,1.9150124166243092
8,6,1,9,147,-1.3343391873006427,1.9451273800643099
8,6,1,9,148,-1.3572337308135007,1.9754195195488129
8,6,1,9,149,-1.3802882932971883,2.0058858659071892
8,6,1,9,150,-1.4035007052156989,2.0365234161691865
8,6,1,9,151,-1.4268687631721733,2.0673291343716427
8,6,1,9,152,-1.4503902304323135,2.0982999523727592
8,6,1,9,153,-1.4740628374584674,2.1294327706733092
8,6,1,9,154,-1.4978842824542371,2.16072445924492
8,6,1,9,155,-1.5218522319197736,2.1921718583648415
8,6,1,9,156,-1.5459643212174912,2.2237717794574756
8,6,1,9,157,-1.5702181551484562,2.2555210059418491
8,6,1,9,158,-1.5946113085391789,2.2874162940853289
8,6,1,9,159,-1.6191413268388077,2.3194543738630111
8,6,1,9,160,-1.6438057267267603,2.3516319498226941
8,6,1,9,161,-1.6686019967305121,2.3839457019551618
8,6,1,9,162,-1.6935275978537057,2.4163922865694438
8,6,1,9,163,-1.7185799642141841,2.4489683371730382
8,6,1,9,164,-1.7437565036920566,2.4816704653565584
8,6,1,9,165,-1.7690545985875716,2.5144952616827561
8,6,1,9,166,-1.7944716062886945,2.5474392965795429
8,6,1,9,167,-1.8200048599481322,2.580499121236854
8,6,1,9,168,-1.845651669169851,2.613671268506959
8,6,1,9,169,-1.8714093207046145,2.6469522538081298
8,6,1,9,170,-1.8972750791546644,2.6803385760311187
8,6,1,9,171,-1.9232461876871221,2.7138267184485283
8,6,1,9,172,-1.9493198687559943,2.7474131496265124
8,6,1,9,173,-1.9754933248325335,2.7810943243386315
8,6,1,9,174,-2.0017637391437306,2.8148666844816148
8,6,1,9,175,-2.0281282764187059,2.8487266599926979
8,6,1,9,176,-2.0545840836427076,2.8826706697683142
8,6,1,9,177,-2.0811282908185236,2.9166951225836928
8,6,1,9,178,-2.107758011734906,2.9507964180133155
8,6,1,9,179,-2.1344703447418842,2.9849709473518198
8,6,1,9,180,-2.1612623735325522,3.0192150945349465
8,6,1,9,181,-2.1881311679311066,3.0535252370604034
8,6,1,9,182,-2.2150737846866777,3.0878977469084719
8,6,1,9,183,-2.2420872682728854,3.1223289914615733
8,6,1,9,184,-2.2691686516925547,3.1568153344230994
8,6,1,9,185,-2.2963149572873487,3.1913531367348646
8,6,1,9,186,-2.323523197552019,3.2259387574928549
8,6,1,9,187,-2.3507903759527879,3.2605685548612899
8,6,1,9,188,-2.3781134877497223,3.2952388869842615
8,6,1,9,189,-2.4054895208224512,3.3299461128951076
8,6,1,9,190,-2.4329154564991242,3.3646865934228916
8,6,1,9,191,-2.4603882703880755,3.3994566920958231
8,6,1,9,192,-2.487904933211782,3.4342527760414603
8,6,1,9,193,-2.515462411642988,3.4690712168830156
8,6,1,9,194,-2.5430576691421458,3.5039083916320242
8,6,1,9,195,-2.570687666796351,3.5387606835765002
8,6,1,9,196,-2.5983493641587807,3.5736244831648669
8,6,1,9,197,-2.6260397200887353,3.6084961888848355
8,6,1,9,198,-2.6537556935915472,3.6433722081374049
8,6,1,9,199,-2.6814942446581167,3.6782489581053515
8,6,1,9,200,-2.7092523351035958,3.713122866616239
8,6,1,9,201,-2.7370269294048235,3.7479903729993351
8,6,1,9,202,-2.7648149955360912,3.782847928936528
8,6,1,9,203,-2.7926135058028878,3.8176919993065965
8,6,1,9,204,-2.8204194376731051,3.8525190630229216
8,6,1,9,205,-2.8482297746053931,3.8873256138640402
8,6,1,9,206,-2.8760415068741327,3.9221081612971247
8,6,1,9,207,-2.9038516323907801,3.9568632312937115
8,6,1,9,208,-2.931657157521006,3.9915873671379276
8,6,1,9,209,-2.9594550978973508,4.0262771302264158
8,6,1,9,210,-2.9872424792268761,4.0609291008601414
8,6,1,9,211,-3.0150163380935235,4.0955398790277018
8,6,1,9,212,-3.0427737227546769,4.1301060851797216
8,6,1,9,213,-3.0705116939315937,4.1646243609943676
8,6,1,9,214,-3.0982273255933279,4.1990913701335977
8,6,1,9,215,-3.125917705733694,4.2335037989898652
8,6,1,9,216,-3.1535799371408824,4.2678583574232345
8,6,1,9,217,-3.1812111381595063,4.3021517794885114
8,6,1,9,218,-3.2088084434444051,4.3363808241522834
8,6,1,9,219,-3.2363690047061855,4.3705422759995392
8,6,1,9,220,-3.2638899914478547,4.4046329459298343
8,6,1,9,221,-3.2913685916923452,4.4386496718426507
8,6,1,9,222,-3.318802012700528,4.4725893193117843
8,6,1,9,223,-3.3461874816793857,4.5064487822486257
8,6,1,9,224,-3.3735222464800096,4.5402249835540838
8,6,1,9,225,-3.4008035762851052,4.5739148757589891
8,6,1,9,226,-3.4280287622856012,4.6075154416528514
8,6,1,9,227,-3.4551951183461993,4.6410236949007144
8,6,1,9,228,-3.4822999816594646,4.6744366806479949
8,6,1,9,229,-3.5093407133881263,4.707751476113101
8,6,1,9,230,-3.536314699295434,4.7409651911677644
8,6,1,9,231,-3.5632193503631395,4.7740749689048263
8,6,1,9,232,-3.5900521033969457,4.8070779861934394
8,6,1,9,233,-3.6168104216191432,4.8399714542213896
8,6,1,9,234,-3.6434917952480941,4.8727526190247143
8,6,1,9,235,-3.6700937420644841,4.9054187620040297
8,6,1,9,236,-3.6966138079639945,4.9379672004278756
8,6,1,9,237,-3.7230495674961839,4.9703952879227602
8,6,1,9,238,-3.7493986243893609,5.0027004149498486
8,6,1,9,239,-3.7756586120614166,5.034880009268031
8,6,1,9,240,-3.8018271941160977,5.0669315363836702
8,6,1,9,241,-3.8279020648248787,5.0988524999863811
8,6,1,9,242,-3.8538809495940516,5.1306404423713285
8,6,1,9,243,-3.8797616054169595,5.162292944847521
8,6,1,9,244,-3.9055418213111426,5.1938076281323156
8,6,1,9,245,-3.9312194187404783,5.2251821527318194
8,6,1,9,246,-3.9567922520218457,5.2564142193074064
8,6,1,9,247,-3.982258208716499,5.2875015690280884
8,6,1,9,248,-4.0076152100059321,5.3184419839087145
8,6,1,9,249,-4.0328612110520856,5.3492332871340782
8,6,1,9,250,-4.0579942013418915,5.3798733433687715
8,6,1,9,251,-4.0830122050160682,5.4103600590527963
8,6,1,9,252,-4.1079132811820855,5.4406913826829024
8,6,1,9,253,-4.1326955242112273,5.470865305079772
8,6,1,9,254,-4.1573570640197399,5.5008798596406585
8,6,1,9,255,-4.1818960663340787,5.530733122577999
8,6,1,9,256,-4.2063107329400884,5.5604232131435758
8,6,1,9,257,-4.2305993019163157,5.5899482938383951
8,6,1,9,258,-4.2547600478511916,5.6193065706083765
8,6,1,9,259,-4.2787912820443808,5.6484962930256426
8,6,1,9,260,-4.3026913526920394,5.6775157544557446
8,6,1,9,261,-4.3264586450562801,5.7063632922104786
8,6,1,9,262,-4.3500915816185923,5.7350372876867368
8,6,1,9,263,-4.3735886222175555,5.763536166491054
8,6,1,9,264,-4.396948264170641,5.791858398550195
8,6,1,9,265,-4.4201690423803788,5.8200024982076579
8,6,1,9,266,-4.4432495294248362,5.8479670243061301
8,6,1,9,267,-4.4661883356325651,5.8757505802561978
8,6,1,9,268,-4.4889841091419749,5.9033518140910708
8,6,1,9,269,-4.511635535945496,5.9307694185075617
8,6,1,9,270,-4.5341413399183068,5.9580021308934779
8,6,1,9,271,-4.5565002828320882,5.985048733341217
8,6,1,9,272,-4.5787111643536047,6.0119080526480211
8,6,1,9,273,-4.6007728220284978,6.0385789603027176
8,6,1,9,274,-4.622684131250276,6.0650603724591772
8,6,1,9,275,-4.6444440052147709,6.0913512498964568
8,6,1,9,276,-4.6660513948600713,6.117450597966009
8,6,1,9,277,-4.6875052887922877,6.1433574665256758
8,6,1,9,278,-4.7088047131970567,6.1690709498609966
8,6,1,9,279,-4.7299487317372986,6.1945901865936044
8,6,1,9,280,-4.7509364454370315,6.2199143595770918
8,6,1,9,281,-4.7717669925517958,6.2450426957803309
8,6,1,9,282,-4.7924395484255751,6.2699744661584651
8,6,1,9,283,-4.812953325334651,6.2947089855116074
8,6,1,9,284,-4.8333075723184349,6.3192456123315282
8,6,1,9,285,-4.8535015749975763,6.343583748636358
8,6,1,9,286,-4.8735346553795296,6.3677228397935739
8,6,1,9,287,-4.8934061716518205,6.3916623743312719
8,6,1,9,288,-4.9131155179632184,6.4154018837380224
8,6,1,9,289,-4.932662124193044,6.4389409422513948
8,6,1,9,290,-4.9520454557088867,6.4622791666354287
8,6,1,9,291,-4.971265013112891,6.4854162159469677
8,6,1,9,292,-4.9903203319769665,6.5083517912913527
8,6,1,9,293,-5.0092109825670477,6.5310856355673987
8,6,1,9,294,-5.02793656955674,6.5536175332019972
8,6,1,9,295,-5.0464967317305707,6.575947309874322
8,6,1,9,296,-5.0648911416771139,6.5980748322301528
8,6,1,9,297,-5.0831195054722,6.6200000075861105
8,6,1,9,298,-5.1011815623525694,6.6417227836243455
8,6,1,9,299,-5.1190770843801303,6.6632431480775605
8,6,1,9,300,-5.1368058760971387,6.6845611284048676
8,6,1,9,301,-5.1543677741725631,6.7056767914584068
8,6,1,9,302,-5.1717626470399178,6.726590243141092
8,6,1,9,303,-5.1889903945268046,6.7473016280555989
8,6,1,9,304,-5.2060509474763874,6.7678111291449214
8,6,1,9,305,-5.2229442673612736,6.7881189673244551
8,6,1,9,306,-5.2396703458897909,6.8082254011060908
8,6,1,9,307,-5.2562292046051837,6.828130726214324
8,6,1,9,308,-5.2726208944778534,6.8478352751947327
8,6,1,9,309,-5.2888454954909676,6.8673394170149367
8,6,1,9,310,-5.3049031162197284,6.8866435566582034
8,6,1,9,311,-5.3207938934046073,6.9057481347100849
8,6,1,9,312,-5.336517991518674,6.9246536269382233
8,6,1,9,313,-5.3520756023294869,6.9433605438653316
8,6,1,9,314,-5.3674669444557228,6.9618694303359732
8,6,1,9,315,-5.3826922629188365,6.9801808650769317
8,6,1,9,316,-5.3977518286899615,6.998295460251744
8,6,1,9,317,-5.4126459382324912,7.0162138610092937
8,6,1,9,318,-5.4273749130404392,7.033936745026967
8,6,1,9,319,-5.4419390991729601,7.0514648220483558
8,6,1,9,320,-5.4563388667852095,7.0687988334159044
8,6,1,9,321,-5.4705746096559151,7.0859395515985826
8,6,1,9,322,-5.4846467447119238,7.1028877797148144
8,6,1,9,323,-5.4985557115497912,7.1196443510510212
8,6,1,9,324,-5.5123019719550195,7.136210128575823
8,6,1,9,325,-5.5258860094188842,7.1525860044501153
8,6,1,9,326,-5.5393083286532976,7.1687728995334572
8,6,1,9,327,-5.5525694551039066,7.1847717628866468
8,6,1,9,328,-5.5656699344617202,7.2005835712709878
8,6,1,9,329,-5.5786103321734002,7.2162093286442994
8,6,1,9,330,NaN,NaN
8,6,1,9,331,NaN,NaN
8,6,1,9,332,NaN,NaN
8,6,1,9,333,NaN,NaN
8,6,1,9,334,NaN,NaN
8,6,1,9,335,NaN,NaN
8,6,1,9,336,NaN,NaN
8,6,1,9,337,NaN,NaN
8,6,1,9,338,NaN,NaN
8,6,1,9,339,NaN,NaN
8,6,1,9,340,NaN,NaN
8,6,1,9,341,NaN,NaN
8,6,1,9,342,NaN,NaN
8,6,1,9,343,NaN,NaN
8,6,1,9,344,NaN,NaN
8,6,1,9,345,NaN,NaN
8,6,1,9,346,NaN,NaN
8,6,1,9,347,NaN,NaN
8,6,1,9,348,NaN,NaN
8,6,1,9,349,NaN,NaN
8,6,1,9,350,NaN,NaN
8,6,1,9,351,NaN,NaN
8,6,1,9,352,NaN,NaN
8,6,1,9,353,NaN,NaN
8,6,1,9,354,NaN,NaN
8,6,1,9,355,NaN,NaN
8,6,1,9,356,NaN,NaN
8,6,1,9,357,NaN,NaN
8,6,1,9,358,NaN,NaN
8,6,1,9,359,NaN,NaN
8,6,1,9,360,NaN,NaN
8,6,1,9,361,NaN,NaN
8,6,1,9,362,NaN,NaN
8,6,1,9,363,NaN,NaN
8,6,1,9,364,NaN,NaN
8,6,1,9,365,NaN,NaN
8,6,1,9,366,NaN,NaN
8,6,1,9,367,NaN,NaN
8,6,1,9,368,NaN,NaN
8,6,1,9,369,NaN,NaN
8,6,1,9,370,NaN,NaN
8,6,1,9,371,NaN,NaN
8,6,1,9,372,NaN,NaN
8,6,1,9,373,NaN,NaN
8,6,1,9,374,NaN,NaN
8,6,1,9,375,NaN,NaN
8,6,1,9,376,NaN,NaN
8,6,1,9,377,NaN,NaN
8,6,1,9,378,NaN,NaN
8,6,1,9,379,NaN,NaN
8,6,1,9,380,NaN,NaN
8,6,1,9,381,NaN,NaN
8,6,1,9,382,NaN,NaN
8,6,1,9,383,NaN,NaN
8,6,1,9,384,NaN,NaN
8,6,1,9,385,NaN,NaN
8,6,1,9,386,NaN,NaN
8,6,1,9,387,NaN,NaN
8,6,1,9,388,NaN,NaN
8,6,1,9,389,NaN,NaN
8,6,1,9,390,NaN,NaN
8,6,1,9,391,NaN,NaN
8,6,1,9,392,NaN,NaN
8,6,1,9,393,NaN,NaN
8,6,1,9,394,NaN,NaN
8,6,1,9,395,NaN,NaN
8,6,1,9,396,NaN,NaN
8,6,1,9,397,NaN,NaN
8,6,1,9,398,NaN,NaN
8,6,1,9,399,NaN,NaN
8,6,1,9,400,NaN,NaN
8,6,1,9,401,NaN,NaN
8,6,1,9,402,NaN,NaN
8,6,1,9,403,NaN,NaN
8,6,1,9,404,NaN,NaN
8,6,1,9,405,NaN,NaN
8,6,1,9,406,NaN,NaN
8,6,1,9,407,NaN,NaN
8,6,1,9,408,NaN,NaN
8,6,1,9,409,NaN,NaN
8,6,1,9,410,NaN,NaN
8,6,1,9,411,NaN,NaN
8,6,1,9,412,NaN,NaN
8,6,1,9,413,NaN,NaN
8,6,1,9,414,NaN,NaN
8,6,1,9,415,NaN,NaN
8,6,1,9,416,NaN,NaN
8,6,1,9,417,NaN,NaN
8,6,1,9,418,NaN,NaN
8,6,1,9,419,NaN,NaN
8,6,1,9,420,NaN,NaN
8,6,1,9,421,NaN,NaN
8,6,1,9,422,NaN,NaN
8,6,1,9,423,NaN,NaN
8,6,1,9,424,NaN,NaN
8,6,1,9,425,NaN,NaN
8,6,1,9,426,NaN,NaN
8,6,1,9,427,NaN,NaN
8,6,1,9,428,NaN,NaN
8,6,1,9,429,NaN,NaN
8,6,1,9,430,NaN,NaN
8,6,1,9,431,NaN,NaN
8,6,1,9,432,NaN,NaN
8,6,1,9,433,NaN,NaN
8,6,1,9,434,NaN,NaN
8,6,1,9,435,NaN,NaN
8,6,1,9,436,NaN,NaN
8,6,1,9,437,NaN,NaN
8,6,1,9,438,NaN,NaN
8,6,1,9,439,NaN,NaN
8,6,1,9,440,NaN,NaN
8,6,1,9,441,NaN,NaN
8,6,1,9,442,NaN,NaN
8,6,1,9,443,NaN,NaN
8,6,1,9,444,NaN,NaN
8,6,1,9,445,NaN,NaN
8,6,1,9,446,NaN,NaN
8,6,1,9,447,NaN,NaN
8,6,1,9,448,NaN,NaN
8,6,1,9,449,NaN,NaN
8,6,1,9,450,NaN,NaN
8,6,1,9,451,NaN,NaN
8,6,1,9,452,NaN,NaN
8,6,1,9,453,NaN,NaN
8,6,1,9,454,NaN,NaN
8,6,1,9,455,NaN,NaN
8,6,1,9,456,NaN,NaN
8,6,1,9,457,NaN,NaN
8,6,1,9,458,NaN,NaN
8,6,1,9,459,NaN,NaN
8,6,1,9,460,NaN,NaN
8,6,1,9,461,NaN,NaN
8,6,1,9,462,NaN,NaN
8,6,1,9,463,NaN,NaN
8,6,1,9,464,NaN,NaN
8,6,1,9,465,NaN,NaN
8,6,1,9,466,NaN,NaN
8,6,1,9,467,NaN,NaN
8,6,1,9,468,NaN,NaN
8,6,1,9,469,NaN,NaN
8,6,1,9,470,NaN,NaN
8,6,1,9,471,NaN,NaN
8,6,1,9,472,NaN,NaN
8,6,1,9,473,NaN,NaN
8,6,1,9,474,NaN,NaN
8,6,1,9,475,NaN,NaN
8,6,1,9,476,NaN,NaN
8,6,1,9,477,NaN,NaN
8,6,1,9,478,NaN,NaN
8,6,1,9,479,NaN,NaN
8,6,1,9,480,NaN,NaN
8,6,1,9,481,NaN,NaN
8,6,1,9,482,NaN,NaN
8,6,1,9,483,NaN,NaN
8,6,1,9,484,NaN,NaN
8,6,1,9,485,NaN,NaN
8,6,1,9,486,NaN,NaN
8,6,1,9,487,NaN,NaN
8,6,1,9,488,NaN,NaN
8,6,1,9,489,NaN,NaN
8,6,1,9,490,NaN,NaN
8,6,1,9,491,NaN,NaN
8,6,1,9,492,NaN,NaN
8,6,1,9,493,NaN,NaN
8,6,1,9,494,NaN,NaN
8,6,1,9,495,NaN,NaN
8,6,1,9,496,NaN,NaN
8,6,1,9,497,NaN,NaN
8,6,1,9,498,NaN,NaN
8,6,1,9,499,NaN,NaN
8,6,1,9,500,NaN,NaN
8,6,1,9,501,NaN,NaN
8,6,1,9,502,NaN,NaN
8,6,1,9,503,NaN,NaN
8,6,1,9,504,NaN,NaN
8,6,1,9,505,NaN,NaN
8,6,1,9,506,NaN,NaN
8,6,1,9,507,NaN,NaN
8,6,1,9,508,NaN,NaN
8,6,1,9,509,NaN,NaN
8,6,1,9,510,NaN,NaN
8,6,1,9,511,NaN,NaN
8,6,1,9,512,NaN,NaN
8,6,1,9,513,NaN,NaN
8,6,1,9,514,NaN,NaN
8,6,1,9,515,NaN,NaN
8,6,1,9,516,NaN,NaN
8,6,1,9,517,NaN,NaN
8,6,1,9,518,NaN,NaN
8,6,1,9,519,NaN,NaN
8,6,1,9,520,NaN,NaN
8,6,1,9,521,NaN,NaN
8,6,1,9,522,NaN,NaN
8,6,1,9,523,NaN,NaN
8,6,1,9,524,NaN,NaN
8,6,1,9,525,NaN,NaN
8,6,1,9,526,NaN,NaN
8,6,1,9,527,NaN,NaN
8,6,1,9,528,NaN,NaN
8,6,1,9,529,NaN,NaN
8,6,1,9,530,NaN,NaN
8,6,1,9,531,NaN,NaN
8,6,1,9,532,NaN,NaN
8,6,1,9,533,NaN,NaN
8,6,1,9,534,NaN,NaN
8,6,1,9,535,NaN,NaN
8,6,1,9,536,NaN,NaN
8,6,1,9,537,NaN,NaN
8,6,1,9,538,NaN,NaN
8,6,1,9,539,NaN,NaN
8,6,1,9,540,NaN,NaN
8,6,1,9,541,NaN,NaN
8,6,1,9,542,NaN,NaN
8,6,1,9,543,NaN,NaN
8,6,1,9,544,NaN,NaN
8,6,1,9,545,NaN,NaN
8,6,1,9,546,NaN,NaN
8,6,1,9,547,NaN,NaN
8,6,1,9,548,NaN,NaN
8,6,1,9,549,NaN,NaN
8,6,1,9,550,NaN,NaN
8,6,1,9,551,NaN,NaN
8,6,1,9,552,NaN,NaN
8,6,1,9,553,NaN,NaN
8,6,1,9,554,NaN,NaN
8,6,1,9,555,NaN,NaN
8,6,1,9,556,NaN,NaN
8,6,1,9,557,NaN,NaN
8,6,1,9,558,NaN,NaN
8,6,1,9,559,NaN,NaN
8,6,1,9,560,NaN,NaN
8,6,1,9,561,NaN,NaN
8,6,1,9,562,NaN,NaN
8,6,1,9,563,NaN,NaN
8,6,1,9,564,NaN,NaN
8,6,1,9,565,NaN,NaN
8,6,1,9,566,NaN,NaN
8,6,1,9,567,NaN,NaN
8,6,1,9,568,NaN,NaN
8,6,1,9,569,NaN,NaN
8,6,1,9,570,NaN,NaN
8,6,1,9,571,NaN,NaN
8,6,1,9,572,NaN,NaN
8,6,1,9,573,NaN,NaN
8,6,1,9,574,NaN,NaN
8,6,1,9,575,NaN,NaN
8,6,1,9,576,NaN,NaN
8,6,1,9,577,NaN,NaN
8,6,1,9,578,NaN,NaN
8,6,1,9,579,NaN,NaN
8,6,1,9,580,NaN,NaN
8,6,1,9,581,NaN,NaN
8,6,1,9,582,NaN,NaN
8,6,1,9,583,NaN,NaN
8,6,1,9,584,NaN,NaN
8,6,1,9,585,NaN,NaN
8,6,1,9,586,NaN,NaN
8,6,1,9,587,NaN,NaN
8,6,1,9,588,NaN,NaN
8,6,1,9,589,NaN,NaN
8,6,1,9,590,NaN,NaN
8,6,1,9,591,NaN,NaN
8,6,1,9,592,NaN,NaN
8,6,1,9,593,NaN,NaN
8,6,1,9,594,NaN,NaN
8,6,1,9,595,NaN,NaN
8,6,1,9,596,NaN,NaN
8,6,1,9,597,NaN,NaN
8,6,1,9,598,NaN,NaN
8,6,1,9,599,NaN,NaN
8,6,1,31,0,0,0
8,6,1,31,1,0,0
8,6,1,31,2,1.1919936110382778e-05,4.0823721653149292e-06
8,6,1,31,3,3.0878143120194324e-05,1.7578297858977798e-05
8,6,1,31,4,5.202243666957429e-05,4.5751888011480446e-05
8,6,1,31,5,7.0531702822673736e-05,9.3802750170124405e-05
8,6,1,31,6,8.1617413250079096e-05,0.00016686830554835108
8,6,1,31,7,8.0525069978687469e-05,0.00027002587525970512
8,6,1,31,8,6.2535582978640036e-05,0.0004082945527561499
8,6,1,31,9,2.2966583979044941e-05,0.00058663687889926042
8,6,1,31,10,-4.2826320356681435e-05,0.0008099603346412021
8,6,1,31,11,-0.0001394483532868307,0.0010831186653043057
8,6,1,31,12,-0.00027146442806991189,0.0014109130494766031
8,6,1,31,13,-0.00044339806082871469,0.0017980931246414089
8,6,1,31,14,-0.00065973033395172465,0.0022493578807486481
8,6,1,31,15,-0.0009248989078614045,0.0027693564322223141
8,6,1,31,16,-0.0012432970790343667,0.0033626886780963039
8,6,1,31,17,-0.0016192728825803471,0.0040339058593019672
8,6,1,31,18,-0.0020571282373427202,0.0047875110216505368
8,6,1,31,19,-0.0025611181320939203,0.0056279593920322002
8,6,1,31,20,-0.0031354498510827167,0.0065596586753674524
8,6,1,31,21,-0.003784282237573322,0.0075869692788638199
8,6,1,31,22,-0.004511724993799815,0.008714204470114395
8,6,1,31,23,-0.0053218380162478596,0.0099456304743839041
8,6,1,31,24,-0.0062186307647205119,0.011285466517133025
8,6,1,31,25,-0.0072060616643110365,0.012737884816180212
8,6,1,31,26,-0.0082880375388560967,0.014307010528635811
8,6,1,31,27,-0.0094684130749644879,0.015996921656821761
8,6,1,31,28,-0.010750990315522291,0.017811648916979395
8,6,1,31,29,-0.012139518181736308,0.019755175574931449
8,6,1,31,30,-0.013637692022633319,0.021831437251856878
8,6,1,31,31,-0.015249153191398968,0.024044321703450833
8,6,1,31,32,-0.016977488647312855,0.026397668575656175
8,6,1,31,33,-0.018826230582735803,0.028895269139508906
8,6,1,31,34,-0.020798856074227823,0.03154086600788697
8,6,1,31,35,-0.022898786757014067,0.03433815283637176
8,6,1,31,36,-0.025129388522077134,0.037290774010578787
8,6,1,31,37,-0.02749397123515962,0.040402324322014183
8,6,1,31,38,-0.029995788476888663,0.043676348634300033
8,6,1,31,39,-0.032638037303517331,0.047116341541506013
8,6,1,31,40,-0.035423858027355815,0.050725747020435863
8,6,1,31,41,-0.038356334016553806,0.054507958078112151
8,6,1,31,42,-0.041438491513395848,0.058466316395983098
8,6,1,31,43,-0.044673299470515682,0.062604111972294763
8,6,1,31,44,-0.048063669404568854,0.066924582763577822
8,6,1,31,45,-0.051612455266614177,0.071430914326500727
8,6,1,31,46,-0.055322453328837673,0.07612623946108843
8,6,1,31,47,-0.059196402086825195,0.081013637856289233
8,6,1,31,48,-0.063236982177095058,0.08609613573867525
8,6,1,31,49,-0.067446816309157942,0.091376705525189617
8,6,1,31,50,-0.071828469211726587,0.096858265480556649
8,6,1,31,51,-0.076384447592570126,0.10254367938011544
8,6,1,31,52,-0.081117200111419097,0.10843575617874857
8,6,1,31,53,-0.086029117365510333,0.11453724968632228
8,6,1,31,54,-0.091122531887372071,0.12085085825034592
8,6,1,31,55,-0.096399718154238645,0.12737922444618632
8,6,1,31,56,-0.10186289260881165,0.1341249347753537
8,6,1,31,57,-0.10751421369084579,0.14109051937222228
8,6,1,31,58,-0.11335578187903206,0.14827845171970222
8,6,1,31,59,-0.11938963974310601,0.15569114837376274
8,6,1,31,60,-0.12561777200532087,0.16333096869781127
8,6,1,31,61,-0.13204210561128527,0.17120021460642898
8,6,1,31,62,-0.13866450980953293,0.17930113031933981
8,6,1,31,63,-0.14548679623959115,0.187635902125452
8,6,1,31,64,-0.15251071902809277,0.19620665815729965
8,6,1,31,65,-0.15973797489265973,0.2050154681761146
8,6,1,31,66,-0.16717020325321963,0.21406434336756208
8,6,1,31,67,-0.1748089863502611,0.22335523614840647
8,6,1,31,68,-0.18265584936997814,0.23289003998413216
8,6,1,31,69,-0.19071226057581492,0.24267058921763618
8,6,1,31,70,-0.19897963144603903,0.25269865890923116
8,6,1,31,71,-0.20745931681738772,0.26297596468778106
8,6,1,31,72,-0.2161526150340598,0.27350416261331112
8,6,1,31,73,-0.22506076810219211,0.28428484905092255
8,6,1,31,74,-0.23418496184935411,0.29531956055616204
8,6,1,31,75,-0.24352632608873881,0.30660977377201248
8,6,1,31,76,-0.25308593478818309,0.31815690533715246
8,6,1,31,77,-0.26286480624329034,0.3299623118060202
8,6,1,31,78,-0.27286390325489962,0.34202728958021844
8,6,1,31,79,-0.28308413331041282,0.35435307485162937
8,6,1,31,80,-0.29352634876895212,0.36694084355693157
8,6,1,31,81,-0.30419134705004236,0.37979171134385481
8,6,1,31,82,-0.31507987082581845,0.39290673354882288
8,6,1,31,83,-0.32619260821641904,0.40628690518627053
8,6,1,31,84,-0.33753019298859432,0.41993316094933175
8,6,1,31,85,-0.34909320475727257,0.43384637522215497
8,6,1,31,86,-0.36088216919003546,0.44802736210366456
8,6,1,31,87,-0.37289755821440229,0.46247687544265781
8,6,1,31,88,-0.38513979022772316,0.47719560888452028
8,6,1,31,89,-0.39760923030980333,0.49218419592917118
8,6,1,31,90,-0.41030619043792016,0.5074432100004217
8,6,1,31,91,-0.42323092970437681,0.52297316452667997
8,6,1,31,92,-0.43638365453650962,0.53877451303290247
8,6,1,31,93,-0.4497645189189603,0.55484764924383367
8,6,1,31,94,-0.46337362461842946,0.57119290719845062
8,6,1,31,95,-0.47721102141060068,0.5878105613755541
8,6,1,31,96,-0.49127670730956252,0.60470082683051485
8,6,1,31,97,-0.50557062879939552,0.62186385934314137
8,6,1,31,98,-0.52009268106816831,0.63929975557661389
8,6,1,31,99,-0.53484270824428193,0.65700855324731522
8,6,1,31,100,-0.54982050363519552,0.6749902313057804
8,6,1,31,101,-0.56502580996853902,0.6932447101285738
8,6,1,31,102,-0.58045831963581818,0.71177185172087987
8,6,1,31,103,-0.59611767493851775,0.73057145993019879
8,6,1,31,104,-0.61200346833693575,0.74964328067062269
8,6,1,31,105,-0.62811524270159902,0.76898700215809745
8,6,1,31,106,-0.64445249156755424,0.78860225515612614
8,6,1,31,107,-0.66101465939146231,0.80848861323249699
8,6,1,31,108,-0.67780114181166251,0.82864559302636975
8,6,1,31,109,-0.69481128591141195,0.84907265452605907
8,6,1,31,110,-0.71204439048517254,0.86976920135740377
8,6,1,31,111,-0.72949970630832861,0.89073458108266668
8,6,1,31,112,-0.7471764364103628,0.91196808550974284
8,6,1,31,113,-0.76507373635158471,0.93346895101200367
8,6,1,31,114,-0.78319071450358435,0.95523635885836067
8,6,1,31,115,-0.80152643233363796,0.97726943555376533
8,6,1,31,116,-0.82007990469309955,0.99956725318992301
8,6,1,31,117,-0.83885010011001127,1.0221288298062596
8,6,1,31,118,-0.85783594108605477,1.0449531297611809
8,6,1,31,119,-0.87703630439809332,1.0680390641133215
8,6,1,31,120,-0.89645002140433805,1.0913854910130443
8,6,1,31,121,-0.91607587835547677,1.114991216103836
8,6,1,31,122,-0.93591261671073789,1.1388549929338492
8,6,1,31,123,-0.95595893345937766,1.1629755233772827
8,6,1,31,124,-0.9762134814473522,1.1873514580656885
8,6,1,31,125,-0.99667486970977937,1.2119813968291231
8,6,1,31,126,-1.0173416638091182,1.2368638891470414
8,6,1,31,127,-1.0382123861792547,1.261997434608944
8,6,1,31,128,-1.0592855164758663,1.2873804833846758
8,6,1,31,129,-1.0805594919330141,1.3130114367042394
8,6,1,31,130,-1.1020327077263581,1.3388886473473112
8,6,1,31,131,-1.1237035173429666,1.3650104201419904
8,6,1,31,132,-1.1455702329581097,1.3913750124731532
8,6,1,31,133,-1.1676311258190908,1.4179806347999953
8,6,1,31,134,-1.1898844266363173,1.4448254511827936
8,6,1,31,135,-1.2123283259817708,1.4719075798190011
8,6,1,31,136,-1.2349609746951207,1.499225093588219
8,6,1,31,137,-1.2577804842975326,1.5267760206063214
8,6,1,31,138,-1.2807849274134586,1.5545583447884286
8,6,1,31,139,-1.303972338200432,1.5825700064207719
8,6,1,31,140,-1.3273407127871895,1.610808902741101
8,6,1,31,141,-1.3508880097200249,1.6392728885280787
8,6,1,31,142,-1.3746121504178477,1.6679597766988268
8,6,1,31,143,-1.3985110196357065,1.6968673389152618
8,6,1,31,144,-1.4225824659372333,1.7259933061984674
8,6,1,31,145,-1.4468243021758975,1.7553353695515055
8,6,1,31,146,-1.4712343059853417,1.7848911805901979
8,6,1,31,147,-1.4958102202787815,1.814658352182033
8,6,1,31,148,-1.5205497537576496,1.8446344590928003
8,6,1,31,149,-1.5454505814295527,1.8748170386411216
8,6,1,31,150,-1.5705103451355618,1.9052035913605074
8,6,1,31,151,-1.5957266540870485,1.9357915816689164
8,6,1,31,152,-1.6210970854119156,1.9665784385457212
8,6,1,31,153,-1.6466191847105016,1.9975615562158406
8,6,1,31,154,-1.6722904666210181,2.0287382948410508
8,6,1,31,155,-1.6981084153946613,2.0601059812179772
8,6,1,31,156,-1.7240704854803668,2.0916619094832196
8,6,1,31,157,-1.7501741021192063,2.123403341824817
8,6,1,31,158,-1.7764166619484767,2.1553275092002417
8,6,1,31,159,-1.8027955336154311,2.1874316120608333
8,6,1,31,160,-1.8293080584005916,2.2197128210821844
8,6,1,31,161,-1.8559515508507041,2.252168277900604
8,6,1,31,162,-1.8827232994211907,2.2847950958553271
8,6,1,31,163,-1.9096205671280841,2.3175903607363906
8,6,1,31,164,-1.9366405922093599,2.3505511315378951
8,6,1,31,165,-1.963780588795605,2.3836744412165296
8,6,1,31,166,-1.9910377475898799,2.4169572974551605
8,6,1,31,167,-2.0184092365567174,2.4503966834313191
8,6,1,31,168,-2.0458922016200862,2.4839895585903076
8,6,1,31,169,-2.0734837673702486,2.5177328594228028
8,6,1,31,170,-2.1011810377792592,2.5516235002467829
8,6,1,31,171,-2.1289810969251088,2.5856583739934882
8,6,1,31,172,-2.1568810097241986,2.6198343529971471
8,6,1,31,173,-2.1848778226720098,2.6541482897885214
8,6,1,31,174,-2.2129685645917938,2.6885970178918308
8,6,1,31,175,-2.2411502473910936,2.7231773526247642
8,6,1,31,176,-2.2694198668257948,2.7578860919016845
8,6,1,31,177,-2.2977744032716019,2.7927200170394491
8,6,1,31,178,-2.3262108225025391,2.8276758935659259
8,6,1,31,179,-2.3547260764763935,2.8627504720306893
8,6,1,31,180,-2.3833171041268031,2.8979404888178655
8,6,1,31,181,-2.4119808321614866,2.9332426669609029
8,6,1,31,182,-2.4407141758667485,2.9686537169588663
8,6,1,31,183,-2.4695140399175974,3.004170337594156
8,6,1,31,184,-2.4983773191933678,3.0397892167514096
8,6,1,31,185,-2.527300899598417,3.0755070322373039
8,6,1,31,186,-2.5562816588877544,3.1113204526009435
8,6,1,31,187,-2.5853164674970284,3.1472261379548701
8,6,1,31,188,-2.6144021893767579,3.1832207407960138
8,6,1,31,189,-2.6435356828302559,3.2193009068267968
8,6,1,31,190,-2.6727138013550809,3.255463275775841
8,6,1,31,191,-2.7019333944875488,3.2917044822180666
8,6,1,31,192,-2.7311913086498887,3.328021156394076
8,6,1,31,193,-2.7604843879998011,3.3644099250284776
8,6,1,31,194,-2.7898094752818681,3.4008674121469489
8,6,1,31,195,-2.8191634126806142,3.4373902398915828
8,6,1,31,196,-2.848543042674645,3.4739750293346887
8,6,1,31,197,-2.8779452088915636,3.5106184012903747
8,6,1,31,198,-2.9073667569632198,3.547316977123907
8,6,1,31,199,-2.9368045353809711,3.584067379558467
8,6,1,31,200,-2.9662553963503093,3.6208662334792638
8,6,1,31,201,-2.9957161966447599,3.657710166734454
8,6,1,31,202,-3.0251837984583752,3.6945958109328632
8,6,1,31,203,-3.0546550702564845,3.7315198022382146
8,6,1,31,204,-3.0841268876243335,3.7684787821594594
8,6,1,31,205,-3.1135961341131004,3.805469398337233
8,6,1,31,206,-3.1430597020828954,3.8424883053259888
8,6,1,31,207,-3.1725144935423222,3.8795321653716437
8,6,1,31,208,-3.201957420984197,3.9165976491844749
8,6,1,31,209,-3.2313854082169193,3.9536814367070683
8,6,1,31,210,-3.2607953911911345,3.9907802178770742
8,6,1,31,211,-3.2901843188212929,4.0278906933844478
8,6,1,31,212,-3.3195491538015878,4.0650095754230646
8,6,1,31,213,-3.3488868734158683,4.1021335884364714
8,6,1,31,214,-3.3781944703412279,4.1392594698574285
8,6,1,31,215,-3.4074689534447145,4.1763839708411385
8,6,1,31,216,-3.4367073485727762,4.2135038569918768
8,6,1,31,217,-3.46590669933311,4.250615909082903
8,6,1,31,218,-3.4950640678684364,4.2877169237691612
8,6,1,31,219,-3.5241765356218089,4.324803714293032
8,6,1,31,220,-3.5532412040931218,4.3618731111823852
8,6,1,31,221,-3.5822551955863258,4.3989219629411718
8,6,1,31,222,-3.6112156539471085,4.4359471367320351
8,6,1,31,223,-3.6401197452904874,4.4729455190509473
8,6,1,31,224,-3.6689646587181821,4.5099140163935818
8,6,1,31,225,-3.697747607025109,4.5468495559132185
8,6,1,31,226,-3.7264658273949425,4.5837490860700107
8,6,1,31,227,-3.7551165820841446,4.6206095772714981
8,6,1,31,228,-3.7836971590943511,4.6574280225039875
8,6,1,31,229,-3.8122048728325755,4.6942014379548844
8,6,1,31,230,-3.8406370647590284,4.7309268636255366
8,6,1,31,231,-3.8689911040222569,4.767601363934709
8,6,1,31,232,-3.8972643880812283,4.8042220283121244
8,6,1,31,233,-3.9254543433140721,4.8407859717823793
8,6,1,31,234,-3.9535584256133181,4.877290335538695
8,6,1,31,235,-3.9815741209671018,4.9137322875065363
8,6,1,31,236,-4.0094989460264188,4.9501090228968874
8,6,1,31,237,-4.0373304486578165,4.9864177647490431
8,6,1,31,238,-4.0650662084815883,5.0226557644628826
8,6,1,31,239,-4.0927038373950007,5.0588203023202407
8,6,1,31,240,-4.120240980080542,5.0949086879954777
8,6,1,31,241,-4.1476753144987448,5.130918261055065
8,6,1,31,242,-4.1750045523656247,5.1668463914460085
8,6,1,31,243,-4.2022264396143978,5.2026904799729516
8,6,1,31,244,-4.2293387568413054,5.2384479587640556
8,6,1,31,245,-4.2563393197354973,5.2741162917252478
8,6,1,31,246,-4.2832259794926495,5.3096929749830242
8,6,1,31,247,-4.3099966232123315,5.3451755373155247
8,6,1,31,248,-4.3366491742789055,5.3805615405717795
8,6,1,31,249,-4.3631815927258568,5.4158485800791825
8,6,1,31,250,-4.3895918755834433,5.4510342850390554
8,6,1,31,251,-4.4158780572095822,5.4861163189100033
8,6,1,31,252,-4.4420382096039379,5.52109237977941
8,6,1,31,253,-4.4680704427050131,5.5559602007225619
8,6,1,31,254,-4.4939729046702954,5.5907175501497566
8,6,1,31,255,-4.5197437821393844,5.6253622321408541
8,6,1,31,256,-4.545381300480039,5.6598920867677895
8,6,1,31,257,-4.5708837240171327,5.6943049904044614
8,6,1,31,258,-4.5962493562445195,5.7285988560243108
8,6,1,31,259,-4.6214765400197475,5.7627716334853831
8,6,1,31,260,-4.6465636577417815,5.7968213098028993
8,6,1,31,261,-4.6715091315114812,5.8307459094093215
8,6,1,31,262,-4.6963114232751906,5.8645434944018335
8,6,1,31,263,-4.7209690349512279,5.898212164777231
8,6,1,31,264,-4.7454805085394405,5.9317500586542975
8,6,1,31,265,-4.7698444262138988,5.9651553524834835
8,6,1,31,266,-4.7940594103987042,5.9984262612441022
8,6,1,31,267,-4.8181241238271335,6.0315610386288938
8,6,1,31,268,-4.8420372695840985,6.0645579772159479
8,6,1,31,269,-4.8657975911320595,6.0974154086281516
8,6,1,31,270,-4.8894038723205799,6.1301317036799556
8,6,1,31,271,-4.9128549373794463,6.1627052725117784
8,6,1,31,272,-4.9361496508957661,6.1951345647117044
8,6,1,31,273,-4.9592869177749241,6.2274180694249202
8,6,1,31,274,-4.9822656831856991,6.2595543154504911
8,6,1,31,275,-5.0050849324896447,6.2915418713259372
8,6,1,31,276,-5.0277436911549565,6.3233793453993243
8,6,1,31,277,-5.0502410246548388,6.3550653858891497
8,6,1,31,278,-5.0725760383508067,6.3865986809319404
8,6,1,31,279,-5.0947478773609554,6.4179779586175574
8,6,1,31,280,-5.1167557264132686,6.4492019870126569
8,6,1,31,281,-5.1385988096845576,6.4802695741718344
8,6,1,31,282,-5.1602763906247855,6.5111795681369298
8,6,1,31,283,-5.1817877717673655,6.5419308569243526
8,6,1,31,284,-5.2031322945254699,6.5725223685006631
8,6,1,31,285,-5.2243093389745638,6.6029530707463673
8,6,1,31,286,-5.2453183236215342,6.6332219714081573
8,6,1,31,287,-5.2661587051605672,6.6633281180394714
8,6,1,31,288,-5.2868299782159403,6.6932705979297431
8,6,1,31,289,-5.3073316750723132,6.7230485380221614
8,6,1,31,290,-5.3276633653922882,6.7526611048203149
8,6,1,31,291,-5.3478246559218849,6.7821075042836991
8,6,1,31,292,-5.3678151901841167,6.8113869817121167
8,6,1,31,293,-5.3876346481608106,6.8404988216192422
8,6,1,31,294,-5.407282745963105,6.8694423475954638
8,6,1,31,295,-5.426759235490791,6.8982169221599134
8,6,1,31,296,-5.446063904080872,6.926821946602205
8,6,1,31,297,-5.4651965741455584,6.9552568608135159
8,6,1,31,298,-5.4841571028000473,6.9835211431076489
8,6,1,31,299,-5.502945381480334,7.0116143100317965
8,6,1,31,300,-5.5215613355513673,7.0395359161674689
8,6,1,31,301,-5.5400049239058387,7.0672855539214678
8,6,1,31,302,-5.5582761385539854,7.0948628533072071
8,6,1,31,303,-5.5763750042045315,7.1222674817166238
8,6,1,31,304,NaN,NaN
8,6,1,31,305,NaN,NaN
8,6,1,31,306,NaN,NaN
8,6,1,31,307,NaN,NaN
8,6,1,31,308,NaN,NaN
8,6,1,31,309,NaN,NaN
8,6,1,31,310,NaN,NaN
8,6,1,31,311,NaN,NaN
8,6,1,31,312,NaN,NaN
8,6,1,31,313,NaN,NaN
8,6,1,31,314,NaN,NaN
8,6,1,31,315,NaN,NaN
8,6,1,31,316,NaN,NaN
8,6,1,31,317,NaN,NaN
8,6,1,31,318,NaN,NaN
8,6,1,31,319,NaN,NaN
8,6,1,31,320,NaN,NaN
8,6,1,31,321,NaN,NaN
8,6,1,31,322,NaN,NaN
8,6,1,31,323,NaN,NaN
8,6,1,31,324,NaN,NaN
8,6,1,31,325,NaN,NaN
8,6,1,31,326,NaN,NaN
8,6,1,31,327,NaN,NaN
8,6,1,31,328,NaN,NaN
8,6,1,31,329,NaN,NaN
8,6,1,31,330,NaN,NaN
8,6,1,31,331,NaN,NaN
8,6,1,31,332,NaN,NaN
8,6,1,31,333,NaN,NaN
8,6,1,31,334,NaN,NaN
8,6,1,31,335,NaN,NaN
8,6,1,31,336,NaN,NaN
8,6,1,31,337,NaN,NaN
8,6,1,31,338,NaN,NaN
8,6,1,31,339,NaN,NaN
8,6,1,31,340,NaN,NaN
8,6,1,31,341,NaN,NaN
8,6,1,31,342,NaN,NaN
8,6,1,31,343,NaN,NaN
8,6,1,31,344,NaN,NaN
8,6,1,31,345,NaN,NaN
8,6,1,31,346,NaN,NaN
8,6,1,31,347,NaN,NaN
8,6,1,31,348,NaN,NaN
8,6,1,31,349,NaN,NaN
8,6,1,31,350,NaN,NaN
8,6,1,31,351,NaN,NaN
8,6,1,31,352,NaN,NaN
8,6,1,31,353,NaN,NaN
8,6,1,31,354,NaN,NaN
8,6,1,31,355,NaN,NaN
8,6,1,31,356,NaN,NaN
8,6,1,31,357,NaN,NaN
8,6,1,31,358,NaN,NaN
8,6,1,31,359,NaN,NaN
8,6,1,31,360,NaN,NaN
8,6,1,31,361,NaN,NaN
8,6,1,31,362,NaN,NaN
8,6,1,31,363,NaN,NaN
8,6,1,31,364,NaN,NaN
8,6,1,31,365,NaN,NaN
8,6,1,31,366,NaN,NaN
8,6,1,31,367,NaN,NaN
8,6,1,31,368,NaN,NaN
8,6,1,31,369,NaN,NaN
8,6,1,31,370,NaN,NaN
8,6,1,31,371,NaN,NaN
8,6,1,31,372,NaN,NaN
8,6,1,31,373,NaN,NaN
8,6,1,31,374,NaN,NaN
8,6,1,31,375,NaN,NaN
8,6,1,31,376,NaN,NaN
8,6,1,31,377,NaN,NaN
8,6,1,31,378,NaN,NaN
8,6,1,31,379,NaN,NaN
8,6,1,31,380,NaN,NaN
8,6,1,31,381,NaN,NaN
8,6,1,31,382,NaN,NaN
8,6,1,31,383,NaN,NaN
8,6,1,31,384,NaN,NaN
8,6,1,31,385,NaN,NaN
8,6,1,31,386,NaN,NaN
8,6,1,31,387,NaN,NaN
8,6,1,31,388,NaN,NaN
8,6,1,31,389,NaN,NaN
8,6,1,31,390,NaN,NaN
8,6,1,31,391,NaN,NaN
8,6,1,31,392,NaN,NaN
8,6,1,31,393,NaN,NaN
8,6,1,31,394,NaN,NaN
8,6,1,31,395,NaN,NaN
8,6,1,31,396,NaN,NaN
8,6,1,31,397,NaN,NaN
8,6,1,31,398,NaN,NaN
8,6,1,31,399,NaN,NaN
8,6,1,31,400,NaN,NaN
8,6,1,31,401,NaN,NaN
8,6,1,31,402,NaN,NaN
8,6,1,31,403,NaN,NaN
8,6,1,31,404,NaN,NaN
8,6,1,31,405,NaN,NaN
8,6,1,31,406,NaN,NaN
8,6,1,31,407,NaN,NaN
8,6,1,31,408,NaN,NaN
8,6,1,31,409,NaN,NaN
8,6,1,31,410,NaN,NaN
8,6,1,31,411,NaN,NaN
8,6,1,31,412,NaN,NaN
8,6,1,31,413,NaN,NaN
8,6,1,31,414,NaN,NaN
8,6,1,31,415,NaN,NaN
8,6,1,31,416,NaN,NaN
8,6,1,31,417,NaN,NaN
8,6,1,31,418,NaN,NaN
8,6,1,31,419,NaN,NaN
8,6,1,31,420,NaN,NaN
8,6,1,31,421,NaN,NaN
8,6,1,31,422,NaN,NaN
8,6,1,31,423,NaN,NaN
8,6,1,31,424,NaN,NaN
8,6,1,31,425,NaN,NaN
8,6,1,31,426,NaN,NaN
8,6,1,31,427,NaN,NaN
8,6,1,31,428,NaN,NaN
8,6,1,31,429,NaN,NaN
8,6,1,31,430,NaN,NaN
8,6,1,31,431,NaN,NaN
8,6,1,31,432,NaN,NaN
8,6,1,31,433,NaN,NaN
8,6,1,31,434,NaN,NaN
8,6,1,31,435,NaN,NaN
8,6,1,31,436,NaN,NaN
8,6,1,31,437,NaN,NaN
8,6,1,31,438,NaN,NaN
8,6,1,31,439,NaN,NaN
8,6,1,31,440,NaN,NaN
8,6,1,31,441,NaN,NaN
8,6,1,31,442,NaN,NaN
8,6,1,31,443,NaN,NaN
8,6,1,31,444,NaN,NaN
8,6,1,31,445,NaN,NaN
8,6,1,31,446,NaN,NaN
8,6,1,31,447,NaN,NaN
8,6,1,31,448,NaN,NaN
8,6,1,31,449,NaN,NaN
8,6,1,31,450,NaN,NaN
8,6,1,31,451,NaN,NaN
8,6,1,31,452,NaN,NaN
8,6,1,31,453,NaN,NaN
8,6,1,31,454,NaN,NaN
8,6,1,31,455,NaN,NaN
8,6,1,31,456,NaN,NaN
8,6,1,31,457,NaN,NaN
8,6,1,31,458,NaN,NaN
8,6,1,31,459,NaN,NaN
8,6,1,31,460,NaN,NaN
8,6,1,31,461,NaN,NaN
8,6,1,31,462,NaN,NaN
8,6,1,31,463,NaN,NaN
8,6,1,31,464,NaN,NaN
8,6,1,31,465,NaN,NaN
8,6,1,31,466,NaN,NaN
8,6,1,31,467,NaN,NaN
8,6,1,31,468,NaN,NaN
8,6,1,31,469,NaN,NaN
8,6,1,31,470,NaN,NaN
8,6,1,31,471,NaN,NaN
8,6,1,31,472,NaN,NaN
8,6,1,31,473,NaN,NaN
8,6,1,31,474,NaN,NaN
8,6,1,31,475,NaN,NaN
8,6,1,31,476,NaN,NaN
8,6,1,31,477,NaN,NaN
8,6,1,31,478,NaN,NaN
8,6,1,31,479,NaN,NaN
8,6,1,31,480,NaN,NaN
8,6,1,31,481,NaN,NaN
8,6,1,31,482,NaN,NaN
8,6,1,31,483,NaN,NaN
8,6,1,31,484,NaN,NaN
8,6,1,31,485,NaN,NaN
8,6,1,31,486,NaN,NaN
8,6,1,31,487,NaN,NaN
8,6,1,31,488,NaN,NaN
8,6,1,31,489,NaN,NaN
8,6,1,31,490,NaN,NaN
8,6,1,31,491,NaN,NaN
8,6,1,31,492,NaN,NaN
8,6,1,31,493,NaN,NaN
8,6,1,31,494,NaN,NaN
8,6,1,31,495,NaN,NaN
8,6,1,31,496,NaN,NaN
8,6,1,31,497,NaN,NaN
8,6,1,31,498,NaN,NaN
8,6,1,31,499,NaN,NaN
8,6,1,31,500,NaN,NaN
8,6,1,31,501,NaN,NaN
8,6,1,31,502,NaN,NaN
8,6,1,31,503,NaN,NaN
8,6,1,31,504,NaN,NaN
8,6,1,31,505,NaN,NaN
8,6,1,31,506,NaN,NaN
8,6,1,31,507,NaN,NaN
8,6,1,31,508,NaN,NaN
8,6,1,31,509,NaN,NaN
8,6,1,31,510,NaN,NaN
8,6,1,31,511,NaN,NaN
8,6,1,31,512,NaN,NaN
8,6,1,31,513,NaN,NaN
8,6,1,31,514,NaN,NaN
8,6,1,31,515,NaN,NaN
8,6,1,31,516,NaN,NaN
8,6,1,31,517,NaN,NaN
8,6,1,31,518,NaN,NaN
8,6,1,31,519,NaN,NaN
8,6,1,31,520,NaN,NaN
8,6,1,31,521,NaN,NaN
8,6,1,31,522,NaN,NaN
8,6,1,31,523,NaN,NaN
8,6,1,31,524,NaN,NaN
8,6,1,31,525,NaN,NaN
8,6,1,31,526,NaN,NaN
8,6,1,31,527,NaN,NaN
8,6,1,31,528,NaN,NaN
8,6,1,31,529,NaN,NaN
8,6,1,31,530,NaN,NaN
8,6,1,31,531,NaN,NaN
8,6,1,31,532,NaN,NaN
8,6,1,31,533,NaN,NaN
8,6,1,31,534,NaN,NaN
8,6,1,31,535,NaN,NaN
8,6,1,31,536,NaN,NaN
8,6,1,31,537,NaN,NaN
8,6,1,31,538,NaN,NaN
8,6,1,31,539,NaN,NaN
8,6,1,31,540,NaN,NaN
8,6,1,31,541,NaN,NaN
8,6,1,31,542,NaN,NaN
8,6,1,31,543,NaN,NaN
8,6,1,31,544,NaN,NaN
8,6,1,31,545,NaN,NaN
8,6,1,31,546,NaN,NaN
8,6,1,31,547,NaN,NaN
8,6,1,31,548,NaN,NaN
8,6,1,31,549,NaN,NaN
8,6,1,31,550,NaN,NaN
8,6,1,31,551,NaN,NaN
8,6,1,31,552,NaN,NaN
8,6,1,31,553,NaN,NaN
8,6,1,31,554,NaN,NaN
8,6,1,31,555,NaN,NaN
8,6,1,31,556,NaN,NaN
8,6,1,31,557,NaN,NaN
8,6,1,31,558,NaN,NaN
8,6,1,31,559,NaN,NaN
8,6,1,31,560,NaN,NaN
8,6,1,31,561,NaN,NaN
8,6,1,31,562,NaN,NaN
8,6,1,31,563,NaN,NaN
8,6,1,31,564,NaN,NaN
8,6,1,31,565,NaN,NaN
8,6,1,31,566,NaN,NaN
8,6,1,31,567,NaN,NaN
8,6,1,31,568,NaN,NaN
8,6,1,31,569,NaN,NaN
8,6,1,31,570,NaN,NaN
8,6,1,31,571,NaN,NaN
8,6,1,31,572,NaN,NaN
8,6,1,31,573,NaN,NaN
8,6,1,31,574,NaN,NaN
8,6,1,31,575,NaN,NaN
8,6,1,31,576,NaN,NaN
8,6,1,31,577,NaN,NaN
8,6,1,31,578,NaN,NaN
8,6,1,31,579,NaN,NaN
8,6,1,31,580,NaN,NaN
8,6,1,31,581,NaN,NaN
8,6,1,31,582,NaN,NaN
8,6,1,31,583,NaN,NaN
8,6,1,31,584,NaN,NaN
8,6,1,31,585,NaN,NaN
8,6,1,31,586,NaN,NaN
8,6,1,31,587,NaN,NaN
8,6,1,31,588,NaN,NaN
8,6,1,31,589,NaN,NaN
8,6,1,31,590,NaN,NaN
8,6,1,31,591,NaN,NaN
8,6,1,31,592,NaN,NaN
8,6,1,31,593,NaN,NaN
8,6,1,31,594,NaN,NaN
8,6,1,31,595,NaN,NaN
8,6,1,31,596,NaN,NaN
8,6,1,31,597,NaN,NaN
8,6,1,31,598,NaN,NaN
8,6,1,31,599,NaN,NaN
8,6,1,42,0,0,0
8,6,1,42,1,0,0
8,6,1,42,2,-3.6831067484754954e-05,-4.627099892962061e-05
8,6,1,42,3,-0.00011504740257683999,-0.0001332978306289867
8,6,1,42,4,-0.0002391677002056003,-0.00025562454371019783
8,6,1,42,5,-0.00041367402383585272,-0.0004078520192130064
8,6,1,42,6,-0.0006430107166444099,-0.00058463581569800915
8,6,1,42,7,-0.00093158334966703116,-0.000780684225221151
8,6,1,42,8,-0.0012837577057334126,-0.00099075652468527675
8,6,1,42,9,-0.001703858798729474,-0.0012096614082357515
8,6,1,42,10,-0.0021961699271766388,-0.0014322555869389353
8,6,1,42,11,-0.0027649317616618152,-0.0016534425434394651
8,6,1,42,12,-0.0034143414651965909,-0.0018681714294754848
8,6,1,42,13,-0.0041485518462280879,-0.0020714360957629907
8,6,1,42,14,-0.0049716691832901727,-0.002258274693844875
8,6,1,42,15,-0.0058877500008047701,-0.0024237699108309307
8,6,1,42,16,-0.0069008002368753374,-0.002563048652939881
8,6,1,42,17,-0.0080147744960679113,-0.002671281808280801
8,6,1,42,18,-0.0092335753441252777,-0.002743684092865184
8,6,1,42,19,-0.010561052643220936,-0.0027755139728774525
8,6,1,42,20,-0.012001002926015358,-0.0027620736558958692
8,6,1,42,21,-0.013557168807382114,-0.0026987091449576228
8,6,1,42,22,-0.015233238432177387,-0.002580810349328555
8,6,1,42,23,-0.017032844957975968,-0.002403811246512455
8,6,1,42,24,-0.018959566071463652,-0.002163190090373468
8,6,1,42,25,-0.021016923537375831,-0.001854469660531044
8,6,1,42,26,-0.023208382778866499,-0.0014732175487530697
8,6,1,42,27,-0.025537352488175236,-0.0010150464779923318
8,6,1,42,28,-0.028007184266709562,-0.00047561465048306939
8,6,1,42,29,-0.030621172293532339,0.00014937387879110364
8,6,1,42,30,-0.033382553021110706,0.00086416880651085659
8,6,1,42,31,-0.036294504897926849,0.0016729731662085134
8,6,1,42,32,-0.039360148116407423,0.002579942897390497
8,6,1,42,33,-0.042582544385955101,0.0035891864008680274
8,6,1,42,34,-0.045964696729861032,0.0047047640828828952
8,6,1,42,35,-0.049509549305576384,0.0059306878902015692
8,6,1,42,36,-0.053219987247282718,0.0072709208384202917
8,6,1,42,37,-0.05709883653036707,0.0087293765351326158
8,6,1,42,38,-0.061148863856869129,0.010309918699885623
8,6,1,42,39,-0.065372776561151147,0.012016360682623461
8,6,1,42,40,-0.069773222535340906,0.013852464981964352
8,6,1,42,41,-0.074352790173631833,0.015821942764801533
8,6,1,42,42,-0.079114008334923991,0.017928453388513232
8,6,1,42,43,-0.084059346323206441,0.02017560392687523
8,6,1,42,44,-0.089191213884876053,0.022566948700966649
8,6,1,42,45,-0.094511961222620844,0.025105988815674052
8,6,1,42,46,-0.10002387902507959,0.02779617170320936
8,6,1,42,47,-0.1057291985118114,0.030640890674038523
8,6,1,42,48,-0.1116300914929591,0.033643484476203467
8,6,1,42,49,-0.1177286704430236,0.036807236863733994
8,6,1,42,50,-0.124026988588255,0.040135376174679771
8,6,1,42,51,-0.13052704000713899,0.043631074919403545
8,6,1,42,52,-0.1372307597433009,0.047297449379649081
8,6,1,42,53,-0.14414002393053904,0.051137559218850104
8,6,1,42,54,-0.15125664992930998,0.055154407104096581
8,6,1,42,55,-0.15858239647422723,0.059350938340130277
8,6,1,42,56,-0.1661189638320848,0.063730040515710962
8,6,1,42,57,-0.17386799396998942,0.068294543162691901
8,6,1,42,58,-0.181831070732974,0.073047217427996136
8,6,1,42,59,-0.19000972003087591,0.077990775758760011
8,6,1,42,60,-0.19840541003380285,0.083127871600896519
8,6,1,42,61,-0.20701955137591432,0.088461099111150632
8,6,1,42,62,-0.21585349736703563,0.09399299288289642
8,6,1,42,63,-0.22490854421164941,0.099726027685703711
8,6,1,42,64,-0.23418593123494813,0.10566261821884637
8,6,1,42,65,-0.24368684111557015,0.11180511887880218
8,6,1,42,66,-0.25341240012443089,0.11815582354082754
8,6,1,42,67,-0.26336367836958807,0.12471696535456822
8,6,1,42,68,-0.27354169004653595,0.1314907165539142
8,6,1,42,69,-0.28394739369372868,0.13847918828082395
8,6,1,42,70,-0.29458169245286103,0.1456844304235011
8,6,1,42,71,-0.30544543433375648,0.15310843146844888
8,6,1,42,72,-0.31653941248335205,0.16075311836687423
8,6,1,42,73,-0.32786436545864106,0.16862035641490303
8,6,1,42,74,-0.33942097750322975,0.17671194914799238
8,6,1,42,75,-0.3512098788270801,0.18502963824928165
8,6,1,42,76,-0.36323164588952794,0.19357510347170204
8,6,1,42,77,-0.37548680168487669,0.20234996257406379
8,6,1,42,78,-0.38797581603070563,0.21135577127080751
8,6,1,42,79,-0.40069910585840418,0.22059402319552501
8,6,1,42,80,-0.41365703550584887,0.23006614987790275
8,6,1,42,81,-0.42684991701196773,0.23977352073432656
8,6,1,42,82,-0.44027801041296999,0.24971744307176191
8,6,1,42,83,-0.45394152404019672,0.25989916210495123
8,6,1,42,84,-0.46784061481916495,0.27031986098689231
8,6,1,42,85,-0.48197538856992184,0.28098066085233131
8,6,1,42,86,-0.49634590030837034,0.29188262087422034
8,6,1,42,87,-0.51095215454854404,0.30302673833315918
8,6,1,42,88,-0.5257941056056592,0.31441394869951567
8,6,1,42,89,-0.54087165789982738,0.32604512572823319
8,6,1,42,90,-0.5561846662603509,0.3379210815662087
8,6,1,42,91,-0.57173293623052901,0.3500425668721413
8,6,1,42,92,-0.58751622437292483,0.36241027094860712
8,6,1,42,93,-0.60353423857489319,0.37502482188645214
8,6,1,42,94,-0.61978663835456915,0.38788678672126709
8,6,1,42,95,-0.6362730351669843,0.40099667160187202
8,6,1,42,96,-0.65299299271058264,0.41435492197059998
8,6,1,42,97,-0.66994602723388086,0.427961922755557
8,6,1,42,98,-0.68713160784242833,0.44181799857434256
8,6,1,42,99,-0.70454915680599473,0.45592341394947444
8,6,1,42,100,-0.72219804986604075,0.47027837353521007
8,6,1,42,101,-0.74007761654352189,0.48488302235578373
8,6,1,42,102,-0.75818714044698643,0.4997374460548043
8,6,1,42,103,-0.77652585958114528,0.51484167115591062
8,6,1,42,104,-0.79509296665585816,0.53019566533439588
8,6,1,42,105,-0.81388760939570259,0.54579933769979272
8,6,1,42,106,-0.83290889085016473,0.56165253908935786
8,6,1,42,107,-0.85215586970449064,0.5777550623722677
8,6,1,42,108,-0.87162756059151469,0.59410664276441094
8,6,1,42,109,-0.89132293440420396,0.61070695815393372
8,6,1,42,110,-0.91124091860944056,0.62755562943704046
8,6,1,42,111,-0.93138039756294755,0.64465222086425578
8,6,1,42,112,-0.95174021282548038,0.66199624039697536
8,6,1,42,113,-0.97231916348048397,0.67958714007424204
8,6,1,42,114,-0.99311600645347609,0.69742431638953606
8,6,1,42,115,-1.0141294568330739,0.71550711067762673
8,6,1,42,116,-1.0353581881940133,0.73383480951133839
8,6,1,42,117,-1.0568008329223,0.75240664510814736
8,6,1,42,118,-1.0784559825425921,0.77122179574655725
8,6,1,42,119,-1.1003221880480973,0.79027938619205818
8,6,1,42,120,-1.1223979602331235,0.80957848813268118
8,6,1,42,121,-1.1446817700283718,0.82911812062411994
8,6,1,42,122,-1.1671720488394211,0.84889725054413667
8,6,1,42,123,-1.189867188888355,0.86891479305626906
8,6,1,42,124,-1.2127655435587859,0.88916961208290735
8,6,1,42,125,-1.2358654277446202,0.90966052078727266
8,6,1,42,126,-1.2591651182025987,0.93038628206463525
8,6,1,42,127,-1.2826628539088836,0.9513456090423783
8,6,1,42,128,-1.3063568364199363,0.9725371655889492
8,6,1,42,129,-1.3302452302378254,0.99395956683155096
8,6,1,42,130,-1.3543261631802306,1.0156113796825545
8,6,1,42,131,-1.3785977267553096,1.0374911233744872
8,6,1,42,132,-1.4030579765416551,1.0595972700034566
8,6,1,42,133,-1.4277049325735869,1.0819282450809791
8,6,1,42,134,-1.4525365797318668,1.1044824280941583
8,6,1,42,135,-1.477550868140165,1.1272581530739041
8,6,1,42,136,-1.502745713567416,1.1502537091714644
8,6,1,42,137,-1.528118997836253,1.173467341242715
8,6,1,42,138,-1.5536685692376984,1.1968972504404625
8,6,1,42,139,-1.5793922429524376,1.2205415948144227
8,6,1,42,140,-1.6052878014786054,1.244398489918916
8,6,1,42,141,-1.6313529950664762,1.2684660094281126
8,6,1,42,142,-1.6575855421601615,1.2927421857586525
8,6,1,42,143,-1.6839831298464614,1.3172250106995658
8,6,1,42,144,-1.7105434143110443,1.3419124360494168
8,6,1,42,145,-1.7372640213020929,1.3668023742605395
8,6,1,42,146,-1.7641425466015992,1.3918926990900831
8,6,1,42,147,-1.7911765565044258,1.417181246258012
8,6,1,42,148,-1.8183635883052274,1.4426658141115962
8,6,1,42,149,-1.8457011507934107,1.468344164296667
8,6,1,42,150,-1.873186724756204,1.4942140224350449
8,6,1,42,151,-1.9008177634899537,1.5202730788083736
8,6,1,42,152,-1.9285916933197644,1.5465189890479265
8,6,1,42,153,-1.9565059141275154,1.5729493748304928
8,6,1,42,154,-1.9845577998883368,1.5995618245800229
8,6,1,42,155,-2.0127446992156739,1.6263538941749089
8,6,1,42,156,-2.0410639359148885,1.6533231076607924
8,6,1,42,157,-2.0695128095454987,1.6804669579686404
8,6,1,42,158,-2.0980885959921536,1.7077829076380584
8,6,1,42,159,-2.1267885480441451,1.7352683895455578
8,6,1,42,160,-2.1556098959837233,1.7629208076376606
8,6,1,42,161,-2.184549848183015,1.7907375376687211
8,6,1,42,162,-2.2136055917096553,1.8187159279430543
8,6,1,42,163,-2.2427742929410135,1.8468533000615546
8,6,1,42,164,-2.2720530981869933,1.8751469496723212
8,6,1,42,165,-2.3014391343214147,1.9035941472252267
8,6,1,42,166,-2.3309295094218196,1.9321921387301848
8,6,1,42,167,-2.3605213134176797,1.9609381465190561
8,6,1,42,168,-2.3902116187468794,1.9898293700108178
8,6,1,42,169,-2.4199974810204248,2.0188629864799132
8,6,1,42,170,-2.4498759396951728,2.0480361518275454
8,6,1,42,171,-2.4798440187545898,2.0773460013557092
8,6,1,42,172,-2.5098987273971529,2.1067896505438193
8,6,1,42,173,-2.5400370607325917,2.1363641958276087
8,6,1,42,174,-2.5702560004854269,2.166066715380166
8,6,1,42,175,-2.6005525157059672,2.1958942698948851
8,6,1,42,176,-2.6309235634882522,2.2258439033701589
8,6,1,42,177,-2.6613660896950164,2.2559126438955106
8,6,1,42,178,-2.6918770296893326,2.2860975044389358
8,6,1,42,179,-2.7224533090726144,2.3163954836354388
8,6,1,42,180,-2.7530918444289787,2.3468035665762219
8,6,1,42,181,-2.7837895440754492,2.377318725598601
8,6,1,42,182,-2.8145433088179961,2.4079379210762197
8,6,1,42,183,-2.84535003271289,2.4386581022094873
8,6,1,42,184,-2.8762066038333254,2.4694762078158599
8,6,1,42,185,-2.9071099050408113,2.500389167119879
8,6,1,42,186,-2.9380568147612305,2.5313939005426582
8,6,1,42,187,-2.9690442077650427,2.5624873204905807
8,6,1,42,188,-3.0000689559514959,2.5936663321431048
8,6,1,42,189,-3.0311279291364182,2.6249278342392297
8,6,1,42,190,-3.0622179958432527,2.6562687198625783
8,6,1,42,191,-3.0933360240970376,2.687685877224852
8,6,1,42,192,-3.1244788822209379,2.719176190447234
8,6,1,42,193,-3.155643439635003,2.7507365403398043
8,6,1,42,194,-3.1868265676566865,2.7823638051785142
8,6,1,42,195,-3.2180251403029714,2.8140548614795731
8,6,1,42,196,-3.2492360350933835,2.8458065847710268
8,6,1,42,197,-3.2804561338538649,2.8776158503612508
8,6,1,42,198,-3.3116823235208983,2.9094795341041895
8,6,1,42,199,-3.3429114969454723,2.9413945131611636
8,6,1,42,200,-3.3741405536966473,2.9733576667587442
8,6,1,42,201,-3.4053664008641791,3.0053658769429474
8,6,1,42,202,-3.4365859538598609,3.0374160293290013
8,6,1,42,203,-3.4677961372170882,3.0695050138469488
8,6,1,42,204,-3.4989938853884297,3.1016297254823604
8,6,1,42,205,-3.5301761435404702,3.133787065012561
8,6,1,42,206,-3.5613398683458977,3.1659739397374902
8,6,1,42,207,-3.5924820287720429,3.1981872642055098
8,6,1,42,208,-3.6235996068657572,3.2304239609336429
8,6,1,42,209,-3.6546895985340164,3.262680961122197
8,6,1,42,210,-3.6857490143198834,3.2949552053634394
8,6,1,42,211,-3.7167748801735123,3.3272436443442492
8,6,1,42,212,-3.7477642382176271,3.3595432395424147
8,6,1,42,213,-3.7787141475071175,3.3918509639165122
8,6,1,42,214,-3.8096216847824662,3.4241638025890531
8,6,1,42,215,-3.8404839452163553,3.4564787535227652
8,6,1,42,216,-3.871298043153315,3.4887928281897684
8,6,1,42,217,-3.9020611128417535,3.5211030522336264
8,6,1,42,218,-3.9327703091582067,3.5534064661238181
8,6,1,42,219,-3.9634228083232745,3.5857001258026351
8,6,1,42,220,-3.9940158086088697,3.6179811033243552
8,6,1,42,221,-4.0245465310365045,3.6502464874863305
8,6,1,42,222,-4.0550122200660068,3.6824933844520542
8,6,1,42,223,-4.0854101442746256,3.7147189183658531
8,6,1,42,224,-4.1157375970258814,3.7469202319590806
8,6,1,42,225,-4.1459918971278764,3.7790944871478578
8,6,1,42,226,-4.1761703894808768,3.8112388656217826
8,6,1,42,227,-4.2062704457135558,3.8433505694239285
8,6,1,42,228,-4.2362894648078075,3.875426821521641
8,6,1,42,229,-4.2662248737116553,3.9074648663681573
8,6,1,42,230,-4.2960741279399919,3.9394619704548521
8,6,1,42,231,-4.3258347121628677,3.9714154228540215
8,6,1,42,232,-4.3555041407809467,4.00332253575196
8,6,1,42,233,-4.3850799584879692,4.035180644972403
8,6,1,42,234,-4.4145597408197679,4.0669871104900306
8,6,1,42,235,-4.4439410946897961,4.0987393169338828
8,6,1,42,236,-4.47322165891062,4.1304346740809104
8,6,1,42,237,-4.5023991047014711,4.1620706173390447
8,6,1,42,238,-4.5314711361812146,4.1936446082201648
8,6,1,42,239,-4.5604354908469364,4.225154134802481
8,6,1,42,240,-4.5892899400375722,4.2565967121825059
8,6,1,42,241,-4.6180322893825787,4.2879698829164035
8,6,1,42,242,-4.6466603792353958,4.3192712174505905
8,6,1,42,243,-4.675172085091428,4.3504983145416372
8,6,1,42,244,-4.7035653179906323,4.3816488016652082
8,6,1,42,245,-4.7318380249041336,4.4127203354142415
8,6,1,42,246,-4.7599881891051634,4.4437106018859858
8,6,1,42,247,-4.7880138305239015,4.4746173170580024
8,6,1,42,248,-4.8159130060860642,4.5054382271531637
8,6,1,42,249,-4.8436838100354542,4.536171108993317
8,6,1,42,250,-4.8713243742398937,4.5668137703418514
8,6,1,42,251,-4.8988328684809126,4.5973640502349085
8,6,1,42,252,-4.9262075007267097,4.6278198193014015
8,6,1,42,253,-4.9534465173886382,4.6581789800715949
8,6,1,42,254,-4.9805482035609643,4.6884394672742609
8,6,1,42,255,-5.0075108832439046,4.7185992481226542
8,6,1,42,256,-5.0343329195499606,4.7486563225888094
8,6,1,42,257,-5.0610127148934207,4.7786087236665278
8,6,1,42,258,-5.0875487111631372,4.8084545176229563
8,6,1,42,259,-5.1139393898784524,4.8381918042386038
8,6,1,42,260,-5.1401832723284633,4.8678187170359015
8,6,1,42,261,-5.1662789196944061,4.8973334234964332
8,6,1,42,262,-5.1922249331554209,4.9267341252664663
8,6,1,42,263,-5.2180199539775876,4.9560190583513046
8,6,1,42,264,-5.2436626635863686,4.9851864932980465
8,6,1,42,265,-5.269151783622517,5.014234735366899
8,6,1,42,266,-5.2944860759814585,5.0431621246912108
8,6,1,42,267,-5.3196643428363055,5.071967036426142
8,6,1,42,268,-5.3446854517865567,5.1006478808007598
8,6,1,42,269,-5.3695483142939535,5.1292031033339427
8,6,1,42,270,-5.394251882275924,5.1576311849560215
8,6,1,42,271,-5.4187951480445253,5.185930642104422
8,6,1,42,272,-5.4431771442293497,5.2141000268083078
8,6,1,42,273,-5.4673969436847329,5.2421379267621218
8,6,1,42,274,-5.4914536593813565,5.2700429653884298
8,6,1,42,275,-5.5153464442822875,5.2978138018899976
8,6,1,42,276,-5.539074491203916,5.3254491312909238
8,6,1,42,277,-5.5626370326616827,5.3529476844673045
8,6,1,42,278,-5.5860333407009852,5.3803082281672268
8,6,1,42,279,-5.6092627267134318,5.4075295650202388
8,6,1,42,280,-5.6323245412386367,5.434610533536369
8,6,1,42,281,-5.6552181737516696,5.4615500080949371
8,6,1,42,282,-5.6779430524366621,5.4883468989228881
8,6,1,42,283,-5.7004986439465384,5.5150001520631626
8,6,1,42,284,-5.7228844531491463,5.5415087493328716
8,6,1,42,285,-5.7451000228602496,5.5678717082715794
8,6,1,42,286,-5.7671449335633396,5.5940880820796259
8,6,1,42,287,-5.7890188031167522,5.6201569595467991
8,6,1,42,288,-5.8107212864481674,5.646077464971297
8,6,1,42,289,-5.8322520752369931,5.6718487580691059
8,6,1,42,290,-5.8536108975846268,5.697470033874005
8,6,1,42,291,-5.8747975176731027,5.7229405226282921
8,6,1,42,292,-5.8958117354122876,5.7482594896641839
8,6,1,42,293,-5.9166533860759376,5.7734262352763883
8,6,1,42,294,-5.9373223399269035,5.7984400945854304
8,6,1,42,295,-5.9578185018318521,5.8233004373923567
8,6,1,42,296,-5.9781418108656004,5.8480066680248104
8,6,1,42,297,-5.9982922399056449,5.8725582251743482
8,6,1,42,298,-6.0182697952169182,5.8969545817255193
8,6,1,42,299,-6.0380745160272582,5.9211952445766016
8,6,1,42,300,-6.057706474093882,5.9452797544521454
8,6,1,42,301,-6.0771657732609894,5.9692076857076417
8,6,1,42,302,NaN,NaN
8,6,1,42,303,NaN,NaN
8,6,1,42,304,NaN,NaN
8,6,1,42,305,NaN,NaN
8,6,1,42,306,NaN,NaN
8,6,1,42,307,NaN,NaN
8,6,1,42,308,NaN,NaN
8,6,1,42,309,NaN,NaN
8,6,1,42,310,NaN,NaN
8,6,1,42,311,NaN,NaN
8,6,1,42,312,NaN,NaN
8,6,1,42,313,NaN,NaN
8,6,1,42,314,NaN,NaN
8,6,1,42,315,NaN,NaN
8,6,1,42,316,NaN,NaN
8,6,1,42,317,NaN,NaN
8,6,1,42,318,NaN,NaN
8,6,1,42,319,NaN,NaN
8,6,1,42,320,NaN,NaN
8,6,1,42,321,NaN,NaN
8,6,1,42,322,NaN,NaN
8,6,1,42,323,NaN,NaN
8,6,1,42,324,NaN,NaN
8,6,1,42,325,NaN,NaN
8,6,1,42,326,NaN,NaN
8,6,1,42,327,NaN,NaN
8,6,1,42,328,NaN,NaN
8,6,1,42,329,NaN,NaN
8,6,1,42,330,NaN,NaN
8,6,1,42,331,NaN,NaN
8,6,1,42,332,NaN,NaN
8,6,1,42,333,NaN,NaN
8,6,1,42,334,NaN,NaN
8,6,1,42,335,NaN,NaN
8,6,1,42,336,NaN,NaN
8,6,1,42,337,NaN,NaN
8,6,1,42,338,NaN,NaN
8,6,1,42,339,NaN,NaN
8,6,1,42,340,NaN,NaN
8,6,1,42,341,NaN,NaN
8,6,1,42,342,NaN,NaN
8,6,1,42,343,NaN,NaN
8,6,1,42,344,NaN,NaN
8,6,1,42,345,NaN,NaN
8,6,1,42,346,NaN,NaN
8,6,1,42,347,NaN,NaN
8,6,1,42,348,NaN,NaN
8,6,1,42,349,NaN,NaN
8,6,1,42,350,NaN,NaN
8,6,1,42,351,NaN,NaN
8,6,1,42,352,NaN,NaN
8,6,1,42,353,NaN,NaN
8,6,1,42,354,NaN,NaN
8,6,1,42,355,NaN,NaN
8,6,1,42,356,NaN,NaN
8,6,1,42,357,NaN,NaN
8,6,1,42,358,NaN,NaN
8,6,1,42,359,NaN,NaN
8,6,1,42,360,NaN,NaN
8,6,1,42,361,NaN,NaN
8,6,1,42,362,NaN,NaN
8,6,1,42,363,NaN,NaN
8,6,1,42,364,NaN,NaN
8,6,1,42,365,NaN,NaN
8,6,1,42,366,NaN,NaN
8,6,1,42,367,NaN,NaN
8,6,1,42,368,NaN,NaN
8,6,1,42,369,NaN,NaN
8,6,1,42,370,NaN,NaN
8,6,1,42,371,NaN,NaN
8,6,1,42,372,NaN,NaN
8,6,1,42,373,NaN,NaN
8,6,1,42,374,NaN,NaN
8,6,1,42,375,NaN,NaN
8,6,1,42,376,NaN,NaN
8,6,1,42,377,NaN,NaN
8,6,1,42,378,NaN,NaN
8,6,1,42,379,NaN,NaN
8,6,1,42,380,NaN,NaN
8,6,1,42,381,NaN,NaN
8,6,1,42,382,NaN,NaN
8,6,1,42,383,NaN,NaN
8,6,1,42,384,NaN,NaN
8,6,1,42,385,NaN,NaN
8,6,1,42,386,NaN,NaN
8,6,1,42,387,NaN,NaN
8,6,1,42,388,NaN,NaN
8,6,1,42,389,NaN,NaN
8,6,1,42,390,NaN,NaN
8,6,1,42,391,NaN,NaN
8,6,1,42,392,NaN,NaN
8,6,1,42,393,NaN,NaN
8,6,1,42,394,NaN,NaN
8,6,1,42,395,NaN,NaN
8,6,1,42,396,NaN,NaN
8,6,1,42,397,NaN,NaN
8,6,1,42,398,NaN,NaN
8,6,1,42,399,NaN,NaN
8,6,1,42,400,NaN,NaN
8,6,1,42,401,NaN,NaN
8,6,1,42,402,NaN,NaN
8,6,1,42,403,NaN,NaN
8,6,1,42,404,NaN,NaN
8,6,1,42,405,NaN,NaN
8,6,1,42,406,NaN,NaN
8,6,1,42,407,NaN,NaN
8,6,1,42,408,NaN,NaN
8,6,1,42,409,NaN,NaN
8,6,1,42,410,NaN,NaN
8,6,1,42,411,NaN,NaN
8,6,1,42,412,NaN,NaN
8,6,1,42,413,NaN,NaN
8,6,1,42,414,NaN,NaN
8,6,1,42,415,NaN,NaN
8,6,1,42,416,NaN,NaN
8,6,1,42,417,NaN,NaN
8,6,1,42,418,NaN,NaN
8,6,1,42,419,NaN,NaN
8,6,1,42,420,NaN,NaN
8,6,1,42,421,NaN,NaN
8,6,1,42,422,NaN,NaN
8,6,1,42,423,NaN,NaN
8,6,1,42,424,NaN,NaN
8,6,1,42,425,NaN,NaN
8,6,1,42,426,NaN,NaN
8,6,1,42,427,NaN,NaN
8,6,1,42,428,NaN,NaN
8,6,1,42,429,NaN,NaN
8,6,1,42,430,NaN,NaN
8,6,1,42,431,NaN,NaN
8,6,1,42,432,NaN,NaN
8,6,1,42,433,NaN,NaN
8,6,1,42,434,NaN,NaN
8,6,1,42,435,NaN,NaN
8,6,1,42,436,NaN,NaN
8,6,1,42,437,NaN,NaN
8,6,1,42,438,NaN,NaN
8,6,1,42,439,NaN,NaN
8,6,1,42,440,NaN,NaN
8,6,1,42,441,NaN,NaN
8,6,1,42,442,NaN,NaN
8,6,1,42,443,NaN,NaN
8,6,1,42,444,NaN,NaN
8,6,1,42,445,NaN,NaN
8,6,1,42,446,NaN,NaN
8,6,1,42,447,NaN,NaN
8,6,1,42,448,NaN,NaN
8,6,1,42,449,NaN,NaN
8,6,1,42,450,NaN,NaN
8,6,1,42,451,NaN,NaN
8,6,1,42,452,NaN,NaN
8,6,1,42,453,NaN,NaN
8,6,1,42,454,NaN,NaN
8,6,1,42,455,NaN,NaN
8,6,1,42,456,NaN,NaN
8,6,1,42,457,NaN,NaN
8,6,1,42,458,NaN,NaN
8,6,1,42,459,NaN,NaN
8,6,1,42,460,NaN,NaN
8,6,1,42,461,NaN,NaN
8,6,1,42,462,NaN,NaN
8,6,1,42,463,NaN,NaN
8,6,1,42,464,NaN,NaN
8,6,1,42,465,NaN,NaN
8,6,1,42,466,NaN,NaN
8,6,1,42,467,NaN,NaN
8,6,1,42,468,NaN,NaN
8,6,1,42,469,NaN,NaN
8,6,1,42,470,NaN,NaN
8,6,1,42,471,NaN,NaN
8,6,1,42,472,NaN,NaN
8,6,1,42,473,NaN,NaN
8,6,1,42,474,NaN,NaN
8,6,1,42,475,NaN,NaN
8,6,1,42,476,NaN,NaN
8,6,1,42,477,NaN,NaN
8,6,1,42,478,NaN,NaN
8,6,1,42,479,NaN,NaN
8,6,1,42,480,NaN,NaN
8,6,1,42,481,NaN,NaN
8,6,1,42,482,NaN,NaN
8,6,1,42,483,NaN,NaN
8,6,1,42,484,NaN,NaN
8,6,1,42,485,NaN,NaN
8,6,1,42,486,NaN,NaN
8,6,1,42,487,NaN,NaN
8,6,1,42,488,NaN,NaN
8,6,1,42,489,NaN,NaN
8,6,1,42,490,NaN,NaN
8,6,1,42,491,NaN,NaN
8,6,1,42,492,NaN,NaN
8,6,1,42,493,NaN,NaN
8,6,1,42,494,NaN,NaN
8,6,1,42,495,NaN,NaN
8,6,1,42,496,NaN,NaN
8,6,1,42,497,NaN,NaN
8,6,1,42,498,NaN,NaN
8,6,1,42,499,NaN,NaN
8,6,1,42,500,NaN,NaN
8,6,1,42,501,NaN,NaN
8,6,1,42,502,NaN,NaN
8,6,1,42,503,NaN,NaN
8,6,1,42,504,NaN,NaN
8,6,1,42,505,NaN,NaN
8,6,1,42,506,NaN,NaN
8,6,1,42,507,NaN,NaN
8,6,1,42,508,NaN,NaN
8,6,1,42,509,NaN,NaN
8,6,1,42,510,NaN,NaN
8,6,1,42,511,NaN,NaN
8,6,1,42,512,NaN,NaN
8,6,1,42,513,NaN,NaN
8,6,1,42,514,NaN,NaN
8,6,1,42,515,NaN,NaN
8,6,1,42,516,NaN,NaN
8,6,1,42,517,NaN,NaN
8,6,1,42,518,NaN,NaN
8,6,1,42,519,NaN,NaN
8,6,1,42,520,NaN,NaN
8,6,1,42,521,NaN,NaN
8,6,1,42,522,NaN,NaN
8,6,1,42,523,NaN,NaN
8,6,1,42,524,NaN,NaN
8,6,1,42,525,NaN,NaN
8,6,1,42,526,NaN,NaN
8,6,1,42,527,NaN,NaN
8,6,1,42,528,NaN,NaN
8,6,1,42,529,NaN,NaN
8,6,1,42,530,NaN,NaN
8,6,1,42,531,NaN,NaN
8,6,1,42,532,NaN,NaN
8,6,1,42,533,NaN,NaN
8,6,1,42,534,NaN,NaN
8,6,1,42,535,NaN,NaN
8,6,1,42,536,NaN,NaN
8,6,1,42,537,NaN,NaN
8,6,1,42,538,NaN,NaN
8,6,1,42,539,NaN,NaN
8,6,1,42,540,NaN,NaN
8,6,1,42,541,NaN,NaN
8,6,1,42,542,NaN,NaN
8,6,1,42,543,NaN,NaN
8,6,1,42,544,NaN,NaN
8,6,1,42,545,NaN,NaN
8,6,1,42,546,NaN,NaN
8,6,1,42,547,NaN,NaN
8,6,1,42,548,NaN,NaN
8,6,1,42,549,NaN,NaN
8,6,1,42,550,NaN,NaN
8,6,1,42,551,NaN,NaN
8,6,1,42,552,NaN,NaN
8,6,1,42,553,NaN,NaN
8,6,1,42,554,NaN,NaN
8,6,1,42,555,NaN,NaN
8,6,1,42,556,NaN,NaN
8,6,1,42,557,NaN,NaN
8,6,1,42,558,NaN,NaN
8,6,1,42,559,NaN,NaN
8,6,1,42,560,NaN,NaN
8,6,1,42,561,NaN,NaN
8,6,1,42,562,NaN,NaN
8,6,1,42,563,NaN,NaN
8,6,1,42,564,NaN,NaN
8,6,1,42,565,NaN,NaN
8,6,1,42,566,NaN,NaN
8,6,1,42,567,NaN,NaN
8,6,1,42,568,NaN,NaN
8,6,1,42,569,NaN,NaN
8,6,1,42,570,NaN,NaN
8,6,1,42,571,NaN,NaN
8,6,1,42,572,NaN,NaN
8,6,1,42,573,NaN,NaN
8,6,1,42,574,NaN,NaN
8,6,1,42,575,NaN,NaN
8,6,1,42,576,NaN,NaN
8,6,1,42,577,NaN,NaN
8,6,1,42,578,NaN,NaN
8,6,1,42,579,NaN,NaN
8,6,1,42,580,NaN,NaN
8,6,1,42,581,NaN,NaN
8,6,1,42,582,NaN,NaN
8,6,1,42,583,NaN,NaN
8,6,1,42,584,NaN,NaN
8,6,1,42,585,NaN,NaN
8,6,1,42,586,NaN,NaN
8,6,1,42,587,NaN,NaN
8,6,1,42,588,NaN,NaN
8,6,1,42,589,NaN,NaN
8,6,1,42,590,NaN,NaN
8,6,1,42,591,NaN,NaN
8,6,1,42,592,NaN,NaN
8,6,1,42,593,NaN,NaN
8,6,1,42,594,NaN,NaN
8,6,1,42,595,NaN,NaN
8,6,1,42,596,NaN,NaN
8,6,1,42,597,NaN,NaN
8,6,1,42,598,NaN,NaN
8,6,1,42,599,NaN,NaN
8,6,1,14,0,0,0
8,6,1,14,1,0,0
8,6,1,14,2,-8.7274524163127865e-06,-1.7412587707821281e-05
8,6,1,14,3,-2.9748279994912252e-05,-4.6368807746222096e-05
8,6,1,14,4,-6.6608712051552388e-05,-8.1074096436317689e-05
8,6,1,14,5,-0.00012283398267975976,-0.00011580595844218333
8,6,1,14,6,-0.00020192709618838123,-0.00014491187922960336
8,6,1,14,7,-0.00030736765610495098,-0.00016280745539776209
8,6,1,14,8,-0.00044261075435869657,-0.00016397472608065122
8,6,1,14,9,-0.00061108591746794616,-0.00014296068966690445
8,6,1,14,10,-0.00081619610692862388,-9.4375991663286918e-05
8,6,1,14,11,-0.0010613167708617421,-1.2893769832378332e-05
8,6,1,14,12,-0.0013497949444829516,0.0001067513556357591
8,6,1,14,13,-0.0016849483968517376,0.00026976415878898763
8,6,1,14,14,-0.0020700648219351692,0.00048128956185722327
8,6,1,14,15,-0.002508401071454891,0.00074641327705848859
8,6,1,14,16,-0.003003182427963047,0.0010701623450792841
8,6,1,14,17,-0.0035576019159877514,0.0014575055792498404
8,6,1,14,18,-0.004174819649593875,0.0019133539233356922
8,6,1,14,19,-0.0048579622147881807,0.0024425607303951713
8,6,1,14,20,-0.0056101220850701683,0.0030499219698082447
8,6,1,14,21,-0.0064343570687852569,0.0037401763686939482
8,6,1,14,22,-0.0073336897868148121,0.0045180054939780723
8,6,1,14,23,-0.0083111071793262603,0.0053880337804179668
8,6,1,14,24,-0.009369560040362046,0.0063548285099329638
8,6,1,14,25,-0.010511962578985123,0.007422899747011602
8,6,1,14,26,-0.011741192005948475,0.0085967002345338495
8,6,1,14,27,-0.013060088144850601,0.0098806252542299466
8,6,1,14,28,-0.014471453066622342,0.011279012455653326
8,6,1,14,29,-0.015978050746523476,0.012796141656998272
8,6,1,14,30,-0.017582606742533313,0.014436234621423294
8,6,1,14,31,-0.019287807894519116,0.016203454811541951
8,6,1,14,32,-0.021096302043038806,0.01810190712516202
8,6,1,14,33,-0.023010697767106292,0.02013563761484316
8,6,1,14,34,-0.025033564140175546,0.022308633193651728
8,6,1,14,35,-0.027167430503494128,0.024624821329335966
8,6,1,14,36,-0.029414786256060088,0.027088069729222508
8,6,1,14,37,-0.03177808066067711,0.029702186017435683
8,6,1,14,38,-0.034259722665219705,0.032470917406379751
8,6,1,14,39,-0.036862080738575553,0.035397950364260411
8,6,1,14,40,-0.039587482720537803,0.038486910279941777
8,6,1,14,41,-0.042438215685197678,0.041741361126584886
8,6,1,14,42,-0.045416525817060238,0.045164805125585961
8,6,1,14,43,-0.048524618299433664,0.048760682411608247
8,6,1,14,44,-0.051764657214531384,0.052532370700208997
8,6,1,14,45,-0.05513876545462093,0.056483184958891486
8,6,1,14,46,-0.058649024643953052,0.060616377082364781
8,6,1,14,47,-0.062297475070688391,0.064935135573282454
8,6,1,14,48,-0.066086115628510855,0.069442585228760012
8,6,1,14,49,-0.070016903767439187,0.074141786833728518
8,6,1,14,50,-0.074091755453264962,0.079035736861796102
8,6,1,14,51,-0.078312545135339473,0.08412736718385605
8,6,1,14,52,-0.082681105722126613,0.089419544785471206
8,6,1,14,53,-0.08719922856422202,0.094915071493298364
8,6,1,14,54,-0.091868663444344412,0.1006166837108996
8,6,1,14,55,-0.096691118573982715,0.10652705216464831
8,6,1,14,56,-0.10166826059627709,0.11264878165987979
8,6,1,14,57,-0.10680171459477306,0.11898441084779721
8,6,1,14,58,-0.11209306410769893,0.12553641200322985
8,6,1,14,59,-0.11754385114752797,0.13230719081374909
8,6,1,14,60,-0.12315557622524231,0.13929908618030284
8,6,1,14,61,-0.12892969837929869,0.14651437002958789
8,6,1,14,62,-0.1348676352087852,0.15395524713832098
8,6,1,14,63,-0.14097076291053057,0.16162385496971687
8,6,1,14,64,-0.14724041631994922,0.16952226352219268
8,6,1,14,65,-0.15367788895526147,0.17765247519054561
8,6,1,14,66,-0.16028443306491669,0.18601642463965951
8,6,1,14,67,-0.16706125967793639,0.19461597869091241
8,6,1,14,68,-0.17400953865699953,0.20345293622121285
8,6,1,14,69,-0.1811303987539703,0.21252902807510909
8,6,1,14,70,-0.18842492766771302,0.22184591698953815
8,6,1,14,71,-0.19589417210411075,0.23140519753167832
8,6,1,14,72,-0.20353913783786037,0.2412083960497885
8,6,1,14,73,-0.21136078977611605,0.25125697063703989
8,6,1,14,74,-0.21936005202376485,0.26155231110839561
8,6,1,14,75,-0.22753780795002343,0.27209573899069084
8,6,1,14,76,-0.2358949002565669,0.28288850752559991
8,6,1,14,77,-0.2444321310466846,0.29393180168591493
8,6,1,14,78,-0.2531502618956849,0.30522673820474189
8,6,1,14,79,-0.2620500139222548,0.31677436561786121
8,6,1,14,80,-0.27113206786074651,0.32857566431918339
8,6,1,14,81,-0.28039706413439114,0.34063154662918871
8,6,1,14,82,-0.28984560292926731,0.35294285687645921
8,6,1,14,83,-0.29947824426903025,0.36551037149220311
8,6,1,14,84,-0.30929550809040696,0.37833479911782153
8,6,1,14,85,-0.31929787431939083,0.39141678072525388
8,6,1,14,86,-0.32948578294808573,0.40475688975048774
8,6,1,14,87,-0.33985963411229392,0.41835563223974748
8,6,1,14,88,-0.35041978816974795,0.43221344700868913
8,6,1,14,89,-0.36116656577914186,0.44633070581425738
8,6,1,14,90,-0.37210024797985075,0.46070771353943496
8,6,1,14,91,-0.38322107627241087,0.47534470839068754
8,6,1,14,92,-0.39452925269997108,0.49024186210798459
8,6,1,14,93,-0.40602493993050492,0.50539928018767111
8,6,1,14,94,-0.41770826134008843,0.52081700211768223
8,6,1,14,95,-0.42957930109721598,0.53649500162549491
8,6,1,14,96,-0.44163810424822092,0.55243318693849186
8,6,1,14,97,-0.45388467680398947,0.56863140105674892
8,6,1,14,98,-0.46631898582801257,0.58508942203826797
8,6,1,14,99,-0.47894095952588644,0.60180696329650007
8,6,1,14,100,-0.49175048733638427,0.61878367391026423
8,6,1,14,101,-0.50474742002432627,0.63601913894572037
8,6,1,14,102,-0.51793156977521515,0.65351287979071027
8,6,1,14,103,-0.53130271029193654,0.67126435450109712
8,6,1,14,104,-0.54486057689356882,0.68927295815926215
8,6,1,14,105,-0.55860486661657438,0.70753802324454995
8,6,1,14,106,-0.57253523831840014,0.72605882001571531
8,6,1,14,107,-0.58665131278379246,0.74483455690518008
8,6,1,14,108,-0.60095267283384879,0.76386438092529985
8,6,1,14,109,-0.61543886343822241,0.78314737808618529
8,6,1,14,110,-0.63010939183035797,0.80268257382541397
8,6,1,14,111,-0.64496372762623544,0.8224689334492552
8,6,1,14,112,-0.6600013029466445,0.84250536258553554
8,6,1,14,113,-0.67522151254319485,0.86279070764802845
8,6,1,14,114,-0.69062371392841215,0.88332375631222093
8,6,1,14,115,-0.70620722750986409,0.90410323800253489
8,6,1,14,116,-0.72197133672879388,0.92512782439070629
8,6,1,14,117,-0.73791528820333352,0.9463961299055107
8,6,1,14,118,-0.75403829187637439,0.96790671225360225
8,6,1,14,119,-0.770339521168667,0.98965807295131047
8,6,1,14,120,-0.7868181131369667,1.0116486578675254
8,6,1,14,121,-0.80347316863765283,1.0338768577774577
8,6,1,14,122,-0.82030375249602661,1.056341008927117
8,6,1,14,123,-0.83730889368138772,1.0790393936086189
8,6,1,14,124,-0.85448758548826165,1.1019702407459504
8,6,1,14,125,-0.87183878572374973,1.1251317264914658
8,6,1,14,126,-0.88936141690145187,1.148521974832617
8,6,1,14,127,-0.90705436644203941,1.1721390582090625
8,6,1,14,128,-0.92491648688063366,1.1959809981400422
8,6,1,14,129,-0.94294659608130105,1.2200457658617907
8,6,1,14,130,-0.96114347745877571,1.2443312829749615
8,6,1,14,131,-0.97950588020765395,1.2688354221018827
8,6,1,14,132,-0.99803251953913819,1.2935560075536783
8,6,1,14,133,-1.0167220769256413,1.3184908160068871
8,6,1,14,134,-1.0355732003533957,1.343637577189702
8,6,1,14,135,-1.0545845045830948,1.3689939745774593
8,6,1,14,136,-1.0737545714189833,1.3945576460974358
8,6,1,14,137,-1.0930819499862576,1.4203261848428377
8,6,1,14,138,-1.1125651570171979,1.4462971397955355
8,6,1,14,139,-1.1322026771459992,1.472468016557746
8,6,1,14,140,-1.1519929632124892,1.498836278092361
8,6,1,14,141,-1.1719344365748618,1.5253993454718144
8,6,1,14,142,-1.1920254874315528,1.5521545986351497
8,6,1,14,143,-1.2122644751523748,1.5790993771534172
8,6,1,14,144,-1.2326497286189397,1.6062309810030151
8,6,1,14,145,-1.2531795465745732,1.6335466713469389
8,6,1,14,146,-1.273852197983788,1.6610436713235726
8,6,1,14,147,-1.2946659224012613,1.6887191668430834
8,6,1,14,148,-1.3156189303505372,1.7165703073910659
8,6,1,14,149,-1.3367094037124827,1.7445942068393254
8,6,1,14,150,-1.3579354961234413,1.7727879442635679
8,6,1,14,151,-1.3792953333832625,1.8011485647677712
8,6,1,14,152,-1.4007870138730616,1.8296730803152528
8,6,1,14,153,-1.4224086089830001,1.8583584705657548
8,6,1,14,154,-1.4441581635497358,1.8872016837189642
8,6,1,14,155,-1.4660336963038423,1.9161996373636718
8,6,1,14,156,-1.4880332003269714,1.9453492193328619
8,6,1,14,157,-1.510154643518935,1.974647288563941
8,6,1,14,158,-1.5323959690744293,2.0040906759645454
8,6,1,14,159,-1.5547550959695622,2.0336761852831202
8,6,1,14,160,-1.5772299194579897,2.0634005939843796
8,6,1,14,161,-1.5998183115766451,2.0932606541292809
8,6,1,14,162,-1.6225181216610207,2.1232530932592781
8,6,1,14,163,-1.6453271768697819,2.1533746152846782
8,6,1,14,164,-1.668243282718751,2.1836219013768225
8,6,1,14,165,-1.6912642236240283,2.213991610863761
8,6,1,14,166,-1.7143877634542171,2.2444803821293351
8,6,1,14,167,-1.737611646091558,2.2750848335152312
8,6,1,14,168,-1.7609335960018513,2.3058015642259315
8,6,1,14,169,-1.7843513188129656,2.3366271552360955
8,6,1,14,170,-1.8078625019018579,2.3675581702003652
8,6,1,14,171,-1.831464814989775,2.3985911563650761
8,6,1,14,172,-1.8551559107456372,2.4297226454816965
8,6,1,14,173,-1.8789334253972001,2.4609491547219058
8,6,1,14,174,-1.9027949793499921,2.4922671875936691
8,6,1,14,175,-1.9267381778135584,2.5236732348584394
8,6,1,14,176,-1.9507606114351039,2.555163775448885
8,6,1,14,177,-1.97485985693997,2.5867352773870116
8,6,1,14,178,-1.999033477778861,2.6183841987025529
8,6,1,14,179,-2.0232790247816599,2.6501069883509172
8,6,1,14,180,-2.0475940368173076,2.6819000871309258
8,6,1,14,181,-2.0719760414597168,2.7137599286016361
8,6,1,14,182,-2.0964225556592995,2.7456829399983036
8,6,1,14,183,-2.1209310864198585,2.777665543146854
8,6,1,14,184,-2.1454991314805771,2.8097041553770268
8,6,1,14,185,-2.1701241800027136,2.8417951904333383
8,6,1,14,186,-2.19480371326084,2.8739350593842112
8,6,1,14,187,-2.2195352053380857,2.906120171528412
8,6,1,14,188,-2.2443161238253517,2.9383469352989104
8,6,1,14,189,-2.2691439305238479,2.9706117591637273
8,6,1,14,190,-2.2940160821508906,3.0029110525234297
8,6,1,14,191,-2.3189300310484553,3.0352412266051427
8,6,1,14,192,-2.3438832258941944,3.0675986953526384
8,6,1,14,193,-2.368873112414577,3.0999798763123949
8,6,1,14,194,-2.3938971340998094,3.1323811915151074
8,6,1,14,195,-2.4189527329200766,3.1647990683526888
8,6,1,14,196,-2.4440373500429322,3.1972299404501499
8,6,1,14,197,-2.4691484265513095,3.2296702485323432
8,6,1,14,198,-2.4942834041618012,3.2621164412852259
8,6,1,14,199,-2.5194397259430126,3.2945649762112255
8,6,1,14,200,-2.5446148370333708,3.3270123204786368
8,6,1,14,201,-2.56980618535817,3.3594549517647594
8,6,1,14,202,-2.5950112223454838,3.3918893590924233
8,6,1,14,203,-2.6202274036405129,3.4243120436595524
8,6,1,14,204,-2.6454521898180539,3.4567195196618634
8,6,1,14,205,-2.6706830470925755,3.4891083151080777
8,6,1,14,206,-2.6959174480258308,3.5214749726274892
8,6,1,14,207,-2.7211528722312583,3.5538160502698535
8,6,1,14,208,-2.7463868070750852,3.5861281222970334
8,6,1,14,209,-2.7716167483736731,3.6184077799663568
8,6,1,14,210,-2.79684020108667,3.6506516323054043
8,6,1,14,211,-2.8220546800057589,3.6828563068780045
8,6,1,14,212,-2.8472577104384831,3.7150184505411272
8,6,1,14,213,-2.8724468288868765,3.7471347301926166
8,6,1,14,214,-2.8976195837206009,3.7792018335092963
8,6,1,14,215,-2.9227735358440423,3.8112164696754909
8,6,1,14,216,-2.9479062593572913,3.8431753701015259
8,6,1,14,217,-2.9730153422104055,3.8750752891322433
8,6,1,14,218,-2.9980983868508391,3.9069130047449248
8,6,1,14,219,-3.0231530108634832,3.9386853192369813
8,6,1,14,220,-3.048176847603262,3.9703890599026486
8,6,1,14,221,-3.0731675468196884,4.0020210796989284
8,6,1,14,222,-3.098122775273271,4.0335782579003308
8,6,1,14,223,-3.123040217343326,4.0650575007423475
8,6,1,14,224,-3.1479175756270239,4.0964557420534646
8,6,1,14,225,-3.1727525715291973,4.1277699438755615
8,6,1,14,226,-3.1975429458428684,4.1589970970724472
8,6,1,14,227,-3.2222864593199452,4.1901342219264421
8,6,1,14,228,-3.2469808932319988,4.221178368722903
8,6,1,14,229,-3.271624049920824,4.2521266183224267
8,6,1,14,230,-3.2962137533384395,4.2829760827206655
8,6,1,14,231,-3.320747849576394,4.3137239055955652
8,6,1,14,232,-3.3452242073840344,4.3443672628419385
8,6,1,14,233,-3.3696407186755817,4.3749033630932823
8,6,1,14,234,-3.3939952990257649,4.405329448230547
8,6,1,14,235,-3.4182858881537381,4.4356427938779888
8,6,1,14,236,-3.4425104503951589,4.4658407098857928
8,6,1,14,237,-3.4666669751621972,4.4959205407995224
8,6,1,14,238,-3.490753477391273,4.5258796663160599
8,6,1,14,239,-3.514767997978324,4.5557155017262678
8,6,1,14,240,-3.5387086042014957,4.5854254983440619
8,6,1,14,241,-3.5625733901310297,4.6150071439218596
8,6,1,14,242,-3.5863604770262403,4.644457963052381
8,6,1,14,243,-3.6100680137193528,4.6737755175566527
8,6,1,14,244,-3.6336941769862463,4.7029574068582516
8,6,1,14,245,-3.6572371719037378,4.7320012683436525
8,6,1,14,246,-3.6806952321934983,4.7609047777087214
8,6,1,14,247,-3.7040666205523873,4.7896656492911447
8,6,1,14,248,-3.7273496289691179,4.8182816363889884
8,6,1,14,249,-3.7505425790271882,4.8467505315651476
8,6,1,14,250,-3.7736438221940336,4.8750701669377703
8,6,1,14,251,-3.7966517400962463,4.9032384144566485
8,6,1,14,252,-3.819564744780851,4.9312531861654714
8,6,1,14,253,-3.8423812789625975,4.9591124344500885
8,6,1,14,254,-3.8650998162572945,4.9868141522724923
8,6,1,14,255,-3.8877188614009017,5.0143563733909682
8,6,1,14,256,-3.9102369504547205,5.0417371725660383
8,6,1,14,257,-3.9326526509963711,5.0689546657522708
8,6,1,14,258,-3.9549645622967033,5.096007010276268
8,6,1,14,259,-3.9771713154826638,5.1228924050004538
8,6,1,14,260,-3.9992715736859532,5.1496090904730147
8,6,1,14,261,-4.0212640321777293,5.1761553490638628
8,6,1,14,262,-4.0431474184893066,5.2025295050866758
8,6,1,14,263,-4.0649204925187368,5.2287299249072303
8,6,1,14,264,-4.0865820466235938,5.2547550170378123
8,6,1,14,265,-4.1081309056997473,5.280603232218037
8,6,1,14,266,-4.1295659272464977,5.3062730634818838
8,6,1,14,267,-4.150886001417736,5.3317630462113215
8,6,1,14,268,-4.172090051059679,5.3570717581762715
8,6,1,14,269,-4.1931770317348178,5.3821978195613269
8,6,1,14,270,-4.214145931732566,5.4071398929789991
8,6,1,14,271,-4.2349957720664193,5.4318966834697866
8,6,1,14,272,-4.2557256064578883,5.4564669384891875
8,6,1,14,273,-4.2763345213073176,5.4808494478815168
8,6,1,14,274,-4.2968216356516322,5.5050430438409546
8,6,1,14,275,-4.3171861011092272,5.5290466008597132
8,6,1,14,276,-4.3374271018120858,5.5528590356635457
8,6,1,14,277,-4.3575438543253409,5.5764793071346217
8,6,1,14,278,-4.3775356075542842,5.599906416222014
8,6,1,14,279,-4.3974016426391866,5.6231394058399191
8,6,1,14,280,-4.4171412728379211,5.6461773607535433
8,6,1,14,281,-4.4367538433965903,5.6690194074531215
8,6,1,14,282,-4.4562387314084244,5.6916647140159506
8,6,1,14,283,-4.4755953456610325,5.7141124899566549
8,6,1,14,284,-4.4948231264721974,5.7363619860659272
8,6,1,14,285,-4.5139215455144761,5.7584124942377608
8,6,1,14,286,-4.5328901056286677,5.7802633472854668
8,6,1,14,287,-4.5517283406265374,5.8019139187464566
8,6,1,14,288,-4.5704358150827904,5.8233636226762
8,6,1,14,289,-4.5890121241166533,5.8446119134312715
8,6,1,14,290,-4.6074568931631923,5.8656582854419517
8,6,1,14,291,-4.6257697777346447,5.8865022729741119
8,6,1,14,292,-4.6439504631718975,5.9071434498811497
8,6,1,14,293,-4.66199866438643,5.9275814293455822
8,6,1,14,294,-4.6799141255928491,5.9478158636109306
8,6,1,14,295,-4.6976966200323433,5.9678464437037473
8,6,1,14,296,-4.7153459496871779,5.9876728991462267
8,6,1,14,297,-4.7328619449865545,6.007294997659443
8,6,1,14,298,-4.7502444645040445,6.0267125448574239
8,6,1,14,299,-4.7674933946467659,6.0459253839323015
8,6,1,14,300,-4.7846086493366577,6.0649333953307485
8,6,1,14,301,-4.8015901696840118,6.0837364964218459
8,6,1,14,302,-4.8184379236535015,6.1023346411565953
8,6,1,14,303,-4.8351519057230172,6.1207278197192929
8,6,1,14,304,-4.8517321365355031,6.1389160581709987
8,6,1,14,305,-4.8681786625439925,6.1568994180853123
8,6,1,14,306,-4.8844915556502722,6.1746779961764338
8,6,1,14,307,-4.9006709128371568,6.1922519239202085
8,6,1,14,308,-4.9167168557948724,6.209621367167836
8,6,1,14,309,-4.9326295305416217,6.2267865257528667
8,6,1,14,310,-4.9484091070387146,6.2437476330912762
8,6,1,14,311,-4.9640557788003914,6.2605049557754064
8,6,1,14,312,-4.9795697624986701,6.2770587931614132
8,6,1,14,313,-4.9949512975634551,6.2934094769506927
8,6,1,14,314,-5.0102006457781565,6.3095573707656643
8,6,1,14,315,-5.025318090870984,6.3255028697197817
8,6,1,14,316,-5.0403039381023698,6.3412463999821727
8,6,1,14,317,-5.0551585138485065,6.3567884183372083
8,6,1,14,318,-5.0698821651814825,6.372129411739011
8,6,1,14,319,-5.0844752594461138,6.3872698968612553
8,6,1,14,320,-5.0989381838337238,6.4022104196424703
8,6,1,14,321,-5.1132713449532243,6.4169515548270075
8,6,1,14,322,-5.1274751683996591,6.4314939055018696
8,6,1,14,323,-5.1415500983204243,6.4458381026297387
8,6,1,14,324,-5.1554965969794591,6.4599848045783306
8,6,1,14,325,-5.169315144319631,6.4739346966461691
8,6,1,14,326,-5.1830062375235801,6.4876884905853052
8,6,1,14,327,-5.1965703905731795,6.5012469241208262
8,6,1,14,328,-5.2100081338079249,6.5146107604676846
8,6,1,14,329,-5.2233200134824189,6.5277807878448142
8,6,1,14,330,-5.2365065913232813,6.5407578189869007
8,6,1,14,331,-5.2495684440855062,6.5535426906539325
8,6,1,14,332,-5.2625061631087986,6.5661362631387696
8,6,1,14,333,-5.2753203538738083,6.5785394197728637
8,6,1,14,334,-5.2880116355586093,6.5907530664305183
8,6,1,14,335,-5.3005806405957259,6.6027781310316476
8,6,1,14,336,-5.313028014229765,6.6146155630433325
8,6,1,14,337,-5.3253544140759557,6.6262663329805376
8,6,1,14,338,-5.3375605096797401,6.6377314319058938
8,6,1,14,339,-5.3496469820777106,6.6490118709289083
8,6,1,14,340,-5.3616145233600481,6.6601086807047434
8,6,1,14,341,-5.3734638362345546,6.6710229109329635
8,6,1,14,342,-5.3851956335927547,6.681755629855898
8,6,1,14,343,-5.3968106380778593,6.6923079237575092
8,6,1,14,344,-5.4083095816552182,6.7026808964623461
8,6,1,14,345,-5.4196932051850553,6.7128756688351583
8,6,1,14,346,-5.4309622579979404,6.7228933782811335
8,6,1,14,347,-5.4421174974730206,6.7327351782470481
8,6,1,14,348,-5.4531596886193077,6.7424022377233852
8,6,1,14,349,-5.4640896036600548,6.7518957407477735
8,6,1,14,350,-5.4749080216204948,6.761216885909735
8,6,1,14,351,-5.4856157279191189,6.7703668858569515
8,6,1,14,352,-5.4962135139624895,6.7793469668033426
8,6,1,14,353,-5.5067021767440218,6.788158368038907
8,6,1,14,354,-5.517082518446581,6.7968023414416736
8,6,1,14,355,-5.5273553460493119,6.8052801509917247
8,6,1,14,356,-5.5375214709386338,6.8135930722877127
8,6,1,14,357,-5.5475817085237189,6.8217423920656692
8,6,1,14,358,-5.5575368778564389,6.8297294077206274
8,6,1,14,359,-5.5673878012560625,6.837555426830785
8,6,1,14,360,-5.577135303938646,6.8452217666848583
8,6,1,14,361,-5.5867802136514877,6.8527297538122287
8,6,1,14,362,-5.5963233603125051,6.8600807235163623
8,6,1,14,363,NaN,NaN
8,6,1,14,364,NaN,NaN
8,6,1,14,365,NaN,NaN
8,6,1,14,366,NaN,NaN
8,6,1,14,367,NaN,NaN
8,6,1,14,368,NaN,NaN
8,6,1,14,369,NaN,NaN
8,6,1,14,370,NaN,NaN
8,6,1,14,371,NaN,NaN
8,6,1,14,372,NaN,NaN
8,6,1,14,373,NaN,NaN
8,6,1,14,374,NaN,NaN
8,6,1,14,375,NaN,NaN
8,6,1,14,376,NaN,NaN
8,6,1,14,377,NaN,NaN
8,6,1,14,378,NaN,NaN
8,6,1,14,379,NaN,NaN
8,6,1,14,380,NaN,NaN
8,6,1,14,381,NaN,NaN
8,6,1,14,382,NaN,NaN
8,6,1,14,383,NaN,NaN
8,6,1,14,384,NaN,NaN
8,6,1,14,385,NaN,NaN
8,6,1,14,386,NaN,NaN
8,6,1,14,387,NaN,NaN
8,6,1,14,388,NaN,NaN
8,6,1,14,389,NaN,NaN
8,6,1,14,390,NaN,NaN
8,6,1,14,391,NaN,NaN
8,6,1,14,392,NaN,NaN
8,6,1,14,393,NaN,NaN
8,6,1,14,394,NaN,NaN
8,6,1,14,395,NaN,NaN
8,6,1,14,396,NaN,NaN
8,6,1,14,397,NaN,NaN
8,6,1,14,398,NaN,NaN
8,6,1,14,399,NaN,NaN
8,6,1,14,400,NaN,NaN
8,6,1,14,401,NaN,NaN
8,6,1,14,402,NaN,NaN
8,6,1,14,403,NaN,NaN
8,6,1,14,404,NaN,NaN
8,6,1,14,405,NaN,NaN
8,6,1,14,406,NaN,NaN
8,6,1,14,407,NaN,NaN
8,6,1,14,408,NaN,NaN
8,6,1,14,409,NaN,NaN
8,6,1,14,410,NaN,NaN
8,6,1,14,411,NaN,NaN
8,6,1,14,412,NaN,NaN
8,6,1,14,413,NaN,NaN
8,6,1,14,414,NaN,NaN
8,6,1,14,415,NaN,NaN
8,6,1,14,416,NaN,NaN
8,6,1,14,417,NaN,NaN
8,6,1,14,418,NaN,NaN
8,6,1,14,419,NaN,NaN
8,6,1,14,420,NaN,NaN
8,6,1,14,421,NaN,NaN
8,6,1,14,422,NaN,NaN
8,6,1,14,423,NaN,NaN
8,6,1,14,424,NaN,NaN
8,6,1,14,425,NaN,NaN
8,6,1,14,426,NaN,NaN
8,6,1,14,427,NaN,NaN
8,6,1,14,428,NaN,NaN
8,6,1,14,429,NaN,NaN
8,6,1,14,430,NaN,NaN
8,6,1,14,431,NaN,NaN
8,6,1,14,432,NaN,NaN
8,6,1,14,433,NaN,NaN
8,6,1,14,434,NaN,NaN
8,6,1,14,435,NaN,NaN
8,6,1,14,436,NaN,NaN
8,6,1,14,437,NaN,NaN
8,6,1,14,438,NaN,NaN
8,6,1,14,439,NaN,NaN
8,6,1,14,440,NaN,NaN
8,6,1,14,441,NaN,NaN
8,6,1,14,442,NaN,NaN
8,6,1,14,443,NaN,NaN
8,6,1,14,444,NaN,NaN
8,6,1,14,445,NaN,NaN
8,6,1,14,446,NaN,NaN
8,6,1,14,447,NaN,NaN
8,6,1,14,448,NaN,NaN
8,6,1,14,449,NaN,NaN
8,6,1,14,450,NaN,NaN
8,6,1,14,451,NaN,NaN
8,6,1,14,452,NaN,NaN
8,6,1,14,453,NaN,NaN
8,6,1,14,454,NaN,NaN
8,6,1,14,455,NaN,NaN
8,6,1,14,456,NaN,NaN
8,6,1,14,457,NaN,NaN
8,6,1,14,458,NaN,NaN
8,6,1,14,459,NaN,NaN
8,6,1,14,460,NaN,NaN
8,6,1,14,461,NaN,NaN
8,6,1,14,462,NaN,NaN
8,6,1,14,463,NaN,NaN
8,6,1,14,464,NaN,NaN
8,6,1,14,465,NaN,NaN
8,6,1,14,466,NaN,NaN
8,6,1,14,467,NaN,NaN
8,6,1,14,468,NaN,NaN
8,6,1,14,469,NaN,NaN
8,6,1,14,470,NaN,NaN
8,6,1,14,471,NaN,NaN
8,6,1,14,472,NaN,NaN
8,6,1,14,473,NaN,NaN
8,6,1,14,474,NaN,NaN
8,6,1,14,475,NaN,NaN
8,6,1,14,476,NaN,NaN
8,6,1,14,477,NaN,NaN
8,6,1,14,478,NaN,NaN
8,6,1,14,479,NaN,NaN
8,6,1,14,480,NaN,NaN
8,6,1,14,481,NaN,NaN
8,6,1,14,482,NaN,NaN
8,6,1,14,483,NaN,NaN
8,6,1,14,484,NaN,NaN
8,6,1,14,485,NaN,NaN
8,6,1,14,486,NaN,NaN
8,6,1,14,487,NaN,NaN
8,6,1,14,488,NaN,NaN
8,6,1,14,489,NaN,NaN
8,6,1,14,490,NaN,NaN
8,6,1,14,491,NaN,NaN
8,6,1,14,492,NaN,NaN
8,6,1,14,493,NaN,NaN
8,6,1,14,494,NaN,NaN
8,6,1,14,495,NaN,NaN
8,6,1,14,496,NaN,NaN
8,6,1,14,497,NaN,NaN
8,6,1,14,498,NaN,NaN
8,6,1,14,499,NaN,NaN
8,6,1,14,500,NaN,NaN
8,6,1,14,501,NaN,NaN
8,6,1,14,502,NaN,NaN
8,6,1,14,503,NaN,NaN
8,6,1,14,504,NaN,NaN
8,6,1,14,505,NaN,NaN
8,6,1,14,506,NaN,NaN
8,6,1,14,507,NaN,NaN
8,6,1,14,508,NaN,NaN
8,6,1,14,509,NaN,NaN
8,6,1,14,510,NaN,NaN
8,6,1,14,511,NaN,NaN
8,6,1,14,512,NaN,NaN
8,6,1,14,513,NaN,NaN
8,6,1,14,514,NaN,NaN
8,6,1,14,515,NaN,NaN
8,6,1,14,516,NaN,NaN
8,6,1,14,517,NaN,NaN
8,6,1,14,518,NaN,NaN
8,6,1,14,519,NaN,NaN
8,6,1,14,520,NaN,NaN
8,6,1,14,521,NaN,NaN
8,6,1,14,522,NaN,NaN
8,6,1,14,523,NaN,NaN
8,6,1,14,524,NaN,NaN
8,6,1,14,525,NaN,NaN
8,6,1,14,526,NaN,NaN
8,6,1,14,527,NaN,NaN
8,6,1,14,528,NaN,NaN
8,6,1,14,529,NaN,NaN
8,6,1,14,530,NaN,NaN
8,6,1,14,531,NaN,NaN
8,6,1,14,532,NaN,NaN
8,6,1,14,533,NaN,NaN
8,6,1,14,534,NaN,NaN
8,6,1,14,535,NaN,NaN
8,6,1,14,536,NaN,NaN
8,6,1,14,537,NaN,NaN
8,6,1,14,538,NaN,NaN
8,6,1,14,539,NaN,NaN
8,6,1,14,540,NaN,NaN
8,6,1,14,541,NaN,NaN
8,6,1,14,542,NaN,NaN
8,6,1,14,543,NaN,NaN
8,6,1,14,544,NaN,NaN
8,6,1,14,545,NaN,NaN
8,6,1,14,546,NaN,NaN
8,6,1,14,547,NaN,NaN
8,6,1,14,548,NaN,NaN
8,6,1,14,549,NaN,NaN
8,6,1,14,550,NaN,NaN
8,6,1,14,551,NaN,NaN
8,6,1,14,552,NaN,NaN
8,6,1,14,553,NaN,NaN
8,6,1,14,554,NaN,NaN
8,6,1,14,555,NaN,NaN
8,6,1,14,556,NaN,NaN
8,6,1,14,557,NaN,NaN
8,6,1,14,558,NaN,NaN
8,6,1,14,559,NaN,NaN
8,6,1,14,560,NaN,NaN
8,6,1,14,561,NaN,NaN
8,6,1,14,562,NaN,NaN
8,6,1,14,563,NaN,NaN
8,6,1,14,564,NaN,NaN
8,6,1,14,565,NaN,NaN
8,6,1,14,566,NaN,NaN
8,6,1,14,567,NaN,NaN
8,6,1,14,568,NaN,NaN
8,6,1,14,569,NaN,NaN
8,6,1,14,570,NaN,NaN
8,6,1,14,571,NaN,NaN
8,6,1,14,572,NaN,NaN
8,6,1,14,573,NaN,NaN
8,6,1,14,574,NaN,NaN
8,6,1,14,575,NaN,NaN
8,6,1,14,576,NaN,NaN
8,6,1,14,577,NaN,NaN
8,6,1,14,578,NaN,NaN
8,6,1,14,579,NaN,NaN
8,6,1,14,580,NaN,NaN
8,6,1,14,581,NaN,NaN
8,6,1,14,582,NaN,NaN
8,6,1,14,583,NaN,NaN
8,6,1,14,584,NaN,NaN
8,6,1,14,585,NaN,NaN
8,6,1,14,586,NaN,NaN
8,6,1,14,587,NaN,NaN
8,6,1,14,588,NaN,NaN
8,6,1,14,589,NaN,NaN
8,6,1,14,590,NaN,NaN
8,6,1,14,591,NaN,NaN
8,6,1,14,592,NaN,NaN
8,6,1,14,593,NaN,NaN
8,6,1,14,594,NaN,NaN
8,6,1,14,595,NaN,NaN
8,6,1,14,596,NaN,NaN
8,6,1,14,597,NaN,NaN
8,6,1,14,598,NaN,NaN
8,6,1,14,599,NaN,NaN
8,6,1,28,0,0,0
8,6,1,28,1,0,0
8,6,1,28,2,-8.0868574281467431e-06,1.8897957676511368e-05
8,6,1,28,3,-2.8925765671594661e-05,6.1125971950737323e-05
8,6,1,28,4,-6.7138216020001806e-05,0.00013103654833146461
8,6,1,28,5,-0.00012729130438593472,0.00023282340588515194
8,6,1,28,6,-0.00021391443542628785,0.00037063712961804551
8,6,1,28,7,-0.00033149908194585187,0.00054858652314415668
8,6,1,28,8,-0.0004844969117900888,0.00077073909325042766
8,6,1,28,9,-0.00067731897437361965,0.0010411217555128527
8,6,1,28,10,-0.00091433537113827512,0.0013637216033757227
8,6,1,28,11,-0.0011998749391672892,0.0017424865620646601
8,6,1,28,12,-0.0015382249483386623,0.0021813259363512305
8,6,1,28,13,-0.0019336308123951707,0.0026841108605429875
8,6,1,28,14,-0.002390295814103105,0.0032546746586537001
8,6,1,28,15,-0.002912380844927176,0.0038968131219258018
8,6,1,28,16,-0.0035040041591882787,0.004614284710541261
8,6,1,28,17,-0.004169241143114899,0.0054108106858907767
8,6,1,28,18,-0.0049121240987159975,0.0062900751792133169
8,6,1,28,19,-0.0057366420426863129,0.0072557252021737684
8,6,1,28,20,-0.0066467405203440855,0.0083113706044551927
8,6,1,28,21,-0.0076463214346178532,0.0094605839831451988
8,6,1,28,22,-0.0087392428901711394,0.010706900548312914
8,6,1,28,23,-0.0099293163615843394,0.012053818025981045
8,6,1,28,24,-0.011220299749642448,0.013504796606109148
8,6,1,28,25,-0.012615896666895443,0.015063258643469024
8,6,1,28,26,-0.014119756043851073,0.016732588322673769
8,6,1,28,27,-0.015735471767042153,0.018516131299942118
8,6,1,28,28,-0.017466582347674953,0.020417194324337529
8,6,1,28,29,-0.019316570619443141,0.022439044841407463
8,6,1,28,30,-0.021288863464236085,0.024584910581676445
8,6,1,28,31,-0.023386831564498056,0.026857979136329924
8,6,1,28,32,-0.025613789181205826,0.02926139752231216
8,6,1,28,33,-0.027972989256463965,0.031798238483277119
8,6,1,28,34,-0.030467625907809603,0.03447151635633805
8,6,1,28,35,-0.033100836496346986,0.037284201932058503
8,6,1,28,36,-0.035875701496762558,0.040239222113830353
8,6,1,28,37,-0.038795244385853023,0.043339459565838734
8,6,1,28,38,-0.041862431548650436,0.046587752351967548
8,6,1,28,39,-0.045080172201750202,0.04998689356695285
8,6,1,28,40,-0.048451318332964899,0.053539630961801921
8,6,1,28,41,-0.051978664657020834,0.057248666564613249
8,6,1,28,42,-0.055664948586336971,0.061116656298423888
8,6,1,28,43,-0.059512850216714153,0.065146209597369276
8,6,1,28,44,-0.063524992327018692,0.069339889022210222
8,6,1,28,45,-0.067703940392654927,0.073700209876401135
8,6,1,28,46,-0.072052202612049587,0.07822963982383746
8,6,1,28,47,-0.076572229945787162,0.082930598509015074
8,6,1,28,48,-0.081266416167896649,0.087805457180731294
8,6,1,28,49,-0.086137097928695727,0.092856538319910364
8,6,1,28,50,-0.091186554828920352,0.098086115272433272
8,6,1,28,51,-0.096417009504529139,0.1034964118876075
8,6,1,28,52,-0.10183062772171625,0.10908960216312047
8,6,1,28,53,-0.10742951848197735,0.11486780989659884
8,6,1,28,54,-0.11321573413636821,0.12083310834490602
8,6,1,28,55,-0.11919127050900036,0.12698751989115298
8,6,1,28,56,-0.12535806702898555,0.13333301572036049
8,6,1,28,57,-0.13171800687081237,0.13987151550368393
8,6,1,28,58,-0.13827291710242773,0.1466048870920833
8,6,1,28,59,-0.14502456884090686,0.15353494621950237
8,6,1,28,60,-0.15197467741526194,0.16066345621589262
8,6,1,28,61,-0.15912490253603417,0.1679921277305596
8,6,1,28,62,-0.16647684847138633,0.17552261846584261
8,6,1,28,63,-0.17403206422930695,0.18325653292165789
8,6,1,28,64,-0.18179204374564328,0.19119542215095542
8,6,1,28,65,-0.18975822607774639,0.19934078352621398
8,6,1,28,66,-0.19793199560316777,0.20769406051752426
8,6,1,28,67,-0.20631468222353511,0.21625664248188514
8,6,1,28,68,-0.21490756157292457,0.22502986446436279
8,6,1,28,69,-0.22371185523071824,0.23401500701098199
8,6,1,28,70,-0.23272873093859725,0.24321329599355235
8,6,1,28,71,-0.24195930282150391,0.25262590244637673
8,6,1,28,72,-0.25140463161218429,0.2622539424152831
8,6,1,28,73,-0.26106572487930024,0.27209847681871346
8,6,1,28,74,-0.2709435372586888,0.28216051132108066
8,6,1,28,75,-0.28103897068778028,0.29244099621845987
8,6,1,28,76,-0.29135287464269743,0.30294082633671449
8,6,1,28,77,-0.30188604637821914,0.3136608409419761
8,6,1,28,78,-0.31263923117009207,0.32460182366355894
8,6,1,28,79,-0.32361312255974606,0.33576450242942257
8,6,1,28,80,-0.33480836260115221,0.34714954941416909
8,6,1,28,81,-0.34622554210977374,0.35875758099939425
8,6,1,28,82,-0.35786520091337648,0.37058915774676182
8,6,1,28,83,-0.36972782810466009,0.38264478438346794
8,6,1,28,84,-0.38181386229554359,0.3949249098003399
8,6,1,28,85,-0.39412369187301621,0.40742992706238046
8,6,1,28,86,-0.40665765525654818,0.42016017343186884
8,6,1,28,87,-0.41941604115675046,0.4331159304040072
8,6,1,28,88,-0.43239908883557221,0.44629742375489612
8,6,1,28,89,-0.44560698836754176,0.4597048236022333
8,6,1,28,90,-0.45903988090244541,0.47333824447814976
8,6,1,28,91,-0.4726978589289943,0.48719774541469973
8,6,1,28,92,-0.4865809665397014,0.50128333004167969
8,6,1,28,93,-0.50068919969694092,0.51559494669668748
8,6,1,28,94,-0.51502250650000692,0.53013248854763551
8,6,1,28,95,-0.52958078745330983,0.54489579372752062
8,6,1,28,96,-0.54436389573566668,0.55988464548136496
8,6,1,28,97,-0.5593716374707125,0.57509877232544693
8,6,1,28,98,-0.57460377199842205,0.59053784821867239
8,6,1,28,99,-0.59006001214779724,0.60620149274601409
8,6,1,28,100,-0.60574002451077025,0.62208927131413294
8,6,1,28,101,-0.62164342971730013,0.63820069535889257
8,6,1,28,102,-0.63776980271178507,0.65453522256498642
8,6,1,28,103,-0.65411867303088456,0.67109225709735543
8,6,1,28,104,-0.67068952508261837,0.68787114984461828
8,6,1,28,105,-0.68748179842713086,0.70487119867421177
8,6,1,28,106,-0.70449488805888749,0.72209164869939391
8,6,1,28,107,-0.72172814469063096,0.73953169255786266
8,6,1,28,108,-0.73918087503901386,0.75719047070210987
8,6,1,28,109,-0.75685234211216312,0.77506707170133249
8,6,1,28,110,-0.77474176549916507,0.79316053255489571
8,6,1,28,111,-0.79284832166158781,0.81146983901723424
8,6,1,28,112,-0.81117114422730174,0.82999392593417209
8,6,1,28,113,-0.82970932428649835,0.84873167759061674
8,6,1,28,114,-0.84846191069017363,0.86768192806951361
8,6,1,28,115,-0.86742791035124278,0.88684346162193617
8,6,1,28,116,-0.88660628854825285,0.90621501304844754
8,6,1,28,117,-0.90599596923198189,0.92579526809138668
8,6,1,28,118,-0.92559583533505796,0.94558286383819301
8,6,1,28,119,-0.94540472908459239,0.96557638913564448
8,6,1,28,120,-0.96542145231814369,0.98577438501497305
8,6,1,28,121,-0.98564476680312874,1.0061753451275774
8,6,1,28,122,-1.0060733945596867,1.0267777161915541
8,6,1,28,123,-1.0267060181873733,1.0475798984487112
8,6,1,28,124,-1.0475412811956242,1.0685802461321643
8,6,1,28,125,-1.0685777883382819,1.0897770679441865
8,6,1,28,126,-1.0898141059523081,1.1111686275444983
8,6,1,28,127,-1.1112487623007539,1.1327531440487122
8,6,1,28,128,-1.1328802479202871,1.1545287925368379
8,6,1,28,129,-1.1547070159732498,1.1764937045719404
8,6,1,28,130,-1.1767274826046392,1.1986459687284485
8,6,1,28,131,-1.1989400273037909,1.2209836311305815
8,6,1,28,132,-1.2213429932713904,1.2435046960001888
8,6,1,28,133,-1.243934687791487,1.2662071262142942
8,6,1,28,134,-1.2667133826090415,1.2890888438720465
8,6,1,28,135,-1.2896773143128093,1.3121477308710632
8,6,1,28,136,-1.312824684724001,1.3353816294929461
8,6,1,28,137,-1.3361536612906288,1.3587883429978298
8,6,1,28,138,-1.3596623774878025,1.3823656362279806
8,6,1,28,139,-1.3833489332239879,1.406111236220184
8,6,1,28,140,-1.4072113952534493,1.4300228328268494
8,6,1,28,141,-1.4312477975949645,1.4540980793455311
8,6,1,28,142,-1.4554561419568457,1.4783345931570295
8,6,1,28,143,-1.4798343981685058,1.5027299563716485
8,6,1,28,144,-1.504380504618491,1.5272817164835888
8,6,1,28,145,-1.5290923686993141,1.5519873870332574
8,6,1,28,146,-1.5539678672589041,1.5768444482774173
8,6,1,28,147,-1.5790048470589624,1.6018503478669484
8,6,1,28,148,-1.6042011252401567,1.6270025015321239
8,6,1,28,149,-1.6295544897943215,1.6522982937750619
8,6,1,28,150,-1.6550627000436691,1.6777350785694507
8,6,1,28,151,-1.6807234871270837,1.7033101800671386
8,6,1,28,152,-1.706534554493444,1.7290208933115307
8,6,1,28,153,-1.7324935784022111,1.7548644849575661
8,6,1,28,154,-1.758598208431128,1.7808381939980773
8,6,1,28,155,-1.7848460679910527,1.8069392324964351
8,6,1,28,156,-1.8112347548481011,1.833164786325117
8,6,1,28,157,-1.8377618416528962,1.8595120159101892
8,6,1,28,158,-1.8644248764770499,1.8859780569813105
8,6,1,28,159,-1.891221383356767,1.9125600213273279
8,6,1,28,160,-1.9181488628436494,1.9392549975568441
8,6,1,28,161,-1.9452047925625771,1.9660600518640465
8,6,1,28,162,-1.97238662777664,1.9929722287990752
8,6,1,28,163,-1.9996918019590748,2.0199885520432419
8,6,1,28,164,-2.0271177273721683,2.0471060251883166
8,6,1,28,165,-2.0546617956530175,2.0743216325201903
8,6,1,28,166,-2.0823213784060215,2.1016323398062835
8,6,1,28,167,-2.1100938278021673,2.1290350950867341
8,6,1,28,168,-2.1379764771847998,2.1565268294689801
8,6,1,28,169,-2.165966641681949,2.1841044579256312
8,6,1,28,170,-2.1940616188249717,2.2117648800951821
8,6,1,28,171,-2.2222586891734397,2.2395049810856356
8,6,1,28,172,-2.2505551169460789,2.2673216322805749
8,6,1,28,173,-2.2789481506577172,2.2952116921474559
8,6,1,28,174,-2.3074350237619781,2.3231720070479271
8,6,1,28,175,-2.3360129552995437,2.3511994120500228
8,6,1,28,176,-2.3646791505519795,2.379290731741754
8,6,1,28,177,-2.39343080170068,2.4074427810460848
8,6,1,28,178,-2.4222650884909602,2.4356523660368694
8,6,1,28,179,-2.4511791789010582,2.4639162847555571
8,6,1,28,180,-2.480170229815637,2.4922313280285517
8,6,1,28,181,-2.5092353877039342,2.5205942802846075
8,6,1,28,182,-2.538371789301924,2.5490019203725152
8,6,1,28,183,-2.5675765622986626,2.5774510223782827
8,6,1,28,184,-2.5968468260262001,2.6059383564420697
8,6,1,28,185,-2.6261796921531078,2.6344606895741389
8,6,1,28,186,-2.6555722653812452,2.6630147864699527
8,6,1,28,187,-2.6850216441454355,2.6915974103239844
8,6,1,28,188,-2.7145249213159972,2.7202053236418529
8,6,1,28,189,-2.7440791849035753,2.7488352890509327
8,6,1,28,190,-2.7736815187662689,2.7774840701086712
8,6,1,28,191,-2.8033290033186056,2.806148432108782
8,6,1,28,192,-2.8330187162420808,2.8348251428847866
8,6,1,28,193,-2.862747733197113,2.8635109736107638
8,6,1,28,194,-2.8925131285359065,2.8922026995990584
8,6,1,28,195,-2.9223119760160401,2.9208971010946745
8,6,1,28,196,-2.9521413495145588,2.9495909640660649
8,6,1,28,197,-2.981998323742058,2.9782810809920872
8,6,1,28,198,-3.011879974956627,3.0069642516449031
8,6,1,28,199,-3.0417833816772042,3.0356372838685779
8,6,1,28,200,-3.0717056253961097,3.0642969943530995
8,6,1,28,201,-3.1016437912904871,3.0929402094034995
8,6,1,28,202,-3.1315949689321441,3.1215637657039856
8,6,1,28,203,-3.1615562529956565,3.1501645110768388
8,6,1,28,204,-3.1915247439643246,3.1787393052355868
8,6,1,28,205,-3.2214975488336739,3.2072850205325465
8,6,1,28,206,-3.2514717818122096,3.2357985427002718
8,6,1,28,207,-3.2814445650189707,3.2642767715868519
8,6,1,28,208,-3.3114130291777677,3.292716621884578
8,6,1,28,209,-3.3413743143076049,3.3211150238520255
8,6,1,28,210,-3.3713255704090175,3.3494689240292224
8,6,1,28,211,-3.4012639581460835,3.3777752859454919
8,6,1,28,212,-3.4311866495235712,3.4060310908202358
8,6,1,28,213,-3.4610908285592212,3.4342333382558072
8,6,1,28,214,-3.4909736919505496,3.4623790469227922
8,6,1,28,215,-3.5208324497360444,3.4904652552372935
8,6,1,28,216,-3.5506643259503532,3.5184890220298666
8,6,1,28,217,-3.5804665592732041,3.5464474272062367
8,6,1,28,218,-3.6102364036717018,3.5743375723992914
8,6,1,28,219,-3.6399711290358407,3.6021565816122565
8,6,1,28,220,-3.6696680218066433,3.6299016018530388
8,6,1,28,221,-3.6993243855970306,3.657569803759289
8,6,1,28,222,-3.7289375418047666,3.6851583822140905
8,6,1,28,223,-3.7585048302174409,3.7126645569522609
8,6,1,28,224,-3.7880236096090982,3.7400855731568288
8,6,1,28,225,-3.8174912583282925,3.76741870204568
8,6,1,28,226,-3.846905174877274,3.7946612414482579
8,6,1,28,227,-3.8762627784820203,3.821810516371968
8,6,1,28,228,-3.9055615096529381,3.8488638795583423
8,6,1,28,229,-3.9347988307359474,3.8758187120286225
8,6,1,28,230,-3.9639722264536714,3.9026724236188111
8,6,1,28,231,-3.9930792044365448,3.929422453503864
8,6,1,28,232,-4.0221172957435716,3.956066270711081
8,6,1,28,233,-4.0510840553726339,3.9826013746222992
8,6,1,28,234,-4.0799770627599097,4.0090252954651548
8,6,1,28,235,-4.1087939222684389,4.0353355947927856
8,6,1,28,236,-4.1375322636654772,4.0615298659524148
8,6,1,28,237,-4.1661897425885277,4.0876057345422048
8,6,1,28,238,-4.1947640409997931,4.113560858856669
8,6,1,28,239,-4.2232528676290073,4.139392930320243
8,6,1,28,240,-4.2516539584043498,4.1650996739090811
8,6,1,28,241,-4.2799650768712727,4.1906788485610829
8,6,1,28,242,-4.3081840145992976,4.2161282475737218
8,6,1,28,243,-4.3363085915763486,4.2414456989899403
8,6,1,28,244,-4.3643366565907282,4.2666290659719524
8,6,1,28,245,-4.3922660876004551,4.2916762471627203
8,6,1,28,246,-4.4200947920899845,4.3165851770352317
8,6,1,28,247,-4.4478207074140688,4.3413538262294855
8,6,1,28,248,-4.4754418011287438,4.3659802018769982
8,6,1,28,249,-4.5029560713093328,4.3904623479129654
8,6,1,28,250,-4.5303615468553886,4.4147983453759112
8,6,1,28,251,-4.5576562877825024,4.4389863126948423
8,6,1,28,252,-4.584838385500861,4.4630244059638393
8,6,1,28,253,-4.6119059630806198,4.4869108192041294
8,6,1,28,254,-4.6388571755039463,4.5106437846134719
8,6,1,28,255,-4.6656902099036559,4.5342215728030846
8,6,1,28,256,-4.692403285788588,4.5576424930217598
8,6,1,28,257,-4.7189946552555204,4.5809048933674577
8,6,1,28,258,-4.7454626031876561,4.6040071609863258
8,6,1,28,259,-4.7718054474397693,4.6269477222589863
8,6,1,28,260,-4.7980215390098895,4.6497250429741701
8,6,1,28,261,-4.8241092621975952,4.6723376284899532
8,6,1,28,262,-4.8500670347490065,4.6947840238821179
8,6,1,28,263,-4.8758933079882887,4.7170628140802222
8,6,1,28,264,-4.9015865669359897,4.7391726239908945
8,6,1,28,265,-4.9271453304140236,4.7611121186088043
8,6,1,28,266,-4.9525681511374708,4.78288000311505
8,6,1,28,267,-4.9778536157932098,4.8044750229631923
8,6,1,28,268,-5.0030003451054741,4.8258959639528527
8,6,1,28,269,-5.0280069938883791,4.84714165229102
8,6,1,28,270,-5.052872251085522,4.8682109546410448
8,6,1,28,271,-5.0775948397967063,4.8891027781595238
8,6,1,28,272,-5.1021735172919911,4.909816070520864
8,6,1,28,273,-5.1266070750130064,4.9303498199299245
8,6,1,28,274,-5.1508943385617343,4.9507030551226157
8,6,1,28,275,-5.1750341676769507,4.9708748453545031
8,6,1,28,276,-5.1990254561982194,4.9908643003776367
8,6,1,28,277,-5.2228671320178606,5.0106705704056234
8,6,1,28,278,-5.2465581570207478,5.0302928460669554
8,6,1,28,279,-5.270097527012263,5.0497303583468875
8,6,1,28,280,-5.293484271634469,5.0689823785177142
8,6,1,28,281,-5.3167174542707034,5.0880482180577529
8,6,1,28,282,-5.3397961719386489,5.1069272285589964
8,6,1,28,283,-5.362719555172152,5.1256188016237294
8,6,1,28,284,-5.3854867678919449,5.1441223687499011
8,6,1,28,285,-5.4080970072653223,5.1624374012057519
8,6,1,28,286,-5.4305495035551044,5.1805634098935212
8,6,1,28,287,-5.4528435199579617,5.1984999452025145
8,6,1,28,288,-5.4749783524323137,5.2162465968516178
8,6,1,28,289,-5.4969533295160353,5.23380299372129
8,6,1,28,290,-5.5187678121340458,5.2511688036754354
8,6,1,28,291,-5.5404211933961225,5.2683437333729124
8,6,1,28,292,-5.5619128983850628,5.2853275280691312
8,6,1,28,293,-5.5832423839352883,5.3021199714078122
8,6,1,28,294,-5.6044091384023664,5.3187208852028629
8,6,1,28,295,-5.6254126814234358,5.3351301292107829
8,6,1,28,296,-5.6462525636687131,5.3513476008936047
8,6,1,28,297,-5.6669283665845782,5.3673732351725096
8,6,1,28,298,-5.6874397021281,5.383207004172311
8,6,1,28,299,-5.7077862124935042,5.3988489169569913
8,6,1,28,300,-5.7279675698306054,5.4142990192564771
8,6,1,28,301,-5.7479834759555759,5.4295573931845063
8,6,1,28,302,-5.7678336620541781,5.4446241569483442
8,6,1,28,303,-5.7875178883777023,5.4594994645499524
8,6,1,28,304,-5.8070359439319095,5.4741835054789609
8,6,1,28,305,-5.8263876461590698,5.4886765043978682
8,6,1,28,306,-5.8455728406135163,5.5029787208190992
8,6,1,28,307,-5.8645914006307027,5.5170904487747503
8,6,1,28,308,-5.8834432269902699,5.5310120164785506
8,6,1,28,309,-5.9021282475731409,5.5447437859806961
8,6,1,28,310,-5.9206464170129367,5.5582861528155423
8,6,1,28,311,-5.9389977163419978,5.5716395456422179
8,6,1,28,312,-5.9571821526322291,5.5848044258786391
8,6,1,28,313,-5.9751997586309225,5.5977812873287593
8,6,1,28,314,-5.9930505923918904,5.6105706558035182
8,6,1,28,315,-6.0107347369020907,5.6231730887354923
8,6,1,28,316,-6.0282522997039898,5.6355891747875004
8,6,1,28,317,-6.0456034125138896,5.6478195334553751
8,6,1,28,318,-6.0627882308364907,5.6598648146649415
8,6,1,28,319,-6.0798069335757878,5.6717256983636641
8,6,1,28,320,-6.0966597226427837,5.6834028941066901
8,6,1,28,321,-6.1133468225599454,5.6948971406380968
8,6,1,28,322,-6.1298684800628553,5.7062092054668421
8,6,1,28,323,-6.1462249636991988,5.7173398844382248
8,6,1,28,324,-6.1624165634252996,5.728290001300504
8,6,1,28,325,-6.178443590200505,5.7390604072673463
8,6,1,28,326,-6.1943063755795,5.7496519805758401
8,6,1,28,327,-6.2100052713029372,5.7600656260406193
8,6,1,28,328,-6.2255406488865077,5.7703022746040364
8,6,1,28,329,-6.2409128992086336,5.780362882882681
8,6,1,28,330,-6.2561224320971274,5.7902484327104844
8,6,1,28,331,-6.2711696759148676,5.7999599306783747
8,6,1,28,332,-6.2860550771448924,5.8094984076709073
8,6,1,28,333,NaN,NaN
8,6,1,28,334,NaN,NaN
8,6,1,28,335,NaN,NaN
8,6,1,28,336,NaN,NaN
8,6,1,28,337,NaN,NaN
8,6,1,28,338,NaN,NaN
8,6,1,28,339,NaN,NaN
8,6,1,28,340,NaN,NaN
8,6,1,28,341,NaN,NaN
8,6,1,28,342,NaN,NaN
8,6,1,28,343,NaN,NaN
8,6,1,28,344,NaN,NaN
8,6,1,28,345,NaN,NaN
8,6,1,28,346,NaN,NaN
8,6,1,28,347,NaN,NaN
8,6,1,28,348,NaN,NaN
8,6,1,28,349,NaN,NaN
8,6,1,28,350,NaN,NaN
8,6,1,28,351,NaN,NaN
8,6,1,28,352,NaN,NaN
8,6,1,28,353,NaN,NaN
8,6,1,28,354,NaN,NaN
8,6,1,28,355,NaN,NaN
8,6,1,28,356,NaN,NaN
8,6,1,28,357,NaN,NaN
8,6,1,28,358,NaN,NaN
8,6,1,28,359,NaN,NaN
8,6,1,28,360,NaN,NaN
8,6,1,28,361,NaN,NaN
8,6,1,28,362,NaN,NaN
8,6,1,28,363,NaN,NaN
8,6,1,28,364,NaN,NaN
8,6,1,28,365,NaN,NaN
8,6,1,28,366,NaN,NaN
8,6,1,28,367,NaN,NaN
8,6,1,28,368,NaN,NaN
8,6,1,28,369,NaN,NaN
8,6,1,28,370,NaN,NaN
8,6,1,28,371,NaN,NaN
8,6,1,28,372,NaN,NaN
8,6,1,28,373,NaN,NaN
8,6,1,28,374,NaN,NaN
8,6,1,28,375,NaN,NaN
8,6,1,28,376,NaN,NaN
8,6,1,28,377,NaN,NaN
8,6,1,28,378,NaN,NaN
8,6,1,28,379,NaN,NaN
8,6,1,28,380,NaN,NaN
8,6,1,28,381,NaN,NaN
8,6,1,28,382,NaN,NaN
8,6,1,28,383,NaN,NaN
8,6,1,28,384,NaN,NaN
8,6,1,28,385,NaN,NaN
8,6,1,28,386,NaN,NaN
8,6,1,28,387,NaN,NaN
8,6,1,28,388,NaN,NaN
8,6,1,28,389,NaN,NaN
8,6,1,28,390,NaN,NaN
8,6,1,28,391,NaN,NaN
8,6,1,28,392,NaN,NaN
8,6,1,28,393,NaN,NaN
8,6,1,28,394,NaN,NaN
8,6,1,28,395,NaN,NaN
8,6,1,28,396,NaN,NaN
8,6,1,28,397,NaN,NaN
8,6,1,28,398,NaN,NaN
8,6,1,28,399,NaN,NaN
8,6,1,28,400,NaN,NaN
8,6,1,28,401,NaN,NaN
8,6,1,28,402,NaN,NaN
8,6,1,28,403,NaN,NaN
8,6,1,28,404,NaN,NaN
8,6,1,28,405,NaN,NaN
8,6,1,28,406,NaN,NaN
8,6,1,28,407,NaN,NaN
8,6,1,28,408,NaN,NaN
8,6,1,28,409,NaN,NaN
8,6,1,28,410,NaN,NaN
8,6,1,28,411,NaN,NaN
8,6,1,28,412,NaN,NaN
8,6,1,28,413,NaN,NaN
8,6,1,28,414,NaN,NaN
8,6,1,28,415,NaN,NaN
8,6,1,28,416,NaN,NaN
8,6,1,28,417,NaN,NaN
8,6,1,28,418,NaN,NaN
8,6,1,28,419,NaN,NaN
8,6,1,28,420,NaN,NaN
8,6,1,28,421,NaN,NaN
8,6,1,28,422,NaN,NaN
8,6,1,28,423,NaN,NaN
8,6,1,28,424,NaN,NaN
8,6,1,28,425,NaN,NaN
8,6,1,28,426,NaN,NaN
8,6,1,28,427,NaN,NaN
8,6,1,28,428,NaN,NaN
8,6,1,28,429,NaN,NaN
8,6,1,28,430,NaN,NaN
8,6,1,28,431,NaN,NaN
8,6,1,28,432,NaN,NaN
8,6,1,28,433,NaN,NaN
8,6,1,28,434,NaN,NaN
8,6,1,28,435,NaN,NaN
8,6,1,28,436,NaN,NaN
8,6,1,28,437,NaN,NaN
8,6,1,28,438,NaN,NaN
8,6,1,28,439,NaN,NaN
8,6,1,28,440,NaN,NaN
8,6,1,28,441,NaN,NaN
8,6,1,28,442,NaN,NaN
8,6,1,28,443,NaN,NaN
8,6,1,28,444,NaN,NaN
8,6,1,28,445,NaN,NaN
8,6,1,28,446,NaN,NaN
8,6,1,28,447,NaN,NaN
8,6,1,28,448,NaN,NaN
8,6,1,28,449,NaN,NaN
8,6,1,28,450,NaN,NaN
8,6,1,28,451,NaN,NaN
8,6,1,28,452,NaN,NaN
8,6,1,28,453,NaN,NaN
8,6,1,28,454,NaN,NaN
8,6,1,28,455,NaN,NaN
8,6,1,28,456,NaN,NaN
8,6,1,28,457,NaN,NaN
8,6,1,28,458,NaN,NaN
8,6,1,28,459,NaN,NaN
8,6,1,28,460,NaN,NaN
8,6,1,28,461,NaN,NaN
8,6,1,28,462,NaN,NaN
8,6,1,28,463,NaN,NaN
8,6,1,28,464,NaN,NaN
8,6,1,28,465,NaN,NaN
8,6,1,28,466,NaN,NaN
8,6,1,28,467,NaN,NaN
8,6,1,28,468,NaN,NaN
8,6,1,28,469,NaN,NaN
8,6,1,28,470,NaN,NaN
8,6,1,28,471,NaN,NaN
8,6,1,28,472,NaN,NaN
8,6,1,28,473,NaN,NaN
8,6,1,28,474,NaN,NaN
8,6,1,28,475,NaN,NaN
8,6,1,28,476,NaN,NaN
8,6,1,28,477,NaN,NaN
8,6,1,28,478,NaN,NaN
8,6,1,28,479,NaN,NaN
8,6,1,28,480,NaN,NaN
8,6,1,28,481,NaN,NaN
8,6,1,28,482,NaN,NaN
8,6,1,28,483,NaN,NaN
8,6,1,28,484,NaN,NaN
8,6,1,28,485,NaN,NaN
8,6,1,28,486,NaN,NaN
8,6,1,28,487,NaN,NaN
8,6,1,28,488,NaN,NaN
8,6,1,28,489,NaN,NaN
8,6,1,28,490,NaN,NaN
8,6,1,28,491,NaN,NaN
8,6,1,28,492,NaN,NaN
8,6,1,28,493,NaN,NaN
8,6,1,28,494,NaN,NaN
8,6,1,28,495,NaN,NaN
8,6,1,28,496,NaN,NaN
8,6,1,28,497,NaN,NaN
8,6,1,28,498,NaN,NaN
8,6,1,28,499,NaN,NaN
8,6,1,28,500,NaN,NaN
8,6,1,28,501,NaN,NaN
8,6,1,28,502,NaN,NaN
8,6,1,28,503,NaN,NaN
8,6,1,28,504,NaN,NaN
8,6,1,28,505,NaN,NaN
8,6,1,28,506,NaN,NaN
8,6,1,28,507,NaN,NaN
8,6,1,28,508,NaN,NaN
8,6,1,28,509,NaN,NaN
8,6,1,28,510,NaN,NaN
8,6,1,28,511,NaN,NaN
8,6,1,28,512,NaN,NaN
8,6,1,28,513,NaN,NaN
8,6,1,28,514,NaN,NaN
8,6,1,28,515,NaN,NaN
8,6,1,28,516,NaN,NaN
8,6,1,28,517,NaN,NaN
8,6,1,28,518,NaN,NaN
8,6,1,28,519,NaN,NaN
8,6,1,28,520,NaN,NaN
8,6,1,28,521,NaN,NaN
8,6,1,28,522,NaN,NaN
8,6,1,28,523,NaN,NaN
8,6,1,28,524,NaN,NaN
8,6,1,28,525,NaN,NaN
8,6,1,28,526,NaN,NaN
8,6,1,28,527,NaN,NaN
8,6,1,28,528,NaN,NaN
8,6,1,28,529,NaN,NaN
8,6,1,28,530,NaN,NaN
8,6,1,28,531,NaN,NaN
8,6,1,28,532,NaN,NaN
8,6,1,28,533,NaN,NaN
8,6,1,28,534,NaN,NaN
8,6,1,28,535,NaN,NaN
8,6,1,28,536,NaN,NaN
8,6,1,28,537,NaN,NaN
8,6,1,28,538,NaN,NaN
8,6,1,28,539,NaN,NaN
8,6,1,28,540,NaN,NaN
8,6,1,28,541,NaN,NaN
8,6,1,28,542,NaN,NaN
8,6,1,28,543,NaN,NaN
8,6,1,28,544,NaN,NaN
8,6,1,28,545,NaN,NaN
8,6,1,28,546,NaN,NaN
8,6,1,28,547,NaN,NaN
8,6,1,28,548,NaN,NaN
8,6,1,28,549,NaN,NaN
8,6,1,28,550,NaN,NaN
8,6,1,28,551,NaN,NaN
8,6,1,28,552,NaN,NaN
8,6,1,28,553,NaN,NaN
8,6,1,28,554,NaN,NaN
8,6,1,28,555,NaN,NaN
8,6,1,28,556,NaN,NaN
8,6,1,28,557,NaN,NaN
8,6,1,28,558,NaN,NaN
8,6,1,28,559,NaN,NaN
8,6,1,28,560,NaN,NaN
8,6,1,28,561,NaN,NaN
8,6,1,28,562,NaN,NaN
8,6,1,28,563,NaN,NaN
8,6,1,28,564,NaN,NaN
8,6,1,28,565,NaN,NaN
8,6,1,28,566,NaN,NaN
8,6,1,28,567,NaN,NaN
8,6,1,28,568,NaN,NaN
8,6,1,28,569,NaN,NaN
8,6,1,28,570,NaN,NaN
8,6,1,28,571,NaN,NaN
8,6,1,28,572,NaN,NaN
8,6,1,28,573,NaN,NaN
8,6,1,28,574,NaN,NaN
8,6,1,28,575,NaN,NaN
8,6,1,28,576,NaN,NaN
8,6,1,28,577,NaN,NaN
8,6,1,28,578,NaN,NaN
8,6,1,28,579,NaN,NaN
8,6,1,28,580,NaN,NaN
8,6,1,28,581,NaN,NaN
8,6,1,28,582,NaN,NaN
8,6,1,28,583,NaN,NaN
8,6,1,28,584,NaN,NaN
8,6,1,28,585,NaN,NaN
8,6,1,28,586,NaN,NaN
8,6,1,28,587,NaN,NaN
8,6,1,28,588,NaN,NaN
8,6,1,28,589,NaN,NaN
8,6,1,28,590,NaN,NaN
8,6,1,28,591,NaN,NaN
8,6,1,28,592,NaN,NaN
8,6,1,28,593,NaN,NaN
8,6,1,28,594,NaN,NaN
8,6,1,28,595,NaN,NaN
8,6,1,28,596,NaN,NaN
8,6,1,28,597,NaN,NaN
8,6,1,28,598,NaN,NaN
8,6,1,28,599,NaN,NaN
8,6,1,29,0,0,0
8,6,1,29,1,0,0
8,6,1,29,2,9.4657991445146195e-06,1.1316679759953985e-06
8,6,1,29,3,2.384965376855952e-05,8.8071430648373195e-06
8,6,1,29,4,3.863487275657107e-05,2.8369654914150999e-05
8,6,1,29,5,4.9337232388424468e-05,6.5096043080914434e-05
8,6,1,29,6,5.150631948724893e-05,0.00012419903291649437
8,6,1,29,7,4.0726806549429284e-05,0.00021082928590709926
8,6,1,29,8,1.2619662215218597e-05,0.00033007724168365726
8,6,1,29,9,-3.7156699539409033e-05,0.00048697476735248824
8,6,1,29,10,-0.00011290532868080128,0.00068649662888775609
8,6,1,29,11,-0.00021888970398453722,0.00093356179819148455
8,6,1,29,12,-0.00035933275081001526,0.0012330346086636412
8,6,1,29,13,-0.00053841590942904638,0.0015897257708619161
8,6,1,29,14,-0.00076027825173796693,0.0020083932593700782
8,6,1,29,15,-0.0010290156439607401,0.0024937430810084704
8,6,1,29,16,-0.0013486799535333827,0.0030504299338957042
8,6,1,29,17,-0.0017232782982934403,0.0036830577661850494
8,6,1,29,18,-0.0021567723360649271,0.0043961802425690477
8,6,1,29,19,-0.0026530775931787876,0.0051943011263183569
8,6,1,29,20,-0.0032160628301081129,0.0060818745838159272
8,6,1,29,21,-0.003849549443041278,0.007063305418178456
8,6,1,29,22,-0.0045573108997221112,0.0081429492381046575
8,6,1,29,23,-0.0053430722084468751,0.0093251125676346858
8,6,1,29,24,-0.0062105094187192567,0.010614052902080395
8,6,1,29,25,-0.0071632491526918418,0.012013978714991991
8,6,1,29,26,-0.0082048681659507849,0.013529049420821226
8,6,1,29,27,-0.009338892936799903,0.015163375297386206
8,6,1,29,28,-0.010568799282750785,0.016921017372226177
8,6,1,29,29,-0.011898012003580538,0.018805987276285241
8,6,1,29,30,-0.013329904549741478,0.020822247068486011
8,6,1,29,31,-0.014867798715212377,0.022973709034371237
8,6,1,29,32,-0.016514964354175099,0.025264235461439077
8,6,1,29,33,-0.018274619120356439,0.027697638394430513
8,6,1,29,34,-0.02014992822851891,0.030277679372378574
8,6,1,29,35,-0.022144004237079074,0.033008069150450292
8,6,1,29,36,-0.024259906851265001,0.035892467408260575
8,6,1,29,37,-0.026500642746085656,0.038934482446836838
8,6,1,29,38,-0.028869165408268449,0.042137670876177258
8,6,1,29,39,-0.03136837499662648,0.045505537295001397
8,6,1,29,40,-0.034001118220189364,0.049041533964308548
8,6,1,29,41,-0.036770188233270495,0.052749060476336984
8,6,1,29,42,-0.039678324547226529,0.05663146342009262
8,6,1,29,43,-0.042728212957826583,0.060692036044987518
8,6,1,29,44,-0.045922485487998044,0.064934017923470866
8,6,1,29,45,-0.04926372034531612,0.069360594613959714
8,6,1,29,46,-0.052754441893509973,0.073974897324963207
8,6,1,29,47,-0.056397120637624587,0.078780002581302355
8,6,1,29,48,-0.060194173222166691,0.083778931893480069
8,6,1,29,49,-0.064147962441923889,0.088974651430653862
8,6,1,29,50,-0.068260797264618756,0.094370071698249292
8,6,1,29,51,-0.072534932865297996,0.099968047220705403
8,6,1,29,52,-0.076972570671579588,0.10577137623004607
8,6,1,29,53,-0.081575858419707936,0.11178280036077404
8,6,1,29,54,-0.086346890220523331,0.11800500435169559
8,6,1,29,55,-0.09128770663525132,0.12444061575505871
8,6,1,29,56,-0.096400294760534688,0.13109220465356841
8,6,1,29,57,-0.10168658832219735,0.13796228338550376
8,6,1,29,58,-0.10714846777751252,0.14505330627849478
8,6,1,29,59,-0.11278776042550342,0.15236766939206448
8,6,1,29,60,-0.11860624052473789,0.15990771026957173
8,6,1,29,61,-0.12460562941851161,0.1676757076994162
8,6,1,29,62,-0.13078759566684806,0.17567388148610474
8,6,1,29,63,-0.13715375518497663,0.18390439223124611
8,6,1,29,64,-0.14370567138805024,0.19236934112477622
8,6,1,29,65,-0.1504448553416915,0.20107076974631988
8,6,1,29,66,-0.15737276591800131,0.21001065987732159
8,6,1,29,67,-0.16449080995682985,0.21919093332372352
8,6,1,29,68,-0.17180034243193809,0.22861345174937098
8,6,1,29,69,-0.17930266662168903,0.23828001652051178
8,6,1,29,70,-0.18699903428422426,0.24819236856115923
8,6,1,29,71,-0.19489064583655402,0.25835218821966544
8,6,1,29,72,-0.2029786505375053,0.26876109514640811
8,6,1,29,73,-0.21126414667428373,0.27942064818286816
8,6,1,29,74,-0.21974818175224953,0.29033234526195661
8,6,1,29,75,-0.22843175268792426,0.30149762331964924
8,6,1,29,76,-0.23731580600477864,0.31291785821825346
8,6,1,29,77,-0.24640123803179592,0.32459436468089409
8,6,1,29,78,-0.25568889510447224,0.33652839623772579
8,6,1,29,79,-0.26517957376819834,0.34872114518345876
8,6,1,29,80,-0.27487402098377856,0.3611737425465722
8,6,1,29,81,-0.28477293433496476,0.3738872580699909
8,6,1,29,82,-0.29487696223787774,0.38686270020328872
8,6,1,29,83,-0.30518670415209947,0.40010101610659654
8,6,1,29,84,-0.31570271079348622,0.41360309166589837
8,6,1,29,85,-0.32642548434840268,0.42736975151999868
8,6,1,29,86,-0.33735547868941618,0.44140175909898882
8,6,1,29,87,-0.34849309959228414,0.45569981667429038
8,6,1,29,88,-0.3598387049542795,0.47026456542015593
8,6,1,29,89,-0.37139260501357629,0.48509658548681889
8,6,1,29,90,-0.38315506256993426,0.50019639608498145
8,6,1,29,91,-0.39512629320631043,0.5155644555819322
8,6,1,29,92,-0.40730646551172534,0.5312011616090434
8,6,1,29,93,-0.41969570130500067,0.54710685118072588
8,6,1,29,94,-0.43229407585971824,0.56328180082478863
8,6,1,29,95,-0.44510161813003379,0.57972622672431418
8,6,1,29,96,-0.45811831097774536,0.59644028487069733
8,6,1,29,97,-0.47134409140028866,0.6134240712282274
8,6,1,29,98,-0.48477885075988159,0.63067762190992804
8,6,1,29,99,-0.49842243501388994,0.64820091336462993
8,6,1,29,100,-0.51227464494629782,0.66599386257540361
8,6,1,29,101,-0.52633523640051028,0.6840563272691863
8,6,1,29,102,-0.54060392051345496,0.70238810613766356
8,6,1,29,103,-0.55508036395106042,0.72098893906927808
8,6,1,29,104,-0.56976418914536087,0.73985850739236858
8,6,1,29,105,-0.58465497453299431,0.75899643412955797
8,6,1,29,106,-0.59975225479557137,0.77840228426310776
8,6,1,29,107,-0.61505552110171502,0.79807556501133026
8,6,1,29,108,-0.63056422135110424,0.81801572611610862
8,6,1,29,109,-0.64627776042049945,0.83822216014133033
8,6,1,29,110,-0.66219550041197173,0.85869420278227582
8,6,1,29,111,-0.67831676090344684,0.87943113318592891
8,6,1,29,112,-0.69464081920163623,0.90043217428223132
8,6,1,29,113,-0.7111669105976326,0.9216964931260202
8,6,1,29,114,-0.72789422862523101,0.9432232012499403
8,6,1,29,115,-0.74482192532214775,0.96501135502796986
8,6,1,29,116,-0.76194911149429778,0.98705995604972396
8,6,1,29,117,-0.77927485698335852,1.0093679515054188
8,6,1,29,118,-0.79679819093766424,1.0319342345814579
8,6,1,29,119,-0.81451810208675313,1.0547576448665275
8,6,1,29,120,-0.83243353901958361,1.0778369687683558
8,6,1,29,121,-0.85054341046676418,1.1011709399407932
8,6,1,29,122,-0.86884658558682992,1.1247582397213851
8,6,1,29,123,-0.8873418942568545,1.1485974975792679
8,6,1,29,124,-0.90602812736749194,1.1726872915734625
8,6,1,29,125,-0.92490403712275349,1.1970261488212064
8,6,1,29,126,-0.94396833734451957,1.2216125459766887
8,6,1,29,127,-0.96321970378214217,1.2464449097197932
8,6,1,29,128,-0.98265677442727073,1.2715216172548172
8,6,1,29,129,-1.0022781498340572,1.2968409968192596
8,6,1,29,130,-1.0220823934448453,1.3224013282025298
8,6,1,29,131,-1.0420680319217501,1.3482008432743191
8,6,1,29,132,-1.0622335554840601,1.3742377265228729
8,6,1,29,133,-1.0825774182517955,1.4005101156028181
8,6,1,29,134,-1.1030980385954847,1.4270161018925949
8,6,1,29,135,-1.1237937994924396,1.4537537310613746
8,6,1,29,136,-1.1446630488895715,1.4807210036453107
8,6,1,29,137,-1.1657041000730062,1.507915875633123
8,6,1,29,138,-1.1869152320445886,1.5353362590608017
8,6,1,29,139,-1.2082946899054869,1.5629800226154815
8,6,1,29,140,-1.2298406852469412,1.5908449922481527
8,6,1,29,141,-1.2515513965484115,1.6189289517953926
8,6,1,29,142,-1.2734249695832034,1.6472296436096046
8,6,1,29,143,-1.2954595178315986,1.6757447691981646
8,6,1,29,144,-1.3176531229018407,1.7044719898707568
8,6,1,29,145,-1.3400038349588639,1.7334089273952995
8,6,1,29,146,-1.3625096731609609,1.7625531646619952
8,6,1,29,147,-1.3851686261045049,1.7919022463554231
8,6,1,29,148,-1.407978652276759,1.8214536796347462
8,6,1,29,149,-1.4309376805168639,1.851204934821546
8,6,1,29,150,-1.4540436104851617,1.8811534460954209
8,6,1,29,151,-1.4772943131407312,1.9112966121970416
8,6,1,29,152,-1.5006876312274153,1.9416317971385015
8,6,1,29,153,-1.5242213797681425,1.9721563309209738
8,6,1,29,154,-1.547893346567808,2.0028675102592262
8,6,1,29,155,-1.5717012927245089,2.0337625993131243
8,6,1,29,156,-1.5956429531493899,2.0648388304256553
8,6,1,29,157,-1.6197160370948815,2.096093404867541
8,6,1,29,158,-1.6439182286913878,2.1275234935881153
8,6,1,29,159,-1.6682471874925831,2.1591262379723113
8,6,1,29,160,-1.692700549028936,2.1908987506035511
8,6,1,29,161,-1.7172759253697434,2.2228381160324497
8,6,1,29,162,-1.7419709056934796,2.2549413915509047
8,6,1,29,163,-1.7667830568663723,2.2872056079716763
8,6,1,29,164,-1.7917099240292333,2.3196277704129491
8,6,1,29,165,-1.8167490311923717,2.3522048590878279
8,6,1,29,166,-1.8418978818385057,2.3849338300985816
8,6,1,29,167,-1.8671539595336073,2.417811616235352
8,6,1,29,168,-1.892514728545569,2.4508351277790079
8,6,1,29,169,-1.9179776344704746,2.484001253308235
8,6,1,29,170,-1.9435401048664203,2.5173068605101658
8,6,1,29,171,-1.9691995498947457,2.5507487969947924
8,6,1,29,172,-1.9949533629684157,2.5843238911126472
8,6,1,29,173,-2.0207989214074908,2.6180289527755307
8,6,1,29,174,-2.0467335871014294,2.6518607742801765
8,6,1,29,175,-2.0727547071780927,2.6858161311344859
8,6,1,29,176,-2.0988596146791547,2.719891782886144
8,6,1,29,177,-2.125045629241856,2.7540844739533332
8,6,1,29,178,-2.1513100577866426,2.7883909344574715
8,6,1,29,179,-2.1776501952107785,2.8228078810573183
8,6,1,29,180,-2.2040633250873798,2.8573320177846777
8,6,1,29,181,-2.2305467203698082,2.891960036881061
8,6,1,29,182,-2.2570976441010471,2.9266886196353954
8,6,1,29,183,-2.2837133501280138,2.961514437222093
8,6,1,29,184,-2.3103910838201402,2.9964341515396371
8,6,1,29,185,-2.3371280827923666,3.0314444160492005
8,6,1,29,186,-2.3639215776319391,3.0665418766130466
8,6,1,29,187,-2.3907687926288834,3.1017231723325516
8,6,1,29,188,-2.4176669465097556,3.1369849363854092
8,6,1,29,189,-2.4446132531744325,3.1723237968620199
8,6,1,29,190,-2.4716049224355494,3.2077363776004426
8,6,1,29,191,-2.4986391607602796,3.2432192990200281
8,6,1,29,192,-2.525713172014199,3.2787691789531586
8,6,1,29,193,-2.5528241582067066,3.3143826334750104
8,6,1,29,194,-2.5799693202379514,3.3500562777309644
8,6,1,29,195,-2.6071458586465699,3.3857867267615136
8,6,1,29,196,-2.6343509743582127,3.4215705963243108
8,6,1,29,197,-2.661581869434265,3.4574045037130436
8,6,1,29,198,-2.6888357478204727,3.4932850685731904
8,6,1,29,199,-2.7161098160952579,3.5292089137137745
8,6,1,29,200,-2.7434012842170343,3.5651726659156528
8,6,1,29,201,-2.7707073662705528,3.6011729567353186
8,6,1,29,202,-2.7980252812115189,3.6372064233045536
8,6,1,29,203,-2.8253522536094811,3.6732697091252513
8,6,1,29,204,-2.8526855143882424,3.7093594648594492
8,6,1,29,205,-2.880022301563784,3.7454723491141233
8,6,1,29,206,-2.9073598609790641,3.7816050292206165
8,6,1,29,207,-2.9346954470354403,3.8177541820083789
8,6,1,29,208,-2.9620263234203192,3.8539164945727453
8,6,1,29,209,-2.9893497638307065,3.8900886650366702
8,6,1,29,210,-3.016663052692131,3.9262674033060301
8,6,1,29,211,-3.0439634858728137,3.9624494318182073
8,6,1,29,212,-3.0712483713925156,3.998631486283946
8,6,1,29,213,-3.0985150301258146,4.0348103164219022
8,6,1,29,214,-3.1257607964993883,4.0709826866861336
8,6,1,29,215,-3.1529830191830142,4.1071453769857795
8,6,1,29,216,-3.1801790617738246,4.1432951833971163
8,6,1,29,217,-3.2073463034736127,4.1794289188675036
8,6,1,29,218,-3.2344821397587484,4.215543413911174
8,6,1,29,219,-3.2615839830423319,4.2516355172966254
8,6,1,29,220,-3.2886492633284026,4.2877020967252548
8,6,1,29,221,-3.315675428857662,4.3237400395012866
8,6,1,29,222,-3.3426599467446305,4.3597462531925455
8,6,1,29,223,-3.369600303605691,4.3957176662820423
8,6,1,29,224,-3.3964940061778695,4.4316512288101153
8,6,1,29,225,-3.4233385819279705,4.4675439130069856
8,6,1,29,226,-3.4501315796517718,4.5033927139153915
8,6,1,29,227,-3.4768705700630842,4.5391946500034006
8,6,1,29,228,-3.5035531463722016,4.5749467637669463
8,6,1,29,229,-3.5301769248536949,4.6106461223220903
8,6,1,29,230,-3.5567395454031092,4.64628981798674
8,6,1,29,231,-3.5832386720824005,4.6818749688517984
8,6,1,29,232,-3.6096719936537625,4.7173987193414311
8,6,1,29,233,-3.6360372241018069,4.7528582407624
8,6,1,29,234,-3.6623321031435783,4.7882507318423224
8,6,1,29,235,-3.6885543967264125,4.8235734192565962
8,6,1,29,236,-3.714701897513323,4.8588235581441293
8,6,1,29,237,-3.7407724253557539,4.8939984326113155
8,6,1,29,238,-3.7667638277533944,4.9290953562246189
8,6,1,29,239,-3.7926739803010481,4.9641116724912333
8,6,1,29,240,-3.8185007871222529,4.9990447553279829
8,6,1,29,241,-3.84424218128947,5.0338920095181567
8,6,1,29,242,-3.8698961252307704,5.0686508711564109
8,6,1,29,243,-3.895460611122842,5.1033188080813447
8,6,1,29,244,-3.9209336612701486,5.1378933202958974
8,6,1,29,245,-3.946313328470108,5.1723719403753785
8,6,1,29,246,-3.9715976963642543,5.2067522338630905
8,6,1,29,247,-3.9967848797751393,5.2410317996534035
8,6,1,29,248,-4.0218730250290715,5.27520827036225
8,6,1,29,249,-4.0468603102643774,5.3092793126850637
8,6,1,29,250,-4.0717449457252641,5.343242627741926
8,6,1,29,251,-4.0965251740411546,5.3770959514099799
8,6,1,29,252,-4.1211992704915374,5.4108370546431219
8,6,1,29,253,-4.1457655432560632,5.4444637437787522
8,6,1,29,254,-4.170222333650103,5.4779738608317059
8,6,1,29,255,-4.1945680163455794,5.5113652837753015
8,6,1,29,256,-4.2188009995771045,5.5446359268094074
8,6,1,29,257,-4.2429197253334214,5.5777837406155859
8,6,1,29,258,-4.2669226695341402,5.6108067125992784
8,6,1,29,259,-4.2908083421917933,5.6437028671190301
8,6,1,29,260,-4.3145752875591974,5.6764702657026964
8,6,1,29,261,-4.3382220842622168,5.7091070072507604
8,6,1,29,262,-4.3617473454178377,5.7416112282266365
8,6,1,29,263,-4.3851497187378632,5.7739811028340222
8,6,1,29,264,-4.4084278866178828,5.8062148431813423
8,6,1,29,265,-4.4315805662120624,5.8383106994332996
8,6,1,29,266,-4.4546065094933471,5.8702669599495634
8,6,1,29,267,-4.4775045032995955,5.902081951410584
8,6,1,29,268,-4.5002733693653765,5.9337540389306804
8,6,1,29,269,-4.5229119643398601,5.9652816261582284
8,6,1,29,270,-4.5454191797905548,5.9966631553634384
8,6,1,29,271,-4.5677939421933207,6.0278971075131391
8,6,1,29,272,-4.5900352129086555,6.058982002333277
8,6,1,29,273,-4.6121419881443027,6.089916398358727
8,6,1,29,274,-4.6341132989044524,6.1206988929707631
8,6,1,29,275,-4.6559482109256756,6.1513281224220755
8,6,1,29,276,-4.6776458245996135,6.1818027618496112
8,6,1,29,277,-4.699205274882706,6.212121525275097
8,6,1,29,278,-4.7206257311931452,6.2422831655935234
8,6,1,29,279,-4.7419063972950424,6.2722864745496683
8,6,1,29,280,-4.7630465111702103,6.3021302827025645
8,6,1,29,281,-4.7840453448776463,6.3318134593783242
8,6,1,29,282,-4.804902204400868,6.3613349126110359
8,6,1,29,283,-4.8256164294833201,6.3906935890724075
8,6,1,29,284,-4.8461873934521833,6.4198884739895519
8,6,1,29,285,-4.8666145030304868,6.4489185910517692
8,6,1,29,286,-4.8868971981381017,6.4777830023058396
8,6,1,29,287,-4.9070349516815988,6.5064808080403465
8,6,1,29,288,-4.927027269333184,6.5350111466590839
8,6,1,29,289,-4.9468736892990641,6.563373194543451
8,6,1,29,290,-4.9665737820774156,6.5915661659043421
8,6,1,29,291,-4.9861271502061104,6.6195893126234058
8,6,1,29,292,-5.0055334280005308,6.647441924083938
8,6,1,29,293,-5.0247922812817318,6.675123326991403
8,6,1,29,294,-5.0439034070950353,6.7026328851841264
8,6,1,29,295,-5.0628665334194913,6.7299699994337461
8,6,1,29,296,-5.0816814188683441,6.7571341072361264
8,6,1,29,297,-5.1003478523807599,6.784124682592477
8,6,1,29,298,-5.1188656529050913,6.810941235781157
8,6,1,29,299,-5.1372346690739423,6.8375833131201293
8,6,1,29,300,-5.155454778871249,6.8640504967202896
8,6,1,29,301,-5.173525889291664,6.8903424042299406
8,6,1,29,302,-5.1914479359925441,6.9164586885703452
8,6,1,29,303,-5.2092208829386255,6.9423990376629687
8,6,1,29,304,-5.2268447220399308,6.9681631741479819
8,6,1,29,305,-5.2443194727828937,6.99375085509483
8,6,1,29,306,-5.2616451818551733,7.0191618717045907
8,6,1,29,307,-5.2788219227642763,7.0443960490045612
8,6,1,29,308,-5.2958497954502972,7.0694532455351764
8,6,1,29,309,-5.3127289258931061,7.0943333530294774
8,6,1,29,310,-5.3294594657141534,7.1190362960851656
8,6,1,29,311,-5.3460415917732265,7.143562031829795
8,6,1,29,312,-5.3624755057602833,7.1679105495789122
8,6,1,29,313,-5.3787614337829028,7.1920818704875407
8,6,1,29,314,-5.3948996259493009,7.2160760471951271
8,6,1,29,315,-5.4108903559473784,7.2398931634643313
8,6,1,29,316,-5.4267339206199807,7.2635333338134798
8,6,1,29,317,-5.4424306395365996,7.2869967031433696
8,6,1,29,318,-5.4579808545619448,7.3102834463581425
8,6,1,29,319,-5.4733849294213712,7.3333937679808088
8,6,1,29,320,-5.4886432492636308,7.3563279017634517
8,6,1,29,321,-5.5037562202211792,7.3790861102922074
8,6,1,29,322,-5.5187242689681062,7.4016686845875119
8,6,1,29,323,-5.5335478422762208,7.42407594369954
8,6,1,29,324,-5.5482274065692945,7.4463082342992344
8,6,1,29,325,-5.5627634474758771,7.4683659302649223
8,6,1,29,326,-5.5771564693807392,7.4902494322649975
8,6,1,29,327,-5.5914069949754674,7.5119591673365544
8,6,1,29,328,-5.605515564808111,7.5334955884604895
8,6,1,29,329,-5.619482736832393,7.5548591741329636
8,6,1,29,330,-5.6333090859565722,7.5760504279337146
8,6,1,29,331,-5.6469952035922031,7.5970698780912089
8,6,1,29,332,-5.660541697203092,7.6179180770449024
8,6,1,29,333,-5.6739491898545378,7.6385956010048526
8,6,1,29,334,-5.6872183197632324,7.6591030495088166
8,6,1,29,335,-5.7003497398479483,7.6794410449770281
8,6,1,29,336,NaN,NaN
8,6,1,29,337,NaN,NaN
8,6,1,29,338,NaN,NaN
8,6,1,29,339,NaN,NaN
8,6,1,29,340,NaN,NaN
8,6,1,29,341,NaN,NaN
8,6,1,29,342,NaN,NaN
8,6,1,29,343,NaN,NaN
8,6,1,29,344,NaN,NaN
8,6,1,29,345,NaN,NaN
8,6,1,29,346,NaN,NaN
8,6,1,29,347,NaN,NaN
8,6,1,29,348,NaN,NaN
8,6,1,29,349,NaN,NaN
8,6,1,29,350,NaN,NaN
8,6,1,29,351,NaN,NaN
8,6,1,29,352,NaN,NaN
8,6,1,29,353,NaN,NaN
8,6,1,29,354,NaN,NaN
8,6,1,29,355,NaN,NaN
8,6,1,29,356,NaN,NaN
8,6,1,29,357,NaN,NaN
8,6,1,29,358,NaN,NaN
8,6,1,29,359,NaN,NaN
8,6,1,29,360,NaN,NaN
8,6,1,29,361,NaN,NaN
8,6,1,29,362,NaN,NaN
8,6,1,29,363,NaN,NaN
8,6,1,29,364,NaN,NaN
8,6,1,29,365,NaN,NaN
8,6,1,29,366,NaN,NaN
8,6,1,29,367,NaN,NaN
8,6,1,29,368,NaN,NaN
8,6,1,29,369,NaN,NaN
8,6,1,29,370,NaN,NaN
8,6,1,29,371,NaN,NaN
8,6,1,29,372,NaN,NaN
8,6,1,29,373,NaN,NaN
8,6,1,29,374,NaN,NaN
8,6,1,29,375,NaN,NaN
8,6,1,29,376,NaN,NaN
8,6,1,29,377,NaN,NaN
8,6,1,29,378,NaN,NaN
8,6,1,29,379,NaN,NaN
8,6,1,29,380,NaN,NaN
8,6,1,29,381,NaN,NaN
8,6,1,29,382,NaN,NaN
8,6,1,29,383,NaN,NaN
8,6,1,29,384,NaN,NaN
8,6,1,29,385,NaN,NaN
8,6,1,29,386,NaN,NaN
8,6,1,29,387,NaN,NaN
8,6,1,29,388,NaN,NaN
8,6,1,29,389,NaN,NaN
8,6,1,29,390,NaN,NaN
8,6,1,29,391,NaN,NaN
8,6,1,29,392,NaN,NaN
8,6,1,29,393,NaN,NaN
8,6,1,29,394,NaN,NaN
8,6,1,29,395,NaN,NaN
8,6,1,29,396,NaN,NaN
8,6,1,29,397,NaN,NaN
8,6,1,29,398,NaN,NaN
8,6,1,29,399,NaN,NaN
8,6,1,29,400,NaN,NaN
8,6,1,29,401,NaN,NaN
8,6,1,29,402,NaN,NaN
8,6,1,29,403,NaN,NaN
8,6,1,29,404,NaN,NaN
8,6,1,29,405,NaN,NaN
8,6,1,29,406,NaN,NaN
8,6,1,29,407,NaN,NaN
8,6,1,29,408,NaN,NaN
8,6,1,29,409,NaN,NaN
8,6,1,29,410,NaN,NaN
8,6,1,29,411,NaN,NaN
8,6,1,29,412,NaN,NaN
8,6,1,29,413,NaN,NaN
8,6,1,29,414,NaN,NaN
8,6,1,29,415,NaN,NaN
8,6,1,29,416,NaN,NaN
8,6,1,29,417,NaN,NaN
8,6,1,29,418,NaN,NaN
8,6,1,29,419,NaN,NaN
8,6,1,29,420,NaN,NaN
8,6,1,29,421,NaN,NaN
8,6,1,29,422,NaN,NaN
8,6,1,29,423,NaN,NaN
8,6,1,29,424,NaN,NaN
8,6,1,29,425,NaN,NaN
8,6,1,29,426,NaN,NaN
8,6,1,29,427,NaN,NaN
8,6,1,29,428,NaN,NaN
8,6,1,29,429,NaN,NaN
8,6,1,29,430,NaN,NaN
8,6,1,29,431,NaN,NaN
8,6,1,29,432,NaN,NaN
8,6,1,29,433,NaN,NaN
8,6,1,29,434,NaN,NaN
8,6,1,29,435,NaN,NaN
8,6,1,29,436,NaN,NaN
8,6,1,29,437,NaN,NaN
8,6,1,29,438,NaN,NaN
8,6,1,29,439,NaN,NaN
8,6,1,29,440,NaN,NaN
8,6,1,29,441,NaN,NaN
8,6,1,29,442,NaN,NaN
8,6,1,29,443,NaN,NaN
8,6,1,29,444,NaN,NaN
8,6,1,29,445,NaN,NaN
8,6,1,29,446,NaN,NaN
8,6,1,29,447,NaN,NaN
8,6,1,29,448,NaN,NaN
8,6,1,29,449,NaN,NaN
8,6,1,29,450,NaN,NaN
8,6,1,29,451,NaN,NaN
8,6,1,29,452,NaN,NaN
8,6,1,29,453,NaN,NaN
8,6,1,29,454,NaN,NaN
8,6,1,29,455,NaN,NaN
8,6,1,29,456,NaN,NaN
8,6,1,29,457,NaN,NaN
8,6,1,29,458,NaN,NaN
8,6,1,29,459,NaN,NaN
8,6,1,29,460,NaN,NaN
8,6,1,29,461,NaN,NaN
8,6,1,29,462,NaN,NaN
8,6,1,29,463,NaN,NaN
8,6,1,29,464,NaN,NaN
8,6,1,29,465,NaN,NaN
8,6,1,29,466,NaN,NaN
8,6,1,29,467,NaN,NaN
8,6,1,29,468,NaN,NaN
8,6,1,29,469,NaN,NaN
8,6,1,29,470,NaN,NaN
8,6,1,29,471,NaN,NaN
8,6,1,29,472,NaN,NaN
8,6,1,29,473,NaN,NaN
8,6,1,29,474,NaN,NaN
8,6,1,29,475,NaN,NaN
8,6,1,29,476,NaN,NaN
8,6,1,29,477,NaN,NaN
8,6,1,29,478,NaN,NaN
8,6,1,29,479,NaN,NaN
8,6,1,29,480,NaN,NaN
8,6,1,29,481,NaN,NaN
8,6,1,29,482,NaN,NaN
8,6,1,29,483,NaN,NaN
8,6,1,29,484,NaN,NaN
8,6,1,29,485,NaN,NaN
8,6,1,29,486,NaN,NaN
8,6,1,29,487,NaN,NaN
8,6,1,29,488,NaN,NaN
8,6,1,29,489,NaN,NaN
8,6,1,29,490,NaN,NaN
8,6,1,29,491,NaN,NaN
8,6,1,29,492,NaN,NaN
8,6,1,29,493,NaN,NaN
8,6,1,29,494,NaN,NaN
8,6,1,29,495,NaN,NaN
8,6,1,29,496,NaN,NaN
8,6,1,29,497,NaN,NaN
8,6,1,29,498,NaN,NaN
8,6,1,29,499,NaN,NaN
8,6,1,29,500,NaN,NaN
8,6,1,29,501,NaN,NaN
8,6,1,29,502,NaN,NaN
8,6,1,29,503,NaN,NaN
8,6,1,29,504,NaN,NaN
8,6,1,29,505,NaN,NaN
8,6,1,29,506,NaN,NaN
8,6,1,29,507,NaN,NaN
8,6,1,29,508,NaN,NaN
8,6,1,29,509,NaN,NaN
8,6,1,29,510,NaN,NaN
8,6,1,29,511,NaN,NaN
8,6,1,29,512,NaN,NaN
8,6,1,29,513,NaN,NaN
8,6,1,29,514,NaN,NaN
8,6,1,29,515,NaN,NaN
8,6,1,29,516,NaN,NaN
8,6,1,29,517,NaN,NaN
8,6,1,29,518,NaN,NaN
8,6,1,29,519,NaN,NaN
8,6,1,29,520,NaN,NaN
8,6,1,29,521,NaN,NaN
8,6,1,29,522,NaN,NaN
8,6,1,29,523,NaN,NaN
8,6,1,29,524,NaN,NaN
8,6,1,29,525,NaN,NaN
8,6,1,29,526,NaN,NaN
8,6,1,29,527,NaN,NaN
8,6,1,29,528,NaN,NaN
8,6,1,29,529,NaN,NaN
8,6,1,29,530,NaN,NaN
8,6,1,29,531,NaN,NaN
8,6,1,29,532,NaN,NaN
8,6,1,29,533,NaN,NaN
8,6,1,29,534,NaN,NaN
8,6,1,29,535,NaN,NaN
8,6,1,29,536,NaN,NaN
8,6,1,29,537,NaN,NaN
8,6,1,29,538,NaN,NaN
8,6,1,29,539,NaN,NaN
8,6,1,29,540,NaN,NaN
8,6,1,29,541,NaN,NaN
8,6,1,29,542,NaN,NaN
8,6,1,29,543,NaN,NaN
8,6,1,29,544,NaN,NaN
8,6,1,29,545,NaN,NaN
8,6,1,29,546,NaN,NaN
8,6,1,29,547,NaN,NaN
8,6,1,29,548,NaN,NaN
8,6,1,29,549,NaN,NaN
8,6,1,29,550,NaN,NaN
8,6,1,29,551,NaN,NaN
8,6,1,29,552,NaN,NaN
8,6,1,29,553,NaN,NaN
8,6,1,29,554,NaN,NaN
8,6,1,29,555,NaN,NaN
8,6,1,29,556,NaN,NaN
8,6,1,29,557,NaN,NaN
8,6,1,29,558,NaN,NaN
8,6,1,29,559,NaN,NaN
8,6,1,29,560,NaN,NaN
8,6,1,29,561,NaN,NaN
8,6,1,29,562,NaN,NaN
8,6,1,29,563,NaN,NaN
8,6,1,29,564,NaN,NaN
8,6,1,29,565,NaN,NaN
8,6,1,29,566,NaN,NaN
8,6,1,29,567,NaN,NaN
8,6,1,29,568,NaN,NaN
8,6,1,29,569,NaN,NaN
8,6,1,29,570,NaN,NaN
8,6,1,29,571,NaN,NaN
8,6,1,29,572,NaN,NaN
8,6,1,29,573,NaN,NaN
8,6,1,29,574,NaN,NaN
8,6,1,29,575,NaN,NaN
8,6,1,29,576,NaN,NaN
8,6,1,29,577,NaN,NaN
8,6,1,29,578,NaN,NaN
8,6,1,29,579,NaN,NaN
8,6,1,29,580,NaN,NaN
8,6,1,29,581,NaN,NaN
8,6,1,29,582,NaN,NaN
8,6,1,29,583,NaN,NaN
8,6,1,29,584,NaN,NaN
8,6,1,29,585,NaN,NaN
8,6,1,29,586,NaN,NaN
8,6,1,29,587,NaN,NaN
8,6,1,29,588,NaN,NaN
8,6,1,29,589,NaN,NaN
8,6,1,29,590,NaN,NaN
8,6,1,29,591,NaN,NaN
8,6,1,29,592,NaN,NaN
8,6,1,29,593,NaN,NaN
8,6,1,29,594,NaN,NaN
8,6,1,29,595,NaN,NaN
8,6,1,29,596,NaN,NaN
8,6,1,29,597,NaN,NaN
8,6,1,29,598,NaN,NaN
8,6,1,29,599,NaN,NaN
8,6,2,67,0,0,0
8,6,2,67,1,0,0
8,6,2,67,2,-0.00011753531486968782,-2.9173512264279999e-05
8,6,2,67,3,-0.00035465695503722472,-8.3832479044754216e-05
8,6,2,67,4,-0.00071335559696517059,-0.0001603116524778736
8,6,2,67,5,-0.0011955630426163655,-0.00025496670286173639
8,6,2,67,6,-0.0018031535936990917,-0.00036417254349607742
8,6,2,67,7,-0.0025379453481466641,-0.00048432185655311599
8,6,2,67,8,-0.0034017014249987376,-0.00061182380478308485
8,6,2,67,9,-0.0043961311240070522,-0.00074310291506840542
8,6,2,67,10,-0.0055228910251725605,-0.00087459812106449597
8,6,2,67,11,-0.0067835860337595033,-0.0010027619529173748
8,6,2,67,12,-0.0081797703752772843,-0.0011240598628114995
8,6,2,67,13,-0.009712948544909894,-0.0012349696760699524
8,6,2,67,14,-0.011384591465707361,-0.0013319818067708544
8,6,2,67,15,-0.01319632256709391,-0.0014116060206320613
8,6,2,67,16,-0.015149722998303305,-0.0014703618314654276
8,6,2,67,17,-0.017246331687720273,-0.0015047782703558887
8,6,2,67,18,-0.019487645433363676,-0.0015113937471750161
8,6,2,67,19,-0.021875119022851663,-0.0014867559970432875
8,6,2,67,20,-0.024410165381261173,-0.0014274221047688718
8,6,2,67,21,-0.027094155745610582,-0.0013299586010401265
8,6,2,67,22,-0.02992841986459438,-0.0011909416245375892
8,6,2,67,23,-0.032914246222326415,-0.0010069571443699354
8,6,2,67,24,-0.036052882284864918,-0.00077460123781014634
8,6,2,67,25,-0.039345534768364665,-0.00049048041868837711
8,6,2,67,26,-0.042793369927840441,-0.00015121201185352984
8,6,2,67,27,-0.046397513865370499,0.00024657543015449424
8,6,2,67,28,-0.050159052856829645,0.00070624167222144152
8,6,2,67,29,-0.054079033696186052,0.0012311343069615344
8,6,2,67,30,-0.058158464056395909,0.0018245882334594343
8,6,2,67,31,-0.062398312866035477,0.0024899251076654361
8,6,2,67,32,-0.066799510700754627,0.0032304527671306316
8,6,2,67,33,-0.071362950188891272,0.0040494646327549066
8,6,2,67,34,-0.076089486430236386,0.004950239089948627
8,6,2,67,35,-0.080979937427316795,0.0059360388516255247
8,6,2,67,36,-0.086035084528413019,0.0070101103049863278
8,6,2,67,37,-0.091255672881596084,0.0081756828440915363
8,6,2,67,38,-0.096642411899106051,0.0094359681900996195
8,6,2,67,39,-0.10219597573127848,0.010794159700855399
8,6,2,67,40,-0.10791700374954694,0.01225343167130799
8,6,2,67,41,-0.11380610103770561,0.013816938626406983
8,6,2,67,42,-0.11986383889090457,0.015487814607642592
8,6,2,67,43,-0.12609075532171166,0.017269172454562054
8,6,2,67,44,-0.13248735557270797,0.019164103082588979
8,6,2,67,45,-0.1390541126350231,0.021175674757889507
8,6,2,67,46,-0.14579146777208285,0.023306932370761868
8,6,2,67,47,-0.15269983104837515,0.025560896707940706
8,6,2,67,48,-0.15977958186229602,0.02794056372529552
8,6,2,67,49,-0.16703106948278146,0.030448903821203577
8,6,2,67,50,-0.17445461358919778,0.033088861111693624
8,6,2,67,51,-0.18205050481387985,0.035863352707890539
8,6,2,67,52,-0.18981900528692308,0.038775267996540852
8,6,2,67,53,-0.19776034918271845,0.041827467924068773
8,6,2,67,54,-0.20587474326766997,0.045022784284898254
8,6,2,67,55,-0.21416236744886685,0.048364019014440762
8,6,2,67,56,-0.22262337532294452,0.051853943487262244
8,6,2,67,57,-0.23125789472494551,0.055495297820989942
8,6,2,67,58,-0.24006602827666979,0.05929079018616723
8,6,2,67,59,-0.24904785393403128,0.0632430961226782
8,6,2,67,60,-0.25820342553308229,0.06735485786299733
8,6,2,67,61,-0.26753277333433911,0.07162868366253905
8,6,2,67,62,-0.27703590456487626,0.076067147137612312
8,6,2,67,63,-0.28671280395796139,0.080672786611132863
8,6,2,67,64,-0.29656343428977605,0.085448104466376296
8,6,2,67,65,-0.30658773691287777,0.090395566509110514
8,6,2,67,66,-0.31678563228609291,0.095517601338315772
8,6,2,67,67,-0.32715702050038487,0.1008165997256949
8,6,2,67,68,-0.33770178180052013,0.10629491400423463
8,6,2,67,69,-0.34841977710213801,0.11195485746591516
8,6,2,67,70,-0.35931084850379658,0.11779870376905088
8,6,2,67,71,-0.37037481979395048,0.12382868635495148
8,6,2,67,72,-0.38161149695238317,0.13004699787455276
8,6,2,67,73,-0.39302066864578267,0.13645578962494798
8,6,2,67,74,-0.40460210671739993,0.14305717099591109
8,6,2,67,75,-0.4163555666702401,0.14985320892677845
8,6,2,67,76,-0.42828078814383108,0.15684592737358893
8,6,2,67,77,-0.44037749538413662,0.16403730678682671
8,6,2,67,78,-0.45264539770641932,0.17142928359968335
8,6,2,67,79,-0.46508418995089285,0.17902374972712243
8,6,2,67,80,-0.47769355293093563,0.18682255207586873
8,6,2,67,81,-0.49047315387359958,0.19482749206523875
8,6,2,67,82,-0.50342264685235838,0.20304032515915671
8,6,2,67,83,-0.51654167321180111,0.2114627604093311
8,6,2,67,84,-0.52982986198416016,0.22009646000974992
8,6,2,67,85,-0.54328683029754021,0.2289430388624808
8,6,2,67,86,-0.55691218377567075,0.23800406415507847
8,6,2,67,87,-0.57070551692902094,0.24728105494948305
8,6,2,67,88,-0.584666413537277,0.25677548178262288
8,6,2,67,89,-0.59879444702292117,0.26648876627880236
8,6,2,67,90,-0.61308918081590669,0.27642228077387199
8,6,2,67,91,-0.62755016870937319,0.28657734795140832
8,6,2,67,92,-0.64217695520613072,0.2969552404909398
8,6,2,67,93,-0.65696907585613973,0.30755718072813798
8,6,2,67,94,-0.67192605758469304,0.3183843403273795
8,6,2,67,95,-0.68704741901131627,0.32943783996649267
8,6,2,67,96,-0.70233267075944239,0.34071874903377486
8,6,2,67,97,-0.71778131575669923,0.35222808533762751
8,6,2,67,98,-0.73339284952588235,0.36396681482859516
8,6,2,67,99,-0.74916676046659636,0.37593585133390839
8,6,2,67,100,-0.76510253012751495,0.38813605630492465
8,6,2,67,101,-0.78119963346936494,0.40056823857705093
8,6,2,67,102,-0.79745753911860118,0.41323315414263095
8,6,2,67,103,-0.81387570961176658,0.42613150593673599
8,6,2,67,104,-0.83045360163067072,0.43926394363579813
8,6,2,67,105,-0.8471906662284312,0.45263106346934701
8,6,2,67,106,-0.86408634904632242,0.46623340804488322
8,6,2,67,107,-0.88114009052165931,0.48007146618578578
8,6,2,67,108,-0.89835132608665491,0.49414567278259769
8,6,2,67,109,-0.91571948635846834,0.50845640865754549
8,6,2,67,110,-0.93324399732043206,0.5230040004423786
8,6,2,67,111,-0.95092428049466382,0.53778872046964243
8,6,2,67,112,-0.9687597531060077,0.55281078667753503
8,6,2,67,113,-0.98674982823764856,0.56807036252816134
8,6,2,67,114,-1.0048939149783498,0.58356755693946827
8,6,2,67,115,-1.0231914185615143,0.59930242423076596
8,6,2,67,116,-1.0416417404962075,0.61527496408199933
8,6,2,67,117,-1.0602442786903088,0.63148512150675573
8,6,2,67,118,-1.0789984275658582,0.64793278683902555
8,6,2,67,119,-1.0979035781668978,0.66461779573382118
8,6,2,67,120,-1.1169591182598193,0.68153992918172646
8,6,2,67,121,-1.1361644324265507,0.69869891353721847
8,6,2,67,122,-1.155518902150543,0.71609442056110584
8,6,2,67,123,-1.175021905896001,0.73372606747683367
8,6,2,67,124,-1.1946728191803424,0.75159341704080507
8,6,2,67,125,-1.2144710146401227,0.76969597762674702
8,6,2,67,126,-1.2344158620906431,0.78803320332423155
8,6,2,67,127,-1.2545067285794687,0.80660449405104973
8,6,2,67,128,-1.2747429784340014,0.8254091956798465
8,6,2,67,129,-1.2951239733032638,0.84444660017881923
8,6,2,67,130,-1.3156490721942915,0.86371594576643285
8,6,2,67,131,-1.3363176315030867,0.88321641708035414
8,6,2,67,132,-1.357129005040586,0.90294714536033049
8,6,2,67,133,-1.3780825440536382,0.92290720864534603
8,6,2,67,134,-1.3991775972413856,0.94309563198476942
8,6,2,67,135,-1.4204135107671767,0.96351138766343769
8,6,2,67,136,-1.4417896282662268,0.98415339544099811
8,6,2,67,137,-1.4633052908491984,1.0050205228052196
8,6,2,67,138,-1.4849598371021677,1.0261115852390812
8,6,2,67,139,-1.5067526030827227,1.0474253465021621
8,6,2,67,140,-1.5286829223129683,1.0689605189256186
8,6,2,67,141,-1.5507501257691902,1.0907157637212421
8,6,2,67,142,-1.5729535418686658,1.1126896913042446
8,6,2,67,143,-1.5952924964537374,1.1348808616297972
8,6,2,67,144,-1.6177663127733832,1.1572877845433012
8,6,2,67,145,-1.6403743114624947,1.179908920144318
8,6,2,67,146,-1.6631158105190502,1.2027426791639872
8,6,2,67,147,-1.6859901252794407,1.22578742335602
8,6,2,67,148,-1.7089965683921127,1.2490414659009601
8,6,2,67,149,-1.7321344497897517,1.2725030718239689
8,6,2,67,150,-1.7554030766602002,1.2961704584256135
8,6,2,67,151,-1.7788017534162814,1.3200417957259765
8,6,2,67,152,-1.8023297816648076,1.344115206921606
8,6,2,67,153,-1.8259864601748443,1.3683887688555274
8,6,2,67,154,-1.849771084845514,1.3928605124999853
8,6,2,67,155,-1.8736829486735052,1.4175284234518137
8,6,2,67,156,-1.8977213417203653,1.4423904424404972
8,6,2,67,157,-1.9218855510799771,1.4674444658484498
8,6,2,67,158,-1.946174860846106,1.4926883462438174
8,6,2,67,159,-1.9705885520804156,1.5181198929251682
8,6,2,67,160,-1.995125902780992,1.5437368724783851
8,6,2,67,161,-2.0197861878515688,1.5695370093452592
8,6,2,67,162,-2.0445686790716122,1.5955179864038023
8,6,2,67,163,-2.0694726450673606,1.6216774455601572
8,6,2,67,164,-2.0944973512841027,1.6480129883516574
8,6,2,67,165,-2.1196420599595758,1.6745221765612968
8,6,2,67,166,-2.1449060300989142,1.701202532843002
8,6,2,67,167,-2.1702885174510356,1.728051541357825
8,6,2,67,168,-2.1957887744866844,1.7550666484207056
8,6,2,67,169,-2.221406050378294,1.7822452631576806
8,6,2,67,170,-2.2471395909816727,1.8095847581732745
8,6,2,67,171,-2.2729886388196285,1.8370824702280104
8,6,2,67,172,-2.2989524330677193,1.8647357009256376
8,6,2,67,173,-2.3250302095422004,1.8925417174099319
8,6,2,67,174,-2.3512212006900626,1.9204977530710876
8,6,2,67,175,-2.3775246355815902,1.9486010082609835
8,6,2,67,176,-2.4039397399051419,1.976848651017618
8,6,2,67,177,-2.430465735964499,2.0052378177981529
8,6,2,67,178,-2.457101842678755,2.0337656142203926
8,6,2,67,179,-2.4838472755846777,2.0624291158125807
8,6,2,67,180,-2.5107012468418177,2.0912253687711631
8,6,2,67,181,-2.5376629652402394,2.1201513907262632
8,6,2,67,182,-2.5647316362109542,2.1492041715146986
8,6,2,67,183,-2.5919064618391774,2.1783806739602452
8,6,2,67,184,-2.6191866408802502,2.2076778346608843
8,6,2,67,185,-2.646571368778472,2.2370925647827304
8,6,2,67,186,-2.6740598376886693,2.2666217508605815
8,6,2,67,187,-2.7016512365006351,2.2962622556044616
8,6,2,67,188,-2.7293447508664084,2.3260109187123126
8,6,2,67,189,-2.7571395632303486,2.3558645576882391
8,6,2,67,190,-2.785034852862073,2.3858199686662225
8,6,2,67,191,-2.8130297958922359,2.4158739272388514
8,6,2,67,192,-2.8411235653511002,2.446023189291044
8,6,2,67,193,-2.8693153312098598,2.4762644918382923
8,6,2,67,194,-2.8976042604248633,2.5065945538691099
8,6,2,67,195,-2.9259895169844286,2.5370100771916397
8,6,2,67,196,-2.9544702619584697,2.5675077472838979
8,6,2,67,197,-2.9830456535507919,2.5980842341474935
8,6,2,67,198,-3.0117148471540345,2.6287361931644631
8,6,2,67,199,-3.040476995407154,2.6594602659570752
8,6,2,67,200,-3.069331248255569,2.6902530812500656
8,6,2,67,201,-3.0982767530137121,2.7211112557353729
8,6,2,67,202,-3.1273126544301033,2.7520313949387005
8,6,2,67,203,-3.1564380947547823,2.7830100940878593
8,6,2,67,204,-3.1856522138090924,2.8140439389825911
8,6,2,67,205,-3.2149541490577693,2.8451295068654403
8,6,2,67,206,-3.2443430356831837,2.8762633672935412
8,6,2,67,207,-3.2738180066617941,2.9074420830109666
8,6,2,67,208,-3.3033781928426653,2.9386622108212412
8,6,2,67,209,-3.333022723027923,2.9699203024600216
8,6,2,67,210,-3.3627507240553021,3.0012129054672569
8,6,2,67,211,-3.3925613208823533,3.0325365640589212
8,6,2,67,212,-3.4224536366725955,3.0638878199978126
8,6,2,67,213,-3.4524267928833288,3.0952632134631037
8,6,2,67,214,-3.4824799093550185,3.126659283918523
8,6,2,67,215,-3.5126121044023071,3.1580725709788289
8,6,2,67,216,-3.542822494906428,3.189499615274122
8,6,2,67,217,-3.5731101964090408,3.2209369593120569
8,6,2,67,218,-3.6034743232073732,3.2523811483372493
8,6,2,67,219,-3.6339139884505158,3.2838287311880485
8,6,2,67,220,-3.6644283042369388,3.315276261149966
8,6,2,67,221,-3.69501638171299,3.346720296805858
8,6,2,67,222,-3.7256773311723999,3.3781574028823673
8,6,2,67,223,-3.7564102621566176,3.4095841510924347
8,6,2,67,224,-3.7872142835559899,3.440997120973563
8,6,2,67,225,-3.8180885037116585,3.4723929007216241
8,6,2,67,226,-3.8490320305180292,3.5037680880199455
8,6,2,67,227,-3.8800439715258483,3.5351192908633591
8,6,2,67,228,-3.9111234340456882,3.5664431283771085
8,6,2,67,229,-3.9422695252519011,3.5977362316300137
8,6,2,67,230,-3.9734813522867505,3.6289952444422098
8,6,2,67,231,-4.0047580223649124,3.6602168241865183
8,6,2,67,232,-4.0360986428779828,3.6913976425839046
8,6,2,67,233,-4.0675023214991839,3.722534386492224
8,6,2,67,234,-4.0989681662879249,3.7536237586883821
8,6,2,67,235,-4.1304952857944501,3.7846624786433498
8,6,2,67,236,-4.1620827891641508,3.8156472832902883
8,6,2,67,237,-4.1937297862417902,3.8465749277849874
8,6,2,67,238,-4.2254353876754136,3.8774421862587864
8,6,2,67,239,-4.2571987050198326,3.9082458525636548
8,6,2,67,240,-4.2890188508397316,3.9389827410091449
8,6,2,67,241,-4.3208949388122919,3.9696496870911728
8,6,2,67,242,-4.3528260838292425,4.0002435482121594
8,6,2,67,243,-4.3848114020983209,4.0307612043926131
8,6,2,67,244,-4.4168500112440228,4.0611995589737857
8,6,2,67,245,-4.4489410304076715,4.0915555393112566
8,6,2,67,246,-4.4810835803467004,4.121826097459202
8,6,2,67,247,-4.5132767835330769,4.1520082108452261
8,6,2,67,248,-4.545519764250888,4.1820988829357111
8,6,2,67,249,-4.5778116486929417,4.2120951438910623
8,6,2,67,250,-4.6101515650564977,4.2419940512112371
8,6,2,67,251,-4.6425386436378506,4.2717926903709484
8,6,2,67,252,-4.6749720169259934,4.3014881754446845
8,6,2,67,253,-4.7074508196950751,4.3310776497211627
8,6,2,67,254,-4.7399741890958191,4.3605582863072092
8,6,2,67,255,-4.7725412647457226,4.3899272887208181
8,6,2,67,256,-4.8051511888181135,4.4191818914733529
8,6,2,67,257,-4.837803106129912,4.448319360640693
8,6,2,67,258,-4.8704961642282658,4.4773369944230561
8,6,2,67,259,-4.9032295134757709,4.5062321236937404
8,6,2,67,260,-4.9360023071345296,4.5350021125361266
8,6,2,67,261,-4.9688137014487657,4.5636443587694195
8,6,2,67,262,-5.0016628557262965,4.5921562944624297
8,6,2,67,263,-5.034548932418403,4.6205353864358063
8,6,2,67,264,-5.0674710971986006,4.6487791367521378
8,6,2,67,265,-5.1004285190398511,4.6768850831942741
8,6,2,67,266,-5.1334203702904979,4.7048507997313775
8,6,2,67,267,-5.1664458267487277,4.7326738969729973
8,6,2,67,268,-5.1995040677357771,4.7603520226105394
8,6,2,67,269,-5.2325942761675792,4.7878828618467955
8,6,2,67,270,-5.2657156386251351,4.8152641378126946
8,6,2,67,271,-5.2988673454234299,4.8424936119717623
8,6,2,67,272,-5.3320485906789674,4.8695690845120012
8,6,2,67,273,-5.3652585723759474,4.8964883947249263
8,6,2,67,274,-5.3984964924309597,4.9232494213723195
8,6,2,67,275,-5.4317615567564479,4.9498500830397942
8,6,2,67,276,-5.4650529753226262,4.9762883384779775
8,6,2,67,277,-5.498369962218252,5.002562186930545
8,6,2,67,278,-5.5317117357097985,5.0286696684496395
8,6,2,67,279,-5.5650775182995211,5.0546088641982569
8,6,2,67,280,-5.598466536782043,5.0803778967397264
8,6,2,67,281,-5.6318780222997358,5.1059749303142858
8,6,2,67,282,-5.6653112103967338,5.1313981711026715
8,6,2,67,283,-5.6987653410717432,5.1566458674766862
8,6,2,67,284,-5.7322396588295632,5.1817163102368529
8,6,2,67,285,-5.7657334127313442,5.2066078328370482
8,6,2,67,286,-5.7992458564437133,5.2313188115960667
8,6,2,67,287,-5.8327762482865921,5.2558476658963711
8,6,2,67,288,-5.8663238512800202,5.2801928583696336
8,6,2,67,289,-5.8998879331896017,5.3043528950695444
8,6,2,67,290,-5.9334677665710212,5.3283263256314193
8,6,2,67,291,-5.9670626288133857,5.3521117434191439
8,6,2,67,292,-6.000671802181456,5.3757077856589977
8,6,2,67,293,-6.0342945738569185,5.3991131335607205
8,6,2,67,294,-6.0679302359785412,5.4223265124256823
8,6,2,67,295,-6.1015780856813642,5.4453466917423397
8,6,2,67,296,-6.1352374251349424,5.4681724852688376
8,6,2,67,297,-6.1689075615806166,5.4908027511029163
8,6,2,67,298,-6.2025878073678378,5.5132363917393041
8,6,2,67,299,-6.2362774799896714,5.5354723541142157
8,6,2,67,300,-6.2699759021173138,5.5575096296376554
8,6,2,67,301,-6.3036824016339086,5.5793472542129487
8,6,2,67,302,-6.3373963116674314,5.6009843082439694
8,6,2,67,303,-6.3711169706228254,5.6224199166301085
8,6,2,67,304,-6.4048437222134105,5.6436532487488114
8,6,2,67,305,-6.4385759154914401,5.6646835184260587
8,6,2,67,306,-6.4723129048781027,5.6855099838945797
8,6,2,67,307,-6.5060540501926889,5.7061319477402535
8,6,2,67,308,NaN,NaN
8,6,2,67,309,NaN,NaN
8,6,2,67,310,NaN,NaN
8,6,2,67,311,NaN,NaN
8,6,2,67,312,NaN,NaN
8,6,2,67,313,NaN,NaN
8,6,2,67,314,NaN,NaN
8,6,2,67,315,NaN,NaN
8,6,2,67,316,NaN,NaN
8,6,2,67,317,NaN,NaN
8,6,2,67,318,NaN,NaN
8,6,2,67,319,NaN,NaN
8,6,2,67,320,NaN,NaN
8,6,2,67,321,NaN,NaN
8,6,2,67,322,NaN,NaN
8,6,2,67,323,NaN,NaN
8,6,2,67,324,NaN,NaN
8,6,2,67,325,NaN,NaN
8,6,2,67,326,NaN,NaN
8,6,2,67,327,NaN,NaN
8,6,2,67,328,NaN,NaN
8,6,2,67,329,NaN,NaN
8,6,2,67,330,NaN,NaN
8,6,2,67,331,NaN,NaN
8,6,2,67,332,NaN,NaN
8,6,2,67,333,NaN,NaN
8,6,2,67,334,NaN,NaN
8,6,2,67,335,NaN,NaN
8,6,2,67,336,NaN,NaN
8,6,2,67,337,NaN,NaN
8,6,2,67,338,NaN,NaN
8,6,2,67,339,NaN,NaN
8,6,2,67,340,NaN,NaN
8,6,2,67,341,NaN,NaN
8,6,2,67,342,NaN,NaN
8,6,2,67,343,NaN,NaN
8,6,2,67,344,NaN,NaN
8,6,2,67,345,NaN,NaN
8,6,2,67,346,NaN,NaN
8,6,2,67,347,NaN,NaN
8,6,2,67,348,NaN,NaN
8,6,2,67,349,NaN,NaN
8,6,2,67,350,NaN,NaN
8,6,2,67,351,NaN,NaN
8,6,2,67,352,NaN,NaN
8,6,2,67,353,NaN,NaN
8,6,2,67,354,NaN,NaN
8,6,2,67,355,NaN,NaN
8,6,2,67,356,NaN,NaN
8,6,2,67,357,NaN,NaN
8,6,2,67,358,NaN,NaN
8,6,2,67,359,NaN,NaN
8,6,2,67,360,NaN,NaN
8,6,2,67,361,NaN,NaN
8,6,2,67,362,NaN,NaN
8,6,2,67,363,NaN,NaN
8,6,2,67,364,NaN,NaN
8,6,2,67,365,NaN,NaN
8,6,2,67,366,NaN,NaN
8,6,2,67,367,NaN,NaN
8,6,2,67,368,NaN,NaN
8,6,2,67,369,NaN,NaN
8,6,2,67,370,NaN,NaN
8,6,2,67,371,NaN,NaN
8,6,2,67,372,NaN,NaN
8,6,2,67,373,NaN,NaN
8,6,2,67,374,NaN,NaN
8,6,2,67,375,NaN,NaN
8,6,2,67,376,NaN,NaN
8,6,2,67,377,NaN,NaN
8,6,2,67,378,NaN,NaN
8,6,2,67,379,NaN,NaN
8,6,2,67,380,NaN,NaN
8,6,2,67,381,NaN,NaN
8,6,2,67,382,NaN,NaN
8,6,2,67,383,NaN,NaN
8,6,2,67,384,NaN,NaN
8,6,2,67,385,NaN,NaN
8,6,2,67,386,NaN,NaN
8,6,2,67,387,NaN,NaN
8,6,2,67,388,NaN,NaN
8,6,2,67,389,NaN,NaN
8,6,2,67,390,NaN,NaN
8,6,2,67,391,NaN,NaN
8,6,2,67,392,NaN,NaN
8,6,2,67,393,NaN,NaN
8,6,2,67,394,NaN,NaN
8,6,2,67,395,NaN,NaN
8,6,2,67,396,NaN,NaN
8,6,2,67,397,NaN,NaN
8,6,2,67,398,NaN,NaN
8,6,2,67,399,NaN,NaN
8,6,2,67,400,NaN,NaN
8,6,2,67,401,NaN,NaN
8,6,2,67,402,NaN,NaN
8,6,2,67,403,NaN,NaN
8,6,2,67,404,NaN,NaN
8,6,2,67,405,NaN,NaN
8,6,2,67,406,NaN,NaN
8,6,2,67,407,NaN,NaN
8,6,2,67,408,NaN,NaN
8,6,2,67,409,NaN,NaN
8,6,2,67,410,NaN,NaN
8,6,2,67,411,NaN,NaN
8,6,2,67,412,NaN,NaN
8,6,2,67,413,NaN,NaN
8,6,2,67,414,NaN,NaN
8,6,2,67,415,NaN,NaN
8,6,2,67,416,NaN,NaN
8,6,2,67,417,NaN,NaN
8,6,2,67,418,NaN,NaN
8,6,2,67,419,NaN,NaN
8,6,2,67,420,NaN,NaN
8,6,2,67,421,NaN,NaN
8,6,2,67,422,NaN,NaN
8,6,2,67,423,NaN,NaN
8,6,2,67,424,NaN,NaN
8,6,2,67,425,NaN,NaN
8,6,2,67,426,NaN,NaN
8,6,2,67,427,NaN,NaN
8,6,2,67,428,NaN,NaN
8,6,2,67,429,NaN,NaN
8,6,2,67,430,NaN,NaN
8,6,2,67,431,NaN,NaN
8,6,2,67,432,NaN,NaN
8,6,2,67,433,NaN,NaN
8,6,2,67,434,NaN,NaN
8,6,2,67,435,NaN,NaN
8,6,2,67,436,NaN,NaN
8,6,2,67,437,NaN,NaN
8,6,2,67,438,NaN,NaN
8,6,2,67,439,NaN,NaN
8,6,2,67,440,NaN,NaN
8,6,2,67,441,NaN,NaN
8,6,2,67,442,NaN,NaN
8,6,2,67,443,NaN,NaN
8,6,2,67,444,NaN,NaN
8,6,2,67,445,NaN,NaN
8,6,2,67,446,NaN,NaN
8,6,2,67,447,NaN,NaN
8,6,2,67,448,NaN,NaN
8,6,2,67,449,NaN,NaN
8,6,2,67,450,NaN,NaN
8,6,2,67,451,NaN,NaN
8,6,2,67,452,NaN,NaN
8,6,2,67,453,NaN,NaN
8,6,2,67,454,NaN,NaN
8,6,2,67,455,NaN,NaN
8,6,2,67,456,NaN,NaN
8,6,2,67,457,NaN,NaN
8,6,2,67,458,NaN,NaN
8,6,2,67,459,NaN,NaN
8,6,2,67,460,NaN,NaN
8,6,2,67,461,NaN,NaN
8,6,2,67,462,NaN,NaN
8,6,2,67,463,NaN,NaN
8,6,2,67,464,NaN,NaN
8,6,2,67,465,NaN,NaN
8,6,2,67,466,NaN,NaN
8,6,2,67,467,NaN,NaN
8,6,2,67,468,NaN,NaN
8,6,2,67,469,NaN,NaN
8,6,2,67,470,NaN,NaN
8,6,2,67,471,NaN,NaN
8,6,2,67,472,NaN,NaN
8,6,2,67,473,NaN,NaN
8,6,2,67,474,NaN,NaN
8,6,2,67,475,NaN,NaN
8,6,2,67,476,NaN,NaN
8,6,2,67,477,NaN,NaN
8,6,2,67,478,NaN,NaN
8,6,2,67,479,NaN,NaN
8,6,2,67,480,NaN,NaN
8,6,2,67,481,NaN,NaN
8,6,2,67,482,NaN,NaN
8,6,2,67,483,NaN,NaN
8,6,2,67,484,NaN,NaN
8,6,2,67,485,NaN,NaN
8,6,2,67,486,NaN,NaN
8,6,2,67,487,NaN,NaN
8,6,2,67,488,NaN,NaN
8,6,2,67,489,NaN,NaN
8,6,2,67,490,NaN,NaN
8,6,2,67,491,NaN,NaN
8,6,2,67,492,NaN,NaN
8,6,2,67,493,NaN,NaN
8,6,2,67,494,NaN,NaN
8,6,2,67,495,NaN,NaN
8,6,2,67,496,NaN,NaN
8,6,2,67,497,NaN,NaN
8,6,2,67,498,NaN,NaN
8,6,2,67,499,NaN,NaN
8,6,2,67,500,NaN,NaN
8,6,2,67,501,NaN,NaN
8,6,2,67,502,NaN,NaN
8,6,2,67,503,NaN,NaN
8,6,2,67,504,NaN,NaN
8,6,2,67,505,NaN,NaN
8,6,2,67,506,NaN,NaN
8,6,2,67,507,NaN,NaN
8,6,2,67,508,NaN,NaN
8,6,2,67,509,NaN,NaN
8,6,2,67,510,NaN,NaN
8,6,2,67,511,NaN,NaN
8,6,2,67,512,NaN,NaN
8,6,2,67,513,NaN,NaN
8,6,2,67,514,NaN,NaN
8,6,2,67,515,NaN,NaN
8,6,2,67,516,NaN,NaN
8,6,2,67,517,NaN,NaN
8,6,2,67,518,NaN,NaN
8,6,2,67,519,NaN,NaN
8,6,2,67,520,NaN,NaN
8,6,2,67,521,NaN,NaN
8,6,2,67,522,NaN,NaN
8,6,2,67,523,NaN,NaN
8,6,2,67,524,NaN,NaN
8,6,2,67,525,NaN,NaN
8,6,2,67,526,NaN,NaN
8,6,2,67,527,NaN,NaN
8,6,2,67,528,NaN,NaN
8,6,2,67,529,NaN,NaN
8,6,2,67,530,NaN,NaN
8,6,2,67,531,NaN,NaN
8,6,2,67,532,NaN,NaN
8,6,2,67,533,NaN,NaN
8,6,2,67,534,NaN,NaN
8,6,2,67,535,NaN,NaN
8,6,2,67,536,NaN,NaN
8,6,2,67,537,NaN,NaN
8,6,2,67,538,NaN,NaN
8,6,2,67,539,NaN,NaN
8,6,2,67,540,NaN,NaN
8,6,2,67,541,NaN,NaN
8,6,2,67,542,NaN,NaN
8,6,2,67,543,NaN,NaN
8,6,2,67,544,NaN,NaN
8,6,2,67,545,NaN,NaN
8,6,2,67,546,NaN,NaN
8,6,2,67,547,NaN,NaN
8,6,2,67,548,NaN,NaN
8,6,2,67,549,NaN,NaN
8,6,2,67,550,NaN,NaN
8,6,2,67,551,NaN,NaN
8,6,2,67,552,NaN,NaN
8,6,2,67,553,NaN,NaN
8,6,2,67,554,NaN,NaN
8,6,2,67,555,NaN,NaN
8,6,2,67,556,NaN,NaN
8,6,2,67,557,NaN,NaN
8,6,2,67,558,NaN,NaN
8,6,2,67,559,NaN,NaN
8,6,2,67,560,NaN,NaN
8,6,2,67,561,NaN,NaN
8,6,2,67,562,NaN,NaN
8,6,2,67,563,NaN,NaN
8,6,2,67,564,NaN,NaN
8,6,2,67,565,NaN,NaN
8,6,2,67,566,NaN,NaN
8,6,2,67,567,NaN,NaN
8,6,2,67,568,NaN,NaN
8,6,2,67,569,NaN,NaN
8,6,2,67,570,NaN,NaN
8,6,2,67,571,NaN,NaN
8,6,2,67,572,NaN,NaN
8,6,2,67,573,NaN,NaN
8,6,2,67,574,NaN,NaN
8,6,2,67,575,NaN,NaN
8,6,2,67,576,NaN,NaN
8,6,2,67,577,NaN,NaN
8,6,2,67,578,NaN,NaN
8,6,2,67,579,NaN,NaN
8,6,2,67,580,NaN,NaN
8,6,2,67,581,NaN,NaN
8,6,2,67,582,NaN,NaN
8,6,2,67,583,NaN,NaN
8,6,2,67,584,NaN,NaN
8,6,2,67,585,NaN,NaN
8,6,2,67,586,NaN,NaN
8,6,2,67,587,NaN,NaN
8,6,2,67,588,NaN,NaN
8,6,2,67,589,NaN,NaN
8,6,2,67,590,NaN,NaN
8,6,2,67,591,NaN,NaN
8,6,2,67,592,NaN,NaN
8,6,2,67,593,NaN,NaN
8,6,2,67,594,NaN,NaN
8,6,2,67,595,NaN,NaN
8,6,2,67,596,NaN,NaN
8,6,2,67,597,NaN,NaN
8,6,2,67,598,NaN,NaN
8,6,2,67,599,NaN,NaN
8,6,2,102,0,0,0
8,6,2,102,1,0,0
8,6,2,102,2,-5.892251367378698e-05,3.1183584686678145e-06
8,6,2,102,3,-0.00017942517059887919,1.1214904474532439e-05
8,6,2,102,4,-0.00036412466697943735,2.6117542653580905e-05
8,6,2,102,5,-0.00061559603576344379,4.9625217851678727e-05
8,6,2,102,6,-0.00093637197466911459,8.3510630963234966e-05
8,6,2,102,7,-0.001328942229295027,0.00012952272338828674
8,6,2,102,8,-0.0017957530279111289,0.00018938894729703115
8,6,2,102,9,-0.0023392098030428077,0.00026480372894710502
8,6,2,102,10,-0.0029616741326676799,0.0003574408726392253
8,6,2,102,11,-0.0036654585668205453,0.00046897535145307145
8,6,2,102,12,-0.0044528267310439684,0.00060108313480189413
8,6,2,102,13,-0.0053259966706853401,0.00075542738877942828
8,6,2,102,14,-0.0062871442178480397,0.00093364410617968741
8,6,2,102,15,-0.0073383989714903564,0.001137358847361214
8,6,2,102,16,-0.0084818440613532164,0.0013681877686605448
8,6,2,102,17,-0.009719515944511814,0.0016277385422674984
8,6,2,102,18,-0.011053404233196673,0.0019176111751645353
8,6,2,102,19,-0.012485451552479709,0.0022393987347102406
8,6,2,102,20,-0.014017553426465268,0.0025946879879362728
8,6,2,102,21,-0.015651558191881465,0.0029850599607500472
8,6,2,102,22,-0.017389266937900549,0.0034120904231160765
8,6,2,102,23,-0.019232433471155774,0.0038773503056310776
8,6,2,102,24,-0.021182764304927826,0.0043824060529856768
8,6,2,102,25,-0.023241918671534911,0.0049288199187064174
8,6,2,102,26,-0.025411508557204865,0.0055181502057605192
8,6,2,102,27,-0.02769309875839121,0.0061519514573477041
8,6,2,102,28,-0.030088206958867048,0.0068317746014429082
8,6,2,102,29,-0.03259830382688067,0.0075591670528035726
8,6,2,102,30,-0.035224813131551347,0.0083356727757971649
8,6,2,102,31,-0.037969111877977912,0.0091628323109965715
8,6,2,102,32,-0.040832530460299665,0.01004218276857427
8,6,2,102,33,-0.043816352832171113,0.010975257791015491
8,6,2,102,34,-0.046921816694106555,0.011963587487692773
8,6,2,102,35,-0.050150113697061682,0.013008698343569547
8,6,2,102,36,-0.053502389661730376,0.014112113104222668
8,6,2,102,37,-0.056979744813140387,0.015275350639093466
8,6,2,102,38,-0.060583234029915056,0.016499925784904668
8,6,2,102,39,-0.064313867107951284,0.017787349170764188
8,6,2,102,40,-0.068172609037681076,0.019139127026845948
8,6,2,102,41,-0.072160380294972182,0.020556760977777366
8,6,2,102,42,-0.076278057144818501,0.022041747822404423
8,6,2,102,43,-0.080526471957587109,0.023595579300991765
8,6,2,102,44,-0.084906413537466641,0.025219741851204014
8,6,2,102,45,-0.08941862746258411,0.026915716353753671
8,6,2,102,46,-0.094063816436518177,0.028684977869034012
8,6,2,102,47,-0.098842640650803615,0.03052899536530318
8,6,2,102,48,-0.10375571815806062,0.03244923143968792
8,6,2,102,49,-0.10880362525528819,0.034447142032503764
8,6,2,102,50,-0.11398689687728281,0.036524176135788178
8,6,2,102,51,-0.11930602699929405,0.038681775496809956
8,6,2,102,52,-0.12476146904927821,0.040921374316940651
8,6,2,102,53,-0.13035363632871722,0.043244398946840068
8,6,2,102,54,-0.13608290244217502,0.045652267578275008
8,6,2,102,55,-0.14194960173501969,0.048146389933076406
8,6,2,102,56,-0.14795402973907246,0.050728166949906561
8,6,2,102,57,-0.15409644362585073,0.053398990469000207
8,6,2,102,58,-0.16037706266705531,0.0561602429156427
8,6,2,102,59,-0.1667960687020964,0.059013296982335373
8,6,2,102,60,-0.17335360661218657,0.061959515310433533
8,6,2,102,61,-0.18004978480086198,0.065000250171237672
8,6,2,102,62,-0.18688467568057643,0.068136843146987536
8,6,2,102,63,-0.19385831616491322,0.071370624812208683
8,6,2,102,64,-0.20097070816646467,0.074702914415181176
8,6,2,102,65,-0.20822181909974646,0.078135019560318653
8,6,2,102,66,-0.21561158238900813,0.081668235891391161
8,6,2,102,67,-0.22313989798068978,0.085303846775708347
8,6,2,102,68,-0.23080663286016434,0.089043122989793111
8,6,2,102,69,-0.23861162157248761,0.09288732240634312
8,6,2,102,70,-0.24655466674696203,0.096837689682863215
8,6,2,102,71,-0.25463553962508656,0.10089545595218519
8,6,2,102,72,-0.26285398059185394,0.10506183851464734
8,6,2,102,73,-0.27120969970983455,0.10933804053258889
8,6,2,102,74,-0.279702377255997,0.11372525072686768
8,6,2,102,75,-0.28833166426097123,0.11822464307562897
8,6,2,102,76,-0.29709718305036548,0.12283737651555549
8,6,2,102,77,-0.30599852778805392,0.12756459464550729
8,6,2,102,78,-0.31503526502106305,0.13240742543279282
8,6,2,102,79,-0.32420693422578473,0.13736698092211286
8,6,2,102,80,-0.33351304835547713,0.14244435694708846
8,6,2,102,81,-0.3429530943884207,0.14764063284488371
8,6,2,102,82,-0.35252653387693456,0.15295687117343471
8,6,2,102,83,-0.36223280349664821,0.15839411743183429
8,6,2,102,84,-0.3720713155960842,0.1639533997835757
8,6,2,102,85,-0.38204145874600748,0.16963572878308242
8,6,2,102,86,-0.39214259828865283,0.17544209710514957
8,6,2,102,87,-0.40237407688634708,0.18137347927776881
8,6,2,102,88,-0.41273521506942079,0.18743083141811168
8,6,2,102,89,-0.42322531178320966,0.19361509097187701
8,6,2,102,90,-0.43384364493384564,0.19992717645590241
8,6,2,102,91,-0.44458947193268816,0.20636798720438942
8,6,2,102,92,-0.45546203023928422,0.21293840311830958
8,6,2,102,93,-0.46646053790239672,0.21963928441857683
8,6,2,102,94,-0.4775841940992287,0.2264714714026228
8,6,2,102,95,-0.48883217967237713,0.23343578420469413
8,6,2,102,96,-0.50020365766452746,0.24053302255968023
8,6,2,102,97,-0.51169777385060011,0.24776396557075753
8,6,2,102,98,-0.52331365726716039,0.25512937148076953
8,6,2,102,99,-0.53505042073907494,0.26262997744727345
8,6,2,102,100,-0.54690716140294304,0.27026649932171132
8,6,2,102,101,-0.55888296122755254,0.27803963143216981
8,6,2,102,102,-0.57097688753076636,0.28595004637034516
8,6,2,102,103,-0.58318799349307837,0.29399839478227441
8,6,2,102,104,-0.59551531866731677,0.30218530516339104
8,6,2,102,105,-0.60795788948473928,0.31051138365738307
8,6,2,102,106,-0.62051471975703154,0.31897721385942546
8,6,2,102,107,-0.6331848111742755,0.32758335662348703
8,6,2,102,108,-0.64596715379874881,0.33633034987397281
8,6,2,102,109,-0.65886072655431671,0.34521870842157409
8,6,2,102,110,-0.67186449771138301,0.35424892378363715
8,6,2,102,111,-0.68497742536732242,0.36342146400873687
8,6,2,102,112,-0.69819845792213342,0.37273677350592727
8,6,2,102,113,-0.71152653454942261,0.38219527287838284
8,6,2,102,114,-0.72496058566232646,0.39179735876169464
8,6,2,102,115,-0.73849953337468688,0.40154340366668206
8,6,2,102,116,-0.75214229195683657,0.41143375582714803
8,6,2,102,117,-0.76588776828650507,0.42146873905210269
8,6,2,102,118,-0.77973486229429567,0.43164865258297491
8,6,2,102,119,-0.79368246740388337,0.44197377095566426
8,6,2,102,120,-0.80772947096681702,0.45244434386752241
8,6,2,102,121,-0.82187475469180926,0.46306059604920291
8,6,2,102,122,-0.83611719506854199,0.4738227271418205
8,6,2,102,123,-0.85045566378582627,0.48473091157890391
8,6,2,102,124,-0.86488902814410018,0.49578529847379704
8,6,2,102,125,-0.87941615146224228,0.50698601151208667
8,6,2,102,126,-0.89403589347862855,0.51833314884940085
8,6,2,102,127,-0.90874711074631631,0.52982678301455588
8,6,2,102,128,-0.92354865702251598,0.54146696081806278
8,6,2,102,129,-0.93843938365202328,0.55325370326613499
8,6,2,102,130,-0.95341813994486158,0.56518700548020551
8,6,2,102,131,-0.96848377354792348,0.57726683662200073
8,6,2,102,132,-0.98363513081063392,0.58949313982429585
8,6,2,102,133,-0.99887105714466795,0.60186583212730183
8,6,2,102,134,-1.0141903973776067,0.61438480442081722
8,6,2,102,135,-1.0295919961006039,0.6270499213922337
8,6,2,102,136,-1.0450746980099845,0.63986102148032298
8,6,2,102,137,-1.0606373482428433,0.65281791683499402
8,6,2,102,138,-1.076278792706542,0.66592039328290664
8,6,2,102,139,-1.0919978784021456,0.67916821029927743
8,6,2,102,140,-1.1077934537418788,0.69256110098555312
8,6,2,102,141,-1.1236643688604442,0.70609877205329019
8,6,2,102,142,-1.1396094759203113,0.71978090381422943
8,6,2,102,143,-1.1556276294110157,0.73360715017642963
8,6,2,102,144,-1.1717176864423529,0.74757713864679054
8,6,2,102,145,-1.1878785070316145,0.76169047033980697
8,6,2,102,146,-1.2041089543847805,0.77594671999254294
8,6,2,102,147,-1.2204078951717545,0.79034543598622553
8,6,2,102,148,-1.2367741997956039,0.80488614037393102
8,6,2,102,149,-1.2532067426558768,0.81956832891491582
8,6,2,102,150,-1.2697044024059578,0.83439147111534495
8,6,2,102,151,-1.2862660622045774,0.84935501027550431
8,6,2,102,152,-1.302890609961399,0.86445836354355488
8,6,2,102,153,-1.3195769385767608,0.87970092197582062
8,6,2,102,154,-1.3363239461756216,0.89508205060364887
8,6,2,102,155,-1.3531305363356949,0.91060108850689325
8,6,2,102,156,-1.3699956183098327,0.92625734889396627
8,6,2,102,157,-1.386918107242685,0.94205011918851722
8,6,2,102,158,-1.4038969243816646,0.95797866112273533
8,6,2,102,159,-1.4209309972822159,0.97404221083745857
8,6,2,102,160,-1.4380192600075281,0.99023997898862459
8,6,2,102,161,-1.4551606533225903,1.0065711508607049
8,6,2,102,162,-1.4723541248827243,1.0230348864866317
8,6,2,102,163,-1.4895986294166108,1.0396303207743789
8,6,2,102,164,-1.5068931289038245,1.0563565636402761
8,6,2,102,165,-1.5242365927468804,1.0732127001489649
8,6,2,102,166,-1.5416279979379832,1.0901977906599609
8,6,2,102,167,-1.5590663292203266,1.1073108709808239
8,6,2,102,168,-1.5765505792440626,1.1245509525270676
8,6,2,102,169,-1.59407974871702,1.1419170224885451
8,6,2,102,170,-1.6116528465502156,1.1594080440023995
8,6,2,102,171,-1.6292688899980257,1.1770229563327321
8,6,2,102,172,-1.6469269047933444,1.1947606750565831
8,6,2,102,173,-1.6646259252774576,1.2126200922565862
8,6,2,102,174,-1.6823649945249652,1.230600076719951
8,6,2,102,175,-1.7001431644635634,1.2486994741439634
8,6,2,102,176,-1.7179594959888189,1.266917107347834
8,6,2,102,177,-1.7358130590740206,1.2852517764908837
8,6,2,102,178,-1.7537029328750342,1.3037022592970375
8,6,2,102,179,-1.7716282058303057,1.3222673112855965
8,6,2,102,180,-1.7895879757559519,1.3409456660081283
8,6,2,102,181,-1.8075813499360882,1.3597360352916255
8,6,2,102,182,-1.8256074452083548,1.3786371094875931
8,6,2,102,183,-1.8436653880446074,1.3976475577273413
8,6,2,102,184,-1.861754314627051,1.4167660281830834
8,6,2,102,185,-1.8798733709195936,1.4359911483350003
8,6,2,102,186,-1.8980217127345822,1.4553215252441216
8,6,2,102,187,-1.9161985057948971,1.4747557458310161
8,6,2,102,188,-1.9344029257916062,1.4942923771600252
8,6,2,102,189,-1.9526341584369111,1.513929966729255
8,6,2,102,190,-1.9708913995127419,1.5336670427659571
8,6,2,102,191,-1.9891738549148108,1.5535021145274523
8,6,2,102,192,-2.0074807406922526,1.5734336726073632
8,6,2,102,193,-2.0258112830828514,1.5934601892470783
8,6,2,102,194,-2.0441647185439784,1.613580118652419
8,6,2,102,195,-2.062540293779108,1.6337918973154038
8,6,2,102,196,-2.080937265760058,1.6540939443410481
8,6,2,102,197,-2.0993549017450706,1.6744846617787967
8,6,2,102,198,-2.1177924792924685,1.6949624349591659
8,6,2,102,199,-2.1362492862703366,1.7155256328345858
8,6,2,102,200,-2.1547246208618365,1.7361726083252567
8,6,2,102,201,-2.1732177915665121,1.7569016986691803
8,6,2,102,202,-2.1917281171975169,1.7777112257766596
8,6,2,102,203,-2.210254926874633,1.7985994965890177
8,6,2,102,204,-2.2287975600133847,1.8195648034415397
8,6,2,102,205,-2.2473553663101278,1.8406054244302805
8,6,2,102,206,-2.2659277057231195,1.8617196237828786
8,6,2,102,207,-2.2845139484496735,1.8829056522331911
8,6,2,102,208,-2.3031134748994377,1.9041617473994439
8,6,2,102,209,-2.3217256756637941,1.925486134166035
8,6,2,102,210,-2.3403499514813686,1.9468770250687912
8,6,2,102,211,-2.3589857131997904,1.9683326206833578
8,6,2,102,212,-2.3776323817337075,1.9898511100168852
8,6,2,102,213,-2.3962893880189631,2.0114306709027447
8,6,2,102,214,-2.414956172963195,2.0330694703980439
8,6,2,102,215,-2.4336321873926758,2.0547656651840525
8,6,2,102,216,-2.452316980846736,2.0765173937207866
8,6,2,102,217,-2.471010115029709,2.0983227855124298
8,6,2,102,218,-2.489711160018576,2.1201799618842636
8,6,2,102,219,-2.5084196942013861,2.1420870363922013
8,6,2,102,220,-2.5271353042120914,2.1640421152338831
8,6,2,102,221,-2.5458575848623601,2.1860432976612083
8,6,2,102,222,-2.5645861390700189,2.2080886763940293
8,6,2,102,223,-2.5833205777844981,2.2301763380350974
8,6,2,102,224,-2.6020605199090108,2.2523043634859379
8,6,2,102,225,-2.6208055922198215,2.2744708283636643
8,6,2,102,226,-2.6395554292823142,2.296673803418678
8,6,2,102,227,-2.6583096733642506,2.3189113549529239
8,6,2,102,228,-2.6770679743459591,2.3411815452387823
8,6,2,102,229,-2.6958299896277351,2.3634824329382909
8,6,2,102,230,-2.7145953840343298,2.3858120735228221
8,6,2,102,231,-2.7333638297166729,2.4081685196928353
8,6,2,102,232,-2.7521350060508762,2.4305498217977424
8,6,2,102,233,-2.7709085995344718,2.4529540282556188
8,6,2,102,234,-2.7896843036800956,2.4753791859729284
8,6,2,102,235,-2.8084618189064714,2.4978233407636692
8,6,2,102,236,-2.8272408524270043,2.520284537768311
8,6,2,102,237,-2.8460211181356887,2.5427608218720561
8,6,2,102,238,-2.8648023364907238,2.5652502381224211
8,6,2,102,239,-2.8835842343957694,2.587750832146027
8,6,2,102,240,-2.9023665450787162,2.6102606505644861
8,6,2,102,241,-2.92114900796836,2.632777741409162
8,6,2,102,242,-2.9399313685687933,2.6553001545347343
8,6,2,102,243,-2.9587133783316344,2.677825942031578
8,6,2,102,244,-2.9774947945262085,2.7003531586366094
8,6,2,102,245,-2.9962753801076767,2.7228798621425438
8,6,2,102,246,-3.0150549035832199,2.7454041138056162
8,6,2,102,247,-3.033833138876274,2.7679239787513659
8,6,2,102,248,-3.0526098651890266,2.7904375263786392
8,6,2,102,249,-3.071384866863025,2.8129428307614308
8,6,2,102,250,-3.0901579332381859,2.8354379710486683
8,6,2,102,251,-3.1089288585100903,2.8579210318616877
8,6,2,102,252,-3.127697441585775,2.8803901036893285
8,6,2,102,253,-3.1464634859379945,2.9028432832805429
8,6,2,102,254,-3.1652267994580709,2.925278674034351
8,6,2,102,255,-3.1839871943073863,2.9476943863871869
8,6,2,102,256,-3.2027444867675503,2.9700885381972602
8,6,2,102,257,-3.2214984970895255,2.9924592551260094
8,6,2,102,258,-3.2402490493413705,3.0148046710166492
8,6,2,102,259,-3.2589959712551742,3.0371229282693091
8,6,2,102,260,-3.2777390940728401,3.0594121782130888
8,6,2,102,261,-3.2964782523910605,3.0816705814747296
8,6,2,102,262,-3.3152132840054307,3.1038963083437037
8,6,2,102,263,-3.3339440297538605,3.1260875391337981
8,6,2,102,264,-3.3526703333592422,3.1482424645410929
8,6,2,102,265,-3.3713920412716201,3.1703592859980563
8,6,2,102,266,-3.3901090025098615,3.192436216023725
8,6,2,102,267,-3.4088210685027764,3.2144714785702106
8,6,2,102,268,-3.42752809293011,3.2364633093647233
8,6,2,102,269,-3.4462299315630607,3.2584099562478515
8,6,2,102,270,-3.4649264421047929,3.2803096795073401
8,6,2,102,271,-3.4836174840307823,3.3021607522076417
8,6,2,102,272,-3.5023029184291676,3.3239614605150987
8,6,2,102,273,-3.5209826078411832,3.3457101040185453
8,6,2,102,274,-3.539656416101761,3.3674049960453925
8,6,2,102,275,-3.5583242081803634,3.3890444639730344
8,6,2,102,276,-3.5769858500221909,3.4106268495355669
8,6,2,102,277,-3.5956412083897273,3.4321505091256062
8,6,2,102,278,-3.6142901507048908,3.4536138140913581
8,6,2,102,279,-3.6329325448916761,3.4750151510285683
8,6,2,102,280,-3.6515682592195398,3.4963529220675942
8,6,2,102,281,-3.6701971621474758,3.5176255451553144
8,6,2,102,282,-3.6888191221690017,3.5388314543318811
8,6,2,102,283,-3.707434007658017,3.5599691000022387
8,6,2,102,284,-3.7260416867156696,3.5810369492024292
8,6,2,102,285,-3.7446420270183522,3.6020334858603924
8,6,2,102,286,-3.7632348956668613,3.6229572110515558
8,6,2,102,287,-3.7818201590367693,3.6438066432488121
8,6,2,102,288,-3.8003976826301633,3.6645803185670816
8,6,2,102,289,-3.8189673309288521,3.6852767910021984
8,6,2,102,290,-3.8375289672489874,3.7058946326642666
8,6,2,102,291,-3.8560824535973257,3.7264324340053583
8,6,2,102,292,-3.8746276505291108,3.7468888040414066
8,6,2,102,293,-3.8931644170077382,3.7672623705684054
8,6,2,102,294,-3.9116926102661873,3.7875517803728358
8,6,2,102,295,-3.9302120856703815,3.8077556994361714
8,6,2,102,296,-3.9487226965844782,3.8278728131335815
8,6,2,102,297,-3.9672242942382532,3.84790182642665
8,6,2,102,298,-3.9857167275965333,3.8678414640502257
8,6,2,102,299,-4.0041998432308601,3.8876904706932613
8,6,2,102,300,-4.0226734851934012,3.9074476111735672
8,6,2,102,301,-4.0411374948931824,3.9271116706066285
8,6,2,102,302,-4.0595917109747308,3.9466814545683486
8,6,2,102,303,-4.0780359691991226,3.9661557892516464
8,6,2,102,304,-4.0964701023276762,3.9855335216169325
8,6,2,102,305,-4.1148939400080522,4.0048135195365875
8,6,2,102,306,-4.1333073086632366,4.0239946719330986
8,6,2,102,307,-4.1517100313830211,4.0430758889111846
8,6,2,102,308,-4.1701019278183873,4.0620561018837069
8,6,2,102,309,-4.1884828140786921,4.0809342636912964
8,6,2,102,310,-4.2068525026317305,4.0997093487159049
8,6,2,102,311,-4.2252108022067247,4.1183803529880745
8,6,2,102,312,-4.2435575177003475,4.1369462942879878
8,6,2,102,313,-4.2618924500857522,4.1554062122403455
8,6,2,102,314,-4.2802153963247269,4.1737591684029631
8,6,2,102,315,-4.2985261492829334,4.1920042463491374
8,6,2,102,316,-4.3168244976484029,4.2101405517438826
8,6,2,102,317,-4.3351102258532395,4.2281672124137968
8,6,2,102,318,-4.3533831139985324,4.2460833784108392
8,6,2,102,319,-4.3716429377826493,4.2638882220698084
8,6,2,102,320,-4.389889468432834,4.2815809380597063
8,6,2,102,321,-4.4081224726402191,4.2991607434287618
8,6,2,102,322,-4.4263417124982105,4.3166268776434675
8,6,2,102,323,-4.4445469454443494,4.3339786026212472
8,6,2,102,324,-4.4627379242056069,4.3512152027571167
8,6,2,102,325,-4.480914396747254,4.3683359849441636
8,6,2,102,326,-4.4990761062251305,4.3853402785878597
8,6,2,102,327,-4.5172227909416049,4.4022274356143507
8,6,2,102,328,-4.5353541843050014,4.4189968304725848
8,6,2,102,329,-4.5534700147926488,4.4356478601305067
8,6,2,102,330,-4.5715700059174971,4.4521799440650991
8,6,2,102,331,-4.5896538761983745,4.4685925242465228
8,6,2,102,332,-4.6077213391339189,4.4848850651161873
8,6,2,102,333,-4.6257721031800312,4.501057053558938
8,6,2,102,334,-4.6438058717310495,4.517107998869399
8,6,2,102,335,-4.6618223431045607,4.5330374327122804
8,6,2,102,336,-4.6798212105298385,4.5488449090769461
8,6,2,102,337,-4.6978021621399302,4.5645300042262056
8,6,2,102,338,-4.7157648809674493,4.5800923166392256
8,6,2,102,339,-4.7337090449438897,4.5955314669488461
8,6,2,102,340,-4.751634326902737,4.6108470978730605
8,6,2,102,341,-4.769540394586036,4.6260388741410114
8,6,2,102,342,-4.7874269106547462,4.6411064824132069
8,6,2,102,343,-4.8052935327025477,4.6560496311963879
8,6,2,102,344,-4.8231399132733666,4.6708680507526381
8,6,2,102,345,-4.8409656998823491,4.6855614930033402
8,6,2,102,346,-4.8587705350405574,4.7001297314273414
8,6,2,102,347,-4.8765540562829894,4.714572560954136
8,6,2,102,348,-4.89431589620028,4.7288897978515019
8,6,2,102,349,-4.9120556824738371,4.7430812796079023
8,6,2,102,350,-4.9297730379143871,4.7571468648097941
8,6,2,102,351,-4.947467580503961,4.7710864330137159
8,6,2,102,352,-4.9651389234413923,4.7848998846132638
8,6,2,102,353,-4.9827866751909866,4.7985871407011187
8,6,2,102,354,-5.0004104395346802,4.812148142926068
8,6,2,102,355,-5.0180098156274164,4.8255828533450424
8,6,2,102,356,-5.0355843980557866,4.8388912542705134
8,6,2,102,357,-5.0531337768998768,4.8520733481128566
8,6,2,102,358,-5.0706575377983123,4.8651291572182034
8,6,2,102,359,-5.0881552620163806,4.8780587237015425
8,6,2,102,360,-5.1056265265172822,4.8908621092752371
8,6,2,102,361,-5.123070904036398,4.9035393950731168
8,6,2,102,362,-5.1404879631585079,4.9160906814700063
8,6,2,102,363,-5.1578772683979759,4.9285160878969583
8,6,2,102,364,-5.1752383802818329,4.9408157526522336
8,6,2,102,365,-5.1925708554356129,4.9529898327078712
8,6,2,102,366,-5.2098742466720251,4.9650385035123312
8,6,2,102,367,-5.2271481030823352,4.9769619587888805
8,6,2,102,368,-5.2443919701303408,4.98876041033009
8,6,2,102,369,-5.2616053897490414,5.0004340877883271
8,6,2,102,370,-5.2787879004397293,5.0119832384625003
8,6,2,102,371,-5.2959390373736532,5.0234081270809003
8,6,2,102,372,-5.3130583324960181,5.0347090355804811
8,6,2,102,373,-5.3301453146323734,5.0458862628824601
8,6,2,102,374,-5.3471995095972558,5.0569401246644077
8,6,2,102,375,-5.3642204403050844,5.0678709531288915
8,6,2,102,376,-5.3812076268831053,5.0786790967688091
8,6,2,102,377,-5.3981605867865268,5.0893649201293387
8,6,2,102,378,-5.4150788349155823,5.0999288035668471
8,6,2,102,379,-5.4319618837345427,5.110371143004552
8,6,2,102,380,-5.4488092433926552,5.1206923496852266
8,6,2,102,381,-5.4656204218467233,5.130892849921068
8,6,2,102,382,-5.4823949249855897,5.140973084840514
8,6,2,102,383,-5.4991322567561287,5.1509335101324911
8,6,2,102,384,-5.5158319192908483,5.1607745957879452
8,6,2,102,385,-5.5324934130370043,5.1704968258387858
8,6,2,102,386,-5.5491162368871363,5.1801006980943285
8,6,2,102,387,-5.565699888310899,5.1895867238754088
8,6,2,102,388,-5.5822438634881957,5.1989554277461467
8,6,2,102,389,-5.5987476574435311,5.2082073472435235
8,6,2,102,390,-5.6152107641814055,5.21734303260489
8,6,2,102,391,-5.6316327022435884,5.2263630435941373
8,6,2,102,392,-5.6480130401277524,5.2352679467389498
8,6,2,102,393,-5.664351346047841,5.2440583210477811
8,6,2,102,394,-5.6806471880722462,5.2527347577407042
8,6,2,102,395,-5.696900134262922,5.2612978599785061
8,6,2,102,396,-5.7131097528153427,5.2697482425897748
8,6,2,102,397,-5.7292756121992969,5.2780865317964913
8,6,2,102,398,-5.7453972813002627,5.2863133649377643
8,6,2,102,399,-5.7614743295615387,5.2944293901923425
8,6,2,102,400,-5.7775063271268525,5.3024352662994243
8,6,2,102,401,-5.7934928449834056,5.3103316622784638
8,6,2,102,402,-5.8094334551053723,5.3181192571476714
8,6,2,102,403,-5.8253277305976683,5.3257987396413826
8,6,2,102,404,-5.841175245839958,5.3333708079266042
8,6,2,102,405,-5.856975576630802,5.3408361693186661
8,6,2,102,406,-5.8727283003319091,5.3481955399959675
8,6,2,102,407,-5.8884329960124102,5.3554496447143025
8,6,2,102,408,-5.9040892445929138,5.3625992165205112
8,6,2,102,409,-5.9196966289896178,5.369644996465647
8,6,2,102,410,-5.9352547342580273,5.3765877333179866
8,6,2,102,411,-5.95076314773641,5.3834281832756101
8,6,2,102,412,-5.9662214591889082,5.3901671096789423
8,6,2,102,413,-5.9816292609481847,5.3968052827232462
8,6,2,102,414,-5.9969861480574425,5.4033434791712329
8,6,2,102,415,-6.012291718411972,5.4097824820658031
8,6,2,102,416,-6.0275455728999834,5.4161230804429721
8,6,2,102,417,-6.0427473155426012,5.4223660690454114
8,6,2,102,418,-6.0578965536331522,5.4285122480362293
8,6,2,102,419,-6.0729928978755119,5.4345624227133209
8,6,2,102,420,-6.0880359625214542,5.4405174032246624
8,6,2,102,421,-6.1030253655070368,5.4463780042840666
8,6,2,102,422,-6.1179607285878399,5.4521450448878879
8,6,2,102,423,-6.1328416774730439,5.4578193480328023
8,6,2,102,424,-6.1476678419582704,5.4634017404345343
8,6,2,102,425,-6.1624388560571344,5.4688930522477222
8,6,2,102,426,-6.1771543581313928,5.4742941167871511
8,6,2,102,427,-6.1918139910197345,5.4796057702501315
8,6,2,102,428,-6.2064174021649769,5.4848288514405406
8,6,2,102,429,-6.2209642437398074,5.4899642014941765
8,6,2,102,430,-6.2354541727707939,5.4950126636058663
8,6,2,102,431,-6.249886851260861,5.4999750827582208
8,6,2,102,432,-6.2642619463098903,5.5048523054521761
8,6,2,102,433,-6.2785791302336023,5.5096451794394516
8,6,2,102,434,-6.2928380806805686,5.514354553456954
8,6,2,102,435,-6.3070384807473401,5.5189812769632836
8,6,2,102,436,-6.3211800190915657,5.5235261998772849
8,6,2,102,437,-6.3352623900431286,5.5279901723189111
8,6,2,102,438,-6.3492852937132138,5.5323740443524203
8,6,2,102,439,-6.3632484361012711,5.5366786657318059
8,6,2,102,440,-6.377151529199776,5.5409048856489314
8,6,2,102,441,-6.390994291096785,5.5450535524839886
8,6,2,102,442,-6.4047764460762657,5.5491255135587867
8,6,2,102,443,-6.4184977247160768,5.5531216148926008
8,6,2,102,444,-6.4321578639836012,5.5570427009609045
8,6,2,102,445,-6.4457566073289954,5.5608896144569124
8,6,2,102,446,-6.4592937047760035,5.5646631960560331
8,6,2,102,447,-6.4727689130102686,5.5683642841834828
8,6,2,102,448,-6.4861819954651514,5.5719937147847478
8,6,2,102,449,-6.4995327224049824,5.5755523210993942
8,6,2,102,450,-6.5128208710057205,5.5790409334379092
8,6,2,102,451,-6.5260462254329692,5.5824603789621312
8,6,2,102,452,-6.5392085769173605,5.5858114814686246
8,6,2,102,453,-6.5523077238272167,5.5890950611758168
8,6,2,102,454,-6.5653434717385046,5.592311934514413
8,6,2,102,455,-6.5783156335020241,5.5954629139214482
8,6,2,102,456,-6.5912240293078073,5.5985488076378518
8,6,2,102,457,-6.6040684867466837,5.6015704195098239
8,6,2,102,458,-6.6168488408690944,5.6045285487936995
8,6,2,102,459,-6.6295649342409222,5.6074239899648246
8,6,2,102,460,-6.6422166169965209,5.6102575325300359
8,6,2,102,461,-6.6548037468888213,5.6130299608441652
8,6,2,102,462,-6.6673261893364639,5.6157420539304086
8,6,2,102,463,-6.6797838174680439,5.618394585304662
8,6,2,102,464,-6.6921765121633729,5.6209883228039521
8,6,2,102,465,NaN,NaN
8,6,2,102,466,NaN,NaN
8,6,2,102,467,NaN,NaN
8,6,2,102,468,NaN,NaN
8,6,2,102,469,NaN,NaN
8,6,2,102,470,NaN,NaN
8,6,2,102,471,NaN,NaN
8,6,2,102,472,NaN,NaN
8,6,2,102,473,NaN,NaN
8,6,2,102,474,NaN,NaN
8,6,2,102,475,NaN,NaN
8,6,2,102,476,NaN,NaN
8,6,2,102,477,NaN,NaN
8,6,2,102,478,NaN,NaN
8,6,2,102,479,NaN,NaN
8,6,2,102,480,NaN,NaN
8,6,2,102,481,NaN,NaN
8,6,2,102,482,NaN,NaN
8,6,2,102,483,NaN,NaN
8,6,2,102,484,NaN,NaN
8,6,2,102,485,NaN,NaN
8,6,2,102,486,NaN,NaN
8,6,2,102,487,NaN,NaN
8,6,2,102,488,NaN,NaN
8,6,2,102,489,NaN,NaN
8,6,2,102,490,NaN,NaN
8,6,2,102,491,NaN,NaN
8,6,2,102,492,NaN,NaN
8,6,2,102,493,NaN,NaN
8,6,2,102,494,NaN,NaN
8,6,2,102,495,NaN,NaN
8,6,2,102,496,NaN,NaN
8,6,2,102,497,NaN,NaN
8,6,2,102,498,NaN,NaN
8,6,2,102,499,NaN,NaN
8,6,2,102,500,NaN,NaN
8,6,2,102,501,NaN,NaN
8,6,2,102,502,NaN,NaN
8,6,2,102,503,NaN,NaN
8,6,2,102,504,NaN,NaN
8,6,2,102,505,NaN,NaN
8,6,2,102,506,NaN,NaN
8,6,2,102,507,NaN,NaN
8,6,2,102,508,NaN,NaN
8,6,2,102,509,NaN,NaN
8,6,2,102,510,NaN,NaN
8,6,2,102,511,NaN,NaN
8,6,2,102,512,NaN,NaN
8,6,2,102,513,NaN,NaN
8,6,2,102,514,NaN,NaN
8,6,2,102,515,NaN,NaN
8,6,2,102,516,NaN,NaN
8,6,2,102,517,NaN,NaN
8,6,2,102,518,NaN,NaN
8,6,2,102,519,NaN,NaN
8,6,2,102,520,NaN,NaN
8,6,2,102,521,NaN,NaN
8,6,2,102,522,NaN,NaN
8,6,2,102,523,NaN,NaN
8,6,2,102,524,NaN,NaN
8,6,2,102,525,NaN,NaN
8,6,2,102,526,NaN,NaN
8,6,2,102,527,NaN,NaN
8,6,2,102,528,NaN,NaN
8,6,2,102,529,NaN,NaN
8,6,2,102,530,NaN,NaN
8,6,2,102,531,NaN,NaN
8,6,2,102,532,NaN,NaN
8,6,2,102,533,NaN,NaN
8,6,2,102,534,NaN,NaN
8,6,2,102,535,NaN,NaN
8,6,2,102,536,NaN,NaN
8,6,2,102,537,NaN,NaN
8,6,2,102,538,NaN,NaN
8,6,2,102,539,NaN,NaN
8,6,2,102,540,NaN,NaN
8,6,2,102,541,NaN,NaN
8,6,2,102,542,NaN,NaN
8,6,2,102,543,NaN,NaN
8,6,2,102,544,NaN,NaN
8,6,2,102,545,NaN,NaN
8,6,2,102,546,NaN,NaN
8,6,2,102,547,NaN,NaN
8,6,2,102,548,NaN,NaN
8,6,2,102,549,NaN,NaN
8,6,2,102,550,NaN,NaN
8,6,2,102,551,NaN,NaN
8,6,2,102,552,NaN,NaN
8,6,2,102,553,NaN,NaN
8,6,2,102,554,NaN,NaN
8,6,2,102,555,NaN,NaN
8,6,2,102,556,NaN,NaN
8,6,2,102,557,NaN,NaN
8,6,2,102,558,NaN,NaN
8,6,2,102,559,NaN,NaN
8,6,2,102,560,NaN,NaN
8,6,2,102,561,NaN,NaN
8,6,2,102,562,NaN,NaN
8,6,2,102,563,NaN,NaN
8,6,2,102,564,NaN,NaN
8,6,2,102,565,NaN,NaN
8,6,2,102,566,NaN,NaN
8,6,2,102,567,NaN,NaN
8,6,2,102,568,NaN,NaN
8,6,2,102,569,NaN,NaN
8,6,2,102,570,NaN,NaN
8,6,2,102,571,NaN,NaN
8,6,2,102,572,NaN,NaN
8,6,2,102,573,NaN,NaN
8,6,2,102,574,NaN,NaN
8,6,2,102,575,NaN,NaN
8,6,2,102,576,NaN,NaN
8,6,2,102,577,NaN,NaN
8,6,2,102,578,NaN,NaN
8,6,2,102,579,NaN,NaN
8,6,2,102,580,NaN,NaN
8,6,2,102,581,NaN,NaN
8,6,2,102,582,NaN,NaN
8,6,2,102,583,NaN,NaN
8,6,2,102,584,NaN,NaN
8,6,2,102,585,NaN,NaN
8,6,2,102,586,NaN,NaN
8,6,2,102,587,NaN,NaN
8,6,2,102,588,NaN,NaN
8,6,2,102,589,NaN,NaN
8,6,2,102,590,NaN,NaN
8,6,2,102,591,NaN,NaN
8,6,2,102,592,NaN,NaN
8,6,2,102,593,NaN,NaN
8,6,2,102,594,NaN,NaN
8,6,2,102,595,NaN,NaN
8,6,2,102,596,NaN,NaN
8,6,2,102,597,NaN,NaN
8,6,2,102,598,NaN,NaN
8,6,2,102,599,NaN,NaN
8,6,2,28,0,0,0
8,6,2,28,1,0,0
8,6,2,28,2,-7.653679081065512e-05,-2.3655551223411564e-05
8,6,2,28,3,-0.00023169825751345741,-6.7560473623884398e-05
8,6,2,28,4,-0.00046754359406819823,-0.00012835077106976289
8,6,2,28,5,-0.00078610262703171507,-0.00020270165757840797
8,6,2,28,6,-0.0011893751998059976,-0.00028732484177451667
8,6,2,28,7,-0.0016793306135742814,-0.00037896605058207466
8,6,2,28,8,-0.0022579071104200654,-0.00047440906238149783
8,6,2,28,9,-0.0029270120991575777,-0.00057066995137466936
8,6,2,28,10,-0.0036885233492711667,-0.00066477602464198871
8,6,2,28,11,-0.0045442883981006155,-0.00075376539680760413
8,6,2,28,12,-0.0054961179564605445,-0.00083467760997879559
8,6,2,28,13,-0.0065457788121059401,-0.00090454328040834309
8,6,2,28,14,-0.0076950118013896507,-0.00096041121225576287
8,6,2,28,15,-0.0089455309701391705,-0.00099934763355957745
8,6,2,28,16,-0.010299022820137171,-0.0010184355316300575
8,6,2,28,17,-0.011757145635477029,-0.0010147740801935701
8,6,2,28,18,-0.013321528883686318,-0.00098547815168548158
8,6,2,28,19,-0.014993772686805462,-0.00092767790818293339
8,6,2,28,20,-0.016775447357836315,-0.00083851846498783633
8,6,2,28,21,-0.018668092998419539,-0.0007151596216087297
8,6,2,28,22,-0.020673203539156582,-0.00055475230196500025
8,6,2,28,23,-0.022792236509971975,-0.00035445316752258371
8,6,2,28,24,-0.025026615945522579,-0.00011142916661321944
8,6,2,28,25,-0.027377732388789155,0.00017714224722353844
8,6,2,28,26,-0.029846942921446518,0.0005140728735447686
8,6,2,28,27,-0.032435571219818771,0.00090216350151772762
8,6,2,28,28,-0.035144907634770961,0.0013442036271626989
8,6,2,28,29,-0.037976209294521279,0.0018429711522854886
8,6,2,28,30,-0.040930700228963834,0.0024012320673338916
8,6,2,28,31,-0.044009571514419532,0.0030217401191773297
8,6,2,28,32,-0.047213981437821406,0.0037072364654555656
8,6,2,28,33,-0.050545055679124262,0.0044604493167593739
8,6,2,28,34,-0.054003887511133719,0.0052840935676534695
8,6,2,28,35,-0.057591538015777655,0.0061808704178850649
8,6,2,28,36,-0.061309036315909671,0.0071534669846412546
8,6,2,28,37,-0.06515737982185632,0.0082045559069043872
8,6,2,28,38,-0.069137534491864328,0.0093367949427602959
8,6,2,28,39,-0.073250435105814971,0.010552826560517037
8,6,2,28,40,-0.077496985551278597,0.01185527752441129
8,6,2,28,41,-0.081878059121470725,0.013246758475524145
8,6,2,28,42,-0.086394498824154953,0.014729863508869401
8,6,2,28,43,-0.091047117701198443,0.016307169746834771
8,6,2,28,44,-0.095836699157825223,0.017981236910033505
8,6,2,28,45,-0.1007639973012453,0.019754606885774573
8,6,2,28,46,-0.10582973728802125,0.021629803294750949
8,6,2,28,47,-0.11103461567952277,0.023609331056587135
8,6,2,28,48,-0.11637930080509729,0.025695675954412467
8,6,2,28,49,-0.12186443313236817,0.027891304199118006
8,6,2,28,50,-0.12749062564423874,0.030198661993427467
8,6,2,28,51,-0.13325846422199139,0.032620175096542692
8,6,2,28,52,-0.13916850803421532,0.035158248389241531
8,6,2,28,53,-0.14522128993094685,0.037815265440069301
8,6,2,28,54,-0.15141731684273907,0.040593588072762588
8,6,2,28,55,-0.15775707018407803,0.043495555935302299
8,6,2,28,56,-0.16424100626091231,0.046523486070731979
8,6,2,28,57,-0.17086955668180193,0.049679672490041127
8,6,2,28,58,-0.17764312877226462,0.052966385747424405
8,6,2,28,59,-0.18456210599209211,0.056385872517919489
8,6,2,28,60,-0.19162684835505317,0.059940355177970361
8,6,2,28,61,-0.19883769285090058,0.063632031388657917
8,6,2,28,62,-0.20619495386903774,0.067463073682258456
8,6,2,28,63,-0.21369892362377296,0.071435629051902483
8,6,2,28,64,-0.22134987258062844,0.075551818544725147
8,6,2,28,65,-0.22914804988350967,0.079813736858633244
8,6,2,28,66,-0.2370936837823745,0.084223451942772032
8,6,2,28,67,-0.24518698206105194,0.088783004601813986
8,6,2,28,68,-0.25342813246497786,0.09349440810439702
8,6,2,28,69,-0.26181730312858087,0.098359647795512317
8,6,2,28,70,-0.27035464300186329,0.10338068071327478
8,6,2,28,71,-0.27904028227616617,0.10855943521002054
8,6,2,28,72,-0.28787433280851871,0.11389781057792037
8,6,2,28,73,-0.29685688854467207,0.11939767667909773
8,6,2,28,74,-0.30598802594018482,0.12506087358059859
8,6,2,28,75,-0.31526780437965973,0.13088921119397134
8,6,2,28,76,-0.32469626659357154,0.13688446891994832
8,6,2,28,77,-0.33427343907274087,0.14304839529790392
8,6,2,28,78,-0.34399933247992176,0.14938270766056971
8,6,2,28,79,-0.35387394205855238,0.15588909179392041
8,6,2,28,80,-0.36389724803825851,0.16256920160215571
8,6,2,28,81,-0.37406921603697629,0.16942465877827495
8,6,2,28,82,-0.38438979745952229,0.17645705247985866
8,6,2,28,83,-0.39485892989223337,0.18366793901063438
8,6,2,28,84,-0.40547653749381518,0.19105884150734942
8,6,2,28,85,-0.41624253138177747,0.198631249632647
8,6,2,28,86,-0.42715681001468941,0.20638661927346036
8,6,2,28,87,-0.43821925956982755,0.21432637224539086
8,6,2,28,88,-0.44942975431605525,0.22245189600302029
8,6,2,28,89,-0.46078815698195608,0.23076454335621555
8,6,2,28,90,-0.47229431911883779,0.23926563219246744
8,6,2,28,91,-0.48394808145859614,0.24795644520556603
8,6,2,28,92,-0.4957492742663272,0.25683822963028791
8,6,2,28,93,-0.50769771768736649,0.26591219698365032
8,6,2,28,94,-0.51979322208880463,0.27517952281242708
8,6,2,28,95,-0.53203558839534648,0.28464134644722583
8,6,2,28,96,-0.54442460841929163,0.2942987707630268
8,6,2,28,97,-0.55696006518454189,0.30415286194651892
8,6,2,28,98,-0.56964173324469125,0.31420464927001956
8,6,2,28,99,-0.5824693789948765,0.32445512487224437
8,6,2,28,100,-0.5954427609774382,0.33490524354600482
8,6,2,28,101,-0.60856163018131459,0.34555592253266709
8,6,2,28,102,-0.62182573033495725,0.35640804132392734
8,6,2,28,103,-0.63523479819290185,0.36746244147045914
8,6,2,28,104,-0.64878856381566097,0.37871992639781915
8,6,2,28,105,-0.66248675084323305,0.3901812612296246
8,6,2,28,106,-0.67632907676177245,0.40184717261810554
8,6,2,28,107,-0.69031525316373687,0.41371834858193735
8,6,2,28,108,-0.70444498600117367,0.42579543835171152
8,6,2,28,109,-0.71871797583238362,0.43807905222287002
8,6,2,28,110,-0.73313391806166806,0.45056976141630012
8,6,2,28,111,-0.74769250317233138,0.46326809794666746
8,6,2,28,112,-0.76239341633473345,0.47617453939214072
8,6,2,28,113,-0.7772363374460689,0.48928949810518596
8,6,2,28,114,-0.79222094244936203,0.50261334577801908
8,6,2,28,115,-0.80734690353678196,0.51614641333400657
8,6,2,28,116,-0.82261388934605217,0.52988899082709595
8,6,2,28,117,-0.83802156515002113,0.54384132734947854
8,6,2,28,118,-0.85356959303928281,0.5580036309475872
8,6,2,28,119,-0.86925763209805829,0.57237606854644019
8,6,2,28,120,-0.88508533857312721,0.58695876588238105
8,6,2,28,121,-0.90105236603609806,0.6017518074444117
8,6,2,28,122,-0.91715836553880048,0.61675523642403529
8,6,2,28,123,-0.9334029857620163,0.63196905467376718
8,6,2,28,124,-0.94978587315759366,0.64739322267431121
8,6,2,28,125,-0.96630667208381649,0.66302765951063714
8,6,2,28,126,-0.98296502493434579,0.67887224285667624
8,6,2,28,127,-0.99976057226054404,0.69492680896913461
8,6,2,28,128,-1.0166929528874269,0.71119115269010769
8,6,2,28,129,-1.033761804023231,0.72766502745870987
8,6,2,28,130,-1.0509667613626539,0.74434814533186622
8,6,2,28,131,-1.0683074591838537,0.76124017701411917
8,6,2,28,132,-1.0857835304393937,0.77834075189658347
8,6,2,28,133,-1.1033946068409906,0.79564945810520482
8,6,2,28,134,-1.1211403189384184,0.81316584255813618
8,6,2,28,135,-1.1390202961923779,0.83088941103253433
8,6,2,28,136,-1.157034167041715,0.84881962824060742
8,6,2,28,137,-1.1751815589648329,0.86695591791501048
8,6,2,28,138,-1.1934620985355415,0.88529766290372514
8,6,2,28,139,-1.2118754114733898,0.90384420527432063
8,6,2,28,140,-1.230421122688663,0.92259484642759626
8,6,2,28,141,-1.2490988563219507,0.94154884722087162
8,6,2,28,142,-1.2679082357786586,0.96070542810069715
8,6,2,28,143,-1.286848883758418,0.98006376924495153
8,6,2,28,144,-1.3059204222794885,0.99962301071476189
8,6,2,28,145,-1.3251224726983146,1.0193822526157441
8,6,2,28,146,-1.3444546557244197,1.0393405552688777
8,6,2,28,147,-1.3639165914305917,1.0594969393909777
8,6,2,28,148,-1.383507899258668,1.0798503862846669
8,6,2,28,149,-1.4032281980208283,1.1003998380379603
8,6,2,28,150,-1.423077105896714,1.1211441977334147
8,6,2,28,151,-1.4430542404264057,1.1420823296668214
8,6,2,28,152,-1.4631592184993325,1.1632130595754049
8,6,2,28,153,-1.4833916563393501,1.1845351748756032
8,6,2,28,154,-1.5037511694859951,1.2060474249103392
8,6,2,28,155,-1.524237372772197,1.2277485212056822
8,6,2,28,156,-1.5448498802982824,1.2496371377371833
8,6,2,28,157,-1.565588305402793,1.2717119112054394
8,6,2,28,158,-1.5864522606299225,1.2939714413210428
8,6,2,28,159,-1.6074413576937896,1.3164142910990884
8,6,2,28,160,-1.6285552074397303,1.3390389871627746
8,6,2,28,161,-1.649793419802692,1.3618440200563882
8,6,2,28,162,-1.6711556037628361,1.3848278445674627
8,6,2,28,163,-1.6926413672984753,1.4079888800581615
8,6,2,28,164,-1.7142503173364743,1.4313255108056477
8,6,2,28,165,-1.7359820597002973,1.4548360863516629
8,6,2,28,166,-1.7578361990556512,1.4785189218609522
8,6,2,28,167,-1.7798123388540921,1.5023722984886718
8,6,2,28,168,-1.8019100812744659,1.5263944637565836
8,6,2,28,169,-1.8241290271624577,1.5505836319381046
8,6,2,28,170,-1.846468775968324,1.5749379844519351
8,6,2,28,171,-1.8689289256829,1.5994556702643852
8,6,2,28,172,-1.8915090727719963,1.6241348063001204
8,6,2,28,173,-1.9142088121093859,1.648973477861404
8,6,2,28,174,-1.9370277369083089,1.6739697390556278
8,6,2,28,175,-1.959965438651784,1.6991216132311027
8,6,2,28,176,-1.9830215070217871,1.7244270934208634
8,6,2,28,177,-2.0061955298272705,1.7498841427947194
8,6,2,28,178,-2.0294870929313316,1.7754906951189335
8,6,2,28,179,-2.0528957801775158,1.8012446552239352
8,6,2,28,180,-2.0764211733153015,1.8271438994795748
8,6,2,28,181,-2.1000628519250331,1.8531862762779823
8,6,2,28,182,-2.1238203933422186,1.8793696065238508
8,6,2,28,183,-2.1476933725814549,1.9056916841320075
8,6,2,28,184,-2.1716813622598363,1.9321502765322602
8,6,2,28,185,-2.1957839325202788,1.9587431251811283
8,6,2,28,186,-2.2200006509544625,1.985467946080663
8,6,2,28,187,-2.244331082525802,2.012322430303831
8,6,2,28,188,-2.2687747894923724,2.0393042445267602
8,6,2,28,189,-2.2933313313298118,2.0664110315672253
8,6,2,28,190,-2.3180002646544571,2.0936404109296589
8,6,2,28,191,-2.3427811431467047,2.1209899793562221
8,6,2,28,192,-2.3676735174745724,2.1484573113839471
8,6,2,28,193,-2.3926769352176858,2.1760399599077744
8,6,2,28,194,-2.4177909407917477,2.2037354567492256
8,6,2,28,195,-2.4430150753734226,2.2315413132306476
8,6,2,28,196,-2.4683488768258655,2.2594550207549386
8,6,2,28,197,-2.4937918796248737,2.287474051390284
8,6,2,28,198,-2.5193436147857184,2.3155958584601706
8,6,2,28,199,-2.54500360979078,2.3438178771381128
8,6,2,28,200,-2.5707713885179895,2.3721375250471159
8,6,2,28,201,-2.5966464711701609,2.4005522028636732
8,6,2,28,202,-2.6226283742052492,2.4290592949261751
8,6,2,28,203,-2.6487166102675817,2.4576561698473527
8,6,2,28,204,-2.6749106881202245,2.4863401811308168
8,6,2,28,205,-2.701210112578317,2.5151086677913188
8,6,2,28,206,-2.7276143844436551,2.5439589549787311
8,6,2,28,207,-2.7541230004403836,2.5728883546053489
8,6,2,28,208,-2.7807354531519781,2.6018941659765065
8,6,2,28,209,-2.807451230959479,2.6309736764242171
8,6,2,28,210,-2.8342698179810668,2.6601241619436862
8,6,2,28,211,-2.861190694012933,2.6893428878325132
8,6,2,28,212,-2.8882133344716343,2.7186271093323304
8,6,2,28,213,-2.9153372103378539,2.7479740722727324
8,6,2,28,214,-2.9425617881015445,2.7773810137173753
8,6,2,28,215,-2.9698865297087096,2.8068451626119013
8,6,2,28,216,-2.9973108925096636,2.8363637404334869
8,6,2,28,217,-3.0248343292087809,2.8659339618421291
8,6,2,28,218,-3.0524562878160078,2.8955530353329428
8,6,2,28,219,-3.0801762115998277,2.9252181638897894
8,6,2,28,220,-3.1079935390420035,2.9549265456397271
8,6,2,28,221,-3.1359077037939165,2.9846753745081527
8,6,2,28,222,-3.163918134634697,3.0144618408744801
8,6,2,28,223,-3.1920242554309528,3.0442831322281676
8,6,2,28,224,-3.2202254850983989,3.0741364338247728
8,6,2,28,225,-3.2485212375651553,3.104018929341998
8,6,2,28,226,-3.2769109217368806,3.1339278015353966
8,6,2,28,227,-3.3053939414636915,3.1638602328936836
8,6,2,28,228,-3.3339696955089759,3.1938134062932084
8,6,2,28,229,-3.3626375775199779,3.2237845056517083
8,6,2,28,230,-3.3913969760003218,3.2537707165808754
8,6,2,28,231,-3.4202472742843604,3.2837692270377667
8,6,2,28,232,-3.4491878505135185,3.3137772279745432
8,6,2,28,233,-3.4782180776144367,3.3437919139867796
8,6,2,28,234,-3.5073373232791303,3.373810483959744
8,6,2,28,235,-3.5365449499471016,3.4038301417126995
8,6,2,28,236,-3.5658403147893312,3.4338480966409151
8,6,2,28,237,-3.5952227696943506,3.4638615643552777
8,6,2,28,238,-3.6246916612562128,3.4938677673192005
8,6,2,28,239,-3.6542463307645212,3.5238639354828654
8,6,2,28,240,-3.683886114196433,3.5538473069142347
8,6,2,28,241,-3.7136103422106936,3.5838151284270343
8,6,2,28,242,-3.7434183401437116,3.6137646562053343
8,6,2,28,243,-3.7733094280076762,3.6436931564244408
8,6,2,28,244,-3.8032829204907195,3.673597905868156
8,6,2,28,245,-3.8333381269591293,3.7034761925421238
8,6,2,28,246,-3.8634743514616652,3.7333253162828957
8,6,2,28,247,-3.8936908927359237,3.7631425893629307
8,6,2,28,248,-3.9239870442168092,3.7929253370909191
8,6,2,28,249,-3.9543620940470872,3.8226708984076181
8,6,2,28,250,-3.9848153250900351,3.8523766264767638
8,6,2,28,251,-4.0153460149442823,3.8820398892710579
8,6,2,28,252,-4.0459534359606142,3.9116580701529875
8,6,2,28,253,-4.0766368552610679,3.9412285684502861
8,6,2,28,254,-4.1073955347600553,3.970748800025961
8,6,2,28,255,-4.1382287311876436,4.0002161978425956
8,6,2,28,256,-4.1691356961150392,4.0296282125209162
8,6,2,28,257,-4.2001156759821026,4.0589823128923479
8,6,2,28,258,-4.2311679121271926,4.0882759865454119
8,6,2,28,259,-4.2622916408189493,4.1175067403659256
8,6,2,28,260,-4.2934860932904941,4.1466721010706813
8,6,2,28,261,-4.3247504957755867,4.1757696157345734
8,6,2,28,262,-4.3560840695470562,4.2047968523110217
8,6,2,28,263,-4.3874860309574544,4.2337514001454659
8,6,2,28,264,-4.4189555914817547,4.2626308704819564
8,6,2,28,265,-4.4504919577623925,4.2914328969623359
8,6,2,28,266,-4.4820943316563717,4.3201551361185002
8,6,2,28,267,-4.5137619102846642,4.3487952678568726
8,6,2,28,268,-4.5454938860837126,4.3773509959355721
8,6,2,28,269,-4.577289446859151,4.4058200484337506
8,6,2,28,270,-4.6091477758418158,4.4342001782132048
8,6,2,28,271,-4.6410680517458278,4.462489163371905
8,6,2,28,272,-4.6730494488289365,4.4906848076897292
8,6,2,28,273,-4.7050911369550361,4.5187849410657597
8,6,2,28,274,-4.7371922816589365,4.5467874199473988
8,6,2,28,275,-4.7693520442132709,4.574690127751099
8,6,2,28,276,-4.8015695816976232,4.6024909752745398
8,6,2,28,277,-4.8338440470698245,4.6301879011002551
8,6,2,28,278,-4.8661745892395194,4.6577788719904198
8,6,2,28,279,-4.8985603531438047,4.6852618832728847
8,6,2,28,280,-4.9310004798251592,4.7126349592183594
8,6,2,28,281,-4.9634941065114848,4.73989615340846
8,6,2,28,282,-4.9960403666983506,4.7670435490946819
8,6,2,28,283,-5.0286383902333922,4.7940752595482747
8,6,2,28,284,-5.0612873034028949,4.8209894284006767
8,6,2,28,285,-5.0939862290205191,4.8477842299747333
8,6,2,28,286,-5.1267342865181753,4.8744578696064025
8,6,2,28,287,-5.1595305920389967,4.9010085839569593
8,6,2,28,288,-5.192374258532551,4.9274346413155676
8,6,2,28,289,-5.2252644114365978,4.9537343401792917
8,6,2,28,290,-5.2582001904750371,4.9799060095544387
8,6,2,28,291,-5.2911807307805203,5.0059480114052288
8,6,2,28,292,-5.3242051630030875,5.0318587409053013
8,6,2,28,293,-5.3572726134211104,5.057636626679102
8,6,2,28,294,-5.3903822040543448,5.0832801310329829
8,6,2,28,295,-5.4235330527791614,5.1087877501761829
8,6,2,28,296,-5.4567242734460226,5.1341580144313088
8,6,2,28,297,-5.4899549759989448,5.1593894884348037
8,6,2,28,298,-5.5232242665972597,5.1844807713267134
8,6,2,28,299,-5.5565312477392661,5.2094304969304481
8,6,2,28,300,-5.5898750183881685,5.2342373339218682
8,6,2,28,301,-5.6232546740999094,5.2588999859881165
8,6,2,28,302,-5.656669307153078,5.2834171919759667
8,6,2,28,303,-5.6901180066808443,5.3077877260297308
8,6,2,28,304,-5.7235998588048007,5.3320103977187143
8,6,2,28,305,-5.7571139467707972,5.356084052154217
8,6,2,28,306,-5.7906593510866688,5.380007570096021
8,6,2,28,307,-5.8242351496617832,5.4037798680484501
8,6,2,28,308,-5.8578404179485402,5.4273998983459384
8,6,2,28,309,-5.8914742290855688,5.450866649228078
8,6,2,28,310,-5.9251356540427675,5.4741791449042037
8,6,2,28,311,-5.9588237617680004,5.4973364456076341
8,6,2,28,312,-5.9925376193355531,5.5203376476392814
8,6,2,28,313,-6.0262762920962327,5.5431818834008748
8,6,2,28,314,-6.060038843829024,5.5658683214178577
8,6,2,28,315,-6.0938243368943548,5.588396166351747
8,6,2,28,316,-6.1276318323888805,5.610764659002168
8,6,2,28,317,-6.1614603903017207,5.632973076298506
8,6,2,28,318,-6.1953090696721507,5.6550207312812937
8,6,2,28,319,-6.2291769287486201,5.6769069730731783
8,6,2,28,320,-6.2630630251491848,5.6986311868397062
8,6,2,28,321,-6.2969664160231478,5.7201927937398835
8,6,2,28,322,-6.3308861582139446,5.7415912508664597
8,6,2,28,323,-6.3648213084232186,5.7628260511761145
8,6,2,28,324,NaN,NaN
8,6,2,28,325,NaN,NaN
8,6,2,28,326,NaN,NaN
8,6,2,28,327,NaN,NaN
8,6,2,28,328,NaN,NaN
8,6,2,28,329,NaN,NaN
8,6,2,28,330,NaN,NaN
8,6,2,28,331,NaN,NaN
8,6,2,28,332,NaN,NaN
8,6,2,28,333,NaN,NaN
8,6,2,28,334,NaN,NaN
8,6,2,28,335,NaN,NaN
8,6,2,28,336,NaN,NaN
8,6,2,28,337,NaN,NaN
8,6,2,28,338,NaN,NaN
8,6,2,28,339,NaN,NaN
8,6,2,28,340,NaN,NaN
8,6,2,28,341,NaN,NaN
8,6,2,28,342,NaN,NaN
8,6,2,28,343,NaN,NaN
8,6,2,28,344,NaN,NaN
8,6,2,28,345,NaN,NaN
8,6,2,28,346,NaN,NaN
8,6,2,28,347,NaN,NaN
8,6,2,28,348,NaN,NaN
8,6,2,28,349,NaN,NaN
8,6,2,28,350,NaN,NaN
8,6,2,28,351,NaN,NaN
8,6,2,28,352,NaN,NaN
8,6,2,28,353,NaN,NaN
8,6,2,28,354,NaN,NaN
8,6,2,28,355,NaN,NaN
8,6,2,28,356,NaN,NaN
8,6,2,28,357,NaN,NaN
8,6,2,28,358,NaN,NaN
8,6,2,28,359,NaN,NaN
8,6,2,28,360,NaN,NaN
8,6,2,28,361,NaN,NaN
8,6,2,28,362,NaN,NaN
8,6,2,28,363,NaN,NaN
8,6,2,28,364,NaN,NaN
8,6,2,28,365,NaN,NaN
8,6,2,28,366,NaN,NaN
8,6,2,28,367,NaN,NaN
8,6,2,28,368,NaN,NaN
8,6,2,28,369,NaN,NaN
8,6,2,28,370,NaN,NaN
8,6,2,28,371,NaN,NaN
8,6,2,28,372,NaN,NaN
8,6,2,28,373,NaN,NaN
8,6,2,28,374,NaN,NaN
8,6,2,28,375,NaN,NaN
8,6,2,28,376,NaN,NaN
8,6,2,28,377,NaN,NaN
8,6,2,28,378,NaN,NaN
8,6,2,28,379,NaN,NaN
8,6,2,28,380,NaN,NaN
8,6,2,28,381,NaN,NaN
8,6,2,28,382,NaN,NaN
8,6,2,28,383,NaN,NaN
8,6,2,28,384,NaN,NaN
8,6,2,28,385,NaN,NaN
8,6,2,28,386,NaN,NaN
8,6,2,28,387,NaN,NaN
8,6,2,28,388,NaN,NaN
8,6,2,28,389,NaN,NaN
8,6,2,28,390,NaN,NaN
8,6,2,28,391,NaN,NaN
8,6,2,28,392,NaN,NaN
8,6,2,28,393,NaN,NaN
8,6,2,28,394,NaN,NaN
8,6,2,28,395,NaN,NaN
8,6,2,28,396,NaN,NaN
8,6,2,28,397,NaN,NaN
8,6,2,28,398,NaN,NaN
8,6,2,28,399,NaN,NaN
8,6,2,28,400,NaN,NaN
8,6,2,28,401,NaN,NaN
8,6,2,28,402,NaN,NaN
8,6,2,28,403,NaN,NaN
8,6,2,28,404,NaN,NaN
8,6,2,28,405,NaN,NaN
8,6,2,28,406,NaN,NaN
8,6,2,28,407,NaN,NaN
8,6,2,28,408,NaN,NaN
8,6,2,28,409,NaN,NaN
8,6,2,28,410,NaN,NaN
8,6,2,28,411,NaN,NaN
8,6,2,28,412,NaN,NaN
8,6,2,28,413,NaN,NaN
8,6,2,28,414,NaN,NaN
8,6,2,28,415,NaN,NaN
8,6,2,28,416,NaN,NaN
8,6,2,28,417,NaN,NaN
8,6,2,28,418,NaN,NaN
8,6,2,28,419,NaN,NaN
8,6,2,28,420,NaN,NaN
8,6,2,28,421,NaN,NaN
8,6,2,28,422,NaN,NaN
8,6,2,28,423,NaN,NaN
8,6,2,28,424,NaN,NaN
8,6,2,28,425,NaN,NaN
8,6,2,28,426,NaN,NaN
8,6,2,28,427,NaN,NaN
8,6,2,28,428,NaN,NaN
8,6,2,28,429,NaN,NaN
8,6,2,28,430,NaN,NaN
8,6,2,28,431,NaN,NaN
8,6,2,28,432,NaN,NaN
8,6,2,28,433,NaN,NaN
8,6,2,28,434,NaN,NaN
8,6,2,28,435,NaN,NaN
8,6,2,28,436,NaN,NaN
8,6,2,28,437,NaN,NaN
8,6,2,28,438,NaN,NaN
8,6,2,28,439,NaN,NaN
8,6,2,28,440,NaN,NaN
8,6,2,28,441,NaN,NaN
8,6,2,28,442,NaN,NaN
8,6,2,28,443,NaN,NaN
8,6,2,28,444,NaN,NaN
8,6,2,28,445,NaN,NaN
8,6,2,28,446,NaN,NaN
8,6,2,28,447,NaN,NaN
8,6,2,28,448,NaN,NaN
8,6,2,28,449,NaN,NaN
8,6,2,28,450,NaN,NaN
8,6,2,28,451,NaN,NaN
8,6,2,28,452,NaN,NaN
8,6,2,28,453,NaN,NaN
8,6,2,28,454,NaN,NaN
8,6,2,28,455,NaN,NaN
8,6,2,28,456,NaN,NaN
8,6,2,28,457,NaN,NaN
8,6,2,28,458,NaN,NaN
8,6,2,28,459,NaN,NaN
8,6,2,28,460,NaN,NaN
8,6,2,28,461,NaN,NaN
8,6,2,28,462,NaN,NaN
8,6,2,28,463,NaN,NaN
8,6,2,28,464,NaN,NaN
8,6,2,28,465,NaN,NaN
8,6,2,28,466,NaN,NaN
8,6,2,28,467,NaN,NaN
8,6,2,28,468,NaN,NaN
8,6,2,28,469,NaN,NaN
8,6,2,28,470,NaN,NaN
8,6,2,28,471,NaN,NaN
8,6,2,28,472,NaN,NaN
8,6,2,28,473,NaN,NaN
8,6,2,28,474,NaN,NaN
8,6,2,28,475,NaN,NaN
8,6,2,28,476,NaN,NaN
8,6,2,28,477,NaN,NaN
8,6,2,28,478,NaN,NaN
8,6,2,28,479,NaN,NaN
8,6,2,28,480,NaN,NaN
8,6,2,28,481,NaN,NaN
8,6,2,28,482,NaN,NaN
8,6,2,28,483,NaN,NaN
8,6,2,28,484,NaN,NaN
8,6,2,28,485,NaN,NaN
8,6,2,28,486,NaN,NaN
8,6,2,28,487,NaN,NaN
8,6,2,28,488,NaN,NaN
8,6,2,28,489,NaN,NaN
8,6,2,28,490,NaN,NaN
8,6,2,28,491,NaN,NaN
8,6,2,28,492,NaN,NaN
8,6,2,28,493,NaN,NaN
8,6,2,28,494,NaN,NaN
8,6,2,28,495,NaN,NaN
8,6,2,28,496,NaN,NaN
8,6,2,28,497,NaN,NaN
8,6,2,28,498,NaN,NaN
8,6,2,28,499,NaN,NaN
8,6,2,28,500,NaN,NaN
8,6,2,28,501,NaN,NaN
8,6,2,28,502,NaN,NaN
8,6,2,28,503,NaN,NaN
8,6,2,28,504,NaN,NaN
8,6,2,28,505,NaN,NaN
8,6,2,28,506,NaN,NaN
8,6,2,28,507,NaN,NaN
8,6,2,28,508,NaN,NaN
8,6,2,28,509,NaN,NaN
8,6,2,28,510,NaN,NaN
8,6,2,28,511,NaN,NaN
8,6,2,28,512,NaN,NaN
8,6,2,28,513,NaN,NaN
8,6,2,28,514,NaN,NaN
8,6,2,28,515,NaN,NaN
8,6,2,28,516,NaN,NaN
8,6,2,28,517,NaN,NaN
8,6,2,28,518,NaN,NaN
8,6,2,28,519,NaN,NaN
8,6,2,28,520,NaN,NaN
8,6,2,28,521,NaN,NaN
8,6,2,28,522,NaN,NaN
8,6,2,28,523,NaN,NaN
8,6,2,28,524,NaN,NaN
8,6,2,28,525,NaN,NaN
8,6,2,28,526,NaN,NaN
8,6,2,28,527,NaN,NaN
8,6,2,28,528,NaN,NaN
8,6,2,28,529,NaN,NaN
8,6,2,28,530,NaN,NaN
8,6,2,28,531,NaN,NaN
8,6,2,28,532,NaN,NaN
8,6,2,28,533,NaN,NaN
8,6,2,28,534,NaN,NaN
8,6,2,28,535,NaN,NaN
8,6,2,28,536,NaN,NaN
8,6,2,28,537,NaN,NaN
8,6,2,28,538,NaN,NaN
8,6,2,28,539,NaN,NaN
8,6,2,28,540,NaN,NaN
8,6,2,28,541,NaN,NaN
8,6,2,28,542,NaN,NaN
8,6,2,28,543,NaN,NaN
8,6,2,28,544,NaN,NaN
8,6,2,28,545,NaN,NaN
8,6,2,28,546,NaN,NaN
8,6,2,28,547,NaN,NaN
8,6,2,28,548,NaN,NaN
8,6,2,28,549,NaN,NaN
8,6,2,28,550,NaN,NaN
8,6,2,28,551,NaN,NaN
8,6,2,28,552,NaN,NaN
8,6,2,28,553,NaN,NaN
8,6,2,28,554,NaN,NaN
8,6,2,28,555,NaN,NaN
8,6,2,28,556,NaN,NaN
8,6,2,28,557,NaN,NaN
8,6,2,28,558,NaN,NaN
8,6,2,28,559,NaN,NaN
8,6,2,28,560,NaN,NaN
8,6,2,28,561,NaN,NaN
8,6,2,28,562,NaN,NaN
8,6,2,28,563,NaN,NaN
8,6,2,28,564,NaN,NaN
8,6,2,28,565,NaN,NaN
8,6,2,28,566,NaN,NaN
8,6,2,28,567,NaN,NaN
8,6,2,28,568,NaN,NaN
8,6,2,28,569,NaN,NaN
8,6,2,28,570,NaN,NaN
8,6,2,28,571,NaN,NaN
8,6,2,28,572,NaN,NaN
8,6,2,28,573,NaN,NaN
8,6,2,28,574,NaN,NaN
8,6,2,28,575,NaN,NaN
8,6,2,28,576,NaN,NaN
8,6,2,28,577,NaN,NaN
8,6,2,28,578,NaN,NaN
8,6,2,28,579,NaN,NaN
8,6,2,28,580,NaN,NaN
8,6,2,28,581,NaN,NaN
8,6,2,28,582,NaN,NaN
8,6,2,28,583,NaN,NaN
8,6,2,28,584,NaN,NaN
8,6,2,28,585,NaN,NaN
8,6,2,28,586,NaN,NaN
8,6,2,28,587,NaN,NaN
8,6,2,28,588,NaN,NaN
8,6,2,28,589,NaN,NaN
8,6,2,28,590,NaN,NaN
8,6,2,28,591,NaN,NaN
8,6,2,28,592,NaN,NaN
8,6,2,28,593,NaN,NaN
8,6,2,28,594,NaN,NaN
8,6,2,28,595,NaN,NaN
8,6,2,28,596,NaN,NaN
8,6,2,28,597,NaN,NaN
8,6,2,28,598,NaN,NaN
8,6,2,28,599,NaN,NaN
8,6,2,78,0,0,0
8,6,2,78,1,0,0
8,6,2,78,2,-9.7882064814536207e-05,1.1069084029924348e-05
8,6,2,78,3,-0.00029520316952025283,3.6270994258069678e-05
8,6,2,78,4,-0.00059325426330358866,7.8074424911256379e-05
8,6,2,78,5,-0.00099331077349495978,0.00013893547573251563
8,6,2,78,6,-0.0014966311968400703,0.00022129810649251791
8,6,2,78,7,-0.0021044558139948766,0.00032759452885944285
8,6,2,78,8,-0.0028180055189397368,0.00046024554040957621
8,6,2,78,9,-0.0036384807554357135,0.00062166080524173051
8,6,2,78,10,-0.0045670605534786635,0.00081423908503130971
8,6,2,78,11,-0.0056049016591175338,0.0010403684244486566
8,6,2,78,12,-0.0067531377511753643,0.0013024262944888454
8,6,2,78,13,-0.0080128787395439272,0.0016027796966799901
8,6,2,78,14,-0.0093852101391289633,0.0019437852315146165
8,6,2,78,15,-0.01087119251493851,0.0023277891336603851
8,6,2,78,16,-0.012471860993307216,0.002757127276617477
8,6,2,78,17,-0.01418822483514881,0.0032341251492373768
8,6,2,78,18,-0.016021267066995692,0.0037610978063290501
8,6,2,78,19,-0.017971944166306209,0.0043403497953842241
8,6,2,78,20,-0.020041185797159411,0.0049741750614840097
8,6,2,78,21,-0.022229894593595034,0.0056648568319217496
8,6,2,78,22,-0.024538945986934957,0.0064146674824211436
8,6,2,78,23,-0.026969188074810191,0.0072258683864040441
8,6,2,78,24,-0.029521441528773673,0.0081007097488233759
8,6,2,78,25,-0.032196499538328371,0.0090414304256047906
8,6,2,78,26,-0.034995127788917113,0.010050257730306877
8,6,2,78,27,-0.037918064471698099,0.011129407228929744
8,6,2,78,28,-0.040966020323135455,0.012281082523923903
8,6,2,78,29,-0.044139678692484141,0.013507475028384786
8,6,2,78,30,-0.047439695635381751,0.014810763731532006
8,6,2,78,31,-0.050866700031892975,0.016193114956042365
8,6,2,78,32,-0.054421293727441311,0.017656682108216359
8,6,2,78,33,-0.058104051695240244,0.019203605421597159
8,6,2,78,34,-0.061915522218636276,0.020836011694880252
8,6,2,78,35,-0.065856227092397912,0.022556014024546767
8,6,2,78,36,-0.069926661841440696,0.024365711532900458
8,6,2,78,37,-0.074127295956027961,0.026267189092113452
8,6,2,78,38,-0.078458573142264898,0.028262517044697066
8,6,2,78,39,-0.082920911587031076,0.03035375092084458
8,6,2,78,40,-0.087514704236152374,0.032542931153184407
8,6,2,78,41,-0.09224031908517949,0.034832082789287844
8,6,2,78,42,-0.097098099481729427,0.037223215202350501
8,6,2,78,43,-0.1020883644386239,0.039718321800313872
8,6,2,78,44,-0.10721140895718628,0.04231937973381561
8,6,2,78,45,-0.11246750435983666,0.045028349603273843
8,6,2,78,46,-0.11785689863127446,0.047847175165430245
8,6,2,78,47,-0.12337981676778798,0.050777783039510083
8,6,2,78,48,-0.12903646113389122,0.053822082413268468
8,6,2,78,49,-0.13482701182576107,0.056981964749339142
8,6,2,78,50,-0.14075162704096367,0.060259303491752569
8,6,2,78,51,-0.14681044345385974,0.063655953773153473
8,6,2,78,52,-0.15300357659620567,0.067173752122798303
8,6,2,78,53,-0.15933112124251192,0.070814516175374265
8,6,2,78,54,-0.16579315179967025,0.074580044380970212
8,6,2,78,55,-0.17238972270033903,0.078472115716343716
8,6,2,78,56,-0.17912086879973144,0.082492489397575919
8,6,2,78,57,-0.18598660577545667,0.086642904594227965
8,6,2,78,58,-0.19298693052985927,0.090925080145184967
8,6,2,78,59,-0.20012182159463987,0.095340714276329064
8,6,2,78,60,-0.20739123953727456,0.099891484320133173
8,6,2,78,61,-0.2147951273690718,0.10457904643718374
8,6,2,78,62,-0.22233341095420633,0.10940503533999613
8,6,2,78,63,-0.23000599941983002,0.11437106401890607
8,6,2,78,64,-0.23781278556660457,0.11947872347037869
8,6,2,78,65,-0.24575364627945073,0.12472958242778776
8,6,2,78,66,-0.25382844293843632,0.13012518709457077
8,6,2,78,67,-0.2620370218291701,0.13566706088010971
8,6,2,78,68,-0.27037921455275726,0.14135670413823742
8,6,2,78,69,-0.27885483843481662,0.14719559390853065
8,6,2,78,70,-0.28746369693350982,0.15318518366044254
8,6,2,78,71,-0.29620558004616049,0.15932690304038821
8,6,2,78,72,-0.30508026471440242,0.16562215762176424
8,6,2,78,73,-0.31408751522749023,0.17207232865812661
8,6,2,78,74,-0.32322708362366726,0.17867877283940792
8,6,2,78,75,-0.33249871008925735,0.18544282205147644
8,6,2,78,76,-0.34190212335548087,0.19236578313887309
8,6,2,78,77,-0.35143704109251162,0.19944893767099015
8,6,2,78,78,-0.36110317030090266,0.20669354171158894
8,6,2,78,79,-0.37090020769990906,0.21410082559195354
8,6,2,78,80,-0.38082784011281845,0.22167199368743062
8,6,2,78,81,-0.39088574484877903,0.22940822419776907
8,6,2,78,82,-0.40107359008137999,0.23731066893102892
8,6,2,78,83,-0.41139103522341292,0.2453804530913567
8,6,2,78,84,-0.4218377312979471,0.25361867507054381
8,6,2,78,85,-0.43241332130546928,0.26202640624354567
8,6,2,78,86,-0.44311744058695424,0.27060469076786997
8,6,2,78,87,-0.45394971718272226,0.27935454538708659
8,6,2,78,88,-0.46490977218699991,0.28827695923850927
8,6,2,78,89,-0.47599722009799006,0.29737289366489894
8,6,2,78,90,-0.48721166916346204,0.30664328203049152
8,6,2,78,91,-0.49855272172152354,0.31608902954146367
8,6,2,78,92,-0.51001997453674064,0.32571101307048711
8,6,2,78,93,-0.5216130191313284,0.33551008098606505
8,6,2,78,94,-0.53333144211126227,0.34548705298622917
8,6,2,78,95,-0.5451748254875155,0.35564271993676067
8,6,2,78,96,-0.55714274699190103,0.3659778437142519
8,6,2,78,97,-0.56923478038783948,0.37649315705378938
8,6,2,78,98,-0.58145049577569274,0.38718936340148835
8,6,2,78,99,-0.59378945989278509,0.39806713677183747
8,6,2,78,100,-0.60625123640790091,0.40912712161007281
8,6,2,78,101,-0.61883538621023138,0.42036993265956168
8,6,2,78,102,-0.63154146769281438,0.43179615483416312
8,6,2,78,103,-0.64436903703022907,0.44340634309592286
8,6,2,78,104,-0.65731764845067264,0.45520102233785054
8,6,2,78,105,-0.67038685450225843,0.46718068727201467
8,6,2,78,106,-0.68357620631352423,0.47934580232314172
8,6,2,78,107,-0.69688525384809519,0.4916968015274803
8,6,2,78,108,-0.71031354615356257,0.50423408843724149
8,6,2,78,109,-0.7238606316043894,0.51695803603068469
8,6,2,78,110,-0.73752605813895977,0.52986898662768789
8,6,2,78,111,-0.75130937349065507,0.5429672518112133
8,6,2,78,112,-0.76521012541298505,0.55625311235446284
8,6,2,78,113,-0.77922786189875692,0.56972681815386228
8,6,2,78,114,-0.7933621313932715,0.5833885881679518
8,6,2,78,115,-0.80761248300147415,0.59723861036240777
8,6,2,78,116,-0.82197846668921604,0.61127704166085983
8,6,2,78,117,-0.83645963347837027,0.62550400790205851
8,6,2,78,118,-0.85105553563614156,0.63991960380301582
8,6,2,78,119,-0.86576572685821973,0.65452389292852409
8,6,2,78,120,-0.88058976244609344,0.66931690766690033
8,6,2,78,121,-0.89552719947828541,0.68429864921203676
8,6,2,78,122,-0.91057759697572016,0.69946908755198767
8,6,2,78,123,-0.92574051606114649,0.71482816146387906
8,6,2,78,124,-0.94101552011263134,0.73037577851542135
8,6,2,78,125,-0.95640217491115842,0.7461118150730417
8,6,2,78,126,-0.97190004878245362,0.76203611631644186
8,6,2,78,127,-0.98750871273283747,0.77814849626008098
8,6,2,78,128,-1.003227740579421,0.7944487377812337
8,6,2,78,129,-1.0190567090744673,0.81093659265481233
8,6,2,78,130,-1.0349951980240746,0.82761178159506954
8,6,2,78,131,-1.05104279040108,0.84447399430411796
8,6,2,78,132,-1.0671990724524238,0.86152288952739686
8,6,2,78,133,-1.0834636338008963,0.87875809511594183
8,6,2,78,134,-1.0998360675412489,0.89617920809580698
8,6,2,78,135,-1.1163159703308945,0.91378579474437893
8,6,2,78,136,-1.1329029424750836,0.93157739067373513
8,6,2,78,137,-1.1495965880067238,0.9495535009211159
8,6,2,78,138,-1.1663965147607869,0.96771360004645757
8,6,2,78,139,-1.1833023344434868,0.98605713223701985
8,6,2,78,140,-1.2003136626961175,1.0045835114192796
8,6,2,78,141,-1.2174301191538006,1.0232921213778334
8,6,2,78,142,-1.2346513274990423,1.0421823158815569
8,6,2,78,143,-1.2519769155102722,1.0612534188169125
8,6,2,78,144,-1.2694064428750484,1.080504582441197
8,6,2,78,145,-1.2869394198744444,1.0999348249517427
8,6,2,78,146,-1.3045753589538966,1.119543132217879
8,6,2,78,147,-1.3223137747819691,1.1393284580215073
8,6,2,78,148,-1.340154184304676,1.1592897243052902
8,6,2,78,149,-1.3580961067955366,1.1794258214285813
8,6,2,78,150,-1.3761390639012383,1.1997356084309767
8,6,2,78,151,-1.3942825796832592,1.2202179133035425
8,6,2,78,152,-1.412526180655177,1.2408715332677263
8,6,2,78,153,-1.4308693958160257,1.2616952350619299
8,6,2,78,154,-1.4493117566795444,1.2826877552356759
8,6,2,78,155,-1.4678527972995237,1.3038478004514436
8,6,2,78,156,-1.4864920542912108,1.3251740477941172
8,6,2,78,157,-1.5052290668489954,1.3466651450878468
8,6,2,78,158,-1.5240633767601597,1.3683197112206917
8,6,2,78,159,-1.5429945284151203,1.3901363364764607
8,6,2,78,160,-1.5620220688139119,1.4121135828742388
8,6,2,78,161,-1.5811455475691405,1.4342499845151209
8,6,2,78,162,-1.6003645169054892,1.4565440479363949
8,6,2,78,163,-1.6196785316556939,1.4789942524729622
8,6,2,78,164,-1.6390871492532655,1.5015990506258818
8,6,2,78,165,-1.6585899297217876,1.5243568684382813
8,6,2,78,166,-1.6781864356610776,1.5472661058780783
8,6,2,78,167,-1.6978762322300833,1.5703251372279432
8,6,2,78,168,-1.7176588871267662,1.5935323114819544
8,6,2,78,169,-1.7375339705648196,1.6168859527493225
8,6,2,78,170,-1.7575010552475234,1.6403843606646569
8,6,2,78,171,-1.7775597163385837,1.664025810805017
8,6,2,78,172,-1.7977095314301195,1.6878085551135817
8,6,2,78,173,-1.8179500805079241,1.711730822329574
8,6,2,78,174,-1.838280945913906,1.7357908184248068
8,6,2,78,175,-1.8587017123058769,1.759986727046345
8,6,2,78,176,-1.8792119666147411,1.784316709965339
8,6,2,78,177,-1.8998112979990822,1.8087789075319853
8,6,2,78,178,-1.9204992977973234,1.8333714391363638
8,6,2,78,179,-1.9412755594773345,1.8580924036751101
8,6,2,78,180,-1.9621396785837686,1.8829398800237485
8,6,2,78,181,-1.9830912526829891,1.907911927514705
8,6,2,78,182,-2.0041298813057775,1.9330065864206354
8,6,2,78,183,-2.0252551658877627,1.9582218784432808
8,6,2,78,184,-2.0464667097077838,1.9835558072072295
8,6,2,78,185,-2.0677641178240282,2.0090063587590441
8,6,2,78,186,-2.089146997008279,2.0345715020710893
8,6,2,78,187,-2.1106149556779585,2.0602491895502921
8,6,2,78,188,-2.1321676038264235,2.0860373575515263
8,6,2,78,189,-2.1538045529512608,2.1119339268953512
8,6,2,78,190,-2.1755254159807667,2.1379368033903665
8,6,2,78,191,-2.19732980719865,2.1640438783595979
8,6,2,78,192,-2.2192173421669956,2.1902530291709938
8,6,2,78,193,-2.2411876376475846,2.2165621197718726
8,6,2,78,194,-2.2632403115214581,2.2429690012271268
8,6,2,78,195,-2.2853749827071113,2.2694715122609481
8,6,2,78,196,-2.3075912710769195,2.2960674798021357
8,6,2,78,197,-2.3298887973723206,2.3227547195326244
8,6,2,78,198,-2.3522671831173456,2.3495310364391369
8,6,2,78,199,-2.3747260505309509,2.3763942253678589
8,6,2,78,200,-2.3972650224379501,2.4033420715818905
8,6,2,78,201,-2.4198837221785894,2.4303723513213775
8,6,2,78,202,-2.4425817735171051,2.4574828323660562
8,6,2,78,203,-2.4653588005488505,2.4846712746002115
8,6,2,78,204,-2.4882144276064775,2.5119354305797397
8,6,2,78,205,-2.5111482791649653,2.5392730461011732
8,6,2,78,206,-2.5341599797456373,2.566681860772535
8,6,2,78,207,-2.5572491538191802,2.5941596085858443
8,6,2,78,208,-2.5804154257077885,2.6217040184911222
8,6,2,78,209,-2.6036584194862931,2.6493128149716689
8,6,2,78,210,-2.6269777588827035,2.6769837186203875
8,6,2,78,211,-2.6503730671776857,2.7047144467173156
8,6,2,78,212,-2.6738439671035508,2.7325027138076301
8,6,2,78,213,-2.6973900807424398,2.7603462322804613
8,6,2,78,214,-2.7210110294239085,2.7882427129481551
8,6,2,78,215,-2.7447064336219515,2.8161898656256485
8,6,2,78,216,-2.768475912851498,2.8441853997101472
8,6,2,78,217,-2.7923190855644764,2.872227024760496
8,6,2,78,218,-2.8162355690453502,2.9003124510765228
8,6,2,78,219,-2.8402249793064716,2.9284393902777039
8,6,2,78,220,-2.8642869309829289,2.956605555881489
8,6,2,78,221,-2.8884210372272676,2.9848086638806643
8,6,2,78,222,-2.9126269096039712,3.0130464333198463
8,6,2,78,223,-2.9369041579838164,3.0413165868708099
8,6,2,78,224,-2.9612523904380463,3.0696168514065953
8,6,2,78,225,-2.9856712131326679,3.0979449585740308
8,6,2,78,226,-3.0101602302225752,3.1262986453647832
8,6,2,78,227,-3.0347190437459091,3.1546756546845049
8,6,2,78,228,-3.0593472535184576,3.1830737359199586
8,6,2,78,229,-3.0840444570282957,3.2114906455040808
8,6,2,78,230,-3.10881024933059,3.239924147478737
8,6,2,78,231,-3.1336442229428165,3.2683720140549708
8,6,2,78,232,-3.1585459677402508,3.2968320261705761
8,6,2,78,233,-3.1835150708519224,3.3253019740449057
8,6,2,78,234,-3.2085511165570679,3.3537796577306906
8,6,2,78,235,-3.2336536861820142,3.3822628876627348
8,6,2,78,236,-3.2588223579978202,3.4107494852033211
8,6,2,78,237,-3.2840567071184266,3.4392372831840961
8,6,2,78,238,-3.3093563053996577,3.467724126444391
8,6,2,78,239,-3.3347207213388796,3.4962078723657837
8,6,2,78,240,-3.3601495199756028,3.5246863914026512
8,6,2,78,241,-3.3856422627929037,3.553157567608725
8,6,2,78,242,-3.4111985076198668,3.5816192991593776
8,6,2,78,243,-3.4368178085350252,3.6100694988694308
8,6,2,78,244,-3.4624997157708948,3.6385060947065866
8,6,2,78,245,-3.4882437756196536,3.6669270303000046
8,6,2,78,246,-3.5140495303400412,3.6953302654441385
8,6,2,78,247,-3.5399165180655001,3.7237137765975676
8,6,2,78,248,-3.5658442727137087,3.7520755573766857
8,6,2,78,249,-3.5918323238974703,3.7804136190441233
8,6,2,78,250,-3.6178801968370311,3.8087259909917845
8,6,2,78,251,-3.6439874122740026,3.8370107212183284
8,6,2,78,252,-3.670153486386829,3.8652658768008967
8,6,2,78,253,-3.6963779307078282,3.8934895443611701
8,6,2,78,254,-3.7226602520420649,3.9216798305253597
8,6,2,78,255,-3.7489999523879156,3.9498348623781157
8,6,2,78,256,-3.7753965288594484,3.9779527879103131
8,6,2,78,257,-3.8018494736107353,4.006031776460464
8,6,2,78,258,-3.828358273762106,4.0340700191496186
8,6,2,78,259,-3.8549224113283929,4.0620657293097491
8,6,2,78,260,-3.8815413631492488,4.0900171429054417
8,6,2,78,261,-3.908214600821569,4.1179225189487436
8,6,2,78,262,-3.9349415906341836,4.1457801399070542
8,6,2,78,263,-3.96172179350468,4.1735883121040205
8,6,2,78,264,-3.9885546649185812,4.201345366113304
8,6,2,78,265,-4.0154396548708782,4.2290496571449649
8,6,2,78,266,-4.0423762078099941,4.25669956542459
8,6,2,78,267,-4.0693637625841212,4.284293496564942
8,6,2,78,268,-4.0964017523901832,4.3118298819299596
8,6,2,78,269,-4.1234896047253056,4.3393071789911284
8,6,2,78,270,-4.1506267413409406,4.3667238716761396
8,6,2,78,271,-4.1778125781996245,4.3940784707095171
8,6,2,78,272,-4.2050465254344696,4.4213695139455638
8,6,2,78,273,-4.2323279873114572,4.448595566692914
8,6,2,78,274,-4.2596563621945025,4.4757552220312888
8,6,2,78,275,-4.2870310425134228,4.5028471011197864
8,6,2,78,276,-4.3144514147347319,4.5298698534970452
8,6,2,78,277,-4.3419168593355035,4.5568221573728946
8,6,2,78,278,-4.369426750780109,4.583702719911706
8,6,2,78,279,-4.3969804575000548,4.6105102775070215
8,6,2,78,280,-4.4245773418768728,4.6372435960477656
8,6,2,78,281,-4.452216760228084,4.6639014711756381
8,6,2,78,282,-4.4798980627963614,4.6904827285339543
8,6,2,78,283,-4.5076205937418292,4.7169862240074325
8,6,2,78,284,-4.5353836911375343,4.7434108439533915
8,6,2,78,285,-4.5631866869682511,4.7697555054238254
8,6,2,78,286,-4.5910289071324604,4.7960191563785806
8,6,2,78,287,-4.6189096714476801,4.8222007758895629
8,6,2,78,288,-4.6468282936590661,4.8482993743356877
8,6,2,78,289,-4.6747840814513886,4.8743139935889497
8,6,2,78,290,-4.7027763364643764,4.9002437071910796
8,6,2,78,291,-4.7308043543113794,4.9260876205211215
8,6,2,78,292,-4.7588674246015312,4.9518448709537815
8,6,2,78,293,-4.7869648309652462,4.9775146280082918
8,6,2,78,294,-4.8150958510831625,5.0030960934882103
8,6,2,78,295,-4.843259756718532,5.0285885016115914
8,6,2,78,296,-4.8714558137530952,5.0539911191320313
8,6,2,78,297,-4.8996832822263139,5.0793032454500233
8,6,2,78,298,-4.9279414163781841,5.1045242127151305
8,6,2,78,299,-4.9562294646954106,5.1296533859184503
8,6,2,78,300,-4.9845466699611212,5.1546901629758137
8,6,2,78,301,-5.0128922693079945,5.1796339748013427
8,6,2,78,302,-5.0412654942748878,5.2044842853714997
8,6,2,78,303,-5.0696655708668716,5.2292405917797238
8,6,2,78,304,-5.0980917196187807,5.2539024242814456
8,6,2,78,305,-5.1265431556621275,5.2784693463295369
8,6,2,78,306,-5.1550190887954983,5.3029409546003077
8,6,2,78,307,-5.1835187235583167,5.327316879009933
8,6,2,78,308,-5.2120412593080312,5.3515967827213267
8,6,2,78,309,-5.2405858903006752,5.3757803621414881
8,6,2,78,310,-5.2691518057748077,5.399867346909323
8,6,2,78,311,-5.2977381900386806,5.4238574998739937
8,6,2,78,312,-5.3263442225608468,5.4477506170637149
8,6,2,78,313,-5.3549690780640038,5.4715465276451187
8,6,2,78,314,-5.3836119266220175,5.495245093873133
8,6,2,78,315,-5.4122719337602714,5.5188462110314003
8,6,2,78,316,-5.4409482605591366,5.5423498073633199
8,6,2,78,317,-5.4696400637606057,5.5657558439937498
8,6,2,78,318,-5.4983464958780317,5.5890643148411936
8,6,2,78,319,-5.5270667053090028,5.6122752465207846
8,6,2,78,320,-5.5557998364511088,5.635388698238045
8,6,2,78,321,-5.5845450298208368,5.6584047616731779
8,6,2,78,322,-5.6133014221753648,5.6813235608563968
8,6,2,78,323,-5.6420681466371638,5.7041452520338849
8,6,2,78,324,-5.6708443328215896,5.7268700235248184
8,6,2,78,325,-5.6996291069671408,5.7494980955691357
8,6,2,78,326,-5.7284215920685613,5.7720297201663797
8,6,2,78,327,-5.7572209080124894,5.7944651809056644
8,6,2,78,328,-5.786026171715891,5.8168047927865976
8,6,2,78,329,-5.8148364972669615,5.8390489020313492
8,6,2,78,330,-5.8436509960685443,5.861197885888056
8,6,2,78,331,-5.8724687769840358,5.8832521524254302
8,6,2,78,332,-5.9012889464856606,5.9052121403186693
8,6,2,78,333,-5.9301106088049949,5.9270783186269629
8,6,2,78,334,-5.9589328660858696,5.9488511865622016
8,6,2,78,335,-5.9877548185393534,5.9705312732495717
8,6,2,78,336,-6.01657556460089,5.9921191374795093
8,6,2,78,337,-6.045394201089449,6.0136153674516271
8,6,2,78,338,NaN,NaN
8,6,2,78,339,NaN,NaN
8,6,2,78,340,NaN,NaN
8,6,2,78,341,NaN,NaN
8,6,2,78,342,NaN,NaN
8,6,2,78,343,NaN,NaN
8,6,2,78,344,NaN,NaN
8,6,2,78,345,NaN,NaN
8,6,2,78,346,NaN,NaN
8,6,2,78,347,NaN,NaN
8,6,2,78,348,NaN,NaN
8,6,2,78,349,NaN,NaN
8,6,2,78,350,NaN,NaN
8,6,2,78,351,NaN,NaN
8,6,2,78,352,NaN,NaN
8,6,2,78,353,NaN,NaN
8,6,2,78,354,NaN,NaN
8,6,2,78,355,NaN,NaN
8,6,2,78,356,NaN,NaN
8,6,2,78,357,NaN,NaN
8,6,2,78,358,NaN,NaN
8,6,2,78,359,NaN,NaN
8,6,2,78,360,NaN,NaN
8,6,2,78,361,NaN,NaN
8,6,2,78,362,NaN,NaN
8,6,2,78,363,NaN,NaN
8,6,2,78,364,NaN,NaN
8,6,2,78,365,NaN,NaN
8,6,2,78,366,NaN,NaN
8,6,2,78,367,NaN,NaN
8,6,2,78,368,NaN,NaN
8,6,2,78,369,NaN,NaN
8,6,2,78,370,NaN,NaN
8,6,2,78,371,NaN,NaN
8,6,2,78,372,NaN,NaN
8,6,2,78,373,NaN,NaN
8,6,2,78,374,NaN,NaN
8,6,2,78,375,NaN,NaN
8,6,2,78,376,NaN,NaN
8,6,2,78,377,NaN,NaN
8,6,2,78,378,NaN,NaN
8,6,2,78,379,NaN,NaN
8,6,2,78,380,NaN,NaN
8,6,2,78,381,NaN,NaN
8,6,2,78,382,NaN,NaN
8,6,2,78,383,NaN,NaN
8,6,2,78,384,NaN,NaN
8,6,2,78,385,NaN,NaN
8,6,2,78,386,NaN,NaN
8,6,2,78,387,NaN,NaN
8,6,2,78,388,NaN,NaN
8,6,2,78,389,NaN,NaN
8,6,2,78,390,NaN,NaN
8,6,2,78,391,NaN,NaN
8,6,2,78,392,NaN,NaN
8,6,2,78,393,NaN,NaN
8,6,2,78,394,NaN,NaN
8,6,2,78,395,NaN,NaN
8,6,2,78,396,NaN,NaN
8,6,2,78,397,NaN,NaN
8,6,2,78,398,NaN,NaN
8,6,2,78,399,NaN,NaN
8,6,2,78,400,NaN,NaN
8,6,2,78,401,NaN,NaN
8,6,2,78,402,NaN,NaN
8,6,2,78,403,NaN,NaN
8,6,2,78,404,NaN,NaN
8,6,2,78,405,NaN,NaN
8,6,2,78,406,NaN,NaN
8,6,2,78,407,NaN,NaN
8,6,2,78,408,NaN,NaN
8,6,2,78,409,NaN,NaN
8,6,2,78,410,NaN,NaN
8,6,2,78,411,NaN,NaN
8,6,2,78,412,NaN,NaN
8,6,2,78,413,NaN,NaN
8,6,2,78,414,NaN,NaN
8,6,2,78,415,NaN,NaN
8,6,2,78,416,NaN,NaN
8,6,2,78,417,NaN,NaN
8,6,2,78,418,NaN,NaN
8,6,2,78,419,NaN,NaN
8,6,2,78,420,NaN,NaN
8,6,2,78,421,NaN,NaN
8,6,2,78,422,NaN,NaN
8,6,2,78,423,NaN,NaN
8,6,2,78,424,NaN,NaN
8,6,2,78,425,NaN,NaN
8,6,2,78,426,NaN,NaN
8,6,2,78,427,NaN,NaN
8,6,2,78,428,NaN,NaN
8,6,2,78,429,NaN,NaN
8,6,2,78,430,NaN,NaN
8,6,2,78,431,NaN,NaN
8,6,2,78,432,NaN,NaN
8,6,2,78,433,NaN,NaN
8,6,2,78,434,NaN,NaN
8,6,2,78,435,NaN,NaN
8,6,2,78,436,NaN,NaN
8,6,2,78,437,NaN,NaN
8,6,2,78,438,NaN,NaN
8,6,2,78,439,NaN,NaN
8,6,2,78,440,NaN,NaN
8,6,2,78,441,NaN,NaN
8,6,2,78,442,NaN,NaN
8,6,2,78,443,NaN,NaN
8,6,2,78,444,NaN,NaN
8,6,2,78,445,NaN,NaN
8,6,2,78,446,NaN,NaN
8,6,2,78,447,NaN,NaN
8,6,2,78,448,NaN,NaN
8,6,2,78,449,NaN,NaN
8,6,2,78,450,NaN,NaN
8,6,2,78,451,NaN,NaN
8,6,2,78,452,NaN,NaN
8,6,2,78,453,NaN,NaN
8,6,2,78,454,NaN,NaN
8,6,2,78,455,NaN,NaN
8,6,2,78,456,NaN,NaN
8,6,2,78,457,NaN,NaN
8,6,2,78,458,NaN,NaN
8,6,2,78,459,NaN,NaN
8,6,2,78,460,NaN,NaN
8,6,2,78,461,NaN,NaN
8,6,2,78,462,NaN,NaN
8,6,2,78,463,NaN,NaN
8,6,2,78,464,NaN,NaN
8,6,2,78,465,NaN,NaN
8,6,2,78,466,NaN,NaN
8,6,2,78,467,NaN,NaN
8,6,2,78,468,NaN,NaN
8,6,2,78,469,NaN,NaN
8,6,2,78,470,NaN,NaN
8,6,2,78,471,NaN,NaN
8,6,2,78,472,NaN,NaN
8,6,2,78,473,NaN,NaN
8,6,2,78,474,NaN,NaN
8,6,2,78,475,NaN,NaN
8,6,2,78,476,NaN,NaN
8,6,2,78,477,NaN,NaN
8,6,2,78,478,NaN,NaN
8,6,2,78,479,NaN,NaN
8,6,2,78,480,NaN,NaN
8,6,2,78,481,NaN,NaN
8,6,2,78,482,NaN,NaN
8,6,2,78,483,NaN,NaN
8,6,2,78,484,NaN,NaN
8,6,2,78,485,NaN,NaN
8,6,2,78,486,NaN,NaN
8,6,2,78,487,NaN,NaN
8,6,2,78,488,NaN,NaN
8,6,2,78,489,NaN,NaN
8,6,2,78,490,NaN,NaN
8,6,2,78,491,NaN,NaN
8,6,2,78,492,NaN,NaN
8,6,2,78,493,NaN,NaN
8,6,2,78,494,NaN,NaN
8,6,2,78,495,NaN,NaN
8,6,2,78,496,NaN,NaN
8,6,2,78,497,NaN,NaN
8,6,2,78,498,NaN,NaN
8,6,2,78,499,NaN,NaN
8,6,2,78,500,NaN,NaN
8,6,2,78,501,NaN,NaN
8,6,2,78,502,NaN,NaN
8,6,2,78,503,NaN,NaN
8,6,2,78,504,NaN,NaN
8,6,2,78,505,NaN,NaN
8,6,2,78,506,NaN,NaN
8,6,2,78,507,NaN,NaN
8,6,2,78,508,NaN,NaN
8,6,2,78,509,NaN,NaN
8,6,2,78,510,NaN,NaN
8,6,2,78,511,NaN,NaN
8,6,2,78,512,NaN,NaN
8,6,2,78,513,NaN,NaN
8,6,2,78,514,NaN,NaN
8,6,2,78,515,NaN,NaN
8,6,2,78,516,NaN,NaN
8,6,2,78,517,NaN,NaN
8,6,2,78,518,NaN,NaN
8,6,2,78,519,NaN,NaN
8,6,2,78,520,NaN,NaN
8,6,2,78,521,NaN,NaN
8,6,2,78,522,NaN,NaN
8,6,2,78,523,NaN,NaN
8,6,2,78,524,NaN,NaN
8,6,2,78,525,NaN,NaN
8,6,2,78,526,NaN,NaN
8,6,2,78,527,NaN,NaN
8,6,2,78,528,NaN,NaN
8,6,2,78,529,NaN,NaN
8,6,2,78,530,NaN,NaN
8,6,2,78,531,NaN,NaN
8,6,2,78,532,NaN,NaN
8,6,2,78,533,NaN,NaN
8,6,2,78,534,NaN,NaN
8,6,2,78,535,NaN,NaN
8,6,2,78,536,NaN,NaN
8,6,2,78,537,NaN,NaN
8,6,2,78,538,NaN,NaN
8,6,2,78,539,NaN,NaN
8,6,2,78,540,NaN,NaN
8,6,2,78,541,NaN,NaN
8,6,2,78,542,NaN,NaN
8,6,2,78,543,NaN,NaN
8,6,2,78,544,NaN,NaN
8,6,2,78,545,NaN,NaN
8,6,2,78,546,NaN,NaN
8,6,2,78,547,NaN,NaN
8,6,2,78,548,NaN,NaN
8,6,2,78,549,NaN,NaN
8,6,2,78,550,NaN,NaN
8,6,2,78,551,NaN,NaN
8,6,2,78,552,NaN,NaN
8,6,2,78,553,NaN,NaN
8,6,2,78,554,NaN,NaN
8,6,2,78,555,NaN,NaN
8,6,2,78,556,NaN,NaN
8,6,2,78,557,NaN,NaN
8,6,2,78,558,NaN,NaN
8,6,2,78,559,NaN,NaN
8,6,2,78,560,NaN,NaN
8,6,2,78,561,NaN,NaN
8,6,2,78,562,NaN,NaN
8,6,2,78,563,NaN,NaN
8,6,2,78,564,NaN,NaN
8,6,2,78,565,NaN,NaN
8,6,2,78,566,NaN,NaN
8,6,2,78,567,NaN,NaN
8,6,2,78,568,NaN,NaN
8,6,2,78,569,NaN,NaN
8,6,2,78,570,NaN,NaN
8,6,2,78,571,NaN,NaN
8,6,2,78,572,NaN,NaN
8,6,2,78,573,NaN,NaN
8,6,2,78,574,NaN,NaN
8,6,2,78,575,NaN,NaN
8,6,2,78,576,NaN,NaN
8,6,2,78,577,NaN,NaN
8,6,2,78,578,NaN,NaN
8,6,2,78,579,NaN,NaN
8,6,2,78,580,NaN,NaN
8,6,2,78,581,NaN,NaN
8,6,2,78,582,NaN,NaN
8,6,2,78,583,NaN,NaN
8,6,2,78,584,NaN,NaN
8,6,2,78,585,NaN,NaN
8,6,2,78,586,NaN,NaN
8,6,2,78,587,NaN,NaN
8,6,2,78,588,NaN,NaN
8,6,2,78,589,NaN,NaN
8,6,2,78,590,NaN,NaN
8,6,2,78,591,NaN,NaN
8,6,2,78,592,NaN,NaN
8,6,2,78,593,NaN,NaN
8,6,2,78,594,NaN,NaN
8,6,2,78,595,NaN,NaN
8,6,2,78,596,NaN,NaN
8,6,2,78,597,NaN,NaN
8,6,2,78,598,NaN,NaN
8,6,2,78,599,NaN,NaN
8,6,2,22,0,0,0
8,6,2,22,1,0,0
8,6,2,22,2,-4.8692570042696559e-05,5.0486055502840799e-05
8,6,2,22,3,-0.00014801214877069313,0.00015349155199628761
8,6,2,22,4,-0.00029989891084936104,0.00031099918214594346
8,6,2,22,5,-0.00050629502501564616,0.00052494628548227507
8,6,2,22,6,-0.00076914119004345416,0.00079722978461871374
8,6,2,22,7,-0.0010903734299183565,0.0011297107457702849
8,6,2,22,8,-0.00147192555611797,0.0015241956275252599
8,6,2,22,9,-0.0019157249209422744,0.0019824469268403533
8,6,2,22,10,-0.0024236847075254087,0.0025062087187860405
8,6,2,22,11,-0.0029977017213356216,0.0030972093520847954
8,6,2,22,12,-0.0036396543584449326,0.0037571639274508462
8,6,2,22,13,-0.0043514007391332044,0.0044877765738748909
8,6,2,22,14,-0.0051347769961296308,0.0052907425359904892
8,6,2,22,15,-0.0059915957073941595,0.0061677500858919876
8,6,2,22,16,-0.0069236444642462036,0.0071204822710391191
8,6,2,22,17,-0.0079326845660976364,0.0081506185092700134
8,6,2,22,18,-0.00902044983378536,0.009259836041500269
8,6,2,22,19,-0.010188645533953933,0.010449811251564411
8,6,2,22,20,-0.011438947407432787,0.011722220862242505
8,6,2,22,21,-0.012773000681370883,0.013078742993072323
8,6,2,22,22,-0.014192416523411966,0.014521057504804369
8,6,2,22,23,-0.015698770222538627,0.016050846377424488
8,6,2,22,24,-0.017293600625911676,0.017669794202232469
8,6,2,22,25,-0.018978409653946926,0.019379588590881514
8,6,2,22,26,-0.020754661888727766,0.021181920507215568
8,6,2,22,27,-0.022623784230757504,0.023078484527444543
8,6,2,22,28,-0.024587165620010287,0.025070979033453566
8,6,2,22,29,-0.026646156816778621,0.027161106344239516
8,6,2,22,30,-0.028802070238787003,0.029350572789774154
8,6,2,22,31,-0.031056179850841303,0.031641088731193534
8,6,2,22,32,-0.033409721103905277,0.034034368531224435
8,6,2,22,33,-0.035863890920062591,0.036532130478594826
8,6,2,22,34,-0.038419847721060663,0.039136096669264986
8,6,2,22,35,-0.041078711497199993,0.041847992847979243
8,6,2,22,36,-0.043841563914326365,0.04466954821272795
8,6,2,22,37,-0.046709448456522251,0.047602495184889682
8,6,2,22,38,-0.049683370602188193,0.050648569147457301
8,6,2,22,39,-0.05276429803150462,0.05380950815386254
8,6,2,22,40,-0.055953160863292384,0.057087052609339217
8,6,2,22,41,-0.059250851919512293,0.060482944926879001
8,6,2,22,42,-0.06265822701553847,0.063998929159878037
8,6,2,22,43,-0.066176105274767805,0.067636750612889984
8,6,2,22,44,-0.069805269465900155,0.071398155432503274
8,6,2,22,45,-0.073546466361501528,0.075284890179613817
8,6,2,22,46,-0.077400406790428811,0.079298618450948655
8,6,2,22,47,-0.081367767272233493,0.08344094483062614
8,6,2,22,48,-0.085449190919856255,0.087713469814151845
8,6,2,22,49,-0.089645287868767021,0.092117789358295288
8,6,2,22,50,-0.093956635720493509,0.096655494414246701
8,6,2,22,51,-0.098383779999727805,0.10132817044539444
8,6,2,22,52,-0.10292723462388409,0.10613739693108859
8,6,2,22,53,-0.10758748238433591,0.11108474685772862
8,6,2,22,54,-0.11236497543850588,0.11617178619823254
8,6,2,22,55,-0.11726013581186967,0.12140007338116154
8,6,2,22,56,-0.12227335590926924,0.12677115875030232
8,6,2,22,57,-0.12740499903468039,0.13228658401596982
8,6,2,22,58,-0.13265539991876851,0.13794788169869121
8,6,2,22,59,-0.13802486525348323,0.14375657456641988
8,6,2,22,60,-0.14351367423325878,0.14971417506579321
8,6,2,22,61,-0.14912207910185993,0.1558221847484248
8,6,2,22,62,-0.15485030570460134,0.16208209369288074
8,6,2,22,63,-0.16069855404509115,0.1684953799231087
8,6,2,22,64,-0.16666699884617109,0.17506350882377786
8,6,2,22,65,-0.17275579011437614,0.18178793255342052
8,6,2,22,66,-0.17896505370734728,0.18867008945576691
8,6,2,22,67,-0.18529489190390325,0.19571140346990867
8,6,2,22,68,-0.19174538397606078,0.20291328353981009
8,6,2,22,69,-0.19831658676274788,0.21027712302360835
8,6,2,22,70,-0.20500853524449414,0.2178042991034107
8,6,2,22,71,-0.21182124311898143,0.22549617219573825
8,6,2,22,72,-0.21875470337675562,0.23335408536326874
8,6,2,22,73,-0.22580888887682726,0.24137936372830293
8,6,2,22,74,-0.23298375292177265,0.24957331388822113
8,6,2,22,75,-0.24027922983189676,0.25793722333340707
8,6,2,22,76,-0.24769523551809725,0.26647235986808349
8,6,2,22,77,-0.25523164323414949,0.27518000883428873
8,6,2,22,78,-0.26288823292542896,0.28406155169874991
8,6,2,22,79,-0.27066476670623563,0.29311835218605309
8,6,2,22,80,-0.27856098942181107,0.30235175569229833
8,6,2,22,81,-0.28657662920860694,0.31176308870109193
8,6,2,22,82,-0.29471139805244961,0.32135365820236406
8,6,2,22,83,-0.30296499234424568,0.3311247511143145
8,6,2,22,84,-0.31133709343286742,0.34107763370886113
8,6,2,22,85,-0.31982736817507407,0.35121355104078544
8,6,2,22,86,-0.3284354694819247,0.36153372638105252
8,6,2,22,87,-0.33716103686153853,0.3720393606545469
8,6,2,22,88,-0.34600369695794164,0.3827316318823798
8,6,2,22,89,-0.35496306408557832,0.39361169462938939
8,6,2,22,90,-0.36403874075942033,0.40468067945665653
8,6,2,22,91,-0.37323031822022457,0.41593969237974371
8,6,2,22,92,-0.38253737695485013,0.42738981433269874
8,6,2,22,93,-0.39195948721125751,0.43903210063803155
8,6,2,22,94,-0.4014962095081176,0.45086758048319131
8,6,2,22,95,-0.41114709383319736,0.46289725808618953
8,6,2,22,96,-0.42091165535735886,0.4751221440898401
8,6,2,22,97,-0.43078940110727326,0.48754322127444183
8,6,2,22,98,-0.44077983043238622,0.50016144409190111
8,6,2,22,99,-0.45088243546561602,0.51297773820701831
8,6,2,22,100,-0.46109670157795657,0.52599300004583516
8,6,2,22,101,-0.47142210782650795,0.53920809635130684
8,6,2,22,102,-0.48185812887995838,0.55262385667071978
8,6,2,22,103,-0.49240423729983718,0.56624106421364895
8,6,2,22,104,-0.50305990085045549,0.58006047028347496
8,6,2,22,105,-0.51382458291754918,0.59408279385387008
8,6,2,22,106,-0.52469774291958315,0.60830872115387458
8,6,2,22,107,-0.53567883671176153,0.62273890526144404
8,6,2,22,108,-0.54676731698252712,0.63737396570580918
8,6,2,22,109,-0.55796263364252807,0.65221448807878113
8,6,2,22,110,-0.56926423420582961,0.66726102365529949
8,6,2,22,111,-0.58067156416350962,0.68251408902325617
8,6,2,22,112,-0.59218406734938278,0.69797416572291715
8,6,2,22,113,-0.60380118629775881,0.71364169989606707
8,6,2,22,114,-0.61552236259340698,0.72951710194506247
8,6,2,22,115,-0.62734703721338825,0.74560074620189376
8,6,2,22,116,-0.63927465086086599,0.76189297060766104
8,6,2,22,117,-0.6513046442908399,0.77839407640231673
8,6,2,22,118,-0.66343645862770306,0.7951043278250719
8,6,2,22,119,-0.6756695356746778,0.81202395182558562
8,6,2,22,120,-0.68800331821496918,0.82915313778606503
8,6,2,22,121,-0.70043725030476955,0.84649203725435662
8,6,2,22,122,-0.71297077755805849,0.86404076368838956
8,6,2,22,123,-0.72560334742301502,0.8817993922119044
8,6,2,22,124,-0.73833440945039741,0.89976795938176146
8,6,2,22,125,-0.75116341555345745,0.91794646296688154
8,6,2,22,126,-0.7640898202597779,0.93633486173900771
8,6,2,22,127,-0.77711308095481102,0.9549330752753965
8,6,2,22,128,-0.79023265811719035,0.97374098377361606
8,6,2,22,129,-0.80344801554592116,0.99275842787846236
8,6,2,22,130,-0.81675862057936088,1.0119852085212404
8,6,2,22,131,-0.83016394430598939,1.031421086771553
8,6,2,22,132,-0.84366346176724116,1.051065783701441
8,6,2,22,133,-0.85725665215216074,1.0709189802624004
8,6,2,22,134,-0.87094299898404781,1.0909803171750139
8,6,2,22,135,-0.88472199029911991,1.1112493948314679
8,6,2,22,136,-0.89859311881732573,1.1317257732110924
8,6,2,22,137,-0.91255588210517602,1.1524089718088466
8,6,2,22,138,-0.92660978273082506,1.1732984695769972
8,6,2,22,139,-0.94075432841139173,1.1943937048799618
8,6,2,22,140,-0.95498903215254782,1.2156940754624785
8,6,2,22,141,-0.96931341238049584,1.2371989384311
8,6,2,22,142,-0.98372699306641942,1.2589076102490604
8,6,2,22,143,-0.99822930384340647,1.2808193667446925
8,6,2,22,144,-1.0128198801159394,1.302933443133278
8,6,2,22,145,-1.0274982631620855,1.3252490340525864
8,6,2,22,146,-1.0422640002283878,1.3477652936119271
8,6,2,22,147,-1.0571166446176283,1.3704813354548455
8,6,2,22,148,-1.072055755769391,1.3933962328356142
8,6,2,22,149,-1.0870808993337033,1.4165090187092582
8,6,2,22,150,-1.1021916472377269,1.4398186858354727
8,6,2,22,151,-1.1173875777455378,1.4633241868961284
8,6,2,22,152,-1.1326682755112172,1.4870244346266519
8,6,2,22,153,-1.1480333316252422,1.510918301961059
8,6,2,22,154,-1.1634823436543262,1.535004622190725
8,6,2,22,155,-1.1790149156747143,1.5592821891369542
8,6,2,22,156,-1.194630658299195,1.5837497573371855
8,6,2,22,157,-1.2103291886976508,1.6084060422449613
8,6,2,22,158,-1.2261101306115796,1.6332497204434775
8,6,2,22,159,-1.2419731143623769,1.6582794298727972
8,6,2,22,160,-1.2579177768536454,1.6834937700706738
8,6,2,22,161,-1.2739437615676197,1.7088913024268599
8,6,2,22,162,-1.2900507185557075,1.734470550450895
8,6,2,22,163,-1.3062383044233461,1.7602300000534505
8,6,2,22,164,-1.3225061823092077,1.7861680998407987
8,6,2,22,165,-1.3388540218588985,1.8122832614227784
8,6,2,22,166,-1.3552814991931894,1.8385738597338968
8,6,2,22,167,-1.3717882968709294,1.8650382333675082
8,6,2,22,168,-1.3883741038466957,1.8916746849231558
8,6,2,22,169,-1.4050386154233374,1.9184814813667432
8,6,2,22,170,-1.4217815331994399,1.9454568544035626
8,6,2,22,171,-1.4386025650118262,1.9725990008641419
8,6,2,22,172,-1.4555014248732567,1.999906083102629
8,6,2,22,173,-1.4724778329053001,2.0273762294077429
8,6,2,22,174,-1.4895315152665789,2.0550075344260539
8,6,2,22,175,-1.5066622040764421,2.0827980595975766
8,6,2,22,176,-1.523869637334152,2.1107458336034139
8,6,2,22,177,-1.5411535588337244,2.1388488528254532
8,6,2,22,178,-1.5585137180744002,2.1671050818178244
8,6,2,22,179,-1.5759498701670316,2.1955124537901076
8,6,2,22,180,-1.5934617757362712,2.2240688711020167
8,6,2,22,181,-1.611049200818826,2.2527722057694683
8,6,2,22,182,-1.6287119167577357,2.2816202999818209
8,6,2,22,183,-1.6464497000928835,2.3106109666301751
8,6,2,22,184,-1.6642623324477246,2.3397419898465306
8,6,2,22,185,-1.6821496004123804,2.3690111255535746
8,6,2,22,186,-1.7001112954232067,2.3984161020249557
8,6,2,22,187,-1.7181472136388876,2.4279546204558686
8,6,2,22,188,-1.736257155813109,2.4576243555437389
8,6,2,22,189,-1.7544409271640193,2.4874229560788219
8,6,2,22,190,-1.7726983372404637,2.5173480455443653
8,6,2,22,191,-1.7910291997850381,2.5473972227264858
8,6,2,22,192,-1.8094333325942902,2.5775680623330826
8,6,2,22,193,-1.8279105573757837,2.6078581156220109
8,6,2,22,194,-1.8464606996024535,2.6382649110379104
8,6,2,22,195,-1.8650835883641304,2.6687859548578414
8,6,2,22,196,-1.8837790562164725,2.6994187318450575
8,6,2,22,197,-1.9025469390271887,2.7301607059112136
8,6,2,22,198,-1.921387075819847,2.76100932078627
8,6,2,22,199,-1.9402993086152454,2.7919620006961883
8,6,2,22,200,-1.9592834822704241,2.823016151048066
8,6,2,22,201,-1.9783394443154578,2.8541691591224465
8,6,2,22,202,-1.9974670447881093,2.8854183947725764
8,6,2,22,203,-2.0166661360663083,2.9167612111304004
8,6,2,22,204,-2.035936572698799,2.9481949453189409
8,6,2,22,205,-2.0552782112337131,2.9797169191710076
8,6,2,22,206,-2.0746909100454181,3.0113244399536581
8,6,2,22,207,-2.0941745291596758,3.0430148010985065
8,6,2,22,208,-2.1137289300770021,3.0747852829374116
8,6,2,22,209,-2.1333539755946038,3.1066331534432141
8,6,2,22,210,-2.1530495296267937,3.1385556689755374
8,6,2,22,211,-2.1728154570239577,3.1705500750310951
8,6,2,22,212,-2.1926516233903293,3.2026136069983808
8,6,2,22,213,-2.2125578949004354,3.2347434909165056
8,6,2,22,214,-2.2325341381144947,3.2669369442377247
8,6,2,22,215,-2.252580219792705,3.2991911765936939
8,6,2,22,216,-2.2726960067086521,3.3315033905647633
8,6,2,22,217,-2.2928813654617572,3.3638707824525325
8,6,2,22,218,-2.3131361622890365,3.3962905430549224
8,6,2,22,219,-2.3334602628760859,3.4287598584437391
8,6,2,22,220,-2.3538535321675438,3.4612759107444906
8,6,2,22,221,-2.3743158341769988,3.4938358789179973
8,6,2,22,222,-2.3948470317964601,3.5264369395437063
8,6,2,22,223,-2.415446986605513,3.5590762676042416
8,6,2,22,224,-2.4361155586802905,3.5917510372710764
8,6,2,22,225,-2.4568526064021876,3.6244584226910179
8,6,2,22,226,-2.4776579862665793,3.657195598773197
8,6,2,22,227,-2.4985315526916132,3.6899597419761205
8,6,2,22,228,-2.5194731578270346,3.7227480310949219
8,6,2,22,229,-2.5404826513633241,3.7555576480481441
8,6,2,22,230,-2.56155988034108,3.7883857786639439
8,6,2,22,231,-2.5827046889608463,3.8212296134654182
8,6,2,22,232,-2.603916918393451,3.8540863484548131
8,6,2,22,233,-2.6251964065909181,3.8869531858962607
8,6,2,22,234,-2.6465429880980604,3.9198273350969064
8,6,2,22,235,-2.6679564938649483,3.9527060131858889
8,6,2,22,236,-2.6894367510601089,3.9855864458913954
8,6,2,22,237,-2.7109835828848796,4.0184658683148298
8,6,2,22,238,-2.7325968083886876,4.0513415257025649
8,6,2,22,239,-2.7542762422856248,4.0842106742143809
8,6,2,22,240,-2.7760216947722016,4.1170705816887949
8,6,2,22,241,-2.7978329713465255,4.1499185284047195
8,6,2,22,242,-2.8197098726289225,4.1827518078393133
8,6,2,22,243,-2.84165219418413,4.2155677274218286
8,6,2,22,244,-2.8636597263450914,4.2483636092830155
8,6,2,22,245,-2.8857322540386865,4.2811367909999456
8,6,2,22,246,-2.9078695566130355,4.3138846263360922
8,6,2,22,247,-2.9300714076670067,4.3466044859761883
8,6,2,22,248,-2.952337574881664,4.3792937582558169
8,6,2,22,249,-2.9746678198538321,4.4119498498853824
8,6,2,22,250,-2.9970618979319683,4.4445701866682956
8,6,2,22,251,-3.0195195580543399,4.4771522142129792
8,6,2,22,252,-3.0420405425896355,4.5096933986387171
8,6,2,22,253,-3.0646245871801039,4.5421912272748193
8,6,2,22,254,-3.0872714205873395,4.5746432093530718
8,6,2,22,255,-3.1099807645407429,4.6070468766932073
8,6,2,22,256,-3.1327523335888396,4.6393997843810793
8,6,2,22,257,-3.1555858349534507,4.6716995114394226
8,6,2,22,258,-3.1784809683869097,4.7039436614909249
8,6,2,22,259,-3.2014374260323497,4.7361298634134048
8,6,2,22,260,-3.224454892287143,4.7682557719868264
8,6,2,22,261,-3.247533043669637,4.8003190685321631
8,6,2,22,262,-3.270671548689247,4.8323174615414546
8,6,2,22,263,-3.2938700677199284,4.8642486872994581
8,6,2,22,264,-3.3171282528773327,4.8961105104960128
8,6,2,22,265,-3.3404457478993343,4.9279007248296285
8,6,2,22,266,-3.3638221880305075,4.9596171536014477
8,6,2,22,267,-3.3872571999101817,4.9912576502998771
8,6,2,22,268,-3.4107504014644796,5.0228200991754042
8,6,2,22,269,-3.4343014018022142,5.054302415805628
8,6,2,22,270,-3.4579098011148779,5.0857025476500919
8,6,2,22,271,-3.4815751905806103,5.1170184745950058
8,6,2,22,272,-3.5052971522724299,5.1482482094874298
8,6,2,22,273,-3.5290752590706576,5.1793897986589537
8,6,2,22,274,-3.5529090745796355,5.2104413224385553
8,6,2,22,275,-3.5767981530488271,5.2414008956546327
8,6,2,22,276,-3.6007420392983711,5.2722666681258383
8,6,2,22,277,-3.6247402686490684,5.3030368251408309
8,6,2,22,278,-3.6487923668570565,5.3337095879265135
8,6,2,22,279,-3.6728978500529417,5.36428321410484
8,6,2,22,280,-3.6970562246857686,5.3947559981379429
8,6,2,22,281,-3.7212669874715942,5.4251262717613855
8,6,2,22,282,-3.7455296253468995,5.4553924044056483
8,6,2,22,283,-3.7698436154268657,5.4855528036053229
8,6,2,22,284,-3.7942084249684482,5.5156059153962902
8,6,2,22,285,-3.8186235113384317,5.5455502247004933
8,6,2,22,286,-3.8430883219864489,5.5753842556983599
8,6,2,22,287,-3.867602294422956,5.6051065721886149
8,6,2,22,288,-3.8921648562022959,5.6347157779354147
8,6,2,22,289,-3.9167754249108011,5.6642105170028403
8,6,2,22,290,-3.9414334081600275,5.693589474076413
8,6,2,22,291,-3.9661382035850732,5.7228513747717065
8,6,2,22,292,-3.9908891988480635,5.7519949859299393
8,6,2,22,293,-4.0156857716468597,5.7810191159004019
8,6,2,22,294,-4.0405272897288569,5.8099226148096452
8,6,2,22,295,-4.0654131109101268,5.8387043748173797
8,6,2,22,296,-4.0903425830995825,5.8673633303591179
8,6,2,22,297,-4.1153150443285993,5.8958984583751564
8,6,2,22,298,-4.1403298227856933,5.9243087785262523
8,6,2,22,299,-4.1653862368564774,5.9525933533956108
8,6,2,22,300,-4.1904835951688924,5.9807512886773582
8,6,2,22,301,-4.2156211966436432,6.0087817333511619
8,6,2,22,302,-4.2407983305498389,6.0366838798433102
8,6,2,22,303,-4.266014276565838,6.0644569641739006
8,6,2,22,304,-4.29126830484533,6.0921002660902692
8,6,2,22,305,-4.3165596760885823,6.1196131091865587
8,6,2,22,306,-4.3418876416188077,6.1469948610093947
8,6,2,22,307,-4.3672514434637213,6.1742449331496942
8,6,2,22,308,-4.3926503144421698,6.2013627813205492
8,6,2,22,309,-4.4180834782558573,6.228347905421086
8,6,2,22,310,-4.4435501495860841,6.2551998495865488
8,6,2,22,311,-4.4690495341955403,6.2819182022241931
8,6,2,22,312,-4.4945808290350664,6.3085025960353951
8,6,2,22,313,-4.5201432223552276,6.3349527080237413
8,6,2,22,314,-4.5457358938229717,6.361268259489103
8,6,2,22,315,-4.5713580146429127,6.3874490160078263
8,6,2,22,316,-4.59700874768349,6.4134947873990074
8,6,2,22,317,-4.6226872476078764,6.439405427676717
8,6,2,22,318,-4.6483926610094652,6.4651808349885345
8,6,2,22,319,-4.6741241265520097,6.4908209515400301
8,6,2,22,320,-4.699880775114301,6.5163257635055292
8,6,2,22,321,-4.7256617299392953,6.5416953009249958
8,6,2,22,322,-4.751466106787622,6.566929637587279
8,6,2,22,323,-4.7772930140954797,6.5920288908995124
8,6,2,22,324,-4.8031415531367028,6.6169932217429421
8,6,2,22,325,-4.8290108181890723,6.6418228343151506
8,6,2,22,326,-4.8548998967046568,6.6665179759586382
8,6,2,22,327,-4.8808078694841663,6.691078936976111
8,6,2,22,328,-4.9067338108552736,6.7155060504321211
8,6,2,22,329,-4.9326767888547174,6.7397996919415366
8,6,2,22,330,-4.9586358654141405,6.7639602794447171
8,6,2,22,331,-4.9846100965495914,6.787988272969411
8,6,2,22,332,-5.0105985325545994,6.8118841743797152
8,6,2,22,333,-5.0366002181966181,6.8356485271118235
8,6,2,22,334,-5.062614192916925,6.8592819158970721
8,6,2,22,335,-5.088639491033681,6.8827849664720135
8,6,2,22,336,-5.1146751419481937,6.9061583452758226
8,6,2,22,337,-5.1407201703541521,6.9294027591351917
8,6,2,22,338,-5.1667735964498753,6.9525189549365072
8,6,2,22,339,-5.192834436153321,6.9755077192859369
8,6,2,22,340,-5.2189017013197887,6.9983698781569599
8,6,2,22,341,-5.2449743999623095,7.0211062965260886
8,6,2,22,342,-5.2710515364744195,7.0437178779961833
8,6,2,22,343,-5.2971321118553405,7.0662055644083095
8,6,2,22,344,-5.3232151239374303,7.0885703354415437
8,6,2,22,345,-5.3492995676157395,7.1108132082013471
8,6,2,22,346,-5.3753844350795834,7.1329352367963699
8,6,2,22,347,-5.4014687160460042,7.154937511904139
8,6,2,22,348,-5.4275513979950452,7.1768211603253276
8,6,2,22,349,-5.4536314664066392,7.1985873445272599
8,6,2,22,350,-5.4797079049990209,7.2202372621764628
8,6,2,22,351,-5.5057796959685827,7.2417721456605104
8,6,2,22,352,-5.5318458202310072,7.2631932615995183
8,6,2,22,353,-5.5579052576635313,7.2845019103471156
8,6,2,22,354,-5.5839569873482482,7.3056994254814125
8,6,2,22,355,-5.6099999878163995,7.3267871732858616
8,6,2,22,356,NaN,NaN
8,6,2,22,357,NaN,NaN
8,6,2,22,358,NaN,NaN
8,6,2,22,359,NaN,NaN
8,6,2,22,360,NaN,NaN
8,6,2,22,361,NaN,NaN
8,6,2,22,362,NaN,NaN
8,6,2,22,363,NaN,NaN
8,6,2,22,364,NaN,NaN
8,6,2,22,365,NaN,NaN
8,6,2,22,366,NaN,NaN
8,6,2,22,367,NaN,NaN
8,6,2,22,368,NaN,NaN
8,6,2,22,369,NaN,NaN
8,6,2,22,370,NaN,NaN
8,6,2,22,371,NaN,NaN
8,6,2,22,372,NaN,NaN
8,6,2,22,373,NaN,NaN
8,6,2,22,374,NaN,NaN
8,6,2,22,375,NaN,NaN
8,6,2,22,376,NaN,NaN
8,6,2,22,377,NaN,NaN
8,6,2,22,378,NaN,NaN
8,6,2,22,379,NaN,NaN
8,6,2,22,380,NaN,NaN
8,6,2,22,381,NaN,NaN
8,6,2,22,382,NaN,NaN
8,6,2,22,383,NaN,NaN
8,6,2,22,384,NaN,NaN
8,6,2,22,385,NaN,NaN
8,6,2,22,386,NaN,NaN
8,6,2,22,387,NaN,NaN
8,6,2,22,388,NaN,NaN
8,6,2,22,389,NaN,NaN
8,6,2,22,390,NaN,NaN
8,6,2,22,391,NaN,NaN
8,6,2,22,392,NaN,NaN
8,6,2,22,393,NaN,NaN
8,6,2,22,394,NaN,NaN
8,6,2,22,395,NaN,NaN
8,6,2,22,396,NaN,NaN
8,6,2,22,397,NaN,NaN
8,6,2,22,398,NaN,NaN
8,6,2,22,399,NaN,NaN
8,6,2,22,400,NaN,NaN
8,6,2,22,401,NaN,NaN
8,6,2,22,402,NaN,NaN
8,6,2,22,403,NaN,NaN
8,6,2,22,404,NaN,NaN
8,6,2,22,405,NaN,NaN
8,6,2,22,406,NaN,NaN
8,6,2,22,407,NaN,NaN
8,6,2,22,408,NaN,NaN
8,6,2,22,409,NaN,NaN
8,6,2,22,410,NaN,NaN
8,6,2,22,411,NaN,NaN
8,6,2,22,412,NaN,NaN
8,6,2,22,413,NaN,NaN
8,6,2,22,414,NaN,NaN
8,6,2,22,415,NaN,NaN
8,6,2,22,416,NaN,NaN
8,6,2,22,417,NaN,NaN
8,6,2,22,418,NaN,NaN
8,6,2,22,419,NaN,NaN
8,6,2,22,420,NaN,NaN
8,6,2,22,421,NaN,NaN
8,6,2,22,422,NaN,NaN
8,6,2,22,423,NaN,NaN
8,6,2,22,424,NaN,NaN
8,6,2,22,425,NaN,NaN
8,6,2,22,426,NaN,NaN
8,6,2,22,427,NaN,NaN
8,6,2,22,428,NaN,NaN
8,6,2,22,429,NaN,NaN
8,6,2,22,430,NaN,NaN
8,6,2,22,431,NaN,NaN
8,6,2,22,432,NaN,NaN
8,6,2,22,433,NaN,NaN
8,6,2,22,434,NaN,NaN
8,6,2,22,435,NaN,NaN
8,6,2,22,436,NaN,NaN
8,6,2,22,437,NaN,NaN
8,6,2,22,438,NaN,NaN
8,6,2,22,439,NaN,NaN
8,6,2,22,440,NaN,NaN
8,6,2,22,441,NaN,NaN
8,6,2,22,442,NaN,NaN
8,6,2,22,443,NaN,NaN
8,6,2,22,444,NaN,NaN
8,6,2,22,445,NaN,NaN
8,6,2,22,446,NaN,NaN
8,6,2,22,447,NaN,NaN
8,6,2,22,448,NaN,NaN
8,6,2,22,449,NaN,NaN
8,6,2,22,450,NaN,NaN
8,6,2,22,451,NaN,NaN
8,6,2,22,452,NaN,NaN
8,6,2,22,453,NaN,NaN
8,6,2,22,454,NaN,NaN
8,6,2,22,455,NaN,NaN
8,6,2,22,456,NaN,NaN
8,6,2,22,457,NaN,NaN
8,6,2,22,458,NaN,NaN
8,6,2,22,459,NaN,NaN
8,6,2,22,460,NaN,NaN
8,6,2,22,461,NaN,NaN
8,6,2,22,462,NaN,NaN
8,6,2,22,463,NaN,NaN
8,6,2,22,464,NaN,NaN
8,6,2,22,465,NaN,NaN
8,6,2,22,466,NaN,NaN
8,6,2,22,467,NaN,NaN
8,6,2,22,468,NaN,NaN
8,6,2,22,469,NaN,NaN
8,6,2,22,470,NaN,NaN
8,6,2,22,471,NaN,NaN
8,6,2,22,472,NaN,NaN
8,6,2,22,473,NaN,NaN
8,6,2,22,474,NaN,NaN
8,6,2,22,475,NaN,NaN
8,6,2,22,476,NaN,NaN
8,6,2,22,477,NaN,NaN
8,6,2,22,478,NaN,NaN
8,6,2,22,479,NaN,NaN
8,6,2,22,480,NaN,NaN
8,6,2,22,481,NaN,NaN
8,6,2,22,482,NaN,NaN
8,6,2,22,483,NaN,NaN
8,6,2,22,484,NaN,NaN
8,6,2,22,485,NaN,NaN
8,6,2,22,486,NaN,NaN
8,6,2,22,487,NaN,NaN
8,6,2,22,488,NaN,NaN
8,6,2,22,489,NaN,NaN
8,6,2,22,490,NaN,NaN
8,6,2,22,491,NaN,NaN
8,6,2,22,492,NaN,NaN
8,6,2,22,493,NaN,NaN
8,6,2,22,494,NaN,NaN
8,6,2,22,495,NaN,NaN
8,6,2,22,496,NaN,NaN
8,6,2,22,497,NaN,NaN
8,6,2,22,498,NaN,NaN
8,6,2,22,499,NaN,NaN
8,6,2,22,500,NaN,NaN
8,6,2,22,501,NaN,NaN
8,6,2,22,502,NaN,NaN
8,6,2,22,503,NaN,NaN
8,6,2,22,504,NaN,NaN
8,6,2,22,505,NaN,NaN
8,6,2,22,506,NaN,NaN
8,6,2,22,507,NaN,NaN
8,6,2,22,508,NaN,NaN
8,6,2,22,509,NaN,NaN
8,6,2,22,510,NaN,NaN
8,6,2,22,511,NaN,NaN
8,6,2,22,512,NaN,NaN
8,6,2,22,513,NaN,NaN
8,6,2,22,514,NaN,NaN
8,6,2,22,515,NaN,NaN
8,6,2,22,516,NaN,NaN
8,6,2,22,517,NaN,NaN
8,6,2,22,518,NaN,NaN
8,6,2,22,519,NaN,NaN
8,6,2,22,520,NaN,NaN
8,6,2,22,521,NaN,NaN
8,6,2,22,522,NaN,NaN
8,6,2,22,523,NaN,NaN
8,6,2,22,524,NaN,NaN
8,6,2,22,525,NaN,NaN
8,6,2,22,526,NaN,NaN
8,6,2,22,527,NaN,NaN
8,6,2,22,528,NaN,NaN
8,6,2,22,529,NaN,NaN
8,6,2,22,530,NaN,NaN
8,6,2,22,531,NaN,NaN
8,6,2,22,532,NaN,NaN
8,6,2,22,533,NaN,NaN
8,6,2,22,534,NaN,NaN
8,6,2,22,535,NaN,NaN
8,6,2,22,536,NaN,NaN
8,6,2,22,537,NaN,NaN
8,6,2,22,538,NaN,NaN
8,6,2,22,539,NaN,NaN
8,6,2,22,540,NaN,NaN
8,6,2,22,541,NaN,NaN
8,6,2,22,542,NaN,NaN
8,6,2,22,543,NaN,NaN
8,6,2,22,544,NaN,NaN
8,6,2,22,545,NaN,NaN
8,6,2,22,546,NaN,NaN
8,6,2,22,547,NaN,NaN
8,6,2,22,548,NaN,NaN
8,6,2,22,549,NaN,NaN
8,6,2,22,550,NaN,NaN
8,6,2,22,551,NaN,NaN
8,6,2,22,552,NaN,NaN
8,6,2,22,553,NaN,NaN
8,6,2,22,554,NaN,NaN
8,6,2,22,555,NaN,NaN
8,6,2,22,556,NaN,NaN
8,6,2,22,557,NaN,NaN
8,6,2,22,558,NaN,NaN
8,6,2,22,559,NaN,NaN
8,6,2,22,560,NaN,NaN
8,6,2,22,561,NaN,NaN
8,6,2,22,562,NaN,NaN
8,6,2,22,563,NaN,NaN
8,6,2,22,564,NaN,NaN
8,6,2,22,565,NaN,NaN
8,6,2,22,566,NaN,NaN
8,6,2,22,567,NaN,NaN
8,6,2,22,568,NaN,NaN
8,6,2,22,569,NaN,NaN
8,6,2,22,570,NaN,NaN
8,6,2,22,571,NaN,NaN
8,6,2,22,572,NaN,NaN
8,6,2,22,573,NaN,NaN
8,6,2,22,574,NaN,NaN
8,6,2,22,575,NaN,NaN
8,6,2,22,576,NaN,NaN
8,6,2,22,577,NaN,NaN
8,6,2,22,578,NaN,NaN
8,6,2,22,579,NaN,NaN
8,6,2,22,580,NaN,NaN
8,6,2,22,581,NaN,NaN
8,6,2,22,582,NaN,NaN
8,6,2,22,583,NaN,NaN
8,6,2,22,584,NaN,NaN
8,6,2,22,585,NaN,NaN
8,6,2,22,586,NaN,NaN
8,6,2,22,587,NaN,NaN
8,6,2,22,588,NaN,NaN
8,6,2,22,589,NaN,NaN
8,6,2,22,590,NaN,NaN
8,6,2,22,591,NaN,NaN
8,6,2,22,592,NaN,NaN
8,6,2,22,593,NaN,NaN
8,6,2,22,594,NaN,NaN
8,6,2,22,595,NaN,NaN
8,6,2,22,596,NaN,NaN
8,6,2,22,597,NaN,NaN
8,6,2,22,598,NaN,NaN
8,6,2,22,599,NaN,NaN
8,6,2,88,0,0,0
8,6,2,88,1,0,0
8,6,2,88,2,2.9228084730270609e-06,6.4885364300937276e-05
8,6,2,88,3,6.0774466625890256e-06,0.00019607725757486705
8,6,2,88,4,6.7991457075589068e-06,0.000394954479066012
8,6,2,88,5,2.450068598003341e-06,0.00066285646349306671
8,6,2,88,6,-9.5800232524645423e-06,0.0010010860325981863
8,6,2,88,7,-3.1873155015293975e-05,0.0014109119158084438
8,6,2,88,8,-6.6982786400826555e-05,0.0018934915777230055
8,6,2,88,9,-0.00011743395997299011,0.002449965119991071
8,6,2,88,10,-0.00018572262211469237,0.0030814624195629747
8,6,2,88,11,-0.00027431497821028827,0.0037891036305748305
8,6,2,88,12,-0.00038564690322817619,0.0045739996180099718
8,6,2,88,13,-0.00052212340465040974,0.0054372523281082108
8,6,2,88,14,-0.00068611813406893596,0.0063799551005661037
8,6,2,88,15,-0.00087997294455632868,0.0074031929271467511
8,6,2,88,16,-0.0011059974911131754,0.0085080426607375692
8,6,2,88,17,-0.0013664688712944351,0.0096955731789194477
8,6,2,88,18,-0.0016636313037721173,0.010966845505733236
8,6,2,88,19,-0.00199969584253612,0.012322912894849325
8,6,2,88,20,-0.0023768402243884434,0.013764761882059662
8,6,2,88,21,-0.0027972093020356414,0.015293352895337509
8,6,2,88,22,-0.0032629149642082744,0.016909631392922342
8,6,2,88,23,-0.0037760360333427556,0.018614528331556413
8,6,2,88,24,-0.0043386181826698955,0.020408960572726453
8,6,2,88,25,-0.0049526738716165752,0.022293831231925965
8,6,2,88,26,-0.0056201822985380012,0.024270029975484442
8,6,2,88,27,-0.006343089370230981,0.026338433268885408
8,6,2,88,28,-0.0071233076870957923,0.028499904580758795
8,6,2,88,29,-0.007962716543596926,0.030755294545850576
8,6,2,88,30,-0.0088631619429346831,0.033105441090608423
8,6,2,88,31,-0.0098264566257055819,0.035551169524164483
8,6,2,88,32,-0.010854380111530171,0.038093292598026518
8,6,2,88,33,-0.011948678753459507,0.040732610536650671
8,6,2,88,34,-0.013111065804272126,0.043469911041948972
8,6,2,88,35,-0.014343221494489411,0.046305969273532921
8,6,2,88,36,-0.01564679312135997,0.049241547807260533
8,6,2,88,37,-0.017023395148463294,0.052277396573888191
8,6,2,88,38,-0.018474609315521917,0.055414252779714679
8,6,2,88,39,-0.020001984758027946,0.058652840810929918
8,6,2,88,40,-0.021607038136189916,0.061993872123436433
8,6,2,88,41,-0.023291253772927956,0.065438045119387001
8,6,2,88,42,-0.025056083800506501,0.068986045012131569
8,6,2,88,43,-0.026902948315543629,0.072638543680528245
8,6,2,88,44,-0.028833235541947388,0.076396199514144891
8,6,2,88,45,-0.030848302001590389,0.080259657250308925
8,6,2,88,46,-0.03294947269238957,0.084229547803921223
8,6,2,88,47,-0.035138041273435894,0.088306488091383084
8,6,2,88,48,-0.037415270257018518,0.092491080849049778
8,6,2,88,49,-0.039782391207149326,0.09678391444752632
8,6,2,88,50,-0.042240604944476789,0.10118556270214407
8,6,2,88,51,-0.044791081757228346,0.10569658468067566
8,6,2,88,52,-0.047434961617909277,0.11031752450880727
8,6,2,88,53,-0.050173354405758097,0.11504891117394278
8,6,2,88,54,-0.053007340134408887,0.11989125832808367
8,6,2,88,55,-0.055937969184793879,0.12484506409020379
8,6,2,88,56,-0.058966262542942127,0.129910810848613
8,6,2,88,57,-0.062093212042613199,0.13508896506377321
8,6,2,88,58,-0.065319780612249634,0.14037997707223859
8,6,2,88,59,-0.068646902526514619,0.14578428089162543
8,6,2,88,60,-0.072075483661793172,0.15130229402748885
8,6,2,88,61,-0.075606401755740071,0.15693441728216739
8,6,2,88,62,-0.079240506670535948,0.16268103456599514
8,6,2,88,63,-0.082978620659823754,0.16854251271120335
8,6,2,88,64,-0.086821538638992557,0.17451920128865595
8,6,2,88,65,-0.090770028458703189,0.18061143242796007
8,6,2,88,66,-0.094824831181572478,0.18681952064083518
8,6,2,88,67,-0.098986661361666339,0.19314376264827071
8,6,2,88,68,-0.10325620732683505,0.19958443721143082
8,6,2,88,69,-0.10763413146359646,0.20614180496672518
8,6,2,88,70,-0.11212107050438402,0.21281610826502373
8,6,2,88,71,-0.11671763581727612,0.21960757101529282
8,6,2,88,72,-0.12142441369761836,0.22651639853276673
8,6,2,88,73,-0.12624196566178858,0.23354277739179585
8,6,2,88,74,-0.13117082874274377,0.24068687528355781
8,6,2,88,75,-0.13621151578727675,0.24794884087855074
8,6,2,88,76,-0.14136451575477715,0.25532880369432964
8,6,2,88,77,-0.14663029401748573,0.26282687396822213
8,6,2,88,78,-0.15200929266193652,0.27044314253535928
8,6,2,88,79,-0.15750193079164809,0.27817768071193016
8,6,2,88,80,-0.16310860483070844,0.28603054018399576
8,6,2,88,81,-0.16882968882833693,0.29400175290159869
8,6,2,88,82,-0.17466553476417901,0.30209133097852392
8,6,2,88,83,-0.18061647285415594,0.31029926659758289
8,6,2,88,84,-0.18668281185696967,0.31862553192161247
8,6,2,88,85,-0.19286483938086851,0.32707007901006946
8,6,2,88,86,-0.19916282219070158,0.33563283974146763
8,6,2,88,87,-0.20557700651520627,0.34431372574158514
8,6,2,88,88,-0.2121076183542403,0.35311262831740353
8,6,2,88,89,-0.21875486378597486,0.36202941839697245
8,6,2,88,90,-0.22551892927389905,0.37106394647520302
8,6,2,88,91,-0.23239998197359113,0.38021604256537334
8,6,2,88,92,-0.23939817003895691,0.38948551615675953
8,6,2,88,93,-0.2465136229281184,0.39887215617813998
8,6,2,88,94,-0.25374645170859189,0.40837573096718371
8,6,2,88,95,-0.26109674936182214,0.41799598824589779
8,6,2,88,96,-0.26856459108687836,0.42773265510202829
8,6,2,88,97,-0.27615003460330079,0.43758543797642602
8,6,2,88,98,-0.28385312045290934,0.44755402265639899
8,6,2,88,99,-0.29167387230052411,0.45763807427517678
8,6,2,88,100,-0.29961229723360905,0.4678372373170897
8,6,2,88,101,-0.30766838606055558,0.47815113562904299
8,6,2,88,102,-0.31584211360766723,0.488579372437839
8,6,2,88,103,-0.32413343901469549,0.49912153037341422
8,6,2,88,104,-0.33254230602894341,0.50977717149816859
8,6,2,88,105,-0.34106864329766506,0.52054583734224003
8,6,2,88,106,-0.34971236465889954,0.5314270489445827
8,6,2,88,107,-0.35847336943053421,0.5424203069002459
8,6,2,88,108,-0.367351542697536,0.55352509141325112
8,6,2,88,109,-0.37634675559732877,0.56474086235571985
8,6,2,88,110,-0.38545886560319431,0.57606705933257174
8,6,2,88,111,-0.3946877168056584,0.5875031017523652
8,6,2,88,112,-0.40403314019185621,0.59904838890365852
8,6,2,88,113,-0.41349495392261626,0.61070230003759385
8,6,2,88,114,-0.42307296360742375,0.62246419445591561
8,6,2,88,115,-0.43276696257714131,0.63433341160498424
8,6,2,88,116,-0.44257673215430393,0.646309271175452
8,6,2,88,117,-0.45250204192108234,0.65839107320766199
8,6,2,88,118,-0.46254264998482619,0.67057809820275371
8,6,2,88,119,-0.47269830324108697,0.68286960723936418
8,6,2,88,120,-0.48296873763406523,0.69526484209605222
8,6,2,88,121,-0.49335367841453204,0.70776302537923497
8,6,2,88,122,-0.50385284039505818,0.72036336065668116
8,6,2,88,123,-0.51446592820260095,0.73306503259652211
8,6,2,88,124,-0.52519263652827108,0.74586720711183052
8,6,2,88,125,-0.53603265037445169,0.75876903151047281
8,6,2,88,126,-0.5469856452989863,0.77176963465050152
8,6,2,88,127,-0.5580512876566246,0.78486812710079346
8,6,2,88,128,-0.56922923483741505,0.79806360130716958
8,6,2,88,129,-0.5805191355023942,0.81135513176349983
8,6,2,88,130,-0.5919206298160673,0.82474177518833958
8,6,2,88,131,-0.60343334967609685,0.83822257070653716
8,6,2,88,132,-0.6150569189398325,0.85179654003604555
8,6,2,88,133,-0.62679095364788218,0.86546268767972723
8,6,2,88,134,-0.63863506224444144,0.87922000112237719
8,6,2,88,135,-0.65058884579475285,0.89306745103242269
8,6,2,88,136,-0.66265189819915138,0.90700399146883826
8,6,2,88,137,-0.67482380640417339,0.92102856009269873
8,6,2,88,138,-0.6871041506103126,0.93514007838366442
8,6,2,88,139,-0.699492504476662,0.94933745186114582
8,6,2,88,140,-0.71198843532231382,0.96361957031023404
8,6,2,88,141,-0.72459150432446773,0.97798530801212202
8,6,2,88,142,-0.73730126671328056,0.99243352397928586
8,6,2,88,143,-0.75011727196349631,1.0069630621949348
8,6,2,88,144,-0.76303906398266785,1.0215727518571334
8,6,2,88,145,-0.7760661812961589,1.0362614076270926
8,6,2,88,146,-0.7891981572287432,1.0510278298819591
8,6,2,88,147,-0.80243452008291194,1.0658708049716275
8,6,2,88,148,-0.81577479331383373,1.0807891054799095
8,6,2,88,149,-0.82921849570090078,1.0957814904896694
8,6,2,88,150,-0.84276514151593873,1.1108467058520892
8,6,2,88,151,-0.8564142406880304,1.1259834844597942
8,6,2,88,152,-0.87016529896498107,1.141190546523871
8,6,2,88,153,-0.88401781807136981,1.1564665998547303
8,6,2,88,154,-0.89797129586314806,1.1718103401466755
8,6,2,88,155,-0.91202522647894635,1.1872204512660716
8,6,2,88,156,-0.92617910048791163,1.2026956055431555
8,6,2,88,157,-0.94043240503417502,1.2182344640672165
8,6,2,88,158,-0.95478462397785013,1.2338356769853509
8,6,2,88,159,-0.96923523803271183,1.2494978838043207
8,6,2,88,160,-0.98378372490041111,1.2652197136958865
8,6,2,88,161,-0.99842955940134814,1.2809997858050455
8,6,2,88,162,-1.0131722136020427,1.2968367095615303
8,6,2,88,163,-1.0280111569392569,1.3127290849942157
8,6,2,88,164,-1.0429458563406102,1.3286755030483128
8,6,2,88,165,-1.0579757763418352,1.3446745459055971
8,6,2,88,166,-1.0731003792007421,1.3607247873070634
8,6,2,88,167,-1.0883191250076585,1.3768247928784449
8,6,2,88,168,-1.1036314717927265,1.3929731204580547
8,6,2,88,169,-1.1190368756295699,1.4091683204272649
8,6,2,88,170,-1.1345347907359249,1.4254089360430877
8,6,2,88,171,-1.1501246695707013,1.441693503773203
8,6,2,88,172,-1.165805962927835,1.4580205536330464
8,6,2,88,173,-1.1815781200268771,1.4743886095249041
8,6,2,88,174,-1.1974405886001738,1.490796189579044
8,6,2,88,175,-1.2133928149768991,1.5072418064966535
8,6,2,88,176,-1.2294342441636741,1.523723967894572
8,6,2,88,177,-1.2455643199221988,1.5402411766515827
8,6,2,88,178,-1.2617824848433323,1.5567919312563601
8,6,2,88,179,-1.2780881804182409,1.5733747261568676
8,6,2,88,180,-1.2944808471062164,1.5899880521110188
8,6,2,88,181,-1.3109599243993797,1.6066303965387023
8,6,2,88,182,-1.3275248508841819,1.6233002438748505
8,6,2,88,183,-1.3441750642998629,1.6399960759236638
8,6,2,88,184,-1.360910001593757,1.6567163722136375
8,6,2,88,185,-1.377729098973518,1.6734596103535504
8,6,2,88,186,-1.3946317919563023,1.6902242663891647
8,6,2,88,187,-1.4116175154149257,1.7070088151605018
8,6,2,88,188,-1.4286857036210188,1.7238117306596328
8,6,2,88,189,-1.4458357902851882,1.7406314863889909
8,6,2,88,190,-1.4630672085942376,1.7574665557199247
8,6,2,88,191,-1.480379391245501,1.7743154122514233
8,6,2,88,192,-1.4977717704782401,1.791176530169039
8,6,2,88,193,-1.5152437781021821,1.8080483846037443
8,6,2,88,194,-1.5327948455233054,1.8249294519906782
8,6,2,88,195,-1.5504244037667037,1.8418182104277063
8,6,2,88,196,-1.5681318834968205,1.8587131400336605
8,6,2,88,197,-1.585916715034863,1.8756127233060886
8,6,2,88,198,-1.6037783283735452,1.8925154454785846
8,6,2,88,199,-1.6217161531891955,1.909419794877401
8,6,2,88,200,-1.6397296188512156,1.9263242632773374
8,6,2,88,201,-1.6578181544289805,1.9432273462567817
8,6,2,88,202,-1.6759811886961795,1.9601275435518066
8,6,2,88,203,-1.6942181501326425,1.9770233594091997
8,6,2,88,204,-1.7125284669237129,1.9939133029383522
8,6,2,88,205,-1.730911566957205,2.0107958884618666
8,6,2,88,206,-1.7493668778179927,2.0276696358647732
8,6,2,88,207,-1.7678938267801647,2.0445330709423644
8,6,2,88,208,-1.7864918407970221,2.0613847257463376
8,6,2,88,209,-1.80516034648871,2.0782231389293719
8,6,2,88,210,-1.8238987701277298,2.0950468560878206
8,6,2,88,211,-1.8427065376221685,2.1118544301027082
8,6,2,88,212,-1.8615830744970252,2.1286444214784512
8,6,2,88,213,-1.8805278058732111,2.1454153986798867
8,6,2,88,214,-1.8995401564447179,2.1621659384667673
8,6,2,88,215,-1.9186195504537873,2.1788946262262159
8,6,2,88,216,-1.9377654116641108,2.1956000563027405
8,6,2,88,217,-1.9569771633321464,2.2122808323257832
8,6,2,88,218,-1.9762542281767603,2.228935567534704
8,6,2,88,219,-1.9955960283469187,2.2455628851011018
8,6,2,88,220,-2.0150019853878041,2.2621614184484469
8,6,2,88,221,-2.0344715202052055,2.2787298115687999
8,6,2,88,222,-2.0540040530283576,2.2952667193366665
8,6,2,88,223,-2.0735990033711795,2.3117708078197516
8,6,2,88,224,-2.0932557899920434,2.3282407545866941
8,6,2,88,225,-2.1129738308521437,2.3446752490115434
8,6,2,88,226,-2.132752543072447,2.3610729925749059
8,6,2,88,227,-2.1525913428892984,2.3774326991619104
8,6,2,88,228,-2.1724896456088327,2.3937530953564408
8,6,2,88,229,-2.1924468655601492,2.4100329207320721
8,6,2,88,230,-2.2124624160473063,2.4262709281392265
8,6,2,88,231,-2.2325357093003095,2.4424658839886955
8,6,2,88,232,-2.2526661564249926,2.4586165685313603
8,6,2,88,233,-2.2728531673519905,2.4747217761340896
8,6,2,88,234,-2.2930961507847849,2.4907803155515968
8,6,2,88,235,-2.3133945141469048,2.5067910101943953
8,6,2,88,236,-2.3337476635283574,2.5227526983926052
8,6,2,88,237,-2.354155003631353,2.538664233655552
8,6,2,88,238,-2.3746159377153297,2.5545244849272453
8,6,2,88,239,-2.3951298675414234,2.5703323368374802
8,6,2,88,240,-2.4156961933164025,2.5860866899485497
8,6,2,88,241,-2.4363143136361067,2.6017864609975212
8,6,2,88,242,-2.4569836254285384,2.6174305831340421
8,6,2,88,243,-2.477703523896535,2.6330180061535451
8,6,2,88,244,-2.498473402460216,2.6485476967258226
8,6,2,88,245,-2.5192926526992121,2.6640186386189173
8,6,2,88,246,-2.5401606642946994,2.679429832918212
8,6,2,88,247,-2.5610768249714591,2.6947802982407203
8,6,2,88,248,-2.582040520439727,2.7100690709445652
8,6,2,88,249,-2.6030511343372584,2.7252952053334472
8,6,2,88,250,-2.624108048171403,2.7404577738561446
8,6,2,88,251,-2.6452106412613641,2.7555558673010601
8,6,2,88,252,-2.6663582906806758,2.7705885949855515
8,6,2,88,253,-2.6875503712000093,2.7855550849402331
8,6,2,88,254,-2.7087862552302946,2.8004544840880552
8,6,2,88,255,-2.7300653127662278,2.8152859584181957
8,6,2,88,256,-2.7513869113303668,2.8300486931545548
8,6,2,88,257,-2.772750415917641,2.8447418929191226
8,6,2,88,258,-2.7941551889405005,2.8593647818899033
8,6,2,88,259,-2.8156005901747938,2.8739166039533526
8,6,2,88,260,-2.8370859767062608,2.8883966228515661
8,6,2,88,261,-2.858610702877856,2.9028041223238654
8,6,2,88,262,-2.8801741202379274,2.9171384062429526
8,6,2,88,263,-2.9017755774892517,2.9313987987454966
8,6,2,88,264,-2.9234144204390411,2.945584644357166
8,6,2,88,265,-2.9450899919499784,2.9596953081120785
8,6,2,88,266,-2.9668016318922796,2.9737301756666308
8,6,2,88,267,-2.9885486770969196,2.9876886534076523
8,6,2,88,268,-3.0103304613100237,3.0015701685549514
8,6,2,88,269,-3.0321463151484931,3.0153741692580476
8,6,2,88,270,-3.0539955660568721,3.0291001246873588
8,6,2,88,271,-3.0758775382656198,3.0427475251195575
8,6,2,88,272,-3.0977915527507505,3.0563158820171186
8,6,2,88,273,-3.1197369271948885,3.0698047281022491
8,6,2,88,274,-3.1417129759498117,3.0832136174249096
8,6,2,88,275,-3.163719010000615,3.096542125425092
8,6,2,88,276,-3.1857543369312733,3.1097898489893834
8,6,2,88,277,-3.2078182608920813,3.1229564065014759
8,6,2,88,278,-3.2299100825685603,3.1360414378871186
8,6,2,88,279,-3.2520290991521925,3.1490446046531395
8,6,2,88,280,-3.2741746043128961,3.1619655899205457
8,6,2,88,281,-3.2963458881733021,3.1748040984519417
8,6,2,88,282,-3.3185422372848441,3.1875598566730696
8,6,2,88,283,-3.340762934605829,3.2002326126884277
8,6,2,88,284,-3.363007259481293,3.212822136291174
8,6,2,88,285,-3.3852744876249452,3.2253282189671522
8,6,2,88,286,-3.4075638911030328,3.2377506738930499
8,6,2,88,287,-3.4298747383202546,3.2500893359288656
8,6,2,88,288,-3.4522062940077314,3.2623440616044523
8,6,2,88,289,-3.4745578192130697,3.2745147291003249
8,6,2,88,290,-3.4969285712925791,3.2866012382226333
8,6,2,88,291,-3.519317803905575,3.298603510372458
8,6,2,88,292,-3.5417247670109395,3.3105214885092353
8,6,2,88,293,-3.5641487068658217,3.3223551371085653
8,6,2,88,294,-3.586588866026613,3.3341044421141746
8,6,2,88,295,-3.6090444833521085,3.3457694108843086
8,6,2,88,296,-3.6315147940090609,3.3573500721322898
8,6,2,88,297,-3.6539990294799098,3.3688464758615781
8,6,2,88,298,-3.6764964175728498,3.3802586932951462
8,6,2,88,299,-3.6990061824342888,3.3915868167991166
8,6,2,88,300,-3.7215275445635685,3.4028309598010704
8,6,2,88,301,-3.7440597208301005,3.4139912567025728
8,6,2,88,302,-3.7666019244928406,3.4250678627863298
8,6,2,88,303,-3.7891533652221474,3.4360609541177896
8,6,2,88,304,-3.8117132491240771,3.4469707274412649
8,6,2,88,305,-3.8342807787669573,3.4577974000707528
8,6,2,88,306,-3.8568551532105309,3.4685412097752306
8,6,2,88,307,-3.879435568037354,3.4792024146586833
8,6,2,88,308,-3.9020212153867306,3.489781293034802
8,6,2,88,309,-3.924611283990953,3.5002781432964589
8,6,2,88,310,-3.9472049592140346,3.5106932837798754
8,6,2,88,311,-3.9698014230928056,3.52102705262371
8,6,2,88,312,-3.9923998543804795,3.5312798076229028
8,6,2,88,313,-4.0149994285925308,3.5414519260775572
8,6,2,88,314,-4.0375993180550847,3.5515438046366006
8,6,2,88,315,-4.0601986919555744,3.561555859136714
8,6,2,88,316,-4.0827967163959142,3.5714885244360088
8,6,2,88,317,-4.1053925544479402,3.5813422542430891
8,6,2,88,318,-4.127985366211262,3.5911175209410895
8,6,2,88,319,-4.1505743088734395,3.6008148154070385
8,6,2,88,320,-4.1731585367725588,3.6104346468264326
8,6,2,88,321,-4.1957372014620073,3.6199775425031637
8,6,2,88,322,-4.2183094517776691,3.6294440476648733
8,6,2,88,323,-4.2408744339073152,3.6388347252636786
8,6,2,88,324,-4.2634312914623438,3.6481501557724143
8,6,2,88,325,-4.2859791655516899,3.6573909369765261
8,6,2,88,326,-4.3085171948579521,3.6665576837615594
8,6,2,88,327,-4.3310445157157762,3.6756510278963068
8,6,2,88,328,-4.3535602621923903,3.6846716178117105
8,6,2,88,329,-4.3760635661702292,3.6936201183757205
8,6,2,88,330,-4.3985535574317556,3.7024972106638936
8,6,2,88,331,-4.4210293637463316,3.7113035917261064
8,6,2,88,332,-4.4434901109590914,3.7200399743491959
8,6,2,88,333,-4.4659349230820382,3.7287070868157328
8,6,2,88,334,-4.4883629223868846,3.7373056726590885
8,6,2,88,335,-4.5107732295000202,3.7458364904145975
8,6,2,88,336,-4.5331649634994031,3.7543003133671924
8,6,2,88,337,-4.5555372420132798,3.7626979292953751
8,6,2,88,338,-4.5778891813208151,3.7710301402116926
8,6,2,88,339,-4.6002198964545489,3.7792977620997785
8,6,2,88,340,-4.6225285013046129,3.7875016246480624
8,6,2,88,341,-4.6448141087247041,3.7956425709802262
8,6,2,88,342,-4.6670758306398108,3.8037214573823279
8,6,2,88,343,-4.6893127781555188,3.8117391530271076
8,6,2,88,344,-4.7115240616690421,3.8196965396948861
8,6,2,88,345,-4.7337087909817779,3.8275945114919026
8,6,2,88,346,-4.7558660754134676,3.8354339745654804
8,6,2,88,347,-4.7779950239177413,3.8432158468167166
8,6,2,88,348,-4.8000947451993179,3.8509410576101772
8,6,2,88,349,-4.8221643478323912,3.8586105474813142
8,6,2,88,350,-4.8442029403805931,3.8662252678411586
8,6,2,88,351,-4.8662096315181369,3.8737861806786844
8,6,2,88,352,-4.8881835301523235,3.8812942582608616
8,6,2,88,353,-4.9101237455472289,3.8887504828304413
8,6,2,88,354,-4.93202938744865,3.8961558463016437
8,6,2,88,355,-4.9538995662101017,3.9035113499537726
8,6,2,88,356,-4.9757333929199792,3.9108180041228513
8,6,2,88,357,-4.9975299795297357,3.918076827891495
8,6,2,88,358,-5.019288438983077,3.9252888487769644
8,6,2,88,359,-5.0410078853460831,3.9324551024174896
8,6,2,88,360,-5.0626874339382066,3.9395766322572023
8,6,2,88,361,-5.0843262014642452,3.9466544892294007
8,6,2,88,362,-5.1059233061469866,3.9536897314385171
8,6,2,88,363,-5.1274778678606578,3.9606834238409521
8,6,2,88,364,-5.1489890082650867,3.9676366379244543
8,6,2,88,365,-5.1704558509405585,3.9745504513866408
8,6,2,88,366,-5.1918775215231641,3.9814259478125336
8,6,2,88,367,-5.2132531478408852,3.9882642163510145
8,6,2,88,368,-5.2345818600500191,3.9950663513907996
8,6,2,88,369,-5.2558627907721869,4.001833452235501
8,6,2,88,370,-5.2770950752316805,4.0085666227782619
8,6,2,88,371,-5.2982778513932622,4.015266971175782
8,6,2,88,372,-5.3194102601001267,4.0219356095221341
8,6,2,88,373,-5.3404914452123364,4.028573653522197
8,6,2,88,374,-5.3615205537452919,4.0351822221649929
8,6,2,88,375,-5.3824967360084743,4.0417624373968897
8,6,2,88,376,-5.403419145744337,4.0483154237948877
8,6,2,88,377,-5.424286940267109,4.0548423082401115
8,6,2,88,378,-5.4450992806018892,4.0613442195913816
8,6,2,88,379,-5.4658553316234482,4.0678222883593236
8,6,2,88,380,-5.4865542621951864,4.0742776463808417
8,6,2,88,381,-5.5071952453078055,4.0807114264941182
8,6,2,88,382,-5.5277774582179866,4.0871247622143088
8,6,2,88,383,-5.5483000825867101,4.0935187874100363
8,6,2,88,384,-5.5687623046174473,4.0998946359806858
8,6,2,88,385,-5.5891633151939732,4.1062534415347098
8,6,2,88,386,-5.6095023100179109,4.1125963370689718
8,6,2,88,387,-5.6297784897458456,4.1189244546492834
8,6,2,88,388,-5.6499910601260028,4.1252389250922477
8,6,2,88,389,-5.6701392321345185,4.1315408776484102
8,6,2,88,390,-5.6902222221111298,4.1378314396869289
8,6,2,88,391,-5.710239251894345,4.1441117363818138
8,6,2,88,392,-5.7301895489560328,4.1503828903999089
8,6,2,88,393,-5.7500723465353287,4.1566460215904684
8,6,2,88,394,-5.7698868837718802,4.1629022466768948
8,6,2,88,395,-5.7896324058384074,4.16915267895018
8,6,2,88,396,-5.8093081640724522,4.1753984279646161
8,6,2,88,397,-5.8289134161073566,4.1816405992355588
8,6,2,88,398,-5.8484474260024228,4.1878802939395579
8,6,2,88,399,-5.8679094643721346,4.1941186086167734
8,6,2,88,400,-5.8872988085145348,4.20035663487596
8,6,2,88,401,-5.9066147425386184,4.206595459101889
8,6,2,88,402,-5.92585655749075,4.2128361621655062
8,6,2,88,403,-5.9450235514800447,4.2190798191368035
8,6,2,88,404,-5.9641150298026862,4.2253274990005893
8,6,2,88,405,-5.9831303050652096,4.2315802643750819
8,6,2,88,406,-6.0020686973065454,4.2378391712337011
8,6,2,88,407,-6.0209295341190128,4.2441052686296858
8,6,2,88,408,-6.0397121507680502,4.2503795984242974
8,6,2,88,409,-6.0584158903107639,4.2566631950179374
8,6,2,88,410,-6.0770401037131379,4.2629570850849365
8,6,2,88,411,-6.0955841499660659,4.2692622873116068
8,6,2,88,412,-6.1140473961999566,4.275579812137928
8,6,2,88,413,-6.1324292177980242,4.2819106615028666
8,6,2,88,414,-6.150728998508237,4.2882558285933818
8,6,2,88,415,-6.1689461305537314,4.2946162975972175
8,6,2,88,416,-6.1870800147419471,4.3009930434595915
8,6,2,88,417,-6.2051300605721167,4.3073870316438532
8,6,2,88,418,-6.2230956863414182,4.3137992178960527
8,6,2,88,419,-6.2409763192494525,4.3202305480137735
8,6,2,88,420,-6.2587713955012783,4.3266819576190221
8,6,2,88,421,-6.2764803604087867,4.3331543719353824
8,6,2,88,422,-6.2941026684905088,4.3396487055695463
8,6,2,88,423,-6.3116377835697568,4.3461658622971937
8,6,2,88,424,-6.3290851788711633,4.3527067348532373
8,6,2,88,425,-6.3464443371154369,4.3592722047268024
8,6,2,88,426,-6.3637147506125036,4.3658631419605216
8,6,2,88,427,-6.3808959213528302,4.3724804049547954
8,6,2,88,428,-6.3979873610970905,4.3791248402763241
8,6,2,88,429,-6.4149885914639162,4.385797282471934
8,6,2,88,430,-6.4318991440159348,4.3924985538867816
8,6,2,88,431,-6.4487185603439912,4.3992294644876671
8,6,2,88,432,-6.4654463921494205,4.4059908116911934
8,6,2,88,433,-6.4820822013245518,4.4127833801970411
8,6,2,88,434,-6.4986255600312459,4.4196079418260394
8,6,2,88,435,-6.5150760507775463,4.4264652553636177
8,6,2,88,436,-6.5314332664924146,4.4333560664080673
8,6,2,88,437,-6.547696810598441,4.440281107224278
8,6,2,88,438,-6.5638662970826438,4.4472410966025162
8,6,2,88,439,-6.5799413505651883,4.4542367397224973
8,6,2,88,440,-6.5959216063662396,4.461268728022719
8,6,2,88,441,-6.6118067105705611,4.4683377390752792
8,6,2,88,442,-6.6275963200902286,4.4754444364658221
8,6,2,88,443,-6.643290102725202,4.4825894696791266
8,6,2,88,444,-6.658887737221808,4.4897734739899029
8,6,2,88,445,-6.6743889133290599,4.4969970703592352
8,6,2,88,446,-6.689793331852961,4.5042608653363985
8,6,2,88,447,-6.7051007047085553,4.5115654509661898
8,6,2,88,448,-6.7203107549697938,4.5189114047018668
8,6,2,88,449,-6.7354232169173356,4.5262992893235738
8,6,2,88,450,-6.7504378360840223,4.5337296528622701
8,6,2,88,451,-6.7653543692981986,4.541203028529436
8,6,2,88,452,-6.780172584724764,4.5487199346521816
8,6,2,88,453,-6.79489226190399,4.5562808746140497
8,6,2,88,454,-6.8095131917880742,4.5638863368014286
8,6,2,88,455,-6.8240351767753449,4.5715367945556027
8,6,2,88,456,-6.8384580307422835,4.5792327061304174
8,6,2,88,457,-6.8527815790730919,4.5869745146555561
8,6,2,88,458,-6.8670056586870363,4.5947626481054522
8,6,2,88,459,-6.8811301180633668,4.6025975192739068
8,6,2,88,460,-6.8951548172639212,4.6104795257542044
8,6,2,88,461,-6.9090796279533411,4.6184090499249573
8,6,2,88,462,-6.922904433416849,4.6263864589415062
8,6,2,88,463,-6.9366291285756994,4.6344121047329407
8,6,2,88,464,-6.9502536200001579,4.6424863240046434
8,6,2,88,465,-6.963777825920042,4.6506094382465974
8,6,2,88,466,-6.9772016762328191,4.6587817537469878
8,6,2,88,467,-6.9905251125092658,4.6670035616115015
8,6,2,88,468,-7.0037480879966472,4.6752751377881401
8,6,2,88,469,-7.0168705676193541,4.6835967430974925
8,6,2,88,470,-7.0298925279771494,4.6919686232684024
8,6,2,88,471,-7.0428139573407851,4.7003910089792349
8,6,2,88,472,-7.055634855645188,4.7088641159043956
8,6,2,88,473,-7.0683552344800393,4.7173881447663408
8,6,2,88,474,-7.0809751170779087,4.7259632813928008
8,6,2,88,475,-7.0934945382996748,4.7345896967794783
8,6,2,88,476,-7.1059135446175734,4.7432675471578394
8,6,2,88,477,-7.1182321940955031,4.7519969740682431
8,6,2,88,478,-7.1304505563668323,4.7607781044382538
8,6,2,88,479,-7.142568712609604,4.7696110506659615
8,6,2,88,480,-7.1545867555191016,4.778495910708644
8,6,2,88,481,-7.1665047892778642,4.7874327681761555
8,6,2,88,482,-7.1783229295229987,4.7964216924296341
8,6,2,88,483,-7.190041303310954,4.8054627386848985
8,6,2,88,484,-7.2016600490795977,4.814555948120872
8,6,2,88,485,-7.213179316607671,4.8237013479927455
8,6,2,88,486,-7.2245992669716346,4.8328989517500389
8,6,2,88,487,-7.2359200724997876,4.8421487591592731
8,6,2,88,488,-7.2471419167238205,4.8514507564312668
8,6,2,88,489,-7.2582649943275896,4.8608049163532092
8,6,2,88,490,-7.2692895110933993,4.8702111984250145
8,6,2,88,491,-7.2802156838454337,4.8796695490003152
8,6,2,88,492,-7.2910437403906432,4.889179901431703
8,6,2,88,493,-7.3017739194569167,4.8987421762205132
8,6,2,88,494,-7.312406470628571,4.908356281170553
8,6,2,88,495,-7.3229416542792078,4.9180221115462608
8,6,2,88,496,-7.3333797415018411,4.9277395502348416
8,6,2,88,497,-7.343721014036408,4.9375084679124495
8,6,2,88,498,-7.3539657641945668,4.9473287232143086
8,6,2,88,499,-7.3641142947818814,4.9572001629087508
8,6,2,88,500,-7.3741669190172443,4.9671226220749851
8,6,2,88,501,-7.3841239604497844,4.9770959242845549
8,6,2,88,502,-7.3939857528729638,4.987119881786489
8,6,2,88,503,-7.4037526402361244,4.9971942956959694
8,6,2,88,504,-7.4134249765533875,5.0073189561863716
8,6,2,88,505,-7.4230031258098457,5.0174936426847809
8,6,2,88,506,-7.4324874618652226,5.0277181240707129
8,6,2,88,507,-7.441878368354832,5.037992158878021
8,6,2,88,508,-7.4511762385879505,5.0483154954999581
8,6,2,88,509,-7.4603814754436364,5.0586878723972077
8,6,2,88,510,-7.4694944912639061,5.0691090183087626
8,6,2,88,511,-7.4785157077443483,5.0795786524656963
8,6,2,88,512,-7.4874455558222088,5.0900964848077184
8,6,2,88,513,-7.4962844755618789,5.1006622162021866
8,6,2,88,514,-7.5050329160378872,5.1112755386658133
8,6,2,88,515,-7.5136913352153831,5.1219361355886868
8,6,2,88,516,-7.5222601998281018,5.1326436819607437
8,6,2,88,517,-7.5307399852538479,5.1433978446003534
8,6,2,88,518,-7.5391311753875394,5.1541982823851997
8,6,2,88,519,-7.5474342625118513,5.1650446464849811
8,6,2,88,520,-7.5556497471653215,5.175936580596316
8,6,2,88,521,-7.5637781380082094,5.1868737211792553
8,6,2,88,522,-7.5718199516858817,5.1978556976956884
8,6,2,88,523,-7.5797757126899095,5.2088821328492712
8,6,2,88,524,-7.5876459532168203,5.2199526428270051
8,6,2,88,525,-7.5954312130245869,5.2310668375421114
8,6,2,88,526,-7.6031320392867947,5.2422243208783605
8,6,2,88,527,-7.6107489864446878,5.2534246909355238
8,6,2,88,528,-7.6182826160568489,5.2646675402760277
8,6,2,88,529,-7.6257334966468857,5.275952456172547
8,6,2,88,530,-7.6331022035488498,5.2872790208566141
8,6,2,88,531,-7.6403893187505929,5.29864681176789
8,6,2,88,532,-7.6475954307350822,5.3100554018042949
8,6,2,88,533,-7.6547211343196446,5.3215043595726348
8,6,2,88,534,-7.661767030493202,5.3329932496398254
8,6,2,88,535,-7.6687337262516229,5.344521632784291
8,6,2,88,536,-7.6756218344310341,5.3560890662480407
8,6,2,88,537,-7.6824319735394218,5.3676951039884759
8,6,2,88,538,-7.6891647675861794,5.3793392969306826
8,6,2,88,539,-7.6958208459100783,5.3910211932194061
8,6,2,88,540,-7.702400843005341,5.4027403384710651
8,6,2,88,541,-7.7089053983460829,5.4144962760255408
8,6,2,88,542,-7.7153351562090187,5.4262885471975411
8,6,2,88,543,-7.7216907654946763,5.438116691527636
8,6,2,88,544,-7.7279728795469156,5.449980247032685
8,6,2,88,545,-7.7341821559709949,5.4618787504557371
8,6,2,88,546,-7.7403192564502117,5.4738117375150583
8,6,2,88,547,-7.7463848465610194,5.4857787431524834
8,6,2,88,548,-7.7523795955868833,5.4977793017806889
8,6,2,88,549,-7.7583041763307605,5.5098129475295989
8,6,2,88,550,-7.7641592649263593,5.5218792144915181
8,6,2,88,551,-7.7699455406481714,5.5339776369651679
8,6,2,88,552,-7.7756636857203825,5.5461077496983009
8,6,2,88,553,-7.7813143851246798,5.5582690881289833
8,6,2,88,554,-7.7868983264069991,5.5704611886253614
8,6,2,88,555,-7.7924161994833536,5.5826835887237438
8,6,2,88,556,-7.7978686964446933,5.5949358273651582
8,6,2,88,557,-7.8032565113609618,5.607217445129911
8,6,2,88,558,-7.8085803400842977,5.6195279844705546
8,6,2,88,559,-7.813840880051548,5.6318669899425498
8,6,2,88,560,-7.8190388300861002,5.6442340084331937
8,6,2,88,561,-7.8241748901990791,5.6566285893881991
8,6,2,88,562,-7.8292497613900451,5.6690502850361506
8,6,2,88,563,-7.8342641454471504,5.6814986506106528
8,6,2,88,564,-7.8392187447469563,5.6939732445700528
8,6,2,88,565,-7.8441142620538171,5.7064736288146536
8,6,2,88,566,-7.8489514003190264,5.7189993689014758
8,6,2,88,567,-7.8537308624797522,5.7315500342562524
8,6,2,88,568,-7.8584533512577801,5.7441251983828847
8,6,2,88,569,-7.8631195689581794,5.7567244390698793
8,6,2,88,570,-7.8677302172680044,5.7693473385941747
8,6,2,88,571,-7.8722859970549734,5.7819934839217355
8,6,2,88,572,-7.8767876081663051,5.7946624669054287
8,6,2,88,573,-7.8812357492277387,5.8073538844795465
8,6,2,88,574,-7.8856311174428066,5.8200673388514117
8,6,2,88,575,NaN,NaN
8,6,2,88,576,NaN,NaN
8,6,2,88,577,NaN,NaN
8,6,2,88,578,NaN,NaN
8,6,2,88,579,NaN,NaN
8,6,2,88,580,NaN,NaN
8,6,2,88,581,NaN,NaN
8,6,2,88,582,NaN,NaN
8,6,2,88,583,NaN,NaN
8,6,2,88,584,NaN,NaN
8,6,2,88,585,NaN,NaN
8,6,2,88,586,NaN,NaN
8,6,2,88,587,NaN,NaN
8,6,2,88,588,NaN,NaN
8,6,2,88,589,NaN,NaN
8,6,2,88,590,NaN,NaN
8,6,2,88,591,NaN,NaN
8,6,2,88,592,NaN,NaN
8,6,2,88,593,NaN,NaN
8,6,2,88,594,NaN,NaN
8,6,2,88,595,NaN,NaN
8,6,2,88,596,NaN,NaN
8,6,2,88,597,NaN,NaN
8,6,2,88,598,NaN,NaN
8,6,2,88,599,NaN,NaN
8,6,2,96,0,0,0
8,6,2,96,1,0,0
8,6,2,96,2,7.9824624132918132e-07,9.5446818371147657e-05
8,6,2,96,3,-7.1580927296643893e-07,0.0002878277641366056
8,6,2,96,4,-7.6132647963689237e-06,0.00057861637085265816
8,6,2,96,5,-2.2925766557380101e-05,0.0009692724014381815
8,6,2,96,6,-4.9645496841277392e-05,0.0014612418356124701
8,6,2,96,7,-9.072515407826387e-05,0.0020559568409656004
8,6,2,96,8,-0.00014907792619811566,0.002754835728666083
8,6,2,96,9,-0.00022757745862245216,0.0035592828949021493
8,6,2,96,10,-0.00032905781794934086,0.0044706887489170954
8,6,2,96,11,-0.00045631345247931776,0.0054904296285268606
8,6,2,96,12,-0.0006120991506153306,0.0066198677039053244
8,6,2,96,13,-0.00079912999802478346,0.0078603508704339076
8,6,2,96,14,-0.0010200813343297366,0.0092132126314897755
8,6,2,96,15,-0.001277588710274502,0.010679771971566776
8,6,2,96,16,-0.0015742595568968287,0.012261284053630139
8,6,2,96,17,-0.0019126844230443751,0.013958890957696535
8,6,2,96,18,-0.002295414666664275,0.015773713916519827
8,6,2,96,19,-0.0027249621543268265,0.01770685411612849
8,6,2,96,20,-0.0032037989863065164,0.019759393411947213
8,6,2,96,21,-0.0037343572459713759,0.021932394966658886
8,6,2,96,22,-0.0043190287725369814,0.024226903815621759
8,6,2,96,23,-0.0049601649559805061,0.02664394736542619
8,6,2,96,24,-0.0056600765533598718,0.029184535830312219
8,6,2,96,25,-0.0064210335254388795,0.03184966261153277
8,6,2,96,26,-0.0072452648930243502,0.034640304623637097
8,6,2,96,27,-0.0081349586119883188,0.037557422572101484
8,6,2,96,28,-0.0090922614664257217,0.040601961185696145
8,6,2,96,29,-0.010119278979220381,0.043774849407571259
8,6,2,96,30,-0.011218075339280986,0.047077000547804393
8,6,2,96,31,-0.012390673344980785,0.050509312400967565
8,6,2,96,32,-0.013639054363179248,0.054072667331125923
8,6,2,96,33,-0.014965158303209547,0.057767932327176807
8,6,2,96,34,-0.016370883605437703,0.06159595903095505
8,6,2,96,35,-0.017858087243838305,0.065557583740244452
8,6,2,96,36,-0.019428584742214872,0.069653627388971406
8,6,2,96,37,-0.021084150203504182,0.073884895506506898
8,6,2,96,38,-0.022826516351831527,0.078252178158014218
8,6,2,96,39,-0.024657374587044867,0.082756249867343978
8,6,2,96,40,-0.026578375051011793,0.087397869524391547
8,6,2,96,41,-0.028591126705790337,0.092177780278165922
8,6,2,96,42,-0.030697197422857592,0.097096709417071603
8,6,2,96,43,-0.032898114083523833,0.10215536823764415
8,6,2,96,44,-0.035195362689777188,0.107354451903105
8,6,2,96,45,-0.037590388485642112,0.11269463929264034
8,6,2,96,46,-0.04008459608854098,0.11817659284260873
8,6,2,96,47,-0.042679349630414531,0.12380095838058214
8,6,2,96,48,-0.04537597290839579,0.12956836495328916
8,6,2,96,49,-0.048175749544687729,0.13547942464905149
8,6,2,96,50,-0.051079923155500362,0.14153473241578229
8,6,2,96,51,-0.054089697528658665,0.14773486587509321
8,6,2,96,52,-0.057206236809820288,0.15408038513327338
8,6,2,96,53,-0.06043066569688671,0.16057183258988139
8,6,2,96,54,-0.063764069642563426,0.16720973274435558
8,6,2,96,55,-0.067207495064613987,0.17399459200145018
8,6,2,96,56,-0.070761949563963311,0.18092689847568899
8,6,2,96,57,-0.074428402149917527,0.18800712179579682
8,6,2,96,58,-0.078207783472927783,0.1952357129090615
8,6,2,96,59,-0.082100986064004289,0.20261310388648701
8,6,2,96,60,-0.086108864581252442,0.21013970772879309
8,6,2,96,61,-0.090232236062803839,0.21781591817391088
8,6,2,96,62,-0.094471880186319801,0.22564210950612729
8,6,2,96,63,-0.098828539534606685,0.23361863636734981
8,6,2,96,64,-0.10330291986738738,0.24174583357065293
8,6,2,96,65,-0.10789569039889035,0.25002401591655843
8,6,2,96,66,-0.1126074840811675,0.25845347801211616
8,6,2,96,67,-0.11743889789292972,0.26703449409324898
8,6,2,96,68,-0.12239049313367834,0.27576731785040332
8,6,2,96,69,-0.12746279572313224,0.28465218225788014
8,6,2,96,70,-0.13265629650555666,0.29368929940694899
8,6,2,96,71,-0.13797145155903245,0.30287886034286726
8,6,2,96,72,-0.14340868250937167,0.3122210349062654
8,6,2,96,73,-0.14896837684852393,0.32171597157874265
8,6,2,96,74,-0.15465088825750151,0.33136379733293697
8,6,2,96,75,-0.16045653693334549,0.34116461748734117
8,6,2,96,76,-0.16638560992032203,0.35111851556578477
8,6,2,96,77,-0.17243836144488767,0.36122555316195626
8,6,2,96,78,-0.17861501325461271,0.37148576980868542
8,6,2,96,79,-0.18491575496048518,0.38189918285273794
8,6,2,96,80,-0.19134074438299509,0.3924657873343812
8,6,2,96,81,-0.19789010790128847,0.40318555587267879
8,6,2,96,82,-0.20456394080567986,0.41405843855595037
8,6,2,96,83,-0.21136230765320119,0.42508436283777151
8,6,2,96,84,-0.21828524262613169,0.43626323343854967
8,6,2,96,85,-0.22533274989315899,0.44759493225282054
8,6,2,96,86,-0.23250480397346007,0.4590793182620595
8,6,2,96,87,-0.23980135010311932,0.4707162274534521
8,6,2,96,88,-0.24722230460406669,0.48250547274429345
8,6,2,96,89,-0.25476755525529748,0.49444684391245497
8,6,2,96,90,-0.26243696166625141,0.50654010753259093
8,6,2,96,91,-0.27023035565224562,0.51878500691840967
8,6,2,96,92,-0.27814754161187838,0.53118126207084837
8,6,2,96,93,-0.28618829690617575,0.54372856963241512
8,6,2,96,94,-0.29435237223954247,0.55642660284751233
8,6,2,96,95,-0.30263949204227258,0.56927501152880811
8,6,2,96,96,-0.31104935485450347,0.58227342202982479
8,6,2,96,97,-0.31958163371162418,0.59542143722367824
8,6,2,96,98,-0.32823597653094949,0.60871863648781777
8,6,2,96,99,-0.33701200649949303,0.62216457569522488
8,6,2,96,100,-0.34590932246295059,0.63575878721155721
8,6,2,96,101,-0.35492749931552159,0.64950077989864019
8,6,2,96,102,-0.36406608839071319,0.66339003912417038
8,6,2,96,103,-0.37332461785286042,0.67742602677759445
8,6,2,96,104,-0.3827025930894179,0.69160818129230806
8,6,2,96,105,-0.39219949710371238,0.70593591767404706
8,6,2,96,106,-0.40181479090841687,0.72040862753552093
8,6,2,96,107,-0.41154791391925238,0.73502567913727723
8,6,2,96,108,-0.42139828434913373,0.74978641743489727
8,6,2,96,109,-0.4313652996025541,0.76469016413235891
8,6,2,96,110,-0.44144833667011385,0.7797362177416306
8,6,2,96,111,-0.45164675252324371,0.79492385364847984
8,6,2,96,112,-0.46195988450880021,0.8102523241845877
8,6,2,96,113,-0.47238705074368892,0.82572085870579182
8,6,2,96,114,-0.48292755050937108,0.84132866367650494
8,6,2,96,115,-0.49358066464608163,0.85707492276042851
8,6,2,96,116,-0.50434565594685843,0.87295879691729195
8,6,2,96,117,-0.51522176955113297,0.88897942450578693
8,6,2,96,118,-0.52620823333797695,0.90513592139272736
8,6,2,96,119,-0.53730425831878259,0.92142738106814892
8,6,2,96,120,-0.54850903902949333,0.93785287476655654
8,6,2,96,121,-0.55982175392207401,0.95441145159433083
8,6,2,96,122,-0.57124156575542595,0.97110213866299644
8,6,2,96,123,-0.58276762198548049,0.98792394122863281
8,6,2,96,124,-0.59439905515448754,1.0048758428371662
8,6,2,96,125,-0.60613498327948823,1.021956805475646
8,6,2,96,126,-0.61797451023976602,1.039165769729447
8,6,2,96,127,-0.62991672616338756,1.0565016549453494
8,6,2,96,128,-0.64196070781267212,1.073963359400365
8,6,2,96,129,-0.65410551896852298,1.0915497604765205
8,6,2,96,130,-0.66635021081363766,1.1092597148413068
8,6,2,96,131,-0.67869382231451336,1.1270920586338025
8,6,2,96,132,-0.69113538060212587,1.1450456076566529
8,6,2,96,133,-0.70367390135129826,1.1631191575735196
8,6,2,96,134,-0.7163083891587485,1.1813114841121601
8,6,2,96,135,-0.72903783791963273,1.1996213432731051
8,6,2,96,136,-0.74186123120265623,1.2180474715437539
8,6,2,96,137,-0.75477754262356922,1.2365885861179731
8,6,2,96,138,-0.76778573621717472,1.2552433851210743
8,6,2,96,139,-0.78088476680762131,1.2740105478400654
8,6,2,96,140,-0.79407358037704157,1.2928887349592688
8,6,2,96,141,-0.80735111443243079,1.3118765888010808
8,6,2,96,142,-0.82071629837073834,1.3309727335719472
8,6,2,96,143,-0.83416805384209924,1.3501757756134465
8,6,2,96,144,-0.84770529511121184,1.3694843036583249
8,6,2,96,145,-0.86132692941672806,1.3888968890916149
8,6,2,96,146,-0.87503185732866751,1.4084120862165732
8,6,2,96,147,-0.88881897310382763,1.4280284325254855
8,6,2,96,148,-0.9026871650390067,1.4477444489752829
8,6,2,96,149,-0.91663531582214519,1.4675586402677938
8,6,2,96,150,-0.93066230288132989,1.4874694951345773
8,6,2,96,151,-0.94476699873140557,1.5074754866264835
8,6,2,96,152,-0.95894827131845495,1.5275750724074555
8,6,2,96,153,-0.97320498436181957,1.5477666950528963
8,6,2,96,154,-0.98753599769376144,1.5680487823523075
8,6,2,96,155,-1.0019401675967488,1.5884197476160238
8,6,2,96,156,-1.0164163471380938,1.6088779899863681
8,6,2,96,157,-1.0309633865022649,1.6294218947525558
8,6,2,96,158,-1.0455801333203674,1.6500498336698532
8,6,2,96,159,-1.0602654329971317,1.6707601652824393
8,6,2,96,160,-1.0750181290352157,1.6915512352501301
8,6,2,96,161,-1.089837063356619,1.7124213766788383
8,6,2,96,162,-1.1047210766214732,1.7333689104545691
8,6,2,96,163,-1.1196690085438499,1.754392145581027
8,6,2,96,164,-1.1346796982047491,1.7754893795205589
8,6,2,96,165,-1.1497519843620685,1.7966588985385168
8,6,2,96,166,-1.1648847057576683,1.8178989780507304
8,6,2,96,167,-1.1800767014212066,1.8392078829742893
8,6,2,96,168,-1.1953268109711035,1.8605838680810978
8,6,2,96,169,-1.2106338749121592,1.8820251783545823
8,6,2,96,170,-1.2259967349299961,1.9035300493491252
8,6,2,96,171,-1.2414142341823475,1.9250967075521626
8,6,2,96,172,-1.2568852175868561,1.9467233707490288
8,6,2,96,173,-1.2724085321056844,1.9684082483901215
8,6,2,96,174,-1.2879830270265569,1.9901495419606148
8,6,2,96,175,-1.3036075542404768,2.0119454453523504
8,6,2,96,176,-1.319280968515768,2.0337941452379686
8,6,2,96,177,-1.3350021277686863,2.0556938214470355
8,6,2,96,178,-1.3507698933303114,2.0776426473441494
8,6,2,96,179,-1.3665831302098586,2.0996387902088549
8,6,2,96,180,-1.3824407073541323,2.1216804116173158
8,6,2,96,181,-1.3983414979033548,2.1437656678255061
8,6,2,96,182,-1.4142843794430815,2.1658927101539853
8,6,2,96,183,-1.430268234252291,2.1880596853739247
8,6,2,96,184,-1.4462919495475179,2.2102647360944387
8,6,2,96,185,-1.4623544177230163,2.2325060011511271
8,6,2,96,186,-1.4784545365869872,2.2547816159953853
8,6,2,96,187,-1.4945912095936265,2.2770897130849037
8,6,2,96,188,-1.51076334607117,2.299428422274663
8,6,2,96,189,-1.5269698614457039,2.3217958712087676
8,6,2,96,190,-1.5432096774608384,2.344190185712705
8,6,2,96,191,-1.5594817223931468,2.3666094901859616
8,6,2,96,192,-1.57578493126318,2.3890519079951407
8,6,2,96,193,-1.5921182460423955,2.4115155618669393
8,6,2,96,194,-1.6084806158555398,2.4339985742813237
8,6,2,96,195,-1.6248709971786401,2.4564990678646619
8,6,2,96,196,-1.6412883540326384,2.4790151657825303
8,6,2,96,197,-1.6577316581724511,2.5015449921322346
8,6,2,96,198,-1.6741998892715992,2.5240866723348825
8,6,2,96,199,-1.6906920351021759,2.5466383335268601
8,6,2,96,200,-1.7072070917103221,2.5691981049506625
8,6,2,96,201,-1.7237440635870238,2.5917641183448108
8,6,2,96,202,-1.7403019638343342,2.614334508332858
8,6,2,96,203,-1.7568798143267894,2.6369074128113708
8,6,2,96,204,-1.7734766458682327,2.6594809733366946
8,6,2,96,205,-1.7900914983438654,2.6820533355103731
8,6,2,96,206,-1.8067234208675176,2.7046226493632144
8,6,2,96,207,-1.8233714719241512,2.727187069737727
8,6,2,96,208,-1.8400347195075883,2.749744756668973
8,6,2,96,209,-1.8567122412533388,2.7722938757635345
8,6,2,96,210,-1.8734031245667249,2.7948325985766771
8,6,2,96,211,-1.89010646674595,2.817359102987496
8,6,2,96,212,-1.9068213751005259,2.839871573571731
8,6,2,96,213,-1.9235469670646155,2.8623682019726231
8,6,2,96,214,-1.9402823703056016,2.8848471872692043
8,6,2,96,215,-1.9570267228277205,2.9073067363421883
8,6,2,96,216,-1.9737791730707777,2.9297450642371854
8,6,2,96,217,-1.9905388800039892,2.9521603945253689
8,6,2,96,218,-2.0073050132148218,2.9745509596612068
8,6,2,96,219,-2.0240767529930426,2.9969150013372832
8,6,2,96,220,-2.0408532904097498,3.0192507708361433
8,6,2,96,221,-2.0576338273915749,3.0415565293789468
8,6,2,96,222,-2.0744175767898945,3.0638305484710275
8,6,2,96,223,-2.0912037624452484,3.0860711102438376
8,6,2,96,224,-2.1079916192468131,3.1082765077937475
8,6,2,96,225,-2.1247803931870202,3.1304450455171025
8,6,2,96,226,-2.1415693414113255,3.1525750394417211
8,6,2,96,227,-2.1583577322631275,3.1746648175546373
8,6,2,96,228,-2.1751448453239117,3.1967127201260159
8,6,2,96,229,-2.1919299714485252,3.218717100029131
8,6,2,96,230,-2.2087124127957769,3.2406763230562934
8,6,2,96,231,-2.2254914828541859,3.2625887682307564
8,6,2,96,232,-2.2422665064631362,3.284452828114298
8,6,2,96,233,-2.2590368198292077,3.3062669091106498
8,6,2,96,234,-2.2758017705380054,3.3280294317644121
8,6,2,96,235,-2.2925607175612428,3.3497388310556571
8,6,2,96,236,-2.3093130312593302,3.3713935566898638
8,6,2,96,237,-2.3260580933793795,3.3929920733833359
8,6,2,96,238,-2.3427952970487387,3.4145328611438988
8,6,2,96,239,-2.3595240467640832,3.4360144155467647
8,6,2,96,240,-2.3762437583760567,3.4574352480056412
8,6,2,96,241,-2.3929538590696078,3.4787938860388752
8,6,2,96,242,-2.4096537873399604,3.5000888735306739
8,6,2,96,243,-2.4263429929644253,3.5213187709871501
8,6,2,96,244,-2.4430209369698472,3.5424821557874324
8,6,2,96,245,-2.4596870915961411,3.5635776224293787
8,6,2,96,246,-2.4763409402555392,3.5846037827702544
8,6,2,96,247,-2.4929819774878959,3.6055592662619622
8,6,2,96,248,-2.5096097089120528,3.6264427201810583
8,6,2,96,249,-2.526223651173265,3.6472528098531578
8,6,2,96,250,-2.5428233318868401,3.6679882188721176
8,6,2,96,251,-2.5594082895779415,3.688647649313495
8,6,2,96,252,-2.5759780736178408,3.7092298219425586
8,6,2,96,253,-2.5925322441563314,3.7297334764167163
8,6,2,96,254,-2.6090703720508257,3.750157371482163
8,6,2,96,255,-2.6255920387918188,3.7705002851650042
8,6,2,96,256,-2.6420968364250399,3.7907610149565034
8,6,2,96,257,-2.6585843674702292,3.8109383779926649
8,6,2,96,258,-2.6750542448367387,3.8310312112279616
8,6,2,96,259,-2.6915060917358682,3.8510383716032353
8,6,2,96,260,-2.7079395415902652,3.8709587362077884
8,6,2,96,261,-2.7243542379402297,3.8907912024354645
8,6,2,96,262,-2.7407498343471226,3.9105346881349563
8,6,2,96,263,-2.7571259942939852,3.9301881317540839
8,6,2,96,264,-2.7734823910833928,3.9497504924781075
8,6,2,96,265,-2.7898187077326608,3.9692207503621235
8,6,2,96,266,-2.8061346368665365,3.9885979064573891
8,6,2,96,267,-2.8224298806072969,4.0078809829317361
8,6,2,96,268,-2.8387041504626618,4.0270690231838184
8,6,2,96,269,-2.8549571672112029,4.0461610919514808
8,6,2,96,270,-2.8711886607857062,4.0651562754139778
8,6,2,96,271,-2.8873983701543979,4.0840536812881965
8,6,2,96,272,-2.9035860432001179,4.1028524389187719
8,6,2,96,273,-2.919751436597573,4.1215516993622883
8,6,2,96,274,-2.9358943156888637,4.1401506354652593
8,6,2,96,275,-2.9520144543571658,4.1586484419361609
8,6,2,96,276,-2.9681116348988459,4.1770443354114093
8,6,2,96,277,-2.9841856478939945,4.1953375545152687
8,6,2,96,278,-3.0002362920755976,4.2135273599137708
8,6,2,96,279,-3.0162633741972646,4.231613034362594
8,6,2,96,280,-3.0322667088997224,4.2495938827489779
8,6,2,96,281,-3.0482461185762642,4.2674692321275938
8,6,2,96,282,-3.0642014332369572,4.2852384317504404
8,6,2,96,283,-3.0801324903720619,4.3029008530909154
8,6,2,96,284,-3.0960391348144656,4.3204558898617211
8,6,2,96,285,-3.1119212186013767,4.3379029580271062
8,6,2,96,286,-3.1277786008353736,4.3552414958090671
8,6,2,96,287,-3.1436111475448003,4.3724709636877579
8,6,2,96,288,-3.1594187315437505,4.3895908443960598
8,6,2,96,289,-3.1752012322916134,4.4066006429082734
8,6,2,96,290,-3.1909585357522809,4.42349988642321
8,6,2,96,291,-3.2066905342532426,4.4402881243413876
8,6,2,96,292,-3.2223971263444398,4.4569649282365704
8,6,2,96,293,-3.2380782166572031,4.4735298918217428
8,6,2,96,294,-3.2537337157631741,4.4899826309092807
8,6,2,96,295,-3.269363540033404,4.5063227833657491
8,6,2,96,296,-3.2849676114977076,4.5225500090608968
8,6,2,96,297,-3.3005458577043232,4.5386639898114565
8,6,2,96,298,-3.3160982115799653,4.5546644293192076
8,6,2,96,299,-3.3316246112904349,4.5705510531038192
8,6,2,96,300,-3.3471250001017525,4.5863236084302459
8,6,2,96,301,-3.3625993262420328,4.6019818642307948
8,6,2,96,302,-3.3780475427639733,4.6175256110220495
8,6,2,96,303,-3.3934696074083281,4.6329546608163934
8,6,2,96,304,-3.4088654824681655,4.6482688470285884
8,6,2,96,305,-3.4242351346542019,4.6634680243770212
8,6,2,96,306,-3.4395785349611243,4.6785520687801316
8,6,2,96,307,-3.4548956585350954,4.6935208772476757
8,6,2,96,308,-3.4701864845424533,4.708374367767143
8,6,2,96,309,-3.4854509960396909,4.7231124791852768
8,6,2,96,310,-3.5006891798447959,4.7377351710847755
8,6,2,96,311,-3.5159010264100288,4.7522424236562246
8,6,2,96,312,-3.53108652969612,4.7666342375654622
8,6,2,96,313,-3.5462456870480996,4.780910633816096
8,6,2,96,314,-3.561378499072787,4.7950716536076214
8,6,2,96,315,-3.5764849695177512,4.8091173581890603
8,6,2,96,316,-3.5915651051522781,4.8230478287080434
8,6,2,96,317,-3.6066189156499782,4.8368631660556414
8,6,2,96,318,-3.6216464134732451,4.8505634907068664
8,6,2,96,319,-3.636647613759747,4.8641489425569198
8,6,2,96,320,-3.6516225342107136,4.8776196807533507
8,6,2,96,321,-3.666571194981433,4.8909758835240709
8,6,2,96,322,-3.6814936185736391,4.9042177480013578
8,6,2,96,323,-3.6963898297301014,4.9173454900420053
8,6,2,96,324,-3.7112598553313889,4.9303593440434526
8,6,2,96,325,-3.7261037242947657,4.9432595627563414
8,6,2,96,326,-3.7409214674754274,4.9560464170930656
8,6,2,96,327,-3.7557131175699086,4.9687201959329661
8,6,2,96,328,-3.7704787090218908,4.9812812059237572
8,6,2,96,329,-3.78521827793038,4.993729771279579
8,6,2,96,330,-3.799931861960204,5.0060662335755239
8,6,2,96,331,-3.8146195002550121,5.0182909515389369
8,6,2,96,332,-3.8292812333526327,5.0304043008374153
8,6,2,96,333,-3.8439171031030339,5.0424066738635753
8,6,2,96,334,-3.8585271525886755,5.0542984795167865
8,6,2,96,335,-3.8731114260474708,5.0660801429818356
8,6,2,96,336,-3.8876699687982352,5.0777521055046879
8,6,2,96,337,-3.9022028271687992,5.0893148241653172
8,6,2,96,338,-3.9167100484266082,5.1007687716477932
8,6,2,96,339,-3.9311916807119651,5.1121144360077118
8,6,2,96,340,-3.9456477729739206,5.1233523204368883
8,6,2,96,341,-3.9600783749088042,5.1344829430255281
8,6,2,96,342,-3.9744835369012632,5.145506836522121
8,6,2,96,343,-3.9888633099681661,5.1564245480906239
8,6,2,96,344,-4.003217745704962,5.1672366390656341
8,6,2,96,345,-4.0175468962348191,5.1779436847051805
8,6,2,96,346,-4.0318508141603484,5.1885462739414665
8,6,2,96,347,-4.0461295525180576,5.1990450091294855
8,6,2,96,348,-4.0603831647353985,5.2094405057936752
8,6,2,96,349,-4.0746117045905086,5.2197333923727633
8,6,2,96,350,-4.088815226174586,5.2299243099626826
8,6,2,96,351,-4.1029937838568955,5.2400139120578473
8,6,2,96,352,-4.1171474322524215,5.2500028642907672
8,6,2,96,353,-4.1312762261921598,5.2598918441699869
8,6,2,96,354,-4.1453802206959374,5.2696815408168032
8,6,2,96,355,-4.1594594709479518,5.2793726547002731
8,6,2,96,356,-4.1735140322747721,5.2889658973711038
8,6,2,96,357,-4.1875439601259448,5.2984619911943005
8,6,2,96,358,-4.2015493100571568,5.3078616690805189
8,6,2,96,359,-4.2155301377158674,5.3171656742165476
8,6,2,96,360,-4.2294864988295098,5.3263747597946027
8,6,2,96,361,-4.2434184491960565,5.3354896887408385
8,6,2,96,362,-4.2573260446771179,5.3445112334430469
8,6,2,96,363,-4.2712093411934386,5.3534401754774503
8,6,2,96,364,-4.2850683947227353,5.3622773053350254
8,6,2,96,365,-4.2989032612999463,5.3710234221471227
8,6,2,96,366,-4.3127139970197961,5.3796793334105839
8,6,2,96,367,-4.3265006580415761,5.3882458547124896
8,6,2,96,368,-4.3402633005963143,5.3967238094545147
8,6,2,96,369,-4.3540019809960366,5.4051140285770432
8,6,2,96,370,-4.3677167556452847,5.4134173502830976
8,6,2,96,371,-4.3814076810547551,5.4216346197621252
8,6,2,96,372,-4.3950748138570468,5.4297666889137366
8,6,2,96,373,-4.4087182108244471,5.4378144160716317
8,6,2,96,374,-4.4223379288887585,5.445778665727488
8,6,2,96,375,-4.4359340251631183,5.4536603082550847
8,6,2,96,376,-4.4495065569656989,5.4614602196348425
8,6,2,96,377,-4.4630555818453379,5.4691792811785351
8,6,2,96,378,-4.4765811576089778,5.4768183792545191
8,6,2,96,379,-4.4900833423509088,5.4843784050135316
8,6,2,96,380,-4.5035621944837896,5.4918602541149077
8,6,2,96,381,-4.5170177727712426,5.4992648264537234
8,6,2,96,382,-4.5304501363622407,5.5065930258883151
8,6,2,96,383,-4.543859344827017,5.5138457599689303
8,6,2,96,384,-4.557245458194453,5.5210239396670993
8,6,2,96,385,-4.5706085369910445,5.5281284791059786
8,6,2,96,386,-4.5839486422812827,5.5351602952917665
8,6,2,96,387,-4.5972658357093632,5.5421203078460959
8,6,2,96,388,-4.6105601795422562,5.549009438739791
8,6,2,96,389,-4.6238317367140294,5.5558286120276996
8,6,2,96,390,-4.6370805708714213,5.562578753584865
8,6,2,96,391,-4.6503067464205072,5.5692607908441412
8,6,2,96,392,-4.6635103285744712,5.5758756525352036
8,6,2,96,393,-4.6766913834024813,5.5824242684251093
8,6,2,96,394,-4.68984997787949,5.5889075690603613
8,6,2,96,395,-4.7029861799369188,5.595326485510757
8,6,2,96,396,-4.7161000585143498,5.6016819491148091
8,6,2,96,397,-4.7291916836118446,5.6079748912270384
8,6,2,96,398,-4.7422611263431449,5.6142062429671151
8,6,2,96,399,-4.7553084589894876,5.6203769349708805
8,6,2,96,400,-4.7683337550541047,5.6264878971432699
8,6,2,96,401,-4.7813370893171836,5.6325400584134906
8,6,2,96,402,-4.7943185378914848,5.6385343464920386
8,6,2,96,403,-4.807278178278251,5.6444716876300784
8,6,2,96,404,-4.820216089423635,5.6503530063809233
8,6,2,96,405,-4.8331323517753653,5.656179225363819
8,6,2,96,406,-4.8460270473397351,5.6619512650300878
8,6,2,96,407,-4.858900259738741,5.6676700434317135
8,6,2,96,408,-4.8717520742673939,5.6733364759922882
8,6,2,96,409,-4.8845825779511518,5.6789514752804777
8,6,2,96,410,-4.8973918596033279,5.6845159507861478
8,6,2,96,411,-4.9101800098824704,5.6900308086990172
8,6,2,96,412,-4.9229471213496803,5.6954969516900462
8,6,2,96,413,-4.9356932885257496,5.7009152786954429
8,6,2,96,414,-4.948418607948085,5.70628668470364
8,6,2,96,415,-4.9611231782274166,5.7116120605448932
8,6,2,96,416,-4.9738071001040769,5.7168922926839363
8,6,2,96,417,-4.9864704765039845,5.7221282630154331
8,6,2,96,418,-4.9991134125941752,5.7273208486624565
8,6,2,96,419,-5.011736015837748,5.7324709217780576
8,6,2,96,420,-5.0243383960484058,5.7375793493497502
8,6,2,96,421,-5.0369206654441836,5.7426469930073472
8,6,2,96,422,-5.0494829387007112,5.747674708833669
8,6,2,96,423,-5.0620253330036284,5.752663347178669
8,6,2,96,424,-5.0745479681002124,5.7576137524767947
8,6,2,96,425,-5.0870509663502927,5.7625267630675188
8,6,2,96,426,-5.0995344527761226,5.7674032110192428
8,6,2,96,427,-5.1119985551114304,5.7722439219567132
8,6,2,96,428,-5.1244434038494493,5.7770497148915831
8,6,2,96,429,-5.1368691322898616,5.7818214020566385
8,6,2,96,430,-5.1492758765846967,5.7865597887434257
8,6,2,96,431,-5.1616637757831096,5.7912656731433172
8,6,2,96,432,-5.1740329718748814,5.7959398461922413
8,6,2,96,433,-5.186383609832756,5.8005830914190177
8,6,2,96,434,-5.1987158376534897,5.8051961847971203
8,6,2,96,435,-5.2110298063975105,5.809779894600223
8,6,2,96,436,-5.2233256702272133,5.8143349812614957
8,6,2,96,437,-5.235603586443915,5.8188621972363377
8,6,2,96,438,-5.2478637155231986,5.8233622868691635
8,6,2,96,439,-5.2601062211488747,5.827835986263616
8,6,2,96,440,-5.2723312702452843,5.8322840231568893
8,6,2,96,441,-5.284539033008123,5.8367071167975153
8,6,2,96,442,-5.2967296829334547,5.8411059778272847
8,6,2,96,443,-5.3089033968452544,5.8454813081667973
8,6,2,96,444,-5.321060354921098,5.8498338009049498
8,6,2,96,445,-5.3332007407161317,5.8541641401923386
8,6,2,96,446,-5.3453247411852365,5.8584730011385284
8,6,2,96,447,-5.3574325467034614,5.8627610497132414
8,6,2,96,448,-5.3695243510844755,5.8670289426514834
8,6,2,96,449,-5.3816003515971875,5.8712773273626038
8,6,2,96,450,-5.3936607489804498,5.8755068418433556
8,6,2,96,451,-5.4057057474557908,5.8797181145948869
8,6,2,96,452,-5.4177355547381625,5.8839117645436891
8,6,2,96,453,-5.4297503820446735,5.8880884009666765
8,6,2,96,454,-5.4417504441012898,5.8922486234200298
8,6,2,96,455,-5.4537359591474761,5.8963930216722718
8,6,2,96,456,-5.4657071489386979,5.9005221756411848
8,6,2,96,457,-5.4776642387468488,5.9046366553348522
8,6,2,96,458,-5.4896074573585416,5.9087370207966865
8,6,2,96,459,-5.501537037071186,5.9128238220544169
8,6,2,96,460,-5.5134532136869421,5.9168975990731596
8,6,2,96,461,-5.5253562265044351,5.9209588817124983
8,6,2,96,462,-5.5372463183082363,5.9250081896875502
8,6,2,96,463,-5.5491237353561376,5.9290460325340772
8,6,2,96,464,-5.5609887273641583,5.9330729095775494
8,6,2,96,465,-5.5728415474892712,5.93708930990626
8,6,2,96,466,-5.5846824523098473,5.9410957123484351
8,6,2,96,467,-5.5965117018038191,5.9450925854532741
8,6,2,96,468,-5.608329559324515,5.9490803874759832
8,6,2,96,469,-5.6201362915742017,5.9530595663668331
8,6,2,96,470,-5.6319321685752657,5.9570305597640845
8,6,2,96,471,-5.6437174636390699,5.9609937949908733
8,6,2,96,472,-5.6554924533325446,5.9649496890560396
8,6,2,96,473,-5.6672574174423058,5.9688986486588522
8,6,2,96,474,-5.6790126389365145,5.972841070197596
8,6,2,96,475,-5.6907584039243622,5.9767773397820774
8,6,2,96,476,-5.7024950016132117,5.9807078332499177
8,6,2,96,477,-5.7142227242633625,5.9846329161867748
8,6,2,96,478,-5.7259418671405102,5.9885529439501903
8,6,2,96,479,-5.7376527284658083,5.9924682616974669
8,6,2,96,480,-5.7493556093636382,5.9963792044170319
8,6,2,96,481,-5.7610508138069836,6.0002860969638387
8,6,2,96,482,-5.7727386485605212,6.0041892540981658
8,6,2,96,483,-5.7844194231213839,6.0080889805282895
8,6,2,96,484,-5.7960934496575858,6.0119855709567984
8,6,2,96,485,-5.8077610429441426,6.0158793101303925
8,6,2,96,486,-5.8194225202969463,6.0197704728934402
8,6,2,96,487,-5.8310782015042806,6.0236593242449645
8,6,2,96,488,-5.8427284087561588,6.0275461193991937
8,6,2,96,489,-5.8543734665713663,6.0314311038496191
8,6,2,96,490,-5.8660137017222169,6.0353145134364929
8,6,2,96,491,-5.877649443157229,6.0391965744176632
8,6,2,96,492,-5.8892810219214606,6.0430775035429347
8,6,2,96,493,-5.9009087710747696,6.0469575081316309
8,6,2,96,494,-5.9125330256078632,6.0508367861535319
8,6,2,96,495,-5.9241541223562457,6.0547155263129673
8,6,2,96,496,-5.9357723999120093,6.0585939081363307
8,6,2,96,497,-5.9473881985336208,6.0624721020625296
8,6,2,96,498,-5.9590018600535917,6.0663502695366329
8,6,2,96,499,NaN,NaN
8,6,2,96,500,NaN,NaN
8,6,2,96,501,NaN,NaN
8,6,2,96,502,NaN,NaN
8,6,2,96,503,NaN,NaN
8,6,2,96,504,NaN,NaN
8,6,2,96,505,NaN,NaN
8,6,2,96,506,NaN,NaN
8,6,2,96,507,NaN,NaN
8,6,2,96,508,NaN,NaN
8,6,2,96,509,NaN,NaN
8,6,2,96,510,NaN,NaN
8,6,2,96,511,NaN,NaN
8,6,2,96,512,NaN,NaN
8,6,2,96,513,NaN,NaN
8,6,2,96,514,NaN,NaN
8,6,2,96,515,NaN,NaN
8,6,2,96,516,NaN,NaN
8,6,2,96,517,NaN,NaN
8,6,2,96,518,NaN,NaN
8,6,2,96,519,NaN,NaN
8,6,2,96,520,NaN,NaN
8,6,2,96,521,NaN,NaN
8,6,2,96,522,NaN,NaN
8,6,2,96,523,NaN,NaN
8,6,2,96,524,NaN,NaN
8,6,2,96,525,NaN,NaN
8,6,2,96,526,NaN,NaN
8,6,2,96,527,NaN,NaN
8,6,2,96,528,NaN,NaN
8,6,2,96,529,NaN,NaN
8,6,2,96,530,NaN,NaN
8,6,2,96,531,NaN,NaN
8,6,2,96,532,NaN,NaN
8,6,2,96,533,NaN,NaN
8,6,2,96,534,NaN,NaN
8,6,2,96,535,NaN,NaN
8,6,2,96,536,NaN,NaN
8,6,2,96,537,NaN,NaN
8,6,2,96,538,NaN,NaN
8,6,2,96,539,NaN,NaN
8,6,2,96,540,NaN,NaN
8,6,2,96,541,NaN,NaN
8,6,2,96,542,NaN,NaN
8,6,2,96,543,NaN,NaN
8,6,2,96,544,NaN,NaN
8,6,2,96,545,NaN,NaN
8,6,2,96,546,NaN,NaN
8,6,2,96,547,NaN,NaN
8,6,2,96,548,NaN,NaN
8,6,2,96,549,NaN,NaN
8,6,2,96,550,NaN,NaN
8,6,2,96,551,NaN,NaN
8,6,2,96,552,NaN,NaN
8,6,2,96,553,NaN,NaN
8,6,2,96,554,NaN,NaN
8,6,2,96,555,NaN,NaN
8,6,2,96,556,NaN,NaN
8,6,2,96,557,NaN,NaN
8,6,2,96,558,NaN,NaN
8,6,2,96,559,NaN,NaN
8,6,2,96,560,NaN,NaN
8,6,2,96,561,NaN,NaN
8,6,2,96,562,NaN,NaN
8,6,2,96,563,NaN,NaN
8,6,2,96,564,NaN,NaN
8,6,2,96,565,NaN,NaN
8,6,2,96,566,NaN,NaN
8,6,2,96,567,NaN,NaN
8,6,2,96,568,NaN,NaN
8,6,2,96,569,NaN,NaN
8,6,2,96,570,NaN,NaN
8,6,2,96,571,NaN,NaN
8,6,2,96,572,NaN,NaN
8,6,2,96,573,NaN,NaN
8,6,2,96,574,NaN,NaN
8,6,2,96,575,NaN,NaN
8,6,2,96,576,NaN,NaN
8,6,2,96,577,NaN,NaN
8,6,2,96,578,NaN,NaN
8,6,2,96,579,NaN,NaN
8,6,2,96,580,NaN,NaN
8,6,2,96,581,NaN,NaN
8,6,2,96,582,NaN,NaN
8,6,2,96,583,NaN,NaN
8,6,2,96,584,NaN,NaN
8,6,2,96,585,NaN,NaN
8,6,2,96,586,NaN,NaN
8,6,2,96,587,NaN,NaN
8,6,2,96,588,NaN,NaN
8,6,2,96,589,NaN,NaN
8,6,2,96,590,NaN,NaN
8,6,2,96,591,NaN,NaN
8,6,2,96,592,NaN,NaN
8,6,2,96,593,NaN,NaN
8,6,2,96,594,NaN,NaN
8,6,2,96,595,NaN,NaN
8,6,2,96,596,NaN,NaN
8,6,2,96,597,NaN,NaN
8,6,2,96,598,NaN,NaN
8,6,2,96,599,NaN,NaN
8,6,2,49,0,0,0
8,6,2,49,1,0,0
8,6,2,49,2,6.9934426083495538e-06,5.9590808734744094e-05
8,6,2,49,3,1.7837861154834656e-05,0.00018128872425193787
8,6,2,49,4,2.9424823250190357e-05,0.00036759090393523319
8,6,2,49,5,3.868047975252864e-05,0.00062097696565677207
8,6,2,49,6,4.2566070462823902e-05,0.0009439104193986747
8,6,2,49,7,3.8078389125173473e-05,0.001338839941586456
8,6,2,49,8,2.2250209774643537e-05,0.0018082005032393766
8,6,2,49,9,-7.8493235244891935e-06,0.0023544143626347269
8,6,2,49,10,-5.5121350212017362e-05,0.0029798623476240405
8,6,2,49,11,-0.00012243140189438506,0.0036869084557106246
8,6,2,49,12,-0.00021260863296013177,0.0044779025460933708
8,6,2,49,13,-0.00032844545977961381,0.0053551813132435289
8,6,2,49,14,-0.00047269723505438677,0.0063210691301079924
8,6,2,49,15,-0.00064808195558430093,0.0073778787709311011
8,6,2,49,16,-0.00085728000167040186,0.0085279120221520843
8,6,2,49,17,-0.0011029339066659372,0.009773460189874128
8,6,2,49,18,-0.0013876481552099751,0.01111680451157393
8,6,2,49,19,-0.0017139890088169185,0.012560216478935127
8,6,2,49,20,-0.0020844843574674421,0.014105958078827752
8,6,2,49,21,-0.0025016235961405897,0.015756281958295704
8,6,2,49,22,-0.0029678575250047246,0.017513431519569633
8,6,2,49,23,-0.0034855982723736023,0.019379640950292765
8,6,2,49,24,-0.0040572192393728557,0.021357135194013943
8,6,2,49,25,-0.0046850550653232403,0.023448129865741296
8,6,2,49,26,-0.0053714016131467535,0.025654831116581067
8,6,2,49,27,-0.0061185159737464634,0.027979435451933043
8,6,2,49,28,-0.0069286164887272239,0.030424129506589903
8,6,2,49,29,-0.0078038827906912189,0.032991089780509686
8,6,2,49,30,-0.0087464558603200793,0.035682482338511567
8,6,2,49,31,-0.0097584380997106646,0.038500462476817598
8,6,2,49,32,-0.010841893421137394,0.041447174359543482
8,6,2,49,33,-0.011998847350896957,0.044524750627331078
8,6,2,49,34,-0.013231287147336124,0.047735311981256245
8,6,2,49,35,-0.014541161932735136,0.051080966743669021
8,6,2,49,36,-0.015930382838486024,0.054563810398602919
8,6,2,49,37,-0.017400823162899703,0.058185925113504733
8,6,2,49,38,-0.018954318541336557,0.061949379244199965
8,6,2,49,39,-0.020592667127977693,0.065856226825095066
8,6,2,49,40,-0.022317629789053717,0.069908507045804424
8,6,2,49,41,-0.024130930306737186,0.074108243716186628
8,6,2,49,42,-0.026034255593548883,0.078457444720911318
8,6,2,49,43,-0.028029255916739437,0.082958101465122058
8,6,2,49,44,-0.030117545132174461,0.087612188312269357
8,6,2,49,45,-0.032300700927501147,0.092421662015315653
8,6,2,49,46,-0.034580265073996808,0.097388461142602911
8,6,2,49,47,-0.036957743686882871,0.10251450549916274
8,6,2,49,48,-0.039434607493649132,0.10780169554451824
8,6,2,49,49,-0.042012292110060745,0.11325191180797944
8,6,2,49,50,-0.04469219832342608,0.11886701430208479
8,6,2,49,51,-0.047475692382964452,0.12464884193523484
8,6,2,49,52,-0.050364106296585387,0.13059921192394297
8,6,2,49,53,-0.05335873813422376,0.13671991920573834
8,6,2,49,54,-0.056460852336848166,0.14301273585313468
8,6,2,49,55,-0.059671680031392338,0.14947941048930879
8,6,2,49,56,-0.062992419350749174,0.15612166770632985
8,6,2,49,57,-0.06642423575898837,0.1629412074859754
8,6,2,49,58,-0.06996826238118703,0.16993970462418628
8,6,2,49,59,-0.073625600337617891,0.17711880815932945
8,6,2,49,60,-0.077397319082184168,0.18448014080472419
8,6,2,49,61,-0.081284456744540323,0.19202529838605875
8,6,2,49,62,-0.085288020475837723,0.19975584928388634
8,6,2,49,63,-0.089408986797706591,0.20767333388169995
8,6,2,49,64,-0.093648301954218915,0.21577926401987468
8,6,2,49,65,-0.098006882266521433,0.22407512245598837
8,6,2,49,66,-0.10248561449005544,0.23256236233152039
8,6,2,49,67,-0.10708535617374726,0.24124240664566421
8,6,2,49,68,-0.11180693602139136,0.25011664773605113
8,6,2,49,69,-0.11665115425446571,0.25918644676712621
8,6,2,49,70,-0.12161878297660134,0.26845313322612641
8,6,2,49,71,-0.12671056653908996,0.27791800442702186
8,6,2,49,72,-0.13192722190745743,0.28758232502268666
8,6,2,49,73,-0.13726943902876987,0.29744732652533246
8,6,2,49,74,-0.14273788119936182,0.30751420683581554
8,6,2,49,75,-0.14833318543298613,0.31778412978149539
8,6,2,49,76,-0.15405596282893619,0.32825822466330534
8,6,2,49,77,-0.15990679894013482,0.33893758581194644
8,6,2,49,78,-0.16588625414079572,0.34982327215345166
8,6,2,49,79,-0.17199486399363528,0.36091630678433961
8,6,2,49,80,-0.17823313961636833,0.37221767655640503
8,6,2,49,81,-0.18460156804719907,0.38372833167152898
8,6,2,49,82,-0.1911006126093906,0.39544918528630624
8,6,2,49,83,-0.19773071327442993,0.40738111312694503
8,6,2,49,84,-0.20449228702384414,0.41952495311448068
8,6,2,49,85,-0.21138572820941226,0.43188150500035327
8,6,2,49,86,-0.21841140891164512,0.44445153001252125
8,6,2,49,87,-0.22556967929632799,0.45723575051235255
8,6,2,49,88,-0.23286086796909244,0.47023484966220996
8,6,2,49,89,-0.24028528232771795,0.48344947110397218
8,6,2,49,90,-0.24784320891217959,0.49688021864865983
8,6,2,49,91,-0.2555349137522922,0.51052765597697503
8,6,2,49,92,-0.26336064271272885,0.52439230635125955
8,6,2,49,93,-0.27132062183535255,0.53847465233874958
8,6,2,49,94,-0.27941505767883901,0.55277513554610469
8,6,2,49,95,-0.28764413765534069,0.5672941563656303
8,6,2,49,96,-0.29600803036424206,0.58203207373296872
8,6,2,49,97,-0.30450688592277286,0.59698920489651142
8,6,2,49,98,-0.313140836293474,0.61216582519857121
8,6,2,49,99,-0.32190999560844924,0.62756216786847285
8,6,2,49,100,-0.33081446049034735,0.6431784238273619
8,6,2,49,101,-0.33985431036982483,0.65901474150527051
8,6,2,49,102,-0.34902960779972791,0.67507122667001818
8,6,2,49,103,-0.35834039876567192,0.69134794226839713
8,6,2,49,104,-0.36778671299314558,0.70784490827943691
8,6,2,49,105,-0.37736856425093501,0.72456210158009793
8,6,2,49,106,-0.38708595065102824,0.74149945582301369
8,6,2,49,107,-0.39693885494475611,0.75865686132690346
8,6,2,49,108,-0.40692724481529163,0.77603416497922517
8,6,2,49,109,-0.41705107316644674,0.79363117015137097
8,6,2,49,110,-0.4273102784076499,0.81144763662637509
8,6,2,49,111,-0.43770478473527663,0.82948328053921438
8,6,2,49,112,-0.44823450241018303,0.84773777432970709
8,6,2,49,113,-0.45889932803140909,0.86621074670816534
8,6,2,49,114,-0.46969914480627373,0.88490178263352648
8,6,2,49,115,-0.48063382281651745,0.90381042330448802
8,6,2,49,116,-0.49170321928088123,0.92293616616313801
8,6,2,49,117,-0.5029071788138495,0.94227846491163614
8,6,2,49,118,-0.51424553368067949,0.96183672954146815
8,6,2,49,119,-0.52571810404877239,0.98161032637573142
8,6,2,49,120,-0.537324698235353,1.0015985781241383
8,6,2,49,121,-0.54906511295151339,1.0218007639509725
8,6,2,49,122,-0.56093913354267055,1.0422161195558806
8,6,2,49,123,-0.57294653422541031,1.0628438372675548
8,6,2,49,124,-0.5850870783208173,1.083683066150412
8,6,2,49,125,-0.59736051848433003,1.1047329121240095
8,6,2,49,126,-0.60976659693210422,1.1259924380954744
8,6,2,49,127,-0.62230504566406775,1.1474606641047602
8,6,2,49,128,-0.63497558668348941,1.169136567482848
8,6,2,49,129,-0.64777793221334479,1.1910190830227512
8,6,2,49,130,-0.66071178490947347,1.2131071031634049
8,6,2,49,131,-0.67377683807038902,1.2353994781863775
8,6,2,49,132,-0.68697277584413019,1.2578950164253895
8,6,2,49,133,-0.70029927343194243,1.2805924844886101
8,6,2,49,134,-0.71375599728899508,1.3034906074936652
8,6,2,49,135,-0.72734260532208994,1.3265880693154208
8,6,2,49,136,-0.74105874708454422,1.3498835128463531
8,6,2,49,137,-0.7549040639682536,1.3733755402695751
8,6,2,49,138,-0.76887818939294084,1.3970627133443965
8,6,2,49,139,-0.78298074899273984,1.4209435537045207
8,6,2,49,140,-0.79721136080022625,1.4450165431684703
8,6,2,49,141,-0.81156963542771687,1.469280124062633
8,6,2,49,142,-0.8260551762462931,1.4937326995564688
8,6,2,49,143,-0.84066757956221538,1.5183726340100372
8,6,2,49,144,-0.85540643479107281,1.5431982533337192
8,6,2,49,145,-0.87027132462958456,1.5682078453599564
8,6,2,49,146,-0.88526182522524755,1.593399660227071
8,6,2,49,147,-0.90037750634371916,1.6187719107748992
8,6,2,49,148,-0.91561793153417947,1.6443227729524057
8,6,2,49,149,-0.93098265829258953,1.6700503862368681
8,6,2,49,150,-0.94647123822304557,1.6959528540646696
8,6,2,49,151,-0.96208321719712941,1.7220282442737407
8,6,2,49,152,-0.97781813551151009,1.7482745895571887
8,6,2,49,153,-0.9936755280435805,1.7746898879284156
8,6,2,49,154,-1.0096549244056063,1.8012721031971628
8,6,2,49,155,-1.025755849096871,1.8280191654567068
8,6,2,49,156,-1.0419778216544773,1.8549289715819288
8,6,2,49,157,-1.0583203568023947,1.8819993857380508
8,6,2,49,158,-1.0747829645990026,1.9092282399000098
8,6,2,49,159,-1.0913651505832123,1.9366133343823366
8,6,2,49,160,-1.108066415919079,1.9641524383792464
8,6,2,49,161,-1.1248862575390206,1.9918432905149359
8,6,2,49,162,-1.141824168285771,2.0196835994037929
8,6,2,49,163,-1.1588796370529064,2.0476710442204809
8,6,2,49,164,-1.1760521489241449,2.0758032752796947
8,6,2,49,165,-1.1933411853114195,2.1040779146252406
8,6,2,49,166,-1.2107462240917577,2.1324925566285096
8,6,2,49,167,-1.2282667397428448,2.1610447685961569
8,6,2,49,168,-1.245902203477639,2.1897320913864036
8,6,2,49,169,-1.2636520833777198,2.2185520400343965
8,6,2,49,170,-1.281515844525577,2.2475021043857653
8,6,2,49,171,-1.2994929491358054,2.27657974973883
8,6,2,49,172,-1.3175828566852454,2.3057824174946617
8,6,2,49,173,-1.3357850240420577,2.3351075258151885
8,6,2,49,174,-1.3540989055937924,2.3645524702889746
8,6,2,49,175,-1.3725239533743938,2.3941146246044571
8,6,2,49,176,-1.391059617190199,2.4237913412304941
8,6,2,49,177,-1.4097053447449548,2.4535799521038264
8,6,2,49,178,-1.4284605817637741,2.4834777693235637
8,6,2,49,179,-1.4473247721161375,2.5134820858519564
8,6,2,49,180,-1.4662973579378125,2.5435901762218411
8,6,2,49,181,-1.485377779751873,2.5737992972498929
8,6,2,49,182,-1.5045654765885819,2.6041066887559334
8,6,2,49,183,-1.5238598861043395,2.6345095742877995
8,6,2,49,184,-1.5432604446995457,2.6650051618515471
8,6,2,49,185,-1.562766587635428,2.6955906446468529
8,6,2,49,186,-1.5823777491498159,2.7262632018072996
8,6,2,49,187,-1.6020933625718381,2.7570199991451299
8,6,2,49,188,-1.6219128604355315,2.787858189900569
8,6,2,49,189,-1.6418356745922957,2.8187749154951232
8,6,2,49,190,-1.6618612363223095,2.8497673062887556
8,6,2,49,191,-1.6819889764446483,2.8808324823406366
8,6,2,49,192,-1.7022183254264134,2.9119675541731977
8,6,2,49,193,-1.7225487134904405,2.9431696235393017
8,6,2,49,194,-1.7429795707219531,2.9744357841920559
8,6,2,49,195,-1.7635103271738728,3.0057631226572985
8,6,2,49,196,-1.7841404129708471,3.0371487190081732
8,6,2,49,197,-1.8048692584119785,3.0685896476417978
8,6,2,49,198,-1.825696294072221,3.1000829780574861
8,6,2,49,199,-1.846620950902339,3.1316257756365511
8,6,2,49,200,-1.8676426603275009,3.1632151024231225
8,6,2,49,201,-1.8887608543444234,3.1948480179058518
8,6,2,49,202,-1.9099749656170339,3.2265215798002651
8,6,2,49,203,-1.9312844275706065,3.2582328448313573
8,6,2,49,204,-1.952688674484343,3.2899788695163106
8,6,2,49,205,-1.9741871415824286,3.3217567109468131
8,6,2,49,206,-1.9957792651233985,3.353563427571113
8,6,2,49,207,-2.0174644824879184,3.3853960799749423
8,6,2,49,208,-2.039242232264832,3.4172517316617106
8,6,2,49,209,-2.0611119543354928,3.4491274498311046
8,6,2,49,210,-2.0830730899564109,3.4810203061561711
8,6,2,49,211,-2.1051250818399869,3.5129273775584751
8,6,2,49,212,-2.1272673742335435,3.544845746981093
8,6,2,49,213,-2.1494994129964584,3.5767725041591425
8,6,2,49,214,-2.1718206456753819,3.6087047463876534
8,6,2,49,215,-2.1942305215775781,3.6406395792863258
8,6,2,49,216,-2.21672849184234,3.6725741175611977
8,6,2,49,217,-2.2393140095103234,3.7045054857626463
8,6,2,49,218,-2.2619865295910255,3.7364308190396294
8,6,2,49,219,-2.2847455091280997,3.768347263889976
8,6,2,49,220,-2.3075904072626772,3.8002519789062132
8,6,2,49,221,-2.3305206852946068,3.8321421355169112
8,6,2,49,222,-2.3535358067415411,3.8640149187231603
8,6,2,49,223,-2.3766352373959632,3.8958675278299353
8,6,2,49,224,-2.3998184453799585,3.9276971771722344
8,6,2,49,225,-2.4230849011979361,3.9595010968353996
8,6,2,49,226,-2.4464340777870741,3.9912765333698612
8,6,2,49,227,-2.4698654505655782,4.0230207504995867
8,6,2,49,228,-2.4933784974787434,4.0547310298243238
8,6,2,49,229,-2.5169726990427632,4.0864046715152007
8,6,2,49,230,-2.5406475383862812,4.1180389950035954
8,6,2,49,231,-2.564402501289742,4.1496313396628652
8,6,2,49,232,-2.5882370762223825,4.1811790654829677
8,6,2,49,233,-2.6121507543770797,4.2126795537374138
8,6,2,49,234,-2.6361430297028141,4.2441302076426295
8,6,2,49,235,-2.6602133989349461,4.2755284530093141
8,6,2,49,236,-2.6843613616231221,4.3068717388857616
8,6,2,49,237,-2.7085864201570384,4.338157538192597
8,6,2,49,238,-2.7328880797898361,4.3693833483492011
8,6,2,49,239,-2.7572658486592019,4.400546691891261
8,6,2,49,240,-2.7817192378064179,4.4316451170792188
8,6,2,49,241,-2.8062477611928816,4.4626761984977756
8,6,2,49,242,-2.8308509357145906,4.4936375376459479
8,6,2,49,243,-2.8555282812144087,4.5245267635174393
8,6,2,49,244,-2.880279320491991,4.5553415331715783
8,6,2,49,245,-2.905103579311652,4.5860795322940549
8,6,2,49,246,-2.9300005864080383,4.6167384757477476
8,6,2,49,247,-2.9549698734896213,4.6473161081132561
8,6,2,49,248,-2.9800109752401216,4.6778102042190097
8,6,2,49,249,-3.0051234293177522,4.7082185696608523
8,6,2,49,250,-3.0303067763525871,4.7385390413107515
8,6,2,49,251,-3.0555605599416005,4.7687694878148585
8,6,2,49,252,-3.0808843266419803,4.7989078100803138
8,6,2,49,253,-3.1062776259623224,4.8289519417510194
8,6,2,49,254,-3.1317400103518969,4.8588998496720324
8,6,2,49,255,-3.1572710351880584,4.8887495343426322
8,6,2,49,256,-3.1828702587617497,4.9184990303576344
8,6,2,49,257,-3.2085372422612224,4.9481464068372141
8,6,2,49,258,-3.2342715497539256,4.9776897678448142
8,6,2,49,259,-3.2600727481666922,5.0071272527931558
8,6,2,49,260,-3.2859404072642318,5.0364570368382351
8,6,2,49,261,-3.3118740996259834,5.0656773312612007
8,6,2,49,262,-3.337873400621266,5.0947863838380316
8,6,2,49,263,-3.3639378883830395,5.1237824791968336
8,6,2,49,264,-3.3900671437800343,5.1526639391628297
8,6,2,49,265,-3.4162607503874787,5.1814291230907719
8,6,2,49,266,-3.4425182944564092,5.2100764281848431
8,6,2,49,267,-3.4688393648816316,5.2386042898059841
8,6,2,49,268,-3.4952235531684082,5.267011181766426
8,6,2,49,269,-3.5216704533978849,5.2952956166114982
8,6,2,49,270,-3.5481796621913086,5.3234561458886578
8,6,2,49,271,-3.5747507786731916,5.3514913604036236
8,6,2,49,272,-3.6013834044333004,5.3793998904636178
8,6,2,49,273,-3.6280771434877455,5.4071804061075843
8,6,2,49,274,-3.6548316022389948,5.4348316173235514
8,6,2,49,275,-3.6816463894351448,5.4623522742528161
8,6,2,49,276,-3.7085211161281273,5.4897411673812426
8,6,2,49,277,-3.7354553956314209,5.5169971277173016
8,6,2,49,278,-3.7624488434767622,5.5441190269572758
8,6,2,49,279,-3.7895010773704554,5.5711057776370891
8,6,2,49,280,-3.8166117171488545,5.5979563332712505
8,6,2,49,281,-3.8437803847334973,5.6246696884785647
8,6,2,49,282,-3.8710067040856111,5.651244879094822
8,6,2,49,283,-3.8982903011603343,5.6776809822723235
8,6,2,49,284,-3.9256308038604413,5.7039771165663584
8,6,2,49,285,-3.953027841989937,5.7301324420086646
8,6,2,49,286,-3.9804810472072183,5.7561461601676998
8,6,2,49,287,-4.0079900529782275,5.782017514196089
8,6,2,49,288,-4.0355544945293804,5.8077457888648736
8,6,2,49,289,-4.0631740088004964,5.8333303105850245
8,6,2,49,290,-4.0908482343976651,5.8587704474158366
8,6,2,49,291,-4.1185768115462098,5.8840656090606434
8,6,2,49,292,-4.1463593820437294,5.9092152468495671
8,6,2,49,293,-4.1741955892133529,5.934218853709547
8,6,2,49,294,-4.2020850778571486,5.959075964121749
8,6,2,49,295,-4.2300274942098426,5.9837861540661255
8,6,2,49,296,-4.2580224858928926,6.008349040953612
8,6,2,49,297,-4.2860697018688718,6.0327642835456858
8,6,2,49,298,-4.314168792396317,6.0570315818614802
8,6,2,49,299,-4.3423194089851016,6.0811506770726078
8,6,2,49,300,-4.3705212043522677,6.105121351385681
8,6,2,49,301,-4.3987738323784438,6.1289434279125228
8,6,2,49,302,-4.4270769480649452,6.1526167705285042
8,6,2,49,303,-4.4554302074915118,6.1761412837186311
8,6,2,49,304,-4.4838332677746893,6.1995169124118812
8,6,2,49,305,-4.5122857870271034,6.2227436418036435
8,6,2,49,306,-4.5407874243174273,6.2458214971664736
8,6,2,49,307,-4.5693378396312214,6.2687505436492401
8,6,2,49,308,-4.5979366938326605,6.2915308860647974
8,6,2,49,309,-4.6265836486271361,6.3141626686662091
8,6,2,49,310,-4.6552783665248789,6.3366460749118643
8,6,2,49,311,-4.6840205108055146,6.3589813272192126
8,6,2,49,312,-4.7128097454836144,6.3811686867077579
8,6,2,49,313,-4.7416457352753625,6.4032084529309836
8,6,2,49,314,-4.7705281455662831,6.4251009635974992
8,6,2,49,315,-4.7994566423800178,6.4468465942817605
8,6,2,49,316,-4.8284308923482957,6.4684457581240498
8,6,2,49,317,-4.8574505626820805,6.4898989055202998
8,6,2,49,318,-4.8865153211438193,6.5112065238015795
8,6,2,49,319,-4.9156248360209656,6.5323691369036343
8,6,2,49,320,-4.9447787761007165,6.5533873050263676
8,6,2,49,321,-4.9739768106459525,6.5742616242837197
8,6,2,49,322,-5.0032186093724835,6.5949927263437704
8,6,2,49,323,-5.0325038424275546,6.6155812780595209
8,6,2,49,324,-5.0618321803696409,6.6360279810902396
8,6,2,49,325,-5.0912032941495209,6.6563335715138257
8,6,2,49,326,-5.1206168550927353,6.6764988194299519
8,6,2,49,327,-5.1500725348832823,6.6965245285546953
8,6,2,49,328,-5.1795700055486336,6.7164115358062633
8,6,2,49,329,-5.2091089394462164,6.7361607108823192
8,6,2,49,330,-5.2386890092510905,6.7557729558290287
8,6,2,49,331,-5.2683098879450165,6.7752492046019377
8,6,2,49,332,-5.2979712488068822,6.7945904226188265
8,6,2,49,333,-5.3276727654044675,6.8137976063049139
8,6,2,49,334,-5.3574141115875387,6.8328717826301872
8,6,2,49,335,-5.3871949614822725,6.8518140086396091
8,6,2,49,336,-5.4170149894870177,6.8706253709758549
8,6,2,49,337,-5.4468738702694308,6.8893069853949687
8,6,2,49,338,-5.4767712787648248,6.9078599962753149
8,6,2,49,339,-5.5067068901759386,6.9262855761195423
8,6,2,49,340,-5.5366803799739515,6.9445849250503038
8,6,2,49,341,-5.5666914239007879,6.9627592702993981
8,6,2,49,342,-5.5967396979726853,6.9808098656910147
8,6,2,49,343,NaN,NaN
8,6,2,49,344,NaN,NaN
8,6,2,49,345,NaN,NaN
8,6,2,49,346,NaN,NaN
8,6,2,49,347,NaN,NaN
8,6,2,49,348,NaN,NaN
8,6,2,49,349,NaN,NaN
8,6,2,49,350,NaN,NaN
8,6,2,49,351,NaN,NaN
8,6,2,49,352,NaN,NaN
8,6,2,49,353,NaN,NaN
8,6,2,49,354,NaN,NaN
8,6,2,49,355,NaN,NaN
8,6,2,49,356,NaN,NaN
8,6,2,49,357,NaN,NaN
8,6,2,49,358,NaN,NaN
8,6,2,49,359,NaN,NaN
8,6,2,49,360,NaN,NaN
8,6,2,49,361,NaN,NaN
8,6,2,49,362,NaN,NaN
8,6,2,49,363,NaN,NaN
8,6,2,49,364,NaN,NaN
8,6,2,49,365,NaN,NaN
8,6,2,49,366,NaN,NaN
8,6,2,49,367,NaN,NaN
8,6,2,49,368,NaN,NaN
8,6,2,49,369,NaN,NaN
8,6,2,49,370,NaN,NaN
8,6,2,49,371,NaN,NaN
8,6,2,49,372,NaN,NaN
8,6,2,49,373,NaN,NaN
8,6,2,49,374,NaN,NaN
8,6,2,49,375,NaN,NaN
8,6,2,49,376,NaN,NaN
8,6,2,49,377,NaN,NaN
8,6,2,49,378,NaN,NaN
8,6,2,49,379,NaN,NaN
8,6,2,49,380,NaN,NaN
8,6,2,49,381,NaN,NaN
8,6,2,49,382,NaN,NaN
8,6,2,49,383,NaN,NaN
8,6,2,49,384,NaN,NaN
8,6,2,49,385,NaN,NaN
8,6,2,49,386,NaN,NaN
8,6,2,49,387,NaN,NaN
8,6,2,49,388,NaN,NaN
8,6,2,49,389,NaN,NaN
8,6,2,49,390,NaN,NaN
8,6,2,49,391,NaN,NaN
8,6,2,49,392,NaN,NaN
8,6,2,49,393,NaN,NaN
8,6,2,49,394,NaN,NaN
8,6,2,49,395,NaN,NaN
8,6,2,49,396,NaN,NaN
8,6,2,49,397,NaN,NaN
8,6,2,49,398,NaN,NaN
8,6,2,49,399,NaN,NaN
8,6,2,49,400,NaN,NaN
8,6,2,49,401,NaN,NaN
8,6,2,49,402,NaN,NaN
8,6,2,49,403,NaN,NaN
8,6,2,49,404,NaN,NaN
8,6,2,49,405,NaN,NaN
8,6,2,49,406,NaN,NaN
8,6,2,49,407,NaN,NaN
8,6,2,49,408,NaN,NaN
8,6,2,49,409,NaN,NaN
8,6,2,49,410,NaN,NaN
8,6,2,49,411,NaN,NaN
8,6,2,49,412,NaN,NaN
8,6,2,49,413,NaN,NaN
8,6,2,49,414,NaN,NaN
8,6,2,49,415,NaN,NaN
8,6,2,49,416,NaN,NaN
8,6,2,49,417,NaN,NaN
8,6,2,49,418,NaN,NaN
8,6,2,49,419,NaN,NaN
8,6,2,49,420,NaN,NaN
8,6,2,49,421,NaN,NaN
8,6,2,49,422,NaN,NaN
8,6,2,49,423,NaN,NaN
8,6,2,49,424,NaN,NaN
8,6,2,49,425,NaN,NaN
8,6,2,49,426,NaN,NaN
8,6,2,49,427,NaN,NaN
8,6,2,49,428,NaN,NaN
8,6,2,49,429,NaN,NaN
8,6,2,49,430,NaN,NaN
8,6,2,49,431,NaN,NaN
8,6,2,49,432,NaN,NaN
8,6,2,49,433,NaN,NaN
8,6,2,49,434,NaN,NaN
8,6,2,49,435,NaN,NaN
8,6,2,49,436,NaN,NaN
8,6,2,49,437,NaN,NaN
8,6,2,49,438,NaN,NaN
8,6,2,49,439,NaN,NaN
8,6,2,49,440,NaN,NaN
8,6,2,49,441,NaN,NaN
8,6,2,49,442,NaN,NaN
8,6,2,49,443,NaN,NaN
8,6,2,49,444,NaN,NaN
8,6,2,49,445,NaN,NaN
8,6,2,49,446,NaN,NaN
8,6,2,49,447,NaN,NaN
8,6,2,49,448,NaN,NaN
8,6,2,49,449,NaN,NaN
8,6,2,49,450,NaN,NaN
8,6,2,49,451,NaN,NaN
8,6,2,49,452,NaN,NaN
8,6,2,49,453,NaN,NaN
8,6,2,49,454,NaN,NaN
8,6,2,49,455,NaN,NaN
8,6,2,49,456,NaN,NaN
8,6,2,49,457,NaN,NaN
8,6,2,49,458,NaN,NaN
8,6,2,49,459,NaN,NaN
8,6,2,49,460,NaN,NaN
8,6,2,49,461,NaN,NaN
8,6,2,49,462,NaN,NaN
8,6,2,49,463,NaN,NaN
8,6,2,49,464,NaN,NaN
8,6,2,49,465,NaN,NaN
8,6,2,49,466,NaN,NaN
8,6,2,49,467,NaN,NaN
8,6,2,49,468,NaN,NaN
8,6,2,49,469,NaN,NaN
8,6,2,49,470,NaN,NaN
8,6,2,49,471,NaN,NaN
8,6,2,49,472,NaN,NaN
8,6,2,49,473,NaN,NaN
8,6,2,49,474,NaN,NaN
8,6,2,49,475,NaN,NaN
8,6,2,49,476,NaN,NaN
8,6,2,49,477,NaN,NaN
8,6,2,49,478,NaN,NaN
8,6,2,49,479,NaN,NaN
8,6,2,49,480,NaN,NaN
8,6,2,49,481,NaN,NaN
8,6,2,49,482,NaN,NaN
8,6,2,49,483,NaN,NaN
8,6,2,49,484,NaN,NaN
8,6,2,49,485,NaN,NaN
8,6,2,49,486,NaN,NaN
8,6,2,49,487,NaN,NaN
8,6,2,49,488,NaN,NaN
8,6,2,49,489,NaN,NaN
8,6,2,49,490,NaN,NaN
8,6,2,49,491,NaN,NaN
8,6,2,49,492,NaN,NaN
8,6,2,49,493,NaN,NaN
8,6,2,49,494,NaN,NaN
8,6,2,49,495,NaN,NaN
8,6,2,49,496,NaN,NaN
8,6,2,49,497,NaN,NaN
8,6,2,49,498,NaN,NaN
8,6,2,49,499,NaN,NaN
8,6,2,49,500,NaN,NaN
8,6,2,49,501,NaN,NaN
8,6,2,49,502,NaN,NaN
8,6,2,49,503,NaN,NaN
8,6,2,49,504,NaN,NaN
8,6,2,49,505,NaN,NaN
8,6,2,49,506,NaN,NaN
8,6,2,49,507,NaN,NaN
8,6,2,49,508,NaN,NaN
8,6,2,49,509,NaN,NaN
8,6,2,49,510,NaN,NaN
8,6,2,49,511,NaN,NaN
8,6,2,49,512,NaN,NaN
8,6,2,49,513,NaN,NaN
8,6,2,49,514,NaN,NaN
8,6,2,49,515,NaN,NaN
8,6,2,49,516,NaN,NaN
8,6,2,49,517,NaN,NaN
8,6,2,49,518,NaN,NaN
8,6,2,49,519,NaN,NaN
8,6,2,49,520,NaN,NaN
8,6,2,49,521,NaN,NaN
8,6,2,49,522,NaN,NaN
8,6,2,49,523,NaN,NaN
8,6,2,49,524,NaN,NaN
8,6,2,49,525,NaN,NaN
8,6,2,49,526,NaN,NaN
8,6,2,49,527,NaN,NaN
8,6,2,49,528,NaN,NaN
8,6,2,49,529,NaN,NaN
8,6,2,49,530,NaN,NaN
8,6,2,49,531,NaN,NaN
8,6,2,49,532,NaN,NaN
8,6,2,49,533,NaN,NaN
8,6,2,49,534,NaN,NaN
8,6,2,49,535,NaN,NaN
8,6,2,49,536,NaN,NaN
8,6,2,49,537,NaN,NaN
8,6,2,49,538,NaN,NaN
8,6,2,49,539,NaN,NaN
8,6,2,49,540,NaN,NaN
8,6,2,49,541,NaN,NaN
8,6,2,49,542,NaN,NaN
8,6,2,49,543,NaN,NaN
8,6,2,49,544,NaN,NaN
8,6,2,49,545,NaN,NaN
8,6,2,49,546,NaN,NaN
8,6,2,49,547,NaN,NaN
8,6,2,49,548,NaN,NaN
8,6,2,49,549,NaN,NaN
8,6,2,49,550,NaN,NaN
8,6,2,49,551,NaN,NaN
8,6,2,49,552,NaN,NaN
8,6,2,49,553,NaN,NaN
8,6,2,49,554,NaN,NaN
8,6,2,49,555,NaN,NaN
8,6,2,49,556,NaN,NaN
8,6,2,49,557,NaN,NaN
8,6,2,49,558,NaN,NaN
8,6,2,49,559,NaN,NaN
8,6,2,49,560,NaN,NaN
8,6,2,49,561,NaN,NaN
8,6,2,49,562,NaN,NaN
8,6,2,49,563,NaN,NaN
8,6,2,49,564,NaN,NaN
8,6,2,49,565,NaN,NaN
8,6,2,49,566,NaN,NaN
8,6,2,49,567,NaN,NaN
8,6,2,49,568,NaN,NaN
8,6,2,49,569,NaN,NaN
8,6,2,49,570,NaN,NaN
8,6,2,49,571,NaN,NaN
8,6,2,49,572,NaN,NaN
8,6,2,49,573,NaN,NaN
8,6,2,49,574,NaN,NaN
8,6,2,49,575,NaN,NaN
8,6,2,49,576,NaN,NaN
8,6,2,49,577,NaN,NaN
8,6,2,49,578,NaN,NaN
8,6,2,49,579,NaN,NaN
8,6,2,49,580,NaN,NaN
8,6,2,49,581,NaN,NaN
8,6,2,49,582,NaN,NaN
8,6,2,49,583,NaN,NaN
8,6,2,49,584,NaN,NaN
8,6,2,49,585,NaN,NaN
8,6,2,49,586,NaN,NaN
8,6,2,49,587,NaN,NaN
8,6,2,49,588,NaN,NaN
8,6,2,49,589,NaN,NaN
8,6,2,49,590,NaN,NaN
8,6,2,49,591,NaN,NaN
8,6,2,49,592,NaN,NaN
8,6,2,49,593,NaN,NaN
8,6,2,49,594,NaN,NaN
8,6,2,49,595,NaN,NaN
8,6,2,49,596,NaN,NaN
8,6,2,49,597,NaN,NaN
8,6,2,49,598,NaN,NaN
8,6,2,49,599,NaN,NaN
8,6,2,9,0,0,0
8,6,2,9,1,0,0
8,6,2,9,2,-1.8378625005199822e-05,1.5300777869708959e-05
8,6,2,9,3,-5.6725286978753786e-05,4.8319847709143993e-05
8,6,2,9,4,-0.0001166486901849062,0.00010138534264902965
8,6,2,9,5,-0.00019977296465412131,0.00017674324347682902
8,6,2,9,6,-0.00030773408611350916,0.00027656405168496878
8,6,2,9,7,-0.00044217656207101719,0.00040294894702863626
8,6,2,9,8,-0.00060475036540164062,0.00055793546618887468
8,6,2,9,9,-0.0007971080977220435,0.00074350273712442405
8,6,2,9,10,-0.0010209023665774808,0.00096157630058990584
8,6,2,9,11,-0.0012777833613863976,0.0012140325486603709
8,6,2,9,12,-0.0015693966140317706,0.0015027028075098592
8,6,2,9,13,-0.0018973809313982404,0.0018293770899596717
8,6,2,9,14,-0.0022632760045993017,0.0021959203485050205
8,6,2,9,15,-0.002668570784919444,0.0026042125639141878
8,6,2,9,16,-0.0031147349670967994,0.0030561102648429816
8,6,2,9,17,-0.0036032183900580605,0.0035534480608723218
8,6,2,9,18,-0.004135450493802928,0.0040980400337203848
8,6,2,9,19,-0.0047128398286633288,0.0046916809969738127
8,6,2,9,20,-0.005336773613806578,0.0053361476334196078
8,6,2,9,21,-0.0060085805542287041,0.0060332543796809412
8,6,2,9,22,-0.0067295410010215218,0.0067848394389918854
8,6,2,9,23,-0.0075009109205603774,0.007592729586014535
8,6,2,9,24,-0.0083239218238551071,0.0084587405875635735
8,6,2,9,25,-0.0091997807135590914,0.0093846775611999833
8,6,2,9,26,-0.01012967004770382,0.010372335276404021
8,6,2,9,27,-0.011114747719392915,0.011423498402302057
8,6,2,9,28,-0.012156147051711752,0.012539941705785873
8,6,2,9,29,-0.013254976807036689,0.013723430203824161
8,6,2,9,30,-0.014412321210194312,0.01497571927315533
8,6,2,9,31,-0.015629239984710219,0.016298554720453606
8,6,2,9,32,-0.016906768401703243,0.017693672816077033
8,6,2,9,33,-0.01824591734067571,0.019162800293839877
8,6,2,9,34,-0.019647673361777862,0.020707654319632174
8,6,2,9,35,-0.021112998789069026,0.022329942430893146
8,6,2,9,36,-0.022642831804137176,0.024031362449558613
8,6,2,9,37,-0.024238086549832616,0.025813602370058919
8,6,2,9,38,-0.025899653243482978,0.027678340224693287
8,6,2,9,39,-0.027628398299339718,0.02962724392787941
8,6,2,9,40,-0.029425164459723208,0.031661971101107356
8,6,2,9,41,-0.03129077093461663,0.033784168880002241
8,6,2,9,42,-0.033226013549225719,0.035995473705169312
8,6,2,9,43,-0.035231664899282311,0.038297511097890036
8,6,2,9,44,-0.037308474513636503,0.040691895422165225
8,6,2,9,45,-0.039457169023943139,0.043180229634243172
8,6,2,9,46,-0.041678452341009642,0.045764105020576484
8,6,2,9,47,-0.043973005837655288,0.048445100925489926
8,6,2,9,48,-0.046341488537643416,0.051224784469391937
8,6,2,9,49,-0.048784537310486709,0.054104710258426336
8,6,2,9,50,-0.051302767071975675,0.057086420086407963
8,6,2,9,51,-0.053896770989841913,0.060171442630033156
8,6,2,9,52,-0.056567120694711592,0.063361293137798036
8,6,2,9,53,-0.059314366495799575,0.066657473113609922
8,6,2,9,54,-0.062139037601238734,0.070061469995558179
8,6,2,9,55,-0.065041642342822392,0.07357475683059389
8,6,2,9,56,-0.068022668404860154,0.077198791945634615
8,6,2,9,57,-0.071082583056991666,0.080935018615654886
8,6,2,9,58,-0.074221833390691883,0.084784864729370302
8,6,2,9,59,-0.077440846559340137,0.088749742452731706
8,6,2,9,60,-0.080740030021536624,0.092831047891125951
8,6,2,9,61,-0.084119771787583009,0.097030160750283256
8,6,2,9,62,-0.087580440668766357,0.10134844399661835
8,6,2,9,63,-0.091122386529496335,0.10578724351713309
8,6,2,9,64,-0.094745940541829388,0.11034788777956328
8,6,2,9,65,-0.098451415442402102,0.11503168749280868
8,6,2,9,66,-0.1022391057915184,0.11983993526811787
8,6,2,9,67,-0.10610928823417964,0.12477390528141674
8,6,2,9,68,-0.110062221762941,0.12983485293689701
8,6,2,9,69,-0.11409814798236106,0.1350240145323589
8,6,2,9,70,-0.11821729137491688,0.14034260692633305
8,6,2,9,71,-0.1224198595682624,0.1457918272075226
8,6,2,9,72,-0.12670604360350279,0.15137285236654363
8,6,2,9,73,-0.13107601820453452,0.15708683897034115
8,6,2,9,74,-0.13552994204814039,0.16293492283958322
8,6,2,9,75,-0.1400679580347175,0.16891821872903889
8,6,2,9,76,-0.14469019355957125,0.17503782001124513
8,6,2,9,77,-0.1493967607844926,0.18129479836382079
8,6,2,9,78,-0.15418775690954067,0.18769020346025289
8,6,2,9,79,-0.15906326444498076,0.19422506266472961
8,6,2,9,80,-0.16402335148296698,0.20090038073095895
8,6,2,9,81,-0.16906807196917506,0.20771713950514803
8,6,2,9,82,-0.17419746597397978,0.21467629763345375
8,6,2,9,83,-0.17941155996316072,0.22177879027389102
8,6,2,9,84,-0.18471036706804722,0.22902552881297333
8,6,2,9,85,-0.19009388735483634,0.23641740058713834
8,6,2,9,86,-0.19556210809308361,0.24395526860923056
8,6,2,9,87,-0.2011150040232168,0.25163997130000226
8,6,2,9,88,-0.20675253762293955,0.25947232222491845
8,6,2,9,89,-0.21247465937240806,0.26745310983627146
8,6,2,9,90,-0.21828130801806456,0.27558309722087726
8,6,2,9,91,-0.22417241083502737,0.283863021853345
8,6,2,9,92,-0.23014788388798224,0.29229359535505595
8,6,2,9,93,-0.23620763229035835,0.30087550325905432
8,6,2,9,94,-0.24235155046177792,0.30960940478085841
8,6,2,9,95,-0.24857952238370173,0.31849593259529463
8,6,2,9,96,-0.25489142185305402,0.32753569261966264
8,6,2,9,97,-0.26128711273388228,0.3367292638029401
8,6,2,9,98,-0.26776644920685766,0.34607719792157376
8,6,2,9,99,-0.2743292760165883,0.35558001938167383
8,6,2,9,100,-0.28097542871664549,0.36523822502768366
8,6,2,9,101,-0.28770473391220297,0.37505228395781354
8,6,2,9,102,-0.29451700950029469,0.38502263734618569
8,6,2,9,103,-0.30141206490748584,0.39514969827178781
8,6,2,9,104,-0.30838970132497923,0.40543385155434597
8,6,2,9,105,-0.31544971194114035,0.41587545359721145
8,6,2,9,106,-0.3225918821712026,0.42647483223729743
8,6,2,9,107,-0.32981598988426897,0.43723228660219882
8,6,2,9,108,-0.33712180562747718,0.44814808697448416
8,6,2,9,109,-0.34450909284726161,0.45922247466327615
8,6,2,9,110,-0.35197760810769529,0.47045566188328725
8,6,2,9,111,-0.35952710130578436,0.48184783164122169
8,6,2,9,112,-0.3671573158838537,0.49339913762963539
8,6,2,9,113,-0.3748679890387685,0.50510970412842304
8,6,2,9,114,-0.38265885192801385,0.51697962591391589
8,6,2,9,115,-0.39052962987273787,0.52900896817561216
8,6,2,9,116,-0.39848004255749192,0.54119776644071249
8,6,2,9,117,-0.40650980422683447,0.55354602650632412
8,6,2,9,118,-0.41461862387865422,0.56605372437967816
8,6,2,9,119,-0.42280620545421255,0.5787208062260657
8,6,2,9,120,-0.43107224802493849,0.59154718832475639
8,6,2,9,121,-0.43941644597585983,0.60453275703300779
8,6,2,9,122,-0.44783848918568681,0.61767736875788792
8,6,2,9,123,-0.45633806320362069,0.63098084993638281
8,6,2,9,124,-0.46491484942275951,0.64444299702335617
8,6,2,9,125,-0.4735685252500621,0.6580635764878745
8,6,2,9,126,-0.48229876427308693,0.67184232481751482
8,6,2,9,127,-0.49110523642317272,0.68577894853096011
8,6,2,9,128,-0.49998760813534382,0.69987312419881598
8,6,2,9,129,-0.50894554250477397,0.71412449847256809
8,6,2,9,130,-0.51797869943986385,0.72853268812191063
8,6,2,9,131,-0.52708673581194354,0.74309728008034037
8,6,2,9,132,-0.53626930560156105,0.75781783149897752
8,6,2,9,133,-0.54552606004141801,0.7726938698087632
8,6,2,9,134,-0.55485664775594135,0.78772489279100855
8,6,2,9,135,-0.5642607148974299,0.8029103686561706
8,6,2,9,136,-0.57373790527897595,0.81824973613104923
8,6,2,9,137,-0.58328786050390602,0.83374240455431625
8,6,2,9,138,-0.59291022009202998,0.8493877539803435
8,6,2,9,139,-0.60260462160251493,0.86518513529140473
8,6,2,9,140,-0.61237070075353395,0.88113387031817647
8,6,2,9,141,-0.62220809153856194,0.8972332519686127
8,6,2,9,142,-0.63211642633955734,0.91348254436507681
8,6,2,9,143,-0.64209533603681312,0.92988098298976418
8,6,2,9,144,-0.65214445011571587,0.94642777483846807
8,6,2,9,145,-0.66226339677021295,0.9631220985825667
8,6,2,9,146,-0.67245180300329888,0.97996310473920378
8,6,2,9,147,-0.68270929472425412,0.99694991584974857
8,6,2,9,148,-0.69303549684289201,1.0140816266664021
8,6,2,9,149,-0.70343003336069687,1.0313573043469111
8,6,2,9,150,-0.71389252745898135,1.0487759886575299
8,6,2,9,151,-0.72442260158402383,1.0663366921838446
8,6,2,9,152,-0.73501987752928044,1.0840384005498445
8,6,2,9,153,-0.74568397651463281,1.1018800726448315
8,6,2,9,154,-0.75641451926282688,1.1198606408583527
8,6,2,9,155,-0.7672111260729475,1.1379790113229704
8,6,2,9,156,-0.77807341689118958,1.1562340641648934
8,6,2,9,157,-0.78900101137876488,1.1746246537624376
8,6,2,9,158,-0.79999352897710541,1.1931496090120981
8,6,2,9,159,-0.81105058897033566,1.2118077336023907
8,6,2,9,160,-0.82217181054511368,1.2305978062951946
8,6,2,9,161,-0.83335681284779639,1.2495185812147063
8,6,2,9,162,-0.84460521503903485,1.2685687881437895
8,6,2,9,163,-0.85591663634581594,1.2877471328277186
8,6,2,9,164,-0.86729069611098386,1.3070522972852077
8,6,2,9,165,-0.87872701384027474,1.3264829401267109
8,6,2,9,166,-0.89022520924692539,1.346037696879812
8,6,2,9,167,-0.90178490229386177,1.3657151803217
8,6,2,9,168,-0.91340571323358932,1.3855139808185508
8,6,2,9,169,-0.92508726264567409,1.4054326666718326
8,6,2,9,170,-0.93682917147199229,1.4254697844714252
8,6,2,9,171,-0.94863106104975392,1.4456238594552944
8,6,2,9,172,-0.96049255314229476,1.4658933958758418
8,6,2,9,173,-0.97241326996767019,1.4862768773727413
8,6,2,9,174,-0.98439283422525059,1.5067727673520244
8,6,2,9,175,-0.99643086912005185,1.5273795093716265
8,6,2,9,176,-1.0085269983851897,1.548095527532853
8,6,2,9,177,-1.0206808463022188,1.5689192268780239
8,6,2,9,178,-1.0328920377195239,1.5898489937940878
8,6,2,9,179,-1.0451601980688063,1.6108831964218444
8,6,2,9,180,-1.0574849533796671,1.6320201850710148
8,6,2,9,181,-1.0698659302923019,1.6532582926408383
8,6,2,9,182,-1.0823027560684428,1.6745958350459944
8,6,2,9,183,-1.0947950586004507,1.696031111647986
8,6,2,9,184,-1.1073424664187148,1.7175624056915444
8,6,2,9,185,-1.1199446086973042,1.7391879847461795
8,6,2,9,186,-1.1326011152579973,1.7609061011526013
8,6,2,9,187,-1.1453116165726307,1.7827149924738412
8,6,2,9,188,-1.1580757437639033,1.8046128819511202
8,6,2,9,189,-1.1708931286045277,1.8265979789640925
8,6,2,9,190,-1.1837634035149813,1.8486684794955162
8,6,2,9,191,-1.1966862015596713,1.8708225665999971
8,6,2,9,192,-1.2096611564416215,1.8930584108769772
8,6,2,9,193,-1.2226879024958837,1.9153741709474232
8,6,2,9,194,-1.2357660746813659,1.9377679939344334
8,6,2,9,195,-1.2488953085714793,1.9602380159472466
8,6,2,9,196,-1.2620752403433244,1.9827823625689271
8,6,2,9,197,-1.2753055067656949,2.0053991493471783
8,6,2,9,198,-1.2885857451857941,2.0280864822882938
8,6,2,9,199,-1.3019155935146853,2.0508424583542046
8,6,2,9,200,-1.3152946902116602,2.0736651659621934
8,6,2,9,201,-1.3287226742672686,2.0965526854874099
8,6,2,9,202,-1.3421991851854886,2.1195030897677074
8,6,2,9,203,-1.3557238629645474,2.1425144446109794
8,6,2,9,204,-1.3692963480768428,2.1655848093045633
8,6,2,9,205,-1.3829162814477991,2.1887122371266581
8,6,2,9,206,-1.3965833044336629,2.2118947758596379
8,6,2,9,207,-1.4102970587984764,2.2351304683049662
8,6,2,9,208,-1.4240571866899365,2.2584173527996021
8,6,2,9,209,-1.4378633306145139,2.2817534637338905
8,6,2,9,210,-1.4517151334116019,2.3051368320703784
8,6,2,9,211,-1.4656122382268932,2.32856548586384
8,6,2,9,212,-1.4795542884848634,2.3520374507820323
8,6,2,9,213,-1.4935409278605594,2.3755507506271338
8,6,2,9,214,-1.5075718002505845,2.399103407857667
8,6,2,9,215,-1.5216465497434273,2.4226934441107324
8,6,2,9,216,-1.5357648205890251,2.446318880724399
8,6,2,9,217,-1.5499262571677219,2.4699777392601208
8,6,2,9,218,-1.5641305039585995,2.4936680420248352
8,6,2,9,219,-1.5783772055072198,2.5173878125928502
8,6,2,9,220,-1.5926660063927844,2.5411350763270999
8,6,2,9,221,-1.6069965511947282,2.5649078608997149
8,6,2,9,222,-1.6213684844589349,2.5887041968117726
8,6,2,9,223,-1.6357814506633039,2.6125221179119391
8,6,2,9,224,-1.650235094183039,2.6363596619139145
8,6,2,9,225,-1.6647290592554376,2.6602148709125388
8,6,2,9,226,-1.6792629899443301,2.6840857918983079
8,6,2,9,227,-1.6938365301041147,2.7079704772702691
8,6,2,9,228,-1.7084493233436415,2.7318669853467843
8,6,2,9,229,-1.7231010129895363,2.7557733808746514
8,6,2,9,230,-1.73779124204958,2.779687735535616
8,6,2,9,231,-1.7525196531756326,2.8036081284507741
8,6,2,9,232,-1.7672858886264575,2.8275326466823318
8,6,2,9,233,-1.7820895902304068,2.8514593857326216
8,6,2,9,234,-1.7969303993479402,2.8753864500404265
8,6,2,9,235,-1.8118079568340606,2.8993119534740512
8,6,2,9,236,-1.8267219030006443,2.9232340198214719
8,6,2,9,237,-1.8416718775788821,2.9471507832769279
8,6,2,9,238,-1.8566575196815205,2.971060388924132
8,6,2,9,239,-1.871678467765292,2.9949609932158561
8,6,2,9,240,-1.8867343595933395,3.0188507644496569
8,6,2,9,241,-1.9018248321977627,3.0427278832397016
8,6,2,9,242,-1.9169495218422761,3.0665905429844513
8,6,2,9,243,-1.9321080639850885,3.0904369503301501
8,6,2,9,244,-1.9473000932418605,3.114265325629864
8,6,2,9,245,-1.9625252433490503,3.1380739033980114
8,6,2,9,246,-1.9777831471273932,3.1618609327602769
8,6,2,9,247,-1.993073436445697,3.1856246778985966
8,6,2,9,248,-2.0083957421850762,3.2093634184912179
8,6,2,9,249,-2.0237496942033859,3.233075450147707
8,6,2,9,250,-2.0391349213001844,3.2567590848386896
8,6,2,9,251,-2.0545510511820075,3.280412651320272
8,6,2,9,252,-2.0699977104282397,3.3040344955528518
8,6,2,9,253,-2.0854745244573705,3.3276229811144282
8,6,2,9,254,-2.1009811174938111,3.3511764896081542
8,6,2,9,255,-2.1165171125352877,3.374693421063943
8,6,2,9,256,-2.1320821313208338,3.398172194334101
8,6,2,9,257,-2.147675794299353,3.4216112474828613
8,6,2,9,258,-2.1632977205989281,3.4450090381697689
8,6,2,9,259,-2.1789475279967552,3.4683640440264978
8,6,2,9,260,-2.1946248328898132,3.4916747630274942
8,6,2,9,261,-2.2103292502663239,3.5149397138537402
8,6,2,9,262,-2.2260603936779813,3.5381574362501471
8,6,2,9,263,-2.2418178752129925,3.5613264913759184
8,6,2,9,264,-2.2576013054699526,3.5844454621481754
8,6,2,9,265,-2.2734102935327014,3.6075129535785786
8,6,2,9,266,-2.2892444469459425,3.6305275931027698
8,6,2,9,267,-2.3051033716919522,3.6534880309027713
8,6,2,9,268,-2.3209866721681847,3.676392940222037
8,6,2,9,269,-2.3368939511659246,3.6992410176731632
8,6,2,9,270,-2.3528248098499125,3.7220309835381409
8,6,2,9,271,-2.3687788477391392,3.7447615820611428
8,6,2,9,272,-2.3847556626886202,3.7674315817336406
8,6,2,9,273,-2.4007548508724161,3.79003977557181
8,6,2,9,274,-2.4167760067676958,3.8125849813862467
8,6,2,9,275,-2.4328187231400511,3.8350660420438305
8,6,2,9,276,-2.4488825910299603,3.8574818257216674
8,6,2,9,277,-2.4649671997405642,3.8798312261530103
8,6,2,9,278,-2.4810721368266178,3.9021131628652923
8,6,2,9,279,-2.4971969880847822,3.9243265814098565
8,6,2,9,280,-2.5133413375452052,3.9464704535837254
8,6,2,9,281,-2.5295047674644131,3.9685437776430548
8,6,2,9,282,-2.545686858319657,3.9905455785082977
8,6,2,9,283,-2.5618871888044517,4.0124749079611748
8,6,2,9,284,-2.5781053358257475,4.0343308448331419
8,6,2,9,285,-2.5943408745023211,4.0561124951855847
8,6,2,9,286,-2.6105933781647215,4.0778189924814994
8,6,2,9,287,-2.626862418356696,4.0994494977486307
8,6,2,9,288,-2.6431475648379834,4.1210031997342496
8,6,2,9,289,-2.6594483855887363,4.1424793150512205
8,6,2,9,290,-2.6757644468153874,4.1638770883156289
8,6,2,9,291,-2.6920953129580316,4.1851957922756835
8,6,2,9,292,-2.7084405466994586,4.2064347279320708
8,6,2,9,293,-2.7247997089756337,4.2275932246495698
8,6,2,9,294,-2.7411723589878036,4.2486706402601966
8,6,2,9,295,-2.7575580542162248,4.2696663611573786
8,6,2,9,296,-2.7739563504354359,4.2905798023816972
8,6,2,9,297,-2.7903668017311589,4.3114104076978164
8,6,2,9,298,-2.8067889605188743,4.3321576496626353
8,6,2,9,299,-2.8232223775639556,4.3528210296848533
8,6,2,9,300,-2.8396666020034935,4.3734000780758118
8,6,2,9,301,-2.8561211813696916,4.3938943540915458
8,6,2,9,302,-2.8725856616150622,4.4143034459661976
8,6,2,9,303,-2.8890595871390925,4.4346269709367254
8,6,2,9,304,-2.9055425008167104,4.4548645752589326
8,6,2,9,305,-2.9220339440283793,4.4750159342147908
8,6,2,9,306,-2.9385334566917889,4.4950807521112104
8,6,2,9,307,-2.955040577295315,4.5150587622700495
8,6,2,9,308,-2.9715548429330663,4.5349497270096322
8,6,2,9,309,-2.9880757893416154,4.5547534376176122
8,6,2,9,310,-3.0046029509384287,4.574469714315299
8,6,2,9,311,-3.0211358608618735,4.5940984062134813
8,6,2,9,312,-3.0376740510129343,4.6136393912597331
8,6,2,9,313,-3.054217052098557,4.6330925761773081
8,6,2,9,314,-3.0707643936766393,4.6524578963955481
8,6,2,9,315,-3.087315604202634,4.6717353159719783
8,6,2,9,316,-3.1038702110777585,4.6909248275060964
8,6,2,9,317,-3.1204277406988776,4.710026452044783
8,6,2,9,318,-3.1369877185098649,4.7290402389795956
8,6,2,9,319,-3.1535496690547116,4.7479662659357738
8,6,2,9,320,-3.1701131160320251,4.7668046386532463
8,6,2,9,321,-3.1866775823512716,4.7855554908594025
8,6,2,9,322,-3.2032425901903636,4.804218984134037
8,6,2,9,323,-3.2198076610549355,4.822795307766234
8,6,2,9,324,-3.2363723158390312,4.8412846786033805
8,6,2,9,325,-3.252936074887308,4.8596873408924015
8,6,2,9,326,-3.2694984580586839,4.8780035661132759
8,6,2,9,327,-3.2860589847914956,4.8962336528047574
8,6,2,9,328,-3.3026171741699919,4.9143779263826044
8,6,2,9,329,-3.319172544992266,4.9324367389503525
8,6,2,9,330,-3.3357246158395917,4.9504104691024144
8,6,2,9,331,-3.352272905147069,4.9682995217200459
8,6,2,9,332,-3.3688169312756147,4.9861043277599357
8,6,2,9,333,-3.3853562125852497,5.0038253440355644
8,6,2,9,334,-3.4018902675096552,5.0214630529915736
8,6,2,9,335,-3.4184186146319684,5.0390179624709877
8,6,2,9,336,-3.4349407727618022,5.0564906054756245
8,6,2,9,337,-3.4514562610134858,5.0738815399195394
8,6,2,9,338,-3.4679645988853092,5.0911913483759479
8,6,2,9,339,-3.4844653063401179,5.1084206378172654
8,6,2,9,340,-3.5009579038867864,5.1255700393488119
8,6,2,9,341,-3.5174419126628944,5.1426402079359308
8,6,2,9,342,-3.5339168545183099,5.1596318221249131
8,6,2,9,343,-3.5503822520998818,5.1765455837575667
8,6,2,9,344,-3.5668376289369528,5.1933822176797619
8,6,2,9,345,-3.5832825095279186,5.2101424714438984
8,6,2,9,346,-3.5997164194275455,5.2268271150055918
8,6,2,9,347,-3.6161388853352125,5.2434369404144112
8,6,2,9,348,-3.632549435183968,5.2599727614990179
8,6,2,9,349,-3.648947598230273,5.2764354135468237
8,6,2,9,350,-3.6653329051445471,5.2928257529781
8,6,2,9,351,-3.6817048881023942,5.3091446570148166
8,6,2,9,352,-3.6980630808764401,5.3253930233442688
8,6,2,9,353,-3.7144070189288114,5.3415717697776453
8,6,2,9,354,-3.7307362395042065,5.3576818339036461
8,6,2,9,355,-3.7470502817234408,5.3737241727372345
8,6,2,9,356,-3.7633486866775478,5.3896997623636835
8,6,2,9,357,-3.7796309975222653,5.4056095975781284
8,6,2,9,358,-3.7958967595729751,5.4214546915205855
8,6,2,9,359,-3.8121455203999952,5.4372360753066697
8,6,2,9,360,-3.8283768299241849,5.4529547976541553
8,6,2,9,361,-3.8445902405128463,5.4686119245054927
8,6,2,9,362,-3.8607853070758646,5.4842085386463593
8,6,2,9,363,-3.8769615871620369,5.4997457393203968
8,6,2,9,364,-3.893118641055604,5.5152246418404074
8,6,2,9,365,-3.9092560318727876,5.5306463771959722
8,6,2,9,366,-3.925373325658521,5.5460120916576452
8,6,2,9,367,-3.9414700914831622,5.5613229463779748
8,6,2,9,368,-3.9575459015391612,5.576580116989402
8,6,2,9,369,-3.9736003312377144,5.5917847931991922
8,6,2,9,370,-3.9896329593053226,5.6069381783815793
8,6,2,9,371,-4.005643367880185,5.6220414891671258
8,6,2,9,372,-4.0216311426084284,5.6370959550296886
8,6,2,9,373,-4.037595872740118,5.6521028178708992
8,6,2,9,374,-4.0535371512250009,5.6670633316023373
8,6,2,9,375,-4.0694545748079571,5.6819787617257731
8,6,2,9,376,-4.0853477441240402,5.6968503849112313
8,6,2,9,377,-4.1012162637932779,5.7116794885733766
8,6,2,9,378,-4.1170597425148614,5.7264673704461613
8,6,2,9,379,-4.1328777931610441,5.7412153381559001
8,6,2,9,380,-4.1486700328703936,5.7559247087931062
8,6,2,9,381,-4.1644360831405987,5.7705968084828339
8,6,2,9,382,-4.18017556992063,5.7852329719541764
8,6,2,9,383,-4.1958881237023178,5.7998345421086315
8,6,2,9,384,-4.2115733796113002,5.8144028695876839
8,6,2,9,385,-4.2272309774971095,5.8289393123398838
8,6,2,9,386,-4.2428605620227824,5.8434452351871089
8,6,2,9,387,-4.2584617827534865,5.8579220093907232
8,6,2,9,388,-4.2740342942444389,5.8723710122173784
8,6,2,9,389,-4.2895777561279766,5.8867936265047245
8,6,2,9,390,-4.3050918331997092,5.9011912402271856
8,6,2,9,391,-4.3205761955037838,5.9155652460620463
8,6,2,9,392,-4.3360305184172496,5.9299170409556874
8,6,2,9,393,-4.351454482733347,5.9442480256904604
8,6,2,9,394,-4.3668477747438983,5.9585596044521765
8,6,2,9,395,-4.3822100863205709,5.9728531843982555
8,6,2,9,396,-4.3975411149950627,5.9871301752269925
8,6,2,9,397,-4.4128405640382953,6.0013919887476481
8,6,2,9,398,-4.4281081425383171,6.0156400384519495
8,6,2,9,399,-4.4433435654771429,6.0298757390868012
8,6,2,9,400,-4.458546553806392,6.0441005062284532
8,6,2,9,401,-4.473716834521646,6.0583157558584597
8,6,2,9,402,-4.4888541407356488,6.0725229039411213
8,6,2,9,403,-4.5039582117501364,6.0867233660030688
8,6,2,9,404,-4.5190287931264397,6.1009185567147268
8,6,2,9,405,-4.5340656367547307,6.1151098894739269
8,6,2,9,406,-4.5490685009218659,6.1292987759919679
8,6,2,9,407,-4.5640371503779917,6.1434866258818808
8,6,2,9,408,-4.5789713564015955,6.157674846249436
8,6,2,9,409,-4.5938708968632227,6.1718648412867196
8,6,2,9,410,-4.6087355562877521,6.1860580118685862
8,6,2,9,411,-4.6235651259151576,6.2002557551520372
8,6,2,9,412,-4.6383594037598117,6.2144594641787263
8,6,2,9,413,-4.6531181946683322,6.2286705274804257
8,6,2,9,414,-4.6678413103757812,6.2428903286882189
8,6,2,9,415,-4.6825285695604677,6.2571202461447397
8,6,2,9,416,-4.6971797978970722,6.2713616525202047
8,6,2,9,417,-4.7117948281082844,6.2856159144320163
8,6,2,9,418,-4.7263735000147635,6.2998843920682415
8,6,2,9,419,-4.7409156605835499,6.3141684388149457
8,6,2,9,420,-4.7554211639748374,6.3284694008875677
8,6,2,9,421,-4.7698898715870737,6.3427886169665024
8,6,2,9,422,-4.7843216521004646,6.3571274178367974
8,6,2,9,423,-4.7987163815187914,6.3714871260323296
8,6,2,9,424,-4.8130739432094893,6.385869055484414
8,6,2,9,425,-4.8273942279421336,6.4002745111749997
8,6,2,9,426,-4.8416771339251596,6.4147047887945092
8,6,2,9,427,-4.8559225668409205,6.4291611744044435
8,6,2,9,428,-4.8701304398789338,6.4436449441049621
8,6,2,9,429,-4.8843006737674948,6.4581573637073317
8,6,2,9,430,-4.8984331968034978,6.4726996884115513
8,6,2,9,431,-4.9125279448805461,6.4872731624890125
8,6,2,9,432,-4.926584861515221,6.5018790189705324
8,6,2,9,433,-4.9406038978717035,6.5165184793396804
8,6,2,9,434,-4.9545850127845288,6.5311927532315934
8,6,2,9,435,-4.9685281727796458,6.5459030381371877
8,6,2,9,436,-4.982433352093607,6.5606505191131728
8,6,2,9,437,-4.9963005326910279,6.5754363684975257
8,6,2,9,438,-5.0101297042802804,6.5902617456309018
8,6,2,9,439,-5.0239208643273026,6.6051277965838064
8,6,2,9,440,-5.0376740180677118,6.6200356538896807
8,6,2,9,441,-5.0513891785170077,6.6349864362839881
8,6,2,9,442,-5.0650663664790656,6.649981248449385
8,6,2,9,443,-5.078705610552797,6.6650211807668978
8,6,2,9,444,-5.0923069471369491,6.6801073090734766
8,6,2,9,445,-5.1058704204331509,6.6952406944255607
8,6,2,9,446,-5.1193960824471247,6.7104223828691714
8,6,2,9,447,-5.1328839929880967,6.7256534052162333
8,6,2,9,448,-5.1463342196663655,6.7409347768273484
8,6,2,9,449,-5.1597468378891174,6.7562674974010335
8,6,2,9,450,-5.1731219308543519,6.7716525507695442
8,6,2,9,451,-5.1864595895430519,6.7870909047011239
8,6,2,9,452,-5.199759912709534,6.8025835107090344
8,6,2,9,453,-5.213023006869955,6.8181313038671281
8,6,2,9,454,-5.226248986289078,6.8337352026320826
8,6,2,9,455,-5.2394379729651668,6.8493961086725479
8,6,2,9,456,-5.2525900966130914,6.8651149067048358
8,6,2,9,457,-5.2657054946457009,6.8808924643355276
8,6,2,9,458,-5.2787843121532783,6.896729631910933
8,6,2,9,459,-5.2918267018813081,6.9126272423733122
8,6,2,9,460,-5.3048328242064233,6.9285861111239937
8,6,2,9,461,-5.3178028471104923,6.9446070358935268
8,6,2,9,462,-5.330736946153058,6.9606907966184881
8,6,2,9,463,-5.3436353044418903,6.9768381553254573
8,6,2,9,464,-5.3564981126018099,6.9930498560218908
8,6,2,9,465,-5.3693255687417398,7.0093266245937675
8,6,2,9,466,-5.3821178784199342,7.025669168710527
8,6,2,9,467,-5.3948752546075891,7.0420781777366521
8,6,2,9,468,-5.4075979176505644,7.0585543226504646
8,6,2,9,469,-5.4202860952293435,7.0750982559697997
8,6,2,9,470,-5.4329400223174336,7.091710611684551
8,6,2,9,471,-5.4455599411378284,7.1083920051964649
8,6,2,9,472,-5.4581461011178165,7.1251430332655659
8,6,2,9,473,-5.4706987588420795,7.1419642739637776
8,6,2,9,474,-5.483218178004118,7.1588562866353813
8,6,2,9,475,-5.4957046293558021,7.175819611864406
8,6,2,9,476,-5.5081583906554208,7.1928547714489506
8,6,2,9,477,-5.5205797466139241,7.2099622683823279
8,6,2,9,478,-5.5329689888394711,7.227142586841226
8,6,2,9,479,-5.5453264157803774,7.2443961921804609
8,6,2,9,480,-5.5576523326662466,7.2617235309348578
8,6,2,9,481,-5.5699470514476381,7.2791250308275792
8,6,2,9,482,-5.5822108907339016,7.2966011007855522
8,6,2,9,483,-5.5944441757294348,7.3141521309612516
8,6,2,9,484,NaN,NaN
8,6,2,9,485,NaN,NaN
8,6,2,9,486,NaN,NaN
8,6,2,9,487,NaN,NaN
8,6,2,9,488,NaN,NaN
8,6,2,9,489,NaN,NaN
8,6,2,9,490,NaN,NaN
8,6,2,9,491,NaN,NaN
8,6,2,9,492,NaN,NaN
8,6,2,9,493,NaN,NaN
8,6,2,9,494,NaN,NaN
8,6,2,9,495,NaN,NaN
8,6,2,9,496,NaN,NaN
8,6,2,9,497,NaN,NaN
8,6,2,9,498,NaN,NaN
8,6,2,9,499,NaN,NaN
8,6,2,9,500,NaN,NaN
8,6,2,9,501,NaN,NaN
8,6,2,9,502,NaN,NaN
8,6,2,9,503,NaN,NaN
8,6,2,9,504,NaN,NaN
8,6,2,9,505,NaN,NaN
8,6,2,9,506,NaN,NaN
8,6,2,9,507,NaN,NaN
8,6,2,9,508,NaN,NaN
8,6,2,9,509,NaN,NaN
8,6,2,9,510,NaN,NaN
8,6,2,9,511,NaN,NaN
8,6,2,9,512,NaN,NaN
8,6,2,9,513,NaN,NaN
8,6,2,9,514,NaN,NaN
8,6,2,9,515,NaN,NaN
8,6,2,9,516,NaN,NaN
8,6,2,9,517,NaN,NaN
8,6,2,9,518,NaN,NaN
8,6,2,9,519,NaN,NaN
8,6,2,9,520,NaN,NaN
8,6,2,9,521,NaN,NaN
8,6,2,9,522,NaN,NaN
8,6,2,9,523,NaN,NaN
8,6,2,9,524,NaN,NaN
8,6,2,9,525,NaN,NaN
8,6,2,9,526,NaN,NaN
8,6,2,9,527,NaN,NaN
8,6,2,9,528,NaN,NaN
8,6,2,9,529,NaN,NaN
8,6,2,9,530,NaN,NaN
8,6,2,9,531,NaN,NaN
8,6,2,9,532,NaN,NaN
8,6,2,9,533,NaN,NaN
8,6,2,9,534,NaN,NaN
8,6,2,9,535,NaN,NaN
8,6,2,9,536,NaN,NaN
8,6,2,9,537,NaN,NaN
8,6,2,9,538,NaN,NaN
8,6,2,9,539,NaN,NaN
8,6,2,9,540,NaN,NaN
8,6,2,9,541,NaN,NaN
8,6,2,9,542,NaN,NaN
8,6,2,9,543,NaN,NaN
8,6,2,9,544,NaN,NaN
8,6,2,9,545,NaN,NaN
8,6,2,9,546,NaN,NaN
8,6,2,9,547,NaN,NaN
8,6,2,9,548,NaN,NaN
8,6,2,9,549,NaN,NaN
8,6,2,9,550,NaN,NaN
8,6,2,9,551,NaN,NaN
8,6,2,9,552,NaN,NaN
8,6,2,9,553,NaN,NaN
8,6,2,9,554,NaN,NaN
8,6,2,9,555,NaN,NaN
8,6,2,9,556,NaN,NaN
8,6,2,9,557,NaN,NaN
8,6,2,9,558,NaN,NaN
8,6,2,9,559,NaN,NaN
8,6,2,9,560,NaN,NaN
8,6,2,9,561,NaN,NaN
8,6,2,9,562,NaN,NaN
8,6,2,9,563,NaN,NaN
8,6,2,9,564,NaN,NaN
8,6,2,9,565,NaN,NaN
8,6,2,9,566,NaN,NaN
8,6,2,9,567,NaN,NaN
8,6,2,9,568,NaN,NaN
8,6,2,9,569,NaN,NaN
8,6,2,9,570,NaN,NaN
8,6,2,9,571,NaN,NaN
8,6,2,9,572,NaN,NaN
8,6,2,9,573,NaN,NaN
8,6,2,9,574,NaN,NaN
8,6,2,9,575,NaN,NaN
8,6,2,9,576,NaN,NaN
8,6,2,9,577,NaN,NaN
8,6,2,9,578,NaN,NaN
8,6,2,9,579,NaN,NaN
8,6,2,9,580,NaN,NaN
8,6,2,9,581,NaN,NaN
8,6,2,9,582,NaN,NaN
8,6,2,9,583,NaN,NaN
8,6,2,9,584,NaN,NaN
8,6,2,9,585,NaN,NaN
8,6,2,9,586,NaN,NaN
8,6,2,9,587,NaN,NaN
8,6,2,9,588,NaN,NaN
8,6,2,9,589,NaN,NaN
8,6,2,9,590,NaN,NaN
8,6,2,9,591,NaN,NaN
8,6,2,9,592,NaN,NaN
8,6,2,9,593,NaN,NaN
8,6,2,9,594,NaN,NaN
8,6,2,9,595,NaN,NaN
8,6,2,9,596,NaN,NaN
8,6,2,9,597,NaN,NaN
8,6,2,9,598,NaN,NaN
8,6,2,9,599,NaN,NaN
8,6,2,29,0,0,0
8,6,2,29,1,0,0
8,6,2,29,2,-3.2169286617866888e-05,7.7823042235469764e-05
8,6,2,29,3,-9.8112563157171095e-05,0.0002362027065133665
8,6,2,29,4,-0.00019941135340761917,0.0004777852813664385
8,6,2,29,5,-0.00033762140555504416,0.00080508868739448403
8,6,2,29,6,-0.00051427385029390038,0.0012206031744815826
8,6,2,29,7,-0.00073087379318659274,0.0017267928447306513
8,6,2,29,8,-0.00098889903135668256,0.0023260970341498766
8,6,2,29,9,-0.0012897988865390175,0.0030209315624196709
8,6,2,29,10,-0.0016349931468040424,0.0038136898600910074
8,6,2,29,11,-0.002025871109850863,0.00470674398166393
8,6,2,29,12,-0.002463790721357606,0.0057024455124426998
8,6,2,29,13,-0.0029500778023272556,0.0068031263763757011
8,6,2,29,14,-0.0034860253595558888,0.0080110995518883898
8,6,2,29,15,-0.0040728929740996289,0.0093286597020014739
8,6,2,29,16,-0.0047119062627720698,0.010758083724571321
8,6,2,29,17,-0.0054042564079870292,0.012301631228200938
8,6,2,29,18,-0.0061510997517943977,0.013961544939061765
8,6,2,29,19,-0.0069535568390011182,0.01574002807156194
8,6,2,29,20,-0.0078127113009252014,0.017639208985925636
8,6,2,29,21,-0.0087296111221768502,0.019661195024198164
8,6,2,29,22,-0.0097052684919052279,0.021808073209361734
8,6,2,29,23,-0.010740659699798316,0.024081910848602894
8,6,2,29,24,-0.011836725073977039,0.026484756047942537
8,6,2,29,25,-0.012994368958385571,0.029018638144809317
8,6,2,29,26,-0.014214459727229789,0.031685568064462877
8,6,2,29,27,-0.015497829834221211,0.03448753860616216
8,6,2,29,28,-0.01684527589457252,0.037426524664305183
8,6,2,29,29,-0.018257558797774021,0.040504483389355861
8,6,2,29,30,-0.019735403849258093,0.043723354293229155
8,6,2,29,31,-0.021279500939430651,0.047085059303295096
8,6,2,29,32,-0.022890504738187767,0.05059150276904012
8,6,2,29,33,-0.024569034913513033,0.054244571425107746
8,6,2,29,34,-0.02631567637290666,0.058046134313818887
8,6,2,29,35,-0.028130979525936572,0.061998042670838305
8,6,2,29,36,-0.030015460567006658,0.066102129776574037
8,6,2,29,37,-0.031969601776921097,0.07036021077620469
8,6,2,29,38,-0.033993820891986548,0.07477412873442002
8,6,2,29,39,-0.036088485832702633,0.079345733508567884
8,6,2,29,40,-0.038253931027032451,0.084076857737455657
8,6,2,29,41,-0.040490457807046409,0.088969316498099804
8,6,2,29,42,-0.042798334815247197,0.094024906947912101
8,6,2,29,43,-0.045177798419943072,0.099245407953671427
8,6,2,29,44,-0.047629053139341959,0.10463257970867168
8,6,2,29,45,-0.050152272073805682,0.11018816333905612
8,6,2,29,46,-0.052747597345892405,0.11591388050060381
8,6,2,29,47,-0.055415140547698805,0.12181143296690899
8,6,2,29,48,-0.058154983195174426,0.12788250220994724
8,6,2,29,49,-0.060967177189014121,0.13412874897384686
8,6,2,29,50,-0.06385174528154014,0.14055181284291784
8,6,2,29,51,-0.066808681549540561,0.14715331180453484
8,6,2,29,52,-0.069837951872325776,0.15393484180772632
8,6,2,29,53,-0.072939494414997474,0.16089797631807234
8,6,2,29,54,-0.076113220116280633,0.16804426586974064
8,6,2,29,55,-0.079359013180768656,0.17537523761510521
8,6,2,29,56,-0.082676731575181961,0.18289239487268849
8,6,2,29,57,-0.086066207528379124,0.19059721667377127
8,6,2,29,58,-0.089527248034682039,0.19849115730841138
8,6,2,29,59,-0.093059635360326354,0.20657564587129862
8,6,2,29,60,-0.096663127552759631,0.21485208580775683
8,6,2,29,61,-0.100337458952382,0.22332185446057307
8,6,2,29,62,-0.10408234070647393,0.23198630261792308
8,6,2,29,63,-0.10789746128518352,0.24084675406280953
8,6,2,29,64,-0.11178248699908466,0.24990450512441253
8,6,2,29,65,-0.11573706251823968,0.25916082423178832
8,6,2,29,66,-0.11976081139236094,0.26861695146997988
8,6,2,29,67,-0.12385333657193853,0.27827409813934445
8,6,2,29,68,-0.12801422092998949,0.28813344631792026
8,6,2,29,69,-0.13224302778439001,0.29819614842739872
8,6,2,29,70,-0.13653930142019655,0.30846332680305177
8,6,2,29,71,-0.14090256761216668,0.31893607326766438
8,6,2,29,72,-0.14533233414701363,0.32961544870982185
8,6,2,29,73,-0.14982809134513331,0.34050248266710159
8,6,2,29,74,-0.15438931258183741,0.35159817291381124
8,6,2,29,75,-0.15901545480768164,0.36290348505415015
8,6,2,29,76,-0.16370595906779473,0.37441935212062794
8,6,2,29,77,-0.16846025102001394,0.38614667417809223
8,6,2,29,78,-0.17327774145161623,0.39808631793360472
8,6,2,29,79,-0.1781578267945505,0.4102391163523289
8,6,2,29,80,-0.18309988963891577,0.42260586827967128
8,6,2,29,81,-0.18810329924454083,0.43518733806988952
8,6,2,29,82,-0.19316741205052668,0.44798425522136198
8,6,2,29,83,-0.19829157218269056,0.46099731401859356
8,6,2,29,84,-0.20347511195853429,0.47422717318143515
8,6,2,29,85,-0.20871735238987554,0.48767445552128919
8,6,2,29,86,-0.21401760368275902,0.50133974760495637
8,6,2,29,87,-0.21937516573476423,0.51522359942582363
8,6,2,29,88,-0.22478932862926015,0.52932652408300696
8,6,2,29,89,-0.23025937312692868,0.54364899746821849
8,6,2,29,90,-0.23578457115396301,0.55819145796091874
8,6,2,29,91,-0.24136418628722955,0.572954306131504
8,6,2,29,92,-0.24699747423602703,0.58793790445308691
8,6,2,29,93,-0.25268368332047042,0.60314257702178964
8,6,2,29,94,-0.25842205494642778,0.61856860928566348
8,6,2,29,95,-0.26421182407673216,0.63421624778263186
8,6,2,29,96,-0.27005221969885196,0.65008569988739828
8,6,2,29,97,-0.27594246528873101,0.66617713356747765
8,6,2,29,98,-0.28188177927078173,0.68249067714861167
8,6,2,29,99,-0.28786937547400915,0.69902641908962948
8,6,2,29,100,-0.29390446358409372,0.71578440776687013
8,6,2,29,101,-0.2999862495914718,0.7327646512683611
8,6,2,29,102,-0.30611393623524163,0.74996711719789722
8,6,2,29,103,-0.31228672344300601,0.76739173248900061
8,6,2,29,104,-0.31850380876630724,0.78503838322915298
8,6,2,29,105,-0.32476438781192662,0.80290691449414753
8,6,2,29,106,-0.3310676546687874,0.82099713019283815
8,6,2,29,107,-0.33741280233048343,0.83930879292241356
8,6,2,29,108,-0.34379902311337807,0.85784162383416851
8,6,2,29,109,-0.35022550907017891,0.87659530251013584
8,6,2,29,110,-0.35669145239911604,0.89556946685036276
8,6,2,29,111,-0.36319604584844067,0.91476371297122272
8,6,2,29,112,-0.36973848311644408,0.93417759511467968
8,6,2,29,113,-0.37631795924677469,0.9538106255687101
8,6,2,29,114,-0.38293367101915887,0.97366227459888266
8,6,2,29,115,-0.38958481733541439,0.99373197039134276
8,6,2,29,116,-0.39627059960080646,1.0140190990069602
8,6,2,29,117,-0.40299022210052993,1.0345230043472569
8,6,2,29,118,-0.40974289237164507,1.0552429881315413
8,6,2,29,119,-0.41652782157000079,1.0761783098859641
8,6,2,29,120,-0.42334422483252809,1.0973281869439884
8,6,2,29,121,-0.43019132163456542,1.1186917944588648
8,6,2,29,122,-0.43706833614245433,1.1402682654276519
8,6,2,29,123,-0.44397449756116147,1.1620566907273782
8,6,2,29,124,-0.45090904047707103,1.1840561191628547
8,6,2,29,125,-0.45787120519579783,1.2062655575266841
8,6,2,29,126,-0.4648602380751321,1.2286839706711405
8,6,2,29,127,-0.47187539185297722,1.2513102815921133
8,6,2,29,128,-0.47891592597038013,1.27414337152518
8,6,2,29,129,-0.48598110688944929,1.2971820800537355
8,6,2,29,130,-0.4930702084064098,1.3204252052292309
8,6,2,29,131,-0.50018251195947938,1.343871503703703
8,6,2,29,132,-0.50731730693181487,1.3675196908742167
8,6,2,29,133,-0.51447389094927964,1.3913684410397447
8,6,2,29,134,-0.52165157017319275,1.4154163875699206
8,6,2,29,135,-0.52884965958792107,1.4396621230863298
8,6,2,29,136,-0.53606748328331455,1.4641041996555777
8,6,2,29,137,-0.54330437473201765,1.4887411289947583
8,6,2,29,138,-0.55055967706159059,1.5135713826889163
8,6,2,29,139,-0.55783274332136257,1.5385933924207147
8,6,2,29,140,-0.56512293674411129,1.5638055502120691
8,6,2,29,141,-0.57242963100243016,1.5892062086778984
8,6,2,29,142,-0.57975221045983849,1.6147936812917845
8,6,2,29,143,-0.58709007041653494,1.6405662426637018
8,6,2,29,144,-0.59444261734980519,1.6665221288295229
8,6,2,29,145,-0.6018092691490895,1.692659537552399
8,6,2,29,146,-0.60918945534555458,1.7189766286359958
8,6,2,29,147,-0.6165826173362865,1.7454715242493146
8,6,2,29,148,-0.62398820860299353,1.7721423092631889
8,6,2,29,149,-0.63140569492513565,1.7989870315984118
8,6,2,29,150,-0.638834554587564,1.8260037025852078
8,6,2,29,151,-0.64627427858255926,1.8531902973341341
8,6,2,29,152,-0.65372437080620238,1.8805447551183159
8,6,2,29,153,-0.66118434824911088,1.9080649797667715
8,6,2,29,154,-0.66865374118146859,1.9357488400688516
8,6,2,29,155,-0.67613209333228785,1.9635941701896669
8,6,2,29,156,-0.68361896206289852,1.9915987700962978
8,6,2,29,157,-0.69111391853460824,2.0197604059947389
8,6,2,29,158,-0.69861654787042315,2.0480768107774798
8,6,2,29,159,-0.70612644931097313,2.0765456844815371
8,6,2,29,160,-0.7136432363643419,2.1051646947566809
8,6,2,29,161,-0.72116653694995758,2.133931477344031
8,6,2,29,162,-0.72869599353643788,2.1628436365645238
8,6,2,29,163,-0.73623126327323485,2.1918987458173724
8,6,2,29,164,-0.74377201811631211,2.2210943480881014
8,6,2,29,165,-0.75131794494743831,2.250427956466261
8,6,2,29,166,-0.75886874568732443,2.2798970546724693
8,6,2,29,167,-0.76642413740250492,2.3094990975947112
8,6,2,29,168,-0.77398385240582956,2.3392315118335532
8,6,2,29,169,-0.78154763835057151,2.3690916962563699
8,6,2,29,170,-0.78911525831816265,2.3990770225601672
8,6,2,29,171,-0.79668649089941757,2.4291848358427708
8,6,2,29,172,-0.80426113026920709,2.4594124551826164
8,6,2,29,173,-0.81183898625465378,2.4897571742262286
8,6,2,29,174,-0.81941988439664382,2.5202162617839114
8,6,2,29,175,-0.82700366600474973,2.5507869624329214
8,6,2,29,176,-0.83459018820539188,2.581466497128257
8,6,2,29,177,-0.84217932398332751,2.6122520638205886
8,6,2,29,178,-0.84977096221637849,2.6431408380813064
8,6,2,29,179,-0.85736500770328683,2.6741299737343542
8,6,2,29,180,-0.86496138118475341,2.705216603494784
8,6,2,29,181,-0.87256001935762662,2.7363978396134829
8,6,2,29,182,-0.88016087488215211,2.7676707745282441
8,6,2,29,183,-0.88776391638223928,2.7990324815206553
8,6,2,29,184,-0.89536912843882766,2.8304800153787584
8,6,2,29,185,-0.90297651157617564,2.8620104130650885
8,6,2,29,186,-0.9105860822411771,2.8936206943899894
8,6,2,29,187,-0.91819787277560572,2.9253078626898215
8,6,2,29,188,-0.92581193138125961,2.9570689055100492
8,6,2,29,189,-0.93342832207806148,2.9889007952927122
8,6,2,29,190,-0.94104712465504781,3.0208004900681455
8,6,2,29,191,-0.94866843461418604,3.0527649341507672
8,6,2,29,192,-0.95629236310711963,3.0847910588386123
8,6,2,29,193,-0.96391903686477431,3.116875783116277
8,6,2,29,194,-0.97154859811980354,3.1490160143612584
8,6,2,29,195,-0.97918120452190061,3.1812086490531937
8,6,2,29,196,-0.98681702904597768,3.2134505734858902
8,6,2,29,197,-0.99445625989322828,3.2457386644818538
8,6,2,29,198,-1.0020991003850566,3.2780697901090643
8,6,2,29,199,-1.009745768849879,3.310440810399748
8,6,2,29,200,-1.0173964985028872,3.3428485780708339
8,6,2,29,201,-1.0250515373187163,3.3752899392460041
8,6,2,29,202,-1.0327111478969975,3.4077617341788962
8,6,2,29,203,-1.0403756073210702,3.4402607979772402
8,6,2,29,204,-1.0480452070094903,3.4727839613278215
8,6,2,29,205,-1.0557202525607767,3.5053280512218761
8,6,2,29,206,-1.0634010635911295,3.5378898916806816
8,6,2,29,207,-1.0710879735653156,3.5704663044811182
8,6,2,29,208,-1.0787813296208038,3.6030541098809628
8,6,2,29,209,-1.0864814923849553,3.6356501273436841
8,6,2,29,210,-1.0941888357857754,3.6682511762623244
8,6,2,29,211,-1.1019037468557424,3.7008540766825249
8,6,2,29,212,-1.1096266255292531,3.7334556500241698
8,6,2,29,213,-1.1173578844334453,3.7660527198015186
8,6,2,29,214,-1.1250979486726098,3.798642112341613
8,6,2,29,215,-1.1328472556062563,3.8312206575006531
8,6,2,29,216,-1.1406062546208962,3.8637851893781354
8,6,2,29,217,-1.1483754068955687,3.8963325470285555
8,6,2,29,218,-1.1561551851613505,3.9288595751703377
8,6,2,29,219,-1.1639460734547857,3.9613631248918422
8,6,2,29,220,-1.1717485668654548,3.9938400543542194
8,6,2,29,221,-1.1795631712776866,4.0262872294908325
8,6,2,29,222,-1.1873904031065752,4.0587015247031042
8,6,2,29,223,-1.1952307890284786,4.0910798235523878
8,6,2,29,224,-1.203084865705889,4.1234190194480185
8,6,2,29,225,-1.2109531795071238,4.1557160163307492
8,6,2,29,226,-1.2188362862206259,4.1879677293519739
8,6,2,29,227,-1.2267347507642523,4.220171085548122
8,6,2,29,228,-1.2346491468895437,4.2523230245100994
8,6,2,29,229,-1.2425800568811707,4.2844204990477222
8,6,2,29,230,-1.2505280712516664,4.3164604758487126
8,6,2,29,231,-1.2584937884315861,4.3484399361322428
8,6,2,29,232,-1.2664778144552746,4.3803558762967461
8,6,2,29,233,-1.2744807626423105,4.4122053085618864
8,6,2,29,234,-1.2825032532749303,4.4439852616043023
8,6,2,29,235,-1.2905459132713515,4.4756927811872655
8,6,2,29,236,-1.2986093758554529,4.5073249307836596
8,6,2,29,237,-1.3066942802226811,4.5388787921925493
8,6,2,29,238,-1.3148012712025536,4.5703514661488169
8,6,2,29,239,-1.3229309989177984,4.6017400729259004
8,6,2,29,240,-1.3310841184404287,4.6330417529313079
8,6,2,29,241,-1.3392612894447875,4.6642536672949344
8,6,2,29,242,-1.3474631758577882,4.6953729984499457
8,6,2,29,243,-1.3556904455066465,4.7263969507058885
8,6,2,29,244,-1.3639437697640422,4.757322750814275
8,6,2,29,245,-1.3722238231911266,4.7881476485261114
8,6,2,29,246,-1.38053128317841,4.8188689171414971
8,6,2,29,247,-1.3888668295848006,4.8494838540509537
8,6,2,29,248,-1.3972311443749663,4.8799897812685096
8,6,2,29,249,-1.4056249112550934,4.9103840459564116
8,6,2,29,250,-1.4140488153074782,4.9406640209411243
8,6,2,29,251,-1.4225035426238708,4.9708271052208239
8,6,2,29,252,-1.4309897799379745,5.0008707244639492
8,6,2,29,253,-1.4395082142571569,5.0307923314990646
8,6,2,29,254,-1.4480595324936896,5.0605894067954207
8,6,2,29,255,-1.4566444210955376,5.0902594589346846
8,6,2,29,256,-1.4652635656771551,5.1198000250732596
8,6,2,29,257,-1.4739176506502027,5.149208671395475
8,6,2,29,258,-1.4826073588545652,5.178482993557207
8,6,2,29,259,-1.4913333711898569,5.2076206171201207
8,6,2,29,260,-1.5000963662474776,5.2366191979763697
8,6,2,29,261,-1.5088970199436447,5.2654764227635678
8,6,2,29,262,-1.517736005153314,5.2941900092701246
8,6,2,29,263,-1.5266139913455212,5.3227577068307026
8,6,2,29,264,-1.5355316442199562,5.3511772967119926
8,6,2,29,265,-1.5444896253453633,5.3794465924883319
8,6,2,29,266,-1.5534885917996399,5.407563440407567
8,6,2,29,267,-1.5625291958119958,5.4355257197467779
8,6,2,29,268,-1.5716120844073533,5.4633313431579484
8,6,2,29,269,-1.5807378990531362,5.4909782570035288
8,6,2,29,270,-1.5899072753086552,5.5184644416817781
8,6,2,29,271,-1.5991208424772585,5.545787911941999
8,6,2,29,272,-1.6083792232615246,5.5729467171893834
8,6,2,29,273,-1.6176830334215631,5.5999389417797891
8,6,2,29,274,-1.6270328814366686,5.6267627053039533
8,6,2,29,275,-1.6364293681705,5.6534161628616433
8,6,2,29,276,-1.6458730865400117,5.6798975053253011
8,6,2,29,277,-1.6553646211881989,5.7062049595933004
8,6,2,29,278,-1.6649045481609559,5.7323367888329786
8,6,2,29,279,-1.6744934345881646,5.7582912927130998
8,6,2,29,280,-1.6841318383691406,5.7840668076260675
8,6,2,29,281,-1.6938203078627034,5.8096617068996634
8,6,2,29,282,-1.7035593815819872,5.8350744009983107
8,6,2,29,283,-1.7133495878940475,5.8603033377141314
8,6,2,29,284,-1.7231914447246977,5.8853470023473715
8,6,2,29,285,-1.7330854592683298,5.9102039178767249
8,6,2,29,286,-1.7430321277033423,5.9348726451189302
8,6,2,29,287,-1.7530319349128853,5.9593517828782945
8,6,2,29,288,-1.7630853542113578,5.9836399680857664
8,6,2,29,289,-1.77319284707666,6.0077358759276471
8,6,2,29,290,-1.7833548628884088,6.0316382199640666
8,6,2,29,291,-1.7935718386722144,6.0553457522371374
8,6,2,29,292,-1.8038441988501575,6.0788572633688673
8,6,2,29,293,-1.8141723549975231,6.1021715826488938
8,6,2,29,294,-1.8245567056061396,6.1252875781119789
8,6,2,29,295,-1.8349976358541464,6.1482041566053383
8,6,2,29,296,-1.8454955173824616,6.1709202638459439
8,6,2,29,297,-1.8560507080780553,6.1934348844677158
8,6,2,29,298,-1.8666635518641894,6.215747042058636
8,6,2,29,299,-1.8773343784975416,6.2378557991879049
8,6,2,29,300,-1.8880635033724558,6.2597602574232445
8,6,2,29,301,-1.8988512273324376,6.2814595573381844
8,6,2,29,302,-1.9096978364888773,6.3029528785095907
8,6,2,29,303,-1.9206036020470829,6.3242394395054049
8,6,2,29,304,-1.931568780139914,6.3453184978626034
8,6,2,29,305,-1.9425936116686915,6.3661893500555813
8,6,2,29,306,-1.9536783221519249,6.3868513314548876
8,6,2,29,307,-1.9648231215815049,6.4073038162763245
8,6,2,29,308,-1.9760282042867394,6.4275462175207156
8,6,2,29,309,-1.9872937488060682,6.4475779869041379
8,6,2,29,310,-1.9986199177666253,6.4673986147787881
8,6,2,29,311,-2.0100068577716454,6.4870076300447357
8,6,2,29,312,-2.0214546992958047,6.5064046000522593
8,6,2,29,313,-2.0329635565885074,6.5255891304950877
8,6,2,29,314,-2.0445335275850907,6.5445608652946321
8,6,2,29,315,-2.056164693826068,6.563319486475236
8,6,2,29,316,-2.0678571203844309,6.5818647140303694
8,6,2,29,317,-2.0796108558009117,6.6001963057801234
8,6,2,29,318,-2.0914259320273967,6.6183140572198402
8,6,2,29,319,-2.10330236437829,6.6362178013601527
8,6,2,29,320,-2.1152401514900889,6.6539074085583207
8,6,2,29,321,-2.1272392752888725,6.6713827863411321
8,6,2,29,322,-2.1392997009660073,6.6886438792192502
8,6,2,29,323,-2.1514213769617205,6.7056906684934443
8,6,2,29,324,-2.1636042349569342,6.7225231720522274
8,6,2,29,325,-2.1758481898729309,6.7391414441616035
8,6,2,29,326,-2.1881531398791063,6.755545575246555
8,6,2,29,327,-2.200518966408632,6.7717356916646407
8,6,2,29,328,-2.2129455341821478,6.7877119554716119
8,6,2,29,329,-2.2254326912392486,6.8034745641791767
8,6,2,29,330,-2.2379802689778683,6.8190237505052069
8,6,2,29,331,-2.2505880822014768,6.8343597821161755
8,6,2,29,332,-2.2632559291740852,6.8494829613619936
8,6,2,29,333,-2.2759835916828064,6.8643936250037143
8,6,2,29,334,-2.2887708351082283,6.8790921439335158
8,6,2,29,335,-2.3016174085023211,6.8935789228877136
8,6,2,29,336,-2.3145230446737717,6.9078544001525213
8,6,2,29,337,-2.3274874602809135,6.9219190472627838
8,6,2,29,338,-2.3405103559319294,6.9357733686937566
8,6,2,29,339,-2.3535914162923777,6.9494179015460986
8,6,2,29,340,-2.366730310199916,6.9628532152240599
8,6,2,29,341,-2.3799266907862049,6.9760799111070719
8,6,2,29,342,-2.3931801956057761,6.9890986222147813
8,6,2,29,343,-2.4064904467719304,7.0019100128657277
8,6,2,29,344,-2.4198570510993611,7.014514778329592
8,6,2,29,345,-2.4332796002537069,7.0269136444733453
8,6,2,29,346,-2.4467576709075347,7.0391073674012397
8,6,2,29,347,-2.4602908249030833,7.0510967330887491
8,6,2,29,348,-2.4738786094212539,7.0628825570107603
8,6,2,29,349,-2.4875205571570804,7.0744656837638447
8,6,2,29,350,-2.5012161865012148,7.0858469866830056
8,6,2,29,351,-2.5149650017277314,7.0970273674527045
8,6,2,29,352,-2.5287664931876397,7.1080077557126504
8,6,2,29,353,-2.5426201375085111,7.1187891086580271
8,6,2,29,354,-2.5565253977995752,7.1293724106347405
8,6,2,29,355,-2.5704817238625499,7.1397586727294096
8,6,2,29,356,-2.5844885524079042,7.1499489323544303
8,6,2,29,357,-2.5985453072763898,7.1599442528281738
8,6,2,29,358,-2.6126513996658494,7.1697457229504185
8,6,2,29,359,-2.6268062283629878,7.1793544565731811
8,6,2,29,360,-2.6410091799801085,7.1887715921670399
8,6,2,29,361,-2.6552596291966326,7.1979982923829429
8,6,2,29,362,-2.6695569390051412,7.2070357436099881
8,6,2,29,363,-2.6839004609620631,7.2158851555287757
8,6,2,29,364,-2.6982895354425551,7.2245477606609461
8,6,2,29,365,-2.7127234918996601,7.2330248139147093
8,6,2,29,366,-2.727201649127442,7.2413175921266033
8,6,2,29,367,-2.7417233155280551,7.2494273935995475
8,6,2,29,368,-2.7562877893825388,7.2573555376375189
8,6,2,29,369,-2.7708943591251698,7.2651033640765998
8,6,2,29,370,-2.7855423036212801,7.2726722328129014
8,6,2,29,371,-2.8002308924483077,7.2800635233272928
8,6,2,29,372,-2.8149593861800493,7.2872786342070146
8,6,2,29,373,-2.8297270366737628,7.2943189826645636
8,6,2,29,374,-2.8445330873601571,7.3011860040535694
8,6,2,29,375,-2.8593767735360318,7.3078811513822979
8,6,2,29,376,-2.8742573226593624,7.3144058948243691
8,6,2,29,377,-2.889173954646751,7.3207617212273286
8,6,2,29,378,-2.9041258821730755,7.3269501336187339
8,6,2,29,379,-2.9191123109730546,7.3329726507104205
8,6,2,29,380,-2.9341324401448765,7.3388308064004066
8,6,2,29,381,-2.9491854624552727,7.3445261492732756
8,6,2,29,382,-2.9642705646463599,7.3500602420986523
8,6,2,29,383,-2.9793869277437377,7.3554346613281609
8,6,2,29,384,-2.9945337273658614,7.3606509965908309
8,6,2,29,385,-3.0097101340344876,7.3657108501873871
8,6,2,29,386,-3.024915313486054,7.3706158365831138
8,6,2,29,387,-3.0401484269837518,7.3753675818998579
8,6,2,29,388,-3.0554086316302964,7.3799677234070469
8,6,2,29,389,-3.0706950806811295,7.3844179090119226
8,6,2,29,390,-3.0860069238578425,7.388719796749152
8,6,2,29,391,-3.1013433076618524,7.3928750542699904
8,6,2,29,392,-3.1167033756880347,7.3968853583309926
8,6,2,29,393,-3.1320862689381999,7.4007523942825699
8,6,2,29,394,-3.1474911261342498,7.4044778555574871
8,6,2,29,395,-3.1629170840309584,7.4080634431592491
8,6,2,29,396,-3.1783632777280912,7.4115108651509471
8,6,2,29,397,-3.1938288409817774,7.4148218361442337
8,6,2,29,398,-3.2093129065150827,7.4179980767888534
8,6,2,29,399,-3.2248146063274863,7.4210413132627249
8,6,2,29,400,-3.2403330720032377,7.4239532767629042
8,6,2,29,401,-3.255867435018367,7.4267357029972754
8,6,2,29,402,-3.271416827046314,7.4293903316774514
8,6,2,29,403,-3.2869803802619835,7.431918906012644
8,6,2,29,404,-3.3025572276440593,7.4343231722050458
8,6,2,29,405,-3.3181465032754764,7.4366048789465591
8,6,2,29,406,-3.3337473426420461,7.4387657769170863
8,6,2,29,407,-3.3493588829288488,7.4408076182846363
8,6,2,29,408,-3.3649802633144823,7.4427321562072795
8,6,2,29,409,-3.3806106252629919,7.4445411443370659
8,6,2,29,410,-3.396249112813349,7.4462363363260922
8,6,2,29,411,-3.4118948728663057,7.447819485334942
8,6,2,29,412,-3.4275470554686049,7.4492923435434646
8,6,2,29,413,-3.4432048140943805,7.4506566616641594
8,6,2,29,414,-3.4588673059237074,7.4519141884581614
8,6,2,29,415,-3.4745336921179648,7.4530666702542687
8,6,2,29,416,-3.4902031380923235,7.4541158504706857
8,6,2,29,417,-3.5058748137847759,7.455063469140069
8,6,2,29,418,-3.5215478939219667,7.4559112624377395
8,6,2,29,419,-3.5372215582816056,7.4566609622131876
8,6,2,29,420,-3.552894991951244,7.4573142955253271
8,6,2,29,421,-3.5685673855835987,7.4578729841810159
8,6,2,29,422,-3.5842379356479883,7.4583387442777784
8,6,2,29,423,-3.5999058446782084,7.4587132857499769
8,6,2,29,424,-3.6155703215162482,7.4589983119194656
8,6,2,29,425,-3.631230581552308,7.4591955190500077
8,6,2,29,426,-3.6468858469606067,7.4593065959062486
8,6,2,29,427,-3.6625353469311337,7.4593332233169356
8,6,2,29,428,-3.6781783178972125,7.4592770737427623
8,6,2,29,429,-3.6938140037587939,7.4591398108488498
8,6,2,29,430,-3.7094416561013812,7.4589230890820177
8,6,2,29,431,-3.7250605344106069,7.4586285532529075
8,6,2,29,432,-3.7406699062823403,7.4582578381231919
8,6,2,29,433,-3.756269047628197,7.4578125679978982
8,6,2,29,434,-3.7718572428766084,7.4572943563229162
8,6,2,29,435,-3.7874337851690698,7.4567048052880756
8,6,2,29,436,-3.8029979765518473,7.4560455054354575
8,6,2,29,437,-3.8185491281628958,7.455318035273498
8,6,2,29,438,-3.8340865604139127,7.4545239608966556
8,6,2,29,439,-3.8496096031676807,7.4536648356110096
8,6,2,29,440,-3.8651175959104558,7.4527421995656953
8,6,2,29,441,-3.8806098879194062,7.451757579390403
8,6,2,29,442,-3.8960858384252059,7.4507124878389925
8,6,2,29,443,-3.9115448167695357,7.4496084234393436
8,6,2,29,444,-3.9269862025575919,7.4484468701494695
8,6,2,29,445,-3.9424093858055675,7.4472292970201774
8,6,2,29,446,-3.9578137670830351,7.4459571578641217
8,6,2,29,447,-3.9731987576502092,7.4446318909314773
8,6,2,29,448,-3.9885637795901263,7.4432549185924595
8,6,2,29,449,-4.0039082659355962,7.4418276470264084
8,6,2,29,450,-4.0192316607911502,7.4403514659178462
8,6,2,29,451,-4.0345334194495877,7.4388277481595679
8,6,2,29,452,-4.0498130085035218,7.4372578495626094
8,6,2,29,453,-4.0650699059516624,7.4356431085734167
8,6,2,29,454,-4.0803036012998506,7.4339848459981566
8,6,2,29,455,-4.0955135956569242,7.4322843647344063
8,6,2,29,456,-4.1106994018253626,7.4305429495099631
8,6,2,29,457,-4.1258605443866667,7.4287618666292268
8,6,2,29,458,-4.1409965597816347,7.4269423637269485
8,6,2,29,459,-4.1561069963852839,7.4250856695295493
8,6,2,29,460,-4.1711914145766578,7.4231929936240091
8,6,2,29,461,-4.1862493868033814,7.4212655262344303
8,6,2,29,462,-4.2012804976410631,7.4193044380061881
8,6,2,29,463,-4.2162843438475148,7.4173108797979088
8,6,2,29,464,-4.2312605344117573,7.4152859824813202
8,6,2,29,465,-4.2462086905979408,7.4132308567487346
8,6,2,29,466,-4.2611284459840526,7.4111465929286497
8,6,2,29,467,-4.2760194464956047,7.409034260809058
8,6,2,29,468,-4.2908813504341499,7.406894909468889
8,6,2,29,469,-4.3057138285007515,7.4047295671173439
8,6,2,29,470,-4.3205165638144365,7.4025392409412945
8,6,2,29,471,-4.3352892519255448,7.4003249169607406
8,6,2,29,472,-4.3500316008242388,7.3980875598922715
8,6,2,29,473,-4.3647433309438437,7.3958281130207943
8,6,2,29,474,-4.3794241751594303,7.3935474980792257
8,6,2,29,475,-4.3940738787814517,7.3912466151363239
8,6,2,29,476,-4.4086921995444284,7.3889263424928266
8,6,2,29,477,-4.4232789075909329,7.3865875365855791
8,6,2,29,478,-4.4378337854507066,7.3842310318999207
8,6,2,29,479,-4.4523566280150471,7.3818576408901801
8,6,2,29,480,-4.46684724250645,7.3794681539084444
8,6,2,29,481,-4.4813054484436616,7.3770633391413902
8,6,2,29,482,-4.4957310776019721,7.3746439425553287
8,6,2,29,483,-4.5101239739690824,7.37221068784942
8,6,2,29,484,-4.5244839936962826,7.3697642764170039
8,6,2,29,485,-4.5388110050452566,7.3673053873150902
8,6,2,29,486,-4.5531048883303447,7.3648346772419577
8,6,2,29,487,-4.5673655358564709,7.3623527805228157
8,6,2,29,488,-4.5815928518527507,7.3598603091035688
8,6,2,29,489,-4.5957867524016756,7.3573578525526564
8,6,2,29,490,-4.6099471653642148,7.3548459780708315
8,6,2,29,491,-4.6240740303006458,7.3523252305089519
8,6,2,29,492,-4.6381672983872244,7.3497961323937684
8,6,2,29,493,-4.6522269323288121,7.3472591839616106
8,6,2,29,494,-4.6662529062674984,7.34471486319985
8,6,2,29,495,-4.680245205687239,7.342163625896295
8,6,2,29,496,-4.6942038273145581,7.3396059056963141
8,6,2,29,497,-4.7081287790154027,7.337042114167744
8,6,2,29,498,-4.7220200796882716,7.3344726408733765
8,6,2,29,499,-4.735877759153551,7.331897853451161
8,6,2,29,500,-4.7497018580391792,7.3293180977019174
8,6,2,29,501,-4.7634924276627411,7.3267336976845812
8,6,2,29,502,-4.7772495299100157,7.3241449558188485
8,6,2,29,503,-4.7909732371099913,7.3215521529953005
8,6,2,29,504,-4.8046636319065525,7.3189555486926547
8,6,2,29,505,-4.8183208071267023,7.316355381102432
8,6,2,29,506,-4.8319448656456379,7.3137518672606623
8,6,2,29,507,-4.8455359202484676,7.3111452031867445
8,6,2,29,508,-4.8590940934888751,7.3085355640292367
8,6,2,29,509,-4.872619517544635,7.3059231042187287
8,6,2,29,510,-4.8861123340701695,7.3033079576273057
8,6,2,29,511,-4.8995726940461175,7.3006902377349885
8,6,2,29,512,-4.9130007576259684,7.2980700378028258
8,6,2,29,513,-4.926396693980073,7.2954474310523016
8,6,2,29,514,-4.9397606811366401,7.2928224708516316
8,6,2,29,515,-4.9530929058203448,7.29019519090813
8,6,2,29,516,-4.9663935632881078,7.2875656054669919
8,6,2,29,517,-4.9796628571625039,7.2849337095162419
8,6,2,29,518,-4.9929009992626172,7.2822994789978255
8,6,2,29,519,-5.0061082094325746,7.2796628710246196
8,6,2,29,520,-5.0192847153677551,7.2770238241033871
8,6,2,29,521,-5.0324307524386995,7.2743822583634072
8,6,2,29,522,-5.0455465635129535,7.2717380757909371
8,6,2,29,523,-5.0586323987747814,7.2690911604690793
8,6,2,29,524,-5.0716885155428386,7.2664413788231377
8,6,2,29,525,-5.0847151780858972,7.263788579871397
8,6,2,29,526,-5.0977126574367926,7.2611325954809649
8,6,2,29,527,-5.1106812312044445,7.2584732406287849
8,6,2,29,528,-5.1236211833843139,7.2558103136677294
8,6,2,29,529,-5.1365328041670431,7.2531435965973419
8,6,2,29,530,-5.1494163897457037,7.2504728553395097
8,6,2,29,531,-5.1622722421214355,7.24779784001863
8,6,2,29,532,-5.1751006689077395,7.2451182852463409
8,6,2,29,533,-5.1879019831334086,7.2424339104105702
8,6,2,29,534,-5.2006765030441882,7.2397444199688659
8,6,2,29,535,-5.2134245519032785,7.2370495037458262
8,6,2,29,536,-5.2261464577907315,7.2343488372344753
8,6,2,29,537,-5.2388425534018124,7.2316420819015379
8,6,2,29,538,-5.2515131758444022,7.228928885496452
8,6,2,29,539,-5.2641586664355255,7.2262088823639239
8,6,2,29,540,-5.2767793704971648,7.2234816937599229
8,6,2,29,541,-5.2893756371511778,7.2207469281711818
8,6,2,29,542,-5.3019478191137832,7.2180041816376193
8,6,2,29,543,-5.3144962724893663,7.2152530380779929
8,6,2,29,544,-5.3270213565638045,7.2124930696185006
8,6,2,29,545,-5.3395234335973987,7.2097238369240895
8,6,2,29,546,-5.35200286861755,7.2069448895323935
8,6,2,29,547,-5.3644600292110711,7.2041557661902758
8,6,2,29,548,-5.3768952853163965,7.2013559951927624
8,6,2,29,549,-5.3893090090156974,7.1985450947240377
8,6,2,29,550,-5.4017015743269674,7.1957225732007943
8,6,2,29,551,-5.4140733569961625,7.1928879296174166
8,6,2,29,552,-5.4264247342894922,7.1900406538929404
8,6,2,29,553,-5.4387560847859673,7.1871802272198329
8,6,2,29,554,-5.451067788170155,7.1843061224142604
8,6,2,29,555,-5.463360225025415,7.181417804267773
8,6,2,29,556,-5.4756337766274701,7.1785147299002565
8,6,2,29,557,-5.4878888247386399,7.1755963491141079
8,6,2,29,558,-5.5001257514025346,7.1726621047492358
8,6,2,29,559,-5.5123449387395551,7.1697114330392022
8,6,2,29,560,-5.5245467687430434,7.1667437639677898
8,6,2,29,561,-5.5367316230763963,7.1637585216263542
8,6,2,29,562,-5.5488998828709395,7.1607551245716303
8,6,2,29,563,-5.5610519285248738,7.1577329861837482
8,6,2,29,564,-5.5731881395033103,7.1546915150245329
8,6,2,29,565,-5.5853088941393567,7.1516301151958199
8,6,2,29,566,NaN,NaN
8,6,2,29,567,NaN,NaN
8,6,2,29,568,NaN,NaN
8,6,2,29,569,NaN,NaN
8,6,2,29,570,NaN,NaN
8,6,2,29,571,NaN,NaN
8,6,2,29,572,NaN,NaN
8,6,2,29,573,NaN,NaN
8,6,2,29,574,NaN,NaN
8,6,2,29,575,NaN,NaN
8,6,2,29,576,NaN,NaN
8,6,2,29,577,NaN,NaN
8,6,2,29,578,NaN,NaN
8,6,2,29,579,NaN,NaN
8,6,2,29,580,NaN,NaN
8,6,2,29,581,NaN,NaN
8,6,2,29,582,NaN,NaN
8,6,2,29,583,NaN,NaN
8,6,2,29,584,NaN,NaN
8,6,2,29,585,NaN,NaN
8,6,2,29,586,NaN,NaN
8,6,2,29,587,NaN,NaN
8,6,2,29,588,NaN,NaN
8,6,2,29,589,NaN,NaN
8,6,2,29,590,NaN,NaN
8,6,2,29,591,NaN,NaN
8,6,2,29,592,NaN,NaN
8,6,2,29,593,NaN,NaN
8,6,2,29,594,NaN,NaN
8,6,2,29,595,NaN,NaN
8,6,2,29,596,NaN,NaN
8,6,2,29,597,NaN,NaN
8,6,2,29,598,NaN,NaN
8,6,2,29,599,NaN,NaN
8,6,2,2,0,0,0
8,6,2,2,1,0,0
8,6,2,2,2,-3.2575681868651785e-05,7.5909362354242838e-05
8,6,2,2,3,-0.00010057312854194755,0.0002310559742035867
8,6,2,2,4,-0.00020682831163854054,0.0004686979295398519
8,6,2,2,5,-0.00035416520109965433,0.00079202763297037126
8,6,2,2,6,-0.00054539401039832569,0.0012041755632546947
8,6,2,2,7,-0.00078330956805316987,0.0017082137211910098
8,6,2,2,8,-0.0010706898072143645,0.0023071587847728336
8,6,2,2,9,-0.0014102943651839173,0.0030039749927601722
8,6,2,2,10,-0.0018048632857925462,0.0038015767767463071
8,6,2,2,11,-0.002257115817627664,0.0047028311595559424
8,6,2,2,12,-0.0027697493020284458,0.0057105599374912552
8,6,2,2,13,-0.0033454381447750592,0.0068275416620022789
8,6,2,2,14,-0.0039868328662040486,0.0080565134356030965
8,6,2,2,15,-0.00469655922459844,0.0094001725355563615
8,6,2,2,16,-0.0054772174081285652,0.010861177878343509
8,6,2,2,17,-0.0063313812910581468,0.012442151336233831
8,6,2,2,18,-0.0072615977500634088,0.014145678917440452
8,6,2,2,19,-0.0082703860369293114,0.015974311819696996
8,6,2,2,20,-0.0093602372040757498,0.017930567366866712
8,6,2,2,21,-0.010533613579638557,0.020016929837232689
8,6,2,2,22,-0.011792948289035543,0.022235851192028977
8,6,2,2,23,-0.013140644820208713,0.024589751711273644
8,6,2,2,24,-0.014579076629783749,0.027081020544425516
8,6,2,2,25,-0.016110586787865255,0.029712016182126266
8,6,2,2,26,-0.017737487658886497,0.032485066855419964
8,6,2,2,27,-0.019462060616654009,0.035402470867684777
8,6,2,2,28,-0.021286555791211192,0.038466496865194322
8,6,2,2,29,-0.023213191846044312,0.04167938405049143
8,6,2,2,30,-0.025244155783527011,0.045043342343706327
8,6,2,2,31,-0.027381602777104552,0.048560552495779952
8,6,2,2,32,-0.029627656028680116,0.052233166157511501
8,6,2,2,33,-0.03198440664967106,0.05606330590836317
8,6,2,2,34,-0.034453913564419514,0.060053065248030779
8,6,2,2,35,-0.037038203434752726,0.064204508554288608
8,6,2,2,36,-0.03973927060427207,0.068519671010019989
8,6,2,2,37,-0.042559077061560258,0.073000558501859492
8,6,2,2,38,-0.045499552420885658,0.077649147493474846
8,6,2,2,39,-0.048562593919693198,0.082467384875531402
8,6,2,2,40,-0.051750066431865971,0.087457187794570679
8,6,2,2,41,-0.0550638024956418,0.092620443463101165
8,6,2,2,42,-0.058505602355707342,0.097959008952547277
8,6,2,2,43,-0.062077234018376171,0.10347471097099104
8,6,2,2,44,-0.065780433319251319,0.10916934562724689
8,6,2,2,45,-0.069616904002561819,0.11504467818307385
8,6,2,2,46,-0.073588317811623671,0.12110244279456284
8,6,2,2,47,-0.077696314589620341,0.12734434224442037
8,6,2,2,48,-0.081942502390169869,0.13377204766623074
8,6,2,2,49,-0.086328457597123487,0.14038719826181545
8,6,2,2,50,-0.090855725053018421,0.14719140101287498
8,6,2,2,51,-0.095525818195602019,0.15418623038787604
8,6,2,2,52,-0.10034021920198311,0.16137322804519183
8,6,2,2,53,-0.10530037913990542,0.16875390253328071
8,6,2,2,54,-0.1104077181257046,0.17632972898874444
8,6,2,2,55,-0.11566362548844356,0.18410214883318177
8,6,2,2,56,-0.12106945993995422,0.19207256946924267
8,6,2,2,57,-0.1266265497500807,0.20024236397697959
8,6,2,2,58,-0.1323361929271516,0.20861287081071211
8,6,2,2,59,-0.13819965740297091,0.21718539349719346
8,6,2,2,60,-0.14421818122208885,0.22596120033567535
8,6,2,2,61,-0.15039297273503616,0.23494152410023783
8,6,2,2,62,-0.15672521079518331,0.24412756174493899
8,6,2,2,63,-0.16321604495888042,0.25352047411225931
8,6,2,2,64,-0.16986659568858919,0.26312138564512644
8,6,2,2,65,-0.17667794179864194,0.27293140336554778
8,6,2,2,66,-0.18365105414287486,0.2829517179107871
8,6,2,2,67,-0.19078687443127018,0.29318348540904593
8,6,2,2,68,-0.19808631543988264,0.30362782718927617
8,6,2,2,69,-0.20555026122279774,0.31428582949616646
8,6,2,2,70,-0.21317956732603283,0.32515854321007176
8,6,2,2,71,-0.22097506100313691,0.33624698357261062
8,6,2,2,72,-0.22893754143224476,0.34755212991771367
8,6,2,2,73,-0.23706777993443007,0.35907492540876718
8,6,2,2,74,-0.24536652019315208,0.37081627678167417
8,6,2,2,75,-0.25383447847464602,0.38277705409433538
8,6,2,2,76,-0.26247234384897955,0.39495809048259445
8,6,2,2,77,-0.27128077841169773,0.40736018192284174
8,6,2,2,78,-0.28026041750592312,0.4199840870013738
8,6,2,2,79,-0.28941186994457802,0.43283052669093325
8,6,2,2,80,-0.29873571823275658,0.44590018413418753
8,6,2,2,81,-0.30823251878999147,0.45919370443467111
8,6,2,2,82,-0.31790280217232625,0.47271169445501637
8,6,2,2,83,-0.32774707329404351,0.48645472262278944
8,6,2,2,84,-0.33776581164882136,0.50042331874410595
8,6,2,2,85,-0.3479594715304124,0.51461797382487684
8,6,2,2,86,-0.358328482252529,0.52903913990010598
8,6,2,2,87,-0.3688732483678181,0.54368722987113982
8,6,2,2,88,-0.37959414988603113,0.55856261735110213
8,6,2,2,89,-0.39049154249105045,0.57366563651845559
8,6,2,2,90,-0.40156575775672221,0.58899658197904825
8,6,2,2,91,-0.41281710336160127,0.60455570863642838
8,6,2,2,92,-0.42424586330226388,0.62034323157072746
8,6,2,2,93,-0.43585229810521597,0.63635932592613631
8,6,2,2,94,-0.44763664503739142,0.6526041268070909
8,6,2,2,95,-0.45959911831510714,0.66907772918308461
8,6,2,2,96,-0.47173990931139165,0.68578018780241778
8,6,2,2,97,-0.48405918676160398,0.70271151711488733
8,6,2,2,98,-0.49655709696755368,0.71987169120326655
8,6,2,2,99,-0.5092337639996003,0.73726064372401645
8,6,2,2,100,-0.52208928989721515,0.75487826785699264
8,6,2,2,101,-0.53512375486752251,0.77272441626435595
8,6,2,2,102,-0.54833721748219766,0.79079890105867301
8,6,2,2,103,-0.56172971487228884,0.80910149378037588
8,6,2,2,104,-0.57530126292132944,0.82763192538449215
8,6,2,2,105,-0.58905185645645175,0.84638988623675082
8,6,2,2,106,-0.60298146943763564,0.86537502611928607
8,6,2,2,107,-0.6170900551450087,0.88458695424563916
8,6,2,2,108,-0.63137754636432564,0.90402523928543588
8,6,2,2,109,-0.64584385557045487,0.92368940939859534
8,6,2,2,110,-0.66048887510905541,0.94357895227916433
8,6,2,2,111,-0.67531247737631084,0.96369331520889945
8,6,2,2,112,-0.69031451499690366,0.98403190512046657
8,6,2,2,113,-0.70549482100009109,1.0045940886704101
8,6,2,2,114,-0.72085320899403227,1.0253791923218902
8,6,2,2,115,-0.73638947333829474,1.0463865024373327
8,6,2,2,116,-0.75210338931470111,1.0676152653807196
8,6,2,2,117,-0.76799471329647151,1.0890646876299508
8,6,2,2,118,-0.78406318291567301,1.1107339358989581
8,6,2,2,119,-0.80030851722915908,1.1326221372697509
8,6,2,2,120,-0.81673041688286596,1.1547283793344771
8,6,2,2,121,-0.83332856427472679,1.1770517103472766
8,6,2,2,122,-0.8501026237160314,1.1995911393862606
8,6,2,2,123,-0.86705224159149274,1.222345636525346
8,6,2,2,124,-0.88417704651795326,1.2453141330160871
8,6,2,2,125,-0.90147664950189776,1.2684955214795095
8,6,2,2,126,-0.91895064409568961,1.291888656107945
8,6,2,2,127,-0.93659860655273541,1.3154923528768099
8,6,2,2,128,-0.95442009598161737,1.3393053897664013
8,6,2,2,129,-0.97241465449922626,1.363326506993598
8,6,2,2,130,-0.99058180738298418,1.3875544072536523
8,6,2,2,131,-1.0089210632222345,1.4119877559717886
8,6,2,2,132,-1.0274319140689048,1.4366251815648461
8,6,2,2,133,-1.0461138355874366,1.4614652757127837
8,6,2,2,134,-1.0649662872041832,1.4865065936400939
8,6,2,2,135,-1.0839887122562453,1.5117476544070558
8,6,2,2,136,-1.1031805381398363,1.5371869412108747
8,6,2,2,137,-1.1225411764583304,1.5628229016965562
8,6,2,2,138,-1.142070023170022,1.5886539482776019
8,6,2,2,139,-1.1617664587356025,1.6146784584664176
8,6,2,2,140,-1.1816298482656362,1.6408947752143992
8,6,2,2,141,-1.2016595416678211,1.6673012072616094
8,6,2,2,142,-1.2218548737944923,1.6938960294960697
8,6,2,2,143,-1.2422151645899493,1.7206774833226413
8,6,2,2,144,-1.2627397192382539,1.7476437770412607
8,6,2,2,145,-1.2834278283111067,1.7747930862345522
8,6,2,2,146,-1.3042787679160506,1.8021235541649805
8,6,2,2,147,-1.3252917998451574,1.8296332921810627
8,6,2,2,148,-1.3464661717242032,1.8573203801328182
8,6,2,2,149,-1.3678011171622706,1.8851828667963337
8,6,2,2,150,-1.3892958559020452,1.9132187703074539
8,6,2,2,151,-1.4109495939708339,1.9414260786042443
8,6,2,2,152,-1.43276152383221,1.9698027498783826
8,6,2,2,153,-1.4547308245385859,1.9983467130353316
8,6,2,2,154,-1.4768566618845402,2.0270558681631496
8,6,2,2,155,-1.4991381885612109,2.0559280870097703
8,6,2,2,156,-1.5215745443115103,2.0849612134688638
8,6,2,2,157,-1.5441648560864718,2.1141530640739119
8,6,2,2,158,-1.5669082382027022,2.1435014285005853
8,6,2,2,159,-1.5898037925008712,2.1730040700771642
8,6,2,2,160,-1.612850608505495,2.2026587263029502
8,6,2,2,161,-1.6360477635858017,2.232463109374522
8,6,2,2,162,-1.6593943231180186,2.262414906719759
8,6,2,2,163,-1.6828893406488077,2.2925117815393441
8,6,2,2,164,-1.706531858060123,2.3227513733558496
8,6,2,2,165,-1.7303209057354052,2.3531312985699686
8,6,2,2,166,-1.7542555027271589,2.3836491510240059
8,6,2,2,167,-1.7783346569258895,2.414302502572427
8,6,2,2,168,-1.802557365230617,2.4450889036590624
8,6,2,2,169,-1.826922613720644,2.4760058839012529
8,6,2,2,170,-1.8514293778289725,2.5070509526802813
8,6,2,2,171,-1.8760766225170311,2.5382215997384523
8,6,2,2,172,-1.9008633024510224,2.5695152957820682
8,6,2,2,173,-1.925788362179659,2.6009294930907396
8,6,2,2,174,-1.9508507363134642,2.6324616261322791
8,6,2,2,175,-1.9760493497054554,2.6641091121835352
8,6,2,2,176,-2.0013831176334316,2.6958693519565062
8,6,2,2,177,-2.0268509459836159,2.7277397302298807
8,6,2,2,178,-2.0524517314358395,2.7597176164857515
8,6,2,2,179,-2.0781843616501261,2.7918003655510977
8,6,2,2,180,-2.1040477154546986,2.8239853182442571
8,6,2,2,181,-2.1300406630354098,2.85626980202571
8,6,2,2,182,-2.1561620661265324,2.8886511316533885
8,6,2,2,183,-2.1824107782029198,2.9211266098420592
8,6,2,2,184,-2.2087856446734557,2.9536935279267125
8,6,2,2,185,-2.2352855030757901,2.9863491665295867
8,6,2,2,186,-2.2619091832723925,3.0190907962308748
8,6,2,2,187,-2.2886555076476691,3.0519156782426977
8,6,2,2,188,-2.3155232913064205,3.0848210650861239
8,6,2,2,189,-2.3425113422732737,3.1178042012712375
8,6,2,2,190,-2.3696184616932738,3.1508623239797555
8,6,2,2,191,-2.3968434440334807,3.1839926637502098
8,6,2,2,192,-2.4241850772855065,3.217192445165304
8,6,2,2,193,-2.4516421431689972,3.250458887541416
8,6,2,2,194,-2.4792134173359792,3.2837892056197444
8,6,2,2,195,-2.5068976695759861,3.3171806102592321
8,6,2,2,196,-2.5346936640219475,3.3506303091306395
8,6,2,2,197,-2.5626001593567151,3.3841355074119588
8,6,2,2,198,-2.5906159090202276,3.4176934084846038
8,6,2,2,199,-2.6187396614172629,3.4513012146303006
8,6,2,2,200,-2.6469701601255613,3.4849561277284917
8,6,2,2,201,-2.6753061441044279,3.5186553499539115
8,6,2,2,202,-2.7037463479036905,3.5523960844741436
8,6,2,2,203,-2.7322895018728586,3.5861755361470182
8,6,2,2,204,-2.7609343323705016,3.6199909122174412
8,6,2,2,205,-2.7896795619737458,3.6538394230136468
8,6,2,2,206,-2.8185239096878201,3.6877182826424271
8,6,2,2,207,-2.8474660911555203,3.7216247096832382
8,6,2,2,208,-2.8765048188666267,3.7555559278809629
8,6,2,2,209,-2.9056388023670774,3.7895091668369822
8,6,2,2,210,-2.9348667484678903,3.8234816626984887
8,6,2,2,211,-2.9641873614537131,3.857470658845652
8,6,2,2,212,-2.9935993432910202,3.8914734065765733
8,6,2,2,213,-3.0231013938357143,3.9254871657895709
8,6,2,2,214,-3.0526922110402035,3.9595092056629118
8,6,2,2,215,-3.0823704911597805,3.9935368053313351
8,6,2,2,216,-3.1121349289582878,4.0275672545596137
8,6,2,2,217,-3.1419842179129462,4.0615978544124607
8,6,2,2,218,-3.1719170504183216,4.0956259179209447
8,6,2,2,219,-3.2019321179892035,4.1296487707450176
8,6,2,2,220,-3.2320281114626317,4.163663751831864
8,6,2,2,221,-3.2622037211985919,4.1976682140700801
8,6,2,2,222,-3.2924576372796222,4.2316595249391629
8,6,2,2,223,-3.32278854970916,4.2656350671544327
8,6,2,2,224,-3.3531951486084175,4.2995922393070067
8,6,2,2,225,-3.3836761244119993,4.3335284564983585
8,6,2,2,226,-3.4142301680618936,4.3674411509699054
8,6,2,2,227,-3.4448559711999618,4.4013277727267512
8,6,2,2,228,-3.4755522263588023,4.4351857901556961
8,6,2,2,229,-3.5063176271509064,4.4690126906373777
8,6,2,2,230,-3.5371508684560182,4.5028059811521661
8,6,2,2,231,-3.5680506466067352,4.5365631888796694
8,6,2,2,232,-3.5990156595721743,4.5702818617917389
8,6,2,2,233,-3.6300446071396761,4.6039595692387056
8,6,2,2,234,-3.6611361910945717,4.6375939025286614
8,6,2,2,235,-3.692289115397779,4.6711824754995996
8,6,2,2,236,-3.7235020863614077,4.7047229250843063
8,6,2,2,237,-3.7547738128220653,4.7382129118677287
8,6,2,2,238,-3.7861030063120307,4.7716501206367168
8,6,2,2,239,-3.817488381228118,4.8050322609218128
8,6,2,2,240,-3.8489286549982351,4.8383570675312377
8,6,2,2,241,-3.8804225482455488,4.8716223010765694
8,6,2,2,242,-3.9119687849502869,4.9048257484900413
8,6,2,2,243,-3.9435660926090632,4.9379652235335829
8,6,2,2,244,-3.9752132023917253,4.9710385672989101
8,6,2,2,245,-4.0069088492956766,5.0040436486990387
8,6,2,2,246,-4.0386517722976523,5.0369783649507616
8,6,2,2,247,-4.0704407145029151,5.0698406420480371
8,6,2,2,248,-4.1022744232917852,5.1026284352261451
8,6,2,2,249,-4.1341516504635916,5.1353397294165024
8,6,2,2,250,-4.1660711523779366,5.1679725396918483
8,6,2,2,251,-4.1980316900932069,5.2005249117020282
8,6,2,2,252,-4.2300320295024898,5.2329949220996683
8,6,2,2,253,-4.262070941466634,5.2653806789563298
8,6,2,2,254,-4.2941472019446536,5.2976803221683939
8,6,2,2,255,-4.3262595921213345,5.3298920238529197
8,6,2,2,256,-4.3584068985320803,5.3620139887332972
8,6,2,2,257,-4.3905879131849623,5.394044454514443
8,6,2,2,258,-4.4228014336800019,5.4259816922477135
8,6,2,2,259,-4.4550462633256513,5.4578240066851667
8,6,2,2,260,-4.4873212112524765,5.489569736623154
8,6,2,2,261,-4.5196250925240484,5.5212172552353636
8,6,2,2,262,-4.5519567282450382,5.5527649703947555
8,6,2,2,263,-4.5843149456664847,5.5842113249849641
8,6,2,2,264,-4.6166985782884034,5.6155547972003585
8,6,2,2,265,-4.6491064659594183,5.6467939008353092
8,6,2,2,266,-4.6815374549737996,5.6779271855622175
8,6,2,2,267,-4.7139903981656293,5.7089532371984193
8,6,2,2,268,-4.7464641550003348,5.7398706779617257
8,6,2,2,269,-4.7789575916633131,5.7706781667148626
8,6,2,2,270,-4.8114695811460715,5.8013743991982754
8,6,2,2,271,-4.8439990033294631,5.8319581082517642
8,6,2,2,272,-4.8765447450643817,5.862428064024586
8,6,2,2,273,-4.9091057002497553,5.8927830741739431
8,6,2,2,274,-4.9416807699078742,5.9230219840521157
8,6,2,2,275,-4.9742688622572082,5.9531436768819139
8,6,2,2,276,-5.0068688927824843,5.9831470739206329
8,6,2,2,277,-5.0394797843024364,6.0130311346122092
8,6,2,2,278,-5.0721004670347849,6.0427948567279701
8,6,2,2,279,-5.1047298786588975,6.0724372764955099
8,6,2,2,280,-5.1373669643759339,6.1019574687160096
8,6,2,2,281,-5.1700106769664913,6.1313545468699573
8,6,2,2,282,-5.2026599768459914,6.1606276632109243
8,6,2,2,283,-5.2353138321175496,6.1897760088479554
8,6,2,2,284,-5.2679712186226357,6.2187988138161039
8,6,2,2,285,-5.3006311199893466,6.2476953471353376
8,6,2,2,286,-5.3332925276785179,6.2764649168577797
8,6,2,2,287,-5.3659544410275313,6.3051068701033133
8,6,2,2,288,-5.3986158672920057,6.3336205930835634
8,6,2,2,289,-5.4312758216853165,6.3620055111142628
8,6,2,2,290,-5.4639333274159876,6.3902610886161417
8,6,2,2,291,-5.4965874157230976,6.4183868291039916
8,6,2,2,292,-5.5292371259096136,6.4463822751646225
8,6,2,2,293,-5.5618815053737505,6.4742470084230144
8,6,2,2,294,-5.5945196096383762,6.5019806494972103
8,6,2,2,295,-5.6271505023786084,6.5295828579418043
8,6,2,2,296,-5.6597732554474423,6.5570533321800326
8,6,2,2,297,-5.692386948899669,6.5843918094246252
8,6,2,2,298,NaN,NaN
8,6,2,2,299,NaN,NaN
8,6,2,2,300,NaN,NaN
8,6,2,2,301,NaN,NaN
8,6,2,2,302,NaN,NaN
8,6,2,2,303,NaN,NaN
8,6,2,2,304,NaN,NaN
8,6,2,2,305,NaN,NaN
8,6,2,2,306,NaN,NaN
8,6,2,2,307,NaN,NaN
8,6,2,2,308,NaN,NaN
8,6,2,2,309,NaN,NaN
8,6,2,2,310,NaN,NaN
8,6,2,2,311,NaN,NaN
8,6,2,2,312,NaN,NaN
8,6,2,2,313,NaN,NaN
8,6,2,2,314,NaN,NaN
8,6,2,2,315,NaN,NaN
8,6,2,2,316,NaN,NaN
8,6,2,2,317,NaN,NaN
8,6,2,2,318,NaN,NaN
8,6,2,2,319,NaN,NaN
8,6,2,2,320,NaN,NaN
8,6,2,2,321,NaN,NaN
8,6,2,2,322,NaN,NaN
8,6,2,2,323,NaN,NaN
8,6,2,2,324,NaN,NaN
8,6,2,2,325,NaN,NaN
8,6,2,2,326,NaN,NaN
8,6,2,2,327,NaN,NaN
8,6,2,2,328,NaN,NaN
8,6,2,2,329,NaN,NaN
8,6,2,2,330,NaN,NaN
8,6,2,2,331,NaN,NaN
8,6,2,2,332,NaN,NaN
8,6,2,2,333,NaN,NaN
8,6,2,2,334,NaN,NaN
8,6,2,2,335,NaN,NaN
8,6,2,2,336,NaN,NaN
8,6,2,2,337,NaN,NaN
8,6,2,2,338,NaN,NaN
8,6,2,2,339,NaN,NaN
8,6,2,2,340,NaN,NaN
8,6,2,2,341,NaN,NaN
8,6,2,2,342,NaN,NaN
8,6,2,2,343,NaN,NaN
8,6,2,2,344,NaN,NaN
8,6,2,2,345,NaN,NaN
8,6,2,2,346,NaN,NaN
8,6,2,2,347,NaN,NaN
8,6,2,2,348,NaN,NaN
8,6,2,2,349,NaN,NaN
8,6,2,2,350,NaN,NaN
8,6,2,2,351,NaN,NaN
8,6,2,2,352,NaN,NaN
8,6,2,2,353,NaN,NaN
8,6,2,2,354,NaN,NaN
8,6,2,2,355,NaN,NaN
8,6,2,2,356,NaN,NaN
8,6,2,2,357,NaN,NaN
8,6,2,2,358,NaN,NaN
8,6,2,2,359,NaN,NaN
8,6,2,2,360,NaN,NaN
8,6,2,2,361,NaN,NaN
8,6,2,2,362,NaN,NaN
8,6,2,2,363,NaN,NaN
8,6,2,2,364,NaN,NaN
8,6,2,2,365,NaN,NaN
8,6,2,2,366,NaN,NaN
8,6,2,2,367,NaN,NaN
8,6,2,2,368,NaN,NaN
8,6,2,2,369,NaN,NaN
8,6,2,2,370,NaN,NaN
8,6,2,2,371,NaN,NaN
8,6,2,2,372,NaN,NaN
8,6,2,2,373,NaN,NaN
8,6,2,2,374,NaN,NaN
8,6,2,2,375,NaN,NaN
8,6,2,2,376,NaN,NaN
8,6,2,2,377,NaN,NaN
8,6,2,2,378,NaN,NaN
8,6,2,2,379,NaN,NaN
8,6,2,2,380,NaN,NaN
8,6,2,2,381,NaN,NaN
8,6,2,2,382,NaN,NaN
8,6,2,2,383,NaN,NaN
8,6,2,2,384,NaN,NaN
8,6,2,2,385,NaN,NaN
8,6,2,2,386,NaN,NaN
8,6,2,2,387,NaN,NaN
8,6,2,2,388,NaN,NaN
8,6,2,2,389,NaN,NaN
8,6,2,2,390,NaN,NaN
8,6,2,2,391,NaN,NaN
8,6,2,2,392,NaN,NaN
8,6,2,2,393,NaN,NaN
8,6,2,2,394,NaN,NaN
8,6,2,2,395,NaN,NaN
8,6,2,2,396,NaN,NaN
8,6,2,2,397,NaN,NaN
8,6,2,2,398,NaN,NaN
8,6,2,2,399,NaN,NaN
8,6,2,2,400,NaN,NaN
8,6,2,2,401,NaN,NaN
8,6,2,2,402,NaN,NaN
8,6,2,2,403,NaN,NaN
8,6,2,2,404,NaN,NaN
8,6,2,2,405,NaN,NaN
8,6,2,2,406,NaN,NaN
8,6,2,2,407,NaN,NaN
8,6,2,2,408,NaN,NaN
8,6,2,2,409,NaN,NaN
8,6,2,2,410,NaN,NaN
8,6,2,2,411,NaN,NaN
8,6,2,2,412,NaN,NaN
8,6,2,2,413,NaN,NaN
8,6,2,2,414,NaN,NaN
8,6,2,2,415,NaN,NaN
8,6,2,2,416,NaN,NaN
8,6,2,2,417,NaN,NaN
8,6,2,2,418,NaN,NaN
8,6,2,2,419,NaN,NaN
8,6,2,2,420,NaN,NaN
8,6,2,2,421,NaN,NaN
8,6,2,2,422,NaN,NaN
8,6,2,2,423,NaN,NaN
8,6,2,2,424,NaN,NaN
8,6,2,2,425,NaN,NaN
8,6,2,2,426,NaN,NaN
8,6,2,2,427,NaN,NaN
8,6,2,2,428,NaN,NaN
8,6,2,2,429,NaN,NaN
8,6,2,2,430,NaN,NaN
8,6,2,2,431,NaN,NaN
8,6,2,2,432,NaN,NaN
8,6,2,2,433,NaN,NaN
8,6,2,2,434,NaN,NaN
8,6,2,2,435,NaN,NaN
8,6,2,2,436,NaN,NaN
8,6,2,2,437,NaN,NaN
8,6,2,2,438,NaN,NaN
8,6,2,2,439,NaN,NaN
8,6,2,2,440,NaN,NaN
8,6,2,2,441,NaN,NaN
8,6,2,2,442,NaN,NaN
8,6,2,2,443,NaN,NaN
8,6,2,2,444,NaN,NaN
8,6,2,2,445,NaN,NaN
8,6,2,2,446,NaN,NaN
8,6,2,2,447,NaN,NaN
8,6,2,2,448,NaN,NaN
8,6,2,2,449,NaN,NaN
8,6,2,2,450,NaN,NaN
8,6,2,2,451,NaN,NaN
8,6,2,2,452,NaN,NaN
8,6,2,2,453,NaN,NaN
8,6,2,2,454,NaN,NaN
8,6,2,2,455,NaN,NaN
8,6,2,2,456,NaN,NaN
8,6,2,2,457,NaN,NaN
8,6,2,2,458,NaN,NaN
8,6,2,2,459,NaN,NaN
8,6,2,2,460,NaN,NaN
8,6,2,2,461,NaN,NaN
8,6,2,2,462,NaN,NaN
8,6,2,2,463,NaN,NaN
8,6,2,2,464,NaN,NaN
8,6,2,2,465,NaN,NaN
8,6,2,2,466,NaN,NaN
8,6,2,2,467,NaN,NaN
8,6,2,2,468,NaN,NaN
8,6,2,2,469,NaN,NaN
8,6,2,2,470,NaN,NaN
8,6,2,2,471,NaN,NaN
8,6,2,2,472,NaN,NaN
8,6,2,2,473,NaN,NaN
8,6,2,2,474,NaN,NaN
8,6,2,2,475,NaN,NaN
8,6,2,2,476,NaN,NaN
8,6,2,2,477,NaN,NaN
8,6,2,2,478,NaN,NaN
8,6,2,2,479,NaN,NaN
8,6,2,2,480,NaN,NaN
8,6,2,2,481,NaN,NaN
8,6,2,2,482,NaN,NaN
8,6,2,2,483,NaN,NaN
8,6,2,2,484,NaN,NaN
8,6,2,2,485,NaN,NaN
8,6,2,2,486,NaN,NaN
8,6,2,2,487,NaN,NaN
8,6,2,2,488,NaN,NaN
8,6,2,2,489,NaN,NaN
8,6,2,2,490,NaN,NaN
8,6,2,2,491,NaN,NaN
8,6,2,2,492,NaN,NaN
8,6,2,2,493,NaN,NaN
8,6,2,2,494,NaN,NaN
8,6,2,2,495,NaN,NaN
8,6,2,2,496,NaN,NaN
8,6,2,2,497,NaN,NaN
8,6,2,2,498,NaN,NaN
8,6,2,2,499,NaN,NaN
8,6,2,2,500,NaN,NaN
8,6,2,2,501,NaN,NaN
8,6,2,2,502,NaN,NaN
8,6,2,2,503,NaN,NaN
8,6,2,2,504,NaN,NaN
8,6,2,2,505,NaN,NaN
8,6,2,2,506,NaN,NaN
8,6,2,2,507,NaN,NaN
8,6,2,2,508,NaN,NaN
8,6,2,2,509,NaN,NaN
8,6,2,2,510,NaN,NaN
8,6,2,2,511,NaN,NaN
8,6,2,2,512,NaN,NaN
8,6,2,2,513,NaN,NaN
8,6,2,2,514,NaN,NaN
8,6,2,2,515,NaN,NaN
8,6,2,2,516,NaN,NaN
8,6,2,2,517,NaN,NaN
8,6,2,2,518,NaN,NaN
8,6,2,2,519,NaN,NaN
8,6,2,2,520,NaN,NaN
8,6,2,2,521,NaN,NaN
8,6,2,2,522,NaN,NaN
8,6,2,2,523,NaN,NaN
8,6,2,2,524,NaN,NaN
8,6,2,2,525,NaN,NaN
8,6,2,2,526,NaN,NaN
8,6,2,2,527,NaN,NaN
8,6,2,2,528,NaN,NaN
8,6,2,2,529,NaN,NaN
8,6,2,2,530,NaN,NaN
8,6,2,2,531,NaN,NaN
8,6,2,2,532,NaN,NaN
8,6,2,2,533,NaN,NaN
8,6,2,2,534,NaN,NaN
8,6,2,2,535,NaN,NaN
8,6,2,2,536,NaN,NaN
8,6,2,2,537,NaN,NaN
8,6,2,2,538,NaN,NaN
8,6,2,2,539,NaN,NaN
8,6,2,2,540,NaN,NaN
8,6,2,2,541,NaN,NaN
8,6,2,2,542,NaN,NaN
8,6,2,2,543,NaN,NaN
8,6,2,2,544,NaN,NaN
8,6,2,2,545,NaN,NaN
8,6,2,2,546,NaN,NaN
8,6,2,2,547,NaN,NaN
8,6,2,2,548,NaN,NaN
8,6,2,2,549,NaN,NaN
8,6,2,2,550,NaN,NaN
8,6,2,2,551,NaN,NaN
8,6,2,2,552,NaN,NaN
8,6,2,2,553,NaN,NaN
8,6,2,2,554,NaN,NaN
8,6,2,2,555,NaN,NaN
8,6,2,2,556,NaN,NaN
8,6,2,2,557,NaN,NaN
8,6,2,2,558,NaN,NaN
8,6,2,2,559,NaN,NaN
8,6,2,2,560,NaN,NaN
8,6,2,2,561,NaN,NaN
8,6,2,2,562,NaN,NaN
8,6,2,2,563,NaN,NaN
8,6,2,2,564,NaN,NaN
8,6,2,2,565,NaN,NaN
8,6,2,2,566,NaN,NaN
8,6,2,2,567,NaN,NaN
8,6,2,2,568,NaN,NaN
8,6,2,2,569,NaN,NaN
8,6,2,2,570,NaN,NaN
8,6,2,2,571,NaN,NaN
8,6,2,2,572,NaN,NaN
8,6,2,2,573,NaN,NaN
8,6,2,2,574,NaN,NaN
8,6,2,2,575,NaN,NaN
8,6,2,2,576,NaN,NaN
8,6,2,2,577,NaN,NaN
8,6,2,2,578,NaN,NaN
8,6,2,2,579,NaN,NaN
8,6,2,2,580,NaN,NaN
8,6,2,2,581,NaN,NaN
8,6,2,2,582,NaN,NaN
8,6,2,2,583,NaN,NaN
8,6,2,2,584,NaN,NaN
8,6,2,2,585,NaN,NaN
8,6,2,2,586,NaN,NaN
8,6,2,2,587,NaN,NaN
8,6,2,2,588,NaN,NaN
8,6,2,2,589,NaN,NaN
8,6,2,2,590,NaN,NaN
8,6,2,2,591,NaN,NaN
8,6,2,2,592,NaN,NaN
8,6,2,2,593,NaN,NaN
8,6,2,2,594,NaN,NaN
8,6,2,2,595,NaN,NaN
8,6,2,2,596,NaN,NaN
8,6,2,2,597,NaN,NaN
8,6,2,2,598,NaN,NaN
8,6,2,2,599,NaN,NaN
8,6,2,56,0,0,0
8,6,2,56,1,0,0
8,6,2,56,2,-3.0994430660902239e-05,7.237310011010134e-05
8,6,2,56,3,-9.5365236069122616e-05,0.00021961716256679864
8,6,2,56,4,-0.00019545636645301734,0.00044420157627733659
8,6,2,56,5,-0.00033357310748605151,0.00074856965165959188
8,6,2,56,6,-0.00051198146685527135,0.0011351407806364788
8,6,2,56,7,-0.00073290761504196666,0.0016063123786297373
8,6,2,56,8,-0.000998537377100428,0.0021644616246041526
8,6,2,56,9,-0.0013110157730700234,0.0028119470133952662
8,6,2,56,10,-0.0016724466041617703,0.003551109734364899
8,6,2,56,11,-0.0020848920825267125,0.0043842748887551464
8,6,2,56,12,-0.0025503725023134916,0.0053137525576313349
8,6,2,56,13,-0.0030708659500611191,0.0063418387313579627
8,6,2,56,14,-0.0036483080523119771,0.0074708161108105742
8,6,2,56,15,-0.0042845917588796301,0.0087029547895828285
8,6,2,56,16,-0.0049815671598285594,0.0100405128264619
8,6,2,56,17,-0.005741041334877961,0.011485736715693973
8,6,2,56,18,-0.0065647782334199434,0.01304086176333874
8,6,2,56,19,-0.0074544985841085154,0.014708112376191074
8,6,2,56,20,-0.00841187983235403,0.016489702270353068
8,6,2,56,21,-0.0094385561048682121,0.018387834605146369
8,6,2,56,22,-0.010536118199794275,0.020404702048457124
8,6,2,56,23,-0.011706113601439583,0.022542486778473481
8,6,2,56,24,-0.012950046518667158,0.024803360426994825
8,6,2,56,25,-0.014269377945824724,0.027189483968761974
8,6,2,56,26,-0.015665525745361952,0.029703007561157624
8,6,2,56,27,-0.017139864751236633,0.032346070338168387
8,6,2,56,28,-0.018693726892304863,0.035120800162402599
8,6,2,56,29,-0.020328401334879231,0.038029313338480697
8,6,2,56,30,-0.022045134643594588,0.041073714291256502
8,6,2,56,31,-0.023845130960137295,0.044256095211389623
8,6,2,56,32,-0.02572955219874995,0.047578535671685684
8,6,2,56,33,-0.027699518258256228,0.051043102216127845
8,6,2,56,34,-0.029756107249595543,0.054651847924586106
8,6,2,56,35,-0.031900355738562203,0.058406811954991866
8,6,2,56,36,-0.034133259002966376,0.062310019065381361
8,6,2,56,37,-0.036455771303678386,0.06636347911773699
8,6,2,56,38,-0.038868806169112258,0.07056918656511979
8,6,2,56,39,-0.041373236692476834,0.074929119924266319
8,6,2,56,40,-0.043969895841372564,0.079445241234896158
8,6,2,56,41,-0.046659576779201073,0.084119495507314901
8,6,2,56,42,-0.049443033197882347,0.088953810159728142
8,6,2,56,43,-0.052320979661452105,0.093950094446473842
8,6,2,56,44,-0.055294091960145231,0.099110238878427626
8,6,2,56,45,-0.05836300747423806,0.104436114636694
8,6,2,56,46,-0.061528325547666185,0.10992957298065764
8,6,2,56,47,-0.064790607870507388,0.11559244465130514
8,6,2,56,48,-0.068150378870357464,0.12142653927081914
8,6,2,56,49,-0.071608126111821768,0.12743364473924434
8,6,2,56,50,-0.075164300704011477,0.13361552662913556
8,6,2,56,51,-0.078819317715489445,0.13997392757872651
8,6,2,56,52,-0.08257355659634924,0.14651056668455176
8,6,2,56,53,-0.08642736160704434,0.1532271388942158
8,6,2,56,54,-0.090381042253678823,0.16012531439949518
8,6,2,56,55,-0.094434873729187796,0.1672067380311032
8,6,2,56,56,-0.098589097360396449,0.17447302865490899
8,6,2,56,57,-0.10284392106028051,0.18192577857068237
8,6,2,56,58,-0.10719951978533926,0.18956655291355595
8,6,2,56,59,-0.11165603599762597,0.19739688905882624
8,6,2,56,60,-0.11621358013118588,0.20541829603040462
8,6,2,56,61,-0.12087223106250211,0.21363225391346219
8,6,2,56,62,-0.1256320365847774,0.22204021327154877
8,6,2,56,63,-0.13049301388561307,0.23064359456860528
8,6,2,56,64,-0.13545515002789665,0.23944378759630791
8,6,2,56,65,-0.14051840243358704,0.24844215090682187
8,6,2,56,66,-0.14568269937003664,0.25764001125167801
8,6,2,56,67,-0.15094794043872262,0.2670386630266669
8,6,2,56,68,-0.1563139970660099,0.27663936772339415
8,6,2,56,69,-0.16178071299574603,0.28644335338745552
8,6,2,56,70,-0.16734790478333816,0.29645181408381738
8,6,2,56,71,-0.17301536229128445,0.30666590936936633
8,6,2,56,72,-0.17878284918561582,0.31708676377314171
8,6,2,56,73,-0.18465010343328703,0.32771546628422021
8,6,2,56,74,-0.19061683780015048,0.33855306984772182
8,6,2,56,75,-0.19668274034929656,0.34960059086903972
8,6,2,56,76,-0.20284747493958255,0.36085900872646071
8,6,2,56,77,-0.20911068172416725,0.37232926529253696
8,6,2,56,78,-0.21547197764879567,0.38401226446422576
8,6,2,56,79,-0.22193095694963971,0.39590887170219968
8,6,2,56,80,-0.22848719165061149,0.40801991357925227
8,6,2,56,81,-0.2351402320597662,0.4203461773383127
8,6,2,56,82,-0.24188960726490571,0.432888410459914
8,6,2,56,83,-0.24873482562786653,0.4456473202396033
8,6,2,56,84,-0.25567537527774187,0.45862357337510817
8,6,2,56,85,-0.26271072460244405,0.47181779556393078
8,6,2,56,86,-0.26984032273888459,0.48523057111092838
8,6,2,56,87,-0.27706360006124475,0.4988624425465521
8,6,2,56,88,-0.28437996866758075,0.51271391025559387
8,6,2,56,89,-0.29178882286422514,0.5267854321168719
8,6,2,56,90,-0.2992895396482731,0.54107742315358809
8,6,2,56,91,-0.30688147918772612,0.55559025519499317
8,6,2,56,92,-0.31456398529942087,0.57032425654910679
8,6,2,56,93,-0.32233638592430447,0.58527971168700899
8,6,2,56,94,-0.33019799360047841,0.60045686093836703
8,6,2,56,95,-0.33814810593337241,0.61585590019889447
8,6,2,56,96,-0.34618600606330374,0.63147698064942581
8,6,2,56,97,-0.35431096313031096,0.64732020848695671
8,6,2,56,98,-0.36252223273602335,0.66338564466776606
8,6,2,56,99,-0.37081905740263266,0.67967330466273679
8,6,2,56,100,-0.37920066702891719,0.69618315822495835
8,6,2,56,101,-0.3876662793431962,0.7129151291697583
8,6,2,56,102,-0.39621510035309226,0.72986909516745135
8,6,2,56,103,-0.40484632479230176,0.74704488754851195
8,6,2,56,104,-0.41355913656406784,0.7644422911218085
8,6,2,56,105,-0.42235270918135615,0.78206104400565246
8,6,2,56,106,-0.43122620620396623,0.79990083747182583
8,6,2,56,107,-0.4401787816721181,0.81796131580287867
8,6,2,56,108,-0.44920958053684679,0.83624207616261048
8,6,2,56,109,-0.45831773908701634,0.85474266847986036
8,6,2,56,110,-0.46750238537290878,0.87346259534592241
8,6,2,56,111,-0.47676263962653787,0.89240131192528938
8,6,2,56,112,-0.48609761467844348,0.91155822588024071
8,6,2,56,113,-0.49550641637115533,0.93093269730909201
8,6,2,56,114,-0.50498814396920944,0.95052403869823887
8,6,2,56,115,-0.51454189056577282,0.97033151488818969
8,6,2,56,116,-0.52416674348574888,0.99035434305355385
8,6,2,56,117,-0.53386178468563528,1.0105916926971132
8,6,2,56,118,-0.54362609114977922,1.0310426856579595
8,6,2,56,119,-0.55345873528328537,1.0517063961340472
8,6,2,56,120,-0.56335878530159866,1.0725818507187097
8,6,2,56,121,-0.57332530561650108,1.0936680284518467
8,6,2,56,122,-0.58335735721889437,1.1149638608852346
8,6,2,56,123,-0.59345399805803001,1.1364682321624158
8,6,2,56,124,-0.60361428341748624,1.1581799791130472
8,6,2,56,125,-0.61383726628769786,1.1800978913617448
8,6,2,56,126,-0.62412199773517196,1.2022207114515489
8,6,2,56,127,-0.63446752726828426,1.2245471349819681
8,6,2,56,128,-0.64487290319985013,1.2470758107615443
8,6,2,56,129,-0.65533717300622629,1.2698053409752552
8,6,2,56,130,-0.66585938368323716,1.2927342813663674
8,6,2,56,131,-0.67643858209864294,1.3158611414331194
8,6,2,56,132,-0.68707381534142131,1.3391843846399936
8,6,2,56,133,-0.69776413106767965,1.3627024286436806
8,6,2,56,134,-0.70850857784331422,1.3864136455336933
8,6,2,56,135,-0.71930620548337765,1.4103163620876518
8,6,2,56,136,-0.73015606538816558,1.4344088600411864
8,6,2,56,137,-0.74105721087598386,1.4586893763724658
8,6,2,56,138,-0.7520086975126905,1.4831561036013046
8,6,2,56,139,-0.76300958343791248,1.5078071901027972
8,6,2,56,140,-0.7740589296880096,1.5326407404354037
8,6,2,56,141,-0.78515580051570222,1.5576548156836427
8,6,2,56,142,-0.79629926370645698,1.5828474338149656
8,6,2,56,143,-0.80748839089148094,1.6082165700511268
8,6,2,56,144,-0.81872225785747377,1.6337601572537552
8,6,2,56,145,-0.82999994485297157,1.6594760863240965
8,6,2,56,146,-0.84132053689137676,1.6853622066169334
8,6,2,56,147,-0.85268312405057944,1.7114163263684397
8,6,2,56,148,-0.86408680176920938,1.7376362131380136
8,6,2,56,149,-0.8755306711393851,1.7640195942639907
8,6,2,56,150,-0.88701383919612686,1.7905641573328941
8,6,2,56,151,-0.89853541920315028,1.8172675506625242
8,6,2,56,152,-0.91009453093521264,1.8441273837984273
8,6,2,56,153,-0.92169030095688442,1.8711412280236317
8,6,2,56,154,-0.93332186289770136,1.8983066168817897
8,6,2,56,155,-0.94498835772366396,1.9256210467132799
8,6,2,56,156,-0.95668893400508992,1.9530819772043655
8,6,2,56,157,-0.96842274818068619,1.9806868319489357
8,6,2,56,158,-0.98018896481778528,2.0084329990231993
8,6,2,56,159,-0.99198675686886228,2.036317831572529
8,6,2,56,160,-1.0038153059240107,2.0643386484107933
8,6,2,56,161,-1.0156738024595269,2.092492734631743
8,6,2,56,162,-1.0275614460824589,2.1207773422323801
8,6,2,56,163,-1.0394774457710199,2.1491896907480186
8,6,2,56,164,-1.0514210201109098,2.1777269678988991
8,6,2,56,165,-1.0633913975273523,2.2063863302482165
8,6,2,56,166,-1.0753878165128461,2.2351649038712313
8,6,2,56,167,-1.0874095258505134,2.2640597850353243
8,6,2,56,168,-1.0994557848331032,2.2930680408907915
8,6,2,56,169,-1.1115258634772529,2.3221867101721112
8,6,2,56,170,-1.1236190427333981,2.3514128039094113
8,6,2,56,171,-1.135734614690731,2.38074330615011
8,6,2,56,172,-1.1478718827775958,2.4101751746901794
8,6,2,56,173,-1.1600301619569098,2.4397053418150323
8,6,2,56,174,-1.1722087789166113,2.4693307150497028
8,6,2,56,175,-1.1844070722551892,2.4990481779180036
8,6,2,56,176,-1.1966243926619602,2.5288545907105746
8,6,2,56,177,-1.2088601030922297,2.5587467912612656
8,6,2,56,178,-1.2211135789370831,2.5887215957319549
8,6,2,56,179,-1.2333842081878432,2.6187757994051957
8,6,2,56,180,-1.2456713915950046,2.6489061774846503
8,6,2,56,181,-1.2579745428216049,2.6791094859028002
8,6,2,56,182,-1.270293088590968,2.7093824621360092
8,6,2,56,183,-1.2826264688286182,2.7397218260261784
8,6,2,56,184,-1.2949741367984324,2.7701242806091346
8,6,2,56,185,-1.3073355592328251,2.8005865129492018
8,6,2,56,186,-1.3197102164568986,2.8311051949796577
8,6,2,56,187,-1.3320976025065323,2.8616769843489958
8,6,2,56,188,-1.3444972252402043,2.8922985252724462
8,6,2,56,189,-1.3569086064446734,2.9229664493884338
8,6,2,56,190,-1.3693312819340997,2.9536773766200479
8,6,2,56,191,-1.3817648016429318,2.9844279160406217
8,6,2,56,192,-1.3942087297120986,3.0152146667436459
8,6,2,56,193,-1.4066626445687513,3.0460342187163398
8,6,2,56,194,-1.4191261389992105,3.0768831537167918
8,6,2,56,195,-1.4315988202152019,3.1077580461541938
8,6,2,56,196,-1.4440803099133648,3.1386554639718707
8,6,2,56,197,-1.456570244327704,3.1695719695329942
8,6,2,56,198,-1.4690682742752814,3.200504120508227
8,6,2,56,199,-1.4815740651947185,3.231448470765494
8,6,2,56,200,-1.4940872971777763,3.2624015712611061
8,6,2,56,201,-1.506607664993731,3.2933599709322054
8,6,2,56,202,-1.5191348781065817,3.3243202175900626
8,6,2,56,203,-1.5316686606851038,3.3552788588139233
8,6,2,56,204,-1.5442087516054914,3.3862324428451913
8,6,2,56,205,-1.5567549044468942,3.417177519481343
8,6,2,56,206,-1.5693068874794103,3.4481106409696927
8,6,2,56,207,-1.5818644836448736,3.4790283629001468
8,6,2,56,208,-1.5944274905301425,3.5099272450971246
8,6,2,56,209,-1.6069957203329821,3.5408038525100216
8,6,2,56,210,-1.6195689998205587,3.5716547561019163
8,6,2,56,211,-1.6321471702804236,3.6024765337363651
8,6,2,56,212,-1.6447300874640802,3.6332657710617862
8,6,2,56,213,-1.6573176215230134,3.664019062393256
8,6,2,56,214,-1.669909656937385,3.6947330115912558
8,6,2,56,215,-1.6825060924371305,3.7254042329372403
8,6,2,56,216,-1.6951068409157444,3.7560293520055104
8,6,2,56,217,-1.707711829336489,3.7866050065312655
8,6,2,56,218,-1.720320998631375,3.817127847274457
8,6,2,56,219,-1.7329343035926204,3.8475945388790262
8,6,2,56,220,-1.7455517127567988,3.8780017607275314
8,6,2,56,221,-1.7581732082817436,3.9083462077904279
8,6,2,56,222,-1.7707987858160745,3.9386245914702189
8,6,2,56,223,-1.7834284543616463,3.9688336404396396
8,6,2,56,224,-1.7960622361287093,3.9989701014740948
8,6,2,56,225,-1.8087001663840363,4.0290307402776975
8,6,2,56,226,-1.8213422932919998,4.0590123423028173
8,6,2,56,227,-1.8339886777486658,4.088911713562787
8,6,2,56,228,-1.846639393208982,4.1187256814376099
8,6,2,56,229,-1.8592945255072379,4.148451095472125
8,6,2,56,230,-1.8719541726706757,4.178084828166698
8,6,2,56,231,-1.8846184447265435,4.207623775760025
8,6,2,56,232,-1.8972874635026005,4.2370648590036701
8,6,2,56,233,-1.9099613624211809,4.2664050239283684
8,6,2,56,234,-1.9226402862869141,4.2956412426015307
8,6,2,56,235,-1.9353243910682272,4.3247705138760164
8,6,2,56,236,-1.948013843672769,4.353789864129662
8,6,2,56,237,-1.9607088217168278,4.3826963479955658
8,6,2,56,238,-1.9734095132888985,4.4114870490826599
8,6,2,56,239,-1.986116116707537,4.440159080686648
8,6,2,56,240,-1.9988288402736032,4.4687095864907187
8,6,2,56,241,-2.0115479020170692,4.4971357412562583
8,6,2,56,242,-2.0242735294385641,4.5254347515028384
8,6,2,56,243,-2.0370059592456471,4.5536038561778795
8,6,2,56,244,-2.0497454370842219,4.5816403273151955
8,6,2,56,245,-2.0624922172649662,4.6095414706826849
8,6,2,56,246,-2.0752465624852112,4.637304626418695
8,6,2,56,247,-2.0880087435461658,4.6649271696571066
8,6,2,56,248,-2.1007790390658809,4.6924065111406819
8,6,2,56,249,-2.1135577351879764,4.7197400978228634
8,6,2,56,250,-2.1263451252864272,4.7469254134574781
8,6,2,56,251,-2.139141509666409,4.7739599791765537
8,6,2,56,252,-2.151947195261589,4.8008413540557546
8,6,2,56,253,-2.164762495327949,4.8275671356675929
8,6,2,56,254,-2.1775877291342671,4.8541349606220781
8,6,2,56,255,-2.1904232216495236,4.880542505094712
8,6,2,56,256,-2.2032693032274899,4.9067874853417344
8,6,2,56,257,-2.2161263092884962,4.9328676582025279
8,6,2,56,258,-2.2289945799987834,4.9587808215889293
8,6,2,56,259,-2.2418744599474572,4.9845248149614747
8,6,2,56,260,-2.2547662978214422,5.0100975197924251
8,6,2,56,261,-2.267670446078407,5.0354968600154288
8,6,2,56,262,-2.2805872606180944,5.0607208024617965
8,6,2,56,263,-2.2935171004520138,5.0857673572832693
8,6,2,56,264,-2.3064603273719895,5.1106345783611538
8,6,2,56,265,-2.3194173056174883,5.1353205637018426
8,6,2,56,266,-2.3323884015421346,5.1598234558185103
8,6,2,56,267,-2.3453739832794804,5.1841414420991629
8,6,2,56,268,-2.3583744204083992,5.208272755160567
8,6,2,56,269,-2.3713900836181026,5.2322156731885423
8,6,2,56,270,-2.384421344373183,5.2559685202640232
8,6,2,56,271,-2.3974685745787596,5.2795296666752618
8,6,2,56,272,-2.4105321462459917,5.3028975292159855
8,6,2,56,273,-2.4236124311581788,5.3260705714692795
8,6,2,56,274,-2.4367098005375842,5.3490473040775672
8,6,2,56,275,-2.4498246247132647,5.3718262849983516
8,6,2,56,276,-2.4629572727900841,5.3944061197457618
8,6,2,56,277,-2.4761081123190589,5.4167854616180815
8,6,2,56,278,-2.4892775089693453,5.4389630119107943
8,6,2,56,279,-2.5024658262019939,5.460937520115813
8,6,2,56,280,-2.5156734249456192,5.4827077841063252
8,6,2,56,281,-2.5289006632743471,5.504272650307426
8,6,2,56,282,-2.5421478960880819,5.5256310138527471
8,6,2,56,283,-2.5554154747953142,5.5467818187268065
8,6,2,56,284,-2.5687037469987239,5.5677240578933498
8,6,2,56,285,-2.5820130561837127,5.5884567734094919
8,6,2,56,286,-2.5953437414100886,5.6089790565258397
8,6,2,56,287,-2.6086961370069828,5.6292900477726473
8,6,2,56,288,-2.6220705722713342,5.6493889370318708
8,6,2,56,289,-2.6354673711700305,5.6692749635953863
8,6,2,56,290,-2.6488868520458784,5.6889474162092029
8,6,2,56,291,-2.6623293273275506,5.7084056331039381
8,6,2,56,292,-2.6757951139122662,5.7276490020557986
8,6,2,56,293,-2.6892845256732412,5.7466769604750141
8,6,2,56,294,-2.702797867954565,5.7654889953861002
8,6,2,56,295,-2.7163354373124338,5.7840846433884625
8,6,2,56,296,-2.7298975212613428,5.8024634906034791
8,6,2,56,297,-2.7434843980253643,5.8206251726082154
8,6,2,56,298,-2.7570963362948064,5.8385693743556315
8,6,2,56,299,-2.770733594988295,5.8562958300815291
8,6,2,56,300,-2.7843964230203246,5.8738043231984252
8,6,2,56,301,-2.7980850590746451,5.8910946861761317
8,6,2,56,302,-2.811799731383319,5.9081668004094841
8,6,2,56,303,-2.8255406575117714,5.9250205960732023
8,6,2,56,304,-2.8393080441498855,5.9416560519638368
8,6,2,56,305,-2.8531020869092094,5.9580731953291863
8,6,2,56,306,-2.8669229701264118,5.9742721016850711
8,6,2,56,307,-2.8807708666730933,5.9902528946196716
8,6,2,56,308,-2.894645937772089,6.0060157455855494
8,6,2,56,309,-2.90854833282016,6.0215608736795181
8,6,2,56,310,-2.922478189217431,6.0368885454102541
8,6,2,56,311,-2.9364356387210631,6.0519990744733771
8,6,2,56,312,-2.9504208113683927,6.0668928216033509
8,6,2,56,313,-2.9644338262182046,6.0815701943372353
8,6,2,56,314,-2.9784747911913323,6.0960316467496751
8,6,2,56,315,-2.9925438029180516,6.1102776791763489
8,6,2,56,316,-3.0066409465925483,6.1243088379258595
8,6,2,56,317,-3.0207662958343762,6.1381257149804771
8,6,2,56,318,-3.0349199125569548,6.1517289476856725
8,6,2,56,319,-3.0491018468432554,6.1651192184285915
8,6,2,56,320,-3.0633121368286611,6.1782972543056172
8,6,2,56,321,-3.0775508085909453,6.1912638267793447
8,6,2,56,322,-3.0918178760476032,6.2040197513247488
8,6,2,56,323,-3.1061133408604058,6.2165658870649922
8,6,2,56,324,-3.1204371923472305,6.2289031363969709
8,6,2,56,325,-3.1347894074012341,6.2410324446065619
8,6,2,56,326,-3.149169950417352,6.2529547994739616
8,6,2,56,327,-3.1635787732261056,6.2646712308690757
8,6,2,56,328,-3.1780158150347848,6.2761828103372359
8,6,2,56,329,-3.1924810023759296,6.2874906506753394
8,6,2,56,330,-3.2069742490632103,6.2985959054985745
8,6,2,56,331,-3.2214954561545497,6.3094997687978189
8,6,2,56,332,-3.2360445119225814,6.320203474488137
8,6,2,56,333,-3.2506212918324562,6.3307082959480425
8,6,2,56,334,-3.2652256585268158,6.3410155455501966
8,6,2,56,335,-3.2798574618180809,6.3511265741834046
8,6,2,56,336,-3.2945165386878914,6.3610427707661312
8,6,2,56,337,-3.3092027132937183,6.370765561751754
8,6,2,56,338,-3.3239157969826461,6.3802964106255935
8,6,2,56,339,-3.3386555883121893,6.389636817394015
8,6,2,56,340,-3.3534218730780943,6.398788318065793
8,6,2,56,341,-3.368214424349242,6.4077524841256253
8,6,2,56,342,-3.3830330025093334,6.4165309220003435
8,6,2,56,343,-3.3978773553054955,6.4251252725177368
8,6,2,56,344,-3.4127472179036444,6.433537210358212
8,6,2,56,345,-3.4276423129505962,6.4417684434994484
8,6,2,56,346,-3.4425623506427749,6.4498207126543612
8,6,2,56,347,-3.4575070288015377,6.4576957907021866
8,6,2,56,348,-3.4724760329549245,6.465395482113359
8,6,2,56,349,-3.4874690364258609,6.4729216223678634
8,6,2,56,350,-3.5024857004266217,6.4802760773675665
8,6,2,56,351,-3.5175256741595717,6.4874607428425515
8,6,2,56,352,-3.5325885949239688,6.4944775437516729
8,6,2,56,353,-3.5476740882288471,6.5013284336774362
8,6,2,56,354,-3.5627817679117992,6.5080153942155246
8,6,2,56,355,-3.5779112362635921,6.5145404343589588
8,6,2,56,356,-3.5930620841585159,6.5209055898772101
8,6,2,56,357,-3.6082338911902987,6.5271129226903728
8,6,2,56,358,-3.6234262258135921,6.533164520238552
8,6,2,56,359,-3.6386386454907829,6.5390624948467506
8,6,2,56,360,-3.6538706968440859,6.5448089830852627
8,6,2,56,361,-3.669121915812823,6.5504061451259172
8,6,2,56,362,-3.6843918278156975,6.5558561640941786
8,6,2,56,363,-3.6996799479179665,6.5611612454174875
8,6,2,56,364,-3.7149857810034881,6.5663236161698029
8,6,2,56,365,-3.7303088219512945,6.5713455244127053
8,6,2,56,366,-3.7456485558168162,6.5762292385330348
8,6,2,56,367,-3.7610044580174415,6.5809770465775213
8,6,2,56,368,-3.7763759945223576,6.5855912555842968
8,6,2,56,369,-3.7917626220465794,6.5900741909115848
8,6,2,56,370,-3.8071637882489187,6.5944281955639141
8,6,2,56,371,-3.8225789319338563,6.5986556295156902
8,6,2,56,372,-3.8380074832572166,6.6027588690325354
8,6,2,56,373,-3.8534488639352826,6.6067403059906518
8,6,2,56,374,-3.8689024874575537,6.6106023471940913
8,6,2,56,375,-3.8843677593027595,6.6143474136903331
8,6,2,56,376,-3.8998440771580043,6.6179779400843604
8,6,2,56,377,-3.9153308311410786,6.6214963738513068
8,6,2,56,378,-3.9308274040255609,6.6249051746478518
8,6,2,56,379,-3.9463331714688357,6.6282068136226249
8,6,2,56,380,-3.9618475022425717,6.631403772725827
8,6,2,56,381,-3.9773697584658709,6.6344985440180277
8,6,2,56,382,-3.9928992958406351,6.6374936289785937
8,6,2,56,383,-4.008435463889243,6.6403915378137359
8,6,2,56,384,-4.0239776061942063,6.6431947887645091
8,6,2,56,385,-4.0395250606398978,6.6459059074146811
8,6,2,56,386,-4.0550771596559674,6.6485274259990703
8,6,2,56,387,-4.07063323046245,6.6510618827120203
8,6,2,56,388,-4.0861925953164455,6.6535118210166582
8,6,2,56,389,-4.1017545717601136,6.6558797889548078
8,6,2,56,390,-4.1173184728700125,6.6581683384578563
8,6,2,56,391,-4.132883607507476,6.6603800246587435
8,6,2,56,392,-4.148449280570027,6.6625174052052509
8,6,2,56,393,-4.1640147932436369,6.6645830395747145
8,6,2,56,394,-4.1795794432557152,6.6665794883904201
8,6,2,56,395,-4.1951425251286807,6.6685093127398316
8,6,2,56,396,-4.2107033304340122,6.6703750734947747
8,6,2,56,397,-4.2262611480466177,6.6721793306338348
8,6,2,56,398,-4.2418152643994569,6.673924642567072
8,6,2,56,399,-4.2573649637382305,6.6756135654632649
8,6,2,56,400,-4.2729095283760232,6.6772486525799177
8,6,2,56,401,-4.28844823894784,6.6788324535960033
8,6,2,56,402,-4.3039803746647838,6.6803675139479237
8,6,2,56,403,-4.3195052135680037,6.6818563741685404
8,6,2,56,404,-4.3350220327819491,6.6833015692296964
8,6,2,56,405,-4.3505301087671473,6.6847056278882517
8,6,2,56,406,-4.3660287175721901,6.6860710720358565
8,6,2,56,407,-4.3815171350849171,6.6874004160526548
8,6,2,56,408,-4.3969946372825977,6.6886961661651174
8,6,2,56,409,-4.4124605004811581,6.6899608198079026
8,6,2,56,410,-4.4279140015831437,6.6911968649904203
8,6,2,56,411,-4.4433544183245637,6.6924067796677447
8,6,2,56,412,-4.4587810295202033,6.6935930311163929
8,6,2,56,413,-4.4741931153076839,6.6947580753149518
8,6,2,56,414,-4.4895899573898443,6.6959043563298266
8,6,2,56,415,-4.504970839275563,6.697034305706187
8,6,2,56,416,-4.5203350465187917,6.6981503418642925
8,6,2,56,417,-4.5356818669558319,6.6992548695014618
8,6,2,56,418,-4.5510105909407237,6.7003502789996201
8,6,2,56,419,-4.5663205115786312,6.7014389458388361
8,6,2,56,420,-4.5816109249571415,6.7025232300168351
8,6,2,56,421,-4.5968811303755022,6.7036054754747356
8,6,2,56,422,-4.6121304305715816,6.7046880095290611
8,6,2,56,423,-4.6273581319466022,6.7057731423102647
8,6,2,56,424,-4.6425635447875262,6.7068631662078797
8,6,2,56,425,-4.6577459834868939,6.7079603553225651
8,6,2,56,426,-4.6729047667603938,6.7090669649248511
8,6,2,56,427,-4.6880392178616672,6.7101852309212813
8,6,2,56,428,-4.7031486647946927,6.7113173693273884
8,6,2,56,429,-4.7182324405233347,6.7124655757484248
8,6,2,56,430,-4.7332898831782986,6.7136320248672856
8,6,2,56,431,-4.7483203362612247,6.7148188699403004
8,6,2,56,432,-4.7633231488460162,6.7160282423005953
8,6,2,56,433,-4.7782976757772264,6.7172622508695019
8,6,2,56,434,-4.7932432778656056,6.7185229816759868
8,6,2,56,435,-4.808159322080563,6.7198124973841447
8,6,2,56,436,-4.8230451817397384,6.7211328368291436
8,6,2,56,437,-4.8379002366954582,6.7224860145614604
8,6,2,56,438,-4.8527238735180775,6.7238740203996814
8,6,2,56,439,-4.8675154856762877,6.725298818991984
8,6,2,56,440,-4.8822744737141655,6.7267623493863864
8,6,2,56,441,-4.8970002454250814,6.728266524609908
8,6,2,56,442,-4.9116922160224288,6.7298132312566068
8,6,2,56,443,-4.9263498083069903,6.7314043290849419
8,6,2,56,444,-4.9409724528311489,6.7330416506240915
8,6,2,56,445,-4.955559588059721,6.7347270007898388
8,6,2,56,446,-4.9701106605275438,6.7364621565096563
8,6,2,56,447,-4.9846251249936024,6.7382488663574849
8,6,2,56,448,-4.999102444591963,6.7400888501979477
8,6,2,56,449,-5.0135420909791897,6.7419837988404421
8,6,2,56,450,-5.0279435444784024,6.7439353737029002
8,6,2,56,451,-5.0423062942200119,6.7459452064854455
8,6,2,56,452,-5.0566298382789032,6.7480148988540458
8,6,2,56,453,-5.0709136838083202,6.7501460221341318
8,6,2,56,454,-5.0851573471702274,6.7523401170143851
8,6,2,56,455,-5.0993603540622381,6.7545986932607356
8,6,2,56,456,-5.1135222396411439,6.7569232294404955
8,6,2,56,457,-5.1276425486429407,6.7593151726569074
8,6,2,56,458,-5.1417208354993633,6.7617759382941207
8,6,2,56,459,-5.1557566644510224,6.7643069097724631
8,6,2,56,460,-5.1697496096570648,6.7669094383142756
8,6,2,56,461,-5.1836992553013435,6.7695848427203638
8,6,2,56,462,-5.1976051956950817,6.7723344091569855
8,6,2,56,463,-5.2114670353761721,6.7751593909534087
8,6,2,56,464,-5.225284389204937,6.7780610084103214
8,6,2,56,465,-5.2390568824564498,6.7810404486187776
8,6,2,56,466,-5.252784150909406,6.7840988652900807
8,6,2,56,467,-5.2664658409315113,6.7872373785962976
8,6,2,56,468,-5.2801016095615054,6.7904570750216582
8,6,2,56,469,-5.2936911245876299,6.7937590072248115
8,6,2,56,470,-5.3072340646227287,6.7971441939118495
8,6,2,56,471,-5.3207301191759706,6.8006136197203775
8,6,2,56,472,-5.334178988721022,6.804168235114175
8,6,2,56,473,-5.3475803847609189,6.8078089562891044
8,6,2,56,474,-5.3609340298895134,6.8115366650895934
8,6,2,56,475,-5.3742396578494889,6.8153522089362513
8,6,2,56,476,-5.3874970135870228,6.8192564007641874
8,6,2,56,477,-5.4007058533030836,6.8232500189724128
8,6,2,56,478,-5.4138659445013504,6.8273338073838925
8,6,2,56,479,-5.4269770660327232,6.8315084752166886
8,6,2,56,480,-5.4400390081366492,6.8357746970657747
8,6,2,56,481,-5.453051572478901,6.8401331128956713
8,6,2,56,482,-5.4660145721862339,6.8445843280440428
8,6,2,56,483,-5.4789278318775727,6.8491289132358553
8,6,2,56,484,-5.4917911876920131,6.8537674046083827
8,6,2,56,485,-5.5046044873134692,6.8585003037468697
8,6,2,56,486,-5.5173675899920891,6.8633280777307712
8,6,2,56,487,-5.5300803665623457,6.8682511591908275
8,6,2,56,488,-5.5427426994579312,6.8732699463763396
8,6,2,56,489,-5.5553544827233736,6.8783848032332919
8,6,2,56,490,-5.5679156220224568,6.883596059492711
8,6,2,56,491,-5.5804260346433434,6.8889040107694726
8,6,2,56,492,-5.5928856495005954,6.8943089186714293
8,6,2,56,493,NaN,NaN
8,6,2,56,494,NaN,NaN
8,6,2,56,495,NaN,NaN
8,6,2,56,496,NaN,NaN
8,6,2,56,497,NaN,NaN
8,6,2,56,498,NaN,NaN
8,6,2,56,499,NaN,NaN
8,6,2,56,500,NaN,NaN
8,6,2,56,501,NaN,NaN
8,6,2,56,502,NaN,NaN
8,6,2,56,503,NaN,NaN
8,6,2,56,504,NaN,NaN
8,6,2,56,505,NaN,NaN
8,6,2,56,506,NaN,NaN
8,6,2,56,507,NaN,NaN
8,6,2,56,508,NaN,NaN
8,6,2,56,509,NaN,NaN
8,6,2,56,510,NaN,NaN
8,6,2,56,511,NaN,NaN
8,6,2,56,512,NaN,NaN
8,6,2,56,513,NaN,NaN
8,6,2,56,514,NaN,NaN
8,6,2,56,515,NaN,NaN
8,6,2,56,516,NaN,NaN
8,6,2,56,517,NaN,NaN
8,6,2,56,518,NaN,NaN
8,6,2,56,519,NaN,NaN
8,6,2,56,520,NaN,NaN
8,6,2,56,521,NaN,NaN
8,6,2,56,522,NaN,NaN
8,6,2,56,523,NaN,NaN
8,6,2,56,524,NaN,NaN
8,6,2,56,525,NaN,NaN
8,6,2,56,526,NaN,NaN
8,6,2,56,527,NaN,NaN
8,6,2,56,528,NaN,NaN
8,6,2,56,529,NaN,NaN
8,6,2,56,530,NaN,NaN
8,6,2,56,531,NaN,NaN
8,6,2,56,532,NaN,NaN
8,6,2,56,533,NaN,NaN
8,6,2,56,534,NaN,NaN
8,6,2,56,535,NaN,NaN
8,6,2,56,536,NaN,NaN
8,6,2,56,537,NaN,NaN
8,6,2,56,538,NaN,NaN
8,6,2,56,539,NaN,NaN
8,6,2,56,540,NaN,NaN
8,6,2,56,541,NaN,NaN
8,6,2,56,542,NaN,NaN
8,6,2,56,543,NaN,NaN
8,6,2,56,544,NaN,NaN
8,6,2,56,545,NaN,NaN
8,6,2,56,546,NaN,NaN
8,6,2,56,547,NaN,NaN
8,6,2,56,548,NaN,NaN
8,6,2,56,549,NaN,NaN
8,6,2,56,550,NaN,NaN
8,6,2,56,551,NaN,NaN
8,6,2,56,552,NaN,NaN
8,6,2,56,553,NaN,NaN
8,6,2,56,554,NaN,NaN
8,6,2,56,555,NaN,NaN
8,6,2,56,556,NaN,NaN
8,6,2,56,557,NaN,NaN
8,6,2,56,558,NaN,NaN
8,6,2,56,559,NaN,NaN
8,6,2,56,560,NaN,NaN
8,6,2,56,561,NaN,NaN
8,6,2,56,562,NaN,NaN
8,6,2,56,563,NaN,NaN
8,6,2,56,564,NaN,NaN
8,6,2,56,565,NaN,NaN
8,6,2,56,566,NaN,NaN
8,6,2,56,567,NaN,NaN
8,6,2,56,568,NaN,NaN
8,6,2,56,569,NaN,NaN
8,6,2,56,570,NaN,NaN
8,6,2,56,571,NaN,NaN
8,6,2,56,572,NaN,NaN
8,6,2,56,573,NaN,NaN
8,6,2,56,574,NaN,NaN
8,6,2,56,575,NaN,NaN
8,6,2,56,576,NaN,NaN
8,6,2,56,577,NaN,NaN
8,6,2,56,578,NaN,NaN
8,6,2,56,579,NaN,NaN
8,6,2,56,580,NaN,NaN
8,6,2,56,581,NaN,NaN
8,6,2,56,582,NaN,NaN
8,6,2,56,583,NaN,NaN
8,6,2,56,584,NaN,NaN
8,6,2,56,585,NaN,NaN
8,6,2,56,586,NaN,NaN
8,6,2,56,587,NaN,NaN
8,6,2,56,588,NaN,NaN
8,6,2,56,589,NaN,NaN
8,6,2,56,590,NaN,NaN
8,6,2,56,591,NaN,NaN
8,6,2,56,592,NaN,NaN
8,6,2,56,593,NaN,NaN
8,6,2,56,594,NaN,NaN
8,6,2,56,595,NaN,NaN
8,6,2,56,596,NaN,NaN
8,6,2,56,597,NaN,NaN
8,6,2,56,598,NaN,NaN
8,6,2,56,599,NaN,NaN
8,6,2,47,0,0,0
8,6,2,47,1,0,0
8,6,2,47,2,-5.6373240758800236e-05,-2.0107298662197515e-05
8,6,2,47,3,-0.00017217001591629533,-5.7941867812050241e-05
8,6,2,47,4,-0.00035038768435580181,-0.00011114358189900919
8,6,2,47,5,-0.0005939699849244473,-0.00017736969623871612
8,6,2,47,6,-0.0009058064142974942,-0.00025429256531595001
8,6,2,47,7,-0.0012887316649279335,-0.00033959758363732995
8,6,2,47,8,-0.0017455251199616217,-0.00043098133303276498
8,6,2,47,9,-0.0022789104025700002,-0.00052614992165356256
8,6,2,47,10,-0.0028915549768360194,-0.00062281750027592953
8,6,2,47,11,-0.0035860697981560108,-0.00071870494342818336
8,6,2,47,12,-0.0043650090105928907,-0.00081153868297378917
8,6,2,47,13,-0.0052308696892600093,-0.00089904968302578769
8,6,2,47,14,-0.0061860916258649201,-0.00097897254598411365
8,6,2,47,15,-0.0072330571552425837,-0.001049044739573346
8,6,2,47,16,-0.0083740910216290043,-0.0011070059363654794
8,6,2,47,17,-0.0096114602826491424,-0.0011505974570558131
8,6,2,47,18,-0.010947374249764552,-0.0011775618098702756
8,6,2,47,19,-0.012383984463598674,-0.0011856423188127962
8,6,2,47,20,-0.013923384702929642,-0.0011725828341024869
8,6,2,47,21,-0.015567611025962824,-0.0011361275183391362
8,6,2,47,22,-0.017318641842756222,-0.0010740207028708815
8,6,2,47,23,-0.019178398017599685,-0.00098400680866028711
8,6,2,47,24,-0.021148743000309889,-0.00086383032677495031
8,6,2,47,25,-0.023231482985491825,-0.00071123585388965793
8,6,2,47,26,-0.025428367098501159,-0.00052396817818434194
8,6,2,47,27,-0.027741087607624504,-0.00029977241194634185
8,6,2,47,28,-0.030171280161089831,-3.6394166724740273e-05
8,6,2,47,29,-0.032720524048451827,0.00026842023208850652
8,6,2,47,30,-0.035390342485325244,0.00061692349476449859
8,6,2,47,31,-0.038182202920666874,0.0010113670837336164
8,6,2,47,32,-0.041097517365989988,0.001454000899886454
8,6,2,47,33,-0.044137642745578631,0.0019470729414355903
8,6,2,47,34,-0.047303881267174441,0.0024928289374837043
8,6,2,47,35,-0.050597480812303308,0.0030935119588543225
8,6,2,47,36,-0.054019635345675665,0.0037513620080587007
8,6,2,47,37,-0.057571485342911011,0.0044686155905832026
8,6,2,47,38,-0.061254118236075961,0.0052475052689487933
8,6,2,47,39,-0.06506856887625867,0.0060902592016770507
8,6,2,47,40,-0.069015820012680029,0.006999100668400593
8,6,2,47,41,-0.073096802787814275,0.0079762475825972956
8,6,2,47,42,-0.077312397247714104,0.0090239119935497936
8,6,2,47,43,-0.081663432867212782,0.010144299578418448
8,6,2,47,44,-0.086150689089270482,0.011339609125934902
8,6,2,47,45,-0.090774895878037443,0.012612032012587759
8,6,2,47,46,-0.09553673428495113,0.013963751672371738
8,6,2,47,47,-0.10043683702757322,0.015396943060977386
8,6,2,47,48,-0.10547578908026156,0.016913772115545456
8,6,2,47,49,-0.11065412827662713,0.018516395210255165
8,6,2,47,50,-0.11597234592283789,0.020206958609134129
8,6,2,47,51,-0.12143088742149755,0.021987597916373058
8,6,2,47,52,-0.12703015290560504,0.023860437524797495
8,6,2,47,53,-0.13277049788197881,0.025827590063334793
8,6,2,47,54,-0.13865223388370151,0.02789115584384827
8,6,2,47,55,-0.14467562913123566,0.030053222307829808
8,6,2,47,56,-0.1508409092014773,0.03231586347359483
8,6,2,47,57,-0.15714825770448693,0.034681139384304394
8,6,2,47,58,-0.16359781696740905,0.037151095557166891
8,6,2,47,59,-0.17018968872496432,0.039727762434424441
8,6,2,47,60,-0.17692393481620883,0.042413154836282163
8,6,2,47,61,-0.18380057788711102,0.045209271416141172
8,6,2,47,62,-0.19081960209835769,0.048118094118529409
8,6,2,47,63,-0.1979809538380839,0.051141587640005093
8,6,2,47,64,-0.20528454243906591,0.05428169889319101
8,6,2,47,65,-0.21273024089987214,0.057540356474303223
8,6,2,47,66,-0.22031788660960006,0.060919470134421227
8,6,2,47,67,-0.2280472820758328,0.064420930254577291
8,6,2,47,68,-0.23591819565525474,0.068046607325059072
8,6,2,47,69,-0.24393036228665954,0.071798351428933871
8,6,2,47,70,-0.2520834842258568,0.075677991730163652
8,6,2,47,71,-0.26037723178209959,0.079687335966316386
8,6,2,47,72,-0.26881124405570556,0.083828169946062459
8,6,2,47,73,-0.27738512967631634,0.088102257051816957
8,6,2,47,74,-0.28609846754163448,0.092511337747239186
8,6,2,47,75,-0.29495080755609915,0.097057129090288852
8,6,2,47,76,-0.30394167136917338,0.10174132425136428
8,6,2,47,77,-0.31307055311290966,0.10656559203721938
8,6,2,47,78,-0.32233692013843296,0.11153157642034006
8,6,2,47,79,-0.33174021375095286,0.11664089607414108
8,6,2,47,80,-0.34127984994301586,0.12189514391396927
8,6,2,47,81,-0.35095522012564273,0.12729588664414093
8,6,2,47,82,-0.36076569185697904,0.13284466431098263
8,6,2,47,83,-0.37071060956822555,0.13854298986209768
8,6,2,47,84,-0.3807892952864711,0.14439234871184981
8,6,2,47,85,-0.39100104935414493,0.1503941983132473
8,6,2,47,86,-0.40134515114479408,0.15654996773631913
8,6,2,47,87,-0.41182085977485294,0.16286105725298039
8,6,2,47,88,-0.42242741481124391,0.16932883792858677
8,6,2,47,89,-0.43316403697433725,0.17595465122028919
8,6,2,47,90,-0.44402992883625925,0.18273980858212469
8,6,2,47,91,-0.45502427551399327,0.18968559107714056
8,6,2,47,92,-0.46614624535730731,0.19679324899644912
8,6,2,47,93,-0.47739499063108037,0.20406400148553216
8,6,2,47,94,-0.4887696481918391,0.21149903617754817
8,6,2,47,95,-0.50026934015837687,0.21909950883419738
8,6,2,47,96,-0.51189317457603911,0.22686654299373665
8,6,2,47,97,-0.52364024607464699,0.23480122962671046
8,6,2,47,98,-0.53550963651981531,0.24290462679904812
8,6,2,47,99,-0.5475004156573926,0.25117775934302145
8,6,2,47,100,-0.55961164175087896,0.25962161853589072
8,6,2,47,101,-0.57184236221181628,0.26823716178638601
8,6,2,47,102,-0.58419161422259003,0.27702531232922933
8,6,2,47,103,-0.59665842535192581,0.28598695892771142
8,6,2,47,104,-0.60924181416263656,0.29512295558436208
8,6,2,47,105,-0.62194079081154818,0.30443412125991942
8,6,2,47,106,-0.63475435764155375,0.31392123960071183
8,6,2,47,107,-0.64768150976554084,0.32358505867439158
8,6,2,47,108,-0.66072123564215324,0.33342629071428098
8,6,2,47,109,-0.67387251764326472,0.34344561187237554
8,6,2,47,110,-0.68713433261303192,0.35364366198111508
8,6,2,47,111,-0.70050565241845941,0.36402104432392834
8,6,2,47,112,-0.7139854444913607,0.37457832541487601
8,6,2,47,113,-0.7275726723616982,0.38531603478713372
8,6,2,47,114,-0.74126629618210815,0.39623466479087321
8,6,2,47,115,-0.75506527324362693,0.40733467040025284
8,6,2,47,116,-0.76896855848266332,0.41861646902973948
8,6,2,47,117,-0.7829751049788225,0.43008044035998949
8,6,2,47,118,-0.79708386444395374,0.44172692617320264
8,6,2,47,119,-0.81129378770212202,0.45355623019810998
8,6,2,47,120,-0.82560382516048691,0.46556861796477611
8,6,2,47,121,-0.84001292727118315,0.47776431666914088
8,6,2,47,122,-0.85452004498403067,0.49014351504762799
8,6,2,47,123,-0.86912413019021861,0.50270636326160134
8,6,2,47,124,-0.88382413615677446,0.51545297279210478
8,6,2,47,125,-0.89861901795199595,0.52838341634466601
8,6,2,47,126,-0.91350773286166254,0.54149772776453664
8,6,2,47,127,-0.92848924079627082,0.55479590196212958
8,6,2,47,128,-0.94356250468896619,0.56827789484910074
8,6,2,47,129,-0.95872649088459272,0.58194362328482241
8,6,2,47,130,-0.97398016951951716,0.59579296503357304
8,6,2,47,131,-0.98932251489244338,0.60982575873241018
8,6,2,47,132,-1.0047525058263063,0.62404180386975427
8,6,2,47,133,-1.0202691260210284,0.6384408607748665
8,6,2,47,134,-1.0358713643974449,0.65302265061825959
8,6,2,47,135,-1.05155821543228,0.66778685542299987
8,6,2,47,136,-1.067328679484264,0.68273311808710602
8,6,2,47,137,-1.0831817631114515,0.6978610424170445
8,6,2,47,138,-1.0991164793797581,0.71317019317232999
8,6,2,47,139,-1.1151318481627703,0.7286600961214057
8,6,2,47,140,-1.1312268964329797,0.74433023810863974
8,6,2,47,141,-1.1474006585443008,0.7601800671327541
8,6,2,47,142,-1.1636521765061636,0.776208992436489
8,6,2,47,143,-1.1799805002490893,0.7924163846076554
8,6,2,47,144,-1.1963846878818241,0.80880157569163391
8,6,2,47,145,-1.2128638059402008,0.82536385931518408
8,6,2,47,146,-1.2294169296276469,0.84210249082186106
8,6,2,47,147,-1.2460431430476093,0.85901668741871773
8,6,2,47,148,-1.2627415394276698,0.87610562833459749
8,6,2,47,149,-1.279511221335794,0.89336845498992623
8,6,2,47,150,-1.2963513008884486,0.91080427117788132
8,6,2,47,151,-1.3132608999508355,0.9284121432571929
8,6,2,47,152,-1.3302391503293598,0.94619110035628617
8,6,2,47,153,-1.3472851939562325,0.96414013458901715
8,6,2,47,154,-1.3643981830664176,0.98225820128176045
8,6,2,47,155,-1.3815772803669801,1.0005442192120544
8,6,2,47,156,-1.39882165919889,1.018997070858449
8,6,2,47,157,-1.4161305036913319,1.0376156026620369
8,6,2,47,158,-1.4335030089086598,1.0563986252989959
8,6,2,47,159,-1.4509383809899856,1.0753449139646847
8,6,2,47,160,-1.4684358372816064,1.0944532086688081
8,6,2,47,161,-1.4859946064621987,1.113722214541915
8,6,2,47,162,-1.5036139286608907,1.1331506021529854
8,6,2,47,163,-1.5212930555684345,1.1527370078380477
8,6,2,47,164,-1.5390312505412951,1.1724800340399106
8,6,2,47,165,-1.5568277886989834,1.1923782496586628
8,6,2,47,166,-1.5746819570144399,1.2124301904132966
8,6,2,47,167,-1.5925930543978006,1.2326343592138329
8,6,2,47,168,-1.6105603917735134,1.2529892265442015
8,6,2,47,169,-1.6285832921507037,1.2734932308558848
8,6,2,47,170,-1.6466610906871626,1.2941447789717926
8,6,2,47,171,-1.6647931347468004,1.3149422465006637
8,6,2,47,172,-1.6829787839507004,1.3358839782617316
8,6,2,47,173,-1.7012174102218225,1.3569682887195595
8,6,2,47,174,-1.7195083978235215,1.3781934624287921
8,6,2,47,175,-1.7378511433916999,1.3995577544889422
8,6,2,47,176,-1.7562450559609477,1.4210593910089693
8,6,2,47,177,-1.7746895569845322,1.4426965695813503
8,6,2,47,178,-1.7931840803483534,1.4644674597658254
8,6,2,47,179,-1.8117280723789264,1.4863702035824127
8,6,2,47,180,-1.8303209918454799,1.5084029160136403
8,6,2,47,181,-1.8489623099561203,1.5305636855158373
8,6,2,47,182,-1.8676515103482838,1.5528505745393524
8,6,2,47,183,-1.886388089073382,1.5752616200574305
8,6,2,47,184,-1.9051715545757297,1.59779483410373
8,6,2,47,185,-1.9240014276658945,1.6204482043181563
8,6,2,47,186,-1.9428772414883555,1.6432196945010609
8,6,2,47,187,-1.9617985414837613,1.6661072451752745
8,6,2,47,188,-1.9807648853455262,1.6891087741561588
8,6,2,47,189,-1.9997758429711687,1.7122221771291801
8,6,2,47,190,-2.0188309964080773,1.7354453282351385
8,6,2,47,191,-2.0379299397940809,1.7587760806625248
8,6,2,47,192,-2.0570722792926377,1.7822122672470102
8,6,2,47,193,-2.0762576330228875,1.8057517010778041
8,6,2,47,194,-2.0954856309843448,1.8293921761107472
8,6,2,47,195,-2.1147559149766071,1.8531314677877746
8,6,2,47,196,-2.1340681385139004,1.876967333662688
8,6,2,47,197,-2.1534219667345478,1.9008975140330371
8,6,2,47,198,-2.1728170763055497,1.924919732577643
8,6,2,47,199,-2.1922531553220717,1.9490316969999393
8,6,2,47,200,-2.2117299032021642,1.9732310996765507
8,6,2,47,201,-2.2312470305765775,1.9975156183110716
8,6,2,47,202,-2.2508042591737776,2.0218829165928347
8,6,2,47,203,-2.2704013217002328,2.0463306448603391
8,6,2,47,204,-2.2900379617160516,2.0708564407690893
8,6,2,47,205,-2.3097139335058636,2.0954579299638425
8,6,2,47,206,-2.3294290019452992,2.1201327267547256
8,6,2,47,207,-2.3491829423627708,2.1448784347971288
8,6,2,47,208,-2.3689755403968893,2.1696926477752951
8,6,2,47,209,-2.3888065918494181,2.1945729500890216
8,6,2,47,210,-2.4086759025339246,2.2195169175434541
8,6,2,47,211,-2.4285832881200617,2.244522118041925
8,6,2,47,212,-2.4485285739737019,2.2695861122810106
8,6,2,47,213,-2.4685115949928225,2.2947064544482503
8,6,2,47,214,-2.4885321954393911,2.3198806929217275
8,6,2,47,215,-2.508590228767055,2.3451063709717253
8,6,2,47,216,-2.5286855574450708,2.3703810274637664
8,6,2,47,217,-2.5488180527781177,2.395702197563196
8,6,2,47,218,-2.5689875947224436,2.4210674134408414
8,6,2,47,219,-2.5891940716981754,2.4464742049794679
8,6,2,47,220,-2.6094373803979884,2.4719201004810176
8,6,2,47,221,-2.6297174255921094,2.4974026273741594
8,6,2,47,222,-2.6500341199298894,2.5229193129219425
8,6,2,47,223,-2.6703873837378822,2.5484676849295065
8,6,2,47,224,-2.6907771448145268,2.5740452724513196
8,6,2,47,225,-2.7112033382216461,2.5996496064979309
8,6,2,47,226,-2.7316659060726667,2.6252782207418974
8,6,2,47,227,-2.7521647973177963,2.6509286522226034
8,6,2,47,228,-2.7726999675262096,2.6765984420498654
8,6,2,47,229,-2.7932713786652741,2.702285136105989
8,6,2,47,230,-2.8138789988769619,2.7279862857460757
8,6,2,47,231,-2.8345228022516098,2.753699448496258
8,6,2,47,232,-2.8552027685989856,2.7794221887498778
8,6,2,47,233,-2.8759188832168938,2.8051520784609956
8,6,2,47,234,-2.8966711366573419,2.8308866978353637
8,6,2,47,235,-2.917459524490412,2.8566236360184987
8,6,2,47,236,-2.9382840470659533,2.8823604917804695
8,6,2,47,237,-2.9591447092731649,2.9080948741974755
8,6,2,47,238,-2.9800415202982657,2.9338244033297185
8,6,2,47,239,-3.0009744933802263,2.959546710895586
8,6,2,47,240,-3.0219436455648063,2.9852594409417565
8,6,2,47,241,-3.0429489974570565,3.0109602505089872
8,6,2,47,242,-3.0639905729721528,3.0366468102936195
8,6,2,47,243,-3.0850683990850447,3.0623168053042686
8,6,2,47,244,-3.106182505578686,3.087967935513805
8,6,2,47,245,-3.1273329247912764,3.1135979165060639
8,6,2,47,246,-3.1485196913624449,3.1392044801174803
8,6,2,47,247,-3.1697428419786178,3.1647853750730341
8,6,2,47,248,-3.191002415117544,3.1903383676168047
8,6,2,47,249,-3.2122984507924279,3.2158612421363393
8,6,2,47,250,-3.2336309902953553,3.2413518017812057
8,6,2,47,251,-3.255000075940595,3.2668078690752029
8,6,2,47,252,-3.2764057508075926,3.2922272865220674
8,6,2,47,253,-3.2978480584839653,3.3176079172047652
8,6,2,47,254,-3.3193270428085562,3.3429476453777003
8,6,2,47,255,-3.3408427476147251,3.3682443770522488
8,6,2,47,256,-3.3623952164740398,3.3934960405748753
8,6,2,47,257,-3.3839844924404225,3.418700587198181
8,6,2,47,258,-3.4056106177949852,3.4438559916441984
8,6,2,47,259,-3.4272736337916387,3.4689602526603247
8,6,2,47,260,-3.4489735804036914,3.4940113935671673
8,6,2,47,261,-3.4707104960714608,3.5190074627986152
8,6,2,47,262,-3.4924844174511804,3.543946534433684
8,6,2,47,263,-3.5142953791652056,3.5688267087201462
8,6,2,47,264,-3.5361434135538214,3.5936461125896964
8,6,2,47,265,-3.5580285504286548,3.6184029001645106
8,6,2,47,266,-3.5799508168279037,3.6430952532552183
8,6,2,47,267,-3.6019102367734868,3.6677213818499004
8,6,2,47,268,-3.6239068310303715,3.6922795245941749
8,6,2,47,269,-3.6459406168680264,3.7167679492621453
8,6,2,47,270,-3.6680116078243397,3.741184953218077
8,6,2,47,271,-3.6901198134720037,3.7655288638687918
8,6,2,47,272,-3.7122652391875621,3.789798039106465
8,6,2,47,273,-3.7344478859232755,3.8139908677418926
8,6,2,47,274,-3.7566677499819123,3.838105769928041
8,6,2,47,275,-3.7789248227946048,3.8621411975736848
8,6,2,47,276,-3.801219090701907,3.8860956347472193
8,6,2,47,277,-3.8235505347382013,3.9099675980703434
8,6,2,47,278,-3.8459191304196008,3.9337556371016213
8,6,2,47,279,-3.8683248475353982,3.9574583347098042
8,6,2,47,280,-3.8907676499433275,3.9810743074368298
8,6,2,47,281,-3.9132474953685659,4.0046022058504267
8,6,2,47,282,-3.935764335206887,4.0280407148860249
8,6,2,47,283,-3.958318114331699,4.051388554178434
8,6,2,47,284,-3.9809087709055224,4.0746444783823916
8,6,2,47,285,-4.0035362361957096,4.0978072774826932
8,6,2,47,286,-4.0262004343945499,4.1208757770934055
8,6,2,47,287,-4.0489012824441062,4.1438488387460977
8,6,2,47,288,-4.0716386898656083,4.1667253601671836
8,6,2,47,289,-4.0944125585936684,4.1895042755441896
8,6,2,47,290,-4.1172227828153831,4.2121845557810209
8,6,2,47,291,-4.1400692488144433,4.2347652087419281
8,6,2,47,292,-4.1629518348202774,4.2572452794844287
8,6,2,47,293,-4.1858704108624796,4.2796238504808128
8,6,2,47,294,-4.2088248386303757,4.3019000418285183
8,6,2,47,295,-4.2318149713380437,4.324073011449034
8,6,2,47,296,-4.2548406535947709,4.3461419552754457
8,6,2,47,297,-4.2779017212810082,4.3681061074285852
8,6,2,47,298,-4.3009980014299121,4.3899647403816884
8,6,2,47,299,-4.3241293121146329,4.4117171651135347
8,6,2,47,300,-4.3472954623412665,4.4333627312501793
8,6,2,47,301,-4.3704962519476753,4.4549008271949821
8,6,2,47,302,-4.3937314715081444,4.4763308802471924
8,6,2,47,303,-4.4170009022439949,4.497652356708862
8,6,2,47,304,-4.4403043159401907,4.5188647619802094
8,6,2,47,305,-4.4636414748679414,4.5399676406433027
8,6,2,47,306,-4.4870121317133975,4.5609605765342316
8,6,2,47,307,-4.510416029512526,4.5818431928034888
8,6,2,47,308,-4.5338529015920557,4.6026151519648533
8,6,2,47,309,-4.5573224715166898,4.6232761559325404
8,6,2,47,310,-4.5808244530425313,4.6438259460466949
8,6,2,47,311,-4.6043585500766762,4.6642643030874256
8,6,2,47,312,-4.6279244566432451,4.6845910472769763
8,6,2,47,313,-4.6515218568555117,4.7048060382704451
8,6,2,47,314,-4.6751504248944915,4.7249091751348615
8,6,2,47,315,-4.6988098249936776,4.7449003963166732
8,6,2,47,316,-4.7224997114302836,4.7647796795976385
8,6,2,47,317,-4.7462197285226164,4.7845470420392635
8,6,2,47,318,-4.7699695106338531,4.8042025399156554
8,6,2,47,319,-4.7937486821821027,4.8237462686349017
8,6,2,47,320,-4.817556857656724,4.8431783626490201
8,6,2,47,321,-4.8413936416409342,4.8624989953524631
8,6,2,47,322,-4.8652586288406301,4.8817083789693099
8,6,2,47,323,-4.889151404119529,4.9008067644289417
8,6,2,47,324,-4.9130715425403038,4.9197944412307182
8,6,2,47,325,-4.9370186094121191,4.9386717372970317
8,6,2,47,326,-4.9609921603440412,4.9574390188155153
8,6,2,47,327,-4.9849917413046949,4.9760966900698724
8,6,2,47,328,-5.0090168886879063,4.9946451932596947
8,6,2,47,329,-5.0330671293842277,5.0130850083092122
8,6,2,47,330,-5.0571419808585265,5.0314166526651354
8,6,2,47,331,-5.0812409512333563,5.0496406810834813
8,6,2,47,332,-5.1053635393781267,5.0677576854056685
8,6,2,47,333,-5.1295092350040372,5.0857682943237199
8,6,2,47,334,-5.1536775187646544,5.1036731731348786
8,6,2,47,335,-5.1778678623621399,5.1214730234854873
8,6,2,47,336,-5.2020797286588758,5.1391685831044285
8,6,2,47,337,-5.2263125717946721,5.1567606255259326
8,6,2,47,338,-5.2505658373092174,5.1742499598022436
8,6,2,47,339,-5.2748389622698122,5.1916374302056836
8,6,2,47,340,-5.2991313754043698,5.2089239159208018
8,6,2,47,341,-5.3234424972393501,5.2261103307261498
8,6,2,47,342,-5.347771740242802,5.2431976226662984
8,6,2,47,343,-5.372118508972223,5.2601867737136345
8,6,2,47,344,-5.3964822002272488,5.2770787994205399
8,6,2,47,345,-5.4208622032069833,5.2938747485618363
8,6,2,47,346,-5.445257899671935,5.3105757027674585
8,6,2,47,347,-5.4696686641103662,5.3271827761458583
8,6,2,47,348,-5.4940938639090326,5.3436971148977861
8,6,2,47,349,-5.5185328595281806,5.3601198969208976
8,6,2,47,350,-5.5429850046805509,5.3764523314052601
8,6,2,47,351,-5.567449646514488,5.3926956584196963
8,6,2,47,352,-5.5919261258009003,5.4088511484892381
8,6,2,47,353,-5.616413777123924,5.4249201021638358
8,6,2,47,354,-5.6409119290752372,5.4409038495783797
8,6,2,47,355,-5.6654199044519125,5.456803750004144
8,6,2,47,356,-5.6899370204575366,5.4726211913918767
8,6,2,47,357,-5.7144625889066987,5.4883575899065864
8,6,2,47,358,-5.7389959164324713,5.5040143894542455
8,6,2,47,359,-5.763536304696931,5.5195930612004753
8,6,2,47,360,-5.7880830506044481,5.5350951030814359
8,6,2,47,361,-5.8126354465177883,5.5505220393068795
8,6,2,47,362,-5.837192780476669,5.5658754198558844
8,6,2,47,363,-5.8617543364188283,5.5811568199649804
8,6,2,47,364,-5.8863193944032943,5.5963678396092256
8,6,2,47,365,-5.9108872308359146,5.6115101029760224
8,6,2,47,366,-5.9354571186968244,5.6265852579320788
8,6,2,47,367,-5.9600283277697947,5.6415949754837404
8,6,2,47,368,-5.9846001248733574,5.6565409492305179
8,6,2,47,369,-6.0091717740934971,5.671424894812235
8,6,2,47,370,-6.0337425370177495,5.6862485493500898
8,6,2,47,371,-6.0583116729707402,5.7010136708813688
8,6,2,47,372,-6.0828784392507824,5.715722037788443
8,6,2,47,373,-6.1074420913675542,5.7303754482219
8,6,2,47,374,-6.1320018832806911,5.7449757195182114
8,6,2,47,375,-6.1565570676390955,5.7595246876119361
8,6,2,47,376,-6.1811068960209496,5.7740242064427818
8,6,2,47,377,-6.2056506191740857,5.7884761473576436
8,6,2,47,378,-6.2301874872568721,5.8028823985076885
8,6,2,47,379,-6.2547167500791474,5.8172448642410526
8,6,2,47,380,NaN,NaN
8,6,2,47,381,NaN,NaN
8,6,2,47,382,NaN,NaN
8,6,2,47,383,NaN,NaN
8,6,2,47,384,NaN,NaN
8,6,2,47,385,NaN,NaN
8,6,2,47,386,NaN,NaN
8,6,2,47,387,NaN,NaN
8,6,2,47,388,NaN,NaN
8,6,2,47,389,NaN,NaN
8,6,2,47,390,NaN,NaN
8,6,2,47,391,NaN,NaN
8,6,2,47,392,NaN,NaN
8,6,2,47,393,NaN,NaN
8,6,2,47,394,NaN,NaN
8,6,2,47,395,NaN,NaN
8,6,2,47,396,NaN,NaN
8,6,2,47,397,NaN,NaN
8,6,2,47,398,NaN,NaN
8,6,2,47,399,NaN,NaN
8,6,2,47,400,NaN,NaN
8,6,2,47,401,NaN,NaN
8,6,2,47,402,NaN,NaN
8,6,2,47,403,NaN,NaN
8,6,2,47,404,NaN,NaN
8,6,2,47,405,NaN,NaN
8,6,2,47,406,NaN,NaN
8,6,2,47,407,NaN,NaN
8,6,2,47,408,NaN,NaN
8,6,2,47,409,NaN,NaN
8,6,2,47,410,NaN,NaN
8,6,2,47,411,NaN,NaN
8,6,2,47,412,NaN,NaN
8,6,2,47,413,NaN,NaN
8,6,2,47,414,NaN,NaN
8,6,2,47,415,NaN,NaN
8,6,2,47,416,NaN,NaN
8,6,2,47,417,NaN,NaN
8,6,2,47,418,NaN,NaN
8,6,2,47,419,NaN,NaN
8,6,2,47,420,NaN,NaN
8,6,2,47,421,NaN,NaN
8,6,2,47,422,NaN,NaN
8,6,2,47,423,NaN,NaN
8,6,2,47,424,NaN,NaN
8,6,2,47,425,NaN,NaN
8,6,2,47,426,NaN,NaN
8,6,2,47,427,NaN,NaN
8,6,2,47,428,NaN,NaN
8,6,2,47,429,NaN,NaN
8,6,2,47,430,NaN,NaN
8,6,2,47,431,NaN,NaN
8,6,2,47,432,NaN,NaN
8,6,2,47,433,NaN,NaN
8,6,2,47,434,NaN,NaN
8,6,2,47,435,NaN,NaN
8,6,2,47,436,NaN,NaN
8,6,2,47,437,NaN,NaN
8,6,2,47,438,NaN,NaN
8,6,2,47,439,NaN,NaN
8,6,2,47,440,NaN,NaN
8,6,2,47,441,NaN,NaN
8,6,2,47,442,NaN,NaN
8,6,2,47,443,NaN,NaN
8,6,2,47,444,NaN,NaN
8,6,2,47,445,NaN,NaN
8,6,2,47,446,NaN,NaN
8,6,2,47,447,NaN,NaN
8,6,2,47,448,NaN,NaN
8,6,2,47,449,NaN,NaN
8,6,2,47,450,NaN,NaN
8,6,2,47,451,NaN,NaN
8,6,2,47,452,NaN,NaN
8,6,2,47,453,NaN,NaN
8,6,2,47,454,NaN,NaN
8,6,2,47,455,NaN,NaN
8,6,2,47,456,NaN,NaN
8,6,2,47,457,NaN,NaN
8,6,2,47,458,NaN,NaN
8,6,2,47,459,NaN,NaN
8,6,2,47,460,NaN,NaN
8,6,2,47,461,NaN,NaN
8,6,2,47,462,NaN,NaN
8,6,2,47,463,NaN,NaN
8,6,2,47,464,NaN,NaN
8,6,2,47,465,NaN,NaN
8,6,2,47,466,NaN,NaN
8,6,2,47,467,NaN,NaN
8,6,2,47,468,NaN,NaN
8,6,2,47,469,NaN,NaN
8,6,2,47,470,NaN,NaN
8,6,2,47,471,NaN,NaN
8,6,2,47,472,NaN,NaN
8,6,2,47,473,NaN,NaN
8,6,2,47,474,NaN,NaN
8,6,2,47,475,NaN,NaN
8,6,2,47,476,NaN,NaN
8,6,2,47,477,NaN,NaN
8,6,2,47,478,NaN,NaN
8,6,2,47,479,NaN,NaN
8,6,2,47,480,NaN,NaN
8,6,2,47,481,NaN,NaN
8,6,2,47,482,NaN,NaN
8,6,2,47,483,NaN,NaN
8,6,2,47,484,NaN,NaN
8,6,2,47,485,NaN,NaN
8,6,2,47,486,NaN,NaN
8,6,2,47,487,NaN,NaN
8,6,2,47,488,NaN,NaN
8,6,2,47,489,NaN,NaN
8,6,2,47,490,NaN,NaN
8,6,2,47,491,NaN,NaN
8,6,2,47,492,NaN,NaN
8,6,2,47,493,NaN,NaN
8,6,2,47,494,NaN,NaN
8,6,2,47,495,NaN,NaN
8,6,2,47,496,NaN,NaN
8,6,2,47,497,NaN,NaN
8,6,2,47,498,NaN,NaN
8,6,2,47,499,NaN,NaN
8,6,2,47,500,NaN,NaN
8,6,2,47,501,NaN,NaN
8,6,2,47,502,NaN,NaN
8,6,2,47,503,NaN,NaN
8,6,2,47,504,NaN,NaN
8,6,2,47,505,NaN,NaN
8,6,2,47,506,NaN,NaN
8,6,2,47,507,NaN,NaN
8,6,2,47,508,NaN,NaN
8,6,2,47,509,NaN,NaN
8,6,2,47,510,NaN,NaN
8,6,2,47,511,NaN,NaN
8,6,2,47,512,NaN,NaN
8,6,2,47,513,NaN,NaN
8,6,2,47,514,NaN,NaN
8,6,2,47,515,NaN,NaN
8,6,2,47,516,NaN,NaN
8,6,2,47,517,NaN,NaN
8,6,2,47,518,NaN,NaN
8,6,2,47,519,NaN,NaN
8,6,2,47,520,NaN,NaN
8,6,2,47,521,NaN,NaN
8,6,2,47,522,NaN,NaN
8,6,2,47,523,NaN,NaN
8,6,2,47,524,NaN,NaN
8,6,2,47,525,NaN,NaN
8,6,2,47,526,NaN,NaN
8,6,2,47,527,NaN,NaN
8,6,2,47,528,NaN,NaN
8,6,2,47,529,NaN,NaN
8,6,2,47,530,NaN,NaN
8,6,2,47,531,NaN,NaN
8,6,2,47,532,NaN,NaN
8,6,2,47,533,NaN,NaN
8,6,2,47,534,NaN,NaN
8,6,2,47,535,NaN,NaN
8,6,2,47,536,NaN,NaN
8,6,2,47,537,NaN,NaN
8,6,2,47,538,NaN,NaN
8,6,2,47,539,NaN,NaN
8,6,2,47,540,NaN,NaN
8,6,2,47,541,NaN,NaN
8,6,2,47,542,NaN,NaN
8,6,2,47,543,NaN,NaN
8,6,2,47,544,NaN,NaN
8,6,2,47,545,NaN,NaN
8,6,2,47,546,NaN,NaN
8,6,2,47,547,NaN,NaN
8,6,2,47,548,NaN,NaN
8,6,2,47,549,NaN,NaN
8,6,2,47,550,NaN,NaN
8,6,2,47,551,NaN,NaN
8,6,2,47,552,NaN,NaN
8,6,2,47,553,NaN,NaN
8,6,2,47,554,NaN,NaN
8,6,2,47,555,NaN,NaN
8,6,2,47,556,NaN,NaN
8,6,2,47,557,NaN,NaN
8,6,2,47,558,NaN,NaN
8,6,2,47,559,NaN,NaN
8,6,2,47,560,NaN,NaN
8,6,2,47,561,NaN,NaN
8,6,2,47,562,NaN,NaN
8,6,2,47,563,NaN,NaN
8,6,2,47,564,NaN,NaN
8,6,2,47,565,NaN,NaN
8,6,2,47,566,NaN,NaN
8,6,2,47,567,NaN,NaN
8,6,2,47,568,NaN,NaN
8,6,2,47,569,NaN,NaN
8,6,2,47,570,NaN,NaN
8,6,2,47,571,NaN,NaN
8,6,2,47,572,NaN,NaN
8,6,2,47,573,NaN,NaN
8,6,2,47,574,NaN,NaN
8,6,2,47,575,NaN,NaN
8,6,2,47,576,NaN,NaN
8,6,2,47,577,NaN,NaN
8,6,2,47,578,NaN,NaN
8,6,2,47,579,NaN,NaN
8,6,2,47,580,NaN,NaN
8,6,2,47,581,NaN,NaN
8,6,2,47,582,NaN,NaN
8,6,2,47,583,NaN,NaN
8,6,2,47,584,NaN,NaN
8,6,2,47,585,NaN,NaN
8,6,2,47,586,NaN,NaN
8,6,2,47,587,NaN,NaN
8,6,2,47,588,NaN,NaN
8,6,2,47,589,NaN,NaN
8,6,2,47,590,NaN,NaN
8,6,2,47,591,NaN,NaN
8,6,2,47,592,NaN,NaN
8,6,2,47,593,NaN,NaN
8,6,2,47,594,NaN,NaN
8,6,2,47,595,NaN,NaN
8,6,2,47,596,NaN,NaN
8,6,2,47,597,NaN,NaN
8,6,2,47,598,NaN,NaN
8,6,2,47,599,NaN,NaN
8,6,2,58,0,0,0
8,6,2,58,1,0,0
8,6,2,58,2,-1.1513988157352273e-05,0.00010940177903595583
8,6,2,58,3,-3.7054240276113148e-05,0.00033055076691934637
8,6,2,58,4,-7.9125811236480104e-05,0.00066571842450569019
8,6,2,58,5,-0.00014022487688780672,0.0011171064654647012
8,6,2,58,6,-0.00022283717138749104,0.0016868507802081378
8,6,2,58,7,-0.00032943651401828866,0.0023770250820454031
8,6,2,58,8,-0.00046248341985521968,0.0031896442946349746
8,6,2,58,9,-0.00062442378940819054,0.0041266676980511452
8,6,2,58,10,-0.00081768767214440707,0.0051900018500111722
8,6,2,58,11,-0.0010446880995995667,0.0063815032975728103
8,6,2,58,12,-0.0013078197881377651,0.0077029813523837865
8,6,2,58,13,-0.0016094553483891882,0.0091562040627046759
8,6,2,58,14,-0.0019519434291292992,0.010742901527449611
8,6,2,58,15,-0.0023376077671555251,0.012464767927686249
8,6,2,58,16,-0.0027687463057146644,0.014323463391482938
8,6,2,58,17,-0.0032476303772788206,0.01632061570365495
8,6,2,58,18,-0.0037765039464399131,0.018457821871670221
8,6,2,58,19,-0.0043575829094810725,0.020736649557634435
8,6,2,58,20,-0.0049930544470333516,0.023158638385914476
8,6,2,58,21,-0.005685076426487079,0.025725301135468004
8,6,2,58,22,-0.0064357768515155289,0.028438124824461952
8,6,2,58,23,-0.0072472533555245633,0.031298571695534405
8,6,2,58,24,-0.0081215727369021717,0.034308080108055861
8,6,2,58,25,-0.0090607705332979016,0.037468065344511969
8,6,2,58,26,-0.010066850632922675,0.040779920336755926
8,6,2,58,27,-0.011141784920781772,0.044245016318131269
8,6,2,58,28,-0.012287512957831481,0.047864703406397258
8,6,2,58,29,-0.013505941691366319,0.051640311122674865
8,6,2,58,30,-0.014798945194949287,0.055573148850845966
8,6,2,58,31,-0.016168364436208726,0.059664506241660642
8,6,2,58,32,-0.017616007071313833,0.063915653565624342
8,6,2,58,33,-0.019143647264524555,0.068327842018095497
8,6,2,58,34,-0.020753025531627944,0.072902303980443284
8,6,2,58,35,-0.022445848606178487,0.077640253239999457
8,6,2,58,36,-0.02422378932739333,0.082542885172037783
8,6,2,58,37,-0.026088486548486722,0.087611376886670422
8,6,2,58,38,-0.028041545064871887,0.092846887342779016
8,6,2,58,39,-0.030084535560925829,0.098250557431894814
8,6,2,58,40,-0.032218994574734205,0.10382351003404289
8,6,2,58,41,-0.034446424479844806,0.10956685004754052
8,6,2,58,42,-0.036768293483468995,0.11548166439489249
8,6,2,58,43,-0.03918603564028178,0.12156902200642916
8,6,2,58,44,-0.041701050881137736,0.12782997378355254
8,6,2,58,45,-0.044314705056264225,0.1342655525430364
8,6,2,58,46,-0.047028329992099271,0.14087677294385981
8,6,2,58,47,-0.049843223561485406,0.14766463139803399
8,6,2,58,48,-0.052760649766353529,0.1546301059666827
8,6,2,58,49,-0.055781838832791308,0.16177415624247515
8,6,2,58,50,-0.058907987317663446,0.16909772321973549
8,6,2,58,51,-0.062140258226589529,0.17660172915310302
8,6,2,58,52,-0.065479781142724347,0.18428707740570927
8,6,2,58,53,-0.068927652365907699,0.19215465228810402
8,6,2,58,54,-0.072484935061972733,0.20020531888826631
8,6,2,58,55,-0.0761526594215578,0.20843992289406865
8,6,2,58,56,-0.079931822828355203,0.21685929040849983
8,6,2,58,57,-0.083823390036252832,0.22546422775871211
8,6,2,58,58,-0.087828293355163289,0.2342555212991454
8,6,2,58,59,-0.091947432845068677,0.24323393720995234
8,6,2,58,60,-0.096181676518236614,0.25240022129061346
8,6,2,58,61,-0.10053186054905239,0.26175509874994118
8,6,2,58,62,-0.10499878949131736,0.27129927399243969
8,6,2,58,63,-0.1095832365027638,0.28103343040203899
8,6,2,58,64,-0.11428594357642541,0.29095823012316446
8,6,2,58,65,-0.11910762177868572,0.30107431384001626
8,6,2,58,66,-0.12404895149377149,0.31138230055410276
8,6,2,58,67,-0.12911058267434106,0.32188278736074716
8,6,2,58,68,-0.13429313509805696,0.33257634922469193
8,6,2,58,69,-0.13959719862992603,0.34346353875517599
8,6,2,58,70,-0.14502333349001306,0.35454488598107292
8,6,2,58,71,-0.15057207052648347,0.36582089812602636
8,6,2,58,72,-0.1562439114937586,0.37729205938415999
8,6,2,58,73,-0.16203932933550602,0.38895883069655635
8,6,2,58,74,-0.16795876847224833,0.40082164952871813
8,6,2,58,75,-0.17400264509354613,0.41288092964940348
8,6,2,58,76,-0.18017134745432761,0.42513706091098502
8,6,2,58,77,-0.1864652361755148,0.43759040903147695
8,6,2,58,78,-0.19288464454835785,0.45024131537874379
8,6,2,58,79,-0.19942987884263297,0.46309009675689072
8,6,2,58,80,-0.20610121861841524,0.47613704519496036
8,6,2,58,81,-0.21289891704118213,0.48938242773837182
8,6,2,58,82,-0.21982320120023657,0.50282648624313531
8,6,2,58,83,-0.22687427243010538,0.51646943717314209
8,6,2,58,84,-0.23405230663496313,0.53031147140049917
8,6,2,58,85,-0.24135745461570379,0.54435275400932792
8,6,2,58,86,-0.24878984239973811,0.55859342410308488
8,6,2,58,87,-0.25634957157314453,0.57303359461537695
8,6,2,58,88,-0.26403671961519604,0.58767335212493721
8,6,2,58,89,-0.27185134023508528,0.60251275667419502
8,6,2,58,90,-0.27979346371058145,0.61755184159225929
8,6,2,58,91,-0.28786309722869108,0.632790613322054
8,6,2,58,92,-0.29606022522804532,0.64822905125183072
8,6,2,58,93,-0.30438480974288584,0.66386710755126921
8,6,2,58,94,-0.31283679074864956,0.6797047070121659
8,6,2,58,95,-0.32141608650883557,0.69574174689399637
8,6,2,58,96,-0.33012259392322663,0.71197809677429336
8,6,2,58,97,-0.33895618887713752,0.72841359840416231
8,6,2,58,98,-0.34791672659186257,0.74504806556878189
8,6,2,58,99,-0.35700404197586133,0.76188128395332233
8,6,2,58,100,-0.36621794997688251,0.77891301101409849
8,6,2,58,101,-0.37555824593470399,0.79614297585529903
8,6,2,58,102,-0.38502470593448912,0.81357087911120562
8,6,2,58,103,-0.39461708716069244,0.83119639283412983
8,6,2,58,104,-0.40433512825121531,0.84901916038815917
8,6,2,58,105,-0.41417854965203338,0.86703879634869307
8,6,2,58,106,-0.42414705397185726,0.88525488640808503
8,6,2,58,107,-0.43424032633701537,0.90366698728719108
8,6,2,58,108,-0.44445803474627565,0.92227462665321613
8,6,2,58,109,-0.4547998304256673,0.9410773030437275
8,6,2,58,110,-0.46526534818306375,0.96007448579697729
8,6,2,58,111,-0.47585420676257151,0.97926561498878628
8,6,2,58,112,-0.48656600919862458,0.9986501013756921
8,6,2,58,113,-0.49740034316959614,1.01822732634492
8,6,2,58,114,-0.50835678135101592,1.0379966418708253
8,6,2,58,115,-0.51943488176817154,1.0579573704781771
8,6,2,58,116,-0.53063418814812691,1.0781088052121941
8,6,2,58,117,-0.54195423027100786,1.0984502096154785
8,6,2,58,118,-0.55339452432057734,1.1189808177119065
8,6,2,58,119,-0.56495457323388898,1.1396998339974929
8,6,2,58,120,-0.57663386705015252,1.1606064334383881
8,6,2,58,121,-0.58843188325852225,1.1816997614759823
8,6,2,58,122,-0.60034808714496402,1.2029789340391699
8,6,2,58,123,-0.61238193213796199,1.2244430375639936
8,6,2,58,124,-0.62453286015310971,1.2460911290204906
8,6,2,58,125,-0.6368003019364965,1.2679222359469444
8,6,2,58,126,-0.64918367740686156,1.2899353564915423
8,6,2,58,127,-0.6616823959963436,1.3121294594615223
8,6,2,58,128,-0.67429585698997041,1.334503484379862
8,6,2,58,129,-0.68702344986366071,1.3570563415493759
8,6,2,58,130,-0.69986455462077712,1.3797869121246005
8,6,2,58,131,-0.71281854212713047,1.4026940481911749
8,6,2,58,132,-0.72588477444441302,1.4257765728529463
8,6,2,58,133,-0.73906260516204969,1.4490332803267558
8,6,2,58,134,-0.7523513797272674,1.4724629360449715
8,6,2,58,135,-0.76575043577359336,1.4960642767657379
8,6,2,58,136,-0.77925910344748273,1.5198360106909918
8,6,2,58,137,-0.79287670573307545,1.5437768175924211
8,6,2,58,138,-0.8066025587752379,1.5678853489450555
8,6,2,58,139,-0.82043597220061715,1.5921602280687148
8,6,2,58,140,-0.8343762494366691,1.6166000502774862
8,6,2,58,141,-0.84842268802887144,1.6412033830367574
8,6,2,58,142,-0.86257457995566056,1.6659687661283757
8,6,2,58,143,-0.87683121194144786,1.6908947118234847
8,6,2,58,144,-0.89119186576744336,1.7159797050633585
8,6,2,58,145,-0.90565581858029209,1.7412222036479048
8,6,2,58,146,-0.92022234319845686,1.7666206384322396
8,6,2,58,147,-0.93489070841640265,1.7921734135309091
8,6,2,58,148,-0.94966017930639968,1.8178789065300212
8,6,2,58,149,-0.96453001751797274,1.8437354687071776
8,6,2,58,150,-0.97949948157496358,1.8697414252591611
8,6,2,58,151,-0.9945678271701397,1.8958950755373598
8,6,2,58,152,-1.0097343074572607,1.9221946932910488
8,6,2,58,153,-1.0249981733406244,1.9486385269181534
8,6,2,58,154,-1.0403586737620596,1.975224799723871
8,6,2,58,155,-1.0558150559852042,2.0019517101868307
8,6,2,58,156,-1.0713665658770966,2.0288174322328683
8,6,2,58,157,-1.087012448187108,2.0558201155163185
8,6,2,58,158,-1.1027519468230329,2.0829578857087387
8,6,2,58,159,-1.1185843051242983,2.1102288447952171
8,6,2,58,160,-1.134508766132386,2.1376310713779709
8,6,2,58,161,-1.150524572858258,2.1651626209872239
8,6,2,58,162,-1.1666309685467724,2.1928215263994799
8,6,2,58,163,-1.1828271969381521,2.2206057979628517
8,6,2,58,164,-1.1991125025262894,2.2485134239295599
8,6,2,58,165,-1.2154861308138587,2.2765423707956227
8,6,2,58,166,-1.2319473285644145,2.3046905836472593
8,6,2,58,167,-1.248495344051076,2.3329559865143819
8,6,2,58,168,-1.265129427301942,2.3613364827308803
8,6,2,58,169,-1.2818488303422415,2.3898299553015727
8,6,2,58,170,-1.2986528074329706,2.418434267275829
8,6,2,58,171,-1.3155406153060822,2.4471472621277495
8,6,2,58,172,-1.3325115133962395,2.4759667641427647
8,6,2,58,173,-1.3495647640688946,2.5048905788105866
8,6,2,58,174,-1.3666996328448033,2.5339164932244138
8,6,2,58,175,-1.38391538862081,2.5630422764863021
8,6,2,58,176,-1.4012113038869234,2.5922656801185049
8,6,2,58,177,-1.4185866394787638,2.6215844639165597
8,6,2,58,178,-1.4360405848350577,2.6509964962226378
8,6,2,58,179,-1.4535723332710471,2.6804996318178675
8,6,2,58,180,-1.4711810821921467,2.7100917122950956
8,6,2,58,181,-1.488866033303643,2.7397705664357979
8,6,2,58,182,-1.506626392816518,2.7695340105911597
8,6,2,58,183,-1.5244613716492494,2.7993798490671074
8,6,2,58,184,-1.5423701856254968,2.8293058745134796
8,6,2,58,185,-1.5603520556677353,2.8593098683169589
8,6,2,58,186,-1.578406207986538,2.8893896009980242
8,6,2,58,187,-1.5965318742657386,2.9195428326116075
8,6,2,58,188,-1.6147282918431149,2.9497673131515025
8,6,2,58,189,-1.6329947038867476,2.9800607829583408
8,6,2,58,190,-1.6513303595669271,3.0104209731311311
8,6,2,58,191,-1.6697345142234643,3.0408456059423079
8,6,2,58,192,-1.6882064295285215,3.0713323952559519
8,6,2,58,193,-1.7067453736446858,3.1018790469495601
8,6,2,58,194,-1.7253506213784742,3.1324832593385783
8,6,2,58,195,-1.7440214543289978,3.1631427236043592
8,6,2,58,196,-1.7627571610318749,3.1938551242247621
8,6,2,58,197,-1.7815570370983025,3.2246181394077618
8,6,2,58,198,-1.8004203853492107,3.2554294415276659
8,6,2,58,199,-1.8193465159444644,3.2862866975639644
8,6,2,58,200,-1.8383347465071642,3.3171875695426261
8,6,2,58,201,-1.8573844022427732,3.3481297149798248
8,6,2,58,202,-1.876494816053309,3.3791107873277881
8,6,2,58,203,-1.8956653286463954,3.4101284364228017
8,6,2,58,204,-1.914895288639118,3.4411803089352127
8,6,2,58,205,-1.9341840526567178,3.4722640488212693
8,6,2,58,206,-1.9535309854261773,3.5033772977766304
8,6,2,58,207,-1.9729354598644167,3.5345176956915192
8,6,2,58,208,-1.9923968571613215,3.5656828811073069
8,6,2,58,209,-2.0119145668574809,3.5968704916743643
8,6,2,58,210,-2.0314879869165248,3.6280781646112286
8,6,2,58,211,-2.0511165237922455,3.6593035371646181
8,6,2,58,212,-2.0707995924902631,3.6905442470705458
8,6,2,58,213,-2.0905366166244055,3.721797933016016
8,6,2,58,214,-2.1103270284676734,3.7530622351014982
8,6,2,58,215,-2.1301702689977828,3.7843347953038369
8,6,2,58,216,-2.1500657879373888,3.8156132579393653
8,6,2,58,217,-2.1700130437888543,3.8468952701274457
8,6,2,58,218,-2.1900115038635928,3.8781784822539773
8,6,2,58,219,-2.2100606443061444,3.9094605484346427
8,6,2,58,220,-2.2301599501126255,3.9407391269782792
8,6,2,58,221,-2.250308915144017,3.9720118808495437
8,6,2,58,222,-2.2705070421339513,4.0032764781312293
8,6,2,58,223,-2.2907538426911458,4.0345305924858774
8,6,2,58,224,-2.311048837296509,4.0657719036166302
8,6,2,58,225,-2.3313915552948594,4.0969980977271083
8,6,2,58,226,-2.3517815348814586,4.1282068679801247
8,6,2,58,227,-2.372218323083064,4.1593959149553523
8,6,2,58,228,-2.392701475733916,4.1905629471053727
8,6,2,58,229,-2.4132305574463442,4.2217056812104552
8,6,2,58,230,-2.4338051415763005,4.2528218428315361
8,6,2,58,231,-2.4544248101836033,4.2839091667614211
8,6,2,58,232,-2.4750891539872311,4.3149653974740163
8,6,2,58,233,-2.4957977723153277,4.3459882895716646
8,6,2,58,234,-2.5165502730503722,4.3769756082300102
8,6,2,58,235,-2.537346272569263,4.4079251296407298
8,6,2,58,236,-2.558185395678497,4.4388346414515913
8,6,2,58,237,-2.5790672755444444,4.4697019432041101
8,6,2,58,238,-2.5999915536188412,4.5005248467682639
8,6,2,58,239,-2.6209578795595547,4.5313011767743632
8,6,2,58,240,-2.6419659111465208,4.5620287710420229
8,6,2,58,241,-2.6630153141932289,4.5927054810057735
8,6,2,58,242,-2.6841057624535427,4.6233291721375993
8,6,2,58,243,-2.705236937524008,4.6538977243659376
8,6,2,58,244,-2.7264085287418585,4.6844090324911907
8,6,2,58,245,-2.7476202330785848,4.7148610065976317
8,6,2,58,246,-2.7688717550293007,4.7452515724614122
8,6,2,58,247,-2.7901628064979422,4.7755786719547615
8,6,2,58,248,-2.8114931066783146,4.8058402634462176
8,6,2,58,249,-2.8328623819312559,4.8360343221964914
8,6,2,58,250,-2.854270365657813,4.8661588407503702
8,6,2,58,251,-2.8757167981685869,4.8962118293240628
8,6,2,58,252,-2.897201426549445,4.9261913161880777
8,6,2,58,253,-2.9187240045235208,4.9560953480456114
8,6,2,58,254,-2.9402842923097863,4.9859219904060614
8,6,2,58,255,-2.9618820564780934,5.0156693279539946
8,6,2,58,256,-2.9835170698010502,5.0453354649128341
8,6,2,58,257,-3.0051891111025189,5.0749185254039295
8,6,2,58,258,-3.0268979651031866,5.1044166538001559
8,6,2,58,259,-3.0486434222629977,5.1338280150745792
8,6,2,58,260,-3.0704252786208364,5.1631507951435642
8,6,2,58,261,-3.092243335631367,5.1923832012046898
8,6,2,58,262,-3.1140973999992436,5.2215234620690083
8,6,2,58,263,-3.135987283510838,5.2505698284877136
8,6,2,58,264,-3.1579128028634882,5.2795205734732704
8,6,2,58,265,-3.1798737794925702,5.3083739926145759
8,6,2,58,266,-3.2018700393962041,5.3371284043864682
8,6,2,58,267,-3.2239014129581909,5.3657821504531276
8,6,2,58,268,-3.2459677347687621,5.3943335959655254
8,6,2,58,269,-3.2680688434437446,5.4227811298528303
8,6,2,58,270,-3.2902045814419134,5.4511231651075933
8,6,2,58,271,-3.3123747948808901,5.4793581390646855
8,6,2,58,272,-3.3345793333516172,5.5074845136738961
8,6,2,58,273,-3.3568180497314968,5.5355007757662751
8,6,2,58,274,-3.3790907999964537,5.5634054373138593
8,6,2,58,275,-3.4013974430319003,5.5911970356830016
8,6,2,58,276,-3.4237378404428807,5.618874133881044
8,6,2,58,277,-3.4461118563634208,5.6464353207964475
8,6,2,58,278,-3.4685193572651762,5.6738792114321948
8,6,2,58,279,-3.4909602117657537,5.7012044471323327
8,6,2,58,280,-3.513434290436479,5.7284096958018811
8,6,2,58,281,-3.5359414656100485,5.7554936521198226
8,6,2,58,282,-3.5584816111880082,5.7824550377451684
8,6,2,58,283,-3.5810546024483192,5.8092926015160664
8,6,2,58,284,-3.6036603158530078,5.8360051196420155
8,6,2,58,285,-3.6262986288561949,5.8625913958888694
8,6,2,58,286,-3.6489694197124001,5.8890502617570197
8,6,2,58,287,-3.6716725672855777,5.9153805766521819
8,6,2,58,288,-3.6944079508586194,5.9415812280492837
8,6,2,58,289,-3.7171754499438547,5.9676511316490126
8,6,2,58,290,-3.7399749440943539,5.9935892315272268
8,6,2,58,291,-3.7628063127162878,6.0193945002770946
8,6,2,58,292,-3.7856694348825326,6.0450659391440649
8,6,2,58,293,-3.8085641891475284,6.0706025781533359
8,6,2,58,294,-3.8314904533636174,6.0960034762302415
8,6,2,58,295,-3.8544481044987924,6.1212677213132087
8,6,2,58,296,-3.8774370184562978,6.146394430459309
8,6,2,58,297,-3.9004570698958627,6.171382749942536
8,6,2,58,298,-3.9235081320569245,6.1962318553446725
8,6,2,58,299,-3.9465900765838171,6.2209409516387568
8,6,2,58,300,-3.9697027733531289,6.2455092732650961
8,6,2,58,301,-3.9928460903032592,6.2699360841999923
8,6,2,58,302,-4.0160198932663373,6.2942206780169681
8,6,2,58,303,-4.0392240458026532,6.3183623779405202
8,6,2,58,304,-4.06245840903755,6.3423605368926079
8,6,2,58,305,-4.0857228415010933,6.3662145375315475
8,6,2,58,306,-4.1090171989704052,6.3899237922836223
8,6,2,58,307,-4.132341334314976,6.413487743367166
8,6,2,58,308,-4.1556950973448412,6.4369058628093141
8,6,2,58,309,-4.1790783346619005,6.4601776524552932
8,6,2,58,310,-4.2024908895143041,6.4833026439703874
8,6,2,58,311,-4.2259326016541756,6.5062803988344715
8,6,2,58,312,-4.249403307198607,6.5291105083290697
8,6,2,58,313,-4.2729028384940806,6.5517925935173329
8,6,2,58,314,-4.2964310239843817,6.5743263052163794
8,6,2,58,315,-4.3199876880821,6.5967113239625039
8,6,2,58,316,-4.3435726510438197,6.6189473599689492
8,6,2,58,317,-4.3671857288489377,6.6410341530766166
8,6,2,58,318,-4.3908267330823865,6.6629714726971736
8,6,2,58,319,-4.4144954708212056,6.6847591177492696
8,6,2,58,320,-4.4381917445249499,6.7063969165873454
8,6,2,58,321,-4.4619153519302674,6.727884726923353
8,6,2,58,322,-4.4856660859493749,6.7492224357412169
8,6,2,58,323,-4.5094437345727432,6.7704099592043407
8,6,2,58,324,-4.5332480807759037,6.7914472425559511
8,6,2,58,325,-4.5570789024305007,6.8123342600122569
8,6,2,58,326,-4.5809359722195966,6.8330710146489366
8,6,2,58,327,-4.6048190575573411,6.8536575382802418
8,6,2,58,328,-4.628727920512854,6.8740938913314595
8,6,2,58,329,-4.6526623177387041,6.8943801627044135
8,6,2,58,330,-4.6766220004036683,6.9145164696359815
8,6,2,58,331,-4.7006067141299566,6.9345029575499897
8,6,2,58,332,-4.7246161989350552,6.9543397999022458
8,6,2,58,333,-4.7486501891779609,6.9740271980188142
8,6,2,58,334,-4.7727084135099798,6.9935653809277323
8,6,2,58,335,-4.7967905948301688,7.012954605184027
8,6,2,58,336,-4.8208964502452432,7.0321951546882282
8,6,2,58,337,-4.8450256910341718,7.0512873404982166
8,6,2,58,338,-4.869178022617354,7.0702315006348524
8,6,2,58,339,-4.8933531445303489,7.0890279998809786
8,6,2,58,340,-4.9175507504023388,7.1076772295741639
8,6,2,58,341,-4.9417705279390987,7.1261796073931931
8,6,2,58,342,-4.9660121589106652,7.1445355771382255
8,6,2,58,343,-4.9902753191435947,7.1627456085048751
8,6,2,58,344,-5.014559678517827,7.1808101968521028
8,6,2,58,345,-5.038864900968143,7.1987298629641625
8,6,2,58,346,-5.063190644490251,7.2165051528063771
8,6,2,58,347,-5.0875365611513681,7.2341366372752871
8,6,2,58,348,-5.1119022971054413,7.2516249119426641
8,6,2,58,349,-5.1362874926128566,7.2689705967938751
8,6,2,58,350,-5.1606917820646023,7.2861743359605908
8,6,2,58,351,-5.1851147940110476,7.3032367974477399
8,6,2,58,352,-5.2095561511950326,7.3201586728549231
8,6,2,58,353,-5.2340154705894593,7.336940677092449
8,6,2,58,354,-5.2584923634392435,7.3535835480917324
8,6,2,58,355,-5.2829864353075795,7.3700880465105953
8,6,2,58,356,-5.3074972861265941,7.3864549554330834
8,6,2,58,357,-5.3320245102521753,7.4026850800642725
8,6,2,58,358,-5.3565676965230402,7.4187792474198631
8,6,2,58,359,-5.3811264283240066,7.4347383060107655
8,6,2,58,360,-5.4057002836533643,7.4505631255227884
8,6,2,58,361,-5.4302888351942862,7.4662545964913809
8,6,2,58,362,-5.4548916503903033,7.4818136299717422
8,6,2,58,363,-5.479508291524704,7.4972411572040514
8,6,2,58,364,-5.5041383158038197,7.5125381292742794
8,6,2,58,365,-5.5287812754441612,7.5277055167703635
8,6,2,58,366,-5.5534367177633381,7.5427443094340045
8,6,2,58,367,-5.5781041852746682,7.5576555158081673
8,6,2,58,368,-5.6027832157854398,7.5724401628802092
8,6,2,58,369,-5.6274733424987344,7.5870992957210417
8,6,2,58,370,-5.6521740941187337,7.6016339771201231
8,6,2,58,371,-5.6768849949594973,7.6160452872164468
8,6,2,58,372,NaN,NaN
8,6,2,58,373,NaN,NaN
8,6,2,58,374,NaN,NaN
8,6,2,58,375,NaN,NaN
8,6,2,58,376,NaN,NaN
8,6,2,58,377,NaN,NaN
8,6,2,58,378,NaN,NaN
8,6,2,58,379,NaN,NaN
8,6,2,58,380,NaN,NaN
8,6,2,58,381,NaN,NaN
8,6,2,58,382,NaN,NaN
8,6,2,58,383,NaN,NaN
8,6,2,58,384,NaN,NaN
8,6,2,58,385,NaN,NaN
8,6,2,58,386,NaN,NaN
8,6,2,58,387,NaN,NaN
8,6,2,58,388,NaN,NaN
8,6,2,58,389,NaN,NaN
8,6,2,58,390,NaN,NaN
8,6,2,58,391,NaN,NaN
8,6,2,58,392,NaN,NaN
8,6,2,58,393,NaN,NaN
8,6,2,58,394,NaN,NaN
8,6,2,58,395,NaN,NaN
8,6,2,58,396,NaN,NaN
8,6,2,58,397,NaN,NaN
8,6,2,58,398,NaN,NaN
8,6,2,58,399,NaN,NaN
8,6,2,58,400,NaN,NaN
8,6,2,58,401,NaN,NaN
8,6,2,58,402,NaN,NaN
8,6,2,58,403,NaN,NaN
8,6,2,58,404,NaN,NaN
8,6,2,58,405,NaN,NaN
8,6,2,58,406,NaN,NaN
8,6,2,58,407,NaN,NaN
8,6,2,58,408,NaN,NaN
8,6,2,58,409,NaN,NaN
8,6,2,58,410,NaN,NaN
8,6,2,58,411,NaN,NaN
8,6,2,58,412,NaN,NaN
8,6,2,58,413,NaN,NaN
8,6,2,58,414,NaN,NaN
8,6,2,58,415,NaN,NaN
8,6,2,58,416,NaN,NaN
8,6,2,58,417,NaN,NaN
8,6,2,58,418,NaN,NaN
8,6,2,58,419,NaN,NaN
8,6,2,58,420,NaN,NaN
8,6,2,58,421,NaN,NaN
8,6,2,58,422,NaN,NaN
8,6,2,58,423,NaN,NaN
8,6,2,58,424,NaN,NaN
8,6,2,58,425,NaN,NaN
8,6,2,58,426,NaN,NaN
8,6,2,58,427,NaN,NaN
8,6,2,58,428,NaN,NaN
8,6,2,58,429,NaN,NaN
8,6,2,58,430,NaN,NaN
8,6,2,58,431,NaN,NaN
8,6,2,58,432,NaN,NaN
8,6,2,58,433,NaN,NaN
8,6,2,58,434,NaN,NaN
8,6,2,58,435,NaN,NaN
8,6,2,58,436,NaN,NaN
8,6,2,58,437,NaN,NaN
8,6,2,58,438,NaN,NaN
8,6,2,58,439,NaN,NaN
8,6,2,58,440,NaN,NaN
8,6,2,58,441,NaN,NaN
8,6,2,58,442,NaN,NaN
8,6,2,58,443,NaN,NaN
8,6,2,58,444,NaN,NaN
8,6,2,58,445,NaN,NaN
8,6,2,58,446,NaN,NaN
8,6,2,58,447,NaN,NaN
8,6,2,58,448,NaN,NaN
8,6,2,58,449,NaN,NaN
8,6,2,58,450,NaN,NaN
8,6,2,58,451,NaN,NaN
8,6,2,58,452,NaN,NaN
8,6,2,58,453,NaN,NaN
8,6,2,58,454,NaN,NaN
8,6,2,58,455,NaN,NaN
8,6,2,58,456,NaN,NaN
8,6,2,58,457,NaN,NaN
8,6,2,58,458,NaN,NaN
8,6,2,58,459,NaN,NaN
8,6,2,58,460,NaN,NaN
8,6,2,58,461,NaN,NaN
8,6,2,58,462,NaN,NaN
8,6,2,58,463,NaN,NaN
8,6,2,58,464,NaN,NaN
8,6,2,58,465,NaN,NaN
8,6,2,58,466,NaN,NaN
8,6,2,58,467,NaN,NaN
8,6,2,58,468,NaN,NaN
8,6,2,58,469,NaN,NaN
8,6,2,58,470,NaN,NaN
8,6,2,58,471,NaN,NaN
8,6,2,58,472,NaN,NaN
8,6,2,58,473,NaN,NaN
8,6,2,58,474,NaN,NaN
8,6,2,58,475,NaN,NaN
8,6,2,58,476,NaN,NaN
8,6,2,58,477,NaN,NaN
8,6,2,58,478,NaN,NaN
8,6,2,58,479,NaN,NaN
8,6,2,58,480,NaN,NaN
8,6,2,58,481,NaN,NaN
8,6,2,58,482,NaN,NaN
8,6,2,58,483,NaN,NaN
8,6,2,58,484,NaN,NaN
8,6,2,58,485,NaN,NaN
8,6,2,58,486,NaN,NaN
8,6,2,58,487,NaN,NaN
8,6,2,58,488,NaN,NaN
8,6,2,58,489,NaN,NaN
8,6,2,58,490,NaN,NaN
8,6,2,58,491,NaN,NaN
8,6,2,58,492,NaN,NaN
8,6,2,58,493,NaN,NaN
8,6,2,58,494,NaN,NaN
8,6,2,58,495,NaN,NaN
8,6,2,58,496,NaN,NaN
8,6,2,58,497,NaN,NaN
8,6,2,58,498,NaN,NaN
8,6,2,58,499,NaN,NaN
8,6,2,58,500,NaN,NaN
8,6,2,58,501,NaN,NaN
8,6,2,58,502,NaN,NaN
8,6,2,58,503,NaN,NaN
8,6,2,58,504,NaN,NaN
8,6,2,58,505,NaN,NaN
8,6,2,58,506,NaN,NaN
8,6,2,58,507,NaN,NaN
8,6,2,58,508,NaN,NaN
8,6,2,58,509,NaN,NaN
8,6,2,58,510,NaN,NaN
8,6,2,58,511,NaN,NaN
8,6,2,58,512,NaN,NaN
8,6,2,58,513,NaN,NaN
8,6,2,58,514,NaN,NaN
8,6,2,58,515,NaN,NaN
8,6,2,58,516,NaN,NaN
8,6,2,58,517,NaN,NaN
8,6,2,58,518,NaN,NaN
8,6,2,58,519,NaN,NaN
8,6,2,58,520,NaN,NaN
8,6,2,58,521,NaN,NaN
8,6,2,58,522,NaN,NaN
8,6,2,58,523,NaN,NaN
8,6,2,58,524,NaN,NaN
8,6,2,58,525,NaN,NaN
8,6,2,58,526,NaN,NaN
8,6,2,58,527,NaN,NaN
8,6,2,58,528,NaN,NaN
8,6,2,58,529,NaN,NaN
8,6,2,58,530,NaN,NaN
8,6,2,58,531,NaN,NaN
8,6,2,58,532,NaN,NaN
8,6,2,58,533,NaN,NaN
8,6,2,58,534,NaN,NaN
8,6,2,58,535,NaN,NaN
8,6,2,58,536,NaN,NaN
8,6,2,58,537,NaN,NaN
8,6,2,58,538,NaN,NaN
8,6,2,58,539,NaN,NaN
8,6,2,58,540,NaN,NaN
8,6,2,58,541,NaN,NaN
8,6,2,58,542,NaN,NaN
8,6,2,58,543,NaN,NaN
8,6,2,58,544,NaN,NaN
8,6,2,58,545,NaN,NaN
8,6,2,58,546,NaN,NaN
8,6,2,58,547,NaN,NaN
8,6,2,58,548,NaN,NaN
8,6,2,58,549,NaN,NaN
8,6,2,58,550,NaN,NaN
8,6,2,58,551,NaN,NaN
8,6,2,58,552,NaN,NaN
8,6,2,58,553,NaN,NaN
8,6,2,58,554,NaN,NaN
8,6,2,58,555,NaN,NaN
8,6,2,58,556,NaN,NaN
8,6,2,58,557,NaN,NaN
8,6,2,58,558,NaN,NaN
8,6,2,58,559,NaN,NaN
8,6,2,58,560,NaN,NaN
8,6,2,58,561,NaN,NaN
8,6,2,58,562,NaN,NaN
8,6,2,58,563,NaN,NaN
8,6,2,58,564,NaN,NaN
8,6,2,58,565,NaN,NaN
8,6,2,58,566,NaN,NaN
8,6,2,58,567,NaN,NaN
8,6,2,58,568,NaN,NaN
8,6,2,58,569,NaN,NaN
8,6,2,58,570,NaN,NaN
8,6,2,58,571,NaN,NaN
8,6,2,58,572,NaN,NaN
8,6,2,58,573,NaN,NaN
8,6,2,58,574,NaN,NaN
8,6,2,58,575,NaN,NaN
8,6,2,58,576,NaN,NaN
8,6,2,58,577,NaN,NaN
8,6,2,58,578,NaN,NaN
8,6,2,58,579,NaN,NaN
8,6,2,58,580,NaN,NaN
8,6,2,58,581,NaN,NaN
8,6,2,58,582,NaN,NaN
8,6,2,58,583,NaN,NaN
8,6,2,58,584,NaN,NaN
8,6,2,58,585,NaN,NaN
8,6,2,58,586,NaN,NaN
8,6,2,58,587,NaN,NaN
8,6,2,58,588,NaN,NaN
8,6,2,58,589,NaN,NaN
8,6,2,58,590,NaN,NaN
8,6,2,58,591,NaN,NaN
8,6,2,58,592,NaN,NaN
8,6,2,58,593,NaN,NaN
8,6,2,58,594,NaN,NaN
8,6,2,58,595,NaN,NaN
8,6,2,58,596,NaN,NaN
8,6,2,58,597,NaN,NaN
8,6,2,58,598,NaN,NaN
8,6,2,58,599,NaN,NaN
8,6,2,61,0,0,0
8,6,2,61,1,0,0
8,6,2,61,2,-0.00013395118624304203,3.2838695537829032e-05
8,6,2,61,3,-0.000403814133553837,0.00010174027404719066
8,6,2,61,4,-0.00081151005777435614,0.00020991426792904555
8,6,2,61,5,-0.0013589199121033513,0.00036055618394537081
8,6,2,61,6,-0.0020478835682735674,0.00055684803097755253
8,6,2,61,7,-0.0028801990775206843,0.00080195875382660375
8,6,2,61,8,-0.003857622006409045,0.0010990445806241533
8,6,2,61,9,-0.0049818648431898538,0.0014512492903434593
8,6,2,61,10,-0.0062545964705285062,0.0018617044068108823
8,6,2,61,11,-0.0076774417005931461,0.0023335293251491862
8,6,2,61,12,-0.0092519808689961458,0.0028698313758679372
8,6,2,61,13,-0.010979749484196777,0.0034737058318218272
8,6,2,61,14,-0.012862237929145426,0.0041482358626249161
8,6,2,61,15,-0.014900891212205059,0.0048964924408478883
8,6,2,61,16,-0.01709710876464654,0.0057215342041644357
8,6,2,61,17,-0.019452244282064379,0.0066264072769911531
8,6,2,61,18,-0.021967605607248197,0.007614145055268029
8,6,2,61,19,-0.024644454652306136,0.0086877679575297906
8,6,2,61,20,-0.027484007357886364,0.009850283145332317
8,6,2,61,21,-0.030487433687365062,0.011104684215632044
8,6,2,61,22,-0.033655857654246724,0.012453950868063224
8,6,2,61,23,-0.036990357380950467,0.013901048549080919
8,6,2,61,24,-0.040491965187272605,0.015448928075492696
8,6,2,61,25,-0.044161667706948959,0.017100525239316378
8,6,2,61,26,-0.048000406030829224,0.018858760396026075
8,6,2,61,27,-0.05200907587527559,0.020726538037646458
8,6,2,61,28,-0.056188527774392316,0.022706746352760265
8,6,2,61,29,-0.060539567294859431,0.024802256774528186
8,6,2,61,30,-0.065062955272160439,0.027015923518561302
8,6,2,61,31,-0.069759408067049389,0.029350583111528716
8,6,2,61,32,-0.074629597841180395,0.031809053912137952
8,6,2,61,33,-0.079674152850844893,0.034394135625270827
8,6,2,61,34,-0.084893657757934005,0.037108608810418331
8,6,2,61,35,-0.090288653957026899,0.039955234385574689
8,6,2,61,36,-0.095859639917822426,0.042936753127154059
8,6,2,61,37,-0.10160707154203141,0.046055885167037292
8,6,2,61,38,-0.10753136253388029,0.049315329487320536
8,6,2,61,39,-0.11363288478350442,0.052717763413595575
8,6,2,61,40,-0.1199119687623873,0.056265842107344755
8,6,2,61,41,-0.12636890393021849,0.059962198058138849
8,6,2,61,42,-0.13300393915238184,0.063809440575995913
8,6,2,61,43,-0.13981728312745245,0.067810155284761531
8,6,2,61,44,-0.14680910482409715,0.071966903616613176
8,6,2,61,45,-0.15397953392666253,0.076282222308335368
8,6,2,61,46,-0.16132866128891199,0.080758622899793076
8,6,2,61,47,-0.16885653939528456,0.08539859123492255
8,6,2,61,48,-0.17656318282924799,0.090204586965411671
8,6,2,61,49,-0.18444856874797466,0.095179043057888602
8,6,2,61,50,-0.19251263736302371,0.10032436530418576
8,6,2,61,51,-0.20075529242647994,0.10564293183565054
8,6,2,61,52,-0.2091764017219,0.11113709264135296
8,6,2,61,53,-0.21777579755981047,0.11680916909053429
8,6,2,61,54,-0.22655327727720276,0.12266145345941892
8,6,2,61,55,-0.23550860374048632,0.12869620846282515
8,6,2,61,56,-0.24464150585167266,0.1349156667904583
8,6,2,61,57,-0.25395167905717386,0.14132203064826376
8,6,2,61,58,-0.26343878585888825,0.14791747130495914
8,6,2,61,59,-0.27310245632720664,0.1547041286438372
8,6,2,61,60,-0.28294228861555637,0.16168411071995903
8,6,2,61,61,-0.29295784947602765,0.16885949332298977
8,6,2,61,62,-0.30314867477578833,0.17623231954573826
8,6,2,61,63,-0.31351427001401477,0.18380459935839477
8,6,2,61,64,-0.3240541108388062,0.19157830918873631
8,6,2,61,65,-0.33476764356396016,0.1995553915083631
8,6,2,61,66,-0.34565428568522627,0.207737754424972
8,6,2,61,67,-0.35671342639566617,0.21612727128080267
8,6,2,61,68,-0.36794442709988662,0.22472578025750645
8,6,2,61,69,-0.37934662192691815,0.23353508398718803
8,6,2,61,70,-0.39091931692145088,0.24255688672163156
8,6,2,61,71,-0.40266179119425316,0.25179277888894014
8,6,2,61,72,-0.41457329934449505,0.26124431275535154
8,6,2,61,73,-0.42665307193874291,0.27091300208846036
8,6,2,61,74,-0.43890031598708967,0.28080032182623282
8,6,2,61,75,-0.4513142154167038,0.2909077077519806
8,6,2,61,76,-0.46389393154204206,0.30123655617539657
8,6,2,61,77,-0.47663860353202581,0.31178822361986047
8,6,2,61,78,-0.48954734887369233,0.32256402651607563
8,6,2,61,79,-0.50261926383236566,0.33356524090217832
8,6,2,61,80,-0.515853423908047,0.34479310213045844
8,6,2,61,81,-0.52924888428801387,0.35624880458086372
8,6,2,61,82,-0.54280468029533346,0.36793350138131509
8,6,2,61,83,-0.55651982783339604,0.3798483041349443
8,6,2,61,84,-0.57039332382614605,0.39199428265447034
8,6,2,61,85,-0.58442414665402787,0.40437246470374222
8,6,2,61,86,-0.59861125658548509,0.41698383574661768
8,6,2,61,87,-0.61295359620403,0.42982933870318318
8,6,2,61,88,-0.62745009083063907,0.44290987371361223
8,6,2,61,89,-0.64209964894161309,0.45622629790958158
8,6,2,61,90,-0.65690116258172448,0.46977942519337013
8,6,2,61,91,-0.67185350777257402,0.48357002602500698
8,6,2,61,92,-0.68695554491620681,0.49759882721714666
8,6,2,61,93,-0.70220611919393772,0.51186651173820985
8,6,2,61,94,-0.71760406096032514,0.52637371852353454
8,6,2,61,95,-0.73314818613232635,0.54112104229494806
8,6,2,61,96,-0.74883729657359566,0.55610903338858264
8,6,2,61,97,-0.76467018047392532,0.57133819759136173
8,6,2,61,98,-0.78064561272391253,0.58680899598592962
8,6,2,61,99,-0.79676235528477468,0.60252184480431847
8,6,2,61,100,-0.81301915755336296,0.61847711529053606
8,6,2,61,101,-0.82941475672255183,0.63467513357190197
8,6,2,61,102,-0.8459478781367491,0.65111618053956544
8,6,2,61,103,-0.86261723564289294,0.66780049173800204
8,6,2,61,104,-0.87942153193678041,0.68472825726391962
8,6,2,61,105,-0.89635945890487734,0.70189962167427622
8,6,2,61,106,-0.91342969796170959,0.71931468390389053
8,6,2,61,107,-0.9306309203827301,0.73697349719256677
8,6,2,61,108,-0.94796178763302819,0.75487606902179538
8,6,2,61,109,-0.96542095169169784,0.77302236106124578
8,6,2,61,110,-0.98300705537211486,0.79141228912508466
8,6,2,61,111,-1.000718732638195,0.81004572313815026
8,6,2,61,112,-1.0185546089166553,0.82892248711229355
8,6,2,61,113,-1.0365133014054673,0.84804235913264192
8,6,2,61,114,-1.0545934193785911,0.86740507135430189
8,6,2,61,115,-1.0727935644871012,0.88701031000912589
8,6,2,61,116,-1.0911123310567539,0.90685771542302895
8,6,2,61,117,-1.1095483063822853,0.92694688204368048
8,6,2,61,118,-1.1281000710183009,0.94727735847885408
8,6,2,61,119,-1.146766199067184,0.96784864754523026
8,6,2,61,120,-1.1655452584639014,0.98866020632807083
8,6,2,61,121,-1.1844358112579445,1.009711446251607
8,6,2,61,122,-1.2034364138925502,1.0310017331602945
8,6,2,61,123,-1.2225456174812688,1.0525303874109411
8,6,2,61,124,-1.2417619680820835,1.0742966839758976
8,6,2,61,125,-1.2610840069691487,1.0962998525572254
8,6,2,61,126,-1.2805102709022964,1.1185390777120023
8,6,2,61,127,-1.3000392923945225,1.141013498988777
8,6,2,61,128,-1.3196695999774299,1.1637222110751995
8,6,2,61,129,-1.3393997184649287,1.1866642639569407
8,6,2,61,130,-1.3592281692151598,1.2098386630879281
8,6,2,61,131,-1.3791534703909314,1.2332443695718203
8,6,2,61,132,-1.3991741372187338,1.2568803003549207
8,6,2,61,133,-1.4192886822463446,1.2807453284303967
8,6,2,61,134,-1.4394956155993399,1.3048382830541021
8,6,2,61,135,-1.4597934452365569,1.3291579499715405
8,6,2,61,136,-1.4801806772045178,1.3537030716564868
8,6,2,61,137,-1.5006558158911387,1.3784723475610661
8,6,2,61,138,-1.5212173642786431,1.4034644343771023
8,6,2,61,139,-1.5418638241958993,1.4286779463091732
8,6,2,61,140,-1.5625936965702969,1.4541114553588779
8,6,2,61,141,-1.5834054816791565,1.4797634916206976
8,6,2,61,142,-1.6042976794008956,1.5056325435892108
8,6,2,61,143,-1.6252687894659668,1.5317170584776969
8,6,2,61,144,-1.6463173117076513,1.5580154425481718
8,6,2,61,145,-1.6674417463129032,1.584526061452618
8,6,2,61,146,-1.6886405940731097,1.6112472405856808
8,6,2,61,147,-1.7099123566351015,1.6381772654484457
8,6,2,61,148,-1.7312555367522353,1.6653143820235332
8,6,2,61,149,-1.7526686385358037,1.6926567971612654
8,6,2,61,150,-1.7741501677067228,1.7202026789769009
8,6,2,61,151,-1.7956986318475532,1.7479501572589125
8,6,2,61,152,-1.8173125406549195,1.7758973238882008
8,6,2,61,153,-1.8389904061924478,1.8040422332680688
8,6,2,61,154,-1.8607307431440567,1.8323829027650895
8,6,2,61,155,-1.8825320690678549,1.8609173131605345
8,6,2,61,156,-1.9043929046504648,1.8896434091124319
8,6,2,61,157,-1.9263117739619418,1.918559099628117
8,6,2,61,158,-1.9482872047112187,1.9476622585470365
8,6,2,61,159,-1.9703177285021078,1.9769507250339187
8,6,2,61,160,-1.9924018810897837,2.0064223040820144
8,6,2,61,161,-2.0145382026378167,2.0360747670263661
8,6,2,61,162,-2.0367252379758174,2.0659058520668045
8,6,2,61,163,-2.0589615368573622,2.0959132648009056
8,6,2,61,164,-2.0812456542185442,2.1260946787663828
8,6,2,61,165,-2.1035761504368589,2.1564477359928782
8,6,2,61,166,-2.1259515915905025,2.1869700475631637
8,6,2,61,167,-2.1483705497178929,2.2176591941833994
8,6,2,61,168,-2.1708316030776444,2.2485127267622973
8,6,2,61,169,-2.1933333364085317,2.2795281669992034
8,6,2,61,170,-2.2158743411897666,2.3107030079806328
8,6,2,61,171,-2.2384532159012038,2.3420347147854153
8,6,2,61,172,-2.2610685662836194,2.3735207250979218
8,6,2,61,173,-2.283719005598861,2.405158449829492
8,6,2,61,174,-2.3064031548897912,2.4369452737476123
8,6,2,61,175,-2.3291196432399239,2.4688785561128581
8,6,2,61,176,-2.3518671080327511,2.5009556313232375
8,6,2,61,177,-2.3746441952104789,2.5331738095658278
8,6,2,61,178,-2.3974495595322001,2.565530377475453
8,6,2,61,179,-2.4202818648314031,2.5980225988001622
8,6,2,61,180,-2.4431397842724745,2.6306477150733949
8,6,2,61,181,-2.4660220006064382,2.6634029462924422
8,6,2,61,182,-2.4889272064254451,2.6962854916031538
8,6,2,61,183,-2.5118541044161393,2.7292925299904653
8,6,2,61,184,-2.5348014076115701,2.7624212209748338
8,6,2,61,185,-2.5577678396416834,2.7956687053138669
8,6,2,61,186,-2.580752134982145,2.829032105709381
8,6,2,61,187,-2.6037530392013397,2.8625085275193611
8,6,2,61,188,-2.6267693092054953,2.8960950594746295
8,6,2,61,189,-2.6497997134816931,2.9297887744000191
8,6,2,61,190,-2.6728430323386174,2.9635867299398018
8,6,2,61,191,-2.6958980581449685,2.9974859692871143
8,6,2,61,192,-2.7189635955652767,3.0314835219170027
8,6,2,61,193,-2.7420384617930615,3.0655764043229978
8,6,2,61,194,-2.7651214867810414,3.0997616207570049
8,6,2,61,195,-2.7882115134684913,3.1340361639718592
8,6,2,61,196,-2.8113073980051806,3.1683970159668755
8,6,2,61,197,-2.834408009972206,3.2028411487356023
8,6,2,61,198,-2.8575122325991744,3.2373655250157478
8,6,2,61,199,-2.8806189629777434,3.2719670990411398
8,6,2,61,200,-2.903727112271409,3.3066428172950717
8,6,2,61,201,-2.9268356059212297,3.3413896192651507
8,6,2,61,202,-2.9499433838474642,3.3762044381991982
8,6,2,61,203,-2.9730494006469099,3.4110842018618581
8,6,2,61,204,-2.9961526257857529,3.4460258332918796
8,6,2,61,205,-3.0192520437878345,3.4810262515595465
8,6,2,61,206,-3.0423466544181821,3.5160823725241346
8,6,2,61,207,-3.0654354728615827,3.5511911095910813
8,6,2,61,208,-3.0885175298961345,3.5863493744686643
8,6,2,61,209,-3.1115918720616031,3.6215540779236859
8,6,2,61,210,-3.1346575618223795,3.6568021305363159
8,6,2,61,211,-3.1577136777250492,3.6920904434533135
8,6,2,61,212,-3.1807593145502078,3.7274159291398075
8,6,2,61,213,-3.2037935834586637,3.762775502129065
8,6,2,61,214,-3.2268156121316673,3.7981660797701489
8,6,2,61,215,-3.2498245449051275,3.8335845829731126
8,6,2,61,216,-3.2728195428977536,3.8690279369515497
8,6,2,61,217,-3.2957997841329578,3.9044930719620536
8,6,2,61,218,-3.3187644636542721,3.9399769240406863
8,6,2,61,219,-3.3417127936344437,3.9754764357357226
8,6,2,61,220,-3.3646440034778791,4.0109885568368169
8,6,2,61,221,-3.387557339916436,4.0465102451001158
8,6,2,61,222,-3.410452067098424,4.0820384669691538
8,6,2,61,223,-3.4333274666707436,4.1175701982912845
8,6,2,61,224,-3.4561828378541879,4.153102425029215
8,6,2,61,225,-3.4790174975115216,4.1886321439677996
8,6,2,61,226,-3.5018307802086812,4.2241563634154016
8,6,2,61,227,-3.5246220382686486,4.2596721038998666
8,6,2,61,228,-3.5473906418181822,4.295176398858799
8,6,2,61,229,-3.5701359788272491,4.3306662953238648
8,6,2,61,230,-3.5928574551411128,4.3661388545989359
8,6,2,61,231,-3.6155544945050746,4.4015911529318243
8,6,2,61,232,-3.6382265385817125,4.4370202821794376
8,6,2,61,233,-3.6608730469607886,4.4724233504660287
8,6,2,61,234,-3.6834934971615771,4.5077974828344383
8,6,2,61,235,-3.7060873846277156,4.5431398218900441
8,6,2,61,236,-3.7286542227145891,4.5784475284371853
8,6,2,61,237,-3.7511935426690846,4.6137177821079902
8,6,2,61,238,-3.7737048936019479,4.6489477819832175
8,6,2,61,239,-3.7961878424524755,4.6841347472050741
8,6,2,61,240,-3.8186419739457578,4.7192759175817081
8,6,2,61,241,-3.8410668905424492,4.7543685541832827
8,6,2,61,242,-3.8634622123809468,4.7894099399293397
8,6,2,61,243,-3.8858275772121975,4.8243973801672917
8,6,2,61,244,-3.9081626403270397,4.8593282032421055
8,6,2,61,245,-3.9304670744761627,4.8941997610564867
8,6,2,61,246,-3.9527405697827254,4.929009429621936
8,6,2,61,247,-3.9749828336476281,4.9637546096002962
8,6,2,61,248,-3.9971935906476466,4.9984327268354303
8,6,2,61,249,-4.0193725824262501,5.0330412328752985
8,6,2,61,250,-4.0415195675774225,5.0675776054838888
8,6,2,61,251,-4.0636343215223363,5.1020393491431806
8,6,2,61,252,-4.0857166363791659,5.1364239955446784
8,6,2,61,253,-4.1077663208259008,5.1707291040707064
8,6,2,61,254,-4.1297831999564885,5.2049522622650475
8,6,2,61,255,-4.1517671151301228,5.2390910862930653
8,6,2,61,256,-4.1737179238140465,5.2731432213910052
8,6,2,61,257,-4.195635499419792,5.3071063423043654
8,6,2,61,258,-4.2175197311330406,5.3409781537152954
8,6,2,61,259,-4.2393705237371959,5.3747563906590274
8,6,2,61,260,-4.2611877974307379,5.4084388189289374
8,6,2,61,261,-4.2829714876385818,5.4420232354704252
8,6,2,61,262,-4.3047215448175136,5.4755074687633885
8,6,2,61,263,-4.3264379342557557,5.5088893791932296
8,6,2,61,264,-4.3481206358669588,5.5421668594103775
8,6,2,61,265,-4.3697696439785885,5.5753378346781099
8,6,2,61,266,-4.3913849671149476,5.6084002632087984
8,6,2,61,267,-4.4129666277749671,5.6413521364882726
8,6,2,61,268,-4.4345146622048688,5.6741914795885613
8,6,2,61,269,-4.4560291201658773,5.7069163514686636
8,6,2,61,270,-4.4775100646971824,5.7395248452633636
8,6,2,61,271,-4.498957571874179,5.772015088560253
8,6,2,61,272,-4.5203717305622675,5.8043852436647034
8,6,2,61,273,-4.5417526421663297,5.8366335078527589
8,6,2,61,274,-4.5631004203760597,5.8687581136120572
8,6,2,61,275,-4.5844151909072153,5.9007573288706734
8,6,2,61,276,-4.6056970912391577,5.9326294572138645
8,6,2,61,277,-4.6269462703486584,5.9643728380886909
8,6,2,61,278,-4.6481628884402157,5.9959858469966347
8,6,2,61,279,-4.6693471166730891,6.027466895673947
8,6,2,61,280,-4.6904991368851734,6.0588144322600037
8,6,2,61,281,-4.7116191413138946,6.0900269414535551
8,6,2,61,282,-4.7327073323143622,6.1211029446568057
8,6,2,61,283,-4.7537639220748389,6.1520410001075083
8,6,2,61,284,-4.7747891323298264,6.1828397029989128
8,6,2,61,285,-4.7957831940708795,6.2134976855877513
8,6,2,61,286,-4.8167463472553518,6.2440136172902481
8,6,2,61,287,-4.8376788405131936,6.2743862047660057
8,6,2,61,288,-4.8585809308521464,6.3046141919901242
8,6,2,61,289,-4.8794528833612461,6.3346963603133934
8,6,2,61,290,-4.9002949709131052,6.3646315285105421
8,6,2,61,291,-4.9211074738649163,6.3944185528168305
8,6,2,61,292,-4.9418906797585258,6.4240563269528232
8,6,2,61,293,-4.9626448830196344,6.4535437821374915
8,6,2,61,294,-4.9833703846563715,6.4828798870897906
8,6,2,61,295,-5.0040674919574144,6.5120636480184926
8,6,2,61,296,-5.0247365181897985,6.5410941086007286
8,6,2,61,297,-5.0453777822966011,6.5699703499490534
8,6,2,61,298,-5.0659916085947003,6.5986914905672407
8,6,2,61,299,-5.0865783264727682,6.6272566862946665
8,6,2,61,300,-5.107138270089628,6.6556651302397931
8,6,2,61,301,-5.1276717780731946,6.6839160527023571
8,6,2,61,302,-5.1481791932202032,6.7120087210847137
8,6,2,61,303,-5.1686608621967274,6.7399424397922427
8,6,2,61,304,-5.1891171352398455,6.7677165501230627
8,6,2,61,305,-5.209548365860539,6.7953304301468922
8,6,2,61,306,-5.2299549105479066,6.8227834945735779
8,6,2,61,307,-5.2503371284750076,6.8500751946108691
8,6,2,61,308,-5.270695381206286,6.8772050178122015
8,6,2,61,309,-5.291030032407007,6.9041724879138817
8,6,2,61,310,-5.3113414475545291,6.9309771646624583
8,6,2,61,311,-5.3316299936518208,6.9576186436318164
8,6,2,61,312,-5.3518960389432548,6.9840965560306971
8,6,2,61,313,-5.3721399526328319,7.0104105685001556
8,6,2,61,314,-5.392362104604925,7.0365603829016878
8,6,2,61,315,-5.4125628651478515,7.0625457360956352
8,6,2,61,316,-5.4327426046801683,7.088366399710436
8,6,2,61,317,-5.4529016934799888,7.1140221799023937
8,6,2,61,318,-5.4730405014174366,7.1395129171066909
8,6,2,61,319,-5.4931593976902668,7.1648384857791543
8,6,2,61,320,-5.5132587505628603,7.1899987941294068
8,6,2,61,321,-5.5333389271086553,7.2149937838452889
8,6,2,61,322,-5.5534002929562014,7.2398234298087702
8,6,2,61,323,-5.5734432120388977,7.2644877398035126
8,6,2,61,324,-5.5934680463484598,7.2889867542141964
8,6,2,61,325,NaN,NaN
8,6,2,61,326,NaN,NaN
8,6,2,61,327,NaN,NaN
8,6,2,61,328,NaN,NaN
8,6,2,61,329,NaN,NaN
8,6,2,61,330,NaN,NaN
8,6,2,61,331,NaN,NaN
8,6,2,61,332,NaN,NaN
8,6,2,61,333,NaN,NaN
8,6,2,61,334,NaN,NaN
8,6,2,61,335,NaN,NaN
8,6,2,61,336,NaN,NaN
8,6,2,61,337,NaN,NaN
8,6,2,61,338,NaN,NaN
8,6,2,61,339,NaN,NaN
8,6,2,61,340,NaN,NaN
8,6,2,61,341,NaN,NaN
8,6,2,61,342,NaN,NaN
8,6,2,61,343,NaN,NaN
8,6,2,61,344,NaN,NaN
8,6,2,61,345,NaN,NaN
8,6,2,61,346,NaN,NaN
8,6,2,61,347,NaN,NaN
8,6,2,61,348,NaN,NaN
8,6,2,61,349,NaN,NaN
8,6,2,61,350,NaN,NaN
8,6,2,61,351,NaN,NaN
8,6,2,61,352,NaN,NaN
8,6,2,61,353,NaN,NaN
8,6,2,61,354,NaN,NaN
8,6,2,61,355,NaN,NaN
8,6,2,61,356,NaN,NaN
8,6,2,61,357,NaN,NaN
8,6,2,61,358,NaN,NaN
8,6,2,61,359,NaN,NaN
8,6,2,61,360,NaN,NaN
8,6,2,61,361,NaN,NaN
8,6,2,61,362,NaN,NaN
8,6,2,61,363,NaN,NaN
8,6,2,61,364,NaN,NaN
8,6,2,61,365,NaN,NaN
8,6,2,61,366,NaN,NaN
8,6,2,61,367,NaN,NaN
8,6,2,61,368,NaN,NaN
8,6,2,61,369,NaN,NaN
8,6,2,61,370,NaN,NaN
8,6,2,61,371,NaN,NaN
8,6,2,61,372,NaN,NaN
8,6,2,61,373,NaN,NaN
8,6,2,61,374,NaN,NaN
8,6,2,61,375,NaN,NaN
8,6,2,61,376,NaN,NaN
8,6,2,61,377,NaN,NaN
8,6,2,61,378,NaN,NaN
8,6,2,61,379,NaN,NaN
8,6,2,61,380,NaN,NaN
8,6,2,61,381,NaN,NaN
8,6,2,61,382,NaN,NaN
8,6,2,61,383,NaN,NaN
8,6,2,61,384,NaN,NaN
8,6,2,61,385,NaN,NaN
8,6,2,61,386,NaN,NaN
8,6,2,61,387,NaN,NaN
8,6,2,61,388,NaN,NaN
8,6,2,61,389,NaN,NaN
8,6,2,61,390,NaN,NaN
8,6,2,61,391,NaN,NaN
8,6,2,61,392,NaN,NaN
8,6,2,61,393,NaN,NaN
8,6,2,61,394,NaN,NaN
8,6,2,61,395,NaN,NaN
8,6,2,61,396,NaN,NaN
8,6,2,61,397,NaN,NaN
8,6,2,61,398,NaN,NaN
8,6,2,61,399,NaN,NaN
8,6,2,61,400,NaN,NaN
8,6,2,61,401,NaN,NaN
8,6,2,61,402,NaN,NaN
8,6,2,61,403,NaN,NaN
8,6,2,61,404,NaN,NaN
8,6,2,61,405,NaN,NaN
8,6,2,61,406,NaN,NaN
8,6,2,61,407,NaN,NaN
8,6,2,61,408,NaN,NaN
8,6,2,61,409,NaN,NaN
8,6,2,61,410,NaN,NaN
8,6,2,61,411,NaN,NaN
8,6,2,61,412,NaN,NaN
8,6,2,61,413,NaN,NaN
8,6,2,61,414,NaN,NaN
8,6,2,61,415,NaN,NaN
8,6,2,61,416,NaN,NaN
8,6,2,61,417,NaN,NaN
8,6,2,61,418,NaN,NaN
8,6,2,61,419,NaN,NaN
8,6,2,61,420,NaN,NaN
8,6,2,61,421,NaN,NaN
8,6,2,61,422,NaN,NaN
8,6,2,61,423,NaN,NaN
8,6,2,61,424,NaN,NaN
8,6,2,61,425,NaN,NaN
8,6,2,61,426,NaN,NaN
8,6,2,61,427,NaN,NaN
8,6,2,61,428,NaN,NaN
8,6,2,61,429,NaN,NaN
8,6,2,61,430,NaN,NaN
8,6,2,61,431,NaN,NaN
8,6,2,61,432,NaN,NaN
8,6,2,61,433,NaN,NaN
8,6,2,61,434,NaN,NaN
8,6,2,61,435,NaN,NaN
8,6,2,61,436,NaN,NaN
8,6,2,61,437,NaN,NaN
8,6,2,61,438,NaN,NaN
8,6,2,61,439,NaN,NaN
8,6,2,61,440,NaN,NaN
8,6,2,61,441,NaN,NaN
8,6,2,61,442,NaN,NaN
8,6,2,61,443,NaN,NaN
8,6,2,61,444,NaN,NaN
8,6,2,61,445,NaN,NaN
8,6,2,61,446,NaN,NaN
8,6,2,61,447,NaN,NaN
8,6,2,61,448,NaN,NaN
8,6,2,61,449,NaN,NaN
8,6,2,61,450,NaN,NaN
8,6,2,61,451,NaN,NaN
8,6,2,61,452,NaN,NaN
8,6,2,61,453,NaN,NaN
8,6,2,61,454,NaN,NaN
8,6,2,61,455,NaN,NaN
8,6,2,61,456,NaN,NaN
8,6,2,61,457,NaN,NaN
8,6,2,61,458,NaN,NaN
8,6,2,61,459,NaN,NaN
8,6,2,61,460,NaN,NaN
8,6,2,61,461,NaN,NaN
8,6,2,61,462,NaN,NaN
8,6,2,61,463,NaN,NaN
8,6,2,61,464,NaN,NaN
8,6,2,61,465,NaN,NaN
8,6,2,61,466,NaN,NaN
8,6,2,61,467,NaN,NaN
8,6,2,61,468,NaN,NaN
8,6,2,61,469,NaN,NaN
8,6,2,61,470,NaN,NaN
8,6,2,61,471,NaN,NaN
8,6,2,61,472,NaN,NaN
8,6,2,61,473,NaN,NaN
8,6,2,61,474,NaN,NaN
8,6,2,61,475,NaN,NaN
8,6,2,61,476,NaN,NaN
8,6,2,61,477,NaN,NaN
8,6,2,61,478,NaN,NaN
8,6,2,61,479,NaN,NaN
8,6,2,61,480,NaN,NaN
8,6,2,61,481,NaN,NaN
8,6,2,61,482,NaN,NaN
8,6,2,61,483,NaN,NaN
8,6,2,61,484,NaN,NaN
8,6,2,61,485,NaN,NaN
8,6,2,61,486,NaN,NaN
8,6,2,61,487,NaN,NaN
8,6,2,61,488,NaN,NaN
8,6,2,61,489,NaN,NaN
8,6,2,61,490,NaN,NaN
8,6,2,61,491,NaN,NaN
8,6,2,61,492,NaN,NaN
8,6,2,61,493,NaN,NaN
8,6,2,61,494,NaN,NaN
8,6,2,61,495,NaN,NaN
8,6,2,61,496,NaN,NaN
8,6,2,61,497,NaN,NaN
8,6,2,61,498,NaN,NaN
8,6,2,61,499,NaN,NaN
8,6,2,61,500,NaN,NaN
8,6,2,61,501,NaN,NaN
8,6,2,61,502,NaN,NaN
8,6,2,61,503,NaN,NaN
8,6,2,61,504,NaN,NaN
8,6,2,61,505,NaN,NaN
8,6,2,61,506,NaN,NaN
8,6,2,61,507,NaN,NaN
8,6,2,61,508,NaN,NaN
8,6,2,61,509,NaN,NaN
8,6,2,61,510,NaN,NaN
8,6,2,61,511,NaN,NaN
8,6,2,61,512,NaN,NaN
8,6,2,61,513,NaN,NaN
8,6,2,61,514,NaN,NaN
8,6,2,61,515,NaN,NaN
8,6,2,61,516,NaN,NaN
8,6,2,61,517,NaN,NaN
8,6,2,61,518,NaN,NaN
8,6,2,61,519,NaN,NaN
8,6,2,61,520,NaN,NaN
8,6,2,61,521,NaN,NaN
8,6,2,61,522,NaN,NaN
8,6,2,61,523,NaN,NaN
8,6,2,61,524,NaN,NaN
8,6,2,61,525,NaN,NaN
8,6,2,61,526,NaN,NaN
8,6,2,61,527,NaN,NaN
8,6,2,61,528,NaN,NaN
8,6,2,61,529,NaN,NaN
8,6,2,61,530,NaN,NaN
8,6,2,61,531,NaN,NaN
8,6,2,61,532,NaN,NaN
8,6,2,61,533,NaN,NaN
8,6,2,61,534,NaN,NaN
8,6,2,61,535,NaN,NaN
8,6,2,61,536,NaN,NaN
8,6,2,61,537,NaN,NaN
8,6,2,61,538,NaN,NaN
8,6,2,61,539,NaN,NaN
8,6,2,61,540,NaN,NaN
8,6,2,61,541,NaN,NaN
8,6,2,61,542,NaN,NaN
8,6,2,61,543,NaN,NaN
8,6,2,61,544,NaN,NaN
8,6,2,61,545,NaN,NaN
8,6,2,61,546,NaN,NaN
8,6,2,61,547,NaN,NaN
8,6,2,61,548,NaN,NaN
8,6,2,61,549,NaN,NaN
8,6,2,61,550,NaN,NaN
8,6,2,61,551,NaN,NaN
8,6,2,61,552,NaN,NaN
8,6,2,61,553,NaN,NaN
8,6,2,61,554,NaN,NaN
8,6,2,61,555,NaN,NaN
8,6,2,61,556,NaN,NaN
8,6,2,61,557,NaN,NaN
8,6,2,61,558,NaN,NaN
8,6,2,61,559,NaN,NaN
8,6,2,61,560,NaN,NaN
8,6,2,61,561,NaN,NaN
8,6,2,61,562,NaN,NaN
8,6,2,61,563,NaN,NaN
8,6,2,61,564,NaN,NaN
8,6,2,61,565,NaN,NaN
8,6,2,61,566,NaN,NaN
8,6,2,61,567,NaN,NaN
8,6,2,61,568,NaN,NaN
8,6,2,61,569,NaN,NaN
8,6,2,61,570,NaN,NaN
8,6,2,61,571,NaN,NaN
8,6,2,61,572,NaN,NaN
8,6,2,61,573,NaN,NaN
8,6,2,61,574,NaN,NaN
8,6,2,61,575,NaN,NaN
8,6,2,61,576,NaN,NaN
8,6,2,61,577,NaN,NaN
8,6,2,61,578,NaN,NaN
8,6,2,61,579,NaN,NaN
8,6,2,61,580,NaN,NaN
8,6,2,61,581,NaN,NaN
8,6,2,61,582,NaN,NaN
8,6,2,61,583,NaN,NaN
8,6,2,61,584,NaN,NaN
8,6,2,61,585,NaN,NaN
8,6,2,61,586,NaN,NaN
8,6,2,61,587,NaN,NaN
8,6,2,61,588,NaN,NaN
8,6,2,61,589,NaN,NaN
8,6,2,61,590,NaN,NaN
8,6,2,61,591,NaN,NaN
8,6,2,61,592,NaN,NaN
8,6,2,61,593,NaN,NaN
8,6,2,61,594,NaN,NaN
8,6,2,61,595,NaN,NaN
8,6,2,61,596,NaN,NaN
8,6,2,61,597,NaN,NaN
8,6,2,61,598,NaN,NaN
8,6,2,61,599,NaN,NaN
