network,eta,s_init,s_temporal,condition,target,goBias,cueEqDistance,relativeBias,dispersion,C,endpointRmsM
1,0,0.050000000000000003,0.10000000000000001,1,1,2.1974278732095205,2.0830273445019727,1.0549203201818262,2.8726518067184128,-2.2287020904533343,0.026556861229687437
1,0,0.050000000000000003,0.10000000000000001,1,2,2.9108545401595523,3.256710404129969,0.89380208214650503,2.9297183816191255,-2.5236139292418467,0.031753594329333133
1,0,0.050000000000000003,0.10000000000000001,1,3,2.5612973779140833,2.870440238140243,0.89230123793608285,2.9483586725430744,-2.2236784138820398,0.032640802083458854
1,0,0.050000000000000003,0.10000000000000001,1,4,1.7599941218886295,2.5624824793304231,0.68683167049341787,2.965117901747448,-2.3950694682794005,0.032214977761141107
1,0,0.050000000000000003,0.10000000000000001,1,5,2.645445022106069,2.9547417558016322,0.89532190652930688,2.9274009420044633,-2.4302973173836291,0.033351027929090435
1,0,0.050000000000000003,0.10000000000000001,1,6,2.5560568690365799,2.9725615420443363,0.8598835828571908,2.8237228448599545,-2.1604183718626473,0.025711796459124376
1,0,0.050000000000000003,0.10000000000000001,1,7,2.3193445917681874,3.1076688598083217,0.74632938591508835,2.9508790920924612,-2.3474126504617527,0.027955730744793114
1,0,0.050000000000000003,0.10000000000000001,1,8,2.0834630145124224,2.6604722164658208,0.78311774940469059,2.9221960569352223,-2.3379926814016905,0.024646088874649117
1,0,0.050000000000000003,0.10000000000000001,2,1,2.5356895254952336,2.6930219532760287,0.94157774035618158,3.2506583031671634,-2.5883460651518089,0.057517046955541093
1,0,0.050000000000000003,0.10000000000000001,2,2,2.3378896631072821,2.8364432426616868,0.82423283778223333,3.2636428819684333,-2.6893175717275724,0.067084936138751772
1,0,0.050000000000000003,0.10000000000000001,2,3,1.9295665159635143,2.7523191909349238,0.70106930995458705,3.2899868412559701,-2.4917903383310187,0.075540539974999807
1,0,0.050000000000000003,0.10000000000000001,2,4,2.6746401552359975,2.6829943803129663,0.99688623087015404,3.358351649420225,-2.7945837581187991,0.070611887630660605
1,0,0.050000000000000003,0.10000000000000001,2,5,2.6840480461514482,2.9014349519303479,0.92507607119219737,3.3192100866984262,-2.7570358286224805,0.085762040713274826
1,0,0.050000000000000003,0.10000000000000001,2,6,2.6766715968616497,2.8678923123803592,0.93332360678494386,3.1980569627431743,-2.4720153758301588,0.068415271773232741
1,0,0.050000000000000003,0.10000000000000001,2,7,2.2156588840902773,2.899200135747356,0.76423109145554891,3.3497667014228747,-2.7632918118391934,0.071340555451895479
1,0,0.050000000000000003,0.10000000000000001,2,8,2.3292320802402195,2.8333777085941612,0.8220690355455349,3.2924925865049075,-2.6816762937265444,0.060429514305948423
1,0,0.10000000000000001,0.10000000000000001,1,1,2.195953054680162,2.0937255051148562,1.0488256695137779,2.942061355580154,-1.3545852155536384,0.02645829991629731
1,0,0.10000000000000001,0.10000000000000001,1,2,2.916098986885209,3.2688063510108782,0.89209903363758625,3.0295798005589964,-1.4937475443534962,0.031936974907258192
1,0,0.10000000000000001,0.10000000000000001,1,3,2.5816725991438219,2.8729261487974851,0.89862128903815619,3.0657295630132055,-1.3306430184912859,0.032888149832246923
1,0,0.10000000000000001,0.10000000000000001,1,4,1.7502241107010674,2.5628454533636789,0.68292222162828287,3.0522375476108556,-1.4334647399115472,0.032145592069752239
1,0,0.10000000000000001,0.10000000000000001,1,5,2.6511840635081758,2.9525225589052773,0.8979386306505206,3.0228911410080568,-1.4548985118072129,0.033344615842372242
1,0,0.10000000000000001,0.10000000000000001,1,6,2.5401054437654413,2.9917723541986527,0.84903032150847235,2.9437468741545731,-1.3334579761933154,0.026022561163022109
1,0,0.10000000000000001,0.10000000000000001,1,7,2.3096786527425848,3.1056411274166167,0.74370429743241395,3.0490859589935639,-1.4009447804471329,0.027891804241718839
1,0,0.10000000000000001,0.10000000000000001,1,8,2.1197466905789022,2.6775417422175432,0.79167643109209773,3.0153438501253316,-1.3987190882966074,0.02458628188304162
1,0,0.10000000000000001,0.10000000000000001,2,1,2.5128474862138206,2.7086985697539658,0.92769550450276395,3.3387098416002519,-1.6030831730053705,0.059904089217536705
1,0,0.10000000000000001,0.10000000000000001,2,2,2.3315455228175521,2.8269626147682949,0.82475286749013188,3.3640592800130693,-1.5989824686516123,0.069199380896115062
1,0,0.10000000000000001,0.10000000000000001,2,3,1.9331128817147407,2.7418082460804039,0.7050503566317059,3.4150979251763314,-1.5284110582490962,0.077630773980898266
1,0,0.10000000000000001,0.10000000000000001,2,4,2.6723534621913121,2.6823134333279008,0.99628679817472654,3.4738017970014914,-1.7132183718422302,0.07114154412262845
1,0,0.10000000000000001,0.10000000000000001,2,5,2.6819321262450853,2.9106982773160057,0.92140506185276305,3.4620314230068954,-1.7407367636838478,0.087980312943538683
1,0,0.10000000000000001,0.10000000000000001,2,6,2.6709850327635252,2.8830662505849967,0.92643900646457966,3.3312343552827435,-1.5036829338991746,0.069943093416720031
1,0,0.10000000000000001,0.10000000000000001,2,7,2.192804107481662,2.8927333412860747,0.75803879887067893,3.4879265793798244,-1.6939049742852139,0.072813155898230425
1,0,0.10000000000000001,0.10000000000000001,2,8,2.3403393859089379,2.8501869805401356,0.82111784310565572,3.4185893576629125,-1.6517235995352637,0.063269004978902421
1,0,0.20000000000000001,0.10000000000000001,1,1,2.2024611601279074,2.1380948314969777,1.0301045246837175,3.2621019107444553,-0.54602153550958066,0.025972949306534349
1,0,0.20000000000000001,0.10000000000000001,1,2,2.9635201670968487,3.3087811527586815,0.89565312127882113,3.3993779659479157,-0.61475257930339799,0.032716871026969047
1,0,0.20000000000000001,0.10000000000000001,1,3,2.6583430098878624,2.893104498361994,0.91885481889539489,3.4536891265044067,-0.5795185880115129,0.033778105889031754
1,0,0.20000000000000001,0.10000000000000001,1,4,1.7339549241050625,2.5800502288694793,0.67206246789421731,3.3824058603750671,-0.61953730174271626,0.031965794554777653
1,0,0.20000000000000001,0.10000000000000001,1,5,2.6791085865459161,2.9644941300934193,0.90373212729602881,3.3836910415331047,-0.62755386381427947,0.033469520433004524
1,0,0.20000000000000001,0.10000000000000001,1,6,2.5200880709137921,3.0488023291168589,0.82658296566041445,3.352238640986958,-0.56844918660846755,0.027009532101287363
1,0,0.20000000000000001,0.10000000000000001,1,7,2.3035423161702369,3.1180875719380063,0.73876767827226242,3.4000101897112258,-0.58906060876680177,0.027758247636181461
1,0,0.20000000000000001,0.10000000000000001,1,8,2.2125134684437167,2.7312766328308218,0.81006568205087492,3.344352935402422,-0.58012764207310641,0.024657645179863966
1,0,0.20000000000000001,0.10000000000000001,2,1,2.4647180128357915,2.7576811301821782,0.89376468724394076,3.7454276148571872,-0.70780752161769855,0.068629038316009916
1,0,0.20000000000000001,0.10000000000000001,2,2,2.3332003981217126,2.826553641198267,0.82545767542292026,3.7508251465540909,-0.68944854850435922,0.076375115045996381
1,0,0.20000000000000001,0.10000000000000001,2,3,1.9568585648930898,2.7367516342965348,0.71502965061573387,3.8700572687758346,-0.72566396679170264,0.085894049883589133
1,0,0.20000000000000001,0.10000000000000001,2,4,2.6856247152000781,2.6967128171185766,0.99588828968063936,3.9064592187176284,-0.78991239565961691,0.07640906743312445
1,0,0.20000000000000001,0.10000000000000001,2,5,2.6746938069332535,2.9456575795440041,0.90801246740542851,3.971661557980811,-0.86627405357367948,0.095120345209063054
1,0,0.20000000000000001,0.10000000000000001,2,6,2.6725761383106468,2.9329055237825692,0.91123840050047866,3.8011480390301657,-0.68114089341879591,0.076706500799528954
1,0,0.20000000000000001,0.10000000000000001,2,7,2.1637600946724058,2.89752598796691,0.74676123826265961,3.9670068676060186,-0.83216883608415826,0.07872130633183301
1,0,0.20000000000000001,0.10000000000000001,2,8,2.3703635560509455,2.9022485288606146,0.81673348525445533,3.8539470743041164,-0.77220129190058107,0.072631825259857064
1,0,0.10000000000000001,0.050000000000000003,1,1,2.127807212712169,2.0937255051148562,1.0162780209316136,1.6336532871278269,-0.61941299295920293,0.013380265420908057
1,0,0.10000000000000001,0.050000000000000003,1,2,2.9230801179978716,3.2688063510108782,0.89423471570712931,1.7035146934008512,-0.72442988680101017,0.015927753042996734
1,0,0.10000000000000001,0.050000000000000003,1,3,2.5226410819879548,2.8729261487974851,0.87807376567749629,1.7503000223194463,-0.70170581283901434,0.016488956965652123
1,0,0.10000000000000001,0.050000000000000003,1,4,1.7208580100078521,2.5628454533636789,0.67146382461309306,1.6917452858360706,-0.6667306570113567,0.016096748402058325
1,0,0.10000000000000001,0.050000000000000003,1,5,2.6045404985082068,2.9525225589052773,0.88214076151679133,1.6983689748579445,-0.74842678545255137,0.016600769893879951
1,0,0.10000000000000001,0.050000000000000003,1,6,2.4494260009933448,2.9917723541986527,0.81872071501557286,1.6667512077570328,-0.65524480005358876,0.013095926206163186
1,0,0.10000000000000001,0.050000000000000003,1,7,2.3231190002464097,3.1056411274166167,0.74803201816781162,1.7053249721424713,-0.6870024664112897,0.013836827116433137
1,0,0.10000000000000001,0.050000000000000003,1,8,2.0297306034797771,2.6775417422175432,0.7580575015793225,1.6744294812095681,-0.66671202303457233,0.012262395878345347
1,0,0.10000000000000001,0.050000000000000003,2,1,2.4181551024276411,2.7086985697539658,0.89273687719607897,1.8839187893404834,-0.81766394421208499,0.034700312829303942
1,0,0.10000000000000001,0.050000000000000003,2,2,2.2891000406528379,2.8269626147682949,0.80973834910103981,1.8988764213169957,-0.78395846948092951,0.038484986006466562
1,0,0.10000000000000001,0.050000000000000003,2,3,1.8298837224194069,2.7418082460804039,0.66740032788045867,1.9379775636583658,-0.78790606944665387,0.043092474708068283
1,0,0.10000000000000001,0.050000000000000003,2,4,2.5963971844998004,2.6823134333279008,0.96796934774266641,1.9651578954960685,-0.85971873421377776,0.038684755693702173
1,0,0.10000000000000001,0.050000000000000003,2,5,2.6062857578323881,2.9106982773160057,0.89541598253037735,1.9885164338064525,-0.97775727317555816,0.047515859903230061
1,0,0.10000000000000001,0.050000000000000003,2,6,2.6096105553300051,2.8830662505849967,0.90515108863713922,1.91594837578996,-0.78164334489840404,0.038474967112053726
1,0,0.10000000000000001,0.050000000000000003,2,7,2.1914866062164982,2.8927333412860747,0.75758334684322803,1.9912527815180836,-0.90638781594859574,0.039354677344984365
1,0,0.10000000000000001,0.050000000000000003,2,8,2.290748741221416,2.8501869805401356,0.80371875840486051,1.9355381836712173,-0.87457583915625337,0.036610890829772078
1,0,0.10000000000000001,0.20000000000000001,1,1,2.4194024977491755,2.0937255051148562,1.155549040138599,5.685199197733394,-2.0116564588432957,0.051543561530357836
1,0,0.10000000000000001,0.20000000000000001,1,2,3.0486251702293852,3.2688063510108782,0.93264171775932758,5.7509636268476392,-2.1527143998483074,0.065282470152116884
1,0,0.10000000000000001,0.20000000000000001,1,3,2.8996160082634055,2.8729261487974851,1.0092901307181501,5.7791808205983575,-2.002770020471262,0.065167700909812276
1,0,0.10000000000000001,0.20000000000000001,1,4,1.901144513224627,2.5628454533636789,0.74181004973570142,5.8710193081375159,-2.2269873608796531,0.062384678075931593
1,0,0.10000000000000001,0.20000000000000001,1,5,2.8325520461710387,2.9525225589052773,0.95936677524363412,5.7672032092621484,-2.1721237459161746,0.067002797249294782
1,0,0.10000000000000001,0.20000000000000001,1,6,2.7955270734521185,2.9917723541986527,0.93440500896696777,5.5758772472745148,-1.9808314880859765,0.051533563914547789
1,0,0.10000000000000001,0.20000000000000001,1,7,2.3882035427874047,3.1056411274166167,0.76898889627147538,5.8113102627010322,-2.1073402099617158,0.055919016525519463
1,0,0.10000000000000001,0.20000000000000001,1,8,2.3732203360322961,2.6775417422175432,0.88634298342134987,5.7684785785994546,-2.1474152770139345,0.0453336838682942
1,0,0.10000000000000001,0.20000000000000001,2,1,2.6724489360727786,2.7086985697539658,0.98661732461265339,6.3917952475063657,-2.3437968268449088,0.10981523322777849
1,0,0.10000000000000001,0.20000000000000001,2,2,2.4931755294740023,2.8269626147682949,0.88192730828820998,6.3305835591566222,-2.3496733679753214,0.13196033805005519
1,0,0.10000000000000001,0.20000000000000001,2,3,2.2629641625044981,2.7418082460804039,0.82535464168201944,6.4812146277664988,-2.2961518863082877,0.14009155393699604
1,0,0.10000000000000001,0.20000000000000001,2,4,2.9061374226103736,2.6823134333279008,1.0834443829350615,6.5631967521172685,-2.5044333670250545,0.13140775942745228
1,0,0.10000000000000001,0.20000000000000001,2,5,2.912605212883606,2.9106982773160057,1.0006551471110769,6.5266898585199504,-2.499856441607315,0.16668317834725491
1,0,0.10000000000000001,0.20000000000000001,2,6,2.8519347503720116,2.8830662505849967,0.98920194768099134,6.2389179477998642,-2.2106009226832248,0.13191575899440666
1,0,0.10000000000000001,0.20000000000000001,2,7,2.3796832138211403,2.8927333412860747,0.82264174850045513,6.5468093845038151,-2.4731074983363279,0.14037572647799038
1,0,0.10000000000000001,0.20000000000000001,2,8,2.5090540947364337,2.8501869805401356,0.880312102983835,6.45907605793027,-2.3722339297031767,0.1120646144669884
1,1,0.050000000000000003,0.10000000000000001,1,1,0.26102252621417255,2.0830273445019727,0.12530921732886802,1.2858444530282547,-0.48272455966680083,0.019855205975710073
1,1,0.050000000000000003,0.10000000000000001,1,2,0.28745771314728286,3.256710404129969,0.088266280226435193,1.3221706705670599,-0.60256983442661005,0.023668784829074502
1,1,0.050000000000000003,0.10000000000000001,1,3,0.29304746003940235,2.870440238140243,0.10209146880872451,1.3055630617328149,-0.46469931268437387,0.021737856242494972
1,1,0.050000000000000003,0.10000000000000001,1,4,0.2542349733031487,2.5624824793304231,0.099214326479836204,1.3082150710938569,-0.51369878300721117,0.024809495331836177
1,1,0.050000000000000003,0.10000000000000001,1,5,0.30218841852829181,2.9547417558016322,0.10227236202112933,1.3154337060788681,-0.5644350967313031,0.022498825665968454
1,1,0.050000000000000003,0.10000000000000001,1,6,0.28747039662939267,2.9725615420443363,0.096707971412322402,1.2769911318818175,-0.44947582839054273,0.018620261956515664
1,1,0.050000000000000003,0.10000000000000001,1,7,0.24928383142983307,3.1076688598083217,0.080215699508347449,1.3677750346213724,-0.59947919833061325,0.019952128015580758
1,1,0.050000000000000003,0.10000000000000001,1,8,0.25081466330082403,2.6604722164658208,0.094274490727066104,1.3160394400130999,-0.55235402424139635,0.017633218574826717
1,1,0.050000000000000003,0.10000000000000001,2,1,0.29744941603577679,2.6930219532760287,0.11045190911790867,1.3559098656394979,-0.56530073503177836,0.026173614829608057
1,1,0.050000000000000003,0.10000000000000001,2,2,0.29238474155974903,2.8364432426616868,0.10308147089358941,1.3836627718699179,-0.64536104899951718,0.030884462109165598
1,1,0.050000000000000003,0.10000000000000001,2,3,0.28383649910822778,2.7523191909349238,0.10312630164520001,1.3824655194337081,-0.5516905848135466,0.032381143496018221
1,1,0.050000000000000003,0.10000000000000001,2,4,0.29656815189942487,2.6829943803129663,0.11053625534050904,1.3783904010470625,-0.58382976954368448,0.032009612606004947
1,1,0.050000000000000003,0.10000000000000001,2,5,0.34247198951984525,2.9014349519303479,0.11803538428183472,1.3844762410142402,-0.63104623886868527,0.036454186174395858
1,1,0.050000000000000003,0.10000000000000001,2,6,0.2817803759899733,2.8678923123803592,0.09825347164311575,1.3479094352689336,-0.5247974390935114,0.027746399020966126
1,1,0.050000000000000003,0.10000000000000001,2,7,0.27291522816533564,2.899200135747356,0.094134663143903147,1.4409251158122394,-0.68393917457757103,0.029221864372849397
1,1,0.050000000000000003,0.10000000000000001,2,8,0.27262118592825374,2.8333777085941612,0.096217735143938984,1.3836280873772218,-0.60794790797159248,0.026276105942600398
1,1,0.10000000000000001,0.10000000000000001,1,1,0.26127966226616339,2.0937255051148562,0.12479174640031444,1.2856400267872714,-0.065329095741268425,0.019850418104433696
1,1,0.10000000000000001,0.10000000000000001,1,2,0.28702347544174622,3.2688063510108782,0.087806815277688202,1.3222031461336063,-0.13298081578420665,0.023660245444420847
1,1,0.10000000000000001,0.10000000000000001,1,3,0.29403356273929721,2.8729261487974851,0.10234637004587474,1.3068967095086419,-0.032277449852630737,0.021744277726973398
1,1,0.10000000000000001,0.10000000000000001,1,4,0.25392795881115687,2.5628454533636789,0.099080480439381141,1.3081935999858834,-0.070986635274323667,0.024807833475293927
1,1,0.10000000000000001,0.10000000000000001,1,5,0.30196428913238438,2.9525225589052773,0.10227332157771736,1.3162232895210666,-0.10645237398093114,0.02249875982081739
1,1,0.10000000000000001,0.10000000000000001,1,6,0.28695937410133365,2.9917723541986527,0.095916179484249506,1.277170466307048,-0.017156552987267037,0.018616981037584145
1,1,0.10000000000000001,0.10000000000000001,1,7,0.24897438030771785,3.1056411274166167,0.080168432247296917,1.3683183311344438,-0.12855193031086518,0.019946634508377973
1,1,0.10000000000000001,0.10000000000000001,1,8,0.25157576268106424,2.6775417422175432,0.093957736947439294,1.3163017252200357,-0.11071791481999617,0.017626143791224801
1,1,0.10000000000000001,0.10000000000000001,2,1,0.29701635795746967,2.7086985697539658,0.10965279092846718,1.3556233277035179,-0.12177171377669123,0.026161317271601495
1,1,0.10000000000000001,0.10000000000000001,2,2,0.29186713345895571,2.8269626147682949,0.10324407260789965,1.3836693943313851,-0.15933274173475079,0.030918014804970102
1,1,0.10000000000000001,0.10000000000000001,2,3,0.28387195221695227,2.7418082460804039,0.10353457526534396,1.3837402273375052,-0.089162997542196101,0.032391788083250071
1,1,0.10000000000000001,0.10000000000000001,2,4,0.29615217893730578,2.6823134333279008,0.11040923676465161,1.3785340362745611,-0.12046406638525008,0.03198205705914553
1,1,0.10000000000000001,0.10000000000000001,2,5,0.34174637484986342,2.9106982773160057,0.11741044323047883,1.3857824661791196,-0.15381572571419086,0.036482230346363824
1,1,0.10000000000000001,0.10000000000000001,2,6,0.2815358209947581,2.8830662505849967,0.097651526716610232,1.3482044280455623,-0.068494295040157679,0.027792061412085053
1,1,0.10000000000000001,0.10000000000000001,2,7,0.27244212937718731,2.8927333412860747,0.094181556761143703,1.4417102101092094,-0.18589679472965948,0.029102438865324445
1,1,0.10000000000000001,0.10000000000000001,2,8,0.27272739673323815,2.8501869805401356,0.095687545622552064,1.3840932692309533,-0.14048836094653583,0.026317488418015327
1,1,0.20000000000000001,0.10000000000000001,1,1,0.26190989535695031,2.1380948314969777,0.12249685631276479,1.2865813606548717,0.37273476695221336,0.019840955103435861
1,1,0.20000000000000001,0.10000000000000001,1,2,0.28642015383675673,3.3087811527586815,0.086563644016756813,1.3235819777664219,0.3379464256371405,0.023642177625394292
1,1,0.20000000000000001,0.10000000000000001,1,3,0.2968894207320148,2.893104498361994,0.10261966717763096,1.3108394930606533,0.39537975060572467,0.021758411113571161
1,1,0.20000000000000001,0.10000000000000001,1,4,0.25344613549697492,2.5800502288694793,0.098233023784203372,1.3094078269471392,0.36745610666639578,0.024804667832182874
1,1,0.20000000000000001,0.10000000000000001,1,5,0.30166954441564858,2.9644941300934193,0.10176088437933327,1.3191386456456877,0.35000256955881892,0.022498864324774118
1,1,0.20000000000000001,0.10000000000000001,1,6,0.2862735136782415,3.0488023291168589,0.093897039812733882,1.2788276336475344,0.39983053583176953,0.018609910422723301
1,1,0.20000000000000001,0.10000000000000001,1,7,0.24859631954038383,3.1180875719380063,0.079727176932966021,1.3706437628326875,0.33303540888113131,0.019936053931216651
1,1,0.20000000000000001,0.10000000000000001,1,8,0.25341050551798094,2.7312766328308218,0.09278097372924636,1.3179715829391947,0.34751555283703928,0.017612265636369261
1,1,0.20000000000000001,0.10000000000000001,2,1,0.29637265170077409,2.7576811301821782,0.10747169005765184,1.3570511240168757,0.34575271219344961,0.026168903448774431
1,1,0.20000000000000001,0.10000000000000001,2,2,0.29103571143655221,2.826553641198267,0.10296486406434262,1.3853876099557727,0.32427060787156575,0.031011373952564779
1,1,0.20000000000000001,0.10000000000000001,2,3,0.28433853322335295,2.7367516342965348,0.10389636007157822,1.3880574881850198,0.3604814322676963,0.032449745545688864
1,1,0.20000000000000001,0.10000000000000001,2,4,0.29549204548477498,2.6967128171185766,0.10957490304826253,1.380664658367827,0.33742763254740021,0.031958063686284816
1,1,0.20000000000000001,0.10000000000000001,2,5,0.3405388261237709,2.9456575795440041,0.11560706461220359,1.3903954655315034,0.32014036783515154,0.036559264824885543
1,1,0.20000000000000001,0.10000000000000001,2,6,0.28142283387082268,2.9329055237825692,0.095953596728159035,1.3507161476034668,0.36830549160567649,0.027911679172647461
1,1,0.20000000000000001,0.10000000000000001,2,7,0.27182162712892766,2.89752598796691,0.093811626973415052,1.4450930850048525,0.29664031992833556,0.028889247098963487
1,1,0.20000000000000001,0.10000000000000001,2,8,0.27332974306253383,2.9022485288606146,0.094178613700543271,1.3867372027314024,0.32216820655903744,0.026431966591199233
1,1,0.10000000000000001,0.050000000000000003,1,1,0.16267590918599381,2.0937255051148562,0.077696865605632409,0.64337833118249066,0.36230369585560673,0.0099369156743357445
1,1,0.10000000000000001,0.050000000000000003,1,2,0.19202772813148664,3.2688063510108782,0.058745519774244831,0.66203109027572371,0.31164310077964741,0.011848756593246097
1,1,0.10000000000000001,0.050000000000000003,1,3,0.17904949729581796,2.8729261487974851,0.062323042090992258,0.65551927352376793,0.37870572806502634,0.010885527359980518
1,1,0.10000000000000001,0.050000000000000003,1,4,0.15020169793862667,2.5628454533636789,0.058607395830868464,0.65470396659223273,0.35677479593899281,0.012420862747138694
1,1,0.10000000000000001,0.050000000000000003,1,5,0.18861244861734955,2.9525225589052773,0.063881797633845147,0.65956523007798851,0.33081572927117259,0.011261058459176911
1,1,0.10000000000000001,0.050000000000000003,1,6,0.18215312316899224,2.9917723541986527,0.060884686935942359,0.63970922667282137,0.38365912286924647,0.009315228146556177
1,1,0.10000000000000001,0.050000000000000003,1,7,0.16018380909091232,3.1056411274166167,0.051578338423203113,0.68537281091642643,0.31725254698676469,0.0099460440300615498
1,1,0.10000000000000001,0.050000000000000003,1,8,0.15587510922191092,2.6775417422175432,0.058215753190392829,0.65898579772519728,0.33484333887634171,0.0088272484978600928
1,1,0.10000000000000001,0.050000000000000003,2,1,0.19258962217756623,2.7086985697539658,0.071100425986144106,0.67852556200843805,0.33491873449168574,0.013136711765995962
1,1,0.10000000000000001,0.050000000000000003,2,2,0.17910869563692072,2.8269626147682949,0.063357291922164646,0.69269645446878514,0.30672784097015698,0.015551014265265893
1,1,0.10000000000000001,0.050000000000000003,2,3,0.16474529479496824,2.7418082460804039,0.060086366371712004,0.69405672445500488,0.34111098491394132,0.016204487930598657
1,1,0.10000000000000001,0.050000000000000003,2,4,0.19429172542455289,2.6823134333279008,0.072434385560787518,0.69033139136759958,0.32771283979277027,0.016032790047171428
1,1,0.10000000000000001,0.050000000000000003,2,5,0.21129911925327474,2.9106982773160057,0.072593961696406584,0.6952126215669846,0.29956693471070611,0.018309936280567474
1,1,0.10000000000000001,0.050000000000000003,2,6,0.17962588239397392,2.8830662505849967,0.062303765082584013,0.67536726323605922,0.352772644535712,0.014003354237646773
1,1,0.10000000000000001,0.050000000000000003,2,7,0.16768464412431586,2.8927333412860747,0.057967542922489103,0.72255058765142877,0.28218211373245161,0.014390442957590257
1,1,0.10000000000000001,0.050000000000000003,2,8,0.17293310545390075,2.8501869805401356,0.060674301943912608,0.69336860136570133,0.3146394069778809,0.013274256582488469
1,1,0.10000000000000001,0.20000000000000001,1,1,0.48454286694871868,2.0937255051148562,0.23142616630738228,2.5695237989714386,-0.47941690227313866,0.039518641261918758
1,1,0.10000000000000001,0.20000000000000001,1,2,0.52093381533777328,3.2688063510108782,0.15936515027165024,2.6393461650763212,-0.56249637484711634,0.046991167052058545
1,1,0.10000000000000001,0.20000000000000001,1,3,0.57043736071834839,2.8729261487974851,0.19855622148766866,2.6101002026726281,-0.45449118726278276,0.043387868699994489
1,1,0.10000000000000001,0.20000000000000001,1,4,0.48295754227113485,2.5628454533636789,0.18844583142431143,2.6162736422989346,-0.50421004765238731,0.049417723676801605
1,1,0.10000000000000001,0.20000000000000001,1,5,0.56874243556061754,2.9525225589052773,0.1926293277066419,2.6304450393719665,-0.54475816386708065,0.044834066103585951
1,1,0.10000000000000001,0.20000000000000001,1,6,0.525123567748769,2.9917723541986527,0.17552256842396805,2.548137805670684,-0.42958639635281931,0.037147936254044757
1,1,0.10000000000000001,0.20000000000000001,1,7,0.46929114469101618,3.1056411274166167,0.15110926389662716,2.7325640446153128,-0.56596657746949741,0.040084620480680538
1,1,0.10000000000000001,0.20000000000000001,1,8,0.46942380479237333,2.6775417422175432,0.17531894924020719,2.6320967837824329,-0.54360974524362227,0.034971551299009182
1,1,0.10000000000000001,0.20000000000000001,2,1,0.53104991328927131,2.7086985697539658,0.19605352888620131,2.7113925864505064,-0.54554508063791429,0.052094189230384204
1,1,0.10000000000000001,0.20000000000000001,2,2,0.55009897773151029,2.8269626147682949,0.19459011408843757,2.7654341518352745,-0.61439147253341397,0.061294014354055237
1,1,0.10000000000000001,0.20000000000000001,2,3,0.54440156666858774,2.7418082460804039,0.19855566757698895,2.7634943272843642,-0.53410750954514408,0.064645117760684948
1,1,0.10000000000000001,0.20000000000000001,2,4,0.53218321920158385,2.6823134333279008,0.19840456099916448,2.7560944946570518,-0.57081831960237239,0.063328554378153795
1,1,0.10000000000000001,0.20000000000000001,2,5,0.6333364689976716,2.9106982773160057,0.21758918604977487,2.7688941704336627,-0.61002952301761493,0.072554269394186702
1,1,0.10000000000000001,0.20000000000000001,2,6,0.5270887061156394,2.8830662505849967,0.18282226640081164,2.6933288901501422,-0.50577516135188072,0.054972905303220125
1,1,0.10000000000000001,0.20000000000000001,2,7,0.51596340835606702,2.8927333412860747,0.17836535466026601,2.8798412873359709,-0.64523523441949504,0.058724179389357881
1,1,0.10000000000000001,0.20000000000000001,2,8,0.50434613435171904,2.8501869805401356,0.17695194658988336,2.7672718304792903,-0.58679160234548655,0.052081614177758202
2,0,0.050000000000000003,0.10000000000000001,1,1,2.3638352220548335,2.518083898144218,0.93874363113831794,2.8694508237561149,-2.1997521736708245,0.030224344189507618
2,0,0.050000000000000003,0.10000000000000001,1,2,2.0718382608548196,3.131956527714721,0.66151565084671449,2.9753308647240813,-2.3392394121146469,0.023213987565704145
2,0,0.050000000000000003,0.10000000000000001,1,3,2.2846885347828225,3.1506994556677848,0.72513693131628354,2.8689947465951069,-2.246907060344324,0.026933311715120818
2,0,0.050000000000000003,0.10000000000000001,1,4,2.3034628038977005,2.2660233035601496,1.0165221162018634,2.845580197172433,-2.1290039014786775,0.027094585161208488
2,0,0.050000000000000003,0.10000000000000001,1,5,1.8628501889195448,2.454150812498245,0.75906100775576402,2.9268372076192373,-2.343955191881649,0.026663645463966903
2,0,0.050000000000000003,0.10000000000000001,1,6,1.9939938742937946,2.7405819606949198,0.72758045659330861,2.9276030910323749,-2.4160969222708544,0.023711870189684153
2,0,0.050000000000000003,0.10000000000000001,1,7,2.7956918946266649,3.4208722124520752,0.8172453459238449,2.8806794760520598,-2.1331381823747964,0.02691929673235335
2,0,0.050000000000000003,0.10000000000000001,1,8,1.4391759408007254,2.8139955417778286,0.51143504651449501,2.8175359146633223,-1.9815485432273598,0.022267230094028988
2,0,0.050000000000000003,0.10000000000000001,2,1,2.1159768859478807,2.8095147791128845,0.75314673611220828,3.2051691186259208,-2.561173791137799,0.078453926560118653
2,0,0.050000000000000003,0.10000000000000001,2,2,2.6885057036140121,2.9131203289141316,0.92289552097429328,3.2513105938578448,-2.5752294266400351,0.055001154037911185
2,0,0.050000000000000003,0.10000000000000001,2,3,2.8991716065902953,2.9845540862462947,0.97139188059969594,3.2028062510199011,-2.6083365959427915,0.056425572591657973
2,0,0.050000000000000003,0.10000000000000001,2,4,1.935625240374591,2.7327239443823035,0.70831349224047357,3.0811979332271289,-2.282332351425322,0.057476555943818848
2,0,0.050000000000000003,0.10000000000000001,2,5,2.1651902076584952,2.7894016468388223,0.77622030879355997,3.2413140611072526,-2.7046975846494825,0.062546763130038791
2,0,0.050000000000000003,0.10000000000000001,2,6,2.1629537278672748,2.8635401041538615,0.7553425652148843,3.1776990920755761,-2.6043356651551735,0.048569027186270645
2,0,0.050000000000000003,0.10000000000000001,2,7,2.6467243308677002,3.08998160172154,0.85655019091152995,3.1789652707754281,-2.3989738966364471,0.059031709371974855
2,0,0.050000000000000003,0.10000000000000001,2,8,2.0330319971858715,2.7563076837572664,0.73759254424547394,3.0962481422563704,-2.2606075429741694,0.050811481000457889
2,0,0.10000000000000001,0.10000000000000001,1,1,2.3269595419108922,2.5122949425904912,0.92622864555524875,2.9554084984143829,-1.3437180659253372,0.030052931834955526
2,0,0.10000000000000001,0.10000000000000001,1,2,2.1024045791273411,3.1573697227356998,0.66587215427710977,3.0651750599179373,-1.3609117062862637,0.023214218558216065
2,0,0.10000000000000001,0.10000000000000001,1,3,2.3113864723943593,3.1640053014016485,0.73052547395240441,2.9751543354915846,-1.3640207332027512,0.026968335344132
2,0,0.10000000000000001,0.10000000000000001,1,4,2.2986162686161427,2.2723426009663981,1.0115623707615968,2.9392193932092585,-1.2514252908970549,0.027096563880231062
2,0,0.10000000000000001,0.10000000000000001,1,5,1.8603777906991428,2.4808144620063581,0.74990605673693256,3.0194960456165778,-1.3863359566868685,0.026751528379705528
2,0,0.10000000000000001,0.10000000000000001,1,6,2.0154534784538747,2.7542959324847813,0.73174906686066887,3.0207232656234484,-1.4772603819687735,0.023787268623558989
2,0,0.10000000000000001,0.10000000000000001,1,7,2.8265555275844241,3.4297502303922363,0.82412867926571165,2.9842574274194362,-1.2364001305494261,0.026589588301080533
2,0,0.10000000000000001,0.10000000000000001,1,8,1.4526408765630179,2.8358835852358943,0.51223572227214131,2.8944914360816449,-1.1313144456556714,0.022235620732116854
2,0,0.10000000000000001,0.10000000000000001,2,1,2.061338929119946,2.8092561855641489,0.73376680265491423,3.3101925610710907,-1.5825656777436017,0.079859850063469864
2,0,0.10000000000000001,0.10000000000000001,2,2,2.6977319934108333,2.9270399478617946,0.92165875473668513,3.3719333080815947,-1.5488345250968178,0.057337904866866435
2,0,0.10000000000000001,0.10000000000000001,2,3,2.9303189372970779,2.9972273064394321,0.9776765782833341,3.3276455236399585,-1.6299061659939902,0.058826139305256216
2,0,0.10000000000000001,0.10000000000000001,2,4,1.9193822167628067,2.7331184283412187,0.70226822111316856,3.1898484970630867,-1.3833238368175855,0.057815068838478111
2,0,0.10000000000000001,0.10000000000000001,2,5,2.1423136103319314,2.8088072974694249,0.76271291813505104,3.3651198703557741,-1.666266122393872,0.06459580066663495
2,0,0.10000000000000001,0.10000000000000001,2,6,2.1633714506569479,2.8678938047394071,0.75434154747355575,3.2813195404374391,-1.5801110552008746,0.051845571884750564
2,0,0.10000000000000001,0.10000000000000001,2,7,2.6561931903957579,3.1044235541014058,0.85561558985291519,3.2889610757265344,-1.4251240452333953,0.058963130259266264
2,0,0.10000000000000001,0.10000000000000001,2,8,2.0385557942863897,2.7571135138112659,0.73938043684984667,3.2042331541693194,-1.3654385459932499,0.054010884480172328
2,0,0.20000000000000001,0.10000000000000001,1,1,2.2610619558118579,2.5227825138219306,0.89625718563683288,3.2726370291544442,-0.55571700613454189,0.029471376483630893
2,0,0.20000000000000001,0.10000000000000001,1,2,2.1734238113743123,3.2234822023897203,0.67424718826213781,3.3924037872392652,-0.55570699997616535,0.023454087547749941
2,0,0.20000000000000001,0.10000000000000001,1,3,2.3827233220801567,3.2056362742319999,0.74329185167802758,3.3408084664818887,-0.59969629585648343,0.027092463447989528
2,0,0.20000000000000001,0.10000000000000001,1,4,2.3024980145817424,2.3051841899653196,0.99883472418591523,3.2849887597948979,-0.48282743481038332,0.027135932155295386
2,0,0.20000000000000001,0.10000000000000001,1,5,1.8619535784011816,2.5558312140297104,0.72851194874699465,3.3520593545974595,-0.56226041270416283,0.026919600768435355
2,0,0.20000000000000001,0.10000000000000001,1,6,2.0878986050518193,2.7981761404394696,0.7461641084266778,3.372478593174526,-0.60596558531817979,0.02395527857245908
2,0,0.20000000000000001,0.10000000000000001,1,7,2.9223143086647223,3.462162003121612,0.84407208733440453,3.3442188079318353,-0.48202357870397883,0.026012840348830446
2,0,0.20000000000000001,0.10000000000000001,1,8,1.4906170272780559,2.8952815139906236,0.51484355496177958,3.183870021479184,-0.38928938784211359,0.021996670841491629
2,0,0.20000000000000001,0.10000000000000001,2,1,1.9693672844187258,2.8284379740094425,0.69627380996693944,3.6919549674724954,-0.70586441849667592,0.08588976491460415
2,0,0.20000000000000001,0.10000000000000001,2,2,2.7152397567296811,2.9719250767203778,0.91362994915270279,3.7971182421197596,-0.70861171205354234,0.064915253022566594
2,0,0.20000000000000001,0.10000000000000001,2,3,2.9904810725459332,3.0384400261662186,0.98421592882950593,3.7518238894903093,-0.7611907689077424,0.069840806891689922
2,0,0.20000000000000001,0.10000000000000001,2,4,1.8885981423119187,2.7508586665504158,0.68654859127322088,3.5937603416131219,-0.58202268517841838,0.060934848537451437
2,0,0.20000000000000001,0.10000000000000001,2,5,2.1138070078900171,2.867287331095143,0.73721492260863208,3.7920350236369122,-0.76577723534144193,0.071088343845206528
2,0,0.20000000000000001,0.10000000000000001,2,6,2.1703755168950547,2.8926892674436906,0.75029680557879119,3.6765355097962718,-0.6804205868476636,0.060261108178413819
2,0,0.20000000000000001,0.10000000000000001,2,7,2.6783351874018191,3.1493020507581284,0.85045357486655371,3.6905196825939508,-0.59955599282397543,0.061557379582083079
2,0,0.20000000000000001,0.10000000000000001,2,8,2.0586148738547112,2.7755450681909455,0.74169751284077778,3.5918764091157689,-0.57427162200558401,0.062749709742285123
2,0,0.10000000000000001,0.050000000000000003,1,1,2.332118324693695,2.5122949425904912,0.92828206002317082,1.6541396144607305,-0.63801012945662527,0.015134002944951668
2,0,0.10000000000000001,0.050000000000000003,1,2,2.0243993467703398,3.1573697227356998,0.64116638992037367,1.7100063858348411,-0.64870440307588018,0.011875907786872288
2,0,0.10000000000000001,0.050000000000000003,1,3,2.2482508501136254,3.1640053014016485,0.71057113877706035,1.671261943179126,-0.66911963062394852,0.013602762300068703
2,0,0.10000000000000001,0.050000000000000003,1,4,2.2820036398289196,2.2723426009663981,1.0042515767025679,1.6477161978369625,-0.54731563676544026,0.013547343879128695
2,0,0.10000000000000001,0.050000000000000003,1,5,1.8217338856990948,2.4808144620063581,0.7343289526882909,1.6739842166184886,-0.63387959213031009,0.013563499084877697
2,0,0.10000000000000001,0.050000000000000003,1,6,1.9576356712874363,2.7542959324847813,0.71075720230300743,1.6940067268040329,-0.67743377665038107,0.012180647679038877
2,0,0.10000000000000001,0.050000000000000003,1,7,2.7569415292988841,3.4297502303922363,0.80383157492596546,1.6905322440017101,-0.60014200069807944,0.01348979504800538
2,0,0.10000000000000001,0.050000000000000003,1,8,1.4863425010530797,2.8358835852358943,0.5241197166171554,1.6076487438641283,-0.47729810773675752,0.011172649372917344
2,0,0.10000000000000001,0.050000000000000003,2,1,1.9667279728073714,2.8092561855641489,0.7000885084506514,1.8681565051703002,-0.79242820282238025,0.043611986483589646
2,0,0.10000000000000001,0.050000000000000003,2,2,2.6162089463941793,2.9270399478617946,0.89380705183245701,1.9109521914698335,-0.79972038377950427,0.033154808155912534
2,0,0.10000000000000001,0.050000000000000003,2,3,2.8864503291504193,2.9972273064394321,0.96304018148673187,1.8918548873234304,-0.87506949021309399,0.034739644133708933
2,0,0.10000000000000001,0.050000000000000003,2,4,1.9148368562405931,2.7331184283412187,0.70060515358009712,1.8035730528162242,-0.6470972469094568,0.030640318870894828
2,0,0.10000000000000001,0.050000000000000003,2,5,2.0669982137119081,2.8088072974694249,0.73589890469672148,1.8970716532391234,-0.84092263297178249,0.035832040949907301
2,0,0.10000000000000001,0.050000000000000003,2,6,2.1043455242226679,2.8678938047394071,0.7337599184269239,1.8460252615538304,-0.76551143857460302,0.030574294102880917
2,0,0.10000000000000001,0.050000000000000003,2,7,2.5595227696037415,3.1044235541014058,0.8244760178495073,1.8523564904505816,-0.66266524763656598,0.031900501336536123
2,0,0.10000000000000001,0.050000000000000003,2,8,1.9728953402726557,2.7571135138112659,0.71556551095549392,1.80003823763413,-0.64736620779214082,0.031758067950817294
2,0,0.10000000000000001,0.20000000000000001,1,1,2.3558008589223038,2.5122949425904912,0.93770871364855657,5.6099925207933037,-1.9839630400566588,0.056593948582802159
2,0,0.10000000000000001,0.20000000000000001,1,2,2.3709625806405419,3.1573697227356998,0.75092966261367189,5.8218458419453203,-2.0933237767803079,0.046891963227973031
2,0,0.10000000000000001,0.20000000000000001,1,3,2.4918155685454275,3.1640053014016485,0.78755100929873845,5.6299270147427229,-2.0192615344896669,0.053262660661794227
2,0,0.10000000000000001,0.20000000000000001,1,4,2.4008052394061541,2.2723426009663981,1.056533129460814,5.6049619960715509,-1.9478191362700292,0.053722206663995013
2,0,0.10000000000000001,0.20000000000000001,1,5,1.9694345795079828,2.4808144620063581,0.7938661313330152,5.7874198351656885,-2.1613958081055094,0.05292870935544388
2,0,0.10000000000000001,0.20000000000000001,1,6,2.2634267263893268,2.7542959324847813,0.82178051373999672,5.7828126173663223,-2.1932773256333,0.046990539009883495
2,0,0.10000000000000001,0.20000000000000001,1,7,3.0789983964053977,3.4297502303922363,0.89773254306430195,5.6724672324821226,-1.9351531284462631,0.053400488620229079
2,0,0.10000000000000001,0.20000000000000001,1,8,1.5410786764379087,2.8358835852358943,0.54342099388741971,5.5391440418430395,-1.7944927524347822,0.044409179857362549
2,0,0.10000000000000001,0.20000000000000001,2,1,2.3114239153571794,2.8092561855641489,0.82278858269844979,6.2117132562163979,-2.2614414487494674,0.14923045294765874
2,0,0.10000000000000001,0.20000000000000001,2,2,2.8791676849423253,2.9270399478617946,0.9836448207840689,6.3399139934559692,-2.3210095435942293,0.10479983700864362
2,0,0.10000000000000001,0.20000000000000001,2,3,3.0339423399805709,2.9972273064394321,1.012249666037093,6.2382779574724427,-2.3048309303463625,0.11092040252524861
2,0,0.10000000000000001,0.20000000000000001,2,4,1.9543074664540454,2.7331184283412187,0.71504675618471158,6.0427415149414347,-2.0871039522346506,0.10909381259682426
2,0,0.10000000000000001,0.20000000000000001,2,5,2.3497727586072612,2.8088072974694249,0.83657314644698921,6.3811630678077087,-2.4652132946549923,0.11779137232168692
2,0,0.10000000000000001,0.20000000000000001,2,6,2.2972508819116126,2.8678938047394071,0.80102369136375806,6.2233215389293939,-2.3084772842690455,0.088863424402849167
2,0,0.10000000000000001,0.20000000000000001,2,7,2.8619032186134818,3.1044235541014058,0.92187910854898703,6.2269989848436289,-2.1804820356826955,0.11543376294984199
2,0,0.10000000000000001,0.20000000000000001,2,8,2.2001540675693207,2.7571135138112659,0.79799183332425139,6.0798139618820111,-2.0679141045053724,0.099528263043559217
2,1,0.050000000000000003,0.10000000000000001,1,1,0.26485511431095066,2.518083898144218,0.10518121120036709,1.3616037934993308,-0.57362348746023961,0.020695084724865712
2,1,0.050000000000000003,0.10000000000000001,1,2,0.28468034683314719,3.131956527714721,0.090895369815643154,1.3938935213065893,-0.67222842378409242,0.017233083888914241
2,1,0.050000000000000003,0.10000000000000001,1,3,0.26238214322633063,3.1506994556677848,0.083277426780371616,1.338161817900487,-0.58474957802710925,0.018474915664983146
2,1,0.050000000000000003,0.10000000000000001,1,4,0.27155132677463584,2.2660233035601496,0.11983606980034209,1.3258436988027837,-0.50153770698638012,0.021366816057849528
2,1,0.050000000000000003,0.10000000000000001,1,5,0.27003217956963549,2.454150812498245,0.11003080095748134,1.3329254280653466,-0.59694069527652582,0.019280011355053202
2,1,0.050000000000000003,0.10000000000000001,1,6,0.24245954644192264,2.7405819606949198,0.088470095008741506,1.3633789011762296,-0.61174280324221664,0.017302843808311014
2,1,0.050000000000000003,0.10000000000000001,1,7,0.34203505958019353,3.4208722124520752,0.099984751939922192,1.351695093583857,-0.51820610652256971,0.018494478033359071
2,1,0.050000000000000003,0.10000000000000001,1,8,0.21857471933350517,2.8139955417778286,0.077674152673111146,1.3192185404481254,-0.44989653985478045,0.015165364219475402
2,1,0.050000000000000003,0.10000000000000001,2,1,0.27769868106512752,2.8095147791128845,0.098842221130017324,1.4217871276591614,-0.64639680671738542,0.032839471469428089
2,1,0.050000000000000003,0.10000000000000001,2,2,0.31432552795586255,2.9131203289141316,0.10789994660914941,1.4447538232706911,-0.71023377873357207,0.026230531979791236
2,1,0.050000000000000003,0.10000000000000001,2,3,0.30763156569850114,2.9845540862462947,0.10307454876296533,1.4036975598265207,-0.65029395639290322,0.027184596323496086
2,1,0.050000000000000003,0.10000000000000001,2,4,0.2602338565708438,2.7327239443823035,0.095228739480184219,1.383758574990906,-0.54492788956956639,0.028693297950054417
2,1,0.050000000000000003,0.10000000000000001,2,5,0.30422117942316207,2.7894016468388223,0.10906323933949431,1.399102525971601,-0.68391517102861787,0.029522666401218027
2,1,0.050000000000000003,0.10000000000000001,2,6,0.27959734665285102,2.8635401041538615,0.097640450799786643,1.4248695230262238,-0.6618186561496161,0.024037137596688688
2,1,0.050000000000000003,0.10000000000000001,2,7,0.33911267709911502,3.08998160172154,0.10974585638638856,1.4118109993579899,-0.58227964869883919,0.027879498980595194
2,1,0.050000000000000003,0.10000000000000001,2,8,0.26300169894558384,2.7563076837572664,0.095418120587710487,1.3749992199189298,-0.50216470128975477,0.022465548716041391
2,1,0.10000000000000001,0.10000000000000001,1,1,0.26377636073683541,2.5122949425904912,0.1049941853024824,1.3620201330949426,-0.12223569890242876,0.020692480175587089
2,1,0.10000000000000001,0.10000000000000001,1,2,0.28599911037648285,3.1573697227356998,0.090581444522334617,1.3948979796407195,-0.19329744870880602,0.017226670384974836
2,1,0.10000000000000001,0.10000000000000001,1,3,0.26339485612698937,3.1640053014016485,0.083247286599142531,1.3392134919938803,-0.1201197774847695,0.018476097967662596
2,1,0.10000000000000001,0.10000000000000001,1,4,0.27143602276932799,2.2723426009663981,0.11945206794692391,1.326178596017201,-0.055112947910368894,0.021364063478070919
2,1,0.10000000000000001,0.10000000000000001,1,5,0.2690919001545875,2.4808144620063581,0.10846917585967292,1.3339962135952197,-0.12151345388872066,0.019285761120365563
2,1,0.10000000000000001,0.10000000000000001,1,6,0.24232493643706757,2.7542959324847813,0.087980718984853129,1.3640068311744808,-0.14518979827753448,0.017308784770698964
2,1,0.10000000000000001,0.10000000000000001,1,7,0.34251922921430961,3.4297502303922363,0.099867105825702684,1.3524157833694326,-0.066546625560537073,0.018485999248528277
2,1,0.10000000000000001,0.10000000000000001,1,8,0.21846281799403552,2.8358835852358943,0.077035185482010313,1.3202001274757369,-0.038082367607833484,0.015171781836982531
2,1,0.10000000000000001,0.10000000000000001,2,1,0.27674900658455359,2.8092561855641489,0.09851326767799834,1.4227289399199796,-0.16150426516611341,0.032899839818123826
2,1,0.10000000000000001,0.10000000000000001,2,2,0.31494978736360557,2.9270399478617946,0.10760009872556632,1.4462274536588229,-0.21410901370514859,0.026279843737837743
2,1,0.10000000000000001,0.10000000000000001,2,3,0.30961854675677519,2.9972273064394321,0.10330165686518709,1.4052782276791012,-0.17408554752331687,0.027189536161540843
2,1,0.10000000000000001,0.10000000000000001,2,4,0.25984037098385998,2.7331184283412187,0.095071025203090825,1.3839622982158648,-0.085258949443166629,0.028679814744650353
2,1,0.10000000000000001,0.10000000000000001,2,5,0.30310025587998474,2.8088072974694249,0.10791066234877016,1.4008976553740815,-0.17873905186674444,0.029641443207147559
2,1,0.10000000000000001,0.10000000000000001,2,6,0.27905773280143381,2.8678938047394071,0.097304067654203311,1.4253770549292293,-0.1819541563084093,0.024176001753586186
2,1,0.10000000000000001,0.10000000000000001,2,7,0.33949219513989942,3.1044235541014058,0.10935756323951984,1.4125576208399342,-0.11270709292469451,0.027756346282618104
2,1,0.10000000000000001,0.10000000000000001,2,8,0.26273606723977561,2.7571135138112659,0.095293888308786115,1.3764555402574115,-0.076991490231721818,0.022588511716429328
2,1,0.20000000000000001,0.10000000000000001,1,1,0.26205830620759346,2.5227825138219306,0.10387669359995046,1.3643754806735457,0.34605499700124498,0.020687507615341241
2,1,0.20000000000000001,0.10000000000000001,1,2,0.28893901941313627,3.2234822023897203,0.089635680072603488,1.3983745411028388,0.29835052354876374,0.017215872216595703
2,1,0.20000000000000001,0.10000000000000001,1,3,0.2657437614183647,3.2056362742319999,0.082898912629141328,1.3429028407022447,0.33626790159351211,0.018478742159607011
2,1,0.20000000000000001,0.10000000000000001,1,4,0.27152016114903971,2.3051841899653196,0.1177867531501353,1.3284719898770669,0.38502158138829601,0.021358706301145055
2,1,0.20000000000000001,0.10000000000000001,1,5,0.26760812926217309,2.5558312140297104,0.10470493035423985,1.3375719257191383,0.34734852575404207,0.019297445061330624
2,1,0.20000000000000001,0.10000000000000001,1,6,0.24249934050761091,2.7981761404394696,0.086663357964850987,1.3668418706792855,0.32903979065444705,0.01732148109742292
2,1,0.20000000000000001,0.10000000000000001,1,7,0.34457572816163679,3.462162003121612,0.099526171175974634,1.3554383603960531,0.3756111355131575,0.018468035557088026
2,1,0.20000000000000001,0.10000000000000001,1,8,0.2185098615803841,2.8952815139906236,0.075471024328548852,1.3235869800548163,0.38635826266019296,0.015184556350217225
2,1,0.20000000000000001,0.10000000000000001,2,1,0.27534847387915995,2.8284379740094425,0.097350013120082915,1.4266208324382579,0.3210854160359195,0.033053543217208214
2,1,0.20000000000000001,0.10000000000000001,2,2,0.31648404370843458,2.9719250767203778,0.10649125921360228,1.4512000297795267,0.28554687157455222,0.026407913147792741
2,1,0.20000000000000001,0.10000000000000001,2,3,0.31395169074765517,3.0384400261662186,0.10332660445623039,1.4105260388002703,0.30863065937269946,0.02725375558256574
2,1,0.20000000000000001,0.10000000000000001,2,4,0.25944444303084907,2.7508586665504158,0.094313985006068343,1.3864006345025806,0.36570751682264291,0.028671642717273994
2,1,0.20000000000000001,0.10000000000000001,2,5,0.30128252622760249,2.867287331095143,0.10507580560910491,1.4063882521156914,0.31891719665376983,0.029905374649680575
2,1,0.20000000000000001,0.10000000000000001,2,6,0.27832599701326011,2.8926892674436906,0.096217039329364484,1.42839495421726,0.30898645086890902,0.024480370490781916
2,1,0.20000000000000001,0.10000000000000001,2,7,0.34055364798777699,3.1493020507581284,0.10813622907519964,1.4159047526814925,0.34986879518467218,0.027533039100513367
2,1,0.20000000000000001,0.10000000000000001,2,8,0.26251668658270988,2.7755450681909455,0.094582029883526236,1.3812524049473993,0.35935744104324913,0.022868587380056992
2,1,0.10000000000000001,0.050000000000000003,1,1,0.17020921498231062,2.5122949425904912,0.067750490635786406,0.68218779791367556,0.32697777685325891,0.010339117886801903
2,1,0.10000000000000001,0.050000000000000003,1,2,0.18367047998970343,3.1573697227356998,0.058171990016602275,0.69952870790381461,0.28468332417350611,0.008590032626553834
2,1,0.10000000000000001,0.050000000000000003,1,3,0.17753859871927946,3.1640053014016485,0.056111978902383695,0.67145201073852079,0.32679812030108818,0.0092408807008067789
2,1,0.10000000000000001,0.050000000000000003,1,4,0.18652357968083463,2.2723426009663981,0.082084268279575698,0.6642373523234778,0.3762473043563736,0.010689115880977878
2,1,0.10000000000000001,0.050000000000000003,1,5,0.16822185289239508,2.4808144620063581,0.067809122958895407,0.66880555143765408,0.33985874507529107,0.0096408187222663012
2,1,0.10000000000000001,0.050000000000000003,1,6,0.15152013884316209,2.7542959324847813,0.055012294451042727,0.68344458492995419,0.32520637029040173,0.0086739667494325854
2,1,0.10000000000000001,0.050000000000000003,1,7,0.22564990103254157,3.4297502303922363,0.065791934069419272,0.67832901939687174,0.36949756110994603,0.0092477802026303731
2,1,0.10000000000000001,0.050000000000000003,1,8,0.12906920901635924,2.8358835852358943,0.045512872844398866,0.6618742164046183,0.3711840743932926,0.0075969484514549239
2,1,0.10000000000000001,0.050000000000000003,2,1,0.16951832679438403,2.8092561855641489,0.060342779581827891,0.71331028659255347,0.29960815519938572,0.016534810875006651
2,1,0.10000000000000001,0.050000000000000003,2,2,0.2159632189779313,2.9270399478617946,0.073782122152344601,0.72560000513436396,0.27008856222258865,0.013250794013680808
2,1,0.10000000000000001,0.050000000000000003,2,3,0.22177574007791545,2.9972273064394321,0.073993633916733137,0.7052638924103134,0.28621129190431921,0.013611072733085136
2,1,0.10000000000000001,0.050000000000000003,2,4,0.16455964588500768,2.7331184283412187,0.060209482391468137,0.69320791729104814,0.36179181914730707,0.014355559666811535
2,1,0.10000000000000001,0.050000000000000003,2,5,0.19647762375741951,2.8088072974694249,0.069950553010323865,0.70320839670162416,0.29668385292050548,0.014928289027786456
2,1,0.10000000000000001,0.050000000000000003,2,6,0.18071206799714179,2.8678938047394071,0.06301211979972958,0.71419747710863024,0.29949575442294224,0.01229103334610724
2,1,0.10000000000000001,0.050000000000000003,2,7,0.22135588589658109,3.1044235541014058,0.071303377918305322,0.7080297630407848,0.34619229188235168,0.013770425385328871
2,1,0.10000000000000001,0.050000000000000003,2,8,0.17033991538650872,2.7571135138112659,0.061781973985917317,0.69062632183733286,0.34713870442576283,0.011420411699382117
2,1,0.10000000000000001,0.20000000000000001,1,1,0.50122928414687939,2.5122949425904912,0.19951052547598139,2.7225303142170443,-0.57097950159860489,0.041468639719848349
2,1,0.10000000000000001,0.20000000000000001,1,2,0.51570295400319344,3.1573697227356998,0.16333309029021889,2.7846519535600653,-0.64055586165517642,0.034545181176444527
2,1,0.10000000000000001,0.20000000000000001,1,3,0.47103010413659452,3.1640053014016485,0.14887146488911668,2.6758933999226326,-0.56416597887268094,0.036926728211355363
2,1,0.10000000000000001,0.20000000000000001,1,4,0.47481570320334188,2.2723426009663981,0.20895427608557304,2.651405981705897,-0.49610176748309875,0.042628128826567038
2,1,0.10000000000000001,0.20000000000000001,1,5,0.4956522434478724,2.4808144620063581,0.19979416076404752,2.6644382199898637,-0.58245003096350922,0.038558639136051537
2,1,0.10000000000000001,0.20000000000000001,1,6,0.455456122385136,2.7542959324847813,0.1653620865548196,2.7257003027018785,-0.58570187787645667,0.034508768908022541
2,1,0.10000000000000001,0.20000000000000001,1,7,0.62430009789630236,3.4297502303922363,0.18202494524649557,2.7011900872951089,-0.51179517867209168,0.036936767776419945
2,1,0.10000000000000001,0.20000000000000001,1,8,0.43012868462588044,2.8358835852358943,0.15167360425696089,2.6352065552605719,-0.42937011859941715,0.030272040262334047
2,1,0.10000000000000001,0.20000000000000001,2,1,0.52202455920408486,2.8092561855641489,0.1858230523391205,2.8430643275526095,-0.64094456094457819,0.065502647383004306
2,1,0.10000000000000001,0.20000000000000001,2,2,0.54623930546091248,2.9270399478617946,0.18661832950381863,2.8882865777154261,-0.68526330979251571,0.052191149419948839
2,1,0.10000000000000001,0.20000000000000001,2,3,0.52788022694816761,2.9972273064394321,0.17612285388366655,2.8066955655560264,-0.63433887728060812,0.054389760681179587
2,1,0.10000000000000001,0.20000000000000001,2,4,0.48281050460283814,2.7331184283412187,0.17665187852685366,2.7674298668090342,-0.54235605127617037,0.057197268564933124
2,1,0.10000000000000001,0.20000000000000001,2,5,0.54050859860953571,2.8088072974694249,0.19243349271290455,2.7962059382128701,-0.6493376376223966,0.059152766505529787
2,1,0.10000000000000001,0.20000000000000001,2,6,0.50618625838384423,2.8678938047394071,0.17650104670798267,2.849366659268755,-0.64055696276404994,0.047642811628206092
2,1,0.10000000000000001,0.20000000000000001,2,7,0.61196068846782947,3.1044235541014058,0.19712538505235158,2.8220259974752682,-0.57244244700889846,0.055627474528958012
2,1,0.10000000000000001,0.20000000000000001,2,8,0.47571422197456226,2.7571135138112659,0.17254067327716366,2.7497665291625966,-0.48454100707646752,0.045048052331550001
3,0,0.050000000000000003,0.10000000000000001,1,1,2.1212118603017149,2.6399960736759081,0.80349053600983489,2.9891333268540308,-2.4886946590077348,0.028788034783359711
3,0,0.050000000000000003,0.10000000000000001,1,2,1.8841067448944397,2.8775109745771661,0.65476961218933272,2.8740646948486246,-2.1686953022539655,0.026941485918720389
3,0,0.050000000000000003,0.10000000000000001,1,3,2.1053687762755051,2.9232771353561944,0.72020840953178078,2.99607357488695,-2.3246673040443935,0.022802710605913559
3,0,0.050000000000000003,0.10000000000000001,1,4,2.2838262596141989,2.3748960341392582,0.96165315314189492,3.0264414299163973,-2.3517015438633182,0.022775924266766657
3,0,0.050000000000000003,0.10000000000000001,1,5,2.7858990621728252,2.5621343701915058,1.0873352680423995,3.0795465579902497,-2.562702029833055,0.023055526447329243
3,0,0.050000000000000003,0.10000000000000001,1,6,2.4542432622949715,3.4743194152772676,0.70639540265157541,3.057622586708836,-2.5557791492746866,0.022072033491568881
3,0,0.050000000000000003,0.10000000000000001,1,7,1.6894943143225085,2.9395891154455933,0.57473825353527652,2.9878366895820405,-2.4331966536963185,0.026575587675196858
3,0,0.050000000000000003,0.10000000000000001,1,8,2.1383478701221375,2.7167308539354069,0.78710331832266922,2.9674690360981595,-2.2093427871866766,0.024271105287030598
3,0,0.050000000000000003,0.10000000000000001,2,1,2.1331778170094631,2.7301992841066327,0.78132678058608274,3.3315514690686845,-2.770416716082865,0.051228376508410778
3,0,0.050000000000000003,0.10000000000000001,2,2,2.3112819872562094,2.7853187893116416,0.8298087802823515,3.2935242191720637,-2.6743570709446325,0.058948192374188475
3,0,0.050000000000000003,0.10000000000000001,2,3,2.5153527769259556,2.9347275951039693,0.85709923507801533,3.3508060643586441,-2.6522090530561098,0.055160997750981038
3,0,0.050000000000000003,0.10000000000000001,2,4,3.0094829264897305,2.9097244326174656,1.0342845160022685,3.3350125034720222,-2.6183539655857735,0.058685437038993059
3,0,0.050000000000000003,0.10000000000000001,2,5,2.8540406814741806,2.7732603782916785,1.0291282794125023,3.4259768331046998,-2.862276401266298,0.055722965059875278
3,0,0.050000000000000003,0.10000000000000001,2,6,2.9058349513821247,2.9098541156143591,0.99861877466273397,3.2786279668075857,-2.6967795156074801,0.048123263788802405
3,0,0.050000000000000003,0.10000000000000001,2,7,2.3780311718054525,2.8778157423028077,0.82633197700926087,3.3394823164222811,-2.8632777990218279,0.057804747886679927
3,0,0.050000000000000003,0.10000000000000001,2,8,2.801749249713132,2.8317333564084479,0.98941139474609807,3.3031697355262479,-2.570196387174728,0.055755085723627022
3,0,0.10000000000000001,0.10000000000000001,1,1,2.1177546506158795,2.6558537341994679,0.79739129581780865,3.0747322674581485,-1.4764892220243351,0.028973838675348012
3,0,0.10000000000000001,0.10000000000000001,1,2,1.8770909384809911,2.8873008879053987,0.65011961390789874,2.9539698939844916,-1.3040232947954267,0.02690236475465041
3,0,0.10000000000000001,0.10000000000000001,1,3,2.1121115356591127,2.9118068806197148,0.72536113219486442,3.0977309981244994,-1.3667528097926687,0.023023017007921934
3,0,0.10000000000000001,0.10000000000000001,1,4,2.2773106918351673,2.3726313921437616,0.95982490132086284,3.1202315973658528,-1.4170543486143148,0.022734474765983885
3,0,0.10000000000000001,0.10000000000000001,1,5,2.7828655100849802,2.5714513986469796,1.0822158690416006,3.1927725673850613,-1.607126913370087,0.023139271391810174
3,0,0.10000000000000001,0.10000000000000001,1,6,2.453476071951143,3.4861277968977564,0.70378259630483087,3.1508560749984311,-1.5429793541107966,0.022069949073341862
3,0,0.10000000000000001,0.10000000000000001,1,7,1.7231517495321955,2.9520640649281478,0.58371082457322498,3.1020762422787871,-1.5032448822765352,0.02662084343992302
3,0,0.10000000000000001,0.10000000000000001,1,8,2.1342599219859038,2.7338084996882137,0.78069108433502654,3.0684956825446927,-1.2976866073053379,0.024358273765655768
3,0,0.10000000000000001,0.10000000000000001,2,1,2.1471912635275707,2.7382349903479311,0.784151568837684,3.4550805083834106,-1.6975203510204924,0.054596728140397843
3,0,0.10000000000000001,0.10000000000000001,2,2,2.3238652577656356,2.7958855686541839,0.83117323678030286,3.4077862218432862,-1.6562261121898854,0.061293161109731945
3,0,0.10000000000000001,0.10000000000000001,2,3,2.5386950438991023,2.9306590525670164,0.86625397167077967,3.4713514769554483,-1.5685918290688334,0.057535602519486244
3,0,0.10000000000000001,0.10000000000000001,2,4,2.9962056294495585,2.9136795641654989,1.02832365861333,3.4619977954358068,-1.5998420173848666,0.06060910901985897
3,0,0.10000000000000001,0.10000000000000001,2,5,2.86354525365262,2.7871859920308095,1.0273965432662688,3.5703886541709045,-1.8353371640986562,0.055765594458584367
3,0,0.10000000000000001,0.10000000000000001,2,6,2.8806853731014845,2.9172384203022004,0.98746998293100452,3.3948634245471991,-1.6873109125910488,0.048582130659850543
3,0,0.10000000000000001,0.10000000000000001,2,7,2.3987479855523492,2.8948250421483075,0.82863314729797644,3.4719227087375302,-1.8208889206615275,0.058469606661900653
3,0,0.10000000000000001,0.10000000000000001,2,8,2.7965798299141369,2.8437224197250646,0.98342222522003908,3.4260612582023322,-1.5440843623452309,0.056099413911793912
3,0,0.20000000000000001,0.10000000000000001,1,1,2.1212645582619571,2.7088014388502084,0.78310079426211465,3.4037978167869345,-0.61328950996701759,0.029369314763045787
3,0,0.20000000000000001,0.10000000000000001,1,2,1.875335937076547,2.9267526067730834,0.64075656163648731,3.2949540874721213,-0.55424321976488333,0.02675115017627747
3,0,0.20000000000000001,0.10000000000000001,1,3,2.1380411616261839,2.9044546143368679,0.73612483082794933,3.480295895714435,-0.58858684662690286,0.023734716130221493
3,0,0.20000000000000001,0.10000000000000001,1,4,2.270326428206717,2.3906981141336443,0.94964998499170683,3.4649653837882695,-0.60634196940629381,0.022715135714048828
3,0,0.20000000000000001,0.10000000000000001,1,5,2.7883783711374717,2.607873461798583,1.0692153633920563,3.5801383786829151,-0.74107947837316079,0.023387059168684554
3,0,0.20000000000000001,0.10000000000000001,1,6,2.4861234657800573,3.5223342260599844,0.70581702536530366,3.5283281820357377,-0.68229280866933173,0.022158631649003092
3,0,0.20000000000000001,0.10000000000000001,1,7,1.8164848563383147,2.9945075226361682,0.60660554118067489,3.4997998454517054,-0.70294797943212262,0.026849472140367404
3,0,0.20000000000000001,0.10000000000000001,1,8,2.1251116917069841,2.7822994971824397,0.76379688594237527,3.4369953456203044,-0.50779658101399783,0.024609103790136595
3,0,0.20000000000000001,0.10000000000000001,2,1,2.1825110792240152,2.7752302473859847,0.78642522770128453,3.9001339798249197,-0.79843630496970419,0.06428006666045688
3,0,0.20000000000000001,0.10000000000000001,2,2,2.3646624221534029,2.8375036933580264,0.83336012132373916,3.848486874246547,-0.76596948518465846,0.068861664025600497
3,0,0.20000000000000001,0.10000000000000001,2,3,2.5918678451453667,2.9380490855518353,0.88217309162435331,3.926921864675236,-0.73202996327530068,0.065094538528780402
3,0,0.20000000000000001,0.10000000000000001,2,4,2.965940733990335,2.9399241334207376,1.0088494122259291,3.9024491683906573,-0.74346053430314252,0.066691475139789957
3,0,0.20000000000000001,0.10000000000000001,2,5,2.8904575796716871,2.831298850119738,1.0208945550023614,4.045360685397366,-0.9161083173109299,0.058779546881520255
3,0,0.20000000000000001,0.10000000000000001,2,6,2.8354529621447164,2.9471522193899831,0.96209925754415671,3.8478689790910319,-0.79898167176147716,0.052616572453322734
3,0,0.20000000000000001,0.10000000000000001,2,7,2.4445840090354474,2.9464870759519459,0.82966052319970063,3.9193530362671583,-0.86435473283065523,0.060989571086557427
3,0,0.20000000000000001,0.10000000000000001,2,8,2.7713527443128276,2.881694087913691,0.96170955686668702,3.8885903847095502,-0.68644642340946016,0.059736700916845249
3,0,0.10000000000000001,0.050000000000000003,1,1,2.0784189713307648,2.6558537341994679,0.78258035996746844,1.7121953754195089,-0.72428771266218794,0.014685325897679747
3,0,0.10000000000000001,0.050000000000000003,1,2,1.8669689427945473,2.8873008879053987,0.64661391911562971,1.6535037611324914,-0.62732610872038119,0.013563625155399241
3,0,0.10000000000000001,0.050000000000000003,1,3,2.0723287975698206,2.9118068806197148,0.71169857155113614,1.7438019166154501,-0.6659292983288555,0.011486681283584956
3,0,0.10000000000000001,0.050000000000000003,1,4,2.2165487515089226,2.3726313921437616,0.9342153858573824,1.7368242763239543,-0.68069238173487168,0.011509221625993844
3,0,0.10000000000000001,0.050000000000000003,1,5,2.7245378877762567,2.5714513986469796,1.0595331061710234,1.7893722116309492,-0.9034420456587825,0.011418346820788322
3,0,0.10000000000000001,0.050000000000000003,1,6,2.4130573596041178,3.4861277968977564,0.69218843949193576,1.7987972490802597,-0.82972804470770878,0.011274728408800651
3,0,0.10000000000000001,0.050000000000000003,1,7,1.6299023137285213,2.9520640649281478,0.55212294783588733,1.7520455194358699,-0.79521857909972304,0.013370177204660079
3,0,0.10000000000000001,0.050000000000000003,1,8,2.0688835138401087,2.7338084996882137,0.75677704348203667,1.7280962834802525,-0.61073898954993744,0.012242542542048531
3,0,0.10000000000000001,0.050000000000000003,2,1,2.0872244216000717,2.7382349903479311,0.76225175302973569,1.9663538170322079,-0.90443774198806126,0.032426880457508439
3,0,0.10000000000000001,0.050000000000000003,2,2,2.2411976780313121,2.7958855686541839,0.80160565337805501,1.9270226715280581,-0.84863096581216879,0.034942658728222248
3,0,0.10000000000000001,0.050000000000000003,2,3,2.5354534355733436,2.9306590525670164,0.86514786950481148,1.9731456632941975,-0.82390863029485117,0.03294197264149229
3,0,0.10000000000000001,0.050000000000000003,2,4,2.9337961711838041,2.9136795641654989,1.0069041933319345,1.9763200796376945,-0.8308534897407146,0.035105430036674767
3,0,0.10000000000000001,0.050000000000000003,2,5,2.7817158474105392,2.7871859920308095,0.99803739519504231,2.0351655742686439,-1.0454928205034095,0.029689562507328526
3,0,0.10000000000000001,0.050000000000000003,2,6,2.8701012813965803,2.9172384203022004,0.98384186270906948,1.9349865299286881,-0.91674437110726981,0.026874054357896606
3,0,0.10000000000000001,0.050000000000000003,2,7,2.2909422362632195,2.8948250421483075,0.79139229587535465,1.9737706284853318,-0.96288105663746248,0.031183612491072245
3,0,0.10000000000000001,0.050000000000000003,2,8,2.7483961528481395,2.8437224197250646,0.96647835027226692,1.9630703155174249,-0.80067303368668374,0.030636606046800033
3,0,0.10000000000000001,0.20000000000000001,1,1,2.2490144262852434,2.6558537341994679,0.84681411379122706,5.882141894896133,-2.1897786407047559,0.056788148409595937
3,0,0.10000000000000001,0.20000000000000001,1,2,2.0145715792927912,2.8873008879053987,0.69773524045644864,5.6857192532496965,-1.9743804581858797,0.053389701674633895
3,0,0.10000000000000001,0.20000000000000001,1,3,2.2488115015103616,2.9118068806197148,0.77230791522539122,5.9028497939584028,-2.103405287435014,0.04515491324522844
3,0,0.10000000000000001,0.20000000000000001,1,4,2.4538084065847761,2.3726313921437616,1.0342139173871707,5.9849743327167531,-2.1409854247073876,0.044060901153791014
3,0,0.10000000000000001,0.20000000000000001,1,5,2.9694786258170045,2.5714513986469796,1.1547869920386031,6.0949013624628101,-2.3067942902416685,0.046826832110895576
3,0,0.10000000000000001,0.20000000000000001,1,6,2.6431001227212154,3.4861277968977564,0.7581764859777268,5.9674132190882503,-2.2506433197235354,0.044273077730782436
3,0,0.10000000000000001,0.20000000000000001,1,7,2.0293576877207742,2.9520640649281478,0.6874368723329749,5.8924651867918652,-2.2469279920587706,0.051911282716484673
3,0,0.10000000000000001,0.20000000000000001,1,8,2.3169752538437698,2.7338084996882137,0.84752653820046908,5.8423927414650985,-2.0175912042941291,0.048523278868720862
3,0,0.10000000000000001,0.20000000000000001,2,1,2.3312858537806602,2.7382349903479311,0.85138268337022371,6.4964682850527495,-2.4395470545540516,0.097245690185731051
3,0,0.10000000000000001,0.20000000000000001,2,2,2.5601332600550863,2.7958855686541839,0.91567884206628014,6.4791916098277289,-2.4267207230342103,0.11375822045461072
3,0,0.10000000000000001,0.20000000000000001,2,3,2.6079164062040596,2.9306590525670164,0.88987369715345743,6.5917858636898137,-2.3961302994867673,0.11047130722181134
3,0,0.10000000000000001,0.20000000000000001,2,4,3.1218355019039095,2.9136795641654989,1.0714409162553289,6.4643871773453734,-2.2898556317310814,0.10615495920639755
3,0,0.10000000000000001,0.20000000000000001,2,5,3.0715398041712367,2.7871859920308095,1.102021828809939,6.6955897974629011,-2.5569213169348122,0.10937856793375363
3,0,0.10000000000000001,0.20000000000000001,2,6,2.9085294315423353,2.9172384203022004,0.99701464621497649,6.436201989963112,-2.4369081422398291,0.094771209884655108
3,0,0.10000000000000001,0.20000000000000001,2,7,2.6723776743366416,2.8948250421483075,0.92315688700599907,6.5353306707492731,-2.5760517054896961,0.11097387287248316
3,0,0.10000000000000001,0.20000000000000001,2,8,2.9041230168382479,2.8437224197250646,1.0212399764105748,6.4525893431172978,-2.3079971002495943,0.10489019675910376
3,1,0.050000000000000003,0.10000000000000001,1,1,0.24389994584829755,2.6399960736759081,0.092386480525591591,1.3020968247942453,-0.56745976501140649,0.020174087440520419
3,1,0.050000000000000003,0.10000000000000001,1,2,0.24121056546310568,2.8775109745771661,0.083826114859058082,1.2594913367749998,-0.44772742486636979,0.018530593053038513
3,1,0.050000000000000003,0.10000000000000001,1,3,0.27226162521145947,2.9232771353561944,0.093135755730626282,1.3042844079868152,-0.48840825078325034,0.017627309736259585
3,1,0.050000000000000003,0.10000000000000001,1,4,0.27397443276387906,2.3748960341392582,0.11536270591448293,1.2991163451653485,-0.4921544142572678,0.016271231842814104
3,1,0.050000000000000003,0.10000000000000001,1,5,0.2781103120778935,2.5621343701915058,0.10854634140718632,1.2887543619041075,-0.49416182179053775,0.015339157682742546
3,1,0.050000000000000003,0.10000000000000001,1,6,0.24130501811135646,3.4743194152772676,0.069453895646523087,1.3064405428423875,-0.5435511315092324,0.015608835358356525
3,1,0.050000000000000003,0.10000000000000001,1,7,0.23795162286833318,2.9395891154455933,0.080947239060743234,1.2737922373427442,-0.47094791962963933,0.017970588403899885
3,1,0.050000000000000003,0.10000000000000001,1,8,0.25997545245915665,2.7167308539354069,0.095694224579722695,1.2930854653139765,-0.51500019900909411,0.017918542693034032
3,1,0.050000000000000003,0.10000000000000001,2,1,0.24737964177061814,2.7301992841066327,0.090608639160772816,1.3596025448128382,-0.59194159418881964,0.026569635919283244
3,1,0.050000000000000003,0.10000000000000001,2,2,0.27209116379705456,2.7853187893116416,0.097687620117731175,1.3219250525253563,-0.51059709358008332,0.025892200364280402
3,1,0.050000000000000003,0.10000000000000001,2,3,0.28474679687091758,2.9347275951039693,0.097026653290057677,1.3602653845956083,-0.52639271290438339,0.020994453047443379
3,1,0.050000000000000003,0.10000000000000001,2,4,0.31075050913403557,2.9097244326174656,0.10679722988561412,1.3534809154435907,-0.52835450571004061,0.025964568707368751
3,1,0.050000000000000003,0.10000000000000001,2,5,0.29065008497117939,2.7732603782916785,0.1048044703073352,1.3444711318686768,-0.54538027027251967,0.021326790987150596
3,1,0.050000000000000003,0.10000000000000001,2,6,0.26897268085616893,2.9098541156143591,0.092435108486316878,1.358791894469892,-0.5714602765563227,0.021699375464030123
3,1,0.050000000000000003,0.10000000000000001,2,7,0.27134117186044832,2.8778157423028077,0.094287194232707566,1.3368661003015929,-0.53199828772365143,0.026979955835055674
3,1,0.050000000000000003,0.10000000000000001,2,8,0.28168239380113858,2.8317333564084479,0.09947348791286012,1.3496613519278502,-0.57457632530524039,0.023580630328326344
3,1,0.10000000000000001,0.10000000000000001,1,1,0.24437552634747142,2.6558537341994679,0.092013925014259687,1.3022900160605768,-0.10701755647869683,0.020180733149517686
3,1,0.10000000000000001,0.10000000000000001,1,2,0.24135813386427482,2.8873008879053987,0.083592996793406177,1.2591050098053498,-0.034200553318585784,0.01853195296669791
3,1,0.10000000000000001,0.10000000000000001,1,3,0.2720808953993758,2.9118068806197148,0.093440570255630864,1.3048607693362446,-0.04627089382781599,0.017631768146977492
3,1,0.10000000000000001,0.10000000000000001,1,4,0.27364670613620151,2.3726313921437616,0.11533469001645107,1.2996228010354627,-0.058282282340954637,0.016272073104513254
3,1,0.10000000000000001,0.10000000000000001,1,5,0.27798901485679745,2.5714513986469796,0.10810587942788533,1.2898094200321437,-0.07137093466518242,0.015341419313979036
3,1,0.10000000000000001,0.10000000000000001,1,6,0.24134785082124655,3.4861277968977564,0.069230924648263817,1.3071178076198215,-0.11307021627674223,0.015612336260617371
3,1,0.10000000000000001,0.10000000000000001,1,7,0.23868817827673311,2.9520640649281478,0.080854674230297477,1.2746864502838366,-0.050994261617764762,0.017973555084789823
3,1,0.10000000000000001,0.10000000000000001,1,8,0.26017775511993746,2.7338084996882137,0.095170439022927281,1.2931932087634308,-0.050322182629207068,0.017917751633551974
3,1,0.10000000000000001,0.10000000000000001,2,1,0.24814591676015327,2.7382349903479311,0.090622579009781351,1.3600012052230581,-0.12943102575639578,0.026655900213048551
3,1,0.10000000000000001,0.10000000000000001,2,2,0.2725471230917344,2.7958855686541839,0.097481501441751273,1.3218284465670198,-0.0722329901035937,0.025902760565216263
3,1,0.10000000000000001,0.10000000000000001,2,3,0.2847028935823,2.9306590525670164,0.097146371678044116,1.3607930054101478,-0.079232102907672949,0.021075391636714604
3,1,0.10000000000000001,0.10000000000000001,2,4,0.31062285917197585,2.9136795641654989,0.1066084489839708,1.3542942992160019,-0.081778735565773752,0.026013661143285027
3,1,0.10000000000000001,0.10000000000000001,2,5,0.29053291557662214,2.7871859920308095,0.10423879726983451,1.3457955567053106,-0.10461104712270057,0.02130897006660849
3,1,0.10000000000000001,0.10000000000000001,2,6,0.2682734402814439,2.9172384203022004,0.091961438055396624,1.3592608719151771,-0.13098837063674684,0.021624723297012028
3,1,0.10000000000000001,0.10000000000000001,2,7,0.27251886784199575,2.8948250421483075,0.094140013256122049,1.337755207558295,-0.092139958337934577,0.026987464760983806
3,1,0.10000000000000001,0.10000000000000001,2,8,0.28214661731229251,2.8437224197250646,0.099217355166321367,1.349780502021267,-0.089943793526254853,0.023538199562519523
3,1,0.20000000000000001,0.10000000000000001,1,1,0.24554573476690689,2.7088014388502084,0.090647373131613695,1.3036215022962412,0.35512465866898113,0.020194143259836237
3,1,0.20000000000000001,0.10000000000000001,1,2,0.24182176847165604,2.9267526067730834,0.082624601721386609,1.2593654182853355,0.38930478828666093,0.018534470423308504
3,1,0.20000000000000001,0.10000000000000001,1,3,0.27193673189014383,2.9044546143368679,0.093627468147658155,1.3070451605866642,0.38341979373566709,0.017640496538662107
3,1,0.20000000000000001,0.10000000000000001,1,4,0.27308415475449016,2.3906981141336443,0.11422778691296707,1.3015610815503551,0.37900582859620285,0.016273881551759285
3,1,0.20000000000000001,0.10000000000000001,1,5,0.27785455624062277,2.607873461798583,0.10654449317068998,1.2928817753704389,0.36409916349426341,0.015345928904352855
3,1,0.20000000000000001,0.10000000000000001,1,6,0.24191829820979843,3.5223342260599844,0.068681244505409592,1.3095455502592122,0.34321749809018404,0.015620518734797422
3,1,0.20000000000000001,0.10000000000000001,1,7,0.24037889851515368,2.9945075226361682,0.080273265870289032,1.2774557241474951,0.38005167389949107,0.017979560564255925
3,1,0.20000000000000001,0.10000000000000001,1,8,0.26066188477010843,2.7822994971824397,0.093685775033950786,1.2944298993315082,0.39455733625359274,0.017916261496673313
3,1,0.20000000000000001,0.10000000000000001,2,1,0.24993050190246421,2.7752302473859847,0.090057573470841243,1.362144815759184,0.34064850082420328,0.02684460607319961
3,1,0.20000000000000001,0.10000000000000001,2,2,0.27367808582703484,2.8375036933580264,0.096450301181159756,1.3229814600480001,0.3625503778134988,0.025941225166964718
3,1,0.20000000000000001,0.10000000000000001,2,3,0.28484643938154347,2.9380490855518353,0.096950878316603262,1.3632699761875271,0.36399485538424647,0.021262930424515873
3,1,0.20000000000000001,0.10000000000000001,2,4,0.31051001510995091,2.9399241334207376,0.10561837687582032,1.3572643864245473,0.36564923749710809,0.026129843437634314
3,1,0.20000000000000001,0.10000000000000001,2,5,0.29044251031621143,2.831298850119738,0.10258278115145929,1.3497971025967874,0.34223165388558047,0.021291466902980036
3,1,0.20000000000000001,0.10000000000000001,2,6,0.26707493820323619,2.9471522193899831,0.090621358627521714,1.361613956793426,0.32966023665222693,0.021493170680619345
3,1,0.20000000000000001,0.10000000000000001,2,7,0.27516947643172385,2.9464870759519459,0.093388998267648113,1.3407932243141785,0.35595899988439816,0.027011191692649667
3,1,0.20000000000000001,0.10000000000000001,2,8,0.2831613811926349,2.881694087913691,0.098262123790398601,1.3514467503839249,0.37290394017301293,0.023471374126080528
3,1,0.10000000000000001,0.050000000000000003,1,1,0.14699854287507613,2.6558537341994679,0.055348884986463565,0.65181075114812048,0.34377732000505667,0.010124422893135372
3,1,0.10000000000000001,0.050000000000000003,1,2,0.14065074788897453,2.8873008879053987,0.048713574840137303,0.62968098525888061,0.37157478412923828,0.0092795989741063564
3,1,0.10000000000000001,0.050000000000000003,1,3,0.15571834589634617,2.9118068806197148,0.053478253291030384,0.65351531387120187,0.36724836861608451,0.0088179013892702076
3,1,0.10000000000000001,0.050000000000000003,1,4,0.16958430526525101,2.3726313921437616,0.071475200836833411,0.65078052087790694,0.36391652406429714,0.0081668338259195342
3,1,0.10000000000000001,0.050000000000000003,1,5,0.17586919966979492,2.5714513986469796,0.068392970507757611,0.64643629323190577,0.35650323644497356,0.0076878528273655322
3,1,0.10000000000000001,0.050000000000000003,1,6,0.14906135098570888,3.4861277968977564,0.042758429888415439,0.65596872776723791,0.33059032522726683,0.0078017634205636878
3,1,0.10000000000000001,0.050000000000000003,1,7,0.13241645945102523,2.9520640649281478,0.044855550739630781,0.63872708818524626,0.36410862321799531,0.0089906486985628538
3,1,0.10000000000000001,0.050000000000000003,1,8,0.15686019009856014,2.7338084996882137,0.057377899774782977,0.64721502438369349,0.38270556089626745,0.0089815529632899255
3,1,0.10000000000000001,0.050000000000000003,2,1,0.14662215223518535,2.7382349903479311,0.053546226949848071,0.68107240787959233,0.33140773318393574,0.013454785923552991
3,1,0.10000000000000001,0.050000000000000003,2,2,0.1650837734324723,2.7958855686541839,0.059045253955774861,0.66149073002400005,0.33868185411631196,0.012987383849147278
3,1,0.10000000000000001,0.050000000000000003,2,3,0.16843346168210183,2.9306590525670164,0.05747289557090169,0.68163498809376299,0.34916544847877568,0.010615712684641971
3,1,0.10000000000000001,0.050000000000000003,2,4,0.20432263270601114,2.9136795641654989,0.070125292849260445,0.6786325407114534,0.3492109637222271,0.013141306787682503
3,1,0.10000000000000001,0.050000000000000003,2,5,0.18269617755253198,2.7871859920308095,0.065548613574731421,0.67489955705688853,0.33172539859516897,0.01067392246937484
3,1,0.10000000000000001,0.050000000000000003,2,6,0.177841650934245,2.9172384203022004,0.06096232988588645,0.68080698181263988,0.31215653064991417,0.010684591510157913
3,1,0.10000000000000001,0.050000000000000003,2,7,0.16579312821709152,2.8948250421483075,0.057272244713640147,0.67039661215708823,0.34036110080559689,0.013522573105978482
3,1,0.10000000000000001,0.050000000000000003,2,8,0.18204681581373752,2.8437224197250646,0.06401708357714396,0.67572337519196135,0.36310010375472168,0.011803931038004659
3,1,0.10000000000000001,0.20000000000000001,1,1,0.46095414797659867,2.6558537341994679,0.17356157157334581,2.6039881863848473,-0.54564927517314998,0.040149824047217217
3,1,0.10000000000000001,0.20000000000000001,1,2,0.46229290565265913,2.8873008879053987,0.16011247999443207,2.5190153508298629,-0.4346665344300365,0.036964011515294125
3,1,0.10000000000000001,0.20000000000000001,1,3,0.52671445739588896,2.9118068806197148,0.18088921380795323,2.6083996433789278,-0.46160236325373,0.035212039770136559
3,1,0.10000000000000001,0.20000000000000001,1,4,0.49934911614373012,2.3726313921437616,0.21046215514014144,2.5981183564593344,-0.48701558221572588,0.032314387500748838
3,1,0.10000000000000001,0.20000000000000001,1,5,0.51158894957062195,2.5714513986469796,0.1989494920416558,2.5771444160943093,-0.478073288344601,0.030562855161423798
3,1,0.10000000000000001,0.20000000000000001,1,6,0.46365531634283824,3.4861277968977564,0.13300009160749554,2.610893436252562,-0.51579654106916639,0.031302962217361556
3,1,0.10000000000000001,0.20000000000000001,1,7,0.46494721630068386,2.9520640649281478,0.15749902646912933,2.547500615467746,-0.45848331301436085,0.035958854890405935
3,1,0.10000000000000001,0.20000000000000001,1,8,0.48439971482919464,2.7338084996882137,0.17718860515812998,2.5859710939926379,-0.50197046269437851,0.035633946558249439
3,1,0.10000000000000001,0.20000000000000001,2,1,0.47375612455372307,2.7382349903479311,0.17301514523905989,2.7187239186769059,-0.57359491752936664,0.052829027220337242
3,1,0.10000000000000001,0.20000000000000001,2,2,0.50801637377888564,2.7958855686541839,0.18170141849668844,2.6438219070772169,-0.49116261599970584,0.051693803207381303
3,1,0.10000000000000001,0.20000000000000001,2,3,0.54859224167336529,2.9306590525670164,0.18719074168414221,2.7204479745096695,-0.50289584028537593,0.042101194151153577
3,1,0.10000000000000001,0.20000000000000001,2,4,0.54526762503662241,2.9136795641654989,0.18714055991012568,2.7065512528751374,-0.53076600379097094,0.051297470392044263
3,1,0.10000000000000001,0.20000000000000001,2,5,0.53498761915228554,2.7871859920308095,0.19194543194531519,2.6885311443708346,-0.53069784215854987,0.042465890651697709
3,1,0.10000000000000001,0.20000000000000001,2,6,0.48052326306948451,2.9172384203022004,0.16471854330634605,2.7175546185098995,-0.54977091869243366,0.043807619714667616
3,1,0.10000000000000001,0.20000000000000001,2,7,0.50669781734438213,2.8948250421483075,0.17503573099131114,2.6736906077825622,-0.52181429538734003,0.053747347123011109
3,1,0.10000000000000001,0.20000000000000001,2,8,0.50828588192040092,2.8437224197250646,0.17873962606010707,2.6985812599018746,-0.55566593743124315,0.046563007334383205
4,0,0.050000000000000003,0.10000000000000001,1,1,3.2925825749597393,2.993974262953262,1.0997364325075827,2.8279024038723297,-2.1585654907782397,0.029351916169967626
4,0,0.050000000000000003,0.10000000000000001,1,2,3.0927586848987607,3.1402643821362868,0.98487207080150097,2.8450974797463333,-2.2568279831171139,0.029245143569828082
4,0,0.050000000000000003,0.10000000000000001,1,3,1.8949771700049682,2.6545339340383727,0.7138643607852162,2.9347197726104968,-2.2599208946040843,0.029546532285812117
4,0,0.050000000000000003,0.10000000000000001,1,4,2.3338004574568809,2.728721264833164,0.85527257310378724,2.905669394727493,-2.4250441705141417,0.025802974408443209
4,0,0.050000000000000003,0.10000000000000001,1,5,3.3461567719269185,2.8906065673360684,1.1575967514011003,2.9371810454538023,-2.4559170251148523,0.030229887737633427
4,0,0.050000000000000003,0.10000000000000001,1,6,4.7426111268429798,2.8613433261528112,1.6574771309319274,3.0780216286395987,-2.6471065822606783,0.030758505275679821
4,0,0.050000000000000003,0.10000000000000001,1,7,2.1275742026123892,2.6676455234880048,0.79754756915024427,3.0527872336276638,-2.3070627737277301,0.02742393643460048
4,0,0.050000000000000003,0.10000000000000001,1,8,2.152300596882081,2.7275420714403533,0.78909895448303746,3.0321944276992796,-2.5903999230849082,0.028205248977666041
4,0,0.050000000000000003,0.10000000000000001,2,1,2.4085322564699965,2.8093967327585134,0.85731296985779826,3.1686018683173489,-2.4239694034434995,0.0633013700670743
4,0,0.050000000000000003,0.10000000000000001,2,2,2.6801096244007168,2.9335576752150061,0.91360386299692786,3.1559822679385308,-2.5198927325641827,0.053687273213509329
4,0,0.050000000000000003,0.10000000000000001,2,3,2.2094700932893483,2.7679952948408779,0.79822032118604547,3.1972198044208433,-2.4551235163084488,0.058873907084632499
4,0,0.050000000000000003,0.10000000000000001,2,4,1.9340943448624812,2.7706715948998264,0.6980597586602133,3.1907529099330598,-2.6425246049988931,0.054291899358914472
4,0,0.050000000000000003,0.10000000000000001,2,5,1.9900949812280113,2.8840945645187945,0.69002417802484739,3.2894077627713383,-2.6530337151116536,0.062023759339115712
4,0,0.050000000000000003,0.10000000000000001,2,6,2.8916699361124421,2.9567724629332819,0.97798189490839127,3.3016761159949155,-2.7062233975879457,0.070140769372105768
4,0,0.050000000000000003,0.10000000000000001,2,7,2.9547018461778469,2.9076938921541866,1.0161667478652074,3.3883656951790453,-2.6636843288139986,0.050393552871530856
4,0,0.050000000000000003,0.10000000000000001,2,8,2.1073695119077516,2.7707800580414399,0.7605690339049761,3.3627703413143317,-2.8120162551007692,0.059076093673108634
4,0,0.10000000000000001,0.10000000000000001,1,1,3.3151240810234057,2.9960361045560662,1.106503381578781,2.9249347742776655,-1.261794171749691,0.029469620566111961
4,0,0.10000000000000001,0.10000000000000001,1,2,3.1244273194518968,3.1599276333045792,0.98876546618393379,2.9366493065038526,-1.3158272906027042,0.028927285484246428
4,0,0.10000000000000001,0.10000000000000001,1,3,1.8778986609975115,2.6702378963338518,0.70327017063753161,3.0082371000187189,-1.3237600818536788,0.029631322454056839
4,0,0.10000000000000001,0.10000000000000001,1,4,2.3611802386719116,2.7516758914877992,0.85808806406892957,2.9912603814797261,-1.3766803056585071,0.025708653236683959
4,0,0.10000000000000001,0.10000000000000001,1,5,3.3210905526665759,2.8935897797669847,1.1477406285745235,3.0127408950735632,-1.406110261424524,0.030625018231591673
4,0,0.10000000000000001,0.10000000000000001,1,6,4.7644481728010559,2.8796418152818331,1.654528055370232,3.1822368441922855,-1.5954698026524834,0.031017748555559617
4,0,0.10000000000000001,0.10000000000000001,1,7,2.1912032579115555,2.6851049219913401,0.81605870964867366,3.1673198296020653,-1.3816977984736301,0.027252285496396796
4,0,0.10000000000000001,0.10000000000000001,1,8,2.1425963742670389,2.7503207396058111,0.77903509340300647,3.120453243385203,-1.5705619243895619,0.028352500404488452
4,0,0.10000000000000001,0.10000000000000001,2,1,2.4372725493248892,2.8247117480894506,0.86283938563762708,3.2822763018140138,-1.4582491500189068,0.064744783823221908
4,0,0.10000000000000001,0.10000000000000001,2,2,2.7424354790253149,2.9623789827424769,0.92575443419006931,3.2865554224721718,-1.5568938143522697,0.052948761029416709
4,0,0.10000000000000001,0.10000000000000001,2,3,2.2433671835283615,2.7976447166277874,0.80187708260270507,3.283993771141267,-1.4522048605909845,0.06033779970185104
4,0,0.10000000000000001,0.10000000000000001,2,4,1.9237880441158668,2.7892508758726513,0.68971495563803886,3.2940886170527328,-1.5321322344129211,0.054041230579918643
4,0,0.10000000000000001,0.10000000000000001,2,5,1.9826728448867534,2.8925393076283501,0.6854436998169563,3.402631715318015,-1.6087984401854702,0.063988389396784556
4,0,0.10000000000000001,0.10000000000000001,2,6,2.919169984045177,2.9739996149524317,0.98156367249289922,3.422230511387248,-1.7051127337515897,0.073218860573594627
4,0,0.10000000000000001,0.10000000000000001,2,7,3.0212201654961981,2.9221677453390469,1.0338968973684495,3.5374208089573309,-1.6256739741720627,0.051631165829703167
4,0,0.10000000000000001,0.10000000000000001,2,8,2.0939346430618286,2.7767838971800831,0.75408628132289635,3.4738715792652486,-1.701153256145026,0.060764851376225698
4,0,0.20000000000000001,0.10000000000000001,1,1,3.3558763263280742,3.0166135178395277,1.1124647908929095,3.2829338500297407,-0.53009869761389861,0.029952405283437625
4,0,0.20000000000000001,0.10000000000000001,1,2,3.1875972141800499,3.215331920959017,0.99137423212882647,3.2644349938972983,-0.53455682507912317,0.028414696914210825
4,0,0.20000000000000001,0.10000000000000001,1,3,1.8483230813093237,2.7211984080537026,0.6792312812762924,3.3313219441778239,-0.5423304934145744,0.029852635830407027
4,0,0.20000000000000001,0.10000000000000001,1,4,2.444955774798891,2.8154251695045724,0.86841440549781246,3.332781964522884,-0.52760901262649196,0.025591111029761485
4,0,0.20000000000000001,0.10000000000000001,1,5,3.2971837493503524,2.9173277114981309,1.1302068452423382,3.3562270514014805,-0.56659315956790801,0.031665750190677334
4,0,0.20000000000000001,0.10000000000000001,1,6,4.810602117103147,2.9326191944984585,1.6403773548668545,3.5743395270187612,-0.68032899953854076,0.032311808553974343
4,0,0.20000000000000001,0.10000000000000001,1,7,2.3350499212080367,2.7371780447445633,0.85308660344232246,3.5749675713894793,-0.61450680026802518,0.027017746133479775
4,0,0.20000000000000001,0.10000000000000001,1,8,2.1329481417771494,2.8127324636824116,0.75831888361849642,3.4647971614223363,-0.66687454000193691,0.028724644649121622
4,0,0.20000000000000001,0.10000000000000001,2,1,2.5033929801147452,2.8723845923500604,0.8715382288228255,3.7172645896736674,-0.662097500920936,0.071406924895118129
4,0,0.20000000000000001,0.10000000000000001,2,2,2.8729808961992114,3.0366097284236702,0.94611463215281211,3.7343877561895864,-0.73260812325296065,0.054480459087186371
4,0,0.20000000000000001,0.10000000000000001,2,3,2.3297891588037873,2.8747803912243133,0.81042335126391174,3.6606813040544495,-0.6265548144995241,0.066212075494312614
4,0,0.20000000000000001,0.10000000000000001,2,4,1.9216970764915555,2.8442603439381733,0.67564035781294429,3.6957508026100587,-0.64490313058405946,0.057472504813321557
4,0,0.20000000000000001,0.10000000000000001,2,5,1.971023670563151,2.9270763936329822,0.6733762312628907,3.820834040747898,-0.74813737090901145,0.07040434770262391
4,0,0.20000000000000001,0.10000000000000001,2,6,2.9747503685375509,3.0243726591329385,0.9835925343242542,3.864227659793249,-0.76964327768861229,0.08128929763024334
4,0,0.20000000000000001,0.10000000000000001,2,7,3.1696696505494968,2.9670303427930471,1.0682970122798585,4.0209730197502154,-0.75378490161639,0.058186324881046372
4,0,0.20000000000000001,0.10000000000000001,2,8,2.0780778131634432,2.806204746258762,0.74052964807145338,3.9050525275810726,-0.78050904699040569,0.067570340930036443
4,0,0.10000000000000001,0.050000000000000003,1,1,3.2790116377455059,2.9960361045560662,1.0944499743374652,1.6541321166429821,-0.67075087721949611,0.015164961696037586
4,0,0.10000000000000001,0.050000000000000003,1,2,3.0773725176265558,3.1599276333045792,0.97387436509370662,1.6507792996146111,-0.64774689813563302,0.014373028513111535
4,0,0.10000000000000001,0.050000000000000003,1,3,1.8647624403024194,2.6702378963338518,0.69835067611866208,1.6707729392469739,-0.58359254556408835,0.014788671793713362
4,0,0.10000000000000001,0.050000000000000003,1,4,2.4246666600728597,2.7516758914877992,0.8811599751167899,1.6673787710725629,-0.6163711733513958,0.012797820760456288
4,0,0.10000000000000001,0.050000000000000003,1,5,3.3055517223038557,2.8935897797669847,1.1423705410550784,1.6868263682022171,-0.69556376043196455,0.015401132505037239
4,0,0.10000000000000001,0.050000000000000003,1,6,4.6201235368895448,2.8796418152818331,1.6044091012886508,1.8222933215926549,-0.86869467463179628,0.018367230973007912
4,0,0.10000000000000001,0.050000000000000003,1,7,2.100447194332431,2.6851049219913401,0.78225888944953681,1.7804217088642234,-0.66174739690074003,0.013596451062546486
4,0,0.10000000000000001,0.050000000000000003,1,8,2.0990442961728184,2.7503207396058111,0.76319982100475425,1.7427865467009516,-0.78374875414877965,0.014242866236291177
4,0,0.10000000000000001,0.050000000000000003,2,1,2.3323090907771498,2.8247117480894506,0.8256803875137535,1.865542329366241,-0.7222979950847952,0.035569334918335124
4,0,0.10000000000000001,0.050000000000000003,2,2,2.6970643726949604,2.9623789827424769,0.91043866716813637,1.8775779203873093,-0.83916592925263556,0.027852759974920274
4,0,0.10000000000000001,0.050000000000000003,2,3,2.1634969598015155,2.7976447166277874,0.77332798798317104,1.8536823394560789,-0.69667657400677696,0.033107096381028982
4,0,0.10000000000000001,0.050000000000000003,2,4,1.9471103203671729,2.7892508758726513,0.69807643952356768,1.8658128009651935,-0.71818060731424638,0.030173546474278272
4,0,0.10000000000000001,0.050000000000000003,2,5,1.9761557592051608,2.8925393076283501,0.68319063253299395,1.9317319690583301,-0.843078360155329,0.034983522910473804
4,0,0.10000000000000001,0.050000000000000003,2,6,2.8836229344319615,2.9739996149524317,0.96961106515747963,1.9377726082936475,-0.87716916774869536,0.041304066777689025
4,0,0.10000000000000001,0.050000000000000003,2,7,2.9238901577098284,2.9221677453390469,1.000589429670329,2.0629910478791578,-0.94919943456899247,0.030623832776346421
4,0,0.10000000000000001,0.050000000000000003,2,8,2.0301434523461936,2.7767838971800831,0.73111323297714026,1.9759075985432237,-0.88916615964197376,0.034108125977273203
4,0,0.10000000000000001,0.20000000000000001,1,1,3.3692975143423509,2.9960361045560662,1.1245850840110594,5.5777862688152631,-1.91709615693252,0.053699592849890357
4,0,0.10000000000000001,0.20000000000000001,1,2,3.1932335087367778,3.1599276333045792,1.0105400753742477,5.563074761450423,-1.9631418004139232,0.05824539008349152
4,0,0.10000000000000001,0.20000000000000001,1,3,1.9673228087643744,2.6702378963338518,0.73675937693246119,5.7878459896674395,-2.0862221667365488,0.058507837155223064
4,0,0.10000000000000001,0.20000000000000001,1,4,2.3420463167554137,2.7516758914877992,0.8511345118807202,5.747636433320082,-2.2044587418713442,0.051916918253790308
4,0,0.10000000000000001,0.20000000000000001,1,5,3.489971762425101,2.8935897797669847,1.2061045372872936,5.7356016308481754,-2.0940846258594075,0.058361994778646155
4,0,0.10000000000000001,0.20000000000000001,1,6,4.9689164963698857,2.8796418152818331,1.7255328318961689,5.9581543232164247,-2.1666195555155832,0.053390218990250315
4,0,0.10000000000000001,0.20000000000000001,1,7,2.4296079028888014,2.6851049219913401,0.90484654174591594,5.9746663743387209,-2.0327343948677332,0.05430695247397551
4,0,0.10000000000000001,0.20000000000000001,1,8,2.3116448900924786,2.7503207396058111,0.84050011215193554,5.9558596196644631,-2.2969425056222974,0.055898626035583238
4,0,0.10000000000000001,0.20000000000000001,2,1,2.673325265684579,2.8247117480894506,0.94640639615448729,6.2124635163600725,-2.2000569432240571,0.12351426248853449
4,0,0.10000000000000001,0.20000000000000001,2,2,2.8158372468724249,2.9623789827424769,0.95053241441296332,6.1613931960727797,-2.2546889096941416,0.10331974284643958
4,0,0.10000000000000001,0.20000000000000001,2,3,2.4857461645260321,2.7976447166277874,0.88851388089131267,6.1961038913488284,-2.1421255482979897,0.11177621471487922
4,0,0.10000000000000001,0.20000000000000001,2,4,2.0478561657494834,2.7892508758726513,0.73419575968002038,6.225967121167046,-2.3448329854415757,0.10177322960521644
4,0,0.10000000000000001,0.20000000000000001,2,5,2.0616830342775354,2.8925393076283501,0.712758865139831,6.4172892647382112,-2.3586865515334776,0.12586272660357711
4,0,0.10000000000000001,0.20000000000000001,2,6,3.0574252792571848,2.9739996149524317,1.0280516728668398,6.4628162636744104,-2.3916781276628054,0.13051053388152117
4,0,0.10000000000000001,0.20000000000000001,2,7,3.2051507761471858,2.9221677453390469,1.0968401048363861,6.4968123953612054,-2.1629582167147832,0.092988872934579844
4,0,0.10000000000000001,0.20000000000000001,2,8,2.3103789682735054,2.7767838971800831,0.83203412790594633,6.5566575423963229,-2.5118979136137987,0.11060156993525239
4,1,0.050000000000000003,0.10000000000000001,1,1,0.34267248969649516,2.993974262953262,0.11445405324175445,1.384054154259881,-0.56115126206182431,0.021806863912662292
4,1,0.050000000000000003,0.10000000000000001,1,2,0.31976857805846487,3.1402643821362868,0.10182855299620661,1.3272365695569321,-0.57116323427000826,0.02038807382386704
4,1,0.050000000000000003,0.10000000000000001,1,3,0.26456547843382427,2.6545339340383727,0.099665510032240501,1.3797721766518984,-0.58475255102474266,0.020065136327529529
4,1,0.050000000000000003,0.10000000000000001,1,4,0.2657313677274506,2.728721264833164,0.097383111698547783,1.340080210263608,-0.60973163509918393,0.018394637589176314
4,1,0.050000000000000003,0.10000000000000001,1,5,0.31435521643760039,2.8906065673360684,0.10875060618412162,1.3389541848670063,-0.57160719526044612,0.020752404132345244
4,1,0.050000000000000003,0.10000000000000001,1,6,0.36524199920543438,2.8613433261528112,0.12764703762289045,1.3881947124424219,-0.59624437990331003,0.020602548261863484
4,1,0.050000000000000003,0.10000000000000001,1,7,0.27416474994532908,2.6676455234880048,0.10277405582239903,1.3666648708612785,-0.55016528313355806,0.02064407836571186
4,1,0.050000000000000003,0.10000000000000001,1,8,0.28276631321098022,2.7275420714403533,0.10367074303702957,1.3824197922888768,-0.62582796506582106,0.020005811083821056
4,1,0.050000000000000003,0.10000000000000001,2,1,0.30910922579665229,2.8093967327585134,0.11002690442127111,1.4480814685706676,-0.61741381568154685,0.032943642614173055
4,1,0.050000000000000003,0.10000000000000001,2,2,0.29379822631795705,2.9335576752150061,0.10015082669081118,1.3871679766380181,-0.62884819779054102,0.026338996359963025
4,1,0.050000000000000003,0.10000000000000001,2,3,0.29208035346644928,2.7679952948408779,0.10552053827939759,1.4400837731186289,-0.62539551650804703,0.027200583243158959
4,1,0.050000000000000003,0.10000000000000001,2,4,0.28220165772451899,2.7706715948998264,0.10185316016664978,1.4022766356671761,-0.66918937907486775,0.024881577800937121
4,1,0.050000000000000003,0.10000000000000001,2,5,0.28012645273774217,2.8840945645187945,0.097128040177309763,1.4054901076372988,-0.62025268194666128,0.030488606828780625
4,1,0.050000000000000003,0.10000000000000001,2,6,0.29911930086339272,2.9567724629332819,0.1011641256177859,1.4439896241143289,-0.63653000025063899,0.029972221273749183
4,1,0.050000000000000003,0.10000000000000001,2,7,0.30042112798219595,2.9076938921541866,0.10331937924855863,1.4278378134611784,-0.60238700306447068,0.027679477439759251
4,1,0.050000000000000003,0.10000000000000001,2,8,0.29796186827336579,2.7707800580414399,0.10753717799022411,1.4481987813247761,-0.66962144999588269,0.026781574890140158
4,1,0.10000000000000001,0.10000000000000001,1,1,0.34393119034433517,2.9960361045560662,0.11479540911450289,1.3848560869502065,-0.096514328427320314,0.021806586075251648
4,1,0.10000000000000001,0.10000000000000001,1,2,0.32104720219050475,3.1599276333045792,0.10159954259925916,1.3288556041490684,-0.1200191560261018,0.020371322915750036
4,1,0.10000000000000001,0.10000000000000001,1,3,0.2646458499666719,2.6702378963338518,0.099109465239041766,1.3797423684634968,-0.11936113253027003,0.020072414398406971
4,1,0.10000000000000001,0.10000000000000001,1,4,0.26495457290422963,2.7516758914877992,0.096288437793075901,1.3405248321102841,-0.10963841117425721,0.018389425486338987
4,1,0.10000000000000001,0.10000000000000001,1,5,0.3124256013368869,2.8935897797669847,0.10797162870890632,1.3387655115171753,-0.097962447096380426,0.020761560566382137
4,1,0.10000000000000001,0.10000000000000001,1,6,0.367315004035561,2.8796418152818331,0.12755579603208794,1.3880961182505256,-0.12772337243024293,0.020600378435885962
4,1,0.10000000000000001,0.10000000000000001,1,7,0.27625002609059068,2.6851049219913401,0.10288239533139615,1.3683167018093272,-0.091822465457969793,0.020639097818912322
4,1,0.10000000000000001,0.10000000000000001,1,8,0.28235830174278526,2.7503207396058111,0.10266377214726388,1.3831690257160998,-0.14053714918876345,0.020004588218119724
4,1,0.10000000000000001,0.10000000000000001,2,1,0.3100167653524018,2.8247117480894506,0.10975164653954081,1.4488712858430901,-0.13427872782578212,0.032938679469514502
4,1,0.10000000000000001,0.10000000000000001,2,2,0.29543545745394617,2.9623789827424769,0.099729122835067296,1.3896257127009837,-0.15749388354336749,0.026190360567294794
4,1,0.10000000000000001,0.10000000000000001,2,3,0.29396242468534339,2.7976447166277874,0.10507496643093356,1.4402496024883333,-0.14410202362928118,0.027292373957404869
4,1,0.10000000000000001,0.10000000000000001,2,4,0.28056172212330638,2.7892508758726513,0.10058676490888586,1.4024519978083536,-0.14559121690445262,0.024833529293261929
4,1,0.10000000000000001,0.10000000000000001,2,5,0.2795590098786383,2.8925393076283501,0.096648301076279669,1.4058331362774235,-0.14278868873340222,0.03053895953452871
4,1,0.10000000000000001,0.10000000000000001,2,6,0.30025266349371155,2.9739996149524317,0.10095921397707175,1.4447010601728107,-0.15754415101647726,0.0300929415920437
4,1,0.10000000000000001,0.10000000000000001,2,7,0.30348335839552759,2.9221677453390469,0.10385555684802608,1.4301486513096442,-0.12857901699589799,0.027576052492961654
4,1,0.10000000000000001,0.10000000000000001,2,8,0.29729308247567349,2.7767838971800831,0.10706381680532812,1.4496274232069111,-0.17273176217654748,0.026775267081951236
4,1,0.20000000000000001,0.10000000000000001,1,1,0.34675129090160389,3.0166135178395277,0.11494720448973661,1.3884023221478388,0.35274709798683074,0.021806625700689298
4,1,0.20000000000000001,0.10000000000000001,1,2,0.32399698447363323,3.215331920959017,0.10076626377565295,1.3338907410180847,0.34119052849903891,0.020337111612681712
4,1,0.20000000000000001,0.10000000000000001,1,3,0.26506520006641593,2.7211984080537026,0.097407524303235182,1.381681971559781,0.34424835442788665,0.020087868811282574
4,1,0.20000000000000001,0.10000000000000001,1,4,0.26390175050958553,2.8154251695045724,0.093734244251295104,1.3433885827346874,0.36669495012570857,0.018379486134627684
4,1,0.20000000000000001,0.10000000000000001,1,5,0.30892517359644756,2.9173277114981309,0.10589320232309646,1.3404531082850193,0.36614428220867978,0.020780630269851157
4,1,0.20000000000000001,0.10000000000000001,1,6,0.37272913047337058,2.9326191944984585,0.12709769177416685,1.3902983638906565,0.3350718464392119,0.020600358079616791
4,1,0.20000000000000001,0.10000000000000001,1,7,0.28092996960316602,2.7371780447445633,0.10263489075639678,1.3736203597913916,0.36187731639001619,0.020628841291694212
4,1,0.20000000000000001,0.10000000000000001,1,8,0.28182545004400245,2.8127324636824116,0.10019632285789397,1.3867176028604897,0.32841663834272133,0.020002774775599523
4,1,0.20000000000000001,0.10000000000000001,2,1,0.31231380373840584,2.8723845923500604,0.10872980051842021,1.4530095779253331,0.32801398490513062,0.032965615682267607
4,1,0.20000000000000001,0.10000000000000001,2,2,0.29949216936059858,3.0366097284236702,0.098627152036448062,1.3970692719478506,0.31372735670702623,0.025930188330033153
4,1,0.20000000000000001,0.10000000000000001,2,3,0.2981004215067794,2.8747803912243133,0.10369502394575059,1.4432097102259596,0.32891270663840488,0.02751014957967449
4,1,0.20000000000000001,0.10000000000000001,2,4,0.27794666524469597,2.8442603439381733,0.097721949341616876,1.4054502163149318,0.34284250879729156,0.024778902027522334
4,1,0.20000000000000001,0.10000000000000001,2,5,0.27894562605737444,2.9270763936329822,0.095298375766393009,1.4092116003845958,0.33883176036152074,0.03067397026093012
4,1,0.20000000000000001,0.10000000000000001,2,6,0.30301462073052809,3.0243726591329385,0.10019090068662365,1.4487153150888363,0.3204643451206784,0.030370654267445521
4,1,0.20000000000000001,0.10000000000000001,2,7,0.31043142765272413,2.9670303427930471,0.10462698111826388,1.4374885341915173,0.33920620811484231,0.027417378354069044
4,1,0.20000000000000001,0.10000000000000001,2,8,0.29628715673583189,2.806204746258762,0.10558287207333768,1.4552110106198763,0.30758417674135968,0.026802513593509672
4,1,0.10000000000000001,0.050000000000000003,1,1,0.25978532703599555,2.9960361045560662,0.086709678378354832,0.69419718459002466,0.33307704765366153,0.010886190121614013
4,1,0.10000000000000001,0.050000000000000003,1,2,0.24312703016293261,3.1599276333045792,0.076940695603423037,0.66696762644115093,0.3262522805123691,0.010173250746400138
4,1,0.10000000000000001,0.050000000000000003,1,3,0.17079283762629496,2.6702378963338518,0.063961655948628349,0.6908370206019806,0.32930200260027503,0.010009269734937072
4,1,0.10000000000000001,0.050000000000000003,1,4,0.18255494242182618,2.7516758914877992,0.066343184888363008,0.67169368225392379,0.34693889086638263,0.0092083203779315462
4,1,0.10000000000000001,0.050000000000000003,1,5,0.23788024552318687,2.8935897797669847,0.082209388209251597,0.67012605141723802,0.35904547158565786,0.010398007700314857
4,1,0.10000000000000001,0.050000000000000003,1,6,0.2768359565243092,2.8796418152818331,0.096135552364596782,0.69533107560351914,0.31401288930636456,0.010333203075052727
4,1,0.10000000000000001,0.050000000000000003,1,7,0.18522993160196607,2.6851049219913401,0.068984243440511434,0.6867044145488338,0.35315833663150292,0.010340515546961408
4,1,0.10000000000000001,0.050000000000000003,1,8,0.18990955346297195,2.7503207396058111,0.069049965965129828,0.69335969359768201,0.31872949062297123,0.0099810152291027378
4,1,0.10000000000000001,0.050000000000000003,2,1,0.20695969551096718,2.8247117480894506,0.073267545140118615,0.72650478896266713,0.3130071974625071,0.016392637420758048
4,1,0.10000000000000001,0.050000000000000003,2,2,0.21469654905623758,2.9623789827424769,0.072474369520903872,0.69852713862354954,0.29911098969301153,0.012957907806036463
4,1,0.10000000000000001,0.050000000000000003,2,3,0.19683758904369306,2.7976447166277874,0.070358322439511289,0.72164660618853083,0.31539250934554164,0.01369759575342658
4,1,0.10000000000000001,0.050000000000000003,2,4,0.17466548854422695,2.7892508758726513,0.062620931682805595,0.70272995915173408,0.33106093858342334,0.012448542153025044
4,1,0.10000000000000001,0.050000000000000003,2,5,0.178442957244312,2.8925393076283501,0.061690763120733835,0.70460583762983164,0.32985507844224227,0.015328572427550573
4,1,0.10000000000000001,0.050000000000000003,2,6,0.22009051440441355,2.9739996149524317,0.074004890013388197,0.72437359809548307,0.3021185247180519,0.015232529649676179
4,1,0.10000000000000001,0.050000000000000003,2,7,0.21993937726283058,2.9221677453390469,0.075265828805906529,0.71822760959652288,0.33210581379368281,0.013789984444058533
4,1,0.10000000000000001,0.050000000000000003,2,8,0.1933067670095516,2.7767838971800831,0.069615344285834088,0.72760440738161081,0.30521525498533603,0.013318781066503022
4,1,0.10000000000000001,0.20000000000000001,1,1,0.55999012180750274,2.9960361045560662,0.18691033828194756,2.7679683462415912,-0.53672858450260097,0.043513198408006125
4,1,0.10000000000000001,0.20000000000000001,1,2,0.52024759343781679,3.1599276333045792,0.16463908475453087,2.6526572826990957,-0.54184235859868279,0.040858040041484175
4,1,0.10000000000000001,0.20000000000000001,1,3,0.48515672158811418,2.6702378963338518,0.18169044872526838,2.7593928302329349,-0.56978073878646285,0.040421856110326969
4,1,0.10000000000000001,0.20000000000000001,1,4,0.49190358435876835,2.7516758914877992,0.17876508853402853,2.679925717927031,-0.58458640845518162,0.036650161634090614
4,1,0.10000000000000001,0.20000000000000001,1,5,0.5196016515784091,2.8935897797669847,0.17956990835800216,2.6783761518318099,-0.5374313350591623,0.041377898065006011
4,1,0.10000000000000001,0.20000000000000001,1,6,0.59387590071718921,2.8796418152818331,0.20623255905146873,2.7745499194522067,-0.5774984589846841,0.041017879359522266
4,1,0.10000000000000001,0.20000000000000001,1,7,0.49378866673393068,2.6851049219913401,0.18389920732323742,2.7341235367721386,-0.54105685343586984,0.040943612462826594
4,1,0.10000000000000001,0.20000000000000001,1,8,0.49792053407308323,2.7503207396058111,0.18104089712258342,2.7643187947539158,-0.59744019723438646,0.040153486306508689
4,1,0.10000000000000001,0.20000000000000001,2,1,0.55092728374113031,2.8247117480894506,0.19503840847256745,2.8960024682402921,-0.60073819607164403,0.066535678798891967
4,1,0.10000000000000001,0.20000000000000001,2,2,0.5021509497834119,2.9623789827424769,0.16950935471414141,2.7734279956723191,-0.60058416213340626,0.052717358678965286
4,1,0.10000000000000001,0.20000000000000001,2,3,0.52149559966761505,2.7976447166277874,0.18640522742866833,2.8795288817590388,-0.60437294721874357,0.054865099732637486
4,1,0.10000000000000001,0.20000000000000001,2,4,0.5349959296720499,2.7892508758726513,0.19180631412535448,2.8038247155239304,-0.6479698688565031,0.049344217998440937
4,1,0.10000000000000001,0.20000000000000001,2,5,0.51912996346419837,2.8925393076283501,0.17947205145842712,2.8104460163647143,-0.597108124243107,0.061141340519105941
4,1,0.10000000000000001,0.20000000000000001,2,6,0.51370060392683004,2.9739996149524317,0.17273055495504713,2.8858040272208907,-0.61954779260773762,0.059428006152228853
4,1,0.10000000000000001,0.20000000000000001,2,7,0.52259086482849226,2.9221677453390469,0.17883670972073448,2.8569444930290993,-0.59460113874326748,0.054807539360071746
4,1,0.10000000000000001,0.20000000000000001,2,8,0.53466282655570463,2.7767838971800831,0.19254751048458349,2.8959101405838554,-0.65039953889855928,0.05402505378529477
5,0,0.050000000000000003,0.10000000000000001,1,1,1.6941318318307093,2.406095046878145,0.7041001285584324,2.8140564650082931,-2.2766956035403232,0.024104560184080023
5,0,0.050000000000000003,0.10000000000000001,1,2,1.5612071011866293,3.1057715316197489,0.50267931343050687,2.7821123181944807,-1.9863127270721319,0.028630256013159064
5,0,0.050000000000000003,0.10000000000000001,1,3,2.1633215520942723,3.3343286238398901,0.64880274146551908,2.8198905815549065,-2.2481228610314781,0.029567991968333134
5,0,0.050000000000000003,0.10000000000000001,1,4,1.7153281881153535,2.4988521318284711,0.68644645526112258,2.8367233648944916,-2.0887411896051469,0.028310912165704211
5,0,0.050000000000000003,0.10000000000000001,1,5,1.3583448125080473,2.2021320025891344,0.61683169351836631,2.771446000927583,-2.0357449033391952,0.022873584654913494
5,0,0.050000000000000003,0.10000000000000001,1,6,1.8775368040119667,3.5711371994896628,0.52575319824740363,2.8729585597684899,-2.4176537577982256,0.026448174706057585
5,0,0.050000000000000003,0.10000000000000001,1,7,2.1134217597642153,3.0277719142081496,0.69801220820060894,2.7511278257934322,-1.9706074550938031,0.032668377293253295
5,0,0.050000000000000003,0.10000000000000001,1,8,1.139251355574771,2.2054605684928523,0.51655938530485823,2.7925324391218704,-2.0153022414854491,0.024056496861245464
5,0,0.050000000000000003,0.10000000000000001,2,1,1.6883757208748071,2.7081712135442348,0.62343758490261691,3.1034107427844022,-2.4800870514801474,0.062510900519962317
5,0,0.050000000000000003,0.10000000000000001,2,2,2.0837004301167767,2.9312652724563448,0.71085358588875691,3.0668807188235978,-2.26670111302488,0.056318893023781624
5,0,0.050000000000000003,0.10000000000000001,2,3,2.1172373469311725,2.9556162284368597,0.71634379543616133,3.0454842995491429,-2.5165728969280221,0.060266840292247409
5,0,0.050000000000000003,0.10000000000000001,2,4,1.9322336105349363,2.812239920344517,0.68707993103882314,3.1235555098923009,-2.3146707096138157,0.068485235297861574
5,0,0.050000000000000003,0.10000000000000001,2,5,2.2979763042670163,2.8585993942209678,0.8038818971670797,3.0580861749021535,-2.2898183778584138,0.05491641521792253
5,0,0.050000000000000003,0.10000000000000001,2,6,2.1921813556190957,3.0267346030736357,0.72427273715803997,3.1607732143037022,-2.6600373544676397,0.069744675427505259
5,0,0.050000000000000003,0.10000000000000001,2,7,2.1924041519148036,2.8178035880200136,0.77805428356890571,3.0317815214058799,-2.1899867017405139,0.070258287879116713
5,0,0.050000000000000003,0.10000000000000001,2,8,1.9283874783684158,2.6773610117520565,0.72025680134427794,3.0413021901825577,-2.2812204868830901,0.056413249268549126
5,0,0.10000000000000001,0.10000000000000001,1,1,1.7073563613931082,2.4249755247707707,0.7040715850336271,2.9044934228090176,-1.3418152343502261,0.023934602955227629
5,0,0.10000000000000001,0.10000000000000001,1,2,1.5640715784204295,3.1301543080857361,0.49967874567083131,2.8586865476975571,-1.1544115376958561,0.02845591042609167
5,0,0.10000000000000001,0.10000000000000001,1,3,2.2121975509324154,3.3531371431460784,0.65973965766781095,2.9171409733775615,-1.3982422734270041,0.030009181857869903
5,0,0.10000000000000001,0.10000000000000001,1,4,1.7163322893957424,2.4996163049496776,0.68663829964507128,2.9189266585959746,-1.2483218322481471,0.028498425445600474
5,0,0.10000000000000001,0.10000000000000001,1,5,1.3683038460796084,2.2254550800335324,0.61484226680459053,2.8658061045880903,-1.1950223092203311,0.022991557307875891
5,0,0.10000000000000001,0.10000000000000001,1,6,1.9011692937069335,3.5935651756696618,0.52904822947941943,2.9559995362242248,-1.3477161327906375,0.026492576497264757
5,0,0.10000000000000001,0.10000000000000001,1,7,2.1037115441441823,3.0299434220649095,0.69430720350233499,2.8363119504351397,-1.1396500083864591,0.032735180704456787
5,0,0.10000000000000001,0.10000000000000001,1,8,1.1437549110297389,2.2189749601963102,0.51544291014827504,2.8946629459577591,-1.1562542879267221,0.024176251224555557
5,0,0.10000000000000001,0.10000000000000001,2,1,1.6838945436541126,2.7092467921877765,0.6215360477715397,3.2016464344352298,-1.4650293655489868,0.060842967752231115
5,0,0.10000000000000001,0.10000000000000001,2,2,2.0881783809974066,2.9471784693200376,0.70853475713643621,3.1647313311236625,-1.3368370867809223,0.056962335579301436
5,0,0.10000000000000001,0.10000000000000001,2,3,2.11259310473829,2.9683536160431605,0.71170533501139721,3.1553452527336177,-1.5715645699503948,0.06115782053396087
5,0,0.10000000000000001,0.10000000000000001,2,4,1.9356686587923044,2.8166556536487137,0.6872223291778059,3.2288540964616277,-1.4387019755667285,0.072373134661698563
5,0,0.10000000000000001,0.10000000000000001,2,5,2.3081080910644269,2.8654173062141717,0.80550504321268679,3.180057179563855,-1.3801411007136701,0.056265349011737735
5,0,0.10000000000000001,0.10000000000000001,2,6,2.2116956071349159,3.0440068118683077,0.72657380348549627,3.2528248510040991,-1.5076477534678225,0.070460201656502519
5,0,0.10000000000000001,0.10000000000000001,2,7,2.2020081924676607,2.8297908043990279,0.77815228922383484,3.1273074325193755,-1.3022631258928195,0.073647296825599964
5,0,0.10000000000000001,0.10000000000000001,2,8,1.9134500794280951,2.6792466875667404,0.71417465525202062,3.1652824428958644,-1.3418775540617005,0.059323778591149338
5,0,0.20000000000000001,0.10000000000000001,1,1,1.7462766538589765,2.4823712926091446,0.70347117655534863,3.235292913867307,-0.53412390345305993,0.023648082972642277
5,0,0.20000000000000001,0.10000000000000001,1,2,1.5764630922769969,3.1959665688117953,0.49326645267853925,3.1529150525197127,-0.43355515524086335,0.028176796077143552
5,0,0.20000000000000001,0.10000000000000001,1,3,2.317540584505041,3.4057782769841296,0.6804731242097356,3.2557107787512574,-0.60556942549956039,0.031462187648690798
5,0,0.20000000000000001,0.10000000000000001,1,4,1.7263041775824663,2.5201482378674296,0.68500104543186691,3.2280224636961594,-0.50488165035809318,0.028971462764837193
5,0,0.20000000000000001,0.10000000000000001,1,5,1.4051875243371099,2.2963476991735412,0.61192280456606762,3.199552805796797,-0.45144663077855252,0.023385568776834207
5,0,0.20000000000000001,0.10000000000000001,1,6,1.9602514989309938,3.6519099932591557,0.53677431879463233,3.2608652296028744,-0.48269727366489351,0.026676394351365568
5,0,0.20000000000000001,0.10000000000000001,1,7,2.089589936732863,3.0522087771482425,0.68461566337713664,3.1537129779565976,-0.42755213507104656,0.032833687613258958
5,0,0.20000000000000001,0.10000000000000001,1,8,1.172187655729181,2.2680707424523376,0.51682147024292557,3.2418205661981645,-0.43281559156718191,0.024413595985621778
5,0,0.20000000000000001,0.10000000000000001,2,1,1.6901444179031924,2.7296349564696798,0.61918331383369585,3.5896266702120916,-0.6135641074507292,0.062332446532484244
5,0,0.20000000000000001,0.10000000000000001,2,2,2.1011213745062336,2.9975304068470403,0.70095081261120662,3.5288375807669023,-0.54179679535496694,0.062178919581897828
5,0,0.20000000000000001,0.10000000000000001,2,3,2.1068319171810495,3.0110246268149887,0.69970597331501105,3.5457163539827743,-0.69946549653380874,0.06625661776848614
5,0,0.20000000000000001,0.10000000000000001,2,4,1.9481478594310182,2.8423030367886502,0.68541173626303942,3.6043939763385824,-0.63663864556362793,0.083718311278686869
5,0,0.20000000000000001,0.10000000000000001,2,5,2.3336337806208083,2.8987412013470566,0.80505075083500366,3.5973610804895415,-0.58887041278752894,0.062603821500463369
5,0,0.20000000000000001,0.10000000000000001,2,6,2.2592572766104739,3.094679963402029,0.73004553082343215,3.6024386423860557,-0.6073676709828798,0.073818271236473998
5,0,0.20000000000000001,0.10000000000000001,2,7,2.2279052806557398,2.8726688626014414,0.7755524173566547,3.4900577074467982,-0.53380055024057194,0.081775414547938852
5,0,0.20000000000000001,0.10000000000000001,2,8,1.8905835573250531,2.701716560485083,0.69977124357767784,3.5800810050968357,-0.54435893039552419,0.067659756521527309
5,0,0.10000000000000001,0.050000000000000003,1,1,1.6935076547937942,2.4249755247707707,0.6983607205494905,1.6193549204076694,-0.56879649435757573,0.012200283049842438
5,0,0.10000000000000001,0.050000000000000003,1,2,1.5237914347227686,3.1301543080857361,0.48681032458577161,1.5815861831298543,-0.484246676876183,0.013919349613204197
5,0,0.10000000000000001,0.050000000000000003,1,3,2.1040003342761193,3.3531371431460784,0.6274721982596998,1.6549035300281292,-0.72124748737835453,0.015828491523745172
5,0,0.10000000000000001,0.050000000000000003,1,4,1.6014021327847825,2.4996163049496776,0.64065918021647006,1.6137589381208006,-0.56895966129580067,0.014672626993162784
5,0,0.10000000000000001,0.050000000000000003,1,5,1.2885445423054793,2.2254550800335324,0.57900271897919586,1.6020820233045594,-0.49337377136105576,0.011648308967191358
5,0,0.10000000000000001,0.050000000000000003,1,6,1.831601442160856,3.5935651756696618,0.50968922299274466,1.6381196952485759,-0.54148814418380931,0.013323789548148427
5,0,0.10000000000000001,0.050000000000000003,1,7,1.978519661759425,3.0299434220649095,0.65298897905197906,1.581484534296971,-0.4829610433922325,0.016531100131515937
5,0,0.10000000000000001,0.050000000000000003,1,8,1.0869086438400095,2.2189749601963102,0.48982465477837206,1.6262455100217859,-0.48655906440955593,0.012146629021297418
5,0,0.10000000000000001,0.050000000000000003,2,1,1.6540411021264383,2.7092467921877765,0.61051695507988901,1.7990544874267294,-0.66444951599507007,0.031625802711408857
5,0,0.10000000000000001,0.050000000000000003,2,2,2.0693347059416065,2.9471784693200376,0.70214095531820164,1.7729181239370448,-0.59887640693371325,0.031387581528392154
5,0,0.10000000000000001,0.050000000000000003,2,3,2.1387525358128867,2.9683536160431605,0.72051810951818507,1.7781402983103987,-0.78946028594041484,0.031789008452809568
5,0,0.10000000000000001,0.050000000000000003,2,4,1.8571067283992897,2.8166556536487137,0.65933041051488905,1.8087398574177718,-0.69641964742347306,0.042242704255097366
5,0,0.10000000000000001,0.050000000000000003,2,5,2.3018037049532083,2.8654173062141717,0.80330487987258747,1.8070448902487661,-0.70663510235753935,0.031347901138915717
5,0,0.10000000000000001,0.050000000000000003,2,6,2.1519672031593271,3.0440068118683077,0.70695216409142103,1.815010364943642,-0.66840594852881974,0.037599507063155201
5,0,0.10000000000000001,0.050000000000000003,2,7,2.0729516710702813,2.8297908043990279,0.73254590687332488,1.7573927053802147,-0.60562366070229279,0.040872077252271863
5,0,0.10000000000000001,0.050000000000000003,2,8,1.8458852762232252,2.6792466875667404,0.68895681938852593,1.7976506601404243,-0.59636648361406464,0.03357486451968511
5,0,0.10000000000000001,0.20000000000000001,1,1,1.8246809495468097,2.4249755247707707,0.75245334681029163,5.5431076099553964,-2.0582407097317659,0.045343301016437507
5,0,0.10000000000000001,0.20000000000000001,1,2,1.7712555761430577,3.1301543080857361,0.56586845305600264,5.4900728749169598,-1.8628994400975352,0.058222073521671733
5,0,0.10000000000000001,0.20000000000000001,1,3,2.527678624125608,3.3531371431460784,0.75382500512759087,5.4991632721649388,-1.9398057746447164,0.057228123574696664
5,0,0.10000000000000001,0.20000000000000001,1,4,2.0578606111139774,2.4996163049496776,0.82327059838706185,5.6180183343769023,-1.9309478603188674,0.056927678786976847
5,0,0.10000000000000001,0.20000000000000001,1,5,1.6205264088536024,2.2254550800335324,0.72817754148027325,5.4819469182258249,-1.9209187055581982,0.045623549426063691
5,0,0.10000000000000001,0.20000000000000001,1,6,2.1209236619236247,3.5935651756696618,0.59020041608912521,5.6669322379292915,-2.0616641378939011,0.053714353276295743
5,0,0.10000000000000001,0.20000000000000001,1,7,2.3728410902126846,3.0299434220649095,0.78313049442870153,5.4395326275119,-1.7784283680992408,0.063726337345271292
5,0,0.10000000000000001,0.20000000000000001,1,8,1.4102756219637314,2.2189749601963102,0.63555274271277307,5.522417844725946,-1.8864123637703258,0.047788170032065772
5,0,0.10000000000000001,0.20000000000000001,2,1,1.8457163219357471,2.7092467921877765,0.68126548207344761,6.1049563496461658,-2.2601540181549158,0.1174034285110136
5,0,0.10000000000000001,0.20000000000000001,2,2,2.2268077623022604,2.9471784693200376,0.7555727572942067,6.0183610888641699,-2.0894991050350078,0.10925229510712514
5,0,0.10000000000000001,0.20000000000000001,2,3,2.1652828680482745,2.9683536160431605,0.72945583583623508,6.0063942331952953,-2.2616338484680547,0.12336274104201102
5,0,0.10000000000000001,0.20000000000000001,2,4,2.1631581444286176,2.8166556536487137,0.76798814282691918,6.1452203036638968,-2.122467072309818,0.13151301662357101
5,0,0.10000000000000001,0.20000000000000001,2,5,2.3654183923113838,2.8654173062141717,0.82550572552959378,5.9992241741523289,-2.0750902557798709,0.10341085187652338
5,0,0.10000000000000001,0.20000000000000001,2,6,2.3677512117189403,3.0440068118683077,0.77784031313178803,6.1708061420326406,-2.2438755200639391,0.13237758720020315
5,0,0.10000000000000001,0.20000000000000001,2,7,2.5084031602079757,2.8297908043990279,0.88642706602500732,5.9591036792997203,-1.9798470064729259,0.13801471832258072
5,0,0.10000000000000001,0.20000000000000001,2,8,2.0851203115083012,2.6792466875667404,0.77824872236829468,5.9683703382775848,-2.0597623414329771,0.10884846096385603
5,1,0.050000000000000003,0.10000000000000001,1,1,0.26153000592884074,2.406095046878145,0.10869479419284377,1.3238847249482482,-0.56242395010136115,0.017569285970895934
5,1,0.050000000000000003,0.10000000000000001,1,2,0.27132196155678778,3.1057715316197489,0.087360566865420902,1.3446294118464546,-0.52491776845177152,0.022221043544488745
5,1,0.050000000000000003,0.10000000000000001,1,3,0.28017498263027191,3.3343286238398901,0.084027405285450205,1.3128455965647352,-0.53751406050764894,0.022983765297950962
5,1,0.050000000000000003,0.10000000000000001,1,4,0.30978351087983413,2.4988521318284711,0.12397032498804079,1.3799913500832244,-0.55605786700261339,0.020704489431719975
5,1,0.050000000000000003,0.10000000000000001,1,5,0.25884633732342643,2.2021320025891344,0.11754351556541137,1.3368571314465503,-0.48907954216051008,0.017752136541571557
5,1,0.050000000000000003,0.10000000000000001,1,6,0.29636121037220831,3.5711371994896628,0.082987909401677468,1.3591227420587821,-0.61266282689682516,0.019027222273999143
5,1,0.050000000000000003,0.10000000000000001,1,7,0.30062969269795298,3.0277719142081496,0.099290732993200501,1.3325273739494379,-0.49750409769242721,0.023500467172707411
5,1,0.050000000000000003,0.10000000000000001,1,8,0.25116812680016737,2.2054605684928523,0.11388465991564219,1.3447343225549175,-0.53041904009942153,0.018152007535101326
5,1,0.050000000000000003,0.10000000000000001,2,1,0.26122210265526064,2.7081712135442348,0.09645701178301587,1.3831606032271018,-0.61722092374390536,0.028334355123449204
5,1,0.050000000000000003,0.10000000000000001,2,2,0.29616132023342234,2.9312652724563448,0.10103531843955042,1.4103467984920537,-0.58635163354201636,0.027668384772303146
5,1,0.050000000000000003,0.10000000000000001,2,3,0.28045411143966009,2.9556162284368597,0.094888540921290107,1.3736199555430737,-0.60708301390711239,0.033983522599384267
5,1,0.050000000000000003,0.10000000000000001,2,4,0.32096390781635281,2.812239920344517,0.11413105457127311,1.4373398626445339,-0.60313239521702489,0.031919634622764162
5,1,0.050000000000000003,0.10000000000000001,2,5,0.27863245176810542,2.8585993942209678,0.09747166823423993,1.3965294168827362,-0.56165339124235125,0.026865145436338046
5,1,0.050000000000000003,0.10000000000000001,2,6,0.31677268630704203,3.0267346030736357,0.10465823002299598,1.4303335812471929,-0.6777242082456304,0.032570058242473707
5,1,0.050000000000000003,0.10000000000000001,2,7,0.30556333214825704,2.8178035880200136,0.10844025234667519,1.398472412247125,-0.54683184427744147,0.037280078824850488
5,1,0.050000000000000003,0.10000000000000001,2,8,0.29071299761060448,2.6773610117520565,0.10858191941039838,1.400752590388459,-0.57143491622745468,0.025137793915023778
5,1,0.10000000000000001,0.10000000000000001,1,1,0.26261838298025519,2.4249755247707707,0.10829733343600659,1.3249306719895699,-0.10733824267445558,0.017565815511271843
5,1,0.10000000000000001,0.10000000000000001,1,2,0.27168053150519522,3.1301543080857361,0.08679461290563116,1.3451466606986913,-0.095510758181440447,0.02220258442306778
5,1,0.10000000000000001,0.10000000000000001,1,3,0.28129934211100188,3.3531371431460784,0.083891391882371089,1.3139227384998815,-0.11261937330575661,0.022986118349714795
5,1,0.10000000000000001,0.10000000000000001,1,4,0.31009138283222654,2.4996163049496776,0.12405559293968092,1.3804167219007786,-0.11540314623060977,0.020715530983861172
5,1,0.10000000000000001,0.10000000000000001,1,5,0.25936789508656705,2.2254550800335324,0.11654600329324957,1.3381057639114584,-0.052233311432797108,0.017754668035922849
5,1,0.10000000000000001,0.10000000000000001,1,6,0.29757781157406898,3.5935651756696618,0.082808519402633424,1.3600244442213956,-0.12542746431789484,0.019029620431234882
5,1,0.10000000000000001,0.10000000000000001,1,7,0.30048734013034162,3.0299434220649095,0.099172591125665038,1.3329809660149139,-0.062894033757156589,0.023507487338215661
5,1,0.10000000000000001,0.10000000000000001,1,8,0.25043085039879209,2.2189749601963102,0.11285879962189242,1.3458719595155659,-0.072810753184004942,0.018155281352805679
5,1,0.10000000000000001,0.10000000000000001,2,1,0.26159708367291801,2.7092467921877765,0.096557125924166029,1.3840997769085088,-0.13179826863928568,0.028165438504527879
5,1,0.10000000000000001,0.10000000000000001,2,2,0.29696804011412975,2.9471784693200376,0.10076350760754749,1.4113262980390426,-0.14384230677861254,0.027574845542920796
5,1,0.10000000000000001,0.10000000000000001,2,3,0.27978223389055151,2.9683536160431605,0.094255021496900862,1.3748832248429861,-0.1547747995777205,0.03399059091025361
5,1,0.10000000000000001,0.10000000000000001,2,4,0.32149912601562664,2.8166556536487137,0.11414214783378103,1.4378597458977416,-0.14535330877526823,0.032048497454058113
5,1,0.10000000000000001,0.10000000000000001,2,5,0.27909663017179559,2.8654173062141717,0.097401739553441113,1.3985515867313967,-0.095587884119966327,0.026825644367288914
5,1,0.10000000000000001,0.10000000000000001,2,6,0.31824238886692391,3.0440068118683077,0.10454719996884553,1.4309297149901667,-0.17005722660429348,0.032574393796891199
5,1,0.10000000000000001,0.10000000000000001,2,7,0.30631003059754397,2.8297908043990279,0.10824476145776298,1.39884015366551,-0.098602622315571528,0.03745907002854057
5,1,0.10000000000000001,0.10000000000000001,2,8,0.28940990736784344,2.6792466875667404,0.10801913415098109,1.4021291324071505,-0.09585160621057065,0.02518235866706724
5,1,0.20000000000000001,0.10000000000000001,1,1,0.26523548820115417,2.4823712926091446,0.10684762951894003,1.328748899237,0.35118346505478754,0.017559206394187527
5,1,0.20000000000000001,0.10000000000000001,1,2,0.27260792263174077,3.1959665688117953,0.085297488807303659,1.3477783989974919,0.34150370472363356,0.022166009361856174
5,1,0.20000000000000001,0.10000000000000001,1,3,0.2843507578182432,3.4057782769841296,0.083490683976656363,1.3177077630626499,0.33617478914189358,0.022990025175369123
5,1,0.20000000000000001,0.10000000000000001,1,4,0.31093133185392802,2.5201482378674296,0.12337819148172041,1.3828178609246464,0.34567494918044223,0.020737978572873506
5,1,0.20000000000000001,0.10000000000000001,1,5,0.26067972723555927,2.2963476991735412,0.11351927555630111,1.342262980401824,0.3775037796477394,0.01776033388610913
5,1,0.20000000000000001,0.10000000000000001,1,6,0.30041465068069412,3.6519099932591557,0.082262337033281688,1.3634207109831282,0.34499997822950329,0.019034323917721991
5,1,0.20000000000000001,0.10000000000000001,1,7,0.30044144712272097,3.0522087771482425,0.098434107578784694,1.3355419348827633,0.37002548213533232,0.023521789873023703
5,1,0.20000000000000001,0.10000000000000001,1,8,0.24931969214313818,2.2680707424523376,0.10992588876375292,1.3498340997775249,0.3764471596173915,0.018162119296247659
5,1,0.20000000000000001,0.10000000000000001,2,1,0.26291674039425916,2.7296349564696798,0.096319377714263091,1.38831739987361,0.33480987059189032,0.0278712399208032
5,1,0.20000000000000001,0.10000000000000001,2,2,0.29888031498184725,2.9975304068470403,0.099708851759814254,1.4154074922421667,0.31562603351902302,0.027419690443736506
5,1,0.20000000000000001,0.10000000000000001,2,3,0.27880264813131633,3.0110246268149887,0.092593944814801821,1.3795653137777844,0.31147595708973153,0.034033821972858043
5,1,0.20000000000000001,0.10000000000000001,2,4,0.322835267137215,2.8423030367886502,0.11358228273293738,1.4409185836809786,0.32709511051061552,0.032354245482386981
5,1,0.20000000000000001,0.10000000000000001,2,5,0.28034828553670665,2.8987412013470566,0.096713803014366273,1.4048090823996144,0.35318926779737975,0.026788360537808135
5,1,0.20000000000000001,0.10000000000000001,2,6,0.32166085744666395,3.094679963402029,0.10393994249830514,1.4341428911649845,0.32064894833780927,0.032605758013463812
5,1,0.20000000000000001,0.10000000000000001,2,7,0.30813647552542017,2.8726688626014414,0.10726487815458718,1.401677576088737,0.35124672912028315,0.037841790740398958
5,1,0.20000000000000001,0.10000000000000001,2,8,0.2872327498205654,2.701716560485083,0.10631490883299537,1.4070289371032001,0.359794672602263,0.025301775854516272
5,1,0.10000000000000001,0.050000000000000003,1,1,0.16275186019955384,2.4249755247707707,0.067114846536415473,0.66437444961850012,0.34400290484160995,0.008780920565330386
5,1,0.10000000000000001,0.050000000000000003,1,2,0.16288818969889279,3.1301543080857361,0.052038389697953262,0.67388929647120466,0.33067140180225385,0.011055919838885769
5,1,0.10000000000000001,0.050000000000000003,1,3,0.17288718541573606,3.3531371431460784,0.051559831296826945,0.65933670886846618,0.31052089397108595,0.01152079526579688
5,1,0.10000000000000001,0.050000000000000003,1,4,0.18382579804609153,2.4996163049496776,0.07354160623855921,0.6914070865788523,0.33570064489198126,0.010358011935221611
5,1,0.10000000000000001,0.050000000000000003,1,5,0.15051955635204997,2.2254550800335324,0.067635405316642916,0.67113040981051775,0.36411439460647316,0.0088934304353988046
5,1,0.10000000000000001,0.050000000000000003,1,6,0.18359836722195411,3.5935651756696618,0.051090868885588114,0.68173426115856073,0.31698100596507794,0.0095210765113401871
5,1,0.10000000000000001,0.050000000000000003,1,7,0.19650710076863817,3.0299434220649095,0.064855039647809129,0.66777229953996831,0.36306996674547776,0.011765538936601146
5,1,0.10000000000000001,0.050000000000000003,1,8,0.1374332949861829,2.2189749601963102,0.061935487083650702,0.67491837613766914,0.36921415355912895,0.0090185932077775002
5,1,0.10000000000000001,0.050000000000000003,2,1,0.15812046606523547,2.7092467921877765,0.058363256725515844,0.69415869993680501,0.32645564799221294,0.013932159455462679
5,1,0.10000000000000001,0.050000000000000003,2,2,0.19059535108950013,2.9471784693200376,0.064670447709084145,0.70770561571094692,0.29699051975172192,0.013638484663720451
5,1,0.10000000000000001,0.050000000000000003,2,3,0.18032347462835979,2.9683536160431605,0.060748649909417612,0.68978374106988127,0.27899192922493082,0.016955280665819084
5,1,0.10000000000000001,0.050000000000000003,2,4,0.19353442330331444,2.8166556536487137,0.068710714798455641,0.72045929184049007,0.31443023510886892,0.016199001761560503
5,1,0.10000000000000001,0.050000000000000003,2,5,0.1898567698687999,2.8654173062141717,0.066257982548322519,0.70240454119980744,0.3453575134361988,0.013384760901652687
5,1,0.10000000000000001,0.050000000000000003,2,6,0.20299701272839818,3.0440068118683077,0.066687437076990486,0.7170463427656224,0.29940999748008901,0.016248777264628832
5,1,0.10000000000000001,0.050000000000000003,2,7,0.19526348257723092,2.8297908043990279,0.069002797759355805,0.70084254292728787,0.34629296584950026,0.018853699313229319
5,1,0.10000000000000001,0.050000000000000003,2,8,0.17862116557878688,2.6792466875667404,0.066668428259216581,0.70351448277627415,0.35574165961406345,0.012536662366854058
5,1,0.10000000000000001,0.20000000000000001,1,1,0.49227656859124919,2.4249755247707707,0.20300269572320048,2.647640964370868,-0.54832121225678065,0.035060851648748288
5,1,0.10000000000000001,0.20000000000000001,1,2,0.51275747141215244,3.1301543080857361,0.16381220251270368,2.6890086187823226,-0.52162097126476936,0.04463438668036479
5,1,0.10000000000000001,0.20000000000000001,1,3,0.54238202818934966,3.3531371431460784,0.16175360715501785,2.6251003309432468,-0.531097489031923,0.045522622530220311
5,1,0.10000000000000001,0.20000000000000001,1,4,0.58434628276749434,2.4996163049496776,0.2337743923378906,2.7578913192240595,-0.54540060029630233,0.041316174055779142
5,1,0.10000000000000001,0.20000000000000001,1,5,0.49405231989624676,2.2254550800335324,0.22200058061329306,2.6736726874362753,-0.48340834411002981,0.03537290591435617
5,1,0.10000000000000001,0.20000000000000001,1,6,0.55451676400764038,3.5935651756696618,0.15430825291885963,2.7166350871154457,-0.58422030196073604,0.037842467472611836
5,1,0.10000000000000001,0.20000000000000001,1,7,0.53095295244696739,3.0299434220649095,0.17523526960286354,2.6640149230399048,-0.48401279917502871,0.046906422727327257
5,1,0.10000000000000001,0.20000000000000001,1,8,0.49182175353868002,2.2189749601963102,0.22164366987501702,2.6895111799749438,-0.52920877188302751,0.036747422590951977
5,1,0.10000000000000001,0.20000000000000001,2,1,0.49809542279931029,2.7092467921877765,0.18385014766302898,2.7659208435413847,-0.60124586856757556,0.056430211706391793
5,1,0.10000000000000001,0.20000000000000001,2,2,0.54703271691990052,2.9471784693200376,0.18561234842561466,2.8203866732921692,-0.58091431714146013,0.056051283537761676
5,1,0.10000000000000001,0.20000000000000001,2,3,0.52547921669634212,2.9683536160431605,0.1770271620794325,2.7470965168468191,-0.58848202669205563,0.068259174133380215
5,1,0.10000000000000001,0.20000000000000001,2,4,0.60494166192487941,2.8166556536487137,0.21477302741683532,2.873792514385658,-0.595675751717196,0.063505990371644269
5,1,0.10000000000000001,0.20000000000000001,2,5,0.50236600337832626,2.8654173062141717,0.17532036338611323,2.7922855753425253,-0.53800434692561483,0.053615031376174946
5,1,0.10000000000000001,0.20000000000000001,2,6,0.58432323127377894,3.0440068118683077,0.19195858202273247,2.8589834253148982,-0.64497954098656973,0.065206572208872868
5,1,0.10000000000000001,0.20000000000000001,2,7,0.55961164025660037,2.8297908043990279,0.19775724742149162,2.7961638429631051,-0.53860783984153615,0.074935706682268718
5,1,0.10000000000000001,0.20000000000000001,2,8,0.54009753565181395,2.6792466875667404,0.20158559424862965,2.8015338967815864,-0.56501530057578464,0.051324213662994014
6,0,0.050000000000000003,0.10000000000000001,1,1,1.9383915646235645,2.7489431213151438,0.70514065918402968,2.7688922846472543,-2.2759074506256654,0.02525979482952186
6,0,0.050000000000000003,0.10000000000000001,1,2,1.5289081444484565,2.9399048057447232,0.52005362264141763,2.7103422241425132,-2.0052185794506836,0.024005353257762856
6,0,0.050000000000000003,0.10000000000000001,1,3,1.7583693478743851,2.9209771850961568,0.60197982950575513,2.7311502808939285,-1.9295158396862011,0.023254088283890091
6,0,0.050000000000000003,0.10000000000000001,1,4,1.846860619130902,2.6918003567428781,0.6861060904849694,2.7920424454393311,-2.2249569014145441,0.025075891883287446
6,0,0.050000000000000003,0.10000000000000001,1,5,1.3540019205124829,2.4484071170887201,0.55301339024143159,2.6737018378133484,-1.9545232360757858,0.02349567065711242
6,0,0.050000000000000003,0.10000000000000001,1,6,1.6922216195659441,3.3419881045827187,0.50635177822610333,2.7590668133904677,-2.2039005566216807,0.02392389268671833
6,0,0.050000000000000003,0.10000000000000001,1,7,1.6965615119957429,2.9258108440643644,0.57986028571791726,2.9153631617716496,-2.350434516785191,0.022976095872898755
6,0,0.050000000000000003,0.10000000000000001,1,8,1.4141396474857817,2.5647338264857136,0.55137871730864341,2.6976060018588108,-2.030712055521263,0.026472548631315009
6,0,0.050000000000000003,0.10000000000000001,2,1,2.2077284224275133,2.9217649672385755,0.75561465319165844,3.0471069447244248,-2.5753317486890057,0.058224686856116904
6,0,0.050000000000000003,0.10000000000000001,2,2,2.2136946750503061,2.8574768002056983,0.77470258897323374,2.9759961078983528,-2.2968790383370679,0.064779410649884281
6,0,0.050000000000000003,0.10000000000000001,2,3,2.247379238064982,2.9623160914343067,0.7586561219997412,2.996101572327817,-2.1668808518626146,0.053658762807886375
6,0,0.050000000000000003,0.10000000000000001,2,4,1.9574358051964511,2.8925124829687077,0.67672510204258551,3.0348820597484996,-2.4062643434783553,0.057681820438790339
6,0,0.050000000000000003,0.10000000000000001,2,5,1.787193149443796,2.7440459963805099,0.65129853938351057,2.9384949615343836,-2.2240225872522861,0.056949933028141227
6,0,0.050000000000000003,0.10000000000000001,2,6,2.5585186156150139,2.990463806402504,0.85555913104090853,3.0335717598127161,-2.5139506187731273,0.059534711908737978
6,0,0.050000000000000003,0.10000000000000001,2,7,2.1716607938503176,2.7620893114599534,0.78623844089329831,3.2090303661699187,-2.7293870621052201,0.051125728784107177
6,0,0.050000000000000003,0.10000000000000001,2,8,2.2893722302882278,2.8566623146804218,0.80141507049087202,2.918530660058599,-2.2536356144375245,0.072474056550108051
6,0,0.10000000000000001,0.10000000000000001,1,1,1.9363302430779779,2.7653494175582987,0.70021178183973798,2.8467031605823219,-1.3633400185776274,0.025091998670341276
6,0,0.10000000000000001,0.10000000000000001,1,2,1.552882397745819,2.9479894449699948,0.52675982283295608,2.7913006512440752,-1.1487389592601238,0.024122635424923117
6,0,0.10000000000000001,0.10000000000000001,1,3,1.7566253698875298,2.9460104547395898,0.59627261914887042,2.8038112079758939,-1.1110393089357617,0.023265698153938981
6,0,0.10000000000000001,0.10000000000000001,1,4,1.8327214915749404,2.6970306767388625,0.67953305365847416,2.8554647221857263,-1.2687310903398281,0.024954985103624646
6,0,0.10000000000000001,0.10000000000000001,1,5,1.3519935984046636,2.4524805721057916,0.55127596678321134,2.7382295385753568,-1.129682003446044,0.023523572273569108
6,0,0.10000000000000001,0.10000000000000001,1,6,1.7115735470710909,3.35436116123714,0.51025320912070071,2.8304431664325711,-1.2829144019093126,0.024308092978953276
6,0,0.10000000000000001,0.10000000000000001,1,7,1.7210179420721419,2.9348491047109588,0.58640764164317671,2.9926731422194179,-1.4223519226006871,0.022808914864015119
6,0,0.10000000000000001,0.10000000000000001,1,8,1.4014962322844162,2.5784185926049306,0.54354876136248675,2.7782938186884878,-1.1670545507070031,0.026518678013498439
6,0,0.10000000000000001,0.10000000000000001,2,1,2.185449256400108,2.9340023139149407,0.74486964309308523,3.1524627556369516,-1.5977334864238493,0.05960194037162718
6,0,0.10000000000000001,0.10000000000000001,2,2,2.2166971831579314,2.8636568367163169,0.77407919647933865,3.0738328453558696,-1.3310757959703938,0.067188030885111855
6,0,0.10000000000000001,0.10000000000000001,2,3,2.2545257637793084,2.9818756871739196,0.75607637618053791,3.0774774312325039,-1.2640426682743631,0.055696752863417701
6,0,0.10000000000000001,0.10000000000000001,2,4,1.9747307805766618,2.9034877305809452,0.68012368703261139,3.1102368429480638,-1.4280932588988291,0.058009371097072007
6,0,0.10000000000000001,0.10000000000000001,2,5,1.77721455888598,2.7376267197626061,0.64918074697930017,3.025743641696129,-1.3290532051745496,0.057557577123088073
6,0,0.10000000000000001,0.10000000000000001,2,6,2.5695721133433285,3.0050903833199243,0.85507315440694009,3.1106783500960287,-1.4669491780603012,0.061714074110034295
6,0,0.10000000000000001,0.10000000000000001,2,7,2.1738227018511758,2.7640374475770653,0.78646644377294261,3.3080448407054437,-1.6822601756600644,0.052934972966320729
6,0,0.10000000000000001,0.10000000000000001,2,8,2.2788369693264103,2.869709090090232,0.79410034180668709,3.0216131425602089,-1.3377118463497439,0.075178339733812258
6,0,0.20000000000000001,0.10000000000000001,1,1,1.9341378275627394,2.8150641565937038,0.68706705068601115,3.1206946543883696,-0.54618992444668857,0.024775884809622183
6,0,0.20000000000000001,0.10000000000000001,1,2,1.6121429544654371,2.9813209275594907,0.54074787439443406,3.0983419086339667,-0.42675752430603947,0.024458216913213909
6,0,0.20000000000000001,0.10000000000000001,1,3,1.7572422017106935,3.0104141743053545,0.58372107622572322,3.076165787774737,-0.37894596740370406,0.023333393438463006
6,0,0.20000000000000001,0.10000000000000001,1,4,1.8120127551411895,2.7239731086389738,0.66520948734569452,3.1136916516548778,-0.44166473610029661,0.024722090806044192
6,0,0.20000000000000001,0.10000000000000001,1,5,1.3515884049137949,2.4783483951369822,0.54535851681139069,2.9957420081921171,-0.40524183428430433,0.023580815934337949
6,0,0.20000000000000001,0.10000000000000001,1,6,1.766538160481419,3.3962786569733603,0.52013934629724801,3.1145833557205878,-0.4813206530183658,0.025134338264902363
6,0,0.20000000000000001,0.10000000000000001,1,7,1.7879515505968449,2.9694070469885174,0.60212410164855346,3.2806956912736007,-0.56765726474159195,0.022405468209838599
6,0,0.20000000000000001,0.10000000000000001,1,8,1.3945686627614662,2.6243335607173601,0.53139916496752859,3.0963312562676135,-0.44143939296237428,0.02671498329249607
6,0,0.20000000000000001,0.10000000000000001,2,1,2.1443262690861187,2.9745887543036367,0.72088158942432168,3.5214044431798706,-0.72530871369421679,0.064884534089458865
6,0,0.20000000000000001,0.10000000000000001,2,2,2.2271682728655322,2.8937300862055606,0.76965307976803532,3.4489065328883357,-0.53756586913532711,0.074636400606661504
6,0,0.20000000000000001,0.10000000000000001,2,3,2.2805411695771203,3.0354556040887477,0.75130111160421509,3.3905875430493411,-0.49522633693668111,0.06328343458307141
6,0,0.20000000000000001,0.10000000000000001,2,4,2.0213152065296063,2.9406037612268765,0.68738101786494166,3.417607403323633,-0.53705112654193365,0.061028268766973287
6,0,0.20000000000000001,0.10000000000000001,2,5,1.7563017719152336,2.7407747134343388,0.64080486561206362,3.3560281332714625,-0.54893737744512194,0.061601378890472777
6,0,0.20000000000000001,0.10000000000000001,2,6,2.6008713394425196,3.0533945665550646,0.85179667506152146,3.4172670557071827,-0.57233000300286252,0.068891543918301421
6,0,0.20000000000000001,0.10000000000000001,2,7,2.1959156251701453,2.7855938154706879,0.78831149501209552,3.6663905929395137,-0.74363749978632232,0.057939326177311831
6,0,0.20000000000000001,0.10000000000000001,2,8,2.2796190913960173,2.9125195532878565,0.78269657926334713,3.4268052805608691,-0.5556099660630639,0.082797341786463044
6,0,0.10000000000000001,0.050000000000000003,1,1,1.8926578357036941,2.7653494175582987,0.68441905521467195,1.5677935995037149,-0.61717702285255904,0.012549664582344001
6,0,0.10000000000000001,0.050000000000000003,1,2,1.538514314021534,2.9479894449699948,0.52188596422779709,1.543066707429412,-0.45908018788663502,0.012215717318997881
6,0,0.10000000000000001,0.050000000000000003,1,3,1.6819594854164712,2.9460104547395898,0.57092787390163779,1.5436153767807261,-0.44973726193242336,0.011552102081449127
6,0,0.10000000000000001,0.050000000000000003,1,4,1.7579999118382712,2.6970306767388625,0.65182792580022553,1.561393457130249,-0.52482550096217795,0.012466038225700573
6,0,0.10000000000000001,0.050000000000000003,1,5,1.3203731055700532,2.4524805721057916,0.53838269733420618,1.5002234501839118,-0.47190483999833194,0.01178147559477216
6,0,0.10000000000000001,0.050000000000000003,1,6,1.6644306810727922,3.35436116123714,0.49619900811721912,1.5522102987268893,-0.52985347257364346,0.012151936802833186
6,0,0.10000000000000001,0.050000000000000003,1,7,1.6319210258489989,2.9348491047109588,0.55604938026608353,1.6430367338835876,-0.65385579697646046,0.01132096310480493
6,0,0.10000000000000001,0.050000000000000003,1,8,1.3321062784427278,2.5784185926049306,0.51663693484963757,1.5524544601790795,-0.50204418444661658,0.013433068078409067
6,0,0.10000000000000001,0.050000000000000003,2,1,2.1100378474188095,2.9340023139149407,0.71916706998206592,1.7708955111815525,-0.84731830767179073,0.032475247272891354
6,0,0.10000000000000001,0.050000000000000003,2,2,2.1825247169748465,2.8636568367163169,0.76214603963423655,1.7282914649047756,-0.61901408158622984,0.03798666645384647
6,0,0.10000000000000001,0.050000000000000003,2,3,2.207856053010445,2.9818756871739196,0.74042525062570475,1.7060077905834607,-0.5972456320751548,0.031979771567904908
6,0,0.10000000000000001,0.050000000000000003,2,4,1.8949612038147257,2.9034877305809452,0.65264997811289938,1.7240977126179728,-0.65074303635087172,0.030499283272915255
6,0,0.10000000000000001,0.050000000000000003,2,5,1.7136260537977268,2.7376267197626061,0.62595314453473927,1.6854303783417817,-0.6308665231738303,0.031443372199932595
6,0,0.10000000000000001,0.050000000000000003,2,6,2.5147278346447761,3.0050903833199243,0.83682269545137211,1.7191937498821679,-0.67237089126563665,0.034710752888340905
6,0,0.10000000000000001,0.050000000000000003,2,7,2.1045942164185503,2.7640374475770653,0.76142029778338272,1.8348485964154506,-0.82832131212570548,0.029420396551766981
6,0,0.10000000000000001,0.050000000000000003,2,8,2.2241102604730942,2.869709090090232,0.77502986910884464,1.7167422170909399,-0.65596664343483868,0.041542306824106236
6,0,0.10000000000000001,0.20000000000000001,1,1,2.0812293466193523,2.7653494175582987,0.75260989927884081,5.4722810624520211,-2.0788060729798379,0.049988714685976654
6,0,0.10000000000000001,0.20000000000000001,1,2,1.732662297292914,2.9479894449699948,0.58774372487977122,5.3673714172034197,-1.8918115410415843,0.046642420355300612
6,0,0.10000000000000001,0.20000000000000001,1,3,2.0465776850124198,2.9460104547395898,0.69469464431799699,5.3739513527783744,-1.7752705787693959,0.046515734203834827
6,0,0.10000000000000001,0.20000000000000001,1,4,2.0067381025706146,2.6970306767388625,0.7440546078612198,5.5054208494828512,-2.015245780416695,0.049227240223556484
6,0,0.10000000000000001,0.20000000000000001,1,5,1.4958133794892992,2.4524805721057916,0.60991854390305644,5.2937664638524975,-1.8498838694057407,0.046814747811807438
6,0,0.10000000000000001,0.20000000000000001,1,6,1.9752097150304424,3.35436116123714,0.5888482545814937,5.477767930039728,-2.0438729690990978,0.048640778466592698
6,0,0.10000000000000001,0.20000000000000001,1,7,2.0244613463693617,2.9348491047109588,0.68980082932363995,5.7773451922147796,-2.1869369925881341,0.046883033682418362
6,0,0.10000000000000001,0.20000000000000001,1,8,1.6776125930721186,2.5784185926049306,0.65063624575296608,5.3306954409991949,-1.8940130936713817,0.052290223451489766
6,0,0.10000000000000001,0.20000000000000001,2,1,2.4175506989837161,2.9340023139149407,0.82397709351424975,5.9471429255830355,-2.2848659291847939,0.11486771127025078
6,0,0.10000000000000001,0.20000000000000001,2,2,2.3602909097915372,2.8636568367163169,0.82422267903371527,5.8659687068054422,-2.1070106795685279,0.12446662214241022
6,0,0.10000000000000001,0.20000000000000001,2,3,2.5228603151676996,2.9818756871739196,0.84606488661462176,5.8276830483007043,-1.9046806026289953,0.10383491642370599
6,0,0.10000000000000001,0.20000000000000001,2,4,2.1857954122695271,2.9034877305809452,0.75281716855479242,5.9581219449317606,-2.1438108110201131,0.10841331740743197
6,0,0.10000000000000001,0.20000000000000001,2,5,1.8952995004741557,2.7376267197626061,0.69231480201161499,5.7856300853533202,-2.0419767769344181,0.10725237026194138
6,0,0.10000000000000001,0.20000000000000001,2,6,2.8107007432963846,3.0050903833199243,0.93531321350515106,5.9624601404629241,-2.2799352172974587,0.11651240931577861
6,0,0.10000000000000001,0.20000000000000001,2,7,2.4138781776199845,2.7640374475770653,0.87331601810821058,6.2930153304590899,-2.4487926786638838,0.096909386766474273
6,0,0.10000000000000001,0.20000000000000001,2,8,2.4721673254464265,2.869709090090232,0.86146966394028968,5.7784850387203894,-2.0597125729618182,0.14181274130533647
6,1,0.050000000000000003,0.10000000000000001,1,1,0.24600617202893293,2.7489431213151438,0.089491183037370067,1.2540480210991076,-0.53127295806969743,0.017604616898726895
6,1,0.050000000000000003,0.10000000000000001,1,2,0.22182590201605565,2.9399048057447232,0.075453430186785839,1.2781429241568485,-0.48879698316479264,0.017324996915017397
6,1,0.050000000000000003,0.10000000000000001,1,3,0.27153938452497645,2.9209771850961568,0.092961830003488205,1.2571575731574689,-0.48682317045597706,0.016057622120461142
6,1,0.050000000000000003,0.10000000000000001,1,4,0.25203098228480519,2.6918003567428781,0.093629151082276679,1.2777362144081064,-0.4817466729602542,0.018725447743184236
6,1,0.050000000000000003,0.10000000000000001,1,5,0.23696481569729907,2.4484071170887201,0.096783257181126903,1.2477964091619453,-0.44058158590142593,0.018267687027288884
6,1,0.050000000000000003,0.10000000000000001,1,6,0.25471084312174919,3.3419881045827187,0.076215364971669294,1.281254813709557,-0.51663024160533078,0.017124221274548587
6,1,0.050000000000000003,0.10000000000000001,1,7,0.25478340296470914,2.9258108440643644,0.087081296961350724,1.3016070524922532,-0.56698964924936379,0.016535283027157045
6,1,0.050000000000000003,0.10000000000000001,1,8,0.24796957876954626,2.5647338264857136,0.09668433277901696,1.2528472757984139,-0.46368679809872165,0.020071287530352418
6,1,0.050000000000000003,0.10000000000000001,2,1,0.26407059694216312,2.9217649672385755,0.090380506270407529,1.3037712744286971,-0.59575718580547599,0.028334889561610829
6,1,0.050000000000000003,0.10000000000000001,2,2,0.2499216392769868,2.8574768002056983,0.087462351141047209,1.3259253343736823,-0.54766261083793155,0.025277091085116079
6,1,0.050000000000000003,0.10000000000000001,2,3,0.28394906291978056,2.9623160914343067,0.09585373544060144,1.3069118517829688,-0.52759452503178961,0.023800758611082079
6,1,0.050000000000000003,0.10000000000000001,2,4,0.26042047843766702,2.8925124829687077,0.090032620419458476,1.3250971672237866,-0.50649410230726111,0.028644680300116427
6,1,0.050000000000000003,0.10000000000000001,2,5,0.25984956455567781,2.7440459963805099,0.094695775835546572,1.288364138529462,-0.4896334980047195,0.025517681790949875
6,1,0.050000000000000003,0.10000000000000001,2,6,0.27211010767381866,2.990463806402504,0.090992610273776961,1.3281805396020832,-0.56800610472108326,0.02721923738948474
6,1,0.050000000000000003,0.10000000000000001,2,7,0.25631422817254651,2.7620893114599534,0.092797226762036486,1.3507939752323934,-0.63481369007547472,0.024394820282304826
6,1,0.050000000000000003,0.10000000000000001,2,8,0.27950043632124472,2.8566623146804218,0.0978416086790828,1.291655520337571,-0.47941738828388497,0.0330225786964395
6,1,0.10000000000000001,0.10000000000000001,1,1,0.24546606186293266,2.7653494175582987,0.08876493520289748,1.2545845635566961,-0.091564374680473903,0.017599496193367786
6,1,0.10000000000000001,0.10000000000000001,1,2,0.22189616747215976,2.9479894449699948,0.075270339875459849,1.2780082039993257,-0.039594210567197766,0.01732735805418294
6,1,0.10000000000000001,0.10000000000000001,1,3,0.27134834902930788,2.9460104547395898,0.092107055693831028,1.2572134849910517,-0.044897212665341274,0.016058595926779707
6,1,0.10000000000000001,0.10000000000000001,1,4,0.251151231662532,2.6970306767388625,0.093121384872868279,1.2781033187795856,-0.045349965424234161,0.018721683049405028
6,1,0.10000000000000001,0.10000000000000001,1,5,0.23676797029126792,2.4524805721057916,0.096542240939331919,1.2479181430555357,-0.032664174141319544,0.018267320724779053
6,1,0.10000000000000001,0.10000000000000001,1,6,0.25541440692955814,3.35436116123714,0.076143979330883196,1.2813937043523207,-0.077048303615040989,0.017139888965605345
6,1,0.10000000000000001,0.10000000000000001,1,7,0.25555267737621168,2.9348491047109588,0.087075235645336521,1.3026437417815699,-0.13035226926134225,0.016521442052372059
6,1,0.10000000000000001,0.10000000000000001,1,8,0.24751652436454361,2.5784185926049306,0.09599547764448986,1.2526849611108248,-0.037322069179007655,0.020075829629768657
6,1,0.10000000000000001,0.10000000000000001,2,1,0.26314459918203087,2.9340023139149407,0.089687931714991703,1.304377921100291,-0.12885190592159473,0.028328517184473895
6,1,0.10000000000000001,0.10000000000000001,2,2,0.24981971967273367,2.8636568367163169,0.087238008573400028,1.325699385994733,-0.079891438247504803,0.025366369013329282
6,1,0.10000000000000001,0.10000000000000001,2,3,0.28385175206141927,2.9818756871739196,0.095192349326420275,1.3068258403953223,-0.078635306049013032,0.023808181457502808
6,1,0.10000000000000001,0.10000000000000001,2,4,0.26004698535994752,2.9034877305809452,0.089563659119687736,1.3255506570912761,-0.066856257970352995,0.028578196751067306
6,1,0.10000000000000001,0.10000000000000001,2,5,0.25945222890654956,2.7376267197626061,0.094772682861982011,1.2886108945926682,-0.058972947229339955,0.025475392673602291
6,1,0.10000000000000001,0.10000000000000001,2,6,0.27265016126785641,3.0050903833199243,0.090729437883542638,1.3282488052214778,-0.11101201248785575,0.027270804077813862
6,1,0.10000000000000001,0.10000000000000001,2,7,0.2565841391233335,2.7640374475770653,0.092829472823623735,1.3517729821767526,-0.1707454710610424,0.02443349916718893
6,1,0.10000000000000001,0.10000000000000001,2,8,0.2793067498547076,2.869709090090232,0.097329290560920725,1.2918536983112539,-0.049121908137458169,0.033138276584494655
6,1,0.20000000000000001,0.10000000000000001,1,1,0.24452360484158961,2.8150641565937038,0.086862533583415419,1.2563923506648949,0.35451259583704237,0.017588243894205595
6,1,0.20000000000000001,0.10000000000000001,1,2,0.22216974831056349,2.9813209275594907,0.074520574506694137,1.278544617371888,0.39298201707307356,0.017332474771661614
6,1,0.20000000000000001,0.10000000000000001,1,3,0.27103893484003455,3.0104141743053545,0.090033769158217605,1.2580901130365074,0.39084540416170171,0.01606067351989483
6,1,0.20000000000000001,0.10000000000000001,1,4,0.24954306727566083,2.7239731086389738,0.091609959909018476,1.2795899984823751,0.38819937627885442,0.018714220038209075
6,1,0.20000000000000001,0.10000000000000001,1,5,0.23643620006278265,2.4783483951369822,0.095400711428109949,1.2488953704100731,0.39144423645389326,0.018266648471616635
6,1,0.20000000000000001,0.10000000000000001,1,6,0.2569673457837261,3.3962786569733603,0.075661443520281119,1.282502281538962,0.37262348369918391,0.017170770923738733
6,1,0.20000000000000001,0.10000000000000001,1,7,0.25708556574454788,2.9694070469885174,0.086578081642688987,1.3054733402179199,0.33176595215052723,0.016494931274950931
6,1,0.20000000000000001,0.10000000000000001,1,8,0.24684419118599024,2.6243335607173601,0.094059762402503258,1.2532933094178307,0.39583610551594606,0.0200853635095261
6,1,0.20000000000000001,0.10000000000000001,2,1,0.26143099756341542,2.9745887543036367,0.087888114679777807,1.3066181529464813,0.33138230787068756,0.028332226387140887
6,1,0.20000000000000001,0.10000000000000001,2,2,0.24972405045873489,2.8937300862055606,0.086298321895733068,1.3263674932469562,0.37634408473276088,0.025565462890634622
6,1,0.20000000000000001,0.10000000000000001,2,3,0.2837800097009105,3.0354556040887477,0.093488440192852712,1.3076465778263666,0.37315013869491431,0.023847362404028592
6,1,0.20000000000000001,0.10000000000000001,2,4,0.25950735263587438,2.9406037612268765,0.088249683979048879,1.3274259043788483,0.37666990549963292,0.028460630017964467
6,1,0.20000000000000001,0.10000000000000001,2,5,0.2587742659632723,2.7407747134343388,0.094416467247325914,1.2901058205018303,0.37562586520643193,0.025407826249091336
6,1,0.20000000000000001,0.10000000000000001,2,6,0.27385514208237438,3.0533945665550646,0.089688750049537927,1.3293489659605329,0.35503607813145049,0.0273947415508266
6,1,0.20000000000000001,0.10000000000000001,2,7,0.25730168710389889,2.7855938154706879,0.092368702742981229,1.3547314462120061,0.30807504346742975,0.024516992168549832
6,1,0.20000000000000001,0.10000000000000001,2,8,0.27910102403925346,2.9125195532878565,0.095828034432999643,1.2934702418505855,0.38585559457209578,0.033383687487539261
6,1,0.10000000000000001,0.050000000000000003,1,1,0.14171135179116576,2.7653494175582987,0.051245369171571686,0.62820032734386333,0.34027974630086472,0.0087962193617477282
6,1,0.10000000000000001,0.050000000000000003,1,2,0.12178669315591814,2.9479894449699948,0.041311780598033213,0.6392764504520132,0.38110718892118917,0.0086798895497538688
6,1,0.10000000000000001,0.050000000000000003,1,3,0.15295495358800562,2.9460104547395898,0.051919351929633921,0.62904506595712517,0.38188997697258692,0.0080386522094799354
6,1,0.10000000000000001,0.050000000000000003,1,4,0.14632743216343877,2.6970306767388625,0.054255012160399976,0.63979410789261226,0.37991673762192252,0.0093574228315981157
6,1,0.10000000000000001,0.050000000000000003,1,5,0.13117113332066255,2.4524805721057916,0.053485085595615586,0.62444768520503635,0.38299874407073276,0.00911630918529493
6,1,0.10000000000000001,0.050000000000000003,1,6,0.14266613380583973,3.35436116123714,0.042531536393422303,0.64082492015347992,0.36320399676441512,0.0085818852991713795
6,1,0.10000000000000001,0.050000000000000003,1,7,0.15727543219763648,2.9348491047109588,0.053588933054575523,0.65375047885813209,0.31191367255028274,0.0082227375469301634
6,1,0.10000000000000001,0.050000000000000003,1,8,0.13444335542091837,2.5784185926049306,0.052141787918575558,0.62671925005413798,0.38243449086102782,0.010047324175188683
6,1,0.10000000000000001,0.050000000000000003,2,1,0.15896670610928668,2.9340023139149407,0.054180838697830441,0.653309898508597,0.31249629161749543,0.014125182741700019
6,1,0.10000000000000001,0.050000000000000003,2,2,0.1509171309158607,2.8636568367163169,0.052700843544128552,0.66318374662347779,0.36205731019288162,0.012819702053096285
6,1,0.10000000000000001,0.050000000000000003,2,3,0.1681335444613106,2.9818756871739196,0.056385162260288453,0.65382333802360393,0.36710664550205746,0.011957399846213121
6,1,0.10000000000000001,0.050000000000000003,2,4,0.15429938785442215,2.9034877305809452,0.053142772476448219,0.66372408716710585,0.36889313658918638,0.014232247451949401
6,1,0.10000000000000001,0.050000000000000003,2,5,0.15182316512402116,2.7376267197626061,0.055457949773805006,0.64505342114881092,0.36261461451287152,0.012670578624704464
6,1,0.10000000000000001,0.050000000000000003,2,6,0.1730640709030439,3.0050903833199243,0.057590304725493299,0.66467448298026632,0.34694537653237556,0.013693351023228353
6,1,0.10000000000000001,0.050000000000000003,2,7,0.15305806912136299,2.7640374475770653,0.05537481746332075,0.67733873325106686,0.28727861933264048,0.012305510291878548
6,1,0.10000000000000001,0.050000000000000003,2,8,0.17007700127866482,2.869709090090232,0.059266286560536736,0.6467510272113729,0.37501973687524409,0.016698148935121927
6,1,0.10000000000000001,0.20000000000000001,1,1,0.47540545795608052,2.7653494175582987,0.1719151492891072,2.507712483519954,-0.5158063368537249,0.035162021208693321
6,1,0.10000000000000001,0.20000000000000001,1,2,0.43269620508420914,2.9479894449699948,0.14677671449010674,2.5526343759937982,-0.47243783623785524,0.034567979988659889
6,1,0.10000000000000001,0.20000000000000001,1,3,0.52328579433193634,2.9460104547395898,0.17762523330155383,2.5142966153012112,-0.47172985553610275,0.032087882319061345
6,1,0.10000000000000001,0.20000000000000001,1,4,0.47639841865753302,2.6970306767388625,0.17663811641681962,2.5551233140557366,-0.46633178735994463,0.037426700504772953
6,1,0.10000000000000001,0.20000000000000001,1,5,0.45889834058414725,2.4524805721057916,0.18711599423196243,2.4955370614062282,-0.42968850449405432,0.036611181751173359
6,1,0.10000000000000001,0.20000000000000001,1,6,0.50396037573675401,3.35436116123714,0.15024034428984553,2.5630195470197203,-0.49889037226760546,0.034201770115726074
6,1,0.10000000000000001,0.20000000000000001,1,7,0.46527358521798506,2.9348491047109588,0.15853407402484085,2.5987349376186653,-0.56048718069241232,0.033233802661031139
6,1,0.10000000000000001,0.20000000000000001,1,8,0.48632319675757774,2.5784185926049306,0.18861297314267891,2.5027361787140281,-0.44954988355465658,0.04007925515094074
6,1,0.10000000000000001,0.20000000000000001,2,1,0.49253132885674883,2.9340023139149407,0.167870122842387,2.604940442695304,-0.5659594597349914,0.056947963058058861
6,1,0.10000000000000001,0.20000000000000001,2,2,0.47335808300103349,2.8636568367163169,0.16529846625890457,2.6513919835501509,-0.5218231002671011,0.050285085430514791
6,1,0.10000000000000001,0.20000000000000001,2,3,0.53963960359274055,2.9818756871739196,0.18097320619833934,2.6137454640901008,-0.51111133250433627,0.047362353369572348
6,1,0.10000000000000001,0.20000000000000001,2,4,0.48770862760877165,2.9034877305809452,0.16797337301342352,2.6489711918815666,-0.49631376581618919,0.057181542782872422
6,1,0.10000000000000001,0.20000000000000001,2,5,0.48853084374640821,2.7376267197626061,0.17845049517516809,2.5765957557605081,-0.47049172590555077,0.051282311718920816
6,1,0.10000000000000001,0.20000000000000001,2,6,0.49926908032617517,3.0050903833199243,0.16614111944766174,2.6562474829596003,-0.55159838036853326,0.0544205681586254
6,1,0.10000000000000001,0.20000000000000001,2,7,0.48598591493536875,2.7640374475770653,0.17582464932281594,2.7017702751644985,-0.61618818675898657,0.048501364540911321
6,1,0.10000000000000001,0.20000000000000001,2,8,0.52224198644169506,2.869709090090232,0.18198429528801968,2.5839564403974027,-0.4685196276354136,0.065852097264482601
7,0,0.050000000000000003,0.10000000000000001,1,1,1.726780978283359,2.6108282044561268,0.66139203465632557,2.9669286997534159,-2.3002821244016141,0.022250459301049928
7,0,0.050000000000000003,0.10000000000000001,1,2,2.2897206883631434,2.9893228210626757,0.76596634937847552,2.8265079503084465,-1.9299964094742246,0.034695659748016652
7,0,0.050000000000000003,0.10000000000000001,1,3,2.2862325528331433,3.0787551824720438,0.74258342002933941,2.954575182173321,-2.2754124902750719,0.034896241018071018
7,0,0.050000000000000003,0.10000000000000001,1,4,1.5366228747460862,2.6932026633574706,0.57055597621846299,3.0039419646585457,-2.3324810934328588,0.02863921551245802
7,0,0.050000000000000003,0.10000000000000001,1,5,1.5813443977415096,2.4021204841036008,0.65831185746356091,2.9352451538307185,-2.208406269070609,0.0237991800544286
7,0,0.050000000000000003,0.10000000000000001,1,6,2.0512010642594278,3.2301163464876743,0.63502389518874103,2.9300472845823506,-2.1493546985015572,0.020322883367165416
7,0,0.050000000000000003,0.10000000000000001,1,7,2.521936734999346,3.0354300582838136,0.83083341950735345,2.9512186927811377,-2.2228696401294621,0.023660830532008192
7,0,0.050000000000000003,0.10000000000000001,1,8,1.9380965949917306,2.4590957998587268,0.78813383159089323,2.9344146502945754,-2.1971805121102563,0.026738524233376505
7,0,0.050000000000000003,0.10000000000000001,2,1,2.7654876005088838,2.8634536627239293,0.96578744629593449,3.3229176251795129,-2.6437495980725472,0.052388500945117884
7,0,0.050000000000000003,0.10000000000000001,2,2,2.4631147403709255,2.8236020910625128,0.87233068291292526,3.1557343472655783,-2.1868464157982008,0.078114913560366872
7,0,0.050000000000000003,0.10000000000000001,2,3,2.2413252382625029,2.9387911442093677,0.76266911402630266,3.2438952909496113,-2.4917640776655827,0.079662616731585506
7,0,0.050000000000000003,0.10000000000000001,2,4,1.9098587928362194,2.8410380767479211,0.67223977336565521,3.3149151484044133,-2.5408176471001167,0.072304219707059705
7,0,0.050000000000000003,0.10000000000000001,2,5,2.0693908965707832,2.7851970649543549,0.74299622192252213,3.2607357051891701,-2.5363726325122053,0.06289824109879967
7,0,0.050000000000000003,0.10000000000000001,2,6,2.5296296892288992,2.8913666417165915,0.87489066683257755,3.291741477286688,-2.5072283449475079,0.058103780262527681
7,0,0.050000000000000003,0.10000000000000001,2,7,2.1730141713377882,3.0000998542372774,0.72431394850697017,3.205737739992633,-2.3201406192272658,0.062225725623729147
7,0,0.050000000000000003,0.10000000000000001,2,8,2.2661453304106502,2.7942659390090769,0.81099844462703052,3.2518739563699834,-2.4671101814377501,0.064602670710126986
7,0,0.10000000000000001,0.10000000000000001,1,1,1.7392677524520381,2.6120984673860046,0.66585076105211649,3.0576902260646452,-1.3877341385927739,0.022176480232610808
7,0,0.10000000000000001,0.10000000000000001,1,2,2.3141159956070592,2.9962250640421293,0.77234384805697653,2.93645999085002,-1.1404209551024784,0.034738786795989088
7,0,0.10000000000000001,0.10000000000000001,1,3,2.310723042719995,3.0902052263523614,0.74775714668230719,3.0354726931329443,-1.3098344328504854,0.035094289936420352
7,0,0.10000000000000001,0.10000000000000001,1,4,1.5329625094006938,2.6886656053545752,0.57015736964379027,3.1116040030680909,-1.3695377101715156,0.02869312497843135
7,0,0.10000000000000001,0.10000000000000001,1,5,1.5723767927950867,2.4030594885078069,0.65432287478303863,3.0423362170011568,-1.3561917843696143,0.023755941066508707
7,0,0.10000000000000001,0.10000000000000001,1,6,2.0298469328394715,3.2260847923726779,0.62919825840863497,3.0216503492494358,-1.340033472298064,0.020295057603132442
7,0,0.10000000000000001,0.10000000000000001,1,7,2.5563840390357688,3.0443924492441603,0.8397025290449821,3.0522601818356478,-1.3086649052973638,0.023774186317536632
7,0,0.10000000000000001,0.10000000000000001,1,8,1.9578207002430466,2.4774805669209869,0.79024664265125855,3.0143666695600078,-1.2692570389108386,0.026803655922554417
7,0,0.10000000000000001,0.10000000000000001,2,1,2.762920108808645,2.8723893293991756,0.9618891424396746,3.4392100845937126,-1.6270365591333507,0.052019767737608448
7,0,0.10000000000000001,0.10000000000000001,2,2,2.4639850672075725,2.8268880360280946,0.87162456942213484,3.2916805739731774,-1.3334432503216078,0.077091466909836731
7,0,0.10000000000000001,0.10000000000000001,2,3,2.263523842429314,2.9404849934843065,0.76977908319374477,3.3417674445401131,-1.4623737469915372,0.084551301096924797
7,0,0.10000000000000001,0.10000000000000001,2,4,1.9083776932232441,2.8374364549747355,0.672571077275539,3.4494584621265592,-1.5260502983659852,0.072968547603852602
7,0,0.10000000000000001,0.10000000000000001,2,5,2.0899703326029275,2.7908999519369559,0.74885175699416762,3.4039866691812293,-1.6215000171804457,0.064558624350404187
7,0,0.10000000000000001,0.10000000000000001,2,6,2.5092476320504664,2.890079814314463,0.86822779759308089,3.4026502745184435,-1.555424020105747,0.057256479597331558
7,0,0.10000000000000001,0.10000000000000001,2,7,2.19338604379486,3.0036814010129773,0.73023258826823345,3.3237049292588146,-1.3891481044885523,0.063589726322395859
7,0,0.10000000000000001,0.10000000000000001,2,8,2.2960462124267491,2.7919145560744272,0.82239128967295694,3.3541930073336657,-1.4841935982354615,0.066515140350151894
7,0,0.20000000000000001,0.10000000000000001,1,1,1.7756630033596039,2.6300303461120822,0.67514924532506959,3.3983997821175191,-0.59398133577053913,0.02220897073990729
7,0,0.20000000000000001,0.10000000000000001,1,2,2.3743812755763001,3.0272123604451791,0.78434579172606367,3.3164657126556634,-0.46281126999165045,0.034876306216714038
7,0,0.20000000000000001,0.10000000000000001,1,3,2.3673567736686492,3.1310074213941017,0.7561006586865795,3.3618698063729648,-0.51596671752157763,0.035676280984197055
7,0,0.20000000000000001,0.10000000000000001,1,4,1.5370220559082259,2.6990708783626736,0.56946339135807478,3.4830718032087051,-0.55823704365559823,0.028812856747190294
7,0,0.20000000000000001,0.10000000000000001,1,5,1.5640100180189078,2.4245787099379519,0.64506465045176153,3.4130679877209755,-0.61666391793706343,0.023797911995354949
7,0,0.20000000000000001,0.10000000000000001,1,6,2.000199742233371,3.2348928979181899,0.61832023666706137,3.3618767866463148,-0.58515270998849456,0.020325722349041155
7,0,0.20000000000000001,0.10000000000000001,1,7,2.6472640634742062,3.0765993122076063,0.8604513603608227,3.4259983665858837,-0.53815951825154618,0.023940297407539741
7,0,0.20000000000000001,0.10000000000000001,1,8,2.0103920201838839,2.5359008333651065,0.79277233310267914,3.3431010645925614,-0.49685201050671485,0.026909721969927042
7,0,0.20000000000000001,0.10000000000000001,2,1,2.7672774515346314,2.9041108552672834,0.95288285793757743,3.8694240832324751,-0.75622215968780149,0.056792922341878237
7,0,0.20000000000000001,0.10000000000000001,2,2,2.4746379187990351,2.8517456051535617,0.86776250810274502,3.7652778289276414,-0.60188254912339445,0.076569315030749013
7,0,0.20000000000000001,0.10000000000000001,2,3,2.3219862037349563,2.962927371578306,0.78367975739414431,3.7410250281883459,-0.63848590471823596,0.096991806327408031
7,0,0.20000000000000001,0.10000000000000001,2,4,1.9141528853090135,2.848690711011407,0.6719412809224935,3.9141429472406277,-0.68873467156107526,0.075749838709234643
7,0,0.20000000000000001,0.10000000000000001,2,5,2.1403784105780659,2.8191461631080452,0.7592293150981384,3.8812933049191498,-0.80658146990523572,0.070977717651318356
7,0,0.20000000000000001,0.10000000000000001,2,6,2.4637215128675636,2.9063117361393482,0.84771412585639994,3.8211801379272088,-0.71085516120405856,0.058872957155906361
7,0,0.20000000000000001,0.10000000000000001,2,7,2.2493519889230562,3.0254365066684641,0.74348015037340409,3.7612006355345127,-0.60614065896323466,0.069082827507277678
7,0,0.20000000000000001,0.10000000000000001,2,8,2.3631452812599876,2.807113081701972,0.84184185406139611,3.749203755383292,-0.64016661362275673,0.071984765071235746
7,0,0.10000000000000001,0.050000000000000003,1,1,1.7114897523177197,2.6120984673860046,0.6552163992617217,1.6997288974279117,-0.6561080055759464,0.010995287766863855
7,0,0.10000000000000001,0.050000000000000003,1,2,2.1757112253744277,2.9962250640421293,0.7261507993792804,1.660542414459492,-0.52741530958813598,0.017280546128155227
7,0,0.10000000000000001,0.050000000000000003,1,3,2.3110426529045194,3.0902052263523614,0.74786057352975366,1.6823480495061349,-0.5664590881524697,0.017554894796782468
7,0,0.10000000000000001,0.050000000000000003,1,4,1.5326614518407891,2.6886656053545752,0.57004539679030297,1.747909262935301,-0.62106387595893253,0.014318068374409956
7,0,0.10000000000000001,0.050000000000000003,1,5,1.515142449216371,2.4030594885078069,0.63050559358279024,1.703542489421493,-0.64805957506488754,0.011832500633407142
7,0,0.10000000000000001,0.050000000000000003,1,6,1.9900470484417359,3.2260847923726779,0.61686135874256498,1.6884706527120954,-0.67202024425070572,0.01002303009770494
7,0,0.10000000000000001,0.050000000000000003,1,7,2.4962541820325952,3.0443924492441603,0.81995150876568068,1.7170287861364837,-0.60246121804499719,0.011567390892359922
7,0,0.10000000000000001,0.050000000000000003,1,8,1.8688136349907487,2.4774805669209869,0.75432019929557326,1.682723424831573,-0.57618016911523651,0.013245772738525275
7,0,0.10000000000000001,0.050000000000000003,2,1,2.776524145352862,2.8723893293991756,0.96662528193336317,1.9410999138895633,-0.85231867778176651,0.028364659454342876
7,0,0.10000000000000001,0.050000000000000003,2,2,2.4227181918920109,2.8268880360280946,0.85702658223989636,1.8892255771171242,-0.66228358191741921,0.039028337827906996
7,0,0.10000000000000001,0.050000000000000003,2,3,2.2128100255867276,2.9404849934843065,0.75253233071755088,1.8766540915437251,-0.70604150189968273,0.047149904839853318
7,0,0.10000000000000001,0.050000000000000003,2,4,1.8870071606042542,2.8374364549747355,0.66503944336651444,1.9691989699592436,-0.75175662510745278,0.038369892737145528
7,0,0.10000000000000001,0.050000000000000003,2,5,2.0698057521483877,2.7908999519369559,0.74162663936121731,1.9390421163726539,-0.86063474184787614,0.035889026706493375
7,0,0.10000000000000001,0.050000000000000003,2,6,2.4511013298148554,2.890079814314463,0.84810852547207771,1.9198722513322706,-0.83549468881811506,0.029831812746518065
7,0,0.10000000000000001,0.050000000000000003,2,7,2.1286983861023443,3.0036814010129773,0.70869646340802017,1.8967543242246296,-0.6816259278010941,0.035746501479862428
7,0,0.10000000000000001,0.050000000000000003,2,8,2.2015312806096627,2.7919145560744272,0.78853820071955461,1.9053032582651315,-0.73909045881726654,0.037049241365532185
7,0,0.10000000000000001,0.20000000000000001,1,1,1.9028244264514194,2.6120984673860046,0.72846581023250079,5.8971094532619359,-2.1084119108809269,0.046721555519412997
7,0,0.10000000000000001,0.20000000000000001,1,2,2.7193626714024353,2.9962250640421293,0.90759626305702612,5.5557658719077283,-1.7595710440038299,0.068634083212599603
7,0,0.10000000000000001,0.20000000000000001,1,3,2.3649957984715129,3.0902052263523614,0.76531997884914704,5.8312514768359502,-2.0261269835849789,0.07172448333984642
7,0,0.10000000000000001,0.20000000000000001,1,4,1.6215693210676276,2.6886656053545752,0.60311305274936888,5.9141156761183158,-2.1374697010438251,0.055800394555553384
7,0,0.10000000000000001,0.20000000000000001,1,5,1.8006924658176418,2.4030594885078069,0.74933328718207959,5.8374697498249057,-2.0954688290955192,0.048699852458023246
7,0,0.10000000000000001,0.20000000000000001,1,6,2.1908551133771899,3.2260847923726779,0.67910648801201812,5.7585774360769593,-1.9926534710996131,0.038954129878142695
7,0,0.10000000000000001,0.20000000000000001,1,7,2.7182617481376941,3.0443924492441603,0.89287494745053797,5.8059878787973105,-1.9961573954345384,0.047580167361180981
7,0,0.10000000000000001,0.20000000000000001,1,8,2.225271294395375,2.4774805669209869,0.89819929330906612,5.7451852901007534,-2.0102648696276382,0.0523815994741419
7,0,0.10000000000000001,0.20000000000000001,2,1,2.8343022700744194,2.8723893293991756,0.98674028658478452,6.5637795792218565,-2.420096230106648,0.10300265871215554
7,0,0.10000000000000001,0.20000000000000001,2,2,2.6063752505424129,2.8268880360280946,0.92199451033246016,6.1722711517262585,-1.9525542994106349,0.14610602421698074
7,0,0.10000000000000001,0.20000000000000001,2,3,2.4607911035960766,2.9404849934843065,0.83686572420836602,6.3568821126434019,-2.2174602736846674,0.15939182967254861
7,0,0.10000000000000001,0.20000000000000001,2,4,2.0064115097382031,2.8374364549747355,0.70712121366470149,6.4848069883420676,-2.3140642991942317,0.13262416535815916
7,0,0.10000000000000001,0.20000000000000001,2,5,2.1857949922366777,2.7908999519369559,0.78318643802321908,6.4464427441790697,-2.3684063210477659,0.1209806907243727
7,0,0.10000000000000001,0.20000000000000001,2,6,2.6478690709819208,2.890079814314463,0.91619236875989341,6.4037744562258885,-2.163175469069861,0.10736021693616352
7,0,0.10000000000000001,0.20000000000000001,2,7,2.3850948664765936,3.0036814010129773,0.79405720782245137,6.2387379018702269,-2.0789890509530271,0.11527730979546352
7,0,0.10000000000000001,0.20000000000000001,2,8,2.553507608558653,2.7919145560744272,0.91460807889085749,6.3192468150822032,-2.1997027191508254,0.11566098101829352
7,1,0.050000000000000003,0.10000000000000001,1,1,0.29849168438085572,2.6108282044561268,0.11432835139110037,1.3655923306047226,-0.59025243424716545,0.016621163426447639
7,1,0.050000000000000003,0.10000000000000001,1,2,0.30982485853570396,2.9893228210626757,0.10364382740889931,1.3325298181347849,-0.45297863971128516,0.025489583596390433
7,1,0.050000000000000003,0.10000000000000001,1,3,0.27706636729921758,3.0787551824720438,0.08999298446223028,1.3957129658047365,-0.61201099935623349,0.026754493809698437
7,1,0.050000000000000003,0.10000000000000001,1,4,0.26159720088311572,2.6932026633574706,0.097132386077844066,1.3699782887895759,-0.59421337958861231,0.021224719216295217
7,1,0.050000000000000003,0.10000000000000001,1,5,0.23877426287730735,2.4021204841036008,0.099401451533106894,1.3719553489592751,-0.58550220404065334,0.016996398383746687
7,1,0.050000000000000003,0.10000000000000001,1,6,0.29451455611965327,3.2301163464876743,0.09117769285304507,1.3567530164225607,-0.51617423977515253,0.015721727938492153
7,1,0.050000000000000003,0.10000000000000001,1,7,0.29439136259864029,3.0354300582838136,0.096985058771238739,1.3717560027808828,-0.54338382035486532,0.015915506920830345
7,1,0.050000000000000003,0.10000000000000001,1,8,0.26856707218615916,2.4590957998587268,0.1092137492982535,1.3695834984611435,-0.57199111020233717,0.019685903587894089
7,1,0.050000000000000003,0.10000000000000001,2,1,0.32262838765200103,2.8634536627239293,0.1126710698524428,1.4366460860173837,-0.65821080583753855,0.025369359228042856
7,1,0.050000000000000003,0.10000000000000001,2,2,0.30965871065237482,2.8236020910625128,0.10966797043837406,1.3970124771178505,-0.50559570767106521,0.039145736209028809
7,1,0.050000000000000003,0.10000000000000001,2,3,0.29971533080027524,2.9387911442093677,0.10198592417526445,1.4582172659143249,-0.6605032272370468,0.036717361266321413
7,1,0.050000000000000003,0.10000000000000001,2,4,0.30371793996095453,2.8410380767479211,0.10690386110861785,1.4359442779693699,-0.64862651595455501,0.034412743101774355
7,1,0.050000000000000003,0.10000000000000001,2,5,0.27129142403069567,2.7851970649543549,0.097404750078300725,1.4333011169728074,-0.67176402042374017,0.027787308390318861
7,1,0.050000000000000003,0.10000000000000001,2,6,0.34010158083391601,2.8913666417165915,0.11762658388837163,1.428656030877973,-0.59338784888206242,0.024361579668881677
7,1,0.050000000000000003,0.10000000000000001,2,7,0.29070040071712067,3.0000998542372774,0.096896908383413166,1.4267111433551745,-0.59550816306978505,0.027789888683210421
7,1,0.050000000000000003,0.10000000000000001,2,8,0.28647560056286564,2.7942659390090769,0.10252266849892523,1.4296995800155812,-0.61646112362360295,0.030242053424295045
7,1,0.10000000000000001,0.10000000000000001,1,1,0.2987204206329323,2.6120984673860046,0.11436032154326466,1.3664017017359513,-0.13887256669465106,0.016612094718951358
7,1,0.10000000000000001,0.10000000000000001,1,2,0.31068857183501608,2.9962250640421293,0.10369333584569719,1.3341442883558863,-0.042695096124457287,0.025488449337607202
7,1,0.10000000000000001,0.10000000000000001,1,3,0.27821223102536841,3.0902052263523614,0.09003034123845767,1.3960606110966445,-0.1365476532300616,0.026762948609311752
7,1,0.10000000000000001,0.10000000000000001,1,4,0.26259459270689073,2.6886656053545752,0.097667256271633057,1.3715952208773492,-0.10316725000267231,0.021225549442008086
7,1,0.10000000000000001,0.10000000000000001,1,5,0.23795199513880977,2.4030594885078069,0.099020434690348588,1.3732904687505223,-0.15007392912760983,0.016992322972324413
7,1,0.10000000000000001,0.10000000000000001,1,6,0.29307578421779074,3.2260847923726779,0.090845654432487266,1.357953978972124,-0.094399850332801252,0.015718613390435648
7,1,0.10000000000000001,0.10000000000000001,1,7,0.29558725559782723,3.0443924492441603,0.097092362606277488,1.3723852796915703,-0.079858424152265947,0.015917049793778618
7,1,0.10000000000000001,0.10000000000000001,1,8,0.26947629255912914,2.4774805669209869,0.1087702951769403,1.3692511161048755,-0.088868346065727785,0.019684241042415819
7,1,0.10000000000000001,0.10000000000000001,2,1,0.3224593129896397,2.8723893293991756,0.11226170132622282,1.4378096273944723,-0.18769383583707278,0.025198561579484614
7,1,0.10000000000000001,0.10000000000000001,2,2,0.30986333761815132,2.8268880360280946,0.10961287948762319,1.398763607306529,-0.075620183954680328,0.039056514078757508
7,1,0.10000000000000001,0.10000000000000001,2,3,0.30142405321840671,2.9404849934843065,0.10250827801751046,1.4586563432229278,-0.17456168298380917,0.036957092700774588
7,1,0.10000000000000001,0.10000000000000001,2,4,0.3046792175147634,2.8374364549747355,0.10737834039616449,1.4380181569634756,-0.1412418565858205,0.034415538356054196
7,1,0.10000000000000001,0.10000000000000001,2,5,0.27172536355852772,2.7908999519369559,0.097361198265076956,1.4353112420655558,-0.20257593520989445,0.027735650510412147
7,1,0.10000000000000001,0.10000000000000001,2,6,0.33889942303129594,2.890079814314463,0.11726299784273746,1.4294253984603911,-0.14875941105525689,0.024184521042125096
7,1,0.10000000000000001,0.10000000000000001,2,7,0.29107462768036796,3.0036814010129773,0.096905959327844959,1.4272316324657333,-0.11238887199090963,0.027769736799393561
7,1,0.10000000000000001,0.10000000000000001,2,8,0.28770933082533112,2.7919145560744272,0.10305090827344837,1.4295367778954093,-0.12666050390033654,0.030274006031202529
7,1,0.20000000000000001,0.10000000000000001,1,1,0.29936350843377352,2.6300303461120822,0.11382511569735924,1.3698683979398212,0.32727901317548141,0.016594078486199537
7,1,0.20000000000000001,0.10000000000000001,1,2,0.31272691261726826,3.0272123604451791,0.10330524435731325,1.3392384407312432,0.37581742254655243,0.025486211018110185
7,1,0.20000000000000001,0.10000000000000001,1,3,0.28082259411448801,3.1310074213941017,0.089690810758107337,1.3983839353261778,0.34021000240927096,0.026779523830014345
7,1,0.20000000000000001,0.10000000000000001,1,4,0.26500894195431662,2.6990708783626736,0.09818524740449866,1.3767201608286417,0.36502869471035204,0.021227298015674929
7,1,0.20000000000000001,0.10000000000000001,1,5,0.2365768583344825,2.4245787099379519,0.097574418749448152,1.3777935427029533,0.3178824788546189,0.016985014389216947
7,1,0.20000000000000001,0.10000000000000001,1,6,0.29051386688767911,3.2348928979181899,0.089806332405823641,1.3622064390810262,0.34766712414154721,0.015712465183399138
7,1,0.20000000000000001,0.10000000000000001,1,7,0.29840130537262571,3.0765993122076063,0.096990629942808049,1.3756295391592925,0.37193612371977086,0.015920106246973712
7,1,0.20000000000000001,0.10000000000000001,1,8,0.27167575074219369,2.5359008333651065,0.10713185120164324,1.3705457995373018,0.3655090770375744,0.019681058395450618
7,1,0.20000000000000001,0.10000000000000001,2,1,0.32236767062663185,2.9041108552672834,0.11100391365637534,1.4426969832611745,0.29861515035679526,0.024898070366295575
7,1,0.20000000000000001,0.10000000000000001,2,2,0.31067242244172033,2.8517456051535617,0.10894114183266748,1.4048587703118065,0.35577354432178782,0.038898343930727546
7,1,0.20000000000000001,0.10000000000000001,2,3,0.30523425518395442,2.962927371578306,0.10301779858389198,1.461864022048422,0.31682200393872345,0.037461804832641624
7,1,0.20000000000000001,0.10000000000000001,2,4,0.30710543189950307,2.848690711011407,0.10780581784902422,1.4447909043031146,0.34500883071547417,0.034442208203387392
7,1,0.20000000000000001,0.10000000000000001,2,5,0.27297369590045745,2.8191461631080452,0.096828500583847024,1.4417947662264459,0.28674136039443338,0.027669953656324478
7,1,0.20000000000000001,0.10000000000000001,2,6,0.33690100705852322,2.9063117361393482,0.11592046471451536,1.4335394570141344,0.31719404901040321,0.023865499337479671
7,1,0.20000000000000001,0.10000000000000001,2,7,0.29218846930399661,3.0254365066684641,0.096577293445086157,1.4308525066917637,0.34988298564888115,0.027762653879603052
7,1,0.20000000000000001,0.10000000000000001,2,8,0.29069082730845935,2.807113081701972,0.1035550826944996,1.4318225692224649,0.33978704046014424,0.03036922443933366
7,1,0.10000000000000001,0.050000000000000003,1,1,0.17283594437388769,2.6120984673860046,0.066167469003130322,0.68493426547726377,0.32026299671688846,0.0083032099041856801
7,1,0.10000000000000001,0.050000000000000003,1,2,0.20387844403157709,2.9962250640421293,0.068045103312943389,0.66961974861960094,0.36103265013120583,0.012716739842458448
7,1,0.10000000000000001,0.050000000000000003,1,3,0.18943694063347441,3.0902052263523614,0.061302381802351473,0.69925371990990282,0.33623786618373303,0.01340263728349787
7,1,0.10000000000000001,0.050000000000000003,1,4,0.15362937212067568,2.6886656053545752,0.057139635295187771,0.68836195376495335,0.35279394745798404,0.010634757295795676
7,1,0.10000000000000001,0.050000000000000003,1,5,0.14706552151158067,2.4030594885078069,0.061199284584878014,0.68896611281697073,0.31741882592208054,0.0084815623063790521
7,1,0.10000000000000001,0.050000000000000003,1,6,0.18967433620043653,3.2260847923726779,0.058793971146969569,0.6811219844996691,0.3286239532775127,0.0078409393444668091
7,1,0.10000000000000001,0.050000000000000003,1,7,0.20662483715270158,3.0443924492441603,0.067870631200652495,0.6878242419006424,0.35574614589926773,0.0079714426238519411
7,1,0.10000000000000001,0.050000000000000003,1,8,0.17360816640025961,2.4774805669209869,0.070074481599676025,0.68527411814728267,0.35348423505489879,0.0098613097634869824
7,1,0.10000000000000001,0.050000000000000003,2,1,0.21636819008378047,2.8723893293991756,0.075326902195754469,0.72134849163058767,0.28618510186992124,0.012442579088063442
7,1,0.10000000000000001,0.050000000000000003,2,2,0.20782373983413641,2.8268880360280946,0.073516792029067468,0.70243125920765015,0.34243507831279851,0.019382021770069584
7,1,0.10000000000000001,0.050000000000000003,2,3,0.1996642922966187,2.9404849934843065,0.06790182324992175,0.7309499324524249,0.30845596662284702,0.018646334715445887
7,1,0.10000000000000001,0.050000000000000003,2,4,0.18945382836214292,2.8374364549747355,0.066769364307695062,0.72239545215155709,0.33045907222650744,0.017261872821332007
7,1,0.10000000000000001,0.050000000000000003,2,5,0.18264448528385541,2.7908999519369559,0.06544286374618892,0.72089738311322293,0.27227506353938469,0.013844857976147701
7,1,0.10000000000000001,0.050000000000000003,2,6,0.2318371070837531,2.890079814314463,0.0802182368581906,0.71681199171850618,0.29602673987267036,0.011936934271575746
7,1,0.10000000000000001,0.050000000000000003,2,7,0.1891189886852282,3.0036814010129773,0.062962399614502632,0.71542625334588128,0.33978256682086122,0.013949871434999199
7,1,0.10000000000000001,0.050000000000000003,2,8,0.19260837686677554,2.7919145560744272,0.068987919579312856,0.71591697498438911,0.32143539918771385,0.015201170581145713
7,1,0.10000000000000001,0.20000000000000001,1,1,0.57973808416253181,2.6120984673860046,0.22194342648295756,2.7306567897883403,-0.57600100630966899,0.033189299983702916
7,1,0.10000000000000001,0.20000000000000001,1,2,0.5526022699556733,2.9962250640421293,0.1844328306933565,2.664231121622211,-0.44294704536762436,0.050982896673481014
7,1,0.10000000000000001,0.20000000000000001,1,3,0.49585043732280054,3.0902052263523614,0.16045874011678377,2.7881883072542348,-0.59375634945346401,0.053280287800797764
7,1,0.10000000000000001,0.20000000000000001,1,4,0.50821325548606977,2.6886656053545752,0.18902062587253118,2.7387588478754252,-0.57511845070244283,0.042219076412348344
7,1,0.10000000000000001,0.20000000000000001,1,5,0.44354795819151577,2.4030594885078069,0.18457635373269071,2.7440108222083506,-0.57537625610160992,0.034098879356040765
7,1,0.10000000000000001,0.20000000000000001,1,6,0.52904205821899353,3.2260847923726779,0.16398888816245302,2.7123261738662787,-0.49779983025568136,0.031546680704259339
7,1,0.10000000000000001,0.20000000000000001,1,7,0.51206844947905383,3.0443924492441603,0.16820053853641193,2.7408447843667636,-0.52070758108686344,0.031862449250385991
7,1,0.10000000000000001,0.20000000000000001,1,8,0.48976739980717648,2.4774805669209869,0.19768768576694001,2.7382611857199626,-0.55704747960294587,0.039120718472142206
7,1,0.10000000000000001,0.20000000000000001,2,1,0.59828200091033001,2.8723893293991756,0.20828722443258557,2.8727101763787748,-0.64957309527264906,0.050762757659129187
7,1,0.10000000000000001,0.20000000000000001,2,2,0.55619964780799624,2.8268880360280946,0.1967533346631874,2.7935818129641801,-0.49200822669288241,0.07827865031174254
7,1,0.10000000000000001,0.20000000000000001,2,3,0.54074468002986298,2.9404849934843065,0.18389642566722011,2.916071037488396,-0.6431012509820212,0.073732082369924318
7,1,0.10000000000000001,0.20000000000000001,2,4,0.56442579924597847,2.8374364549747355,0.1989210360134758,2.8717752435889268,-0.6343425130104543,0.068221954780356212
7,1,0.10000000000000001,0.20000000000000001,2,5,0.48510667755090037,2.7908999519369559,0.17381729402883966,2.8663325417202246,-0.63961564136184912,0.055476374624401671
7,1,0.10000000000000001,0.20000000000000001,2,6,0.57964514973799364,2.890079814314463,0.20056371691433286,2.8556877790327304,-0.5661251872382137,0.048690868779410722
7,1,0.10000000000000001,0.20000000000000001,2,7,0.5306740057931959,3.0036814010129773,0.17667453199737781,2.8530875496910841,-0.57019653465307718,0.055025192882785082
7,1,0.10000000000000001,0.20000000000000001,2,8,0.50886751090826854,2.7919145560744272,0.18226471501468941,2.8593659512155871,-0.61011263969284957,0.059997697911245963
8,0,0.050000000000000003,0.10000000000000001,1,1,2.139733090403674,2.7657462581917187,0.77365488032971597,2.8080038309942528,-2.2623374102393736,0.025941499772820294
8,0,0.050000000000000003,0.10000000000000001,1,2,2.0634051166899172,2.8703191747775993,0.71887653987114375,2.8934294161572134,-2.2834466049570694,0.023807476852811364
8,0,0.050000000000000003,0.10000000000000001,1,3,2.3818779477208802,2.9027992740551087,0.82054517823875583,2.9329898368928333,-2.2996681099035343,0.023092369658593861
8,0,0.050000000000000003,0.10000000000000001,1,4,1.5795517762991687,2.620590258162192,0.60274656496926038,2.9114776163954197,-2.3603208453205875,0.026797828694794003
8,0,0.050000000000000003,0.10000000000000001,1,5,2.0350141682331335,2.7517678718411154,0.73952973615887663,2.821968438274316,-2.0687928418044228,0.023041620229702627
8,0,0.050000000000000003,0.10000000000000001,1,6,2.0534872307154277,2.9619484826756692,0.69328931368192293,2.9416547928241688,-2.2019863959243495,0.029563619794029512
8,0,0.050000000000000003,0.10000000000000001,1,7,2.0374473302349845,2.8294612411042492,0.7200831383149936,2.844663386220514,-2.1617471148198564,0.028582202506020567
8,0,0.050000000000000003,0.10000000000000001,1,8,1.3559493480366198,2.9105168874397429,0.46587922368297624,2.8795921176016712,-2.2881315400265003,0.026019098695134479
8,0,0.050000000000000003,0.10000000000000001,2,1,2.8517957468224777,2.8539075248071542,0.99926003979935574,3.1368463116934215,-2.5881233939360961,0.0574269411605908
8,0,0.050000000000000003,0.10000000000000001,2,2,2.2158232355010146,2.7436628995857295,0.80761497188141651,3.2012089652442781,-2.5208058949868319,0.053952458960738955
8,0,0.050000000000000003,0.10000000000000001,2,3,2.2320338843366163,2.806551335550052,0.79529415908551815,3.2520747563919605,-2.6574734010657917,0.057038761084642557
8,0,0.050000000000000003,0.10000000000000001,2,4,2.4133921326411918,2.7900828330502447,0.86498942040468463,3.2330944673236677,-2.6491477019107528,0.055783418442018791
8,0,0.050000000000000003,0.10000000000000001,2,5,2.2915289682920816,2.8399581288248137,0.80688829353985081,3.1208263980790472,-2.3079902863349537,0.058057374776184729
8,0,0.050000000000000003,0.10000000000000001,2,6,2.5444580613530263,2.8460520661772852,0.89403074932871862,3.2452111276835058,-2.4465005091399661,0.066393992953713815
8,0,0.050000000000000003,0.10000000000000001,2,7,2.5221980323002398,2.9040082123192437,0.86852303709083634,3.2096428225634916,-2.4901385666841382,0.057336370051619914
8,0,0.050000000000000003,0.10000000000000001,2,8,1.8448659349758816,2.8634513232092189,0.6442805295912083,3.1372699938942565,-2.5191599906178159,0.053113382335418811
8,0,0.10000000000000001,0.10000000000000001,1,1,2.1457978982672121,2.7652754710870013,0.7759797968423453,2.8913416822504776,-1.3445472394994198,0.025748103504241653
8,0,0.10000000000000001,0.10000000000000001,1,2,2.0873343896761369,2.8770257413808524,0.72551814870947362,2.9966819285230066,-1.4078159818049176,0.023614318442883062
8,0,0.10000000000000001,0.10000000000000001,1,3,2.4072692964899645,2.9121108202509438,0.82664068954715264,3.0290194752178952,-1.4489083798436184,0.022853399258635925
8,0,0.10000000000000001,0.10000000000000001,1,4,1.5809804809546182,2.6296531243923358,0.60121255776651283,3.0363652016457685,-1.4083124468666064,0.026952651977509384
8,0,0.10000000000000001,0.10000000000000001,1,5,2.0602490365395014,2.7478067527871999,0.74977945026509463,2.9167704842542417,-1.2061047008084478,0.022917248680825727
8,0,0.10000000000000001,0.10000000000000001,1,6,2.0539581954676431,2.9678048785970055,0.69207993095510623,3.0290620074898764,-1.355283251564029,0.0295568722901134
8,0,0.10000000000000001,0.10000000000000001,1,7,2.055799450917966,2.8393157658856683,0.72404748905294802,2.9421586890533762,-1.283588337097332,0.028687247604417175
8,0,0.10000000000000001,0.10000000000000001,1,8,1.3795281830009318,2.921841245455342,0.4721434421348738,2.9905125881362427,-1.3774489107103733,0.026015511460731174
8,0,0.10000000000000001,0.10000000000000001,2,1,2.8488410525621846,2.8557238438431019,0.99758982602755641,3.2419085413618385,-1.583563297406086,0.057384444090631606
8,0,0.10000000000000001,0.10000000000000001,2,2,2.224973431733027,2.7525470116674562,0.80833258153333698,3.3322957339764891,-1.5989474204824006,0.057075691330585807
8,0,0.10000000000000001,0.10000000000000001,2,3,2.2688964919129617,2.8115409460148606,0.80699393516887774,3.3771724649694379,-1.7055781952233582,0.059232106287509516
8,0,0.10000000000000001,0.10000000000000001,2,4,2.410178549824578,2.8029838397454072,0.85986173578635139,3.3799452512246213,-1.6208795625310959,0.056599940216025553
8,0,0.10000000000000001,0.10000000000000001,2,5,2.3174085464450678,2.8565353403100189,0.81126549136043946,3.254349650422085,-1.3933763337578657,0.059849646543584122
8,0,0.10000000000000001,0.10000000000000001,2,6,2.5094643342398326,2.8364595387275053,0.88471712710050865,3.3570987039856628,-1.5506969131669948,0.068580784671846806
8,0,0.10000000000000001,0.10000000000000001,2,7,2.5528992300869771,2.9195144057140978,0.87442597477526451,3.3514520529136029,-1.5480640847989833,0.060728401505101441
8,0,0.10000000000000001,0.10000000000000001,2,8,1.8443295914733959,2.8549426195903034,0.64601284061466191,3.2826908618693307,-1.5359528928354289,0.054412691491388651
8,0,0.20000000000000001,0.10000000000000001,1,1,2.1599377119413252,2.7805114693620547,0.77681309203047078,3.2087669636641807,-0.5308242943514786,0.025473835501320256
8,0,0.20000000000000001,0.10000000000000001,1,2,2.1483702561787177,2.9062366151988579,0.73922757869861755,3.3630089827960137,-0.62129106048312244,0.023486783463701078
8,0,0.20000000000000001,0.10000000000000001,1,3,2.486181245021875,2.9500852826071915,0.84274894006612144,3.3854734229909775,-0.62496363927469112,0.02297430068358958
8,0,0.20000000000000001,0.10000000000000001,1,4,1.5879770908164477,2.6650108037011471,0.59586140837068169,3.4364062842582879,-0.60751302871057045,0.027330573028678373
8,0,0.20000000000000001,0.10000000000000001,1,5,2.1205824496247008,2.7578777341582468,0.76891822409666766,3.2772261703845191,-0.46754342577047053,0.022781656464737964
8,0,0.20000000000000001,0.10000000000000001,1,6,2.0656374012877263,2.9971056456728959,0.68921074045888675,3.3798395754577188,-0.60576094070165676,0.02967352101948002
8,0,0.20000000000000001,0.10000000000000001,1,7,2.1154532061330875,2.8794234088894277,0.73467944992119172,3.305509689443201,-0.52047093233706232,0.029089874761850321
8,0,0.20000000000000001,0.10000000000000001,1,8,1.4292046371571261,2.9604881418818714,0.48275979117708417,3.3748001785737984,-0.58667100592692822,0.02610974214313877
8,0,0.20000000000000001,0.10000000000000001,2,1,2.842992261225501,2.8749962024759061,0.98886817964390916,3.6286650124429847,-0.69497086950714493,0.061235731372299811
8,0,0.20000000000000001,0.10000000000000001,2,2,2.2551887273039646,2.786757467954879,0.80925188260425929,3.7858214009288398,-0.78223094642203572,0.066043749765726273
8,0,0.20000000000000001,0.10000000000000001,2,3,2.3883782499949562,2.8416806316854575,0.8404808842217999,3.8108035832996614,-0.78600206235113712,0.066369128139799324
8,0,0.20000000000000001,0.10000000000000001,2,4,2.4104634709156754,2.8448327383823888,0.84731289765959961,3.8658831328992571,-0.74077069128535789,0.063013333406672103
8,0,0.20000000000000001,0.10000000000000001,2,5,2.3749312688380102,2.9064883777395245,0.817113629982954,3.7337700664895954,-0.63076200047692321,0.065527659819659897
8,0,0.20000000000000001,0.10000000000000001,2,6,2.451179211574916,2.8358078046355608,0.86436718580437266,3.7775790964966465,-0.73844708888121569,0.075099303929104702
8,0,0.20000000000000001,0.10000000000000001,2,7,2.6418974838536973,2.9701522929545652,0.88948216228524235,3.8332779399145531,-0.71756545017269835,0.070019043961411162
8,0,0.20000000000000001,0.10000000000000001,2,8,1.8597229978309673,2.8545793865501694,0.65148757347347386,3.774745931504853,-0.70278735754338761,0.061612763837373484
8,0,0.10000000000000001,0.050000000000000003,1,1,2.0800873010576582,2.7652754710870013,0.75221702966178527,1.6116341996029433,-0.59058381375573499,0.012750118693473096
8,0,0.10000000000000001,0.050000000000000003,1,2,2.0474036150380561,2.8770257413808524,0.71163896297131768,1.6844788025162116,-0.70621054278330464,0.01202564964615457
8,0,0.10000000000000001,0.050000000000000003,1,3,2.3452422080043949,2.9121108202509438,0.80534098898142192,1.6992607832464541,-0.72164870184377827,0.011734704214872453
8,0,0.10000000000000001,0.050000000000000003,1,4,1.5133876379291624,2.6296531243923358,0.5755084668358601,1.7243623864458204,-0.6589161816708341,0.013659564780148081
8,0,0.10000000000000001,0.050000000000000003,1,5,1.9689910153348895,2.7478067527871999,0.71656822785578744,1.6435130633524735,-0.53164200279655682,0.011396803715100134
8,0,0.10000000000000001,0.050000000000000003,1,6,2.0286266686586116,2.9678048785970055,0.68354448882017504,1.6909710346702225,-0.67139886080721201,0.01506571482047213
8,0,0.10000000000000001,0.050000000000000003,1,7,1.9047019162205105,2.8393157658856683,0.67083131052399048,1.6511955966087677,-0.58348006940524011,0.014541613087876262
8,0,0.10000000000000001,0.050000000000000003,1,8,1.3617397593644556,2.921841245455342,0.46605535515747742,1.6954253191391335,-0.64877819230383738,0.013050361804110719
8,0,0.10000000000000001,0.050000000000000003,2,1,2.7900594355440291,2.8557238438431019,0.97700603703658384,1.838043350275365,-0.76565079186564267,0.031201132717170028
8,0,0.10000000000000001,0.050000000000000003,2,2,2.1992612383308057,2.7525470116674562,0.79899134474674149,1.9077397528596294,-0.87462808896722566,0.033354943439109636
8,0,0.10000000000000001,0.050000000000000003,2,3,2.2540210216355172,2.8115409460148606,0.80170307490289827,1.9213240297150094,-0.87184874265074497,0.033693629735704347
8,0,0.10000000000000001,0.050000000000000003,2,4,2.3241203268818702,2.8029838397454072,0.82915937435192921,1.9418519773606002,-0.83624990268439969,0.031580990833421474
8,0,0.10000000000000001,0.050000000000000003,2,5,2.32138983316693,2.8565353403100189,0.81265923806669593,1.8670013503568443,-0.68672099112465779,0.033619280494733408
8,0,0.10000000000000001,0.050000000000000003,2,6,2.5209880715740698,2.8364595387275053,0.88877984584438574,1.8949468446980671,-0.83880751628134265,0.038341384631569275
8,0,0.10000000000000001,0.050000000000000003,2,7,2.4571306355269429,2.9195144057140978,0.84162305577866869,1.9275006674703641,-0.80972593465463427,0.035960401936724617
8,0,0.10000000000000001,0.050000000000000003,2,8,1.8249679320277477,2.8549426195903034,0.63923103725623687,1.9005165877055981,-0.78448911021910295,0.031877966122785976
8,0,0.10000000000000001,0.20000000000000001,1,1,2.3927658917983048,2.7652754710870013,0.86529024569755908,5.5110797471349295,-2.0404152264552295,0.051383280358812129
8,0,0.10000000000000001,0.20000000000000001,1,2,2.2777276097377697,2.8770257413808524,0.79169524866487828,5.6875634253635274,-2.0903672793580159,0.045657921269518134
8,0,0.10000000000000001,0.20000000000000001,1,3,2.6528359437386304,2.9121108202509438,0.91096668618882748,5.7554998443404175,-2.047581016831741,0.044599036216208948
8,0,0.10000000000000001,0.20000000000000001,1,4,1.8244850915579363,2.6296531243923358,0.69381207530158218,5.7455531379366827,-2.1427085537024797,0.053172982136274263
8,0,0.10000000000000001,0.20000000000000001,1,5,2.3691556812596235,2.7478067527871999,0.86219879868062155,5.5581816692498105,-1.9056879094835815,0.045710789750001563
8,0,0.10000000000000001,0.20000000000000001,1,6,2.158317880846448,2.9678048785970055,0.72724386175507849,5.8236663665858845,-2.0042793835842181,0.057934157721412159
8,0,0.10000000000000001,0.20000000000000001,1,7,2.4465538562111391,2.8393157658856683,0.86167022548405603,5.6526204116067236,-1.9748374752636604,0.056447372389951858
8,0,0.10000000000000001,0.20000000000000001,1,8,1.4982457051165818,2.921841245455342,0.51277450732375229,5.6791625623830528,-2.1375276797676546,0.051885163315337657
8,0,0.10000000000000001,0.20000000000000001,2,1,3.0578792610240604,2.8557238438431019,1.0707895539748364,6.046606809048769,-2.2193182085590593,0.10791375750643757
8,0,0.10000000000000001,0.20000000000000001,2,2,2.3432878586986474,2.7525470116674562,0.85131619869377451,6.2315709609446577,-2.2909703493118037,0.10063607864501549
8,0,0.10000000000000001,0.20000000000000001,2,3,2.5432864820475904,2.8115409460148606,0.90458809986477351,6.3271099040975844,-2.2882411961737184,0.10510195323674862
8,0,0.10000000000000001,0.20000000000000001,2,4,2.6449031737776831,2.8029838397454072,0.94360271945696184,6.3316324991027768,-2.3570759635231853,0.10912217449757243
8,0,0.10000000000000001,0.20000000000000001,2,5,2.3756380237401333,2.8565353403100189,0.83165014282032512,6.1326257684199277,-2.1295496451936367,0.10592014522912716
8,0,0.10000000000000001,0.20000000000000001,2,6,2.5238631140885315,2.8364595387275053,0.88979344835667529,6.3753443217699495,-2.204348276068643,0.12373567611354432
8,0,0.10000000000000001,0.20000000000000001,2,7,2.8554941209427525,2.9195144057140978,0.97807159826098333,6.3154358494578302,-2.2548971888452649,0.11003858759788254
8,0,0.10000000000000001,0.20000000000000001,2,8,1.9995942043331025,2.8549426195903034,0.70039733569848528,6.1446202458244601,-2.2752453708320819,0.099583335841707574
8,1,0.050000000000000003,0.10000000000000001,1,1,0.28660181842777688,2.7657462581917187,0.10362549260580431,1.338220562830877,-0.59392039790925999,0.018382145374445397
8,1,0.050000000000000003,0.10000000000000001,1,2,0.27432618170714745,2.8703191747775993,0.095573406650291098,1.323780412386877,-0.54915210703175643,0.019945355816551626
8,1,0.050000000000000003,0.10000000000000001,1,3,0.2563365490577329,2.9027992740551087,0.088306673957390017,1.3611662031012812,-0.57450041823506115,0.018779867487806082
8,1,0.050000000000000003,0.10000000000000001,1,4,0.30230161911730702,2.620590258162192,0.11535630882231462,1.3469459411286817,-0.56823072038104938,0.020264247124647063
8,1,0.050000000000000003,0.10000000000000001,1,5,0.30270309010778151,2.7517678718411154,0.11000313405987004,1.3459185796062707,-0.52465435944482175,0.017625277599814963
8,1,0.050000000000000003,0.10000000000000001,1,6,0.268815968320886,2.9619484826756692,0.090756463150247546,1.3805153360544888,-0.54028744753952729,0.021595826949737686
8,1,0.050000000000000003,0.10000000000000001,1,7,0.30084654976098985,2.8294612411042492,0.10632644313713198,1.3549610294010379,-0.52988349386632494,0.020728731971433576
8,1,0.050000000000000003,0.10000000000000001,1,8,0.23280966953392168,2.9105168874397429,0.079989114833384251,1.342992395400072,-0.63363222819364273,0.020344934115294845
8,1,0.050000000000000003,0.10000000000000001,2,1,0.32080138551651016,2.8539075248071542,0.11240777170528241,1.4049521235946469,-0.68374470447380975,0.027508957352025337
8,1,0.050000000000000003,0.10000000000000001,2,2,0.27936075738555605,2.7436628995857295,0.10182036482241941,1.3797408920153846,-0.61239424525951935,0.025066276502895637
8,1,0.050000000000000003,0.10000000000000001,2,3,0.24456929088762347,2.806551335550052,0.087142283053835784,1.4235704408023093,-0.66803152283001965,0.026402383347841851
8,1,0.050000000000000003,0.10000000000000001,2,4,0.33810190340478347,2.7900828330502447,0.12117988018124723,1.4119086570599584,-0.64491576091664948,0.030197577827553914
8,1,0.050000000000000003,0.10000000000000001,2,5,0.29552898961781532,2.8399581288248137,0.10406103759709529,1.4104281675738668,-0.57518172916816845,0.025844099397464761
8,1,0.050000000000000003,0.10000000000000001,2,6,0.28307149885847893,2.8460520661772852,0.099461110435231911,1.4495592519538414,-0.60874075611056822,0.033933971510411616
8,1,0.050000000000000003,0.10000000000000001,2,7,0.30476595014937363,2.9040082123192437,0.10494665574859954,1.4169257523910936,-0.59393726352116827,0.028347761656451177
8,1,0.050000000000000003,0.10000000000000001,2,8,0.25810243519047643,2.8634513232092189,0.09013683351222733,1.397349363560539,-0.67296089630137168,0.029015755126480542
8,1,0.10000000000000001,0.10000000000000001,1,1,0.28699865474541475,2.7652754710870013,0.1037866417816951,1.3394255196087044,-0.12538686787791589,0.018366887501424654
8,1,0.10000000000000001,0.10000000000000001,1,2,0.27485795110020195,2.8770257413808524,0.095535450777121514,1.3249872984442983,-0.10804300519999201,0.019943978693696227
8,1,0.10000000000000001,0.10000000000000001,1,3,0.25643195437206207,2.9121108202509438,0.088057072755893501,1.3624209694257543,-0.14115951357772671,0.018771654845532559
8,1,0.10000000000000001,0.10000000000000001,1,4,0.3022198984165535,2.6296531243923358,0.11492766692808236,1.3493278003291751,-0.11605513587108113,0.020275937205349065
8,1,0.10000000000000001,0.10000000000000001,1,5,0.30260026071941781,2.7478067527871999,0.11012428745670685,1.3467672069050816,-0.086535991717429331,0.01761660905896666
8,1,0.10000000000000001,0.10000000000000001,1,6,0.2690891871702446,2.9678048785970055,0.090669433530095586,1.3809554278755956,-0.10215077247528608,0.021597429847138579
8,1,0.10000000000000001,0.10000000000000001,1,7,0.30163651452805085,2.8393157658856683,0.10623563541336563,1.3549795926138499,-0.081164997323934784,0.020736675003159667
8,1,0.10000000000000001,0.10000000000000001,1,8,0.23401150780869159,2.921841245455342,0.080090425231923598,1.3443316263735616,-0.13416573485540248,0.020342591584647074
8,1,0.10000000000000001,0.10000000000000001,2,1,0.32094243856197019,2.8557238438431019,0.11238567036302104,1.4063700505575281,-0.179279795367044,0.027359635809961882
8,1,0.10000000000000001,0.10000000000000001,2,2,0.27944325362369071,2.7525470116674562,0.10152170060645312,1.3814680452274386,-0.15607071412895482,0.025170129360807762
8,1,0.10000000000000001,0.10000000000000001,2,3,0.24555252161553878,2.8115409460148606,0.087337345011314974,1.425440474210331,-0.20911251742991241,0.026450438949151233
8,1,0.10000000000000001,0.10000000000000001,2,4,0.33792788574418109,2.8029838397454072,0.12056005495018295,1.4147965527449722,-0.16455464197671485,0.030216919442545186
8,1,0.10000000000000001,0.10000000000000001,2,5,0.29556956065225187,2.8565353403100189,0.10347134743313689,1.4118139887659464,-0.11652751794247462,0.025822897862699753
8,1,0.10000000000000001,0.10000000000000001,2,6,0.28215849312627056,2.8364595387275053,0.099475592467944282,1.4507617123414231,-0.15508200406308645,0.034027897573374551
8,1,0.10000000000000001,0.10000000000000001,2,7,0.30658797397685228,2.9195144057140978,0.10501334515657663,1.4179760409076501,-0.12342812606794155,0.028434666678322808
8,1,0.10000000000000001,0.10000000000000001,2,8,0.25843764616299841,2.8549426195903034,0.090522886305884967,1.3994213954926424,-0.15941658841680797,0.028963045024494
8,1,0.20000000000000001,0.10000000000000001,1,1,0.28803238988617363,2.7805114693620547,0.10358971471973759,1.343555087995973,0.33140124985926628,0.018336876879703933
8,1,0.20000000000000001,0.10000000000000001,1,2,0.27617896699513172,2.9062366151988579,0.09502975963856071,1.329281488945387,0.34399015048177617,0.019942744203614519
8,1,0.20000000000000001,0.10000000000000001,1,3,0.25728184578045332,2.9500852826071915,0.087211663777080978,1.3665758715329519,0.31527924977921823,0.018755295899816938
8,1,0.20000000000000001,0.10000000000000001,1,4,0.30226314681410005,2.6650108037011471,0.11341910749266729,1.3559787792917097,0.34381322690980043,0.020299663140922151
8,1,0.20000000000000001,0.10000000000000001,1,5,0.30282823629554356,2.7578777341582468,0.10980480843831611,1.3504098390842278,0.3586466736940726,0.01759953811066254
8,1,0.20000000000000001,0.10000000000000001,1,6,0.26991831591831261,2.9971056456728959,0.090059660161799809,1.3837941711601971,0.3436283469815013,0.021600868418106833
8,1,0.20000000000000001,0.10000000000000001,1,7,0.3036174474433751,2.8794234088894277,0.10544383521577262,1.3569160517410805,0.36593340053017215,0.020752716116192144
8,1,0.20000000000000001,0.10000000000000001,1,8,0.23680987586935198,2.9604881418818714,0.079990145043722691,1.349070356292871,0.33989954082232959,0.020338300897761237
8,1,0.20000000000000001,0.10000000000000001,2,1,0.32136110329914908,2.8749962024759061,0.11177792270556651,1.4115593606011221,0.29897788109075174,0.027100046717484647
8,1,0.20000000000000001,0.10000000000000001,2,2,0.27989703777202363,2.786757467954879,0.10043824803219492,1.3875581556812018,0.3158996206240452,0.025419053004909639
8,1,0.20000000000000001,0.10000000000000001,2,3,0.24826919049277885,2.8416806316854575,0.087367027710473374,1.4314844171134986,0.27812640818471723,0.02658541177677308
8,1,0.20000000000000001,0.10000000000000001,2,4,0.33788379361516102,2.8448327383823888,0.11877105780471522,1.4231021439487437,0.3119802504622376,0.030298757510998711
8,1,0.20000000000000001,0.10000000000000001,2,5,0.29629972114456532,2.9064883777395245,0.10194423050643944,1.4172631945311838,0.34320523969001976,0.025819709705837184
8,1,0.20000000000000001,0.10000000000000001,2,6,0.2808828207226875,2.8358078046355608,0.099048609804776491,1.4556365766107013,0.31209243448291107,0.034236010833131991
8,1,0.20000000000000001,0.10000000000000001,2,7,0.31076786693544023,2.9701522929545652,0.10463028029660501,1.4228128312490889,0.33732121792298009,0.028648336500468399
8,1,0.20000000000000001,0.10000000000000001,2,8,0.25962349775949728,2.8545793865501694,0.090949825737114562,1.4063201802022407,0.32236382929291452,0.028904801359367769
8,1,0.10000000000000001,0.050000000000000003,1,1,0.18469471238761687,2.7652754710870013,0.066790710118661445,0.67178113238762527,0.31945170949236351,0.009183042762591893
8,1,0.10000000000000001,0.050000000000000003,1,2,0.18037187064940371,2.8770257413808524,0.062693867508753234,0.66465577315055901,0.3250775194043059,0.0099491979904591209
8,1,0.10000000000000001,0.050000000000000003,1,3,0.17854996309738802,2.9121108202509438,0.061312901231554758,0.68343804450912027,0.30598764527840588,0.0093743364360313244
8,1,0.10000000000000001,0.050000000000000003,1,4,0.17569297731633321,2.6296531243923358,0.066812225417347618,0.6779815235053922,0.33144348838981119,0.010178843310331032
8,1,0.10000000000000001,0.050000000000000003,1,5,0.1902796347561056,2.7478067527871999,0.069247822672790976,0.67520501205939765,0.34872601721908775,0.0088172731306057264
8,1,0.10000000000000001,0.050000000000000003,1,6,0.17744414389778482,2.9678048785970055,0.059789693445638323,0.69189722671538512,0.32649948178422183,0.010810769311102683
8,1,0.10000000000000001,0.050000000000000003,1,7,0.19062020371756694,2.8393157658856683,0.067135964941929152,0.67848047015592639,0.35183112096188029,0.010374423021769712
8,1,0.10000000000000001,0.050000000000000003,1,8,0.14029370034544214,2.921841245455342,0.048015510960308407,0.67453822422502796,0.32575970950319655,0.010175729041907349
8,1,0.10000000000000001,0.050000000000000003,2,1,0.22726935126942568,2.8557238438431019,0.079583798608333589,0.70575772176315865,0.28843000230025873,0.01359053154809914
8,1,0.10000000000000001,0.050000000000000003,2,2,0.1861724932878642,2.7525470116674562,0.067636444536176468,0.69377908778739894,0.29941397005612663,0.012707259458677981
8,1,0.10000000000000001,0.050000000000000003,2,3,0.16835157486315955,2.8115409460148606,0.059878756203705565,0.71573153385247346,0.26773303404058041,0.013267353190355539
8,1,0.10000000000000001,0.050000000000000003,2,4,0.21810375973964691,2.8029838397454072,0.077811279768012179,0.71155107731958833,0.30033119666918168,0.015218761891041233
8,1,0.10000000000000001,0.050000000000000003,2,5,0.19131421146338234,2.8565353403100189,0.06697421479918364,0.70863159726559211,0.33412423905062427,0.012967694585521439
8,1,0.10000000000000001,0.050000000000000003,2,6,0.19849485986717105,2.8364595387275053,0.069979795994629265,0.72781828830535078,0.28473483822883733,0.017142030060123603
8,1,0.10000000000000001,0.050000000000000003,2,7,0.20573253740515612,2.9195144057140978,0.070468067224636638,0.71140600677053922,0.32490628218582823,0.014379217722752888
8,1,0.10000000000000001,0.050000000000000003,2,8,0.16757761604405561,2.8549426195903034,0.058697367468668674,0.70316046611668059,0.30983086037287771,0.01449688037007864
8,1,0.10000000000000001,0.20000000000000001,1,1,0.52857115555550249,2.7652754710870013,0.19114593142061417,2.6754698280064888,-0.57946422404398967,0.036621395291094282
8,1,0.10000000000000001,0.20000000000000001,1,2,0.49993005250181055,2.8770257413808524,0.17376627720468882,2.647552849506007,-0.550277296278467,0.040015290103759829
8,1,0.10000000000000001,0.20000000000000001,1,3,0.46513199249532389,2.9121108202509438,0.15972331453211741,2.7195072633345347,-0.56581610747483879,0.037336909889104812
8,1,0.10000000000000001,0.20000000000000001,1,4,0.57583455059289113,2.6296531243923358,0.2189773796595153,2.6944778268211227,-0.56049063535625709,0.04026588445664863
8,1,0.10000000000000001,0.20000000000000001,1,5,0.55540985929981246,2.7478067527871999,0.20212842796766553,2.6911818461128698,-0.50621338822469675,0.035125222649201732
8,1,0.10000000000000001,0.20000000000000001,1,6,0.48861410782739134,2.9678048785970055,0.16463821841898779,2.7595957142264278,-0.51760677923263043,0.043056720079470083
8,1,0.10000000000000001,0.20000000000000001,1,7,0.54776764414944679,2.8393157658856683,0.19292241135377261,2.7092731983704255,-0.51489804586753285,0.041348614380882595
8,1,0.10000000000000001,0.20000000000000001,1,8,0.44437157447684755,2.921841245455342,0.15208614607930088,2.6852296372432871,-0.61040426286428406,0.040665737256704221
8,1,0.10000000000000001,0.20000000000000001,2,1,0.55907422782158078,2.8557238438431019,0.19577321141430973,2.8092449108536623,-0.6476674924880288,0.054603301940943177
8,1,0.10000000000000001,0.20000000000000001,2,2,0.5082863323028427,2.7525470116674562,0.1846603637098026,2.7593279133664139,-0.6010193215901769,0.050164995776685324
8,1,0.10000000000000001,0.20000000000000001,2,3,0.45563022600082342,2.8115409460148606,0.16205711912061735,2.8443744086557685,-0.64282462318561862,0.05281119386502444
8,1,0.10000000000000001,0.20000000000000001,2,4,0.61256977703568971,2.8029838397454072,0.21854202951499319,2.8235266744798304,-0.62761872226742066,0.059722113084710343
8,1,0.10000000000000001,0.20000000000000001,2,5,0.55351013882140521,2.8565353403100189,0.1937697500221835,2.8208178501123564,-0.55612234037793817,0.051040640961518002
8,1,0.10000000000000001,0.20000000000000001,2,6,0.5020433425016948,2.8364595387275053,0.17699647594018628,2.898484691814343,-0.57300465220680363,0.067018597960472187
8,1,0.10000000000000001,0.20000000000000001,2,7,0.55203005815523032,2.9195144057140978,0.18908283414351115,2.8331014157503471,-0.57627994957824569,0.056275847281043283
8,1,0.10000000000000001,0.20000000000000001,2,8,0.4714751416191923,2.8549426195903034,0.16514347377211069,2.7926406127858878,-0.64458537111090741,0.057538306239732093
9,0,0.050000000000000003,0.10000000000000001,1,1,2.2494469468350697,2.5223383498943446,0.89181015184949086,2.8198341186999989,-2.0803336976425069,0.03237795392252097
9,0,0.050000000000000003,0.10000000000000001,1,2,2.0382010201541627,3.1445690617378976,0.64816544974455659,2.9049122425676921,-2.2205502347402772,0.023091362540249426
9,0,0.050000000000000003,0.10000000000000001,1,3,2.5888273727008961,3.1350137722062628,0.82577862835958504,2.7986452077717754,-2.1903370302237413,0.027616302956299219
9,0,0.050000000000000003,0.10000000000000001,1,4,1.8762996651223836,2.5868244951492603,0.72532932506274284,2.8531193998356619,-2.1422936628754097,0.027472663635850599
9,0,0.050000000000000003,0.10000000000000001,1,5,1.7495306565612254,2.5257834049126013,0.69266852144107893,2.8732532284050025,-2.1798320278356109,0.025615638258268684
9,0,0.050000000000000003,0.10000000000000001,1,6,2.0400809767960832,3.0146854387199689,0.67671437643003274,2.818034741347951,-2.0516834152926324,0.025471886040157713
9,0,0.050000000000000003,0.10000000000000001,1,7,2.0927665383270693,3.0728382628696154,0.68105326714225056,2.9008176603099391,-2.1969938863535048,0.020440594453277006
9,0,0.050000000000000003,0.10000000000000001,1,8,1.9872717063450573,2.536614135278346,0.78343476790843924,2.8286007662828019,-2.161028371569985,0.021100234636671975
9,0,0.050000000000000003,0.10000000000000001,2,1,2.219209560806116,2.6894849733002624,0.8251429484965398,3.1378053524619585,-2.4001936496106908,0.071592930855061188
9,0,0.050000000000000003,0.10000000000000001,2,2,2.0856744430464129,3.0262182893046536,0.68920158549621569,3.2568759913365879,-2.6287277759547822,0.047466944474150473
9,0,0.050000000000000003,0.10000000000000001,2,3,2.6101243665121561,2.9826930835078751,0.87508982434171545,3.1325050743668115,-2.533206963947642,0.080075262530117666
9,0,0.050000000000000003,0.10000000000000001,2,4,2.1445679853209709,2.8975483777450428,0.74013189970962168,3.1969015457941339,-2.4713458054227262,0.063548675814873973
9,0,0.050000000000000003,0.10000000000000001,2,5,2.1347051034365792,2.7474883887921027,0.77696601454067449,3.1482633207314703,-2.3979942187539289,0.048914233110372178
9,0,0.050000000000000003,0.10000000000000001,2,6,2.2077886145420722,2.8701528491266113,0.76922335868415626,3.1017216193582486,-2.3024560916367949,0.053639622465910468
9,0,0.050000000000000003,0.10000000000000001,2,7,2.0214474305258636,2.8135777898572263,0.718461539543373,3.1794592557903125,-2.4883879006209573,0.052018917058747449
9,0,0.050000000000000003,0.10000000000000001,2,8,2.3886059199027416,2.8342368253423853,0.84276864182448485,3.1654713311317315,-2.578765479128085,0.066435221437302808
9,0,0.10000000000000001,0.10000000000000001,1,1,2.2486250300238773,2.5257200610671493,0.89029067974928466,2.9231375578621899,-1.2268889716612927,0.032649170479578597
9,0,0.10000000000000001,0.10000000000000001,1,2,2.0280149835488257,3.1445310365224772,0.64493400128484613,3.006313401747633,-1.334485456106236,0.023066743829295779
9,0,0.10000000000000001,0.10000000000000001,1,3,2.600335308872904,3.1482395067546771,0.82596489348849655,2.8716157024873588,-1.2655799779454167,0.027597992692351695
9,0,0.10000000000000001,0.10000000000000001,1,4,1.8768799335240092,2.5871375053787937,0.72546585932208008,2.9351861928352116,-1.2500523894887901,0.027524841399618818
9,0,0.10000000000000001,0.10000000000000001,1,5,1.7497127765398508,2.530746514281621,0.69138207507776617,2.9454461632194042,-1.2759334981338279,0.025627662787791671
9,0,0.10000000000000001,0.10000000000000001,1,6,1.9993329077779707,3.0230348939684237,0.6613661363178609,2.9122041278996349,-1.1810575853054865,0.025383244079440863
9,0,0.10000000000000001,0.10000000000000001,1,7,2.0977071100207914,3.0968099735099566,0.67737676123641144,3.0110601700882218,-1.2742167462247138,0.020446532712774305
9,0,0.10000000000000001,0.10000000000000001,1,8,1.9833368990107543,2.5502001368328768,0.77771813684940172,2.9211428957929582,-1.2232937821873844,0.021105904131561017
9,0,0.10000000000000001,0.10000000000000001,2,1,2.209358382988698,2.696784864058102,0.81925644586423252,3.2613538883003423,-1.4640663751133305,0.074310301774809351
9,0,0.10000000000000001,0.10000000000000001,2,2,2.0711440119891211,3.0269462686351529,0.68423547304095289,3.381386315119935,-1.6199170783882664,0.049673412023098544
9,0,0.10000000000000001,0.10000000000000001,2,3,2.5888918440183839,2.998775719244247,0.86331626183462551,3.2226489049893923,-1.5267629155546689,0.080768483377021597
9,0,0.10000000000000001,0.10000000000000001,2,4,2.1075654885628019,2.9034484913599661,0.72588354669781829,3.2957391165801653,-1.48615758532305,0.06663222438310222
9,0,0.10000000000000001,0.10000000000000001,2,5,2.1275308728979296,2.7618901609779125,0.77031697456955606,3.2377415916565107,-1.4347680868401433,0.051103055528532303
9,0,0.10000000000000001,0.10000000000000001,2,6,2.2051649258045809,2.8871119145390831,0.76379613644337285,3.2228201503003246,-1.3875610381737618,0.054568022097191166
9,0,0.10000000000000001,0.10000000000000001,2,7,2.0243039751118461,2.819803313212196,0.71788835966925935,3.3102480227638682,-1.4772914995228918,0.054565833513474757
9,0,0.10000000000000001,0.10000000000000001,2,8,2.3870822833995162,2.8420627815592194,0.83991187629215891,3.2857542924410761,-1.5268979339585964,0.067453370999205717
9,0,0.20000000000000001,0.10000000000000001,1,1,2.250533482760384,2.5517357679845247,0.88196180458682683,3.2756986365425882,-0.50499433920707071,0.033164315262427344
9,0,0.20000000000000001,0.10000000000000001,1,2,2.0152797217349487,3.1593213452895377,0.63788374194340058,3.3568374617035346,-0.56776910544553394,0.023087615722693564
9,0,0.20000000000000001,0.10000000000000001,1,3,2.6270786125651897,3.1905692254748415,0.82338868926255959,3.1780952855382409,-0.47567936522023357,0.0276913847979793
9,0,0.20000000000000001,0.10000000000000001,1,4,1.8909673489796455,2.6086020940938686,0.7248968147579814,3.2436869947813767,-0.49129177575256938,0.027742706733406199
9,0,0.20000000000000001,0.10000000000000001,1,5,1.7615118608679872,2.5619394298234974,0.68756967489639087,3.2357932991345124,-0.4885735554357567,0.025705883641054868
9,0,0.20000000000000001,0.10000000000000001,1,6,1.9286264457761859,3.0565172692784359,0.63098823787489489,3.2556010737951024,-0.44738517983904197,0.025091604457816
9,0,0.20000000000000001,0.10000000000000001,1,7,2.1252316367636466,3.1618709011803374,0.67214370958987923,3.3916253339287352,-0.51392220232562391,0.021047481348750365
9,0,0.20000000000000001,0.10000000000000001,1,8,1.9759514544163663,2.5987818960154314,0.76033754792812103,3.2572362357261451,-0.48196550314333991,0.021272668726690515
9,0,0.20000000000000001,0.10000000000000001,2,1,2.1941927273363886,2.7293292981057991,0.80393110822471869,3.6914375662374637,-0.64469526615004902,0.081896452376452697
9,0,0.20000000000000001,0.10000000000000001,2,2,2.0387161699343559,3.0438349302302674,0.66978539134516279,3.807144097465752,-0.73158005456732811,0.056982874416731513
9,0,0.20000000000000001,0.10000000000000001,2,3,2.5532590535089623,3.0474858642650569,0.83782474053401912,3.6030665800870865,-0.65141881249450939,0.085097060743499681
9,0,0.20000000000000001,0.10000000000000001,2,4,2.0512606763901355,2.9337265773589172,0.6991996773730631,3.6759702303453059,-0.64999077268119587,0.07700075352122035
9,0,0.20000000000000001,0.10000000000000001,2,5,2.1275214331617458,2.8098737322747001,0.75715908822687061,3.5969845963153424,-0.60543394209443802,0.058344998670986616
9,0,0.20000000000000001,0.10000000000000001,2,6,2.2113578537557839,2.938269109922893,0.75260562291171995,3.6498569261025549,-0.59720446189097964,0.059296523596167328
9,0,0.20000000000000001,0.10000000000000001,2,7,2.0399076695028242,2.8518123633229342,0.71530220421862611,3.7614646680674926,-0.6359433994633088,0.063219966366087843
9,0,0.20000000000000001,0.10000000000000001,2,8,2.368291888392847,2.8771676125413217,0.8231330973105877,3.7164038462983839,-0.6565072354134891,0.073164091445246285
9,0,0.10000000000000001,0.050000000000000003,1,1,2.1735021021157963,2.5257200610671493,0.86054750707307748,1.6467015408644545,-0.56482857239448003,0.016578350920447935
9,0,0.10000000000000001,0.050000000000000003,1,2,1.932999663656698,3.1445310365224772,0.61471794719329387,1.6768688760891184,-0.6397163719918989,0.011481249154013808
9,0,0.10000000000000001,0.050000000000000003,1,3,2.5702543723074154,3.1482395067546771,0.81641004974139642,1.5986481292845844,-0.58837662770595534,0.01355523592883681
9,0,0.10000000000000001,0.050000000000000003,1,4,1.833841599034209,2.5871375053787937,0.70883035602922406,1.6236814866155842,-0.54100758473533184,0.013866716505405439
9,0,0.10000000000000001,0.050000000000000003,1,5,1.654202597787511,2.530746514281621,0.65364215201026321,1.6194715003288129,-0.53798832506340155,0.012897315859321568
9,0,0.10000000000000001,0.050000000000000003,1,6,1.9756195505374252,3.0230348939684237,0.65352191417942029,1.6344179262844929,-0.51927821796854801,0.012687372557883289
9,0,0.10000000000000001,0.050000000000000003,1,7,2.0911887140712691,3.0968099735099566,0.67527188686398287,1.6933677082828067,-0.55668826804492555,0.010222417549725827
9,0,0.10000000000000001,0.050000000000000003,1,8,1.9434742042782416,2.5502001368328768,0.76208693435796959,1.6306103474218512,-0.54508637916538494,0.010617226271809853
9,0,0.10000000000000001,0.050000000000000003,2,1,2.1210593177097636,2.696784864058102,0.78651409905868763,1.8543426181037448,-0.7249847971299147,0.041328941399220359
9,0,0.10000000000000001,0.050000000000000003,2,2,2.0133822103803385,3.0269462686351529,0.66515294019017079,1.9087347968565478,-0.80316383970446259,0.028752452669330575
9,0,0.10000000000000001,0.050000000000000003,2,3,2.5213064824911742,2.998775719244247,0.84077861052129466,1.8104555245657215,-0.75741103891378891,0.042098415475935833
9,0,0.10000000000000001,0.050000000000000003,2,4,2.0912335306447427,2.9034484913599661,0.72025852597964135,1.8434859187641046,-0.71052334177275489,0.038833067117093216
9,0,0.10000000000000001,0.050000000000000003,2,5,2.1057847445778868,2.7618901609779125,0.76244333476038162,1.8032249484572243,-0.65920765424615624,0.029030931582067595
9,0,0.10000000000000001,0.050000000000000003,2,6,2.1163395435942749,2.8871119145390831,0.7330299642825383,1.8298453374586348,-0.65401049862025895,0.029862511440122849
9,0,0.10000000000000001,0.050000000000000003,2,7,1.9985324517025262,2.819803313212196,0.70874888412904447,1.888489790621799,-0.68988721374428541,0.031559133565984603
9,0,0.10000000000000001,0.050000000000000003,2,8,2.3228487171218704,2.8420627815592194,0.81731083922344017,1.859547234047281,-0.75249946991514893,0.036589012895168901
9,0,0.10000000000000001,0.20000000000000001,1,1,2.4268909092821072,2.5257200610671493,0.96087090041828094,5.5810716020818045,-1.9224311654629469,0.065470580502856604
9,0,0.10000000000000001,0.20000000000000001,1,2,2.2792274452299868,3.1445310365224772,0.72482269017467682,5.7659444471856967,-2.0577533844742191,0.047451245490841967
9,0,0.10000000000000001,0.20000000000000001,1,3,2.7569692196595836,3.1482395067546771,0.87571775074431057,5.5335653437536427,-1.9753662132676479,0.057378250078203151
9,0,0.10000000000000001,0.20000000000000001,1,4,2.0510399746180812,2.5871375053787937,0.79278351860071683,5.647514341869349,-1.9831262408401855,0.055544715545492868
9,0,0.10000000000000001,0.20000000000000001,1,5,2.0526740126719361,2.530746514281621,0.81109427636793929,5.6840395594389435,-2.0367336753646144,0.051332360628235228
9,0,0.10000000000000001,0.20000000000000001,1,6,2.1407821061780505,3.0230348939684237,0.70815659800995057,5.5559891153790382,-1.8783397956341188,0.050541138615019028
9,0,0.10000000000000001,0.20000000000000001,1,7,2.2971540377739608,3.0968099735099566,0.7417807542031204,5.7370486143606225,-2.0189302968521976,0.042304424418891838
9,0,0.10000000000000001,0.20000000000000001,1,8,2.1283202329067858,2.5502001368328768,0.83456988420915523,5.6018980673986452,-1.9973391583658717,0.042643669018110016
9,0,0.10000000000000001,0.20000000000000001,2,1,2.4428279394369299,2.696784864058102,0.9058297426665991,6.1638867550094414,-2.1731268152122705,0.13662710538157211
9,0,0.10000000000000001,0.20000000000000001,2,2,2.2538921549783635,3.0269462686351529,0.74460923813974444,6.4216554063883544,-2.3767480474840763,0.09445793057416968
9,0,0.10000000000000001,0.20000000000000001,2,3,2.821053878401508,2.998775719244247,0.94073520080136952,6.1570823647610045,-2.279909957596284,0.16077691627013171
9,0,0.10000000000000001,0.20000000000000001,2,4,2.2318515899216838,2.9034484913599661,0.76868992047325468,6.271771155742524,-2.2517651079116634,0.12239354113847982
9,0,0.10000000000000001,0.20000000000000001,2,5,2.2646488565884995,2.7618901609779125,0.81996340353616637,6.1864706684356481,-2.2227765606901624,0.10127265114767141
9,0,0.10000000000000001,0.20000000000000001,2,6,2.4064257406092682,2.8871119145390831,0.83350622069440816,6.1097569187935177,-2.1386888078176454,0.10372466993606186
9,0,0.10000000000000001,0.20000000000000001,2,7,2.1595974770863502,2.819803313212196,0.76586812525808112,6.2204830715038106,-2.2459559604985313,0.10079436560251431
9,0,0.10000000000000001,0.20000000000000001,2,8,2.489085195894138,2.8420627815592194,0.87580232641045674,6.2201446380014511,-2.2953035926591041,0.13254001388425288
9,1,0.050000000000000003,0.10000000000000001,1,1,0.27904056339527994,2.5223383498943446,0.11062772899082646,1.3560607133582845,-0.51221380968418506,0.025277433510528823
9,1,0.050000000000000003,0.10000000000000001,1,2,0.27684348332075887,3.1445690617378976,0.08803860811622842,1.3445964743009111,-0.55995268136015908,0.01713122950510966
9,1,0.050000000000000003,0.10000000000000001,1,3,0.29329158742641309,3.1350137722062628,0.093553524398079263,1.3421903859310393,-0.5296922856907379,0.020314661245290039
9,1,0.050000000000000003,0.10000000000000001,1,4,0.2665540659142262,2.5868244951492603,0.10304296499977514,1.3690628791034012,-0.56640947958225374,0.020220515169794839
9,1,0.050000000000000003,0.10000000000000001,1,5,0.3106502351783752,2.5257834049126013,0.1229916368023348,1.3746891121132709,-0.60198298092285552,0.020648901546682231
9,1,0.050000000000000003,0.10000000000000001,1,6,0.27032987616363502,3.0146854387199689,0.08967100603319221,1.3456636590542308,-0.4963257080530869,0.019031198373730858
9,1,0.050000000000000003,0.10000000000000001,1,7,0.27432500618688244,3.0728382628696154,0.089274144201361247,1.3700829340777809,-0.57939845229611198,0.017101895325124423
9,1,0.050000000000000003,0.10000000000000001,1,8,0.28978989042814784,2.536614135278346,0.11424279570071418,1.3336225700697619,-0.5088875372324978,0.015180138639956037
9,1,0.050000000000000003,0.10000000000000001,2,1,0.29355787587200527,2.6894849733002624,0.10915021975816466,1.4201799682378669,-0.58294415618677664,0.036234956690802442
9,1,0.050000000000000003,0.10000000000000001,2,2,0.27022502004045096,3.0262182893046536,0.089294622597281853,1.4178609903958976,-0.6493155730258896,0.023063923727320964
9,1,0.050000000000000003,0.10000000000000001,2,3,0.32005764500136918,2.9826930835078751,0.10730492076809892,1.4067554635869881,-0.61314395983496539,0.03341884690038751
9,1,0.050000000000000003,0.10000000000000001,2,4,0.31512093619449288,2.8975483777450428,0.10875433128737931,1.432847776098179,-0.61321455781254863,0.030913558233934033
9,1,0.050000000000000003,0.10000000000000001,2,5,0.31896579352892479,2.7474883887921027,0.11609359108853375,1.4327442443916056,-0.64903566272908009,0.028643640197412851
9,1,0.050000000000000003,0.10000000000000001,2,6,0.30884233102150432,2.8701528491266113,0.10760483753173117,1.4001786002087344,-0.53584027121801181,0.029585629069446864
9,1,0.050000000000000003,0.10000000000000001,2,7,0.29099656135015184,2.8135777898572263,0.1034258097995998,1.4330572329976252,-0.64719362481334308,0.02457592080220879
9,1,0.050000000000000003,0.10000000000000001,2,8,0.31898761740404469,2.8342368253423853,0.11254797572023993,1.3974072912342601,-0.59026979714924777,0.025033127910938525
9,1,0.10000000000000001,0.10000000000000001,1,1,0.27941451330420125,2.5257200610671493,0.11062766519981831,1.3580077208290298,-0.069498735065966766,0.025294591670550398
9,1,0.10000000000000001,0.10000000000000001,1,2,0.27655819884494282,3.1445310365224772,0.087948948708990102,1.346126337205944,-0.11168046960177035,0.017129617161613445
9,1,0.10000000000000001,0.10000000000000001,1,3,0.29354094577529583,3.1482395067546771,0.093239712272681824,1.3420199067555876,-0.066552944224997135,0.020304585718745775
9,1,0.10000000000000001,0.10000000000000001,1,4,0.26504182473121402,2.5871375053787937,0.1024459752062572,1.3696612901759941,-0.11406483439717162,0.020222193760792397
9,1,0.10000000000000001,0.10000000000000001,1,5,0.30980113167433831,2.530746514281621,0.12241491983731077,1.3754213109438174,-0.150651953476963,0.020649766542436797
9,1,0.10000000000000001,0.10000000000000001,1,6,0.26861310664932109,3.0230348939684237,0.088855443642168824,1.3472073336263255,-0.051011996558922947,0.019022824830153332
9,1,0.10000000000000001,0.10000000000000001,1,7,0.27355414437054421,3.0968099735099566,0.088334171844743542,1.3714694272997403,-0.1039802479275193,0.017078201040141839
9,1,0.10000000000000001,0.10000000000000001,1,8,0.28949646607276691,2.5502001368328768,0.11351911635935207,1.3352188863442336,-0.06209141206338991,0.015179457392987135
9,1,0.10000000000000001,0.10000000000000001,2,1,0.2934392970705833,2.696784864058102,0.10881079205888823,1.4225097025889188,-0.12242275705263495,0.036449201463861818
9,1,0.10000000000000001,0.10000000000000001,2,2,0.27012972843547806,3.0269462686351529,0.089241666175091799,1.4201239086734223,-0.17248911411559079,0.023073953382213786
9,1,0.10000000000000001,0.10000000000000001,2,3,0.31910154918886108,2.998775719244247,0.10641060854970548,1.4061484540165314,-0.12413185497515965,0.033420929459165638
9,1,0.10000000000000001,0.10000000000000001,2,4,0.31283950851105535,2.9034484913599661,0.10774756619309693,1.4334422431523755,-0.14741720635972458,0.030955477603711146
9,1,0.10000000000000001,0.10000000000000001,2,5,0.31777976437159505,2.7618901609779125,0.11505879881156375,1.4340510293714104,-0.1821807797236569,0.028706829173792879
9,1,0.10000000000000001,0.10000000000000001,2,6,0.30842273613047361,2.8871119145390831,0.10682742659794404,1.40233024277526,-0.082968337588911811,0.029502155932916704
9,1,0.10000000000000001,0.10000000000000001,2,7,0.29049738765592575,2.819803313212196,0.10302044340993553,1.4353785445442646,-0.14257773568452189,0.024556490262271153
9,1,0.10000000000000001,0.10000000000000001,2,8,0.31899894085688324,2.8420627815592194,0.11224204578685389,1.3991389755043486,-0.11746644066363728,0.025026193996643558
9,1,0.20000000000000001,0.10000000000000001,1,1,0.28038412573696664,2.5517357679845247,0.10987976468991011,1.3636118660174967,0.36639121949226888,0.025328993635511835
9,1,0.20000000000000001,0.10000000000000001,1,2,0.27626826456625903,3.1593213452895377,0.087445446148796319,1.350955009990475,0.34425681761897736,0.017126621934865676
9,1,0.20000000000000001,0.10000000000000001,1,3,0.29429542399873249,3.1905692254748415,0.092239159598530102,1.3435140054308894,0.38572880851329322,0.020284749335937016
9,1,0.20000000000000001,0.10000000000000001,1,4,0.26241295061906567,2.6086020940938686,0.10059523881131369,1.3724657812189891,0.34168097141714598,0.020225802224433546
9,1,0.20000000000000001,0.10000000000000001,1,5,0.30840232080059748,2.5619394298234974,0.12037845907303305,1.3784891501108456,0.32845090854166364,0.020651647449965591
9,1,0.20000000000000001,0.10000000000000001,1,6,0.26591644586179825,3.0565172692784359,0.086999817908627153,1.3520125141689934,0.38327251699210779,0.019006579907675947
9,1,0.20000000000000001,0.10000000000000001,1,7,0.27249452443682781,3.1618709011803374,0.086181420100075762,1.3760932850962273,0.35854171103974064,0.017026721561068287
9,1,0.20000000000000001,0.10000000000000001,1,8,0.28907938165528624,2.5987818960154314,0.11123649202671285,1.3400935863426204,0.38293169431468538,0.015177896147596291
9,1,0.20000000000000001,0.10000000000000001,2,1,0.29347776591617025,2.7293292981057991,0.10752743031771535,1.4294780675046359,0.33653257764450722,0.036902643560374156
9,1,0.20000000000000001,0.10000000000000001,2,2,0.27032213687626805,3.0438349302302674,0.088809722955580275,1.4269934947999166,0.30938502708190735,0.023132417297123953
9,1,0.20000000000000001,0.10000000000000001,2,3,0.31752780211826503,3.0474858642650569,0.1041933634021437,1.4074016637802111,0.35053176870572966,0.033458600140533604
9,1,0.20000000000000001,0.10000000000000001,2,4,0.30877604345010567,2.9337265773589172,0.10525045034294941,1.4368588919906258,0.31598181536674363,0.031091619017505862
9,1,0.20000000000000001,0.10000000000000001,2,5,0.31585735550695754,2.8098737322747001,0.11240980399900709,1.4388148415369959,0.30976280730215094,0.028863338680676875
9,1,0.20000000000000001,0.10000000000000001,2,6,0.30811936773665788,2.938269109922893,0.10486424361066903,1.40897991705297,0.35903191767876352,0.029364017052866127
9,1,0.20000000000000001,0.10000000000000001,2,7,0.2900537223471859,2.8518123633229342,0.10170855771493152,1.4424254023840091,0.32979631986460251,0.024561304165213634
9,1,0.20000000000000001,0.10000000000000001,2,8,0.31927677407361077,2.8771676125413217,0.11096912556707203,1.4049814776872847,0.34874351663482872,0.025058316665348048
9,1,0.10000000000000001,0.050000000000000003,1,1,0.18684934358059102,2.5257200610671493,0.073978643342463207,0.68181271075665906,0.35409457887404022,0.012685878036024251
9,1,0.10000000000000001,0.050000000000000003,1,2,0.18075691352905945,3.1445310365224772,0.057482947832169506,0.67547500333302801,0.33694491037617141,0.0085761854344437848
9,1,0.10000000000000001,0.050000000000000003,1,3,0.20286281130706277,3.1482395067546771,0.064436905410726303,0.67175055813770157,0.36775245485002522,0.010143142232945289
9,1,0.10000000000000001,0.050000000000000003,1,4,0.16344464018570512,2.5871375053787937,0.063175861292990881,0.68623289060949377,0.33113906269564441,0.010123875829453141
9,1,0.10000000000000001,0.050000000000000003,1,5,0.18593151722002874,2.530746514281621,0.073469040131349292,0.68924457505542214,0.32791710580404382,0.010338617523222944
9,1,0.10000000000000001,0.050000000000000003,1,6,0.17549875199728443,3.0230348939684237,0.058053829397550299,0.67606932783615914,0.37307195218870443,0.0095003325894110029
9,1,0.10000000000000001,0.050000000000000003,1,7,0.17277961144166026,3.0968099735099566,0.055792771568037178,0.68856976973817519,0.34531734215543347,0.0085996389209419283
9,1,0.10000000000000001,0.050000000000000003,1,8,0.18445702868515865,2.5502001368328768,0.072330412825652959,0.67006911572653505,0.37635739237764393,0.0076088178313741617
9,1,0.10000000000000001,0.050000000000000003,2,1,0.19342132343765767,2.696784864058102,0.071722934230133095,0.71474006077467689,0.32656528324735284,0.018431398670827839
9,1,0.10000000000000001,0.050000000000000003,2,2,0.17693355655716095,3.0269462686351529,0.058452823689182996,0.71349833853249212,0.30242211259971802,0.011593445856310763
9,1,0.10000000000000001,0.050000000000000003,2,3,0.21611796792117902,2.998775719244247,0.07206873342820222,0.70370083189010535,0.32765458812487708,0.016656733840974849
9,1,0.10000000000000001,0.050000000000000003,2,4,0.20055751978049663,2.9034484913599661,0.069075625201312288,0.71842944599531311,0.30081657391097316,0.015585874422386455
9,1,0.10000000000000001,0.050000000000000003,2,5,0.2015512500786116,2.7618901609779125,0.072975838404539459,0.71940742076849828,0.30684256595643972,0.014433147197265839
9,1,0.10000000000000001,0.050000000000000003,2,6,0.20350626527233545,2.8871119145390831,0.070487833965668933,0.704489923502291,0.35062516848634262,0.014697981035442637
9,1,0.10000000000000001,0.050000000000000003,2,7,0.18469344351963046,2.819803313212196,0.065498697251063165,0.72121270119200387,0.31770341697834859,0.01226912072583256
9,1,0.10000000000000001,0.050000000000000003,2,8,0.21419274150179374,2.8420627815592194,0.07536523925213319,0.70249117172388154,0.33733998017374905,0.012547473497516455
9,1,0.10000000000000001,0.20000000000000001,1,1,0.50197013128445234,2.5257200610671493,0.1987433758087836,2.7122137949100553,-0.50025318097548566,0.050228097399404682
9,1,0.10000000000000001,0.20000000000000001,1,2,0.49377458017041898,3.1445310365224772,0.15702646100020118,2.6885207973545633,-0.54583281155578689,0.034229894933373042
9,1,0.10000000000000001,0.20000000000000001,1,3,0.52715955207993836,3.1482395067546771,0.16744582200588484,2.6838775549253495,-0.50213250448913216,0.040578801474696523
9,1,0.10000000000000001,0.20000000000000001,1,4,0.50339440585857098,2.5871375053787937,0.19457582166080767,2.7380566210129391,-0.54957061040672561,0.040315633912237629
9,1,0.10000000000000001,0.20000000000000001,1,5,0.57846519717340161,2.530746514281621,0.22857492597894777,2.7493307476392395,-0.59803084866794376,0.041162135202847873
9,1,0.10000000000000001,0.20000000000000001,1,6,0.48621429842588676,3.0230348939684237,0.16083648236941767,2.6900834858154461,-0.49079322891192573,0.037936811976189443
9,1,0.10000000000000001,0.20000000000000001,1,7,0.54306506689053369,3.0968099735099566,0.17536273505184372,2.7402860078950684,-0.57384067516573711,0.033881906116043067
9,1,0.10000000000000001,0.20000000000000001,1,8,0.52926932881888411,2.5502001368328768,0.20754031072878454,2.6661853230893828,-0.50239648267139547,0.030272378625820637
9,1,0.10000000000000001,0.20000000000000001,2,1,0.52552231903695767,2.696784864058102,0.19486994533414712,2.8398455250648102,-0.57340562090668612,0.072224463887608573
9,1,0.10000000000000001,0.20000000000000001,2,2,0.49105595933903201,3.0269462686351529,0.16222817181371663,2.8348410813552252,-0.6299716925856601,0.045975825071938869
9,1,0.10000000000000001,0.20000000000000001,2,3,0.56741750854059458,2.998775719244247,0.1892163875074977,2.8131907887387002,-0.58694682015662381,0.067298645976639718
9,1,0.10000000000000001,0.20000000000000001,2,4,0.57209950744158289,2.9034484913599661,0.19704138342527072,2.8652561689024432,-0.60642064115495087,0.061315896567925694
9,1,0.10000000000000001,0.20000000000000001,2,5,0.58528218878612848,2.7618901609779125,0.21191363691990397,2.8652732553452434,-0.64010686020679242,0.057201718746125396
9,1,0.10000000000000001,0.20000000000000001,2,6,0.54439941407634951,2.8871119145390831,0.18856193670042087,2.8003722005849712,-0.52847749899502727,0.058945024594190799
9,1,0.10000000000000001,0.20000000000000001,2,7,0.53762993897329392,2.819803313212196,0.1906622126636377,2.8659320912209787,-0.62946686485983261,0.049276736519131011
9,1,0.10000000000000001,0.20000000000000001,2,8,0.56122060066679424,2.8420627815592194,0.19746945926328061,2.7940713137399746,-0.56773607239454738,0.049940136625322908
10,0,0.050000000000000003,0.10000000000000001,1,1,1.8145120032171067,2.6113757293959443,0.69484907238409321,2.9013694398434402,-2.2843950494452891,0.03010930881421164
10,0,0.050000000000000003,0.10000000000000001,1,2,2.0122936269014104,3.5042156682358829,0.57424936631096501,2.8432154719354568,-2.1676180853046314,0.035269660677917529
10,0,0.050000000000000003,0.10000000000000001,1,3,1.6065243613009565,3.4469818561177221,0.46606696186975527,2.9268110403840506,-2.383940396303982,0.029960884496166629
10,0,0.050000000000000003,0.10000000000000001,1,4,1.8970526046125338,2.3712863185577508,0.80000993122009301,2.8473943176413212,-2.1299413302383527,0.024063719243871368
10,0,0.050000000000000003,0.10000000000000001,1,5,2.1697630209188654,2.5238773949974695,0.85969430417638837,2.9132721153221972,-2.2678577616982567,0.031235452506205703
10,0,0.050000000000000003,0.10000000000000001,1,6,1.8297766748633559,2.9891660190520195,0.6121361821996254,2.9548461063224587,-2.3889715711038808,0.02507968849137529
10,0,0.050000000000000003,0.10000000000000001,1,7,1.5979941838911449,2.5103492388568318,0.6365624986182572,2.9194262988439856,-2.378129810130257,0.030834042470169059
10,0,0.050000000000000003,0.10000000000000001,1,8,1.7748580996788286,2.4525314769100759,0.72368412653971625,2.8539590111077935,-2.1669467445841657,0.027464242959080863
10,0,0.050000000000000003,0.10000000000000001,2,1,2.3903716308993683,2.8844860119369273,0.82869933187654388,3.1663539787926043,-2.5547862797904837,0.068242521765239053
10,0,0.050000000000000003,0.10000000000000001,2,2,2.44469855189138,3.1424464548032565,0.77796028891904812,3.1118232453611983,-2.4389450152384642,0.079147692050720336
10,0,0.050000000000000003,0.10000000000000001,2,3,2.0701987955351107,3.1065390019910466,0.66640038776538024,3.1934143251854388,-2.5876042505346781,0.073211582421959798
10,0,0.050000000000000003,0.10000000000000001,2,4,1.821574885438016,2.7778736747174682,0.65574432056320364,3.1545352872242969,-2.3480183704953137,0.065792514857545434
10,0,0.050000000000000003,0.10000000000000001,2,5,2.2570814616401895,2.6955456282463444,0.837337508958656,3.1216308470745395,-2.3904835223097751,0.068361413233826482
10,0,0.050000000000000003,0.10000000000000001,2,6,2.5299829539463374,2.9426395137984489,0.85976652664483466,3.2600795795045592,-2.6945223434059415,0.066861568354724621
10,0,0.050000000000000003,0.10000000000000001,2,7,2.2741918198320157,2.7922247298813545,0.81447305995626262,3.1952673305246626,-2.6729256096339715,0.06680652939898131
10,0,0.050000000000000003,0.10000000000000001,2,8,1.8858127510229836,2.7098642504741925,0.69590672325855063,3.0939399304155075,-2.3273254270855097,0.057955152542688369
10,0,0.10000000000000001,0.10000000000000001,1,1,1.8341157844341656,2.6320681563452086,0.69683445696974278,2.9777036241170669,-1.37783377647274,0.030207348317214121
10,0,0.10000000000000001,0.10000000000000001,1,2,2.0291801130380374,3.5168914227677157,0.57698116578222869,2.9330052008644261,-1.2780045995277891,0.035492094942217625
10,0,0.10000000000000001,0.10000000000000001,1,3,1.5915253632086288,3.4534655445658005,0.46084877427341731,3.003964682509745,-1.3693194374098521,0.029737914319379648
10,0,0.10000000000000001,0.10000000000000001,1,4,1.882729016923498,2.3834518221361782,0.78991695969591469,2.9301131179378652,-1.2231479856157152,0.023981067515936365
10,0,0.10000000000000001,0.10000000000000001,1,5,2.2005136402045284,2.5476642652641104,0.86373768718556265,2.9980197756199325,-1.3268698578650964,0.031227260955316406
10,0,0.10000000000000001,0.10000000000000001,1,6,1.830030513011206,3.0018802650926899,0.60962808353540365,3.0512398728012835,-1.4040635335423373,0.02515000491043114
10,0,0.10000000000000001,0.10000000000000001,1,7,1.6029903781819557,2.504906152174935,0.63994029348769299,3.0029342562400774,-1.4104893912795873,0.030825637231314314
10,0,0.10000000000000001,0.10000000000000001,1,8,1.776873569511249,2.4576333515270838,0.72300189465086995,2.9360793182638032,-1.283342092352818,0.027519762538604668
10,0,0.10000000000000001,0.10000000000000001,2,1,2.4161693669791706,2.8941419860647639,0.83484824815540426,3.271811610088863,-1.5844613284358144,0.071151864062965128
10,0,0.10000000000000001,0.10000000000000001,2,2,2.4454559711067394,3.1540593587400414,0.77533606472252026,3.2236954181144513,-1.4545565880316609,0.081396999567085793
10,0,0.10000000000000001,0.10000000000000001,2,3,2.065242572033605,3.1173273574417073,0.66250423366780598,3.2955883944770248,-1.4896664917879889,0.07331931610622118
10,0,0.10000000000000001,0.10000000000000001,2,4,1.8292111059190177,2.7871257454490275,0.65630734777785127,3.2566027440957619,-1.3901593070288485,0.067769271717976129
10,0,0.10000000000000001,0.10000000000000001,2,5,2.2750342154999155,2.7090068204104791,0.83980379759811519,3.2252626361780772,-1.429554245355205,0.069864993256522137
10,0,0.10000000000000001,0.10000000000000001,2,6,2.5281314308629881,2.9548925751678055,0.85557473463123035,3.361506029136486,-1.6306861459871573,0.068306256852134248
10,0,0.10000000000000001,0.10000000000000001,2,7,2.2646904843800941,2.8052410822020639,0.80730690091075974,3.2974418036650537,-1.6191645081094139,0.068398371672633643
10,0,0.10000000000000001,0.10000000000000001,2,8,1.9007325850379029,2.7211509244878096,0.69850318405094325,3.2119786977642386,-1.4294205395343902,0.061302517764034871
10,0,0.20000000000000001,0.10000000000000001,1,1,1.8762198942322377,2.6920248178331629,0.69695490242264013,3.276910832775831,-0.55438796642766142,0.030388727572505762
10,0,0.20000000000000001,0.10000000000000001,1,2,2.0890000255945353,3.5559332347500106,0.58746885492111789,3.2771201032365047,-0.52938983414299001,0.036048754752065558
10,0,0.20000000000000001,0.10000000000000001,1,3,1.5788371004236934,3.4808517028483252,0.45357781233017086,3.2939455823939801,-0.52027021306124221,0.029000561588688023
10,0,0.20000000000000001,0.10000000000000001,1,4,1.8561891700959467,2.428317399680604,0.7643931433098865,3.2466093899083823,-0.4556783265716316,0.02378244273674714
10,0,0.20000000000000001,0.10000000000000001,1,5,2.3031758394889352,2.6107147834801232,0.88220124774364139,3.3324591304365656,-0.50742718999156944,0.032928103075982623
10,0,0.20000000000000001,0.10000000000000001,1,6,1.8489227554936165,3.0434072148348745,0.60751737279230089,3.3898333143265322,-0.58573271378529301,0.025276396435268807
10,0,0.20000000000000001,0.10000000000000001,1,7,1.6382862851911273,2.5159581557803441,0.65115800174466731,3.3257721525947868,-0.58546388816541761,0.03088426620186184
10,0,0.20000000000000001,0.10000000000000001,1,8,1.7946460994812163,2.490838810430156,0.72049868982541243,3.2555175983963327,-0.53567201832329137,0.02756397475256981
10,0,0.20000000000000001,0.10000000000000001,2,1,2.475102221962711,2.9308480140457234,0.84450036648133664,3.6682275386630372,-0.68935248396215909,0.079649935629855201
10,0,0.20000000000000001,0.10000000000000001,2,2,2.451933378594366,3.1925651290402532,0.7680135813960558,3.6348996050426865,-0.65053227316422357,0.087625036068362555
10,0,0.20000000000000001,0.10000000000000001,2,3,2.0685388053471923,3.1547494395122082,0.65569036305686212,3.6646238401400759,-0.61316838939294904,0.07508021396696489
10,0,0.20000000000000001,0.10000000000000001,2,4,1.8590568842483428,2.8233385724837952,0.65846048446568772,3.6502882580128611,-0.59666278603978684,0.074842999454904899
10,0,0.20000000000000001,0.10000000000000001,2,5,2.3224130589781637,2.7510339249642963,0.84419644479967826,3.6151940296066698,-0.60411058194045009,0.076006314871420927
10,0,0.20000000000000001,0.10000000000000001,2,6,2.5283701825486267,2.9957661544870637,0.84398115612649849,3.7462412208286135,-0.72569128734322685,0.07439965009519639
10,0,0.20000000000000001,0.10000000000000001,2,7,2.26238278968881,2.8504705319622023,0.7936874857399191,3.6980761430160252,-0.73441598529950802,0.074074114192139828
10,0,0.20000000000000001,0.10000000000000001,2,8,1.9448075247468748,2.7643213901292802,0.70353886190343484,3.643178777990093,-0.64948042755666091,0.069133043155683083
10,0,0.10000000000000001,0.050000000000000003,1,1,1.794173456367141,2.6320681563452086,0.68165919337683989,1.6430660663208092,-0.61697087401205242,0.015203898774470474
10,0,0.10000000000000001,0.050000000000000003,1,2,1.9329793739450463,3.5168914227677157,0.54962725361132536,1.6493360541210293,-0.59727255728214557,0.017734010898339956
10,0,0.10000000000000001,0.050000000000000003,1,3,1.5246524450222989,3.4534655445658005,0.44148477097778355,1.6589769269263852,-0.59824228262942247,0.015243434082039271
10,0,0.10000000000000001,0.050000000000000003,1,4,1.8789555565001894,2.3834518221361782,0.788333768297514,1.6253502699460778,-0.52764687496744533,0.012008455620977621
10,0,0.10000000000000001,0.050000000000000003,1,5,2.0708589143937024,2.5476642652641104,0.81284608126299618,1.6999211807175025,-0.60938593272016928,0.016266713445044115
10,0,0.10000000000000001,0.050000000000000003,1,6,1.7106688019034679,3.0018802650926899,0.56986576773096154,1.6937003867338838,-0.64008891893815389,0.012605539936383461
10,0,0.10000000000000001,0.050000000000000003,1,7,1.5498092396849881,2.504906152174935,0.61870950268509461,1.6620304410949367,-0.66658573806916355,0.015319438849249403
10,0,0.10000000000000001,0.050000000000000003,1,8,1.6702070019778663,2.4576333515270838,0.67959974621115082,1.6322283542624874,-0.59038940785413396,0.014041738057388672
10,0,0.10000000000000001,0.050000000000000003,2,1,2.3258710297005356,2.8941419860647639,0.8036478655503283,1.8485885194559848,-0.77708320330809755,0.039906640908222893
10,0,0.10000000000000001,0.050000000000000003,2,2,2.360307318998998,3.1540593587400414,0.74833953662237829,1.828096054740534,-0.72264443935460243,0.043669269967686671
10,0,0.10000000000000001,0.050000000000000003,2,3,1.9685500158168883,3.1173273574417073,0.6314864594241445,1.8402049558073379,-0.68173455326910071,0.038077674811195304
10,0,0.10000000000000001,0.050000000000000003,2,4,1.7705064207548422,2.7871257454490275,0.6352445431089081,1.8340475397116509,-0.66668416427546118,0.037917026485044712
10,0,0.10000000000000001,0.050000000000000003,2,5,2.1599548557925208,2.7090068204104791,0.79732352075261148,1.813130971800609,-0.6649029125848086,0.037838623607933428
10,0,0.10000000000000001,0.050000000000000003,2,6,2.406012844614271,2.9548925751678055,0.81424714550837296,1.8809020683210804,-0.78813471490179443,0.036250786191669077
10,0,0.10000000000000001,0.050000000000000003,2,7,2.2233743192180335,2.8052410822020639,0.79257869611431919,1.8566202959397144,-0.82863062795557252,0.037533755132132925
10,0,0.10000000000000001,0.050000000000000003,2,8,1.8280177583511357,2.7211509244878096,0.67178109890954152,1.8286063420428358,-0.72050354366163305,0.035233657872018029
10,0,0.10000000000000001,0.20000000000000001,1,1,1.9887288546733664,2.6320681563452086,0.7555765035487686,5.7158527474867462,-2.093279477467624,0.059166698653024034
10,0,0.10000000000000001,0.20000000000000001,1,2,2.3271295118397481,3.5168914227677157,0.66170069874046578,5.5701209669495872,-1.9520263436750855,0.070727284486827233
10,0,0.10000000000000001,0.20000000000000001,1,3,1.855310838575732,3.4534655445658005,0.53723160536382231,5.7334831793419596,-2.1244426791486091,0.055243767121061174
10,0,0.10000000000000001,0.20000000000000001,1,4,2.004002791051803,2.3834518221361782,0.8407985311218531,5.6250852692712616,-1.9653701326674071,0.044517048555603823
10,0,0.10000000000000001,0.20000000000000001,1,5,2.6432105268079593,2.5476642652641104,1.0375034743967506,5.7060185368369263,-2.0770757350618534,0.062334874307353648
10,0,0.10000000000000001,0.20000000000000001,1,6,2.1390853610873624,3.0018802650926899,0.71258183944299103,5.8670664042999432,-2.1992710453348359,0.051418123617053522
10,0,0.10000000000000001,0.20000000000000001,1,7,1.8123833161990128,2.504906152174935,0.72353342045384605,5.7701179430003862,-2.2083436234400726,0.061252978935336398
10,0,0.10000000000000001,0.20000000000000001,1,8,2.0436838781746598,2.4576333515270838,0.83156581387731787,5.6379640462645817,-2.0437012498534268,0.052280780686265578
10,0,0.10000000000000001,0.20000000000000001,2,1,2.6768132969655825,2.8941419860647639,0.92490738528185046,6.1784517070635356,-2.24484913688122,0.13240453532023175
10,0,0.10000000000000001,0.20000000000000001,2,2,2.6336219692268488,3.1540593587400414,0.83499442137287716,6.0840313162264605,-2.1802793998888013,0.15739319961972642
10,0,0.10000000000000001,0.20000000000000001,2,3,2.3537317428616862,3.1173273574417073,0.75504798597517842,6.272379021979515,-2.3263518127673399,0.13895078457662091
10,0,0.10000000000000001,0.20000000000000001,2,4,2.0488109450595151,2.7871257454490275,0.73509813771586252,6.1683068892995863,-2.149031362976352,0.11893983946328279
10,0,0.10000000000000001,0.20000000000000001,2,5,2.5993720560454157,2.7090068204104791,0.9595295354965363,6.1377015348437034,-2.2034537966745038,0.13408922437928
10,0,0.10000000000000001,0.20000000000000001,2,6,2.7758248866104314,2.9548925751678055,0.93939959440075249,6.4367926274336567,-2.4841740619730635,0.13173235072411271
10,0,0.10000000000000001,0.20000000000000001,2,7,2.3847983230960925,2.8052410822020639,0.85012241487069218,6.2297410577615109,-2.3908118627752071,0.12919262674228479
10,0,0.10000000000000001,0.20000000000000001,2,8,2.0855193709914817,2.7211509244878096,0.76641076840823519,6.090946284724029,-2.1934206850688747,0.11544780597746218
10,1,0.050000000000000003,0.10000000000000001,1,1,0.26696076817834175,2.6113757293959443,0.10222993389009337,1.3676211821228195,-0.59551910227813032,0.024336367861999282
10,1,0.050000000000000003,0.10000000000000001,1,2,0.27862653113856117,3.5042156682358829,0.079511810207397796,1.3302939673670389,-0.5241556510221983,0.025915990551586759
10,1,0.050000000000000003,0.10000000000000001,1,3,0.26770030158737373,3.4469818561177221,0.077662231123223874,1.3480858826431177,-0.65312748016297972,0.022455094384880445
10,1,0.050000000000000003,0.10000000000000001,1,4,0.26161009084477121,2.3712863185577508,0.11032412610716959,1.3651791648658707,-0.55830403233673953,0.018241833982873479
10,1,0.050000000000000003,0.10000000000000001,1,5,0.30826829438063519,2.5238773949974695,0.12214075651679754,1.3259169372191795,-0.53904319540434587,0.024519215851246196
10,1,0.050000000000000003,0.10000000000000001,1,6,0.27419923028670351,2.9891660190520195,0.091731014115322612,1.3812261985778749,-0.63269641570504298,0.020284905074173309
10,1,0.050000000000000003,0.10000000000000001,1,7,0.25607532676414158,2.5103492388568318,0.10200784926672342,1.3910915189522444,-0.62850451385795958,0.023970697695931395
10,1,0.050000000000000003,0.10000000000000001,1,8,0.2730406497230688,2.4525314769100759,0.11133013063998283,1.3539191047438597,-0.58328885303852462,0.021765664040272255
10,1,0.050000000000000003,0.10000000000000001,2,1,0.29529675967840041,2.8844860119369273,0.10237413475273162,1.4228561453707678,-0.65444637217434554,0.033529810884210726
10,1,0.050000000000000003,0.10000000000000001,2,2,0.3126835445544216,3.1424464548032565,0.099503221153213958,1.3961407262492311,-0.58897692014802594,0.037983933411584035
10,1,0.050000000000000003,0.10000000000000001,2,3,0.28963948966985309,3.1065390019910466,0.093235426783380801,1.4110891724466954,-0.70750496607126845,0.037399113355173937
10,1,0.050000000000000003,0.10000000000000001,2,4,0.29722081331818639,2.7778736747174682,0.10699579898946129,1.4242455683442314,-0.61998760460960456,0.030613496629689204
10,1,0.050000000000000003,0.10000000000000001,2,5,0.33141291833783232,2.6955456282463444,0.12294836149868529,1.3806979621911202,-0.57381339063194003,0.037039462134676931
10,1,0.050000000000000003,0.10000000000000001,2,6,0.30177629214981022,2.9426395137984489,0.10255292594785699,1.4375756500843391,-0.6892903854372916,0.031495320978560878
10,1,0.050000000000000003,0.10000000000000001,2,7,0.28242512524379448,2.7922247298813545,0.10114698943154017,1.4527551335862927,-0.68134187531197288,0.037063167783107635
10,1,0.050000000000000003,0.10000000000000001,2,8,0.27732098335249872,2.7098642504741925,0.10233759248418846,1.4075297920843233,-0.62954529037471307,0.033566503070123932
10,1,0.10000000000000001,0.10000000000000001,1,1,0.26769423732927228,2.6320681563452086,0.10170490330348531,1.3684176045652909,-0.14434264612518385,0.024341422392445983
10,1,0.10000000000000001,0.10000000000000001,1,2,0.27979171033533684,3.5168914227677157,0.079556539199366852,1.3312990713428146,-0.089395611300185765,0.025924920728980148
10,1,0.10000000000000001,0.10000000000000001,1,3,0.26697953807545488,3.4534655445658005,0.077307717314730545,1.3491551364933199,-0.15239608147710296,0.02245196231043339
10,1,0.10000000000000001,0.10000000000000001,1,4,0.26136926439762515,2.3834518221361782,0.10965997381200342,1.3654450045001711,-0.1003300207495517,0.01823165359567477
10,1,0.10000000000000001,0.10000000000000001,1,5,0.30956753803570941,2.5476642652641104,0.12151033488065087,1.3270017099488456,-0.085340363861292665,0.024514787132552188
10,1,0.10000000000000001,0.10000000000000001,1,6,0.27374605925683104,3.0018802650926899,0.09119153166769578,1.3819768196325113,-0.15417699210849037,0.020288523970130923
10,1,0.10000000000000001,0.10000000000000001,1,7,0.25682463669286903,2.504906152174935,0.10252864622088771,1.3920326582096774,-0.15984669682292221,0.023966390484486517
10,1,0.10000000000000001,0.10000000000000001,1,8,0.27363285198182302,2.4576333515270838,0.1113399815362196,1.3543308761141915,-0.12191301263501175,0.021774502119087602
10,1,0.10000000000000001,0.10000000000000001,2,1,0.29637449456938081,2.8941419860647639,0.10240496008710634,1.4246380855598388,-0.18229974457300072,0.03364601736487742
10,1,0.10000000000000001,0.10000000000000001,2,2,0.313119541247944,3.1540593587400414,0.099275094611100317,1.3976693108091902,-0.13081586390101826,0.038084515503627472
10,1,0.10000000000000001,0.10000000000000001,2,3,0.28902093035912402,3.1173273574417073,0.092714334177695867,1.4124265782769319,-0.18606588085507944,0.037339635204151608
10,1,0.10000000000000001,0.10000000000000001,2,4,0.29748568981003592,2.7871257454490275,0.10673565421143519,1.4246901495375626,-0.14628789097849687,0.030547250393889915
10,1,0.10000000000000001,0.10000000000000001,2,5,0.33237780528318001,2.7090068204104791,0.12269360223789205,1.3818953030929482,-0.10829353321655277,0.036993561436472547
10,1,0.10000000000000001,0.10000000000000001,2,6,0.30127347504697277,2.9548925751678055,0.10195750518269306,1.4379855556698951,-0.19021872151189442,0.0315338270538928
10,1,0.10000000000000001,0.10000000000000001,2,7,0.28282559798073659,2.8052410822020639,0.10082042494498318,1.4538588821211014,-0.18672557518867428,0.037088226770019495
10,1,0.10000000000000001,0.10000000000000001,2,8,0.27831305219615543,2.7211509244878096,0.10227769790039892,1.4084072065363924,-0.1577151989730762,0.033726462513486551
10,1,0.20000000000000001,0.10000000000000001,1,1,0.26939617841060709,2.6920248178331629,0.10007195202139582,1.3716434037279608,0.33164286233894869,0.024351465434848962
10,1,0.20000000000000001,0.10000000000000001,1,2,0.28283970876865067,3.5559332347500106,0.079540219148275124,1.3351487265509521,0.35859321388450044,0.025942238468816232
10,1,0.20000000000000001,0.10000000000000001,1,3,0.26590405143254564,3.4808517028483252,0.07639051419943016,1.3529149841389159,0.32854791261229233,0.022445964729165688
10,1,0.20000000000000001,0.10000000000000001,1,4,0.26110793426088214,2.428317399680604,0.10752627901740752,1.3676910635204087,0.3589294940171463,0.018211431208329579
10,1,0.20000000000000001,0.10000000000000001,1,5,0.31274398071376325,2.6107147834801232,0.11979247319267511,1.3309322596899469,0.36961981696324969,0.024506581977910748
10,1,0.20000000000000001,0.10000000000000001,1,6,0.27322430317785434,3.0434072148348745,0.089775795314554582,1.3851320689997015,0.32388097414734224,0.0202959051736618
10,1,0.20000000000000001,0.10000000000000001,1,7,0.25879429622052202,2.5159581557803441,0.1028611289205861,1.3956230556636231,0.31784706102203159,0.023957877691453869
10,1,0.20000000000000001,0.10000000000000001,1,8,0.27508091606758955,2.490838810430156,0.11043706036525278,1.3568597362021122,0.33065939068872785,0.02179155042137922
10,1,0.20000000000000001,0.10000000000000001,2,1,0.29878083728420812,2.9308480140457234,0.10194347705931465,1.4305303372135614,0.30692110162143932,0.033900407151700937
10,1,0.20000000000000001,0.10000000000000001,2,2,0.314385298669274,3.1925651290402532,0.098474200513423607,1.403096068784953,0.33389467474725171,0.038304701746731215
10,1,0.20000000000000001,0.10000000000000001,2,3,0.28819555707339917,3.1547494395122082,0.091352914898357312,1.4172037543027318,0.30940189040016586,0.037241875174321801
10,1,0.20000000000000001,0.10000000000000001,2,4,0.29847811918476513,2.8233385724837952,0.1057181459190645,1.427888095618681,0.32817057194343352,0.030450969621134714
10,1,0.20000000000000001,0.10000000000000001,2,5,0.33450031581039674,2.7510339249642963,0.12159076366705945,1.3865826183242651,0.35414744645945756,0.036927750321181028
10,1,0.20000000000000001,0.10000000000000001,2,6,0.30068667823600975,2.9957661544870637,0.10037054387093623,1.4410216466873176,0.29898591459853585,0.031640281539209808
10,1,0.20000000000000001,0.10000000000000001,2,7,0.28417759397546094,2.8504705319622023,0.099694976948187991,1.4583809456219208,0.29983992395218578,0.03716633391222475
10,1,0.20000000000000001,0.10000000000000001,2,8,0.28057476215853061,2.7643213901292802,0.10149860401919794,1.4126184012871703,0.30975621522679614,0.034065727760278872
10,1,0.10000000000000001,0.050000000000000003,1,1,0.17262381709638167,2.6320681563452086,0.065584858310082914,0.68582440993686233,0.31507864258464857,0.012186461653230932
10,1,0.10000000000000001,0.050000000000000003,1,2,0.1759197357449756,3.5168914227677157,0.050021372455829376,0.66777482579687697,0.34867778913077102,0.012986378960211329
10,1,0.10000000000000001,0.050000000000000003,1,3,0.15769327206822528,3.4534655445658005,0.0456623267362153,0.67625371609310869,0.3157210662556455,0.0111759081807409
10,1,0.10000000000000001,0.050000000000000003,1,4,0.16263134763982817,2.3834518221361782,0.068233536809680168,0.68384553176020457,0.34642264623353075,0.0091354801464695375
10,1,0.10000000000000001,0.050000000000000003,1,5,0.18793437165576049,2.5476642652641104,0.073767322569984625,0.66584781990580533,0.35813931466710969,0.012265438003774467
10,1,0.10000000000000001,0.050000000000000003,1,6,0.1735785485052902,3.0018802650926899,0.057823275139833256,0.69264492381194165,0.3015341273461411,0.010152978281958441
10,1,0.10000000000000001,0.050000000000000003,1,7,0.15352875571233926,2.504906152174935,0.061291220662712191,0.69781565285838998,0.30388114629212665,0.01197144444450768
10,1,0.10000000000000001,0.050000000000000003,1,8,0.16856953196344623,2.4576333515270838,0.068590187327456018,0.67834000427179764,0.32193933140178049,0.010879642590854348
10,1,0.10000000000000001,0.050000000000000003,2,1,0.20270290846860226,2.8941419860647639,0.070039033829236,0.71527043044427208,0.29134585762707127,0.017006986773925686
10,1,0.10000000000000001,0.050000000000000003,2,2,0.21430527220200007,3.1540593587400414,0.067945858916114071,0.70154808434843907,0.32398075114404268,0.019031954475088122
10,1,0.10000000000000001,0.050000000000000003,2,3,0.18261873742935844,3.1173273574417073,0.058581828755780052,0.70861415223078161,0.29590199505734316,0.018554028814302185
10,1,0.10000000000000001,0.050000000000000003,2,4,0.18242123297321505,2.7871257454490275,0.065451382403927241,0.71394405862002497,0.3185412205403913,0.015292750056302153
10,1,0.10000000000000001,0.050000000000000003,2,5,0.21268866800965658,2.7090068204104791,0.078511676828273605,0.6932930306232078,0.34440747813491179,0.018474158469855995
10,1,0.10000000000000001,0.050000000000000003,2,6,0.20813567994499285,2.9548925751678055,0.070437646936512749,0.72053402359013174,0.27221853184052175,0.015854810367135836
10,1,0.10000000000000001,0.050000000000000003,2,7,0.18894580863506155,2.8052410822020639,0.067354570640589112,0.72918823840125047,0.28033594570977299,0.01856864667822547
10,1,0.10000000000000001,0.050000000000000003,2,8,0.17541749143874308,2.7211509244878096,0.064464447693859964,0.70631696420209034,0.29304275636203236,0.016980101163985746
10,1,0.10000000000000001,0.20000000000000001,1,1,0.48411354019360636,2.6320681563452086,0.18392895298951084,2.7347324293667254,-0.57168095127104424,0.0485448195638849
10,1,0.10000000000000001,0.20000000000000001,1,2,0.52372921475839906,3.5168914227677157,0.14891822117904219,2.6603483414961273,-0.51045897484087466,0.05179179581347914
10,1,0.10000000000000001,0.20000000000000001,1,3,0.5144459592971824,3.4534655445658005,0.14896513448836596,2.6954510199991315,-0.62975498110097561,0.045194262415372013
10,1,0.10000000000000001,0.20000000000000001,1,4,0.4980295599254802,2.3834518221361782,0.20895306349390322,2.7304075079185885,-0.54552033250003917,0.036227082774467859
10,1,0.10000000000000001,0.20000000000000001,1,5,0.57494662938235486,2.5476642652641104,0.22567597984609306,2.649209605883756,-0.51491081636925795,0.048698830534857643
10,1,0.10000000000000001,0.20000000000000001,1,6,0.49153584352436047,3.0018802650926899,0.16374265464221743,2.7592883945155444,-0.61286814324392525,0.040310841566798775
10,1,0.10000000000000001,0.20000000000000001,1,7,0.48990342796279296,2.504906152174935,0.19557755788073117,2.7815114341595315,-0.61302909711468001,0.047942990235088266
10,1,0.10000000000000001,0.20000000000000001,1,8,0.501070921433175,2.4576333515270838,0.20388351302354674,2.7081777406289831,-0.56488300462091745,0.043627104088090826
10,1,0.10000000000000001,0.20000000000000001,2,1,0.51735899960679055,2.8941419860647639,0.17876075261609964,2.8447388693845421,-0.63121059009318659,0.066574856829048734
10,1,0.10000000000000001,0.20000000000000001,2,2,0.5410101819910883,3.1540593587400414,0.1715282182283363,2.7919631327098542,-0.56922746861997053,0.076961065808329079
10,1,0.10000000000000001,0.20000000000000001,2,3,0.53588192890663111,3.1173273574417073,0.17190428449144737,2.8196152391994618,-0.67960672270888101,0.075103511005310403
10,1,0.10000000000000001,0.20000000000000001,2,4,0.55480595401248856,2.7871257454490275,0.19906025227545127,2.8483055434378728,-0.60438466781866362,0.06049128415937842
10,1,0.10000000000000001,0.20000000000000001,2,5,0.60107841750617219,2.7090068204104791,0.22188147072110156,2.7609349088291553,-0.54927367477694211,0.073849748065549309
10,1,0.10000000000000001,0.20000000000000001,2,6,0.5188804262538278,2.9548925751678055,0.17560043658249103,2.8749553957091907,-0.6710786301002637,0.062557455394767134
10,1,0.10000000000000001,0.20000000000000001,2,7,0.51199806501751088,2.8052410822020639,0.182514817805107,2.9049945264014054,-0.65756771025943539,0.074067306157338766
10,1,0.10000000000000001,0.20000000000000001,2,8,0.51138710660707321,2.7211509244878096,0.18793044590252905,2.8123596215328206,-0.61636731264382594,0.067365489499591966
