"path","bytes","sha256","category","action","reason"
"analysis/paper_ready/prediction/pe_batch_test.m","2076","658225A6BAF5E7FF02C17D6668814EE9481AE731BE340B026E66E8D6B2D2CD7B","1","retain durable; review packaging","Scientific output, source, reproducibility or distinct audit provenance; no demonstrated disposable duplicate"
"analysis/paper_ready/prediction/pe_features.m","1069","19945294D107B58BA31761E2D3ADCCECBA2F90FDA67E29CFB8DA8C5B4BFF00C2","1","retain durable; review packaging","Scientific output, source, reproducibility or distinct audit provenance; no demonstrated disposable duplicate"
"analysis/paper_ready/prediction/pe_first_rrr_audit.m","2417","E99DF2E1D69CA872F3F0BEAFB62441598132411CE2279EEE9537EC95F6AD5048","1","retain durable; review packaging","Scientific output, source, reproducibility or distinct audit provenance; no demonstrated disposable duplicate"
"analysis/paper_ready/prediction/pe_paths.m","530","FBD78D9A56B8045C4C5A034AAE7A0ABE7BE60F23DF5587F2373E482A2B8DB58E","1","retain durable; review packaging","Scientific output, source, reproducibility or distinct audit provenance; no demonstrated disposable duplicate"
"analysis/paper_ready/prediction/pe_primary_audit.m","5476","1E95BA5DA218E389666157A01AFDE3E73238FC50C722089E68F9D113BF77FCB4","1","retain durable; review packaging","Scientific output, source, reproducibility or distinct audit provenance; no demonstrated disposable duplicate"
"analysis/paper_ready/prediction/pe_primary_statistics.m","1788","76F0D0F5A326DF645A7CEE560B39BAE77594E944DB9CA552CDC822F6EE5BA45D","1","retain durable; review packaging","Scientific output, source, reproducibility or distinct audit provenance; no demonstrated disposable duplicate"
"analysis/paper_ready/prediction/pe_primary.m","3483","EAC11582BEFF95720CEDCC71B6FB60DB3D264FE4A67888AB889475C18BDE3172","1","retain durable; review packaging","Scientific output, source, reproducibility or distinct audit provenance; no demonstrated disposable duplicate"
"analysis/paper_ready/prediction/pe_recover.m","3717","3B3156F7A4FB8A8E58454C0A56ACB36CDC0E31F4CE83A1D60E670FFCFEBE0158","1","retain durable; review packaging","Scientific output, source, reproducibility or distinct audit provenance; no demonstrated disposable duplicate"
"analysis/paper_ready/prediction/pe_report.m","9042","FDCB159F22E5D004B20865E73CC4BDEB807F9B06D007DF9108D6EA8EF9EF70F2","1","retain durable; review packaging","Scientific output, source, reproducibility or distinct audit provenance; no demonstrated disposable duplicate"
"analysis/paper_ready/prediction/pe_rrr_audit.m","6066","428060FF93B2A986DFCD7745263A693D29C905BB0DC6FE4360A1B63F58BC3C64","1","retain durable; review packaging","Scientific output, source, reproducibility or distinct audit provenance; no demonstrated disposable duplicate"
"analysis/paper_ready/prediction/pe_rrr_dimension.m","506","FD4B052EB8B5D0F26B3D26A3794B6B3607112CD836D1BFF3930BB618DE9B0446","1","retain durable; review packaging","Scientific output, source, reproducibility or distinct audit provenance; no demonstrated disposable duplicate"
"analysis/paper_ready/prediction/pe_rrr_fit.m","2036","4CB1FD78F5D97A28B955B52DE62AC838EC27CF2FDEB5169BB303DAB1BF999923","1","retain durable; review packaging","Scientific output, source, reproducibility or distinct audit provenance; no demonstrated disposable duplicate"
"analysis/paper_ready/prediction/pe_rrr.m","3781","C50AE25B9680ACD535339761B4676647A261280314EE1B938585871CDE84153C","1","retain durable; review packaging","Scientific output, source, reproducibility or distinct audit provenance; no demonstrated disposable duplicate"
"analysis/paper_ready/prediction/pe_series_audit.m","1540","96B9B60E09B57D0AA255B6E4175940C8A8208CE1A8D660EC0D395DA20D555190","1","retain durable; review packaging","Scientific output, source, reproducibility or distinct audit provenance; no demonstrated disposable duplicate"
"analysis/paper_ready/prediction/pe_unit.m","2708","36F21B2E06D55FE37703C1782522A7AB2B0DA750A2C76C0D209D30BCDBFF13EB","1","retain durable; review packaging","Scientific output, source, reproducibility or distinct audit provenance; no demonstrated disposable duplicate"
"analysis/paper_ready/prediction/pe_wide_test.m","1174","431DBDFE07ADCAE33529BA84E7B645D82F562F0AD4245DD63DFF95D9E3060739","1","retain durable; review packaging","Scientific output, source, reproducibility or distinct audit provenance; no demonstrated disposable duplicate"
"analysis/paper_ready/stabilization_eta/eta_analyze.m","5489","CF345BE624AE2A083B25C36A3DEBA44ABC19C6D76BBE75944990E1E8DA8571A6","1","retain durable; review packaging","Scientific output, source, reproducibility or distinct audit provenance; no demonstrated disposable duplicate"
"analysis/paper_ready/stabilization_eta/eta_audit.m","12735","63DEF89AAE7200A9E46627D20AC2507489A5ECB719B5174FA06979A7DE75449E","1","retain durable; review packaging","Scientific output, source, reproducibility or distinct audit provenance; no demonstrated disposable duplicate"
"analysis/paper_ready/stabilization_eta/eta_baseline.m","4464","B85A10B48C7FEE1C043194848A9B242E239CBBF15C170A520A43CEF6DB19243D","1","retain durable; review packaging","Scientific output, source, reproducibility or distinct audit provenance; no demonstrated disposable duplicate"
"analysis/paper_ready/stabilization_eta/eta_case.m","1598","01C9019A9DD73A5646B1BB3C2737159FC31BB33E313871A28FC18485C798C602","1","retain durable; review packaging","Scientific output, source, reproducibility or distinct audit provenance; no demonstrated disposable duplicate"
"analysis/paper_ready/stabilization_eta/eta_convergence.m","1752","9D94A280CB6727670DB3903F4B020C5D8C76054C8B29CDD512C0DB9F2141568D","1","retain durable; review packaging","Scientific output, source, reproducibility or distinct audit provenance; no demonstrated disposable duplicate"
"analysis/paper_ready/stabilization_eta/eta_equations.m","2167","D80D2A7A53AC60D7C81EB5A4D19BDF332855EFD32F668234FC89B7359C8B90B8","1","retain durable; review packaging","Scientific output, source, reproducibility or distinct audit provenance; no demonstrated disposable duplicate"
"analysis/paper_ready/stabilization_eta/eta_load_case.m","855","1479E8B99566938CE08038C6FA7D5D2F34BD2EB9A64899838BF024D887FFC2B3","1","retain durable; review packaging","Scientific output, source, reproducibility or distinct audit provenance; no demonstrated disposable duplicate"
"analysis/paper_ready/stabilization_eta/eta_move.m","2688","687536AF3C416C082C0E6D53F8C7AB4FDBF0176E81DAE8BC904101D90537F9F6","1","retain durable; review packaging","Scientific output, source, reproducibility or distinct audit provenance; no demonstrated disposable duplicate"
"analysis/paper_ready/stabilization_eta/eta_paths.m","769","3EB258E4A980CDE768953DC37A835E593677AA002C7F05F83A284CF52D67D2B7","1","retain durable; review packaging","Scientific output, source, reproducibility or distinct audit provenance; no demonstrated disposable duplicate"
"analysis/paper_ready/stabilization_eta/eta_report.m","9494","6CA1C65B7FF19D948330FECE95F7102E6EE10804B30D8187174C9D4C9740A443","1","retain durable; review packaging","Scientific output, source, reproducibility or distinct audit provenance; no demonstrated disposable duplicate"
"analysis/paper_ready/stabilization_eta/eta_simulate.m","2454","CE7D2B3C6816F76CC3E8219D6499465AAB56948BA5AAB35DBD16355AD74609FE","1","retain durable; review packaging","Scientific output, source, reproducibility or distinct audit provenance; no demonstrated disposable duplicate"
"analysis/paper_ready/stabilization_eta/eta_static.m","656","69E43A4F70272F43D1F8747B7FBC9421817B0D4D831FA15CD97A2438E65988DA","1","retain durable; review packaging","Scientific output, source, reproducibility or distinct audit provenance; no demonstrated disposable duplicate"
"analysis/paper_ready/stabilization_eta/eta_unit.m","1593","12E30640F08A936D0D8AC922640B9A2608544E35C36A9F00C37F5330E3C87E14","1","retain durable; review packaging","Scientific output, source, reproducibility or distinct audit provenance; no demonstrated disposable duplicate"
"artifacts/manifests/paper_ready/prediction/AUDIT.md","2741","6149BE73BB955D80EF6D4AB1FED634F15B908725F004142D44FB4BE4B4585D7C","5","retain durable; review packaging","Scientific output, source, reproducibility or distinct audit provenance; no demonstrated disposable duplicate"
"artifacts/manifests/paper_ready/prediction/BATCH_PREFLIGHT.json","228","77E388A0BBE352C0CF8338FA46D9CE6948C8A8573A185DEE09C41CC81ABD90A2","5","retain durable; review packaging","Scientific output, source, reproducibility or distinct audit provenance; no demonstrated disposable duplicate"
"artifacts/manifests/paper_ready/prediction/FIGURES_primary.json","788","C746C59EBEA8541B67AACEDE7210983F85B6FFE162ED30782FEFED8F5D2F714A","5","retain durable; review packaging","Scientific output, source, reproducibility or distinct audit provenance; no demonstrated disposable duplicate"
"artifacts/manifests/paper_ready/prediction/FIGURES_rrr.json","397","21DE7AE8A4D37920C8DE53D9DE2ECC7C0174EC525CB68B5168AC62E299882049","5","retain durable; review packaging","Scientific output, source, reproducibility or distinct audit provenance; no demonstrated disposable duplicate"
"artifacts/manifests/paper_ready/prediction/FINAL_GIT.json","6021","2AEB38A0FF721D7FBA876F496BB900F802EB7C22B9432B0329B1633A5CC0E351","5","retain durable; review packaging","Scientific output, source, reproducibility or distinct audit provenance; no demonstrated disposable duplicate"
"artifacts/manifests/paper_ready/prediction/final_git.ps1","3322","C3766AE3CF712D23F38E76BDDA51B989B8042D921FA905D55B8453596538F94A","5","retain durable; review packaging","Scientific output, source, reproducibility or distinct audit provenance; no demonstrated disposable duplicate"
"artifacts/manifests/paper_ready/prediction/FIRST_RRR_CASE_AUDIT.json","216","DAECF1F3BE650E6FFB9DE460FE4C2A004164D2662C315D26457FD1A8C1ED97D5","5","retain durable; review packaging","Scientific output, source, reproducibility or distinct audit provenance; no demonstrated disposable duplicate"
"artifacts/manifests/paper_ready/prediction/INPUTS_BEFORE.csv","292129","49C9EE40C934E454E3584E639DC6223A55D89CA29998A3EDA7CAC7268B8CC991","5","retain durable; review packaging","Scientific output, source, reproducibility or distinct audit provenance; no demonstrated disposable duplicate"
"artifacts/manifests/paper_ready/prediction/INVENTORY.csv","43015","8B298DFD9B5EB55F89380B832F5425E2D13A19B84B52419FE05BBBA5B50FFC8D","5","retain durable; review packaging","Scientific output, source, reproducibility or distinct audit provenance; no demonstrated disposable duplicate"
"artifacts/manifests/paper_ready/prediction/INVENTORY.json","283","B315FB783EDA786EFF3AAF789678618DC63329942B54567F4C3AB55D6F78ADBB","5","retain durable; review packaging","Scientific output, source, reproducibility or distinct audit provenance; no demonstrated disposable duplicate"
"artifacts/manifests/paper_ready/prediction/inventory.ps1","2370","5A0F265669DA63F0E07992345616ED47095F952AFCA8EAA782050AF68725538F","5","retain durable; review packaging","Scientific output, source, reproducibility or distinct audit provenance; no demonstrated disposable duplicate"
"artifacts/manifests/paper_ready/prediction/NATIVE_PRIMARY.json","516","BB6F84A12515C754BF90288C0D642D90864DA661A6E5D4035D6F7805260A8825","5","retain durable; review packaging","Scientific output, source, reproducibility or distinct audit provenance; no demonstrated disposable duplicate"
"artifacts/manifests/paper_ready/prediction/NATIVE_RRR.json","265","311A156A4FCCCCD1CD54984F8666A58F1230ED96AC5F750EAFF85E87EEEA12A6","5","retain durable; review packaging","Scientific output, source, reproducibility or distinct audit provenance; no demonstrated disposable duplicate"
"artifacts/manifests/paper_ready/prediction/PREFLIGHT.json","134","D7522D65440948DB06D308FC97D7EB02B9F9BB090B1DD8CF43D0BA6C7972CD5B","5","retain durable; review packaging","Scientific output, source, reproducibility or distinct audit provenance; no demonstrated disposable duplicate"
"artifacts/manifests/paper_ready/prediction/PRESERVATION_FINAL.json","93","A284BB7EDA32B46B88E16E7B69028492A97F105E6821E26DB78DBB859603F2F1","5","retain durable; review packaging","Scientific output, source, reproducibility or distinct audit provenance; no demonstrated disposable duplicate"
"artifacts/manifests/paper_ready/prediction/PRESERVATION.json","93","25DBBE788531B31C05362055555B5D08183D2F63D5252FFE5AC44149A02F5268","5","retain durable; review packaging","Scientific output, source, reproducibility or distinct audit provenance; no demonstrated disposable duplicate"
"artifacts/manifests/paper_ready/prediction/preserve.ps1","1643","4EF62564695F48B00474864D5BE7B2F7A14F63C0D7C01564CCE0BF5FAD572BCA","5","retain durable; review packaging","Scientific output, source, reproducibility or distinct audit provenance; no demonstrated disposable duplicate"
"artifacts/manifests/paper_ready/prediction/PUBLICATION.json","2481","4B447BD8F96E0F71EE325714E4FE339FC76C73AEE074582310630321CF551B6A","5","retain durable; review packaging","Scientific output, source, reproducibility or distinct audit provenance; no demonstrated disposable duplicate"
"artifacts/manifests/paper_ready/prediction/SOURCE_AUDIT.json","1185","16989F8C056A2844368C14BF4052A078AACB05795289A2D221AF6D835E663B4A","5","retain durable; review packaging","Scientific output, source, reproducibility or distinct audit provenance; no demonstrated disposable duplicate"
"artifacts/manifests/paper_ready/prediction/STATIC_ALL.json","265","2D19F5A66BA358C1EFED6D87E519FBF099802CDC8774A3EAD442274D3089D6D3","5","retain durable; review packaging","Scientific output, source, reproducibility or distinct audit provenance; no demonstrated disposable duplicate"
"artifacts/manifests/paper_ready/prediction/STATIC_BATCH_REPAIR.json","79","1997E11DA041429EEFB0CB4F7962F8FB279CD02A399D5E04FBC3193E47D9F977","5","retain durable; review packaging","Scientific output, source, reproducibility or distinct audit provenance; no demonstrated disposable duplicate"
"artifacts/manifests/paper_ready/prediction/STATIC_CURRENT.json","429","1A756B9F6C6C7CEF874D51A2C02CCA6A462D9D85C29F8DB1D14FAE0490FE1CF6","5","retain durable; review packaging","Scientific output, source, reproducibility or distinct audit provenance; no demonstrated disposable duplicate"
"artifacts/manifests/paper_ready/prediction/STATIC_FINAL.json","363","F8332A327A64CEEEC8AF3E4B670FB5830B3DCA9A4E7B96ACDEFCC79CB0E48E7F","5","retain durable; review packaging","Scientific output, source, reproducibility or distinct audit provenance; no demonstrated disposable duplicate"
"artifacts/manifests/paper_ready/prediction/STATIC_READY.json","145","B099321960D0E79F273529DFDAAA84F863D65FA6C15B04B220A889192E7EE3A5","5","retain durable; review packaging","Scientific output, source, reproducibility or distinct audit provenance; no demonstrated disposable duplicate"
"artifacts/manifests/paper_ready/prediction/STATIC_THREAD_REPAIR.json","292","4151A96F865736BE4BA41C7D763522AEC19C1E301843640595635C2B8A5C9258","5","retain durable; review packaging","Scientific output, source, reproducibility or distinct audit provenance; no demonstrated disposable duplicate"
"artifacts/manifests/paper_ready/prediction/STOP_RRR_THREAD.json","262","BA44A8F3E25F25BC1D8F68C64567C3035D4103C7F99FA50069B1C1A61DB75200","5","retain durable; review packaging","Scientific output, source, reproducibility or distinct audit provenance; no demonstrated disposable duplicate"
"artifacts/manifests/paper_ready/prediction/STOP_RRR.json","549","0C5B5DE53EB2FE03B0CA2536136CA3161B4CC16E39730AB21A78EE4FB9273F56","5","retain durable; review packaging","Scientific output, source, reproducibility or distinct audit provenance; no demonstrated disposable duplicate"
"artifacts/manifests/paper_ready/prediction/THREAD_COMPUTE_PREFLIGHT.json","222","E102001CFE59F37B906119547F268F90349D382AF7E889EDC84BB6D1A4755D0D","5","retain durable; review packaging","Scientific output, source, reproducibility or distinct audit provenance; no demonstrated disposable duplicate"
"artifacts/manifests/paper_ready/prediction/THREAD_PREFLIGHT_STOP.json","109","DAEB519C53A26836580EF5D2940B66EC357AD41ACC9A3AD081537089453DA67E","5","retain durable; review packaging","Scientific output, source, reproducibility or distinct audit provenance; no demonstrated disposable duplicate"
"artifacts/manifests/paper_ready/stabilization_eta/analysis.log","1255","F1F21CD2889125023A449D51C0C667FFE15E2FCB8693E154664E02CDBBEE06C7","5","retain durable; review packaging","Scientific output, source, reproducibility or distinct audit provenance; no demonstrated disposable duplicate"
"artifacts/manifests/paper_ready/stabilization_eta/FIGURES.json","1311","02AC3C73A49FA61C1787D1DEA14289CDA8B3C3195D569C1701035973195D9CC3","5","retain durable; review packaging","Scientific output, source, reproducibility or distinct audit provenance; no demonstrated disposable duplicate"
"artifacts/manifests/paper_ready/stabilization_eta/FINAL_GIT.json","1082","017C084C7EA641EF4E5AA58B26EF49ECFEA533F4A1A2D65BF252A33193C4C9A0","5","retain durable; review packaging","Scientific output, source, reproducibility or distinct audit provenance; no demonstrated disposable duplicate"
"artifacts/manifests/paper_ready/stabilization_eta/final_inventory.ps1","3650","B8891D000D10EECF19B9C3E53D046C05F12042F19AD357A767186FDDF25F4F66","5","retain durable; review packaging","Scientific output, source, reproducibility or distinct audit provenance; no demonstrated disposable duplicate"
"artifacts/manifests/paper_ready/stabilization_eta/NOTION_PUBLICATION.json","1100","554125947F091C488708D89B4212DC2A717621A95C9E3623C36B5ECFBE726B5C","5","retain durable; review packaging","Scientific output, source, reproducibility or distinct audit provenance; no demonstrated disposable duplicate"
"artifacts/manifests/paper_ready/stabilization_eta/OUTPUT_INVENTORY.csv","37712","84DBBD75E6EE41EC67F5852D3BA6B90A109ECB4474486802669B0659DA3AABD5","5","retain durable; review packaging","Scientific output, source, reproducibility or distinct audit provenance; no demonstrated disposable duplicate"
"artifacts/manifests/paper_ready/stabilization_eta/OUTPUT_INVENTORY.json","331","4F5307936D62392DAD814AE9BB7DC2587CB8E9FB7C26AAEB27E0CABF9BB692FE","5","retain durable; review packaging","Scientific output, source, reproducibility or distinct audit provenance; no demonstrated disposable duplicate"
"artifacts/manifests/paper_ready/stabilization_eta/PRESERVATION_PREFLIGHT.json","1494","9FD1140D2F173B883425B51086129B1F064BF08B91CF8535EA8F420F700D8FEF","5","retain durable; review packaging","Scientific output, source, reproducibility or distinct audit provenance; no demonstrated disposable duplicate"
"artifacts/manifests/paper_ready/stabilization_eta/PRODUCTION_STATIC.json","2056","133B674F044D92C131E16FBD56B875881D95A447E0FF61844DAB16713926A911","5","retain durable; review packaging","Scientific output, source, reproducibility or distinct audit provenance; no demonstrated disposable duplicate"
"artifacts/manifests/paper_ready/stabilization_eta/production.log","412","F83CA6F540FE506FACF3573FD7D89879FFBC6664B6A3D4357204AB5EEF780388","5","retain durable; review packaging","Scientific output, source, reproducibility or distinct audit provenance; no demonstrated disposable duplicate"
"artifacts/manifests/paper_ready/stabilization_eta/RESUME_INPUTS.csv","321941","C4C9A41544A3493F315A1EC74B6830C0CD9C11D6B41E4B24504463A2D8D058CC","5","retain durable; review packaging","Scientific output, source, reproducibility or distinct audit provenance; no demonstrated disposable duplicate"
"artifacts/manifests/paper_ready/stabilization_eta/RESUME_INVENTORY.json","155","D9F8C3E52B42F96F6A525F00A6FDF56D32AC670F65EF80C2B9C95CF79C07206B","5","retain durable; review packaging","Scientific output, source, reproducibility or distinct audit provenance; no demonstrated disposable duplicate"
"artifacts/manifests/paper_ready/stabilization_eta/resume_preserve.ps1","2425","7A5B399860545FF203E066D2F0527745A726479D8F293C423350289B42B1EE1D","5","retain durable; review packaging","Scientific output, source, reproducibility or distinct audit provenance; no demonstrated disposable duplicate"
"artifacts/manifests/paper_ready/stabilization_eta/start_analysis.ps1","711","760351DF964CBB699E2DFCD39424771C747359220148594FAFEC3F93F808CF14","5","retain durable; review packaging","Scientific output, source, reproducibility or distinct audit provenance; no demonstrated disposable duplicate"
"artifacts/manifests/paper_ready/stabilization_eta/start_preflight.ps1","2026","52460CF1EBB253BA230E5B2DCC78DFA4EF2C5A6E30AD129AEAB32F666F9D7FDD","5","retain durable; review packaging","Scientific output, source, reproducibility or distinct audit provenance; no demonstrated disposable duplicate"
"artifacts/manifests/paper_ready/stabilization_eta/start_production.ps1","659","5AC05394E871DA6512BFF930CEDA01791927C59646FDB18052278B99C8C38957","5","retain durable; review packaging","Scientific output, source, reproducibility or distinct audit provenance; no demonstrated disposable duplicate"
"artifacts/manifests/paper_ready/stabilization_eta/STATIC_MESSAGES.json","696","0D8015A2CE0DAEDF82600AA8A66A6DC180CF2A34A18135680BE0FFFD6301F4F5","5","retain durable; review packaging","Scientific output, source, reproducibility or distinct audit provenance; no demonstrated disposable duplicate"
"artifacts/manifests/paper_ready/stabilization_eta/STATIC_PREFLIGHT.json","104","6F79F08E4EC5D434C1973724EA10629B0A9AED19DA595A3B6DD1003E9598CDCC","5","retain durable; review packaging","Scientific output, source, reproducibility or distinct audit provenance; no demonstrated disposable duplicate"
"docs/paper_ready/prediction/EXECUTION_RECOVERY.md","3528","D746266357E3C7DA0EA39432866E410964464DF076B316C3E3E3F44D791A0AE5","3","retain durable; review packaging","Scientific output, source, reproducibility or distinct audit provenance; no demonstrated disposable duplicate"
"docs/paper_ready/prediction/FIGURE_LEGENDS.md","5057","046F7B52DABCE393ACCAF175A96EE0ACED2438370686929CC476EAF79F600599","3","retain durable; review packaging","Scientific output, source, reproducibility or distinct audit provenance; no demonstrated disposable duplicate"
"docs/paper_ready/prediction/PANEL_SOURCES.md","3008","6F476CDA73DB56A5132B135571597426F694893FA237D615385CD4076F38E3E9","3","retain durable; review packaging","Scientific output, source, reproducibility or distinct audit provenance; no demonstrated disposable duplicate"
"docs/paper_ready/prediction/PLAN.md","7342","0A95FCA1BFE9A7053F9BE2C66D86ACA1729F7290739187ED3302F630CA22DC2E","3","retain durable; review packaging","Scientific output, source, reproducibility or distinct audit provenance; no demonstrated disposable duplicate"
"docs/paper_ready/prediction/PRIMARY_RESULTS.md","9453","EDE583027ED31DDE2E4E8247AAB14E1C31719317BF500C9CB02C0B2923DA84C8","3","retain durable; review packaging","Scientific output, source, reproducibility or distinct audit provenance; no demonstrated disposable duplicate"
"docs/paper_ready/prediction/README.md","2779","2D1DC9B0694120E3FBAA22DB29599FAF34BBCD5D8F4E1407E22D446369E72129","3","retain durable; review packaging","Scientific output, source, reproducibility or distinct audit provenance; no demonstrated disposable duplicate"
"docs/paper_ready/prediction/RESULTS.md","12789","4F98D700A94FA0DDFE803DA8C7267A803BE87F08B84D30BB146776A7FDC91B87","3","retain durable; review packaging","Scientific output, source, reproducibility or distinct audit provenance; no demonstrated disposable duplicate"
"docs/paper_ready/prediction/RRR_DERIVATION.md","4171","995E361AC768EA1D0C48D253C97DDD4A8710AE6C4100D4256FD7085B9A54A60B","3","retain durable; review packaging","Scientific output, source, reproducibility or distinct audit provenance; no demonstrated disposable duplicate"
"docs/paper_ready/stabilization_eta/BASELINE_REPORT.md","5491","BFAC5EDB75AD3627EAE96418AFD0AB8B1966C2D9254CE679695F7D1F840DAB84","3","retain durable; review packaging","Scientific output, source, reproducibility or distinct audit provenance; no demonstrated disposable duplicate"
"docs/paper_ready/stabilization_eta/CAPTIONS.md","7383","4A45442BE882C1784B63742A1C8351B5E11F7BD8672A5E6FEEF2327CC9492FE8","3","retain durable; review packaging","Scientific output, source, reproducibility or distinct audit provenance; no demonstrated disposable duplicate"
"docs/paper_ready/stabilization_eta/COMPLETION.md","3126","8010EC29EF1C77CD957ADC2265AD0DBC2D2FCDFB318399CE2FBDC477598E1D0C","3","retain durable; review packaging","Scientific output, source, reproducibility or distinct audit provenance; no demonstrated disposable duplicate"
"docs/paper_ready/stabilization_eta/INTERPRETATION.md","4021","1297722956ABF5CFBC9C99003B77F64244F413A5E1C7A84E0557FFBC3DD35CDC","3","retain durable; review packaging","Scientific output, source, reproducibility or distinct audit provenance; no demonstrated disposable duplicate"
"docs/paper_ready/stabilization_eta/NOTION_CONTRACT.md","11491","4E5C709D85822F19AA480960638D3E563C18A47FD1FB9DA3B8678A54F632D3B7","3","retain durable; review packaging","Scientific output, source, reproducibility or distinct audit provenance; no demonstrated disposable duplicate"
"docs/paper_ready/stabilization_eta/PREFLIGHT_STOP.md","5678","14C1D859A5D87AFCA8FB298F1C16C17954A26CD27C9A0C7989EFB4E49C7F3C40","3","retain durable; review packaging","Scientific output, source, reproducibility or distinct audit provenance; no demonstrated disposable duplicate"
"docs/paper_ready/stabilization_eta/PRODUCTION_PLAN.md","3144","CBBF2388098B2F95A76DAC822DFCA2335DCEC8C41E913ED36753CD44AAFD17C2","3","retain durable; review packaging","Scientific output, source, reproducibility or distinct audit provenance; no demonstrated disposable duplicate"
"docs/paper_ready/stabilization_eta/REPORT.md","10977","B5BCC935203AB25358E86562BEEAFB4DDF9E51224F62470A26D3C8F12E4E3478","3","retain durable; review packaging","Scientific output, source, reproducibility or distinct audit provenance; no demonstrated disposable duplicate"
"docs/paper_ready/stabilization_eta/RESUME_PLAN.md","3615","0D49A349AF7B9A72593C908B5AA47CE172766D13DED0A43F2AC6014D21A63F58","3","retain durable; review packaging","Scientific output, source, reproducibility or distinct audit provenance; no demonstrated disposable duplicate"
"figures/paper_ready/prediction/pe_figures.m","7846","9922FE67C263D697088188D90471EBAB1D9B87A84FFC712A56C38CA41662C43B","1","retain durable; review packaging","Scientific output, source, reproducibility or distinct audit provenance; no demonstrated disposable duplicate"
"figures/paper_ready/stabilization_eta/eta_figures.m","9837","540DBFEAA93E015B6E52705811061012DFCD8A7BB7504FAA34FA0C875F0D93EB","1","retain durable; review packaging","Scientific output, source, reproducibility or distinct audit provenance; no demonstrated disposable duplicate"
"plots/paper_ready/prediction/fig/extended_data_rrr.fig","64799","F7BB58FD6BAC29334AD72FB9E5D84CEAA3A919873B792CCDD9341A6DB8E3C8C8","4","retain durable; review packaging","Scientific output, source, reproducibility or distinct audit provenance; no demonstrated disposable duplicate"
"plots/paper_ready/prediction/fig/panel_e_controls.fig","48905","712E80B7D81AE6287F0DFF8651273CDF8C9C6B3274C9A2FE37020753A8600228","4","retain durable; review packaging","Scientific output, source, reproducibility or distinct audit provenance; no demonstrated disposable duplicate"
"plots/paper_ready/prediction/fig/panel_e_pca_ridge.fig","12837","1D78DCF5B6FD584BA395EE463C548FB663D03139F661280B6FCB0E1F66FF3721","4","retain durable; review packaging","Scientific output, source, reproducibility or distinct audit provenance; no demonstrated disposable duplicate"
"plots/paper_ready/prediction/png/extended_data_rrr.png","248228","16F0CD2BDD5CA76807B003C4883F244BA9E95D2BEC07C3BD029FD3B71BFACFE7","4","retain durable; review packaging","Scientific output, source, reproducibility or distinct audit provenance; no demonstrated disposable duplicate"
"plots/paper_ready/prediction/png/panel_e_controls.png","180893","97453A92E6B32BBE27741790B2A2FF66FE0C1022CB48C8DD38DC7E4FCEF04202","4","retain durable; review packaging","Scientific output, source, reproducibility or distinct audit provenance; no demonstrated disposable duplicate"
"plots/paper_ready/prediction/png/panel_e_pca_ridge.png","104904","432CD254C6DD84CD986618135735E736207C9E2C3FDB756B46FB3E64CC7A6CC4","4","retain durable; review packaging","Scientific output, source, reproducibility or distinct audit provenance; no demonstrated disposable duplicate"
"plots/paper_ready/stabilization_eta/fig/stabilization_eta_kinematics.fig","44854137","CF0AA86A1B8F46DE3CCE0CDE5AAFA171B6A34608E23EFBFE5C2C17AF61FC1470","4","retain durable; review packaging","Scientific output, source, reproducibility or distinct audit provenance; no demonstrated disposable duplicate"
"plots/paper_ready/stabilization_eta/fig/stabilization_eta_movement_qc.fig","92947","BE6EA0274CFCACBE4043B883EC748EF455E2E10965F2906E011D2190C157D2C9","4","retain durable; review packaging","Scientific output, source, reproducibility or distinct audit provenance; no demonstrated disposable duplicate"
"plots/paper_ready/stabilization_eta/fig/stabilization_eta_six_panel.fig","80928","A448AD2E8BA9FD247074E96AE0AD1F08FDB035737ED094843ED69140923E3327","4","retain durable; review packaging","Scientific output, source, reproducibility or distinct audit provenance; no demonstrated disposable duplicate"
"plots/paper_ready/stabilization_eta/png/stabilization_eta_kinematics.png","1953343","929CAF35734184163DCFF6FED04B046E2190F36D53C7AFB7B0E263D7A3AC895A","4","retain durable; review packaging","Scientific output, source, reproducibility or distinct audit provenance; no demonstrated disposable duplicate"
"plots/paper_ready/stabilization_eta/png/stabilization_eta_movement_qc.png","459997","4E726B3A3FE658819DDFD32D4B126E2AB2052E91CD1E3DCFB4E6614B397C6C09","4","retain durable; review packaging","Scientific output, source, reproducibility or distinct audit provenance; no demonstrated disposable duplicate"
"plots/paper_ready/stabilization_eta/png/stabilization_eta_six_panel.png","498436","4BAA74AFA6DC876E729C00F217133BC87C6B6408292B3CE7D3B2839E5DBF9F2F","4","retain durable; review packaging","Scientific output, source, reproducibility or distinct audit provenance; no demonstrated disposable duplicate"
"results/paper_ready/cache/prediction/matched_n01.mat","56331","48E8F0CF6F74C580FCF668A2EBD8CBAB7F0B8AD04F5A80C64DBBF7EC92F3207C","6","retain ignored/local","Scientific output, source, reproducibility or distinct audit provenance; no demonstrated disposable duplicate"
"results/paper_ready/cache/prediction/matched_n02.mat","56338","BE294EF52B7314DD6F42B7561CF3D40F0B7459C665450216D75EF5649C686F30","6","retain ignored/local","Scientific output, source, reproducibility or distinct audit provenance; no demonstrated disposable duplicate"
"results/paper_ready/cache/prediction/matched_n03.mat","55930","668E5098350FFB23F7F0B497A5250AE7BDDC3F1BC21BA7CCE84CC17CCD78BDE3","6","retain ignored/local","Scientific output, source, reproducibility or distinct audit provenance; no demonstrated disposable duplicate"
"results/paper_ready/cache/prediction/matched_n04.mat","56295","F25D650D504B70A0E56CD8B3A24A3BC3EA6F483F7AB6FB3ED5F199DFFAAD4317","6","retain ignored/local","Scientific output, source, reproducibility or distinct audit provenance; no demonstrated disposable duplicate"
"results/paper_ready/cache/prediction/matched_n05.mat","79943","50EE4F24B2042746C91922DF65BB61538ED7FEDFAD8E5235DF051BACE48AD2EA","6","retain ignored/local","Scientific output, source, reproducibility or distinct audit provenance; no demonstrated disposable duplicate"
"results/paper_ready/cache/prediction/matched_n06.mat","56265","BF7B55686EDC6AAE30BD5575E049FFEA7C4B561C7B4399801352DC4DC7090012","6","retain ignored/local","Scientific output, source, reproducibility or distinct audit provenance; no demonstrated disposable duplicate"
"results/paper_ready/cache/prediction/matched_n07.mat","56231","DA9DC3DA1A46975E302457EAB308C981E8AF22080CFCE8568DC4234CC9FB6D08","6","retain ignored/local","Scientific output, source, reproducibility or distinct audit provenance; no demonstrated disposable duplicate"
"results/paper_ready/cache/prediction/matched_n08.mat","56294","E46AE44318D96B6970ACC06CDB03377404397A6B1D2C65D3983964E34EE30305","6","retain ignored/local","Scientific output, source, reproducibility or distinct audit provenance; no demonstrated disposable duplicate"
"results/paper_ready/cache/prediction/matched_n09.mat","56210","F30F31C374EC445259DBF1B49B221671990FCB9B88BEC7A05B33FF354729AA9E","6","retain ignored/local","Scientific output, source, reproducibility or distinct audit provenance; no demonstrated disposable duplicate"
"results/paper_ready/cache/prediction/matched_n10.mat","55925","9C0A09CA65EA0CFC5E9EA14AEA5972F3FE2CBD4DBE4F97217217189002DADB38","6","retain ignored/local","Scientific output, source, reproducibility or distinct audit provenance; no demonstrated disposable duplicate"
"results/paper_ready/cache/prediction/primary_n01_p1.mat","10900613","4B24C499B98B88DCDE1FE63E997C9B6E7045568F40FB1678464D2B8D36253F8F","6","retain ignored/local","Scientific output, source, reproducibility or distinct audit provenance; no demonstrated disposable duplicate"
"results/paper_ready/cache/prediction/primary_n01_p2.mat","11197872","22667C85E70570D0DAC0530B80B7BA3A0BE22C644287DAC5D7303B7C8D62DB37","6","retain ignored/local","Scientific output, source, reproducibility or distinct audit provenance; no demonstrated disposable duplicate"
"results/paper_ready/cache/prediction/primary_n01_p3.mat","11799480","46A5FA66EFEE01D97D188D09F213ED11D982196F3855946C8E665765E6F47B76","6","retain ignored/local","Scientific output, source, reproducibility or distinct audit provenance; no demonstrated disposable duplicate"
"results/paper_ready/cache/prediction/primary_n01_p4.mat","12139390","4F33FA554C635967816C8101235FA083C6B086F54B36D5602FC8E2D0A1DF0D73","6","retain ignored/local","Scientific output, source, reproducibility or distinct audit provenance; no demonstrated disposable duplicate"
"results/paper_ready/cache/prediction/primary_n02_p1.mat","10899853","3E26CF4A94FD0A8DED993D1C0F0D98373307D98D6EDAB690346A79C821E94153","6","retain ignored/local","Scientific output, source, reproducibility or distinct audit provenance; no demonstrated disposable duplicate"
"results/paper_ready/cache/prediction/primary_n02_p2.mat","11197987","7FBD0BF0494B595C75F80DC5F3472C5B2275C6AB0F46E9265F3A249C1DE87409","6","retain ignored/local","Scientific output, source, reproducibility or distinct audit provenance; no demonstrated disposable duplicate"
"results/paper_ready/cache/prediction/primary_n02_p3.mat","11805479","9FC270BE38622746039B044CA58B779851F4D2928817C17FC196D1490C7B2212","6","retain ignored/local","Scientific output, source, reproducibility or distinct audit provenance; no demonstrated disposable duplicate"
"results/paper_ready/cache/prediction/primary_n02_p4.mat","12123836","87C2C10639E83477D01241B264E645262F4BC7B936EE467EE6F9108D281A5A81","6","retain ignored/local","Scientific output, source, reproducibility or distinct audit provenance; no demonstrated disposable duplicate"
"results/paper_ready/cache/prediction/primary_n03_p1.mat","10892479","5EBC844469909315A9C20246BA61B748A82E60B85F9EC1E2340B336F7B8B4C26","6","retain ignored/local","Scientific output, source, reproducibility or distinct audit provenance; no demonstrated disposable duplicate"
"results/paper_ready/cache/prediction/primary_n03_p2.mat","10894821","D383FE6EBAB2481496CBFC37EADB804C449C64E9AABD7E67A948B538B29E563F","6","retain ignored/local","Scientific output, source, reproducibility or distinct audit provenance; no demonstrated disposable duplicate"
"results/paper_ready/cache/prediction/primary_n03_p3.mat","11802896","1411D90BD5778A7DDE87121FBF3A33D11A93948297F9E18DD41E69D91096C12F","6","retain ignored/local","Scientific output, source, reproducibility or distinct audit provenance; no demonstrated disposable duplicate"
"results/paper_ready/cache/prediction/primary_n03_p4.mat","12120454","C9EA7861C59EA05094BC95AB741D9483F7CDEA3CBCC51CC252875B0D2E1E5ABA","6","retain ignored/local","Scientific output, source, reproducibility or distinct audit provenance; no demonstrated disposable duplicate"
"results/paper_ready/cache/prediction/primary_n04_p1.mat","10902257","2180CA5B9E59DE0136EA328D327E4883DBCEA87033DF24C84754D116903570A4","6","retain ignored/local","Scientific output, source, reproducibility or distinct audit provenance; no demonstrated disposable duplicate"
"results/paper_ready/cache/prediction/primary_n04_p2.mat","10904657","28BE47578DB84F9DAFBF3DF7CD1BAF0306C320D0AD9BCFA68E9F227A1B90904B","6","retain ignored/local","Scientific output, source, reproducibility or distinct audit provenance; no demonstrated disposable duplicate"
"results/paper_ready/cache/prediction/primary_n04_p3.mat","11800893","536B56637A06450D7143672508D5320BF2C22EA183132FE1F20B52EC1F6F2229","6","retain ignored/local","Scientific output, source, reproducibility or distinct audit provenance; no demonstrated disposable duplicate"
"results/paper_ready/cache/prediction/primary_n04_p4.mat","12471497","0DBA1A13BBE5915A272721B435CD91A5E85B6692A9F4BD6F4707DE866CB74527","6","retain ignored/local","Scientific output, source, reproducibility or distinct audit provenance; no demonstrated disposable duplicate"
"results/paper_ready/cache/prediction/primary_n05_p1.mat","11195973","E704233F904B6F0731D265C9C73936473C8071F34BB69171BD9931CF5DDBC0CD","6","retain ignored/local","Scientific output, source, reproducibility or distinct audit provenance; no demonstrated disposable duplicate"
"results/paper_ready/cache/prediction/primary_n05_p2.mat","11198555","C3833BF09C50325E472D06FAFBB7C709E2A58698F87F366C7F1F15C51D0078FC","6","retain ignored/local","Scientific output, source, reproducibility or distinct audit provenance; no demonstrated disposable duplicate"
"results/paper_ready/cache/prediction/primary_n05_p3.mat","11803256","C78CD6CE4315C3AA7DCF590D10909C3D72E3385A6EC3BA302E9C263A4895E3EA","6","retain ignored/local","Scientific output, source, reproducibility or distinct audit provenance; no demonstrated disposable duplicate"
"results/paper_ready/cache/prediction/primary_n05_p4.mat","12142221","0D8E0D8E5CD56943A2E86952F9BEE455615ADF42B8DA3A49673BD252A881FC97","6","retain ignored/local","Scientific output, source, reproducibility or distinct audit provenance; no demonstrated disposable duplicate"
"results/paper_ready/cache/prediction/primary_n06_p1.mat","10896342","D5AB1979E0158BD0581496F99912744A8689608F0F17A9101B61AF47505363DC","6","retain ignored/local","Scientific output, source, reproducibility or distinct audit provenance; no demonstrated disposable duplicate"
"results/paper_ready/cache/prediction/primary_n06_p2.mat","10896979","20C8A19F1FD8B6EE6B30EB3AB3E5BED96B9F1959AF0E2A32055C6C8097193C87","6","retain ignored/local","Scientific output, source, reproducibility or distinct audit provenance; no demonstrated disposable duplicate"
"results/paper_ready/cache/prediction/primary_n06_p3.mat","11798726","1C7B00621442F4439C9BB1FFBADB0CCB5D2D76B6E89B9D55ADAE944CC8F8FFDB","6","retain ignored/local","Scientific output, source, reproducibility or distinct audit provenance; no demonstrated disposable duplicate"
"results/paper_ready/cache/prediction/primary_n06_p4.mat","12116457","16CD98C0ADEB64DC226E370477451E067A5E8B0DBE007295EE648DBEA440573C","6","retain ignored/local","Scientific output, source, reproducibility or distinct audit provenance; no demonstrated disposable duplicate"
"results/paper_ready/cache/prediction/primary_n07_p1.mat","10900772","88FA4C673A64F59AD17E659AFCC0BCAC56F769A8AE5D4D7C95CE40FA3AF40EC2","6","retain ignored/local","Scientific output, source, reproducibility or distinct audit provenance; no demonstrated disposable duplicate"
"results/paper_ready/cache/prediction/primary_n07_p2.mat","10902736","774FD23863625842793EC8F562B875A339300FD496D6550DE2A6297FE024CFD4","6","retain ignored/local","Scientific output, source, reproducibility or distinct audit provenance; no demonstrated disposable duplicate"
"results/paper_ready/cache/prediction/primary_n07_p3.mat","11803317","05E9CABBDCBD0BFAA56361FE6033D7A66638AC30376799334A93114BD79A4748","6","retain ignored/local","Scientific output, source, reproducibility or distinct audit provenance; no demonstrated disposable duplicate"
"results/paper_ready/cache/prediction/primary_n07_p4.mat","12139012","A56C9E6F622D0E29765CAE6319DA50CDC8FD21B37A6C105A5C1938233B03374F","6","retain ignored/local","Scientific output, source, reproducibility or distinct audit provenance; no demonstrated disposable duplicate"
"results/paper_ready/cache/prediction/primary_n08_p1.mat","10902728","1DE00BB4D660B3A43CE97B1859D4B1577B8861F76DF1131073B88E4BAE772DF4","6","retain ignored/local","Scientific output, source, reproducibility or distinct audit provenance; no demonstrated disposable duplicate"
"results/paper_ready/cache/prediction/primary_n08_p2.mat","10905520","AF3660548F14CA9F4A079CB80BE08D937FC71BEF749A65F1C42E30156E0AEB60","6","retain ignored/local","Scientific output, source, reproducibility or distinct audit provenance; no demonstrated disposable duplicate"
"results/paper_ready/cache/prediction/primary_n08_p3.mat","11804829","2D03E698C27580D3FC2C684548C8290FA7D00EB336E3C7282576664588270560","6","retain ignored/local","Scientific output, source, reproducibility or distinct audit provenance; no demonstrated disposable duplicate"
"results/paper_ready/cache/prediction/primary_n08_p4.mat","12142227","5378F3A6AA2BBC46B7DC5BFD54A6382AEF15C15F77BF4F9CAC4F3BD94347134C","6","retain ignored/local","Scientific output, source, reproducibility or distinct audit provenance; no demonstrated disposable duplicate"
"results/paper_ready/cache/prediction/primary_n09_p1.mat","10900432","40F3B892A5026969CEAC79160BA7101BD9682311FDF3EA6CC57C63294C6C3311","6","retain ignored/local","Scientific output, source, reproducibility or distinct audit provenance; no demonstrated disposable duplicate"
"results/paper_ready/cache/prediction/primary_n09_p2.mat","10902159","F7CEC33382535F07498A815B41C6D49261E2D94F9F06CDB8FA7C697D76E031C9","6","retain ignored/local","Scientific output, source, reproducibility or distinct audit provenance; no demonstrated disposable duplicate"
"results/paper_ready/cache/prediction/primary_n09_p3.mat","11805004","BB9CE8E49E4F91E8205F8E675819F2CB47C6F5C269DB234BEB7ABC0D61B6525A","6","retain ignored/local","Scientific output, source, reproducibility or distinct audit provenance; no demonstrated disposable duplicate"
"results/paper_ready/cache/prediction/primary_n09_p4.mat","12139781","A04E1EA066BBEA07E2038E608C60EAE902FFBE8AC4B5FEE658E2D75051C36FDE","6","retain ignored/local","Scientific output, source, reproducibility or distinct audit provenance; no demonstrated disposable duplicate"
"results/paper_ready/cache/prediction/primary_n10_p1.mat","10891247","9AC7F9108657771F5CBDECC51FCDD68C296A1A482DF16DC67F72559879E82269","6","retain ignored/local","Scientific output, source, reproducibility or distinct audit provenance; no demonstrated disposable duplicate"
"results/paper_ready/cache/prediction/primary_n10_p2.mat","10900385","6F50EDD49B12A553A9A863FCE337712699FB8027C4951B9C4A7D19E0859D8E18","6","retain ignored/local","Scientific output, source, reproducibility or distinct audit provenance; no demonstrated disposable duplicate"
"results/paper_ready/cache/prediction/primary_n10_p3.mat","11801674","F8287377ECC8E43DB645EA19DD6ADC9732EBEC3B81254B9799EF2866813EF453","6","retain ignored/local","Scientific output, source, reproducibility or distinct audit provenance; no demonstrated disposable duplicate"
"results/paper_ready/cache/prediction/primary_n10_p4.mat","12140645","51A75255E3324D5D0DE7CD749FBFC69FAC49CED1172C21BB800411949C41480C","6","retain ignored/local","Scientific output, source, reproducibility or distinct audit provenance; no demonstrated disposable duplicate"
"results/paper_ready/cache/prediction/rrr_n01_p1.mat","82545335","B748BABDEFB8408A0A9937C8C7DC20B763C1A7FAF3229971E574CCDFC57F0458","6","retain ignored/local","Scientific output, source, reproducibility or distinct audit provenance; no demonstrated disposable duplicate"
"results/paper_ready/cache/prediction/rrr_n01_p2.mat","84566901","BF2AAC010D20BB774FCEF4F41364210587677B1CA655B93D4E9E46549C034FC7","6","retain ignored/local","Scientific output, source, reproducibility or distinct audit provenance; no demonstrated disposable duplicate"
"results/paper_ready/cache/prediction/rrr_n01_p3.mat","88425687","9422919F7CE3B851D11C614469EA6BFFA86E1DC057CF6BBDF802B23D8BE910C0","6","retain ignored/local","Scientific output, source, reproducibility or distinct audit provenance; no demonstrated disposable duplicate"
"results/paper_ready/cache/prediction/rrr_n01_p4.mat","90330441","0A52FD5D694A350744E36AC5FB6FC6F34BAC0AFCD4DAF1D4A802FE367207F05F","6","retain ignored/local","Scientific output, source, reproducibility or distinct audit provenance; no demonstrated disposable duplicate"
"results/paper_ready/cache/prediction/rrr_n02_p1.mat","83071444","FA38F35F8BEEA84D31A4F30CAFAA1EDF544E9164318CC6B21DEB0C42E5CDB9B1","6","retain ignored/local","Scientific output, source, reproducibility or distinct audit provenance; no demonstrated disposable duplicate"
"results/paper_ready/cache/prediction/rrr_n02_p2.mat","85098024","68284ECE3348CB2D8855F65D028E47F85DB8954B7995EC49BF1C58987D2C926E","6","retain ignored/local","Scientific output, source, reproducibility or distinct audit provenance; no demonstrated disposable duplicate"
"results/paper_ready/cache/prediction/rrr_n02_p3.mat","93356464","550EC16B5850DAEA2CD34ADA301B4442275BCFEF702902EF710CAB64A6B4FE98","6","retain ignored/local","Scientific output, source, reproducibility or distinct audit provenance; no demonstrated disposable duplicate"
"results/paper_ready/cache/prediction/rrr_n02_p4.mat","94889166","E3008E4811E656C7CB104AA8D89873701FC2696DCA78888E23E28DE08A59A940","6","retain ignored/local","Scientific output, source, reproducibility or distinct audit provenance; no demonstrated disposable duplicate"
"results/paper_ready/cache/prediction/rrr_n03_p1.mat","88081579","1CA261681270048E553B973FFC07FA2BFAC028EF33E4FAA0ADC87D4316174BD3","6","retain ignored/local","Scientific output, source, reproducibility or distinct audit provenance; no demonstrated disposable duplicate"
"results/paper_ready/cache/prediction/rrr_n03_p2.mat","89109840","5E2433FDC0E58426474D109D753E653BA88412E1577AAEE2D8611380BCDA12EA","6","retain ignored/local","Scientific output, source, reproducibility or distinct audit provenance; no demonstrated disposable duplicate"
"results/paper_ready/cache/prediction/rrr_n03_p3.mat","95390098","3C70169C1EEA8D59790F9DDD404BEC9E7F902C5D9652C2FA094AC46DBBE40137","6","retain ignored/local","Scientific output, source, reproducibility or distinct audit provenance; no demonstrated disposable duplicate"
"results/paper_ready/cache/prediction/rrr_n03_p4.mat","93851561","008B1AC01991963290AD4817B2AD23B7BB95BA348BD96D3AE12B48C36967C08C","6","retain ignored/local","Scientific output, source, reproducibility or distinct audit provenance; no demonstrated disposable duplicate"
"results/paper_ready/cache/prediction/rrr_n04_p1.mat","93638958","B8D676522D6E88081779C11F1BF84FD915310F9FD87E5EC540BAF7CD4862605C","6","retain ignored/local","Scientific output, source, reproducibility or distinct audit provenance; no demonstrated disposable duplicate"
"results/paper_ready/cache/prediction/rrr_n04_p2.mat","93659825","8BE10F94E052A2AA691790147B272DA14F2ABF3333DD004B2F28E151A8C62DF2","6","retain ignored/local","Scientific output, source, reproducibility or distinct audit provenance; no demonstrated disposable duplicate"
"results/paper_ready/cache/prediction/rrr_n04_p3.mat","94513730","8D411D318B06491B07C42AFD2F2434CE42AFC0E84D5A12681C348F37F725996B","6","retain ignored/local","Scientific output, source, reproducibility or distinct audit provenance; no demonstrated disposable duplicate"
"results/paper_ready/cache/prediction/rrr_n04_p4.mat","96410677","3F92E8DEB193CECA7BB3C1E672AB88A601D96C47618362F716B9F1CE051DCE22","6","retain ignored/local","Scientific output, source, reproducibility or distinct audit provenance; no demonstrated disposable duplicate"
"results/paper_ready/cache/prediction/rrr_n05_p1.mat","87625045","A4E5D45F9FD9FF4BBAAD88167D932120C75D29E392DFF205DDC3A140BE7E29CF","6","retain ignored/local","Scientific output, source, reproducibility or distinct audit provenance; no demonstrated disposable duplicate"
"results/paper_ready/cache/prediction/rrr_n05_p2.mat","92690370","8514E4519534F6A638BBB7FCBCCF0072AA5D9C52869C1700A63F302FC1FCC9C9","6","retain ignored/local","Scientific output, source, reproducibility or distinct audit provenance; no demonstrated disposable duplicate"
"results/paper_ready/cache/prediction/rrr_n05_p3.mat","95401781","3AFC10200EF11DA9CBAEA8A8E089DAABEFA40ABF6BD477406CD10C23A840EDE5","6","retain ignored/local","Scientific output, source, reproducibility or distinct audit provenance; no demonstrated disposable duplicate"
"results/paper_ready/cache/prediction/rrr_n05_p4.mat","96491751","BCCF7328F3517672475E4BCFF1401AAB09E8FAD78E1A6D58A25B4D8265A9421B","6","retain ignored/local","Scientific output, source, reproducibility or distinct audit provenance; no demonstrated disposable duplicate"
"results/paper_ready/cache/prediction/rrr_n06_p1.mat","93766656","01C4901E7CFAAC6541CCAA689F17A11BA0857FDA3D4A23C156A35878E127CD60","6","retain ignored/local","Scientific output, source, reproducibility or distinct audit provenance; no demonstrated disposable duplicate"
"results/paper_ready/cache/prediction/rrr_n06_p2.mat","94766283","557B6B04E16A8DC6AA828CA0ADBB29460CFC08A416B6816FBBF2F7C6BE2F0121","6","retain ignored/local","Scientific output, source, reproducibility or distinct audit provenance; no demonstrated disposable duplicate"
"results/paper_ready/cache/prediction/rrr_n06_p3.mat","95483472","A23E59B2849160EA91B7D1BA0E608656959AD054C7E8ED5F82F886FE89072EA1","6","retain ignored/local","Scientific output, source, reproducibility or distinct audit provenance; no demonstrated disposable duplicate"
"results/paper_ready/cache/prediction/rrr_n06_p4.mat","95807418","4EE60FC8AE3CFCB9E2D7FFB02ABA668C3953727ED70DD63DB5E3DFE9F8915B02","6","retain ignored/local","Scientific output, source, reproducibility or distinct audit provenance; no demonstrated disposable duplicate"
"results/paper_ready/cache/prediction/rrr_n07_p1.mat","91147573","37BC1441DE24813D9E399473C874D0EE7AFC8AA97D493C5D2EFAD31C945CEBC7","6","retain ignored/local","Scientific output, source, reproducibility or distinct audit provenance; no demonstrated disposable duplicate"
"results/paper_ready/cache/prediction/rrr_n07_p2.mat","94195248","93DAA8EC5DA55D4D233E68129AD4C74741E8FB019BA7317992FF6802D9764952","6","retain ignored/local","Scientific output, source, reproducibility or distinct audit provenance; no demonstrated disposable duplicate"
"results/paper_ready/cache/prediction/rrr_n07_p3.mat","95951672","2B75E5C7C0D89132473843918B329A057D5531918EC547B12BEC7CB98BCA2C12","6","retain ignored/local","Scientific output, source, reproducibility or distinct audit provenance; no demonstrated disposable duplicate"
"results/paper_ready/cache/prediction/rrr_n07_p4.mat","95946537","C43CDD461034791C830A9E8A2B60DA21905414A799541BCEA35D72FB7F46248E","6","retain ignored/local","Scientific output, source, reproducibility or distinct audit provenance; no demonstrated disposable duplicate"
"results/paper_ready/cache/prediction/rrr_n08_p1.mat","86102442","9E4DBE180467D28D99E6BE521D48EF62BE024327FADA739F1E9FEC94DBD6CD1A","6","retain ignored/local","Scientific output, source, reproducibility or distinct audit provenance; no demonstrated disposable duplicate"
"results/paper_ready/cache/prediction/rrr_n08_p2.mat","88134059","BF6C0B2A9511AF044952CE3D1FCCF6EA41C2C97825D131998B317E3EBD26301C","6","retain ignored/local","Scientific output, source, reproducibility or distinct audit provenance; no demonstrated disposable duplicate"
"results/paper_ready/cache/prediction/rrr_n08_p3.mat","94417622","70DECC25A1B73E7DAA9B7E69E0FE2863C685C178F3D81199FE8391496B411308","6","retain ignored/local","Scientific output, source, reproducibility or distinct audit provenance; no demonstrated disposable duplicate"
"results/paper_ready/cache/prediction/rrr_n08_p4.mat","94900616","C6807B5AAF5AF1978F7524584FA7FF6A823856C6AFC79F985D0133F7F89D822D","6","retain ignored/local","Scientific output, source, reproducibility or distinct audit provenance; no demonstrated disposable duplicate"
"results/paper_ready/cache/prediction/rrr_n09_p1.mat","94179123","C8EA27AF9020A1546F726BEE94A6B5E9B35CDEBE4B874CFF3DA800E4C8450D54","6","retain ignored/local","Scientific output, source, reproducibility or distinct audit provenance; no demonstrated disposable duplicate"
"results/paper_ready/cache/prediction/rrr_n09_p2.mat","90680882","C9A637C6C0A647E6689B2F7CEB309419B27F73679BCD8F28486478CB15B6ED22","6","retain ignored/local","Scientific output, source, reproducibility or distinct audit provenance; no demonstrated disposable duplicate"
"results/paper_ready/cache/prediction/rrr_n09_p3.mat","91296288","6D7A4287923AB74575CD39F5F9FD7BBBCB69FED512F5835312CA32B18D994C37","6","retain ignored/local","Scientific output, source, reproducibility or distinct audit provenance; no demonstrated disposable duplicate"
"results/paper_ready/cache/prediction/rrr_n09_p4.mat","93990210","C3E12B10FB6A7710F5E2479726703B4562F12F666B285FFF3DAA19819F289A37","6","retain ignored/local","Scientific output, source, reproducibility or distinct audit provenance; no demonstrated disposable duplicate"
"results/paper_ready/cache/prediction/rrr_n10_p1.mat","95719337","E2665838555E4D7B2AC86B57322B6E5C9D57461B5060A9AEBE16A44C0289746A","6","retain ignored/local","Scientific output, source, reproducibility or distinct audit provenance; no demonstrated disposable duplicate"
"results/paper_ready/cache/prediction/rrr_n10_p2.mat","96225292","31739DF2148D2C516F6109FD3BEAA0C0C6EB812A33AA13B825AEDA58A990F673","6","retain ignored/local","Scientific output, source, reproducibility or distinct audit provenance; no demonstrated disposable duplicate"
"results/paper_ready/cache/prediction/rrr_n10_p3.mat","92451903","91AB3CE286C8F452C51C0F714C3ADA72F99777D1A98656B9E7160D3ACB91E275","6","retain ignored/local","Scientific output, source, reproducibility or distinct audit provenance; no demonstrated disposable duplicate"
"results/paper_ready/cache/prediction/rrr_n10_p4.mat","93360282","68CB476C04628E95D193A2D1D5BB8EC79081555AD78C42C423C3680156FDEE51","6","retain ignored/local","Scientific output, source, reproducibility or distinct audit provenance; no demonstrated disposable duplicate"
"results/paper_ready/cache/prediction/series_n01_p1.mat","407461199","7075FD572A84BC41A13E177B6129A0B10A3C3E84A345172C6D79C7642D40FC7B","6","retain ignored/local","Scientific output, source, reproducibility or distinct audit provenance; no demonstrated disposable duplicate"
"results/paper_ready/cache/prediction/series_n01_p2.mat","407546009","75B4C01F512C3C7C01A4CD4DFA73A9FE6F785998D827563AE00DB597E278421A","6","retain ignored/local","Scientific output, source, reproducibility or distinct audit provenance; no demonstrated disposable duplicate"
"results/paper_ready/cache/prediction/series_n01_p3.mat","407116940","08AAE9A3A1CED6588D50FFF0E6D93D9BEB7477EC1AF787FB8016A7C9A4C6BA8F","6","retain ignored/local","Scientific output, source, reproducibility or distinct audit provenance; no demonstrated disposable duplicate"
"results/paper_ready/cache/prediction/series_n01_p4.mat","406813732","44B0E1AA943DD76605E46FEFBF645EEB347D0DE6CFBA3678D9D2CA080CCE0999","6","retain ignored/local","Scientific output, source, reproducibility or distinct audit provenance; no demonstrated disposable duplicate"
"results/paper_ready/cache/prediction/series_n02_p1.mat","407268734","251265BFF4204D814DEA3585389594A56493809D378BC819737C9E99D4FAF72D","6","retain ignored/local","Scientific output, source, reproducibility or distinct audit provenance; no demonstrated disposable duplicate"
"results/paper_ready/cache/prediction/series_n02_p2.mat","407363248","DAD00B3AB6587A5ED92912ACA66CA816821501E157B4FD1660A49CDE52DA736B","6","retain ignored/local","Scientific output, source, reproducibility or distinct audit provenance; no demonstrated disposable duplicate"
"results/paper_ready/cache/prediction/series_n02_p3.mat","407133570","C32456614E6B453D90868293E662DF02CF03053B2A3ADA577159E5056BFDEB8D","6","retain ignored/local","Scientific output, source, reproducibility or distinct audit provenance; no demonstrated disposable duplicate"
"results/paper_ready/cache/prediction/series_n02_p4.mat","406792700","CD57CCD1D30C31980623FA5A964D51BEDCE3574C28EE46FF8946B009C4484620","6","retain ignored/local","Scientific output, source, reproducibility or distinct audit provenance; no demonstrated disposable duplicate"
"results/paper_ready/cache/prediction/series_n03_p1.mat","407463927","AD357A155799E0568674A2B260EE1895C9EEF58B92D69BC443F6B477E41D60F7","6","retain ignored/local","Scientific output, source, reproducibility or distinct audit provenance; no demonstrated disposable duplicate"
"results/paper_ready/cache/prediction/series_n03_p2.mat","407543714","5C9D716BD258CA001B18ADDD55AB0E7D3005281EBD625C87EFE71EEF221F86AC","6","retain ignored/local","Scientific output, source, reproducibility or distinct audit provenance; no demonstrated disposable duplicate"
"results/paper_ready/cache/prediction/series_n03_p3.mat","407259342","D9688D0D4AC7BDF9BEB4F60840FBCBE9F34BDE91A308A25D4AF8AC12430AA9FC","6","retain ignored/local","Scientific output, source, reproducibility or distinct audit provenance; no demonstrated disposable duplicate"
"results/paper_ready/cache/prediction/series_n03_p4.mat","406895389","D8213018C3923D8DA637AFAC4E986374FEA5D68B9A8DCB873603094CA247C9EE","6","retain ignored/local","Scientific output, source, reproducibility or distinct audit provenance; no demonstrated disposable duplicate"
"results/paper_ready/cache/prediction/series_n04_p1.mat","407542601","DD2502E052C2CBCED694CCF67562879276A467885D620FAF1498BDA819CBFA7B","6","retain ignored/local","Scientific output, source, reproducibility or distinct audit provenance; no demonstrated disposable duplicate"
"results/paper_ready/cache/prediction/series_n04_p2.mat","407620183","7B040A05B7845BB7B1F77420FC3C4616C21DF64E211BF3BBE7BA4150597D401B","6","retain ignored/local","Scientific output, source, reproducibility or distinct audit provenance; no demonstrated disposable duplicate"
"results/paper_ready/cache/prediction/series_n04_p3.mat","407080663","56086BD4E9917BC294CE6BC70783F45D98425C02B0E84AA28EFCFAAA8499205A","6","retain ignored/local","Scientific output, source, reproducibility or distinct audit provenance; no demonstrated disposable duplicate"
"results/paper_ready/cache/prediction/series_n04_p4.mat","406833293","4DBFF3462BA17AEFCB2D3DB4E306BD07B8F77EBFE88BC9BD90E857F611CCAB40","6","retain ignored/local","Scientific output, source, reproducibility or distinct audit provenance; no demonstrated disposable duplicate"
"results/paper_ready/cache/prediction/series_n05_p1.mat","407052701","363B843FE517C328F65D1A7B27D1004C7918486A1B42B1881CF9F3812F42802F","6","retain ignored/local","Scientific output, source, reproducibility or distinct audit provenance; no demonstrated disposable duplicate"
"results/paper_ready/cache/prediction/series_n05_p2.mat","407123601","0D74AE9EDB6B6276C40E9D8C39530E851820A52BA62307A04F51470F6045D733","6","retain ignored/local","Scientific output, source, reproducibility or distinct audit provenance; no demonstrated disposable duplicate"
"results/paper_ready/cache/prediction/series_n05_p3.mat","406950344","BD8E3B8FC3DD333A14D63EE6A236D62619B35F350822FB3556E4F3744B49DF05","6","retain ignored/local","Scientific output, source, reproducibility or distinct audit provenance; no demonstrated disposable duplicate"
"results/paper_ready/cache/prediction/series_n05_p4.mat","406732993","A66EA9C4B18961521FE910B51D9D75D51DADC4B082F65356402943099C0617CB","6","retain ignored/local","Scientific output, source, reproducibility or distinct audit provenance; no demonstrated disposable duplicate"
"results/paper_ready/cache/prediction/series_n06_p1.mat","406986309","4503532C216ECDDB41BA27BB6C62C61DF9271432A417C9C8BB85853871A764B2","6","retain ignored/local","Scientific output, source, reproducibility or distinct audit provenance; no demonstrated disposable duplicate"
"results/paper_ready/cache/prediction/series_n06_p2.mat","407063012","A57945BD7068DBC8DE056D32FAB1CB2D90DCDFAC0013E31F266D62D75E9EF510","6","retain ignored/local","Scientific output, source, reproducibility or distinct audit provenance; no demonstrated disposable duplicate"
"results/paper_ready/cache/prediction/series_n06_p3.mat","406808710","54A02D3EA47C40B1908533617DF8F72E4FEEA7C686234B318DB4726070DB4018","6","retain ignored/local","Scientific output, source, reproducibility or distinct audit provenance; no demonstrated disposable duplicate"
"results/paper_ready/cache/prediction/series_n06_p4.mat","406581484","197C0D81E009958574D9D3766BFB1591FDE24046963ECE4694026874E34989EF","6","retain ignored/local","Scientific output, source, reproducibility or distinct audit provenance; no demonstrated disposable duplicate"
"results/paper_ready/cache/prediction/series_n07_p1.mat","407405322","438CF81903F1CDB76C0FA24C76CD19C8CD3C89097307E725714BF2734B12E7DD","6","retain ignored/local","Scientific output, source, reproducibility or distinct audit provenance; no demonstrated disposable duplicate"
"results/paper_ready/cache/prediction/series_n07_p2.mat","407500058","BBCD7CA86714C0853885FE5961DF423E5A9A4FC685686DED66495B51116BAA61","6","retain ignored/local","Scientific output, source, reproducibility or distinct audit provenance; no demonstrated disposable duplicate"
"results/paper_ready/cache/prediction/series_n07_p3.mat","407154192","22F2FFD74B5701A913C69DF27BB9169AB9F35B5DC560A56478422CB2E77F396A","6","retain ignored/local","Scientific output, source, reproducibility or distinct audit provenance; no demonstrated disposable duplicate"
"results/paper_ready/cache/prediction/series_n07_p4.mat","406827793","4FB0BC7226DE3E43AB98A8BA34EA7C0F761001FC3F431233C881B7ACE138F4FD","6","retain ignored/local","Scientific output, source, reproducibility or distinct audit provenance; no demonstrated disposable duplicate"
"results/paper_ready/cache/prediction/series_n08_p1.mat","407375136","4E126DA01BA6BEADBB87ADDBB256CC47A8B52F5F458C06718C5D747670A2577B","6","retain ignored/local","Scientific output, source, reproducibility or distinct audit provenance; no demonstrated disposable duplicate"
"results/paper_ready/cache/prediction/series_n08_p2.mat","407471713","76F6A7AFE2E43FA62A4FF0040ED2A91ADCACA059249ACEC06F98AEEA1FC1AAB7","6","retain ignored/local","Scientific output, source, reproducibility or distinct audit provenance; no demonstrated disposable duplicate"
"results/paper_ready/cache/prediction/series_n08_p3.mat","407172322","C3FCB2DDD8346DC82E1E7757C0A0B90460807335969E98761A3B254170BEE713","6","retain ignored/local","Scientific output, source, reproducibility or distinct audit provenance; no demonstrated disposable duplicate"
"results/paper_ready/cache/prediction/series_n08_p4.mat","406877225","3157697AA22A2AD64C4B93BD7A3CA437454FC7B9F01331D1269826F5163688DD","6","retain ignored/local","Scientific output, source, reproducibility or distinct audit provenance; no demonstrated disposable duplicate"
"results/paper_ready/cache/prediction/series_n09_p1.mat","407301167","D4BA4182FF115D67514E9115002A6A2CED9D1F39EAE6D68751D3AA9F69D408B5","6","retain ignored/local","Scientific output, source, reproducibility or distinct audit provenance; no demonstrated disposable duplicate"
"results/paper_ready/cache/prediction/series_n09_p2.mat","407411659","D583357ACF7AF9EA944353111B27CA033C02BC74CCF1E8C0289343B95A4FAE97","6","retain ignored/local","Scientific output, source, reproducibility or distinct audit provenance; no demonstrated disposable duplicate"
"results/paper_ready/cache/prediction/series_n09_p3.mat","407078856","74EA77EF1DA1BF9A6BD26E07238D3AD45D5F052E5A24AB69372F90B043CC6C74","6","retain ignored/local","Scientific output, source, reproducibility or distinct audit provenance; no demonstrated disposable duplicate"
"results/paper_ready/cache/prediction/series_n09_p4.mat","406681479","DE45CECD9BD3A4E0A69BA612E2079A27C7B6F49F2BA756263573066FAC7718EC","6","retain ignored/local","Scientific output, source, reproducibility or distinct audit provenance; no demonstrated disposable duplicate"
"results/paper_ready/cache/prediction/series_n10_p1.mat","407178975","7530941746B9E89329F03930A35412A55F49E1808089DE19B4188A0712D6D0FC","6","retain ignored/local","Scientific output, source, reproducibility or distinct audit provenance; no demonstrated disposable duplicate"
"results/paper_ready/cache/prediction/series_n10_p2.mat","407266406","460049F0299539C16D3DFE8BA0B692586DD8F73E4D333AAD58B4384DACB86BDF","6","retain ignored/local","Scientific output, source, reproducibility or distinct audit provenance; no demonstrated disposable duplicate"
"results/paper_ready/cache/prediction/series_n10_p3.mat","407065098","5161A3067D803B9E03286392D5561729DAFABB8F2727FDF41986CA0EB2D35C30","6","retain ignored/local","Scientific output, source, reproducibility or distinct audit provenance; no demonstrated disposable duplicate"
"results/paper_ready/cache/prediction/series_n10_p4.mat","406760310","54B262E9894101598B74F225FB56DE4077C42ADBFC7878EE3AEA823C1B54AE81","6","retain ignored/local","Scientific output, source, reproducibility or distinct audit provenance; no demonstrated disposable duplicate"
"results/paper_ready/cache/stabilization_eta/analysis_n01_e1_p1.mat","15109137","31748B70FDE9B17958FC86C3487A818BDA4EA34F4D261FFF93340A82F0151D61","6","retain ignored/local","Scientific output, source, reproducibility or distinct audit provenance; no demonstrated disposable duplicate"
"results/paper_ready/cache/stabilization_eta/analysis_n01_e1_p2.mat","16252531","D5CCB48236231BE779DB4740204F71000A93E1A5F57724FAD3594162C6847368","6","retain ignored/local","Scientific output, source, reproducibility or distinct audit provenance; no demonstrated disposable duplicate"
"results/paper_ready/cache/stabilization_eta/analysis_n01_e2_p1.mat","14207554","A8F8FAE8F01E4481EA6582F87DD702AE18C41C29BA362F8455701BA1C2B42E18","6","retain ignored/local","Scientific output, source, reproducibility or distinct audit provenance; no demonstrated disposable duplicate"
"results/paper_ready/cache/stabilization_eta/analysis_n01_e2_p2.mat","14124408","F8772E7535404058841CBAA817FAEEDF3C136BAA37B57883CDAA758FA870ED5A","6","retain ignored/local","Scientific output, source, reproducibility or distinct audit provenance; no demonstrated disposable duplicate"
"results/paper_ready/cache/stabilization_eta/analysis_n01_e3_p1.mat","13838451","D3D49A20A10967F7F9F2E0EA47651F0685C5D95B5C66726EEA95C56C6D8BF4EF","6","retain ignored/local","Scientific output, source, reproducibility or distinct audit provenance; no demonstrated disposable duplicate"
"results/paper_ready/cache/stabilization_eta/analysis_n01_e3_p2.mat","13757754","913E0DC929E3755B1291938E9E99EF512419FD7E525B1E920B5F9547FC053DEA","6","retain ignored/local","Scientific output, source, reproducibility or distinct audit provenance; no demonstrated disposable duplicate"
"results/paper_ready/cache/stabilization_eta/analysis_n01_e4_p1.mat","13432435","CDDE347D92F4DEBC7425C8B06C3D4D4C89F7A70596E8D8E0721E506251B8C443","6","retain ignored/local","Scientific output, source, reproducibility or distinct audit provenance; no demonstrated disposable duplicate"
"results/paper_ready/cache/stabilization_eta/analysis_n01_e4_p2.mat","13390395","BEBBDAD79E63B9DFE369CBF20B7318AAEA9FED94DB9A9CA93A168CB844E5B022","6","retain ignored/local","Scientific output, source, reproducibility or distinct audit provenance; no demonstrated disposable duplicate"
"results/paper_ready/cache/stabilization_eta/analysis_n01_e5_p1.mat","13027835","FD8E9D9EBECB8B202B9626093564C573099BFD76D2C4BB9D31879A60BA242F5C","6","retain ignored/local","Scientific output, source, reproducibility or distinct audit provenance; no demonstrated disposable duplicate"
"results/paper_ready/cache/stabilization_eta/analysis_n01_e5_p2.mat","13011403","76E16B0502194BB5CF172987C99847A9094DD1BFCB7F77E8227B987FE270E486","6","retain ignored/local","Scientific output, source, reproducibility or distinct audit provenance; no demonstrated disposable duplicate"
"results/paper_ready/cache/stabilization_eta/analysis_n02_e1_p1.mat","15090728","5666E83C3A782ADC95EBDCF2FB2D42BEE814D9535EEC87A4D73568E022C54E06","6","retain ignored/local","Scientific output, source, reproducibility or distinct audit provenance; no demonstrated disposable duplicate"
"results/paper_ready/cache/stabilization_eta/analysis_n02_e1_p2.mat","16174911","A1FDC4D0E3DC1B0F23A14968500724F66DA29AE5A18078603ABFCCEE564D208E","6","retain ignored/local","Scientific output, source, reproducibility or distinct audit provenance; no demonstrated disposable duplicate"
"results/paper_ready/cache/stabilization_eta/analysis_n02_e2_p1.mat","14201074","35A3E7A7A36833CBFEB5D73919A9E37823AAEB0E3EC0E0D3BF79945C8E3A2DA9","6","retain ignored/local","Scientific output, source, reproducibility or distinct audit provenance; no demonstrated disposable duplicate"
"results/paper_ready/cache/stabilization_eta/analysis_n02_e2_p2.mat","14070984","A6A63411B1EACB121999F2A2B90DFB8CF4F37C07563C905BBEE0B6FE08933E8B","6","retain ignored/local","Scientific output, source, reproducibility or distinct audit provenance; no demonstrated disposable duplicate"
"results/paper_ready/cache/stabilization_eta/analysis_n02_e3_p1.mat","13850522","51F921A056B5C74F9D0A85DC448ACD3DA200A2888DFB6ACFA923BA7439A0269F","6","retain ignored/local","Scientific output, source, reproducibility or distinct audit provenance; no demonstrated disposable duplicate"
"results/paper_ready/cache/stabilization_eta/analysis_n02_e3_p2.mat","13729330","1964C53CF6067498FD6F21988DC294E76811D5C4FD59BEA1CFA1DDB939D66FC7","6","retain ignored/local","Scientific output, source, reproducibility or distinct audit provenance; no demonstrated disposable duplicate"
"results/paper_ready/cache/stabilization_eta/analysis_n02_e4_p1.mat","13473693","E0182A8BFF6ED4183A85D93732A426BF3D0101A29BEE53333D8ECB2F0ED66336","6","retain ignored/local","Scientific output, source, reproducibility or distinct audit provenance; no demonstrated disposable duplicate"
"results/paper_ready/cache/stabilization_eta/analysis_n02_e4_p2.mat","13370785","091DF8A8BCE88C6E0E6CB03009E701D41970F073E022830EB13C6315A419286A","6","retain ignored/local","Scientific output, source, reproducibility or distinct audit provenance; no demonstrated disposable duplicate"
"results/paper_ready/cache/stabilization_eta/analysis_n02_e5_p1.mat","13093021","02CA90BA342E4861DF6F6EE9B3FEE1611C0976DAB4CC0E08316BA61FA2AACDEF","6","retain ignored/local","Scientific output, source, reproducibility or distinct audit provenance; no demonstrated disposable duplicate"
"results/paper_ready/cache/stabilization_eta/analysis_n02_e5_p2.mat","13020552","230271B1F00D4AC350C9080655C3691F9C5DEEA18BB1EC1CFE7E64A2137C17D5","6","retain ignored/local","Scientific output, source, reproducibility or distinct audit provenance; no demonstrated disposable duplicate"
"results/paper_ready/cache/stabilization_eta/analysis_n03_e1_p1.mat","15137168","D3EBA87B352578C1DDD26AFA9DCA3F79A5BB4E914DD49A531ED55025CFB973C5","6","retain ignored/local","Scientific output, source, reproducibility or distinct audit provenance; no demonstrated disposable duplicate"
"results/paper_ready/cache/stabilization_eta/analysis_n03_e1_p2.mat","16266969","EE4B0F1C5F32AE050078F1FC82F114E3CAD4D38FB8701F9E96284C1150957B9F","6","retain ignored/local","Scientific output, source, reproducibility or distinct audit provenance; no demonstrated disposable duplicate"
"results/paper_ready/cache/stabilization_eta/analysis_n03_e2_p1.mat","14225133","2A3B4627205DE8E0638461B62C07ED2BA450EAA492483E38237AA4E1712A5A23","6","retain ignored/local","Scientific output, source, reproducibility or distinct audit provenance; no demonstrated disposable duplicate"
"results/paper_ready/cache/stabilization_eta/analysis_n03_e2_p2.mat","14140747","333BF0E773260B9A9CE952CD061994787EC140B8684827CEBF76AD0393E68D0F","6","retain ignored/local","Scientific output, source, reproducibility or distinct audit provenance; no demonstrated disposable duplicate"
"results/paper_ready/cache/stabilization_eta/analysis_n03_e3_p1.mat","13841255","3056CB9BE6595D0CCA681395429BEF74A00C29656D0B5A66D921617D4F56C4F2","6","retain ignored/local","Scientific output, source, reproducibility or distinct audit provenance; no demonstrated disposable duplicate"
"results/paper_ready/cache/stabilization_eta/analysis_n03_e3_p2.mat","13753223","F69FB6515C1C36284C88EB679DDB9DE0F366F92E94C583A157B95611A91A8DF3","6","retain ignored/local","Scientific output, source, reproducibility or distinct audit provenance; no demonstrated disposable duplicate"
"results/paper_ready/cache/stabilization_eta/analysis_n03_e4_p1.mat","13413414","3B9639C0E8B72B8DF8972B3A0C52DC485A6EF43953673E27562F6E9CAC3C2E7B","6","retain ignored/local","Scientific output, source, reproducibility or distinct audit provenance; no demonstrated disposable duplicate"
"results/paper_ready/cache/stabilization_eta/analysis_n03_e4_p2.mat","13346937","A89D45466196068562E6C2252B8A5E83F1FACFFD80EF67269C344BC14148A73A","6","retain ignored/local","Scientific output, source, reproducibility or distinct audit provenance; no demonstrated disposable duplicate"
"results/paper_ready/cache/stabilization_eta/analysis_n03_e5_p1.mat","12984976","81A7F2F840F5EA3F42668FECE9EF7097DBF55871565D86BA088EE092DDA15F23","6","retain ignored/local","Scientific output, source, reproducibility or distinct audit provenance; no demonstrated disposable duplicate"
"results/paper_ready/cache/stabilization_eta/analysis_n03_e5_p2.mat","12939133","6D4669D5B9ABA7947A1D1492E683147E83D2E4168783381DD5F434D90118C1A8","6","retain ignored/local","Scientific output, source, reproducibility or distinct audit provenance; no demonstrated disposable duplicate"
"results/paper_ready/cache/stabilization_eta/analysis_n04_e1_p1.mat","14927347","20DF0CA85340A419A7141E4D7ADF9DB62D86AA0F804CA2E223AB248D93C4F6E6","6","retain ignored/local","Scientific output, source, reproducibility or distinct audit provenance; no demonstrated disposable duplicate"
"results/paper_ready/cache/stabilization_eta/analysis_n04_e1_p2.mat","16462857","BAF1BA369F2F30A97D8A64F716EE6E8BEF93A5EAD6A6FE428C7DF12628DE261F","6","retain ignored/local","Scientific output, source, reproducibility or distinct audit provenance; no demonstrated disposable duplicate"
"results/paper_ready/cache/stabilization_eta/analysis_n04_e2_p1.mat","14004470","9E3B461A6881BD9CD021825BE2DD78215E012B17E1B1EF6C40FA590B7698AAA2","6","retain ignored/local","Scientific output, source, reproducibility or distinct audit provenance; no demonstrated disposable duplicate"
"results/paper_ready/cache/stabilization_eta/analysis_n04_e2_p2.mat","13995382","012294675D7D50DD835F98CDFFF114841951A3018ED161CEFAC2A46048ED5FE1","6","retain ignored/local","Scientific output, source, reproducibility or distinct audit provenance; no demonstrated disposable duplicate"
"results/paper_ready/cache/stabilization_eta/analysis_n04_e3_p1.mat","13653884","1C289A9105B16D397C4EFF4643527BF94137C70AFA9FCFF1BA10449DC94015F7","6","retain ignored/local","Scientific output, source, reproducibility or distinct audit provenance; no demonstrated disposable duplicate"
"results/paper_ready/cache/stabilization_eta/analysis_n04_e3_p2.mat","13662257","581BBB4D79A5E4AC25A67EABCAF1D99D557FB8E1E12028EDB8FB9287D78C20A8","6","retain ignored/local","Scientific output, source, reproducibility or distinct audit provenance; no demonstrated disposable duplicate"
"results/paper_ready/cache/stabilization_eta/analysis_n04_e4_p1.mat","13275994","D84C8E594445C90569EB703AB0528891700E2F94CDE25843E44DE7FE153F56F0","6","retain ignored/local","Scientific output, source, reproducibility or distinct audit provenance; no demonstrated disposable duplicate"
"results/paper_ready/cache/stabilization_eta/analysis_n04_e4_p2.mat","13315269","4A206B5200BFBBF310E096B71054FC318D9748FA9A92557C0C15C23B8EEFD8D1","6","retain ignored/local","Scientific output, source, reproducibility or distinct audit provenance; no demonstrated disposable duplicate"
"results/paper_ready/cache/stabilization_eta/analysis_n04_e5_p1.mat","12909816","BA7F9CFA9BC8E7ED4790645D06C1B6D77B388F39D9A0FF2E5383F6A672173C39","6","retain ignored/local","Scientific output, source, reproducibility or distinct audit provenance; no demonstrated disposable duplicate"
"results/paper_ready/cache/stabilization_eta/analysis_n04_e5_p2.mat","12972527","9DFBA64B89EE8F2E3F2C4EBE2E90D9FA74E14147CD48DDF28A0639E65E6C750B","6","retain ignored/local","Scientific output, source, reproducibility or distinct audit provenance; no demonstrated disposable duplicate"
"results/paper_ready/cache/stabilization_eta/analysis_n05_e1_p1.mat","15355736","10292670533E8AE0CAFAEAE3A24DD1F0800B8E21AC0B1BD23611B0F1F6929102","6","retain ignored/local","Scientific output, source, reproducibility or distinct audit provenance; no demonstrated disposable duplicate"
"results/paper_ready/cache/stabilization_eta/analysis_n05_e1_p2.mat","16193106","4ED3BDEDBBEDD06F62755FE7137BED2BFA5A17964BF03D6EE3B5CEAFE2905E25","6","retain ignored/local","Scientific output, source, reproducibility or distinct audit provenance; no demonstrated disposable duplicate"
"results/paper_ready/cache/stabilization_eta/analysis_n05_e2_p1.mat","14175294","22FEEF330C3253238BCE3D6A6539C1317E4F85C93E60BE92DD6B16D34B03EFD3","6","retain ignored/local","Scientific output, source, reproducibility or distinct audit provenance; no demonstrated disposable duplicate"
"results/paper_ready/cache/stabilization_eta/analysis_n05_e2_p2.mat","14076638","904848EA4C422770C51E0C42CA8B72E98D08FF4F2E4862C5DBF26A733958D53E","6","retain ignored/local","Scientific output, source, reproducibility or distinct audit provenance; no demonstrated disposable duplicate"
"results/paper_ready/cache/stabilization_eta/analysis_n05_e3_p1.mat","13846833","0507C20F6871FB1718A1DD3992DE577A7D3178B988EBCBC0B30F06A8E81E0098","6","retain ignored/local","Scientific output, source, reproducibility or distinct audit provenance; no demonstrated disposable duplicate"
"results/paper_ready/cache/stabilization_eta/analysis_n05_e3_p2.mat","13744894","11ABEEDD868F3233F7BB15C80CD3C151F66AF245667DA2F9793935C18AB594DD","6","retain ignored/local","Scientific output, source, reproducibility or distinct audit provenance; no demonstrated disposable duplicate"
"results/paper_ready/cache/stabilization_eta/analysis_n05_e4_p1.mat","13496514","56D6CECD64C4E9202FBD8666588B41F3D8612A0BAE2DD8F5BCA9802A9CEFBFA1","6","retain ignored/local","Scientific output, source, reproducibility or distinct audit provenance; no demonstrated disposable duplicate"
"results/paper_ready/cache/stabilization_eta/analysis_n05_e4_p2.mat","13408045","0934343A2B8726150608E27DD7AF183638224FF4AF1EC942E980A54031E7CF10","6","retain ignored/local","Scientific output, source, reproducibility or distinct audit provenance; no demonstrated disposable duplicate"
"results/paper_ready/cache/stabilization_eta/analysis_n05_e5_p1.mat","13153199","1171476C556A20CB157DA2B5506DDD4A2D37A3ACD7363EB4091D6CACE2ED86F6","6","retain ignored/local","Scientific output, source, reproducibility or distinct audit provenance; no demonstrated disposable duplicate"
"results/paper_ready/cache/stabilization_eta/analysis_n05_e5_p2.mat","13062797","693DE9E10A18F00BED415A750B80EA36A7735D020448AF00CB589F88EDFECA6F","6","retain ignored/local","Scientific output, source, reproducibility or distinct audit provenance; no demonstrated disposable duplicate"
"results/paper_ready/cache/stabilization_eta/analysis_n06_e1_p1.mat","15273975","8412B1AC981482BEC5D6F1461C67C425A5818EF4043DD63B0BF5CEE64151FFE3","6","retain ignored/local","Scientific output, source, reproducibility or distinct audit provenance; no demonstrated disposable duplicate"
"results/paper_ready/cache/stabilization_eta/analysis_n06_e1_p2.mat","16354933","6FD23CBFA71954AB136A6FA5C4BB19F47929EF2A39FD7E8C80EA92DEFBEC12FB","6","retain ignored/local","Scientific output, source, reproducibility or distinct audit provenance; no demonstrated disposable duplicate"
"results/paper_ready/cache/stabilization_eta/analysis_n06_e2_p1.mat","14387750","F168DD105A3C909531191F0D0A3BE99C33DC26BC757676462DA0692D21B0E2DE","6","retain ignored/local","Scientific output, source, reproducibility or distinct audit provenance; no demonstrated disposable duplicate"
"results/paper_ready/cache/stabilization_eta/analysis_n06_e2_p2.mat","14247705","2B52EE9E30A38BB24DAE12952986671A9191CA34BF5178C0153D40DB9E33680F","6","retain ignored/local","Scientific output, source, reproducibility or distinct audit provenance; no demonstrated disposable duplicate"
"results/paper_ready/cache/stabilization_eta/analysis_n06_e3_p1.mat","14060228","D9441D256C39C56E4A268307B701314FE73AC11DDEC98DA3E4A281DD95C20028","6","retain ignored/local","Scientific output, source, reproducibility or distinct audit provenance; no demonstrated disposable duplicate"
"results/paper_ready/cache/stabilization_eta/analysis_n06_e3_p2.mat","13887449","E1636E93CCE2996E9196052B4AC3E293A7956CD85091D8D699806A33AB4A4234","6","retain ignored/local","Scientific output, source, reproducibility or distinct audit provenance; no demonstrated disposable duplicate"
"results/paper_ready/cache/stabilization_eta/analysis_n06_e4_p1.mat","13650971","E6CDD1E33059C540394CB8228B0A632F36313123724E48122154099369F18FA5","6","retain ignored/local","Scientific output, source, reproducibility or distinct audit provenance; no demonstrated disposable duplicate"
"results/paper_ready/cache/stabilization_eta/analysis_n06_e4_p2.mat","13493399","51A6AEAADC9295CB523D927629677D3ECE9B7D57F71FC45BEB4813C50E03DF5B","6","retain ignored/local","Scientific output, source, reproducibility or distinct audit provenance; no demonstrated disposable duplicate"
"results/paper_ready/cache/stabilization_eta/analysis_n06_e5_p1.mat","13248032","4A6F64CBF755C372105773DFC8E9ED0CACFB29D6CF36B3B82FD20452853E2B03","6","retain ignored/local","Scientific output, source, reproducibility or distinct audit provenance; no demonstrated disposable duplicate"
"results/paper_ready/cache/stabilization_eta/analysis_n06_e5_p2.mat","13091262","56FF5EAE1D092D10C2A3C28F901706371F1EB945A45B71B9A4DA89CBCCFA800B","6","retain ignored/local","Scientific output, source, reproducibility or distinct audit provenance; no demonstrated disposable duplicate"
"results/paper_ready/cache/stabilization_eta/analysis_n07_e1_p1.mat","15038528","B490D487A0FF8DD74BB238192456756F5AD852EDFC5B9CB62B052A529E2D0FD5","6","retain ignored/local","Scientific output, source, reproducibility or distinct audit provenance; no demonstrated disposable duplicate"
"results/paper_ready/cache/stabilization_eta/analysis_n07_e1_p2.mat","16170360","223557DFF832ACDDA0EE4749C2729B99FA21207DE5FBD13C1EBC227D5CB59F9C","6","retain ignored/local","Scientific output, source, reproducibility or distinct audit provenance; no demonstrated disposable duplicate"
"results/paper_ready/cache/stabilization_eta/analysis_n07_e2_p1.mat","14140653","EF9A73E2799B0186937EAD992E37EAC623746A481568347FE490D765333E7C66","6","retain ignored/local","Scientific output, source, reproducibility or distinct audit provenance; no demonstrated disposable duplicate"
"results/paper_ready/cache/stabilization_eta/analysis_n07_e2_p2.mat","14040473","2BD6E48A4D64D2E109E6FCFDDBC7FAC36258753B0E1C95EB48F040E5A904F62D","6","retain ignored/local","Scientific output, source, reproducibility or distinct audit provenance; no demonstrated disposable duplicate"
"results/paper_ready/cache/stabilization_eta/analysis_n07_e3_p1.mat","13796739","BFA200AE2BBA0B2138FE9005D7346FF53D2FDBF7780AF592BA5DEDFB65A9F132","6","retain ignored/local","Scientific output, source, reproducibility or distinct audit provenance; no demonstrated disposable duplicate"
"results/paper_ready/cache/stabilization_eta/analysis_n07_e3_p2.mat","13691946","B07156AFFD4D53B2A285628AF622F5F4F9F6B7EE2932FDBBDFF05EBC0C253394","6","retain ignored/local","Scientific output, source, reproducibility or distinct audit provenance; no demonstrated disposable duplicate"
"results/paper_ready/cache/stabilization_eta/analysis_n07_e4_p1.mat","13426090","E22EB1F812392C8AA9A60C7CE24A5B11F13B25A98175F7D233A4432B6ECFEF1B","6","retain ignored/local","Scientific output, source, reproducibility or distinct audit provenance; no demonstrated disposable duplicate"
"results/paper_ready/cache/stabilization_eta/analysis_n07_e4_p2.mat","13340982","5772392C72D6219D4AC5E5BF951A1CDCE7EB315E5AB286064B5100A1B64490E9","6","retain ignored/local","Scientific output, source, reproducibility or distinct audit provenance; no demonstrated disposable duplicate"
"results/paper_ready/cache/stabilization_eta/analysis_n07_e5_p1.mat","13065226","F383C04C394CDB82BE1BD93CF7FD8D8B61ADB750CD8665E4DA5E2F4E02F07A47","6","retain ignored/local","Scientific output, source, reproducibility or distinct audit provenance; no demonstrated disposable duplicate"
"results/paper_ready/cache/stabilization_eta/analysis_n07_e5_p2.mat","13004165","9320AA766311DBE6A588EC0A1BFF8A11328F2A9B3E788DD09FC8C20A6C05142A","6","retain ignored/local","Scientific output, source, reproducibility or distinct audit provenance; no demonstrated disposable duplicate"
"results/paper_ready/cache/stabilization_eta/analysis_n08_e1_p1.mat","15029535","4DDA54E41A98FC80B47E20B9633C975EE356E0ECD18FBC21CAAA7440FEF6AC2C","6","retain ignored/local","Scientific output, source, reproducibility or distinct audit provenance; no demonstrated disposable duplicate"
"results/paper_ready/cache/stabilization_eta/analysis_n08_e1_p2.mat","16173365","E98E52CE50D645C0F8D57FF0D9B0BA9CF2496EDCC1A177715F882143F0ED7EAF","6","retain ignored/local","Scientific output, source, reproducibility or distinct audit provenance; no demonstrated disposable duplicate"
"results/paper_ready/cache/stabilization_eta/analysis_n08_e2_p1.mat","14138969","467B914E4290716199BFB6E12979C4FC5733DAEEC91E8D41630DDABAC7EDE86C","6","retain ignored/local","Scientific output, source, reproducibility or distinct audit provenance; no demonstrated disposable duplicate"
"results/paper_ready/cache/stabilization_eta/analysis_n08_e2_p2.mat","14047949","F4178C3D0BD3EE7092437D0315E5CF546666DC08C7DA3D70CCC8F018AE5FE9AA","6","retain ignored/local","Scientific output, source, reproducibility or distinct audit provenance; no demonstrated disposable duplicate"
"results/paper_ready/cache/stabilization_eta/analysis_n08_e3_p1.mat","13795443","9DCDC776B9066076B365A5501F3CECBC69B08726EC479535178249FCD41701E8","6","retain ignored/local","Scientific output, source, reproducibility or distinct audit provenance; no demonstrated disposable duplicate"
"results/paper_ready/cache/stabilization_eta/analysis_n08_e3_p2.mat","13696217","6B447C06C4527C72A9DC5F091663D8D007D9CFDB795A52E794290C6B5B74622F","6","retain ignored/local","Scientific output, source, reproducibility or distinct audit provenance; no demonstrated disposable duplicate"
"results/paper_ready/cache/stabilization_eta/analysis_n08_e4_p1.mat","13436304","54CED277F0C50B683990320CFF921FCE559D79CE89D524337B782E6452BB38D6","6","retain ignored/local","Scientific output, source, reproducibility or distinct audit provenance; no demonstrated disposable duplicate"
"results/paper_ready/cache/stabilization_eta/analysis_n08_e4_p2.mat","13347837","40A2606756A2BB247614B4D8C015A269536FB5574C415C93E6495190E8B175E6","6","retain ignored/local","Scientific output, source, reproducibility or distinct audit provenance; no demonstrated disposable duplicate"
"results/paper_ready/cache/stabilization_eta/analysis_n08_e5_p1.mat","13075175","FEF28846C2865CA8DF9FFE5B42A00EE31DCB23EFD1B6F488E70E4EC51894CD51","6","retain ignored/local","Scientific output, source, reproducibility or distinct audit provenance; no demonstrated disposable duplicate"
"results/paper_ready/cache/stabilization_eta/analysis_n08_e5_p2.mat","13002528","FBFE840D423852C2573C8170359EFD55E0F436FC0F32460128CAA09DFBAAE490","6","retain ignored/local","Scientific output, source, reproducibility or distinct audit provenance; no demonstrated disposable duplicate"
"results/paper_ready/cache/stabilization_eta/analysis_n09_e1_p1.mat","15042616","192369A1C063FE724C5FE430A5DF5C862270904455FD34474A38CEED5686918C","6","retain ignored/local","Scientific output, source, reproducibility or distinct audit provenance; no demonstrated disposable duplicate"
"results/paper_ready/cache/stabilization_eta/analysis_n09_e1_p2.mat","16177111","FA200C97E99FB06488A213D3A0B2B4B90206595E4687D4B3C9EFBEB1664C9751","6","retain ignored/local","Scientific output, source, reproducibility or distinct audit provenance; no demonstrated disposable duplicate"
"results/paper_ready/cache/stabilization_eta/analysis_n09_e2_p1.mat","14157342","91183E5249384962FAFBDFAB33889AF975CC2C26CD8EBB40C7596DA7C5F3BE0F","6","retain ignored/local","Scientific output, source, reproducibility or distinct audit provenance; no demonstrated disposable duplicate"
"results/paper_ready/cache/stabilization_eta/analysis_n09_e2_p2.mat","14054550","2DFDF5BE134B301A9D13CFB0A1D8DE9E02A01E908A727B98D4FC4CFD7B5018AE","6","retain ignored/local","Scientific output, source, reproducibility or distinct audit provenance; no demonstrated disposable duplicate"
"results/paper_ready/cache/stabilization_eta/analysis_n09_e3_p1.mat","13818265","A97B23CDA53A65F74F648CB34F791787BE3C3A8F9C860052AF7F10A7A5CFCFC4","6","retain ignored/local","Scientific output, source, reproducibility or distinct audit provenance; no demonstrated disposable duplicate"
"results/paper_ready/cache/stabilization_eta/analysis_n09_e3_p2.mat","13712929","AFFE380F95DDD062DE812673F59CED66F22B69E63DDEA8CC06BBB62CB74E421F","6","retain ignored/local","Scientific output, source, reproducibility or distinct audit provenance; no demonstrated disposable duplicate"
"results/paper_ready/cache/stabilization_eta/analysis_n09_e4_p1.mat","13456375","FC5AB82BBD2932B6CDC18A98E9F583FEEE05C7AF3AD86D769ED9FD972D6E4C3A","6","retain ignored/local","Scientific output, source, reproducibility or distinct audit provenance; no demonstrated disposable duplicate"
"results/paper_ready/cache/stabilization_eta/analysis_n09_e4_p2.mat","13370740","F0DF1E224E366A35D8FAC694342AAD723CEC8D70E87C2002BC0A9046A4FFD892","6","retain ignored/local","Scientific output, source, reproducibility or distinct audit provenance; no demonstrated disposable duplicate"
"results/paper_ready/cache/stabilization_eta/analysis_n09_e5_p1.mat","13088842","541D09ED046BAD36BF84E9F0964290BF0325F0B98D2615F7CE0730A165238EBC","6","retain ignored/local","Scientific output, source, reproducibility or distinct audit provenance; no demonstrated disposable duplicate"
"results/paper_ready/cache/stabilization_eta/analysis_n09_e5_p2.mat","13022063","99B104DC02DAE0E748D13DC86CDCBE343235CA9C162BFC60E7835C891339A8B9","6","retain ignored/local","Scientific output, source, reproducibility or distinct audit provenance; no demonstrated disposable duplicate"
"results/paper_ready/cache/stabilization_eta/analysis_n10_e1_p1.mat","15036567","856C8966777F88BA46CEDD2A67A39EF988FF1B491FE5F4A4FC57F784A418D48B","6","retain ignored/local","Scientific output, source, reproducibility or distinct audit provenance; no demonstrated disposable duplicate"
"results/paper_ready/cache/stabilization_eta/analysis_n10_e1_p2.mat","16191560","98C7E32C201480D1E2EFD45961E91907F8B17938466BE81DE30A59783742121E","6","retain ignored/local","Scientific output, source, reproducibility or distinct audit provenance; no demonstrated disposable duplicate"
"results/paper_ready/cache/stabilization_eta/analysis_n10_e2_p1.mat","14156888","BB8C54BF4EF911B513499D34186E1E6B825E7073EA6098D06014D6DB3D77ADFA","6","retain ignored/local","Scientific output, source, reproducibility or distinct audit provenance; no demonstrated disposable duplicate"
"results/paper_ready/cache/stabilization_eta/analysis_n10_e2_p2.mat","14074533","8BD42F37CA62765566A74721810B83C3CBBA13D4FD6FD817DBAD6C229BC98222","6","retain ignored/local","Scientific output, source, reproducibility or distinct audit provenance; no demonstrated disposable duplicate"
"results/paper_ready/cache/stabilization_eta/analysis_n10_e3_p1.mat","13828289","41866449B25C327A4473131B49FDCCBB2AE100178D2C5286D939F728FF4215D6","6","retain ignored/local","Scientific output, source, reproducibility or distinct audit provenance; no demonstrated disposable duplicate"
"results/paper_ready/cache/stabilization_eta/analysis_n10_e3_p2.mat","13754497","B111B515004460318172B367DB8B456683A008F6C2F52EC11DF23535AD1D5B4F","6","retain ignored/local","Scientific output, source, reproducibility or distinct audit provenance; no demonstrated disposable duplicate"
"results/paper_ready/cache/stabilization_eta/analysis_n10_e4_p1.mat","13487147","B95DA2421FA948D224587184BAE87C5F25B7570AEE25DDA8AD8B6E9BE095BC78","6","retain ignored/local","Scientific output, source, reproducibility or distinct audit provenance; no demonstrated disposable duplicate"
"results/paper_ready/cache/stabilization_eta/analysis_n10_e4_p2.mat","13401446","746627729A679952CE1DF0ACE1BF9CD0D0989EB986667EB1395F10DD65E9BC0E","6","retain ignored/local","Scientific output, source, reproducibility or distinct audit provenance; no demonstrated disposable duplicate"
"results/paper_ready/cache/stabilization_eta/analysis_n10_e5_p1.mat","13129854","6620D7F33C3E92DADAB6207886DA5D5208DF2154FC6D61FB76B2739A1F7C4ED9","6","retain ignored/local","Scientific output, source, reproducibility or distinct audit provenance; no demonstrated disposable duplicate"
"results/paper_ready/cache/stabilization_eta/analysis_n10_e5_p2.mat","13066277","ED37F7B464802254D54BDF001735FA9F5E74190128C70710AAD86F062818CC68","6","retain ignored/local","Scientific output, source, reproducibility or distinct audit provenance; no demonstrated disposable duplicate"
"results/paper_ready/cache/stabilization_eta/null_n01.mat","2910352","E631A755063ECF74D97F2AAC02A34D359217B62A913ADF21D181C7E86DDB9C24","6","retain ignored/local","Scientific output, source, reproducibility or distinct audit provenance; no demonstrated disposable duplicate"
"results/paper_ready/cache/stabilization_eta/null_n02.mat","2910314","88C2BAF1BA5A07B8AD42F5D83CF4553471771D8C9913B829716AA72A349801B9","6","retain ignored/local","Scientific output, source, reproducibility or distinct audit provenance; no demonstrated disposable duplicate"
"results/paper_ready/cache/stabilization_eta/null_n03.mat","2910121","70838D269FD35FFDB7F68BAE16633F2C8537DF85DD560048F55C1D5FE82C2A29","6","retain ignored/local","Scientific output, source, reproducibility or distinct audit provenance; no demonstrated disposable duplicate"
"results/paper_ready/cache/stabilization_eta/null_n04.mat","2910597","D117D0F4329D3FFB188987057F3B4223794E15A0A0B0580510F9CA60FC90E409","6","retain ignored/local","Scientific output, source, reproducibility or distinct audit provenance; no demonstrated disposable duplicate"
"results/paper_ready/cache/stabilization_eta/null_n05.mat","2910723","1FE81A362B652A11495C3DBB3157B414480E10DE7B29C010FF7C3FC53A24891E","6","retain ignored/local","Scientific output, source, reproducibility or distinct audit provenance; no demonstrated disposable duplicate"
"results/paper_ready/cache/stabilization_eta/null_n06.mat","2910438","3BCD33E1704D381A73AB58B47EA9201FB5A5F28E19B9BA9C1B5C03C5E05C6C43","6","retain ignored/local","Scientific output, source, reproducibility or distinct audit provenance; no demonstrated disposable duplicate"
"results/paper_ready/cache/stabilization_eta/null_n07.mat","2910343","816E3B6B7FEE9411591B24F4BB5AC911E601F984C877D345D239D41B699136EE","6","retain ignored/local","Scientific output, source, reproducibility or distinct audit provenance; no demonstrated disposable duplicate"
"results/paper_ready/cache/stabilization_eta/null_n08.mat","2910405","AF7D208EF34B2EBF3EF3FFFC792B5CEEF96CC5232F2F9965D0B4332B5E2E3C01","6","retain ignored/local","Scientific output, source, reproducibility or distinct audit provenance; no demonstrated disposable duplicate"
"results/paper_ready/cache/stabilization_eta/null_n09.mat","2910026","D051E456FC746E69DB100CE73AD7A10350BAA2658E2465DD2357B566CC59CE56","6","retain ignored/local","Scientific output, source, reproducibility or distinct audit provenance; no demonstrated disposable duplicate"
"results/paper_ready/cache/stabilization_eta/null_n10.mat","2910548","6FDE2DB2CC04AA1E7E3E8981D0A4D12214B26CD2B9DD0F12E23FE62976A02E3F","6","retain ignored/local","Scientific output, source, reproducibility or distinct audit provenance; no demonstrated disposable duplicate"
"results/paper_ready/cache/stabilization_eta/raw_n01_e2_p1.mat","427695003","608651AE9CE207C3812042BC4ECDCD578A0388F0D462084685F99FA34AA2FBDB","6","retain ignored/local","Scientific output, source, reproducibility or distinct audit provenance; no demonstrated disposable duplicate"
"results/paper_ready/cache/stabilization_eta/raw_n01_e2_p2.mat","427118111","56B994235AAB1F07F81FE30EB6F174126651823A1089781E5083EFF104F87742","6","retain ignored/local","Scientific output, source, reproducibility or distinct audit provenance; no demonstrated disposable duplicate"
"results/paper_ready/cache/stabilization_eta/raw_n01_e3_p1.mat","427872582","837893F99100121E734E6E765A707B1FA64A9D61B00985C5130935FED0E19D8C","6","retain ignored/local","Scientific output, source, reproducibility or distinct audit provenance; no demonstrated disposable duplicate"
"results/paper_ready/cache/stabilization_eta/raw_n01_e3_p2.mat","427337038","35662D5CD63ED7C62BF8D053260001701BF6BD8F1362DC6C47C0AF850BCE08FA","6","retain ignored/local","Scientific output, source, reproducibility or distinct audit provenance; no demonstrated disposable duplicate"
"results/paper_ready/cache/stabilization_eta/raw_n01_e4_p1.mat","428183609","62C8E92F79B5449A9073687308C176DF594D9CB544301CE319C31F80EE6A876B","6","retain ignored/local","Scientific output, source, reproducibility or distinct audit provenance; no demonstrated disposable duplicate"
"results/paper_ready/cache/stabilization_eta/raw_n01_e4_p2.mat","427733751","938E384B289426DB4A7253F480959F6360F9BDA610C82580F43A2B8EA36685B7","6","retain ignored/local","Scientific output, source, reproducibility or distinct audit provenance; no demonstrated disposable duplicate"
"results/paper_ready/cache/stabilization_eta/raw_n01_e5_p1.mat","428774897","2638A8176F86C651FE4F1F3B83B9627C9287B6477396054F8A3D5A9D03835A72","6","retain ignored/local","Scientific output, source, reproducibility or distinct audit provenance; no demonstrated disposable duplicate"
"results/paper_ready/cache/stabilization_eta/raw_n01_e5_p2.mat","428525332","92BDC702DD45F844D019EFE084CF500DF50633FB03BAC96AAA6B6E516B32F74F","6","retain ignored/local","Scientific output, source, reproducibility or distinct audit provenance; no demonstrated disposable duplicate"
"results/paper_ready/cache/stabilization_eta/raw_n02_e2_p1.mat","427496072","75B2B1D7EC23630CF53EC15A810B6AF3E2F64EF9C4DEAC9076D38B616783523F","6","retain ignored/local","Scientific output, source, reproducibility or distinct audit provenance; no demonstrated disposable duplicate"
"results/paper_ready/cache/stabilization_eta/raw_n02_e2_p2.mat","427109288","0BBDE0B97270EC771E4323DA4AB65CE5CFB5EAF73AA64D3AA785A2D5DF90F714","6","retain ignored/local","Scientific output, source, reproducibility or distinct audit provenance; no demonstrated disposable duplicate"
"results/paper_ready/cache/stabilization_eta/raw_n02_e3_p1.mat","427678832","4ED16271BEAA4E17465FE42E234D04B395E5B49C362E5E3B21745362797B77DB","6","retain ignored/local","Scientific output, source, reproducibility or distinct audit provenance; no demonstrated disposable duplicate"
"results/paper_ready/cache/stabilization_eta/raw_n02_e3_p2.mat","427334077","06A9500BFC30D0ED0A749BC99DFB0364B7124881D79535ACA4D4DEE12B6FD84C","6","retain ignored/local","Scientific output, source, reproducibility or distinct audit provenance; no demonstrated disposable duplicate"
"results/paper_ready/cache/stabilization_eta/raw_n02_e4_p1.mat","427974195","DC9157FE17AFB48BAE0CDB1999CFA493A01646AD0D12ABA23CBFACD9808A0218","6","retain ignored/local","Scientific output, source, reproducibility or distinct audit provenance; no demonstrated disposable duplicate"
"results/paper_ready/cache/stabilization_eta/raw_n02_e4_p2.mat","427721746","273FB0DC50B3DF6384BF0268C770B8516FFE2E61D894431D69CDC5710699355A","6","retain ignored/local","Scientific output, source, reproducibility or distinct audit provenance; no demonstrated disposable duplicate"
"results/paper_ready/cache/stabilization_eta/raw_n02_e5_p1.mat","428498905","425FB89CFAA37EE549074C99E7346C867D18C59E0617A52EF6A334268314E211","6","retain ignored/local","Scientific output, source, reproducibility or distinct audit provenance; no demonstrated disposable duplicate"
"results/paper_ready/cache/stabilization_eta/raw_n02_e5_p2.mat","428428801","0BC4B9E3F17C9613E4FF648A95EB27CBEDDD331583324007069C7E846F914078","6","retain ignored/local","Scientific output, source, reproducibility or distinct audit provenance; no demonstrated disposable duplicate"
"results/paper_ready/cache/stabilization_eta/raw_n03_e2_p1.mat","427675621","FE639A048F352863F88430840F2BBCB1022C0CFD7E6239AC27B510EF2CC25407","6","retain ignored/local","Scientific output, source, reproducibility or distinct audit provenance; no demonstrated disposable duplicate"
"results/paper_ready/cache/stabilization_eta/raw_n03_e2_p2.mat","427194209","5723D7F95AB7F13C8C6B650C188F4D916486BA904F9762BFE1D041D9419111B4","6","retain ignored/local","Scientific output, source, reproducibility or distinct audit provenance; no demonstrated disposable duplicate"
"results/paper_ready/cache/stabilization_eta/raw_n03_e3_p1.mat","427846003","83202CE06C557ACDD6B40403B71B36EA7E082835B282B854755F09D5D0A1C26E","6","retain ignored/local","Scientific output, source, reproducibility or distinct audit provenance; no demonstrated disposable duplicate"
"results/paper_ready/cache/stabilization_eta/raw_n03_e3_p2.mat","427425009","1B808DF9A4E6B71E906D42CD88F4E24DCD4A847A07FF8E491851CA2D6FE4C041","6","retain ignored/local","Scientific output, source, reproducibility or distinct audit provenance; no demonstrated disposable duplicate"
"results/paper_ready/cache/stabilization_eta/raw_n03_e4_p1.mat","428142481","657B5B69296A47D8DCA0EB8EB5E26B3FABF2EAB5B7C9CF1F9908FB541917308F","6","retain ignored/local","Scientific output, source, reproducibility or distinct audit provenance; no demonstrated disposable duplicate"
"results/paper_ready/cache/stabilization_eta/raw_n03_e4_p2.mat","427847749","E5D551A6B53FB770883AF364165750FA520BC98AE14AE0E46D1C872B36D1D159","6","retain ignored/local","Scientific output, source, reproducibility or distinct audit provenance; no demonstrated disposable duplicate"
"results/paper_ready/cache/stabilization_eta/raw_n03_e5_p1.mat","428736339","F578C0F6A39CC1ED20C91DC8A02AF1630A958F90BD4FEF6F355FB2E4E27791B3","6","retain ignored/local","Scientific output, source, reproducibility or distinct audit provenance; no demonstrated disposable duplicate"
"results/paper_ready/cache/stabilization_eta/raw_n03_e5_p2.mat","428711710","B9376A2B1C057642CF13743AEE5DF3D7C5A79B453999BD5571DC88BAFB791824","6","retain ignored/local","Scientific output, source, reproducibility or distinct audit provenance; no demonstrated disposable duplicate"
"results/paper_ready/cache/stabilization_eta/raw_n04_e2_p1.mat","427793851","AF9C19C1FB8283B9762A316F68D0779AFE56A9105FDFBC980622999B6325EF99","6","retain ignored/local","Scientific output, source, reproducibility or distinct audit provenance; no demonstrated disposable duplicate"
"results/paper_ready/cache/stabilization_eta/raw_n04_e2_p2.mat","427158498","561A8AA2FDE9D05E651C47EE536FC7BC6073BF8A6A0448232869AD8DA9D3A431","6","retain ignored/local","Scientific output, source, reproducibility or distinct audit provenance; no demonstrated disposable duplicate"
"results/paper_ready/cache/stabilization_eta/raw_n04_e3_p1.mat","428003293","80C7740ECE29006832D6D805C12763C64595B6B2FCD679DB31933A591EF0CCA7","6","retain ignored/local","Scientific output, source, reproducibility or distinct audit provenance; no demonstrated disposable duplicate"
"results/paper_ready/cache/stabilization_eta/raw_n04_e3_p2.mat","427395808","4A52AED808F9060673A4E7C8A624F0F2B6F7E2C513AB2CF7E9A2226AAC636D1B","6","retain ignored/local","Scientific output, source, reproducibility or distinct audit provenance; no demonstrated disposable duplicate"
"results/paper_ready/cache/stabilization_eta/raw_n04_e4_p1.mat","428360345","ABBF30192B2A2F86E4603126C472E6BE5D43CF73014A52949B3AB1A0406966E4","6","retain ignored/local","Scientific output, source, reproducibility or distinct audit provenance; no demonstrated disposable duplicate"
"results/paper_ready/cache/stabilization_eta/raw_n04_e4_p2.mat","427812944","4756B1A67DB4BEF3DACAFD915E4BC171BC6558682F22EB21393AF585F9FC23FB","6","retain ignored/local","Scientific output, source, reproducibility or distinct audit provenance; no demonstrated disposable duplicate"
"results/paper_ready/cache/stabilization_eta/raw_n04_e5_p1.mat","429040735","D8665AB21E77DC9FEA3D562DF6EA0711C168EA9210E7B0174B204504DAC6DBB8","6","retain ignored/local","Scientific output, source, reproducibility or distinct audit provenance; no demonstrated disposable duplicate"
"results/paper_ready/cache/stabilization_eta/raw_n04_e5_p2.mat","428583770","2D4350BB7D7BE6F6824B07099A8A4471E7AAC8BFF09DD8DBE2C863BEE5627F92","6","retain ignored/local","Scientific output, source, reproducibility or distinct audit provenance; no demonstrated disposable duplicate"
"results/paper_ready/cache/stabilization_eta/raw_n05_e2_p1.mat","427280813","452D0FEF5BAC7960939458057375605A5261782D2B09E0C7EED1358B7434B539","6","retain ignored/local","Scientific output, source, reproducibility or distinct audit provenance; no demonstrated disposable duplicate"
"results/paper_ready/cache/stabilization_eta/raw_n05_e2_p2.mat","427057637","AA3989E2D6BF93FB985792F49A85F48237E83D83DA478DBBEB1E3A5DAC4138F5","6","retain ignored/local","Scientific output, source, reproducibility or distinct audit provenance; no demonstrated disposable duplicate"
"results/paper_ready/cache/stabilization_eta/raw_n05_e3_p1.mat","427446656","88247DB07F0B40570609D789FD38B37DDA555C6E114CAEAC10FE502399DB62C4","6","retain ignored/local","Scientific output, source, reproducibility or distinct audit provenance; no demonstrated disposable duplicate"
"results/paper_ready/cache/stabilization_eta/raw_n05_e3_p2.mat","427258566","1EA47C0527C26D95307FC6230F8D85CC9853C765866A0E2206EDB925329C5627","6","retain ignored/local","Scientific output, source, reproducibility or distinct audit provenance; no demonstrated disposable duplicate"
"results/paper_ready/cache/stabilization_eta/raw_n05_e4_p1.mat","427718076","DB66EFFE3A8937D6908218F731D183E989DBE9D4DACBDDDFF61DDDA45DBBB0F3","6","retain ignored/local","Scientific output, source, reproducibility or distinct audit provenance; no demonstrated disposable duplicate"
"results/paper_ready/cache/stabilization_eta/raw_n05_e4_p2.mat","427609883","EBDBA4790740E22D3A1722CB9A81826518B8F6B2FE224C31A97698282B463860","6","retain ignored/local","Scientific output, source, reproducibility or distinct audit provenance; no demonstrated disposable duplicate"
"results/paper_ready/cache/stabilization_eta/raw_n05_e5_p1.mat","428223401","A10A54390E79EB9B69AD5E03FD14FBDC67C3F466F633AD6C113C736C06CB5F4E","6","retain ignored/local","Scientific output, source, reproducibility or distinct audit provenance; no demonstrated disposable duplicate"
"results/paper_ready/cache/stabilization_eta/raw_n05_e5_p2.mat","428283175","19E554BEAD243FEFEF8AF4FE19CE7981190C2F8EE392E55C035534FE6FFD4B8A","6","retain ignored/local","Scientific output, source, reproducibility or distinct audit provenance; no demonstrated disposable duplicate"
"results/paper_ready/cache/stabilization_eta/raw_n06_e2_p1.mat","427186609","97B8327BF5B09493FC3216ABE673211978DDDFF66D6830D87662EF0A0091A040","6","retain ignored/local","Scientific output, source, reproducibility or distinct audit provenance; no demonstrated disposable duplicate"
"results/paper_ready/cache/stabilization_eta/raw_n06_e2_p2.mat","426893832","3295896A097C35CBC0EAB46CA59127EA1321C6B96F60F98766A7B40785B564AE","6","retain ignored/local","Scientific output, source, reproducibility or distinct audit provenance; no demonstrated disposable duplicate"
"results/paper_ready/cache/stabilization_eta/raw_n06_e3_p1.mat","427348446","BFB1916201FD2EA87AA891C8C5AB70BD223E9B3CA6FBBA7A96EE924F25A28B02","6","retain ignored/local","Scientific output, source, reproducibility or distinct audit provenance; no demonstrated disposable duplicate"
"results/paper_ready/cache/stabilization_eta/raw_n06_e3_p2.mat","427094770","0CB79CC293CF206C3E7D1DDB365DDDA1C2E04A4819FB9EB25CA2A5D99C1405DA","6","retain ignored/local","Scientific output, source, reproducibility or distinct audit provenance; no demonstrated disposable duplicate"
"results/paper_ready/cache/stabilization_eta/raw_n06_e4_p1.mat","427628725","05921C251ABA620FF7BFC25ACCA7A95F4FAB4DA8CBCD7830C2DD553550D9AE00","6","retain ignored/local","Scientific output, source, reproducibility or distinct audit provenance; no demonstrated disposable duplicate"
"results/paper_ready/cache/stabilization_eta/raw_n06_e4_p2.mat","427462876","EFF115722B3C5DD7CE295CB7C4A170C0EB738BEC1705AF2C05E6829EDE26674A","6","retain ignored/local","Scientific output, source, reproducibility or distinct audit provenance; no demonstrated disposable duplicate"
"results/paper_ready/cache/stabilization_eta/raw_n06_e5_p1.mat","428153357","0F581C1679888182CCE3DAECFCD192B5A71804D11FB640B4CA13228652803593","6","retain ignored/local","Scientific output, source, reproducibility or distinct audit provenance; no demonstrated disposable duplicate"
"results/paper_ready/cache/stabilization_eta/raw_n06_e5_p2.mat","428198587","3841E211C4ADA1A28C48CB1354E8DBC578B13600D634E4433C3A622ED15D232F","6","retain ignored/local","Scientific output, source, reproducibility or distinct audit provenance; no demonstrated disposable duplicate"
"results/paper_ready/cache/stabilization_eta/raw_n07_e2_p1.mat","427643853","95ED78D1A9578913E13F75CB88A4B951804484B76A24C8BF731E574C8FED4E21","6","retain ignored/local","Scientific output, source, reproducibility or distinct audit provenance; no demonstrated disposable duplicate"
"results/paper_ready/cache/stabilization_eta/raw_n07_e2_p2.mat","427153818","84882E4ECFCECB675398665A63B5E5654B77C19309B5F189C78369AEEE631A4A","6","retain ignored/local","Scientific output, source, reproducibility or distinct audit provenance; no demonstrated disposable duplicate"
"results/paper_ready/cache/stabilization_eta/raw_n07_e3_p1.mat","427823307","600316C1D9CD7C30211BEB9C4A0ACFAF623FE994F4139E31AFB5ED1690FEE32A","6","retain ignored/local","Scientific output, source, reproducibility or distinct audit provenance; no demonstrated disposable duplicate"
"results/paper_ready/cache/stabilization_eta/raw_n07_e3_p2.mat","427389614","7132DA157DBEB8B5CB1E36D6E93141A634EA6EB2AAEAC0CC8DE17DE9B0BE2601","6","retain ignored/local","Scientific output, source, reproducibility or distinct audit provenance; no demonstrated disposable duplicate"
"results/paper_ready/cache/stabilization_eta/raw_n07_e4_p1.mat","428113388","E9D4B5CC3A5DC4CE3F96F4909E89908CE17DD38EBFF7D7BA8AD6A6C1C633BB57","6","retain ignored/local","Scientific output, source, reproducibility or distinct audit provenance; no demonstrated disposable duplicate"
"results/paper_ready/cache/stabilization_eta/raw_n07_e4_p2.mat","427791519","C9CEEA11B4D944E6A998F1201C4A7144CC5994EC54EE3C91F7C495BA5C80A04D","6","retain ignored/local","Scientific output, source, reproducibility or distinct audit provenance; no demonstrated disposable duplicate"
"results/paper_ready/cache/stabilization_eta/raw_n07_e5_p1.mat","428637491","E43CACF7F1F8EB4F233BD9AE919C1EDE9AC355742C28D16417A0B73F382DCAFD","6","retain ignored/local","Scientific output, source, reproducibility or distinct audit provenance; no demonstrated disposable duplicate"
"results/paper_ready/cache/stabilization_eta/raw_n07_e5_p2.mat","428542529","C045604CDE1081116293454EF8A166BA3CE9DF273DD5B4386A53C62D764AC4DF","6","retain ignored/local","Scientific output, source, reproducibility or distinct audit provenance; no demonstrated disposable duplicate"
"results/paper_ready/cache/stabilization_eta/raw_n08_e2_p1.mat","427607128","6358671646758C67538454814E6AA666903806DCD7C708A88F2FD75AD1EA099B","6","retain ignored/local","Scientific output, source, reproducibility or distinct audit provenance; no demonstrated disposable duplicate"
"results/paper_ready/cache/stabilization_eta/raw_n08_e2_p2.mat","427202966","ABDE2242C097D8BC06427CDC5D6CC76960FF3FEB0C5BE6E76F9446ED90E6A128","6","retain ignored/local","Scientific output, source, reproducibility or distinct audit provenance; no demonstrated disposable duplicate"
"results/paper_ready/cache/stabilization_eta/raw_n08_e3_p1.mat","427799007","69BC09FFA38AA88BADB977132B823F456AA4CEE9490A9E192CDA440D2297EBF0","6","retain ignored/local","Scientific output, source, reproducibility or distinct audit provenance; no demonstrated disposable duplicate"
"results/paper_ready/cache/stabilization_eta/raw_n08_e3_p2.mat","427444457","2B18C943ED3DA3EF200CA5DCA306FB0F72A227E8318C04390E3F0F58F508DB28","6","retain ignored/local","Scientific output, source, reproducibility or distinct audit provenance; no demonstrated disposable duplicate"
"results/paper_ready/cache/stabilization_eta/raw_n08_e4_p1.mat","428107358","FE02699CA2F3110A4000C8539BF7E595A55EEF141E0E37C9D552C1EDDA02DD45","6","retain ignored/local","Scientific output, source, reproducibility or distinct audit provenance; no demonstrated disposable duplicate"
"results/paper_ready/cache/stabilization_eta/raw_n08_e4_p2.mat","427869891","9403F28E2C2A3DEA9420B3B5ECBBE9CD175964D45AC56181D3F5442F997771E2","6","retain ignored/local","Scientific output, source, reproducibility or distinct audit provenance; no demonstrated disposable duplicate"
"results/paper_ready/cache/stabilization_eta/raw_n08_e5_p1.mat","428663348","AA10E1A3971F29F25760B32AC863BEE662B61FF9B5454784A739F3B60871C447","6","retain ignored/local","Scientific output, source, reproducibility or distinct audit provenance; no demonstrated disposable duplicate"
"results/paper_ready/cache/stabilization_eta/raw_n08_e5_p2.mat","428662434","388486CE603492829D2425FB1C8B429CC96FF9212F13AD04B3444C4D064946CD","6","retain ignored/local","Scientific output, source, reproducibility or distinct audit provenance; no demonstrated disposable duplicate"
"results/paper_ready/cache/stabilization_eta/raw_n09_e2_p1.mat","427529836","5E451457B4A225FDA55D129D04B9510622113A180773846AE236BFA5216C039C","6","retain ignored/local","Scientific output, source, reproducibility or distinct audit provenance; no demonstrated disposable duplicate"
"results/paper_ready/cache/stabilization_eta/raw_n09_e2_p2.mat","427003273","3073877F475589D9D33C194158CF3B82335A1F576900F1987B277E9321697AFB","6","retain ignored/local","Scientific output, source, reproducibility or distinct audit provenance; no demonstrated disposable duplicate"
"results/paper_ready/cache/stabilization_eta/raw_n09_e3_p1.mat","427724234","E8A18127CD570AB566381A821865FF81B65986E3B674014271DD5B28EBC5F408","6","retain ignored/local","Scientific output, source, reproducibility or distinct audit provenance; no demonstrated disposable duplicate"
"results/paper_ready/cache/stabilization_eta/raw_n09_e3_p2.mat","427249696","7C3CE6C642DFD7AA93AF322A8701756403718B07618BD9A7C686F32366E073B7","6","retain ignored/local","Scientific output, source, reproducibility or distinct audit provenance; no demonstrated disposable duplicate"
"results/paper_ready/cache/stabilization_eta/raw_n09_e4_p1.mat","428046202","65B9BAD7E0492A6CC252CB8965AE29D973DA067B17675BE075559F7629CA8370","6","retain ignored/local","Scientific output, source, reproducibility or distinct audit provenance; no demonstrated disposable duplicate"
"results/paper_ready/cache/stabilization_eta/raw_n09_e4_p2.mat","427679558","14935BC599E6681D06E81E9A3EE891B1543ACDF5BBE88F89E86D8D641253B76E","6","retain ignored/local","Scientific output, source, reproducibility or distinct audit provenance; no demonstrated disposable duplicate"
"results/paper_ready/cache/stabilization_eta/raw_n09_e5_p1.mat","428619824","540F615A215FAEA306C953652DEE0E983E15D53489316D4CE4723B77F29147A4","6","retain ignored/local","Scientific output, source, reproducibility or distinct audit provenance; no demonstrated disposable duplicate"
"results/paper_ready/cache/stabilization_eta/raw_n09_e5_p2.mat","428456428","AF687A33D3B29133F316F00CD32917152F32D49FA70DD2186CA70ED884DC3FDB","6","retain ignored/local","Scientific output, source, reproducibility or distinct audit provenance; no demonstrated disposable duplicate"
"results/paper_ready/cache/stabilization_eta/raw_n10_e2_p1.mat","427415150","2A9307837F168DA53B5F6789E11313B8E4025DB6F88F335C4984C635051C7BD4","6","retain ignored/local","Scientific output, source, reproducibility or distinct audit provenance; no demonstrated disposable duplicate"
"results/paper_ready/cache/stabilization_eta/raw_n10_e2_p2.mat","427090500","A4FE07A29B81612CBA82DF3BF7D19DB0C7ECB6BCDF24F11D2AB3AEE00D5030F6","6","retain ignored/local","Scientific output, source, reproducibility or distinct audit provenance; no demonstrated disposable duplicate"
"results/paper_ready/cache/stabilization_eta/raw_n10_e3_p1.mat","427588832","7EB29EE0E3E4982BA45DAA941474FDB81B43FCA2AE3B25502D484DB6495A4AA6","6","retain ignored/local","Scientific output, source, reproducibility or distinct audit provenance; no demonstrated disposable duplicate"
"results/paper_ready/cache/stabilization_eta/raw_n10_e3_p2.mat","427293079","87E7670CFD6FF9AFCC145A666DE66D86496BCBF9B751B07C12A9E527716CE637","6","retain ignored/local","Scientific output, source, reproducibility or distinct audit provenance; no demonstrated disposable duplicate"
"results/paper_ready/cache/stabilization_eta/raw_n10_e4_p1.mat","427873069","358B5ED6A7843828F3225D10949BB9074D320C258147BFC1CD33468021F78BBB","6","retain ignored/local","Scientific output, source, reproducibility or distinct audit provenance; no demonstrated disposable duplicate"
"results/paper_ready/cache/stabilization_eta/raw_n10_e4_p2.mat","427648243","9B03B8CAFFB49FA5A52764DCD780765C78632460C18668B96720F1B21D14D236","6","retain ignored/local","Scientific output, source, reproducibility or distinct audit provenance; no demonstrated disposable duplicate"
"results/paper_ready/cache/stabilization_eta/raw_n10_e5_p1.mat","428383948","DDEAA79FD5D9C1DE15D1D1F1BEB0C0AD17A25DC3B0B1E34FC2256C1E3BA9DE38","6","retain ignored/local","Scientific output, source, reproducibility or distinct audit provenance; no demonstrated disposable duplicate"
"results/paper_ready/cache/stabilization_eta/raw_n10_e5_p2.mat","428320463","1D914C27F1702296C28A1D654683385990C7908273FC77504193B3323A41CD7F","6","retain ignored/local","Scientific output, source, reproducibility or distinct audit provenance; no demonstrated disposable duplicate"
"results/paper_ready/prediction/network_results.csv","5615","E1CE9DBB6674B835B8937853DD4031820CB97897D611C87748315219A5BCFE67","2","retain durable; review packaging","Scientific output, source, reproducibility or distinct audit provenance; no demonstrated disposable duplicate"
"results/paper_ready/prediction/primary_audit.json","240","AD269498D9BDCC14F2F5E5407A9D604C804A9A555FB3F8B7F5FDF2D01D14CB7C","2","retain durable; review packaging","Scientific output, source, reproducibility or distinct audit provenance; no demonstrated disposable duplicate"
"results/paper_ready/prediction/primary_network_results.csv","3824","CFEC50FDC6AB4D3225C1CA8EFF4E7356BE3A350EE41D54B31DA4688B3B9DCB0E","2","retain durable; review packaging","Scientific output, source, reproducibility or distinct audit provenance; no demonstrated disposable duplicate"
"results/paper_ready/prediction/primary_statistics_audit.json","94","B94C7F5865FFF90F26BA5B8FFF7F57A670410524740BDE10142564BAA95E87B2","2","retain durable; review packaging","Scientific output, source, reproducibility or distinct audit provenance; no demonstrated disposable duplicate"
"results/paper_ready/prediction/primary.json","138511","4850B19F90BF927083E2C9B8B45B1055AF63753247F37F3353146ABD05308ED5","2","retain durable; review packaging","Scientific output, source, reproducibility or distinct audit provenance; no demonstrated disposable duplicate"
"results/paper_ready/prediction/primary.mat","82559","EB1FCFB2F0287D86AE80D2AE3EDC4360B6CDA0992B56D37FC9AE81022C4E3E02","2","retain durable; review packaging","Scientific output, source, reproducibility or distinct audit provenance; no demonstrated disposable duplicate"
"results/paper_ready/prediction/recovery.json","4017","97FD04326EFF563AB9A6A778E631E8BF258A18C9BBA20AB22FE528B417253A27","2","retain durable; review packaging","Scientific output, source, reproducibility or distinct audit provenance; no demonstrated disposable duplicate"
"results/paper_ready/prediction/recovery.mat","361","E447F792223B42BDFFDA74F88680F470C3D2365736CCA50F9071F4F21B215F48","2","retain durable; review packaging","Scientific output, source, reproducibility or distinct audit provenance; no demonstrated disposable duplicate"
"results/paper_ready/prediction/REPORT.json","813537","CA16AFFEFFA13ABA89C7BAA6C4947BDAEF86C52FD4ACE09DAF4FC4CCEBFFE193","2","retain durable; review packaging","Scientific output, source, reproducibility or distinct audit provenance; no demonstrated disposable duplicate"
"results/paper_ready/prediction/rrr_audit.json","11573","D5A3C93FF64D223C4EC90DD74507E2C55618E04BB5D8C7CFB28EF395AACCEA15","2","retain durable; review packaging","Scientific output, source, reproducibility or distinct audit provenance; no demonstrated disposable duplicate"
"results/paper_ready/prediction/rrr.json","617350","6AFE4F8836E547FA9D79E8D698022A6AD298FAB176D5917961884BCBE2BCF87D","2","retain durable; review packaging","Scientific output, source, reproducibility or distinct audit provenance; no demonstrated disposable duplicate"
"results/paper_ready/prediction/rrr.mat","176548","AA142612BB3FED190000AF96E0B57D5FEB62489ECFFEB7982A02F172F8373C50","2","retain durable; review packaging","Scientific output, source, reproducibility or distinct audit provenance; no demonstrated disposable duplicate"
"results/paper_ready/prediction/series_audit.json","1137","2B4514B99108CF5F08588ABB3A5C8FC63150FD1733580F4E26D055E7826951D9","2","retain durable; review packaging","Scientific output, source, reproducibility or distinct audit provenance; no demonstrated disposable duplicate"
"results/paper_ready/prediction/statistics_audit.json","112","1CEEF414C394756FD864B96E682E000629D71C4F682C9841C0E44074B1B9C4E9","2","retain durable; review packaging","Scientific output, source, reproducibility or distinct audit provenance; no demonstrated disposable duplicate"
"results/paper_ready/prediction/unit_wide.json","196","3A63305E441725EAD55FDA8DF2BE85212C0A0DAA203A0A79D3F41EBD002445F7","2","retain durable; review packaging","Scientific output, source, reproducibility or distinct audit provenance; no demonstrated disposable duplicate"
"results/paper_ready/prediction/unit.json","203","BECDCBDF59E38F5415752C0BABFD7BCA3A5AC481D40A0C365B5D8A57BF516E2D","2","retain durable; review packaging","Scientific output, source, reproducibility or distinct audit provenance; no demonstrated disposable duplicate"
"results/paper_ready/stabilization_eta/audit.json","637","4F6AE23BD3FB315D54594A46B8D671A419B535F5FD757AAF86BD03ABF906C853","2","retain durable; review packaging","Scientific output, source, reproducibility or distinct audit provenance; no demonstrated disposable duplicate"
"results/paper_ready/stabilization_eta/baseline.json","32254","9E868FD93B284B96685196E66EE65427D89D9FB5D3723EC6D0A5DBDB3B271E67","2","retain durable; review packaging","Scientific output, source, reproducibility or distinct audit provenance; no demonstrated disposable duplicate"
"results/paper_ready/stabilization_eta/baseline.mat","1476294","D9F4FC12B05BC24E5E6B8D9E7AF2D0AD7BD6798B06F7172422303C897D4985B5","2","retain durable; review packaging","Scientific output, source, reproducibility or distinct audit provenance; no demonstrated disposable duplicate"
"results/paper_ready/stabilization_eta/convergence_trials.csv","2152254","7067C759BF6EE329E537AA23C6D12F3FE633250181EEDD68FA187638ACA48B84","2","retain durable; review packaging","Scientific output, source, reproducibility or distinct audit provenance; no demonstrated disposable duplicate"
"results/paper_ready/stabilization_eta/movement_distributions.mat","221028","AEDEDCDC6976A51EE46D6437B90F45B91500C44538494B2E1C6D58836B9029A0","2","retain durable; review packaging","Scientific output, source, reproducibility or distinct audit provenance; no demonstrated disposable duplicate"
"results/paper_ready/stabilization_eta/network_metrics.csv","15783","BB7F6277C6446CF49FC0CBFF93CE6CD1FFED9FA59A93F4C7244AFEFFD49FCDC8","2","retain durable; review packaging","Scientific output, source, reproducibility or distinct audit provenance; no demonstrated disposable duplicate"
"results/paper_ready/stabilization_eta/simulation.json","201","4B741BDCC217F933BFDD7B306477D671748CC2B3955D799CC9F22335CC8DEB97","2","retain durable; review packaging","Scientific output, source, reproducibility or distinct audit provenance; no demonstrated disposable duplicate"
"results/paper_ready/stabilization_eta/summary.json","100556","9D5A623B5479086648BDF99AE95DC62F826C3C6D3A53D8B6E0ADC73DB98B453E","2","retain durable; review packaging","Scientific output, source, reproducibility or distinct audit provenance; no demonstrated disposable duplicate"
"results/paper_ready/stabilization_eta/summary.mat","718165","E045998E2A66CB32F01B4D62C839CBA66BCE547E00314CE16D3A8AE854BF5BAB","2","retain durable; review packaging","Scientific output, source, reproducibility or distinct audit provenance; no demonstrated disposable duplicate"
"results/paper_ready/stabilization_eta/target_metrics.csv","79071","D25C8089B6F056790A33BBB17A4FC49FF10C6DA6EF3AE5E3632B1A527DBDF85F","2","retain durable; review packaging","Scientific output, source, reproducibility or distinct audit provenance; no demonstrated disposable duplicate"
"results/paper_ready/stabilization_eta/unit.json","150","CEF5FB02BC64D44E714377A994730321768E9338848FD3540986D26B2B297E97","2","retain durable; review packaging","Scientific output, source, reproducibility or distinct audit provenance; no demonstrated disposable duplicate"
