condition,target,phase,xM,yM
1,1,0,9.1026571557434321e-05,-0.0015715989604977165
1,1,0.01,9.3316426476457596e-05,-0.0018091353869732452
1,1,0.02,9.5322238180313722e-05,-0.0020674282191530131
1,1,0.029999999999999999,9.704581908278733e-05,-0.0023471220893379456
1,1,0.040000000000000001,9.8491714690061556e-05,-0.0026490824562993716
1,1,0.050000000000000003,9.96599434437237e-05,-0.0029734833585957445
1,1,0.059999999999999998,0.00010056411267797994,-0.0033208192701583523
1,1,0.070000000000000007,0.00010121778086256707,-0.0036915905343073057
1,1,0.080000000000000002,0.00010163304012096643,-0.0040857444350164149
1,1,0.089999999999999997,0.00010181604323375307,-0.0045040120090199948
1,1,0.10000000000000001,0.00010178633745414611,-0.0049465035109872687
1,1,0.11,0.00010156251881200243,-0.0054130492053655983
1,1,0.12,0.00010116364163205495,-0.0059042190062132049
1,1,0.13,0.00010060050333208614,-0.0064199236020242145
1,1,0.14000000000000001,9.9889566831786443e-05,-0.0069600571070410023
1,1,0.14999999999999999,9.9059559208410075e-05,-0.0075249603808864238
1,1,0.16,9.8125851085286719e-05,-0.008114170767567111
1,1,0.17000000000000001,9.7102556863441081e-05,-0.0087276547638671653
1,1,0.17999999999999999,9.6007585005537804e-05,-0.0093656972193316736
1,1,0.19,9.4862449610215988e-05,-0.010027538148359938
1,1,0.20000000000000001,9.3686477369134264e-05,-0.010713051799129288
1,1,0.20999999999999999,9.2496299209171318e-05,-0.011422269924807871
1,1,0.22,9.129364314233085e-05,-0.012154546290408777
1,1,0.23000000000000001,9.0108844172606992e-05,-0.012909613711830588
1,1,0.23999999999999999,8.8953201214677651e-05,-0.013687129934071594
1,1,0.25,8.783439216030961e-05,-0.014486326665047133
1,1,0.26000000000000001,8.6760448825614603e-05,-0.015307245045101649
1,1,0.27000000000000002,8.5744957196214893e-05,-0.016149047743343879
1,1,0.28000000000000003,8.4795481623887721e-05,-0.017011030896135607
1,1,0.28999999999999998,8.392365646130196e-05,-0.01789287085786212
1,1,0.29999999999999999,8.3119016957201852e-05,-0.018793922955114197
1,1,0.31,8.239452196587628e-05,-0.019713378821467613
1,1,0.32000000000000001,8.1754566882437059e-05,-0.020650717662142968
1,1,0.33000000000000002,8.1192962671447919e-05,-0.021605076936754078
1,1,0.34000000000000002,8.0709160252620543e-05,-0.022575856125350069
1,1,0.34999999999999998,8.0299455764403632e-05,-0.023562357466167562
1,1,0.35999999999999999,7.9957986732994676e-05,-0.02456359528406386
1,1,0.37,7.9687412185257413e-05,-0.025578885057339941
1,1,0.38,7.9468588852280053e-05,-0.026607521234606409
1,1,0.39000000000000001,7.9294507616460845e-05,-0.027648516540482757
1,1,0.40000000000000002,7.916638586674129e-05,-0.028701086324910911
1,1,0.40999999999999998,7.9062349792739353e-05,-0.029764451149352736
1,1,0.41999999999999998,7.8975717083908903e-05,-0.030837630360447947
1,1,0.42999999999999999,7.8896742233924033e-05,-0.03191984672117109
1,1,0.44,7.8806637827009163e-05,-0.033010229060803024
1,1,0.45000000000000001,7.8701202856382155e-05,-0.034107824551082203
1,1,0.46000000000000002,7.8564954141361611e-05,-0.03521179981735309
1,1,0.46999999999999997,7.8378475265999787e-05,-0.03632131645008544
1,1,0.47999999999999998,7.8141130351545553e-05,-0.037435433096166738
1,1,0.48999999999999999,7.7833461583420329e-05,-0.038553293221225415
1,1,0.5,7.7440995082618536e-05,-0.039674040048583874
1,1,0.51000000000000001,7.6964487351797106e-05,-0.040796797348744057
1,1,0.52000000000000002,7.6382217651918002e-05,-0.041920714518273075
1,1,0.53000000000000003,7.5687307367128015e-05,-0.043044950663758498
1,1,0.54000000000000004,7.4878414892205183e-05,-0.04416865376729584
1,1,0.55000000000000004,7.3938927692886874e-05,-0.045291013931908992
1,1,0.56000000000000005,7.286848732488587e-05,-0.046411214844516407
1,1,0.56999999999999995,7.1665626827016019e-05,-0.047528457081806454
1,1,0.57999999999999996,7.0314544539875341e-05,-0.048642012670957871
1,1,0.58999999999999997,6.8827250236385388e-05,-0.049751044813485717
1,1,0.59999999999999998,6.7203289515566089e-05,-0.050854834256118253
1,1,0.60999999999999999,6.5428363442933841e-05,-0.051952712873197249
1,1,0.62,6.3520841412956198e-05,-0.053043931614800359
1,1,0.63,6.1483849545741651e-05,-0.05412781711720932
1,1,0.64000000000000001,5.9313665440755537e-05,-0.055203702863073155
1,1,0.65000000000000002,5.7028565252086759e-05,-0.056270957214229984
1,1,0.66000000000000003,5.4631259283722557e-05,-0.057329038039048874
1,1,0.67000000000000004,5.2128245089005338e-05,-0.058377280992879393
1,1,0.68000000000000005,4.9544770036508731e-05,-0.059415082256802934
1,1,0.68999999999999995,4.6881536491640095e-05,-0.06044203392713425
1,1,0.69999999999999996,4.4150676391226099e-05,-0.061457562136375314
1,1,0.70999999999999996,4.1376799556482077e-05,-0.062461220723926403
1,1,0.71999999999999997,3.8571768384392782e-05,-0.063452484908942328
1,1,0.72999999999999998,3.5748194739053656e-05,-0.064430938386467629
1,1,0.73999999999999999,3.2928785517043169e-05,-0.065396297934535511
1,1,0.75,3.011941827331388e-05,-0.066348153474807992
1,1,0.76000000000000001,2.7354617794495543e-05,-0.067285926325903966
1,1,0.77000000000000002,2.464608445839081e-05,-0.068209612508043221
1,1,0.78000000000000003,2.1998736114118298e-05,-0.069118784190896093
1,1,0.79000000000000004,1.944139788111974e-05,-0.070013179535535208
1,1,0.80000000000000004,1.6999714700102788e-05,-0.070892594989096835
1,1,0.81000000000000005,1.4670367846538325e-05,-0.07175669455404507
1,1,0.81999999999999995,1.2481834170348049e-05,-0.072605443066904904
1,1,0.82999999999999996,1.044564159338233e-05,-0.073438761462608249
1,1,0.83999999999999997,8.5741493411600604e-06,-0.074256188875902102
1,1,0.84999999999999998,6.8871886233265293e-06,-0.075057861857975
1,1,0.85999999999999999,5.3882565391316769e-06,-0.075843760871585841
1,1,0.87,4.0849144859465868e-06,-0.076613586225728114
1,1,0.88,2.9961314527849193e-06,-0.077367500235537054
1,1,0.89000000000000001,2.1234224234779718e-06,-0.078105415216599972
1,1,0.90000000000000002,1.4686374893491035e-06,-0.078827234908372318
1,1,0.91000000000000003,1.0374350539425889e-06,-0.079533265492447755
1,1,0.92000000000000004,8.2948700577624348e-07,-0.080223339657681164
1,1,0.93000000000000005,8.490979116565977e-07,-0.080897445742908247
1,1,0.93999999999999995,1.0884871585456544e-06,-0.081555979075434354
1,1,0.94999999999999996,1.5397189783411373e-06,-0.082198799019238114
1,1,0.95999999999999996,2.1996115034178049e-06,-0.082826115643635081
1,1,0.96999999999999997,3.0620804039356038e-06,-0.083438131097830881
1,1,0.97999999999999998,4.1088961994075813e-06,-0.084034790674777732
1,1,0.98999999999999999,5.327801820336186e-06,-0.084616520741756088
1,1,1,6.702188023691158e-06,-0.085183581425839747
1,2,0,0.0011149634953658422,-0.00099593728431013329
1,2,0.01,0.0012892267161534374,-0.0011594901443866452
1,2,0.02,0.0014796402161727682,-0.0013387594823316279
1,2,0.029999999999999999,0.0016866683440234695,-0.001534212390709444
1,2,0.040000000000000001,0.0019108444895177858,-0.0017463820386600542
1,2,0.050000000000000003,0.0021525011112285123,-0.0019756112191300014
1,2,0.059999999999999998,0.002411923138038998,-0.0022221965395098934
1,2,0.070000000000000007,0.0026894634046935456,-0.0024865009346600885
1,2,0.080000000000000002,0.0029854337150653997,-0.0027688504104990677
1,2,0.089999999999999997,0.0032999739813397598,-0.0030694046434141817
1,2,0.10000000000000001,0.0036332837139630356,-0.0033883793013250022
1,2,0.11,0.0039855821181023167,-0.003726022050575436
1,2,0.12,0.0043567607884786421,-0.0040822561178379055
1,2,0.13,0.0047468474684018115,-0.0044571406061148997
1,2,0.14000000000000001,0.0051559432123838402,-0.0048508123279939544
1,2,0.14999999999999999,0.0055839284412523109,-0.0052631911025576711
1,2,0.16,0.0060306409901752754,-0.0056941560493879917
1,2,0.17000000000000001,0.006496016049146661,-0.0061436862492266521
1,2,0.17999999999999999,0.006979943951725044,-0.0066117198061104348
1,2,0.19,0.0074820827801503446,-0.0070979650756323219
1,2,0.20000000000000001,0.0080021242624198664,-0.0076021686281017098
1,2,0.20999999999999999,0.0085399385605309068,-0.0081242672197500351
1,2,0.22,0.0090949874985557511,-0.008663770129216387
1,2,0.23000000000000001,0.0096668923029534278,-0.0092203565251750934
1,2,0.23999999999999999,0.010255342188419624,-0.009793781652343056
1,2,0.25,0.010859834917179095,-0.01038360082370365
1,2,0.26000000000000001,0.011479902276135653,-0.010989394435164926
1,2,0.27000000000000002,0.012115024254202722,-0.011610713966600232
1,2,0.28000000000000003,0.012764743638821879,-0.012247168008989572
1,2,0.28999999999999998,0.013428383389565327,-0.012898128829444241
1,2,0.29999999999999999,0.014105351651829322,-0.01356305994692087
1,2,0.31,0.01479516900425077,-0.014241551022693817
1,2,0.32000000000000001,0.015497085725101891,-0.014932889348337704
1,2,0.33000000000000002,0.016210466729980638,-0.015636487985098268
1,2,0.34000000000000002,0.016934759528491716,-0.016351845297159065
1,2,0.34999999999999998,0.017669238606938295,-0.017078274548641574
1,2,0.35999999999999999,0.01841317935901856,-0.017815085059013264
1,2,0.37,0.019165945394020389,-0.01856168248956248
1,2,0.38,0.019926857741275804,-0.01931741999139169
1,2,0.39000000000000001,0.020695151176235459,-0.020081541215048727
1,2,0.40000000000000002,0.021470130220975592,-0.02085336769348245
1,2,0.40999999999999998,0.022251166538579812,-0.021632301800754879
1,2,0.41999999999999998,0.023037488491091301,-0.022417555827568512
1,2,0.42999999999999999,0.02382840679714613,-0.023208438923345402
1,2,0.44,0.024623247333808808,-0.024004285308767175
1,2,0.45000000000000001,0.025421301748496272,-0.024804368965971272
1,2,0.46000000000000002,0.026221879851014485,-0.025607981532572155
1,2,0.46999999999999997,0.027024320755264539,-0.02641444262083736
1,2,0.47999999999999998,0.027827966636811242,-0.027223064819551581
1,2,0.48999999999999999,0.028632149889787684,-0.028033136425837574
1,2,0.5,0.029436238311365527,-0.02884398526413285
1,2,0.51000000000000001,0.030239617097207849,-0.029654957725085015
1,2,0.52000000000000002,0.031041661257628656,-0.030465370908228151
1,2,0.53000000000000003,0.031841782041517233,-0.03127458148571198
1,2,0.54000000000000004,0.032639400680522943,-0.032081956017106089
1,2,0.55000000000000004,0.033433948200623925,-0.0328868622148649
1,2,0.56000000000000005,0.034224883116587355,-0.033688690205325195
1,2,0.56999999999999995,0.035011684445156462,-0.034486845688891932
1,2,0.57999999999999996,0.035793835678933267,-0.035280738627666709
1,2,0.58999999999999997,0.036570852069272845,-0.036069806144151083
1,2,0.59999999999999998,0.037342272000460641,-0.036853510831514738
1,2,0.60999999999999999,0.038107604469337669,-0.037631278962365913
1,2,0.62,0.038866464717344645,-0.038402647996945961
1,2,0.63,0.039618445953284676,-0.039167131273254788
1,2,0.64000000000000001,0.040363116733628523,-0.03992421423664809
1,2,0.65000000000000002,0.041100109638709241,-0.040673450490564964
1,2,0.66000000000000003,0.041829108933890975,-0.041414443168217019
1,2,0.67000000000000004,0.0425497541979417,-0.042146749805418549
1,2,0.68000000000000005,0.043261697765169943,-0.042869940327984385
1,2,0.68999999999999995,0.043964706008046625,-0.043583712607942957
1,2,0.69999999999999996,0.044658505495775186,-0.044287720205953937
1,2,0.70999999999999996,0.04534277128825661,-0.044981550364686436
1,2,0.71999999999999997,0.04601733040632533,-0.045664976736417021
1,2,0.72999999999999998,0.046681953065575092,-0.046337705431672871
1,2,0.73999999999999999,0.047336368657945778,-0.046999391116562733
1,2,0.75,0.047980439868659894,-0.047649841574262018
1,2,0.76000000000000001,0.048613980217796296,-0.04828882511157289
1,2,0.77000000000000002,0.049236850908396509,-0.048916142992908189
1,2,0.78000000000000003,0.049848886066125475,-0.049531574176760636
1,2,0.79000000000000004,0.050450017183080877,-0.050135023618802566
1,2,0.80000000000000004,0.051040138005400124,-0.050726347806419381
1,2,0.81000000000000005,0.051619053609946682,-0.05130528836668713
1,2,0.81999999999999995,0.052186779871266006,-0.051871862099607022
1,2,0.82999999999999996,0.052743227648349301,-0.052425955385019034
1,2,0.83999999999999997,0.053288289924288801,-0.052967426290907262
1,2,0.84999999999999998,0.053821972718526054,-0.053496274219735261
1,2,0.85999999999999999,0.054344296330345584,-0.054012517913034352
1,2,0.87,0.054855218500376619,-0.054516100379047264
1,2,0.88,0.055354707924871752,-0.05500697992116052
1,2,0.89000000000000001,0.055842835980049098,-0.055485250576093173
1,2,0.90000000000000002,0.056319624947497871,-0.055950942550297464
1,2,0.91000000000000003,0.056785011654830665,-0.056403976313169249
1,2,0.92000000000000004,0.05723908413074047,-0.05684448319568236
1,2,0.93000000000000005,0.057681917067888236,-0.057272561467380238
1,2,0.93999999999999995,0.058113541441065814,-0.057688245505963243
1,2,0.94999999999999996,0.05853405995451004,-0.058091675034837864
1,2,0.95999999999999996,0.058943584288349893,-0.058483001412784008
1,2,0.96999999999999997,0.059342172427283818,-0.058862307858901702
1,2,0.97999999999999998,0.059729890390829703,-0.059229689619250847
1,2,0.98999999999999999,0.060106904992228885,-0.0595853699997448
1,2,1,0.060473328153267607,-0.05992950261525018
1,3,0,0.00146389000674986,-0.00032916656982168169
1,3,0.01,0.0017077360814078016,-0.00034962888311775887
1,3,0.02,0.0019745662184800982,-0.00037002451063236755
1,3,0.029999999999999999,0.0022654278683013362,-0.00039022447639796719
1,3,0.040000000000000001,0.0025809163068664909,-0.00041013320141773169
1,3,0.050000000000000003,0.0029212710740365265,-0.0004296285107012694
1,3,0.059999999999999998,0.0032872185133160179,-0.0004486051107012305
1,3,0.070000000000000007,0.0036789918775743564,-0.00046695877460833349
1,3,0.080000000000000002,0.0040968238189771156,-0.0004845750742829363
1,3,0.089999999999999997,0.0045411727615823471,-0.00050137416930611867
1,3,0.10000000000000001,0.0050121702809403351,-0.00051722717893540467
1,3,0.11,0.0055096343747426486,-0.00053209253467583558
1,3,0.12,0.0060342594316329465,-0.00054583020254859397
1,3,0.13,0.0065853590901477285,-0.00055841863195864783
1,3,0.14000000000000001,0.0071633478814915434,-0.00056975104706055734
1,3,0.14999999999999999,0.0077680162650971447,-0.00057978280858582627
1,3,0.16,0.0083989970550397731,-0.00058846471629269066
1,3,0.17000000000000001,0.0090563779921437725,-0.00059573573414180509
1,3,0.17999999999999999,0.0097396330909745102,-0.00060158527067894992
1,3,0.19,0.010448623777589079,-0.0006059539190395992
1,3,0.20000000000000001,0.011182789602923585,-0.00060886794576983649
1,3,0.20999999999999999,0.011941998952885238,-0.00061026118706197861
1,3,0.22,0.012725469092126452,-0.0006101925507339159
1,3,0.23000000000000001,0.013532987497889365,-0.00060862148121233707
1,3,0.23999999999999999,0.01436369748098233,-0.00060560486344227692
1,3,0.25,0.015217154192960446,-0.00060114603792967534
1,3,0.26000000000000001,0.016092801205087982,-0.00059527961017860295
1,3,0.27000000000000002,0.016989803080327364,-0.00058805868155612797
1,3,0.28000000000000003,0.017907560721333829,-0.00057951204805875838
1,3,0.28999999999999998,0.01884523207599547,-0.00056972122890420215
1,3,0.29999999999999999,0.019802276637052439,-0.00055870398992183485
1,3,0.31,0.020777544155566662,-0.00054657648473575415
1,3,0.32000000000000001,0.021770594539980259,-0.00053335769174733426
1,3,0.33000000000000002,0.022780216466308172,-0.00051916497580537511
1,3,0.34000000000000002,0.023805788060842228,-0.00050404572016903438
1,3,0.34999999999999998,0.024846322893917808,-0.00048809414677969539
1,3,0.35999999999999999,0.025900816074950102,-0.00047139183162815126
1,3,0.37,0.026968538685260057,-0.00045401153805027966
1,3,0.38,0.028048348513280846,-0.00043605284526047222
1,3,0.39000000000000001,0.029139390185606566,-0.00041758148817527851
1,3,0.40000000000000002,0.030240646153119402,-0.00039870172976891598
1,3,0.40999999999999998,0.031351247923459329,-0.00037947116458900414
1,3,0.41999999999999998,0.032470006398035767,-0.00035999422866723411
1,3,0.42999999999999999,0.033596155490943087,-0.00034033284529689351
1,3,0.44,0.034728497066961878,-0.00032057255684649175
1,3,0.45000000000000001,0.035866181255271273,-0.00030078070965079939
1,3,0.46000000000000002,0.037008160056762412,-0.0002810301676304503
1,3,0.46999999999999997,0.03815342006558553,-0.00026138317854710333
1,3,0.47999999999999998,0.039301072893167616,-0.00024190442259631908
1,3,0.48999999999999999,0.040450025280542541,-0.00022264998127577434
1,3,0.5,0.041599452560458196,-0.0002036685996359977
1,3,0.51000000000000001,0.042748249623851695,-0.00018501810035053768
1,3,0.52000000000000002,0.043895626379331774,-0.00016673503376023744
1,3,0.53000000000000003,0.045040559472892525,-0.00014885536742469536
1,3,0.54000000000000004,0.046182173559388896,-0.0001314252844079191
1,3,0.55000000000000004,0.047319623042601552,-0.00011445973666029554
1,3,0.56000000000000005,0.048451956242724539,-9.7993245612619485e-05
1,3,0.56999999999999995,0.049578397543828756,-8.2047231194201718e-05
1,3,0.57999999999999996,0.050698150417382071,-6.6624063820479193e-05
1,3,0.58999999999999997,0.051810288365264967,-5.1760310108025473e-05
1,3,0.59999999999999998,0.052914188584868745,-3.7435637169409841e-05
1,3,0.60999999999999999,0.054009026765828791,-2.3679968582870147e-05
1,3,0.62,0.055094055349109605,-1.0476125395915127e-05
1,3,0.63,0.056168711923832229,2.1651917463589475e-06
1,3,0.64000000000000001,0.05723219997421948,1.4263540776022522e-05
1,3,0.65000000000000002,0.058283952863403203,2.580963945733456e-05
1,3,0.66000000000000003,0.05932344320112698,3.6827789347162332e-05
1,3,0.67000000000000004,0.060349969967324252,4.7328383523507269e-05
1,3,0.68000000000000005,0.061363103123570434,5.731271603934477e-05
1,3,0.68999999999999995,0.062362346713584309,6.6824396960240689e-05
1,3,0.69999999999999996,0.063347122615329141,7.5843444236474346e-05
1,3,0.70999999999999996,0.064317205604017089,8.4429766193050182e-05
1,3,0.71999999999999997,0.065271932832454832,9.2565409820239965e-05
1,3,0.72999999999999998,0.066211136968487655,0.00010030176601881166
1,3,0.73999999999999999,0.067134418390789902,0.00010764026096535468
1,3,0.75,0.068041486428293912,0.0001146184608577742
1,3,0.76000000000000001,0.068932047274474398,0.0001212486975225019
1,3,0.77000000000000002,0.069805851250076961,0.00012755463786336824
1,3,0.78000000000000003,0.070662804452079953,0.00013357457539841161
1,3,0.79000000000000004,0.071502580144694322,0.00013930388069827588
1,3,0.80000000000000004,0.072325143514940987,0.00014480412273855657
1,3,0.81000000000000005,0.073130256426562457,0.00015005720539912318
1,3,0.81999999999999995,0.073917973350148478,0.00015512801655840984
1,3,0.82999999999999996,0.074688131762223831,0.00016000671239487901
1,3,0.83999999999999997,0.075440820900901137,0.00016474190684606592
1,3,0.84999999999999998,0.076175866320200708,0.00016934144127873568
1,3,0.85999999999999999,0.076893493819574887,0.00017383717922860316
1,3,0.87,0.077593610544976363,0.00017825602212815891
1,3,0.88,0.078276229816060805,0.00018260780918989223
1,3,0.89000000000000001,0.078941740907443103,0.00018694322856296035
1,3,0.90000000000000002,0.079589796772675608,0.00019125075870555022
1,3,0.91000000000000003,0.080220964551869736,0.0001955952608174483
1,3,0.92000000000000004,0.080835154328868272,0.00019996310809087907
1,3,0.93000000000000005,0.08143254899405708,0.00020441303927481183
1,3,0.93999999999999995,0.082013432266341446,0.00020894674518329523
1,3,0.94999999999999996,0.08257796276240803,0.00021360430219071255
1,3,0.95999999999999996,0.083126282396593532,0.00021840823078865591
1,3,0.96999999999999997,0.083658776880503563,0.00022337801538559329
1,3,0.97999999999999998,0.084175545724442302,0.00022855727939486345
1,3,0.98999999999999999,0.084676823670154874,0.00023394897632833842
1,3,1,0.085163188286523514,0.00023960851127240862
1,4,0,0.0011131497924612155,0.00091320031293938564
1,4,0.01,0.0012966496775053198,0.0010835583260756189
1,4,0.02,0.0014973908529191753,0.0012717104864220826
1,4,0.029999999999999999,0.0017160266416480897,0.0014784431345166665
1,4,0.040000000000000001,0.0019529241900847162,0.0017042379995273298
1,4,0.050000000000000003,0.0022082591368160782,0.0019493686004670324
1,4,0.059999999999999998,0.0024827166703113215,0.002214641515882279
1,4,0.070000000000000007,0.0027762143778605557,0.0025000452374311167
1,4,0.080000000000000002,0.0030891434342049957,0.0028060583105809335
1,4,0.089999999999999997,0.0034215736891295774,0.003132809842586189
1,4,0.10000000000000001,0.0037735013342503117,0.0034803415925930789
1,4,0.11,0.0041453288556912941,0.0038491191441422275
1,4,0.12,0.0045367102264475753,0.0042388001366080105
1,4,0.13,0.0049479868062605971,0.0046497686512877627
1,4,0.14000000000000001,0.0053788684170156783,0.005081716958121563
1,4,0.14999999999999999,0.0058292001803523941,0.0055344766420986789
1,4,0.16,0.0062991049186222363,0.0060081655693577981
1,4,0.17000000000000001,0.0067880396423697668,0.0065021841026608211
1,4,0.17999999999999999,0.007296151721910971,0.0070166603701529422
1,4,0.19,0.0078229786840914341,0.0075510672270987823
1,4,0.20000000000000001,0.0083681822668610281,0.0081049970676253975
1,4,0.20999999999999999,0.0089316093973199409,0.0086782346565874979
1,4,0.22,0.0095125929799711878,0.0092700205462578553
1,4,0.23000000000000001,0.010111042863830636,0.0098801943993768269
1,4,0.23999999999999999,0.010726308539223448,0.01050801110442073
1,4,0.25,0.01135799388005795,0.011152985611621686
1,4,0.26000000000000001,0.01200564749597308,0.011814567671895471
1,4,0.27000000000000002,0.012668533763156804,0.012491921477817048
1,4,0.28000000000000003,0.013346318283798982,0.013184619629693448
1,4,0.28999999999999998,0.014038209823578934,0.01389177206284133
1,4,0.29999999999999999,0.014743734758101514,0.014612817161807363
1,4,0.31,0.015462242560420388,0.015347008039551229
1,4,0.32000000000000001,0.016192941779414407,0.016093465759852096
1,4,0.33000000000000002,0.016935289905808722,0.016851560579001602
1,4,0.34000000000000002,0.017688429704413457,0.01762035973146462
1,4,0.34999999999999998,0.018451778504117194,0.018399205450991548
1,4,0.35999999999999999,0.019224547999640532,0.019187243127042945
1,4,0.37,0.020005954699361769,0.019983631991582228
1,4,0.38,0.020795289726345569,0.020787601464138359
1,4,0.39000000000000001,0.021591674562693331,0.021598233018994373
1,4,0.40000000000000002,0.022394483655594294,0.022414853252286895
1,4,0.40999999999999998,0.023202799118752185,0.023236513744636374
1,4,0.41999999999999998,0.024015897399193659,0.024062471341599632
1,4,0.42999999999999999,0.024832976733361947,0.024891897812106281
1,4,0.44,0.02565319473842359,0.02572394376412732
1,4,0.45000000000000001,0.026475879577734014,0.026557922109518926
1,4,0.46000000000000002,0.027300118853851304,0.027392924648060528
1,4,0.46999999999999997,0.028125237246522845,0.028228280132721464
1,4,0.47999999999999998,0.028950402982829648,0.02906317029356437
1,4,0.48999999999999999,0.029774859301385667,0.029896851805979813
1,4,0.5,0.030597940125113791,0.030728670910978355
1,4,0.51000000000000001,0.03141879734524726,0.031557805331100461
1,4,0.52000000000000002,0.032236833282873717,0.032383677276309711
1,4,0.53000000000000003,0.033051280518001616,0.033205551827314286
1,4,0.54000000000000004,0.033861433199414849,0.034022752250116209
1,4,0.55000000000000004,0.034666721014779814,0.034834733063562953
1,4,0.56000000000000005,0.035466398452109402,0.035640780654447327
1,4,0.56999999999999995,0.036259964646584875,0.036440417625347186
1,4,0.57999999999999996,0.037046765926342658,0.037233029511543135
1,4,0.58999999999999997,0.037826231998108292,0.038018068587600616
1,4,0.59999999999999998,0.038597836701892575,0.038795041938498337
1,4,0.60999999999999999,0.039361005911019431,0.03956339624700983
1,4,0.62,0.040115344287844093,0.040322755182333858
1,4,0.63,0.040860358832266179,0.041072656386705757
1,4,0.64000000000000001,0.041595597340817587,0.041812658368287403
1,4,0.65000000000000002,0.042320703467725977,0.042542428390950238
1,4,0.66000000000000003,0.0430351637454017,0.043261460070840856
1,4,0.67000000000000004,0.043738754862587402,0.043969540948783206
1,4,0.68000000000000005,0.044431153213032933,0.044666357645463242
1,4,0.68999999999999995,0.04511201119068526,0.045351561198518325
1,4,0.69999999999999996,0.045781164867285985,0.046024996348689146
1,4,0.70999999999999996,0.046438221642359077,0.046686259574908143
1,4,0.71999999999999997,0.04708304130243534,0.047335212976795833
1,4,0.72999999999999998,0.047715498681419562,0.047971721796499923
1,4,0.73999999999999999,0.048335339029951581,0.048595520482784885
1,4,0.75,0.048942578323070085,0.049206618484909738
1,4,0.76000000000000001,0.049536953191995275,0.049804729898403066
1,4,0.77000000000000002,0.050118442971226612,0.050389826508721702
1,4,0.78000000000000003,0.050687019717309101,0.050961857052090068
1,4,0.79000000000000004,0.051242535644032666,0.051520660792847464
1,4,0.80000000000000004,0.051785179831685443,0.05206640858701389
1,4,0.81000000000000005,0.052314761273237989,0.052598884322378116
1,4,0.81999999999999995,0.052831431809379208,0.053118228646509766
1,4,0.82999999999999996,0.053335206414370728,0.053624426464689755
1,4,0.83999999999999997,0.05382601528906928,0.054117396787315683
1,4,0.84999999999999998,0.054304186619311356,0.054597447708063448
1,4,0.85999999999999999,0.054769584561134566,0.055064424514715507
1,4,0.87,0.05522247976271924,0.055518586222745581
1,4,0.88,0.055662973451482169,0.055960014386088268
1,4,0.89000000000000001,0.056091034743789729,0.05638866515802618
1,4,0.90000000000000002,0.056507054106382446,0.056804916171304176
1,4,0.91000000000000003,0.056910948076985476,0.057208679216448385
1,4,0.92000000000000004,0.057303084375390667,0.057600314512258555
1,4,0.93000000000000005,0.057683572623704576,0.057979925435687349
1,4,0.93999999999999995,0.058052516008492573,0.05834761640991748
1,4,0.94999999999999996,0.05841024458628969,0.058703704782189288
1,4,0.95999999999999996,0.058756717182715724,0.059048164250816021
1,4,0.96999999999999997,0.059092380416571069,0.059381442315476041
1,4,0.97999999999999998,0.059417323240985385,0.059703637339956817
1,4,0.98999999999999999,0.059731720714471533,0.060014935157377984
1,4,1,0.06003593260037323,0.060315703193141931
1,5,0,0.00013123368961677484,0.0017991720566467098
1,5,0.01,0.00014152610300420838,0.0020300395959070806
1,5,0.02,0.00015189678845437259,0.0022784983112894511
1,5,0.029999999999999999,0.00016231450036066075,0.0025452505878639205
1,5,0.040000000000000001,0.00017274723439483775,0.00283042797848414
1,5,0.050000000000000003,0.00018316459644791144,0.0031346359701634749
1,5,0.059999999999999998,0.00019353686728111968,0.003458118511046653
1,5,0.070000000000000007,0.00020383365973999397,0.003801158690116508
1,5,0.080000000000000002,0.00021402663725554217,0.0041639285637187634
1,5,0.089999999999999997,0.0002240877634675807,0.0045466903609412941
1,5,0.10000000000000001,0.00023398845762315215,0.0049499090425374759
1,5,0.11,0.00024370275313222585,0.0053735445603065746
1,5,0.12,0.00025320387490830159,0.0058177145613938436
1,5,0.13,0.00026246833654621908,0.0062823625713199329
1,5,0.14000000000000001,0.00027146904668742339,0.006767755269685866
1,5,0.14999999999999999,0.00028018419146554616,0.0072738131155780693
1,5,0.16,0.00028858661270808437,0.0078007570556417865
1,5,0.17000000000000001,0.00029665999830089383,0.0083481664716893167
1,5,0.17999999999999999,0.00030437640502054664,0.0089163543235279141
1,5,0.19,0.00031172015687901914,0.0095050311130050608
1,5,0.20000000000000001,0.00031866330059689699,0.010114448305042673
1,5,0.20999999999999999,0.00032519562066521597,0.010743989271264914
1,5,0.22,0.00033129484456495025,0.011393683754636647
1,5,0.23000000000000001,0.00033694819501993006,0.012063166029695841
1,5,0.23999999999999999,0.00034213643024544267,0.012752359647788959
1,5,0.25,0.00034684380114146859,0.013461054664839414
1,5,0.26000000000000001,0.00035106015971472288,0.014188841613858442
1,5,0.27000000000000002,0.00035477293317718412,0.014935435870739564
1,5,0.28000000000000003,0.00035797177783805645,0.015700568511734164
1,5,0.28999999999999998,0.00036064260275654931,0.016483983779421771
1,5,0.29999999999999999,0.00036278211868655822,0.017285134045392524
1,5,0.31,0.000364380704869186,0.018103701336853274
1,5,0.32000000000000001,0.00036544152801661902,0.018939046552185847
1,5,0.33000000000000002,0.00036595138030295248,0.019790983173771773
1,5,0.34000000000000002,0.00036591420829618771,0.020658889631741374
1,5,0.34999999999999998,0.00036532007255126033,0.021542506479003267
1,5,0.35999999999999999,0.00036418316057561793,0.022441024981331638
1,5,0.37,0.00036249501208140733,0.02335423394576221
1,5,0.38,0.00036026806070245252,0.024281387499797615
1,5,0.39000000000000001,0.00035749433464917158,0.025222164139074348
1,5,0.40000000000000002,0.00035419158387643143,0.026175783215329426
1,5,0.40999999999999998,0.0003503651262569463,0.027141729659067353
1,5,0.41999999999999998,0.00034602582584103393,0.028119389937015671
1,5,0.42999999999999999,0.00034118239736853509,0.029108200902115897
1,5,0.44,0.00033583848074273179,0.030107673512933857
1,5,0.45000000000000001,0.00033001676246589281,0.031117043358288573
1,5,0.46000000000000002,0.00032372650174145701,0.032135804917134435
1,5,0.46999999999999997,0.00031698752459415936,0.033163241839977549
1,5,0.47999999999999998,0.00030980562705566208,0.034198826262621079
1,5,0.48999999999999999,0.0003022015276059839,0.035241843204076424
1,5,0.5,0.00029418978687652253,0.036291706790055771
1,5,0.51000000000000001,0.00028579592248620487,0.037347668937031953
1,5,0.52000000000000002,0.00027702974061262871,0.038409199947364844
1,5,0.53000000000000003,0.00026790993815882329,0.039475629907978274
1,5,0.54000000000000004,0.00025845158400288504,0.040546365917276103
1,5,0.55000000000000004,0.00024868172925615535,0.04162070635088657
1,5,0.56000000000000005,0.0002386161054812102,0.042698051344095038
1,5,0.56999999999999995,0.00022827508442490102,0.043777737010864931
1,5,0.57999999999999996,0.00021766688448441741,0.044859207936584232
1,5,0.58999999999999997,0.00020681777249331035,0.045941794170328773
1,5,0.59999999999999998,0.00019574719389521268,0.047024881820349876
1,5,0.60999999999999999,0.00018447246383240278,0.048107871129061022
1,5,0.62,0.00017301037933603077,0.049190177433898724
1,5,0.63,0.00016136860675960708,0.050271238285175719
1,5,0.64000000000000001,0.00014957399943871854,0.051350447730546117
1,5,0.65000000000000002,0.00013764257185170658,0.052427207357770234
1,5,0.66000000000000003,0.00012558770580120026,0.05350101388130965
1,5,0.67000000000000004,0.00011342100782550912,0.054571283543921559
1,5,0.68000000000000005,0.00010115091443817386,0.055637548376146428
1,5,0.68999999999999995,8.8798995776542453e-05,0.056699217869892626
1,5,0.69999999999999996,7.637461436805911e-05,0.057755858812262924
1,5,0.70999999999999996,6.3891144304209995e-05,0.058806923211920083
1,5,0.71999999999999997,5.1350440440621774e-05,0.059851988603083356
1,5,0.72999999999999998,3.8765913085242872e-05,0.060890528380287065
1,5,0.73999999999999999,2.6149487284153128e-05,0.061922104570891937
1,5,0.75,1.3507968607953669e-05,0.062946314576421317
1,5,0.76000000000000001,8.4752504990454188e-07,0.063962755500427168
1,5,0.77000000000000002,-1.1834793321570229e-05,0.06497101555318216
1,5,0.78000000000000003,-2.4526310159602458e-05,0.065970702083045771
1,5,0.79000000000000004,-3.7224100426785033e-05,0.066961509911267536
1,5,0.80000000000000004,-4.9920677200446283e-05,0.067943022137624182
1,5,0.81000000000000005,-6.2619909355675753e-05,0.068915004299435603
1,5,0.81999999999999995,-7.532092665738535e-05,0.069876954937557717
1,5,0.82999999999999996,-8.8021944927860164e-05,0.070828708406599675
1,5,0.83999999999999997,-0.00010071283342633514,0.071769890160986644
1,5,0.84999999999999998,-0.00011340564818918263,0.07270042202253868
1,5,0.85999999999999999,-0.00012609259794768804,0.073619869005442984
1,5,0.87,-0.00013878904290740054,0.074528121928158553
1,5,0.88,-0.00015148121580912613,0.075424887882181574
1,5,0.89000000000000001,-0.00016417855120613018,0.076310079382227128
1,5,0.90000000000000002,-0.00017687773011689363,0.077183434903512982
1,5,0.91000000000000003,-0.00018959005022373994,0.078044791908065819
1,5,0.92000000000000004,-0.00020231558246959882,0.078893875776231373
1,5,0.93000000000000005,-0.00021505380805885501,0.079730703952662546
1,5,0.93999999999999995,-0.00022780959381953232,0.080555183189485069
1,5,0.94999999999999996,-0.00024058222715847837,0.081367160347472392
1,5,0.95999999999999996,-0.00025338730496231256,0.082166549696165367
1,5,0.96999999999999997,-0.00026621499743784127,0.082953219331498573
1,5,0.97999999999999998,-0.00027907670907692338,0.083727269699461815
1,5,0.98999999999999999,-0.00029196213703335335,0.084488489395177863
1,5,1,-0.0003048890596825532,0.085237038327810322
1,6,0,-0.0011552980778721106,0.0011593197267464744
1,6,0.01,-0.001319156579041778,0.0013266517049850988
1,6,0.02,-0.0014964440218370929,0.0015079478933037052
1,6,0.029999999999999999,-0.0016876816360815489,0.0017037610042611494
1,6,0.040000000000000001,-0.0018932306194901988,0.0019144969992145825
1,6,0.050000000000000003,-0.0021134854359995347,0.0021405780304352947
1,6,0.059999999999999998,-0.002348403617111916,0.0023819763346303387
1,6,0.070000000000000007,-0.0025983445611542926,0.002639082060972988
1,6,0.080000000000000002,-0.0028636695024806965,0.0029122863048512519
1,6,0.089999999999999997,-0.0031443359883654596,0.0032015487528463905
1,6,0.10000000000000001,-0.0034404950970411182,0.003507031391411411
1,6,0.11,-0.0037524436567845506,0.0038290613920047272
1,6,0.12,-0.0040802173547716432,0.0041676596840363308
1,6,0.13,-0.0044236612516771303,0.0045226652371793043
1,6,0.14000000000000001,-0.0047832250386098361,0.0048945439552659717
1,6,0.14999999999999999,-0.0051585697795564628,0.0052829326210510098
1,6,0.16,-0.0055498748089181033,0.0056879934705035915
1,6,0.17000000000000001,-0.0059570354343792178,0.0061096052235120428
1,6,0.17999999999999999,-0.0063801606149227266,0.0065478630561168335
1,6,0.19,-0.0068188975532384836,0.0070023677424807911
1,6,0.20000000000000001,-0.0072732742395021704,0.0074731129789444295
1,6,0.20999999999999999,-0.0077434495378216599,0.0079602415579060181
1,6,0.22,-0.008228842273288,0.0084631058606894245
1,6,0.23000000000000001,-0.0087294181853804394,0.0089816305510442892
1,6,0.23999999999999999,-0.0092451566533160202,0.0095157449935079283
1,6,0.25,-0.0097758371660334326,0.010065178553195862
1,6,0.26000000000000001,-0.010320886740384496,0.010629286991634523
1,6,0.27000000000000002,-0.010880399356102397,0.011208116909461068
1,6,0.28000000000000003,-0.011454100956386406,0.011801317392747299
1,6,0.28999999999999998,-0.012041545943162719,0.012408381685193559
1,6,0.29999999999999999,-0.012642317247874117,0.013028820802522927
1,6,0.31,-0.013256457025662215,0.013662611696206577
1,6,0.32000000000000001,-0.013883375374705853,0.01430907812302778
1,6,0.33000000000000002,-0.014522613162350578,0.01496769625290802
1,6,0.34000000000000002,-0.015174004572345636,0.01563822773028839
1,6,0.34999999999999998,-0.015837021249379635,0.016320059315753987
1,6,0.35999999999999999,-0.016511309808480003,0.017012765156241897
1,6,0.37,-0.017196307447679894,0.017715707797480256
1,6,0.38,-0.017891813189846634,0.018428614878971489
1,6,0.39000000000000001,-0.018597097109194875,0.019150672521675034
1,6,0.40000000000000002,-0.019311841784438687,0.019881499297982781
1,6,0.40999999999999998,-0.020035574396531763,0.020620536967164569
1,6,0.41999999999999998,-0.02076771241813484,0.021367152238119851
1,6,0.42999999999999999,-0.021507744363084842,0.022120751885099439
1,6,0.44,-0.0222552563581912,0.022880850180250035
1,6,0.45000000000000001,-0.023009641711639921,0.023646788448746757
1,6,0.46000000000000002,-0.023770313293973482,0.024417926769764488
1,6,0.46999999999999997,-0.024536853471174257,0.025193765835977967
1,6,0.47999999999999998,-0.025308649132404406,0.025973637951377117
1,6,0.48999999999999999,-0.026085149231530748,0.026756965534808372
1,6,0.5,-0.026865729502820845,0.027543072866545823
1,6,0.51000000000000001,-0.027650012557190302,0.028331486402321811
1,6,0.52000000000000002,-0.028437253395874908,0.029121468345136257
1,6,0.53000000000000003,-0.02922696775162667,0.029912499772224092
1,6,0.54000000000000004,-0.030018577909017533,0.030703937491521692
1,6,0.55000000000000004,-0.030811535328511649,0.031495198310325247
1,6,0.56000000000000005,-0.031605261017998876,0.032285705268277079
1,6,0.56999999999999995,-0.032399214632704121,0.03307488035835611
1,6,0.57999999999999996,-0.033192833860087145,0.03386211860283718
1,6,0.58999999999999997,-0.033985572774807127,0.034646872925635036
1,6,0.59999999999999998,-0.034776918716636185,0.035428631949830605
1,6,0.60999999999999999,-0.035566289271715686,0.036206758109071709
1,6,0.62,-0.036353193994522248,0.036980784052048236
1,6,0.63,-0.03713713336938073,0.037750201470256116
1,6,0.64000000000000001,-0.037917550592466785,0.038514434798495062
1,6,0.65000000000000002,-0.038694004229567341,0.039273055122423177
1,6,0.66000000000000003,-0.039465994419063746,0.040025565942914468
1,6,0.67000000000000004,-0.040233054572784172,0.040771495996349175
1,6,0.68000000000000005,-0.040994686039470506,0.041510347801902422
1,6,0.68999999999999995,-0.041750548636641877,0.042241818541742499
1,6,0.69999999999999996,-0.042500171867553352,0.042965433140359797
1,6,0.70999999999999996,-0.043243018671805356,0.043680637971622263
1,6,0.71999999999999997,-0.043978886371084228,0.044387292379986981
1,6,0.72999999999999998,-0.044707364482898693,0.045085001987536517
1,6,0.73999999999999999,-0.045427968824288595,0.045773258593727717
1,6,0.75,-0.046140390543378838,0.046451802701680395
1,6,0.76000000000000001,-0.046844476722010017,0.047120520120583834
1,6,0.77000000000000002,-0.047539749476798773,0.047778939714031736
1,6,0.78000000000000003,-0.048225873003488323,0.048426727038196088
1,6,0.79000000000000004,-0.048902711138270862,0.049063811502709442
1,6,0.80000000000000004,-0.049570081818348627,0.04969003999064716
1,6,0.81000000000000005,-0.05022747560482449,0.050304892923975025
1,6,0.81999999999999995,-0.050874854527017642,0.050908389683606121
1,6,0.82999999999999996,-0.05151210947246232,0.051500464670745559
1,6,0.83999999999999997,-0.052138883222062379,0.052080770908049495
1,6,0.84999999999999998,-0.052755112071676755,0.05264928640430773
1,6,0.85999999999999999,-0.053360618762410029,0.053205871278800061
1,6,0.87,-0.053955390369299,0.053750552684247818
1,6,0.88,-0.054539093694217097,0.054283018447112842
1,6,0.89000000000000001,-0.05511190222011135,0.054803498429736669
1,6,0.90000000000000002,-0.055673607320643345,0.055311815393961503
1,6,0.91000000000000003,-0.056224097180728634,0.055807887954481612
1,6,0.92000000000000004,-0.056763473666605058,0.056291875975516617
1,6,0.93000000000000005,-0.057291711987726299,0.05676379243381182
1,6,0.93999999999999995,-0.0578086520146808,0.057223510331220959
1,6,0.94999999999999996,-0.058314423750442025,0.057671214770182298
1,6,0.95999999999999996,-0.058809153169659824,0.058107083606364095
1,6,0.96999999999999997,-0.059292655430693987,0.058530962623738358
1,6,0.97999999999999998,-0.059765065729808511,0.058943044647475351
1,6,0.98999999999999999,-0.060226499102257018,0.059343494363047825
1,6,1,-0.060677179906925824,0.059732596593855436
1,7,0,-0.0015469418061086621,-0.00013946607703961555
1,7,0.01,-0.0017789078558716159,-0.00015216634215852847
1,7,0.02,-0.0020308716029067342,-0.00016496855565397063
1,7,0.029999999999999999,-0.0023038185770138699,-0.00017781005580544927
1,7,0.040000000000000001,-0.002598147467312256,-0.00019061934258744138
1,7,0.050000000000000003,-0.0029141539833617332,-0.00020331590519774917
1,7,0.059999999999999998,-0.0032523035851585252,-0.00021582848377112732
1,7,0.070000000000000007,-0.0036129200109337838,-0.00022809504859332968
1,7,0.080000000000000002,-0.0039963487223366023,-0.00024004177398957604
1,7,0.089999999999999997,-0.004402542919154713,-0.00025160797713284886
1,7,0.10000000000000001,-0.004832208228928582,-0.00026273067614495733
1,7,0.11,-0.0052849853279521688,-0.00027335801241488099
1,7,0.12,-0.0057611559369551146,-0.00028343775293509984
1,7,0.13,-0.0062608669619090397,-0.00029293029241141892
1,7,0.14000000000000001,-0.0067839570654010268,-0.0003017847554345703
1,7,0.14999999999999999,-0.0073303682280901842,-0.00030997331143991255
1,7,0.16,-0.0079002672069897282,-0.00031745570789783244
1,7,0.17000000000000001,-0.0084931327368773721,-0.00032421163290247959
1,7,0.17999999999999999,-0.009109163558602874,-0.00033021321294809871
1,7,0.19,-0.0097479923130464764,-0.00033543905044826697
1,7,0.20000000000000001,-0.01040948469944546,-0.00033988163981516916
1,7,0.20999999999999999,-0.011093200739344888,-0.00034352949948555613
1,7,0.22,-0.01179893330255611,-0.00034638161622511108
1,7,0.23000000000000001,-0.01252630350770273,-0.00034843171316576587
1,7,0.23999999999999999,-0.013274741340484651,-0.00034969200852794866
1,7,0.25,-0.014044331277379141,-0.00035015163210099995
1,7,0.26000000000000001,-0.014833924631528194,-0.00034984247232153459
1,7,0.27000000000000002,-0.015643738710009632,-0.00034875372846427484
1,7,0.28000000000000003,-0.016472832855094103,-0.00034691550910713877
1,7,0.28999999999999998,-0.017320826698358483,-0.00034433779069618432
1,7,0.29999999999999999,-0.018187162514168281,-0.00034104588668957268
1,7,0.31,-0.019071176457123445,-0.00033705468096511583
1,7,0.32000000000000001,-0.019972384271376216,-0.00033239614658793178
1,7,0.33000000000000002,-0.020890038694210706,-0.0003270859368163624
1,7,0.34000000000000002,-0.021823670873507815,-0.00032114808461508745
1,7,0.34999999999999998,-0.022772371386676354,-0.00031462188776519828
1,7,0.35999999999999999,-0.023735740872041774,-0.00030750963546201718
1,7,0.37,-0.024712945052773303,-0.00029986401127674527
1,7,0.38,-0.02570330360584442,-0.00029169015777774838
1,7,0.39000000000000001,-0.026706162594708992,-0.00028303156269120574
1,7,0.40000000000000002,-0.027720760189788335,-0.00027389579638915646
1,7,0.40999999999999998,-0.028746260765325566,-0.00026433384762562621
1,7,0.41999999999999998,-0.029782142965960871,-0.00025434284348353661
1,7,0.42999999999999999,-0.030827451352124922,-0.00024396685915410292
1,7,0.44,-0.031881578349633219,-0.00023322961283519676
1,7,0.45000000000000001,-0.032943729264496235,-0.00022213812434230233
1,7,0.46000000000000002,-0.034013166884588907,-0.00021073710614492804
1,7,0.46999999999999997,-0.035089107700233282,-0.00019903934664946367
1,7,0.47999999999999998,-0.036170816632161082,-0.00018706323778143252
1,7,0.48999999999999999,-0.037257583329081231,-0.00017482446576388825
1,7,0.5,-0.03834851689415817,-0.00016236719637145736
1,7,0.51000000000000001,-0.039443103392063195,-0.00014966530404356051
1,7,0.52000000000000002,-0.040540386982249724,-0.00013678235945324712
1,7,0.53000000000000003,-0.041639759437017927,-0.00012371049666139861
1,7,0.54000000000000004,-0.042740444048190204,-0.00011047225131727517
1,7,0.55000000000000004,-0.043841729247375102,-9.7087945147504139e-05
1,7,0.56000000000000005,-0.04494290248482713,-8.3585739916445124e-05
1,7,0.56999999999999995,-0.046043256987543323,-6.9956325359534811e-05
1,7,0.57999999999999996,-0.047142117564082583,-5.6232819253342167e-05
1,7,0.58999999999999997,-0.048238804053174114,-4.2433224736997382e-05
1,7,0.59999999999999998,-0.04933262742804001,-2.8549186476127509e-05
1,7,0.60999999999999999,-0.050422961834111608,-1.4632393054268269e-05
1,7,0.62,-0.051509164101802937,-6.6553421439045132e-07
1,7,0.63,-0.052590565059827066,1.3307171271250491e-05
1,7,0.64000000000000001,-0.053666588988205068,2.7291997653880224e-05
1,7,0.65000000000000002,-0.054736613276652475,4.1234559841870798e-05
1,7,0.66000000000000003,-0.055800028278699225,5.5160595476769084e-05
1,7,0.67000000000000004,-0.056856361678495393,6.9017245182887549e-05
1,7,0.68000000000000005,-0.057904979830429776,8.2804800954201308e-05
1,7,0.68999999999999995,-0.058945396934291405,9.65003437623792e-05
1,7,0.69999999999999996,-0.059977070336261096,0.00011007120863880046
1,7,0.70999999999999996,-0.060999538418715228,0.00012350947826685347
1,7,0.71999999999999997,-0.062012280387340149,0.00013677923007339324
1,7,0.72999999999999998,-0.063014849523904959,0.00014986501079718081
1,7,0.73999999999999999,-0.064006841569340361,0.0001627150461079983
1,7,0.75,-0.064987662922916439,0.00017534407742819322
1,7,0.76000000000000001,-0.065957232488074002,0.00018768398011650343
1,7,0.77000000000000002,-0.066914837657327503,0.00019974604263858515
1,7,0.78000000000000003,-0.067860345625313317,0.00021146783712299518
1,7,0.79000000000000004,-0.068793344634170112,0.00022284013747637143
1,7,0.80000000000000004,-0.069713478571784573,0.00023381569419550084
1,7,0.81000000000000005,-0.070620507561333493,0.0002443746445774499
1,7,0.81999999999999995,-0.071514073967045136,0.00025446818970726117
1,7,0.82999999999999996,-0.072393946688548788,0.00026405955191227833
1,7,0.83999999999999997,-0.073259817085394752,0.00027312746328671261
1,7,0.84999999999999998,-0.074111668954689014,0.0002816214118390156
1,7,0.85999999999999999,-0.074949065968786185,0.000289528379252809
1,7,0.87,-0.07577197472209575,0.0002967790242409093
1,7,0.88,-0.07658022779047792,0.00030337338060465712
1,7,0.89000000000000001,-0.07737357342689001,0.00030923273923638282
1,7,0.90000000000000002,-0.078151950657991173,0.00031435408081094006
1,7,0.91000000000000003,-0.078915378070167477,0.0003186696769380289
1,7,0.92000000000000004,-0.079663440436440122,0.00032214556628566671
1,7,0.93000000000000005,-0.080396410938572624,0.00032474759784882092
1,7,0.93999999999999995,-0.081114069531622007,0.0003264391922513285
1,7,0.94999999999999996,-0.081816406739754322,0.00032718297903743193
1,7,0.95999999999999996,-0.082503422844431407,0.00032693438505706671
1,7,0.96999999999999997,-0.083175178493875374,0.00032567027023630563
1,7,0.97999999999999998,-0.083831598617077757,0.0003233323554075928
1,7,0.98999999999999999,-0.084472669532501626,0.00031990487608469815
1,7,1,-0.085098795501790697,0.00031534127118298255
1,8,0,-0.0010388083073216564,-0.0011932840449121393
1,8,0.01,-0.001192424480046932,-0.0013615048825089855
1,8,0.02,-0.0013592143142262245,-0.0015429461523286008
1,8,0.029999999999999999,-0.0015401829592628026,-0.001738498835889611
1,8,0.040000000000000001,-0.0017352276512987463,-0.0019479440537540727
1,8,0.050000000000000003,-0.001945152431075265,-0.0021719592725223066
1,8,0.059999999999999998,-0.0021698801094112504,-0.0024103630322022535
1,8,0.070000000000000007,-0.0024098592636376025,-0.0026634841568612751
1,8,0.080000000000000002,-0.0026653899035523009,-0.0029315146567576908
1,8,0.089999999999999997,-0.0029365815270328702,-0.0032144590460875919
1,8,0.10000000000000001,-0.0032237840761024693,-0.0035125687915233614
1,8,0.11,-0.0035268325086530569,-0.0038255969746291986
1,8,0.12,-0.0038464014702264885,-0.0041541092560177743
1,8,0.13,-0.0041820313824050175,-0.0044975952309087696
1,8,0.14000000000000001,-0.0045342017590728305,-0.0048564498404999566
1,8,0.14999999999999999,-0.0049025990153081095,-0.0052303162474209176
1,8,0.16,-0.0052876256992324252,-0.0056195232516741854
1,8,0.17000000000000001,-0.0056889195051620881,-0.0060236929308774365
1,8,0.17999999999999999,-0.0061065500643469875,-0.0064428561295046694
1,8,0.19,-0.0065404721175495043,-0.0068769476361033388
1,8,0.20000000000000001,-0.0069905278465133506,-0.0073257992698593129
1,8,0.20999999999999999,-0.0074566273549013379,-0.0077893270756989839
1,8,0.22,-0.0079384446166851849,-0.0082672203793337385
1,8,0.23000000000000001,-0.0084360137220958406,-0.008759527313482866
1,8,0.23999999999999999,-0.0089489423006748336,-0.0092658906997283678
1,8,0.25,-0.0094769916234779331,-0.0097861251949537317
1,8,0.26000000000000001,-0.010019907102294461,-0.010320014513134669
1,8,0.27000000000000002,-0.010577431004381296,-0.010867369252599471
1,8,0.28000000000000003,-0.011149228249904677,-0.011427917403489309
1,8,0.28999999999999998,-0.011734759206513731,-0.012001214889086446
1,8,0.29999999999999999,-0.012333958046138651,-0.012587258434040552
1,8,0.31,-0.012946159705255828,-0.013185494330164298
1,8,0.32000000000000001,-0.013571185804606355,-0.013795828265110412
1,8,0.33000000000000002,-0.014208310782333831,-0.014417653330710482
1,8,0.34000000000000002,-0.014857415912550867,-0.015050944994019013
1,8,0.34999999999999998,-0.015517772290864025,-0.015695099769507059
1,8,0.35999999999999999,-0.016189059071573912,-0.016349901818023371
1,8,0.37,-0.016870627030893186,-0.017014829532312106
1,8,0.38,-0.017562179526642803,-0.017689697627685706
1,8,0.39000000000000001,-0.018263037975084689,-0.018373958299818687
1,8,0.40000000000000002,-0.018972689097510695,-0.019067202884580494
1,8,0.40999999999999998,-0.019690672814964612,-0.019769108691893789
1,8,0.41999999999999998,-0.020416379090901805,-0.020479170866498687
1,8,0.42999999999999999,-0.021149310070409651,-0.021197016090046348
1,8,0.44,-0.021888819049652987,-0.021922093654162443
1,8,0.45000000000000001,-0.02263447570406741,-0.022654100696334799
1,8,0.46000000000000002,-0.023385613163943351,-0.023392461625899863
1,8,0.46999999999999997,-0.024141756027704402,-0.024136801235311596
1,8,0.47999999999999998,-0.024902254003962804,-0.024886553304838587
1,8,0.48999999999999999,-0.025666663562264349,-0.025641377859977124
1,8,0.5,-0.026434322250089098,-0.026400677923033477
1,8,0.51000000000000001,-0.027204773186555179,-0.027164065058417404
1,8,0.52000000000000002,-0.027977393371431229,-0.027930979276674026
1,8,0.53000000000000003,-0.028751704218860714,-0.02870101414091402
1,8,0.54000000000000004,-0.029527126975825484,-0.029473610472741607
1,8,0.55000000000000004,-0.030303176927744296,-0.030248334150309759
1,8,0.56000000000000005,-0.031079314091798801,-0.031024662220523851
1,8,0.56999999999999995,-0.031855038092205634,-0.031802140725244205
1,8,0.57999999999999996,-0.032629868909690822,-0.032580255611896293
1,8,0.58999999999999997,-0.03340331755266128,-0.033358554867144015
1,8,0.59999999999999998,-0.034174908083021018,-0.034136526171498649
1,8,0.60999999999999999,-0.034944169448584653,-0.034913719302967633
1,8,0.62,-0.035710692182751684,-0.03568964367496872
1,8,0.63,-0.036474039257630195,-0.036463866312471935
1,8,0.64000000000000001,-0.037233732602948114,-0.037235854558720173
1,8,0.65000000000000002,-0.037989448347932463,-0.038005231101480665
1,8,0.66000000000000003,-0.038740755731614826,-0.038771497892975265
1,8,0.67000000000000004,-0.039487325667866842,-0.039534261361564516
1,8,0.68000000000000005,-0.040228694791161333,-0.040293005687747963
1,8,0.68999999999999995,-0.040964666015031112,-0.04104741353330349
1,8,0.69999999999999996,-0.04169479094921201,-0.041796989053153558
1,8,0.70999999999999996,-0.042418845859692272,-0.042541381750756849
1,8,0.71999999999999997,-0.043136416909205305,-0.043280127236107815
1,8,0.72999999999999998,-0.043847372922483724,-0.044012935447978588
1,8,0.73999999999999999,-0.044551357158304924,-0.044739398336655564
1,8,0.75,-0.045248102308941711,-0.045459102625117279
1,8,0.76000000000000001,-0.045937404556176266,-0.046171772741840214
1,8,0.77000000000000002,-0.046619061305054978,-0.046877050308835204
1,8,0.78000000000000003,-0.047292864653332586,-0.047574653314367887
1,8,0.79000000000000004,-0.047958531907538418,-0.048264169776319837
1,8,0.80000000000000004,-0.048616014878366948,-0.04894544130796756
1,8,0.81000000000000005,-0.049265066850573615,-0.049618110553373236
1,8,0.81999999999999995,-0.049905559246211179,-0.050281934535611361
1,8,0.82999999999999996,-0.050537325000645054,-0.050936650992317735
1,8,0.83999999999999997,-0.051160270656585558,-0.051582035981259822
1,8,0.84999999999999998,-0.051774340198483093,-0.052217957924027829
1,8,0.85999999999999999,-0.052379246168792234,-0.05284399955586129
1,8,0.87,-0.052975109580512478,-0.053460223794800539
1,8,0.88,-0.053561669596140504,-0.054066226218661757
1,8,0.89000000000000001,-0.054139072910576645,-0.054662118271101678
1,8,0.90000000000000002,-0.054706942832639098,-0.055247398049118449
1,8,0.91000000000000003,-0.055265542110084581,-0.055822283025430533
1,8,0.92000000000000004,-0.055814644673232217,-0.056386451194061028
1,8,0.93000000000000005,-0.05635430448942759,-0.056939901909114715
1,8,0.93999999999999995,-0.056884428679155101,-0.05748248562790903
1,8,0.94999999999999996,-0.057405034917946657,-0.058014144543924083
1,8,0.95999999999999996,-0.057916219376011789,-0.058534961665903475
1,8,0.96999999999999997,-0.058417729851242953,-0.05904459181946059
1,8,0.97999999999999998,-0.058909873865142938,-0.059543374699672233
1,8,0.98999999999999999,-0.059392357207182875,-0.060030898792289532
1,8,1,-0.059865614563458514,-0.060507679475088061
2,1,0,0.0010329192336703263,-0.0009524330011875734
2,1,0.01,0.0012234817591971251,-0.0012377220659555244
2,1,0.02,0.0014322816724574861,-0.0015697561441580712
2,1,0.029999999999999999,0.0016595967697557437,-0.0019503821359430761
2,1,0.040000000000000001,0.001905584238548816,-0.002380755464631846
2,1,0.050000000000000003,0.0021704502077142182,-0.0028618867524278137
2,1,0.059999999999999998,0.0024542255365420599,-0.0033939708480574316
2,1,0.070000000000000007,0.0027568842165580911,-0.0039768066512545271
2,1,0.080000000000000002,0.0030783950726826735,-0.0046099550967543482
2,1,0.089999999999999997,0.0034185878918446006,-0.0052923954042713465
2,1,0.10000000000000001,0.0037773138120331898,-0.0060228431585918219
2,1,0.11,0.0041541894820131481,-0.0067992421671796656
2,1,0.12,0.0045489261124264336,-0.0076196418608848408
2,1,0.13,0.0049610237134428943,-0.0084814483585720583
2,1,0.14000000000000001,0.005389988345243471,-0.009381925397871662
2,1,0.14999999999999999,0.0058352073116492154,-0.010318019128565796
2,1,0.16,0.0062960065937926789,-0.011286539937664436
2,1,0.17000000000000001,0.0067716432041960975,-0.012284062427825692
2,1,0.17999999999999999,0.0072612811106412579,-0.013306981713367468
2,1,0.19,0.0077641157540106736,-0.014351669054482607
2,1,0.20000000000000001,0.0082791774148530482,-0.015414402058745003
2,1,0.20999999999999999,0.008805531843777829,-0.016491411331319986
2,1,0.22,0.0093421208207039794,-0.01757894345583294
2,1,0.23000000000000001,0.0098879543629890529,-0.018673321686768433
2,1,0.23999999999999999,0.010441965947873522,-0.019770973014956381
2,1,0.25,0.01100304503025808,-0.020868403599653442
2,1,0.26000000000000001,0.011570079754697461,-0.02196231361525788
2,1,0.27000000000000002,0.012141941537481004,-0.023049602043331674
2,1,0.28000000000000003,0.01271751313330239,-0.024127278588184541
2,1,0.28999999999999998,0.013295617178877705,-0.025192734874918288
2,1,0.29999999999999999,0.013875109456758187,-0.026243483687406879
2,1,0.31,0.014454812092452338,-0.02727743443236649
2,1,0.32000000000000001,0.015033565050090739,-0.028292550285172427
2,1,0.33000000000000002,0.015610199362766777,-0.029287279435509059
2,1,0.34000000000000002,0.016183532046219664,-0.030260295826092267
2,1,0.34999999999999998,0.016752381170972806,-0.0312105718863054
2,1,0.35999999999999999,0.017315563796815273,-0.032137324905837469
2,1,0.37,0.017871901984953805,-0.033040072654271203
2,1,0.38,0.018420213340641645,-0.033918695079650174
2,1,0.39000000000000001,0.018959288252885481,-0.034773215326423378
2,1,0.40000000000000002,0.019487956686623193,-0.035604068482297732
2,1,0.40999999999999998,0.020005013169519203,-0.036411799300787917
2,1,0.41999999999999998,0.020509278402924033,-0.037197283193218279
2,1,0.42999999999999999,0.020999539776045684,-0.037961528830736675
2,1,0.44,0.021474656412994855,-0.038705868184709002
2,1,0.45000000000000001,0.021933457446122094,-0.039431758073653414
2,1,0.46000000000000002,0.02237477151302637,-0.040140797218380209
2,1,0.46999999999999997,0.022797439861455222,-0.040834699307084978
2,1,0.47999999999999998,0.023200379795798115,-0.041515408478949023
2,1,0.48999999999999999,0.023582559795767937,-0.042184912639550307
2,1,0.5,0.02394288354457675,-0.042845271935965518
2,1,0.51000000000000001,0.024280292236259854,-0.043498518428525666
2,1,0.52000000000000002,0.02459388335110314,-0.044146907536227346
2,1,0.53000000000000003,0.024882826550658831,-0.044792567317222962
2,1,0.54000000000000004,0.02514622791435963,-0.045437675826478674
2,1,0.55000000000000004,0.025383276896647256,-0.046084334635591827
2,1,0.56000000000000005,0.025593282317473428,-0.046734679620485109
2,1,0.56999999999999995,0.025775644110620249,-0.047390740411116711
2,1,0.57999999999999996,0.025929828925257532,-0.048054431603120479
2,1,0.58999999999999997,0.026055285664179174,-0.048727671397922091
2,1,0.59999999999999998,0.026151651474932085,-0.049412181908850487
2,1,0.60999999999999999,0.026218580628527201,-0.050109685150506601
2,1,0.62,0.026255951426516821,-0.050821573773043853
2,1,0.63,0.026263535571962364,-0.0515493221992981
2,1,0.64000000000000001,0.026241331853780678,-0.052294111855298933
2,1,0.65000000000000002,0.026189306993063145,-0.053057087000400682
2,1,0.66000000000000003,0.026107624191358182,-0.053839139935710836
2,1,0.67000000000000004,0.025996492284163959,-0.054641031486699437
2,1,0.68000000000000005,0.025856151148982126,-0.055463415506242973
2,1,0.68999999999999995,0.025686943608009216,-0.056306749373668336
2,1,0.69999999999999996,0.025489225105185073,-0.057171421250772861
2,1,0.70999999999999996,0.02526360581263528,-0.058057471573809021
2,1,0.71999999999999997,0.025010529935908736,-0.058965016843439702
2,1,0.72999999999999998,0.024730642976246702,-0.05989389381220158
2,1,0.73999999999999999,0.024424452231401318,-0.060843996320741126
2,1,0.75,0.024092760127424645,-0.061814866326455026
2,1,0.76000000000000001,0.023736269111585197,-0.062806064308028736
2,1,0.77000000000000002,0.023355707622019495,-0.063817062059516511
2,1,0.78000000000000003,0.022951793607980327,-0.064847301759492909
2,1,0.79000000000000004,0.022525331143160403,-0.065896059606382895
2,1,0.80000000000000004,0.02207720445451497,-0.066962542020731361
2,1,0.81000000000000005,0.021608130928177101,-0.068046015778169572
2,1,0.81999999999999995,0.021118971742920607,-0.069145670391662625
2,1,0.82999999999999996,0.020610471764734933,-0.070260715094005832
2,1,0.83999999999999997,0.020083512405561312,-0.071390279287286126
2,1,0.84999999999999998,0.019538856584628422,-0.072533567659060258
2,1,0.85999999999999999,0.018977288851823072,-0.073689798846381493
2,1,0.87,0.018399577006299239,-0.074858243364618188
2,1,0.88,0.017806463891484468,-0.076038184451926852
2,1,0.89000000000000001,0.017198699015370536,-0.07722898650387354
2,1,0.90000000000000002,0.016576948831487963,-0.078430058786679857
2,1,0.91000000000000003,0.015941948212517439,-0.079640918551798293
2,1,0.92000000000000004,0.01529429613354428,-0.080861161775945795
2,1,0.93000000000000005,0.014634653553655799,-0.08209045737646499
2,1,0.93999999999999995,0.013963620006341319,-0.0833285463304205
2,1,0.94999999999999996,0.013281802484192596,-0.084575294190114614
2,1,0.95999999999999996,0.012589751825789924,-0.085830678799407867
2,1,0.96999999999999997,0.011887975192230405,-0.0870947686173425
2,1,0.97999999999999998,0.011177037219553059,-0.088367698409432996
2,1,0.98999999999999999,0.010457436391054949,-0.089649704669736485
2,1,1,0.0097296805281096577,-0.090941153737474634
2,2,0,0.0011847079602722993,0.00095283029024549604
2,2,0.01,0.0014435494527524637,0.0010926009764211063
2,2,0.02,0.0017346188198843716,0.0012358903572768283
2,2,0.029999999999999999,0.0020591260619420688,0.0013807214402835695
2,2,0.040000000000000001,0.0024180476618968147,0.001525070145764601
2,2,0.050000000000000003,0.002812066691292886,0.0016669409633892178
2,2,0.059999999999999998,0.0032421039748135312,0.0018042564736574637
2,2,0.070000000000000007,0.0037082591269134461,0.0019351096558005306
2,2,0.080000000000000002,0.0042112510919788152,0.0020574642385603895
2,2,0.089999999999999997,0.0047510946443770317,0.0021694488477513835
2,2,0.10000000000000001,0.0053278913774224331,0.0022692330857674182
2,2,0.11,0.0059418571617910502,0.0023548766912847097
2,2,0.12,0.0065923816766314232,0.0024248483603543569
2,2,0.13,0.007279308380826667,0.0024774169469139132
2,2,0.14000000000000001,0.008002117897281542,0.0025110714007769565
2,2,0.14999999999999999,0.0087602400139659628,0.0025243621588113803
2,2,0.16,0.0095529366136637272,0.0025159022110701514
2,2,0.17000000000000001,0.010379024059190408,0.0024847079513459483
2,2,0.17999999999999999,0.011237841411244391,0.0024294324781530905
2,2,0.19,0.012128171989223235,0.0023491953740802864
2,2,0.20000000000000001,0.013048638365216792,0.002243254158842814
2,2,0.20999999999999999,0.013998117809575833,0.0021107194508448029
2,2,0.22,0.014975011629105577,0.0019511913786520606
2,2,0.23000000000000001,0.015977967281676202,0.0017640403343565398
2,2,0.23999999999999999,0.017005388690514232,0.0015490147332910494
2,2,0.25,0.018055631441915503,0.0013058819442380454
2,2,0.26000000000000001,0.019127097331134456,0.0010344874746736781
2,2,0.27000000000000002,0.020217909874808683,0.00073506927429926644
2,2,0.28000000000000003,0.021326552985615463,0.00040744519233581344
2,2,0.28999999999999998,0.022451191328074299,5.1991288681179043e-05
2,2,0.29999999999999999,0.023589956005002514,-0.00033086374342178771
2,2,0.31,0.02474120227987503,-0.00074081483844479819
2,2,0.32000000000000001,0.025903102039546988,-0.0011773146306068804
2,2,0.33000000000000002,0.027073971181391283,-0.0016398916550988767
2,2,0.34000000000000002,0.028252024843964184,-0.0021277117364661663
2,2,0.34999999999999998,0.029435512962780887,-0.0026401051892144096
2,2,0.35999999999999999,0.030622864213370071,-0.003176405619530752
2,2,0.37,0.031812388164237211,-0.0037356939143387176
2,2,0.38,0.033002511970726255,-0.0043171813354353078
2,2,0.39000000000000001,0.034191675769274441,-0.0049199806800632054
2,2,0.40000000000000002,0.035378330577975854,-0.0055430716258392035
2,2,0.40999999999999998,0.036561138082704593,-0.0061856583226768385
2,2,0.41999999999999998,0.037738616165330988,-0.0068468388739804679
2,2,0.42999999999999999,0.038909434953748635,-0.0075256083155275924
2,2,0.44,0.0400723585181052,-0.0082210026876844387
2,2,0.45000000000000001,0.041226088910864461,-0.0089320611795738157
2,2,0.46000000000000002,0.042369466831487165,-0.0096581079397098785
2,2,0.46999999999999997,0.043501375777414919,-0.010398061192456561
2,2,0.47999999999999998,0.044620782049926734,-0.011151066016545955
2,2,0.48999999999999999,0.045726612075001651,-0.011916320225126465
2,2,0.5,0.04681790965118502,-0.012692926626210799
2,2,0.51000000000000001,0.047893781396767247,-0.013480314574893688
2,2,0.52000000000000002,0.048953326045953691,-0.014277512350415938
2,2,0.53000000000000003,0.049995699314525063,-0.015083876936443828
2,2,0.54000000000000004,0.051020189659340742,-0.015898699308590458
2,2,0.55000000000000004,0.052026034782321859,-0.016721326974730586
2,2,0.56000000000000005,0.053012424572270393,-0.0175512702591386
2,2,0.56999999999999995,0.053978789935057614,-0.01838778655394354
2,2,0.57999999999999996,0.054924576531837431,-0.019230393180146556
2,2,0.58999999999999997,0.055849115769491378,-0.020078584144974002
2,2,0.59999999999999998,0.056751787643609171,-0.020931914304411794
2,2,0.60999999999999999,0.057632180264975741,-0.021789952322251178
2,2,0.62,0.058489806621727813,-0.022652207128982384
2,2,0.63,0.059324162073564432,-0.023518340394973362
2,2,0.64000000000000001,0.060134832291676987,-0.024388008585982994
2,2,0.65000000000000002,0.060921480076456473,-0.025260866692714226
2,2,0.66000000000000003,0.061683676945608903,-0.026136620866262873
2,2,0.67000000000000004,0.062421117816229235,-0.027014931219032992
2,2,0.68000000000000005,0.063133621931043868,-0.027895557578713759
2,2,0.68999999999999995,0.063820741692151198,-0.028778267142998235
2,2,0.69999999999999996,0.064482328951082857,-0.029662761049720335
2,2,0.70999999999999996,0.065118197897161723,-0.030548854675211949
2,2,0.71999999999999997,0.065728240533288879,-0.03143629970240943
2,2,0.72999999999999998,0.066312285308420219,-0.032324885742427693
2,2,0.73999999999999999,0.066870085143016511,-0.033214420430191877
2,2,0.75,0.06740186736451638,-0.034104684163156609
2,2,0.76000000000000001,0.067907440528875873,-0.034995507174618301
2,2,0.77000000000000002,0.068386856187836811,-0.035886661819363355
2,2,0.78000000000000003,0.068840195684458538,-0.036777973751891513
2,2,0.79000000000000004,0.069267452642093774,-0.037669271965458079
2,2,0.80000000000000004,0.069668953101362355,-0.038560329879336747
2,2,0.81000000000000005,0.070044699458191736,-0.039450995266789746
2,2,0.81999999999999995,0.070395037328272597,-0.040341072386820734
2,2,0.82999999999999996,0.070720137295005508,-0.04123035323764155
2,2,0.83999999999999997,0.071020215392015446,-0.042118669677954024
2,2,0.84999999999999998,0.071295862656228448,-0.043005834246393863
2,2,0.85999999999999999,0.071547217595930773,-0.043891681793788898
2,2,0.87,0.071774742678144071,-0.044775975137670718
2,2,0.88,0.071978899604086363,-0.04565855744341285
2,2,0.89000000000000001,0.072160108620608371,-0.046539278787395361
2,2,0.90000000000000002,0.072319034403219962,-0.047417940721475031
2,2,0.91000000000000003,0.072455953374419513,-0.048294368473094804
2,2,0.92000000000000004,0.072571560859253217,-0.049168365592392585
2,2,0.93000000000000005,0.072666461591554543,-0.050039789808483379
2,2,0.93999999999999995,0.072741179198929251,-0.050908447320366798
2,2,0.94999999999999996,0.07279651118420602,-0.05177418179790394
2,2,0.95999999999999996,0.072832834970300908,-0.052636803032029347
2,2,0.96999999999999997,0.072850999310908091,-0.053496134102186149
2,2,0.97999999999999998,0.072851618210268532,-0.054352020684749237
2,2,0.98999999999999999,0.072835373452824093,-0.055204309214940295
2,2,1,0.072803042305516361,-0.056052842696564319
2,3,0,0.0012402378985540002,-0.0011529842089370926
2,3,0.01,0.0014593307182087741,-0.0012419311543060167
2,3,0.02,0.0016989591107675669,-0.0013324643653310035
2,3,0.029999999999999999,0.001959527471892355,-0.0014245841890750781
2,3,0.040000000000000001,0.0022411046679857061,-0.0015181832239252624
2,3,0.050000000000000003,0.0025439229615408718,-0.0016132685769404851
2,3,0.059999999999999998,0.0028679330149269707,-0.0017097737285049091
2,3,0.070000000000000007,0.0032132063930737668,-0.0018077130662895627
2,3,0.080000000000000002,0.0035796289874099312,-0.0019070752690993767
2,3,0.089999999999999997,0.0039670919413632537,-0.0020078650939602343
2,3,0.10000000000000001,0.0043753465532312356,-0.0021100768944997935
2,3,0.11,0.0048042263769110154,-0.0022137156719318042
2,3,0.12,0.0052533743409471124,-0.0023188270505563146
2,3,0.13,0.0057224669237471992,-0.0024254445523970696
2,3,0.14000000000000001,0.0062111280508253932,-0.0025336026270328491
2,3,0.14999999999999999,0.0067189630426424223,-0.0026433533466261533
2,3,0.16,0.0072455314531099475,-0.0027547275397761168
2,3,0.17000000000000001,0.0077903163792226405,-0.0028677587067857139
2,3,0.17999999999999999,0.0083528655783569241,-0.0029824852936989189
2,3,0.19,0.0089326098636783799,-0.003098946875949902
2,3,0.20000000000000001,0.0095290808992167519,-0.0032171711490380436
2,3,0.20999999999999999,0.010141709032208117,-0.0033371969051993666
2,3,0.22,0.010769992775267644,-0.0034590433496201529
2,3,0.23000000000000001,0.01141328009012953,-0.0035827403251278448
2,3,0.23999999999999999,0.012071097254266149,-0.0037082624110755242
2,3,0.25,0.012742784533414427,-0.003835637915186511
2,3,0.26000000000000001,0.013427906293771833,-0.0039648126987761288
2,3,0.27000000000000002,0.01412581173913343,-0.0040958045695915837
2,3,0.28000000000000003,0.014836073425660458,-0.0042285303893102788
2,3,0.28999999999999998,0.01555809915317998,-0.0043629842132167848
2,3,0.29999999999999999,0.016291474914952427,-0.0044990550206160081
2,3,0.31,0.017035662459583812,-0.0046367215227151072
2,3,0.32000000000000001,0.017790241607171776,-0.0047758337838830992
2,3,0.33000000000000002,0.018554729290534075,-0.0049163172319148588
2,3,0.34000000000000002,0.019328761685746071,-0.0050580148062084685
2,3,0.34999999999999998,0.020111924874533255,-0.0052008122201955068
2,3,0.35999999999999999,0.020903897784827357,-0.0053445300973153356
2,3,0.37,0.021704348039761109,-0.0054890058892550758
2,3,0.38,0.022512975067199618,-0.0056340510278235882
2,3,0.39000000000000001,0.02332951472898968,-0.0057794647088961672
2,3,0.40000000000000002,0.024153724262511968,-0.005925041961271485
2,3,0.40999999999999998,0.024985430766334631,-0.0060705698388096594
2,3,0.41999999999999998,0.025824418087215081,-0.0062158053790391582
2,3,0.42999999999999999,0.026670580297137689,-0.0063604558700901485
2,3,0.44,0.027523770587123374,-0.0065042925900134245
2,3,0.45000000000000001,0.028383941018826749,-0.0066469987692853831
2,3,0.46000000000000002,0.029250967064864949,-0.0067883668262619821
2,3,0.46999999999999997,0.030124891027506831,-0.0069280246623832191
2,3,0.47999999999999998,0.031005617548033985,-0.0070657762885996643
2,3,0.48999999999999999,0.031893259749871519,-0.0072012132903838859
2,3,0.5,0.032787743714216139,-0.0073341577499026547
2,3,0.51000000000000001,0.033689271185661777,-0.0074641787354524872
2,3,0.52000000000000002,0.034597768951362601,-0.0075910989016894862
2,3,0.53000000000000003,0.035513445933325713,-0.0077144864491623969
2,3,0.54000000000000004,0.036436298702403044,-0.0078341591062924872
2,3,0.55000000000000004,0.037366545710002599,-0.00794971272962928
2,3,0.56000000000000005,0.038304224002470078,-0.0080609523450954346
2,3,0.56999999999999995,0.039249551354811466,-0.0081675089029574297
2,3,0.57999999999999996,0.04020261754062758,-0.0082691495297263964
2,3,0.58999999999999997,0.041163614002409345,-0.0083655712992614546
2,3,0.59999999999999998,0.042132635845891997,-0.0084565731140098452
2,3,0.60999999999999999,0.043109872939728122,-0.0085418977308072026
2,3,0.62,0.044095439293979466,-0.008621316595557588
2,3,0.63,0.045089487587323271,-0.0086946039388516132
2,3,0.64000000000000001,0.04609215147554506,-0.0087615625222824921
2,3,0.65000000000000002,0.047103558736230941,-0.0088219987080708964
2,3,0.66000000000000003,0.04812384180671056,-0.0088757430411776778
2,3,0.67000000000000004,0.049153054266995483,-0.00892269747647189
2,3,0.68000000000000005,0.050191341641600398,-0.0089626943813807172
2,3,0.68999999999999995,0.051238706095860315,-0.0089956872226249988
2,3,0.69999999999999996,0.052295291540124675,-0.0090215303108113817
2,3,0.70999999999999996,0.053361035088903289,-0.0090402560242756301
2,3,0.71999999999999997,0.054436089038866875,-0.0090517072460391413
2,3,0.72999999999999998,0.055520318601691099,-0.009055965894357627
2,3,0.73999999999999999,0.056613841836356649,-0.009052957469630845
2,3,0.75,0.057716455661061067,-0.0090428164725351971
2,3,0.76000000000000001,0.05882827545132413,-0.0090254890927061841
2,3,0.77000000000000002,0.059949039945232582,-0.009001156225284003
2,3,0.78000000000000003,0.061078805167184128,-0.0089698260058517342
2,3,0.79000000000000004,0.062217305106600673,-0.0089316880092369828
2,3,0.80000000000000004,0.063364523035244466,-0.0088868164184008787
2,3,0.81000000000000005,0.064520165064151674,-0.0088354420351839831
2,3,0.81999999999999995,0.065684132462758893,-0.0087777058121507965
2,3,0.82999999999999996,0.066856126635272684,-0.0087138490340065173
2,3,0.83999999999999997,0.068035984277483308,-0.0086440671427450103
2,3,0.84999999999999998,0.069223397791383701,-0.0085686233486997939
2,3,0.85999999999999999,0.070418141323432243,-0.008487760592412779
2,3,0.87,0.071619905642563486,-0.0084017609428412646
2,3,0.88,0.072828389348949529,-0.0083109244856632257
2,3,0.89000000000000001,0.074043274870991521,-0.0082155584633060649
2,3,0.90000000000000002,0.075264221133047454,-0.00811598347671438
2,3,0.91000000000000003,0.076490910953450397,-0.008012527235935268
2,3,0.92000000000000004,0.077722960572248992,-0.0079055342067050494
2,3,0.93000000000000005,0.07896005730692135,-0.0077953521839211042
2,3,0.93999999999999995,0.0802017906810676,-0.0076823382994930817
2,3,0.94999999999999996,0.081447844657408008,-0.0075668675192972368
2,3,0.95999999999999996,0.082697780943366772,-0.0074493080349110011
2,3,0.96999999999999997,0.083951299737034579,-0.0073300516333639357
2,3,0.97999999999999998,0.085207951700963638,-0.0072094655109115847
2,3,0.98999999999999999,0.086467448573919165,-0.0070879610669628531
2,3,1,0.087729341776817016,-0.006965895201371336
2,4,0,0.00068463316707505217,0.00066738718560339916
2,4,0.01,0.00084320657315203103,0.00085205931550698041
2,4,0.02,0.0010206404717220628,0.001063507871181109
2,4,0.029999999999999999,0.0012173644165770223,0.0013027441797521253
2,4,0.040000000000000001,0.0014334662166360891,0.001570378070520748
2,4,0.050000000000000003,0.0016691400486306435,0.0018670978150372309
2,4,0.059999999999999998,0.001924417496605633,0.0021933773476764079
2,4,0.070000000000000007,0.0021992615777731879,0.0025495667596116649
2,4,0.080000000000000002,0.0024936616876367369,0.0029359913512524496
2,4,0.089999999999999997,0.0028073644775485681,0.0033526457087186983
2,4,0.10000000000000001,0.0031403297420324549,0.0037997009558584038
2,4,0.11,0.0034921477332947523,0.0042768649987419277
2,4,0.12,0.003862670349777852,0.0047840337153073759
2,4,0.13,0.0042513926983892576,0.0053206458042981183
2,4,0.14000000000000001,0.0046580302676120129,0.0058863192700310974
2,4,0.14999999999999999,0.0050820852618909118,0.0064803553700411741
2,4,0.16,0.0055231112218412787,0.0071020414143943495
2,4,0.17000000000000001,0.0059806279655248238,0.007750554209748157
2,4,0.17999999999999999,0.0064540490021066082,0.0084248760453191109
2,4,0.19,0.0069429202727088217,0.0091240745383029797
2,4,0.20000000000000001,0.0074465390843158705,0.0098468597969104173
2,4,0.20999999999999999,0.0079645091768778247,0.010592259721471903
2,4,0.22,0.0084960434109163496,0.01135873372864778
2,4,0.23000000000000001,0.0090406556956126247,0.012145062937122012
2,4,0.23999999999999999,0.0095976501282030377,0.012949726835521393
2,4,0.25,0.010166461414284615,0.013771310295890913
2,4,0.26000000000000001,0.01074646048138617,0.014608277683158952
2,4,0.27000000000000002,0.011337027059524479,0.015459063445718353
2,4,0.28000000000000003,0.011937598778269581,0.016322137601828334
2,4,0.28999999999999998,0.012547524464997354,0.017195832131084936
2,4,0.29999999999999999,0.013166305435110413,0.01807864237545144
2,4,0.31,0.013793305364334395,0.018968874119225047
2,4,0.32000000000000001,0.014428041364366862,0.019865010576453325
2,4,0.33000000000000002,0.015069920140710843,0.020765390537774875
2,4,0.34000000000000002,0.015718473239291229,0.021668511650228702
2,4,0.34999999999999998,0.016373187999678657,0.02257281866398396
2,4,0.35999999999999999,0.017033604204975194,0.023476835561760574
2,4,0.37,0.017699278436781173,0.024379126308616852
2,4,0.38,0.018369775977619018,0.025278284397554824
2,4,0.39000000000000001,0.01904470910602632,0.026173003290377788
2,4,0.40000000000000002,0.019723683931006212,0.027061985696162028
2,4,0.40999999999999998,0.020406365500243578,0.027944055820477157
2,4,0.41999999999999998,0.021092399403266501,0.02881806376239468
2,4,0.42999999999999999,0.021781468349789258,0.029682973595206805
2,4,0.44,0.022473281768957069,0.030537812320504724
2,4,0.45000000000000001,0.023167557968974472,0.031381697012372568
2,4,0.46000000000000002,0.023864039266939637,0.032213828892077273
2,4,0.46999999999999997,0.024562489044488746,0.03303350155033849
2,4,0.47999999999999998,0.025262664617932671,0.033840083959798831
2,4,0.48999999999999999,0.025964382178137305,0.034633063851740906
2,4,0.5,0.026667396954258411,0.035411968075577012
2,4,0.51000000000000001,0.027371583057111418,0.036176466704057046
2,4,0.52000000000000002,0.028076694474851168,0.036926265671308633
2,4,0.53000000000000003,0.028782618605594237,0.037661230177972835
2,4,0.54000000000000004,0.029489151120143151,0.038381232736673571
2,4,0.55000000000000004,0.030196164274004338,0.039086282352765331
2,4,0.56000000000000005,0.030903499977974955,0.039776438023309442
2,4,0.56999999999999995,0.031611002065679475,0.040451830867322312
2,4,0.57999999999999996,0.032318562734219243,0.041112700641488961
2,4,0.58999999999999997,0.033025986677507557,0.041759277419964436
2,4,0.59999999999999998,0.033733219332416006,0.042391971266581986
2,4,0.60999999999999999,0.034440030682918073,0.043011058359679277
2,4,0.62,0.035146384073656077,0.043617112805642962
2,4,0.63,0.035852059955141728,0.04421055653501621
2,4,0.64000000000000001,0.03655698850035824,0.044791982725763325
2,4,0.65000000000000002,0.037260999477430001,0.045361932537509843
2,4,0.66000000000000003,0.037963973702435268,0.045921021919979842
2,4,0.67000000000000004,0.038665792882717487,0.046469892328639142
2,4,0.68000000000000005,0.039366287169647615,0.047009158040602343
2,4,0.68999999999999995,0.040065391937528526,0.047539540198850171
2,4,0.69999999999999996,0.040762887856153902,0.048061629062633719
2,4,0.70999999999999996,0.041458757794389359,0.048576183344061628
2,4,0.71999999999999997,0.042152768931799457,0.049083795395770652
2,4,0.72999999999999998,0.042844889761990856,0.049585212414554734
2,4,0.73999999999999999,0.043534939740979467,0.050081033224485288
2,4,0.75,0.044222843985738593,0.050571932023354194
2,4,0.76000000000000001,0.044908486917945967,0.051058520200745708
2,4,0.77000000000000002,0.045591764996311679,0.051541389173689861
2,4,0.78000000000000003,0.046272626937689826,0.052021144717569814
2,4,0.79000000000000004,0.04695093711003348,0.052498280561782032
2,4,0.80000000000000004,0.047626701345122952,0.052973377550610747
2,4,0.81000000000000005,0.048299771051201562,0.053446824027434732
2,4,0.81999999999999995,0.048970175254288456,0.053919147538360371
2,4,0.82999999999999996,0.049637797832921486,0.054390683662240182
2,4,0.83999999999999997,0.050302654787805191,0.054861835258945904
2,4,0.84999999999999998,0.050964694081321038,0.05533289391410709
2,4,0.85999999999999999,0.051623914357358774,0.055804143517799901
2,4,0.87,0.052280325897345284,0.056275824194497101
2,4,0.88,0.052933925031463797,0.056748109217878401
2,4,0.89000000000000001,0.053584786550532851,0.057221184390580097
2,4,0.90000000000000002,0.05423290266357382,0.057695116246090826
2,4,0.91000000000000003,0.054878395656041828,0.058170030608689735
2,4,0.92000000000000004,0.055521272761313835,0.058645905202424402
2,4,0.93000000000000005,0.056161662948455142,0.059122769808503048
2,4,0.93999999999999995,0.056799624429811506,0.059600555139297115
2,4,0.94999999999999996,0.057435278541472963,0.060079197354326083
2,4,0.95999999999999996,0.058068730750202843,0.060558581258551354
2,4,0.96999999999999997,0.058700097397479972,0.061038563802334855
2,4,0.97999999999999998,0.059329524123389848,0.06151898770896766
2,4,0.98999999999999999,0.059957123615889132,0.061999645809590921
2,4,1,0.060583074314413184,0.062480344148578212
2,5,0,-0.0019915481198298501,-0.00046962141080783559
2,5,0.01,-0.0022384994629600016,-0.00043302828667711706
2,5,0.02,-0.0024986514254740776,-0.0003782943702541883
2,5,0.029999999999999999,-0.0027715418289398614,-0.00030347312046293445
2,5,0.040000000000000001,-0.0030565390311564165,-0.00020687661351138611
2,5,0.050000000000000003,-0.0033530898361718965,-8.6792028768269483e-05
2,5,0.059999999999999998,-0.0036606029904530492,5.8353595079095594e-05
2,5,0.070000000000000007,-0.0039784145686662109,0.00022981943774518789
2,5,0.080000000000000002,-0.0043060227935336507,0.00042927252492199939
2,5,0.089999999999999997,-0.0046427597101138659,0.00065776074292601288
2,5,0.10000000000000001,-0.0049880747910250956,0.0009166180604175888
2,5,0.11,-0.0053413170610673005,0.0012067348370011963
2,5,0.12,-0.0057019073249167905,0.0015291217434621708
2,5,0.13,-0.0060692724640777334,0.0018847782016444283
2,5,0.14000000000000001,-0.00644277307117537,0.0022741604649299928
2,5,0.14999999999999999,-0.0068218462948556602,0.0026981324507393254
2,5,0.16,-0.007205900102310832,0.0031570781370822997
2,5,0.17000000000000001,-0.0075943520960215288,0.0036515872139958484
2,5,0.17999999999999999,-0.0079865980742358927,0.0041817713189422276
2,5,0.19,-0.0083820580102666048,0.0047479278593409628
2,5,0.20000000000000001,-0.0087801555059646812,0.0053502758597624538
2,5,0.20999999999999999,-0.009180287607815002,0.0059885976281385291
2,5,0.22,-0.0095818599120837261,0.0066628469342904523
2,5,0.23000000000000001,-0.009984284630672937,0.0073727253207280926
2,5,0.23999999999999999,-0.010386980781570245,0.0081180961439196436
2,5,0.25,-0.010789334735564197,0.0088983878629631235
2,5,0.26000000000000001,-0.011190757954823853,0.0097131731412285101
2,5,0.27000000000000002,-0.011590638873164145,0.010561781848788138
2,5,0.28000000000000003,-0.011988380078440795,0.01144371968317048
2,5,0.28999999999999998,-0.012383370904329895,0.012358030163915377
2,5,0.29999999999999999,-0.012774992191611337,0.01330393659507377
2,5,0.31,-0.013162656450219801,0.014280464693214392
2,5,0.32000000000000001,-0.013545696591869223,0.015286775086750483
2,5,0.33000000000000002,-0.013923553360641109,0.016321722996018282
2,5,0.34000000000000002,-0.014295591495889867,0.017384153451465698
2,5,0.34999999999999998,-0.014661189229068314,0.018473081785289738
2,5,0.35999999999999999,-0.015019754174050371,0.019587135188560451
2,5,0.37,-0.015370630698948786,0.020725236709539366
2,5,0.38,-0.015713289833340322,0.021885916975119584
2,5,0.39000000000000001,-0.016047027684902709,0.023068012989686571
2,5,0.40000000000000002,-0.016371318578711894,0.024270088561841735
2,5,0.40999999999999998,-0.016685568754518373,0.025490725383452796
2,5,0.41999999999999998,-0.016989172622206245,0.026728648237534666
2,5,0.42999999999999999,-0.017281599785151709,0.027982300988434981
2,5,0.44,-0.01756218921049137,0.029250444046871195
2,5,0.45000000000000001,-0.017830545793389288,0.030531472641696394
2,5,0.46000000000000002,-0.018086015388775672,0.031824100426772008
2,5,0.46999999999999997,-0.018328103657929785,0.033126849460946795
2,5,0.47999999999999998,-0.018556357857846238,0.034438290631236004
2,5,0.48999999999999999,-0.018770256681313487,0.035757077743570093
2,5,0.5,-0.018969474758854375,0.037081744028943597
2,5,0.51000000000000001,-0.019153308154749752,0.038411037691014144
2,5,0.52000000000000002,-0.019321624877746441,0.039743519837123917
2,5,0.53000000000000003,-0.019473910813105875,0.041077940365734901
2,5,0.54000000000000004,-0.019609864712420304,0.042412993831520307
2,5,0.55000000000000004,-0.019729105278656962,0.043747413512378229
2,5,0.56000000000000005,-0.019831310631927137,0.04508000868095513
2,5,0.56999999999999995,-0.019916378417123182,0.046409595120521618
2,5,0.57999999999999996,-0.019983878413780312,0.047735021103135371
2,5,0.58999999999999997,-0.020033767035336596,0.049055179802825977
2,5,0.59999999999999998,-0.020065837139320936,0.050369006598671696
2,5,0.60999999999999999,-0.020080027813792933,0.05167551193671012
2,5,0.62,-0.020076249745672018,0.052973696963223779
2,5,0.63,-0.020054336950983399,0.054262622316623453
2,5,0.64000000000000001,-0.020014444568909533,0.055541458558255805
2,5,0.65000000000000002,-0.019956438150902818,0.056809325665508142
2,5,0.66000000000000003,-0.019880449251773548,0.058065484522134385
2,5,0.67000000000000004,-0.019786497448932718,0.059309161954926366
2,5,0.68000000000000005,-0.019674738691868001,0.060539735469705341
2,5,0.68999999999999995,-0.019545343718491932,0.061756562146363769
2,5,0.69999999999999996,-0.019398338910921145,0.062958984514367489
2,5,0.70999999999999996,-0.019234064311660484,0.064146536757923867
2,5,0.71999999999999997,-0.019052691638580362,0.065318699828213089
2,5,0.72999999999999998,-0.018854508658061205,0.066475038691963001
2,5,0.73999999999999999,-0.018639742994206791,0.067615059724831839
2,5,0.75,-0.018408775491632029,0.068738471838278442
2,5,0.76000000000000001,-0.018161989168576954,0.0698449703946106
2,5,0.77000000000000002,-0.017899741483924661,0.070934256356170497
2,5,0.78000000000000003,-0.01762242649289663,0.072006051907339108
2,5,0.79000000000000004,-0.01733052436108623,0.073060220938374304
2,5,0.80000000000000004,-0.017024458660344112,0.074096567286378034
2,5,0.81000000000000005,-0.016704755569880665,0.075115007164352973
2,5,0.81999999999999995,-0.016371840083340989,0.076115297171604687
2,5,0.82999999999999996,-0.016026294144613738,0.077097475083824113
2,5,0.83999999999999997,-0.015668689272410347,0.078061503940491189
2,5,0.84999999999999998,-0.01529955131239822,0.079007341238552492
2,5,0.85999999999999999,-0.014919523517427846,0.079935052628866549
2,5,0.87,-0.014529133379346557,0.080844634936987125
2,5,0.88,-0.014129058492600044,0.08173629048803259
2,5,0.89000000000000001,-0.013719847597501347,0.082609949730517052
2,5,0.90000000000000002,-0.013302167183347533,0.083465859446141683
2,5,0.91000000000000003,-0.012876643951859706,0.084304159775026491
2,5,0.92000000000000004,-0.012443844969712152,0.085124962047993441
2,5,0.93000000000000005,-0.012004510321279992,0.085928553770346416
2,5,0.93999999999999995,-0.011559200408425901,0.086715038124397403
2,5,0.94999999999999996,-0.011108612611042191,0.087484836239635932
2,5,0.95999999999999996,-0.010653335180381668,0.0882380766223404
2,5,0.96999999999999997,-0.010194046905189661,0.088975071756829227
2,5,0.97999999999999998,-0.0097313561464417563,0.089696147426591155
2,5,0.98999999999999999,-0.0092658574486935309,0.090401582769389491
2,5,1,-0.0087981898771392203,0.091091821801139145
2,6,0,-0.00052491812851056252,0.0013575401370619702
2,6,0.01,-0.00064570071177443228,0.0016257185075707913
2,6,0.02,-0.00078101860386571467,0.0019240692823770454
2,6,0.029999999999999999,-0.00093110895989914773,0.0022537839915901729
2,6,0.040000000000000001,-0.0010959857876351503,0.0026157312021249509
2,6,0.050000000000000003,-0.0012757478109764061,0.0030109911607941841
2,6,0.059999999999999998,-0.0014702027658748933,0.003440157049936689
2,6,0.070000000000000007,-0.001679178647361018,0.0039039151898764947
2,6,0.080000000000000002,-0.0019024962310394038,0.0044028914884510027
2,6,0.089999999999999997,-0.002139855109387045,0.004937442540103313
2,6,0.10000000000000001,-0.0023909628828825804,0.0055079830948739188
2,6,0.11,-0.0026553382554457463,0.006114440870983541
2,6,0.12,-0.0029327325370445273,0.0067572331661362676
2,6,0.13,-0.003222645962598269,0.0074360983693076161
2,6,0.14000000000000001,-0.0035246692036071535,0.0081508766672011464
2,6,0.14999999999999999,-0.0038382929924121716,0.0089011008917694676
2,6,0.16,-0.0041631072689043936,0.0096863944126823025
2,6,0.17000000000000001,-0.0044986333492658135,0.010506091719518934
2,6,0.17999999999999999,-0.0048444168895830459,0.011359420265577997
2,6,0.19,-0.0052000276615996018,0.01224561162907398
2,6,0.20000000000000001,-0.0055649782136157847,0.013163413073983955
2,6,0.20999999999999999,-0.0059388897615650213,0.014111832269943947
2,6,0.22,-0.0063213576036134428,0.01508945343670302
2,6,0.23000000000000001,-0.0067120385332460524,0.016095027968821125
2,6,0.23999999999999999,-0.0071105281373485228,0.017126889467065285
2,6,0.25,-0.00751651331760873,0.018183444262541794
2,6,0.26000000000000001,-0.0079297810132526857,0.019263039088029146
2,6,0.27000000000000002,-0.0083500680818897003,0.020363835686607736
2,6,0.28000000000000003,-0.0087771163661306256,0.021483880092372232
2,6,0.28999999999999998,-0.0092107408979467415,0.022621147757082322
2,6,0.29999999999999999,-0.0096509023731704436,0.023773818133063222
2,6,0.31,-0.010097462747696871,0.024939680649472541
2,6,0.32000000000000001,-0.010550328107430819,0.026116597113636883
2,6,0.33000000000000002,-0.011009467735510054,0.027302379383955151
2,6,0.34000000000000002,-0.011474985552173803,0.02849499833715587
2,6,0.34999999999999998,-0.01194688597700938,0.029692207803040202
2,6,0.35999999999999999,-0.012425217354571961,0.030891763945148462
2,6,0.37,-0.012910090759255777,0.032091511925040159
2,6,0.38,-0.013401730249233941,0.033289434115680888
2,6,0.39000000000000001,-0.013900236919578916,0.034483333838912972
2,6,0.40000000000000002,-0.014405760218087645,0.03567117467240169
2,6,0.40999999999999998,-0.014918517642722756,0.036850890252134769
2,6,0.41999999999999998,-0.015438769088474916,0.038020627367901266
2,6,0.42999999999999999,-0.015966682159708163,0.03917845585851075
2,6,0.44,-0.016502433122268619,0.040322647031871647
2,6,0.45000000000000001,-0.017046275430678551,0.041451478327636682
2,6,0.46000000000000002,-0.017598414786412126,0.042563363298146195
2,6,0.46999999999999997,-0.01815904134291732,0.04365682719291545
2,6,0.47999999999999998,-0.018728334084017369,0.044730302939948965
2,6,0.48999999999999999,-0.019306494530205626,0.045782674823679231
2,6,0.5,-0.019893630767143893,0.046812604623973048
2,6,0.51000000000000001,-0.020489873176433037,0.047819221067350273
2,6,0.52000000000000002,-0.021095311516427948,0.048801359047849602
2,6,0.53000000000000003,-0.021710050424268372,0.049758328331212562
2,6,0.54000000000000004,-0.022334099194231134,0.050689219762352966
2,6,0.55000000000000004,-0.022967451164863598,0.051593588508663316
2,6,0.56000000000000005,-0.023610089510823353,0.052470901264481458
2,6,0.56999999999999995,-0.024261954374983997,0.053320748970198506
2,6,0.57999999999999996,-0.024922891568930718,0.054142981585337577
2,6,0.58999999999999997,-0.025592796500386757,0.054937282806257696
2,6,0.59999999999999998,-0.026271523543179541,0.055703699770106821
2,6,0.60999999999999999,-0.02695882844606616,0.056442159396544657
2,6,0.62,-0.027654414543787649,0.057153083950102282
2,6,0.63,-0.028358041955684126,0.057836521088692847
2,6,0.64000000000000001,-0.029069448033757585,0.058492855209842501
2,6,0.65000000000000002,-0.029788228481182059,0.059122523733682791
2,6,0.66000000000000003,-0.030514018455600048,0.059726038668336839
2,6,0.67000000000000004,-0.031246446404048972,0.060303999127900527
2,6,0.68000000000000005,-0.031985141017539444,0.060856921550773727
2,6,0.68999999999999995,-0.032729600702733896,0.061385727269561562
2,6,0.69999999999999996,-0.033479403520529853,0.061891032754365707
2,6,0.70999999999999996,-0.034234118879666812,0.062373695701052764
2,6,0.71999999999999997,-0.034993296099598316,0.062834388827850723
2,6,0.72999999999999998,-0.035756410533343989,0.063274240964075731
2,6,0.73999999999999999,-0.036523001538175157,0.063694075165147843
2,6,0.75,-0.037292646902036007,0.064094738917052085
2,6,0.76000000000000001,-0.038064849937628181,0.064477179205980562
2,6,0.77000000000000002,-0.038839122901628373,0.064842403066784723
2,6,0.78000000000000003,-0.039615023173656075,0.065191358287920997
2,6,0.79000000000000004,-0.040392138229926301,0.06552487331884807
2,6,0.80000000000000004,-0.041170018824176542,0.065843954694546514
2,6,0.81000000000000005,-0.041948232456117916,0.066149512487935158
2,6,0.81999999999999995,-0.042726411515272511,0.066442421332875382
2,6,0.82999999999999996,-0.043504154097040462,0.066723515779849946
2,6,0.83999999999999997,-0.044281105866080493,0.066993646844862836
2,6,0.84999999999999998,-0.045056921492816308,0.067253638362039805
2,6,0.85999999999999999,-0.045831305721002219,0.067504170617070536
2,6,0.87,-0.046603945083696197,0.067746043167115397
2,6,0.88,-0.047374558297302582,0.067979921177999558
2,6,0.89000000000000001,-0.048142906402717012,0.068206398990037873
2,6,0.90000000000000002,-0.048908745144040366,0.068426050234509345
2,6,0.91000000000000003,-0.049671888266098183,0.068639477828627046
2,6,0.92000000000000004,-0.050432117358942846,0.068847202103523505
2,6,0.93000000000000005,-0.051189311027004053,0.069049537594064764
2,6,0.93999999999999995,-0.051943288411863117,0.069246967110371122
2,6,0.94999999999999996,-0.052693925616765544,0.069439882831985794
2,6,0.95999999999999996,-0.053441121441951477,0.069628589771489863
2,6,0.96999999999999997,-0.054184784002159432,0.069813240809260171
2,6,0.97999999999999998,-0.054924845552537738,0.0699941423176524
2,6,0.98999999999999999,-0.055661214885050339,0.070171569075408349
2,6,1,-0.056393888163214667,0.070345587011261465
2,7,0,-0.00076484836045673243,0.0012745859381331215
2,7,0.01,-0.00094003049129357029,0.0014753029866200161
2,7,0.02,-0.0011417441053377204,0.0016915211432383811
2,7,0.029999999999999999,-0.001371942882220864,0.0019234014392105155
2,7,0.040000000000000001,-0.0016322174723625547,0.0021709069569051309
2,7,0.050000000000000003,-0.0019239646648994628,0.0024340167271381299
2,7,0.059999999999999998,-0.0022485236459248103,0.0027126388752470539
2,7,0.070000000000000007,-0.0026071095220552556,0.0030066556239175843
2,7,0.080000000000000002,-0.0030008281239963211,0.0033158911701716052
2,7,0.089999999999999997,-0.003430374242872747,0.0036400197064602839
2,7,0.10000000000000001,-0.003896687162145042,0.0039787766390423328
2,7,0.11,-0.0044002788526412645,0.0043317371315498877
2,7,0.12,-0.0049414520184653966,0.0046983894862760219
2,7,0.13,-0.0055206732233561481,0.0050782531079415685
2,7,0.14000000000000001,-0.0061379396590843707,0.0054706672852574811
2,7,0.14999999999999999,-0.0067931203552627842,0.0058749353450124574
2,7,0.16,-0.0074861469539682091,0.0062903204490595607
2,7,0.17000000000000001,-0.0082165033679786406,0.0067159897146291834
2,7,0.17999999999999999,-0.0089838516031386199,0.0071510701414286889
2,7,0.19,-0.0097871972309960479,0.0075945817139955289
2,7,0.20000000000000001,-0.010626236220103934,0.0080456236422546314
2,7,0.20999999999999999,-0.011499523287862296,0.0085030747762393135
2,7,0.22,-0.012406258121476152,0.0089658933054096203
2,7,0.23000000000000001,-0.013345268115498386,0.0094330116395987904
2,7,0.23999999999999999,-0.014315111404915228,0.00990324147467634
2,7,0.25,-0.015314503834484985,0.010375468732433545
2,7,0.26000000000000001,-0.016341962729110291,0.010848538163746022
2,7,0.27000000000000002,-0.017395943854614425,0.011321264972723195
2,7,0.28000000000000003,-0.018474672932877752,0.011792481307609194
2,7,0.28999999999999998,-0.019576681427711705,0.012261031362924059
2,7,0.29999999999999999,-0.020700109859512074,0.012725782338084961
2,7,0.31,-0.021843138442019714,0.013185543917586261
2,7,0.32000000000000001,-0.023004189060000822,0.013639290388235002
2,7,0.33000000000000002,-0.024181283008770343,0.014085838948956191
2,7,0.34000000000000002,-0.025372672888958055,0.014524231554378814
2,7,0.34999999999999998,-0.026576612932841904,0.01495334285370847
2,7,0.35999999999999999,-0.027791290735519336,0.015372300172629687
2,7,0.37,-0.029014989515930581,0.015780052965396051
2,7,0.38,-0.030245984969140188,0.016175805964361387
2,7,0.39000000000000001,-0.031482710548669593,0.016558597709997354
2,7,0.40000000000000002,-0.032723464246592684,0.016927712899454141
2,7,0.40999999999999998,-0.033966773897344239,0.017282328572286329
2,7,0.41999999999999998,-0.035211187369576388,0.017621741267404054
2,7,0.42999999999999999,-0.036455256437825601,0.017945322698484593
2,7,0.44,-0.037697718749535425,0.018252388568297015
2,7,0.45000000000000001,-0.038937328166239807,0.018542437702029391
2,7,0.46000000000000002,-0.040172912606182776,0.018814880876322444
2,7,0.46999999999999997,-0.04140343979552976,0.019069344751877444
2,7,0.47999999999999998,-0.04262788800106164,0.019305279494268579
2,7,0.48999999999999999,-0.043845429239344556,0.019522421982909814
2,7,0.5,-0.045055168914348243,0.019720407574109949
2,7,0.51000000000000001,-0.0462564804848445,0.019898889552031774
2,7,0.52000000000000002,-0.047448632041194677,0.020057698565108563
2,7,0.53000000000000003,-0.048631159908419361,0.020196671219395404
2,7,0.54000000000000004,-0.049803487391114801,0.020315540584784741
2,7,0.55000000000000004,-0.050965295034410364,0.020414333854640587
2,7,0.56000000000000005,-0.052116187156946714,0.020492899400454505
2,7,0.56999999999999995,-0.053255931747194313,0.020551265767721726
2,7,0.57999999999999996,-0.054384279679763399,0.020589379644036659
2,7,0.58999999999999997,-0.055501140639135214,0.020607420217737312
2,7,0.59999999999999998,-0.056606371595598212,0.020605389245782302
2,7,0.60999999999999999,-0.057699919447388177,0.020583437087578618
2,7,0.62,-0.058781856262012086,0.020541852801023785
2,7,0.63,-0.059852098411867991,0.020480683236535704
2,7,0.64000000000000001,-0.060910816506794294,0.020400320935025487
2,7,0.65000000000000002,-0.061958047642665277,0.020301002617555425
2,7,0.66000000000000003,-0.06299397556725024,0.020183099400709437
2,7,0.67000000000000004,-0.064018662991165334,0.020046914472045325
2,7,0.68000000000000005,-0.065032356206565403,0.019892900366016757
2,7,0.68999999999999995,-0.066035216885744749,0.019721543309204923
2,7,0.69999999999999996,-0.067027359901885575,0.019533151591379819
2,7,0.70999999999999996,-0.068009083714887078,0.019328422572649238
2,7,0.71999999999999997,-0.068980566954287045,0.019107815497617552
2,7,0.72999999999999998,-0.069941938513483848,0.018871828118399384
2,7,0.73999999999999999,-0.070893516171611201,0.018621180928100098
2,7,0.75,-0.071835445469929177,0.018356424907429697
2,7,0.76000000000000001,-0.072767907485187633,0.018078183088010156
2,7,0.77000000000000002,-0.073691127115525168,0.017787144751289868
2,7,0.78000000000000003,-0.074605338098918547,0.017484071602794398
2,7,0.79000000000000004,-0.075510643905066607,0.017169537475466727
2,7,0.80000000000000004,-0.07640726284641669,0.016844351153414216
2,7,0.81000000000000005,-0.077295440814953681,0.016509288473104174
2,7,0.81999999999999995,-0.078175185961309429,0.01616496393526274
2,7,0.82999999999999996,-0.079046803382601116,0.015812235714536341
2,7,0.83999999999999997,-0.079910380502968684,0.015451878698065333
2,7,0.84999999999999998,-0.080766076109237986,0.015084571872289036
2,7,0.85999999999999999,-0.081614015582512162,0.014711164171649221
2,7,0.87,-0.082454372645449914,0.014332365063647223
2,7,0.88,-0.083287248779305531,0.013948990485523872
2,7,0.89000000000000001,-0.084112744334578493,0.013561687239207665
2,7,0.90000000000000002,-0.084931042765007569,0.013171324457065214
2,7,0.91000000000000003,-0.085742223654606209,0.012778549515934974
2,7,0.92000000000000004,-0.086546381381265386,0.0123840770852062
2,7,0.93000000000000005,-0.087343687520465119,0.011988664063423062
2,7,0.93999999999999995,-0.088134209928102433,0.011592922492247665
2,7,0.94999999999999996,-0.088918050562028894,0.011197549591875409
2,7,0.95999999999999996,-0.089695351828693148,0.010803154908787044
2,7,0.96999999999999997,-0.090466207603073889,0.010410403345668716
2,7,0.97999999999999998,-0.091230703310254763,0.010019799051583138
2,7,0.98999999999999999,-0.091988956601232449,0.0096319876195984904
2,7,1,-0.092741133217764976,0.0092474611607150023
2,8,0,-0.00029549015158511494,-0.0013092262748886918
2,8,0.01,-0.00037793290852859718,-0.0015569196732516518
2,8,0.02,-0.00047346041725863453,-0.001830229115760255
2,8,0.029999999999999999,-0.00058301086170156656,-0.0021297703836891794
2,8,0.040000000000000001,-0.00070733292518160512,-0.0024557976210924431
2,8,0.050000000000000003,-0.00084736260335626572,-0.0028087921741846529
2,8,0.059999999999999998,-0.0010036268455223647,-0.003188582796846611
2,8,0.070000000000000007,-0.0011768213027138149,-0.0035952128867602576
2,8,0.080000000000000002,-0.0013675906303107143,-0.0040286434265768287
2,8,0.089999999999999997,-0.0015765163879291335,-0.0044886976469293988
2,8,0.10000000000000001,-0.0018039984156301163,-0.0049749793895113217
2,8,0.11,-0.0020505904822501302,-0.0054872781294946858
2,8,0.12,-0.0023166424819341352,-0.00602509429751261
2,8,0.13,-0.0026024702170961197,-0.0065879118151880162
2,8,0.14000000000000001,-0.0029082974208797133,-0.0071751153943460308
2,8,0.14999999999999999,-0.0032344446936224736,-0.007786215972193501
2,8,0.16,-0.003581048211179336,-0.0084205234248908804
2,8,0.17000000000000001,-0.003948103569200204,-0.0090772141446115034
2,8,0.17999999999999999,-0.0043357349611994785,-0.0097556177189044666
2,8,0.19,-0.0047437867568165312,-0.010454818226834516
2,8,0.20000000000000001,-0.0051724071475426348,-0.011174255546291024
2,8,0.20999999999999999,-0.005621241875775426,-0.011912851831429511
2,8,0.22,-0.0060902137303373311,-0.012669847707805189
2,8,0.23000000000000001,-0.0065788655730182419,-0.013444193483803742
2,8,0.23999999999999999,-0.0070871494397512259,-0.014235252433271089
2,8,0.25,-0.0076145893263479675,-0.015041978436406053
2,8,0.26000000000000001,-0.0081607921334557274,-0.01586349871726735
2,8,0.27000000000000002,-0.0087251278675047339,-0.016698769977716528
2,8,0.28000000000000003,-0.0093073585924346152,-0.017547106258142195
2,8,0.28999999999999998,-0.0099067547458976876,-0.018407434497517489
2,8,0.29999999999999999,-0.010522807957522026,-0.019278941541559676
2,8,0.31,-0.011154760905067168,-0.020160643092310214
2,8,0.32000000000000001,-0.011802143884495485,-0.021051777406858325
2,8,0.33000000000000002,-0.012464055638222227,-0.021951348194950468
2,8,0.34000000000000002,-0.013139880816063709,-0.022858577474542799
2,8,0.34999999999999998,-0.013828845199894319,-0.023772592460487178
2,8,0.35999999999999999,-0.014530183759266162,-0.024692577757572186
2,8,0.37,-0.015243016285060525,-0.025617680126892223
2,8,0.38,-0.015966545366545255,-0.026547116325345392
2,8,0.39000000000000001,-0.016700044775291113,-0.027480129858777687
2,8,0.40000000000000002,-0.017442571221927008,-0.028415931078317434
2,8,0.40999999999999998,-0.018193272365786724,-0.029353780289369892
2,8,0.41999999999999998,-0.018951278318890569,-0.030292924383784073
2,8,0.42999999999999999,-0.019715781250204276,-0.031232679300002453
2,8,0.44,-0.020485906387613419,-0.03217233886608404
2,8,0.45000000000000001,-0.021260793697473249,-0.03311124790673646
2,8,0.46000000000000002,-0.022039546133617589,-0.034048704509168914
2,8,0.46999999999999997,-0.022821385375412291,-0.034984105573978269
2,8,0.47999999999999998,-0.023605449828856505,-0.035916815742781286
2,8,0.48999999999999999,-0.024390962521152377,-0.036846239705146257
2,8,0.5,-0.025177072368837441,-0.037771786866762927
2,8,0.51000000000000001,-0.025963045533591616,-0.038692882593135955
2,8,0.52000000000000002,-0.026748092403397868,-0.039608991185647965
2,8,0.53000000000000003,-0.027531501991571866,-0.040519571252005532
2,8,0.54000000000000004,-0.028312572514875456,-0.041424126124097252
2,8,0.55000000000000004,-0.029090611906394649,-0.042322129079389266
2,8,0.56000000000000005,-0.029864939138234854,-0.04321311601398152
2,8,0.56999999999999995,-0.030634970935326661,-0.044096663282182341
2,8,0.57999999999999996,-0.031400131411611451,-0.044972297348913698
2,8,0.58999999999999997,-0.032159810884222984,-0.045839557106169028
2,8,0.59999999999999998,-0.03291349823437846,-0.046698090414335022
2,8,0.60999999999999999,-0.03366074069875611,-0.047547543839929658
2,8,0.62,-0.034401072400337483,-0.048387512798076182
2,8,0.63,-0.035133996902497536,-0.049217557017072963
2,8,0.64000000000000001,-0.035859215552031837,-0.050037477123384057
2,8,0.65000000000000002,-0.036576392091732933,-0.050846973652087638
2,8,0.66000000000000003,-0.037285143433862175,-0.051645661522582403
2,8,0.67000000000000004,-0.037985212226069195,-0.052433289154053382
2,8,0.68000000000000005,-0.038676387043641722,-0.05320964621861192
2,8,0.68999999999999995,-0.039358497911412549,-0.05397455031323159
2,8,0.69999999999999996,-0.040031235582532042,-0.054727623325671632
2,8,0.70999999999999996,-0.040694603783267509,-0.055468830697484178
2,8,0.71999999999999997,-0.041348446048605464,-0.056197957368987236
2,8,0.72999999999999998,-0.041992716154513436,-0.056914876476103216
2,8,0.73999999999999999,-0.042627278744798131,-0.05761933135891438
2,8,0.75,-0.043252276069735029,-0.058311403099728737
2,8,0.76000000000000001,-0.04386763516661054,-0.058990915704587255
2,8,0.77000000000000002,-0.044473425671890415,-0.059657802071122229
2,8,0.78000000000000003,-0.045069659806320474,-0.060311936373010244
2,8,0.79000000000000004,-0.04565656882434458,-0.060953469297091271
2,8,0.80000000000000004,-0.046234172460287735,-0.061582269407436545
2,8,0.81000000000000005,-0.046802685664323981,-0.062198424147337297
2,8,0.81999999999999995,-0.047362170854635954,-0.062801849043151059
2,8,0.82999999999999996,-0.047912923559036258,-0.06339273729035548
2,8,0.83999999999999997,-0.048455089610011437,-0.063971075107596836
2,8,0.84999999999999998,-0.048988925744605186,-0.06453701519369974
2,8,0.85999999999999999,-0.049514615834011233,-0.065090611606693591
2,8,0.87,-0.050032413823289851,-0.065631984933506929
2,8,0.88,-0.050542610722479439,-0.066161332820432142
2,8,0.89000000000000001,-0.051045447910971958,-0.066678792901184128
2,8,0.90000000000000002,-0.051541202970073717,-0.067184531702872669
2,8,0.91000000000000003,-0.052030138326974833,-0.067678708359439066
2,8,0.92000000000000004,-0.052512567054478682,-0.068161603826949663
2,8,0.93000000000000005,-0.052988734052370236,-0.068633370024134499
2,8,0.93999999999999995,-0.053458976674340658,-0.069094245025730888
2,8,0.94999999999999996,-0.053923560322268929,-0.069544475865397359
2,8,0.95999999999999996,-0.054382784142012794,-0.069984370862350431
2,8,0.96999999999999997,-0.054836874102563722,-0.07041405795716707
2,8,0.97999999999999998,-0.055286205541044513,-0.070833922058211082
2,8,0.98999999999999999,-0.055731000641050341,-0.071244178943976333
2,8,1,-0.056171589217156551,-0.071645215142856086
