condition,target,phase,xM,yM
1,1,0,9.1026571557434321e-05,-0.0015715989604977165
1,1,0.01,9.3316426476457596e-05,-0.0018091353869732452
1,1,0.02,9.5322238180313722e-05,-0.0020674282191530131
1,1,0.029999999999999999,9.704581908278733e-05,-0.0023471220893379456
1,1,0.040000000000000001,9.8491714690061556e-05,-0.0026490824562993716
1,1,0.050000000000000003,9.96599434437237e-05,-0.0029734833585957445
1,1,0.059999999999999998,0.00010056411267797994,-0.0033208192701583523
1,1,0.070000000000000007,0.00010121778086256707,-0.0036915905343073057
1,1,0.080000000000000002,0.00010163304012096643,-0.0040857444350164149
1,1,0.089999999999999997,0.00010181604323375307,-0.0045040120090199948
1,1,0.10000000000000001,0.00010178633745414611,-0.0049465035109872687
1,1,0.11,0.00010156251881200243,-0.0054130492053655983
1,1,0.12,0.00010116364163205495,-0.0059042190062132049
1,1,0.13,0.00010060050333208614,-0.0064199236020242145
1,1,0.14000000000000001,9.9889566831786443e-05,-0.0069600571070410023
1,1,0.14999999999999999,9.9059559208410075e-05,-0.0075249603808864238
1,1,0.16,9.8125851085286719e-05,-0.008114170767567111
1,1,0.17000000000000001,9.7102556863441081e-05,-0.0087276547638671653
1,1,0.17999999999999999,9.6007585005537804e-05,-0.0093656972193316736
1,1,0.19,9.4862449610215988e-05,-0.010027538148359938
1,1,0.20000000000000001,9.3686477369134264e-05,-0.010713051799129288
1,1,0.20999999999999999,9.2496299209171318e-05,-0.011422269924807871
1,1,0.22,9.129364314233085e-05,-0.012154546290408777
1,1,0.23000000000000001,9.0108844172606992e-05,-0.012909613711830588
1,1,0.23999999999999999,8.8953201214677651e-05,-0.013687129934071594
1,1,0.25,8.783439216030961e-05,-0.014486326665047133
1,1,0.26000000000000001,8.6760448825614603e-05,-0.015307245045101649
1,1,0.27000000000000002,8.5744957196214893e-05,-0.016149047743343879
1,1,0.28000000000000003,8.4795481623887721e-05,-0.017011030896135607
1,1,0.28999999999999998,8.392365646130196e-05,-0.01789287085786212
1,1,0.29999999999999999,8.3119016957201852e-05,-0.018793922955114197
1,1,0.31,8.239452196587628e-05,-0.019713378821467613
1,1,0.32000000000000001,8.1754566882437059e-05,-0.020650717662142968
1,1,0.33000000000000002,8.1192962671447919e-05,-0.021605076936754078
1,1,0.34000000000000002,8.0709160252620543e-05,-0.022575856125350069
1,1,0.34999999999999998,8.0299455764403632e-05,-0.023562357466167562
1,1,0.35999999999999999,7.9957986732994676e-05,-0.02456359528406386
1,1,0.37,7.9687412185257413e-05,-0.025578885057339941
1,1,0.38,7.9468588852280053e-05,-0.026607521234606409
1,1,0.39000000000000001,7.9294507616460845e-05,-0.027648516540482757
1,1,0.40000000000000002,7.916638586674129e-05,-0.028701086324910911
1,1,0.40999999999999998,7.9062349792739353e-05,-0.029764451149352736
1,1,0.41999999999999998,7.8975717083908903e-05,-0.030837630360447947
1,1,0.42999999999999999,7.8896742233924033e-05,-0.03191984672117109
1,1,0.44,7.8806637827009163e-05,-0.033010229060803024
1,1,0.45000000000000001,7.8701202856382155e-05,-0.034107824551082203
1,1,0.46000000000000002,7.8564954141361611e-05,-0.03521179981735309
1,1,0.46999999999999997,7.8378475265999787e-05,-0.03632131645008544
1,1,0.47999999999999998,7.8141130351545553e-05,-0.037435433096166738
1,1,0.48999999999999999,7.7833461583420329e-05,-0.038553293221225415
1,1,0.5,7.7440995082618536e-05,-0.039674040048583874
1,1,0.51000000000000001,7.6964487351797106e-05,-0.040796797348744057
1,1,0.52000000000000002,7.6382217651918002e-05,-0.041920714518273075
1,1,0.53000000000000003,7.5687307367128015e-05,-0.043044950663758498
1,1,0.54000000000000004,7.4878414892205183e-05,-0.04416865376729584
1,1,0.55000000000000004,7.3938927692886874e-05,-0.045291013931908992
1,1,0.56000000000000005,7.286848732488587e-05,-0.046411214844516407
1,1,0.56999999999999995,7.1665626827016019e-05,-0.047528457081806454
1,1,0.57999999999999996,7.0314544539875341e-05,-0.048642012670957871
1,1,0.58999999999999997,6.8827250236385388e-05,-0.049751044813485717
1,1,0.59999999999999998,6.7203289515566089e-05,-0.050854834256118253
1,1,0.60999999999999999,6.5428363442933841e-05,-0.051952712873197249
1,1,0.62,6.3520841412956198e-05,-0.053043931614800359
1,1,0.63,6.1483849545741651e-05,-0.05412781711720932
1,1,0.64000000000000001,5.9313665440755537e-05,-0.055203702863073155
1,1,0.65000000000000002,5.7028565252086759e-05,-0.056270957214229984
1,1,0.66000000000000003,5.4631259283722557e-05,-0.057329038039048874
1,1,0.67000000000000004,5.2128245089005338e-05,-0.058377280992879393
1,1,0.68000000000000005,4.9544770036508731e-05,-0.059415082256802934
1,1,0.68999999999999995,4.6881536491640095e-05,-0.06044203392713425
1,1,0.69999999999999996,4.4150676391226099e-05,-0.061457562136375314
1,1,0.70999999999999996,4.1376799556482077e-05,-0.062461220723926403
1,1,0.71999999999999997,3.8571768384392782e-05,-0.063452484908942328
1,1,0.72999999999999998,3.5748194739053656e-05,-0.064430938386467629
1,1,0.73999999999999999,3.2928785517043169e-05,-0.065396297934535511
1,1,0.75,3.011941827331388e-05,-0.066348153474807992
1,1,0.76000000000000001,2.7354617794495543e-05,-0.067285926325903966
1,1,0.77000000000000002,2.464608445839081e-05,-0.068209612508043221
1,1,0.78000000000000003,2.1998736114118298e-05,-0.069118784190896093
1,1,0.79000000000000004,1.944139788111974e-05,-0.070013179535535208
1,1,0.80000000000000004,1.6999714700102788e-05,-0.070892594989096835
1,1,0.81000000000000005,1.4670367846538325e-05,-0.07175669455404507
1,1,0.81999999999999995,1.2481834170348049e-05,-0.072605443066904904
1,1,0.82999999999999996,1.044564159338233e-05,-0.073438761462608249
1,1,0.83999999999999997,8.5741493411600604e-06,-0.074256188875902102
1,1,0.84999999999999998,6.8871886233265293e-06,-0.075057861857975
1,1,0.85999999999999999,5.3882565391316769e-06,-0.075843760871585841
1,1,0.87,4.0849144859465868e-06,-0.076613586225728114
1,1,0.88,2.9961314527849193e-06,-0.077367500235537054
1,1,0.89000000000000001,2.1234224234779718e-06,-0.078105415216599972
1,1,0.90000000000000002,1.4686374893491035e-06,-0.078827234908372318
1,1,0.91000000000000003,1.0374350539425889e-06,-0.079533265492447755
1,1,0.92000000000000004,8.2948700577624348e-07,-0.080223339657681164
1,1,0.93000000000000005,8.490979116565977e-07,-0.080897445742908247
1,1,0.93999999999999995,1.0884871585456544e-06,-0.081555979075434354
1,1,0.94999999999999996,1.5397189783411373e-06,-0.082198799019238114
1,1,0.95999999999999996,2.1996115034178049e-06,-0.082826115643635081
1,1,0.96999999999999997,3.0620804039356038e-06,-0.083438131097830881
1,1,0.97999999999999998,4.1088961994075813e-06,-0.084034790674777732
1,1,0.98999999999999999,5.327801820336186e-06,-0.084616520741756088
1,1,1,6.702188023691158e-06,-0.085183581425839747
1,2,0,0.0011149634953658422,-0.00099593728431013329
1,2,0.01,0.0012892267161534374,-0.0011594901443866452
1,2,0.02,0.0014796402161727682,-0.0013387594823316279
1,2,0.029999999999999999,0.0016866683440234695,-0.001534212390709444
1,2,0.040000000000000001,0.0019108444895177858,-0.0017463820386600542
1,2,0.050000000000000003,0.0021525011112285123,-0.0019756112191300014
1,2,0.059999999999999998,0.002411923138038998,-0.0022221965395098934
1,2,0.070000000000000007,0.0026894634046935456,-0.0024865009346600885
1,2,0.080000000000000002,0.0029854337150653997,-0.0027688504104990677
1,2,0.089999999999999997,0.0032999739813397598,-0.0030694046434141817
1,2,0.10000000000000001,0.0036332837139630356,-0.0033883793013250022
1,2,0.11,0.0039855821181023167,-0.003726022050575436
1,2,0.12,0.0043567607884786421,-0.0040822561178379055
1,2,0.13,0.0047468474684018115,-0.0044571406061148997
1,2,0.14000000000000001,0.0051559432123838402,-0.0048508123279939544
1,2,0.14999999999999999,0.0055839284412523109,-0.0052631911025576711
1,2,0.16,0.0060306409901752754,-0.0056941560493879917
1,2,0.17000000000000001,0.006496016049146661,-0.0061436862492266521
1,2,0.17999999999999999,0.006979943951725044,-0.0066117198061104348
1,2,0.19,0.0074820827801503446,-0.0070979650756323219
1,2,0.20000000000000001,0.0080021242624198664,-0.0076021686281017098
1,2,0.20999999999999999,0.0085399385605309068,-0.0081242672197500351
1,2,0.22,0.0090949874985557511,-0.008663770129216387
1,2,0.23000000000000001,0.0096668923029534278,-0.0092203565251750934
1,2,0.23999999999999999,0.010255342188419624,-0.009793781652343056
1,2,0.25,0.010859834917179095,-0.01038360082370365
1,2,0.26000000000000001,0.011479902276135653,-0.010989394435164926
1,2,0.27000000000000002,0.012115024254202722,-0.011610713966600232
1,2,0.28000000000000003,0.012764743638821879,-0.012247168008989572
1,2,0.28999999999999998,0.013428383389565327,-0.012898128829444241
1,2,0.29999999999999999,0.014105351651829322,-0.01356305994692087
1,2,0.31,0.01479516900425077,-0.014241551022693817
1,2,0.32000000000000001,0.015497085725101891,-0.014932889348337704
1,2,0.33000000000000002,0.016210466729980638,-0.015636487985098268
1,2,0.34000000000000002,0.016934759528491716,-0.016351845297159065
1,2,0.34999999999999998,0.017669238606938295,-0.017078274548641574
1,2,0.35999999999999999,0.01841317935901856,-0.017815085059013264
1,2,0.37,0.019165945394020389,-0.01856168248956248
1,2,0.38,0.019926857741275804,-0.01931741999139169
1,2,0.39000000000000001,0.020695151176235459,-0.020081541215048727
1,2,0.40000000000000002,0.021470130220975592,-0.02085336769348245
1,2,0.40999999999999998,0.022251166538579812,-0.021632301800754879
1,2,0.41999999999999998,0.023037488491091301,-0.022417555827568512
1,2,0.42999999999999999,0.02382840679714613,-0.023208438923345402
1,2,0.44,0.024623247333808808,-0.024004285308767175
1,2,0.45000000000000001,0.025421301748496272,-0.024804368965971272
1,2,0.46000000000000002,0.026221879851014485,-0.025607981532572155
1,2,0.46999999999999997,0.027024320755264539,-0.02641444262083736
1,2,0.47999999999999998,0.027827966636811242,-0.027223064819551581
1,2,0.48999999999999999,0.028632149889787684,-0.028033136425837574
1,2,0.5,0.029436238311365527,-0.02884398526413285
1,2,0.51000000000000001,0.030239617097207849,-0.029654957725085015
1,2,0.52000000000000002,0.031041661257628656,-0.030465370908228151
1,2,0.53000000000000003,0.031841782041517233,-0.03127458148571198
1,2,0.54000000000000004,0.032639400680522943,-0.032081956017106089
1,2,0.55000000000000004,0.033433948200623925,-0.0328868622148649
1,2,0.56000000000000005,0.034224883116587355,-0.033688690205325195
1,2,0.56999999999999995,0.035011684445156462,-0.034486845688891932
1,2,0.57999999999999996,0.035793835678933267,-0.035280738627666709
1,2,0.58999999999999997,0.036570852069272845,-0.036069806144151083
1,2,0.59999999999999998,0.037342272000460641,-0.036853510831514738
1,2,0.60999999999999999,0.038107604469337669,-0.037631278962365913
1,2,0.62,0.038866464717344645,-0.038402647996945961
1,2,0.63,0.039618445953284676,-0.039167131273254788
1,2,0.64000000000000001,0.040363116733628523,-0.03992421423664809
1,2,0.65000000000000002,0.041100109638709241,-0.040673450490564964
1,2,0.66000000000000003,0.041829108933890975,-0.041414443168217019
1,2,0.67000000000000004,0.0425497541979417,-0.042146749805418549
1,2,0.68000000000000005,0.043261697765169943,-0.042869940327984385
1,2,0.68999999999999995,0.043964706008046625,-0.043583712607942957
1,2,0.69999999999999996,0.044658505495775186,-0.044287720205953937
1,2,0.70999999999999996,0.04534277128825661,-0.044981550364686436
1,2,0.71999999999999997,0.04601733040632533,-0.045664976736417021
1,2,0.72999999999999998,0.046681953065575092,-0.046337705431672871
1,2,0.73999999999999999,0.047336368657945778,-0.046999391116562733
1,2,0.75,0.047980439868659894,-0.047649841574262018
1,2,0.76000000000000001,0.048613980217796296,-0.04828882511157289
1,2,0.77000000000000002,0.049236850908396509,-0.048916142992908189
1,2,0.78000000000000003,0.049848886066125475,-0.049531574176760636
1,2,0.79000000000000004,0.050450017183080877,-0.050135023618802566
1,2,0.80000000000000004,0.051040138005400124,-0.050726347806419381
1,2,0.81000000000000005,0.051619053609946682,-0.05130528836668713
1,2,0.81999999999999995,0.052186779871266006,-0.051871862099607022
1,2,0.82999999999999996,0.052743227648349301,-0.052425955385019034
1,2,0.83999999999999997,0.053288289924288801,-0.052967426290907262
1,2,0.84999999999999998,0.053821972718526054,-0.053496274219735261
1,2,0.85999999999999999,0.054344296330345584,-0.054012517913034352
1,2,0.87,0.054855218500376619,-0.054516100379047264
1,2,0.88,0.055354707924871752,-0.05500697992116052
1,2,0.89000000000000001,0.055842835980049098,-0.055485250576093173
1,2,0.90000000000000002,0.056319624947497871,-0.055950942550297464
1,2,0.91000000000000003,0.056785011654830665,-0.056403976313169249
1,2,0.92000000000000004,0.05723908413074047,-0.05684448319568236
1,2,0.93000000000000005,0.057681917067888236,-0.057272561467380238
1,2,0.93999999999999995,0.058113541441065814,-0.057688245505963243
1,2,0.94999999999999996,0.05853405995451004,-0.058091675034837864
1,2,0.95999999999999996,0.058943584288349893,-0.058483001412784008
1,2,0.96999999999999997,0.059342172427283818,-0.058862307858901702
1,2,0.97999999999999998,0.059729890390829703,-0.059229689619250847
1,2,0.98999999999999999,0.060106904992228885,-0.0595853699997448
1,2,1,0.060473328153267607,-0.05992950261525018
1,3,0,0.00146389000674986,-0.00032916656982168169
1,3,0.01,0.0017077360814078016,-0.00034962888311775887
1,3,0.02,0.0019745662184800982,-0.00037002451063236755
1,3,0.029999999999999999,0.0022654278683013362,-0.00039022447639796719
1,3,0.040000000000000001,0.0025809163068664909,-0.00041013320141773169
1,3,0.050000000000000003,0.0029212710740365265,-0.0004296285107012694
1,3,0.059999999999999998,0.0032872185133160179,-0.0004486051107012305
1,3,0.070000000000000007,0.0036789918775743564,-0.00046695877460833349
1,3,0.080000000000000002,0.0040968238189771156,-0.0004845750742829363
1,3,0.089999999999999997,0.0045411727615823471,-0.00050137416930611867
1,3,0.10000000000000001,0.0050121702809403351,-0.00051722717893540467
1,3,0.11,0.0055096343747426486,-0.00053209253467583558
1,3,0.12,0.0060342594316329465,-0.00054583020254859397
1,3,0.13,0.0065853590901477285,-0.00055841863195864783
1,3,0.14000000000000001,0.0071633478814915434,-0.00056975104706055734
1,3,0.14999999999999999,0.0077680162650971447,-0.00057978280858582627
1,3,0.16,0.0083989970550397731,-0.00058846471629269066
1,3,0.17000000000000001,0.0090563779921437725,-0.00059573573414180509
1,3,0.17999999999999999,0.0097396330909745102,-0.00060158527067894992
1,3,0.19,0.010448623777589079,-0.0006059539190395992
1,3,0.20000000000000001,0.011182789602923585,-0.00060886794576983649
1,3,0.20999999999999999,0.011941998952885238,-0.00061026118706197861
1,3,0.22,0.012725469092126452,-0.0006101925507339159
1,3,0.23000000000000001,0.013532987497889365,-0.00060862148121233707
1,3,0.23999999999999999,0.01436369748098233,-0.00060560486344227692
1,3,0.25,0.015217154192960446,-0.00060114603792967534
1,3,0.26000000000000001,0.016092801205087982,-0.00059527961017860295
1,3,0.27000000000000002,0.016989803080327364,-0.00058805868155612797
1,3,0.28000000000000003,0.017907560721333829,-0.00057951204805875838
1,3,0.28999999999999998,0.01884523207599547,-0.00056972122890420215
1,3,0.29999999999999999,0.019802276637052439,-0.00055870398992183485
1,3,0.31,0.020777544155566662,-0.00054657648473575415
1,3,0.32000000000000001,0.021770594539980259,-0.00053335769174733426
1,3,0.33000000000000002,0.022780216466308172,-0.00051916497580537511
1,3,0.34000000000000002,0.023805788060842228,-0.00050404572016903438
1,3,0.34999999999999998,0.024846322893917808,-0.00048809414677969539
1,3,0.35999999999999999,0.025900816074950102,-0.00047139183162815126
1,3,0.37,0.026968538685260057,-0.00045401153805027966
1,3,0.38,0.028048348513280846,-0.00043605284526047222
1,3,0.39000000000000001,0.029139390185606566,-0.00041758148817527851
1,3,0.40000000000000002,0.030240646153119402,-0.00039870172976891598
1,3,0.40999999999999998,0.031351247923459329,-0.00037947116458900414
1,3,0.41999999999999998,0.032470006398035767,-0.00035999422866723411
1,3,0.42999999999999999,0.033596155490943087,-0.00034033284529689351
1,3,0.44,0.034728497066961878,-0.00032057255684649175
1,3,0.45000000000000001,0.035866181255271273,-0.00030078070965079939
1,3,0.46000000000000002,0.037008160056762412,-0.0002810301676304503
1,3,0.46999999999999997,0.03815342006558553,-0.00026138317854710333
1,3,0.47999999999999998,0.039301072893167616,-0.00024190442259631908
1,3,0.48999999999999999,0.040450025280542541,-0.00022264998127577434
1,3,0.5,0.041599452560458196,-0.0002036685996359977
1,3,0.51000000000000001,0.042748249623851695,-0.00018501810035053768
1,3,0.52000000000000002,0.043895626379331774,-0.00016673503376023744
1,3,0.53000000000000003,0.045040559472892525,-0.00014885536742469536
1,3,0.54000000000000004,0.046182173559388896,-0.0001314252844079191
1,3,0.55000000000000004,0.047319623042601552,-0.00011445973666029554
1,3,0.56000000000000005,0.048451956242724539,-9.7993245612619485e-05
1,3,0.56999999999999995,0.049578397543828756,-8.2047231194201718e-05
1,3,0.57999999999999996,0.050698150417382071,-6.6624063820479193e-05
1,3,0.58999999999999997,0.051810288365264967,-5.1760310108025473e-05
1,3,0.59999999999999998,0.052914188584868745,-3.7435637169409841e-05
1,3,0.60999999999999999,0.054009026765828791,-2.3679968582870147e-05
1,3,0.62,0.055094055349109605,-1.0476125395915127e-05
1,3,0.63,0.056168711923832229,2.1651917463589475e-06
1,3,0.64000000000000001,0.05723219997421948,1.4263540776022522e-05
1,3,0.65000000000000002,0.058283952863403203,2.580963945733456e-05
1,3,0.66000000000000003,0.05932344320112698,3.6827789347162332e-05
1,3,0.67000000000000004,0.060349969967324252,4.7328383523507269e-05
1,3,0.68000000000000005,0.061363103123570434,5.731271603934477e-05
1,3,0.68999999999999995,0.062362346713584309,6.6824396960240689e-05
1,3,0.69999999999999996,0.063347122615329141,7.5843444236474346e-05
1,3,0.70999999999999996,0.064317205604017089,8.4429766193050182e-05
1,3,0.71999999999999997,0.065271932832454832,9.2565409820239965e-05
1,3,0.72999999999999998,0.066211136968487655,0.00010030176601881166
1,3,0.73999999999999999,0.067134418390789902,0.00010764026096535468
1,3,0.75,0.068041486428293912,0.0001146184608577742
1,3,0.76000000000000001,0.068932047274474398,0.0001212486975225019
1,3,0.77000000000000002,0.069805851250076961,0.00012755463786336824
1,3,0.78000000000000003,0.070662804452079953,0.00013357457539841161
1,3,0.79000000000000004,0.071502580144694322,0.00013930388069827588
1,3,0.80000000000000004,0.072325143514940987,0.00014480412273855657
1,3,0.81000000000000005,0.073130256426562457,0.00015005720539912318
1,3,0.81999999999999995,0.073917973350148478,0.00015512801655840984
1,3,0.82999999999999996,0.074688131762223831,0.00016000671239487901
1,3,0.83999999999999997,0.075440820900901137,0.00016474190684606592
1,3,0.84999999999999998,0.076175866320200708,0.00016934144127873568
1,3,0.85999999999999999,0.076893493819574887,0.00017383717922860316
1,3,0.87,0.077593610544976363,0.00017825602212815891
1,3,0.88,0.078276229816060805,0.00018260780918989223
1,3,0.89000000000000001,0.078941740907443103,0.00018694322856296035
1,3,0.90000000000000002,0.079589796772675608,0.00019125075870555022
1,3,0.91000000000000003,0.080220964551869736,0.0001955952608174483
1,3,0.92000000000000004,0.080835154328868272,0.00019996310809087907
1,3,0.93000000000000005,0.08143254899405708,0.00020441303927481183
1,3,0.93999999999999995,0.082013432266341446,0.00020894674518329523
1,3,0.94999999999999996,0.08257796276240803,0.00021360430219071255
1,3,0.95999999999999996,0.083126282396593532,0.00021840823078865591
1,3,0.96999999999999997,0.083658776880503563,0.00022337801538559329
1,3,0.97999999999999998,0.084175545724442302,0.00022855727939486345
1,3,0.98999999999999999,0.084676823670154874,0.00023394897632833842
1,3,1,0.085163188286523514,0.00023960851127240862
1,4,0,0.0011131497924612155,0.00091320031293938564
1,4,0.01,0.0012966496775053198,0.0010835583260756189
1,4,0.02,0.0014973908529191753,0.0012717104864220826
1,4,0.029999999999999999,0.0017160266416480897,0.0014784431345166665
1,4,0.040000000000000001,0.0019529241900847162,0.0017042379995273298
1,4,0.050000000000000003,0.0022082591368160782,0.0019493686004670324
1,4,0.059999999999999998,0.0024827166703113215,0.002214641515882279
1,4,0.070000000000000007,0.0027762143778605557,0.0025000452374311167
1,4,0.080000000000000002,0.0030891434342049957,0.0028060583105809335
1,4,0.089999999999999997,0.0034215736891295774,0.003132809842586189
1,4,0.10000000000000001,0.0037735013342503117,0.0034803415925930789
1,4,0.11,0.0041453288556912941,0.0038491191441422275
1,4,0.12,0.0045367102264475753,0.0042388001366080105
1,4,0.13,0.0049479868062605971,0.0046497686512877627
1,4,0.14000000000000001,0.0053788684170156783,0.005081716958121563
1,4,0.14999999999999999,0.0058292001803523941,0.0055344766420986789
1,4,0.16,0.0062991049186222363,0.0060081655693577981
1,4,0.17000000000000001,0.0067880396423697668,0.0065021841026608211
1,4,0.17999999999999999,0.007296151721910971,0.0070166603701529422
1,4,0.19,0.0078229786840914341,0.0075510672270987823
1,4,0.20000000000000001,0.0083681822668610281,0.0081049970676253975
1,4,0.20999999999999999,0.0089316093973199409,0.0086782346565874979
1,4,0.22,0.0095125929799711878,0.0092700205462578553
1,4,0.23000000000000001,0.010111042863830636,0.0098801943993768269
1,4,0.23999999999999999,0.010726308539223448,0.01050801110442073
1,4,0.25,0.01135799388005795,0.011152985611621686
1,4,0.26000000000000001,0.01200564749597308,0.011814567671895471
1,4,0.27000000000000002,0.012668533763156804,0.012491921477817048
1,4,0.28000000000000003,0.013346318283798982,0.013184619629693448
1,4,0.28999999999999998,0.014038209823578934,0.01389177206284133
1,4,0.29999999999999999,0.014743734758101514,0.014612817161807363
1,4,0.31,0.015462242560420388,0.015347008039551229
1,4,0.32000000000000001,0.016192941779414407,0.016093465759852096
1,4,0.33000000000000002,0.016935289905808722,0.016851560579001602
1,4,0.34000000000000002,0.017688429704413457,0.01762035973146462
1,4,0.34999999999999998,0.018451778504117194,0.018399205450991548
1,4,0.35999999999999999,0.019224547999640532,0.019187243127042945
1,4,0.37,0.020005954699361769,0.019983631991582228
1,4,0.38,0.020795289726345569,0.020787601464138359
1,4,0.39000000000000001,0.021591674562693331,0.021598233018994373
1,4,0.40000000000000002,0.022394483655594294,0.022414853252286895
1,4,0.40999999999999998,0.023202799118752185,0.023236513744636374
1,4,0.41999999999999998,0.024015897399193659,0.024062471341599632
1,4,0.42999999999999999,0.024832976733361947,0.024891897812106281
1,4,0.44,0.02565319473842359,0.02572394376412732
1,4,0.45000000000000001,0.026475879577734014,0.026557922109518926
1,4,0.46000000000000002,0.027300118853851304,0.027392924648060528
1,4,0.46999999999999997,0.028125237246522845,0.028228280132721464
1,4,0.47999999999999998,0.028950402982829648,0.02906317029356437
1,4,0.48999999999999999,0.029774859301385667,0.029896851805979813
1,4,0.5,0.030597940125113791,0.030728670910978355
1,4,0.51000000000000001,0.03141879734524726,0.031557805331100461
1,4,0.52000000000000002,0.032236833282873717,0.032383677276309711
1,4,0.53000000000000003,0.033051280518001616,0.033205551827314286
1,4,0.54000000000000004,0.033861433199414849,0.034022752250116209
1,4,0.55000000000000004,0.034666721014779814,0.034834733063562953
1,4,0.56000000000000005,0.035466398452109402,0.035640780654447327
1,4,0.56999999999999995,0.036259964646584875,0.036440417625347186
1,4,0.57999999999999996,0.037046765926342658,0.037233029511543135
1,4,0.58999999999999997,0.037826231998108292,0.038018068587600616
1,4,0.59999999999999998,0.038597836701892575,0.038795041938498337
1,4,0.60999999999999999,0.039361005911019431,0.03956339624700983
1,4,0.62,0.040115344287844093,0.040322755182333858
1,4,0.63,0.040860358832266179,0.041072656386705757
1,4,0.64000000000000001,0.041595597340817587,0.041812658368287403
1,4,0.65000000000000002,0.042320703467725977,0.042542428390950238
1,4,0.66000000000000003,0.0430351637454017,0.043261460070840856
1,4,0.67000000000000004,0.043738754862587402,0.043969540948783206
1,4,0.68000000000000005,0.044431153213032933,0.044666357645463242
1,4,0.68999999999999995,0.04511201119068526,0.045351561198518325
1,4,0.69999999999999996,0.045781164867285985,0.046024996348689146
1,4,0.70999999999999996,0.046438221642359077,0.046686259574908143
1,4,0.71999999999999997,0.04708304130243534,0.047335212976795833
1,4,0.72999999999999998,0.047715498681419562,0.047971721796499923
1,4,0.73999999999999999,0.048335339029951581,0.048595520482784885
1,4,0.75,0.048942578323070085,0.049206618484909738
1,4,0.76000000000000001,0.049536953191995275,0.049804729898403066
1,4,0.77000000000000002,0.050118442971226612,0.050389826508721702
1,4,0.78000000000000003,0.050687019717309101,0.050961857052090068
1,4,0.79000000000000004,0.051242535644032666,0.051520660792847464
1,4,0.80000000000000004,0.051785179831685443,0.05206640858701389
1,4,0.81000000000000005,0.052314761273237989,0.052598884322378116
1,4,0.81999999999999995,0.052831431809379208,0.053118228646509766
1,4,0.82999999999999996,0.053335206414370728,0.053624426464689755
1,4,0.83999999999999997,0.05382601528906928,0.054117396787315683
1,4,0.84999999999999998,0.054304186619311356,0.054597447708063448
1,4,0.85999999999999999,0.054769584561134566,0.055064424514715507
1,4,0.87,0.05522247976271924,0.055518586222745581
1,4,0.88,0.055662973451482169,0.055960014386088268
1,4,0.89000000000000001,0.056091034743789729,0.05638866515802618
1,4,0.90000000000000002,0.056507054106382446,0.056804916171304176
1,4,0.91000000000000003,0.056910948076985476,0.057208679216448385
1,4,0.92000000000000004,0.057303084375390667,0.057600314512258555
1,4,0.93000000000000005,0.057683572623704576,0.057979925435687349
1,4,0.93999999999999995,0.058052516008492573,0.05834761640991748
1,4,0.94999999999999996,0.05841024458628969,0.058703704782189288
1,4,0.95999999999999996,0.058756717182715724,0.059048164250816021
1,4,0.96999999999999997,0.059092380416571069,0.059381442315476041
1,4,0.97999999999999998,0.059417323240985385,0.059703637339956817
1,4,0.98999999999999999,0.059731720714471533,0.060014935157377984
1,4,1,0.06003593260037323,0.060315703193141931
1,5,0,0.00013123368961677484,0.0017991720566467098
1,5,0.01,0.00014152610300420838,0.0020300395959070806
1,5,0.02,0.00015189678845437259,0.0022784983112894511
1,5,0.029999999999999999,0.00016231450036066075,0.0025452505878639205
1,5,0.040000000000000001,0.00017274723439483775,0.00283042797848414
1,5,0.050000000000000003,0.00018316459644791144,0.0031346359701634749
1,5,0.059999999999999998,0.00019353686728111968,0.003458118511046653
1,5,0.070000000000000007,0.00020383365973999397,0.003801158690116508
1,5,0.080000000000000002,0.00021402663725554217,0.0041639285637187634
1,5,0.089999999999999997,0.0002240877634675807,0.0045466903609412941
1,5,0.10000000000000001,0.00023398845762315215,0.0049499090425374759
1,5,0.11,0.00024370275313222585,0.0053735445603065746
1,5,0.12,0.00025320387490830159,0.0058177145613938436
1,5,0.13,0.00026246833654621908,0.0062823625713199329
1,5,0.14000000000000001,0.00027146904668742339,0.006767755269685866
1,5,0.14999999999999999,0.00028018419146554616,0.0072738131155780693
1,5,0.16,0.00028858661270808437,0.0078007570556417865
1,5,0.17000000000000001,0.00029665999830089383,0.0083481664716893167
1,5,0.17999999999999999,0.00030437640502054664,0.0089163543235279141
1,5,0.19,0.00031172015687901914,0.0095050311130050608
1,5,0.20000000000000001,0.00031866330059689699,0.010114448305042673
1,5,0.20999999999999999,0.00032519562066521597,0.010743989271264914
1,5,0.22,0.00033129484456495025,0.011393683754636647
1,5,0.23000000000000001,0.00033694819501993006,0.012063166029695841
1,5,0.23999999999999999,0.00034213643024544267,0.012752359647788959
1,5,0.25,0.00034684380114146859,0.013461054664839414
1,5,0.26000000000000001,0.00035106015971472288,0.014188841613858442
1,5,0.27000000000000002,0.00035477293317718412,0.014935435870739564
1,5,0.28000000000000003,0.00035797177783805645,0.015700568511734164
1,5,0.28999999999999998,0.00036064260275654931,0.016483983779421771
1,5,0.29999999999999999,0.00036278211868655822,0.017285134045392524
1,5,0.31,0.000364380704869186,0.018103701336853274
1,5,0.32000000000000001,0.00036544152801661902,0.018939046552185847
1,5,0.33000000000000002,0.00036595138030295248,0.019790983173771773
1,5,0.34000000000000002,0.00036591420829618771,0.020658889631741374
1,5,0.34999999999999998,0.00036532007255126033,0.021542506479003267
1,5,0.35999999999999999,0.00036418316057561793,0.022441024981331638
1,5,0.37,0.00036249501208140733,0.02335423394576221
1,5,0.38,0.00036026806070245252,0.024281387499797615
1,5,0.39000000000000001,0.00035749433464917158,0.025222164139074348
1,5,0.40000000000000002,0.00035419158387643143,0.026175783215329426
1,5,0.40999999999999998,0.0003503651262569463,0.027141729659067353
1,5,0.41999999999999998,0.00034602582584103393,0.028119389937015671
1,5,0.42999999999999999,0.00034118239736853509,0.029108200902115897
1,5,0.44,0.00033583848074273179,0.030107673512933857
1,5,0.45000000000000001,0.00033001676246589281,0.031117043358288573
1,5,0.46000000000000002,0.00032372650174145701,0.032135804917134435
1,5,0.46999999999999997,0.00031698752459415936,0.033163241839977549
1,5,0.47999999999999998,0.00030980562705566208,0.034198826262621079
1,5,0.48999999999999999,0.0003022015276059839,0.035241843204076424
1,5,0.5,0.00029418978687652253,0.036291706790055771
1,5,0.51000000000000001,0.00028579592248620487,0.037347668937031953
1,5,0.52000000000000002,0.00027702974061262871,0.038409199947364844
1,5,0.53000000000000003,0.00026790993815882329,0.039475629907978274
1,5,0.54000000000000004,0.00025845158400288504,0.040546365917276103
1,5,0.55000000000000004,0.00024868172925615535,0.04162070635088657
1,5,0.56000000000000005,0.0002386161054812102,0.042698051344095038
1,5,0.56999999999999995,0.00022827508442490102,0.043777737010864931
1,5,0.57999999999999996,0.00021766688448441741,0.044859207936584232
1,5,0.58999999999999997,0.00020681777249331035,0.045941794170328773
1,5,0.59999999999999998,0.00019574719389521268,0.047024881820349876
1,5,0.60999999999999999,0.00018447246383240278,0.048107871129061022
1,5,0.62,0.00017301037933603077,0.049190177433898724
1,5,0.63,0.00016136860675960708,0.050271238285175719
1,5,0.64000000000000001,0.00014957399943871854,0.051350447730546117
1,5,0.65000000000000002,0.00013764257185170658,0.052427207357770234
1,5,0.66000000000000003,0.00012558770580120026,0.05350101388130965
1,5,0.67000000000000004,0.00011342100782550912,0.054571283543921559
1,5,0.68000000000000005,0.00010115091443817386,0.055637548376146428
1,5,0.68999999999999995,8.8798995776542453e-05,0.056699217869892626
1,5,0.69999999999999996,7.637461436805911e-05,0.057755858812262924
1,5,0.70999999999999996,6.3891144304209995e-05,0.058806923211920083
1,5,0.71999999999999997,5.1350440440621774e-05,0.059851988603083356
1,5,0.72999999999999998,3.8765913085242872e-05,0.060890528380287065
1,5,0.73999999999999999,2.6149487284153128e-05,0.061922104570891937
1,5,0.75,1.3507968607953669e-05,0.062946314576421317
1,5,0.76000000000000001,8.4752504990454188e-07,0.063962755500427168
1,5,0.77000000000000002,-1.1834793321570229e-05,0.06497101555318216
1,5,0.78000000000000003,-2.4526310159602458e-05,0.065970702083045771
1,5,0.79000000000000004,-3.7224100426785033e-05,0.066961509911267536
1,5,0.80000000000000004,-4.9920677200446283e-05,0.067943022137624182
1,5,0.81000000000000005,-6.2619909355675753e-05,0.068915004299435603
1,5,0.81999999999999995,-7.532092665738535e-05,0.069876954937557717
1,5,0.82999999999999996,-8.8021944927860164e-05,0.070828708406599675
1,5,0.83999999999999997,-0.00010071283342633514,0.071769890160986644
1,5,0.84999999999999998,-0.00011340564818918263,0.07270042202253868
1,5,0.85999999999999999,-0.00012609259794768804,0.073619869005442984
1,5,0.87,-0.00013878904290740054,0.074528121928158553
1,5,0.88,-0.00015148121580912613,0.075424887882181574
1,5,0.89000000000000001,-0.00016417855120613018,0.076310079382227128
1,5,0.90000000000000002,-0.00017687773011689363,0.077183434903512982
1,5,0.91000000000000003,-0.00018959005022373994,0.078044791908065819
1,5,0.92000000000000004,-0.00020231558246959882,0.078893875776231373
1,5,0.93000000000000005,-0.00021505380805885501,0.079730703952662546
1,5,0.93999999999999995,-0.00022780959381953232,0.080555183189485069
1,5,0.94999999999999996,-0.00024058222715847837,0.081367160347472392
1,5,0.95999999999999996,-0.00025338730496231256,0.082166549696165367
1,5,0.96999999999999997,-0.00026621499743784127,0.082953219331498573
1,5,0.97999999999999998,-0.00027907670907692338,0.083727269699461815
1,5,0.98999999999999999,-0.00029196213703335335,0.084488489395177863
1,5,1,-0.0003048890596825532,0.085237038327810322
1,6,0,-0.0011552980778721106,0.0011593197267464744
1,6,0.01,-0.001319156579041778,0.0013266517049850988
1,6,0.02,-0.0014964440218370929,0.0015079478933037052
1,6,0.029999999999999999,-0.0016876816360815489,0.0017037610042611494
1,6,0.040000000000000001,-0.0018932306194901988,0.0019144969992145825
1,6,0.050000000000000003,-0.0021134854359995347,0.0021405780304352947
1,6,0.059999999999999998,-0.002348403617111916,0.0023819763346303387
1,6,0.070000000000000007,-0.0025983445611542926,0.002639082060972988
1,6,0.080000000000000002,-0.0028636695024806965,0.0029122863048512519
1,6,0.089999999999999997,-0.0031443359883654596,0.0032015487528463905
1,6,0.10000000000000001,-0.0034404950970411182,0.003507031391411411
1,6,0.11,-0.0037524436567845506,0.0038290613920047272
1,6,0.12,-0.0040802173547716432,0.0041676596840363308
1,6,0.13,-0.0044236612516771303,0.0045226652371793043
1,6,0.14000000000000001,-0.0047832250386098361,0.0048945439552659717
1,6,0.14999999999999999,-0.0051585697795564628,0.0052829326210510098
1,6,0.16,-0.0055498748089181033,0.0056879934705035915
1,6,0.17000000000000001,-0.0059570354343792178,0.0061096052235120428
1,6,0.17999999999999999,-0.0063801606149227266,0.0065478630561168335
1,6,0.19,-0.0068188975532384836,0.0070023677424807911
1,6,0.20000000000000001,-0.0072732742395021704,0.0074731129789444295
1,6,0.20999999999999999,-0.0077434495378216599,0.0079602415579060181
1,6,0.22,-0.008228842273288,0.0084631058606894245
1,6,0.23000000000000001,-0.0087294181853804394,0.0089816305510442892
1,6,0.23999999999999999,-0.0092451566533160202,0.0095157449935079283
1,6,0.25,-0.0097758371660334326,0.010065178553195862
1,6,0.26000000000000001,-0.010320886740384496,0.010629286991634523
1,6,0.27000000000000002,-0.010880399356102397,0.011208116909461068
1,6,0.28000000000000003,-0.011454100956386406,0.011801317392747299
1,6,0.28999999999999998,-0.012041545943162719,0.012408381685193559
1,6,0.29999999999999999,-0.012642317247874117,0.013028820802522927
1,6,0.31,-0.013256457025662215,0.013662611696206577
1,6,0.32000000000000001,-0.013883375374705853,0.01430907812302778
1,6,0.33000000000000002,-0.014522613162350578,0.01496769625290802
1,6,0.34000000000000002,-0.015174004572345636,0.01563822773028839
1,6,0.34999999999999998,-0.015837021249379635,0.016320059315753987
1,6,0.35999999999999999,-0.016511309808480003,0.017012765156241897
1,6,0.37,-0.017196307447679894,0.017715707797480256
1,6,0.38,-0.017891813189846634,0.018428614878971489
1,6,0.39000000000000001,-0.018597097109194875,0.019150672521675034
1,6,0.40000000000000002,-0.019311841784438687,0.019881499297982781
1,6,0.40999999999999998,-0.020035574396531763,0.020620536967164569
1,6,0.41999999999999998,-0.02076771241813484,0.021367152238119851
1,6,0.42999999999999999,-0.021507744363084842,0.022120751885099439
1,6,0.44,-0.0222552563581912,0.022880850180250035
1,6,0.45000000000000001,-0.023009641711639921,0.023646788448746757
1,6,0.46000000000000002,-0.023770313293973482,0.024417926769764488
1,6,0.46999999999999997,-0.024536853471174257,0.025193765835977967
1,6,0.47999999999999998,-0.025308649132404406,0.025973637951377117
1,6,0.48999999999999999,-0.026085149231530748,0.026756965534808372
1,6,0.5,-0.026865729502820845,0.027543072866545823
1,6,0.51000000000000001,-0.027650012557190302,0.028331486402321811
1,6,0.52000000000000002,-0.028437253395874908,0.029121468345136257
1,6,0.53000000000000003,-0.02922696775162667,0.029912499772224092
1,6,0.54000000000000004,-0.030018577909017533,0.030703937491521692
1,6,0.55000000000000004,-0.030811535328511649,0.031495198310325247
1,6,0.56000000000000005,-0.031605261017998876,0.032285705268277079
1,6,0.56999999999999995,-0.032399214632704121,0.03307488035835611
1,6,0.57999999999999996,-0.033192833860087145,0.03386211860283718
1,6,0.58999999999999997,-0.033985572774807127,0.034646872925635036
1,6,0.59999999999999998,-0.034776918716636185,0.035428631949830605
1,6,0.60999999999999999,-0.035566289271715686,0.036206758109071709
1,6,0.62,-0.036353193994522248,0.036980784052048236
1,6,0.63,-0.03713713336938073,0.037750201470256116
1,6,0.64000000000000001,-0.037917550592466785,0.038514434798495062
1,6,0.65000000000000002,-0.038694004229567341,0.039273055122423177
1,6,0.66000000000000003,-0.039465994419063746,0.040025565942914468
1,6,0.67000000000000004,-0.040233054572784172,0.040771495996349175
1,6,0.68000000000000005,-0.040994686039470506,0.041510347801902422
1,6,0.68999999999999995,-0.041750548636641877,0.042241818541742499
1,6,0.69999999999999996,-0.042500171867553352,0.042965433140359797
1,6,0.70999999999999996,-0.043243018671805356,0.043680637971622263
1,6,0.71999999999999997,-0.043978886371084228,0.044387292379986981
1,6,0.72999999999999998,-0.044707364482898693,0.045085001987536517
1,6,0.73999999999999999,-0.045427968824288595,0.045773258593727717
1,6,0.75,-0.046140390543378838,0.046451802701680395
1,6,0.76000000000000001,-0.046844476722010017,0.047120520120583834
1,6,0.77000000000000002,-0.047539749476798773,0.047778939714031736
1,6,0.78000000000000003,-0.048225873003488323,0.048426727038196088
1,6,0.79000000000000004,-0.048902711138270862,0.049063811502709442
1,6,0.80000000000000004,-0.049570081818348627,0.04969003999064716
1,6,0.81000000000000005,-0.05022747560482449,0.050304892923975025
1,6,0.81999999999999995,-0.050874854527017642,0.050908389683606121
1,6,0.82999999999999996,-0.05151210947246232,0.051500464670745559
1,6,0.83999999999999997,-0.052138883222062379,0.052080770908049495
1,6,0.84999999999999998,-0.052755112071676755,0.05264928640430773
1,6,0.85999999999999999,-0.053360618762410029,0.053205871278800061
1,6,0.87,-0.053955390369299,0.053750552684247818
1,6,0.88,-0.054539093694217097,0.054283018447112842
1,6,0.89000000000000001,-0.05511190222011135,0.054803498429736669
1,6,0.90000000000000002,-0.055673607320643345,0.055311815393961503
1,6,0.91000000000000003,-0.056224097180728634,0.055807887954481612
1,6,0.92000000000000004,-0.056763473666605058,0.056291875975516617
1,6,0.93000000000000005,-0.057291711987726299,0.05676379243381182
1,6,0.93999999999999995,-0.0578086520146808,0.057223510331220959
1,6,0.94999999999999996,-0.058314423750442025,0.057671214770182298
1,6,0.95999999999999996,-0.058809153169659824,0.058107083606364095
1,6,0.96999999999999997,-0.059292655430693987,0.058530962623738358
1,6,0.97999999999999998,-0.059765065729808511,0.058943044647475351
1,6,0.98999999999999999,-0.060226499102257018,0.059343494363047825
1,6,1,-0.060677179906925824,0.059732596593855436
1,7,0,-0.0015469418061086621,-0.00013946607703961555
1,7,0.01,-0.0017789078558716159,-0.00015216634215852847
1,7,0.02,-0.0020308716029067342,-0.00016496855565397063
1,7,0.029999999999999999,-0.0023038185770138699,-0.00017781005580544927
1,7,0.040000000000000001,-0.002598147467312256,-0.00019061934258744138
1,7,0.050000000000000003,-0.0029141539833617332,-0.00020331590519774917
1,7,0.059999999999999998,-0.0032523035851585252,-0.00021582848377112732
1,7,0.070000000000000007,-0.0036129200109337838,-0.00022809504859332968
1,7,0.080000000000000002,-0.0039963487223366023,-0.00024004177398957604
1,7,0.089999999999999997,-0.004402542919154713,-0.00025160797713284886
1,7,0.10000000000000001,-0.004832208228928582,-0.00026273067614495733
1,7,0.11,-0.0052849853279521688,-0.00027335801241488099
1,7,0.12,-0.0057611559369551146,-0.00028343775293509984
1,7,0.13,-0.0062608669619090397,-0.00029293029241141892
1,7,0.14000000000000001,-0.0067839570654010268,-0.0003017847554345703
1,7,0.14999999999999999,-0.0073303682280901842,-0.00030997331143991255
1,7,0.16,-0.0079002672069897282,-0.00031745570789783244
1,7,0.17000000000000001,-0.0084931327368773721,-0.00032421163290247959
1,7,0.17999999999999999,-0.009109163558602874,-0.00033021321294809871
1,7,0.19,-0.0097479923130464764,-0.00033543905044826697
1,7,0.20000000000000001,-0.01040948469944546,-0.00033988163981516916
1,7,0.20999999999999999,-0.011093200739344888,-0.00034352949948555613
1,7,0.22,-0.01179893330255611,-0.00034638161622511108
1,7,0.23000000000000001,-0.01252630350770273,-0.00034843171316576587
1,7,0.23999999999999999,-0.013274741340484651,-0.00034969200852794866
1,7,0.25,-0.014044331277379141,-0.00035015163210099995
1,7,0.26000000000000001,-0.014833924631528194,-0.00034984247232153459
1,7,0.27000000000000002,-0.015643738710009632,-0.00034875372846427484
1,7,0.28000000000000003,-0.016472832855094103,-0.00034691550910713877
1,7,0.28999999999999998,-0.017320826698358483,-0.00034433779069618432
1,7,0.29999999999999999,-0.018187162514168281,-0.00034104588668957268
1,7,0.31,-0.019071176457123445,-0.00033705468096511583
1,7,0.32000000000000001,-0.019972384271376216,-0.00033239614658793178
1,7,0.33000000000000002,-0.020890038694210706,-0.0003270859368163624
1,7,0.34000000000000002,-0.021823670873507815,-0.00032114808461508745
1,7,0.34999999999999998,-0.022772371386676354,-0.00031462188776519828
1,7,0.35999999999999999,-0.023735740872041774,-0.00030750963546201718
1,7,0.37,-0.024712945052773303,-0.00029986401127674527
1,7,0.38,-0.02570330360584442,-0.00029169015777774838
1,7,0.39000000000000001,-0.026706162594708992,-0.00028303156269120574
1,7,0.40000000000000002,-0.027720760189788335,-0.00027389579638915646
1,7,0.40999999999999998,-0.028746260765325566,-0.00026433384762562621
1,7,0.41999999999999998,-0.029782142965960871,-0.00025434284348353661
1,7,0.42999999999999999,-0.030827451352124922,-0.00024396685915410292
1,7,0.44,-0.031881578349633219,-0.00023322961283519676
1,7,0.45000000000000001,-0.032943729264496235,-0.00022213812434230233
1,7,0.46000000000000002,-0.034013166884588907,-0.00021073710614492804
1,7,0.46999999999999997,-0.035089107700233282,-0.00019903934664946367
1,7,0.47999999999999998,-0.036170816632161082,-0.00018706323778143252
1,7,0.48999999999999999,-0.037257583329081231,-0.00017482446576388825
1,7,0.5,-0.03834851689415817,-0.00016236719637145736
1,7,0.51000000000000001,-0.039443103392063195,-0.00014966530404356051
1,7,0.52000000000000002,-0.040540386982249724,-0.00013678235945324712
1,7,0.53000000000000003,-0.041639759437017927,-0.00012371049666139861
1,7,0.54000000000000004,-0.042740444048190204,-0.00011047225131727517
1,7,0.55000000000000004,-0.043841729247375102,-9.7087945147504139e-05
1,7,0.56000000000000005,-0.04494290248482713,-8.3585739916445124e-05
1,7,0.56999999999999995,-0.046043256987543323,-6.9956325359534811e-05
1,7,0.57999999999999996,-0.047142117564082583,-5.6232819253342167e-05
1,7,0.58999999999999997,-0.048238804053174114,-4.2433224736997382e-05
1,7,0.59999999999999998,-0.04933262742804001,-2.8549186476127509e-05
1,7,0.60999999999999999,-0.050422961834111608,-1.4632393054268269e-05
1,7,0.62,-0.051509164101802937,-6.6553421439045132e-07
1,7,0.63,-0.052590565059827066,1.3307171271250491e-05
1,7,0.64000000000000001,-0.053666588988205068,2.7291997653880224e-05
1,7,0.65000000000000002,-0.054736613276652475,4.1234559841870798e-05
1,7,0.66000000000000003,-0.055800028278699225,5.5160595476769084e-05
1,7,0.67000000000000004,-0.056856361678495393,6.9017245182887549e-05
1,7,0.68000000000000005,-0.057904979830429776,8.2804800954201308e-05
1,7,0.68999999999999995,-0.058945396934291405,9.65003437623792e-05
1,7,0.69999999999999996,-0.059977070336261096,0.00011007120863880046
1,7,0.70999999999999996,-0.060999538418715228,0.00012350947826685347
1,7,0.71999999999999997,-0.062012280387340149,0.00013677923007339324
1,7,0.72999999999999998,-0.063014849523904959,0.00014986501079718081
1,7,0.73999999999999999,-0.064006841569340361,0.0001627150461079983
1,7,0.75,-0.064987662922916439,0.00017534407742819322
1,7,0.76000000000000001,-0.065957232488074002,0.00018768398011650343
1,7,0.77000000000000002,-0.066914837657327503,0.00019974604263858515
1,7,0.78000000000000003,-0.067860345625313317,0.00021146783712299518
1,7,0.79000000000000004,-0.068793344634170112,0.00022284013747637143
1,7,0.80000000000000004,-0.069713478571784573,0.00023381569419550084
1,7,0.81000000000000005,-0.070620507561333493,0.0002443746445774499
1,7,0.81999999999999995,-0.071514073967045136,0.00025446818970726117
1,7,0.82999999999999996,-0.072393946688548788,0.00026405955191227833
1,7,0.83999999999999997,-0.073259817085394752,0.00027312746328671261
1,7,0.84999999999999998,-0.074111668954689014,0.0002816214118390156
1,7,0.85999999999999999,-0.074949065968786185,0.000289528379252809
1,7,0.87,-0.07577197472209575,0.0002967790242409093
1,7,0.88,-0.07658022779047792,0.00030337338060465712
1,7,0.89000000000000001,-0.07737357342689001,0.00030923273923638282
1,7,0.90000000000000002,-0.078151950657991173,0.00031435408081094006
1,7,0.91000000000000003,-0.078915378070167477,0.0003186696769380289
1,7,0.92000000000000004,-0.079663440436440122,0.00032214556628566671
1,7,0.93000000000000005,-0.080396410938572624,0.00032474759784882092
1,7,0.93999999999999995,-0.081114069531622007,0.0003264391922513285
1,7,0.94999999999999996,-0.081816406739754322,0.00032718297903743193
1,7,0.95999999999999996,-0.082503422844431407,0.00032693438505706671
1,7,0.96999999999999997,-0.083175178493875374,0.00032567027023630563
1,7,0.97999999999999998,-0.083831598617077757,0.0003233323554075928
1,7,0.98999999999999999,-0.084472669532501626,0.00031990487608469815
1,7,1,-0.085098795501790697,0.00031534127118298255
1,8,0,-0.0010388083073216564,-0.0011932840449121393
1,8,0.01,-0.001192424480046932,-0.0013615048825089855
1,8,0.02,-0.0013592143142262245,-0.0015429461523286008
1,8,0.029999999999999999,-0.0015401829592628026,-0.001738498835889611
1,8,0.040000000000000001,-0.0017352276512987463,-0.0019479440537540727
1,8,0.050000000000000003,-0.001945152431075265,-0.0021719592725223066
1,8,0.059999999999999998,-0.0021698801094112504,-0.0024103630322022535
1,8,0.070000000000000007,-0.0024098592636376025,-0.0026634841568612751
1,8,0.080000000000000002,-0.0026653899035523009,-0.0029315146567576908
1,8,0.089999999999999997,-0.0029365815270328702,-0.0032144590460875919
1,8,0.10000000000000001,-0.0032237840761024693,-0.0035125687915233614
1,8,0.11,-0.0035268325086530569,-0.0038255969746291986
1,8,0.12,-0.0038464014702264885,-0.0041541092560177743
1,8,0.13,-0.0041820313824050175,-0.0044975952309087696
1,8,0.14000000000000001,-0.0045342017590728305,-0.0048564498404999566
1,8,0.14999999999999999,-0.0049025990153081095,-0.0052303162474209176
1,8,0.16,-0.0052876256992324252,-0.0056195232516741854
1,8,0.17000000000000001,-0.0056889195051620881,-0.0060236929308774365
1,8,0.17999999999999999,-0.0061065500643469875,-0.0064428561295046694
1,8,0.19,-0.0065404721175495043,-0.0068769476361033388
1,8,0.20000000000000001,-0.0069905278465133506,-0.0073257992698593129
1,8,0.20999999999999999,-0.0074566273549013379,-0.0077893270756989839
1,8,0.22,-0.0079384446166851849,-0.0082672203793337385
1,8,0.23000000000000001,-0.0084360137220958406,-0.008759527313482866
1,8,0.23999999999999999,-0.0089489423006748336,-0.0092658906997283678
1,8,0.25,-0.0094769916234779331,-0.0097861251949537317
1,8,0.26000000000000001,-0.010019907102294461,-0.010320014513134669
1,8,0.27000000000000002,-0.010577431004381296,-0.010867369252599471
1,8,0.28000000000000003,-0.011149228249904677,-0.011427917403489309
1,8,0.28999999999999998,-0.011734759206513731,-0.012001214889086446
1,8,0.29999999999999999,-0.012333958046138651,-0.012587258434040552
1,8,0.31,-0.012946159705255828,-0.013185494330164298
1,8,0.32000000000000001,-0.013571185804606355,-0.013795828265110412
1,8,0.33000000000000002,-0.014208310782333831,-0.014417653330710482
1,8,0.34000000000000002,-0.014857415912550867,-0.015050944994019013
1,8,0.34999999999999998,-0.015517772290864025,-0.015695099769507059
1,8,0.35999999999999999,-0.016189059071573912,-0.016349901818023371
1,8,0.37,-0.016870627030893186,-0.017014829532312106
1,8,0.38,-0.017562179526642803,-0.017689697627685706
1,8,0.39000000000000001,-0.018263037975084689,-0.018373958299818687
1,8,0.40000000000000002,-0.018972689097510695,-0.019067202884580494
1,8,0.40999999999999998,-0.019690672814964612,-0.019769108691893789
1,8,0.41999999999999998,-0.020416379090901805,-0.020479170866498687
1,8,0.42999999999999999,-0.021149310070409651,-0.021197016090046348
1,8,0.44,-0.021888819049652987,-0.021922093654162443
1,8,0.45000000000000001,-0.02263447570406741,-0.022654100696334799
1,8,0.46000000000000002,-0.023385613163943351,-0.023392461625899863
1,8,0.46999999999999997,-0.024141756027704402,-0.024136801235311596
1,8,0.47999999999999998,-0.024902254003962804,-0.024886553304838587
1,8,0.48999999999999999,-0.025666663562264349,-0.025641377859977124
1,8,0.5,-0.026434322250089098,-0.026400677923033477
1,8,0.51000000000000001,-0.027204773186555179,-0.027164065058417404
1,8,0.52000000000000002,-0.027977393371431229,-0.027930979276674026
1,8,0.53000000000000003,-0.028751704218860714,-0.02870101414091402
1,8,0.54000000000000004,-0.029527126975825484,-0.029473610472741607
1,8,0.55000000000000004,-0.030303176927744296,-0.030248334150309759
1,8,0.56000000000000005,-0.031079314091798801,-0.031024662220523851
1,8,0.56999999999999995,-0.031855038092205634,-0.031802140725244205
1,8,0.57999999999999996,-0.032629868909690822,-0.032580255611896293
1,8,0.58999999999999997,-0.03340331755266128,-0.033358554867144015
1,8,0.59999999999999998,-0.034174908083021018,-0.034136526171498649
1,8,0.60999999999999999,-0.034944169448584653,-0.034913719302967633
1,8,0.62,-0.035710692182751684,-0.03568964367496872
1,8,0.63,-0.036474039257630195,-0.036463866312471935
1,8,0.64000000000000001,-0.037233732602948114,-0.037235854558720173
1,8,0.65000000000000002,-0.037989448347932463,-0.038005231101480665
1,8,0.66000000000000003,-0.038740755731614826,-0.038771497892975265
1,8,0.67000000000000004,-0.039487325667866842,-0.039534261361564516
1,8,0.68000000000000005,-0.040228694791161333,-0.040293005687747963
1,8,0.68999999999999995,-0.040964666015031112,-0.04104741353330349
1,8,0.69999999999999996,-0.04169479094921201,-0.041796989053153558
1,8,0.70999999999999996,-0.042418845859692272,-0.042541381750756849
1,8,0.71999999999999997,-0.043136416909205305,-0.043280127236107815
1,8,0.72999999999999998,-0.043847372922483724,-0.044012935447978588
1,8,0.73999999999999999,-0.044551357158304924,-0.044739398336655564
1,8,0.75,-0.045248102308941711,-0.045459102625117279
1,8,0.76000000000000001,-0.045937404556176266,-0.046171772741840214
1,8,0.77000000000000002,-0.046619061305054978,-0.046877050308835204
1,8,0.78000000000000003,-0.047292864653332586,-0.047574653314367887
1,8,0.79000000000000004,-0.047958531907538418,-0.048264169776319837
1,8,0.80000000000000004,-0.048616014878366948,-0.04894544130796756
1,8,0.81000000000000005,-0.049265066850573615,-0.049618110553373236
1,8,0.81999999999999995,-0.049905559246211179,-0.050281934535611361
1,8,0.82999999999999996,-0.050537325000645054,-0.050936650992317735
1,8,0.83999999999999997,-0.051160270656585558,-0.051582035981259822
1,8,0.84999999999999998,-0.051774340198483093,-0.052217957924027829
1,8,0.85999999999999999,-0.052379246168792234,-0.05284399955586129
1,8,0.87,-0.052975109580512478,-0.053460223794800539
1,8,0.88,-0.053561669596140504,-0.054066226218661757
1,8,0.89000000000000001,-0.054139072910576645,-0.054662118271101678
1,8,0.90000000000000002,-0.054706942832639098,-0.055247398049118449
1,8,0.91000000000000003,-0.055265542110084581,-0.055822283025430533
1,8,0.92000000000000004,-0.055814644673232217,-0.056386451194061028
1,8,0.93000000000000005,-0.05635430448942759,-0.056939901909114715
1,8,0.93999999999999995,-0.056884428679155101,-0.05748248562790903
1,8,0.94999999999999996,-0.057405034917946657,-0.058014144543924083
1,8,0.95999999999999996,-0.057916219376011789,-0.058534961665903475
1,8,0.96999999999999997,-0.058417729851242953,-0.05904459181946059
1,8,0.97999999999999998,-0.058909873865142938,-0.059543374699672233
1,8,0.98999999999999999,-0.059392357207182875,-0.060030898792289532
1,8,1,-0.059865614563458514,-0.060507679475088061
2,1,0,0.00016140663626430796,-0.0017750273405460482
2,1,0.01,0.00017781533785952693,-0.0020222330200068148
2,1,0.02,0.00019500576907154646,-0.002289526305435519
2,1,0.029999999999999999,0.00021296939568217764,-0.002577363127211729
2,1,0.040000000000000001,0.00023169637821659599,-0.0028861564625484175
2,1,0.050000000000000003,0.000251178183536125,-0.0032163135979122797
2,1,0.059999999999999998,0.00027140916864104055,-0.0035683658119258755
2,1,0.070000000000000007,0.00029236543600646595,-0.003942482416037979
2,1,0.080000000000000002,0.00031402367550213358,-0.0043388016203255806
2,1,0.089999999999999997,0.00033636068756692761,-0.0047574854234308716
2,1,0.10000000000000001,0.00035935464239782167,-0.0051987584667745196
2,1,0.11,0.00038297716919369259,-0.0056628104541919209
2,1,0.12,0.00040719202177513401,-0.0061496184273541277
2,1,0.13,0.00043196233762425801,-0.0066591560148990363
2,1,0.14000000000000001,0.00045724645168825052,-0.0071913881790017925
2,1,0.14999999999999999,0.00048299745895552732,-0.0077463075003810578
2,1,0.16,0.00050916343517855463,-0.0083237594000470164
2,1,0.17000000000000001,0.00053569033010977959,-0.0089236368710410054
2,1,0.17999999999999999,0.00056251667076021267,-0.0095456033303294857
2,1,0.19,0.00058957769388646888,-0.010189443360630029
2,1,0.20000000000000001,0.0006167962082648192,-0.01085507790732812
2,1,0.20999999999999999,0.00064410229838456924,-0.011541965315959652
2,1,0.22,0.00067141771947263641,-0.012249906932210541
2,1,0.23000000000000001,0.00069865836139014112,-0.012978358203641151
2,1,0.23999999999999999,0.00072573430516553977,-0.013726915896540121
2,1,0.25,0.00075254492181007701,-0.014495214927296897
2,1,0.26000000000000001,0.00077899230495726978,-0.01528272400322026
2,1,0.27000000000000002,0.00080498108921349116,-0.016088960199537018
2,1,0.28000000000000003,0.00083040671239198124,-0.016913320464598508
2,1,0.28999999999999998,0.00085515420003650202,-0.017755243243043891
2,1,0.29999999999999999,0.00087910762302949731,-0.018614152266598773
2,1,0.31,0.00090216116018523352,-0.019489361037906158
2,1,0.32000000000000001,0.00092418274798500223,-0.02038035039606843
2,1,0.33000000000000002,0.00094505617779059182,-0.021286460026399331
2,1,0.34000000000000002,0.00096465070893569232,-0.022206990738060157
2,1,0.34999999999999998,0.00098284770971536484,-0.023141222162236935
2,1,0.35999999999999999,0.00099952857122301134,-0.024088429962025266
2,1,0.37,0.0010145649363733696,-0.025047939097769922
2,1,0.38,0.001027810627510263,-0.026019157369163815
2,1,0.39000000000000001,0.0010391190684152334,-0.027001315086028571
2,1,0.40000000000000002,0.0010483932419184661,-0.027993602488959494
2,1,0.40999999999999998,0.0010555083087271839,-0.028995294314767054
2,1,0.41999999999999998,0.0010603377474995698,-0.030005672764674887
2,1,0.42999999999999999,0.0010627391197225219,-0.031024136598409861
2,1,0.44,0.0010625694242898615,-0.032049904838900897
2,1,0.45000000000000001,0.0010597180653568773,-0.033082214016193962
2,1,0.46000000000000002,0.0010540862140431594,-0.034120344245866199
2,1,0.46999999999999997,0.0010455571819680859,-0.035163602199027366
2,1,0.47999999999999998,0.0010339932911032929,-0.036211375397382568
2,1,0.48999999999999999,0.0010192795045290786,-0.037262954422778771
2,1,0.5,0.0010013353703289887,-0.038317624824759748
2,1,0.51000000000000001,0.00098002400480938436,-0.039374745501500309
2,1,0.52000000000000002,0.000955278224167108,-0.040433680433658886
2,1,0.53000000000000003,0.00092697364097764248,-0.041493842672982097
2,1,0.54000000000000004,0.00089502045029408181,-0.042554647891785494
2,1,0.55000000000000004,0.00085935893977385743,-0.04361547093160803
2,1,0.56000000000000005,0.00081990788588068102,-0.044675757758971001
2,1,0.56999999999999995,0.0007765634081349749,-0.045734970027917606
2,1,0.57999999999999996,0.00072924048101837805,-0.046792572060267767
2,1,0.58999999999999997,0.00067788609726156647,-0.047848132954937526
2,1,0.59999999999999998,0.00062246703552646678,-0.048901135137793303
2,1,0.60999999999999999,0.00056292830459606319,-0.049951135521967699
2,1,0.62,0.00049921713023752339,-0.050997709742912276
2,1,0.63,0.00043124370886828264,-0.052040408991458592
2,1,0.64000000000000001,0.00035897545194928386,-0.05307893392880364
2,1,0.65000000000000002,0.0002824169669280556,-0.05411291618941913
2,1,0.66000000000000003,0.00020154425373897981,-0.055142032540319304
2,1,0.67000000000000004,0.0001163228199973049,-0.056165970236225528
2,1,0.68000000000000005,2.672390286986124e-05,-0.057184437745120088
2,1,0.68999999999999995,-6.727180605596106e-05,-0.058197245638270653
2,1,0.69999999999999996,-0.00016568723012040204,-0.059204166861676247
2,1,0.70999999999999996,-0.00026848459725305939,-0.060205016744439878
2,1,0.71999999999999997,-0.00037567904078691651,-0.061199584491871462
2,1,0.72999999999999998,-0.00048725927008241908,-0.062187739681805146
2,1,0.73999999999999999,-0.00060321122128743595,-0.063169400135266104
2,1,0.75,-0.00072353057943373386,-0.064144467971054955
2,1,0.76000000000000001,-0.000848212035027822,-0.065112868233909452
2,1,0.77000000000000002,-0.00097721590680713874,-0.066074494252472166
2,1,0.78000000000000003,-0.0011104959588081735,-0.067029376703728674
2,1,0.79000000000000004,-0.0012480157459175806,-0.067977529889237248
2,1,0.80000000000000004,-0.0013897652064947033,-0.06891894933154602
2,1,0.81000000000000005,-0.0015356760950974743,-0.069853689726396107
2,1,0.81999999999999995,-0.0016857495484431625,-0.070781726780597215
2,1,0.82999999999999996,-0.0018398962272538368,-0.071703228387609133
2,1,0.83999999999999997,-0.0019980563316203993,-0.072618291575057392
2,1,0.84999999999999998,-0.0021601973111411827,-0.073526997646628817
2,1,0.85999999999999999,-0.0023262501811902822,-0.074429470079937721
2,1,0.87,-0.0024961563994994962,-0.075325825899403176
2,1,0.88,-0.0026698485853152553,-0.076216291016975635
2,1,0.89000000000000001,-0.0028472577975930738,-0.077101041130279838
2,1,0.90000000000000002,-0.0030283137481519227,-0.077980232684234721
2,1,0.91000000000000003,-0.0032129520118108533,-0.078854021809459093
2,1,0.92000000000000004,-0.0034010828682359993,-0.079722647933556642
2,1,0.93000000000000005,-0.0035926184502343144,-0.080586368890165946
2,1,0.93999999999999995,-0.0037874833571538017,-0.081445416644647564
2,1,0.94999999999999996,-0.0039856094233587103,-0.08230002128921822
2,1,0.95999999999999996,-0.0041869203538433524,-0.083150333987068115
2,1,0.96999999999999997,-0.004391301269351589,-0.0839966883222176
2,1,0.97999999999999998,-0.0045986587159353338,-0.084839356419429607
2,1,0.98999999999999999,-0.0048089019286399175,-0.085678598069137066
2,1,1,-0.0050219384113062288,-0.086514676602954921
2,2,0,0.001499780779043669,-0.00018396448948779232
2,2,0.01,0.0017206900066393796,-0.00024670912396902874
2,2,0.02,0.0019594743470390474,-0.00032021612556592388
2,2,0.029999999999999999,0.0022164394687925974,-0.00040520614194302214
2,2,0.040000000000000001,0.002491932493113044,-0.00050243388877733856
2,2,0.050000000000000003,0.0027862653762671056,-0.00061265483241210628
2,2,0.059999999999999998,0.0030996006429365457,-0.00073651193734812189
2,2,0.070000000000000007,0.0034319400536008925,-0.00087454341873822073
2,2,0.080000000000000002,0.0037834037493284112,-0.0010273735021510406
2,2,0.089999999999999997,0.0041539673107401165,-0.0011955160186607056
2,2,0.10000000000000001,0.0045437980527971294,-0.0013796433133688717
2,2,0.11,0.0049528045014434969,-0.0015802306449682986
2,2,0.12,0.0053806862011799928,-0.0017975628883936709
2,2,0.13,0.0058272868410579369,-0.0020320450587921544
2,2,0.14000000000000001,0.0062926177585668919,-0.0022842639610899779
2,2,0.14999999999999999,0.0067763899691885244,-0.0025545031431179893
2,2,0.16,0.0072781592481273426,-0.0028429058016639086
2,2,0.17000000000000001,0.0077976029875401892,-0.0031497388356835476
2,2,0.17999999999999999,0.0083344374675839647,-0.0034753166650119847
2,2,0.19,0.0088882246712295235,-0.0038197695554471577
2,2,0.20000000000000001,0.0094584926876657375,-0.0041831934703789909
2,2,0.20999999999999999,0.01004475381911463,-0.0045657115251903748
2,2,0.22,0.010646396843911075,-0.0049672383959779593
2,2,0.23000000000000001,0.011262923709997706,-0.0053878436104231745
2,2,0.23999999999999999,0.011893788868805219,-0.0058275599001585887
2,2,0.25,0.012538322851186966,-0.0062862304652342143
2,2,0.26000000000000001,0.013195794140204024,-0.006763607135656889
2,2,0.27000000000000002,0.013865621566528544,-0.0072596594944721142
2,2,0.28000000000000003,0.014547121743747926,-0.0077742141973136019
2,2,0.28999999999999998,0.01523952255627809,-0.0083069180652692535
2,2,0.29999999999999999,0.015942087988146132,-0.0088574791359336477
2,2,0.31,0.016654129639250018,-0.0094257193309322113
2,2,0.32000000000000001,0.017374836489139893,-0.010011161474845712
2,2,0.33000000000000002,0.018103454053914697,-0.010613446204907014
2,2,0.34000000000000002,0.018839229688779678,-0.011232229819100017
2,2,0.34999999999999998,0.019581368549715702,-0.011867024410235294
2,2,0.35999999999999999,0.020329092455701473,-0.012517346736578328
2,2,0.37,0.021081629772590073,-0.01318273775729953
2,2,0.38,0.021838208718993907,-0.013862701454678418
2,2,0.39000000000000001,0.022598062611738912,-0.014556673619072915
2,2,0.40000000000000002,0.023360436930555978,-0.015264108533285692
2,2,0.40999999999999998,0.024124582305599288,-0.015984487205380392
2,2,0.41999999999999998,0.024889761573019625,-0.016717180346540024
2,2,0.42999999999999999,0.025655259849122002,-0.017461550205440646
2,2,0.44,0.02642037452049642,-0.018217119925440006
2,2,0.45000000000000001,0.027184421435454645,-0.018983193867106628
2,2,0.46000000000000002,0.02794674029902381,-0.019759139095771545
2,2,0.46999999999999997,0.028706688824258694,-0.020544354721319661
2,2,0.47999999999999998,0.029463644594129756,-0.021338239152156897
2,2,0.48999999999999999,0.030217011650335024,-0.022140157980651481
2,2,0.5,0.030966251054101203,-0.022949435599922414
2,2,0.51000000000000001,0.031710763742712048,-0.023765540823009194
2,2,0.52000000000000002,0.032450098971089976,-0.024587773263874756
2,2,0.53000000000000003,0.033183734188488981,-0.025415566473547403
2,2,0.54000000000000004,0.033911214700604701,-0.026248319292609207
2,2,0.55000000000000004,0.034632123612763827,-0.027085428745950019
2,2,0.56000000000000005,0.035346073436024486,-0.027926312017565715
2,2,0.56999999999999995,0.036052693155331425,-0.028770402317842943
2,2,0.57999999999999996,0.036751596879376125,-0.029617165740389553
2,2,0.58999999999999997,0.037442554191059983,-0.030466039997576189
2,2,0.59999999999999998,0.03812524306366688,-0.031316521873102243
2,2,0.60999999999999999,0.038799412401988836,-0.032168098824591117
2,2,0.62,0.039464854516233716,-0.033020276673690944
2,2,0.63,0.040121384525693728,-0.033872605015963037
2,2,0.64000000000000001,0.040768826969172375,-0.034724631942107724
2,2,0.65000000000000002,0.041407043328414772,-0.035575936905208036
2,2,0.66000000000000003,0.042035941231818384,-0.036426104262618247
2,2,0.67000000000000004,0.042655435615149784,-0.037274758475613852
2,2,0.68000000000000005,0.04326544897980987,-0.038121536496430637
2,2,0.68999999999999995,0.043865948823329767,-0.0389661174558983
2,2,0.69999999999999996,0.044456942412505245,-0.039808178901633788
2,2,0.70999999999999996,0.045038402531841271,-0.040647400810147366
2,2,0.71999999999999997,0.045610401815118093,-0.041483551491880634
2,2,0.72999999999999998,0.046172973678126804,-0.042316387444485071
2,2,0.73999999999999999,0.046726139466731348,-0.043145665708701361
2,2,0.75,0.047270002532788472,-0.043971174119281031
2,2,0.76000000000000001,0.047804717174791754,-0.044792778305914015
2,2,0.77000000000000002,0.048330344414757191,-0.045610299790321412
2,2,0.78000000000000003,0.048846971009788256,-0.046423596265722636
2,2,0.79000000000000004,0.049354755557219084,-0.047232560195075921
2,2,0.80000000000000004,0.049853881753843893,-0.048037121340766695
2,2,0.81000000000000005,0.050344480616070678,-0.048837181152873138
2,2,0.81999999999999995,0.050826688686161692,-0.04963270549908947
2,2,0.82999999999999996,0.051300644603802403,-0.050423658060782375
2,2,0.83999999999999997,0.051766544952259075,-0.051210001417029347
2,2,0.84999999999999998,0.052224594586415693,-0.051991774218165018
2,2,0.85999999999999999,0.052674960253077691,-0.052769002645178212
2,2,0.87,0.05311774685343177,-0.053541692177684772
2,2,0.88,0.053553126205095621,-0.054309866237033363
2,2,0.89000000000000001,0.053981342930731105,-0.055073652662906696
2,2,0.90000000000000002,0.054402560549634146,-0.055833128390696568
2,2,0.91000000000000003,0.054816899794641674,-0.056588339509747773
2,2,0.92000000000000004,0.055224461725805057,-0.0573393895910254
2,2,0.93000000000000005,0.055625482426468538,-0.058086423312114346
2,2,0.93999999999999995,0.056020104879814445,-0.058829551737821777
2,2,0.94999999999999996,0.056408468351240346,-0.059568915754801582
2,2,0.95999999999999996,0.056790634506288303,-0.060304642164475522
2,2,0.96999999999999997,0.057166721283240546,-0.061036877792759653
2,2,0.97999999999999998,0.057536878555683478,-0.061765801648982668
2,2,0.98999999999999999,0.057901205538042858,-0.062491593829494353
2,2,1,0.058259781757824272,-0.06321441983215452
2,3,0,0.0012508291198270322,-0.00023964720351848934
2,3,0.01,0.0014694374417130607,-0.00023192572966802678
2,3,0.02,0.001708699562267697,-0.00022195475834241838
2,3,0.029999999999999999,0.0019691549877782159,-0.00020979515894977043
2,3,0.040000000000000001,0.0022510572347930304,-0.00019552426182533857
2,3,0.050000000000000003,0.0025548367834385328,-0.00017921650014292935
2,3,0.059999999999999998,0.0028805745468540095,-0.00016099486917222857
2,3,0.070000000000000007,0.003228495720852926,-0.00014097243236426693
2,3,0.080000000000000002,0.0035987528016426912,-0.00011927604034298839
2,3,0.089999999999999997,0.0039913467886707604,-9.6030612438514521e-05
2,3,0.10000000000000001,0.0044062496619791114,-7.1403427799371252e-05
2,3,0.11,0.0048433120559119407,-4.554266073562163e-05
2,3,0.12,0.0053025945646846418,-1.8600864127654487e-05
2,3,0.13,0.0057838447810672731,9.2730730017265891e-06
2,3,0.14000000000000001,0.0062869529982295278,3.788116455328842e-05
2,3,0.14999999999999999,0.0068115423486023244,6.7056963780146012e-05
2,3,0.16,0.0073574912704075781,9.6639477013518726e-05
2,3,0.17000000000000001,0.0079243596361053322,0.00012646224169724778
2,3,0.17999999999999999,0.0085118151945944402,0.00015633504856365159
2,3,0.19,0.0091194595965616645,0.00018609411783207058
2,3,0.20000000000000001,0.0097469941175760792,0.00021559682883503121
2,3,0.20999999999999999,0.010393903945701909,0.00024466080775168927
2,3,0.22,0.011059690777121762,0.00027312272807995363
2,3,0.23000000000000001,0.011743932319681374,0.00030082274398624448
2,3,0.23999999999999999,0.012446115503927765,0.00032766613464038885
2,3,0.25,0.013165749790493675,0.00035347256150251513
2,3,0.26000000000000001,0.01390222923817567,0.00037813918804515268
2,3,0.27000000000000002,0.014655090694721901,0.00040152612312877457
2,3,0.28000000000000003,0.015423760009128965,0.00042356685116087334
2,3,0.28999999999999998,0.016207693358285709,0.0004441183286944965
2,3,0.29999999999999999,0.017006282559347705,0.00046310636992355627
2,3,0.31,0.017818999195888127,0.00048046022499215597
2,3,0.32000000000000001,0.018645326471152052,0.00049612508750796749
2,3,0.33000000000000002,0.019484623288537027,0.00051003676514941622
2,3,0.34000000000000002,0.020336346237290963,0.00052214824741443708
2,3,0.34999999999999998,0.021199928535211635,0.00053244252281474261
2,3,0.35999999999999999,0.022074893405180991,0.0005408813887138003
2,3,0.37,0.022960601009968711,0.00054746312286157355
2,3,0.38,0.023856591070593985,0.00055217749930554379
2,3,0.39000000000000001,0.024762280248537334,0.00055505859668176388
2,3,0.40000000000000002,0.025677211229060304,0.00055610783170728921
2,3,0.40999999999999998,0.0266007950744362,0.00055536940042810908
2,3,0.41999999999999998,0.027532587958643578,0.00055287283579758982
2,3,0.42999999999999999,0.028472108929717795,0.00054866844159921161
2,3,0.44,0.029418905118086616,0.00054280304766600126
2,3,0.45000000000000001,0.030372495140489245,0.00053534711854675491
2,3,0.46000000000000002,0.031332424453824642,0.00052637261311413693
2,3,0.46999999999999997,0.032298313300279435,0.00051594382678506591
2,3,0.47999999999999998,0.033269695611527532,0.00050414786608655906
2,3,0.48999999999999999,0.034246218674013673,0.00049106839513027051
2,3,0.5,0.035227445721393927,0.00047679438995738149
2,3,0.51000000000000001,0.036213107375006492,0.00046140029300985807
2,3,0.52000000000000002,0.03720274909270762,0.00044499387702837134
2,3,0.53000000000000003,0.038196090110363332,0.00042767393046401643
2,3,0.54000000000000004,0.039192766619691469,0.00040952906759794769
2,3,0.55000000000000004,0.040192503735353838,0.0003906475419211586
2,3,0.56000000000000005,0.041194979851971625,0.00037113487104733264
2,3,0.56999999999999995,0.042199919125997604,0.00035108021987615562
2,3,0.57999999999999996,0.043207064662806313,0.00033058464110366167
2,3,0.58999999999999997,0.044216138061656626,0.00030972401338737448
2,3,0.59999999999999998,0.045226920259712186,0.00028860580259402753
2,3,0.60999999999999999,0.046239145566415868,0.00026730170219657276
2,3,0.62,0.047252636819820996,0.00024590334921549876
2,3,0.63,0.048267124644200375,0.00022445654988917645
2,3,0.64000000000000001,0.049282474913925359,0.00020307006302019515
2,3,0.65000000000000002,0.050298453286813864,0.0001818047246978829
2,3,0.66000000000000003,0.051314916583639514,0.00016073003848012912
2,3,0.67000000000000004,0.052331663112115581,0.00013988512749956979
2,3,0.68000000000000005,0.053348564978007509,0.00011934222204689328
2,3,0.68999999999999995,0.054365457666330025,9.9135783679321502e-05
2,3,0.69999999999999996,0.055382183438034027,7.9285503979695227e-05
2,3,0.70999999999999996,0.056398636161122846,5.9854218388268217e-05
2,3,0.71999999999999997,0.057414680265734569,4.0876584513143961e-05
2,3,0.72999999999999998,0.058430227947181758,2.239103342660542e-05
2,3,0.73999999999999999,0.059445111918696676,4.3665823558965838e-06
2,3,0.75,0.060459297459972368,-1.3142521920379152e-05
2,3,0.76000000000000001,0.061472625958643709,-3.0190585919556397e-05
2,3,0.77000000000000002,0.062485075772030538,-4.6722887820985475e-05
2,3,0.78000000000000003,0.063496501656767054,-6.2788314280966631e-05
2,3,0.79000000000000004,0.064506887772885213,-7.8354114613840651e-05
2,3,0.80000000000000004,0.065516140383699739,-9.3454208092176388e-05
2,3,0.81000000000000005,0.066524211721329385,-0.00010812154914453104
2,3,0.81999999999999995,0.067531020096179672,-0.00012241810482566562
2,3,0.82999999999999996,0.068536539733546675,-0.00013636229266917081
2,3,0.83999999999999997,0.069540744309517663,-0.00014998452413390287
2,3,0.84999999999999998,0.07054357198102959,-0.00016334857793724896
2,3,0.85999999999999999,0.071545017175159001,-0.00017648721014785584
2,3,0.87,0.07254503244843219,-0.00018946297833206136
2,3,0.88,0.073543639613060999,-0.00020235224038777939
2,3,0.89000000000000001,0.074540776020633553,-0.00021525056924859948
2,3,0.90000000000000002,0.075536483104220523,-0.00022820135769591583
2,3,0.91000000000000003,0.076530738780760069,-0.00024129428648304646
2,3,0.92000000000000004,0.077523572201601415,-0.00025460531069350655
2,3,0.93000000000000005,0.078514969444969024,-0.00026823120257385912
2,3,0.93999999999999995,0.079504956219210499,-0.00028224982097126237
2,3,0.94999999999999996,0.080493558352833505,-0.0002967915481832775
2,3,0.95999999999999996,0.081480806592285182,-0.00031193924068678811
2,3,0.96999999999999997,0.082466732647870078,-0.00032780856925610532
2,3,0.97999999999999998,0.083451369788824725,-0.00034450210136227958
2,3,0.98999999999999999,0.084434776473938614,-0.00036213751929117723
2,3,1,0.085416979771782031,-0.00038082436793334534
2,4,0,0.00068463316707505217,0.00066738718560339916
2,4,0.01,0.00084320657315203103,0.00085205931550698041
2,4,0.02,0.0010206404717220631,0.0010635078711811088
2,4,0.029999999999999999,0.0012173644165770223,0.0013027441797521253
2,4,0.040000000000000001,0.0014334662166360888,0.0015703780705207482
2,4,0.050000000000000003,0.0016691400486306435,0.0018670978150372309
2,4,0.059999999999999998,0.001924417496605633,0.0021933773476764079
2,4,0.070000000000000007,0.0021992615777731879,0.0025495667596116649
2,4,0.080000000000000002,0.0024936616876367369,0.0029359913512524501
2,4,0.089999999999999997,0.0028073644775485681,0.0033526457087186988
2,4,0.10000000000000001,0.0031403297420324549,0.0037997009558584038
2,4,0.11,0.0034921477332947523,0.0042768649987419277
2,4,0.12,0.0038626703497778516,0.0047840337153073759
2,4,0.13,0.0042513926983892576,0.0053206458042981183
2,4,0.14000000000000001,0.0046580302676120129,0.0058863192700310974
2,4,0.14999999999999999,0.0050820852618909118,0.0064803553700411741
2,4,0.16,0.0055231112218412787,0.0071020414143943503
2,4,0.17000000000000001,0.0059806279655248238,0.0077505542097481561
2,4,0.17999999999999999,0.0064540490021066082,0.0084248760453191109
2,4,0.19,0.0069429202727088225,0.0091240745383029797
2,4,0.20000000000000001,0.0074465390843158705,0.0098468597969104173
2,4,0.20999999999999999,0.0079645091768778247,0.010592259721471903
2,4,0.22,0.0084960434109163513,0.011358733728647779
2,4,0.23000000000000001,0.0090406556956126247,0.01214506293712201
2,4,0.23999999999999999,0.0095976501282030377,0.012949726835521395
2,4,0.25,0.010166461414284615,0.013771310295890913
2,4,0.26000000000000001,0.01074646048138617,0.014608277683158952
2,4,0.27000000000000002,0.011337027059524477,0.015459063445718353
2,4,0.28000000000000003,0.011937598778269581,0.016322137601828334
2,4,0.28999999999999998,0.012547524464997352,0.017195832131084936
2,4,0.29999999999999999,0.013166305435110413,0.01807864237545144
2,4,0.31,0.013793305364334395,0.018968874119225047
2,4,0.32000000000000001,0.014428041364366862,0.019865010576453321
2,4,0.33000000000000002,0.015069920140710843,0.020765390537774875
2,4,0.34000000000000002,0.015718473239291229,0.021668511650228706
2,4,0.34999999999999998,0.016373187999678657,0.02257281866398396
2,4,0.35999999999999999,0.017033604204975194,0.023476835561760574
2,4,0.37,0.017699278436781173,0.024379126308616852
2,4,0.38,0.018369775977619022,0.02527828439755482
2,4,0.39000000000000001,0.019044709106026323,0.026173003290377785
2,4,0.40000000000000002,0.019723683931006212,0.027061985696162028
2,4,0.40999999999999998,0.020406365500243578,0.027944055820477157
2,4,0.41999999999999998,0.021092399403266501,0.02881806376239468
2,4,0.42999999999999999,0.021781468349789262,0.029682973595206809
2,4,0.44,0.022473281768957069,0.030537812320504721
2,4,0.45000000000000001,0.023167557968974472,0.031381697012372561
2,4,0.46000000000000002,0.023864039266939634,0.032213828892077273
2,4,0.46999999999999997,0.024562489044488746,0.03303350155033849
2,4,0.47999999999999998,0.025262664617932667,0.033840083959798838
2,4,0.48999999999999999,0.025964382178137305,0.034633063851740906
2,4,0.5,0.026667396954258411,0.035411968075577012
2,4,0.51000000000000001,0.027371583057111421,0.036176466704057046
2,4,0.52000000000000002,0.028076694474851172,0.036926265671308633
2,4,0.53000000000000003,0.028782618605594237,0.037661230177972835
2,4,0.54000000000000004,0.029489151120143154,0.038381232736673571
2,4,0.55000000000000004,0.030196164274004338,0.039086282352765331
2,4,0.56000000000000005,0.030903499977974952,0.039776438023309435
2,4,0.56999999999999995,0.031611002065679482,0.040451830867322312
2,4,0.57999999999999996,0.032318562734219243,0.041112700641488961
2,4,0.58999999999999997,0.033025986677507557,0.041759277419964436
2,4,0.59999999999999998,0.033733219332416006,0.042391971266581979
2,4,0.60999999999999999,0.034440030682918073,0.043011058359679277
2,4,0.62,0.035146384073656077,0.043617112805642962
2,4,0.63,0.035852059955141728,0.04421055653501621
2,4,0.64000000000000001,0.036556988500358233,0.044791982725763325
2,4,0.65000000000000002,0.037260999477430001,0.045361932537509836
2,4,0.66000000000000003,0.037963973702435275,0.045921021919979842
2,4,0.67000000000000004,0.038665792882717487,0.046469892328639149
2,4,0.68000000000000005,0.039366287169647615,0.047009158040602336
2,4,0.68999999999999995,0.040065391937528519,0.047539540198850178
2,4,0.69999999999999996,0.040762887856153902,0.048061629062633719
2,4,0.70999999999999996,0.041458757794389352,0.048576183344061628
2,4,0.71999999999999997,0.042152768931799457,0.049083795395770652
2,4,0.72999999999999998,0.042844889761990856,0.049585212414554734
2,4,0.73999999999999999,0.043534939740979474,0.050081033224485288
2,4,0.75,0.0442228439857386,0.050571932023354194
2,4,0.76000000000000001,0.044908486917945967,0.051058520200745715
2,4,0.77000000000000002,0.045591764996311679,0.051541389173689868
2,4,0.78000000000000003,0.046272626937689826,0.052021144717569814
2,4,0.79000000000000004,0.046950937110033487,0.052498280561782032
2,4,0.80000000000000004,0.047626701345122952,0.052973377550610747
2,4,0.81000000000000005,0.048299771051201562,0.053446824027434732
2,4,0.81999999999999995,0.048970175254288456,0.053919147538360385
2,4,0.82999999999999996,0.049637797832921493,0.054390683662240175
2,4,0.83999999999999997,0.050302654787805191,0.054861835258945904
2,4,0.84999999999999998,0.050964694081321038,0.055332893914107083
2,4,0.85999999999999999,0.051623914357358774,0.055804143517799901
2,4,0.87,0.052280325897345284,0.056275824194497101
2,4,0.88,0.05293392503146379,0.056748109217878401
2,4,0.89000000000000001,0.053584786550532851,0.05722118439058009
2,4,0.90000000000000002,0.054232902663573813,0.057695116246090826
2,4,0.91000000000000003,0.054878395656041828,0.058170030608689749
2,4,0.92000000000000004,0.055521272761313828,0.058645905202424395
2,4,0.93000000000000005,0.056161662948455142,0.059122769808503034
2,4,0.93999999999999995,0.056799624429811513,0.059600555139297115
2,4,0.94999999999999996,0.057435278541472956,0.060079197354326083
2,4,0.95999999999999996,0.058068730750202843,0.060558581258551361
2,4,0.96999999999999997,0.058700097397479979,0.061038563802334855
2,4,0.97999999999999998,0.059329524123389848,0.06151898770896766
2,4,0.98999999999999999,0.059957123615889132,0.061999645809590928
2,4,1,0.060583074314413184,0.062480344148578212
2,5,0,-0.00056391211483515502,0.001649013364550693
2,5,0.01,-0.00059457008998854526,0.0018715980180778768
2,5,0.02,-0.00062482025930526595,0.002111492157377836
2,5,0.029999999999999999,-0.00065458209283067166,0.002369366293133948
2,5,0.040000000000000001,-0.00068377297668650253,0.0026453419600086922
2,5,0.050000000000000003,-0.00071231664029077217,0.0029399876087177344
2,5,0.059999999999999998,-0.00074013240703586498,0.0032535405800643647
2,5,0.070000000000000007,-0.00076715282184528779,0.003586400893177309
2,5,0.080000000000000002,-0.00079331707029965291,0.0039386116552824601
2,5,0.089999999999999997,-0.00081856108696033757,0.0043105396275334891
2,5,0.10000000000000001,-0.00084283088524600143,0.0047022408243758643
2,5,0.11,-0.00086605735947503269,0.0051140707915678643
2,5,0.12,-0.00088820379341076716,0.0055459560512473383
2,5,0.13,-0.00090922047387707655,0.0059980608136443328
2,5,0.14000000000000001,-0.00092906395804866052,0.0064704443112726835
2,5,0.14999999999999999,-0.00094769836406555794,0.0069630601121888208
2,5,0.16,-0.00096506645597486951,0.0074761066278069832
2,5,0.17000000000000001,-0.0009811558562004281,0.0080093459203325647
2,5,0.17999999999999999,-0.00099592863590778073,0.0085628515844836991
2,5,0.19,-0.0010093669007759255,0.0091363732464317341
2,5,0.20000000000000001,-0.0010214313092192396,0.009730005234388231
2,5,0.20999999999999999,-0.0010320990308129768,0.010343477065977304
2,5,0.22,-0.0010413506525920502,0.010976697758446445
2,5,0.23000000000000001,-0.0010491915851448489,0.011629218190831583
2,5,0.23999999999999999,-0.0010555811316007328,0.012301089869638552
2,5,0.25,-0.0010605366732136107,0.012991761612954275
2,5,0.26000000000000001,-0.0010639897717648443,0.013701554573200244
2,5,0.27000000000000002,-0.0010659911096891649,0.014429568857330374
2,5,0.28000000000000003,-0.0010665001633296516,0.015175778278218241
2,5,0.28999999999999998,-0.0010655434645860246,0.015939576393046474
2,5,0.29999999999999999,-0.001063087550578809,0.016720836038945783
2,5,0.31,-0.001059136087354877,0.017519082412229728
2,5,0.32000000000000001,-0.0010536831569409647,0.018334018312139724
2,5,0.33000000000000002,-0.0010467517167880285,0.019165037909468767
2,5,0.34000000000000002,-0.0010383246385055208,0.020011849662615277
2,5,0.34999999999999998,-0.001028418766634065,0.020873883614873676
2,5,0.35999999999999999,-0.0010170041737881104,0.021750821086566566
2,5,0.37,-0.0010041125914767753,0.022642029716743513
2,5,0.38,-0.00098974321317740039,0.023547062006344412
2,5,0.39000000000000001,-0.00097389982732764993,0.024465407202955522
2,5,0.40000000000000002,-0.000956591344043678,0.025396504541393292
2,5,0.40999999999999998,-0.00093779398349819187,0.026339943744618458
2,5,0.41999999999999998,-0.00091754546439421565,0.027295061994370338
2,5,0.42999999999999999,-0.00089582993864076646,0.028261410528028504
2,5,0.44,-0.00087267641025521594,0.029238319895213038
2,5,0.45000000000000001,-0.00084805820629156028,0.03022535914757369
2,5,0.46000000000000002,-0.00082199881150211247,0.031221872741396383
2,5,0.46999999999999997,-0.00079447493128267672,0.032227379314825791
2,5,0.47999999999999998,-0.00076553767310036565,0.033241164129002146
2,5,0.48999999999999999,-0.00073513265972883156,0.034262826509990879
2,5,0.5,-0.0007033230201645424,0.035291630430330567
2,5,0.51000000000000001,-0.00067002668656177141,0.036327261933732272
2,5,0.52000000000000002,-0.0006353268228632919,0.03736889962302891
2,5,0.53000000000000003,-0.00059915516031342582,0.038416137559796421
2,5,0.54000000000000004,-0.00056156989112233742,0.039468289699707948
2,5,0.55000000000000004,-0.00052251063356556775,0.040524919106067113
2,5,0.56000000000000005,-0.00048201461142555673,0.041585391241492957
2,5,0.56999999999999995,-0.00044004137846523188,0.042649227192262558
2,5,0.57999999999999996,-0.00039662173555212154,0.043715832588146888
2,5,0.58999999999999997,-0.00035171034600804815,0.044784749254957387
2,5,0.59999999999999998,-0.00030532478015650184,0.045855415820939188
2,5,0.60999999999999999,-0.00025742970454987985,0.046927330190691369
2,5,0.62,-0.00020803195762715399,0.047999988358380784
2,5,0.63,-0.0001571106491709844,0.049072905172144902
2,5,0.64000000000000001,-0.00010464946931058793,0.050145603935450089
2,5,0.65000000000000002,-5.0638210391740134e-05,0.051217627350466151
2,5,0.66000000000000003,4.9570716567917742e-06,0.052288500171889594
2,5,0.67000000000000004,6.213360651629797e-05,0.053357803442950366
2,5,0.68000000000000005,0.00012094631856062808,0.054425127787871112
2,5,0.68999999999999995,0.00018137518865812366,0.0554900365897745
2,5,0.69999999999999996,0.00024349293933283996,0.056552133933761975
2,5,0.70999999999999996,0.00030726478460350718,0.057610993648423814
2,5,0.71999999999999997,0.00037278516986733839,0.058666302798659073
2,5,0.72999999999999998,0.00044000812606815004,0.059717702740983127
2,5,0.73999999999999999,0.0005090466498133613,0.060764856492418508
2,5,0.75,0.00057983858496438168,0.061807445926018667
2,5,0.76000000000000001,0.00065252251723029375,0.062845049474946638
2,5,0.77000000000000002,0.0007270236563934005,0.063877485086870356
2,5,0.78000000000000003,0.00080347178769106823,0.064904453061695316
2,5,0.79000000000000004,0.00088181387693144864,0.065925716271944573
2,5,0.80000000000000004,0.00096216565128117706,0.066940999754513203
2,5,0.81000000000000005,0.0010444822939262458,0.067950028339778382
2,5,0.81999999999999995,0.0011288779091047012,0.068952601341420894
2,5,0.82999999999999996,0.0012153333609379881,0.069948558333816024
2,5,0.83999999999999997,0.0013039377342192046,0.070937681247802337
2,5,0.84999999999999998,0.0013946898220772109,0.071919821668389033
2,5,0.85999999999999999,0.0014876424445716316,0.072894733374533296
2,5,0.87,0.0015828268408606396,0.073862356429189646
2,5,0.88,0.001680296651418893,0.074822538616226883
2,5,0.89000000000000001,0.0017800921542119701,0.075775160917628565
2,5,0.90000000000000002,0.0018822381194426472,0.07672013981893859
2,5,0.91000000000000003,0.0019867811039928269,0.077657288650406733
2,5,0.92000000000000004,0.0020937448521702955,0.078586618974292075
2,5,0.93000000000000005,0.0022032098512633348,0.079508015543944446
2,5,0.93999999999999995,0.0023151606316708147,0.080421478193595936
2,5,0.94999999999999996,0.0024297007226948609,0.081326892375666343
2,5,0.95999999999999996,0.0025467741076088566,0.082224233839025787
2,5,0.96999999999999997,0.0026665079402506363,0.083113472455131343
2,5,0.97999999999999998,0.0027888438636622234,0.083994684246513227
2,5,0.98999999999999999,0.002913915734664626,0.084867757156420809
2,5,1,0.0030416409683832746,0.08573281121269466
2,6,0,-0.001779006909670075,0.00073240570359613816
2,6,0.01,-0.00197725480701221,0.00084522179911718817
2,6,0.02,-0.0021866625232486721,0.00096855848623153269
2,6,0.029999999999999999,-0.0024074930461686246,0.0011031008496942087
2,6,0.040000000000000001,-0.0026395476195298622,0.0012490497349171568
2,6,0.050000000000000003,-0.002882911434675531,0.0014069148572091847
2,6,0.059999999999999998,-0.0031375853928780791,0.001577113086035463
2,6,0.070000000000000007,-0.0034034690343039803,0.0017599667971954576
2,6,0.080000000000000002,-0.0036803832894541071,0.0019556779318067731
2,6,0.089999999999999997,-0.0039683865118117301,0.002164734976746394
2,6,0.10000000000000001,-0.0042672129748413546,0.0023872161748703909
2,6,0.11,-0.0045770343909779035,0.0026237514326237525
2,6,0.12,-0.0048974939938530452,0.0028742864210681124
2,6,0.13,-0.0052286106328031327,0.0031392360185596691
2,6,0.14000000000000001,-0.0055701575513177528,0.0034186767678039344
2,6,0.14999999999999999,-0.0059220670591606569,0.0037128927495348051
2,6,0.16,-0.0062842429007383075,0.0040221078956892992
2,6,0.17000000000000001,-0.0066564786273932402,0.0043463758923157313
2,6,0.17999999999999999,-0.0070386607759537791,0.0046858619494800687
2,6,0.19,-0.007430668864373496,0.0050407001706013537
2,6,0.20000000000000001,-0.0078322899382516666,0.0054108866590503934
2,6,0.20999999999999999,-0.0082435143504047629,0.0057966622831738188
2,6,0.22,-0.0086640226118487838,0.0061977953857648236
2,6,0.23000000000000001,-0.0090938080266716997,0.0066145051758862601
2,6,0.23999999999999999,-0.0095326894536969138,0.0070467196238425886
2,6,0.25,-0.0099804828929300135,0.00749435073366214
2,6,0.26000000000000001,-0.010437146314495101,0.0079574609235513235
2,6,0.27000000000000002,-0.010902403534022796,0.0084357472950576419
2,6,0.28000000000000003,-0.011376210325761343,0.0089292379541845313
2,6,0.28999999999999998,-0.011858459350071873,0.0094378532426777732
2,6,0.29999999999999999,-0.012348946382707764,0.0099613154778989219
2,6,0.31,-0.01284762621556682,0.01049954330544604
2,6,0.32000000000000001,-0.013354282946075536,0.011052185008254035
2,6,0.33000000000000002,-0.013868814769670938,0.011619032346863274
2,6,0.34000000000000002,-0.014391200701157228,0.012200001732602113
2,6,0.34999999999999998,-0.014921175225956436,0.012794563994950672
2,6,0.35999999999999999,-0.015458789269116799,0.013402641888523009
2,6,0.37,-0.016003737266341356,0.014023612019268616
2,6,0.38,-0.016556051225823397,0.014657329567938394
2,6,0.39000000000000001,-0.017115574185184529,0.01530336863506335
2,6,0.40000000000000002,-0.017682243780067677,0.015961373151530903
2,6,0.40999999999999998,-0.01825595386129638,0.01663090397302492
2,6,0.41999999999999998,-0.018836589382734852,0.017311505417844569
2,6,0.42999999999999999,-0.019424022445181505,0.018002684915718974
2,6,0.44,-0.02001829159498179,0.018704160850852625
2,6,0.45000000000000001,-0.020619145295830477,0.019415225212033316
2,6,0.46000000000000002,-0.02122673556645014,0.020135678662225875
2,6,0.46999999999999997,-0.021840728693215593,0.020864704118682666
2,6,0.47999999999999998,-0.022461246372998546,0.021602028705594845
2,6,0.48999999999999999,-0.023088087707418409,0.022346980072180483
2,6,0.5,-0.023721255354831772,0.023099105012549689
2,6,0.51000000000000001,-0.024360689091767598,0.023857872649901503
2,6,0.52000000000000002,-0.025006316322652863,0.024622724941220774
2,6,0.53000000000000003,-0.025658005341437393,0.025393046511522042
2,6,0.54000000000000004,-0.026315817515846569,0.026168389571349069
2,6,0.55000000000000004,-0.026979510608880319,0.026948051496678109
2,6,0.56000000000000005,-0.027649258625829419,0.027731656073677707
2,6,0.56999999999999995,-0.028324792370496881,0.028518488306420873
2,6,0.57999999999999996,-0.029006202667018484,0.029308071494111021
2,6,0.58999999999999997,-0.029693320239946582,0.030099792288268049
2,6,0.59999999999999998,-0.03038612126506153,0.030893122854217143
2,6,0.60999999999999999,-0.031084559517079714,0.031687521490854034
2,6,0.62,-0.031788580335620979,0.032482435676532626
2,6,0.63,-0.032498088750463013,0.03327729120123743
2,6,0.64000000000000001,-0.033213061226198146,0.034071590564757302
2,6,0.65000000000000002,-0.033933326449234219,0.034864798207289549
2,6,0.66000000000000003,-0.034658956292806173,0.035656415132934452
2,6,0.67000000000000004,-0.035389757588190421,0.036445918463278611
2,6,0.68000000000000005,-0.036125755059666961,0.037232794453814388
2,6,0.68999999999999995,-0.036866801122673008,0.038016597744478985
2,6,0.69999999999999996,-0.037612802840491538,0.038796870632738373
2,6,0.70999999999999996,-0.038363730164998847,0.039573144743017624
2,6,0.71999999999999997,-0.039119443723655181,0.040344978005586563
2,6,0.72999999999999998,-0.039879890067246099,0.041111932854384498
2,6,0.73999999999999999,-0.040644958040779618,0.041873627871410531
2,6,0.75,-0.041414497069299283,0.042629718979169097
2,6,0.76000000000000001,-0.042188473852457602,0.043379776648414622
2,6,0.77000000000000002,-0.042966722034152992,0.044123470043127583
2,6,0.78000000000000003,-0.043749147322715738,0.044860471765519716
2,6,0.79000000000000004,-0.044535644559906384,0.045590452994209024
2,6,0.80000000000000004,-0.045326026443422533,0.04631321043266054
2,6,0.81000000000000005,-0.046120241122074218,0.047028360551604739
2,6,0.81999999999999995,-0.046918085352068338,0.047735727390007074
2,6,0.82999999999999996,-0.047719456190108492,0.048435059331046283
2,6,0.83999999999999997,-0.048524191955398199,0.049126168532714246
2,6,0.84999999999999998,-0.049332138228374942,0.049808892418287225
2,6,0.85999999999999999,-0.050143158230866069,0.050483010418857277
2,6,0.87,-0.050957079114848224,0.051148414156203054
2,6,0.88,-0.051773719909464833,0.051805046479176775
2,6,0.89000000000000001,-0.052592949441944779,0.052452719303165654
2,6,0.90000000000000002,-0.053414548166644926,0.053091494597105486
2,6,0.91000000000000003,-0.054238411415626242,0.053721087880127805
2,6,0.92000000000000004,-0.055064284238635179,0.054341735870426559
2,6,0.93000000000000005,-0.055892038811732443,0.054953254636521204
2,6,0.93999999999999995,-0.056721452018020799,0.055555797350479587
2,6,0.94999999999999996,-0.057552362567503249,0.056149300556913181
2,6,0.95999999999999996,-0.058384568812258189,0.056733805328422204
2,6,0.96999999999999997,-0.05921788296059137,0.057309411819838729
2,6,0.97999999999999998,-0.060052088127789761,0.057876328396288958
2,6,0.98999999999999999,-0.06088701970258395,0.058434473550803959
2,6,1,-0.061722441135834291,0.058984264521968935
2,7,0,-0.0013299226258381841,-1.5493225368777563e-05
2,7,0.01,-0.0015868905188000419,-2.1805672737077293e-05
2,7,0.02,-0.001872166712856367,-2.9032562114923594e-05
2,7,0.029999999999999999,-0.0021867952951200977,-3.7086008316649036e-05
2,7,0.040000000000000001,-0.0025315789964418358,-4.5856375499310766e-05
2,7,0.050000000000000003,-0.002907250779532038,-5.5220034715225753e-05
2,7,0.059999999999999998,-0.003314601872015926,-6.5064517436850134e-05
2,7,0.070000000000000007,-0.0037537744116505952,-7.5246098449540096e-05
2,7,0.080000000000000002,-0.0042254037942446076,-8.5632539246170147e-05
2,7,0.089999999999999997,-0.0047297387399270838,-9.6092299271941946e-05
2,7,0.10000000000000001,-0.0052668198570403283,-0.0001065033036905187
2,7,0.11,-0.0058369865700231057,-0.00011675129086844426
2,7,0.12,-0.0064399519259974967,-0.00012672046512018472
2,7,0.13,-0.007075825211990636,-0.0001363100354593554
2,7,0.14000000000000001,-0.0077441057397683042,-0.00014543394356051801
2,7,0.14999999999999999,-0.0084445108061440531,-0.00015401461778947188
2,7,0.16,-0.0091768968920735647,-0.00016198669828231958
2,7,0.17000000000000001,-0.0099404101680852733,-0.00016929782550674448
2,7,0.17999999999999999,-0.010734627166070185,-0.00017590419514341366
2,7,0.19,-0.01155862321193841,-0.0001817779775848757
2,7,0.20000000000000001,-0.01241183082468264,-0.0001869025812008429
2,7,0.20999999999999999,-0.013293423058919444,-0.0001912644399055305
2,7,0.22,-0.014202217504546045,-0.00019486586808924164
2,7,0.23000000000000001,-0.015137422234138477,-0.00019771554400718996
2,7,0.23999999999999999,-0.016097854170377415,-0.00019983747687366015
2,7,0.25,-0.017082424865687451,-0.0002012491742551803
2,7,0.26000000000000001,-0.018090000433168611,-0.00020197095002431556
2,7,0.27000000000000002,-0.019119224487153415,-0.00020204119028531506
2,7,0.28000000000000003,-0.020168999307828176,-0.00020150864956689581
2,7,0.28999999999999998,-0.021237805592414623,-0.00020039848950604189
2,7,0.29999999999999999,-0.0223244237326988,-0.00019875441823824505
2,7,0.31,-0.023427512877284992,-0.00019660950734593232
2,7,0.32000000000000001,-0.024545618668889605,-0.00019402119940393147
2,7,0.33000000000000002,-0.025677350897266464,-0.0001910238375779819
2,7,0.34000000000000002,-0.026821228925564183,-0.00018765186627886087
2,7,0.34999999999999998,-0.027975914116929335,-0.00018395830347284268
2,7,0.35999999999999999,-0.029139986071195511,-0.00017996950745669736
2,7,0.37,-0.03031197946753815,-0.00017572482605449189
2,7,0.38,-0.03149049667930158,-0.00017126196944197342
2,7,0.39000000000000001,-0.032674113728113227,-0.00016661648868842736
2,7,0.40000000000000002,-0.033861472393263196,-0.00016183183150725452
2,7,0.40999999999999998,-0.035051272859016408,-0.00015691460770196625
2,7,0.41999999999999998,-0.036242144614368935,-0.00015191142458699936
2,7,0.42999999999999999,-0.037432748173955255,-0.00014686259528908836
2,7,0.44,-0.0386218571948682,-0.0001417899743464119
2,7,0.45000000000000001,-0.039808237230439886,-0.00013673297706775153
2,7,0.46000000000000002,-0.040990783511840462,-0.00013170947314674326
2,7,0.46999999999999997,-0.042168209957519458,-0.00012677976131655064
2,7,0.47999999999999998,-0.043339500164208629,-0.00012196970019483387
2,7,0.48999999999999999,-0.04450364146225997,-0.00011731710977566764
2,7,0.5,-0.04565958781709694,-0.00011287343994106219
2,7,0.51000000000000001,-0.046806385255734863,-0.00010868378818756639
2,7,0.52000000000000002,-0.047943144460319706,-0.00010480393212521376
2,7,0.53000000000000003,-0.049069099140028938,-0.00010128432913160941
2,7,0.54000000000000004,-0.050183443745198342,-9.8190219405467759e-05
2,7,0.55000000000000004,-0.05128533146066571,-9.5597293532206299e-05
2,7,0.56000000000000005,-0.052374284944928823,-9.3569997017046042e-05
2,7,0.56999999999999995,-0.053449560778910797,-9.2198042022248813e-05
2,7,0.57999999999999996,-0.054510694166808288,-9.1560264275677023e-05
2,7,0.58999999999999997,-0.055557087937109471,-9.1755189813520809e-05
2,7,0.59999999999999998,-0.056588369709772254,-9.2880714601188653e-05
2,7,0.60999999999999999,-0.057604220701652484,-9.5046076718591547e-05
2,7,0.62,-0.058604105366705773,-9.8368384168647432e-05
2,7,0.63,-0.059587906956568404,-0.00010295374732445362
2,7,0.64000000000000001,-0.060555355087291748,-0.00010893040830201652
2,7,0.65000000000000002,-0.061506299577882027,-0.00011642387424935378
2,7,0.66000000000000003,-0.06244055802458872,-0.00012557703525607668
2,7,0.67000000000000004,-0.063357972448809419,-0.00013652090539679218
2,7,0.68000000000000005,-0.064258696382091945,-0.00014938351892304321
2,7,0.68999999999999995,-0.065142599480181376,-0.00016431458304760899
2,7,0.69999999999999996,-0.066009723962685757,-0.00018145098502406122
2,7,0.70999999999999996,-0.066860158349128757,-0.00020095613211328935
2,7,0.71999999999999997,-0.067693993032989647,-0.0002229632006989167
2,7,0.72999999999999998,-0.068511497671361318,-0.00024760605148139021
2,7,0.73999999999999999,-0.069312628650734398,-0.00027503716217352656
2,7,0.75,-0.070097769055361109,-0.00030538943817835437
2,7,0.76000000000000001,-0.070867055974052254,-0.00033882926814056012
2,7,0.77000000000000002,-0.071620744999142602,-0.00037547179167057658
2,7,0.78000000000000003,-0.072359146227876897,-0.00041543357346450195
2,7,0.79000000000000004,-0.073082456318297878,-0.00045885943219776135
2,7,0.80000000000000004,-0.073791109607293626,-0.00050585336694198863
2,7,0.81000000000000005,-0.074485273983712075,-0.00055656428591138642
2,7,0.81999999999999995,-0.07516530834201933,-0.00061106640784911424
2,7,0.82999999999999996,-0.075831634372697923,-0.00066945380042730059
2,7,0.83999999999999997,-0.076484472850875868,-0.00073183321812267334
2,7,0.84999999999999998,-0.077124265057848945,-0.00079826340107025319
2,7,0.85999999999999999,-0.077751203168016203,-0.00086885755374776618
2,7,0.87,-0.078365743443663996,-0.00094364558343725067
2,7,0.88,-0.078968238877422103,-0.0010226748285910709
2,7,0.89000000000000001,-0.079558946008663228,-0.0011059925953709852
2,7,0.90000000000000002,-0.080138279889808151,-0.0011936105036584642
2,7,0.91000000000000003,-0.080706438651717796,-0.0012856029862871581
2,7,0.92000000000000004,-0.081263849100196822,-0.0013819331221735583
2,7,0.93000000000000005,-0.08181079789406917,-0.0014825874313201036
2,7,0.93999999999999995,-0.082347563977183041,-0.001587564033566923
2,7,0.94999999999999996,-0.082874491880277318,-0.0016968267781990948
2,7,0.95999999999999996,-0.083391733346013477,-0.0018103916402606346
2,7,0.96999999999999997,-0.083899659402923238,-0.0019281429966867293
2,7,0.97999999999999998,-0.084398512490181585,-0.0020500424091910267
2,7,0.98999999999999999,-0.084888530897781256,-0.0021760270959775437
2,7,1,-0.085369974120945408,-0.0023060080606887093
2,8,0,-0.0005415897942766118,-0.00093893247352042075
2,8,0.01,-0.00067741586510320533,-0.001148894553942252
2,8,0.02,-0.00083296056605795137,-0.0013858047834219771
2,8,0.029999999999999999,-0.0010090510472555664,-0.001650277306965708
2,8,0.040000000000000001,-0.0012063333044672804,-0.0019426201180655668
2,8,0.050000000000000003,-0.0014253757372433701,-0.0022629824988297798
2,8,0.059999999999999998,-0.0016667755654243626,-0.0026114981016809886
2,8,0.070000000000000007,-0.0019308505379569023,-0.0029878894553731828
2,8,0.080000000000000002,-0.0022180563727189533,-0.0033919977226951913
2,8,0.089999999999999997,-0.0025284927761786416,-0.0038232144097787618
2,8,0.10000000000000001,-0.0028623521788031132,-0.0042810098206048502
2,8,0.11,-0.0032197114584574366,-0.0047646898727118549
2,8,0.12,-0.0036005542533092912,-0.0052734371977158582
2,8,0.13,-0.0040048757924813589,-0.0058064223312308304
2,8,0.14000000000000001,-0.0044323626778518307,-0.0063624838461666449
2,8,0.14999999999999999,-0.0048829213792134854,-0.0069406725790604369
2,8,0.16,-0.0053561568292564282,-0.0075397533268061522
2,8,0.17000000000000001,-0.0058517159611946807,-0.0081585395946963558
2,8,0.17999999999999999,-0.0063692478360672031,-0.0087958485847197433
2,8,0.19,-0.0069081179763757408,-0.0094502592934781332
2,8,0.20000000000000001,-0.0074679476787024119,-0.01012059450044343
2,8,0.20999999999999999,-0.0080480098011304606,-0.010805412157729939
2,8,0.22,-0.008647795413827505,-0.011503473560205573
2,8,0.23000000000000001,-0.0092666544886776878,-0.012213466349646308
2,8,0.23999999999999999,-0.0099037915975624807,-0.012934008544096778
2,8,0.25,-0.010558560599126084,-0.013663868521637052
2,8,0.26000000000000001,-0.011230083453455317,-0.014401695063851616
2,8,0.27000000000000002,-0.011917692561425025,-0.015146345452534887
2,8,0.28000000000000003,-0.012620499208547379,-0.015896582264344525
2,8,0.28999999999999998,-0.013337758836480869,-0.016651312060317384
2,8,0.29999999999999999,-0.014068617132353616,-0.017409437149605477
2,8,0.31,-0.014812124351186597,-0.018169873199601911
2,8,0.32000000000000001,-0.015567547310031432,-0.018931713884036434
2,8,0.33000000000000002,-0.016333886539933722,-0.019693985369107637
2,8,0.34000000000000002,-0.017110381947132859,-0.020455890461943148
2,8,0.34999999999999998,-0.017896098046515766,-0.021216622475850089
2,8,0.35999999999999999,-0.018690147686941744,-0.021975468978848233
2,8,0.37,-0.019491712445628986,-0.022731809092995325
2,8,0.38,-0.020299816967198979,-0.023485014350992834
2,8,0.39000000000000001,-0.021113694154246087,-0.024234604834285006
2,8,0.40000000000000002,-0.021932410675409891,-0.024980104683955982
2,8,0.40999999999999998,-0.022755136046193468,-0.025721145839957639
2,8,0.41999999999999998,-0.02358102111919784,-0.026457400934691889
2,8,0.42999999999999999,-0.024409206070788322,-0.027188596714572053
2,8,0.44,-0.02523892962829849,-0.027914532467442479
2,8,0.45000000000000001,-0.026069319603696652,-0.028635014554160045
2,8,0.46000000000000002,-0.026899639024404273,-0.029349931421419145
2,8,0.46999999999999997,-0.027729080086111663,-0.03005921365058218
2,8,0.47999999999999998,-0.02855690436949156,-0.030762825839776742
2,8,0.48999999999999999,-0.029382396830612362,-0.03146076451930202
2,8,0.5,-0.030204828260730052,-0.032153060550765729
2,8,0.51000000000000001,-0.031023527691846235,-0.032839715260322901
2,8,0.52000000000000002,-0.031837833580978706,-0.033520851045163461
2,8,0.53000000000000003,-0.032647143246041968,-0.034196549487794992
2,8,0.54000000000000004,-0.033450860621788467,-0.034866915223206903
2,8,0.55000000000000004,-0.034248426979426559,-0.035532060462821355
2,8,0.56000000000000005,-0.035039313615284076,-0.036192070349479244
2,8,0.56999999999999995,-0.035823026595245194,-0.03684707108815001
2,8,0.57999999999999996,-0.036599085149758487,-0.037497157303703232
2,8,0.58999999999999997,-0.03736709753556932,-0.038142458105684923
2,8,0.59999999999999998,-0.038126682234689874,-0.038783057913581685
2,8,0.60999999999999999,-0.038877493758666851,-0.039419034509128745
2,8,0.62,-0.039619224274786716,-0.040050435072274786
2,8,0.63,-0.040351585270105482,-0.040677308546250873
2,8,0.64000000000000001,-0.041074388633700123,-0.041299722608868175
2,8,0.65000000000000002,-0.041787386771576313,-0.041917639019213623
2,8,0.66000000000000003,-0.042490464088916574,-0.042531068848262785
2,8,0.67000000000000004,-0.04318350629112503,-0.043139968552207766
2,8,0.68000000000000005,-0.043866402755185066,-0.043744253087859869
2,8,0.68999999999999995,-0.044539169694264469,-0.044343895026482255
2,8,0.69999999999999996,-0.045201724083095959,-0.044938744213839824
2,8,0.70999999999999996,-0.045854155624912851,-0.045528716336718573
2,8,0.71999999999999997,-0.046496449411908419,-0.046113619166194664
2,8,0.72999999999999998,-0.047128684054105224,-0.046693266981227978
2,8,0.73999999999999999,-0.047751018907903786,-0.047267511722991581
2,8,0.75,-0.048363531738942575,-0.047836117100736222
2,8,0.76000000000000001,-0.048966453972871235,-0.048398901883093391
2,8,0.77000000000000002,-0.049559882747954295,-0.048955572263843346
2,8,0.78000000000000003,-0.050144071091569611,-0.049505897020133298
2,8,0.79000000000000004,-0.050719178355676964,-0.050049562639920588
2,8,0.80000000000000004,-0.051285428895524968,-0.050586294248002775
2,8,0.81000000000000005,-0.051843141910505146,-0.051115848634741154
2,8,0.81999999999999995,-0.052392465579907538,-0.051637874072104933
2,8,0.82999999999999996,-0.052933767548181222,-0.052152121374722901
2,8,0.83999999999999997,-0.053467225041104752,-0.052658229044674508
2,8,0.84999999999999998,-0.053993155816820682,-0.0531559160821223
2,8,0.85999999999999999,-0.054511839107042007,-0.053644874397052067
2,8,0.87,-0.055023490870186667,-0.054124757905872137
2,8,0.88,-0.055528495448965806,-0.054595326733917385
2,8,0.89000000000000001,-0.056027020712886386,-0.055056227756864362
2,8,0.90000000000000002,-0.056519424463079185,-0.055507211010734442
2,8,0.91000000000000003,-0.057005939334295819,-0.055947989168838801
2,8,0.92000000000000004,-0.057486835459173845,-0.056378297058032649
2,8,0.93000000000000005,-0.057962406655851069,-0.056797893740124644
2,8,0.93999999999999995,-0.058432809929424179,-0.057206474794051811
2,8,0.94999999999999996,-0.058898398218218816,-0.057603881419488814
2,8,0.95999999999999996,-0.059359322105496257,-0.057989862778172599
2,8,0.96999999999999997,-0.059815867164216177,-0.058364261591857973
2,8,0.97999999999999998,-0.060268230138487811,-0.058726895000867529
2,8,0.98999999999999999,-0.060716587471295026,-0.0590775948117091
2,8,1,-0.061161192323383587,-0.059416257563685272
