condition,attemptID,timeFromMO_Ms,unsmoothedSpeedMps
1,34,0,0.085554000832722216
1,34,1,0.088328476994938745
1,34,2,0.091131877958282884
1,34,3,0.093963374383972412
1,34,4,0.096822134228443629
1,34,5,0.099707322928912587
1,34,6,0.10261810358935002
1,34,7,0.105553637166894
1,34,8,0.10851308265871654
1,34,9,0.11149559728935365
1,34,10,0.11450033669850164
1,34,11,0.11752645512927584
1,34,12,0.12057310561692329
1,34,13,0.12363944017797429
1,34,14,0.12672460999981391
1,34,15,0.12982776563064932
1,34,16,0.13294805716984479
1,34,17,0.13608463445859223
1,34,18,0.13923664727088125
1,34,19,0.14240324550473005
1,34,20,0.1455835793736345
1,34,21,0.14877679959819015
1,34,22,0.15198205759783973
1,34,23,0.15519850568269569
1,34,24,0.15842529724538532
1,34,25,0.16166158695286387
1,34,26,0.16490653093813962
1,34,27,0.16815928699185262
1,34,28,0.17141901475364715
1,34,29,0.17468487590327775
1,34,30,0.17795603435138599
1,34,31,0.18123165642988445
1,34,32,0.18451091108188494
1,34,33,0.18779297005110371
1,34,34,0.19107700807067959
1,34,35,0.19436220305133753
1,34,36,0.19764773626883078
1,34,37,0.20093279255059437
1,34,38,0.20421656046154102
1,34,39,0.20749823248893304
1,34,40,0.21077700522626044
1,34,41,0.21405207955605726
1,34,42,0.21732266083158852
1,34,43,0.22058795905733752
1,34,44,0.22384718906822784
1,34,45,0.22709957070750933
1,34,46,0.23034432900324231
1,34,47,0.23358069434331133
1,34,48,0.23680790264890164
1,34,49,0.24002519554637197
1,34,50,0.24323182053745712
1,34,51,0.24642703116773443
1,34,52,0.24961008719328959
1,34,53,0.2527802547455168
1,34,54,0.25593680649398992
1,34,55,0.25907902180734133
1,34,56,0.26220618691208536
1,34,57,0.26531759504932689
1,34,58,0.26841254662929231
1,34,59,0.27149034938362343
1,34,60,0.27455031851537753
1,34,61,0.27759177684667213
1,34,62,0.28061405496392133
1,34,63,0.28361649136060446
1,34,64,0.28659843257751505
1,34,65,0.2895592333404346
1,34,66,0.29249825669517904
1,34,67,0.29541487413996714
1,34,68,0.29830846575505965
1,34,69,0.30117842032962017
1,34,70,0.30402413548575158
1,34,71,0.30684501779965895
1,34,72,0.30964048291989599
1,34,73,0.31240995568264956
1,34,74,0.31515287022402144
1,34,75,0.31786867008926345
1,34,76,0.3205568083389293
1,34,77,0.32321674765190256
1,34,78,0.3258479604252647
1,34,79,0.32844992887096713
1,34,80,0.33102214510927463
1,34,81,0.33356411125894542
1,34,82,0.33607533952411889
1,34,83,0.33855535227788064
1,34,84,0.34100368214247673
1,34,85,0.34341987206615093
1,34,86,0.3458034753965808
1,34,87,0.34815405595088794
1,34,88,0.35047118808220257
1,34,89,0.35275445674276046
1,34,90,0.35500345754351653
1,34,91,0.35721779681025456
1,34,92,0.35939709163618228
1,34,93,0.36154096993099449
1,34,94,0.36364907046639572
1,34,95,0.36572104291806906
1,34,96,0.36775654790408557
1,34,97,0.36975525701974649
1,34,98,0.3717168528688517
1,34,99,0.37364102909139379
1,34,100,0.37552749038767397
1,34,101,0.37737595253884026
1,34,102,0.37918614242385013
1,34,103,0.38095779803286006
1,34,104,0.38269066847704897
1,34,105,0.384384513994879
1,34,106,0.38603910595480567
1,34,107,0.38765422685444412
1,34,108,0.38922967031620664
1,34,109,0.39076524107942151
1,34,110,0.39226075498895097
1,34,111,0.39371603898032281
1,34,112,0.39513093106139557
1,34,113,0.39650528029057669
1,34,114,0.39783894675161474
1,34,115,0.39913180152498978
1,34,116,0.40038372665592536
1,34,117,0.40159461511905004
1,34,118,0.40276437077973459
1,34,119,0.40389290835213548
1,34,120,0.40498015335397514
1,34,121,0.4060260420580904
1,34,122,0.40703052144078467
1,34,123,0.40799354912701813
1,34,124,0.40891509333247184
1,34,125,0.40979513280252533
1,34,126,0.41063365674818608
1,34,127,0.41143066477901163
1,34,128,0.41218616683306752
1,34,129,0.41290018310396231
1,34,130,0.41357274396500637
1,34,131,0.41420388989053847
1,34,132,0.4147936713744691
1,34,133,0.415342148846086
1,34,134,0.41584939258317405
1,34,135,0.41631548262249757
1,34,136,0.41674050866769713
1,34,137,0.41712456999465419
1,34,138,0.41746777535437479
1,34,139,0.41777024287344927
1,34,140,0.4180320999521398
1,34,141,0.41825348316015587
1,34,142,0.41843453813017045
1,34,143,0.4185754194491374
1,34,144,0.41867629054746641
1,34,145,0.41873732358611648
1,34,146,0.41875869934166582
1,34,147,0.41874060708941896
1,34,148,0.41868324448461258
1,34,149,0.41858681744178078
1,34,150,0.41845154001234081
1,34,151,0.4182776342604641
1,34,152,0.41806533013729114
1,34,153,0.417814865353558
1,34,154,0.41752648525069302
1,34,155,0.41720044267045048
1,34,156,0.41683699782314398
1,34,157,0.41643641815454274
1,34,158,0.41599897821149562
1,34,159,0.41552495950634621
1,34,160,0.41501465038020457
1,34,161,0.41446834586513731
1,34,162,0.41388634754534254
1,34,163,0.41326896341737129
1,34,164,0.41261650774946146
1,34,165,0.41192930094004643
1,34,166,0.41120766937550141
1,34,167,0.41045194528719242
1,34,168,0.40966246660788863
1,34,169,0.40883957682760208
1,34,170,0.40798362484891643
1,34,171,0.40709496484186536
1,34,172,0.40617395609842394
1,34,173,0.40522096288667186
1,34,174,0.40423635430468968
1,34,175,0.40322050413424637
1,34,176,0.40217379069434017
1,34,177,0.40109659669464748
1,34,178,0.3999893090889402
1,34,179,0.39885231892852735
1,34,180,0.39768602121577773
1,34,181,0.39649081475777931
1,34,182,0.39526710202018928
1,34,183,0.39401528898133098
1,34,184,0.39273578498658734
1,34,185,0.39142900260314722
1,34,186,0.39009535747515295
1,34,187,0.38873526817930149
1,34,188,0.38734915608094778
1,34,189,0.38593744519076001
1,34,190,0.38450056202197419
1,34,191,0.38303893544829415
1,34,192,0.38155299656248393
1,34,193,0.38004317853569675
1,34,194,0.37850991647758525
1,34,195,0.37695364729723418
1,34,196,0.37537480956495883
1,34,197,0.37377384337500996
1,34,198,0.37215119020922399
1,34,199,0.37050729280165723
1,34,200,0.36884259500424366
1,34,201,0.36715754165350933
1,34,202,0.36545257843838264
1,34,203,0.36372815176913181
1,34,204,0.36198470864746563
1,34,205,0.36022269653782668
1,34,206,0.35844256323991147
1,34,207,0.356644756762445
1,34,208,0.35482972519824107
1,34,209,0.35299791660057384
1,34,210,0.35114977886089049
1,34,211,0.3492857595878886
1,34,212,0.347406305987984
1,34,213,0.34551186474719325
1,34,214,0.3436028819144536
1,34,215,0.34167980278640098
1,34,216,0.33974307179362884
1,34,217,0.33779313238844594
1,34,218,0.3358304269341531
1,34,219,0.33385539659585589
1,34,220,0.33186848123283108
1,34,221,0.32987011929246191
1,34,222,0.32786074770575774
1,34,223,0.32584080178447233
1,34,224,0.32381071511983384
1,34,225,0.3217709194828981
1,34,226,0.31972184472653825
1,34,227,0.31766391868908039
1,34,228,0.31559756709959375
1,34,229,0.31352321348484785
1,34,230,0.31144127907794111
1,34,231,0.30935218272860993
1,34,232,0.30725634081522546
1,34,233,0.30515416715848304
1,34,234,0.30304607293678876
1,34,235,0.30093246660334955
1,34,236,0.29881375380496905
1,34,237,0.29669033730255251
1,34,238,0.29456261689332308
1,34,239,0.29243098933475231
1,34,240,0.29029584827020422
1,34,241,0.288157584156295
1,34,242,0.28601658419196763
1,34,243,0.28387323224928113
1,34,244,0.28172790880591259
1,34,245,0.27958099087937166
1,34,246,0.27743285196292383
1,34,247,0.27528386196322119
1,34,248,0.27313438713963689
1,34,249,0.27098479004529941
1,34,250,0.26883542946982347
1,34,251,0.26668666038373312
1,34,252,0.26453883388457117
1,34,253,0.26239229714469098
1,34,254,0.26024739336072533
1,34,255,0.25810446170472462
1,34,256,0.25596383727696037
1,34,257,0.25382585106038674
1,34,258,0.25169082987675312
1,34,259,0.2495590963443601
1,34,260,0.24743096883745416
1,34,261,0.24530676144724986
1,34,262,0.24318678394457532
1,34,263,0.24107134174412989
1,34,264,0.23896073587034938
1,34,265,NaN
1,34,266,NaN
1,34,267,NaN
1,34,268,NaN
1,34,269,NaN
1,34,270,NaN
1,34,271,NaN
1,34,272,NaN
1,34,273,NaN
1,34,274,NaN
1,34,275,NaN
1,34,276,NaN
1,34,277,NaN
1,34,278,NaN
1,34,279,NaN
1,34,280,NaN
1,34,281,NaN
1,34,282,NaN
1,34,283,NaN
1,34,284,NaN
1,34,285,NaN
1,34,286,NaN
1,34,287,NaN
1,34,288,NaN
1,34,289,NaN
1,34,290,NaN
1,34,291,NaN
1,34,292,NaN
1,34,293,NaN
1,34,294,NaN
1,34,295,NaN
1,34,296,NaN
1,34,297,NaN
1,34,298,NaN
1,34,299,NaN
1,34,300,NaN
1,34,301,NaN
1,34,302,NaN
1,34,303,NaN
1,34,304,NaN
1,34,305,NaN
1,34,306,NaN
1,34,307,NaN
1,34,308,NaN
1,34,309,NaN
1,34,310,NaN
1,34,311,NaN
1,34,312,NaN
1,34,313,NaN
1,34,314,NaN
1,34,315,NaN
1,34,316,NaN
1,34,317,NaN
1,34,318,NaN
1,34,319,NaN
1,34,320,NaN
1,34,321,NaN
1,34,322,NaN
1,34,323,NaN
1,34,324,NaN
1,34,325,NaN
1,34,326,NaN
1,34,327,NaN
1,34,328,NaN
1,34,329,NaN
1,34,330,NaN
1,34,331,NaN
1,34,332,NaN
1,34,333,NaN
1,34,334,NaN
1,34,335,NaN
1,34,336,NaN
1,34,337,NaN
1,34,338,NaN
1,34,339,NaN
1,34,340,NaN
1,34,341,NaN
1,34,342,NaN
1,34,343,NaN
1,34,344,NaN
1,34,345,NaN
1,34,346,NaN
1,34,347,NaN
1,34,348,NaN
1,34,349,NaN
1,34,350,NaN
1,34,351,NaN
1,34,352,NaN
1,34,353,NaN
1,34,354,NaN
1,34,355,NaN
1,34,356,NaN
1,34,357,NaN
1,34,358,NaN
1,34,359,NaN
1,34,360,NaN
1,34,361,NaN
1,34,362,NaN
1,34,363,NaN
1,34,364,NaN
1,34,365,NaN
1,34,366,NaN
1,34,367,NaN
1,34,368,NaN
1,34,369,NaN
1,34,370,NaN
1,34,371,NaN
1,34,372,NaN
1,34,373,NaN
1,34,374,NaN
1,34,375,NaN
1,34,376,NaN
1,34,377,NaN
1,34,378,NaN
1,34,379,NaN
1,34,380,NaN
1,34,381,NaN
1,34,382,NaN
1,34,383,NaN
1,34,384,NaN
1,34,385,NaN
1,34,386,NaN
1,34,387,NaN
1,34,388,NaN
1,34,389,NaN
1,34,390,NaN
1,34,391,NaN
1,34,392,NaN
1,34,393,NaN
1,34,394,NaN
1,34,395,NaN
1,34,396,NaN
1,34,397,NaN
1,34,398,NaN
1,34,399,NaN
1,34,400,NaN
1,34,401,NaN
1,34,402,NaN
1,34,403,NaN
1,34,404,NaN
1,34,405,NaN
1,34,406,NaN
1,34,407,NaN
1,34,408,NaN
1,34,409,NaN
1,34,410,NaN
1,34,411,NaN
1,34,412,NaN
1,34,413,NaN
1,34,414,NaN
1,34,415,NaN
1,34,416,NaN
1,34,417,NaN
1,34,418,NaN
1,34,419,NaN
1,34,420,NaN
1,34,421,NaN
1,34,422,NaN
1,34,423,NaN
1,34,424,NaN
1,34,425,NaN
1,34,426,NaN
1,34,427,NaN
1,34,428,NaN
1,34,429,NaN
1,34,430,NaN
1,34,431,NaN
1,34,432,NaN
1,34,433,NaN
1,34,434,NaN
1,34,435,NaN
1,34,436,NaN
1,34,437,NaN
1,34,438,NaN
1,34,439,NaN
1,34,440,NaN
1,34,441,NaN
1,34,442,NaN
1,34,443,NaN
1,34,444,NaN
1,34,445,NaN
1,34,446,NaN
1,34,447,NaN
1,34,448,NaN
1,34,449,NaN
1,34,450,NaN
1,34,451,NaN
1,34,452,NaN
1,34,453,NaN
1,34,454,NaN
1,34,455,NaN
1,34,456,NaN
1,34,457,NaN
1,34,458,NaN
1,34,459,NaN
1,34,460,NaN
1,34,461,NaN
1,34,462,NaN
1,34,463,NaN
1,34,464,NaN
1,34,465,NaN
1,34,466,NaN
1,34,467,NaN
1,34,468,NaN
1,34,469,NaN
1,34,470,NaN
1,34,471,NaN
1,34,472,NaN
1,34,473,NaN
1,34,474,NaN
1,34,475,NaN
1,34,476,NaN
1,34,477,NaN
1,34,478,NaN
1,34,479,NaN
1,34,480,NaN
1,34,481,NaN
1,34,482,NaN
1,34,483,NaN
1,34,484,NaN
1,34,485,NaN
1,34,486,NaN
1,34,487,NaN
1,34,488,NaN
1,34,489,NaN
1,34,490,NaN
1,34,491,NaN
1,34,492,NaN
1,34,493,NaN
1,34,494,NaN
1,34,495,NaN
1,34,496,NaN
1,34,497,NaN
1,34,498,NaN
1,34,499,NaN
1,34,500,NaN
1,34,501,NaN
1,34,502,NaN
1,34,503,NaN
1,34,504,NaN
1,34,505,NaN
1,34,506,NaN
1,34,507,NaN
1,34,508,NaN
1,34,509,NaN
1,34,510,NaN
1,34,511,NaN
1,34,512,NaN
1,34,513,NaN
1,34,514,NaN
1,34,515,NaN
1,34,516,NaN
1,34,517,NaN
1,34,518,NaN
1,34,519,NaN
1,34,520,NaN
1,34,521,NaN
1,34,522,NaN
1,34,523,NaN
1,34,524,NaN
1,34,525,NaN
1,34,526,NaN
1,34,527,NaN
1,34,528,NaN
1,34,529,NaN
1,34,530,NaN
1,34,531,NaN
1,34,532,NaN
1,34,533,NaN
1,34,534,NaN
1,34,535,NaN
1,34,536,NaN
1,34,537,NaN
1,34,538,NaN
1,34,539,NaN
1,34,540,NaN
1,34,541,NaN
1,34,542,NaN
1,34,543,NaN
1,34,544,NaN
1,34,545,NaN
1,34,546,NaN
1,34,547,NaN
1,34,548,NaN
1,34,549,NaN
1,34,550,NaN
1,34,551,NaN
1,34,552,NaN
1,34,553,NaN
1,34,554,NaN
1,34,555,NaN
1,34,556,NaN
1,34,557,NaN
1,34,558,NaN
1,34,559,NaN
1,34,560,NaN
1,34,561,NaN
1,34,562,NaN
1,34,563,NaN
1,34,564,NaN
1,34,565,NaN
1,34,566,NaN
1,34,567,NaN
1,34,568,NaN
1,34,569,NaN
1,34,570,NaN
1,34,571,NaN
1,34,572,NaN
1,34,573,NaN
1,34,574,NaN
1,34,575,NaN
1,34,576,NaN
1,34,577,NaN
1,34,578,NaN
1,34,579,NaN
1,34,580,NaN
1,34,581,NaN
1,34,582,NaN
1,34,583,NaN
1,34,584,NaN
1,34,585,NaN
1,34,586,NaN
1,34,587,NaN
1,34,588,NaN
1,34,589,NaN
1,34,590,NaN
1,34,591,NaN
1,34,592,NaN
1,34,593,NaN
1,34,594,NaN
1,34,595,NaN
1,34,596,NaN
1,34,597,NaN
1,34,598,NaN
1,34,599,NaN
1,15,0,0.081510772459582173
1,15,1,0.084201001245881799
1,15,2,0.086922002324901979
1,15,3,0.089672972036866236
1,15,4,0.09245310075623217
1,15,5,0.095261573107599473
1,15,6,0.098097568183519987
1,15,7,0.10096025976420668
1,15,8,0.103848816539132
1,15,9,0.10676240233049765
1,15,10,0.10970017631855218
1,15,11,0.11266129326872557
1,15,12,0.11564490376054425
1,15,13,0.11865015441828483
1,15,14,0.12167618814331835
1,15,15,0.12472214434809298
1,15,16,0.12778715919169745
1,15,17,0.13087036581694383
1,15,18,0.13397089458890341
1,15,19,0.13708787333482617
1,15,20,0.1402204275853699
1,15,21,0.14336768081706255
1,15,22,0.14652875469591789
1,15,23,0.14970276932212065
1,15,24,0.15288884347569631
1,15,25,0.15608609486307684
1,15,26,0.15929364036447199
1,15,27,0.16251059628195291
1,15,28,0.16573607858815417
1,15,29,0.16896920317549655
1,15,30,0.17220908610583377
1,15,31,0.1754548438604219
1,15,32,0.17870559359011201
1,15,33,0.18196045336566252
1,15,34,0.18521854242806904
1,15,35,0.18847898143880634
1,15,36,0.19174089272987899
1,15,37,0.19500340055357357
1,15,38,0.19826563133180675
1,15,39,0.20152671390496318
1,15,40,0.20478577978011506
1,15,41,0.20804196337851688
1,15,42,0.21129440228226842
1,15,43,0.21454223748003715
1,15,44,0.21778461361173429
1,15,45,0.22102067921203677
1,15,46,0.22424958695264782
1,15,47,0.22747049388319057
1,15,48,0.23068256167062742
1,15,49,0.23388495683710084
1,15,50,0.23707685099608974
1,15,51,0.24025742108677703
1,15,52,0.24342584960652541
1,15,53,0.24658132484135856
1,15,54,0.24972304109434473
1,15,55,0.25285019891178379
1,15,56,0.25596200530709612
1,15,57,0.25905767398231527
1,15,58,0.26213642554708749
1,15,59,0.26519748773508017
1,15,60,0.26824009561770562
1,15,61,0.27126349181506609
1,15,62,0.27426692670402686
1,15,63,0.27724965862332818
1,15,64,0.28021095407564517
1,15,65,0.28315008792650948
1,15,66,0.28606634360000571
1,15,67,0.28895901327115764
1,15,68,0.2918273980549243
1,15,69,0.29467080819172187
1,15,70,0.29748856322939476
1,15,71,0.30027999220155782
1,15,72,0.30304443380223473
1,15,73,0.3057812365567199
1,15,74,0.3084897589885926
1,15,75,0.31116936978281406
1,15,76,0.31381944794484079
1,15,77,0.31643938295569068
1,15,78,0.31902857492289732
1,15,79,0.32158643472729365
1,15,80,0.32411238416556687
1,15,81,0.3266058560885296
1,15,82,0.32906629453505171
1,15,83,0.33149315486160508
1,15,84,0.33388590386737022
1,15,85,0.33624401991486064
1,15,86,0.33856699304602011
1,15,87,0.34085432509375174
1,15,88,0.34310552978884157
1,15,89,0.34532013286223945
1,15,90,0.34749767214266458
1,15,91,0.34963769764950386
1,15,92,0.35173977168097598
1,15,93,0.35380346889753461
1,15,94,0.35582837640048881
1,15,95,0.35781409380581886
1,15,96,0.35976023331317147
1,15,97,0.36166641977001696
1,15,98,0.36353229073095972
1,15,99,0.3653574965121878
1,15,100,0.3671417002410588
1,15,101,0.36888457790081403
1,15,102,0.37058581837042265
1,15,103,0.37224512345955407
1,15,104,0.3738622079386838
1,15,105,0.37543679956433867
1,15,106,0.37696863909949052
1,15,107,0.37845748032910931
1,15,108,0.37990309007089118
1,15,109,0.38130524818117717
1,15,110,0.38266374755608223
1,15,111,0.38397839412785723
1,15,112,0.3852490068565077
1,15,113,0.38647541771669636
1,15,114,0.38765747167996029
1,15,115,0.38879502669227295
1,15,116,0.38988795364698631
1,15,117,0.39093613635319074
1,15,118,0.39193947149953051
1,15,119,0.39289786861351772
1,15,120,0.39381125001638684
1,15,121,0.39467955077353861
1,15,122,0.39550271864061853
1,15,123,0.39628071400528214
1,15,124,0.39701350982470085
1,15,125,0.39770109155885913
1,15,126,0.39834345709970437
1,15,127,0.39894061669620395
1,15,128,0.39949259287537325
1,15,129,0.39999942035933433
1,15,130,0.40046114597847171
1,15,131,0.40087782858074955
1,15,132,0.40124953893725834
1,15,133,0.40157635964406041
1,15,134,0.40185838502040527
1,15,135,0.40209572100338609
1,15,136,0.40228848503911174
1,15,137,0.40243680597046955
1,15,138,0.40254082392155377
1,15,139,0.40260069017883948
1,15,140,0.40261656706917842
1,15,141,0.40258862783469762
1,15,142,0.40251705650468167
1,15,143,0.40240204776451982
1,15,144,0.40224380682180061
1,15,145,0.40204254926963806
1,15,146,0.40179850094731256
1,15,147,0.40151189779831159
1,15,148,0.40118298572585637
1,15,149,0.40081202044599884
1,15,150,0.40039926733837694
1,15,151,0.39994500129471328
1,15,152,0.399449506565145
1,15,153,0.39891307660247333
1,15,154,0.39833601390441614
1,15,155,0.39771862985395673
1,15,156,0.39706124455787101
1,15,157,0.39636418668352413
1,15,158,0.3956277932940217
1,15,159,0.39485240968180424
1,15,160,0.39403838920077056
1,15,161,0.39318609309701774
1,15,162,0.3922958903382836
1,15,163,0.39136815744217657
1,15,164,0.39040327830327914
1,15,165,0.38940164401921101
1,15,166,0.38836365271573231
1,15,167,0.3872897093709749
1,15,168,0.38618022563888116
1,15,169,0.38503561967193356
1,15,170,0.38385631594325714
1,15,171,0.38264274506817342
1,15,172,0.38139534362528654
1,15,173,0.38011455397717941
1,15,174,0.37880082409079846
1,15,175,0.37745460735760172
1,15,176,0.37607636241354714
1,15,177,0.37466655295899515
1,15,178,0.37322564757859766
1,15,179,0.37175411956124738
1,15,180,0.37025244672015539
1,15,181,0.36872111121313017
1,15,182,0.36716059936312284
1,15,183,0.36557140147910794
1,15,184,0.36395401167736452
1,15,185,0.36230892770322204
1,15,186,0.36063665075333429
1,15,187,0.35893768529854292
1,15,188,0.35721253890739052
1,15,189,0.35546172207034349
1,15,190,0.35368574802477953
1,15,191,0.35188513258079995
1,15,192,0.35006039394791738
1,15,193,0.34821205256267507
1,15,194,0.34634063091724843
1,15,195,0.34444665338907959
1,15,196,0.34253064607159467
1,15,197,0.34059313660605045
1,15,198,0.33863465401455706
1,15,199,0.33665572853432246
1,15,200,0.33465689145316169
1,15,201,0.33263867494631227
1,15,202,0.3306016119145978
1,15,203,0.3285462358239789
1,15,204,0.3264730805465289
1,15,205,0.32438268020287225
1,15,206,0.3222755690061202
1,15,207,0.3201522811073384
1,15,208,0.31801335044257956
1,15,209,0.31585931058151201
1,15,210,0.31369069457767662
1,15,211,0.31150803482039818
1,15,212,0.30931186288838319
1,15,213,0.30710270940502726
1,15,214,0.30488110389546147
1,15,215,0.30264757464535896
1,15,216,0.30040264856152848
1,15,217,0.29814685103431532
1,15,218,0.29588070580183179
1,15,219,0.29360473481603899
1,15,220,0.29131945811069693
1,15,221,0.28902539367120372
1,15,222,0.28672305730634157
1,15,223,0.28441296252194403
1,15,224,0.2820956203965036
1,15,225,0.27977153945873218
1,15,226,0.27744122556709072
1,15,227,0.27510518179129934
1,15,228,0.27276390829584313
1,15,229,0.2704179022254834
1,15,230,0.26806765759278783
1,15,231,0.2657136651676883
1,15,232,0.26335641236907725
1,15,233,0.26099638315845292
1,15,234,0.25863405793562028
1,15,235,0.25626991343645789
1,15,236,0.25390442263275714
1,15,237,0.25153805463414219
1,15,238,0.24917127459207616
1,15,239,0.24680454360596119
1,15,240,0.24443831863133725
1,15,241,0.24207305239018667
1,15,242,0.23970919328334719
1,15,243,0.23734718530504109
1,15,244,0.23498746795952302
1,15,245,0.23263047617985153
1,15,246,0.23027664024878794
1,15,247,0.22792638572182705
1,15,248,0.22558013335236191
1,15,249,0.22323829901898667
1,15,250,0.22090129365494199
1,15,251,0.21856952317970263
1,15,252,0.21624338843271373
1,15,253,0.21392328510927658
1,15,254,0.21160960369858647
1,15,255,0.20930272942392661
1,15,256,0.20700304218501905
1,15,257,0.20471091650253659
1,15,258,0.20242672146477722
1,15,259,0.20015082067650439
1,15,260,0.19788357220995512
1,15,261,0.19562532855801928
1,15,262,0.19337643658959183
1,15,263,0.19113723750710235
1,15,264,0.18890806680622277
1,15,265,0.18668925423775809
1,15,266,0.18448112377172235
1,15,267,0.18228399356360303
1,15,268,0.18009817592281818
1,15,269,0.1779239772833684
1,15,270,0.17576169817668885
1,15,271,0.17361163320670406
1,15,272,0.1714740710270902
1,15,273,0.16934929432074886
1,15,274,0.16723757978149614
1,15,275,0.16513919809797276
1,15,276,0.1630544139397781
1,15,277,0.16098348594583445
1,15,278,0.15892666671498537
1,15,279,0.15688420279883342
1,15,280,0.15485633469682231
1,15,281,0.15284329685356804
1,15,282,0.15084531765844431
1,15,283,0.1488626194474276
1,15,284,0.14689541850720517
1,15,285,0.1449439250815529
1,15,286,0.14300834337998497
1,15,287,0.14108887158868139
1,15,288,0.13918570188369614
1,15,289,0.13729902044644907
1,15,290,0.1354290074815046
1,15,291,0.13357583723663907
1,15,292,0.13173967802519779
1,15,293,0.12992069225074124
1,15,294,0.12811903643398101
1,15,295,0.12633486124200119
1,15,296,0.1245683115197633
1,15,297,0.12281952632388737
1,15,298,NaN
1,15,299,NaN
1,15,300,NaN
1,15,301,NaN
1,15,302,NaN
1,15,303,NaN
1,15,304,NaN
1,15,305,NaN
1,15,306,NaN
1,15,307,NaN
1,15,308,NaN
1,15,309,NaN
1,15,310,NaN
1,15,311,NaN
1,15,312,NaN
1,15,313,NaN
1,15,314,NaN
1,15,315,NaN
1,15,316,NaN
1,15,317,NaN
1,15,318,NaN
1,15,319,NaN
1,15,320,NaN
1,15,321,NaN
1,15,322,NaN
1,15,323,NaN
1,15,324,NaN
1,15,325,NaN
1,15,326,NaN
1,15,327,NaN
1,15,328,NaN
1,15,329,NaN
1,15,330,NaN
1,15,331,NaN
1,15,332,NaN
1,15,333,NaN
1,15,334,NaN
1,15,335,NaN
1,15,336,NaN
1,15,337,NaN
1,15,338,NaN
1,15,339,NaN
1,15,340,NaN
1,15,341,NaN
1,15,342,NaN
1,15,343,NaN
1,15,344,NaN
1,15,345,NaN
1,15,346,NaN
1,15,347,NaN
1,15,348,NaN
1,15,349,NaN
1,15,350,NaN
1,15,351,NaN
1,15,352,NaN
1,15,353,NaN
1,15,354,NaN
1,15,355,NaN
1,15,356,NaN
1,15,357,NaN
1,15,358,NaN
1,15,359,NaN
1,15,360,NaN
1,15,361,NaN
1,15,362,NaN
1,15,363,NaN
1,15,364,NaN
1,15,365,NaN
1,15,366,NaN
1,15,367,NaN
1,15,368,NaN
1,15,369,NaN
1,15,370,NaN
1,15,371,NaN
1,15,372,NaN
1,15,373,NaN
1,15,374,NaN
1,15,375,NaN
1,15,376,NaN
1,15,377,NaN
1,15,378,NaN
1,15,379,NaN
1,15,380,NaN
1,15,381,NaN
1,15,382,NaN
1,15,383,NaN
1,15,384,NaN
1,15,385,NaN
1,15,386,NaN
1,15,387,NaN
1,15,388,NaN
1,15,389,NaN
1,15,390,NaN
1,15,391,NaN
1,15,392,NaN
1,15,393,NaN
1,15,394,NaN
1,15,395,NaN
1,15,396,NaN
1,15,397,NaN
1,15,398,NaN
1,15,399,NaN
1,15,400,NaN
1,15,401,NaN
1,15,402,NaN
1,15,403,NaN
1,15,404,NaN
1,15,405,NaN
1,15,406,NaN
1,15,407,NaN
1,15,408,NaN
1,15,409,NaN
1,15,410,NaN
1,15,411,NaN
1,15,412,NaN
1,15,413,NaN
1,15,414,NaN
1,15,415,NaN
1,15,416,NaN
1,15,417,NaN
1,15,418,NaN
1,15,419,NaN
1,15,420,NaN
1,15,421,NaN
1,15,422,NaN
1,15,423,NaN
1,15,424,NaN
1,15,425,NaN
1,15,426,NaN
1,15,427,NaN
1,15,428,NaN
1,15,429,NaN
1,15,430,NaN
1,15,431,NaN
1,15,432,NaN
1,15,433,NaN
1,15,434,NaN
1,15,435,NaN
1,15,436,NaN
1,15,437,NaN
1,15,438,NaN
1,15,439,NaN
1,15,440,NaN
1,15,441,NaN
1,15,442,NaN
1,15,443,NaN
1,15,444,NaN
1,15,445,NaN
1,15,446,NaN
1,15,447,NaN
1,15,448,NaN
1,15,449,NaN
1,15,450,NaN
1,15,451,NaN
1,15,452,NaN
1,15,453,NaN
1,15,454,NaN
1,15,455,NaN
1,15,456,NaN
1,15,457,NaN
1,15,458,NaN
1,15,459,NaN
1,15,460,NaN
1,15,461,NaN
1,15,462,NaN
1,15,463,NaN
1,15,464,NaN
1,15,465,NaN
1,15,466,NaN
1,15,467,NaN
1,15,468,NaN
1,15,469,NaN
1,15,470,NaN
1,15,471,NaN
1,15,472,NaN
1,15,473,NaN
1,15,474,NaN
1,15,475,NaN
1,15,476,NaN
1,15,477,NaN
1,15,478,NaN
1,15,479,NaN
1,15,480,NaN
1,15,481,NaN
1,15,482,NaN
1,15,483,NaN
1,15,484,NaN
1,15,485,NaN
1,15,486,NaN
1,15,487,NaN
1,15,488,NaN
1,15,489,NaN
1,15,490,NaN
1,15,491,NaN
1,15,492,NaN
1,15,493,NaN
1,15,494,NaN
1,15,495,NaN
1,15,496,NaN
1,15,497,NaN
1,15,498,NaN
1,15,499,NaN
1,15,500,NaN
1,15,501,NaN
1,15,502,NaN
1,15,503,NaN
1,15,504,NaN
1,15,505,NaN
1,15,506,NaN
1,15,507,NaN
1,15,508,NaN
1,15,509,NaN
1,15,510,NaN
1,15,511,NaN
1,15,512,NaN
1,15,513,NaN
1,15,514,NaN
1,15,515,NaN
1,15,516,NaN
1,15,517,NaN
1,15,518,NaN
1,15,519,NaN
1,15,520,NaN
1,15,521,NaN
1,15,522,NaN
1,15,523,NaN
1,15,524,NaN
1,15,525,NaN
1,15,526,NaN
1,15,527,NaN
1,15,528,NaN
1,15,529,NaN
1,15,530,NaN
1,15,531,NaN
1,15,532,NaN
1,15,533,NaN
1,15,534,NaN
1,15,535,NaN
1,15,536,NaN
1,15,537,NaN
1,15,538,NaN
1,15,539,NaN
1,15,540,NaN
1,15,541,NaN
1,15,542,NaN
1,15,543,NaN
1,15,544,NaN
1,15,545,NaN
1,15,546,NaN
1,15,547,NaN
1,15,548,NaN
1,15,549,NaN
1,15,550,NaN
1,15,551,NaN
1,15,552,NaN
1,15,553,NaN
1,15,554,NaN
1,15,555,NaN
1,15,556,NaN
1,15,557,NaN
1,15,558,NaN
1,15,559,NaN
1,15,560,NaN
1,15,561,NaN
1,15,562,NaN
1,15,563,NaN
1,15,564,NaN
1,15,565,NaN
1,15,566,NaN
1,15,567,NaN
1,15,568,NaN
1,15,569,NaN
1,15,570,NaN
1,15,571,NaN
1,15,572,NaN
1,15,573,NaN
1,15,574,NaN
1,15,575,NaN
1,15,576,NaN
1,15,577,NaN
1,15,578,NaN
1,15,579,NaN
1,15,580,NaN
1,15,581,NaN
1,15,582,NaN
1,15,583,NaN
1,15,584,NaN
1,15,585,NaN
1,15,586,NaN
1,15,587,NaN
1,15,588,NaN
1,15,589,NaN
1,15,590,NaN
1,15,591,NaN
1,15,592,NaN
1,15,593,NaN
1,15,594,NaN
1,15,595,NaN
1,15,596,NaN
1,15,597,NaN
1,15,598,NaN
1,15,599,NaN
1,29,0,0.094203114685229711
1,29,1,0.097276107924689631
1,29,2,0.10038283882836603
1,29,3,0.10352239632014418
1,29,4,0.10669386369187356
1,29,5,0.10989631885002213
1,29,6,0.11312883456348849
1,29,7,0.11639047871259611
1,29,8,0.1196803145392835
1,29,9,0.12299740089849448
1,29,10,0.12634079251076435
1,29,11,0.12970954021598918
1,29,12,0.1331026912283588
1,29,13,0.1365192893924253
1,29,14,0.13995837544027412
1,29,15,0.14341898724975757
1,29,16,0.14690016010374457
1,29,17,0.15040092695033663
1,29,18,0.15392031866399322
1,29,19,0.15745736430750637
1,29,20,0.16101109139476011
1,29,21,0.16458052615420471
1,29,22,0.1681646937929748
1,29,23,0.17176261876157442
1,29,24,0.17537332501905026
1,29,25,0.1789958362985716
1,29,26,0.18262917637333145
1,29,27,0.18627236932268301
1,29,28,0.18992443979842083
1,29,29,0.19358441329111678
1,29,30,0.19725131639641616
1,29,31,0.2009241770812
1,29,32,0.20460202494951696
1,29,33,0.20828389150818624
1,29,34,0.21196881043197377
1,29,35,0.21565581782823998
1,29,36,0.21934395250095964
1,29,37,0.22303225621401046
1,29,38,0.22671977395362911
1,29,39,0.23040555418993022
1,29,40,0.23408864913738625
1,29,41,0.2377681150141629
1,29,42,0.24144301230020668
1,29,43,0.24511240599398024
1,29,44,0.24877536586774088
1,29,45,0.25243096672125831
1,29,46,0.25607828863386706
1,29,47,0.25971641721475019
1,29,48,0.26334444385135058
1,29,49,0.2669614659558065
1,29,50,0.27056658720930898
1,29,51,0.27415891780427898
1,29,52,0.27773757468426291
1,29,53,0.28130168178144616
1,29,54,0.28485037025168408
1,29,55,0.28838277870695206
1,29,56,0.29189805344511655
1,29,57,0.29539534867693018
1,29,58,0.29887382675015439
1,29,59,0.30233265837071549
1,29,60,0.30577102282080076
1,29,61,0.30918810817380138
1,29,62,0.31258311150601198
1,29,63,0.31595523910499751
1,29,64,0.31930370667453828
1,29,65,0.32262773953606783
1,29,66,0.3259265728265181
1,29,67,0.32919945169248827
1,29,68,0.33244563148065565
1,29,69,0.33566437792435022
1,29,70,0.33885496732621168
1,29,71,0.34201668673685592
1,29,72,0.3451488341294745
1,29,73,0.34825071857029466
1,29,74,0.35132166038483198
1,29,75,0.35436099131986271
1,29,76,0.35736805470105415
1,29,77,0.3603422055861864
1,29,78,0.36328281091390335
1,29,79,0.3661892496479342
1,29,80,0.36906091291672755
1,29,81,0.37189720414844274
1,29,82,0.3746975392012461
1,29,83,0.37746134648886026
1,29,84,0.38018806710132047
1,29,85,0.38287715492089058
1,29,86,0.38552807673309714
1,29,87,0.38814031233283885
1,29,88,0.39071335462553591
1,29,89,0.3932467097232823
1,29,90,0.39573989703596757
1,29,91,0.39819244935733983
1,29,92,0.40060391294598119
1,29,93,0.40297384760117055
1,29,94,0.4053018267336117
1,29,95,0.407587437431009
1,29,96,0.40983028051847104
1,29,97,0.41202997061373142
1,29,98,0.41418613617717215
1,29,99,0.41629841955664537
1,29,100,0.41836647702708363
1,29,101,0.42038997882489948
1,29,102,0.42236860917717212
1,29,103,0.4243020663256255
1,29,104,0.42619006254540187
1,29,105,0.42803232415864156
1,29,106,0.429828591542878
1,29,107,0.43157861913426382
1,29,108,0.43328217542564385
1,29,109,0.43493904295949559
1,29,110,0.4365490183157591
1,29,111,0.43811191209458172
1,29,112,0.43962754889400502
1,29,113,0.44109576728262651
1,29,114,0.44251641976726747
1,29,115,0.44388937275568413
1,29,116,0.44521450651436018
1,29,117,0.44649171512142394
1,29,118,0.44772090641473122
1,29,119,0.44890200193516278
1,29,120,0.45003493686518509
1,29,121,0.45111965996272441
1,29,122,0.45215613349041006
1,29,123,0.45314433314024244
1,29,124,0.45408424795374458
1,29,125,0.45497588023765828
1,29,126,0.45581924547524844
1,29,127,0.45661437223328027
1,29,128,0.45736130206473874
1,29,129,0.45806008940735765
1,29,130,0.45871080147803261
1,29,131,0.45931351816318933
1,29,132,0.45986833190518511
1,29,133,0.46037534758481957
1,29,134,0.460834682400034
1,29,135,0.46124646574088102
1,29,136,0.46161083906084716
1,29,137,0.46192795574461165
1,29,138,0.46219798097232795
1,29,139,0.46242109158051553
1,29,140,0.462597475919649
1,29,141,0.46272733370853536
1,29,142,0.4628108758855709
1,29,143,0.46284832445696772
1,29,144,0.46283991234204569
1,29,145,0.46278588321568098
1,29,146,0.46268649134800938
1,29,147,0.46254200144147667
1,29,148,0.46235268846533523
1,29,149,0.46211883748768257
1,29,150,0.46184074350513943
1,29,151,0.46151871127026639
1,29,152,0.46115305511681665
1,29,153,0.46074409878292316
1,29,154,0.4602921752323213
1,29,155,0.45979762647370359
1,29,156,0.45926080337830749
1,29,157,0.4586820654958344
1,29,158,0.45806178086879956
1,29,159,0.45740032584541135
1,29,160,0.45669808489107849
1,29,161,0.45595545039864399
1,29,162,0.45517282249744323
1,29,163,0.45435060886128348
1,29,164,0.45348922451544238
1,29,165,0.45258909164278072
1,29,166,0.45165063938906558
1,29,167,0.45067430366759875
1,29,168,0.44966052696324355
1,29,169,0.44860975813594417
1,29,170,0.44752245222382858
1,29,171,0.4463990702459868
1,29,172,0.44524007900501444
1,29,173,0.44404595088940974
1,29,174,0.44281716367591295
1,29,175,0.44155420033187337
1,29,176,0.44025754881772994
1,29,177,0.43892770188968894
1,29,178,0.43756515690268127
1,29,179,0.43617041561368108
1,29,180,0.43474398398546393
1,29,181,0.43328637199088382
1,29,182,0.43179809341774567
1,29,183,0.43027966567434739
1,29,184,0.42873160959576634
1,29,185,0.4271544492509603
1,29,186,0.4255487117507552
1,29,187,0.42391492705678652
1,29,188,0.42225362779146219
1,29,189,0.42056534904901183
1,29,190,0.41885062820768637
1,29,191,0.41711000474316834
1,29,192,0.41534402004325505
1,29,193,0.41355321722387123
1,29,194,0.41173814094646888
1,29,195,0.40989933723686811
1,29,196,0.40803735330559282
1,29,197,0.4061527373697531
1,29,198,0.40424603847652174
1,29,199,0.40231780632825598
1,29,200,0.40036859110930828
1,29,201,0.39839894331457076
1,29,202,0.39640941357979786
1,29,203,0.39440055251374578
1,29,204,0.3923729105321706
1,29,205,0.39032703769372107
1,29,206,0.38826348353776252
1,29,207,0.38618279692416763
1,29,208,0.38408552587510503
1,29,209,0.38197221741885862
1,29,210,0.37984341743570721
1,29,211,0.37769967050589148
1,29,212,0.37554151975969752
1,29,213,0.37336950672967872
1,29,214,0.37118417120504432
1,29,215,0.36898605108823279
1,29,216,0.3667756822536935
1,29,217,0.36455359840889728
1,29,218,0.36232033095759075
1,29,219,0.36007640886531572
1,29,220,0.35782235852720612
1,29,221,0.35555870363807929
1,29,222,0.35328596506483395
1,29,223,0.35100466072116787
1,29,224,0.34871530544462498
1,29,225,0.34641841087598396
1,29,226,0.34411448534099576
1,29,227,0.34180403373447849
1,29,228,0.33948755740677655
1,29,229,0.33716555405258969
1,29,230,0.33483851760217814
1,29,231,0.33250693811494603
1,29,232,0.33017130167540854
1,29,233,0.32783209029154242
1,29,234,0.32548978179552485
1,29,235,0.32314484974685814
1,29,236,NaN
1,29,237,NaN
1,29,238,NaN
1,29,239,NaN
1,29,240,NaN
1,29,241,NaN
1,29,242,NaN
1,29,243,NaN
1,29,244,NaN
1,29,245,NaN
1,29,246,NaN
1,29,247,NaN
1,29,248,NaN
1,29,249,NaN
1,29,250,NaN
1,29,251,NaN
1,29,252,NaN
1,29,253,NaN
1,29,254,NaN
1,29,255,NaN
1,29,256,NaN
1,29,257,NaN
1,29,258,NaN
1,29,259,NaN
1,29,260,NaN
1,29,261,NaN
1,29,262,NaN
1,29,263,NaN
1,29,264,NaN
1,29,265,NaN
1,29,266,NaN
1,29,267,NaN
1,29,268,NaN
1,29,269,NaN
1,29,270,NaN
1,29,271,NaN
1,29,272,NaN
1,29,273,NaN
1,29,274,NaN
1,29,275,NaN
1,29,276,NaN
1,29,277,NaN
1,29,278,NaN
1,29,279,NaN
1,29,280,NaN
1,29,281,NaN
1,29,282,NaN
1,29,283,NaN
1,29,284,NaN
1,29,285,NaN
1,29,286,NaN
1,29,287,NaN
1,29,288,NaN
1,29,289,NaN
1,29,290,NaN
1,29,291,NaN
1,29,292,NaN
1,29,293,NaN
1,29,294,NaN
1,29,295,NaN
1,29,296,NaN
1,29,297,NaN
1,29,298,NaN
1,29,299,NaN
1,29,300,NaN
1,29,301,NaN
1,29,302,NaN
1,29,303,NaN
1,29,304,NaN
1,29,305,NaN
1,29,306,NaN
1,29,307,NaN
1,29,308,NaN
1,29,309,NaN
1,29,310,NaN
1,29,311,NaN
1,29,312,NaN
1,29,313,NaN
1,29,314,NaN
1,29,315,NaN
1,29,316,NaN
1,29,317,NaN
1,29,318,NaN
1,29,319,NaN
1,29,320,NaN
1,29,321,NaN
1,29,322,NaN
1,29,323,NaN
1,29,324,NaN
1,29,325,NaN
1,29,326,NaN
1,29,327,NaN
1,29,328,NaN
1,29,329,NaN
1,29,330,NaN
1,29,331,NaN
1,29,332,NaN
1,29,333,NaN
1,29,334,NaN
1,29,335,NaN
1,29,336,NaN
1,29,337,NaN
1,29,338,NaN
1,29,339,NaN
1,29,340,NaN
1,29,341,NaN
1,29,342,NaN
1,29,343,NaN
1,29,344,NaN
1,29,345,NaN
1,29,346,NaN
1,29,347,NaN
1,29,348,NaN
1,29,349,NaN
1,29,350,NaN
1,29,351,NaN
1,29,352,NaN
1,29,353,NaN
1,29,354,NaN
1,29,355,NaN
1,29,356,NaN
1,29,357,NaN
1,29,358,NaN
1,29,359,NaN
1,29,360,NaN
1,29,361,NaN
1,29,362,NaN
1,29,363,NaN
1,29,364,NaN
1,29,365,NaN
1,29,366,NaN
1,29,367,NaN
1,29,368,NaN
1,29,369,NaN
1,29,370,NaN
1,29,371,NaN
1,29,372,NaN
1,29,373,NaN
1,29,374,NaN
1,29,375,NaN
1,29,376,NaN
1,29,377,NaN
1,29,378,NaN
1,29,379,NaN
1,29,380,NaN
1,29,381,NaN
1,29,382,NaN
1,29,383,NaN
1,29,384,NaN
1,29,385,NaN
1,29,386,NaN
1,29,387,NaN
1,29,388,NaN
1,29,389,NaN
1,29,390,NaN
1,29,391,NaN
1,29,392,NaN
1,29,393,NaN
1,29,394,NaN
1,29,395,NaN
1,29,396,NaN
1,29,397,NaN
1,29,398,NaN
1,29,399,NaN
1,29,400,NaN
1,29,401,NaN
1,29,402,NaN
1,29,403,NaN
1,29,404,NaN
1,29,405,NaN
1,29,406,NaN
1,29,407,NaN
1,29,408,NaN
1,29,409,NaN
1,29,410,NaN
1,29,411,NaN
1,29,412,NaN
1,29,413,NaN
1,29,414,NaN
1,29,415,NaN
1,29,416,NaN
1,29,417,NaN
1,29,418,NaN
1,29,419,NaN
1,29,420,NaN
1,29,421,NaN
1,29,422,NaN
1,29,423,NaN
1,29,424,NaN
1,29,425,NaN
1,29,426,NaN
1,29,427,NaN
1,29,428,NaN
1,29,429,NaN
1,29,430,NaN
1,29,431,NaN
1,29,432,NaN
1,29,433,NaN
1,29,434,NaN
1,29,435,NaN
1,29,436,NaN
1,29,437,NaN
1,29,438,NaN
1,29,439,NaN
1,29,440,NaN
1,29,441,NaN
1,29,442,NaN
1,29,443,NaN
1,29,444,NaN
1,29,445,NaN
1,29,446,NaN
1,29,447,NaN
1,29,448,NaN
1,29,449,NaN
1,29,450,NaN
1,29,451,NaN
1,29,452,NaN
1,29,453,NaN
1,29,454,NaN
1,29,455,NaN
1,29,456,NaN
1,29,457,NaN
1,29,458,NaN
1,29,459,NaN
1,29,460,NaN
1,29,461,NaN
1,29,462,NaN
1,29,463,NaN
1,29,464,NaN
1,29,465,NaN
1,29,466,NaN
1,29,467,NaN
1,29,468,NaN
1,29,469,NaN
1,29,470,NaN
1,29,471,NaN
1,29,472,NaN
1,29,473,NaN
1,29,474,NaN
1,29,475,NaN
1,29,476,NaN
1,29,477,NaN
1,29,478,NaN
1,29,479,NaN
1,29,480,NaN
1,29,481,NaN
1,29,482,NaN
1,29,483,NaN
1,29,484,NaN
1,29,485,NaN
1,29,486,NaN
1,29,487,NaN
1,29,488,NaN
1,29,489,NaN
1,29,490,NaN
1,29,491,NaN
1,29,492,NaN
1,29,493,NaN
1,29,494,NaN
1,29,495,NaN
1,29,496,NaN
1,29,497,NaN
1,29,498,NaN
1,29,499,NaN
1,29,500,NaN
1,29,501,NaN
1,29,502,NaN
1,29,503,NaN
1,29,504,NaN
1,29,505,NaN
1,29,506,NaN
1,29,507,NaN
1,29,508,NaN
1,29,509,NaN
1,29,510,NaN
1,29,511,NaN
1,29,512,NaN
1,29,513,NaN
1,29,514,NaN
1,29,515,NaN
1,29,516,NaN
1,29,517,NaN
1,29,518,NaN
1,29,519,NaN
1,29,520,NaN
1,29,521,NaN
1,29,522,NaN
1,29,523,NaN
1,29,524,NaN
1,29,525,NaN
1,29,526,NaN
1,29,527,NaN
1,29,528,NaN
1,29,529,NaN
1,29,530,NaN
1,29,531,NaN
1,29,532,NaN
1,29,533,NaN
1,29,534,NaN
1,29,535,NaN
1,29,536,NaN
1,29,537,NaN
1,29,538,NaN
1,29,539,NaN
1,29,540,NaN
1,29,541,NaN
1,29,542,NaN
1,29,543,NaN
1,29,544,NaN
1,29,545,NaN
1,29,546,NaN
1,29,547,NaN
1,29,548,NaN
1,29,549,NaN
1,29,550,NaN
1,29,551,NaN
1,29,552,NaN
1,29,553,NaN
1,29,554,NaN
1,29,555,NaN
1,29,556,NaN
1,29,557,NaN
1,29,558,NaN
1,29,559,NaN
1,29,560,NaN
1,29,561,NaN
1,29,562,NaN
1,29,563,NaN
1,29,564,NaN
1,29,565,NaN
1,29,566,NaN
1,29,567,NaN
1,29,568,NaN
1,29,569,NaN
1,29,570,NaN
1,29,571,NaN
1,29,572,NaN
1,29,573,NaN
1,29,574,NaN
1,29,575,NaN
1,29,576,NaN
1,29,577,NaN
1,29,578,NaN
1,29,579,NaN
1,29,580,NaN
1,29,581,NaN
1,29,582,NaN
1,29,583,NaN
1,29,584,NaN
1,29,585,NaN
1,29,586,NaN
1,29,587,NaN
1,29,588,NaN
1,29,589,NaN
1,29,590,NaN
1,29,591,NaN
1,29,592,NaN
1,29,593,NaN
1,29,594,NaN
1,29,595,NaN
1,29,596,NaN
1,29,597,NaN
1,29,598,NaN
1,29,599,NaN
1,32,0,0.085489518724110675
1,32,1,0.088393116716910303
1,32,2,0.091328865046707966
1,32,3,0.09429578995198222
1,32,4,0.097292917421367031
1,32,5,0.10031927303286012
1,32,6,0.10337388183991068
1,32,7,0.10645576829848089
1,32,8,0.10956395623000141
1,32,9,0.11269746881584279
1,32,10,0.1158553286195145
1,32,11,0.11903655763330818
1,32,12,0.12224017734652937
1,32,13,0.12546520883282666
1,32,14,0.12871067285444043
1,32,15,0.13197558998146111
1,32,16,0.13525898072441594
1,32,17,0.1385598656787031
1,32,18,0.14187726567956041
1,32,19,0.14521020196640674
1,32,20,0.14855769635551896
1,32,21,0.15191877142012122
1,32,22,0.15529245067705824
1,32,23,0.15867775877930987
1,32,24,0.16207372171367654
1,32,25,0.1654793670030312
1,32,26,0.16889372391258836
1,32,27,0.17231582365969184
1,32,28,0.17574469962666592
1,32,29,0.17917938757631299
1,32,30,0.18261892586967557
1,32,31,0.1860623556857102
1,32,32,0.189508721242548
1,32,33,0.19295707002004001
1,32,34,0.19640645298330722
1,32,35,0.19985592480703346
1,32,36,0.203304544100258
1,32,37,0.20675137363143672
1,32,38,0.21019548055355874
1,32,39,0.21363593662911337
1,32,40,0.21707181845471693
1,32,41,0.22050220768521672
1,32,42,0.22392619125710031
1,32,43,0.22734286161104503
1,32,44,0.23075131691345163
1,32,45,0.23415066127681219
1,32,46,0.23754000497876909
1,32,47,0.24091846467972811
1,32,48,0.24428516363889294
1,32,49,0.24763923192859508
1,32,50,0.25097980664679714
1,32,51,0.25430603212765157
1,32,52,0.25761706015000041
1,32,53,0.2609120501437095
1,32,54,0.26419016939372658
1,32,55,0.26745059324176551
1,32,56,0.27069250528551375
1,32,57,0.27391509757526888
1,32,58,0.27711757080791144
1,32,59,0.280299134518122
1,32,60,0.28345900726675738
1,32,61,0.28659641682629955
1,32,62,0.28971060036329593
1,32,63,0.29280080461771185
1,32,64,0.2958662860791163
1,32,65,0.29890631115962907
1,32,66,0.30192015636355407
1,32,67,0.30490710845363028
1,32,68,0.30786646461383271
1,32,69,0.31079753260865645
1,32,70,0.31369963093882203
1,32,71,0.31657208899333966
1,32,72,0.31941424719787376
1,32,73,0.32222545715935114
1,32,74,0.3250050818067568
1,32,75,0.32775249552806734
1,32,76,0.33046708430326727
1,32,77,0.33314824583340397
1,32,78,0.33579538966563183
1,32,79,0.33840793731420227
1,32,80,0.34098532237735774
1,32,81,0.34352699065008813
1,32,82,0.34603240023271309
1,32,83,0.34850102163525232
1,32,84,0.35093233787755107
1,32,85,0.35332584458512839
1,32,86,0.35568105008071699
1,32,87,0.35799747547146887
1,32,88,0.36027465473179926
1,32,89,0.3625121347818443
1,32,90,0.36470947556151356
1,32,91,0.36686625010011342
1,32,92,0.36898204458152745
1,32,93,0.37105645840493595
1,32,94,0.37308910424106018
1,32,95,0.37507960808392271
1,32,96,0.37702760929811024
1,32,97,0.37893276066153525
1,32,98,0.38079472840368772
1,32,99,0.38261319223937512
1,32,100,0.38438784539794835
1,32,101,0.38611839464801473
1,32,102,0.38780456031763999
1,32,103,0.38944607631004413
1,32,104,0.39104269011479648
1,32,105,0.39259416281452081
1,32,106,0.3941002690871177
1,32,107,0.39556079720351972
1,32,108,0.39697554902099097
1,32,109,0.39834433997198992
1,32,110,0.39966699904861086
1,32,111,0.40094336878262637
1,32,112,0.40217330522115197
1,32,113,0.40335667789795665
1,32,114,0.40449336980044542
1,32,115,0.40558327733234067
1,32,116,0.40662631027209339
1,32,117,0.40762239172705328
1,32,118,0.40857145808343293
1,32,119,0.40947345895209875
1,32,120,0.41032835711022775
1,32,121,0.41113612843886532
1,32,122,0.41189676185642654
1,32,123,0.41261025924818145
1,32,124,0.41327663539176718
1,32,125,0.41389591787877306
1,32,126,0.41446814703244406
1,32,127,0.41499337582155005
1,32,128,0.41547166977047301
1,32,129,0.41590310686555931
1,32,130,0.416287777457793
1,32,131,0.41662578416184226
1,32,132,0.41691724175153394
1,32,133,0.41716227705181441
1,32,134,0.41736102882725251
1,32,135,0.41751364766714649
1,32,136,0.41762029586729227
1,32,137,0.41768114730847739
1,32,138,0.41769638733176156
1,32,139,0.41766621261060954
1,32,140,0.41759083101993971
1,32,141,0.41747046150215428
1,32,142,0.41730533393022079
1,32,143,0.41709568896786942
1,32,144,0.41684177792697746
1,32,145,0.41654386262220977
1,32,146,0.41620221522298595
1,32,147,0.41581711810284566
1,32,148,0.41538886368628436
1,32,149,0.41491775429313205
1,32,150,0.41440410198054839
1,32,151,0.41384822838270846
1,32,152,0.41325046454825409
1,32,153,0.41261115077558491
1,32,154,0.41193063644606581
1,32,155,0.41120927985522587
1,32,156,0.41044744804202543
1,32,157,0.4096455166162688
1,32,158,0.40880386958423781
1,32,159,0.40792289917262503
1,32,160,0.40700300565084352
1,32,161,0.40604459715178959
1,32,162,0.40504808949113891
1,32,163,0.40401390598524939
1,32,164,0.40294247726775356
1,32,165,0.40183424110491356
1,32,166,0.40068964220981884
1,32,167,0.39950913205550448
1,32,168,0.39829316868706455
1,32,169,0.39704221653284122
1,32,170,0.39575674621476331
1,32,171,0.39443723435791345
1,32,172,0.39308416339939795
1,32,173,0.39169802139659704
1,32,174,0.39027930183487003
1,32,175,0.38882850343479008
1,32,176,0.38734612995898454
1,32,177,0.38583269001865411
1,32,178,0.38428869687984418
1,32,179,0.38271466826954204
1,32,180,0.38111112618167164
1,32,181,0.37947859668305911
1,32,182,0.37781760971943806
1,32,183,0.37612869892156692
1,32,184,0.37441240141152754
1,32,185,0.37266925760927389
1,32,186,0.37089981103949865
1,32,187,0.36910460813888646
1,32,188,0.36728419806381984
1,32,189,0.36543913249860238
1,32,190,0.3635699654642674
1,32,191,0.36167725312803156
1,32,192,0.35976155361346185
1,32,193,0.35782342681141371
1,32,194,0.35586343419180494
1,32,195,0.35388213861628415
1,32,196,0.35188010415185345
1,32,197,0.34985789588550509
1,32,198,0.3478160797399289
1,32,199,0.3457552222903455
1,32,200,0.34367589058252523
1,32,201,0.34157865195204257
1,32,202,0.33946407384482302
1,32,203,0.33733272363903416
1,32,204,0.33518516846837176
1,32,205,0.33302197504679332
1,32,206,0.33084370949474573
1,32,207,0.32865093716694022
1,32,208,0.32644422248171706
1,32,209,0.32422412875205048
1,32,210,0.32199121801823771
1,32,211,0.31974605088231656
1,32,212,0.31748918634425632
1,32,213,0.31522118163996354
1,32,214,0.31294259208114389
1,32,215,0.31065397089706259
1,32,216,0.30835586907824086
1,32,217,0.30604883522212895
1,32,218,0.30373341538079168
1,32,219,0.30141015291064527
1,32,220,0.29907958832427894
1,32,221,0.29674225914439933
1,32,222,0.29439869975992833
1,32,223,0.29204944128429006
1,32,224,0.28969501141591808
1,32,225,0.28733593430101467
1,32,226,0.28497273039859305
1,32,227,0.2826059163478305
1,32,228,0.28023600483776434
1,32,229,0.27786350447935659
1,32,230,0.27548891967995481
1,32,231,0.27311275052017742
1,32,232,0.27073549263324775
1,32,233,0.26835763708680277
1,32,234,0.2659796702672006
1,32,235,0.26360207376635125
1,32,236,0.26122532427109318
1,32,237,0.25884989345513904
1,32,238,0.25647624787361095
1,32,239,0.25410484886018941
1,32,240,0.25173615242689357
1,32,241,0.24937060916651527
1,32,242,0.24700866415772713
1,32,243,0.2446507568728811
1,32,244,0.24229732108851995
1,32,245,0.23994878479861703
1,32,246,0.23760557013056477
1,32,247,0.23526809326392795
1,32,248,0.23293676435197941
1,32,249,0.23061198744603528
1,32,250,0.22829416042260603
1,32,251,0.22598367491338062
1,32,252,0.22368091623805716
1,32,253,0.22138626334003908
1,32,254,0.21910008872500975
1,32,255,0.21682275840240151
1,32,256,0.21455463182977488
1,32,257,0.21229606186012151
1,32,258,0.21004739469210559
1,32,259,0.20780896982325914
1,32,260,0.20558112000614373
1,32,261,0.20336417120749456
1,32,262,0.20115844257035823
1,32,263,0.19896424637924007
1,32,264,0.19678188802827334
1,32,265,0.19461166599242327
1,32,266,0.19245387180173965
1,32,267,0.19030879001867004
1,32,268,0.18817669821844676
1,32,269,0.18605786697255888
1,32,270,0.18395255983532199
1,32,271,0.18186103333355683
1,32,272,0.1797835369593877
1,32,273,0.17772031316617171
1,32,274,0.17567159736756879
1,32,275,0.17363761793976176
1,32,276,0.17161859622683562
1,32,277,NaN
1,32,278,NaN
1,32,279,NaN
1,32,280,NaN
1,32,281,NaN
1,32,282,NaN
1,32,283,NaN
1,32,284,NaN
1,32,285,NaN
1,32,286,NaN
1,32,287,NaN
1,32,288,NaN
1,32,289,NaN
1,32,290,NaN
1,32,291,NaN
1,32,292,NaN
1,32,293,NaN
1,32,294,NaN
1,32,295,NaN
1,32,296,NaN
1,32,297,NaN
1,32,298,NaN
1,32,299,NaN
1,32,300,NaN
1,32,301,NaN
1,32,302,NaN
1,32,303,NaN
1,32,304,NaN
1,32,305,NaN
1,32,306,NaN
1,32,307,NaN
1,32,308,NaN
1,32,309,NaN
1,32,310,NaN
1,32,311,NaN
1,32,312,NaN
1,32,313,NaN
1,32,314,NaN
1,32,315,NaN
1,32,316,NaN
1,32,317,NaN
1,32,318,NaN
1,32,319,NaN
1,32,320,NaN
1,32,321,NaN
1,32,322,NaN
1,32,323,NaN
1,32,324,NaN
1,32,325,NaN
1,32,326,NaN
1,32,327,NaN
1,32,328,NaN
1,32,329,NaN
1,32,330,NaN
1,32,331,NaN
1,32,332,NaN
1,32,333,NaN
1,32,334,NaN
1,32,335,NaN
1,32,336,NaN
1,32,337,NaN
1,32,338,NaN
1,32,339,NaN
1,32,340,NaN
1,32,341,NaN
1,32,342,NaN
1,32,343,NaN
1,32,344,NaN
1,32,345,NaN
1,32,346,NaN
1,32,347,NaN
1,32,348,NaN
1,32,349,NaN
1,32,350,NaN
1,32,351,NaN
1,32,352,NaN
1,32,353,NaN
1,32,354,NaN
1,32,355,NaN
1,32,356,NaN
1,32,357,NaN
1,32,358,NaN
1,32,359,NaN
1,32,360,NaN
1,32,361,NaN
1,32,362,NaN
1,32,363,NaN
1,32,364,NaN
1,32,365,NaN
1,32,366,NaN
1,32,367,NaN
1,32,368,NaN
1,32,369,NaN
1,32,370,NaN
1,32,371,NaN
1,32,372,NaN
1,32,373,NaN
1,32,374,NaN
1,32,375,NaN
1,32,376,NaN
1,32,377,NaN
1,32,378,NaN
1,32,379,NaN
1,32,380,NaN
1,32,381,NaN
1,32,382,NaN
1,32,383,NaN
1,32,384,NaN
1,32,385,NaN
1,32,386,NaN
1,32,387,NaN
1,32,388,NaN
1,32,389,NaN
1,32,390,NaN
1,32,391,NaN
1,32,392,NaN
1,32,393,NaN
1,32,394,NaN
1,32,395,NaN
1,32,396,NaN
1,32,397,NaN
1,32,398,NaN
1,32,399,NaN
1,32,400,NaN
1,32,401,NaN
1,32,402,NaN
1,32,403,NaN
1,32,404,NaN
1,32,405,NaN
1,32,406,NaN
1,32,407,NaN
1,32,408,NaN
1,32,409,NaN
1,32,410,NaN
1,32,411,NaN
1,32,412,NaN
1,32,413,NaN
1,32,414,NaN
1,32,415,NaN
1,32,416,NaN
1,32,417,NaN
1,32,418,NaN
1,32,419,NaN
1,32,420,NaN
1,32,421,NaN
1,32,422,NaN
1,32,423,NaN
1,32,424,NaN
1,32,425,NaN
1,32,426,NaN
1,32,427,NaN
1,32,428,NaN
1,32,429,NaN
1,32,430,NaN
1,32,431,NaN
1,32,432,NaN
1,32,433,NaN
1,32,434,NaN
1,32,435,NaN
1,32,436,NaN
1,32,437,NaN
1,32,438,NaN
1,32,439,NaN
1,32,440,NaN
1,32,441,NaN
1,32,442,NaN
1,32,443,NaN
1,32,444,NaN
1,32,445,NaN
1,32,446,NaN
1,32,447,NaN
1,32,448,NaN
1,32,449,NaN
1,32,450,NaN
1,32,451,NaN
1,32,452,NaN
1,32,453,NaN
1,32,454,NaN
1,32,455,NaN
1,32,456,NaN
1,32,457,NaN
1,32,458,NaN
1,32,459,NaN
1,32,460,NaN
1,32,461,NaN
1,32,462,NaN
1,32,463,NaN
1,32,464,NaN
1,32,465,NaN
1,32,466,NaN
1,32,467,NaN
1,32,468,NaN
1,32,469,NaN
1,32,470,NaN
1,32,471,NaN
1,32,472,NaN
1,32,473,NaN
1,32,474,NaN
1,32,475,NaN
1,32,476,NaN
1,32,477,NaN
1,32,478,NaN
1,32,479,NaN
1,32,480,NaN
1,32,481,NaN
1,32,482,NaN
1,32,483,NaN
1,32,484,NaN
1,32,485,NaN
1,32,486,NaN
1,32,487,NaN
1,32,488,NaN
1,32,489,NaN
1,32,490,NaN
1,32,491,NaN
1,32,492,NaN
1,32,493,NaN
1,32,494,NaN
1,32,495,NaN
1,32,496,NaN
1,32,497,NaN
1,32,498,NaN
1,32,499,NaN
1,32,500,NaN
1,32,501,NaN
1,32,502,NaN
1,32,503,NaN
1,32,504,NaN
1,32,505,NaN
1,32,506,NaN
1,32,507,NaN
1,32,508,NaN
1,32,509,NaN
1,32,510,NaN
1,32,511,NaN
1,32,512,NaN
1,32,513,NaN
1,32,514,NaN
1,32,515,NaN
1,32,516,NaN
1,32,517,NaN
1,32,518,NaN
1,32,519,NaN
1,32,520,NaN
1,32,521,NaN
1,32,522,NaN
1,32,523,NaN
1,32,524,NaN
1,32,525,NaN
1,32,526,NaN
1,32,527,NaN
1,32,528,NaN
1,32,529,NaN
1,32,530,NaN
1,32,531,NaN
1,32,532,NaN
1,32,533,NaN
1,32,534,NaN
1,32,535,NaN
1,32,536,NaN
1,32,537,NaN
1,32,538,NaN
1,32,539,NaN
1,32,540,NaN
1,32,541,NaN
1,32,542,NaN
1,32,543,NaN
1,32,544,NaN
1,32,545,NaN
1,32,546,NaN
1,32,547,NaN
1,32,548,NaN
1,32,549,NaN
1,32,550,NaN
1,32,551,NaN
1,32,552,NaN
1,32,553,NaN
1,32,554,NaN
1,32,555,NaN
1,32,556,NaN
1,32,557,NaN
1,32,558,NaN
1,32,559,NaN
1,32,560,NaN
1,32,561,NaN
1,32,562,NaN
1,32,563,NaN
1,32,564,NaN
1,32,565,NaN
1,32,566,NaN
1,32,567,NaN
1,32,568,NaN
1,32,569,NaN
1,32,570,NaN
1,32,571,NaN
1,32,572,NaN
1,32,573,NaN
1,32,574,NaN
1,32,575,NaN
1,32,576,NaN
1,32,577,NaN
1,32,578,NaN
1,32,579,NaN
1,32,580,NaN
1,32,581,NaN
1,32,582,NaN
1,32,583,NaN
1,32,584,NaN
1,32,585,NaN
1,32,586,NaN
1,32,587,NaN
1,32,588,NaN
1,32,589,NaN
1,32,590,NaN
1,32,591,NaN
1,32,592,NaN
1,32,593,NaN
1,32,594,NaN
1,32,595,NaN
1,32,596,NaN
1,32,597,NaN
1,32,598,NaN
1,32,599,NaN
1,24,0,0.085147543842881868
1,24,1,0.087983584217858582
1,24,2,0.090851469946873334
1,24,3,0.09375034004816056
1,24,4,0.096679328278295062
1,24,5,0.099637563359582876
1,24,6,0.10262416920830233
1,24,7,0.10563826516383862
1,24,8,0.10867896621874426
1,24,9,0.11174538324974813
1,24,10,0.114836623249725
1,24,11,0.1179517895606301
1,24,12,0.12108998210739308
1,24,13,0.12425029763276017
1,24,14,0.12743182993306415
1,24,15,0.13063367009489668
1,24,16,0.13385490673265013
1,24,17,0.13709462622689123
1,24,18,0.14035191296352273
1,24,19,0.1436258495736859
1,24,20,0.14691551717434922
1,24,21,0.15021999560952778
1,24,22,0.15353836369207163
1,24,23,0.15686969944595877
1,24,24,0.16021308034902465
1,24,25,0.1635675835760578
1,24,26,0.16693228624218714
1,24,27,0.17030626564648524
1,24,28,0.1736885995157092
1,24,29,0.17707836624809722
1,24,30,0.18047464515713971
1,24,31,0.18387651671523994
1,24,32,0.1872830627971776
1,24,33,0.19069336692328942
1,24,34,0.19410651450227684
1,24,35,0.19752159307355244
1,24,36,0.20093769254903324
1,24,37,0.20435390545429055
1,24,38,0.20776932716896407
1,24,39,0.21118305616634706
1,24,40,0.21459419425205076
1,24,41,0.21800184680165358
1,24,42,0.22140512299724185
1,24,43,0.22480313606274957
1,24,44,0.22819500349800159
1,24,45,0.23157984731136816
1,24,46,0.23495679425093724
1,24,47,0.23832497603411079
1,24,48,0.24168352957553302
1,24,49,0.24503159721325804
1,24,50,0.24836832693306485
1,24,51,0.25169287259082873
1,24,52,0.25500439413285853
1,24,53,0.25830205781410975
1,24,54,0.26158503641418424
1,24,55,0.26485250945102873
1,24,56,0.26810366339224484
1,24,57,0.27133769186392415
1,24,58,0.27455379585692274
1,24,59,0.27775118393049181
1,24,60,0.2809290724131811
1,24,61,0.28408668560093264
1,24,62,0.28722325595228615
1,24,63,0.29033802428061412
1,24,64,0.29343023994331202
1,24,65,0.29649916102786472
1,24,66,0.29954405453471483
1,24,67,0.30256419655686084
1,24,68,0.30555887245611146
1,24,69,0.30852737703592686
1,24,70,0.3114690147107782
1,24,71,0.3143830996719586
1,24,72,0.3172689560497795
1,24,73,0.32012591807209051
1,24,74,0.32295333021906009
1,24,75,0.32575054737415754
1,24,76,0.32851693497127843
1,24,77,0.33125186913795823
1,24,78,0.33395473683461857
1,24,79,0.33662493598979654
1,24,80,0.3392618756313035
1,24,81,0.34186497601327021
1,24,82,0.34443366873902748
1,24,83,0.34696739687978212
1,24,84,0.34946561508904522
1,24,85,0.351927789712773
1,24,86,0.3543533988951838
1,24,87,0.3567419326802152
1,24,88,0.35909289310858938
1,24,89,0.36140579431045533
1,24,90,0.36368016259357955
1,24,91,0.36591553652706016
1,24,92,0.36811146702053976
1,24,93,0.37026751739889457
1,24,94,0.37238326347238448
1,24,95,0.37445829360224225
1,24,96,0.37649220876169115
1,24,97,0.37848462259237764
1,24,98,0.38043516145620931
1,24,99,0.38234346448259054
1,24,100,0.38420918361105261
1,24,101,0.38603198362927321
1,24,102,0.38781154220648645
1,24,103,0.38954754992228691
1,24,104,0.39123971029082932
1,24,105,0.39288773978043334
1,24,106,0.39449136782860239
1,24,107,0.39605033685246682
1,24,108,0.39756440225466744
1,24,109,0.39903333242469413
1,24,110,0.40045690873569995
1,24,111,0.40183492553680994
1,24,112,0.40316719014095026
1,24,113,0.40445352280822072
1,24,114,0.40569375672484126
1,24,115,0.40688773797770056
1,24,116,0.40803532552454047
1,24,117,0.40913639115980988
1,24,118,0.41019081947622599
1,24,119,0.41119850782208067
1,24,120,0.41215936625433364
1,24,121,0.41307331748753595
1,24,122,0.41394029683862804
1,24,123,0.41476025216766005
1,24,124,0.41553314381448342
1,24,125,0.41625894453146567
1,24,126,0.41693763941227974
1,24,127,0.41756922581682421
1,24,128,0.41815371329233048
1,24,129,0.41869112349071536
1,24,130,0.41918149008223943
1,24,131,0.41962485866553251
1,24,132,0.4200212866740502
1,24,133,0.42037084327902685
1,24,134,0.42067360928899022
1,24,135,0.42092967704590722
1,24,136,0.42113915031802901
1,24,137,0.42130214418950834
1,24,138,0.42141878494685742
1,24,139,0.42148920996232381
1,24,140,0.42151356757425684
1,24,141,0.42149201696453947
1,24,142,0.42142472803316411
1,24,143,0.42131188127002883
1,24,144,0.42115366762403406
1,24,145,0.42095028836955617
1,24,146,0.42070195497038393
1,24,147,0.4204088889411926
1,24,148,0.42007132170664191
1,24,149,0.41968949445817899
1,24,150,0.41926365800862958
1,24,151,0.41879407264466018
1,24,152,0.41828100797719647
1,24,153,0.41772474278988175
1,24,154,0.41712556488566027
1,24,155,0.4164837709315703
1,24,156,0.41579966630183168
1,24,157,0.41507356491931541
1,24,158,0.41430578909547694
1,24,159,0.41349666936884172
1,24,160,0.41264654434212772
1,24,161,0.41175576051808876
1,24,162,0.41082467213416579
1,24,163,0.40985364099602933
1,24,164,0.40884303631009927
1,24,165,0.40779323451512484
1,24,166,0.4067046191129095
1,24,167,0.40557758049826492
1,24,168,0.40441251578827525
1,24,169,0.40320982865095589
1,24,170,0.40196992913338875
1,24,171,0.40069323348941288
1,24,172,0.39938016400695553
1,24,173,0.39803114883507806
1,24,174,0.39664662181082183
1,24,175,0.3952270222859271
1,24,176,0.39377279495350648
1,24,177,0.39228438967474777
1,24,178,0.39076226130572272
1,24,179,0.38920686952437555
1,24,180,0.38761867865776761
1,24,181,0.3859981575096485
1,24,182,0.38434577918842744
1,24,183,0.38266202093561552
1,24,184,0.38094736395480833
1,24,185,0.37920229324127819
1,24,186,0.37742729741224479
1,24,187,0.37562286853788834
1,24,188,0.37378950197317456
1,24,189,0.3719276961905526
1,24,190,0.3700379526135919
1,24,191,0.36812077545161848
1,24,192,0.3661766715354135
1,24,193,0.36420615015403257
1,24,194,0.36220972289280584
1,24,195,0.3601879034725769
1,24,196,0.35814120759023615
1,24,197,0.35607015276060533
1,24,198,0.35397525815972719
1,24,199,0.35185704446961502
1,24,200,0.34971603372451221
1,24,201,0.34755274915871592
1,24,202,0.34536771505601366
1,24,203,0.34316145660078273
1,24,204,0.3409344997308012
1,24,205,0.33868737099181839
1,24,206,0.33642059739393027
1,24,207,0.33413470626980774
1,24,208,0.33183022513482069
1,24,209,0.32950768154910409
1,24,210,0.32716760298160874
1,24,211,0.32481051667617938
1,24,212,0.3224369495197032
1,24,213,0.32004742791237023
1,24,214,0.31764247764008685
1,24,215,0.31522262374908244
1,24,216,0.31278839042275181
1,24,217,0.31034030086077002
1,24,218,0.30787887716052287
1,24,219,0.30540464020089031
1,24,220,0.30291810952842341
1,24,221,0.30041980324595402
1,24,222,0.29791023790367671
1,24,223,0.29538992839274303
1,24,224,0.29285938784140708
1,24,225,0.29031912751376449
1,24,226,0.28776965671112364
1,24,227,0.2852114826760514
1,24,228,0.28264511049913532
1,24,229,0.28007104302850594
1,24,230,0.27748978078215975
1,24,231,0.27490182186313306
1,24,232,0.27230766187756661
1,24,233,0.26970779385571325
1,24,234,0.2671027081759349
1,24,235,0.26449289249174007
1,24,236,0.26187883166191411
1,24,237,0.25926100768379767
1,24,238,0.2566398996297683
1,24,239,0.25401598358698624
1,24,240,0.25138973260046499
1,24,241,0.24876161661953128
1,24,242,0.24613210244774406
1,24,243,0.24350165369634122
1,24,244,0.24087073074129181
1,24,245,0.23823979068403039
1,24,246,0.2356092873159584
1,24,247,0.23297967108679998
1,24,248,0.23035138907690481
1,24,249,0.22772488497359727
1,24,250,0.2251005990516749
1,24,251,0.2224789681581669
1,24,252,0.21986042570146955
1,24,253,0.21724540164498296
1,24,254,0.21463432250537895
1,24,255,0.21202761135564252
1,24,256,0.20942568783303234
1,24,257,0.20682896815212037
1,24,258,0.20423786512307618
1,24,259,0.20165278817537585
1,24,260,0.19907414338712348
1,24,261,0.19650233352018767
1,24,262,0.19393775806136679
1,24,263,0.19138081326981077
1,24,264,0.18883189223094271
1,24,265,0.18629138491713718
1,24,266,0.18375967825542927
1,24,267,0.18123715620254718
1,24,268,0.17872419982757673
1,24,269,0.17622118740258769
1,24,270,0.17372849450157196
1,24,271,0.171246494108065
1,24,272,0.16877555673184413
1,24,273,0.16631605053512258
1,24,274,0.16386834146868262
1,24,275,NaN
1,24,276,NaN
1,24,277,NaN
1,24,278,NaN
1,24,279,NaN
1,24,280,NaN
1,24,281,NaN
1,24,282,NaN
1,24,283,NaN
1,24,284,NaN
1,24,285,NaN
1,24,286,NaN
1,24,287,NaN
1,24,288,NaN
1,24,289,NaN
1,24,290,NaN
1,24,291,NaN
1,24,292,NaN
1,24,293,NaN
1,24,294,NaN
1,24,295,NaN
1,24,296,NaN
1,24,297,NaN
1,24,298,NaN
1,24,299,NaN
1,24,300,NaN
1,24,301,NaN
1,24,302,NaN
1,24,303,NaN
1,24,304,NaN
1,24,305,NaN
1,24,306,NaN
1,24,307,NaN
1,24,308,NaN
1,24,309,NaN
1,24,310,NaN
1,24,311,NaN
1,24,312,NaN
1,24,313,NaN
1,24,314,NaN
1,24,315,NaN
1,24,316,NaN
1,24,317,NaN
1,24,318,NaN
1,24,319,NaN
1,24,320,NaN
1,24,321,NaN
1,24,322,NaN
1,24,323,NaN
1,24,324,NaN
1,24,325,NaN
1,24,326,NaN
1,24,327,NaN
1,24,328,NaN
1,24,329,NaN
1,24,330,NaN
1,24,331,NaN
1,24,332,NaN
1,24,333,NaN
1,24,334,NaN
1,24,335,NaN
1,24,336,NaN
1,24,337,NaN
1,24,338,NaN
1,24,339,NaN
1,24,340,NaN
1,24,341,NaN
1,24,342,NaN
1,24,343,NaN
1,24,344,NaN
1,24,345,NaN
1,24,346,NaN
1,24,347,NaN
1,24,348,NaN
1,24,349,NaN
1,24,350,NaN
1,24,351,NaN
1,24,352,NaN
1,24,353,NaN
1,24,354,NaN
1,24,355,NaN
1,24,356,NaN
1,24,357,NaN
1,24,358,NaN
1,24,359,NaN
1,24,360,NaN
1,24,361,NaN
1,24,362,NaN
1,24,363,NaN
1,24,364,NaN
1,24,365,NaN
1,24,366,NaN
1,24,367,NaN
1,24,368,NaN
1,24,369,NaN
1,24,370,NaN
1,24,371,NaN
1,24,372,NaN
1,24,373,NaN
1,24,374,NaN
1,24,375,NaN
1,24,376,NaN
1,24,377,NaN
1,24,378,NaN
1,24,379,NaN
1,24,380,NaN
1,24,381,NaN
1,24,382,NaN
1,24,383,NaN
1,24,384,NaN
1,24,385,NaN
1,24,386,NaN
1,24,387,NaN
1,24,388,NaN
1,24,389,NaN
1,24,390,NaN
1,24,391,NaN
1,24,392,NaN
1,24,393,NaN
1,24,394,NaN
1,24,395,NaN
1,24,396,NaN
1,24,397,NaN
1,24,398,NaN
1,24,399,NaN
1,24,400,NaN
1,24,401,NaN
1,24,402,NaN
1,24,403,NaN
1,24,404,NaN
1,24,405,NaN
1,24,406,NaN
1,24,407,NaN
1,24,408,NaN
1,24,409,NaN
1,24,410,NaN
1,24,411,NaN
1,24,412,NaN
1,24,413,NaN
1,24,414,NaN
1,24,415,NaN
1,24,416,NaN
1,24,417,NaN
1,24,418,NaN
1,24,419,NaN
1,24,420,NaN
1,24,421,NaN
1,24,422,NaN
1,24,423,NaN
1,24,424,NaN
1,24,425,NaN
1,24,426,NaN
1,24,427,NaN
1,24,428,NaN
1,24,429,NaN
1,24,430,NaN
1,24,431,NaN
1,24,432,NaN
1,24,433,NaN
1,24,434,NaN
1,24,435,NaN
1,24,436,NaN
1,24,437,NaN
1,24,438,NaN
1,24,439,NaN
1,24,440,NaN
1,24,441,NaN
1,24,442,NaN
1,24,443,NaN
1,24,444,NaN
1,24,445,NaN
1,24,446,NaN
1,24,447,NaN
1,24,448,NaN
1,24,449,NaN
1,24,450,NaN
1,24,451,NaN
1,24,452,NaN
1,24,453,NaN
1,24,454,NaN
1,24,455,NaN
1,24,456,NaN
1,24,457,NaN
1,24,458,NaN
1,24,459,NaN
1,24,460,NaN
1,24,461,NaN
1,24,462,NaN
1,24,463,NaN
1,24,464,NaN
1,24,465,NaN
1,24,466,NaN
1,24,467,NaN
1,24,468,NaN
1,24,469,NaN
1,24,470,NaN
1,24,471,NaN
1,24,472,NaN
1,24,473,NaN
1,24,474,NaN
1,24,475,NaN
1,24,476,NaN
1,24,477,NaN
1,24,478,NaN
1,24,479,NaN
1,24,480,NaN
1,24,481,NaN
1,24,482,NaN
1,24,483,NaN
1,24,484,NaN
1,24,485,NaN
1,24,486,NaN
1,24,487,NaN
1,24,488,NaN
1,24,489,NaN
1,24,490,NaN
1,24,491,NaN
1,24,492,NaN
1,24,493,NaN
1,24,494,NaN
1,24,495,NaN
1,24,496,NaN
1,24,497,NaN
1,24,498,NaN
1,24,499,NaN
1,24,500,NaN
1,24,501,NaN
1,24,502,NaN
1,24,503,NaN
1,24,504,NaN
1,24,505,NaN
1,24,506,NaN
1,24,507,NaN
1,24,508,NaN
1,24,509,NaN
1,24,510,NaN
1,24,511,NaN
1,24,512,NaN
1,24,513,NaN
1,24,514,NaN
1,24,515,NaN
1,24,516,NaN
1,24,517,NaN
1,24,518,NaN
1,24,519,NaN
1,24,520,NaN
1,24,521,NaN
1,24,522,NaN
1,24,523,NaN
1,24,524,NaN
1,24,525,NaN
1,24,526,NaN
1,24,527,NaN
1,24,528,NaN
1,24,529,NaN
1,24,530,NaN
1,24,531,NaN
1,24,532,NaN
1,24,533,NaN
1,24,534,NaN
1,24,535,NaN
1,24,536,NaN
1,24,537,NaN
1,24,538,NaN
1,24,539,NaN
1,24,540,NaN
1,24,541,NaN
1,24,542,NaN
1,24,543,NaN
1,24,544,NaN
1,24,545,NaN
1,24,546,NaN
1,24,547,NaN
1,24,548,NaN
1,24,549,NaN
1,24,550,NaN
1,24,551,NaN
1,24,552,NaN
1,24,553,NaN
1,24,554,NaN
1,24,555,NaN
1,24,556,NaN
1,24,557,NaN
1,24,558,NaN
1,24,559,NaN
1,24,560,NaN
1,24,561,NaN
1,24,562,NaN
1,24,563,NaN
1,24,564,NaN
1,24,565,NaN
1,24,566,NaN
1,24,567,NaN
1,24,568,NaN
1,24,569,NaN
1,24,570,NaN
1,24,571,NaN
1,24,572,NaN
1,24,573,NaN
1,24,574,NaN
1,24,575,NaN
1,24,576,NaN
1,24,577,NaN
1,24,578,NaN
1,24,579,NaN
1,24,580,NaN
1,24,581,NaN
1,24,582,NaN
1,24,583,NaN
1,24,584,NaN
1,24,585,NaN
1,24,586,NaN
1,24,587,NaN
1,24,588,NaN
1,24,589,NaN
1,24,590,NaN
1,24,591,NaN
1,24,592,NaN
1,24,593,NaN
1,24,594,NaN
1,24,595,NaN
1,24,596,NaN
1,24,597,NaN
1,24,598,NaN
1,24,599,NaN
1,11,0,0.078123774389334558
1,11,1,0.080713069167976395
1,11,2,0.083331010819746545
1,11,3,0.085976782753390338
1,11,4,0.0886495651580506
1,11,5,0.091348535164242517
1,11,6,0.094072867011153902
1,11,7,0.096821732219620801
1,11,8,0.09959429977020301
1,11,9,0.10238973628585048
1,11,10,0.10520720621870538
1,11,11,0.10804587204063382
1,11,12,0.11090489443711928
1,11,13,0.11378343250418781
1,11,14,0.1166806439480617
1,11,15,0.11959568528726683
1,11,16,0.12252771205693933
1,11,17,0.12547587901509769
1,11,18,0.12843934035066204
1,11,19,0.13141724989301781
1,11,20,0.13440876132293261
1,11,21,0.13741302838464692
1,11,22,0.14042920509896831
1,11,23,0.14345644597720739
1,11,24,0.14649390623580102
1,11,25,0.1495407420114748
1,11,26,0.15259611057680314
1,11,27,0.15565917055602896
1,11,28,0.15872908214101084
1,11,29,0.16180500730716965
1,11,30,0.16488611002930861
1,11,31,0.16797155649718601
1,11,32,0.17106051533072161
1,11,33,0.17415215779472118
1,11,34,0.17724565801300524
1,11,35,0.1803401931818312
1,11,36,0.18343494378250028
1,11,37,0.18652909379304164
1,11,38,0.18962183089886941
1,11,39,0.19271234670230919
1,11,40,0.19579983693089248
1,11,41,0.19888350164431939
1,11,42,0.20196254543999223
1,11,43,0.20503617765702184
1,11,44,0.20810361257861354
1,11,45,0.21116406963273845
1,11,46,0.21421677359099769
1,11,47,0.21726095476559046
1,11,48,0.22029584920429632
1,11,49,0.22332069888338366
1,11,50,0.22633475189836058
1,11,51,0.22933726265248114
1,11,52,0.23232749204292652
1,11,53,0.23530470764457878
1,11,54,0.23826818389130724
1,11,55,0.24121720225469029
1,11,56,0.24415105142009511
1,11,57,0.2470690274600412
1,11,58,0.24997043400477417
1,11,59,0.25285458240997799
1,11,60,0.25572079192155567
1,11,61,0.25856838983741104
1,11,62,0.26139671166616368
1,11,63,0.26420510128273372
1,11,64,0.26699291108073192
1,11,65,0.26975950212159605
1,11,66,0.27250424428041142
1,11,67,0.27522651638836071
1,11,68,0.27792570637174518
1,11,69,0.28060121138752536
1,11,70,0.28325243795532828
1,11,71,0.28587880208587069
1,11,72,0.28847972940575234
1,11,73,0.29105465527857116
1,11,74,0.29360302492231777
1,11,75,0.29612429352300634
1,11,76,0.29861792634450185
1,11,77,0.30108339883450741
1,11,78,0.30352019672667291
1,11,79,0.30592781613879377
1,11,80,0.30830576366706658
1,11,81,0.31065355647637272
1,11,82,0.31297072238656193
1,11,83,0.31525679995471073
1,11,84,0.31751133855333286
1,11,85,0.31973389844451922
1,11,86,0.32192405084999065
1,11,87,0.3240813780170444
1,11,88,0.32620547328038091
1,11,89,0.3282959411197991
1,11,90,0.33035239721374776
1,11,91,0.33237446848872748
1,11,92,0.33436179316453563
1,11,93,0.33631402079535
1,11,94,0.33823081230665264
1,11,95,0.3401118400279905
1,11,96,0.34195678772157839
1,11,97,0.34376535060674884
1,11,98,0.34553723538025433
1,11,99,0.34727216023243346
1,11,100,0.34896985485925025
1,11,101,0.35063006047022244
1,11,102,0.35225252979225097
1,11,103,0.35383702706937253
1,11,104,0.35538332805845169
1,11,105,0.35689122002083518
1,11,106,0.35836050170999378
1,11,107,0.35979098335517556
1,11,108,0.36118248664109964
1,11,109,0.3625348446837201
1,11,110,0.36384790200209133
1,11,111,0.36512151448636976
1,11,112,0.366355549361986
1,11,113,0.36754988515002657
1,11,114,0.3687044116238628
1,11,115,0.36981902976206998
1,11,116,0.37089365169767802
1,11,117,0.37192820066379861
1,11,118,0.3729226109356768
1,11,119,0.37387682776921227
1,11,120,0.37479080733600229
1,11,121,0.37566451665495598
1,11,122,0.37649793352053457
1,11,123,0.37729104642766859
1,11,124,0.37804385449341255
1,11,125,0.37875636737538826
1,11,126,0.37942860518708071
1,11,127,0.38006059841004353
1,11,128,0.38065238780307509
1,11,129,0.3812040243084282
1,11,130,0.38171556895511699
1,11,131,0.38218709275938495
1,11,132,0.38261867662239968
1,11,133,0.3830104112252426
1,11,134,0.38336239692125829
1,11,135,0.3836747436258352
1,11,136,0.38394757070368468
1,11,137,0.38418100685368956
1,11,138,0.38437518999139381
1,11,139,0.38453026712920285
1,11,140,0.38464639425436942
1,11,141,0.38472373620483569
1,11,142,0.38476246654300572
1,11,143,0.38476276742752302
1,11,144,0.38472482948312475
1,11,145,0.38464885166865143
1,11,146,0.38453504114328213
1,11,147,0.38438361313107439
1,11,148,0.38419479078388125
1,11,149,0.38396880504272302
1,11,150,0.38370589449768727
1,11,151,0.38340630524643465
1,11,152,0.38307029075138394
1,11,153,0.38269811169565349
1,11,154,0.38229003583783305
1,11,155,0.38184633786566186
1,11,156,0.38136729924868723
1,11,157,0.38085320808997858
1,11,158,0.38030435897697074
1,11,159,0.37972105283151053
1,11,160,0.37910359675917954
1,11,161,0.37845230389796669
1,11,162,0.37776749326636178
1,11,163,0.37704948961094265
1,11,164,0.3762986232535262
1,11,165,0.37551522993795505
1,11,166,0.37469965067658706
1,11,167,0.373852231596559
1,11,168,0.37297332378589182
1,11,169,0.37206328313950332
1,11,170,0.3711224702051969
1,11,171,0.37015125002969029
1,11,172,0.36914999200474952
1,11,173,0.36811906971349073
1,11,174,0.36705886077691463
1,11,175,0.36596974670073212
1,11,176,0.36485211272254398
1,11,177,0.36370634765943255
1,11,178,0.36253284375602529
1,11,179,0.3613319965330849
1,11,180,0.36010420463668485
1,11,181,0.35884986968802252
1,11,182,0.35756939613392597
1,11,183,0.35626319109810445
1,11,184,0.35493166423319561
1,11,185,0.35357522757365861
1,11,186,0.35219429538956215
1,11,187,0.35078928404131371
1,11,188,0.34936061183537853
1,11,189,0.34790869888103026
1,11,190,0.34643396694818018
1,11,191,0.34493683932632363
1,11,192,0.34341774068464759
1,11,193,0.34187709693333851
1,11,194,0.34031533508612771
1,11,195,0.33873288312411221
1,11,196,0.33713016986088801
1,11,197,0.33550762480902707
1,11,198,0.3338656780479361
1,11,199,0.33220476009312438
1,11,200,0.33052530176691419
1,11,201,0.32882773407062355
1,11,202,0.32711248805824689
1,11,203,0.32537999471166346
1,11,204,0.32363068481739804
1,11,205,0.32186498884495762
1,11,206,0.32008333682676993
1,11,207,0.31828615823974271
1,11,208,0.31647388188846703
1,11,209,0.31464693579008418
1,11,210,0.31280574706083342
1,11,211,0.31095074180430038
1,11,212,0.30908234500137988
1,11,213,0.3072009804019708
1,11,214,0.30530707041841659
1,11,215,0.30340103602070362
1,11,216,0.30148329663343115
1,11,217,0.29955427003456309
1,11,218,0.29761437225597231
1,11,219,0.2956640174857858
1,11,220,0.29370361797254091
1,11,221,0.29173358393115728
1,11,222,0.28975432345073343
1,11,223,0.28776624240417287
1,11,224,0.28576974435964253
1,11,225,0.28376523049387153
1,11,226,0.28175309950728816
1,11,227,0.27973374754100266
1,11,228,0.27770756809563257
1,11,229,0.27567495195197483
1,11,230,0.27363628709352339
1,11,231,0.27159195863083108
1,11,232,0.26954234872771471
1,11,233,0.26748783652930352
1,11,234,0.2654287980919241
1,11,235,0.26336560631482231
1,11,236,0.26129863087371702
1,11,237,0.25922823815617985
1,11,238,0.25715479119883883
1,11,239,0.25507864962639742
1,11,240,0.25300016959246518
1,11,241,0.25091970372219197
1,11,242,0.24883760105669947
1,11,243,0.24675420699930203
1,11,244,0.24466986326350984
1,11,245,0.24258490782280456
1,11,246,0.24049967486217991
1,11,247,0.23841449473143758
1,11,248,0.23632969390022912
1,11,249,0.23424559491483277
1,11,250,0.23216251635665747
1,11,251,0.23008077280246098
1,11,252,0.2280006747862719
1,11,253,0.22592252876300548
1,11,254,0.22384663707376048
1,11,255,0.22177329791278594
1,11,256,0.21970280529610531
1,11,257,0.21763544903178636
1,11,258,0.21557151469184438
1,11,259,0.21351128358576435
1,11,260,0.21145503273563174
1,11,261,0.20940303485285644
1,11,262,0.20735555831647792
1,11,263,0.20531286715303698
1,11,264,0.20327522101800161
1,11,265,0.20124287517873174
1,11,266,0.19921608049896972
1,11,267,0.19719508342484229
1,11,268,0.19518012597235881
1,11,269,0.19317144571639225
1,11,270,0.19116927578112786
1,11,271,0.18917384483196484
1,11,272,0.18718537706885569
1,11,273,0.18520409222106907
1,11,274,0.18323020554336025
1,11,275,0.18126392781353443
1,11,276,0.17930546533138747
1,11,277,0.17735501991900818
1,11,278,0.17541278892242765
1,11,279,0.17347896521459877
1,11,280,0.17155373719969136
1,11,281,0.16963728881868625
1,11,282,0.1677297995562532
1,11,283,0.16583144444889605
1,11,284,0.16394239409434957
1,11,285,0.16206281466221192
1,11,286,0.16019286790579612
1,11,287,0.15833271117518499
1,11,288,0.15648249743147255
1,11,289,0.15464237526217633
1,11,290,0.15281248889780349
1,11,291,0.15099297822955479
1,11,292,0.14918397882814982
1,11,293,0.14738562196375621
1,11,294,0.14559803462700799
1,11,295,0.14382133955109411
1,11,296,0.14205565523490252
1,11,297,0.14030109596720147
1,11,298,0.13855777185184256
1,11,299,0.13682578883396757
1,11,300,0.13510524872720289
1,11,301,0.13339624924182478
1,11,302,0.13169888401387772
1,11,303,0.13001324263522993
1,11,304,0.12833941068454813
1,11,305,0.12667746975917518
1,11,306,0.12502749750789341
1,11,307,0.1233895676645566
1,11,308,0.12176375008257329
1,11,309,0.12015011077022471
1,11,310,0.11854871192680048
1,11,311,0.11695961197953414
1,11,312,NaN
1,11,313,NaN
1,11,314,NaN
1,11,315,NaN
1,11,316,NaN
1,11,317,NaN
1,11,318,NaN
1,11,319,NaN
1,11,320,NaN
1,11,321,NaN
1,11,322,NaN
1,11,323,NaN
1,11,324,NaN
1,11,325,NaN
1,11,326,NaN
1,11,327,NaN
1,11,328,NaN
1,11,329,NaN
1,11,330,NaN
1,11,331,NaN
1,11,332,NaN
1,11,333,NaN
1,11,334,NaN
1,11,335,NaN
1,11,336,NaN
1,11,337,NaN
1,11,338,NaN
1,11,339,NaN
1,11,340,NaN
1,11,341,NaN
1,11,342,NaN
1,11,343,NaN
1,11,344,NaN
1,11,345,NaN
1,11,346,NaN
1,11,347,NaN
1,11,348,NaN
1,11,349,NaN
1,11,350,NaN
1,11,351,NaN
1,11,352,NaN
1,11,353,NaN
1,11,354,NaN
1,11,355,NaN
1,11,356,NaN
1,11,357,NaN
1,11,358,NaN
1,11,359,NaN
1,11,360,NaN
1,11,361,NaN
1,11,362,NaN
1,11,363,NaN
1,11,364,NaN
1,11,365,NaN
1,11,366,NaN
1,11,367,NaN
1,11,368,NaN
1,11,369,NaN
1,11,370,NaN
1,11,371,NaN
1,11,372,NaN
1,11,373,NaN
1,11,374,NaN
1,11,375,NaN
1,11,376,NaN
1,11,377,NaN
1,11,378,NaN
1,11,379,NaN
1,11,380,NaN
1,11,381,NaN
1,11,382,NaN
1,11,383,NaN
1,11,384,NaN
1,11,385,NaN
1,11,386,NaN
1,11,387,NaN
1,11,388,NaN
1,11,389,NaN
1,11,390,NaN
1,11,391,NaN
1,11,392,NaN
1,11,393,NaN
1,11,394,NaN
1,11,395,NaN
1,11,396,NaN
1,11,397,NaN
1,11,398,NaN
1,11,399,NaN
1,11,400,NaN
1,11,401,NaN
1,11,402,NaN
1,11,403,NaN
1,11,404,NaN
1,11,405,NaN
1,11,406,NaN
1,11,407,NaN
1,11,408,NaN
1,11,409,NaN
1,11,410,NaN
1,11,411,NaN
1,11,412,NaN
1,11,413,NaN
1,11,414,NaN
1,11,415,NaN
1,11,416,NaN
1,11,417,NaN
1,11,418,NaN
1,11,419,NaN
1,11,420,NaN
1,11,421,NaN
1,11,422,NaN
1,11,423,NaN
1,11,424,NaN
1,11,425,NaN
1,11,426,NaN
1,11,427,NaN
1,11,428,NaN
1,11,429,NaN
1,11,430,NaN
1,11,431,NaN
1,11,432,NaN
1,11,433,NaN
1,11,434,NaN
1,11,435,NaN
1,11,436,NaN
1,11,437,NaN
1,11,438,NaN
1,11,439,NaN
1,11,440,NaN
1,11,441,NaN
1,11,442,NaN
1,11,443,NaN
1,11,444,NaN
1,11,445,NaN
1,11,446,NaN
1,11,447,NaN
1,11,448,NaN
1,11,449,NaN
1,11,450,NaN
1,11,451,NaN
1,11,452,NaN
1,11,453,NaN
1,11,454,NaN
1,11,455,NaN
1,11,456,NaN
1,11,457,NaN
1,11,458,NaN
1,11,459,NaN
1,11,460,NaN
1,11,461,NaN
1,11,462,NaN
1,11,463,NaN
1,11,464,NaN
1,11,465,NaN
1,11,466,NaN
1,11,467,NaN
1,11,468,NaN
1,11,469,NaN
1,11,470,NaN
1,11,471,NaN
1,11,472,NaN
1,11,473,NaN
1,11,474,NaN
1,11,475,NaN
1,11,476,NaN
1,11,477,NaN
1,11,478,NaN
1,11,479,NaN
1,11,480,NaN
1,11,481,NaN
1,11,482,NaN
1,11,483,NaN
1,11,484,NaN
1,11,485,NaN
1,11,486,NaN
1,11,487,NaN
1,11,488,NaN
1,11,489,NaN
1,11,490,NaN
1,11,491,NaN
1,11,492,NaN
1,11,493,NaN
1,11,494,NaN
1,11,495,NaN
1,11,496,NaN
1,11,497,NaN
1,11,498,NaN
1,11,499,NaN
1,11,500,NaN
1,11,501,NaN
1,11,502,NaN
1,11,503,NaN
1,11,504,NaN
1,11,505,NaN
1,11,506,NaN
1,11,507,NaN
1,11,508,NaN
1,11,509,NaN
1,11,510,NaN
1,11,511,NaN
1,11,512,NaN
1,11,513,NaN
1,11,514,NaN
1,11,515,NaN
1,11,516,NaN
1,11,517,NaN
1,11,518,NaN
1,11,519,NaN
1,11,520,NaN
1,11,521,NaN
1,11,522,NaN
1,11,523,NaN
1,11,524,NaN
1,11,525,NaN
1,11,526,NaN
1,11,527,NaN
1,11,528,NaN
1,11,529,NaN
1,11,530,NaN
1,11,531,NaN
1,11,532,NaN
1,11,533,NaN
1,11,534,NaN
1,11,535,NaN
1,11,536,NaN
1,11,537,NaN
1,11,538,NaN
1,11,539,NaN
1,11,540,NaN
1,11,541,NaN
1,11,542,NaN
1,11,543,NaN
1,11,544,NaN
1,11,545,NaN
1,11,546,NaN
1,11,547,NaN
1,11,548,NaN
1,11,549,NaN
1,11,550,NaN
1,11,551,NaN
1,11,552,NaN
1,11,553,NaN
1,11,554,NaN
1,11,555,NaN
1,11,556,NaN
1,11,557,NaN
1,11,558,NaN
1,11,559,NaN
1,11,560,NaN
1,11,561,NaN
1,11,562,NaN
1,11,563,NaN
1,11,564,NaN
1,11,565,NaN
1,11,566,NaN
1,11,567,NaN
1,11,568,NaN
1,11,569,NaN
1,11,570,NaN
1,11,571,NaN
1,11,572,NaN
1,11,573,NaN
1,11,574,NaN
1,11,575,NaN
1,11,576,NaN
1,11,577,NaN
1,11,578,NaN
1,11,579,NaN
1,11,580,NaN
1,11,581,NaN
1,11,582,NaN
1,11,583,NaN
1,11,584,NaN
1,11,585,NaN
1,11,586,NaN
1,11,587,NaN
1,11,588,NaN
1,11,589,NaN
1,11,590,NaN
1,11,591,NaN
1,11,592,NaN
1,11,593,NaN
1,11,594,NaN
1,11,595,NaN
1,11,596,NaN
1,11,597,NaN
1,11,598,NaN
1,11,599,NaN
1,23,0,0.085609960157423545
1,23,1,0.088376070417998845
1,23,2,0.09117285144360994
1,23,3,0.093999510435989017
1,23,4,0.096855249001903704
1,23,5,0.099739263367130404
1,23,6,0.10265074459106342
1,23,7,0.10558887878202125
1,23,8,0.10855284731329939
1,23,9,0.1115418270400089
1,23,10,0.11455499051672985
1,23,11,0.11759150621600058
1,23,12,0.12065053874765477
1,23,13,0.12373124907901088
1,23,14,0.12683279475591155
1,23,15,0.12995433012460433
1,23,16,0.13309500655444753
1,23,17,0.13625397266142181
1,23,18,0.13943037453242027
1,23,19,0.14262335595028686
1,23,20,0.1458320586195673
1,23,21,0.14905562239293341
1,23,22,0.15229318549823637
1,23,23,0.15554388476614328
1,23,24,0.1588068558583047
1,23,25,0.16208123349600154
1,23,26,0.16536615168921306
1,23,27,0.16866074396604819
1,23,28,0.17196414360247797
1,23,29,0.17527548385230521
1,23,30,0.17859389817730564
1,23,31,0.18191852047747256
1,23,32,0.18524848532129534
1,23,33,0.18858292817600045
1,23,34,0.19192098563768212
1,23,35,0.19526179566124868
1,23,36,0.19860449779010927
1,23,37,0.20194823338552373
1,23,38,0.20529214585553926
1,23,39,0.20863538088343489
1,23,40,0.21197708665559417
1,23,41,0.21531641408872698
1,23,42,0.21865251705635963
1,23,43,0.22198455261451225
1,23,44,0.22531168122648212
1,23,45,0.22863306698665117
1,23,46,0.2319478778432357
1,23,47,0.23525528581989619
1,23,48,0.23855446723612475
1,23,49,0.24184460292632767
1,23,50,0.24512487845752162
1,23,51,0.24839448434556
1,23,52,0.25165261626980856
1,23,53,0.2548984752861877
1,23,54,0.25813126803850028
1,23,55,0.26135020696796352
1,23,56,0.26455451052086426
1,23,57,0.26774340335425728
1,23,58,0.27091611653962716
1,23,59,0.27407188776443314
1,23,60,0.27720996153146016
1,23,61,0.28032958935589686
1,23,62,0.28343002996006367
1,23,63,0.2865105494657143
1,23,64,0.2895704215838355
1,23,65,0.29260892780186964
1,23,66,0.29562535756828673
1,23,67,0.29861900847443262
1,23,68,0.30158918643358201
1,23,69,0.30453520585712507
1,23,70,0.30745638982781737
1,23,71,0.31035207027002598
1,23,72,0.31322158811690298
1,23,73,0.31606429347442044
1,23,74,0.31887954578220323
1,23,75,0.32166671397109398
1,23,76,0.32442517661738951
1,23,77,0.32715432209368728
1,23,78,0.32985354871628253
1,23,79,0.33252226488905817
1,23,80,0.3351598892438114
1,23,81,0.33776585077696014
1,23,82,0.34033958898257954
1,23,83,0.34288055398171385
1,23,84,0.3453882066479137
1,23,85,0.34786201872895262
1,23,86,0.35030147296467407
1,23,87,0.35270606320092435
1,23,88,0.35507529449952946
1,23,89,0.35740868324427272
1,23,90,0.35970575724283538
1,23,91,0.36196605582466168
1,23,92,0.36418912993471214
1,23,93,0.36637454222307292
1,23,94,0.36852186713038709
1,23,95,0.37063069096908069
1,23,96,0.37270061200035243
1,23,97,0.37473124050690443
1,23,98,0.37672219886138752
1,23,99,0.37867312159054112
1,23,100,0.38058365543500616
1,23,101,0.3824534594047963
1,23,102,0.38428220483040837
1,23,103,0.38606957540956161
1,23,104,0.38781526724955295
1,23,105,0.38951898890521952
1,23,106,0.39118046141250223
1,23,107,0.3927994183176044
1,23,108,0.39437560570174368
1,23,109,0.3959087822014975
1,23,110,0.39739871902474228
1,23,111,0.39884519996219114
1,23,112,0.40024802139453819
1,23,113,0.4016069922952139
1,23,114,0.40292193422876627
1,23,115,0.40419268134487724
1,23,116,0.40541908036803237
1,23,117,0.40660099058285804
1,23,118,0.40773828381514787
1,23,119,0.40883084440859863
1,23,120,0.40987856919727955
1,23,121,0.41088136747386095
1,23,122,0.41183916095363021
1,23,123,0.4127518837343242
1,23,124,0.41361948225181239
1,23,125,0.41444191523166185
1,23,126,0.41521915363662298
1,23,127,0.41595118061007302
1,23,128,0.41663799141545654
1,23,129,0.41727959337176773
1,23,130,0.41787600578511591
1,23,131,0.41842725987642149
1,23,132,0.41893339870529073
1,23,133,0.41939447709011712
1,23,134,0.41981056152446306
1,23,135,0.42018173008977389
1,23,136,0.42050807236447835
1,23,137,0.4207896893295342
1,23,138,0.4210266932704757
1,23,139,0.42121920767602267
1,23,140,0.4213673671333133
1,23,141,0.42147131721982317
1,23,142,0.42153121439203428
1,23,143,0.42154722587092114
1,23,144,0.42151952952431815
1,23,145,0.42144831374624014
1,23,146,0.42133377733322303
1,23,147,0.42117612935775522
1,23,148,0.42097558903887378
1,23,149,0.42073238560999587
1,23,150,0.42044675818405969
1,23,151,0.4201189556160515
1,23,152,0.41974923636299244
1,23,153,0.41933786834146203
1,23,154,0.41888512878273704
1,23,155,0.41839130408562153
1,23,156,0.4178566896670487
1,23,157,0.41728158981053237
1,23,158,0.41666631751254901
1,23,159,0.41601119432692946
1,23,160,0.41531655020734132
1,23,161,0.41458272334794372
1,23,162,0.41381006002229431
1,23,163,0.41299891442059133
1,23,164,0.41214964848533164
1,23,165,0.41126263174546512
1,23,166,0.41033824114913114
1,23,167,0.40937686089505393
1,23,168,0.40837888226268138
1,23,169,0.40734470344114876
1,23,170,0.40627472935714753
1,23,171,0.40516937150178028
1,23,172,0.40402904775648407
1,23,173,0.40285418221810043
1,23,174,0.40164520502317358
1,23,175,0.40040255217155546
1,23,176,0.3991266653493965
1,23,177,0.3978179917516016
1,23,178,0.39647698390382718
1,23,179,0.39510409948409769
1,23,180,0.39369980114411829
1,23,181,0.39226455633035723
1,23,182,0.3907988371049757
1,23,183,0.38930311996667577
1,23,184,0.38777788567154253
1,23,185,0.38622361905395047
1,23,186,0.38464080884760599
1,23,187,0.38302994750679598
1,23,188,0.38139153102791234
1,23,189,0.37972605877131915
1,23,190,0.37803403328363061
1,23,191,0.37631596012046531
1,23,192,0.37457234766974046
1,23,193,0.37280370697557152
1,23,194,0.37101055156283802
1,23,195,0.3691933972624773
1,23,196,0.36735276203756528
1,23,197,0.36548916581024421
1,23,198,0.36360313028955338
1,23,199,0.36169517880021956
1,23,200,0.35976583611246138
1,23,201,0.35781562827286129
1,23,202,0.35584508243635804
1,23,203,0.35385472669940843
1,23,204,0.35184508993436947
1,23,205,0.34981670162514844
1,23,206,0.34777009170416739
1,23,207,0.34570579039068788
1,23,208,0.34362432803053899
1,23,209,0.34152623493729295
1,23,210,0.33941204123492774
1,23,211,0.3372822767020186
1,23,212,0.33513747061749516
1,23,213,0.33297815160800254
1,23,214,0.33080484749690331
1,23,215,0.32861808515495239
1,23,216,0.32641839035268133
1,23,217,0.32420628761452069
1,23,218,0.32198230007469542
1,23,219,0.31974694933491821
1,23,220,0.3175007553239127
1,23,221,0.31524423615879149
1,23,222,0.31297790800831576
1,23,223,0.31070228495806068
1,23,224,0.30841787887750927
1,23,225,0.30612519928909948
1,23,226,0.30382475323924146
1,23,227,0.30151704517132871
1,23,228,0.29920257680076062
1,23,229,0.29688184699199255
1,23,230,0.2945553516376328
1,23,231,0.29222358353960004
1,23,232,0.28988703229235657
1,23,233,0.28754618416823063
1,23,234,0.28520152200484061
1,23,235,0.28285352509463257
1,23,236,0.2805026690765417
1,23,237,0.27814942582978736
1,23,238,0.27579426336981078
1,23,239,0.27343764574636359
1,23,240,0.2710800329437526
1,23,241,0.26872188078325054
1,23,242,0.26636364082767405
1,23,243,0.26400576028813721
1,23,244,0.26164868193298257
1,23,245,0.25929284399889324
1,23,246,0.25693868010418935
1,23,247,0.25458661916430964
1,23,248,0.25223708530948064
1,23,249,0.24989049780457206
1,23,250,0.24754727097114168
1,23,251,0.24520781411166523
1,23,252,0.24287253143595325
1,23,253,0.24054182198975094
1,23,254,0.23821607958552196
1,23,255,0.23589569273540914
1,23,256,0.23358104458637363
1,23,257,0.23127251285750519
1,23,258,0.22897046977950267
1,23,259,0.22667528203631845
1,23,260,0.22438731070896281
1,23,261,0.22210691122146434
1,23,262,0.21983443328897939
1,23,263,0.21757022086804653
1,23,264,0.21531461210897965
1,23,265,0.21306793931039383
1,23,266,0.21083052887585838
1,23,267,0.20860270127267
1,23,268,NaN
1,23,269,NaN
1,23,270,NaN
1,23,271,NaN
1,23,272,NaN
1,23,273,NaN
1,23,274,NaN
1,23,275,NaN
1,23,276,NaN
1,23,277,NaN
1,23,278,NaN
1,23,279,NaN
1,23,280,NaN
1,23,281,NaN
1,23,282,NaN
1,23,283,NaN
1,23,284,NaN
1,23,285,NaN
1,23,286,NaN
1,23,287,NaN
1,23,288,NaN
1,23,289,NaN
1,23,290,NaN
1,23,291,NaN
1,23,292,NaN
1,23,293,NaN
1,23,294,NaN
1,23,295,NaN
1,23,296,NaN
1,23,297,NaN
1,23,298,NaN
1,23,299,NaN
1,23,300,NaN
1,23,301,NaN
1,23,302,NaN
1,23,303,NaN
1,23,304,NaN
1,23,305,NaN
1,23,306,NaN
1,23,307,NaN
1,23,308,NaN
1,23,309,NaN
1,23,310,NaN
1,23,311,NaN
1,23,312,NaN
1,23,313,NaN
1,23,314,NaN
1,23,315,NaN
1,23,316,NaN
1,23,317,NaN
1,23,318,NaN
1,23,319,NaN
1,23,320,NaN
1,23,321,NaN
1,23,322,NaN
1,23,323,NaN
1,23,324,NaN
1,23,325,NaN
1,23,326,NaN
1,23,327,NaN
1,23,328,NaN
1,23,329,NaN
1,23,330,NaN
1,23,331,NaN
1,23,332,NaN
1,23,333,NaN
1,23,334,NaN
1,23,335,NaN
1,23,336,NaN
1,23,337,NaN
1,23,338,NaN
1,23,339,NaN
1,23,340,NaN
1,23,341,NaN
1,23,342,NaN
1,23,343,NaN
1,23,344,NaN
1,23,345,NaN
1,23,346,NaN
1,23,347,NaN
1,23,348,NaN
1,23,349,NaN
1,23,350,NaN
1,23,351,NaN
1,23,352,NaN
1,23,353,NaN
1,23,354,NaN
1,23,355,NaN
1,23,356,NaN
1,23,357,NaN
1,23,358,NaN
1,23,359,NaN
1,23,360,NaN
1,23,361,NaN
1,23,362,NaN
1,23,363,NaN
1,23,364,NaN
1,23,365,NaN
1,23,366,NaN
1,23,367,NaN
1,23,368,NaN
1,23,369,NaN
1,23,370,NaN
1,23,371,NaN
1,23,372,NaN
1,23,373,NaN
1,23,374,NaN
1,23,375,NaN
1,23,376,NaN
1,23,377,NaN
1,23,378,NaN
1,23,379,NaN
1,23,380,NaN
1,23,381,NaN
1,23,382,NaN
1,23,383,NaN
1,23,384,NaN
1,23,385,NaN
1,23,386,NaN
1,23,387,NaN
1,23,388,NaN
1,23,389,NaN
1,23,390,NaN
1,23,391,NaN
1,23,392,NaN
1,23,393,NaN
1,23,394,NaN
1,23,395,NaN
1,23,396,NaN
1,23,397,NaN
1,23,398,NaN
1,23,399,NaN
1,23,400,NaN
1,23,401,NaN
1,23,402,NaN
1,23,403,NaN
1,23,404,NaN
1,23,405,NaN
1,23,406,NaN
1,23,407,NaN
1,23,408,NaN
1,23,409,NaN
1,23,410,NaN
1,23,411,NaN
1,23,412,NaN
1,23,413,NaN
1,23,414,NaN
1,23,415,NaN
1,23,416,NaN
1,23,417,NaN
1,23,418,NaN
1,23,419,NaN
1,23,420,NaN
1,23,421,NaN
1,23,422,NaN
1,23,423,NaN
1,23,424,NaN
1,23,425,NaN
1,23,426,NaN
1,23,427,NaN
1,23,428,NaN
1,23,429,NaN
1,23,430,NaN
1,23,431,NaN
1,23,432,NaN
1,23,433,NaN
1,23,434,NaN
1,23,435,NaN
1,23,436,NaN
1,23,437,NaN
1,23,438,NaN
1,23,439,NaN
1,23,440,NaN
1,23,441,NaN
1,23,442,NaN
1,23,443,NaN
1,23,444,NaN
1,23,445,NaN
1,23,446,NaN
1,23,447,NaN
1,23,448,NaN
1,23,449,NaN
1,23,450,NaN
1,23,451,NaN
1,23,452,NaN
1,23,453,NaN
1,23,454,NaN
1,23,455,NaN
1,23,456,NaN
1,23,457,NaN
1,23,458,NaN
1,23,459,NaN
1,23,460,NaN
1,23,461,NaN
1,23,462,NaN
1,23,463,NaN
1,23,464,NaN
1,23,465,NaN
1,23,466,NaN
1,23,467,NaN
1,23,468,NaN
1,23,469,NaN
1,23,470,NaN
1,23,471,NaN
1,23,472,NaN
1,23,473,NaN
1,23,474,NaN
1,23,475,NaN
1,23,476,NaN
1,23,477,NaN
1,23,478,NaN
1,23,479,NaN
1,23,480,NaN
1,23,481,NaN
1,23,482,NaN
1,23,483,NaN
1,23,484,NaN
1,23,485,NaN
1,23,486,NaN
1,23,487,NaN
1,23,488,NaN
1,23,489,NaN
1,23,490,NaN
1,23,491,NaN
1,23,492,NaN
1,23,493,NaN
1,23,494,NaN
1,23,495,NaN
1,23,496,NaN
1,23,497,NaN
1,23,498,NaN
1,23,499,NaN
1,23,500,NaN
1,23,501,NaN
1,23,502,NaN
1,23,503,NaN
1,23,504,NaN
1,23,505,NaN
1,23,506,NaN
1,23,507,NaN
1,23,508,NaN
1,23,509,NaN
1,23,510,NaN
1,23,511,NaN
1,23,512,NaN
1,23,513,NaN
1,23,514,NaN
1,23,515,NaN
1,23,516,NaN
1,23,517,NaN
1,23,518,NaN
1,23,519,NaN
1,23,520,NaN
1,23,521,NaN
1,23,522,NaN
1,23,523,NaN
1,23,524,NaN
1,23,525,NaN
1,23,526,NaN
1,23,527,NaN
1,23,528,NaN
1,23,529,NaN
1,23,530,NaN
1,23,531,NaN
1,23,532,NaN
1,23,533,NaN
1,23,534,NaN
1,23,535,NaN
1,23,536,NaN
1,23,537,NaN
1,23,538,NaN
1,23,539,NaN
1,23,540,NaN
1,23,541,NaN
1,23,542,NaN
1,23,543,NaN
1,23,544,NaN
1,23,545,NaN
1,23,546,NaN
1,23,547,NaN
1,23,548,NaN
1,23,549,NaN
1,23,550,NaN
1,23,551,NaN
1,23,552,NaN
1,23,553,NaN
1,23,554,NaN
1,23,555,NaN
1,23,556,NaN
1,23,557,NaN
1,23,558,NaN
1,23,559,NaN
1,23,560,NaN
1,23,561,NaN
1,23,562,NaN
1,23,563,NaN
1,23,564,NaN
1,23,565,NaN
1,23,566,NaN
1,23,567,NaN
1,23,568,NaN
1,23,569,NaN
1,23,570,NaN
1,23,571,NaN
1,23,572,NaN
1,23,573,NaN
1,23,574,NaN
1,23,575,NaN
1,23,576,NaN
1,23,577,NaN
1,23,578,NaN
1,23,579,NaN
1,23,580,NaN
1,23,581,NaN
1,23,582,NaN
1,23,583,NaN
1,23,584,NaN
1,23,585,NaN
1,23,586,NaN
1,23,587,NaN
1,23,588,NaN
1,23,589,NaN
1,23,590,NaN
1,23,591,NaN
1,23,592,NaN
1,23,593,NaN
1,23,594,NaN
1,23,595,NaN
1,23,596,NaN
1,23,597,NaN
1,23,598,NaN
1,23,599,NaN
1,16,0,0.090600976375539793
1,16,1,0.093643453488331183
1,16,2,0.096720356239795899
1,16,3,0.099830696879957936
1,16,4,0.10297348587272549
1,16,5,0.10614773192506848
1,16,6,0.10935244203820862
1,16,7,0.11258662157829202
1,16,8,0.11584927436433695
1,16,9,0.11913940277152694
1,16,10,0.1224560078481564
1,16,11,0.12579808944474086
1,16,12,0.12916464635397965
1,16,13,0.13255467646041133
1,16,14,0.13596717689873219
1,16,15,0.13940114421986394
1,16,16,0.14285557456395304
1,16,17,0.14632946383957282
1,16,18,0.14982180790847047
1,16,19,0.15333160277527064
1,16,20,0.1568578447816002
1,16,21,0.16039953080415145
1,16,22,0.16395565845624371
1,16,23,0.16752522629248148
1,16,24,0.17110723401614161
1,16,25,0.17470068268895217
1,16,26,0.17830457494295063
1,16,27,0.18191791519413392
1,16,28,0.18553970985763341
1,16,29,0.18916896756416454
1,16,30,0.19280469937751982
1,16,31,0.19644591901288641
1,16,32,0.20009164305578417
1,16,33,0.20374089118143018
1,16,34,0.20739268637434782
1,16,35,0.21104605514804731
1,16,36,0.21470002776461267
1,16,37,0.21835363845403921
1,16,38,0.2220059256331712
1,16,39,0.22565593212409657
1,16,40,0.22930270537186162
1,16,41,0.23294529766137406
1,16,42,0.23658276633336595
1,16,43,0.24021417399929568
1,16,44,0.24383858875507033
1,16,45,0.24745508439347344
1,16,46,0.25106274061518835
1,16,47,0.25466064323831006
1,16,48,0.25824788440624052
1,16,49,0.26182356279386793
1,16,50,0.26538678381193176
1,16,51,0.26893665980947662
1,16,52,0.27247231027430485
1,16,53,0.27599286203133588
1,16,54,0.27949744943878568
1,16,55,0.28298521458207998
1,16,56,0.28645530746541958
1,16,57,0.28990688620091482
1,16,58,0.29333911719521266
1,16,59,0.29675117533353773
1,16,60,0.30014224416107399
1,16,61,0.30351151606161381
1,16,62,0.30685819243340329
1,16,63,0.3101814838621163
1,16,64,0.31348061029088914
1,16,65,0.31675480118735172
1,16,66,0.32000329570759178
1,16,67,0.323225342856991
1,16,68,0.32642020164787378
1,16,69,0.32958714125391125
1,16,70,0.33272544116122493
1,16,71,0.33583439131613585
1,16,72,0.33891329226950717
1,16,73,0.34196145531763122
1,16,74,0.34497820263961138
1,16,75,0.3479628674311922
1,16,76,0.35091479403499481
1,16,77,0.35383333806711326
1,16,78,0.35671786654003096
1,16,79,0.35956775798181834
1,16,80,0.36238240255157556
1,16,81,0.365161202151082
1,16,82,0.36790357053262229
1,16,83,0.37060893340295392
1,16,84,0.37327672852338917
1,16,85,0.37590640580596218
1,16,86,0.37849742740565367
1,16,87,0.38104926780865095
1,16,88,0.38356141391662119
1,16,89,0.38603336512697306
1,16,90,0.38846463340909426
1,16,91,0.39085474337654202
1,16,92,0.39320323235517596
1,16,93,0.39550965044721759
1,16,94,0.39777356059122515
1,16,95,0.39999453861797707
1,16,96,0.4021721733022513
1,16,97,0.40430606641050043
1,16,98,0.40639583274441465
1,16,99,0.40844110018037139
1,16,100,0.41044150970477289
1,16,101,0.4123967154452704
1,16,102,0.41430638469788245
1,16,103,0.41617019795000698
1,16,104,0.41798784889933982
1,16,105,0.41975904446870493
1,16,106,0.42148350481680724
1,16,107,0.42316096334492181
1,16,108,0.42479116669953249
1,16,109,0.42637387477093625
1,16,110,0.42790886068782946
1,16,111,0.4293959108078983
1,16,112,0.43083482470443107
1,16,113,0.43222541514897739
1,16,114,0.43356750809007732
1,16,115,0.43486094262808644
1,16,116,0.43610557098612596
1,16,117,0.43730125847718465
1,16,118,0.4384478834674056
1,16,119,0.43954533733558893
1,16,120,0.44059352442894389
1,16,121,0.44159236201512753
1,16,122,0.44254178023060453
1,16,123,0.44344172202536847
1,16,124,0.44429214310406229
1,16,125,0.44509301186354122
1,16,126,0.44584430932691876
1,16,127,0.44654602907414059
1,16,128,0.44719817716913074
1,16,129,0.44780077208355729
1,16,130,0.44835384461726452
1,16,131,0.44885743781542031
1,16,132,0.44931160688242944
1,16,133,0.44971641909266247
1,16,134,0.45007195369805419
1,16,135,0.45037830183262367
1,16,136,0.45063556641396973
1,16,137,0.45084386204179921
1,16,138,0.4510033148935409
1,16,139,0.45111406261710674
1,16,140,0.45117625422085167
1,16,141,0.45119004996079937
1,16,142,0.45115562122518488
1,16,143,0.45107315041638063
1,16,144,0.45094283083026382
1,16,145,0.45076486653308739
1,16,146,0.45053947223591717
1,16,147,0.450266873166698
1,16,148,0.44994730494001128
1,16,149,0.44958101342458923
1,16,150,0.44916825460864895
1,16,151,0.44870929446311125
1,16,152,0.44820440880277074
1,16,153,0.44765388314547905
1,16,154,0.44705801256941091
1,16,155,0.44641710156847658
1,16,156,0.44573146390594692
1,16,157,0.44500142246635832
1,16,158,0.44422730910576219
1,16,159,0.4434094645003876
1,16,160,0.44254823799378168
1,16,161,0.44164398744249489
1,16,162,0.44069707906037786
1,16,163,0.43970788726155602
1,16,164,0.43867679450214725
1,16,165,0.43760419112079013
1,16,166,0.43649047517804801
1,16,167,0.43533605229475392
1,16,168,0.43414133548936179
1,16,169,0.43290674501437082
1,16,170,0.43163270819188471
1,16,171,0.43031965924837301
1,16,172,0.4289680391486958
1,16,173,0.42757829542945819
1,16,174,0.42615088203175472
1,16,175,0.42468625913336894
1,16,176,0.42318489298048767
1,16,177,0.42164725571899431
1,16,178,0.42007382522539849
1,16,179,0.41846508493746687
1,16,180,0.41682152368461045
1,16,181,0.4151436355180908
1,16,182,0.41343191954110198
1,16,183,0.41168687973878565
1,16,184,0.40990902480823799
1,16,185,0.40809886798856337
1,16,186,0.40625692689103066
1,16,187,0.4043837233293871
1,16,188,0.40247978315038441
1,16,189,0.40054563606456906
1,16,190,0.39858181547739036
1,16,191,0.39658885832067742
1,16,192,0.39456730488453656
1,16,193,0.39251769864971753
1,16,194,0.3904405861204997
1,16,195,0.3883365166581455
1,16,196,0.38620604231496819
1,16,197,0.38404971766906132
1,16,198,0.38186809965973545
1,16,199,0.37966174742370656
1,16,200,0.37743122213208041
1,16,201,0.37517708682817558
1,16,202,0.37289990626622815
1,16,203,0.37060024675101844
1,16,204,0.36827867597846059
1,16,205,0.36593576287719448
1,16,206,0.36357207745121867
1,16,207,0.36118819062360175
1,16,208,0.35878467408130965
1,16,209,0.35636210012118408
1,16,210,0.35392104149710751
1,16,211,0.35146207126838924
1,16,212,0.34898576264940523
1,16,213,0.34649268886052448
1,16,214,0.34398342298035367
1,16,215,0.34145853779933055
1,16,216,0.33891860567469606
1,16,217,0.33636419838687387
1,16,218,0.33379588699728663
1,16,219,0.33121424170763408
1,16,220,0.32861983172066189
1,16,221,0.32601322510244529
1,16,222,0.32339498864621302
1,16,223,0.32076568773773523
1,16,224,0.31812588622229893
1,16,225,0.31547614627329235
1,16,226,0.31281702826242186
1,16,227,0.31014909063157925
1,16,228,0.3074728897663826
1,16,229,0.30478897987140663
1,16,230,0.3020979128471239
1,16,231,0.29940023816857214
1,16,232,0.29669650276576609
1,16,233,0.29398725090586897
1,16,234,0.29127302407713895
1,16,235,0.28855436087466602
1,16,236,0.28583179688791077
1,16,237,0.28310586459006104
1,16,238,0.280377093229216
1,16,239,0.27764600872140988
1,16,240,0.27491313354548685
1,16,241,0.27217898663983464
1,16,242,0.26944408330098896
1,16,243,0.26670893508411359
1,16,244,0.2639740497053662
1,16,245,0.26123993094615466
1,16,246,0.258507078559291
1,16,247,NaN
1,16,248,NaN
1,16,249,NaN
1,16,250,NaN
1,16,251,NaN
1,16,252,NaN
1,16,253,NaN
1,16,254,NaN
1,16,255,NaN
1,16,256,NaN
1,16,257,NaN
1,16,258,NaN
1,16,259,NaN
1,16,260,NaN
1,16,261,NaN
1,16,262,NaN
1,16,263,NaN
1,16,264,NaN
1,16,265,NaN
1,16,266,NaN
1,16,267,NaN
1,16,268,NaN
1,16,269,NaN
1,16,270,NaN
1,16,271,NaN
1,16,272,NaN
1,16,273,NaN
1,16,274,NaN
1,16,275,NaN
1,16,276,NaN
1,16,277,NaN
1,16,278,NaN
1,16,279,NaN
1,16,280,NaN
1,16,281,NaN
1,16,282,NaN
1,16,283,NaN
1,16,284,NaN
1,16,285,NaN
1,16,286,NaN
1,16,287,NaN
1,16,288,NaN
1,16,289,NaN
1,16,290,NaN
1,16,291,NaN
1,16,292,NaN
1,16,293,NaN
1,16,294,NaN
1,16,295,NaN
1,16,296,NaN
1,16,297,NaN
1,16,298,NaN
1,16,299,NaN
1,16,300,NaN
1,16,301,NaN
1,16,302,NaN
1,16,303,NaN
1,16,304,NaN
1,16,305,NaN
1,16,306,NaN
1,16,307,NaN
1,16,308,NaN
1,16,309,NaN
1,16,310,NaN
1,16,311,NaN
1,16,312,NaN
1,16,313,NaN
1,16,314,NaN
1,16,315,NaN
1,16,316,NaN
1,16,317,NaN
1,16,318,NaN
1,16,319,NaN
1,16,320,NaN
1,16,321,NaN
1,16,322,NaN
1,16,323,NaN
1,16,324,NaN
1,16,325,NaN
1,16,326,NaN
1,16,327,NaN
1,16,328,NaN
1,16,329,NaN
1,16,330,NaN
1,16,331,NaN
1,16,332,NaN
1,16,333,NaN
1,16,334,NaN
1,16,335,NaN
1,16,336,NaN
1,16,337,NaN
1,16,338,NaN
1,16,339,NaN
1,16,340,NaN
1,16,341,NaN
1,16,342,NaN
1,16,343,NaN
1,16,344,NaN
1,16,345,NaN
1,16,346,NaN
1,16,347,NaN
1,16,348,NaN
1,16,349,NaN
1,16,350,NaN
1,16,351,NaN
1,16,352,NaN
1,16,353,NaN
1,16,354,NaN
1,16,355,NaN
1,16,356,NaN
1,16,357,NaN
1,16,358,NaN
1,16,359,NaN
1,16,360,NaN
1,16,361,NaN
1,16,362,NaN
1,16,363,NaN
1,16,364,NaN
1,16,365,NaN
1,16,366,NaN
1,16,367,NaN
1,16,368,NaN
1,16,369,NaN
1,16,370,NaN
1,16,371,NaN
1,16,372,NaN
1,16,373,NaN
1,16,374,NaN
1,16,375,NaN
1,16,376,NaN
1,16,377,NaN
1,16,378,NaN
1,16,379,NaN
1,16,380,NaN
1,16,381,NaN
1,16,382,NaN
1,16,383,NaN
1,16,384,NaN
1,16,385,NaN
1,16,386,NaN
1,16,387,NaN
1,16,388,NaN
1,16,389,NaN
1,16,390,NaN
1,16,391,NaN
1,16,392,NaN
1,16,393,NaN
1,16,394,NaN
1,16,395,NaN
1,16,396,NaN
1,16,397,NaN
1,16,398,NaN
1,16,399,NaN
1,16,400,NaN
1,16,401,NaN
1,16,402,NaN
1,16,403,NaN
1,16,404,NaN
1,16,405,NaN
1,16,406,NaN
1,16,407,NaN
1,16,408,NaN
1,16,409,NaN
1,16,410,NaN
1,16,411,NaN
1,16,412,NaN
1,16,413,NaN
1,16,414,NaN
1,16,415,NaN
1,16,416,NaN
1,16,417,NaN
1,16,418,NaN
1,16,419,NaN
1,16,420,NaN
1,16,421,NaN
1,16,422,NaN
1,16,423,NaN
1,16,424,NaN
1,16,425,NaN
1,16,426,NaN
1,16,427,NaN
1,16,428,NaN
1,16,429,NaN
1,16,430,NaN
1,16,431,NaN
1,16,432,NaN
1,16,433,NaN
1,16,434,NaN
1,16,435,NaN
1,16,436,NaN
1,16,437,NaN
1,16,438,NaN
1,16,439,NaN
1,16,440,NaN
1,16,441,NaN
1,16,442,NaN
1,16,443,NaN
1,16,444,NaN
1,16,445,NaN
1,16,446,NaN
1,16,447,NaN
1,16,448,NaN
1,16,449,NaN
1,16,450,NaN
1,16,451,NaN
1,16,452,NaN
1,16,453,NaN
1,16,454,NaN
1,16,455,NaN
1,16,456,NaN
1,16,457,NaN
1,16,458,NaN
1,16,459,NaN
1,16,460,NaN
1,16,461,NaN
1,16,462,NaN
1,16,463,NaN
1,16,464,NaN
1,16,465,NaN
1,16,466,NaN
1,16,467,NaN
1,16,468,NaN
1,16,469,NaN
1,16,470,NaN
1,16,471,NaN
1,16,472,NaN
1,16,473,NaN
1,16,474,NaN
1,16,475,NaN
1,16,476,NaN
1,16,477,NaN
1,16,478,NaN
1,16,479,NaN
1,16,480,NaN
1,16,481,NaN
1,16,482,NaN
1,16,483,NaN
1,16,484,NaN
1,16,485,NaN
1,16,486,NaN
1,16,487,NaN
1,16,488,NaN
1,16,489,NaN
1,16,490,NaN
1,16,491,NaN
1,16,492,NaN
1,16,493,NaN
1,16,494,NaN
1,16,495,NaN
1,16,496,NaN
1,16,497,NaN
1,16,498,NaN
1,16,499,NaN
1,16,500,NaN
1,16,501,NaN
1,16,502,NaN
1,16,503,NaN
1,16,504,NaN
1,16,505,NaN
1,16,506,NaN
1,16,507,NaN
1,16,508,NaN
1,16,509,NaN
1,16,510,NaN
1,16,511,NaN
1,16,512,NaN
1,16,513,NaN
1,16,514,NaN
1,16,515,NaN
1,16,516,NaN
1,16,517,NaN
1,16,518,NaN
1,16,519,NaN
1,16,520,NaN
1,16,521,NaN
1,16,522,NaN
1,16,523,NaN
1,16,524,NaN
1,16,525,NaN
1,16,526,NaN
1,16,527,NaN
1,16,528,NaN
1,16,529,NaN
1,16,530,NaN
1,16,531,NaN
1,16,532,NaN
1,16,533,NaN
1,16,534,NaN
1,16,535,NaN
1,16,536,NaN
1,16,537,NaN
1,16,538,NaN
1,16,539,NaN
1,16,540,NaN
1,16,541,NaN
1,16,542,NaN
1,16,543,NaN
1,16,544,NaN
1,16,545,NaN
1,16,546,NaN
1,16,547,NaN
1,16,548,NaN
1,16,549,NaN
1,16,550,NaN
1,16,551,NaN
1,16,552,NaN
1,16,553,NaN
1,16,554,NaN
1,16,555,NaN
1,16,556,NaN
1,16,557,NaN
1,16,558,NaN
1,16,559,NaN
1,16,560,NaN
1,16,561,NaN
1,16,562,NaN
1,16,563,NaN
1,16,564,NaN
1,16,565,NaN
1,16,566,NaN
1,16,567,NaN
1,16,568,NaN
1,16,569,NaN
1,16,570,NaN
1,16,571,NaN
1,16,572,NaN
1,16,573,NaN
1,16,574,NaN
1,16,575,NaN
1,16,576,NaN
1,16,577,NaN
1,16,578,NaN
1,16,579,NaN
1,16,580,NaN
1,16,581,NaN
1,16,582,NaN
1,16,583,NaN
1,16,584,NaN
1,16,585,NaN
1,16,586,NaN
1,16,587,NaN
1,16,588,NaN
1,16,589,NaN
1,16,590,NaN
1,16,591,NaN
1,16,592,NaN
1,16,593,NaN
1,16,594,NaN
1,16,595,NaN
1,16,596,NaN
1,16,597,NaN
1,16,598,NaN
1,16,599,NaN
1,1,0,0.086488582037893655
1,1,1,0.089233638498117787
1,1,2,0.092008402592042973
1,1,3,0.094812151378880202
1,1,4,0.097644155495378193
1,1,5,0.10050367933949403
1,1,6,0.10338998125745914
1,1,7,0.10630231373408872
1,1,8,0.10923992358619428
1,1,9,0.11220205215896735
1,1,10,0.11518793552520984
1,1,11,0.11819680468729243
1,1,12,0.12122788578172664
1,1,13,0.12428040028624077
1,1,14,0.12735356522925184
1,1,15,0.13044659340162865
1,1,16,0.13355869357064257
1,1,17,0.13668907069600453
1,1,18,0.13983692614788656
1,1,19,0.14300145792682822
1,1,20,0.14618186088542776
1,1,21,0.14937732695171893
1,1,22,0.15258704535413375
1,1,23,0.15581020284795205
1,1,24,0.15904598394313826
1,1,25,0.16229357113346621
1,1,26,0.16555214512683189
1,1,27,0.1688208850766546
1,1,28,0.17209896881426573
1,1,29,0.17538557308218536
1,1,30,0.17867987376818578
1,1,31,0.1819810461400409
1,1,32,0.18528826508086052
1,1,33,0.18860070532490805
1,1,34,0.19191754169380063
1,1,35,0.19523794933298905
1,1,36,0.19856110394841697
1,1,37,0.20188618204325631
1,1,38,0.20521236115461838
1,1,39,0.20853882009013691
1,1,40,0.21186473916432394
1,1,41,0.21518930043459394
1,1,42,0.21851168793685688
1,1,43,0.22183108792057737
1,1,44,0.22514668908319943
1,1,45,0.2284576828038363
1,1,46,0.23176326337612355
1,1,47,0.23506262824013671
1,1,48,0.23835497821327262
1,1,49,0.24163951771999587
1,1,50,0.24491545502035084
1,1,51,0.2481820024371422
1,1,52,0.25143837658168505
1,1,53,0.25468379857802864
1,1,54,0.25791749428555721
1,1,55,0.26113869451987237
1,1,56,0.26434663527186203
1,1,57,0.26754055792486342
1,1,58,0.27071970946982549
1,1,59,0.27388334271838
1,1,60,0.27703071651372962
1,1,61,0.28016109593926453
1,1,62,0.28327375252481596
1,1,63,0.28636796445046264
1,1,64,0.28944301674780015
1,1,65,0.29249820149859029
1,1,66,0.29553281803070586
1,1,67,0.29854617311128767
1,1,68,0.30153758113703316
1,1,69,0.30450636432153605
1,1,70,0.30745185287960014
1,1,71,0.31037338520844743
1,1,72,0.31327030806574907
1,1,73,0.31614197674440175
1,1,74,0.31898775524397932
1,1,75,0.32180701643878923
1,1,76,0.32459914224246339
1,1,77,0.32736352376901873
1,1,78,0.33009956149031988
1,1,79,0.33280666538988213
1,1,80,0.3354842551129526
1,1,81,0.33813176011280921
1,1,82,0.34074861979322169
1,1,83,0.34333428364701563
1,1,84,0.3458882113906902
1,1,85,0.3484098730950323
1,1,86,0.3508987493116833
1,1,87,0.35335433119560611
1,1,88,0.35577612062340952
1,1,89,0.35816363030748605
1,1,90,0.36051638390592233
1,1,91,0.36283391612814242
1,1,92,0.36511577283624774
1,1,93,0.36736151114202048
1,1,94,0.36957069949955595
1,1,95,0.37174291779349622
1,1,96,0.3738777574228363
1,1,97,0.37597482138027805
1,1,98,0.37803372432710941
1,1,99,0.38005409266358831
1,1,100,0.3820355645948123
1,1,101,0.38397779019206008
1,1,102,0.38588043144959056
1,1,103,0.38774316233688783
1,1,104,0.3895656688463458
1,1,105,0.39134764903638558
1,1,106,0.39308881307000043
1,1,107,0.39478888324872985
1,1,108,0.39644759404206359
1,1,109,0.39806469211227652
1,1,110,0.39963993633470596
1,1,111,0.4011730978134741
1,1,112,0.40266395989267156
1,1,113,0.40411231816301263
1,1,114,0.40551798046397863
1,1,115,0.40688076688146912
1,1,116,0.40820050974097905
1,1,117,0.40947705359632713
1,1,118,0.41071025521395954
1,1,119,0.41189998355285601
1,1,120,0.41304611974007083
1,1,121,0.41414855704193715
1,1,122,0.4152072008309719
1,1,123,0.41622196854851706
1,1,124,0.41719278966315526
1,1,125,0.41811960562494171
1,1,126,0.4190023698154951
1,1,127,0.41984104749399226
1,1,128,0.42063561573911429
1,1,129,0.42138606338699219
1,1,130,0.42209239096520451
1,1,131,0.42275461062287878
1,1,132,0.42337274605695235
1,1,133,0.42394683243464848
1,1,134,0.42447691631222628
1,1,135,0.4249630555500658
1,1,136,0.42540531922414776
1,1,137,0.42580378753399323
1,1,138,0.42615855170712763
1,1,139,0.42646971390013466
1,1,140,0.4267373870963691
1,1,141,0.42696169500039755
1,1,142,0.42714277192923666
1,1,143,0.42728076270046178
1,1,144,0.42737582251725886
1,1,145,0.42742811685049314
1,1,146,0.427437821317871
1,1,147,0.42740512156026872
1,1,148,0.42733021311530944
1,1,149,0.42721330128826224
1,1,150,0.42705460102034482
1,1,151,0.42685433675450796
1,1,152,0.42661274229878365
1,1,153,0.42633006068727569
1,1,154,0.42600654403887628
1,1,155,0.42564245341378898
1,1,156,0.42523805866794229
1,1,157,0.42479363830537364
1,1,158,0.42430947932867008
1,1,159,0.42378587708754684
1,1,160,0.4232231351256478
1,1,161,0.42262156502565101
1,1,162,0.42198148625276349
1,1,163,0.42130322599668801
1,1,164,0.42058711901214596
1,1,165,0.41983350745803805
1,1,166,0.41904274073532899
1,1,167,0.41821517532373431
1,1,168,0.41735117461729615
1,1,169,0.41645110875892682
1,1,170,0.41551535447400401
1,1,171,0.41454429490309591
1,1,172,0.4135383194339004
1,1,173,0.412497823532474
1,1,174,0.41142320857383358
1,1,175,0.41031488167200647
1,1,176,0.40917325550960865
1,1,177,0.40799874816702592
1,1,178,0.40679178295127649
1,1,179,0.40555278822462842
1,1,180,0.4042821972330462
1,1,181,0.40298044793454063
1,1,182,0.40164798282749425
1,1,183,0.40028524877903188
1,1,184,0.3988926968535087
1,1,185,0.39747078214118281
1,1,186,0.39601996358714187
1,1,187,0.39454070382054951
1,1,188,0.3930334689842766
1,1,189,0.39149872856498369
1,1,190,0.38993695522371474
1,1,191,0.38834862462706699
1,1,192,0.38673421527899421
1,1,193,0.38509420835330677
1,1,194,0.38342908752692173
1,1,195,0.38173933881392302
1,1,196,0.38002545040048519
1,1,197,0.37828791248071592
1,1,198,0.37652721709346865
1,1,199,0.37474385796017651
1,1,200,0.37293833032375928
1,1,201,0.37111113078864905
1,1,202,0.36926275716198392
1,1,203,0.36739370829601453
1,1,204,0.36550448393176754
1,1,205,0.3635955845440102
1,1,206,0.36166751118755641
1,1,207,0.3597207653449554
1,1,208,0.35775584877560129
1,1,209,0.35577326336630233
1,1,210,0.35377351098334492
1,1,211,0.35175709332608818
1,1,212,0.34972451178212199
1,1,213,0.34767626728402234
1,1,214,0.34561286016773318
1,1,215,0.34353479003260651
1,1,216,0.34144255560312819
1,1,217,0.33933665459235657
1,1,218,0.33721758356710207
1,1,219,0.33508583781487011
1,1,220,0.33294191121259281
1,1,221,0.33078629609717225
1,1,222,0.32861948313785566
1,1,223,0.32644196121046332
1,1,224,0.32425421727349002
1,1,225,0.32205673624609493
1,1,226,0.31985000088800059
1,1,227,0.31763449168131508
1,1,228,0.31541068671429245
1,1,229,0.31317906156704628
1,1,230,0.31094008919922872
1,1,231,0.30869423983968786
1,1,232,0.30644198087811347
1,1,233,0.30418377675868336
1,1,234,0.30192008887571592
1,1,235,0.29965137547134263
1,1,236,0.29737809153520295
1,1,237,0.29510068870617157
1,1,238,0.29281961517612254
1,1,239,0.2905353155957362
1,1,240,0.28824823098235186
1,1,241,0.28595879862987156
1,1,242,0.28366745202071564
1,1,243,0.28137462073983449
1,1,244,0.27908073039077491
1,1,245,0.27678620251380442
1,1,246,0.27449145450609136
1,1,247,0.27219689954394144
1,1,248,0.26990294650708763
1,1,249,0.26760999990503337
1,1,250,0.26531845980544366
1,1,251,0.26302872176458381
1,1,252,0.26074117675979858
1,1,253,0.25845621112402967
1,1,254,0.25617420648236461
1,1,255,0.2538955396906124
1,1,256,0.25162058277589899
1,1,257,0.24934970287927544
1,1,258,0.24708326220033169
1,1,259,0.24482161794380822
1,1,260,0.24256512226819593
1,1,261,NaN
1,1,262,NaN
1,1,263,NaN
1,1,264,NaN
1,1,265,NaN
1,1,266,NaN
1,1,267,NaN
1,1,268,NaN
1,1,269,NaN
1,1,270,NaN
1,1,271,NaN
1,1,272,NaN
1,1,273,NaN
1,1,274,NaN
1,1,275,NaN
1,1,276,NaN
1,1,277,NaN
1,1,278,NaN
1,1,279,NaN
1,1,280,NaN
1,1,281,NaN
1,1,282,NaN
1,1,283,NaN
1,1,284,NaN
1,1,285,NaN
1,1,286,NaN
1,1,287,NaN
1,1,288,NaN
1,1,289,NaN
1,1,290,NaN
1,1,291,NaN
1,1,292,NaN
1,1,293,NaN
1,1,294,NaN
1,1,295,NaN
1,1,296,NaN
1,1,297,NaN
1,1,298,NaN
1,1,299,NaN
1,1,300,NaN
1,1,301,NaN
1,1,302,NaN
1,1,303,NaN
1,1,304,NaN
1,1,305,NaN
1,1,306,NaN
1,1,307,NaN
1,1,308,NaN
1,1,309,NaN
1,1,310,NaN
1,1,311,NaN
1,1,312,NaN
1,1,313,NaN
1,1,314,NaN
1,1,315,NaN
1,1,316,NaN
1,1,317,NaN
1,1,318,NaN
1,1,319,NaN
1,1,320,NaN
1,1,321,NaN
1,1,322,NaN
1,1,323,NaN
1,1,324,NaN
1,1,325,NaN
1,1,326,NaN
1,1,327,NaN
1,1,328,NaN
1,1,329,NaN
1,1,330,NaN
1,1,331,NaN
1,1,332,NaN
1,1,333,NaN
1,1,334,NaN
1,1,335,NaN
1,1,336,NaN
1,1,337,NaN
1,1,338,NaN
1,1,339,NaN
1,1,340,NaN
1,1,341,NaN
1,1,342,NaN
1,1,343,NaN
1,1,344,NaN
1,1,345,NaN
1,1,346,NaN
1,1,347,NaN
1,1,348,NaN
1,1,349,NaN
1,1,350,NaN
1,1,351,NaN
1,1,352,NaN
1,1,353,NaN
1,1,354,NaN
1,1,355,NaN
1,1,356,NaN
1,1,357,NaN
1,1,358,NaN
1,1,359,NaN
1,1,360,NaN
1,1,361,NaN
1,1,362,NaN
1,1,363,NaN
1,1,364,NaN
1,1,365,NaN
1,1,366,NaN
1,1,367,NaN
1,1,368,NaN
1,1,369,NaN
1,1,370,NaN
1,1,371,NaN
1,1,372,NaN
1,1,373,NaN
1,1,374,NaN
1,1,375,NaN
1,1,376,NaN
1,1,377,NaN
1,1,378,NaN
1,1,379,NaN
1,1,380,NaN
1,1,381,NaN
1,1,382,NaN
1,1,383,NaN
1,1,384,NaN
1,1,385,NaN
1,1,386,NaN
1,1,387,NaN
1,1,388,NaN
1,1,389,NaN
1,1,390,NaN
1,1,391,NaN
1,1,392,NaN
1,1,393,NaN
1,1,394,NaN
1,1,395,NaN
1,1,396,NaN
1,1,397,NaN
1,1,398,NaN
1,1,399,NaN
1,1,400,NaN
1,1,401,NaN
1,1,402,NaN
1,1,403,NaN
1,1,404,NaN
1,1,405,NaN
1,1,406,NaN
1,1,407,NaN
1,1,408,NaN
1,1,409,NaN
1,1,410,NaN
1,1,411,NaN
1,1,412,NaN
1,1,413,NaN
1,1,414,NaN
1,1,415,NaN
1,1,416,NaN
1,1,417,NaN
1,1,418,NaN
1,1,419,NaN
1,1,420,NaN
1,1,421,NaN
1,1,422,NaN
1,1,423,NaN
1,1,424,NaN
1,1,425,NaN
1,1,426,NaN
1,1,427,NaN
1,1,428,NaN
1,1,429,NaN
1,1,430,NaN
1,1,431,NaN
1,1,432,NaN
1,1,433,NaN
1,1,434,NaN
1,1,435,NaN
1,1,436,NaN
1,1,437,NaN
1,1,438,NaN
1,1,439,NaN
1,1,440,NaN
1,1,441,NaN
1,1,442,NaN
1,1,443,NaN
1,1,444,NaN
1,1,445,NaN
1,1,446,NaN
1,1,447,NaN
1,1,448,NaN
1,1,449,NaN
1,1,450,NaN
1,1,451,NaN
1,1,452,NaN
1,1,453,NaN
1,1,454,NaN
1,1,455,NaN
1,1,456,NaN
1,1,457,NaN
1,1,458,NaN
1,1,459,NaN
1,1,460,NaN
1,1,461,NaN
1,1,462,NaN
1,1,463,NaN
1,1,464,NaN
1,1,465,NaN
1,1,466,NaN
1,1,467,NaN
1,1,468,NaN
1,1,469,NaN
1,1,470,NaN
1,1,471,NaN
1,1,472,NaN
1,1,473,NaN
1,1,474,NaN
1,1,475,NaN
1,1,476,NaN
1,1,477,NaN
1,1,478,NaN
1,1,479,NaN
1,1,480,NaN
1,1,481,NaN
1,1,482,NaN
1,1,483,NaN
1,1,484,NaN
1,1,485,NaN
1,1,486,NaN
1,1,487,NaN
1,1,488,NaN
1,1,489,NaN
1,1,490,NaN
1,1,491,NaN
1,1,492,NaN
1,1,493,NaN
1,1,494,NaN
1,1,495,NaN
1,1,496,NaN
1,1,497,NaN
1,1,498,NaN
1,1,499,NaN
1,1,500,NaN
1,1,501,NaN
1,1,502,NaN
1,1,503,NaN
1,1,504,NaN
1,1,505,NaN
1,1,506,NaN
1,1,507,NaN
1,1,508,NaN
1,1,509,NaN
1,1,510,NaN
1,1,511,NaN
1,1,512,NaN
1,1,513,NaN
1,1,514,NaN
1,1,515,NaN
1,1,516,NaN
1,1,517,NaN
1,1,518,NaN
1,1,519,NaN
1,1,520,NaN
1,1,521,NaN
1,1,522,NaN
1,1,523,NaN
1,1,524,NaN
1,1,525,NaN
1,1,526,NaN
1,1,527,NaN
1,1,528,NaN
1,1,529,NaN
1,1,530,NaN
1,1,531,NaN
1,1,532,NaN
1,1,533,NaN
1,1,534,NaN
1,1,535,NaN
1,1,536,NaN
1,1,537,NaN
1,1,538,NaN
1,1,539,NaN
1,1,540,NaN
1,1,541,NaN
1,1,542,NaN
1,1,543,NaN
1,1,544,NaN
1,1,545,NaN
1,1,546,NaN
1,1,547,NaN
1,1,548,NaN
1,1,549,NaN
1,1,550,NaN
1,1,551,NaN
1,1,552,NaN
1,1,553,NaN
1,1,554,NaN
1,1,555,NaN
1,1,556,NaN
1,1,557,NaN
1,1,558,NaN
1,1,559,NaN
1,1,560,NaN
1,1,561,NaN
1,1,562,NaN
1,1,563,NaN
1,1,564,NaN
1,1,565,NaN
1,1,566,NaN
1,1,567,NaN
1,1,568,NaN
1,1,569,NaN
1,1,570,NaN
1,1,571,NaN
1,1,572,NaN
1,1,573,NaN
1,1,574,NaN
1,1,575,NaN
1,1,576,NaN
1,1,577,NaN
1,1,578,NaN
1,1,579,NaN
1,1,580,NaN
1,1,581,NaN
1,1,582,NaN
1,1,583,NaN
1,1,584,NaN
1,1,585,NaN
1,1,586,NaN
1,1,587,NaN
1,1,588,NaN
1,1,589,NaN
1,1,590,NaN
1,1,591,NaN
1,1,592,NaN
1,1,593,NaN
1,1,594,NaN
1,1,595,NaN
1,1,596,NaN
1,1,597,NaN
1,1,598,NaN
1,1,599,NaN
1,20,0,0.085044966828886667
1,20,1,0.087894293340898905
1,20,2,0.090774594351540935
1,20,3,0.093684973348189732
1,20,4,0.096624530798310668
1,20,5,0.099592364355437224
1,20,6,0.10258756906587634
1,20,7,0.10560923757612788
1,20,8,0.10865646034100489
1,20,9,0.1117283258324358
1,20,10,0.11482392074892785
1,20,11,0.11794233022566669
1,20,12,0.12108263804522408
1,20,13,0.12424392684884097
1,20,14,0.12742527834825151
1,20,15,0.13062577353800919
1,20,16,0.13384449290827305
1,20,17,0.13708051665800988
1,20,18,0.14033292490856461
1,20,19,0.1436007979175481
1,20,20,0.14688321629299106
1,20,21,0.15017926120770711
1,20,22,0.15348801461380868
1,20,23,0.15680855945731603
1,20,24,0.16013997989279746
1,20,25,0.16348136149797812
1,20,26,0.16683179148825145
1,20,27,0.17019035893102785
1,20,28,0.17355615495985108
1,20,29,0.1769282729882147
1,20,30,0.18030580892300704
1,20,31,0.18368786137751289
1,20,32,0.18707353188390047
1,20,33,0.19046192510511928
1,20,34,0.1938521490461349
1,20,35,0.19724331526442612
1,20,36,0.20063453907966858
1,20,37,0.20402493978252956
1,20,38,0.20741364084249694
1,20,39,0.21079977011466605
1,20,40,0.21418246004540767
1,20,41,0.21756084787683974
1,20,42,0.22093407585002614
1,20,43,0.22430129140682445
1,20,44,0.2276616473903072
1,20,45,0.23101430224367772
1,20,46,0.23435842020760539
1,20,47,0.23769317151590233
1,20,48,0.24101773258946663
1,20,49,0.24433128622841527
1,20,50,0.24763302180233102
1,20,51,0.25092213543854969
1,20,52,0.25419783020841147
1,20,53,0.25745931631140317
1,20,54,0.26070581125711939
1,20,55,0.26393654004496675
1,20,56,0.26715073534154316
1,20,57,0.27034763765561753
1,20,58,0.27352649551064234
1,20,59,0.27668656561472715
1,20,60,0.27982711302800728
1,20,61,0.28294741132733719
1,20,62,0.28604674276824366
1,20,63,0.28912439844407312
1,20,64,0.29217967844226783
1,20,65,0.29521189199770798
1,20,66,0.2982203576430576
1,20,67,0.30120440335605303
1,20,68,0.30416336670367361
1,20,69,0.30709659498313707
1,20,70,0.31000344535966112
1,20,71,0.31288328500093643
1,20,72,0.31573549120825561
1,20,73,0.31855945154424531
1,20,74,0.32135456395714956
1,20,75,0.32412023690161462
1,20,76,0.32685588945592531
1,20,77,0.3295609514356469
1,20,78,0.33223486350362752
1,20,79,0.33487707727631255
1,20,80,0.33748705542633639
1,20,81,0.34006427178134224
1,20,82,0.34260821141899778
1,20,83,0.34511837075816404
1,20,84,0.34759425764618668
1,20,85,0.35003539144227064
1,20,86,0.35244130309691124
1,20,87,0.35481153522734687
1,20,88,0.35714564218900779
1,20,89,0.35944319014293391
1,20,90,0.36170375711913544
1,20,91,0.36392693307587526
1,20,92,0.36611231995485222
1,20,93,0.36825953173226383
1,20,94,0.37036819446573566
1,20,95,0.3724379463370987
1,20,96,0.37446843769100313
1,20,97,0.37645933106935875
1,20,98,0.37841030124159103
1,20,99,0.38032103523070671
1,20,100,0.38219123233516555
1,20,101,0.38402060414655337
1,20,102,0.38580887456305563
1,20,103,0.38755577979873662
1,20,104,0.38926106838862246
1,20,105,0.39092450118959704
1,20,106,0.39254585137711812
1,20,107,0.39412490443776266
1,20,108,0.39566145815761328
1,20,109,0.39715532260650072
1,20,110,0.39860632011811742
1,20,111,0.40001428526602201
1,20,112,0.40137906483555219
1,20,113,0.40270051779167221
1,20,114,0.40397851524277634
1,20,115,0.4052129404004759
1,20,116,0.40640368853540015
1,20,117,0.40755066692903824
1,20,118,0.40865379482165859
1,20,119,0.40971300335633831
1,20,120,0.41072823551913995
1,20,121,0.41169944607547465
1,20,122,0.41262660150269198
1,20,123,0.41350967991893905
1,20,124,0.41434867100833478
1,20,125,0.41514357594250323
1,20,126,0.41589440729851757
1,20,127,0.41660118897330134
1,20,128,0.41726395609454259
1,20,129,0.41788275492817145
1,20,130,0.41845764278245851
1,20,131,0.41898868790879085
1,20,132,0.41947596939918452
1,20,133,0.41991957708059258
1,20,134,0.42031961140607371
1,20,135,0.42067618334288176
1,20,136,0.42098941425754322
1,20,137,0.42125943579798886
1,20,138,0.42148638977280695
1,20,139,0.42167042802768739
1,20,140,0.42181171231912806
1,20,141,0.42191041418547415
1,20,142,0.42196671481536441
1,20,143,0.4219808049136573
1,20,144,0.42195288456491437
1,20,145,0.42188316309451457
1,20,146,0.42177185892747826
1,20,147,0.42161919944507975
1,20,148,0.42142542083932544
1,20,149,0.42119076796537891
1,20,150,0.4209154941920133
1,20,151,0.42059986125017201
1,20,152,0.42024413907971953
1,20,153,0.41984860567446503
1,20,154,0.41941354692554195
1,20,155,0.41893925646322655
1,20,156,0.41842603549727919
1,20,157,0.41787419265589254
1,20,158,0.41728404382333145
1,20,159,0.41665591197634794
1,20,160,0.41599012701945748
1,20,161,0.41528702561915937
1,20,162,0.41454695103718725
1,20,163,0.41377025296287478
1,20,164,0.41295728734471859
1,20,165,0.41210841622122624
1,20,166,0.41122400755112937
1,20,167,0.41030443504305036
1,20,168,0.4093500779847008
1,20,169,0.4083613210716987
1,20,170,0.40733855423608517
1,20,171,0.40628217247462312
1,20,172,0.40519257567695782
1,20,173,0.40407016845372279
1,20,174,0.40291535996466793
1,20,175,0.4017285637468912
1,20,176,0.4005101975432514
1,20,177,0.39926068313104041
1,20,178,0.3979804461509891
1,20,179,0.39666991593668682
1,20,180,0.39532952534448423
1,20,181,0.3939597105839584
1,20,182,0.39256091104900664
1,20,183,0.39113356914964709
1,20,184,0.38967813014459024
1,20,185,0.38819504197465582
1,20,186,0.38668475509709793
1,20,187,0.38514772232090927
1,20,188,0.38358439864316707
1,20,189,0.38199524108648514
1,20,190,0.38038070853763578
1,20,191,0.37874126158740101
1,20,192,0.37707736237171458
1,20,193,0.37538947441415144
1,20,194,0.37367806246982299
1,20,195,0.37194359237073288
1,20,196,0.37018653087264702
1,20,197,0.36840734550353094
1,20,198,0.36660650441360515
1,20,199,0.36478447622706633
1,20,200,0.3629417298955262
1,20,201,0.36107873455320882
1,20,202,0.35919595937395615
1,20,203,0.35729387343008229
1,20,204,0.35537294555311721
1,20,205,0.35343364419648388
1,20,206,0.35147643730014266
1,20,207,0.34950179215724309
1,20,208,0.34751017528281741
1,20,209,0.34550205228454933
1,20,210,0.34347788773565041
1,20,211,0.34143814504987618
1,20,212,0.33938328635870896
1,20,213,0.33731377239073695
1,20,214,0.33523006235325531
1,20,215,0.33313261381611309
1,20,216,0.3310218825978315
1,20,217,0.32889832265401286
1,20,218,0.32676238596806223
1,20,219,0.32461452244424038
1,20,220,0.32245517980306582
1,20,221,0.32028480347908195
1,20,222,0.31810383652100455
1,20,223,0.31591271949426264
1,20,224,0.31371189038594632
1,20,225,0.31150178451217109
1,20,226,0.30928283442786975
1,20,227,0.30705546983901982
1,20,228,0.30482011751731414
1,20,229,0.30257720121728116
1,20,230,0.30032714159585977
1,20,231,0.29807035613443272
1,20,232,0.29580725906332211
1,20,233,0.29353826128874905
1,20,234,0.29126377032225692
1,20,235,0.28898419021260163
1,20,236,0.28669992148010381
1,20,237,0.28441136105346465
1,20,238,0.28211890220904123
1,20,239,0.27982293451257828
1,20,240,0.27752384376339173
1,20,241,0.27522201194099971
1,20,242,0.27291781715419505
1,20,243,0.27061163359255325
1,20,244,0.26830383148036868
1,20,245,0.26599477703301078
1,20,246,0.26368483241569457
1,20,247,0.26137435570465367
1,20,248,0.25906370085070846
1,20,249,0.25675321764522069
1,20,250,0.25444325168842247
1,20,251,0.25213414436011067
1,20,252,0.24982623279269625
1,20,253,0.24751984984659708
1,20,254,0.24521532408796307
1,20,255,0.24291297976872267
1,20,256,0.24061313680893912
1,20,257,0.23831611078146531
1,20,258,0.23602221289888395
1,20,259,0.23373175000272423
1,20,260,0.2314450245549402
1,20,261,0.22916233463164182
1,20,262,0.22688397391906578
1,20,263,0.22461023171177472
1,20,264,0.22234139291307553
1,20,265,0.22007773803764275
1,20,266,NaN
1,20,267,NaN
1,20,268,NaN
1,20,269,NaN
1,20,270,NaN
1,20,271,NaN
1,20,272,NaN
1,20,273,NaN
1,20,274,NaN
1,20,275,NaN
1,20,276,NaN
1,20,277,NaN
1,20,278,NaN
1,20,279,NaN
1,20,280,NaN
1,20,281,NaN
1,20,282,NaN
1,20,283,NaN
1,20,284,NaN
1,20,285,NaN
1,20,286,NaN
1,20,287,NaN
1,20,288,NaN
1,20,289,NaN
1,20,290,NaN
1,20,291,NaN
1,20,292,NaN
1,20,293,NaN
1,20,294,NaN
1,20,295,NaN
1,20,296,NaN
1,20,297,NaN
1,20,298,NaN
1,20,299,NaN
1,20,300,NaN
1,20,301,NaN
1,20,302,NaN
1,20,303,NaN
1,20,304,NaN
1,20,305,NaN
1,20,306,NaN
1,20,307,NaN
1,20,308,NaN
1,20,309,NaN
1,20,310,NaN
1,20,311,NaN
1,20,312,NaN
1,20,313,NaN
1,20,314,NaN
1,20,315,NaN
1,20,316,NaN
1,20,317,NaN
1,20,318,NaN
1,20,319,NaN
1,20,320,NaN
1,20,321,NaN
1,20,322,NaN
1,20,323,NaN
1,20,324,NaN
1,20,325,NaN
1,20,326,NaN
1,20,327,NaN
1,20,328,NaN
1,20,329,NaN
1,20,330,NaN
1,20,331,NaN
1,20,332,NaN
1,20,333,NaN
1,20,334,NaN
1,20,335,NaN
1,20,336,NaN
1,20,337,NaN
1,20,338,NaN
1,20,339,NaN
1,20,340,NaN
1,20,341,NaN
1,20,342,NaN
1,20,343,NaN
1,20,344,NaN
1,20,345,NaN
1,20,346,NaN
1,20,347,NaN
1,20,348,NaN
1,20,349,NaN
1,20,350,NaN
1,20,351,NaN
1,20,352,NaN
1,20,353,NaN
1,20,354,NaN
1,20,355,NaN
1,20,356,NaN
1,20,357,NaN
1,20,358,NaN
1,20,359,NaN
1,20,360,NaN
1,20,361,NaN
1,20,362,NaN
1,20,363,NaN
1,20,364,NaN
1,20,365,NaN
1,20,366,NaN
1,20,367,NaN
1,20,368,NaN
1,20,369,NaN
1,20,370,NaN
1,20,371,NaN
1,20,372,NaN
1,20,373,NaN
1,20,374,NaN
1,20,375,NaN
1,20,376,NaN
1,20,377,NaN
1,20,378,NaN
1,20,379,NaN
1,20,380,NaN
1,20,381,NaN
1,20,382,NaN
1,20,383,NaN
1,20,384,NaN
1,20,385,NaN
1,20,386,NaN
1,20,387,NaN
1,20,388,NaN
1,20,389,NaN
1,20,390,NaN
1,20,391,NaN
1,20,392,NaN
1,20,393,NaN
1,20,394,NaN
1,20,395,NaN
1,20,396,NaN
1,20,397,NaN
1,20,398,NaN
1,20,399,NaN
1,20,400,NaN
1,20,401,NaN
1,20,402,NaN
1,20,403,NaN
1,20,404,NaN
1,20,405,NaN
1,20,406,NaN
1,20,407,NaN
1,20,408,NaN
1,20,409,NaN
1,20,410,NaN
1,20,411,NaN
1,20,412,NaN
1,20,413,NaN
1,20,414,NaN
1,20,415,NaN
1,20,416,NaN
1,20,417,NaN
1,20,418,NaN
1,20,419,NaN
1,20,420,NaN
1,20,421,NaN
1,20,422,NaN
1,20,423,NaN
1,20,424,NaN
1,20,425,NaN
1,20,426,NaN
1,20,427,NaN
1,20,428,NaN
1,20,429,NaN
1,20,430,NaN
1,20,431,NaN
1,20,432,NaN
1,20,433,NaN
1,20,434,NaN
1,20,435,NaN
1,20,436,NaN
1,20,437,NaN
1,20,438,NaN
1,20,439,NaN
1,20,440,NaN
1,20,441,NaN
1,20,442,NaN
1,20,443,NaN
1,20,444,NaN
1,20,445,NaN
1,20,446,NaN
1,20,447,NaN
1,20,448,NaN
1,20,449,NaN
1,20,450,NaN
1,20,451,NaN
1,20,452,NaN
1,20,453,NaN
1,20,454,NaN
1,20,455,NaN
1,20,456,NaN
1,20,457,NaN
1,20,458,NaN
1,20,459,NaN
1,20,460,NaN
1,20,461,NaN
1,20,462,NaN
1,20,463,NaN
1,20,464,NaN
1,20,465,NaN
1,20,466,NaN
1,20,467,NaN
1,20,468,NaN
1,20,469,NaN
1,20,470,NaN
1,20,471,NaN
1,20,472,NaN
1,20,473,NaN
1,20,474,NaN
1,20,475,NaN
1,20,476,NaN
1,20,477,NaN
1,20,478,NaN
1,20,479,NaN
1,20,480,NaN
1,20,481,NaN
1,20,482,NaN
1,20,483,NaN
1,20,484,NaN
1,20,485,NaN
1,20,486,NaN
1,20,487,NaN
1,20,488,NaN
1,20,489,NaN
1,20,490,NaN
1,20,491,NaN
1,20,492,NaN
1,20,493,NaN
1,20,494,NaN
1,20,495,NaN
1,20,496,NaN
1,20,497,NaN
1,20,498,NaN
1,20,499,NaN
1,20,500,NaN
1,20,501,NaN
1,20,502,NaN
1,20,503,NaN
1,20,504,NaN
1,20,505,NaN
1,20,506,NaN
1,20,507,NaN
1,20,508,NaN
1,20,509,NaN
1,20,510,NaN
1,20,511,NaN
1,20,512,NaN
1,20,513,NaN
1,20,514,NaN
1,20,515,NaN
1,20,516,NaN
1,20,517,NaN
1,20,518,NaN
1,20,519,NaN
1,20,520,NaN
1,20,521,NaN
1,20,522,NaN
1,20,523,NaN
1,20,524,NaN
1,20,525,NaN
1,20,526,NaN
1,20,527,NaN
1,20,528,NaN
1,20,529,NaN
1,20,530,NaN
1,20,531,NaN
1,20,532,NaN
1,20,533,NaN
1,20,534,NaN
1,20,535,NaN
1,20,536,NaN
1,20,537,NaN
1,20,538,NaN
1,20,539,NaN
1,20,540,NaN
1,20,541,NaN
1,20,542,NaN
1,20,543,NaN
1,20,544,NaN
1,20,545,NaN
1,20,546,NaN
1,20,547,NaN
1,20,548,NaN
1,20,549,NaN
1,20,550,NaN
1,20,551,NaN
1,20,552,NaN
1,20,553,NaN
1,20,554,NaN
1,20,555,NaN
1,20,556,NaN
1,20,557,NaN
1,20,558,NaN
1,20,559,NaN
1,20,560,NaN
1,20,561,NaN
1,20,562,NaN
1,20,563,NaN
1,20,564,NaN
1,20,565,NaN
1,20,566,NaN
1,20,567,NaN
1,20,568,NaN
1,20,569,NaN
1,20,570,NaN
1,20,571,NaN
1,20,572,NaN
1,20,573,NaN
1,20,574,NaN
1,20,575,NaN
1,20,576,NaN
1,20,577,NaN
1,20,578,NaN
1,20,579,NaN
1,20,580,NaN
1,20,581,NaN
1,20,582,NaN
1,20,583,NaN
1,20,584,NaN
1,20,585,NaN
1,20,586,NaN
1,20,587,NaN
1,20,588,NaN
1,20,589,NaN
1,20,590,NaN
1,20,591,NaN
1,20,592,NaN
1,20,593,NaN
1,20,594,NaN
1,20,595,NaN
1,20,596,NaN
1,20,597,NaN
1,20,598,NaN
1,20,599,NaN
2,86,0,0.073977623805635953
2,86,1,0.076482415210473942
2,86,2,0.079014656309876335
2,86,3,0.081573597242627235
2,86,4,0.084158481461266393
2,86,5,0.08676854604062767
2,86,6,0.089403021983776879
2,86,7,0.092061134525640631
2,86,8,0.09474210343458532
2,86,9,0.097445143312175103
2,86,10,0.10016946389130982
2,86,11,0.10291427033291904
2,86,12,0.10567876352136463
2,86,13,0.10846214035868396
2,86,14,0.11126359405778552
2,86,15,0.1140823144346912
2,86,16,0.11691748819990339
2,86,17,0.1197682992489592
2,86,18,0.122633928952221
2,86,19,0.12551355644393877
2,86,20,0.12840635891060923
2,86,21,0.13131151187864404
2,86,22,0.13422818950135129
2,86,23,0.13715556484522345
2,86,24,0.14009281017551781
2,86,25,0.14303909724110681
2,86,26,0.14599359755856864
2,86,27,0.1489554826954812
2,86,28,0.15192392455287781
2,86,29,0.15489809564681589
2,86,30,0.15787716938900495
2,86,31,0.16086032036643608
2,86,32,0.16384672461995003
2,86,33,0.16683555992167742
2,86,34,0.16982600605128012
2,86,35,0.17281724507092078
2,86,36,0.17580846159888305
2,86,37,0.17879884308176325
2,86,38,0.18178758006515089
2,86,39,0.18477386646271463
2,86,40,0.18775689982360547
2,86,41,0.19073588159809129
2,86,42,0.19371001740133081
2,86,43,0.19667851727519672
2,86,44,0.19964059594805644
2,86,45,0.20259547309241488
2,86,46,0.20554237358032751
2,86,47,0.20848052773648709
2,86,48,0.21140917158888983
2,86,49,0.2143275471169844
2,86,50,0.21723490249720856
2,86,51,0.22013049234581686
2,86,52,0.22301357795890459
2,86,53,0.22588342754953028
2,86,54,0.22873931648184423
2,86,55,0.23158052750212546
2,86,56,0.23440635096663431
2,86,57,0.23721608506618697
2,86,58,0.24000903604735821
2,86,59,0.24278451843022186
2,86,60,0.24554185522253602
2,86,61,0.24828037813028569
2,86,62,0.25099942776449125
2,86,63,0.25369835384419864
2,86,64,0.25637651539556239
2,86,65,0.25903328094693856
2,86,66,0.26166802871990447
2,86,67,0.2642801468161235
2,86,68,0.26686903339997559
2,86,69,0.26943409687687508
2,86,70,0.27197475606720095
2,86,71,0.27449044037576487
2,86,72,0.27698058995674452
2,86,73,0.2794446558740129
2,86,74,0.28188210025679628
2,86,75,0.28429239645059345
2,86,76,0.28667502916329562
2,86,77,0.28902949460644295
2,86,78,0.29135530063156179
2,86,79,0.29365196686152473
2,86,80,0.29591902481688082
2,86,81,0.29815601803710406
2,86,82,0.3003625021967124
2,86,83,0.30253804521621086
2,86,84,0.30468222736781569
2,86,85,0.30679464137591994
2,86,86,0.30887489251226086
2,86,87,0.31092259868575656
2,86,88,0.31293739052697822
2,86,89,0.31491891146722989
2,86,90,0.31686681781220849
2,86,91,0.31878077881022193
2,86,92,0.3206604767149438
2,86,93,0.32250560684268864
2,86,94,0.32431587762419267
2,86,95,0.32609101065088808
2,86,96,0.32783074071566415
2,86,97,0.32953481584810934
2,86,98,0.33120299734423042
2,86,99,0.33283505979065353
2,86,100,0.33443079108330759
2,86,101,0.33598999244059796
2,86,102,0.33751247841108262
2,86,103,0.33899807687566091
2,86,104,0.34044662904429396
2,86,105,0.34185798944727463
2,86,106,0.34323202592106938
2,86,107,0.34456861958875956
2,86,108,0.34586766483510706
2,86,109,0.34712906927627968
2,86,110,0.34835275372426816
2,86,111,0.34953865214603352
2,86,112,0.35068671161742437
2,86,113,0.35179689227190869
2,86,114,0.35286916724416451
2,86,115,0.35390352260858038
2,86,116,0.35489995731271601
2,86,117,0.35585848310577889
2,86,118,0.35677912446217253
2,86,119,0.35766191850017764
2,86,120,0.35850691489582859
2,86,121,0.35931417579205027
2,86,122,0.3600837757031215
2,86,123,0.36081580141453795
2,86,124,0.36151035187834424
2,86,125,0.36216753810401231
2,86,126,0.36278748304494052
2,86,127,0.3633703214806559
2,86,128,0.36391619989479862
2,86,129,0.36442527634897293
2,86,130,0.3648977203525503
2,86,131,0.36533371272851195
2,86,132,0.36573344547541969
2,86,133,0.36609712162560742
2,86,134,0.36642495509968365
2,86,135,0.36671717055744207
2,86,136,0.3669740032452744
2,86,137,0.3671956988401831
2,86,138,0.36738251329049254
2,86,139,0.36753471265335952
2,86,140,0.3676525729291833
2,86,141,0.36773637989301744
2,86,142,0.36778642892308699
2,86,143,0.36780302482651628
2,86,144,0.36778648166237021
2,86,145,0.36773712256211599
2,86,146,0.3676552795476129
2,86,147,0.3675412933467348
2,86,148,0.36739551320673447
2,86,149,0.36721829670545775
2,86,150,0.36701000956051405
2,86,151,0.36677102543651374
2,86,152,0.36650172575047951
2,86,153,0.36620249947554057
2,86,154,0.36587374294301778
2,86,155,0.3655158596430092
2,86,156,0.36512926002358226
2,86,157,0.36471436128868234
2,86,158,0.3642715871948628
2,86,159,0.36380136784694445
2,86,160,0.36330413949271229
2,86,161,0.36278034431675033
2,86,162,0.36223043023352469
2,86,163,0.36165485067981501
2,86,164,0.36105406440659893
2,86,165,0.36042853527049068
2,86,166,0.35977873202483612
2,86,167,0.35910512811056189
2,86,168,0.35840820144687902
2,86,169,0.35768843422193736
2,86,170,0.35694631268352695
2,86,171,0.35618232692992047
2,86,172,0.35539697070095055
2,86,173,0.35459074116941225
2,86,174,0.35376413873288087
2,86,175,0.35291766680603398
2,86,176,0.35205183161356335
2,86,177,0.3511671419837612
2,86,178,0.35026410914286338
2,86,179,0.34934324651023285
2,86,180,0.34840506949445738
2,86,181,0.34745009529044513
2,86,182,0.34647884267758666
2,86,183,0.34549183181906146
2,86,184,0.34448958406235652
2,86,185,0.34347262174106868
2,86,186,0.34244146797805375
2,86,187,0.34139664648999218
2,86,188,0.34033868139342816
2,86,189,0.33926809701234656
2,86,190,0.33818541768734445
2,86,191,0.33709116758645236
2,86,192,0.3359858705176596
2,86,193,0.33487004974319617
2,86,194,0.33374422779561846
2,86,195,0.33260892629574806
2,86,196,0.33146466577250672
2,86,197,0.33031196548469205
2,86,198,0.32915134324473277
2,86,199,0.32798331524446411
2,86,200,0.32680839588295724
2,86,201,0.3256270975964401
2,86,202,0.32443993069033938
2,86,203,0.32324740317347572
2,86,204,0.32205002059443899
2,86,205,0.32084828588017184
2,86,206,0.31964269917678523
2,86,207,0.31843375769262861
2,86,208,0.31722195554363675
2,86,209,0.31600778360097143
2,86,210,0.31479172934097743
2,86,211,0.31357427669746785
2,86,212,0.31235590591635409
2,86,213,0.31113709341263407
2,86,214,0.30991831162975148
2,86,215,0.30870002890133508
2,86,216,0.307482709315331
2,86,217,0.30626681258053379
2,86,218,0.30505279389552686
2,86,219,0.30384110382003748
2,86,220,0.30263218814871401
2,86,221,0.30142648778733033
2,86,222,0.3002244386314234
2,86,223,0.29902647144736877
2,86,224,0.29783301175589805
2,86,225,0.29664447971806324
2,86,226,0.29546129002365273
2,86,227,0.29428385178206234
2,86,228,0.2931125684156265
2,86,229,0.29194783755541481
2,86,230,0.29079005093949795
2,86,231,0.28963959431368991
2,86,232,0.28849684733477199
2,86,233,0.28736218347620496
2,86,234,0.28623596993633893
2,86,235,0.28511856754912696
2,86,236,0.28401033069735421
2,86,237,0.28291160722839054
2,86,238,0.28182273837248101
2,86,239,0.28074405866358498
2,86,240,0.27967589586277819
2,86,241,0.27861857088423336
2,86,242,0.27757239772379599
2,86,243,0.2765376833901726
2,86,244,0.27551472783875064
2,86,245,0.27450382390807182
2,86,246,0.27350525725897917
2,86,247,0.27251930631646215
2,86,248,0.27154624221422413
2,86,249,0.27058632874199806
2,86,250,0.26963982229563754
2,86,251,0.26870697183001091
2,86,252,0.26778801881472941
2,86,253,0.26688319719273695
2,86,254,0.26599273334179513
2,86,255,0.26511684603889413
2,86,256,0.26425574642762223
2,86,257,0.26340963798852718
2,86,258,0.26257871651250181
2,86,259,0.26176317007722893
2,86,260,0.26096317902671662
2,86,261,0.26017891595395964
2,86,262,0.25941054568675681
2,86,263,0.25865822527671906
2,86,264,0.25792210399149745
2,86,265,0.2572023233102616
2,86,266,0.2564990169224583
2,86,267,0.25581231072987615
2,86,268,0.25514232285204197
2,86,269,0.2544891636349737
2,86,270,0.25385293566330902
2,86,271,0.25323373377582958
2,86,272,0.25263164508439717
2,86,273,0.25204674899631357
2,86,274,0.25147911724011601
2,86,275,0.2509288138948132
2,86,276,0.25039589542256635
2,86,277,0.24988041070481434
2,86,278,0.24938240108183851
2,86,279,0.24890190039575938
2,86,280,0.24843893503695266
2,86,281,0.24799352399386787
2,86,282,0.2475656789062288
2,86,283,0.24715540412159098
2,86,284,0.24676269675522564
2,86,285,0.2463875467532968
2,86,286,0.24602993695929246
2,86,287,0.2456898431836668
2,86,288,0.24536723427664636
2,86,289,0.24506207220414741
2,86,290,0.24477431212674927
2,86,291,0.24450390248166262
2,86,292,0.2442507850676289
2,86,293,0.24401489513268135
2,86,294,0.24379616146469713
2,86,295,0.24359450648466291
2,86,296,0.24340984634257648
2,86,297,0.24324209101590044
2,86,298,0.24309114441048402
2,86,299,0.24295690446386345
2,86,300,0.24283926325085134
2,86,301,NaN
2,86,302,NaN
2,86,303,NaN
2,86,304,NaN
2,86,305,NaN
2,86,306,NaN
2,86,307,NaN
2,86,308,NaN
2,86,309,NaN
2,86,310,NaN
2,86,311,NaN
2,86,312,NaN
2,86,313,NaN
2,86,314,NaN
2,86,315,NaN
2,86,316,NaN
2,86,317,NaN
2,86,318,NaN
2,86,319,NaN
2,86,320,NaN
2,86,321,NaN
2,86,322,NaN
2,86,323,NaN
2,86,324,NaN
2,86,325,NaN
2,86,326,NaN
2,86,327,NaN
2,86,328,NaN
2,86,329,NaN
2,86,330,NaN
2,86,331,NaN
2,86,332,NaN
2,86,333,NaN
2,86,334,NaN
2,86,335,NaN
2,86,336,NaN
2,86,337,NaN
2,86,338,NaN
2,86,339,NaN
2,86,340,NaN
2,86,341,NaN
2,86,342,NaN
2,86,343,NaN
2,86,344,NaN
2,86,345,NaN
2,86,346,NaN
2,86,347,NaN
2,86,348,NaN
2,86,349,NaN
2,86,350,NaN
2,86,351,NaN
2,86,352,NaN
2,86,353,NaN
2,86,354,NaN
2,86,355,NaN
2,86,356,NaN
2,86,357,NaN
2,86,358,NaN
2,86,359,NaN
2,86,360,NaN
2,86,361,NaN
2,86,362,NaN
2,86,363,NaN
2,86,364,NaN
2,86,365,NaN
2,86,366,NaN
2,86,367,NaN
2,86,368,NaN
2,86,369,NaN
2,86,370,NaN
2,86,371,NaN
2,86,372,NaN
2,86,373,NaN
2,86,374,NaN
2,86,375,NaN
2,86,376,NaN
2,86,377,NaN
2,86,378,NaN
2,86,379,NaN
2,86,380,NaN
2,86,381,NaN
2,86,382,NaN
2,86,383,NaN
2,86,384,NaN
2,86,385,NaN
2,86,386,NaN
2,86,387,NaN
2,86,388,NaN
2,86,389,NaN
2,86,390,NaN
2,86,391,NaN
2,86,392,NaN
2,86,393,NaN
2,86,394,NaN
2,86,395,NaN
2,86,396,NaN
2,86,397,NaN
2,86,398,NaN
2,86,399,NaN
2,86,400,NaN
2,86,401,NaN
2,86,402,NaN
2,86,403,NaN
2,86,404,NaN
2,86,405,NaN
2,86,406,NaN
2,86,407,NaN
2,86,408,NaN
2,86,409,NaN
2,86,410,NaN
2,86,411,NaN
2,86,412,NaN
2,86,413,NaN
2,86,414,NaN
2,86,415,NaN
2,86,416,NaN
2,86,417,NaN
2,86,418,NaN
2,86,419,NaN
2,86,420,NaN
2,86,421,NaN
2,86,422,NaN
2,86,423,NaN
2,86,424,NaN
2,86,425,NaN
2,86,426,NaN
2,86,427,NaN
2,86,428,NaN
2,86,429,NaN
2,86,430,NaN
2,86,431,NaN
2,86,432,NaN
2,86,433,NaN
2,86,434,NaN
2,86,435,NaN
2,86,436,NaN
2,86,437,NaN
2,86,438,NaN
2,86,439,NaN
2,86,440,NaN
2,86,441,NaN
2,86,442,NaN
2,86,443,NaN
2,86,444,NaN
2,86,445,NaN
2,86,446,NaN
2,86,447,NaN
2,86,448,NaN
2,86,449,NaN
2,86,450,NaN
2,86,451,NaN
2,86,452,NaN
2,86,453,NaN
2,86,454,NaN
2,86,455,NaN
2,86,456,NaN
2,86,457,NaN
2,86,458,NaN
2,86,459,NaN
2,86,460,NaN
2,86,461,NaN
2,86,462,NaN
2,86,463,NaN
2,86,464,NaN
2,86,465,NaN
2,86,466,NaN
2,86,467,NaN
2,86,468,NaN
2,86,469,NaN
2,86,470,NaN
2,86,471,NaN
2,86,472,NaN
2,86,473,NaN
2,86,474,NaN
2,86,475,NaN
2,86,476,NaN
2,86,477,NaN
2,86,478,NaN
2,86,479,NaN
2,86,480,NaN
2,86,481,NaN
2,86,482,NaN
2,86,483,NaN
2,86,484,NaN
2,86,485,NaN
2,86,486,NaN
2,86,487,NaN
2,86,488,NaN
2,86,489,NaN
2,86,490,NaN
2,86,491,NaN
2,86,492,NaN
2,86,493,NaN
2,86,494,NaN
2,86,495,NaN
2,86,496,NaN
2,86,497,NaN
2,86,498,NaN
2,86,499,NaN
2,86,500,NaN
2,86,501,NaN
2,86,502,NaN
2,86,503,NaN
2,86,504,NaN
2,86,505,NaN
2,86,506,NaN
2,86,507,NaN
2,86,508,NaN
2,86,509,NaN
2,86,510,NaN
2,86,511,NaN
2,86,512,NaN
2,86,513,NaN
2,86,514,NaN
2,86,515,NaN
2,86,516,NaN
2,86,517,NaN
2,86,518,NaN
2,86,519,NaN
2,86,520,NaN
2,86,521,NaN
2,86,522,NaN
2,86,523,NaN
2,86,524,NaN
2,86,525,NaN
2,86,526,NaN
2,86,527,NaN
2,86,528,NaN
2,86,529,NaN
2,86,530,NaN
2,86,531,NaN
2,86,532,NaN
2,86,533,NaN
2,86,534,NaN
2,86,535,NaN
2,86,536,NaN
2,86,537,NaN
2,86,538,NaN
2,86,539,NaN
2,86,540,NaN
2,86,541,NaN
2,86,542,NaN
2,86,543,NaN
2,86,544,NaN
2,86,545,NaN
2,86,546,NaN
2,86,547,NaN
2,86,548,NaN
2,86,549,NaN
2,86,550,NaN
2,86,551,NaN
2,86,552,NaN
2,86,553,NaN
2,86,554,NaN
2,86,555,NaN
2,86,556,NaN
2,86,557,NaN
2,86,558,NaN
2,86,559,NaN
2,86,560,NaN
2,86,561,NaN
2,86,562,NaN
2,86,563,NaN
2,86,564,NaN
2,86,565,NaN
2,86,566,NaN
2,86,567,NaN
2,86,568,NaN
2,86,569,NaN
2,86,570,NaN
2,86,571,NaN
2,86,572,NaN
2,86,573,NaN
2,86,574,NaN
2,86,575,NaN
2,86,576,NaN
2,86,577,NaN
2,86,578,NaN
2,86,579,NaN
2,86,580,NaN
2,86,581,NaN
2,86,582,NaN
2,86,583,NaN
2,86,584,NaN
2,86,585,NaN
2,86,586,NaN
2,86,587,NaN
2,86,588,NaN
2,86,589,NaN
2,86,590,NaN
2,86,591,NaN
2,86,592,NaN
2,86,593,NaN
2,86,594,NaN
2,86,595,NaN
2,86,596,NaN
2,86,597,NaN
2,86,598,NaN
2,86,599,NaN
2,22,0,0.1015317341471263
2,22,1,0.10463522709763699
2,22,2,0.1077680504512239
2,22,3,0.1109294739284301
2,22,4,0.11411876005756519
2,22,5,0.11733516442878301
2,22,6,0.12057793594931523
2,22,7,0.1238463170998835
2,22,8,0.12713954419230372
2,22,9,0.13045684762828452
2,22,10,0.13379745215941494
2,22,11,0.13716057714832719
2,22,12,0.14054543683101273
2,22,13,0.14395124058026224
2,22,14,0.14737719317019449
2,22,15,0.15082249504183043
2,22,16,0.15428634256966578
2,22,17,0.15776792832918674
2,22,18,0.1612664413652706
2,22,19,0.16478106746140708
2,22,20,0.16831098940967129
2,22,21,0.17185538728137584
2,22,22,0.17541343869832537
2,22,23,0.17898431910459214
2,22,24,0.18256720203872984
2,22,25,0.18616125940633715
2,22,26,0.18976566175288184
2,22,27,0.19337957853669199
2,22,28,0.19700217840201878
2,22,29,0.20063262945207397
2,22,30,0.20427009952194075
2,22,31,0.20791375645125793
2,22,32,0.21156276835657181
2,22,33,0.21521630390325286
2,22,34,0.2188735325768684
2,22,35,0.22253362495390558
2,22,36,0.22619575297173392
2,22,37,0.22985909019769865
2,22,38,0.23352281209723366
2,22,39,0.23718609630088289
2,22,40,0.24084812287011767
2,22,41,0.24450807456183893
2,22,42,0.24816513709144988
2,22,43,0.25181849939438783
2,22,44,0.25546735388600134
2,22,45,0.25911089671966109
2,22,46,0.2627483280429897
2,22,47,0.26637885225210067
2,22,48,0.27000167824373278
2,22,49,0.27361601966516974
2,22,50,0.27722109516183241
2,22,51,0.28081612862243638
2,22,52,0.28440034942160253
2,22,53,0.28797299265981424
2,22,54,0.29153329940061318
2,22,55,0.29508051690492781
2,22,56,0.29861389886242762
2,22,57,0.30213270561980288
2,22,58,0.30563620440586342
2,22,59,0.30912366955335824
2,22,60,0.3125943827174153
2,22,61,0.31604763309050343
2,22,62,0.31948271761382174
2,22,63,0.322898941185019
2,22,64,0.32629561686215464
2,22,65,0.329672066063807
2,22,66,0.33302761876524262
2,22,67,0.33636161369055928
2,22,68,0.33967339850071826
2,22,69,0.34296232997738468
2,22,70,0.3462277742024949
2,22,71,0.34946910673347414
2,22,72,0.35268571277403032
2,22,73,0.35587698734045015
2,22,74,0.35904233542332803
2,22,75,0.36218117214466211
2,22,76,0.36529292291024984
2,22,77,0.3683770235573241
2,22,78,0.37143292049737014
2,22,79,0.37446007085406602
2,22,80,0.37745794259629462
2,22,81,0.38042601466617698
2,22,82,0.38336377710207858
2,22,83,0.38627073115654564
2,22,84,0.3891463894091301
2,22,85,0.39199027587406338
2,22,86,0.39480192610274856
2,22,87,0.39758088728103419
2,22,88,0.4003267183212445
2,22,89,0.40303898994894133
2,22,90,0.40571728478439373
2,22,91,0.40836119741873844
2,22,92,0.41097033448481601
2,22,93,0.41354431472267017
2,22,94,0.41608276903970293
2,22,95,0.41858534056547975
2,22,96,0.42105168470118376
2,22,97,0.42348146916372015
2,22,98,0.42587437402447753
2,22,99,0.42823009174275239
2,22,100,0.43054832719385183
2,22,101,0.43282879769188753
2,22,102,0.43507123300728112
2,22,103,0.43727537537900324
2,22,104,0.43944097952157052
2,22,105,0.44156781262683203
2,22,106,0.44365565436057469
2,22,107,0.44570429685398527
2,22,108,0.44771354469000657
2,22,109,0.44968321488463098
2,22,110,0.45161313686317495
2,22,111,0.45350315243158457
2,22,112,0.45535311574282333
2,22,113,0.45716289325839488
2,22,114,0.45893236370506119
2,22,115,0.46066141802681443
2,22,116,0.46234995933216627
2,22,117,0.46399790283682196
2,22,118,0.4656051758018066
2,22,119,0.46717171746711611
2,22,120,0.4686974789809677
2,22,121,0.47018242332472449
2,22,122,0.47162652523357645
2,22,123,0.47302977111305666
2,22,124,0.47439215895147863
2,22,125,0.47571369822838028
2,22,126,0.47699440981906188
2,22,127,0.47823432589531006
2,22,128,0.47943348982239892
2,22,129,0.48059195605246197
2,22,130,0.48170979001433201
2,22,131,0.48278706799994547
2,22,132,0.4838238770474102
2,22,133,0.48482031482083782
2,22,134,0.48577648948704116
2,22,135,0.48669251958920112
2,22,136,0.48756853391760668
2,22,137,0.48840467137757138
2,22,138,0.48920108085463482
2,22,139,0.48995792107715541
2,22,140,0.49067536047639898
2,22,141,0.49135357704423488
2,22,142,0.49199275818854649
2,22,143,0.49259310058646344
2,22,144,0.49315481003552641
2,22,145,0.49367810130289352
2,22,146,0.49416319797269453
2,22,147,0.49461033229164575
2,22,148,0.49501974501303103
2,22,149,0.49539168523915811
2,22,150,0.495726410262399
2,22,151,0.49602418540492044
2,22,152,0.49628528385721082
2,22,153,0.4965099865155102
2,22,154,0.49669858181824894
2,22,155,0.49685136558159532
2,22,156,0.49696864083421977
2,22,157,0.49705071765137404
2,22,158,0.49709791298838607
2,22,159,0.49711055051367037
2,22,160,0.4970889604413517
2,22,161,0.49703347936359604
2,22,162,0.49694445008274551
2,22,163,0.49682222144334859
2,22,164,0.49666714816417634
2,22,165,0.49647959067031527
2,22,166,0.49625991492542082
2,22,167,0.49600849226422122
2,22,168,0.49572569922534926
2,22,169,0.49541191738458756
2,22,170,0.49506753318860464
2,22,171,0.49469293778925616
2,22,172,0.49428852687853048
2,22,173,0.49385470052420505
2,22,174,0.49339186300628829
2,22,175,0.49290042265431117
2,22,176,0.49238079168553467
2,22,177,0.4918333860441359
2,22,178,0.4912586252414321
2,22,179,0.49065693219720169
2,22,180,0.49002873308215628
2,22,181,0.48937445716161682
2,22,182,0.48869453664044432
2,22,183,0.48798940650927369
2,22,184,0.48725950439209414
2,22,185,0.48650527039522146
2,22,186,0.4857271469577002
2,22,187,0.48492557870317621
2,22,188,0.48410101229327335
2,22,189,0.48325389628250892
2,22,190,0.48238468097477682
2,22,191,0.48149381828142929
2,22,192,0.48058176158098254
2,22,193,0.47964896558046916
2,22,194,0.47869588617846215
2,22,195,0.477722980329785
2,22,196,0.47673070591193234
2,22,197,0.47571952159320968
2,22,198,0.47468988670261014
2,22,199,0.47364226110143859
2,22,200,0.47257710505669104
2,22,201,0.47149487911619942
2,22,202,0.47039604398554524
2,22,203,0.46928106040674872
2,22,204,0.46815038903873352
2,22,205,0.46700449033956865
2,22,206,0.46584382445048839
2,22,207,0.46466885108168543
2,22,208,0.46348002939987509
2,22,209,0.46227781791762601
2,22,210,0.46106267438444987
2,22,211,0.459835055679644
2,22,212,0.45859541770687656
2,22,213,0.45734421529050706
2,22,214,0.45608190207362953
2,22,215,0.45480893041782677
2,22,216,0.45352575130462541
2,22,217,0.45223281423863609
2,22,218,0.4509305671523659
2,22,219,0.44961945631268824
2,22,220,NaN
2,22,221,NaN
2,22,222,NaN
2,22,223,NaN
2,22,224,NaN
2,22,225,NaN
2,22,226,NaN
2,22,227,NaN
2,22,228,NaN
2,22,229,NaN
2,22,230,NaN
2,22,231,NaN
2,22,232,NaN
2,22,233,NaN
2,22,234,NaN
2,22,235,NaN
2,22,236,NaN
2,22,237,NaN
2,22,238,NaN
2,22,239,NaN
2,22,240,NaN
2,22,241,NaN
2,22,242,NaN
2,22,243,NaN
2,22,244,NaN
2,22,245,NaN
2,22,246,NaN
2,22,247,NaN
2,22,248,NaN
2,22,249,NaN
2,22,250,NaN
2,22,251,NaN
2,22,252,NaN
2,22,253,NaN
2,22,254,NaN
2,22,255,NaN
2,22,256,NaN
2,22,257,NaN
2,22,258,NaN
2,22,259,NaN
2,22,260,NaN
2,22,261,NaN
2,22,262,NaN
2,22,263,NaN
2,22,264,NaN
2,22,265,NaN
2,22,266,NaN
2,22,267,NaN
2,22,268,NaN
2,22,269,NaN
2,22,270,NaN
2,22,271,NaN
2,22,272,NaN
2,22,273,NaN
2,22,274,NaN
2,22,275,NaN
2,22,276,NaN
2,22,277,NaN
2,22,278,NaN
2,22,279,NaN
2,22,280,NaN
2,22,281,NaN
2,22,282,NaN
2,22,283,NaN
2,22,284,NaN
2,22,285,NaN
2,22,286,NaN
2,22,287,NaN
2,22,288,NaN
2,22,289,NaN
2,22,290,NaN
2,22,291,NaN
2,22,292,NaN
2,22,293,NaN
2,22,294,NaN
2,22,295,NaN
2,22,296,NaN
2,22,297,NaN
2,22,298,NaN
2,22,299,NaN
2,22,300,NaN
2,22,301,NaN
2,22,302,NaN
2,22,303,NaN
2,22,304,NaN
2,22,305,NaN
2,22,306,NaN
2,22,307,NaN
2,22,308,NaN
2,22,309,NaN
2,22,310,NaN
2,22,311,NaN
2,22,312,NaN
2,22,313,NaN
2,22,314,NaN
2,22,315,NaN
2,22,316,NaN
2,22,317,NaN
2,22,318,NaN
2,22,319,NaN
2,22,320,NaN
2,22,321,NaN
2,22,322,NaN
2,22,323,NaN
2,22,324,NaN
2,22,325,NaN
2,22,326,NaN
2,22,327,NaN
2,22,328,NaN
2,22,329,NaN
2,22,330,NaN
2,22,331,NaN
2,22,332,NaN
2,22,333,NaN
2,22,334,NaN
2,22,335,NaN
2,22,336,NaN
2,22,337,NaN
2,22,338,NaN
2,22,339,NaN
2,22,340,NaN
2,22,341,NaN
2,22,342,NaN
2,22,343,NaN
2,22,344,NaN
2,22,345,NaN
2,22,346,NaN
2,22,347,NaN
2,22,348,NaN
2,22,349,NaN
2,22,350,NaN
2,22,351,NaN
2,22,352,NaN
2,22,353,NaN
2,22,354,NaN
2,22,355,NaN
2,22,356,NaN
2,22,357,NaN
2,22,358,NaN
2,22,359,NaN
2,22,360,NaN
2,22,361,NaN
2,22,362,NaN
2,22,363,NaN
2,22,364,NaN
2,22,365,NaN
2,22,366,NaN
2,22,367,NaN
2,22,368,NaN
2,22,369,NaN
2,22,370,NaN
2,22,371,NaN
2,22,372,NaN
2,22,373,NaN
2,22,374,NaN
2,22,375,NaN
2,22,376,NaN
2,22,377,NaN
2,22,378,NaN
2,22,379,NaN
2,22,380,NaN
2,22,381,NaN
2,22,382,NaN
2,22,383,NaN
2,22,384,NaN
2,22,385,NaN
2,22,386,NaN
2,22,387,NaN
2,22,388,NaN
2,22,389,NaN
2,22,390,NaN
2,22,391,NaN
2,22,392,NaN
2,22,393,NaN
2,22,394,NaN
2,22,395,NaN
2,22,396,NaN
2,22,397,NaN
2,22,398,NaN
2,22,399,NaN
2,22,400,NaN
2,22,401,NaN
2,22,402,NaN
2,22,403,NaN
2,22,404,NaN
2,22,405,NaN
2,22,406,NaN
2,22,407,NaN
2,22,408,NaN
2,22,409,NaN
2,22,410,NaN
2,22,411,NaN
2,22,412,NaN
2,22,413,NaN
2,22,414,NaN
2,22,415,NaN
2,22,416,NaN
2,22,417,NaN
2,22,418,NaN
2,22,419,NaN
2,22,420,NaN
2,22,421,NaN
2,22,422,NaN
2,22,423,NaN
2,22,424,NaN
2,22,425,NaN
2,22,426,NaN
2,22,427,NaN
2,22,428,NaN
2,22,429,NaN
2,22,430,NaN
2,22,431,NaN
2,22,432,NaN
2,22,433,NaN
2,22,434,NaN
2,22,435,NaN
2,22,436,NaN
2,22,437,NaN
2,22,438,NaN
2,22,439,NaN
2,22,440,NaN
2,22,441,NaN
2,22,442,NaN
2,22,443,NaN
2,22,444,NaN
2,22,445,NaN
2,22,446,NaN
2,22,447,NaN
2,22,448,NaN
2,22,449,NaN
2,22,450,NaN
2,22,451,NaN
2,22,452,NaN
2,22,453,NaN
2,22,454,NaN
2,22,455,NaN
2,22,456,NaN
2,22,457,NaN
2,22,458,NaN
2,22,459,NaN
2,22,460,NaN
2,22,461,NaN
2,22,462,NaN
2,22,463,NaN
2,22,464,NaN
2,22,465,NaN
2,22,466,NaN
2,22,467,NaN
2,22,468,NaN
2,22,469,NaN
2,22,470,NaN
2,22,471,NaN
2,22,472,NaN
2,22,473,NaN
2,22,474,NaN
2,22,475,NaN
2,22,476,NaN
2,22,477,NaN
2,22,478,NaN
2,22,479,NaN
2,22,480,NaN
2,22,481,NaN
2,22,482,NaN
2,22,483,NaN
2,22,484,NaN
2,22,485,NaN
2,22,486,NaN
2,22,487,NaN
2,22,488,NaN
2,22,489,NaN
2,22,490,NaN
2,22,491,NaN
2,22,492,NaN
2,22,493,NaN
2,22,494,NaN
2,22,495,NaN
2,22,496,NaN
2,22,497,NaN
2,22,498,NaN
2,22,499,NaN
2,22,500,NaN
2,22,501,NaN
2,22,502,NaN
2,22,503,NaN
2,22,504,NaN
2,22,505,NaN
2,22,506,NaN
2,22,507,NaN
2,22,508,NaN
2,22,509,NaN
2,22,510,NaN
2,22,511,NaN
2,22,512,NaN
2,22,513,NaN
2,22,514,NaN
2,22,515,NaN
2,22,516,NaN
2,22,517,NaN
2,22,518,NaN
2,22,519,NaN
2,22,520,NaN
2,22,521,NaN
2,22,522,NaN
2,22,523,NaN
2,22,524,NaN
2,22,525,NaN
2,22,526,NaN
2,22,527,NaN
2,22,528,NaN
2,22,529,NaN
2,22,530,NaN
2,22,531,NaN
2,22,532,NaN
2,22,533,NaN
2,22,534,NaN
2,22,535,NaN
2,22,536,NaN
2,22,537,NaN
2,22,538,NaN
2,22,539,NaN
2,22,540,NaN
2,22,541,NaN
2,22,542,NaN
2,22,543,NaN
2,22,544,NaN
2,22,545,NaN
2,22,546,NaN
2,22,547,NaN
2,22,548,NaN
2,22,549,NaN
2,22,550,NaN
2,22,551,NaN
2,22,552,NaN
2,22,553,NaN
2,22,554,NaN
2,22,555,NaN
2,22,556,NaN
2,22,557,NaN
2,22,558,NaN
2,22,559,NaN
2,22,560,NaN
2,22,561,NaN
2,22,562,NaN
2,22,563,NaN
2,22,564,NaN
2,22,565,NaN
2,22,566,NaN
2,22,567,NaN
2,22,568,NaN
2,22,569,NaN
2,22,570,NaN
2,22,571,NaN
2,22,572,NaN
2,22,573,NaN
2,22,574,NaN
2,22,575,NaN
2,22,576,NaN
2,22,577,NaN
2,22,578,NaN
2,22,579,NaN
2,22,580,NaN
2,22,581,NaN
2,22,582,NaN
2,22,583,NaN
2,22,584,NaN
2,22,585,NaN
2,22,586,NaN
2,22,587,NaN
2,22,588,NaN
2,22,589,NaN
2,22,590,NaN
2,22,591,NaN
2,22,592,NaN
2,22,593,NaN
2,22,594,NaN
2,22,595,NaN
2,22,596,NaN
2,22,597,NaN
2,22,598,NaN
2,22,599,NaN
2,67,0,0.082521301017684512
2,67,1,0.08523569031992162
2,67,2,0.08797745095411777
2,67,3,0.090745882483340035
2,67,4,0.093540274177645544
2,67,5,0.096359905483484484
2,67,6,0.099204046481167069
2,67,7,0.10207195833127922
2,67,8,0.1049628937108604
2,67,9,0.10787609724009109
2,67,10,0.1108108059001757
2,67,11,0.11376624944305133
2,67,12,0.11674165079349748
2,67,13,0.11973622644417528
2,67,14,0.12274918684407667
2,67,15,0.12577973678082388
2,67,16,0.12882707575721819
2,67,17,0.13189039836240238
2,67,18,0.13496889463796569
2,67,19,0.13806175043929012
2,67,20,0.14116814779240691
2,67,21,0.14428726524660535
2,67,22,0.14741827822301115
2,67,23,0.15056035935932793
2,67,24,0.15371267885091439
2,67,25,0.1568744047883496
2,67,26,0.16004470349162012
2,67,27,0.16322273984104552
2,67,28,0.16640767760504374
2,67,29,0.16959867976482168
2,67,30,0.17279490883606466
2,67,31,0.17599552718768294
2,67,32,0.17919969735766592
2,67,33,0.18240658236607935
2,67,34,0.18561534602523444
2,67,35,0.18882515324704688
2,67,36,0.19203532623218944
2,67,37,0.1952453672207852
2,67,38,0.19845444190467415
2,67,39,0.20166171804536534
2,67,40,0.20486636577905037
2,67,41,0.20806755791827894
2,67,42,0.21126447025028064
2,67,43,0.21445628183191093
2,67,44,0.21764217528119623
2,67,45,0.2208213370654471
2,67,46,0.22399295778590647
2,67,47,0.22715623245889488
2,67,48,0.23031036079341266
2,67,49,0.2334545474651564
2,67,50,0.23658800238690275
2,67,51,0.23970994097521381
2,67,52,0.24281958441341306
2,67,53,0.24591615991078108
2,67,54,0.24899890095791888
2,67,55,0.25206704757822501
2,67,56,0.25511984657543185
2,67,57,0.25815655177714586
2,67,58,0.26117642427433657
2,67,59,0.2641787326567176
2,67,60,0.26716275324396382
2,67,61,0.2701277703127094
2,67,62,0.27307307631926991
2,67,63,0.27599797211803262
2,67,64,0.27890176717546222
2,67,65,0.2817837797796649
2,67,66,0.28464333724545959
2,67,67,0.28747977611490205
2,67,68,0.29029244235321128
2,67,69,0.29308069154004773
2,67,70,0.2958438890560936
2,67,71,0.29858141026488849
2,67,72,0.30129264068987249
2,67,73,0.30397697618659414
2,67,74,0.30663382311003778
2,67,75,0.30926259847703064
2,67,76,0.31186273012368998
2,67,77,0.31443365685787117
2,67,78,0.31697482860658299
2,67,79,0.31948570655833514
2,67,80,0.3219657633003864
2,67,81,0.32441448295086533
2,67,82,0.32683136128573459
2,67,83,0.32921590586057514
2,67,84,0.33156763612716705
2,67,85,0.33388608354484717
2,67,86,0.33617079168662539
2,67,87,0.33842131634004458
2,67,88,0.34063722560277077
2,67,89,0.34281809997290302
2,67,90,0.34496353243399624
2,67,91,0.34707312853479066
2,67,92,0.34914650646364481
2,67,93,0.35118329711767376
2,67,94,0.3531831441665933
2,67,95,0.3551457041112755
2,67,96,0.35707064633702529
2,67,97,0.35895765316158573
2,67,98,0.36080641987788736
2,67,99,0.36261665479155619
2,67,100,0.36438807925319905
2,67,101,0.36612042768548864
2,67,102,0.36781344760506879
2,67,103,0.36946689963931001
2,67,104,0.37108055753794233
2,67,105,0.37265420817959705
2,67,106,0.37418765157329126
2,67,107,0.37568070085489347
2,67,108,0.37713318227860704
2,67,109,0.37854493520351545
2,67,110,0.37991581207523195
2,67,111,0.38124567840270007
2,67,112,0.38253441273019545
2,67,113,0.38378190660457856
2,67,114,0.38498806453785245
2,67,115,0.3861528039650815
2,67,116,0.38727605519772884
2,67,117,0.38835776137247308
2,67,118,0.38939787839556433
2,67,119,0.39039637488278833
2,67,120,0.39135323209509915
2,67,121,0.39226844386999304
2,67,122,0.39314201654869085
2,67,123,0.3939739688992025
2,67,124,0.39476433203534411
2,67,125,0.39551314933178677
2,67,126,0.39622047633520946
2,67,127,0.39688638067163778
2,67,128,0.39751094195004438
2,67,129,0.39809425166229651
2,67,130,0.3986364130795273
2,67,131,0.39913754114501948
2,67,132,0.39959776236368122
2,67,133,0.40001721468820356
2,67,134,0.40039604740198209
2,67,135,0.40073442099889334
2,67,136,0.40103250706001153
2,67,137,0.40129048812735552
2,67,138,0.40150855757475462
2,67,139,0.40168691947592322
2,67,140,0.4018262370530582
2,67,141,0.40192690584320118
2,67,142,0.40198917010157037
2,67,143,0.40201328415664017
2,67,144,0.40199951227256786
2,67,145,0.40194812850899381
2,67,146,0.40185941657832119
2,67,147,0.40173366970057506
2,67,148,0.40157119045594875
2,67,149,0.40137229063513385
2,67,150,0.40113729108753632
2,67,151,0.40086652156747726
2,67,152,0.40056032057847485
2,67,153,0.40021903521570479
2,67,154,0.39984302100673247
2,67,155,0.39943264175061222
2,67,156,0.3989882693554434
2,67,157,0.39851028367447644
2,67,158,0.39799907234085585
2,67,159,0.39745503060108905
2,67,160,0.39687856114732667
2,67,161,0.39627007394853958
2,67,162,0.39562998608067435
2,67,163,0.39495872155587036
2,67,164,0.39425671115081556
2,67,165,0.39352439223432278
2,67,166,0.3927622085941988
2,67,167,0.39197061026348257
2,67,168,0.3911500533461269
2,67,169,0.39030099984219041
2,67,170,0.38942391747261357
2,67,171,0.38851927950364168
2,67,172,0.38758756457096299
2,67,173,0.3866292565036244
2,67,174,0.38564484414778466
2,67,175,0.38463482119036768
2,67,176,0.3835996859826698
2,67,177,0.3825399413639784
2,67,178,0.38145609448525558
2,67,179,0.38034865663293677
2,67,180,0.37921814305289414
2,67,181,0.37806507277461382
2,67,182,0.376889968435628
2,67,183,0.37569335610625026
2,67,184,0.37447576511465119
2,67,185,0.37323772787231568
2,67,186,0.37197977969991691
2,67,187,0.37070245865364543
2,67,188,0.36940630535202229
2,67,189,0.36809186280323059
2,67,190,0.36675967623299283
2,67,191,0.36541029291302202
2,67,192,0.36404426199007073
2,67,193,0.36266213431560335
2,67,194,0.3612644622761117
2,67,195,0.35985179962409347
2,67,196,0.3584247013097131
2,67,197,0.35698372331315992
2,67,198,0.35552942247771924
2,67,199,0.35406235634356825
2,67,200,0.35258308298230978
2,67,201,0.35109216083225264
2,67,202,0.34959014853444814
2,67,203,0.34807760476948951
2,67,204,0.34655508809508057
2,67,205,0.34502315678437828
2,67,206,0.34348236866511395
2,67,207,0.3419332809594941
2,67,208,0.3403764501248851
2,67,209,0.33881243169528102
2,67,210,0.33724178012355643
2,67,211,0.33566504862450303
2,67,212,0.33408278901865063
2,67,213,0.33249555157687111
2,67,214,0.33090388486576433
2,67,215,0.32930833559382533
2,67,216,0.32770944845839156
2,67,217,0.32610776599336988
2,67,218,0.32450382841774256
2,67,219,0.32289817348485306
2,67,220,0.32129133633247242
2,67,221,0.31968384933364818
2,67,222,0.31807624194833861
2,67,223,0.31646904057583763
2,67,224,0.31486276840799404
2,67,225,0.31325794528323503
2,67,226,0.31165508754140087
2,67,227,0.31005470787940292
2,67,228,0.30845731520771902
2,67,229,0.30686341450774046
2,67,230,0.30527350668999031
2,67,231,0.30368808845323392
2,67,232,0.30210765214450586
2,67,233,0.30053268562008023
2,67,234,0.29896367210741637
2,67,235,0.29740109006811333
2,67,236,0.29584541306191181
2,67,237,0.29429710961178618
2,67,238,0.29275664307017163
2,67,239,0.29122447148637903
2,67,240,0.28970104747525116
2,67,241,0.28818681808711993
2,67,242,0.28668222467912979
2,67,243,0.28518770278799671
2,67,244,0.28370368200427526
2,67,245,0.28223058584821464
2,67,246,0.28076883164728678
2,67,247,0.27931883041547545
2,67,248,0.27788098673442146
2,67,249,0.27645569863652203
2,67,250,0.27504335749008901
2,67,251,0.27364434788667413
2,67,252,0.27225904753067554
2,67,253,0.27088782713134374
2,67,254,0.26953105029730784
2,67,255,0.26818907343375059
2,67,256,0.26686224564236066
2,67,257,0.26555090862419684
2,67,258,0.26425539658560049
2,67,259,0.26297603614729548
2,67,260,0.26171314625681735
2,67,261,0.26046703810441535
2,67,262,0.25923801504257105
2,67,263,0.25802637250927951
2,67,264,0.25683239795523738
2,67,265,0.25565637077508296
2,67,266,0.25449856224283024
2,67,267,0.25335923545163974
2,67,268,0.25223864525806228
2,67,269,0.25113703823089134
2,67,270,0.25005465260475429
2,67,271,0.24899171823856692
2,67,272,0.2479484565789703
2,67,273,0.24692508062886215
2,67,274,0.24592179492112698
2,67,275,0.24493879549766109
2,67,276,0.24397626989377791
2,67,277,0.24303439712807179
2,67,278,0.24211334769780335
2,67,279,0.24121328357986233
2,67,280,NaN
2,67,281,NaN
2,67,282,NaN
2,67,283,NaN
2,67,284,NaN
2,67,285,NaN
2,67,286,NaN
2,67,287,NaN
2,67,288,NaN
2,67,289,NaN
2,67,290,NaN
2,67,291,NaN
2,67,292,NaN
2,67,293,NaN
2,67,294,NaN
2,67,295,NaN
2,67,296,NaN
2,67,297,NaN
2,67,298,NaN
2,67,299,NaN
2,67,300,NaN
2,67,301,NaN
2,67,302,NaN
2,67,303,NaN
2,67,304,NaN
2,67,305,NaN
2,67,306,NaN
2,67,307,NaN
2,67,308,NaN
2,67,309,NaN
2,67,310,NaN
2,67,311,NaN
2,67,312,NaN
2,67,313,NaN
2,67,314,NaN
2,67,315,NaN
2,67,316,NaN
2,67,317,NaN
2,67,318,NaN
2,67,319,NaN
2,67,320,NaN
2,67,321,NaN
2,67,322,NaN
2,67,323,NaN
2,67,324,NaN
2,67,325,NaN
2,67,326,NaN
2,67,327,NaN
2,67,328,NaN
2,67,329,NaN
2,67,330,NaN
2,67,331,NaN
2,67,332,NaN
2,67,333,NaN
2,67,334,NaN
2,67,335,NaN
2,67,336,NaN
2,67,337,NaN
2,67,338,NaN
2,67,339,NaN
2,67,340,NaN
2,67,341,NaN
2,67,342,NaN
2,67,343,NaN
2,67,344,NaN
2,67,345,NaN
2,67,346,NaN
2,67,347,NaN
2,67,348,NaN
2,67,349,NaN
2,67,350,NaN
2,67,351,NaN
2,67,352,NaN
2,67,353,NaN
2,67,354,NaN
2,67,355,NaN
2,67,356,NaN
2,67,357,NaN
2,67,358,NaN
2,67,359,NaN
2,67,360,NaN
2,67,361,NaN
2,67,362,NaN
2,67,363,NaN
2,67,364,NaN
2,67,365,NaN
2,67,366,NaN
2,67,367,NaN
2,67,368,NaN
2,67,369,NaN
2,67,370,NaN
2,67,371,NaN
2,67,372,NaN
2,67,373,NaN
2,67,374,NaN
2,67,375,NaN
2,67,376,NaN
2,67,377,NaN
2,67,378,NaN
2,67,379,NaN
2,67,380,NaN
2,67,381,NaN
2,67,382,NaN
2,67,383,NaN
2,67,384,NaN
2,67,385,NaN
2,67,386,NaN
2,67,387,NaN
2,67,388,NaN
2,67,389,NaN
2,67,390,NaN
2,67,391,NaN
2,67,392,NaN
2,67,393,NaN
2,67,394,NaN
2,67,395,NaN
2,67,396,NaN
2,67,397,NaN
2,67,398,NaN
2,67,399,NaN
2,67,400,NaN
2,67,401,NaN
2,67,402,NaN
2,67,403,NaN
2,67,404,NaN
2,67,405,NaN
2,67,406,NaN
2,67,407,NaN
2,67,408,NaN
2,67,409,NaN
2,67,410,NaN
2,67,411,NaN
2,67,412,NaN
2,67,413,NaN
2,67,414,NaN
2,67,415,NaN
2,67,416,NaN
2,67,417,NaN
2,67,418,NaN
2,67,419,NaN
2,67,420,NaN
2,67,421,NaN
2,67,422,NaN
2,67,423,NaN
2,67,424,NaN
2,67,425,NaN
2,67,426,NaN
2,67,427,NaN
2,67,428,NaN
2,67,429,NaN
2,67,430,NaN
2,67,431,NaN
2,67,432,NaN
2,67,433,NaN
2,67,434,NaN
2,67,435,NaN
2,67,436,NaN
2,67,437,NaN
2,67,438,NaN
2,67,439,NaN
2,67,440,NaN
2,67,441,NaN
2,67,442,NaN
2,67,443,NaN
2,67,444,NaN
2,67,445,NaN
2,67,446,NaN
2,67,447,NaN
2,67,448,NaN
2,67,449,NaN
2,67,450,NaN
2,67,451,NaN
2,67,452,NaN
2,67,453,NaN
2,67,454,NaN
2,67,455,NaN
2,67,456,NaN
2,67,457,NaN
2,67,458,NaN
2,67,459,NaN
2,67,460,NaN
2,67,461,NaN
2,67,462,NaN
2,67,463,NaN
2,67,464,NaN
2,67,465,NaN
2,67,466,NaN
2,67,467,NaN
2,67,468,NaN
2,67,469,NaN
2,67,470,NaN
2,67,471,NaN
2,67,472,NaN
2,67,473,NaN
2,67,474,NaN
2,67,475,NaN
2,67,476,NaN
2,67,477,NaN
2,67,478,NaN
2,67,479,NaN
2,67,480,NaN
2,67,481,NaN
2,67,482,NaN
2,67,483,NaN
2,67,484,NaN
2,67,485,NaN
2,67,486,NaN
2,67,487,NaN
2,67,488,NaN
2,67,489,NaN
2,67,490,NaN
2,67,491,NaN
2,67,492,NaN
2,67,493,NaN
2,67,494,NaN
2,67,495,NaN
2,67,496,NaN
2,67,497,NaN
2,67,498,NaN
2,67,499,NaN
2,67,500,NaN
2,67,501,NaN
2,67,502,NaN
2,67,503,NaN
2,67,504,NaN
2,67,505,NaN
2,67,506,NaN
2,67,507,NaN
2,67,508,NaN
2,67,509,NaN
2,67,510,NaN
2,67,511,NaN
2,67,512,NaN
2,67,513,NaN
2,67,514,NaN
2,67,515,NaN
2,67,516,NaN
2,67,517,NaN
2,67,518,NaN
2,67,519,NaN
2,67,520,NaN
2,67,521,NaN
2,67,522,NaN
2,67,523,NaN
2,67,524,NaN
2,67,525,NaN
2,67,526,NaN
2,67,527,NaN
2,67,528,NaN
2,67,529,NaN
2,67,530,NaN
2,67,531,NaN
2,67,532,NaN
2,67,533,NaN
2,67,534,NaN
2,67,535,NaN
2,67,536,NaN
2,67,537,NaN
2,67,538,NaN
2,67,539,NaN
2,67,540,NaN
2,67,541,NaN
2,67,542,NaN
2,67,543,NaN
2,67,544,NaN
2,67,545,NaN
2,67,546,NaN
2,67,547,NaN
2,67,548,NaN
2,67,549,NaN
2,67,550,NaN
2,67,551,NaN
2,67,552,NaN
2,67,553,NaN
2,67,554,NaN
2,67,555,NaN
2,67,556,NaN
2,67,557,NaN
2,67,558,NaN
2,67,559,NaN
2,67,560,NaN
2,67,561,NaN
2,67,562,NaN
2,67,563,NaN
2,67,564,NaN
2,67,565,NaN
2,67,566,NaN
2,67,567,NaN
2,67,568,NaN
2,67,569,NaN
2,67,570,NaN
2,67,571,NaN
2,67,572,NaN
2,67,573,NaN
2,67,574,NaN
2,67,575,NaN
2,67,576,NaN
2,67,577,NaN
2,67,578,NaN
2,67,579,NaN
2,67,580,NaN
2,67,581,NaN
2,67,582,NaN
2,67,583,NaN
2,67,584,NaN
2,67,585,NaN
2,67,586,NaN
2,67,587,NaN
2,67,588,NaN
2,67,589,NaN
2,67,590,NaN
2,67,591,NaN
2,67,592,NaN
2,67,593,NaN
2,67,594,NaN
2,67,595,NaN
2,67,596,NaN
2,67,597,NaN
2,67,598,NaN
2,67,599,NaN
2,31,0,0.10582460117650901
2,31,1,0.10840470202168855
2,31,2,0.11099877301349169
2,31,3,0.11360609569700668
2,31,4,0.11622595081746298
2,31,5,0.11885761858028782
2,31,6,0.121500378911198
2,31,7,0.12415351171618878
2,31,8,0.12681629714128465
2,31,9,0.12948801583191982
2,31,10,0.13216794919181862
2,31,11,0.13485537964124844
2,31,12,0.13754959087451935
2,31,13,0.1402498681166075
2,31,14,0.14295549837877922
2,31,15,0.14566577071309703
2,31,16,0.1483799764656874
2,31,17,0.15109740952865322
2,31,18,0.15381736659051576
2,31,19,0.15653914738507013
2,31,20,0.15926205493854192
2,31,21,0.16198539581493276
2,31,22,0.16470848035944369
2,31,23,0.1674306229398671
2,31,24,0.17015114218583963
2,31,25,0.17286936122584842
2,31,26,0.17558460792188579
2,31,27,0.17829621510164848
2,31,28,0.1810035207881785
2,31,29,0.18370586842684455
2,31,30,0.18640260710956452
2,31,31,0.18909309179617062
2,31,32,0.19177668353282112
2,31,33,0.19445274966736309
2,31,34,0.19712066406155337
2,31,35,0.19977980730004566
2,31,36,0.20242956689605462
2,31,37,0.20506933749360789
2,31,38,0.20769852106630063
2,31,39,0.21031652711246751
2,31,40,0.21292277284669026
2,31,41,0.21551668338755933
2,31,42,0.21809769194161241
2,31,43,0.22066523998337176
2,31,44,0.22321877743140708
2,31,45,0.22575779239293065
2,31,46,0.22828199005134359
2,31,47,0.23079082374202986
2,31,48,0.23328375536859963
2,31,49,0.23576025557001423
2,31,50,0.23821980388329822
2,31,51,0.24066188890177242
2,31,52,0.24308600842874509
2,31,53,0.24549166962660093
2,31,54,0.24787838916122945
2,31,55,0.25024569334173835
2,31,56,0.25259311825539871
2,31,57,0.25492020989777187
2,31,58,0.25722652429797294
2,31,59,0.25951162763902325
2,31,60,0.26177509637325341
2,31,61,0.26401651733271608
2,31,62,0.26623548783457407
2,31,63,0.26843161578142899
2,31,64,0.27060451975656108
2,31,65,0.27275382911405283
2,31,66,0.27487919990919718
2,31,67,0.2769805785038566
2,31,68,0.2790576589346887
2,31,69,0.2811101466189847
2,31,70,0.28313775840883287
2,31,71,0.28514022264019084
2,31,72,0.28711727917685637
2,31,73,0.28906867944933784
2,31,74,0.29099418648862224
2,31,75,0.29289357495484186
2,31,76,0.29476663116084545
2,31,77,0.29661315309068137
2,31,78,0.29843295041299989
2,31,79,0.3002258444893901
2,31,80,0.30199166837766284
2,31,81,0.30373026683009841
2,31,82,0.30544149628667794
2,31,83,0.30712522486332022
2,31,84,0.30878133233514687
2,31,85,0.31040971011480473
2,31,86,0.312010261225871
2,31,87,0.31358290027137531
2,31,88,0.31512755339746812
2,31,89,0.3166441582522741
2,31,90,0.31813266393996542
2,31,91,0.31959303097009611
2,31,92,0.32102523120223708
2,31,93,0.32242924778595666
2,31,94,0.32380507509619244
2,31,95,0.3251527186640597
2,31,96,0.32647219510314723
2,31,97,0.32776353203135139
2,31,98,0.32902676798829994
2,31,99,0.33026195234842115
2,31,100,0.33146914522971421
2,31,101,0.33264841739827705
2,31,102,0.33379985016865282
2,31,103,0.33492353530005414
2,31,104,0.33601957488852829
2,31,105,0.33708808125512513
2,31,106,0.33812917683013488
2,31,107,0.33914299403345982
2,31,108,0.34012967515118869
2,31,109,0.34108937220844093
2,31,110,0.34202224683855137
2,31,111,0.34292847014866584
2,31,112,0.34380822258181981
2,31,113,0.34466169377557132
2,31,114,0.34548908241726373
2,31,115,0.34629059609599189
2,31,116,0.34706645115134727
2,31,117,0.34781687251901866
2,31,118,0.348542093573324
2,31,119,0.34924235596675363
2,31,120,0.34991790946660145
2,31,121,0.35056901178876332
2,31,122,0.3511959284287835
2,31,123,0.35179893249022798
2,31,124,0.35237830451046781
2,31,125,0.35293433228395171
2,31,126,0.35346731068305076
2,31,127,0.35397754147655985
2,31,128,0.3544653331459352
2,31,129,0.35493100069935463
2,31,130,0.35537486548368424
2,31,131,0.35579725499443443
2,31,132,0.35619850268379244
2,31,133,0.35657894776681598
2,31,134,0.35693893502587432
2,31,135,0.35727881461342259
2,31,136,0.35759894185319874
2,31,137,0.35789967703992742
2,31,138,0.35818138523762189
2,31,139,0.35844443607657134
2,31,140,0.35868920354910289
2,31,141,0.35891606580420843
2,31,142,0.35912540494112705
2,31,143,0.35931760680197372
2,31,144,0.35949306076350629
2,31,145,0.35965215952812363
2,31,146,0.35979529891418766
2,31,147,0.35992287764576375
2,31,148,0.36003529714187449
2,31,149,0.3601329613053616
2,31,150,0.36021627631145398
2,31,151,0.36028565039613819
2,31,152,0.36034149364443013
2,31,153,0.36038421777864771
2,31,154,0.36041423594678401
2,31,155,0.36043196251108345
2,31,156,0.36043781283692217
2,31,157,0.36043220308209689
2,31,158,0.36041554998662717
2,31,159,0.3603882706631753
2,31,160,0.36035078238819229
2,31,161,0.36030350239389702
2,31,162,0.36024684766119758
2,31,163,0.36018123471366492
2,31,164,0.36010707941267017
2,31,165,0.36002479675379806
2,31,166,0.35993480066464978
2,31,167,0.35983750380414881
2,31,168,0.35973331736346587
2,31,169,0.35962265086867984
2,31,170,0.35950591198528931
2,31,171,0.3593835063246959
2,31,172,0.3592558372527746
2,31,173,0.35912330570065321
2,31,174,0.35898630997781794
2,31,175,0.35884524558766751
2,31,176,0.35870050504563389
2,31,177,0.35855247769999243
2,31,178,0.35840154955547943
2,31,179,0.35824810309983879
2,31,180,0.35809251713341822
2,31,181,0.35793516660193181
2,31,182,0.35777642243251101
2,31,183,0.35761665137315951
2,31,184,0.35745664378620723
2,31,185,0.35729739143192052
2,31,186,0.35713924693403371
2,31,187,0.35698255800232526
2,31,188,0.3568276673034107
2,31,189,0.35667491233481213
2,31,190,0.35652462530245715
2,31,191,0.35637713300175533
2,31,192,0.35623275670239468
2,31,193,0.35609181203699397
2,31,194,0.35595460889374203
2,31,195,0.35582145131314902
2,31,196,0.35569263738902912
2,31,197,0.35556845917382607
2,31,198,0.35544920258838864
2,31,199,0.35533514733629645
2,31,200,0.35522656682282683
2,31,201,0.35512372807865233
2,31,202,0.35502689168834367
2,31,203,0.35493631172375378
2,31,204,0.35485223568234403
2,31,205,0.35477490443051229
2,31,206,0.35470455215196878
2,31,207,0.35464140630120328
2,31,208,0.35458568756207554
2,31,209,0.35453760981155474
2,31,210,0.35449738008862353
2,31,211,0.35446519856835734
2,31,212,0.35444125854117681
2,31,213,0.35442574639726826
2,31,214,0.35441884161615256
2,31,215,0.35442071676138054
2,31,216,0.35443153748032047
2,31,217,0.35445146250899684
2,31,218,0.35448064368193011
2,31,219,0.3545192259469227
2,31,220,0.35456734738472195
2,31,221,0.35462513923349104
2,31,222,0.35469272591800322
2,31,223,0.3547702250834745
2,31,224,0.35485774763393785
2,31,225,0.35495539777505708
2,31,226,0.35506327306127217
2,31,227,0.35518146444715942
2,31,228,0.35531005634288731
2,31,229,0.35544912667363898
2,31,230,0.35559874694287158
2,31,231,0.35575898229927183
2,31,232,0.35592989160726979
2,31,233,0.35611152752096142
2,31,234,0.35630393656129183
2,31,235,0.35650715919634468
2,31,236,0.35672122992458299
2,31,237,0.3569461773608798
2,31,238,0.35718202432518065
2,31,239,0.35742878793363136
2,31,240,0.35768647969201078
2,31,241,0.35795510559130089
2,31,242,0.35823466620522892
2,31,243,0.35852515678961777
2,31,244,0.35882656738337826
2,31,245,0.35913888291097829
2,31,246,0.35946208328622914
2,31,247,0.3597961435172225
2,31,248,0.3601410338122647
2,31,249,0.36049671968664487
2,31,250,0.36086316207008906
2,31,251,0.36124031741474338
2,31,252,0.36162813780354242
2,31,253,0.36202657105881536
2,31,254,0.36243556085099299
2,31,255,0.36285504680727576
2,31,256,0.36328496462013399
2,31,257,0.36372524615551216
2,31,258,0.36417581956061451
2,31,259,0.36463660937115622
2,31,260,0.36510753661796658
2,31,261,0.36558851893283983
2,31,262,0.36607947065352991
2,31,263,0.36658030292779542
2,31,264,0.36709092381640485
2,31,265,0.36761123839501636
2,31,266,0.36814114885485566
2,31,267,0.36868055460211746
2,31,268,0.36922935235602483
2,31,269,0.3697874362454846
2,31,270,0.37035469790428288
2,31,271,0.37093102656477206
2,31,272,0.371516309150003
2,31,273,0.37211043036426633
2,31,274,0.37271327278200561
2,31,275,0.37332471693507857
2,31,276,0.37394464139833961
2,31,277,0.37457292287352784
2,31,278,0.37520943627144632
2,31,279,0.37585405479242601
2,31,280,0.37650665000506711
2,31,281,0.37716709192326264
2,31,282,0.37783524908150562
2,31,283,0.37851098860849053
2,31,284,0.37919417629902064
2,31,285,NaN
2,31,286,NaN
2,31,287,NaN
2,31,288,NaN
2,31,289,NaN
2,31,290,NaN
2,31,291,NaN
2,31,292,NaN
2,31,293,NaN
2,31,294,NaN
2,31,295,NaN
2,31,296,NaN
2,31,297,NaN
2,31,298,NaN
2,31,299,NaN
2,31,300,NaN
2,31,301,NaN
2,31,302,NaN
2,31,303,NaN
2,31,304,NaN
2,31,305,NaN
2,31,306,NaN
2,31,307,NaN
2,31,308,NaN
2,31,309,NaN
2,31,310,NaN
2,31,311,NaN
2,31,312,NaN
2,31,313,NaN
2,31,314,NaN
2,31,315,NaN
2,31,316,NaN
2,31,317,NaN
2,31,318,NaN
2,31,319,NaN
2,31,320,NaN
2,31,321,NaN
2,31,322,NaN
2,31,323,NaN
2,31,324,NaN
2,31,325,NaN
2,31,326,NaN
2,31,327,NaN
2,31,328,NaN
2,31,329,NaN
2,31,330,NaN
2,31,331,NaN
2,31,332,NaN
2,31,333,NaN
2,31,334,NaN
2,31,335,NaN
2,31,336,NaN
2,31,337,NaN
2,31,338,NaN
2,31,339,NaN
2,31,340,NaN
2,31,341,NaN
2,31,342,NaN
2,31,343,NaN
2,31,344,NaN
2,31,345,NaN
2,31,346,NaN
2,31,347,NaN
2,31,348,NaN
2,31,349,NaN
2,31,350,NaN
2,31,351,NaN
2,31,352,NaN
2,31,353,NaN
2,31,354,NaN
2,31,355,NaN
2,31,356,NaN
2,31,357,NaN
2,31,358,NaN
2,31,359,NaN
2,31,360,NaN
2,31,361,NaN
2,31,362,NaN
2,31,363,NaN
2,31,364,NaN
2,31,365,NaN
2,31,366,NaN
2,31,367,NaN
2,31,368,NaN
2,31,369,NaN
2,31,370,NaN
2,31,371,NaN
2,31,372,NaN
2,31,373,NaN
2,31,374,NaN
2,31,375,NaN
2,31,376,NaN
2,31,377,NaN
2,31,378,NaN
2,31,379,NaN
2,31,380,NaN
2,31,381,NaN
2,31,382,NaN
2,31,383,NaN
2,31,384,NaN
2,31,385,NaN
2,31,386,NaN
2,31,387,NaN
2,31,388,NaN
2,31,389,NaN
2,31,390,NaN
2,31,391,NaN
2,31,392,NaN
2,31,393,NaN
2,31,394,NaN
2,31,395,NaN
2,31,396,NaN
2,31,397,NaN
2,31,398,NaN
2,31,399,NaN
2,31,400,NaN
2,31,401,NaN
2,31,402,NaN
2,31,403,NaN
2,31,404,NaN
2,31,405,NaN
2,31,406,NaN
2,31,407,NaN
2,31,408,NaN
2,31,409,NaN
2,31,410,NaN
2,31,411,NaN
2,31,412,NaN
2,31,413,NaN
2,31,414,NaN
2,31,415,NaN
2,31,416,NaN
2,31,417,NaN
2,31,418,NaN
2,31,419,NaN
2,31,420,NaN
2,31,421,NaN
2,31,422,NaN
2,31,423,NaN
2,31,424,NaN
2,31,425,NaN
2,31,426,NaN
2,31,427,NaN
2,31,428,NaN
2,31,429,NaN
2,31,430,NaN
2,31,431,NaN
2,31,432,NaN
2,31,433,NaN
2,31,434,NaN
2,31,435,NaN
2,31,436,NaN
2,31,437,NaN
2,31,438,NaN
2,31,439,NaN
2,31,440,NaN
2,31,441,NaN
2,31,442,NaN
2,31,443,NaN
2,31,444,NaN
2,31,445,NaN
2,31,446,NaN
2,31,447,NaN
2,31,448,NaN
2,31,449,NaN
2,31,450,NaN
2,31,451,NaN
2,31,452,NaN
2,31,453,NaN
2,31,454,NaN
2,31,455,NaN
2,31,456,NaN
2,31,457,NaN
2,31,458,NaN
2,31,459,NaN
2,31,460,NaN
2,31,461,NaN
2,31,462,NaN
2,31,463,NaN
2,31,464,NaN
2,31,465,NaN
2,31,466,NaN
2,31,467,NaN
2,31,468,NaN
2,31,469,NaN
2,31,470,NaN
2,31,471,NaN
2,31,472,NaN
2,31,473,NaN
2,31,474,NaN
2,31,475,NaN
2,31,476,NaN
2,31,477,NaN
2,31,478,NaN
2,31,479,NaN
2,31,480,NaN
2,31,481,NaN
2,31,482,NaN
2,31,483,NaN
2,31,484,NaN
2,31,485,NaN
2,31,486,NaN
2,31,487,NaN
2,31,488,NaN
2,31,489,NaN
2,31,490,NaN
2,31,491,NaN
2,31,492,NaN
2,31,493,NaN
2,31,494,NaN
2,31,495,NaN
2,31,496,NaN
2,31,497,NaN
2,31,498,NaN
2,31,499,NaN
2,31,500,NaN
2,31,501,NaN
2,31,502,NaN
2,31,503,NaN
2,31,504,NaN
2,31,505,NaN
2,31,506,NaN
2,31,507,NaN
2,31,508,NaN
2,31,509,NaN
2,31,510,NaN
2,31,511,NaN
2,31,512,NaN
2,31,513,NaN
2,31,514,NaN
2,31,515,NaN
2,31,516,NaN
2,31,517,NaN
2,31,518,NaN
2,31,519,NaN
2,31,520,NaN
2,31,521,NaN
2,31,522,NaN
2,31,523,NaN
2,31,524,NaN
2,31,525,NaN
2,31,526,NaN
2,31,527,NaN
2,31,528,NaN
2,31,529,NaN
2,31,530,NaN
2,31,531,NaN
2,31,532,NaN
2,31,533,NaN
2,31,534,NaN
2,31,535,NaN
2,31,536,NaN
2,31,537,NaN
2,31,538,NaN
2,31,539,NaN
2,31,540,NaN
2,31,541,NaN
2,31,542,NaN
2,31,543,NaN
2,31,544,NaN
2,31,545,NaN
2,31,546,NaN
2,31,547,NaN
2,31,548,NaN
2,31,549,NaN
2,31,550,NaN
2,31,551,NaN
2,31,552,NaN
2,31,553,NaN
2,31,554,NaN
2,31,555,NaN
2,31,556,NaN
2,31,557,NaN
2,31,558,NaN
2,31,559,NaN
2,31,560,NaN
2,31,561,NaN
2,31,562,NaN
2,31,563,NaN
2,31,564,NaN
2,31,565,NaN
2,31,566,NaN
2,31,567,NaN
2,31,568,NaN
2,31,569,NaN
2,31,570,NaN
2,31,571,NaN
2,31,572,NaN
2,31,573,NaN
2,31,574,NaN
2,31,575,NaN
2,31,576,NaN
2,31,577,NaN
2,31,578,NaN
2,31,579,NaN
2,31,580,NaN
2,31,581,NaN
2,31,582,NaN
2,31,583,NaN
2,31,584,NaN
2,31,585,NaN
2,31,586,NaN
2,31,587,NaN
2,31,588,NaN
2,31,589,NaN
2,31,590,NaN
2,31,591,NaN
2,31,592,NaN
2,31,593,NaN
2,31,594,NaN
2,31,595,NaN
2,31,596,NaN
2,31,597,NaN
2,31,598,NaN
2,31,599,NaN
2,90,0,0.073688821691427736
2,90,1,0.076024685685579574
2,90,2,0.078385302432126117
2,90,3,0.080769992469492582
2,90,4,0.083178071629971775
2,90,5,0.085608851268539385
2,90,6,0.088061638492617014
2,90,7,0.090535736392762522
2,90,8,0.093030444274260757
2,90,9,0.095545057889581939
2,90,10,0.098078869671668914
2,90,11,0.1006311689680089
2,90,12,0.10320124227544096
2,90,13,0.10578837347564488
2,90,14,0.10839184407125359
2,90,15,0.11101093342252616
2,90,16,0.11364491898451547
2,90,17,0.11629307654466045
2,90,18,0.11895468046072971
2,90,19,0.12162900389904018
2,90,20,0.12431531907287148
2,90,21,0.12701289748099401
2,90,22,0.12972101014622681
2,90,23,0.13243892785393763
2,90,24,0.13516592139039754
2,90,25,0.13790126178089854
2,90,26,0.14064422052754202
2,90,27,0.14339406984660447
2,90,28,0.14615008290538442
2,90,29,0.14891153405843424
2,90,30,0.15167769908307938
2,90,31,0.15444785541412537
2,90,32,0.15722128237765423
2,90,33,0.15999726142380888
2,90,34,0.16277507635846522
2,90,35,0.16555401357369101
2,90,36,0.16833336227688867
2,90,37,0.17111241471852179
2,90,38,0.17389046641832198
2,90,39,0.17666681638987489
2,90,40,0.17944076736348402
2,90,41,0.18221162600720961
2,90,42,0.18497870314598233
2,90,43,0.18774131397869123
2,90,44,0.19049877829314463
2,90,45,0.19325042067880543
2,90,46,0.19599557073720181
2,90,47,0.19873356328991459
2,90,48,0.20146373858404532
2,90,49,0.20418544249506801
2,90,50,0.20689802672697
2,90,51,0.20960084900958784
2,90,52,0.21229327329304618
2,90,53,0.21497466993920789
2,90,54,0.2176444159100453
2,90,55,0.22030189495284566
2,90,56,0.22294649778216222
2,90,57,0.22557762225842715
2,90,58,0.22819467356314249
2,90,59,0.2307970643705671
2,90,60,0.23338421501582113
2,90,61,0.23595555365932827
2,90,62,0.23851051644752169
2,90,63,0.24104854766973899
2,90,64,0.2435690999112344
2,90,65,0.24607163420223943
2,90,66,0.24855562016300375
2,90,67,0.25102053614475173
2,90,68,0.25346586936649224
2,90,69,0.25589111604762094
2,90,70,0.2582957815362576
2,90,71,0.26067938043326222
2,90,72,0.26304143671187846
2,90,73,0.26538148383295329
2,90,74,0.26769906485568451
2,90,75,0.26999373254385278
2,90,76,0.27226504946749491
2,90,77,0.27451258809997808
2,90,78,0.27673593091043985
2,90,79,0.2789346704515584
2,90,80,0.28110840944262283
2,90,81,0.28325676084787416
2,90,82,0.28537934795009251
2,90,83,0.28747580441940696
2,90,84,0.28954577437730933
2,90,85,0.29158891245585333
2,90,86,0.29360488385202804
2,90,87,0.29559336437729145
2,90,88,0.29755404050225909
2,90,89,0.29948660939654065
2,90,90,0.30139077896372374
2,90,91,0.30326626787150529
2,90,92,0.30511280557697462
2,90,93,0.3069301323470548
2,90,94,0.30871799927411253
2,90,95,0.31047616828674929
2,90,96,0.31220441215578904
2,90,97,0.31390251449548134
2,90,98,0.31557026975994196
2,90,99,0.31720748323485504
2,90,100,0.31881397102446329
2,90,101,0.32038956003387803
2,90,102,0.32193408794674089
2,90,103,0.32344740319827303
2,90,104,0.3249293649437513
2,90,105,0.32637984302245082
2,90,106,0.32779871791710002
2,90,107,0.32918588070889332
2,90,108,0.33054123302811073
2,90,109,0.3318646870003969
2,90,110,0.33315616518875268
2,90,111,0.33441560053129799
2,90,112,0.33564293627486164
2,90,113,0.33683812590446333
2,90,114,0.3380011330687499
2,90,115,0.33913193150145171
2,90,116,0.34023050493892698
2,90,117,0.34129684703386703
2,90,118,0.34233096126523155
2,90,119,0.34333286084449022
2,90,120,0.34430256861824804
2,90,121,0.34524011696732904
2,90,122,0.34614554770240319
2,90,123,0.34701891195623435
2,90,124,0.34786027007263554
2,90,125,0.34866969149221411
2,90,126,0.34944725463499615
2,90,127,0.35019304678001528
2,90,128,0.35090716394195792
2,90,129,0.35158971074495332
2,90,130,0.35224080029360261
2,90,131,0.35286055404133665
2,90,132,0.35344910165620097
2,90,133,0.35400658088415854
2,90,134,0.35453313741000964
2,90,135,0.35502892471602315
2,90,136,0.35549410393837816
2,90,137,0.35592884372151357
2,90,138,0.35633332007048391
2,90,139,0.35670771620142083
2,90,140,0.35705222239020018
2,90,141,0.35736703581941393
2,90,142,0.35765236042374632
2,90,143,0.35790840673385715
2,90,144,0.35813539171886877
2,90,145,0.35833353862756023
2,90,146,0.35850307682836757
2,90,147,0.35864424164828929
2,90,148,0.35875727421079973
2,90,149,0.35884242127286631
2,90,150,0.35889993506117263
2,90,151,0.35893007310764546
2,90,152,0.35893309808438245
2,90,153,0.35890927763807995
2,90,154,0.35885888422405671
2,90,155,0.35878219493997099
2,90,156,0.35867949135932403
2,90,157,0.35855105936484799
2,90,158,0.3583971889818684
2,90,159,0.35821817421173613
2,90,160,0.3580143128654204
2,90,161,0.35778590639735147
2,90,162,0.35753325973960437
2,90,163,0.35725668113651216
2,90,164,0.35695648197979257
2,90,165,0.35663297664427757
2,90,166,0.35628648232432703
2,90,167,0.35591731887101169
2,90,168,0.35552580863014505
2,90,169,0.3551122762812447
2,90,170,0.3546770486775026
2,90,171,0.35422045468683966
2,90,172,0.35374282503412041
2,90,173,0.35324449214460202
2,90,174,0.35272578998868886
2,90,175,0.35218705392806382
2,90,176,0.35162862056326405
2,90,177,0.3510508275827684
2,90,178,0.35045401361366246
2,90,179,0.34983851807394345
2,90,180,0.34920468102652702
2,90,181,0.34855284303501621
2,90,182,0.34788334502128931
2,90,183,0.3471965281249641
2,90,184,0.34649273356479254
2,90,185,0.34577230250203661
2,90,186,0.34503557590587874
2,90,187,0.34428289442091314
2,90,188,0.34351459823676594
2,90,189,0.342731026959889
2,90,190,0.34193251948757009
2,90,191,0.34111941388420153
2,90,192,0.34029204725984508
2,90,193,0.3394507556511327
2,90,194,0.33859587390453638
2,90,195,0.337727735562043
2,90,196,0.33684667274926439
2,90,197,0.33595301606601363
2,90,198,0.33504709447937581
2,90,199,0.33412923521929894
2,90,200,0.33319976367673021
2,90,201,0.33225900330432012
2,90,202,0.33130727551971539
2,90,203,0.33034489961146041
2,90,204,0.32937219264752376
2,90,205,0.32838946938646602
2,90,206,0.32739704219126309
2,90,207,0.32639522094579637
2,90,208,0.32538431297402104
2,90,209,0.32436462296182145
2,90,210,0.32333645288155982
2,90,211,0.32230010191932418
2,90,212,0.32125586640488074
2,90,213,0.32020403974433004
2,90,214,0.3191449123554701
2,90,215,0.31807877160586467
2,90,216,0.31700590175361365
2,90,217,0.31592658389082223
2,90,218,0.31484109588976222
2,90,219,0.31374971235172017
2,90,220,0.31265270455852096
2,90,221,0.31155034042671942
2,90,222,0.31044288446444629
2,90,223,0.30933059773089699
2,90,224,0.30821373779844741
2,90,225,0.30709255871738134
2,90,226,0.305967310983213
2,90,227,0.30483824150658423
2,90,228,0.30370559358571875
2,90,229,0.30256960688140844
2,90,230,0.30143051739451382
2,90,231,0.30028855744594968
2,90,232,0.29914395565913465
2,90,233,0.29799693694487533
2,90,234,0.29684772248865871
2,90,235,0.29569652974032362
2,90,236,0.29454357240608015
2,90,237,0.29338906044284691
2,90,238,0.29223320005487191
2,90,239,0.29107619369260546
2,90,240,0.28991824005378852
2,90,241,0.28875953408672023
2,90,242,0.28760026699567026
2,90,243,0.2864406262483945
2,90,244,0.28528079558571762
2,90,245,0.28412095503314105
2,90,246,0.28296128091443573
2,90,247,0.28180194586717755
2,90,248,0.28064311886018301
2,90,249,0.27948496521280025
2,90,250,0.2783276466160125
2,90,251,0.27717132115530585
2,90,252,0.27601614333525842
2,90,253,0.27486226410580095
2,90,254,0.27370983089010231
2,90,255,0.2725589876140323
2,90,256,0.27140987473715028
2,90,257,0.27026262928517275
2,90,258,0.26911738488386727
2,90,259,0.2679742717943232
2,90,260,0.26683341694954743
2,90,261,0.26569494399233323
2,90,262,0.2645589733143508
2,90,263,0.26342562209640524
2,90,264,0.26229500434981134
2,90,265,0.26116723095882977
2,90,266,0.26004240972411313
2,90,267,0.25892064540710685
2,90,268,0.25780203977535188
2,90,269,0.25668669164863556
2,90,270,0.25557469694593626
2,90,271,0.25446614873310819
2,90,272,0.25336113727125265
2,90,273,0.25225975006572254
2,90,274,0.25116207191570511
2,90,275,0.25006818496433186
2,90,276,0.24897816874926051
2,90,277,0.24789210025367839
2,90,278,0.24681005395767294
2,90,279,0.24573210188991934
2,90,280,0.24465831367963226
2,90,281,0.24358875660873269
2,90,282,0.24252349566417808
2,90,283,0.24146259359040695
2,90,284,0.24040611094184927
2,90,285,0.23935410613545438
2,90,286,0.23830663550318851
2,90,287,0.23726375334445687
2,90,288,0.23622551197840286
2,90,289,0.23519196179604229
2,90,290,0.23416315131218599
2,90,291,0.23313912721711139
2,90,292,0.2321199344279391
2,90,293,0.23110561613967578
2,90,294,0.23009621387588328
2,90,295,0.22909176753893637
2,90,296,0.22809231545983283
2,90,297,0.22709789444751977
2,90,298,0.22610853983770232
2,90,299,0.22512428554110273
2,90,300,0.22414516409113694
2,90,301,0.22317120669098095
2,90,302,0.22220244325999622
2,90,303,0.22123890247948869
2,90,304,0.22028061183777548
2,90,305,0.21932759767453477
2,90,306,0.21837988522441737
2,90,307,0.21743749865989767
2,90,308,0.21650046113334623
2,90,309,0.21556879481830479
2,90,310,0.21464252094994815
2,90,311,0.21372165986471797
2,90,312,0.21280623103911575
2,90,313,0.21189625312764251
2,90,314,0.21099174399987677
2,90,315,0.21009272077668059
2,90,316,0.20919919986552835
2,90,317,0.20831119699495193
2,90,318,0.20742872724809913
2,90,319,0.20655180509540255
2,90,320,0.20568044442635869
2,90,321,0.20481465858041731
2,90,322,0.20395446037698389
2,90,323,0.20309986214453804
2,90,324,0.20225087574887321
2,90,325,0.201407512620464
2,90,326,NaN
2,90,327,NaN
2,90,328,NaN
2,90,329,NaN
2,90,330,NaN
2,90,331,NaN
2,90,332,NaN
2,90,333,NaN
2,90,334,NaN
2,90,335,NaN
2,90,336,NaN
2,90,337,NaN
2,90,338,NaN
2,90,339,NaN
2,90,340,NaN
2,90,341,NaN
2,90,342,NaN
2,90,343,NaN
2,90,344,NaN
2,90,345,NaN
2,90,346,NaN
2,90,347,NaN
2,90,348,NaN
2,90,349,NaN
2,90,350,NaN
2,90,351,NaN
2,90,352,NaN
2,90,353,NaN
2,90,354,NaN
2,90,355,NaN
2,90,356,NaN
2,90,357,NaN
2,90,358,NaN
2,90,359,NaN
2,90,360,NaN
2,90,361,NaN
2,90,362,NaN
2,90,363,NaN
2,90,364,NaN
2,90,365,NaN
2,90,366,NaN
2,90,367,NaN
2,90,368,NaN
2,90,369,NaN
2,90,370,NaN
2,90,371,NaN
2,90,372,NaN
2,90,373,NaN
2,90,374,NaN
2,90,375,NaN
2,90,376,NaN
2,90,377,NaN
2,90,378,NaN
2,90,379,NaN
2,90,380,NaN
2,90,381,NaN
2,90,382,NaN
2,90,383,NaN
2,90,384,NaN
2,90,385,NaN
2,90,386,NaN
2,90,387,NaN
2,90,388,NaN
2,90,389,NaN
2,90,390,NaN
2,90,391,NaN
2,90,392,NaN
2,90,393,NaN
2,90,394,NaN
2,90,395,NaN
2,90,396,NaN
2,90,397,NaN
2,90,398,NaN
2,90,399,NaN
2,90,400,NaN
2,90,401,NaN
2,90,402,NaN
2,90,403,NaN
2,90,404,NaN
2,90,405,NaN
2,90,406,NaN
2,90,407,NaN
2,90,408,NaN
2,90,409,NaN
2,90,410,NaN
2,90,411,NaN
2,90,412,NaN
2,90,413,NaN
2,90,414,NaN
2,90,415,NaN
2,90,416,NaN
2,90,417,NaN
2,90,418,NaN
2,90,419,NaN
2,90,420,NaN
2,90,421,NaN
2,90,422,NaN
2,90,423,NaN
2,90,424,NaN
2,90,425,NaN
2,90,426,NaN
2,90,427,NaN
2,90,428,NaN
2,90,429,NaN
2,90,430,NaN
2,90,431,NaN
2,90,432,NaN
2,90,433,NaN
2,90,434,NaN
2,90,435,NaN
2,90,436,NaN
2,90,437,NaN
2,90,438,NaN
2,90,439,NaN
2,90,440,NaN
2,90,441,NaN
2,90,442,NaN
2,90,443,NaN
2,90,444,NaN
2,90,445,NaN
2,90,446,NaN
2,90,447,NaN
2,90,448,NaN
2,90,449,NaN
2,90,450,NaN
2,90,451,NaN
2,90,452,NaN
2,90,453,NaN
2,90,454,NaN
2,90,455,NaN
2,90,456,NaN
2,90,457,NaN
2,90,458,NaN
2,90,459,NaN
2,90,460,NaN
2,90,461,NaN
2,90,462,NaN
2,90,463,NaN
2,90,464,NaN
2,90,465,NaN
2,90,466,NaN
2,90,467,NaN
2,90,468,NaN
2,90,469,NaN
2,90,470,NaN
2,90,471,NaN
2,90,472,NaN
2,90,473,NaN
2,90,474,NaN
2,90,475,NaN
2,90,476,NaN
2,90,477,NaN
2,90,478,NaN
2,90,479,NaN
2,90,480,NaN
2,90,481,NaN
2,90,482,NaN
2,90,483,NaN
2,90,484,NaN
2,90,485,NaN
2,90,486,NaN
2,90,487,NaN
2,90,488,NaN
2,90,489,NaN
2,90,490,NaN
2,90,491,NaN
2,90,492,NaN
2,90,493,NaN
2,90,494,NaN
2,90,495,NaN
2,90,496,NaN
2,90,497,NaN
2,90,498,NaN
2,90,499,NaN
2,90,500,NaN
2,90,501,NaN
2,90,502,NaN
2,90,503,NaN
2,90,504,NaN
2,90,505,NaN
2,90,506,NaN
2,90,507,NaN
2,90,508,NaN
2,90,509,NaN
2,90,510,NaN
2,90,511,NaN
2,90,512,NaN
2,90,513,NaN
2,90,514,NaN
2,90,515,NaN
2,90,516,NaN
2,90,517,NaN
2,90,518,NaN
2,90,519,NaN
2,90,520,NaN
2,90,521,NaN
2,90,522,NaN
2,90,523,NaN
2,90,524,NaN
2,90,525,NaN
2,90,526,NaN
2,90,527,NaN
2,90,528,NaN
2,90,529,NaN
2,90,530,NaN
2,90,531,NaN
2,90,532,NaN
2,90,533,NaN
2,90,534,NaN
2,90,535,NaN
2,90,536,NaN
2,90,537,NaN
2,90,538,NaN
2,90,539,NaN
2,90,540,NaN
2,90,541,NaN
2,90,542,NaN
2,90,543,NaN
2,90,544,NaN
2,90,545,NaN
2,90,546,NaN
2,90,547,NaN
2,90,548,NaN
2,90,549,NaN
2,90,550,NaN
2,90,551,NaN
2,90,552,NaN
2,90,553,NaN
2,90,554,NaN
2,90,555,NaN
2,90,556,NaN
2,90,557,NaN
2,90,558,NaN
2,90,559,NaN
2,90,560,NaN
2,90,561,NaN
2,90,562,NaN
2,90,563,NaN
2,90,564,NaN
2,90,565,NaN
2,90,566,NaN
2,90,567,NaN
2,90,568,NaN
2,90,569,NaN
2,90,570,NaN
2,90,571,NaN
2,90,572,NaN
2,90,573,NaN
2,90,574,NaN
2,90,575,NaN
2,90,576,NaN
2,90,577,NaN
2,90,578,NaN
2,90,579,NaN
2,90,580,NaN
2,90,581,NaN
2,90,582,NaN
2,90,583,NaN
2,90,584,NaN
2,90,585,NaN
2,90,586,NaN
2,90,587,NaN
2,90,588,NaN
2,90,589,NaN
2,90,590,NaN
2,90,591,NaN
2,90,592,NaN
2,90,593,NaN
2,90,594,NaN
2,90,595,NaN
2,90,596,NaN
2,90,597,NaN
2,90,598,NaN
2,90,599,NaN
2,52,0,0.062284840283324532
2,52,1,0.064257424207610034
2,52,2,0.066252319662679554
2,52,3,0.068268916415825845
2,52,4,0.070306598229423756
2,52,5,0.072364743138692983
2,52,6,0.074442723729616175
2,52,7,0.076539907417167069
2,52,8,0.078655656723963019
2,52,9,0.080789329559423709
2,52,10,0.082940279499487859
2,52,11,0.085107856066915094
2,52,12,0.087291405012177942
2,52,13,0.089490268594930741
2,52,14,0.091703785866024887
2,52,15,0.093931624118821083
2,52,16,0.096173427322149008
2,52,17,0.098428519710592494
2,52,18,0.10069622336807352
2,52,19,0.10297585852110025
2,52,20,0.10526674383164174
2,52,21,0.10756819668955685
2,52,22,0.10987953350449439
2,52,23,0.11220006999717498
2,52,24,0.11452912148995772
2,52,25,0.11686600319658894
2,52,26,0.11921003051102617
2,52,27,0.12156051929522518
2,52,28,0.12391678616577523
2,52,29,0.12627814877926441
2,52,30,0.12864392611625441
2,52,31,0.13101343876374225
2,52,32,0.1333860091959847
2,52,33,0.13576096205356025
2,52,34,0.13813762442054228
2,52,35,0.14051532609965647
2,52,36,0.1428933998852957
2,52,37,0.14527118183426521
2,52,38,0.14764801153413068
2,52,39,0.15002323236904369
2,52,40,0.15239619178291758
2,52,41,0.15476624153982921
2,52,42,0.15713273798152264
2,52,43,0.1594950422818914
2,52,44,0.16185252069831757
2,52,45,0.16420454481974806
2,52,46,0.16655049181138851
2,52,47,0.16888974465589857
2,52,48,0.17122169239097274
2,52,49,0.17354573034319401
2,52,50,0.17586126035804853
2,52,51,0.17816769102599264
2,52,52,0.18046443790446501
2,52,53,0.1827509237357394
2,52,54,0.18502657866051564
2,52,55,0.18729084042715002
2,52,56,0.18954315459642634
2,52,57,0.19178297474177441
2,52,58,0.19400976264484376
2,52,59,0.19622298848634331
2,52,60,0.19842213103206111
2,52,61,0.20060667781398026
2,52,62,0.20277612530641165
2,52,63,0.20492997909706492
2,52,64,0.20706775405298369
2,52,65,0.20918897448127463
2,52,66,0.21129317428456079
2,52,67,0.21337989711109528
2,52,68,0.21544869649947332
2,52,69,0.21749913601788343
2,52,70,0.2195307893978439
2,52,71,0.22154324066237058
2,52,72,0.22353608424852936
2,52,73,0.22550892512432638
2,52,74,0.22746137889989465
2,52,75,0.22939307193293876
2,52,76,0.2313036414284009
2,52,77,0.23319273553231806
2,52,78,0.23506001341984067
2,52,79,0.23690514537738744
2,52,80,0.23872781287891534
2,52,81,0.24052770865628523
2,52,82,0.24230453676370833
2,52,83,0.2440580126362622
2,52,84,0.24578786314246667
2,52,85,0.24749382663091549
2,52,86,0.24917565297096114
2,52,87,0.25083310358745387
2,52,88,0.25246595148954043
2,52,89,0.25407398129352937
2,52,90,0.25565698923983343
2,52,91,0.25721478320400459
2,52,92,0.25874718270187713
2,52,93,0.26025401888883948
2,52,94,0.2617351345532587
2,52,95,0.26319038410408241
2,52,96,0.2646196335526485
2,52,97,0.26602276048873241
2,52,98,0.26739965405087079
2,52,99,0.26875021489099382
2,52,100,0.27007435513341072
2,52,101,0.2713719983281887
2,52,102,0.27264307939897242
2,52,103,0.2738875445852918
2,52,104,0.27510535137940734
2,52,105,0.2762964684577483
2,52,106,0.27746087560699706
2,52,107,0.27859856364487923
2,52,108,0.27970953433571794
2,52,109,0.28079380030081563
2,52,110,0.28185138492372774
2,52,111,0.28288232225049392
2,52,112,0.28388665688489612
2,52,113,0.28486444387881477
2,52,114,0.28581574861775322
2,52,115,0.28674064670160765
2,52,116,0.28763922382075652
2,52,117,0.28851157562754826
2,52,118,0.28935780760326757
2,52,119,0.29017803492066002
2,52,120,0.2909723823020996
2,52,121,0.2917409838734828
2,52,122,0.29248398301393502
2,52,123,0.2932015322014182
2,52,124,0.29389379285432715
2,52,125,0.29456093516916554
2,52,126,0.29520313795439423
2,52,127,0.29582058846054304
2,52,128,0.29641348220668273
2,52,129,0.29698202280335095
2,52,130,0.29752642177203042
2,52,131,0.29804689836127723
2,52,132,0.29854367935959825
2,52,133,0.29901699890517902
2,52,134,0.29946709829256402
2,52,135,0.29989422577639124
2,52,136,0.30029863637228738
2,52,137,0.30068059165502714
2,52,138,0.30104035955406472
2,52,139,0.30137901110886278
2,52,140,0.30169779874278274
2,52,141,0.3019970365769698
2,52,142,0.30227704395106242
2,52,143,0.30253859876820277
2,52,144,0.30278224654915653
2,52,145,0.30300832846981779
2,52,146,0.30321718998398839
2,52,147,0.30340918060967464
2,52,148,0.30358465371291382
2,52,149,0.30374396628926059
2,52,150,0.3038874787430596
2,52,151,0.30401555466463842
2,52,152,0.30412856060554622
2,52,153,0.30422686585197717
2,52,154,0.30431084219650784
2,52,155,0.30438086370828898
2,52,156,0.30443730650182732
2,52,157,0.30448054850449918
2,52,158,0.30451096922293952
2,52,159,0.30452894950845083
2,52,160,0.30453487132158091
2,52,161,0.30452911749602124
2,52,162,0.30451207150197757
2,52,163,0.30448411720917368
2,52,164,0.30444563864964441
2,52,165,0.30439701978048361
2,52,166,0.30433864424671309
2,52,167,0.30427089514444283
2,52,168,0.30419415478449319
2,52,169,0.3041088044566585
2,52,170,0.30401522419478971
2,52,171,0.30391379254287876
2,52,172,0.30380488632233188
2,52,173,0.30368888040061859
2,52,174,0.3035661474614898
2,52,175,0.30343705777696006
2,52,176,0.30330197898124861
2,52,177,0.30316127584688141
2,52,178,0.30301531006315513
2,52,179,0.30286444001716689
2,52,180,0.30270902057761501
2,52,181,0.30254940288157872
2,52,182,0.30238593412448456
2,52,183,0.3022189573534676
2,52,184,0.30204881126433913
2,52,185,0.30187583000236728
2,52,186,0.30170034296708259
2,52,187,0.30152267462131455
2,52,188,0.30134314430466769
2,52,189,0.30116206605164192
2,52,190,0.30097974841459973
2,52,191,0.30079649429178207
2,52,192,0.30061260076056906
2,52,193,0.30042835891617814
2,52,194,0.30024405371599111
2,52,195,0.30005996382969213
2,52,196,0.29987636149539521
2,52,197,0.29969351238193687
2,52,198,0.29951167545749635
2,52,199,0.29933110286470482
2,52,200,0.29915203980239458
2,52,201,0.29897472441413075
2,52,202,0.29879938768366077
2,52,203,0.298626253337406
2,52,204,0.29845553775411132
2,52,205,0.29828744988175754
2,52,206,0.29812219116183081
2,52,207,0.29795995546103343
2,52,208,0.29780092901050548
2,52,209,0.29764529035261916
2,52,210,0.29749321029539211
2,52,211,0.29734485187455517
2,52,212,0.29720037032329599
2,52,213,0.2970599130496886
2,52,214,0.2969236196218033
2,52,215,0.29679162176048163
2,52,216,0.29666404333974222
2,52,217,0.29654100039477732
2,52,218,0.29642260113747748
2,52,219,0.2963089459794182
2,52,220,0.29620012756221947
2,52,221,0.29609623079518421
2,52,222,0.29599733290010255
2,52,223,0.29590350346310096
2,52,224,0.2958148044933992
2,52,225,0.29573129048882851
2,52,226,0.29565300850795173
2,52,227,0.29557999824861525
2,52,228,0.29551229213275171
2,52,229,0.29544991539724247
2,52,230,0.29539288619063958
2,52,231,0.29534121567553662
2,52,232,0.29529490813637072
2,52,233,0.29525396109243052
2,52,234,0.29521836541583502
2,52,235,0.29518810545424584
2,52,236,0.29516315915806601
2,52,237,0.29514349821187541
2,52,238,0.29512908816984884
2,52,239,0.29511988859489641
2,52,240,0.2951158532012676
2,52,241,0.29511693000035322
2,52,242,0.29512306144942196
2,52,243,0.29513418460302593
2,52,244,0.2951502312668085
2,52,245,0.29517112815345176
2,52,246,0.29519679704049756
2,52,247,0.29522715492978374
2,52,248,0.29526211420823434
2,52,249,0.29530158280974977
2,52,250,0.29534546437794551
2,52,251,0.29539365842949195
2,52,252,0.29544606051781369
2,52,253,0.29550256239691158
2,52,254,0.29556305218507695
2,52,255,0.29562741452827518
2,52,256,0.29569553076297889
2,52,257,0.29576727907824407
2,52,258,0.2958425346768232
2,52,259,0.29592116993512307
2,52,260,0.29600305456182024
2,52,261,0.29608805575495539
2,52,262,0.29617603835733725
2,52,263,0.29626686501009475
2,52,264,0.29636039630422639
2,52,265,0.29645649093000187
2,52,266,0.2965550058240834
2,52,267,0.29665579631423988
2,52,268,0.29675871626153888
2,52,269,0.29686361819990914
2,52,270,0.29697035347297435
2,52,271,0.2970787723680699
2,52,272,0.29718872424736131
2,52,273,0.29730005767599321
2,52,274,0.29741262054720324
2,52,275,0.29752626020434841
2,52,276,0.29764082355979532
2,52,277,0.29775615721063553
2,52,278,0.29787210755119381
2,52,279,0.29798852088230754
2,52,280,0.29810524351735818
2,52,281,0.2982221218850471
2,52,282,0.29833900262891189
2,52,283,0.29845573270358633
2,52,284,0.29857215946781596
2,52,285,0.29868813077424183
2,52,286,0.2988034950559762
2,52,287,0.29891810140999586
2,52,288,0.29903179967738491
2,52,289,0.29914444052046313
2,52,290,0.29925587549684129
2,52,291,0.29936595713044845
2,52,292,0.29947453897957932
2,52,293,0.29958147570201604
2,52,294,0.29968662311727778
2,52,295,0.29978983826605932
2,52,296,0.29989097946691878
2,52,297,0.29998990637027884
2,52,298,0.30008648000980875
2,52,299,0.30018056285125411
2,52,300,0.30027201883878546
2,52,301,0.30036071343893644
2,52,302,0.30044651368220521
2,52,303,0.30052928820239216
2,52,304,0.30060890727374828
2,52,305,0.30068524284601139
2,52,306,0.3007581685774019
2,52,307,0.30082755986565896
2,52,308,0.30089329387718822
2,52,309,0.3009552495743989
2,52,310,0.30101330774130675
2,52,311,0.30106735100747412
2,52,312,0.30111726387036497
2,52,313,0.30116293271618583
2,52,314,0.3012042458392859
2,52,315,0.30124109346018835
2,52,316,0.30127336774232061
2,52,317,0.30130096280751645
2,52,318,0.30132377475035299
2,52,319,0.30134170165139224
2,52,320,0.30135464358938968
2,52,321,0.30136250265253228
2,52,322,0.30136518294876941
2,52,323,0.30136259061529319
2,52,324,0.30135463382722699
2,52,325,0.30134122280557712
2,52,326,0.30132226982450211
2,52,327,0.30129768921794947
2,52,328,0.30126739738571057
2,52,329,0.301231312798941
2,52,330,0.30118935600519026
2,52,331,0.30114144963298667
2,52,332,0.30108751839601544
2,52,333,0.30102748909693033
2,52,334,0.30096129063083571
2,52,335,0.30088885398847404
2,52,336,0.30081011225914894
2,52,337,0.30072500063341662
2,52,338,0.30063345640557337
2,52,339,0.30053541897596342
2,52,340,0.30043082985313352
2,52,341,0.30031963265585521
2,52,342,0.30020177311503343
2,52,343,0.30007719907552233
2,52,344,0.29994586049786037
2,52,345,0.29980770945994312
2,52,346,0.29966270015864083
2,52,347,0.29951078891137661
2,52,348,0.29935193415766848
2,52,349,NaN
2,52,350,NaN
2,52,351,NaN
2,52,352,NaN
2,52,353,NaN
2,52,354,NaN
2,52,355,NaN
2,52,356,NaN
2,52,357,NaN
2,52,358,NaN
2,52,359,NaN
2,52,360,NaN
2,52,361,NaN
2,52,362,NaN
2,52,363,NaN
2,52,364,NaN
2,52,365,NaN
2,52,366,NaN
2,52,367,NaN
2,52,368,NaN
2,52,369,NaN
2,52,370,NaN
2,52,371,NaN
2,52,372,NaN
2,52,373,NaN
2,52,374,NaN
2,52,375,NaN
2,52,376,NaN
2,52,377,NaN
2,52,378,NaN
2,52,379,NaN
2,52,380,NaN
2,52,381,NaN
2,52,382,NaN
2,52,383,NaN
2,52,384,NaN
2,52,385,NaN
2,52,386,NaN
2,52,387,NaN
2,52,388,NaN
2,52,389,NaN
2,52,390,NaN
2,52,391,NaN
2,52,392,NaN
2,52,393,NaN
2,52,394,NaN
2,52,395,NaN
2,52,396,NaN
2,52,397,NaN
2,52,398,NaN
2,52,399,NaN
2,52,400,NaN
2,52,401,NaN
2,52,402,NaN
2,52,403,NaN
2,52,404,NaN
2,52,405,NaN
2,52,406,NaN
2,52,407,NaN
2,52,408,NaN
2,52,409,NaN
2,52,410,NaN
2,52,411,NaN
2,52,412,NaN
2,52,413,NaN
2,52,414,NaN
2,52,415,NaN
2,52,416,NaN
2,52,417,NaN
2,52,418,NaN
2,52,419,NaN
2,52,420,NaN
2,52,421,NaN
2,52,422,NaN
2,52,423,NaN
2,52,424,NaN
2,52,425,NaN
2,52,426,NaN
2,52,427,NaN
2,52,428,NaN
2,52,429,NaN
2,52,430,NaN
2,52,431,NaN
2,52,432,NaN
2,52,433,NaN
2,52,434,NaN
2,52,435,NaN
2,52,436,NaN
2,52,437,NaN
2,52,438,NaN
2,52,439,NaN
2,52,440,NaN
2,52,441,NaN
2,52,442,NaN
2,52,443,NaN
2,52,444,NaN
2,52,445,NaN
2,52,446,NaN
2,52,447,NaN
2,52,448,NaN
2,52,449,NaN
2,52,450,NaN
2,52,451,NaN
2,52,452,NaN
2,52,453,NaN
2,52,454,NaN
2,52,455,NaN
2,52,456,NaN
2,52,457,NaN
2,52,458,NaN
2,52,459,NaN
2,52,460,NaN
2,52,461,NaN
2,52,462,NaN
2,52,463,NaN
2,52,464,NaN
2,52,465,NaN
2,52,466,NaN
2,52,467,NaN
2,52,468,NaN
2,52,469,NaN
2,52,470,NaN
2,52,471,NaN
2,52,472,NaN
2,52,473,NaN
2,52,474,NaN
2,52,475,NaN
2,52,476,NaN
2,52,477,NaN
2,52,478,NaN
2,52,479,NaN
2,52,480,NaN
2,52,481,NaN
2,52,482,NaN
2,52,483,NaN
2,52,484,NaN
2,52,485,NaN
2,52,486,NaN
2,52,487,NaN
2,52,488,NaN
2,52,489,NaN
2,52,490,NaN
2,52,491,NaN
2,52,492,NaN
2,52,493,NaN
2,52,494,NaN
2,52,495,NaN
2,52,496,NaN
2,52,497,NaN
2,52,498,NaN
2,52,499,NaN
2,52,500,NaN
2,52,501,NaN
2,52,502,NaN
2,52,503,NaN
2,52,504,NaN
2,52,505,NaN
2,52,506,NaN
2,52,507,NaN
2,52,508,NaN
2,52,509,NaN
2,52,510,NaN
2,52,511,NaN
2,52,512,NaN
2,52,513,NaN
2,52,514,NaN
2,52,515,NaN
2,52,516,NaN
2,52,517,NaN
2,52,518,NaN
2,52,519,NaN
2,52,520,NaN
2,52,521,NaN
2,52,522,NaN
2,52,523,NaN
2,52,524,NaN
2,52,525,NaN
2,52,526,NaN
2,52,527,NaN
2,52,528,NaN
2,52,529,NaN
2,52,530,NaN
2,52,531,NaN
2,52,532,NaN
2,52,533,NaN
2,52,534,NaN
2,52,535,NaN
2,52,536,NaN
2,52,537,NaN
2,52,538,NaN
2,52,539,NaN
2,52,540,NaN
2,52,541,NaN
2,52,542,NaN
2,52,543,NaN
2,52,544,NaN
2,52,545,NaN
2,52,546,NaN
2,52,547,NaN
2,52,548,NaN
2,52,549,NaN
2,52,550,NaN
2,52,551,NaN
2,52,552,NaN
2,52,553,NaN
2,52,554,NaN
2,52,555,NaN
2,52,556,NaN
2,52,557,NaN
2,52,558,NaN
2,52,559,NaN
2,52,560,NaN
2,52,561,NaN
2,52,562,NaN
2,52,563,NaN
2,52,564,NaN
2,52,565,NaN
2,52,566,NaN
2,52,567,NaN
2,52,568,NaN
2,52,569,NaN
2,52,570,NaN
2,52,571,NaN
2,52,572,NaN
2,52,573,NaN
2,52,574,NaN
2,52,575,NaN
2,52,576,NaN
2,52,577,NaN
2,52,578,NaN
2,52,579,NaN
2,52,580,NaN
2,52,581,NaN
2,52,582,NaN
2,52,583,NaN
2,52,584,NaN
2,52,585,NaN
2,52,586,NaN
2,52,587,NaN
2,52,588,NaN
2,52,589,NaN
2,52,590,NaN
2,52,591,NaN
2,52,592,NaN
2,52,593,NaN
2,52,594,NaN
2,52,595,NaN
2,52,596,NaN
2,52,597,NaN
2,52,598,NaN
2,52,599,NaN
2,163,0,0.062814509308695435
2,163,1,0.065030495633323041
2,163,2,0.06726815992816175
2,163,3,0.069526861216009206
2,163,4,0.071805952044793619
2,163,5,0.074104778819446868
2,163,6,0.076422682127359295
2,163,7,0.078758997057872496
2,163,8,0.081113053516229466
2,163,9,0.083484176532362606
2,163,10,0.085871686564868918
2,163,11,0.088274899800489262
2,163,12,0.090693128449380045
2,163,13,0.093125681036438826
2,163,14,0.095571862688920983
2,163,15,0.098030975420560801
2,163,16,0.10050231841238982
2,163,17,0.10298518829042497
2,163,18,0.1054788794003808
2,163,19,0.10798268407954367
2,163,20,0.11049589292592882
2,163,21,0.11301779506482831
2,163,22,0.11554767841284272
2,163,23,0.11808482993947791
2,163,24,0.12062853592637704
2,163,25,0.12317808222424534
2,163,26,0.12573314200779864
2,163,27,0.12829310168853844
2,163,28,0.13085724086825923
2,163,29,0.13342483947577619
2,163,30,0.13599517802303052
2,163,31,0.13856753785874967
2,163,32,0.14114120141966641
2,163,33,0.14371545247929626
2,163,34,0.14628957639426654
2,163,35,0.14886286034818774
2,163,36,0.15143459359305186
2,163,37,0.15400406768814012
2,163,38,0.15657057673641858
2,163,39,0.15913341761839725
2,163,40,0.16169189022342426
2,163,41,0.16424529767838783
2,163,42,0.16679294657379096
2,163,43,0.16933414718716741
2,163,44,0.17186821370380137
2,163,45,0.17439446443471526
2,163,46,0.17691222203188525
2,163,47,0.17942081370064611
2,163,48,0.1819195714092442
2,163,49,0.18440783209549624
2,163,50,0.18688493787051336
2,163,51,0.18935023621944591
2,163,52,0.19180308019920728
2,163,53,0.19424282863313247
2,163,54,0.19666883712547992
2,163,55,0.19908047381621541
2,163,56,0.20147711494172954
2,163,57,0.20385814337557406
2,163,58,0.20622294881048678
2,163,59,0.20857092793693974
2,163,60,0.21090148461817271
2,163,61,0.21321403006167419
2,163,62,0.21550798298707335
2,163,63,0.21778276979040406
2,163,64,0.22003782470470712
2,163,65,0.22227258995693328
2,163,66,0.22448651592111285
2,163,67,0.22667906126775811
2,163,68,0.22884969310946557
2,163,69,0.23099788714268493
2,163,70,0.23312312778562574
2,163,71,0.23522490831226983
2,163,72,0.23730273098246268
2,163,73,0.23935610716805525
2,163,74,0.24138455747507004
2,163,75,0.24338761186186833
2,163,76,0.24536480975329308
2,163,77,0.24731570015076723
2,163,78,0.24923984173832611
2,163,79,0.25113680298456603
2,163,80,0.25300616224049055
2,163,81,0.25484750783324023
2,163,82,0.25666043815568995
2,163,83,0.25844456175190322
2,163,84,0.26019949739843173
2,163,85,0.26192487418145061
2,163,86,0.26362033156972342
2,163,87,0.26528551948339069
2,163,88,0.26692009835857666
2,163,89,0.26852373920781508
2,163,90,0.27009612367629077
2,163,91,0.27163694409390071
2,163,92,0.27314590352313611
2,163,93,0.27462271580279168
2,163,94,0.27606710558750897
2,163,95,0.27747880838316097
2,163,96,0.27885757057809019
2,163,97,0.28020314947021163
2,163,98,0.28151531328999507
2,163,99,0.28279384121934087
2,163,100,0.28403852340636954
2,163,101,0.28524916097614289
2,163,102,0.28642556603733721
2,163,103,0.28756756168489317
2,163,104,0.28867498199866559
2,163,105,0.28974767203809998
2,163,106,0.29078548783296393
2,163,107,0.29178829637016268
2,163,108,0.29275597557667099
2,163,109,0.29368841429861264
2,163,110,0.29458551227652474
2,163,111,0.29544718011684046
2,163,112,0.29627333925962956
2,163,113,0.2970641825030102
2,163,114,0.29782000871076403
2,163,115,0.29854078257006433
2,163,116,0.29922647932725704
2,163,117,0.29987708474423574
2,163,118,0.30049259505100856
2,163,119,0.30107301689451793
2,163,120,0.30161836728377378
2,163,121,0.30212867353135964
2,163,122,0.30260397319137339
2,163,123,0.30304431399386372
2,163,124,0.30344975377582373
2,163,125,0.30382036040880517
2,163,126,0.30415621172321394
2,163,127,0.30445739542935268
2,163,128,0.30472400903527075
2,163,129,0.30495615976149026
2,163,130,0.30515396445266835
2,163,131,0.30531754948626405
2,163,132,0.30544705067827338
2,163,133,0.30554261318610038
2,163,134,0.30560439140862927
2,163,135,0.30563254888356561
2,163,136,0.30562725818211284
2,163,137,0.30558870080105338
2,163,138,0.30551706705230069
2,163,139,0.305412555949992
2,163,140,0.3052753750951897
2,163,141,0.30510574055826062
2,163,142,0.30490387675900232
2,163,143,0.30467001634458563
2,163,144,0.30440440006538289
2,163,145,0.3041072766487527
2,163,146,0.303778902670849
2,163,147,0.30341954242652591
2,163,148,0.30302946779740708
2,163,149,0.3026089581181905
2,163,150,0.30215830004125782
2,163,151,0.30167778739965745
2,163,152,0.30116772106853185
2,163,153,0.30062840882505837
2,163,154,0.30006016520697193
2,163,155,0.29946331136973897
2,163,156,0.29883817494245229
2,163,157,0.29818508988251297
2,163,158,0.29750439632916936
2,163,159,0.29679644045597997
2,163,160,0.2960615743222671
2,163,161,0.29530015572362855
2,163,162,0.29451254804157295
2,163,163,0.29369912009234522
2,163,164,0.29286024597500698
2,163,165,0.29199630491883605
2,163,166,0.29110768113010932
2,163,167,0.29019476363833291
2,163,168,0.28925794614198114
2,163,169,0.28829762685380661
2,163,170,0.28731420834578375
2,163,171,0.28630809739374408
2,163,172,0.28527970482176523
2,163,173,0.28422944534637085
2,163,174,0.28315773742060035
2,163,175,0.28206500307800569
2,163,176,0.28095166777663116
2,163,177,0.27981816024303258
2,163,178,0.27866491231638918
2,163,179,0.27749235879276363
2,163,180,0.27630093726956112
2,163,181,0.27509108799024157
2,163,182,0.2738632536893339
2,163,183,0.2726178794378038
2,163,184,0.27135541248882361
2,163,185,0.2700763021239922
2,163,186,0.2687809995000528
2,163,187,0.26746995749615393
2,163,188,0.26614363056169987
2,163,189,0.26480247456483402
2,163,190,0.26344694664159918
2,163,191,0.26207750504581667
2,163,192,0.26069460899972585
2,163,193,0.25929871854542508
2,163,194,0.25789029439715255
2,163,195,0.25646979779444667
2,163,196,0.25503769035622392
2,163,197,0.2535944339358091
2,163,198,0.25214049047695675
2,163,199,0.25067632187089595
2,163,200,0.24920238981443527
2,163,201,0.24771915566915861
2,163,202,0.24622708032174775
2,163,203,0.24472662404545911
2,163,204,0.24321824636278996
2,163,205,0.24170240590936129
2,163,206,0.24017956029904833
2,163,207,0.23865016599038663
2,163,208,0.23711467815428242
2,163,209,0.23557355054305443
2,163,210,0.23402723536083395
2,163,211,0.23247618313534954
2,163,212,0.23092084259112206
2,163,213,0.22936166052409496
2,163,214,0.2277990816777252
2,163,215,0.22623354862055803
2,163,216,0.22466550162531074
2,163,217,0.22309537854948766
2,163,218,0.22152361471755069
2,163,219,0.21995064280466747
2,163,220,0.21837689272206007
2,163,221,0.2168027915039771
2,163,222,0.21522876319631071
2,163,223,0.21365522874688167
2,163,224,0.21208260589741354
2,163,225,0.21051130907721949
2,163,226,0.20894174929862197
2,163,227,0.20737433405412978
2,163,228,0.20580946721539278
2,163,229,0.20424754893395811
2,163,230,0.20268897554384957
2,163,231,0.20113413946599421
2,163,232,0.19958342911451837
2,163,233,0.19803722880493743
2,163,234,0.19649591866426255
2,163,235,0.19495987454304914
2,163,236,0.19342946792941221
2,163,237,0.19190506586503212
2,163,238,0.19038703086317907
2,163,239,0.18887572082877982
2,163,240,0.18737148898055567
2,163,241,0.18587468377525718
2,163,242,0.18438564883402467
2,163,243,0.18290472287090251
2,163,244,0.1814322396235358
2,163,245,0.17996852778607966
2,163,246,0.17851391094435029
2,163,247,0.17706870751324913
2,163,248,0.17563323067649042
2,163,249,0.17420778832866388
2,163,250,0.17279268301966388
2,163,251,0.17138821190151779
2,163,252,0.16999466667764473
2,163,253,0.16861233355457822
2,163,254,0.16724149319618356
2,163,255,0.16588242068040429
2,163,256,0.16453538545856711
2,163,257,0.16320065131727957
2,163,258,0.16187847634294961
2,163,259,0.16056911288895859
2,163,260,0.15927280754551634
2,163,261,0.15798980111222821
2,163,262,0.15672032857339926
2,163,263,0.15546461907610287
2,163,264,0.15422289591103708
2,163,265,0.15299537649619024
2,163,266,0.15178227236333594
2,163,267,0.15058378914737408
2,163,268,0.14940012657853247
2,163,269,0.14823147847743945
2,163,270,0.14707803275307646
2,163,271,0.14593997140361226
2,163,272,0.14481747052012173
2,163,273,0.14371070029318153
2,163,274,0.1426198250223365
2,163,275,0.14154500312842039
2,163,276,0.14048638716871323
2,163,277,0.13944412385491051
2,163,278,0.13841835407387243
2,163,279,0.13740921291111852
2,163,280,0.13641682967702373
2,163,281,0.13544132793566754
2,163,282,0.13448282553628035
2,163,283,0.13354143464722454
2,163,284,0.13261726179244199
2,163,285,0.13171040789029115
2,163,286,0.13082096829469186
2,163,287,0.12994903283848816
2,163,288,0.12909468587893269
2,163,289,0.12825800634519074
2,163,290,0.12743906778775446
2,163,291,0.12663793842965282
2,163,292,0.12585468121933607
2,163,293,0.12508935388510942
2,163,294,0.12434200899098513
2,163,295,0.12361269399381722
2,163,296,0.12290145130158103
2,163,297,0.12220831833265501
2,163,298,0.12153332757596023
2,163,299,0.12087650665181218
2,163,300,0.12023787837333746
2,163,301,0.1196174608083083
2,163,302,0.11901526734124873
2,163,303,0.11843130673566796
2,163,304,0.11786558319627884
2,163,305,0.11731809643106289
2,163,306,0.11678884171304821
2,163,307,0.11627780994167129
2,163,308,0.115784987703601
2,163,309,0.11531035733290869
2,163,310,0.11485389697047886
2,163,311,0.11441558062256099
2,163,312,0.11399537821837437
2,163,313,0.11359325566668847
2,163,314,0.11320917491131074
2,163,315,0.11284309398542706
2,163,316,0.11249496706475048
2,163,317,0.11216474451944776
2,163,318,0.11185237296482445
2,163,319,0.11155779531076332
2,163,320,0.11128095080992262
2,163,321,0.11102177510471473
2,163,322,0.11078020027309686
2,163,323,0.11055615487321979
2,163,324,0.1103495639869905
2,163,325,0.11016034926261783
2,163,326,0.10998842895621995
2,163,327,0.10983371797258315
2,163,328,0.10969612790517137
2,163,329,0.10957556707549286
2,163,330,0.10947194057193999
2,163,331,0.10938515028822285
2,163,332,0.1093150949615249
2,163,333,0.1092616702105107
2,163,334,0.1092247685733222
2,163,335,0.10920427954569943
2,163,336,0.10920008961936402
2,163,337,0.10921208232080336
2,163,338,0.1092401382505921
2,163,339,0.10928413512338481
2,163,340,0.10934394780871096
2,163,341,0.10941944837269812
2,163,342,0.1095105061208443
2,163,343,0.10961698764195425
2,163,344,0.10973875685334641
2,163,345,0.10987567504743073
2,163,346,0.11002760093974806
2,163,347,0.11019439071855272
2,163,348,0.11037589809601084
2,163,349,0.11057197436107739
2,163,350,0.11078246843410267
2,163,351,0.11100722692321147
2,163,352,0.11124609418248523
2,163,353,0.11149891237196806
2,163,354,0.11176552151950707
2,163,355,0.11204575958442621
2,163,356,0.11233946252302437
2,163,357,0.11264646435587651
2,163,358,0.11296659723690917
2,163,359,0.11329969152421128
2,163,360,0.11364557585253314
2,163,361,0.11400407720741837
2,163,362,0.11437502100090584
2,163,363,0.11475823114873158
2,163,364,0.11515353014895459
2,163,365,0.11556073916192407
2,163,366,0.11597967809150125
2,163,367,0.11641016566744342
2,163,368,0.11685201952885413
2,163,369,0.11730505630860087
2,163,370,0.11776909171859751
2,163,371,0.11824394063584749
2,163,372,0.11872941718914182
2,163,373,0.11922533484630442
2,163,374,0.1197315065018776
2,163,375,0.12024774456513929
2,163,376,0.12077386104834492
2,163,377,0.12130966765508656
2,163,378,0.12185497586866438
2,163,379,0.12240959704036487
2,163,380,0.12297334247754479
2,163,381,0.12354602353141932
2,163,382,0.12412745168445673
2,163,383,0.1247174386372838
2,163,384,0.12531579639500964
2,163,385,0.12592233735287722
2,163,386,0.12653687438115638
2,163,387,0.12715922090919446
2,163,388,0.12778919100854377
2,163,389,0.12842659947508936
2,163,390,0.12907126191010299
2,163,391,0.1297229948001522
2,163,392,0.13038161559579972
2,163,393,0.13104694278902629
2,163,394,0.13171879598931993
2,163,395,0.13239699599837276
2,163,396,0.13308136488333192
2,163,397,0.13377172604855531
2,163,398,0.13446790430582353
2,163,399,0.13516972594296497
2,163,400,0.13587701879085198
2,163,401,0.13658961228873084
2,163,402,0.13730733754784935
2,163,403,0.13803002741334988
2,163,404,0.13875751652439822
2,163,405,0.13948964137251976
2,163,406,0.14022624035811987
2,163,407,0.14096715384516398
2,163,408,0.14171222421399926
2,163,409,0.14246129591229828
2,163,410,0.14321421550410984
2,163,411,0.14397083171700298
2,163,412,0.14473099548729224
2,163,413,0.14549456000333474
2,163,414,0.14626138074689049
2,163,415,0.14703131553254042
2,163,416,0.14780422454515674
2,163,417,0.14857997037542309
2,163,418,0.14935841805340369
2,163,419,0.15013943508016056
2,163,420,0.15092289145742091
2,163,421,0.15170865971529804
2,163,422,0.15249661493807001
2,163,423,0.15328663478802101
2,163,424,0.15407859952735345
2,163,425,0.15487239203817871
2,163,426,0.15566789784059554
2,163,427,0.15646500510886713
2,163,428,0.15726360468570844
2,163,429,0.15806359009469678
2,163,430,0.15886485755081939
2,163,431,0.15966730596917314
2,163,432,0.1604708369718322
2,163,433,0.16127535489290129
2,163,434,0.16208076678177158
2,163,435,0.16288698240459923
2,163,436,0.16369391424402618
2,163,437,0.16450147749716371
2,163,438,0.1653095900718613
2,163,439,0.16611817258128334
2,163,440,0.16692714833681666
2,163,441,0.16773644333933449
2,163,442,0.16854598626884151
2,163,443,0.16935570847252635
2,163,444,0.17016554395124853
2,163,445,0.17097542934448812
2,163,446,0.17178530391378619
2,163,447,0.17259510952470583
2,163,448,0.17340479062734401
2,163,449,0.17421429423542509
2,163,450,0.17502356990400764
2,163,451,0.17583256970583694
2,163,452,0.17664124820637694
2,163,453,0.17744956243755414
2,163,454,0.17825747187024907
2,163,455,NaN
2,163,456,NaN
2,163,457,NaN
2,163,458,NaN
2,163,459,NaN
2,163,460,NaN
2,163,461,NaN
2,163,462,NaN
2,163,463,NaN
2,163,464,NaN
2,163,465,NaN
2,163,466,NaN
2,163,467,NaN
2,163,468,NaN
2,163,469,NaN
2,163,470,NaN
2,163,471,NaN
2,163,472,NaN
2,163,473,NaN
2,163,474,NaN
2,163,475,NaN
2,163,476,NaN
2,163,477,NaN
2,163,478,NaN
2,163,479,NaN
2,163,480,NaN
2,163,481,NaN
2,163,482,NaN
2,163,483,NaN
2,163,484,NaN
2,163,485,NaN
2,163,486,NaN
2,163,487,NaN
2,163,488,NaN
2,163,489,NaN
2,163,490,NaN
2,163,491,NaN
2,163,492,NaN
2,163,493,NaN
2,163,494,NaN
2,163,495,NaN
2,163,496,NaN
2,163,497,NaN
2,163,498,NaN
2,163,499,NaN
2,163,500,NaN
2,163,501,NaN
2,163,502,NaN
2,163,503,NaN
2,163,504,NaN
2,163,505,NaN
2,163,506,NaN
2,163,507,NaN
2,163,508,NaN
2,163,509,NaN
2,163,510,NaN
2,163,511,NaN
2,163,512,NaN
2,163,513,NaN
2,163,514,NaN
2,163,515,NaN
2,163,516,NaN
2,163,517,NaN
2,163,518,NaN
2,163,519,NaN
2,163,520,NaN
2,163,521,NaN
2,163,522,NaN
2,163,523,NaN
2,163,524,NaN
2,163,525,NaN
2,163,526,NaN
2,163,527,NaN
2,163,528,NaN
2,163,529,NaN
2,163,530,NaN
2,163,531,NaN
2,163,532,NaN
2,163,533,NaN
2,163,534,NaN
2,163,535,NaN
2,163,536,NaN
2,163,537,NaN
2,163,538,NaN
2,163,539,NaN
2,163,540,NaN
2,163,541,NaN
2,163,542,NaN
2,163,543,NaN
2,163,544,NaN
2,163,545,NaN
2,163,546,NaN
2,163,547,NaN
2,163,548,NaN
2,163,549,NaN
2,163,550,NaN
2,163,551,NaN
2,163,552,NaN
2,163,553,NaN
2,163,554,NaN
2,163,555,NaN
2,163,556,NaN
2,163,557,NaN
2,163,558,NaN
2,163,559,NaN
2,163,560,NaN
2,163,561,NaN
2,163,562,NaN
2,163,563,NaN
2,163,564,NaN
2,163,565,NaN
2,163,566,NaN
2,163,567,NaN
2,163,568,NaN
2,163,569,NaN
2,163,570,NaN
2,163,571,NaN
2,163,572,NaN
2,163,573,NaN
2,163,574,NaN
2,163,575,NaN
2,163,576,NaN
2,163,577,NaN
2,163,578,NaN
2,163,579,NaN
2,163,580,NaN
2,163,581,NaN
2,163,582,NaN
2,163,583,NaN
2,163,584,NaN
2,163,585,NaN
2,163,586,NaN
2,163,587,NaN
2,163,588,NaN
2,163,589,NaN
2,163,590,NaN
2,163,591,NaN
2,163,592,NaN
2,163,593,NaN
2,163,594,NaN
2,163,595,NaN
2,163,596,NaN
2,163,597,NaN
2,163,598,NaN
2,163,599,NaN
2,94,0,0.075670286723101401
2,94,1,0.077973791120774932
2,94,2,0.080296107173686793
2,94,3,0.082636573262811971
2,94,4,0.084994523830931451
2,94,5,0.087369289617368895
2,94,6,0.089760197890802695
2,94,7,0.092166572680392092
2,94,8,0.094587735005432397
2,94,9,0.097023003103730882
2,94,10,0.099471692658875441
2,94,11,0.10193311702654814
2,94,12,0.10440658746001806
2,94,13,0.10689141333493081
2,94,14,0.1093869023734975
2,94,15,0.11189236086817013
2,94,16,0.11440709390487816
2,94,17,0.11693040558588744
2,94,18,0.11946159925233156
2,94,19,0.12199997770645447
2,94,20,0.12454484343359318
2,94,21,0.12709549882391913
2,94,22,0.1296512463939492
2,94,23,0.13221138900782764
2,94,24,0.13477523009837303
2,94,25,0.13734207388787725
2,94,26,0.13991122560863664
2,94,27,0.14248199172318823
2,94,28,0.14505368014421963
2,94,29,0.14762560045411408
2,94,30,0.15019706412408845
2,94,31,0.15276738473287521
2,94,32,0.15533587818489744
2,94,33,0.15790186292787931
2,94,34,0.16046466016983257
2,94,35,0.16302359409535425
2,94,36,0.1655779920811693
2,94,37,0.16812718491084655
2,94,38,0.17067050698861652
2,94,39,0.17320729655221329
2,94,40,0.1757368958846636
2,94,41,0.17825865152494269
2,94,42,0.18077191447741356
2,94,43,0.18327604041996631
2,94,44,0.18577038991077177
2,94,45,0.18825432859356139
2,94,46,0.19072722740134535
2,94,47,0.19318895499455765
2,94,48,0.19563894382754893
2,94,49,0.19807657070413398
2,94,50,0.20050121837760052
2,94,51,0.20291227575858253
2,94,52,0.2053091381201948
2,94,53,0.20769120730035714
2,94,54,0.21005789190123528
2,94,55,0.21240860748572457
2,94,56,0.21474277677090139
2,94,57,0.21705982981836791
2,94,58,0.21935920422141431
2,94,59,0.22164034528892315
2,94,60,0.22390300818701733
2,94,61,0.2261475759582742
2,94,62,0.22837350657737465
2,94,63,0.23058026541690771
2,94,64,0.23276732543553114
2,94,65,0.23493416736254205
2,94,66,0.23708027987877114
2,94,67,0.23920515979371354
2,94,68,0.2413083122188123
2,94,69,0.2433892507368122
2,94,70,0.24544749756710238
2,94,71,0.24748258372696935
2,94,72,0.24949404918868359
2,94,73,0.25148144303234415
2,94,74,0.25344432359440988
2,94,75,0.2553822586118456
2,94,76,0.2572948253618158
2,94,77,0.25918161079686047
2,94,78,0.26104221167548869
2,94,79,0.26287623468813109
2,94,80,0.26468329657839107
2,94,81,0.26646302425954127
2,94,82,0.26821505492621178
2,94,83,0.26993903616122
2,94,84,0.27163462603749627
2,94,85,0.27330149321505975
2,94,86,0.27493931703300534
2,94,87,0.27654778759646254
2,94,88,0.27812660585849086
2,94,89,0.27967548369688144
2,94,90,0.28119414398583553
2,94,91,0.28268232066249444
2,94,92,0.28413975878829811
2,94,93,0.28556621460515591
2,94,94,0.28696145558641128
2,94,95,0.2883252604825895
2,94,96,0.2896574193619198
2,94,97,0.29095773364562671
2,94,98,0.29222601613798732
2,94,99,0.29346209105115723
2,94,100,0.29466579402477011
2,94,101,0.29583697214031801
2,94,102,0.29697548393032525
2,94,103,0.29808119938233113
2,94,104,0.29915399993769998
2,94,105,0.30019377848527978
2,94,106,0.30120043934993684
2,94,107,0.30217389827599372
2,94,108,0.30311408240560395
2,94,109,0.30402093025209859
2,94,110,0.30489439166834437
2,94,111,0.30573442781015553
2,94,112,0.30654101109480514
2,94,113,0.30731412515468509
2,94,114,0.30805376478616642
2,94,115,0.30875993589371659
2,94,116,0.30943265542933057
2,94,117,0.31007195132733939
2,94,118,0.31067786243465872
2,94,119,0.31125043843654637
2,94,120,0.31178973977793906
2,94,121,0.31229583758044133
2,94,122,0.31276881355504316
2,94,123,0.31320875991064528
2,94,124,0.31361577925847256
2,94,125,0.31398998451246102
2,94,126,0.31433149878570327
2,94,127,0.3146404552830428
2,94,128,0.31491699718990673
2,94,129,0.31516127755747186
2,94,130,0.31537345918425752
2,94,131,0.31555416618726123
2,94,132,0.31570367348083661
2,94,133,0.31582217944613106
2,94,134,0.31590989160692839
2,94,135,0.31596702650234804
2,94,136,0.31599380955641176
2,94,137,0.31599047494458704
2,94,138,0.31595726545742125
2,94,139,0.31589443236137937
2,94,140,0.3158022352569988
2,94,141,0.31568094193447627
2,94,142,0.31553174781519577
2,94,143,0.31535530663371036
2,94,144,0.31515194624419657
2,94,145,0.31492200177125296
2,94,146,0.31466581545545952
2,94,147,0.31438373649747192
2,94,148,0.31407612090077186
2,94,149,0.31374333131319238
2,94,150,0.31338573686733812
2,94,151,0.31300371302001706
2,94,152,0.31259764139080026
2,94,153,0.31216790959982393
2,94,154,0.31171491110494737
2,94,155,0.31123904503837613
2,94,156,0.31074071604286269
2,94,157,0.31022033410758809
2,94,158,0.30967831440383231
2,94,159,0.30911507712053454
2,94,160,0.3085310472998436
2,94,161,0.3079266546727556
2,94,162,0.3073023334949343
2,94,163,0.30665852238280328
2,94,164,0.30599566415000218
2,94,165,0.30531420564428613
2,94,166,0.3046145975849569
2,94,167,0.3038972944008973
2,94,168,0.30316275406928622
2,94,169,0.30241143795506387
2,94,170,0.30164381065121204
2,94,171,0.300860339819912
2,94,172,0.30006149603463644
2,94,173,0.299247752623228
2,94,174,0.29841958551201281
2,94,175,0.29757747307098992
2,94,176,0.29672189596013676
2,94,177,0.29585333697686073
2,94,178,0.29497228090462518
2,94,179,0.29407921436277124
2,94,180,0.29317462565755142
2,94,181,0.29225900463438448
2,94,182,0.29133284253133668
2,94,183,0.2903966318338278
2,94,184,0.28945086613055349
2,94,185,0.28849603997061068
2,94,186,0.28753264872180684
2,94,187,0.28656118843012501
2,94,188,0.28558215568031403
2,94,189,0.28459604745756406
2,94,190,0.28360336101022271
2,94,191,0.28260459371350077
2,94,192,0.28160024293410901
2,94,193,0.28059080589576341
2,94,194,0.27957677954548782
2,94,195,0.27855866042064048
2,94,196,0.27753694451657851
2,94,197,0.27651212715487811
2,94,198,0.2754847028520136
2,94,199,0.27445516518839863
2,94,200,0.27342400667768729
2,94,201,0.27239171863622591
2,94,202,0.27135879105254301
2,94,203,0.27032571245676301
2,94,204,0.26929296978982198
2,94,205,0.26826104827236308
2,94,206,0.26723043127318619
2,94,207,0.26620160017712313
2,94,208,0.26517503425220984
2,94,209,0.26415121051602458
2,94,210,0.26313060360106155
2,94,211,0.26211368561900983
2,94,212,0.26110092602380836
2,94,213,0.26009279147335002
2,94,214,0.25908974568971038
2,94,215,0.25809224931778024
2,94,216,0.25710075978218666
2,94,217,0.25611573114239072
2,94,218,0.25513761394586004
2,94,219,0.25416685507921721
2,94,220,0.25320389761727857
2,94,221,0.25224918066990398
2,94,222,0.25130313922659109
2,94,223,0.25036620399875714
2,94,224,0.24943880125966861
2,94,225,0.24852135268198702
2,94,226,0.24761427517291976
2,94,227,0.2467179807069782
2,94,228,0.24583287615636382
2,94,229,0.24495936311901986
2,94,230,0.24409783774440663
2,94,231,0.24324869055707968
2,94,232,0.24241230627816718
2,94,233,0.24158906364486921
2,94,234,0.24077933522812134
2,94,235,0.23998348724858798
2,94,236,0.23920187939117604
2,94,237,0.23843486461828109
2,94,238,0.2376827889820039
2,94,239,0.23694599143559852
2,94,240,0.23622480364443685
2,94,241,0.23551954979679968
2,94,242,0.23483054641482401
2,94,243,0.234158102165965
2,94,244,0.23350251767534572
2,94,245,0.23286408533939496
2,94,246,0.23224308914118894
2,94,247,0.23163980446793325
2,94,248,0.23105449793103719
2,94,249,0.23048742718924836
2,94,250,0.22993884077532814
2,94,251,0.2294089779267596
2,94,252,0.22889806842098898
2,94,253,0.22840633241570649
2,94,254,0.22793398029467912
2,94,255,0.22748121251964534
2,94,256,0.22704821948878276
2,94,257,0.22663518140225489
2,94,258,0.22624226813533438
2,94,259,0.22586963911959049
2,94,260,0.22551744323261547
2,94,261,0.22518581869674692
2,94,262,0.22487489298722488
2,94,263,0.22458478275019891
2,94,264,0.22431559373097629
2,94,265,0.22406742071287347
2,94,266,0.22384034746700363
2,94,267,0.2236344467132993
2,94,268,0.22344978009303407
2,94,269,0.22328639815307136
2,94,270,0.22314434034202735
2,94,271,0.22302363501849742
2,94,272,0.22292429947145115
2,94,273,0.22284633995286085
2,94,274,0.22278975172258286
2,94,275,0.22275451910547026
2,94,276,0.22274061556064859
2,94,277,0.22274800376284623
2,94,278,0.22277663569562528
2,94,279,0.22282645275631846
2,94,280,0.2228973858724369
2,94,281,0.22298935562927305
2,94,282,0.22310227240838523
2,94,283,0.2232360365366173
2,94,284,0.22339053844526824
2,94,285,0.22356565883899956
2,94,286,0.2237612688740383
2,94,287,0.2239772303452055
2,94,288,0.22421339588127978
2,94,289,0.22446960914818243
2,94,290,0.22474570505945543
2,94,291,0.22504150999348754
2,94,292,0.22535684201693393
2,94,293,0.22569151111376445
2,94,294,0.22604531941937395
2,94,295,0.22641806145918117
2,94,296,0.22680952439114802
2,94,297,0.22721948825165059
2,94,298,0.22764772620414211
2,94,299,0.22809400479005507
2,94,300,0.22855808418140114
2,94,301,0.22903971843454138
2,94,302,0.22953865574461274
2,94,303,0.23005463870011658
2,94,304,0.23058740453719023
2,94,305,0.23113668539310686
2,94,306,0.23170220855856644
2,94,307,0.23228369672836599
2,94,308,0.23288086825006002
2,94,309,0.23349343737024478
2,94,310,0.23412111447812722
2,94,311,0.234763606346062
2,94,312,0.23542061636676734
2,94,313,0.23609184478695325
2,94,314,0.23677698893712332
2,94,315,0.23747574345733372
2,94,316,0.23818780051871938
2,94,317,0.23891285004061891
2,94,318,0.23965057990315555
2,94,319,0.24040067615515193
2,94,320,0.24116282321727825
2,94,321,0.24193670408035592
2,94,322,0.24272200049875614
2,94,323,0.24351839317885335
2,94,324,0.24432556196251076
2,94,325,0.24514318600559132
2,94,326,0.24597094395150509
2,94,327,0.24680851409981452
2,94,328,0.24765557456993778
2,94,329,0.24851180345999863
2,94,330,0.24937687900088323
2,94,331,0.25025047970557701
2,94,332,0.25113228451385983
2,94,333,0.25202197293245032
2,94,334,0.25291922517069226
2,94,335,0.25382372227188754
2,94,336,0.25473514624038113
2,94,337,0.25565318016451022
2,94,338,0.256577508335533
2,94,339,0.2575078163626543
2,94,340,0.25844379128426836
2,94,341,0.2593851216755414
2,94,342,0.2603314977524539
2,94,343,0.26128261147242682
2,94,344,0.26223815663165273
2,94,345,0.26319782895925314
2,94,346,0.26416132620838123
2,94,347,0.26512834824438841
2,94,348,NaN
2,94,349,NaN
2,94,350,NaN
2,94,351,NaN
2,94,352,NaN
2,94,353,NaN
2,94,354,NaN
2,94,355,NaN
2,94,356,NaN
2,94,357,NaN
2,94,358,NaN
2,94,359,NaN
2,94,360,NaN
2,94,361,NaN
2,94,362,NaN
2,94,363,NaN
2,94,364,NaN
2,94,365,NaN
2,94,366,NaN
2,94,367,NaN
2,94,368,NaN
2,94,369,NaN
2,94,370,NaN
2,94,371,NaN
2,94,372,NaN
2,94,373,NaN
2,94,374,NaN
2,94,375,NaN
2,94,376,NaN
2,94,377,NaN
2,94,378,NaN
2,94,379,NaN
2,94,380,NaN
2,94,381,NaN
2,94,382,NaN
2,94,383,NaN
2,94,384,NaN
2,94,385,NaN
2,94,386,NaN
2,94,387,NaN
2,94,388,NaN
2,94,389,NaN
2,94,390,NaN
2,94,391,NaN
2,94,392,NaN
2,94,393,NaN
2,94,394,NaN
2,94,395,NaN
2,94,396,NaN
2,94,397,NaN
2,94,398,NaN
2,94,399,NaN
2,94,400,NaN
2,94,401,NaN
2,94,402,NaN
2,94,403,NaN
2,94,404,NaN
2,94,405,NaN
2,94,406,NaN
2,94,407,NaN
2,94,408,NaN
2,94,409,NaN
2,94,410,NaN
2,94,411,NaN
2,94,412,NaN
2,94,413,NaN
2,94,414,NaN
2,94,415,NaN
2,94,416,NaN
2,94,417,NaN
2,94,418,NaN
2,94,419,NaN
2,94,420,NaN
2,94,421,NaN
2,94,422,NaN
2,94,423,NaN
2,94,424,NaN
2,94,425,NaN
2,94,426,NaN
2,94,427,NaN
2,94,428,NaN
2,94,429,NaN
2,94,430,NaN
2,94,431,NaN
2,94,432,NaN
2,94,433,NaN
2,94,434,NaN
2,94,435,NaN
2,94,436,NaN
2,94,437,NaN
2,94,438,NaN
2,94,439,NaN
2,94,440,NaN
2,94,441,NaN
2,94,442,NaN
2,94,443,NaN
2,94,444,NaN
2,94,445,NaN
2,94,446,NaN
2,94,447,NaN
2,94,448,NaN
2,94,449,NaN
2,94,450,NaN
2,94,451,NaN
2,94,452,NaN
2,94,453,NaN
2,94,454,NaN
2,94,455,NaN
2,94,456,NaN
2,94,457,NaN
2,94,458,NaN
2,94,459,NaN
2,94,460,NaN
2,94,461,NaN
2,94,462,NaN
2,94,463,NaN
2,94,464,NaN
2,94,465,NaN
2,94,466,NaN
2,94,467,NaN
2,94,468,NaN
2,94,469,NaN
2,94,470,NaN
2,94,471,NaN
2,94,472,NaN
2,94,473,NaN
2,94,474,NaN
2,94,475,NaN
2,94,476,NaN
2,94,477,NaN
2,94,478,NaN
2,94,479,NaN
2,94,480,NaN
2,94,481,NaN
2,94,482,NaN
2,94,483,NaN
2,94,484,NaN
2,94,485,NaN
2,94,486,NaN
2,94,487,NaN
2,94,488,NaN
2,94,489,NaN
2,94,490,NaN
2,94,491,NaN
2,94,492,NaN
2,94,493,NaN
2,94,494,NaN
2,94,495,NaN
2,94,496,NaN
2,94,497,NaN
2,94,498,NaN
2,94,499,NaN
2,94,500,NaN
2,94,501,NaN
2,94,502,NaN
2,94,503,NaN
2,94,504,NaN
2,94,505,NaN
2,94,506,NaN
2,94,507,NaN
2,94,508,NaN
2,94,509,NaN
2,94,510,NaN
2,94,511,NaN
2,94,512,NaN
2,94,513,NaN
2,94,514,NaN
2,94,515,NaN
2,94,516,NaN
2,94,517,NaN
2,94,518,NaN
2,94,519,NaN
2,94,520,NaN
2,94,521,NaN
2,94,522,NaN
2,94,523,NaN
2,94,524,NaN
2,94,525,NaN
2,94,526,NaN
2,94,527,NaN
2,94,528,NaN
2,94,529,NaN
2,94,530,NaN
2,94,531,NaN
2,94,532,NaN
2,94,533,NaN
2,94,534,NaN
2,94,535,NaN
2,94,536,NaN
2,94,537,NaN
2,94,538,NaN
2,94,539,NaN
2,94,540,NaN
2,94,541,NaN
2,94,542,NaN
2,94,543,NaN
2,94,544,NaN
2,94,545,NaN
2,94,546,NaN
2,94,547,NaN
2,94,548,NaN
2,94,549,NaN
2,94,550,NaN
2,94,551,NaN
2,94,552,NaN
2,94,553,NaN
2,94,554,NaN
2,94,555,NaN
2,94,556,NaN
2,94,557,NaN
2,94,558,NaN
2,94,559,NaN
2,94,560,NaN
2,94,561,NaN
2,94,562,NaN
2,94,563,NaN
2,94,564,NaN
2,94,565,NaN
2,94,566,NaN
2,94,567,NaN
2,94,568,NaN
2,94,569,NaN
2,94,570,NaN
2,94,571,NaN
2,94,572,NaN
2,94,573,NaN
2,94,574,NaN
2,94,575,NaN
2,94,576,NaN
2,94,577,NaN
2,94,578,NaN
2,94,579,NaN
2,94,580,NaN
2,94,581,NaN
2,94,582,NaN
2,94,583,NaN
2,94,584,NaN
2,94,585,NaN
2,94,586,NaN
2,94,587,NaN
2,94,588,NaN
2,94,589,NaN
2,94,590,NaN
2,94,591,NaN
2,94,592,NaN
2,94,593,NaN
2,94,594,NaN
2,94,595,NaN
2,94,596,NaN
2,94,597,NaN
2,94,598,NaN
2,94,599,NaN
2,181,0,0.074604593784155168
2,181,1,0.076904449857216742
2,181,2,0.079229117794927251
2,181,3,0.081578076954176182
2,181,4,0.083950793513802455
2,181,5,0.086346721091595899
2,181,6,0.088765301339141414
2,181,7,0.091205964515826854
2,181,8,0.093668130043266906
2,181,9,0.096151207041327874
2,181,10,0.098654594846871266
2,181,11,0.10117768351626885
2,181,12,0.10371985431267897
2,181,13,0.10628048017901159
2,181,14,0.10885892619745274
2,181,15,0.11145455003636072
2,181,16,0.11406670238529303
2,181,17,0.11669472737887308
2,181,18,0.11933796301015492
2,181,19,0.12199574153409964
2,181,20,0.12466738986173252
2,181,21,0.12735222994550913
2,181,22,0.13004957915637994
2,181,23,0.13275875065300502
2,181,24,0.13547905374353811
2,181,25,0.13820979424036478
2,181,26,0.14095027480815039
2,181,27,0.14369979530552507
2,181,28,0.14645765312070505
2,181,29,0.1492231435013264
2,181,30,0.15199555987874241
2,181,31,0.15477419418701518
2,181,32,0.15755833717681075
2,181,33,0.16034727872438831
2,181,34,0.1631403081358575
2,181,35,0.16593671444685856
2,181,36,0.16873578671780792
2,181,37,0.171536814324835
2,181,38,0.17433908724652422
2,181,39,0.17714189634656266
2,181,40,0.17994453365238391
2,181,41,0.18274629262988556
2,181,42,0.18554646845429051
2,181,43,0.18834435827721149
2,181,44,0.19113926148996993
2,181,45,0.19393047998321258
2,181,46,0.19671731840286288
2,181,47,0.19949908440243527
2,181,48,0.20227508889173723
2,181,49,0.2050446462819755
2,181,50,0.20780707472727991
2,181,51,0.2105616963626521
2,181,52,0.21330783753834223
2,181,53,0.21604482905065428
2,181,54,0.21877200636917368
2,181,55,0.221488709860412
2,181,56,0.22419428500785674
2,181,57,0.22688808262841359
2,181,58,0.22956945908522586
2,181,59,0.23223777649685315
2,181,60,0.23489240294279004
2,181,61,0.23753271266530351
2,181,62,0.24015808626756729
2,181,63,0.24276791090806765
2,181,64,0.24536158049125859
2,181,65,0.24793849585443856
2,181,66,0.25049806495082377
2,181,67,0.25303970302879136
2,181,68,0.25556283280726472
2,181,69,0.25806688464721511
2,181,70,0.26055129671925092
2,181,71,0.26301551516726906
2,181,72,0.26545899426813979
2,181,73,0.26788119658740028
2,181,74,0.27028159313092964
2,181,75,0.27265966349257986
2,181,76,0.27501489599773854
2,181,77,0.27734678784279865
2,181,78,0.27965484523051126
2,181,79,0.28193858350120088
2,181,80,0.28419752725981934
2,181,81,0.28643121049882003
2,181,82,0.28863917671683115
2,181,83,0.29082097903311183
2,181,84,0.29297618029777261
2,181,85,0.29510435319774625
2,181,86,0.2972050803584918
2,181,87,0.2992779544414238
2,181,88,0.30132257823705022
2,181,89,0.30333856475381227
2,181,90,0.30532552799623475
2,181,91,0.30728309592022435
2,181,92,0.309210912365733
2,181,93,0.31110863180826137
2,181,94,0.31297591942935588
2,181,95,0.31481245118263013
2,181,96,0.31661791385531723
2,181,97,0.31839200512536081
2,181,98,0.32013443361405564
2,181,99,0.32184491893424771
2,181,100,0.32352319173410649
2,181,101,0.32516899373648461
2,181,102,0.32678207777387874
2,181,103,0.32836220781901099
2,181,104,0.32990915901104678
2,181,105,0.33142271767747283
2,181,106,0.33290268135165402
2,181,107,0.33434885878609438
2,181,108,0.33576106996142741
2,181,109,0.33713914609116147
2,181,110,0.33848292962220905
2,181,111,0.33979227423123004
2,181,112,0.34106704481682082
2,181,113,0.3423071174875803
2,181,114,0.34351237954609187
2,181,115,0.34468272946885226
2,181,116,0.34581807688218902
2,181,117,0.34691834253420484
2,181,118,0.34798345826278942
2,181,119,0.34901336695974111
2,181,120,0.35000802253104285
2,181,121,0.35096738985333753
2,181,122,0.35189144472664874
2,181,123,0.3527801738233971
2,181,124,0.35363357463375811
2,181,125,0.35445165540741647
2,181,126,0.35523443509176633
2,181,127,0.35598194326661126
2,181,128,0.35669422007541951
2,181,129,0.35737131615318862
2,181,130,0.35801329255097869
2,181,131,0.35862022065716981
2,181,132,0.35919218211550508
2,181,133,0.35972926873997713
2,181,134,0.36023158242662112
2,181,135,0.36069923506227514
2,181,136,0.36113234843037118
2,181,137,0.36153105411382075
2,181,138,0.36189549339505894
2,181,139,0.36222581715331359
2,181,140,0.36252218575916373
2,181,141,0.36278476896645556
2,181,142,0.3630137458016422
2,181,143,0.36320930445061567
2,181,144,0.3633716421430993
2,181,145,0.36350096503466856
2,181,146,0.3635974880864713
2,181,147,0.36366143494271397
2,181,148,0.36369303780598772
2,181,149,0.36369253731050072
2,181,150,0.36366018239328907
2,181,151,0.36359623016347614
2,181,152,0.36350094576965208
2,181,153,0.3633746022654416
2,181,154,0.36321748047333419
2,181,155,0.36302986884684396
2,181,156,0.36281206333107308
2,181,157,0.36256436722174595
2,181,158,0.36228709102278739
2,181,159,0.36198055230251303
2,181,160,0.36164507554850261
2,181,161,0.36128099202122566
2,181,162,0.36088863960648809
2,181,163,0.3604683626667699
2,181,164,0.36002051189152151
2,181,165,0.35954544414648587
2,181,166,0.35904352232211628
2,181,167,0.35851511518115414
2,181,168,0.35796059720543466
2,181,169,0.35738034844198557
2,181,170,0.3567747543484846
2,181,171,0.35614420563813881
2,181,172,0.35548909812405066
2,181,173,0.3548098325631342
2,181,174,0.35410681449964115
2,181,175,0.35338045410836139
2,181,176,0.3526311660375554
2,181,177,0.35185936925168138
2,181,178,0.35106548687397238
2,181,179,0.35024994602892412
2,181,180,0.34941317768474961
2,181,181,0.34855561649585498
2,181,182,0.34767770064539433
2,181,183,0.34677987168795454
2,181,184,0.34586257439242563
2,181,185,0.34492625658510634
2,181,186,0.34397136899309744
2,181,187,0.34299836508803111
2,181,188,0.34200770093018629
2,181,189,0.34099983501303693
2,181,190,0.3399752281082789
2,181,191,0.33893434311138204
2,181,192,0.33787764488771072
2,181,193,0.33680560011925637
2,181,194,0.33571867715202275
2,181,195,0.33461734584410585
2,181,196,0.33350207741450699
2,181,197,0.33237334429271786
2,181,198,0.33123161996911438
2,181,199,0.33007737884619415
2,181,200,0.32891109609069558
2,181,201,0.32773324748662669
2,181,202,0.32654430928924116
2,181,203,0.3253447580799898
2,181,204,0.3241350706224771
2,181,205,0.3229157237194536
2,181,206,0.3216871940708686
2,181,207,0.32044995813301308
2,181,208,0.31920449197877415
2,181,209,0.31795127115902755
2,181,210,0.31669077056518991
2,181,211,0.31542346429295298
2,181,212,0.31414982550721859
2,181,213,0.3128703263082569
2,181,214,0.31158543759910229
2,181,215,0.31029562895420665
2,181,216,0.3090013684893661
2,181,217,0.30770312273293382
2,181,218,0.30640135649833539
2,181,219,0.30509653275789911
2,181,220,0.30378911251801188
2,181,221,0.30247955469561266
2,181,222,0.30116831599603477
2,181,223,0.29985585079220328
2,181,224,0.29854261100519858
2,181,225,0.29722904598619249
2,181,226,0.29591560239976367
2,181,227,0.29460272410859839
2,181,228,0.293290852059582
2,181,229,0.29198042417128617
2,181,230,0.29067187522285615
2,181,231,0.28936563674429988
2,181,232,0.2880621369081845
2,181,233,0.28676180042274174
2,181,234,0.28546504842638437
2,181,235,0.28417229838363606
2,181,236,0.28288396398247712
2,181,237,0.28160045503310571
2,181,238,0.2803221773681201
2,181,239,0.27904953274411826
2,181,240,0.27778291874472189
2,181,241,0.27652272868502259
2,181,242,0.27526935151745496
2,181,243,0.27402317173909779
2,181,244,0.27278456930040601
2,181,245,0.27155391951537888
2,181,246,0.27033159297316445
2,181,247,0.26911795545110978
2,181,248,0.26791336782925823
2,181,249,0.26671818600630243
2,181,250,0.26553276081699961
2,181,251,0.26435743795105704
2,181,252,0.2631925578734981
2,181,253,0.26203845574651852
2,181,254,0.26089546135284503
2,181,255,0.25976389902061003
2,181,256,0.25864408754975676
2,181,257,0.25753634013999066
2,181,258,0.25644096432029595
2,181,259,0.25535826188003474
2,181,260,0.25428852880165287
2,181,261,0.25323205519501102
2,181,262,0.25218912523337028
2,181,263,0.25116001709105434
2,181,264,0.25014500288281899
2,181,265,0.24914434860495754
2,181,266,0.24815831407817426
2,181,267,0.24718715289225859
2,181,268,0.24623111235259579
2,181,269,0.24529043342855078
2,181,270,0.24436535070376222
2,181,271,0.24345609232838855
2,181,272,0.242562879973346
2,181,273,0.24168592878658124
2,181,274,0.24082544735142308
2,181,275,0.23998163764705774
2,181,276,0.23915469501117342
2,181,277,0.23834480810482142
2,181,278,0.23755215887954043
2,181,279,0.2367769225467915
2,181,280,0.23601926754975278
2,181,281,0.23527935553752038
2,181,282,0.23455734134176426
2,181,283,0.23385337295588551
2,181,284,0.23316759151672239
2,181,285,0.23250013128884997
2,181,286,0.23185111965151844
2,181,287,0.23122067708827307
2,181,288,0.23060891717929619
2,181,289,0.23001594659651245
2,181,290,0.2294418651014922
2,181,291,0.22888676554618956
2,181,292,0.22835073387654597
2,181,293,0.22783384913898885
2,181,294,0.22733618348985041
2,181,295,0.22685780220772969
2,181,296,0.2263987637088159
2,181,297,0.22595911956518824
2,181,298,0.22553891452610253
2,181,299,0.22513818654227158
2,181,300,0.2247569667931415
2,181,301,0.22439527971716111
2,181,302,0.2240531430450384
2,181,303,0.22373056783597164
2,181,304,0.22342755851683943
2,181,305,0.22314411292432818
2,181,306,0.2228802223499719
2,181,307,0.22263587158807213
2,181,308,0.2224110389864648
2,181,309,0.22220569650009192
2,181,310,0.22201980974733476
2,181,311,0.22185333806905932
2,181,312,0.22170623459031971
2,181,313,0.22157844628466344
2,181,314,NaN
2,181,315,NaN
2,181,316,NaN
2,181,317,NaN
2,181,318,NaN
2,181,319,NaN
2,181,320,NaN
2,181,321,NaN
2,181,322,NaN
2,181,323,NaN
2,181,324,NaN
2,181,325,NaN
2,181,326,NaN
2,181,327,NaN
2,181,328,NaN
2,181,329,NaN
2,181,330,NaN
2,181,331,NaN
2,181,332,NaN
2,181,333,NaN
2,181,334,NaN
2,181,335,NaN
2,181,336,NaN
2,181,337,NaN
2,181,338,NaN
2,181,339,NaN
2,181,340,NaN
2,181,341,NaN
2,181,342,NaN
2,181,343,NaN
2,181,344,NaN
2,181,345,NaN
2,181,346,NaN
2,181,347,NaN
2,181,348,NaN
2,181,349,NaN
2,181,350,NaN
2,181,351,NaN
2,181,352,NaN
2,181,353,NaN
2,181,354,NaN
2,181,355,NaN
2,181,356,NaN
2,181,357,NaN
2,181,358,NaN
2,181,359,NaN
2,181,360,NaN
2,181,361,NaN
2,181,362,NaN
2,181,363,NaN
2,181,364,NaN
2,181,365,NaN
2,181,366,NaN
2,181,367,NaN
2,181,368,NaN
2,181,369,NaN
2,181,370,NaN
2,181,371,NaN
2,181,372,NaN
2,181,373,NaN
2,181,374,NaN
2,181,375,NaN
2,181,376,NaN
2,181,377,NaN
2,181,378,NaN
2,181,379,NaN
2,181,380,NaN
2,181,381,NaN
2,181,382,NaN
2,181,383,NaN
2,181,384,NaN
2,181,385,NaN
2,181,386,NaN
2,181,387,NaN
2,181,388,NaN
2,181,389,NaN
2,181,390,NaN
2,181,391,NaN
2,181,392,NaN
2,181,393,NaN
2,181,394,NaN
2,181,395,NaN
2,181,396,NaN
2,181,397,NaN
2,181,398,NaN
2,181,399,NaN
2,181,400,NaN
2,181,401,NaN
2,181,402,NaN
2,181,403,NaN
2,181,404,NaN
2,181,405,NaN
2,181,406,NaN
2,181,407,NaN
2,181,408,NaN
2,181,409,NaN
2,181,410,NaN
2,181,411,NaN
2,181,412,NaN
2,181,413,NaN
2,181,414,NaN
2,181,415,NaN
2,181,416,NaN
2,181,417,NaN
2,181,418,NaN
2,181,419,NaN
2,181,420,NaN
2,181,421,NaN
2,181,422,NaN
2,181,423,NaN
2,181,424,NaN
2,181,425,NaN
2,181,426,NaN
2,181,427,NaN
2,181,428,NaN
2,181,429,NaN
2,181,430,NaN
2,181,431,NaN
2,181,432,NaN
2,181,433,NaN
2,181,434,NaN
2,181,435,NaN
2,181,436,NaN
2,181,437,NaN
2,181,438,NaN
2,181,439,NaN
2,181,440,NaN
2,181,441,NaN
2,181,442,NaN
2,181,443,NaN
2,181,444,NaN
2,181,445,NaN
2,181,446,NaN
2,181,447,NaN
2,181,448,NaN
2,181,449,NaN
2,181,450,NaN
2,181,451,NaN
2,181,452,NaN
2,181,453,NaN
2,181,454,NaN
2,181,455,NaN
2,181,456,NaN
2,181,457,NaN
2,181,458,NaN
2,181,459,NaN
2,181,460,NaN
2,181,461,NaN
2,181,462,NaN
2,181,463,NaN
2,181,464,NaN
2,181,465,NaN
2,181,466,NaN
2,181,467,NaN
2,181,468,NaN
2,181,469,NaN
2,181,470,NaN
2,181,471,NaN
2,181,472,NaN
2,181,473,NaN
2,181,474,NaN
2,181,475,NaN
2,181,476,NaN
2,181,477,NaN
2,181,478,NaN
2,181,479,NaN
2,181,480,NaN
2,181,481,NaN
2,181,482,NaN
2,181,483,NaN
2,181,484,NaN
2,181,485,NaN
2,181,486,NaN
2,181,487,NaN
2,181,488,NaN
2,181,489,NaN
2,181,490,NaN
2,181,491,NaN
2,181,492,NaN
2,181,493,NaN
2,181,494,NaN
2,181,495,NaN
2,181,496,NaN
2,181,497,NaN
2,181,498,NaN
2,181,499,NaN
2,181,500,NaN
2,181,501,NaN
2,181,502,NaN
2,181,503,NaN
2,181,504,NaN
2,181,505,NaN
2,181,506,NaN
2,181,507,NaN
2,181,508,NaN
2,181,509,NaN
2,181,510,NaN
2,181,511,NaN
2,181,512,NaN
2,181,513,NaN
2,181,514,NaN
2,181,515,NaN
2,181,516,NaN
2,181,517,NaN
2,181,518,NaN
2,181,519,NaN
2,181,520,NaN
2,181,521,NaN
2,181,522,NaN
2,181,523,NaN
2,181,524,NaN
2,181,525,NaN
2,181,526,NaN
2,181,527,NaN
2,181,528,NaN
2,181,529,NaN
2,181,530,NaN
2,181,531,NaN
2,181,532,NaN
2,181,533,NaN
2,181,534,NaN
2,181,535,NaN
2,181,536,NaN
2,181,537,NaN
2,181,538,NaN
2,181,539,NaN
2,181,540,NaN
2,181,541,NaN
2,181,542,NaN
2,181,543,NaN
2,181,544,NaN
2,181,545,NaN
2,181,546,NaN
2,181,547,NaN
2,181,548,NaN
2,181,549,NaN
2,181,550,NaN
2,181,551,NaN
2,181,552,NaN
2,181,553,NaN
2,181,554,NaN
2,181,555,NaN
2,181,556,NaN
2,181,557,NaN
2,181,558,NaN
2,181,559,NaN
2,181,560,NaN
2,181,561,NaN
2,181,562,NaN
2,181,563,NaN
2,181,564,NaN
2,181,565,NaN
2,181,566,NaN
2,181,567,NaN
2,181,568,NaN
2,181,569,NaN
2,181,570,NaN
2,181,571,NaN
2,181,572,NaN
2,181,573,NaN
2,181,574,NaN
2,181,575,NaN
2,181,576,NaN
2,181,577,NaN
2,181,578,NaN
2,181,579,NaN
2,181,580,NaN
2,181,581,NaN
2,181,582,NaN
2,181,583,NaN
2,181,584,NaN
2,181,585,NaN
2,181,586,NaN
2,181,587,NaN
2,181,588,NaN
2,181,589,NaN
2,181,590,NaN
2,181,591,NaN
2,181,592,NaN
2,181,593,NaN
2,181,594,NaN
2,181,595,NaN
2,181,596,NaN
2,181,597,NaN
2,181,598,NaN
2,181,599,NaN
2,40,0,0.06681152895303441
2,40,1,0.069316437566322511
2,40,2,0.071847252942519951
2,40,3,0.074403156757146538
2,40,4,0.076983324822659169
2,40,5,0.079586927412498065
2,40,6,0.082213129583429967
2,40,7,0.084861091496350932
2,40,8,0.087529968735690453
2,40,9,0.090218912627538367
2,40,10,0.092927070556598781
2,40,11,0.095653586282057404
2,40,12,0.098397600252433215
2,40,13,0.10115824991947116
2,40,14,0.10393467005111789
2,40,15,0.10672599304361065
2,40,16,0.10953134923269715
2,40,17,0.11234986720399362
2,40,18,0.11518067410247754
2,40,19,0.11802289594110221
2,40,20,0.12087565790851185
2,40,21,0.12373808467582709
2,40,22,0.12660930070246365
2,40,23,0.12948843054093995
2,40,24,0.132374599140622
2,40,25,0.13526693215034971
2,40,26,0.13816455621988163
2,40,27,0.14106659930009008
2,40,28,0.14397219094183547
2,40,29,0.14688046259344245
2,40,30,0.14979054789669796
2,40,31,0.15270158298128697
2,40,32,0.15561270675757832
2,40,33,0.15852306120767148
2,40,34,0.16143179167461008
2,40,35,0.16433804714966824
2,40,36,0.1672409805576115
2,40,37,0.1701397490398342
2,40,38,0.17303351423527177
2,40,39,0.1759214425589862
2,40,40,0.17880270547832194
2,40,41,0.18167647978652759
2,40,42,0.18454194787373845
2,40,43,0.18739829799521529
2,40,44,0.19024472453673291
2,40,45,0.1930804282770128
2,40,46,0.19590461664709385
2,40,47,0.19871650398653601
2,40,48,0.20151531179635046
2,40,49,0.20430026898855175
2,40,50,0.20707061213222797
2,40,51,0.20982558569602441
2,40,52,0.21256444228693858
2,40,53,0.21528644288532475
2,40,54,0.21799085707600724
2,40,55,0.22067696327540279
2,40,56,0.22334404895455512
2,40,57,0.22599141085798352
2,40,58,0.22861835521825222
2,40,59,0.23122419796616597
2,40,60,0.23380826493650134
2,40,61,0.23636989206918391
2,40,62,0.23890842560582373
2,40,63,0.24142322228152355
2,40,64,0.24391364951187761
2,40,65,0.24637908557507787
2,40,66,0.24881891978905199
2,40,67,0.25123255268355416
2,40,68,0.25361939616713669
2,40,69,0.25597887368893152
2,40,70,0.25831042039517116
2,40,71,0.26061348328038664
2,40,72,0.26288752133321658
2,40,73,0.26513200567676964
2,40,74,0.26734641970348072
2,40,75,0.26953025920441021
2,40,76,0.27168303249293213
2,40,77,0.27380426052276491
2,40,78,0.27589347700029898
2,40,79,0.27795022849118112
2,40,80,0.27997407452111489
2,40,81,0.28196458767084404
2,40,82,0.28392135366528565
2,40,83,0.28584397145678614
2,40,84,0.2877320533024727
2,40,85,0.289585224835681
2,40,86,0.29140312513143929
2,40,87,0.29318540676599458
2,40,88,0.29493173587037014
2,40,89,0.29664179217794573
2,40,90,0.2983152690660561
2,40,91,0.2999518735916088
2,40,92,0.30155131861379242
2,40,93,0.30311332774895861
2,40,94,0.30463764782538488
2,40,95,0.30612403961011619
2,40,96,0.30757227781650931
2,40,97,0.30898215110561972
2,40,98,0.31035346208146231
2,40,99,0.31168602728018524
2,40,100,0.31297967715319364
2,40,101,0.31423425604426852
2,40,102,0.31544962216072403
2,40,103,0.31662564753865335
2,40,104,0.31776221800231408
2,40,105,0.31885923311770903
2,40,106,0.31991660614041845
2,40,107,0.32093426395774644
2,40,108,0.3219121470252434
2,40,109,0.32285020929767277
2,40,110,0.32374841815449135
2,40,111,0.32460675431991498
2,40,112,0.32542521177764616
2,40,113,0.32620398258512423
2,40,114,0.32694366733308811
2,40,115,0.32764430994554744
2,40,116,0.32830596710404991
2,40,117,0.32892870814679914
2,40,118,0.32951261496249618
2,40,119,0.33005778187901841
2,40,120,0.33056431554705157
2,40,121,0.33103233481879091
2,40,122,0.3314619706218272
2,40,123,0.33185336582833752
2,40,124,0.33220667511969804
2,40,125,0.33252206484664038
2,40,126,0.3327997128850706
2,40,127,0.33303980848767545
2,40,128,0.33324255213143689
2,40,129,0.33340815536117935
2,40,130,0.33353684062927558
2,40,131,0.33362884113163588
2,40,132,0.3336844006401074
2,40,133,0.33370377333141177
2,40,134,0.33368722361274838
2,40,135,0.33363502594419209
2,40,136,0.33354746465801594
2,40,137,0.33342483377506682
2,40,138,0.33326743681832688
2,40,139,0.33307558662378872
2,40,140,0.33284960514877843
2,40,141,0.33258982327785463
2,40,142,0.3322965806264182
2,40,143,0.33197022534216125
2,40,144,0.33161111390448894
2,40,145,0.33121961092204411
2,40,146,0.33079608892846663
2,40,147,0.33034092817651867
2,40,148,0.32985451643070446
2,40,149,0.32933724875851789
2,40,150,0.32878952732044353
2,40,151,0.32821176115884354
2,40,152,0.32760436598585496
2,40,153,0.32696776397042832
2,40,154,0.32630238352463081
2,40,155,0.32560865908934089
2,40,156,0.32488703091945836
2,40,157,0.32413794486875308
2,40,158,0.32336185217447294
2,40,159,0.32255920924183357
2,40,160,0.32173047742850686
2,40,161,0.32087612282922662
2,40,162,0.31999661606062796
2,40,163,0.31909243204643256
2,40,164,0.31816404980309465
2,40,165,0.31721195222601661
2,40,166,0.31623662587644369
2,40,167,0.31523856076914375
2,40,168,0.31421825016097821
2,40,169,0.31317619034046518
2,40,170,0.31211288041843543
2,40,171,0.31102882211987987
2,40,172,0.30992451957708389
2,40,173,0.30880047912414194
2,40,174,0.30765720909294197
2,40,175,0.30649521961071158
2,40,176,0.30531502239920666
2,40,177,0.30411713057563006
2,40,178,0.30290205845535834
2,40,179,0.30167032135655436
2,40,180,0.30042243540674196
2,40,181,0.29915891735141309
2,40,182,0.29788028436473707
2,40,183,0.29658705386243928
2,40,184,0.29527974331691048
2,40,185,0.29395887007460775
2,40,186,0.292624951175805
2,40,187,0.29127850317674475
2,40,188,0.28992004197424426
2,40,189,0.28855008263280141
2,40,190,0.28716913921424669
2,40,191,0.28577772460997947
2,40,192,0.28437635037582909
2,40,193,0.28296552656957369
2,40,194,0.2815457615911463
2,40,195,0.28011756202555882
2,40,196,0.2786814324885652
2,40,197,0.27723787547508544
2,40,198,0.27578739121040741
2,40,199,0.27433047750418049
2,40,200,0.27286762960721034
2,40,201,0.27139934007106159
2,40,202,0.26992609861047184
2,40,203,0.26844839196857584
2,40,204,0.26696670378493642
2,40,205,0.26548151446637369
2,40,206,0.26399330106058172
2,40,207,0.26250253713251842
2,40,208,0.26100969264354912
2,40,209,0.25951523383332403
2,40,210,0.25801962310436172
2,40,211,0.25652331890931229
2,40,212,0.25502677564086729
2,40,213,0.25353044352428089
2,40,214,0.25203476851246276
2,40,215,0.25054019218360285
2,40,216,0.24904715164128105
2,40,217,0.24755607941701385
2,40,218,0.24606740337518804
2,40,219,0.24458154662032536
2,40,220,0.24309892740662381
2,40,221,0.24161995904971365
2,40,222,0.24014504984056817
2,40,223,0.23867460296150381
2,40,224,0.23720901640420342
2,40,225,0.23574868288969497
2,40,226,0.23429398979021451
2,40,227,0.23284531905288205
2,40,228,0.23140304712511719
2,40,229,0.22996754488172119
2,40,230,0.2285391775535483
2,40,231,0.22711830465769314
2,40,232,0.22570527992911674
2,40,233,0.22430045125363612
2,40,234,0.22290416060220161
2,40,235,0.22151674396638771
2,40,236,0.22013853129502334
2,40,237,0.21876984643188965
2,40,238,0.21741100705441552
2,40,239,0.21606232461330183
2,40,240,0.21472410427300995
2,40,241,0.21339664485305207
2,40,242,0.21208023877002469
2,40,243,0.21077517198033049
2,40,244,0.20948172392353881
2,40,245,0.20820016746633904
2,40,246,0.20693076884704736
2,40,247,0.2056737876206326
2,40,248,0.20442947660423352
2,40,249,0.20319808182314675
2,40,250,0.20197984245727071
2,40,251,0.2007749907880001
2,40,252,0.19958375214557303
2,40,253,0.19840634485687861
2,40,254,0.19724298019374722
2,40,255,0.19609386232174811
2,40,256,0.19495918824953404
2,40,257,0.19383914777877778
2,40,258,0.19273392345475865
2,40,259,0.19164369051766453
2,40,260,0.19056861685468601
2,40,261,0.18950886295299105
2,40,262,0.18846458185367382
2,40,263,0.18743591910678764
2,40,264,0.18642301272757708
2,40,265,0.18542599315403568
2,40,266,0.18444498320592562
2,40,267,0.18348009804540416
2,40,268,0.18253144513940917
2,40,269,0.18159912422396679
2,40,270,0.18068322727058903
2,40,271,0.17978383845493759
2,40,272,0.17890103412793587
2,40,273,0.1780348827895161
2,40,274,0.17718544506519296
2,40,275,0.17635277368565974
2,40,276,0.17553691346960296
2,40,277,0.17473790130993519
2,40,278,0.17395576616364536
2,40,279,0.17319052904546339
2,40,280,0.17244220302553645
2,40,281,0.17171079323130872
2,40,282,0.17099629685379258
2,40,283,0.17029870315841408
2,40,284,0.16961799350060655
2,40,285,0.1689541413463202
2,40,286,0.16830711229760412
2,40,287,0.16767686412340713
2,40,288,0.16706334679573195
2,40,289,0.16646650253126424
2,40,290,0.16588626583858354
2,40,291,0.16532256357104971
2,40,292,0.16477531498543957
2,40,293,0.16424443180639589
2,40,294,0.16372981829672992
2,40,295,0.16323137133360394
2,40,296,0.1627489804905986
2,40,297,0.16228252812565552
2,40,298,0.16183188947486229
2,40,299,0.16139693275203201
2,40,300,0.16097751925400786
2,40,301,0.1605735034716064
2,40,302,0.160184733206094
2,40,303,0.15981104969107268
2,40,304,0.15945228771963604
2,40,305,0.15910827577663578
2,40,306,0.15877883617588773
2,40,307,0.15846378520212739
2,40,308,0.15816293325751327
2,40,309,0.1578760850124617
2,40,310,0.15760303956058652
2,40,311,0.1573435905775043
2,40,312,0.15709752648325773
2,40,313,0.15686463060810107
2,40,314,0.15664468136138382
2,40,315,0.15643745240326465
2,40,316,0.15624271281898194
2,40,317,0.15606022729540517
2,40,318,0.1558897562995889
2,40,319,0.15573105625905173
2,40,320,0.15558387974350255
2,40,321,0.15544797564773929
2,40,322,0.1553230893754477
2,40,323,0.15520896302363291
2,40,324,0.15510533556742151
2,40,325,0.15501194304497831
2,40,326,0.15492851874228886
2,40,327,0.15485479337756744
2,40,328,0.15479049528505873
2,40,329,0.15473535059801072
2,40,330,0.15468908343060628
2,40,331,0.1546514160586516
2,40,332,0.15462206909883067
2,40,333,0.15460076168634526
2,40,334,0.15458721165077266
2,40,335,0.15458113568998308
2,40,336,0.15458224954197219
2,40,337,0.1545902681544746
2,40,338,0.15460490585223552
2,40,339,0.15462587650183021
2,40,340,0.15465289367393123
2,40,341,0.15468567080293466
2,40,342,0.15472392134386656
2,40,343,0.15476735892650295
2,40,344,0.15481569750664417
2,40,345,0.15486865151449622
2,40,346,0.15492593600011881
2,40,347,0.15498726677591029
2,40,348,0.15505236055610666
2,40,349,0.15512093509327954
2,40,350,0.15519270931182599
2,40,351,0.15526740343844911
2,40,352,0.15534473912963376
2,40,353,0.15542443959613003
2,40,354,0.15550622972445871
2,40,355,0.15558983619546066
2,40,356,0.15567498759991427
2,40,357,0.15576141455125062
2,40,358,0.15584884979539707
2,40,359,0.15593702831778541
2,40,360,0.15602568744756082
2,40,361,0.15611456695903164
2,40,362,0.15620340917040065
2,40,363,0.15629195903982029
2,40,364,0.15637996425881548
2,40,365,0.1564671753431171
2,40,366,0.15655334572095253
2,40,367,0.15663823181883518
2,40,368,0.15672159314490033
2,40,369,0.15680319236982918
2,40,370,0.1568827954054062
2,40,371,0.15696017148075217
2,40,372,0.15703509321627546
2,40,373,0.15710733669538204
2,40,374,0.15717668153398484
2,40,375,0.15724291094785134
2,40,376,0.15730581181782619
2,40,377,0.15736517475296619
2,40,378,0.15742079415162094
2,40,379,0.1574724682604938
2,40,380,0.15751999923171361
2,40,381,0.15756319317794876
2,40,382,0.15760186022559083
2,40,383,0.15763581456603626
2,40,384,0.15766487450509103
2,40,385,0.15768886251052217
2,40,386,NaN
2,40,387,NaN
2,40,388,NaN
2,40,389,NaN
2,40,390,NaN
2,40,391,NaN
2,40,392,NaN
2,40,393,NaN
2,40,394,NaN
2,40,395,NaN
2,40,396,NaN
2,40,397,NaN
2,40,398,NaN
2,40,399,NaN
2,40,400,NaN
2,40,401,NaN
2,40,402,NaN
2,40,403,NaN
2,40,404,NaN
2,40,405,NaN
2,40,406,NaN
2,40,407,NaN
2,40,408,NaN
2,40,409,NaN
2,40,410,NaN
2,40,411,NaN
2,40,412,NaN
2,40,413,NaN
2,40,414,NaN
2,40,415,NaN
2,40,416,NaN
2,40,417,NaN
2,40,418,NaN
2,40,419,NaN
2,40,420,NaN
2,40,421,NaN
2,40,422,NaN
2,40,423,NaN
2,40,424,NaN
2,40,425,NaN
2,40,426,NaN
2,40,427,NaN
2,40,428,NaN
2,40,429,NaN
2,40,430,NaN
2,40,431,NaN
2,40,432,NaN
2,40,433,NaN
2,40,434,NaN
2,40,435,NaN
2,40,436,NaN
2,40,437,NaN
2,40,438,NaN
2,40,439,NaN
2,40,440,NaN
2,40,441,NaN
2,40,442,NaN
2,40,443,NaN
2,40,444,NaN
2,40,445,NaN
2,40,446,NaN
2,40,447,NaN
2,40,448,NaN
2,40,449,NaN
2,40,450,NaN
2,40,451,NaN
2,40,452,NaN
2,40,453,NaN
2,40,454,NaN
2,40,455,NaN
2,40,456,NaN
2,40,457,NaN
2,40,458,NaN
2,40,459,NaN
2,40,460,NaN
2,40,461,NaN
2,40,462,NaN
2,40,463,NaN
2,40,464,NaN
2,40,465,NaN
2,40,466,NaN
2,40,467,NaN
2,40,468,NaN
2,40,469,NaN
2,40,470,NaN
2,40,471,NaN
2,40,472,NaN
2,40,473,NaN
2,40,474,NaN
2,40,475,NaN
2,40,476,NaN
2,40,477,NaN
2,40,478,NaN
2,40,479,NaN
2,40,480,NaN
2,40,481,NaN
2,40,482,NaN
2,40,483,NaN
2,40,484,NaN
2,40,485,NaN
2,40,486,NaN
2,40,487,NaN
2,40,488,NaN
2,40,489,NaN
2,40,490,NaN
2,40,491,NaN
2,40,492,NaN
2,40,493,NaN
2,40,494,NaN
2,40,495,NaN
2,40,496,NaN
2,40,497,NaN
2,40,498,NaN
2,40,499,NaN
2,40,500,NaN
2,40,501,NaN
2,40,502,NaN
2,40,503,NaN
2,40,504,NaN
2,40,505,NaN
2,40,506,NaN
2,40,507,NaN
2,40,508,NaN
2,40,509,NaN
2,40,510,NaN
2,40,511,NaN
2,40,512,NaN
2,40,513,NaN
2,40,514,NaN
2,40,515,NaN
2,40,516,NaN
2,40,517,NaN
2,40,518,NaN
2,40,519,NaN
2,40,520,NaN
2,40,521,NaN
2,40,522,NaN
2,40,523,NaN
2,40,524,NaN
2,40,525,NaN
2,40,526,NaN
2,40,527,NaN
2,40,528,NaN
2,40,529,NaN
2,40,530,NaN
2,40,531,NaN
2,40,532,NaN
2,40,533,NaN
2,40,534,NaN
2,40,535,NaN
2,40,536,NaN
2,40,537,NaN
2,40,538,NaN
2,40,539,NaN
2,40,540,NaN
2,40,541,NaN
2,40,542,NaN
2,40,543,NaN
2,40,544,NaN
2,40,545,NaN
2,40,546,NaN
2,40,547,NaN
2,40,548,NaN
2,40,549,NaN
2,40,550,NaN
2,40,551,NaN
2,40,552,NaN
2,40,553,NaN
2,40,554,NaN
2,40,555,NaN
2,40,556,NaN
2,40,557,NaN
2,40,558,NaN
2,40,559,NaN
2,40,560,NaN
2,40,561,NaN
2,40,562,NaN
2,40,563,NaN
2,40,564,NaN
2,40,565,NaN
2,40,566,NaN
2,40,567,NaN
2,40,568,NaN
2,40,569,NaN
2,40,570,NaN
2,40,571,NaN
2,40,572,NaN
2,40,573,NaN
2,40,574,NaN
2,40,575,NaN
2,40,576,NaN
2,40,577,NaN
2,40,578,NaN
2,40,579,NaN
2,40,580,NaN
2,40,581,NaN
2,40,582,NaN
2,40,583,NaN
2,40,584,NaN
2,40,585,NaN
2,40,586,NaN
2,40,587,NaN
2,40,588,NaN
2,40,589,NaN
2,40,590,NaN
2,40,591,NaN
2,40,592,NaN
2,40,593,NaN
2,40,594,NaN
2,40,595,NaN
2,40,596,NaN
2,40,597,NaN
2,40,598,NaN
2,40,599,NaN
