network,condition,target,rank,localTrial,globalTrial,success,pathRMS_M,moMs,endMs,endIndex,peakMs
1,1,1,1,3,3,1,0.00048499601499244182,59,292,293,212
1,1,1,2,23,23,1,0.00065036558617948166,55,312,313,203
1,1,1,3,26,26,1,0.00068396996971836202,63,300,301,206
1,1,1,4,6,6,1,0.00068496132498314184,59,347,348,204
1,1,1,5,8,8,1,0.0010812685945503725,58,320,321,202
1,1,1,6,28,28,1,0.0010920623005824612,64,350,351,211
1,1,1,7,12,12,1,0.0012272032165115767,61,342,343,201
1,1,1,8,21,21,1,0.0012937858580338686,53,342,343,195
1,1,1,9,22,22,1,0.0019809423818970256,56,336,337,198
1,1,1,10,9,9,1,0.0020192431206460669,60,286,287,207
1,1,1,11,29,29,1,0.0020694322102562785,57,284,285,205
1,1,1,12,16,16,1,0.0022578128581370737,60,328,329,202
1,1,1,13,20,20,1,0.0024093799249140435,52,299,300,192
1,1,1,14,10,10,1,0.0024349971119604148,54,308,309,198
1,1,1,15,18,18,1,0.0026487968319058928,48,294,295,188
1,1,1,16,30,30,1,0.0028736365792965822,63,308,309,209
1,1,1,17,4,4,1,0.0029743048339597854,58,292,293,205
1,1,1,18,15,15,1,0.0029949999824802321,50,270,271,195
1,1,1,19,19,19,1,0.0030011184451231359,52,258,259,208
1,1,1,20,7,7,1,0.0032085694838342805,50,306,307,189
1,1,1,21,25,25,1,0.0035808965092323868,61,357,358,203
1,1,1,22,13,13,1,0.0038537423876433045,55,283,284,211
1,1,1,23,1,1,1,0.0040160500268640051,53,291,292,202
1,1,1,24,2,2,1,0.0041498988805234362,58,280,281,204
1,1,1,25,5,5,1,0.0061469488879757521,54,312,313,197
1,1,1,26,11,11,1,0.009247292488409364,57,570,571,198
1,1,1,27,27,27,0,0.0058449142714166553,65,600,600,207
1,1,1,28,14,14,0,0.0063048852011387919,63,600,600,194
1,1,1,29,17,17,0,0.0081367222826021213,58,600,600,194
1,1,1,30,24,24,0,0.010798288989642853,58,600,600,191
1,1,2,1,6,36,1,0.00041627854456732181,58,315,316,203
1,1,2,2,25,55,1,0.00066438602863775015,61,319,320,207
1,1,2,3,13,43,1,0.00078923553242885751,56,321,322,199
1,1,2,4,14,44,1,0.0011486287466904602,53,306,307,196
1,1,2,5,23,53,1,0.0015397791644312534,55,319,320,202
1,1,2,6,2,32,1,0.0018849904385492674,60,319,320,206
1,1,2,7,17,47,1,0.0024963126599254174,54,315,316,199
1,1,2,8,3,33,1,0.0027023352770142567,61,321,322,205
1,1,2,9,11,41,1,0.0032403800428114863,59,322,323,204
1,1,2,10,9,39,1,0.003836340906480452,52,314,315,201
1,1,2,11,28,58,1,0.0039023043703110463,57,310,311,199
1,1,2,12,5,35,1,0.0039630063069812363,58,345,346,202
1,1,2,13,30,60,1,0.0044090956626167003,57,336,337,200
1,1,2,14,15,45,1,0.0048049150458208262,64,322,323,209
1,1,2,15,18,48,1,0.0048345569570562739,59,333,334,202
1,1,2,16,26,56,1,0.0049037563342981217,59,340,341,208
1,1,2,17,10,40,1,0.0051933470990447751,59,347,348,205
1,1,2,18,1,31,1,0.0057663227709674365,50,315,316,194
1,1,2,19,12,42,1,0.0058482941083069584,59,328,329,203
1,1,2,20,4,34,1,0.0066796605320814341,56,346,347,201
1,1,2,21,22,52,0,0.014698727071331212,53,600,600,196
1,1,2,22,20,50,0,0.015618092941043795,41,600,600,187
1,1,2,23,21,51,0,0.016953327836258778,52,600,600,193
1,1,2,24,7,37,0,0.017416564644175358,54,600,600,192
1,1,2,25,8,38,0,0.020440722490977854,59,600,600,201
1,1,2,26,16,46,0,0.024281158764403055,53,600,600,196
1,1,2,27,19,49,0,0.026668693030688091,61,600,600,210
1,1,2,28,24,54,0,0.032474897459248558,60,600,600,215
1,1,2,29,29,59,0,0.03512547031615746,56,600,600,209
1,1,2,30,27,57,0,0.038287662894392886,62,600,600,217
1,1,3,1,7,67,1,0.00088959363947668519,60,308,309,210
1,1,3,2,10,70,1,0.0010058320261036515,61,314,315,204
1,1,3,3,29,89,1,0.0012977372653748172,58,300,301,204
1,1,3,4,14,74,1,0.0013948079645230687,69,327,328,218
1,1,3,5,26,86,1,0.001537090488687131,61,305,306,211
1,1,3,6,22,82,1,0.0016629263429534921,61,392,393,206
1,1,3,7,24,84,1,0.0018964656064650626,63,285,286,215
1,1,3,8,25,85,1,0.0019899096061284094,65,338,339,208
1,1,3,9,12,72,1,0.0020235508767923495,59,320,321,209
1,1,3,10,15,75,1,0.0022504354010955789,59,294,295,215
1,1,3,11,2,62,1,0.0025133395416965542,58,289,290,208
1,1,3,12,19,79,1,0.0026361451607393675,78,350,351,221
1,1,3,13,13,73,1,0.0028088981888551336,61,320,321,212
1,1,3,14,8,68,1,0.0029885834490749707,59,298,299,210
1,1,3,15,28,88,1,0.0030762849130753704,60,328,329,211
1,1,3,16,17,77,1,0.0032607969319193748,67,326,327,215
1,1,3,17,21,81,1,0.0034232770779555888,55,303,304,200
1,1,3,18,30,90,1,0.0040376719729169185,65,371,372,212
1,1,3,19,9,69,1,0.0069001738813428502,75,336,337,224
1,1,3,20,11,71,1,0.0071597182509982524,54,345,346,200
1,1,3,21,27,87,1,0.0086718824016843495,56,292,293,207
1,1,3,22,18,78,0,0.0058550765044923271,52,600,600,198
1,1,3,23,16,76,0,0.011655535915381788,61,600,600,204
1,1,3,24,6,66,0,0.013626756833853351,52,600,600,190
1,1,3,25,3,63,0,0.015185847865910618,54,600,600,202
1,1,3,26,1,61,0,0.019972621362912061,55,600,600,197
1,1,3,27,4,64,0,0.022070047468066716,57,600,600,195
1,1,3,28,20,80,0,0.024259020306425478,62,600,600,220
1,1,3,29,5,65,0,0.024821739108254075,56,600,600,210
1,1,3,30,23,83,0,0.030513677800455545,50,600,600,193
1,1,4,1,27,117,1,0.0003131291081111891,56,290,291,210
1,1,4,2,8,98,1,0.00058619465476587678,52,279,280,205
1,1,4,3,16,106,1,0.0006043323530758244,57,286,287,203
1,1,4,4,10,100,1,0.00064311583907817682,60,310,311,209
1,1,4,5,17,107,1,0.00067688584195480135,56,362,363,199
1,1,4,6,9,99,1,0.00087960579051149816,52,330,331,204
1,1,4,7,6,96,1,0.0009225999918429207,52,319,320,196
1,1,4,8,7,97,1,0.0011138888421644549,55,267,268,199
1,1,4,9,2,92,1,0.0011664861248963246,54,312,313,204
1,1,4,10,30,120,1,0.0012052154573209675,65,346,347,211
1,1,4,11,24,114,1,0.001299556450727552,61,342,343,208
1,1,4,12,23,113,1,0.0014295007038342008,68,309,310,223
1,1,4,13,14,104,1,0.001584483122261531,47,254,255,205
1,1,4,14,13,103,1,0.0017113087484929097,51,352,353,196
1,1,4,15,21,111,1,0.0019356865444713942,55,336,337,199
1,1,4,16,15,105,1,0.00286720541692689,48,268,269,196
1,1,4,17,22,112,1,0.0030869212115453614,60,322,323,211
1,1,4,18,20,110,1,0.0033577758691663629,49,296,297,194
1,1,4,19,19,109,1,0.0034300163013359932,58,323,324,202
1,1,4,20,28,118,1,0.0043974367177765797,54,307,308,196
1,1,4,21,11,101,1,0.004903967936858736,64,324,325,213
1,1,4,22,26,116,0,0.001391334258468958,62,600,600,198
1,1,4,23,4,94,0,0.0052216481953828199,50,600,600,186
1,1,4,24,18,108,0,0.0052992465337243543,58,600,600,197
1,1,4,25,12,102,0,0.0065267704256377589,50,600,600,193
1,1,4,26,1,91,0,0.0079444413981002767,61,600,600,194
1,1,4,27,5,95,0,0.0087549631515153013,57,600,600,197
1,1,4,28,3,93,0,0.0094839045078545011,55,600,600,190
1,1,4,29,29,119,0,0.011308254356042075,56,600,600,193
1,1,4,30,25,115,0,0.015222310972109318,50,600,600,191
1,1,5,1,20,140,1,0.00046876997383743177,52,279,280,201
1,1,5,2,9,129,1,0.0007078254903111615,58,348,349,201
1,1,5,3,11,131,1,0.0011248070599490889,55,278,279,211
1,1,5,4,24,144,1,0.0011777124725119016,52,291,292,207
1,1,5,5,16,136,1,0.0012227561977863105,50,276,277,199
1,1,5,6,7,127,1,0.0015324746024840494,55,299,300,200
1,1,5,7,1,121,1,0.0015392862109224273,54,297,298,196
1,1,5,8,14,134,1,0.0015784328259309764,61,296,297,211
1,1,5,9,29,149,1,0.0020251091992672982,51,371,372,197
1,1,5,10,5,125,1,0.0020279882466590865,64,336,337,206
1,1,5,11,26,146,1,0.0020969030632953896,52,284,285,209
1,1,5,12,27,147,1,0.0023517931302217587,58,305,306,207
1,1,5,13,3,123,1,0.0026277255784762565,51,300,301,200
1,1,5,14,28,148,1,0.0029359367740875129,58,283,284,210
1,1,5,15,22,142,1,0.0031437135331502429,44,287,288,191
1,1,5,16,10,130,1,0.0035004795637018659,48,255,256,195
1,1,5,17,6,126,1,0.0039276374172070062,56,278,279,197
1,1,5,18,25,145,1,0.0044265845140675107,50,262,263,201
1,1,5,19,2,122,1,0.0056232989335225497,49,261,262,201
1,1,5,20,15,135,0,0.00057693121038948647,57,600,600,198
1,1,5,21,12,132,0,0.00098395612296371107,57,600,600,196
1,1,5,22,21,141,0,0.0091139751652909197,67,600,600,210
1,1,5,23,18,138,0,0.011008349742843036,56,600,600,194
1,1,5,24,8,128,0,0.012457233683935511,56,600,600,193
1,1,5,25,23,143,0,0.013253268849899306,60,600,600,200
1,1,5,26,4,124,0,0.01332100695015816,68,600,600,197
1,1,5,27,19,139,0,0.014031404620903539,54,600,600,191
1,1,5,28,30,150,0,0.015515472309148513,57,600,600,194
1,1,5,29,17,137,0,0.017798641769427487,51,600,600,199
1,1,5,30,13,133,0,0.020901571211309117,62,600,600,208
1,1,6,1,20,170,1,0.00087821489438282615,58,313,314,201
1,1,6,2,18,168,1,0.0013004853342110064,54,306,307,207
1,1,6,3,23,173,1,0.0015871445554508389,53,358,359,201
1,1,6,4,30,180,1,0.0019067896219970191,57,354,355,199
1,1,6,5,14,164,1,0.0021431028246427213,54,372,373,203
1,1,6,6,9,159,1,0.0029176521413220658,59,370,371,201
1,1,6,7,6,156,1,0.0033101364274115211,59,360,361,206
1,1,6,8,28,178,1,0.0040653490437484513,55,348,349,202
1,1,6,9,27,177,1,0.0043169674810515906,54,326,327,201
1,1,6,10,21,171,1,0.0043979197533887673,54,294,295,202
1,1,6,11,2,152,1,0.0051127552057896606,56,311,312,206
1,1,6,12,3,153,1,0.006217186500633097,56,360,361,202
1,1,6,13,26,176,1,0.0064652355376415846,57,382,383,208
1,1,6,14,29,179,1,0.0080607283520299985,58,336,337,205
1,1,6,15,17,167,1,0.0084304964496492805,61,358,359,216
1,1,6,16,11,161,0,0.0028392999486686276,57,600,600,200
1,1,6,17,1,151,0,0.0047849804234380176,54,600,600,198
1,1,6,18,12,162,0,0.0053724923443961006,53,600,600,192
1,1,6,19,19,169,0,0.0061670566011999628,51,600,600,193
1,1,6,20,25,175,0,0.0075671791809876288,51,600,600,192
1,1,6,21,10,160,0,0.011741310885080866,55,600,600,202
1,1,6,22,4,154,0,0.014480079824649893,51,600,600,192
1,1,6,23,13,163,0,0.015263473852940957,57,600,600,204
1,1,6,24,7,157,0,0.016498026820999562,54,600,600,201
1,1,6,25,15,165,0,0.017086478366968014,52,600,600,194
1,1,6,26,5,155,0,0.0179865321272186,57,600,600,204
1,1,6,27,22,172,0,0.018562554106563395,54,600,600,193
1,1,6,28,16,166,0,0.022607573237985758,55,600,600,206
1,1,6,29,24,174,0,0.023301747062766078,53,600,600,192
1,1,6,30,8,158,0,0.023707302416587393,48,600,600,199
1,1,7,1,8,188,1,0.00033888876968277658,55,323,324,201
1,1,7,2,15,195,1,0.0005381666234609585,52,316,317,198
1,1,7,3,24,204,1,0.00075515978587046358,56,313,314,204
1,1,7,4,18,198,1,0.00086916370372731085,57,308,309,200
1,1,7,5,1,181,1,0.0014146783730999732,62,349,350,204
1,1,7,6,11,191,1,0.0016970042935304114,55,317,318,202
1,1,7,7,19,199,1,0.0017227172346866294,61,339,340,206
1,1,7,8,23,203,1,0.0017381145631647972,55,328,329,196
1,1,7,9,5,185,1,0.0019051347036475479,58,304,305,207
1,1,7,10,16,196,1,0.0022671585267335865,55,325,326,199
1,1,7,11,14,194,1,0.0022750301510654366,52,341,342,197
1,1,7,12,3,183,1,0.0023613382079592277,61,313,314,207
1,1,7,13,22,202,1,0.002738146903790479,54,316,317,198
1,1,7,14,12,192,1,0.004457984832232316,50,320,321,199
1,1,7,15,26,206,1,0.0056571242012500578,54,301,302,203
1,1,7,16,21,201,1,0.0082385924541017053,48,365,366,192
1,1,7,17,30,210,1,0.011520314527682185,47,362,363,188
1,1,7,18,29,209,1,0.014044825908511187,55,446,447,203
1,1,7,19,13,193,1,0.01722711774214886,48,519,520,187
1,1,7,20,9,189,0,0.0093162395613047705,59,600,600,197
1,1,7,21,7,187,0,0.012562871876368618,49,600,600,190
1,1,7,22,6,186,0,0.015884987617324632,61,600,600,198
1,1,7,23,27,207,0,0.017140894688590484,52,600,600,196
1,1,7,24,4,184,0,0.022242859629949176,61,600,600,206
1,1,7,25,20,200,0,0.022366251899454338,57,600,600,209
1,1,7,26,25,205,0,0.025713549630809639,58,600,600,208
1,1,7,27,28,208,0,0.02765544172672961,57,600,600,208
1,1,7,28,2,182,0,0.027968325396095426,60,600,600,207
1,1,7,29,17,197,0,0.0292482400747896,56,600,600,200
1,1,7,30,10,190,0,0.030895928117436303,59,600,600,212
1,1,8,1,2,212,1,0.00047915145135649491,47,313,314,189
1,1,8,2,19,229,1,0.00082028740575126912,60,316,317,198
1,1,8,3,16,226,1,0.00093296473631360188,54,339,340,195
1,1,8,4,18,228,1,0.001207400137853036,60,331,332,205
1,1,8,5,17,227,1,0.0012915462362497205,57,326,327,202
1,1,8,6,13,223,1,0.0013371619108911374,61,329,330,204
1,1,8,7,8,218,1,0.0014188298533863468,53,317,318,195
1,1,8,8,24,234,1,0.0015774981932325791,48,333,334,194
1,1,8,9,7,217,1,0.0016779346681831003,53,318,319,195
1,1,8,10,6,216,1,0.0019004656115439674,53,330,331,198
1,1,8,11,14,224,1,0.0021911527217159596,49,303,304,190
1,1,8,12,11,221,1,0.0023365465830228315,47,333,334,180
1,1,8,13,21,231,1,0.0023570252003770414,55,357,358,195
1,1,8,14,20,230,1,0.0027667377777945506,55,297,298,201
1,1,8,15,1,211,1,0.0029700039675492431,56,315,316,197
1,1,8,16,4,214,1,0.0030423633075219014,51,337,338,193
1,1,8,17,12,222,1,0.0038273847859702603,69,356,357,210
1,1,8,18,9,219,1,0.0042129880966294189,59,292,293,208
1,1,8,19,3,213,1,0.0043720681301557367,47,327,328,193
1,1,8,20,29,239,1,0.0044492733879083557,56,357,358,197
1,1,8,21,27,237,1,0.0047615664537163024,54,283,284,195
1,1,8,22,28,238,1,0.005085874889346453,54,289,290,198
1,1,8,23,15,225,1,0.0053661184150730198,52,302,303,197
1,1,8,24,25,235,1,0.0060754854248874276,53,355,356,198
1,1,8,25,5,215,1,0.0066125548414587565,51,322,323,199
1,1,8,26,26,236,0,0.0090299992258878262,57,600,600,196
1,1,8,27,30,240,0,0.01118708178915637,57,600,600,195
1,1,8,28,10,220,0,0.011526847268974837,58,600,600,198
1,1,8,29,22,232,0,0.01903500487133299,45,600,600,195
1,1,8,30,23,233,0,0.020007565382429524,60,600,600,197
2,1,1,1,9,9,1,0.00030232862573948191,60,367,368,203
2,1,1,2,7,7,1,0.00050265154957311988,51,298,299,197
2,1,1,3,12,12,1,0.00053010004232045848,63,328,329,210
2,1,1,4,25,25,1,0.00053811113099716101,54,283,284,200
2,1,1,5,23,23,1,0.00088061778960081289,57,305,306,205
2,1,1,6,30,30,1,0.0011469515058418556,57,304,305,198
2,1,1,7,3,3,1,0.0011483797142744837,51,294,295,196
2,1,1,8,17,17,1,0.0013885243324811354,55,372,373,193
2,1,1,9,4,4,1,0.0014839510403397425,57,276,277,211
2,1,1,10,22,22,1,0.0018145739449039429,62,321,322,207
2,1,1,11,18,18,1,0.001821363677342797,50,276,277,196
2,1,1,12,11,11,1,0.0018336561185341785,53,295,296,194
2,1,1,13,1,1,1,0.0022570719195364863,60,375,376,198
2,1,1,14,6,6,1,0.0023524243024272882,53,340,341,200
2,1,1,15,16,16,1,0.0026100415397568,50,281,282,199
2,1,1,16,13,13,1,0.0030116654454726273,57,274,275,200
2,1,1,17,26,26,1,0.0032254986927207985,57,333,334,202
2,1,1,18,14,14,1,0.0036044972687990736,56,277,278,206
2,1,1,19,19,19,1,0.0036289575759805908,56,281,282,199
2,1,1,20,5,5,1,0.0036538234945774277,51,293,294,198
2,1,1,21,28,28,1,0.0047223671724715499,56,287,288,204
2,1,1,22,2,2,1,0.0051279814701033358,48,263,264,203
2,1,1,23,10,10,0,0.0011289550292349544,61,600,600,198
2,1,1,24,21,21,0,0.002436946670595548,55,600,600,193
2,1,1,25,27,27,0,0.0045036267771503512,53,600,600,188
2,1,1,26,15,15,0,0.006313409352978464,64,600,600,198
2,1,1,27,8,8,0,0.0073875064021320779,55,600,600,192
2,1,1,28,29,29,0,0.0091447735551216588,59,600,600,201
2,1,1,29,24,24,0,0.011245692275148938,53,600,600,192
2,1,1,30,20,20,0,0.014967096044884902,61,600,600,197
2,1,2,1,4,34,1,0.00055932593081994223,55,337,338,198
2,1,2,2,17,47,1,0.00097600316654008351,53,329,330,194
2,1,2,3,26,56,1,0.0012454350737192493,55,310,311,197
2,1,2,4,30,60,1,0.0013181029381423859,57,318,319,201
2,1,2,5,23,53,1,0.0014552204459745029,52,310,311,197
2,1,2,6,14,44,1,0.0016547890117667319,58,334,335,203
2,1,2,7,5,35,1,0.0017957025660355157,51,303,304,197
2,1,2,8,11,41,1,0.002100251859706811,57,382,383,196
2,1,2,9,25,55,1,0.002162658499854136,59,321,322,202
2,1,2,10,15,45,1,0.0028076593826396523,59,327,328,202
2,1,2,11,27,57,1,0.0029348821855726252,58,313,314,199
2,1,2,12,16,46,1,0.0032854546819817087,54,307,308,197
2,1,2,13,1,31,1,0.0033108867278750361,56,315,316,203
2,1,2,14,9,39,1,0.0034816672013743468,57,328,329,200
2,1,2,15,12,42,1,0.0037471978991185559,53,320,321,199
2,1,2,16,8,38,1,0.0038025469730294452,59,352,353,198
2,1,2,17,10,40,1,0.0042023120454269284,59,324,325,202
2,1,2,18,20,50,1,0.0042168199887630429,57,323,324,201
2,1,2,19,24,54,1,0.0044274100782331948,58,332,333,201
2,1,2,20,7,37,1,0.0051528055293335265,59,336,337,200
2,1,2,21,3,33,1,0.0060110581976069071,53,331,332,198
2,1,2,22,22,52,1,0.0061784217273596195,51,320,321,193
2,1,2,23,18,48,1,0.0063632629618086706,56,360,361,201
2,1,2,24,2,32,1,0.0075937227267494425,56,382,383,203
2,1,2,25,6,36,1,0.0081365400987768125,56,350,351,203
2,1,2,26,13,43,0,0.013625855449049332,51,600,600,190
2,1,2,27,19,49,0,0.016141742718786392,57,600,600,205
2,1,2,28,21,51,0,0.021711748636426838,51,600,600,189
2,1,2,29,29,59,0,0.023854837252217861,53,600,600,192
2,1,2,30,28,58,0,0.02802716420705946,57,600,600,211
2,1,3,1,28,88,1,0.00097717129061610473,57,324,325,204
2,1,3,2,26,86,1,0.00098000143748005033,54,289,290,214
2,1,3,3,23,83,1,0.0014609349726908934,56,302,303,210
2,1,3,4,2,62,1,0.0014786984503925235,57,325,326,201
2,1,3,5,20,80,1,0.0016127814544184044,53,319,320,202
2,1,3,6,13,73,1,0.0016621885888765708,50,295,296,199
2,1,3,7,21,81,1,0.0018577824203463665,54,305,306,205
2,1,3,8,19,79,1,0.0020723819818502555,56,311,312,208
2,1,3,9,17,77,1,0.0021183447765507177,55,380,381,205
2,1,3,10,18,78,1,0.0022271781595387097,55,358,359,200
2,1,3,11,1,61,1,0.002351363518658561,54,375,376,201
2,1,3,12,25,85,1,0.0026360239211774277,58,341,342,207
2,1,3,13,24,84,1,0.0026362612655697832,57,313,314,210
2,1,3,14,4,64,1,0.0029548415922389668,57,325,326,203
2,1,3,15,15,75,1,0.003152247240221776,57,298,299,209
2,1,3,16,3,63,1,0.0036950607014037758,50,328,329,196
2,1,3,17,11,71,1,0.0038026330749244951,55,280,281,209
2,1,3,18,29,89,1,0.0039173991634018357,51,300,301,197
2,1,3,19,12,72,1,0.0040370202751129928,56,348,349,206
2,1,3,20,10,70,1,0.0041314926859323245,51,307,308,208
2,1,3,21,16,76,1,0.0043885348268535036,54,338,339,204
2,1,3,22,22,82,1,0.0058944122040063439,49,316,317,200
2,1,3,23,30,90,1,0.0060014931078931104,52,325,326,204
2,1,3,24,27,87,1,0.0079850156988668947,56,311,312,209
2,1,3,25,6,66,0,0.0091426457171584,51,600,600,192
2,1,3,26,9,69,0,0.014690653211542238,54,600,600,207
2,1,3,27,8,68,0,0.015648999294859942,51,600,600,198
2,1,3,28,14,74,0,0.016388713170914431,50,600,600,202
2,1,3,29,5,65,0,0.017794434315571747,54,600,600,198
2,1,3,30,7,67,0,0.028010054081502343,56,600,600,207
2,1,4,1,1,91,1,0.0003357782299701612,47,319,320,192
2,1,4,2,23,113,1,0.00041774706792865543,51,425,426,193
2,1,4,3,22,112,1,0.00050935614295054775,53,338,339,191
2,1,4,4,12,102,1,0.00056865308190921261,57,288,289,204
2,1,4,5,2,92,1,0.00069006260086974108,62,337,338,208
2,1,4,6,27,117,1,0.00082284971362802154,56,278,279,200
2,1,4,7,11,101,1,0.00086089991855059478,65,301,302,216
2,1,4,8,21,111,1,0.0010752697891405966,58,288,289,203
2,1,4,9,14,104,1,0.0010864364693387778,62,326,327,203
2,1,4,10,29,119,1,0.0011923222168671345,53,284,285,208
2,1,4,11,17,107,1,0.0013885112927204874,66,476,477,204
2,1,4,12,24,114,1,0.0017220905578421662,50,383,384,192
2,1,4,13,10,100,1,0.0021672697801200106,55,332,333,200
2,1,4,14,15,105,1,0.0025079532143225348,67,387,388,208
2,1,4,15,7,97,1,0.0026433059643910252,46,332,333,199
2,1,4,16,20,110,1,0.0035665591145645765,63,366,367,210
2,1,4,17,4,94,1,0.0041377730354407892,53,343,344,197
2,1,4,18,26,116,1,0.0043300480872423934,57,311,312,201
2,1,4,19,6,96,1,0.0046521827252409519,54,296,297,199
2,1,4,20,16,106,1,0.0065303123483321989,59,374,375,202
2,1,4,21,9,99,0,0.00050442994310136971,66,600,600,199
2,1,4,22,30,120,0,0.0014906937634908864,69,600,600,208
2,1,4,23,19,109,0,0.0015576221986219137,61,600,600,194
2,1,4,24,13,103,0,0.0016304291448981235,47,600,600,183
2,1,4,25,8,98,0,0.0034936815633790546,64,600,600,194
2,1,4,26,18,108,0,0.0039594855237909789,60,600,600,197
2,1,4,27,25,115,0,0.0042488118775838137,65,600,600,199
2,1,4,28,5,95,0,0.0068643108459833626,63,600,600,192
2,1,4,29,28,118,0,0.0083300056611107284,59,600,600,200
2,1,4,30,3,93,0,0.01886457358011558,56,600,600,198
2,1,5,1,12,132,1,0.00027956678139317827,53,358,359,194
2,1,5,2,28,148,1,0.00035607182350600819,51,280,281,199
2,1,5,3,6,126,1,0.00099489393320219125,53,290,291,197
2,1,5,4,3,123,1,0.0010631133423809845,46,302,303,187
2,1,5,5,19,139,1,0.0010925565046809348,53,307,308,198
2,1,5,6,11,131,1,0.0013965244957296222,43,433,434,184
2,1,5,7,5,125,1,0.0014695659359349586,54,295,296,202
2,1,5,8,10,130,1,0.0020858748795440003,46,269,270,198
2,1,5,9,13,133,1,0.0025384103808940434,54,303,304,198
2,1,5,10,27,147,1,0.0025719855784668046,53,325,326,193
2,1,5,11,1,121,1,0.0030068385194241295,54,313,314,196
2,1,5,12,24,144,1,0.0030929610516200407,57,316,317,204
2,1,5,13,14,134,1,0.0032197056492360523,59,376,377,193
2,1,5,14,8,128,1,0.0035081351637340735,53,277,278,200
2,1,5,15,30,150,1,0.0038886308437417823,54,389,390,203
2,1,5,16,17,137,1,0.0041026266209410987,51,281,282,198
2,1,5,17,25,145,1,0.0044003133443444638,54,384,385,199
2,1,5,18,2,122,1,0.0044783050551277228,60,452,453,200
2,1,5,19,20,140,1,0.0053987769981468673,55,394,395,198
2,1,5,20,22,142,1,0.00608319358751602,52,293,294,200
2,1,5,21,9,129,1,0.006483817244026524,46,344,345,190
2,1,5,22,18,138,1,0.0067783544044254873,53,406,407,195
2,1,5,23,7,127,0,0.0025018776806472309,51,600,600,190
2,1,5,24,4,124,0,0.0052589186115332967,54,600,600,189
2,1,5,25,16,136,0,0.0055309983141982834,62,600,600,194
2,1,5,26,26,146,0,0.0071713725778958333,52,600,600,189
2,1,5,27,15,135,0,0.0079065997195073186,59,600,600,206
2,1,5,28,23,143,0,0.0091858854310862062,62,600,600,200
2,1,5,29,29,149,0,0.0096421270499683215,55,600,600,189
2,1,5,30,21,141,0,0.018324659142184861,52,600,600,198
2,1,6,1,26,176,1,0.00047681562503007198,55,323,324,206
2,1,6,2,21,171,1,0.0006330436141266893,53,290,291,200
2,1,6,3,27,177,1,0.0011487447298039442,55,327,328,201
2,1,6,4,30,180,1,0.0015331044420447792,54,328,329,203
2,1,6,5,24,174,1,0.0018038145754979194,53,314,315,195
2,1,6,6,7,157,1,0.0021136870527908853,55,306,307,202
2,1,6,7,28,178,1,0.0022215372312244051,54,514,515,198
2,1,6,8,11,161,1,0.0023796605644219562,52,325,326,202
2,1,6,9,13,163,1,0.0023969268150289633,48,302,303,197
2,1,6,10,5,155,1,0.0024204854717354103,46,324,325,192
2,1,6,11,10,160,1,0.002491185125975117,57,314,315,207
2,1,6,12,19,169,1,0.0027066865054480062,50,296,297,196
2,1,6,13,23,173,1,0.0032832747802982037,56,343,344,201
2,1,6,14,20,170,1,0.004054872611121042,53,310,311,203
2,1,6,15,22,172,1,0.0042525186066318171,54,344,345,201
2,1,6,16,4,154,1,0.0048291119520187942,55,311,312,202
2,1,6,17,17,167,1,0.0055623122462477399,51,376,377,193
2,1,6,18,1,151,1,0.0060738874708617446,56,327,328,205
2,1,6,19,6,156,1,0.0062089746497542208,55,299,300,202
2,1,6,20,16,166,0,0.0083609722725456765,52,600,600,198
2,1,6,21,18,168,0,0.0083820991065568819,52,600,600,194
2,1,6,22,9,159,0,0.0095904352881313777,54,600,600,200
2,1,6,23,8,158,0,0.010240866117260931,61,600,600,208
2,1,6,24,14,164,0,0.011109111996545434,52,600,600,196
2,1,6,25,12,162,0,0.013035396462238398,51,600,600,194
2,1,6,26,2,152,0,0.018332813042791902,55,600,600,205
2,1,6,27,15,165,0,0.019178121955558854,54,600,600,200
2,1,6,28,3,153,0,0.020183529260614196,57,600,600,205
2,1,6,29,29,179,0,0.031134432823498568,46,600,600,196
2,1,6,30,25,175,0,0.033818274896098476,50,600,600,202
2,1,7,1,11,191,1,0.00023975299286633904,58,307,308,202
2,1,7,2,22,202,1,0.00077812230136011873,54,316,317,198
2,1,7,3,1,181,1,0.0010773847144710613,59,331,332,205
2,1,7,4,25,205,1,0.0013231557531641507,50,316,317,197
2,1,7,5,30,210,1,0.0015498955403785263,58,348,349,200
2,1,7,6,21,201,1,0.0019501195533749339,57,311,312,203
2,1,7,7,13,193,1,0.0019803212235633976,63,318,319,210
2,1,7,8,26,206,1,0.0020556807226307081,60,345,346,199
2,1,7,9,9,189,1,0.0028016590471122522,62,365,366,205
2,1,7,10,20,200,1,0.0028075692203715042,60,354,355,199
2,1,7,11,8,188,1,0.0029109920978819285,53,295,296,198
2,1,7,12,23,203,1,0.0030616353088493992,64,332,333,210
2,1,7,13,29,209,1,0.0030857659915188864,60,336,337,202
2,1,7,14,3,183,1,0.0031644204021806835,59,347,348,199
2,1,7,15,17,197,1,0.0032959642345959834,54,328,329,198
2,1,7,16,28,208,1,0.0043713555914680615,60,342,343,202
2,1,7,17,6,186,1,0.0049353003780109308,58,319,320,207
2,1,7,18,19,199,1,0.0068106816327016583,56,316,317,199
2,1,7,19,18,198,1,0.0076292996737225127,55,361,362,199
2,1,7,20,5,185,1,0.016392198149145665,55,506,507,194
2,1,7,21,15,195,0,0.0054436582987151426,66,600,600,200
2,1,7,22,10,190,0,0.0073711950483288163,59,600,600,202
2,1,7,23,7,187,0,0.016472408206476944,59,600,600,207
2,1,7,24,14,194,0,0.018013741218921252,58,600,600,209
2,1,7,25,27,207,0,0.018835873389424669,55,600,600,203
2,1,7,26,12,192,0,0.020639833955666223,48,600,600,190
2,1,7,27,4,184,0,0.022050395413640865,60,600,600,204
2,1,7,28,16,196,0,0.026147230324288777,58,600,600,200
2,1,7,29,2,182,0,0.038065215136300741,67,600,600,221
2,1,7,30,24,204,0,0.042236793463897436,61,600,600,217
2,1,8,1,3,213,1,0.00065793707159875539,53,320,321,190
2,1,8,2,4,214,1,0.00076987747478619222,59,334,335,201
2,1,8,3,5,215,1,0.0012402178049864337,54,301,302,191
2,1,8,4,8,218,1,0.0012541160091516738,52,299,300,200
2,1,8,5,25,235,1,0.0013435588298133362,55,307,308,196
2,1,8,6,15,225,1,0.0018010219585566328,67,362,363,208
2,1,8,7,1,211,1,0.0018806955075885859,47,283,284,195
2,1,8,8,16,226,1,0.0019292280365805889,54,384,385,191
2,1,8,9,20,230,1,0.0022440245423712198,58,332,333,202
2,1,8,10,9,219,1,0.002339354758691238,54,325,326,200
2,1,8,11,17,227,1,0.0024702745924029164,49,308,309,198
2,1,8,12,10,220,1,0.0027101575717801683,63,371,372,203
2,1,8,13,2,212,1,0.003156214662699071,54,365,366,190
2,1,8,14,6,216,1,0.0034101345211154212,60,346,347,201
2,1,8,15,19,229,1,0.0034863726867822228,48,298,299,191
2,1,8,16,29,239,1,0.003692241438499715,55,356,357,197
2,1,8,17,22,232,1,0.0038631872310277257,56,308,309,197
2,1,8,18,27,237,1,0.0038654037919398448,61,312,313,202
2,1,8,19,30,240,1,0.0039789733755062695,54,302,303,195
2,1,8,20,23,233,1,0.0043803185759883441,60,314,315,202
2,1,8,21,11,221,1,0.0052845851726304608,52,311,312,197
2,1,8,22,26,236,1,0.0053903919759583311,52,311,312,194
2,1,8,23,7,217,0,0.0040544106611419021,61,600,600,200
2,1,8,24,14,224,0,0.0081878866438313373,56,600,600,196
2,1,8,25,21,231,0,0.010636619687615926,60,600,600,202
2,1,8,26,13,223,0,0.011957139496260672,61,600,600,200
2,1,8,27,28,238,0,0.013268218053563288,55,600,600,197
2,1,8,28,24,234,0,0.013463024319482065,57,600,600,193
2,1,8,29,12,222,0,0.015728785311475708,66,600,600,204
2,1,8,30,18,228,0,0.027312329350667474,49,600,600,196
3,1,1,1,12,12,1,0.00015376028309381932,57,299,300,206
3,1,1,2,3,3,1,0.00044761348692206015,59,328,329,203
3,1,1,3,15,15,1,0.00066905482664693383,60,294,295,205
3,1,1,4,20,20,1,0.00088953015851452608,56,284,285,205
3,1,1,5,25,25,1,0.0013796421750838497,50,352,353,192
3,1,1,6,6,6,1,0.0015250992344625603,64,330,331,207
3,1,1,7,14,14,1,0.0015318214743915847,53,315,316,201
3,1,1,8,5,5,1,0.0015396122059706276,52,255,256,204
3,1,1,9,29,29,1,0.0018222722525147359,63,323,324,203
3,1,1,10,26,26,1,0.0019374138696193425,61,322,323,206
3,1,1,11,21,21,1,0.001946650020282161,56,308,309,203
3,1,1,12,11,11,1,0.0019568712927311538,56,379,380,193
3,1,1,13,27,27,1,0.0020809539701988418,54,345,346,197
3,1,1,14,7,7,1,0.0023153669434435669,57,309,310,201
3,1,1,15,4,4,1,0.0027039421377875036,57,351,352,195
3,1,1,16,8,8,1,0.0030672930488444892,55,269,270,209
3,1,1,17,24,24,1,0.0034193150084287274,60,320,321,203
3,1,1,18,17,17,1,0.0038528550930788568,52,288,289,196
3,1,1,19,16,16,1,0.0038732654246034161,52,262,263,202
3,1,1,20,22,22,1,0.0041415216439561441,51,275,276,196
3,1,1,21,19,19,1,0.00422358736281255,57,342,343,202
3,1,1,22,18,18,1,0.0055037348549044993,59,494,495,197
3,1,1,23,10,10,1,0.0060550969022857091,57,277,278,207
3,1,1,24,13,13,0,0.0042032596887234671,58,600,600,195
3,1,1,25,9,9,0,0.0044285154422958649,54,600,600,198
3,1,1,26,28,28,0,0.0062260755824053611,64,600,600,201
3,1,1,27,23,23,0,0.0066342390729191483,52,600,600,192
3,1,1,28,1,1,0,0.0079549464828218876,56,600,600,197
3,1,1,29,2,2,0,0.0093851721462162672,65,600,600,203
3,1,1,30,30,30,0,0.0097258938771886145,52,600,600,191
3,1,2,1,9,39,1,0.00084986415070500661,57,314,315,199
3,1,2,2,26,56,1,0.0009596506980283731,54,325,326,197
3,1,2,3,8,38,1,0.0012023947102255865,57,333,334,199
3,1,2,4,13,43,1,0.0018636507390179778,55,355,356,198
3,1,2,5,27,57,1,0.0019687840104549701,56,299,300,202
3,1,2,6,29,59,1,0.0020251445728113843,52,326,327,191
3,1,2,7,16,46,1,0.0021378440337419505,56,320,321,198
3,1,2,8,20,50,1,0.0025324225613358852,51,337,338,198
3,1,2,9,3,33,1,0.0025995707567609363,57,310,311,199
3,1,2,10,28,58,1,0.0033038694216785346,55,318,319,199
3,1,2,11,22,52,1,0.0033550864893427232,50,319,320,191
3,1,2,12,5,35,1,0.0035082749586187998,58,337,338,201
3,1,2,13,19,49,1,0.0047727818276038026,56,321,322,201
3,1,2,14,4,34,1,0.0049501486475051829,56,337,338,198
3,1,2,15,15,45,1,0.0055065271928867125,59,357,358,201
3,1,2,16,18,48,1,0.005815997208982948,60,339,340,204
3,1,2,17,30,60,1,0.0062186801736768237,56,357,358,196
3,1,2,18,6,36,1,0.0071205679245986472,60,368,369,205
3,1,2,19,10,40,1,0.0075923208185014086,60,355,356,206
3,1,2,20,23,53,1,0.0078482375904057079,49,325,326,190
3,1,2,21,14,44,0,0.011258989781361537,57,600,600,196
3,1,2,22,24,54,0,0.015684718471730912,58,600,600,199
3,1,2,23,7,37,0,0.018548716193766631,53,600,600,194
3,1,2,24,1,31,0,0.019327504959866557,49,600,600,187
3,1,2,25,21,51,0,0.01935206099257725,54,600,600,196
3,1,2,26,2,32,0,0.019764952933846152,59,600,600,200
3,1,2,27,12,42,0,0.02422582381673357,52,600,600,192
3,1,2,28,17,47,0,0.024832429749308903,59,600,600,205
3,1,2,29,11,41,0,0.027832999733510416,60,600,600,205
3,1,2,30,25,55,0,0.029391268862203484,54,600,600,199
3,1,3,1,13,73,1,0.00033402419096396153,55,304,305,200
3,1,3,2,9,69,1,0.00042698062940523711,57,340,341,200
3,1,3,3,6,66,1,0.00056615465020077248,61,316,317,209
3,1,3,4,28,88,1,0.00068616918027074075,53,311,312,204
3,1,3,5,23,83,1,0.00091865424469080362,59,310,311,208
3,1,3,6,29,89,1,0.0011313192999336185,57,298,299,210
3,1,3,7,5,65,1,0.0013742119357658081,54,317,318,206
3,1,3,8,30,90,1,0.0014062134173256134,55,283,284,208
3,1,3,9,3,63,1,0.0015714881411471662,61,364,365,207
3,1,3,10,4,64,1,0.0016302135951237586,56,291,292,206
3,1,3,11,8,68,1,0.00186373769952367,58,335,336,205
3,1,3,12,24,84,1,0.0019656057826182688,58,316,317,207
3,1,3,13,2,62,1,0.0020968207650378747,59,301,302,205
3,1,3,14,14,74,1,0.0022151769997378269,55,587,588,201
3,1,3,15,27,87,1,0.0024920702901943272,58,286,287,214
3,1,3,16,19,79,1,0.0025132167357055889,58,363,364,204
3,1,3,17,22,82,1,0.0026431253452349271,56,348,349,205
3,1,3,18,18,78,1,0.0027153707438093734,59,309,310,217
3,1,3,19,1,61,1,0.0035877706559435249,57,317,318,213
3,1,3,20,21,81,1,0.0041597301463382856,56,287,288,210
3,1,3,21,12,72,1,0.0041823918102826896,57,358,359,200
3,1,3,22,25,85,1,0.0046222863707131301,55,364,365,197
3,1,3,23,15,75,1,0.0062513346438392414,55,312,313,205
3,1,3,24,20,80,1,0.0065519130780454073,58,310,311,209
3,1,3,25,17,77,1,0.0082141921744639315,53,327,328,204
3,1,3,26,16,76,0,0.0063345491431675517,49,600,600,192
3,1,3,27,10,70,0,0.0064110652981462044,55,600,600,194
3,1,3,28,7,67,0,0.009580024183741917,55,600,600,201
3,1,3,29,26,86,0,0.012905089358709697,59,600,600,206
3,1,3,30,11,71,0,0.027217515530085147,59,600,600,217
3,1,4,1,30,120,1,0.00029266711762636566,58,359,360,202
3,1,4,2,15,105,1,0.00054555864943656716,59,333,334,200
3,1,4,3,2,92,1,0.00056552736004987524,48,319,320,191
3,1,4,4,26,116,1,0.0006316470452741599,52,302,303,196
3,1,4,5,1,91,1,0.00066161198623119783,57,324,325,198
3,1,4,6,4,94,1,0.0020127707794257528,50,323,324,194
3,1,4,7,6,96,1,0.0021438835082182518,52,312,313,195
3,1,4,8,17,107,1,0.0021637807432710937,51,317,318,194
3,1,4,9,23,113,1,0.0034725646708258771,47,282,283,196
3,1,4,10,18,108,1,0.0036195785912062342,63,299,300,211
3,1,4,11,16,106,1,0.0036605397661992338,63,401,402,204
3,1,4,12,29,119,1,0.0037206522711413638,53,351,352,193
3,1,4,13,22,112,1,0.0037912855257017587,60,368,369,205
3,1,4,14,14,104,1,0.003799505914233654,55,281,282,206
3,1,4,15,25,115,1,0.0041988116767142855,56,284,285,206
3,1,4,16,27,117,0,0.00057402414094983689,55,600,600,194
3,1,4,17,13,103,0,0.000580935536581577,60,600,600,196
3,1,4,18,21,111,0,0.001458470093373108,51,600,600,190
3,1,4,19,10,100,0,0.001737541972527949,56,600,600,191
3,1,4,20,24,114,0,0.0023689764194020379,57,600,600,193
3,1,4,21,20,110,0,0.0030510221549995141,62,600,600,193
3,1,4,22,12,102,0,0.0034482165525822448,57,600,600,192
3,1,4,23,9,99,0,0.0046519512160012478,60,600,600,192
3,1,4,24,11,101,0,0.0071455497332681105,53,600,600,191
3,1,4,25,3,93,0,0.0097762030326567564,62,600,600,208
3,1,4,26,7,97,0,0.012070008922323862,56,600,600,195
3,1,4,27,28,118,0,0.01262375185179495,58,600,600,199
3,1,4,28,5,95,0,0.014091403375579381,58,600,600,198
3,1,4,29,19,109,0,0.015625327341361246,49,600,600,193
3,1,4,30,8,98,0,0.020441664298510718,48,600,600,192
3,1,5,1,20,140,1,0.00023869155866058524,55,343,344,200
3,1,5,2,27,147,1,0.00031622296724504785,53,329,330,197
3,1,5,3,2,122,1,0.0010271896849833489,63,358,359,206
3,1,5,4,28,148,1,0.0010693187068965082,57,304,305,204
3,1,5,5,11,131,1,0.0014253180887567622,55,324,325,196
3,1,5,6,24,144,1,0.0014874781661644166,58,332,333,194
3,1,5,7,10,130,1,0.0015624477270901587,57,308,309,204
3,1,5,8,30,150,1,0.0020735573102899597,64,321,322,212
3,1,5,9,12,132,1,0.0021785190343268776,60,285,286,209
3,1,5,10,18,138,1,0.002291210263817945,56,304,305,206
3,1,5,11,29,149,1,0.0024763856093709745,57,308,309,208
3,1,5,12,9,129,1,0.0031524404753017011,57,328,329,199
3,1,5,13,8,128,1,0.0031620025860235297,51,287,288,192
3,1,5,14,26,146,1,0.0031827083854968812,60,325,326,200
3,1,5,15,17,137,1,0.0033329892026831877,56,293,294,203
3,1,5,16,6,126,1,0.0036327305374047806,47,318,319,190
3,1,5,17,1,121,1,0.003720487624655397,66,356,357,208
3,1,5,18,3,123,1,0.0040646715867609894,55,319,320,202
3,1,5,19,13,133,1,0.0046969740990588935,64,407,408,206
3,1,5,20,22,142,1,0.004772714787653524,53,297,298,201
3,1,5,21,4,124,1,0.004880396410347169,57,304,305,203
3,1,5,22,15,135,1,0.0050794358744823062,48,291,292,198
3,1,5,23,5,125,1,0.0053399105860341125,62,321,322,207
3,1,5,24,7,127,1,0.0077709931216485362,52,382,383,197
3,1,5,25,19,139,0,0.0040317642291370828,54,600,600,190
3,1,5,26,25,145,0,0.0046041034323665931,58,600,600,189
3,1,5,27,21,141,0,0.0061688244724937271,58,600,600,199
3,1,5,28,16,136,0,0.0067228966651461559,60,600,600,200
3,1,5,29,23,143,0,0.012610324530750469,54,600,600,193
3,1,5,30,14,134,0,0.013947277296899818,62,600,600,199
3,1,6,1,10,160,1,0.0010017605511061535,52,313,314,197
3,1,6,2,30,180,1,0.0012851829235804248,57,292,293,205
3,1,6,3,15,165,1,0.0013639848695631645,73,315,316,219
3,1,6,4,28,178,1,0.0013828198110281444,56,331,332,200
3,1,6,5,8,158,1,0.0014454976330225311,64,357,358,206
3,1,6,6,19,169,1,0.0017634400695014979,59,313,314,205
3,1,6,7,2,152,1,0.0018367303750651467,67,357,358,212
3,1,6,8,1,151,1,0.0023337821212169405,56,326,327,204
3,1,6,9,13,163,1,0.0023469794727066654,55,318,319,199
3,1,6,10,26,176,1,0.0025083968210862029,54,325,326,201
3,1,6,11,27,177,1,0.0032171218276665875,53,365,366,196
3,1,6,12,17,167,1,0.003360449456706935,53,320,321,196
3,1,6,13,6,156,1,0.0035803740490254641,58,281,282,213
3,1,6,14,14,164,1,0.0041516882390575591,52,339,340,197
3,1,6,15,11,161,1,0.0044092400085679146,57,345,346,203
3,1,6,16,24,174,1,0.0044829391065706152,55,329,330,200
3,1,6,17,21,171,1,0.004582345018393586,60,322,323,208
3,1,6,18,25,175,1,0.0047744503490317848,59,343,344,201
3,1,6,19,29,179,1,0.0050268949098665958,56,299,300,207
3,1,6,20,20,170,1,0.0059851158032675315,57,330,331,206
3,1,6,21,9,159,1,0.0064116986049592029,64,310,311,210
3,1,6,22,18,168,1,0.006451364642546877,57,306,307,207
3,1,6,23,23,173,1,0.0066946872230589441,56,337,338,206
3,1,6,24,22,172,1,0.0069857481359540093,58,282,283,211
3,1,6,25,5,155,1,0.0078772931228080455,64,336,337,214
3,1,6,26,7,157,0,0.0035978719782390166,57,600,600,200
3,1,6,27,12,162,0,0.015134807950695993,54,600,600,201
3,1,6,28,4,154,0,0.016959406510220286,61,600,600,208
3,1,6,29,3,153,0,0.017428930695918041,49,600,600,198
3,1,6,30,16,166,0,0.018469183477172,51,600,600,203
3,1,7,1,25,205,1,0.00078945449011691849,52,341,342,198
3,1,7,2,18,198,1,0.00088847043890146556,54,322,323,196
3,1,7,3,24,204,1,0.0013909396119672402,53,340,341,196
3,1,7,4,5,185,1,0.0017833287178239093,56,326,327,203
3,1,7,5,9,189,1,0.0024700255669610409,60,334,335,205
3,1,7,6,21,201,1,0.0028656470446319798,57,369,370,204
3,1,7,7,2,182,1,0.0029597138386208877,56,338,339,199
3,1,7,8,3,183,1,0.0031874022052392598,58,316,317,207
3,1,7,9,29,209,1,0.0032437425540940159,57,354,355,198
3,1,7,10,1,181,1,0.0032830838920490449,55,294,295,205
3,1,7,11,10,190,1,0.0033633598567314698,55,331,332,198
3,1,7,12,27,207,1,0.0052135439640241879,54,309,310,202
3,1,7,13,14,194,1,0.0055456403711056411,58,347,348,204
3,1,7,14,19,199,1,0.0057571741220229121,54,347,348,200
3,1,7,15,22,202,1,0.0060737484162177143,56,349,350,203
3,1,7,16,15,195,0,0.0097350030267216534,58,600,600,196
3,1,7,17,28,208,0,0.0097450853346426058,60,600,600,200
3,1,7,18,8,188,0,0.012382417574332788,59,600,600,206
3,1,7,19,26,206,0,0.012387435278598515,57,600,600,204
3,1,7,20,20,200,0,0.012894903443450012,54,600,600,194
3,1,7,21,23,203,0,0.016246695133429172,57,600,600,200
3,1,7,22,17,197,0,0.017596309517982054,58,600,600,196
3,1,7,23,4,184,0,0.017794628236993119,59,600,600,203
3,1,7,24,16,196,0,0.019489585913872634,50,600,600,194
3,1,7,25,7,187,0,0.020131299461816559,56,600,600,201
3,1,7,26,30,210,0,0.021457236651926306,58,600,600,205
3,1,7,27,13,193,0,0.022862125986630115,56,600,600,204
3,1,7,28,6,186,0,0.023432405080325642,54,600,600,205
3,1,7,29,11,191,0,0.024813644244587148,60,600,600,205
3,1,7,30,12,192,0,0.028472570776259341,57,600,600,203
3,1,8,1,26,236,1,0.00066164131125892719,65,368,369,209
3,1,8,2,7,217,1,0.00066543359859861588,58,301,302,200
3,1,8,3,15,225,1,0.0011901395175026115,58,370,371,200
3,1,8,4,23,233,1,0.0012589447063056285,62,420,421,195
3,1,8,5,29,239,1,0.0016622365872105635,58,314,315,199
3,1,8,6,16,226,1,0.0019647865040146777,49,323,324,188
3,1,8,7,5,215,1,0.0021202245469581012,56,280,281,198
3,1,8,8,3,213,1,0.0021865693308500507,60,348,349,201
3,1,8,9,2,212,1,0.0022215624896265297,55,368,369,200
3,1,8,10,17,227,1,0.0022498992538266291,59,379,380,203
3,1,8,11,24,234,1,0.0023644655786467126,58,323,324,197
3,1,8,12,9,219,1,0.0024552875577290049,53,320,321,196
3,1,8,13,4,214,1,0.0025600322028605745,53,303,304,193
3,1,8,14,14,224,1,0.0026028904337553247,53,316,317,195
3,1,8,15,30,240,1,0.0032887172272962379,62,397,398,206
3,1,8,16,19,229,1,0.0034170548844601905,49,341,342,189
3,1,8,17,13,223,1,0.0034359886159296732,66,345,346,208
3,1,8,18,1,211,1,0.0037076071850776996,53,322,323,199
3,1,8,19,21,231,1,0.0038245629415170246,54,326,327,193
3,1,8,20,27,237,1,0.0042246092116473739,54,314,315,194
3,1,8,21,8,218,1,0.007428292232329407,50,331,332,193
3,1,8,22,18,228,0,0.0067753874852002115,56,600,600,198
3,1,8,23,12,222,0,0.012131482657798462,58,600,600,194
3,1,8,24,28,238,0,0.012712653030701937,53,600,600,191
3,1,8,25,22,232,0,0.018707364205535208,52,600,600,198
3,1,8,26,20,230,0,0.020004279364268872,59,600,600,203
3,1,8,27,25,235,0,0.020022921921126112,47,600,600,187
3,1,8,28,10,220,0,0.023736030542585752,50,600,600,195
3,1,8,29,11,221,0,0.027991554397493429,54,600,600,203
3,1,8,30,6,216,0,0.035785295439357503,55,600,600,200
4,1,1,1,15,15,1,0.0003797438925118847,59,295,296,201
4,1,1,2,13,13,1,0.0008492914171060183,60,321,322,202
4,1,1,3,29,29,1,0.00093193130042486185,56,274,275,202
4,1,1,4,18,18,1,0.00094612005189212975,57,288,289,203
4,1,1,5,24,24,1,0.00097176011125560315,58,288,289,206
4,1,1,6,1,1,1,0.00098217434153087253,57,272,273,205
4,1,1,7,11,11,1,0.0010084334546811061,61,341,342,203
4,1,1,8,2,2,1,0.0010519836076075704,55,326,327,197
4,1,1,9,28,28,1,0.0010770201600292862,61,347,348,204
4,1,1,10,6,6,1,0.0015984630097402776,58,330,331,197
4,1,1,11,12,12,1,0.002047322353207683,60,317,318,207
4,1,1,12,4,4,1,0.0021300354386254898,66,347,348,208
4,1,1,13,26,26,1,0.0021538909832690585,53,392,393,193
4,1,1,14,27,27,1,0.0022246019617929154,51,314,315,195
4,1,1,15,20,20,1,0.0023078464579583016,63,349,350,207
4,1,1,16,19,19,1,0.0026748900274868783,54,309,310,207
4,1,1,17,17,17,1,0.0028657893636031559,59,525,526,198
4,1,1,18,14,14,1,0.0029538222724572708,50,327,328,189
4,1,1,19,5,5,1,0.0033159197447532934,50,288,289,197
4,1,1,20,22,22,1,0.0033947200029926547,52,319,320,191
4,1,1,21,23,23,1,0.0035528428073305892,63,316,317,212
4,1,1,22,25,25,1,0.0036973054536660159,52,271,272,203
4,1,1,23,21,21,1,0.0038621593058514804,63,310,311,211
4,1,1,24,7,7,1,0.0039092733105211396,53,288,289,192
4,1,1,25,8,8,0,0.0042899711409991265,50,600,600,183
4,1,1,26,30,30,0,0.0056251533983950391,61,600,600,203
4,1,1,27,10,10,0,0.0067826015621928627,57,600,600,190
4,1,1,28,16,16,0,0.011560033090781409,58,600,600,192
4,1,1,29,3,3,0,0.012527978836342277,55,600,600,192
4,1,1,30,9,9,0,0.017443026359030639,58,600,600,189
4,1,2,1,6,36,1,0.00080381856303516361,52,307,308,195
4,1,2,2,27,57,1,0.00093520262241890081,54,306,307,198
4,1,2,3,4,34,1,0.0011259024620846947,52,340,341,195
4,1,2,4,30,60,1,0.0012754807621974044,55,332,333,195
4,1,2,5,18,48,1,0.0012983572394096412,61,326,327,203
4,1,2,6,23,53,1,0.0014859613450664856,54,310,311,198
4,1,2,7,17,47,1,0.0016181019162748002,56,303,304,198
4,1,2,8,19,49,1,0.0021288579451312533,56,313,314,197
4,1,2,9,1,31,1,0.0022379424030791969,57,321,322,199
4,1,2,10,13,43,1,0.0024465406607712247,56,327,328,199
4,1,2,11,29,59,1,0.0027392807514461668,57,326,327,205
4,1,2,12,28,58,1,0.003250667746040456,54,301,302,194
4,1,2,13,9,39,1,0.0037557456681589769,56,328,329,197
4,1,2,14,5,35,1,0.0038101594197250893,46,308,309,191
4,1,2,15,24,54,1,0.0043401019566598172,56,353,354,195
4,1,2,16,20,50,1,0.0045170111762730869,58,341,342,195
4,1,2,17,21,51,1,0.007731880172375933,59,366,367,203
4,1,2,18,15,45,0,0.012944822338451324,52,600,600,193
4,1,2,19,3,33,0,0.013358152006769774,55,600,600,199
4,1,2,20,8,38,0,0.013456610979565504,56,600,600,195
4,1,2,21,7,37,0,0.015377341998461302,63,600,600,204
4,1,2,22,16,46,0,0.015722168841882586,52,600,600,192
4,1,2,23,12,42,0,0.017416126237713818,55,600,600,195
4,1,2,24,26,56,0,0.020217713822166687,55,600,600,203
4,1,2,25,11,41,0,0.02211479543793566,49,600,600,192
4,1,2,26,25,55,0,0.023085751768041528,49,600,600,191
4,1,2,27,14,44,0,0.024032517321424564,57,600,600,197
4,1,2,28,10,40,0,0.025172794821704168,64,600,600,203
4,1,2,29,2,32,0,0.025907263211769442,56,600,600,204
4,1,2,30,22,52,0,0.035760745271465992,47,600,600,186
4,1,3,1,25,85,1,0.00049971512762428654,53,335,336,202
4,1,3,2,18,78,1,0.00050510299147572856,55,284,285,207
4,1,3,3,10,70,1,0.00058228410785166995,54,280,281,214
4,1,3,4,7,67,1,0.001520732335379991,52,300,301,203
4,1,3,5,13,73,1,0.001623664508053647,58,318,319,209
4,1,3,6,8,68,1,0.0016972362315683118,52,386,387,196
4,1,3,7,22,82,1,0.0021477357585102429,52,296,297,205
4,1,3,8,24,84,1,0.0022345933119958779,51,303,304,196
4,1,3,9,1,61,1,0.0024036681853178048,51,325,326,201
4,1,3,10,14,74,1,0.0026928622729528013,54,350,351,200
4,1,3,11,26,86,1,0.0043276965587330631,57,333,334,202
4,1,3,12,6,66,1,0.0043396101828429064,59,308,309,210
4,1,3,13,28,88,1,0.005869449694178565,56,366,367,203
4,1,3,14,11,71,1,0.0059151845072149207,57,346,347,203
4,1,3,15,15,75,1,0.0060995314816817223,50,352,353,191
4,1,3,16,27,87,0,0.0041224795100989545,55,600,600,193
4,1,3,17,12,72,0,0.0056977158382365122,54,600,600,198
4,1,3,18,4,64,0,0.0091518296501654911,52,600,600,190
4,1,3,19,30,90,0,0.010306627899016766,51,600,600,193
4,1,3,20,19,79,0,0.013050352451418367,53,600,600,193
4,1,3,21,5,65,0,0.01342084504016239,58,600,600,207
4,1,3,22,2,62,0,0.013635279105128437,54,600,600,194
4,1,3,23,17,77,0,0.013949376458406238,52,600,600,198
4,1,3,24,29,89,0,0.013970017669398904,52,600,600,198
4,1,3,25,20,80,0,0.015465318802286233,53,600,600,193
4,1,3,26,3,63,0,0.016467733249909747,51,600,600,196
4,1,3,27,23,83,0,0.0186745615129368,56,600,600,196
4,1,3,28,21,81,0,0.021902595096579418,56,600,600,211
4,1,3,29,16,76,0,0.024594086078515865,48,600,600,200
4,1,3,30,9,69,0,0.027245466095901453,44,600,600,192
4,1,4,1,10,100,1,0.00075210704152215682,53,393,394,194
4,1,4,2,3,93,1,0.0007869853480338689,54,286,287,193
4,1,4,3,29,119,1,0.00091347538011034735,47,305,306,195
4,1,4,4,26,116,1,0.0010454160301402713,53,296,297,197
4,1,4,5,28,118,1,0.0010524142311175754,56,277,278,203
4,1,4,6,1,91,1,0.0014633830386759205,56,338,339,198
4,1,4,7,5,95,1,0.0014662392928811692,52,299,300,202
4,1,4,8,9,99,1,0.0016429897532291772,55,303,304,204
4,1,4,9,11,101,1,0.0017385774165357894,55,275,276,199
4,1,4,10,8,98,1,0.0017954032231172503,58,324,325,201
4,1,4,11,7,97,1,0.0018136837403832714,60,307,308,207
4,1,4,12,24,114,1,0.0019166089827403602,57,305,306,199
4,1,4,13,21,111,1,0.0021451221753661133,51,309,310,193
4,1,4,14,20,110,1,0.0025854675441063461,61,270,271,211
4,1,4,15,12,102,1,0.002634609132644624,62,324,325,202
4,1,4,16,17,107,1,0.0027180297207733397,56,328,329,195
4,1,4,17,16,106,1,0.0031480574289922316,50,284,285,199
4,1,4,18,6,96,1,0.0032230688660224052,72,540,541,209
4,1,4,19,13,103,1,0.0033766614088232977,53,326,327,197
4,1,4,20,15,105,1,0.0036413230250686014,51,292,293,193
4,1,4,21,23,113,1,0.0037638782055171233,52,296,297,200
4,1,4,22,19,109,1,0.006406498395561973,58,335,336,200
4,1,4,23,22,112,0,0.0014663653901045152,59,600,600,199
4,1,4,24,14,104,0,0.0020056719560005301,62,600,600,205
4,1,4,25,30,120,0,0.002302343677163427,55,600,600,189
4,1,4,26,27,117,0,0.0035117472038602516,60,600,600,199
4,1,4,27,2,92,0,0.0037414295677598366,59,600,600,194
4,1,4,28,25,115,0,0.0051314128746694394,71,600,600,200
4,1,4,29,4,94,0,0.0056462995165055723,56,600,600,195
4,1,4,30,18,108,0,0.014073089324356256,56,600,600,202
4,1,5,1,15,135,1,0.00031742765328169849,56,281,282,202
4,1,5,2,5,125,1,0.00078875261819714862,49,308,309,189
4,1,5,3,29,149,1,0.0012031481256142131,57,308,309,208
4,1,5,4,7,127,1,0.0012496281866460133,54,310,311,198
4,1,5,5,24,144,1,0.0014194576256584667,56,305,306,205
4,1,5,6,25,145,1,0.0018183668364500996,56,305,306,197
4,1,5,7,21,141,1,0.002146980724221603,51,314,315,189
4,1,5,8,12,132,1,0.0021593619516293793,63,371,372,199
4,1,5,9,10,130,1,0.0022024198138037338,62,422,423,203
4,1,5,10,11,131,1,0.0024872739316174688,50,296,297,199
4,1,5,11,28,148,1,0.0029901956837802288,49,296,297,204
4,1,5,12,13,133,1,0.0032814110423088805,55,302,303,208
4,1,5,13,19,139,1,0.0036666279628037595,61,360,361,210
4,1,5,14,4,124,1,0.0039608700465172883,56,391,392,194
4,1,5,15,26,146,1,0.0041444431534559175,52,292,293,199
4,1,5,16,27,147,1,0.0045981922318554516,53,273,274,206
4,1,5,17,22,142,1,0.0067863339469533207,54,311,312,205
4,1,5,18,6,126,1,0.0077587409575733939,64,340,341,206
4,1,5,19,3,123,0,0.0037234014833597224,63,600,600,201
4,1,5,20,2,122,0,0.0065953773433430228,55,600,600,198
4,1,5,21,17,137,0,0.0083289449184146686,57,600,600,198
4,1,5,22,1,121,0,0.0099169810587268793,57,600,600,187
4,1,5,23,20,140,0,0.01005188850754384,58,600,600,200
4,1,5,24,23,143,0,0.01118077619701229,69,600,600,200
4,1,5,25,8,128,0,0.011199751452155236,55,600,600,189
4,1,5,26,30,150,0,0.013074887034835947,58,600,600,197
4,1,5,27,16,136,0,0.016145776710212667,58,600,600,197
4,1,5,28,18,138,0,0.016246609466899348,60,600,600,209
4,1,5,29,14,134,0,0.016663314416542729,49,600,600,194
4,1,5,30,9,129,0,0.020579419892097162,62,600,600,204
4,1,6,1,18,168,1,0.0032318616331632861,64,369,370,206
4,1,6,2,21,171,1,0.0045344563791543079,71,344,345,216
4,1,6,3,12,162,0,0.0025764043652580218,77,600,600,211
4,1,6,4,28,178,0,0.0043239068346354326,93,600,600,218
4,1,6,5,15,165,0,0.0047347674479037852,81,600,600,210
4,1,6,6,1,151,0,0.0050170004584362419,80,600,600,216
4,1,6,7,13,163,0,0.0054812915703439614,85,600,600,206
4,1,6,8,26,176,0,0.0056780163011248882,81,600,600,217
4,1,6,9,20,170,0,0.0066312539402843063,62,600,600,201
4,1,6,10,6,156,0,0.0081780038569545729,72,600,600,216
4,1,6,11,11,161,0,0.0082693552354154813,58,600,600,194
4,1,6,12,19,169,0,0.0084971670359192692,76,600,600,211
4,1,6,13,17,167,0,0.0091323055694969187,71,600,600,207
4,1,6,14,9,159,0,0.0092579552417504426,73,600,600,204
4,1,6,15,24,174,0,0.0093751662701873854,71,600,600,209
4,1,6,16,3,153,0,0.010007170330551136,63,600,600,203
4,1,6,17,2,152,0,0.011006868745348746,80,600,600,212
4,1,6,18,27,177,0,0.011322752741286054,67,600,600,207
4,1,6,19,22,172,0,0.011633499849865595,75,600,600,207
4,1,6,20,5,155,0,0.012086109735544377,77,600,600,213
4,1,6,21,23,173,0,0.012235890253275787,80,600,600,209
4,1,6,22,14,164,0,0.012840627442943571,89,600,600,219
4,1,6,23,10,160,0,0.017665565767735786,64,600,600,206
4,1,6,24,25,175,0,0.018275877353239982,61,600,600,201
4,1,6,25,4,154,0,0.018329296487926538,74,600,600,207
4,1,6,26,30,180,0,0.019307364242181758,72,600,600,205
4,1,6,27,29,179,0,0.019561655878908176,73,600,600,219
4,1,6,28,8,158,0,0.019714433717400458,76,600,600,210
4,1,6,29,16,166,0,0.019927601563514155,68,600,600,210
4,1,6,30,7,157,0,0.021081749929080486,63,600,600,200
4,1,7,1,15,195,1,0.00020634496189085377,59,315,316,209
4,1,7,2,1,181,1,0.00054931618971456122,56,326,327,200
4,1,7,3,21,201,1,0.00075931683338812804,63,339,340,210
4,1,7,4,13,193,1,0.0010605909885434309,53,292,293,200
4,1,7,5,12,192,1,0.0013245849804446529,51,323,324,195
4,1,7,6,23,203,1,0.0016323521382351431,50,288,289,202
4,1,7,7,3,183,1,0.0017970532030305811,52,317,318,201
4,1,7,8,30,210,1,0.0019521859889524726,52,326,327,195
4,1,7,9,19,199,1,0.0022861748037916892,55,306,307,204
4,1,7,10,4,184,1,0.0026452856985452939,55,330,331,202
4,1,7,11,10,190,1,0.0026889898493521426,56,306,307,205
4,1,7,12,14,194,1,0.0028382202870201358,56,386,387,199
4,1,7,13,29,209,1,0.0032230747997626197,50,354,355,195
4,1,7,14,25,205,1,0.0034324663922116971,52,312,313,203
4,1,7,15,9,189,1,0.0037392439986374225,52,303,304,199
4,1,7,16,28,208,1,0.0048995879786830144,58,367,368,209
4,1,7,17,16,196,1,0.0051181543561200195,46,319,320,199
4,1,7,18,2,182,1,0.0067015319506505593,52,318,319,196
4,1,7,19,20,200,1,0.0073556755552421447,59,355,356,204
4,1,7,20,18,198,0,0.0040138242594035057,58,600,600,198
4,1,7,21,27,207,0,0.0063707333907136862,60,600,600,200
4,1,7,22,24,204,0,0.011826653985310191,54,600,600,197
4,1,7,23,26,206,0,0.013967657089664579,57,600,600,197
4,1,7,24,22,202,0,0.014836028934968611,52,600,600,199
4,1,7,25,6,186,0,0.014970711209263358,54,600,600,202
4,1,7,26,17,197,0,0.018095592630867786,57,600,600,204
4,1,7,27,8,188,0,0.019376033840233505,53,600,600,204
4,1,7,28,7,187,0,0.019503842310158431,61,600,600,207
4,1,7,29,11,191,0,0.020798884982797219,59,600,600,205
4,1,7,30,5,185,0,0.033828228279339193,60,600,600,213
4,1,8,1,23,233,1,0.00030268156959111224,54,303,304,192
4,1,8,2,9,219,1,0.00033763488402797134,52,325,326,201
4,1,8,3,17,227,1,0.00058299844093696927,57,324,325,198
4,1,8,4,7,217,1,0.0011967001849865909,52,355,356,197
4,1,8,5,13,223,1,0.001276329858876691,56,306,307,194
4,1,8,6,11,221,1,0.0012897380040134214,57,320,321,200
4,1,8,7,8,218,1,0.0014681260085625729,55,288,289,206
4,1,8,8,4,214,1,0.0017965494354364455,54,346,347,188
4,1,8,9,25,235,1,0.0020335332440193773,52,292,293,197
4,1,8,10,30,240,1,0.0022168664049659081,49,318,319,190
4,1,8,11,28,238,1,0.0023139915147128882,49,274,275,192
4,1,8,12,10,220,1,0.0025193124314469581,53,293,294,196
4,1,8,13,27,237,1,0.0025201057389629116,60,352,353,204
4,1,8,14,18,228,1,0.0028750197380268327,50,321,322,188
4,1,8,15,14,224,1,0.0036946917220221538,53,326,327,201
4,1,8,16,12,222,1,0.0038163361084590204,55,367,368,196
4,1,8,17,2,212,1,0.0052116561791294702,54,361,362,199
4,1,8,18,19,229,1,0.0052228026157985254,64,393,394,205
4,1,8,19,5,215,1,0.0062485959562958169,55,536,537,190
4,1,8,20,6,216,0,0.0044020865661037857,58,600,600,196
4,1,8,21,20,230,0,0.0088989284452177415,56,600,600,192
4,1,8,22,3,213,0,0.012121601217842547,62,600,600,199
4,1,8,23,24,234,0,0.012621013619543533,61,600,600,206
4,1,8,24,15,225,0,0.014576018411251499,59,600,600,189
4,1,8,25,29,239,0,0.018160474702194479,61,600,600,204
4,1,8,26,21,231,0,0.019951098124194832,63,600,600,200
4,1,8,27,16,226,0,0.023726939725058006,59,600,600,200
4,1,8,28,1,211,0,0.025472148955252807,51,600,600,192
4,1,8,29,22,232,0,0.031781623145219137,61,600,600,200
4,1,8,30,26,236,0,0.035410864711184022,58,600,600,204
5,1,1,1,24,24,1,0.00041845330613065978,49,308,309,195
5,1,1,2,25,25,1,0.00047560004502360378,60,325,326,202
5,1,1,3,20,20,1,0.00057692023024382257,50,294,295,197
5,1,1,4,4,4,1,0.00058522292619017191,59,333,334,200
5,1,1,5,28,28,1,0.00066011207759232549,62,301,302,201
5,1,1,6,19,19,1,0.00072569080885521943,51,297,298,197
5,1,1,7,15,15,1,0.00081973697305354426,59,322,323,206
5,1,1,8,6,6,1,0.0011293822754437973,64,286,287,213
5,1,1,9,1,1,1,0.0011476807713454206,54,352,353,194
5,1,1,10,22,22,1,0.0011634871399575225,65,351,352,206
5,1,1,11,29,29,1,0.0016023882617557926,56,393,394,202
5,1,1,12,10,10,1,0.0016598882329624557,54,285,286,201
5,1,1,13,27,27,1,0.0017069864491227099,53,314,315,194
5,1,1,14,8,8,1,0.0019255609280123258,56,297,298,197
5,1,1,15,21,21,1,0.002392689761463476,51,294,295,195
5,1,1,16,7,7,1,0.0024073251353157478,56,313,314,203
5,1,1,17,12,12,1,0.0024767364268874874,58,332,333,196
5,1,1,18,30,30,1,0.0026820344898888264,58,340,341,206
5,1,1,19,2,2,1,0.0028065193227689096,62,272,273,207
5,1,1,20,26,26,1,0.0029313300414488875,52,290,291,199
5,1,1,21,16,16,1,0.0029638349797432161,51,349,350,195
5,1,1,22,5,5,1,0.0038688073768317018,48,343,344,188
5,1,1,23,13,13,1,0.0039385782184014652,66,402,403,204
5,1,1,24,9,9,0,0.002065390863375904,71,600,600,210
5,1,1,25,18,18,0,0.0036164578241553113,62,600,600,198
5,1,1,26,11,11,0,0.0047410969176508088,63,600,600,202
5,1,1,27,17,17,0,0.0088866794967548957,56,600,600,188
5,1,1,28,14,14,0,0.011227290994191012,67,600,600,196
5,1,1,29,23,23,0,0.01193441097451556,62,600,600,197
5,1,1,30,3,3,0,0.012509106341256366,62,600,600,193
5,1,2,1,6,36,1,0.0015219123757430214,51,303,304,197
5,1,2,2,16,46,1,0.0016302013690112189,56,314,315,198
5,1,2,3,26,56,1,0.0017560008864289276,54,329,330,198
5,1,2,4,3,33,1,0.0023241126529038956,54,334,335,194
5,1,2,5,29,59,1,0.0025710593966564656,56,312,313,199
5,1,2,6,15,45,1,0.0028882194075900689,57,327,328,201
5,1,2,7,28,58,1,0.0029248251288741959,55,324,325,201
5,1,2,8,30,60,1,0.0033955358960632053,55,328,329,199
5,1,2,9,14,44,1,0.004058340239498086,53,313,314,202
5,1,2,10,2,32,1,0.0041499214070594495,58,328,329,193
5,1,2,11,20,50,1,0.0042726022364304051,52,345,346,196
5,1,2,12,8,38,1,0.0046274612710042219,59,355,356,201
5,1,2,13,12,42,1,0.004674165722634134,58,328,329,203
5,1,2,14,5,35,1,0.0051551984561034195,57,306,307,204
5,1,2,15,9,39,1,0.0063985883926228728,57,361,362,202
5,1,2,16,4,34,1,0.006918056128273127,57,343,344,206
5,1,2,17,17,47,1,0.007529977235783105,55,374,375,194
5,1,2,18,1,31,1,0.0079463321166780374,56,335,336,199
5,1,2,19,18,48,1,0.0080173381626986191,49,372,373,189
5,1,2,20,23,53,0,0.015548465058249333,52,600,600,195
5,1,2,21,27,57,0,0.017063904304699253,58,600,600,197
5,1,2,22,11,41,0,0.017694968283077987,55,600,600,204
5,1,2,23,19,49,0,0.018451860251910562,53,600,600,196
5,1,2,24,10,40,0,0.01868191688914184,54,600,600,203
5,1,2,25,21,51,0,0.023806235352575412,56,600,600,205
5,1,2,26,13,43,0,0.024289135590021584,58,600,600,208
5,1,2,27,22,52,0,0.025961302271367417,59,600,600,207
5,1,2,28,24,54,0,0.02690477821380562,50,600,600,194
5,1,2,29,25,55,0,0.027229996617784295,56,600,600,204
5,1,2,30,7,37,0,0.029560143410862817,47,600,600,191
5,1,3,1,4,64,1,0.00057409177473444412,53,329,330,198
5,1,3,2,1,61,1,0.0013215699626117656,57,277,278,205
5,1,3,3,9,69,1,0.0013227355485444614,56,375,376,191
5,1,3,4,24,84,1,0.0015776114100871923,56,298,299,206
5,1,3,5,13,73,1,0.0017672304646682688,54,300,301,213
5,1,3,6,3,63,1,0.0017968001313814293,55,322,323,200
5,1,3,7,28,88,1,0.0021320342364970178,58,282,283,205
5,1,3,8,23,83,1,0.0021468112968381194,55,317,318,199
5,1,3,9,5,65,1,0.0034196558016655245,61,298,299,211
5,1,3,10,18,78,1,0.0038487397335816155,62,360,361,204
5,1,3,11,6,66,1,0.0038580276330253166,54,296,297,202
5,1,3,12,22,82,1,0.004071476047878885,52,299,300,201
5,1,3,13,17,77,1,0.0041562967715482397,59,330,331,201
5,1,3,14,15,75,1,0.0043991818020752554,60,301,302,206
5,1,3,15,20,80,1,0.0045500026982657664,57,280,281,205
5,1,3,16,7,67,1,0.0045678985498181241,52,299,300,196
5,1,3,17,19,79,1,0.0055341424739793468,54,300,301,206
5,1,3,18,25,85,1,0.0061371216313061364,54,274,275,206
5,1,3,19,10,70,1,0.0065516380090871558,55,292,293,206
5,1,3,20,30,90,1,0.006722433926532408,59,273,274,213
5,1,3,21,14,74,1,0.0068198468658084562,56,275,276,211
5,1,3,22,29,89,1,0.0075790409794832467,64,303,304,215
5,1,3,23,16,76,1,0.010127242180822152,55,316,317,198
5,1,3,24,8,68,0,0.010681603302615599,55,600,600,195
5,1,3,25,11,71,0,0.016610630710862221,54,600,600,197
5,1,3,26,12,72,0,0.020052568755965439,49,600,600,190
5,1,3,27,21,81,0,0.025276968099728962,58,600,600,207
5,1,3,28,26,86,0,0.02539870559572387,55,600,600,207
5,1,3,29,2,62,0,0.025407967774111504,53,600,600,205
5,1,3,30,27,87,0,0.032308256931897886,58,600,600,213
5,1,4,1,28,118,1,0.00069257387993209966,60,332,333,205
5,1,4,2,16,106,1,0.0011214701780586386,58,342,343,197
5,1,4,3,5,95,1,0.0012543459905566545,61,345,346,204
5,1,4,4,15,105,1,0.0013014602734991046,50,270,271,201
5,1,4,5,3,93,1,0.0013027006767743301,62,320,321,202
5,1,4,6,24,114,1,0.0013155369320938738,51,292,293,201
5,1,4,7,10,100,1,0.001429653249444867,55,302,303,200
5,1,4,8,12,102,1,0.0014351921704228168,54,324,325,207
5,1,4,9,25,115,1,0.0016237057122492594,49,292,293,193
5,1,4,10,20,110,1,0.0021358682503174291,63,414,415,202
5,1,4,11,8,98,1,0.0022528466947298589,62,336,337,208
5,1,4,12,18,108,1,0.0022821282667845246,51,273,274,207
5,1,4,13,11,101,1,0.0035212277157764963,54,349,350,200
5,1,4,14,19,109,1,0.0038463950974104324,51,308,309,194
5,1,4,15,29,119,1,0.0046694977466920987,68,428,429,216
5,1,4,16,7,97,1,0.0047093097834373428,65,403,404,211
5,1,4,17,14,104,1,0.0052049790665952339,54,309,310,212
5,1,4,18,9,99,1,0.0067530750071656672,55,377,378,194
5,1,4,19,4,94,0,0.00062800859735864605,43,600,600,190
5,1,4,20,27,117,0,0.0013600342919312526,60,600,600,195
5,1,4,21,1,91,0,0.0024193187101349371,66,600,600,200
5,1,4,22,6,96,0,0.0052827848786264116,54,600,600,188
5,1,4,23,2,92,0,0.0055266385905598453,49,600,600,186
5,1,4,24,26,116,0,0.0064947718648647318,54,600,600,189
5,1,4,25,13,103,0,0.0065310902125397139,64,600,600,200
5,1,4,26,30,120,0,0.0067572498546915457,53,600,600,188
5,1,4,27,17,107,0,0.0080187658465872679,59,600,600,200
5,1,4,28,23,113,0,0.0082155485651119169,66,600,600,202
5,1,4,29,22,112,0,0.010214891042267825,48,600,600,187
5,1,4,30,21,111,0,0.010317922620569412,57,600,600,203
5,1,5,1,27,147,1,0.00058919450264363019,57,276,277,209
5,1,5,2,13,133,1,0.0009176981289175046,55,307,308,200
5,1,5,3,24,144,1,0.00098031009649532396,57,336,337,199
5,1,5,4,2,122,1,0.0010504424387460698,57,328,329,204
5,1,5,5,21,141,1,0.0010555376553014666,65,314,315,207
5,1,5,6,29,149,1,0.0011255686323805548,51,308,309,203
5,1,5,7,20,140,1,0.0015376593430724689,51,307,308,197
5,1,5,8,30,150,1,0.0019597052801066145,62,390,391,198
5,1,5,9,22,142,1,0.0020665153080443983,59,320,321,203
5,1,5,10,10,130,1,0.0020919804478356581,53,300,301,194
5,1,5,11,7,127,1,0.0025407859297655335,52,304,305,196
5,1,5,12,14,134,1,0.0026099893062690623,58,300,301,201
5,1,5,13,11,131,1,0.0026845034941527565,57,313,314,199
5,1,5,14,4,124,1,0.0029087893440664279,54,342,343,195
5,1,5,15,28,148,1,0.0029435782370703105,56,396,397,199
5,1,5,16,16,136,1,0.0031246049251063626,60,341,342,200
5,1,5,17,8,128,1,0.0038605838774091361,57,307,308,207
5,1,5,18,5,125,1,0.0048514756398982933,52,278,279,204
5,1,5,19,18,138,1,0.0054924200195701038,51,301,302,194
5,1,5,20,15,135,1,0.0064991185328899899,55,302,303,194
5,1,5,21,19,139,0,0.00089854846359779816,58,600,600,195
5,1,5,22,12,132,0,0.00099266577902777241,62,600,600,202
5,1,5,23,1,121,0,0.0024325173154061248,56,600,600,191
5,1,5,24,26,146,0,0.0033843433638866488,50,600,600,190
5,1,5,25,25,145,0,0.0037895589897120252,63,600,600,198
5,1,5,26,23,143,0,0.0055196971670056173,53,600,600,190
5,1,5,27,17,137,0,0.0057087410433832361,57,600,600,198
5,1,5,28,9,129,0,0.014338788142384665,55,600,600,195
5,1,5,29,6,126,0,0.017442974785905011,62,600,600,205
5,1,5,30,3,123,0,0.018401313228728639,50,600,600,189
5,1,6,1,17,167,1,7.3900638713010345e-05,60,321,322,207
5,1,6,2,27,177,1,0.00041141979657250018,56,304,305,201
5,1,6,3,18,168,1,0.00051714583204802661,55,279,280,207
5,1,6,4,20,170,1,0.00053048617219536695,53,319,320,202
5,1,6,5,22,172,1,0.0017854632033643147,54,334,335,198
5,1,6,6,1,151,1,0.0018983841533429615,52,332,333,196
5,1,6,7,21,171,1,0.0019762920198339922,57,335,336,204
5,1,6,8,3,153,1,0.002125199817298746,53,329,330,193
5,1,6,9,23,173,1,0.0028314573965626411,52,338,339,199
5,1,6,10,28,178,1,0.0032230758448386861,54,303,304,205
5,1,6,11,8,158,1,0.0033757631659669931,51,300,301,199
5,1,6,12,26,176,1,0.0041041075889419933,59,355,356,205
5,1,6,13,2,152,1,0.0049206515170192684,52,298,299,200
5,1,6,14,9,159,1,0.0054551793377644051,56,322,323,209
5,1,6,15,6,156,1,0.0064158804668872794,53,310,311,202
5,1,6,16,13,163,1,0.006525604504401779,56,323,324,210
5,1,6,17,7,157,1,0.0074814132810108744,46,304,305,198
5,1,6,18,19,169,1,0.008358708328621527,49,311,312,197
5,1,6,19,10,160,1,0.015874210853582395,53,556,557,199
5,1,6,20,5,155,0,0.0018700631364891322,58,600,600,202
5,1,6,21,24,174,0,0.0046437717396007779,56,600,600,200
5,1,6,22,16,166,0,0.0098471476090304082,57,600,600,200
5,1,6,23,25,175,0,0.011285792272973914,54,600,600,192
5,1,6,24,12,162,0,0.0114719522099431,53,600,600,193
5,1,6,25,30,180,0,0.012110347963490491,55,600,600,196
5,1,6,26,29,179,0,0.012927078074304505,57,600,600,194
5,1,6,27,11,161,0,0.013272255585479625,54,600,600,199
5,1,6,28,15,165,0,0.019498239716096814,53,600,600,194
5,1,6,29,14,164,0,0.022700255447360485,51,600,600,202
5,1,6,30,4,154,0,0.026567399680577558,50,600,600,201
5,1,7,1,28,208,1,0.00089019924922240231,58,320,321,203
5,1,7,2,14,194,1,0.0012759605010320824,54,305,306,204
5,1,7,3,5,185,1,0.0012800907999410244,52,340,341,197
5,1,7,4,26,206,1,0.001417026589916853,56,302,303,207
5,1,7,5,20,200,1,0.0014549889727929206,52,349,350,194
5,1,7,6,23,203,1,0.001529569823486832,50,324,325,200
5,1,7,7,27,207,1,0.0015935319270523485,50,306,307,200
5,1,7,8,2,182,1,0.0016356031767030131,55,288,289,203
5,1,7,9,13,193,1,0.001770839188956429,61,348,349,207
5,1,7,10,9,189,1,0.002688404547071982,55,399,400,197
5,1,7,11,1,181,1,0.0030932685050754031,52,327,328,197
5,1,7,12,4,184,1,0.0039363644884443105,54,377,378,201
5,1,7,13,17,197,1,0.0067130475904275469,58,335,336,207
5,1,7,14,29,209,1,0.0070788172631442922,57,353,354,205
5,1,7,15,19,199,1,0.0073551181410323099,48,372,373,195
5,1,7,16,18,198,1,0.0076705060235640003,46,336,337,191
5,1,7,17,25,205,1,0.0078986281390486558,56,359,360,202
5,1,7,18,11,191,0,0.0080845932042646201,53,600,600,196
5,1,7,19,30,210,0,0.0186803237718722,58,600,600,204
5,1,7,20,15,195,0,0.019491845345089968,46,600,600,197
5,1,7,21,3,183,0,0.019575429856123341,58,600,600,208
5,1,7,22,21,201,0,0.021913514747192154,61,600,600,211
5,1,7,23,24,204,0,0.025943111178743605,55,600,600,208
5,1,7,24,22,202,0,0.027112653338499926,53,600,600,198
5,1,7,25,8,188,0,0.028326588167708378,51,600,600,197
5,1,7,26,7,187,0,0.032028608087425164,61,600,600,214
5,1,7,27,12,192,0,0.032516149974416708,57,600,600,206
5,1,7,28,10,190,0,0.033064433905315466,57,600,600,209
5,1,7,29,16,196,0,0.034468690728356378,56,600,600,213
5,1,7,30,6,186,0,0.03869586242523692,60,600,600,217
5,1,8,1,21,231,1,0.00037818136938768705,59,308,309,204
5,1,8,2,26,236,1,0.00071643808784022502,62,370,371,202
5,1,8,3,3,213,1,0.00093397203129778992,52,352,353,192
5,1,8,4,6,216,1,0.0010322983069423364,65,374,375,204
5,1,8,5,7,217,1,0.0012446916464179238,55,309,310,196
5,1,8,6,8,218,1,0.0014091115281290941,52,339,340,192
5,1,8,7,22,232,1,0.0014202725344761818,57,324,325,194
5,1,8,8,1,211,1,0.0015622828816034542,57,344,345,196
5,1,8,9,5,215,1,0.0016279611630228917,64,324,325,213
5,1,8,10,29,239,1,0.0026768354774086693,55,299,300,195
5,1,8,11,4,214,1,0.0027259078186906934,44,291,292,188
5,1,8,12,12,222,1,0.0033686411083661935,52,313,314,197
5,1,8,13,16,226,1,0.0035229655566195125,53,328,329,198
5,1,8,14,11,221,1,0.0037123508515390312,54,315,316,194
5,1,8,15,24,234,1,0.0039753227353166018,57,336,337,199
5,1,8,16,13,223,1,0.0045138160306796692,48,306,307,190
5,1,8,17,10,220,1,0.0048122906873488249,53,317,318,195
5,1,8,18,30,240,1,0.0057580319578913628,55,300,301,201
5,1,8,19,18,228,1,0.0064937628827166603,56,328,329,195
5,1,8,20,23,233,0,0.0060928684328518112,56,600,600,199
5,1,8,21,17,227,0,0.009028956708340868,53,600,600,192
5,1,8,22,9,219,0,0.01063568697862799,61,600,600,203
5,1,8,23,2,212,0,0.010861232569573782,73,600,600,209
5,1,8,24,28,238,0,0.015188999043494404,58,600,600,196
5,1,8,25,19,229,0,0.016118076683671569,51,600,600,196
5,1,8,26,15,225,0,0.016358793721278152,56,600,600,194
5,1,8,27,25,235,0,0.017266582422812607,58,600,600,197
5,1,8,28,14,224,0,0.019356456677451592,64,600,600,200
5,1,8,29,20,230,0,0.019512587438716363,55,600,600,200
5,1,8,30,27,237,0,0.026753215064433341,47,600,600,189
6,1,1,1,26,26,1,0.00039318254696698505,57,318,319,201
6,1,1,2,17,17,1,0.00055869381266606441,55,315,316,192
6,1,1,3,1,1,1,0.00059891707344242101,51,416,417,192
6,1,1,4,6,6,1,0.00070837387176521448,58,314,315,197
6,1,1,5,10,10,1,0.00072337830078637486,57,362,363,204
6,1,1,6,4,4,1,0.00080490112492137013,60,286,287,204
6,1,1,7,20,20,1,0.00098154366514935604,55,321,322,197
6,1,1,8,19,19,1,0.0011012143619121236,56,298,299,200
6,1,1,9,12,12,1,0.0011947574173454829,55,345,346,196
6,1,1,10,23,23,1,0.0011980327177410139,56,286,287,197
6,1,1,11,13,13,1,0.0016187752537174368,58,320,321,196
6,1,1,12,28,28,1,0.0016918435015627832,60,342,343,201
6,1,1,13,24,24,1,0.0017189222039851249,55,340,341,199
6,1,1,14,3,3,1,0.0025802367820517867,52,307,308,195
6,1,1,15,25,25,1,0.0032266420602616755,54,342,343,197
6,1,1,16,18,18,1,0.0034299714331911058,49,266,267,201
6,1,1,17,8,8,1,0.0036551290941126027,54,368,369,196
6,1,1,18,14,14,1,0.0040463924204784908,57,282,283,206
6,1,1,19,7,7,1,0.0047019897487174866,52,285,286,200
6,1,1,20,21,21,1,0.0054076880552711122,53,283,284,202
6,1,1,21,9,9,0,0.0026951479508012461,52,600,600,193
6,1,1,22,2,2,0,0.0037916515769653397,59,600,600,193
6,1,1,23,16,16,0,0.0040286004358231807,65,600,600,203
6,1,1,24,15,15,0,0.0041027872109543296,60,600,600,190
6,1,1,25,30,30,0,0.004135646876716634,56,600,600,192
6,1,1,26,22,22,0,0.0047826997520990051,59,600,600,201
6,1,1,27,29,29,0,0.0075413229880224994,57,600,600,198
6,1,1,28,11,11,0,0.0080563781667218892,68,600,600,199
6,1,1,29,27,27,0,0.0091768585827670182,70,600,600,206
6,1,1,30,5,5,0,0.0092037433388314858,50,600,600,186
6,1,2,1,4,34,1,0.00064947143593080219,55,319,320,199
6,1,2,2,12,42,1,0.00073447736101189354,59,339,340,199
6,1,2,3,16,46,1,0.0010648579712045354,55,317,318,197
6,1,2,4,3,33,1,0.0011955213828993051,59,332,333,198
6,1,2,5,29,59,1,0.0014396941873238969,59,376,377,195
6,1,2,6,10,40,1,0.0015011636953911501,56,337,338,197
6,1,2,7,1,31,1,0.001650276487649173,55,330,331,202
6,1,2,8,17,47,1,0.0019536152925105302,59,354,355,203
6,1,2,9,6,36,1,0.0023028071654946471,57,335,336,198
6,1,2,10,2,32,1,0.0023616711455870811,57,312,313,198
6,1,2,11,30,60,1,0.0024093242422501258,58,316,317,197
6,1,2,12,21,51,1,0.0025741412903869539,57,325,326,200
6,1,2,13,25,55,1,0.0028050950374533977,60,349,350,202
6,1,2,14,24,54,1,0.0035448121527709626,58,319,320,204
6,1,2,15,5,35,1,0.0040017744234260317,57,352,353,196
6,1,2,16,23,53,1,0.0045831518498285805,47,308,309,193
6,1,2,17,15,45,1,0.0054075801632462901,50,347,348,195
6,1,2,18,28,58,1,0.0065804291442599578,57,333,334,205
6,1,2,19,11,41,1,0.0068981235646311621,57,342,343,204
6,1,2,20,22,52,0,0.014706184907473675,57,600,600,198
6,1,2,21,13,43,0,0.014947412127206754,51,600,600,190
6,1,2,22,14,44,0,0.017048284615167747,54,600,600,195
6,1,2,23,20,50,0,0.017709820479276477,61,600,600,199
6,1,2,24,9,39,0,0.018315984802559322,58,600,600,203
6,1,2,25,19,49,0,0.018803521348919362,54,600,600,192
6,1,2,26,26,56,0,0.018809247366988101,56,600,600,203
6,1,2,27,18,48,0,0.018821693476279988,57,600,600,202
6,1,2,28,27,57,0,0.01935401958132035,57,600,600,200
6,1,2,29,7,37,0,0.020302407808016367,58,600,600,205
6,1,2,30,8,38,0,0.024484612195479448,57,600,600,198
6,1,3,1,11,71,1,0.00048783075293245317,56,301,302,208
6,1,3,2,1,61,1,0.00048967083606339418,54,324,325,204
6,1,3,3,20,80,1,0.0005741994455024952,57,317,318,202
6,1,3,4,18,78,1,0.00078602967703950502,59,332,333,200
6,1,3,5,12,72,1,0.00084362416201652038,56,315,316,202
6,1,3,6,14,74,1,0.0011118371650749885,55,284,285,205
6,1,3,7,3,63,1,0.0011811590249798411,57,289,290,210
6,1,3,8,13,73,1,0.0011847492185742868,54,336,337,199
6,1,3,9,26,86,1,0.0012183515365883039,51,296,297,206
6,1,3,10,24,84,1,0.001369293126239784,52,348,349,196
6,1,3,11,7,67,1,0.0015316844673767349,56,330,331,207
6,1,3,12,25,85,1,0.0016454050172396237,56,352,353,198
6,1,3,13,22,82,1,0.001799230202029576,59,338,339,202
6,1,3,14,8,68,1,0.0018497926511738738,57,321,322,207
6,1,3,15,4,64,1,0.0021426949106382507,51,320,321,194
6,1,3,16,29,89,1,0.0022067013605557308,53,289,290,207
6,1,3,17,9,69,1,0.0022414725614169628,56,326,327,202
6,1,3,18,19,79,1,0.002408166388756172,52,326,327,197
6,1,3,19,21,81,1,0.0025502191217865173,50,317,318,200
6,1,3,20,2,62,1,0.0027976667276030497,57,344,345,201
6,1,3,21,23,83,1,0.0031928635814985396,55,302,303,205
6,1,3,22,5,65,1,0.0038962943130794237,55,305,306,208
6,1,3,23,15,75,1,0.0050574945752384871,56,315,316,204
6,1,3,24,16,76,1,0.0052162211438034475,49,332,333,199
6,1,3,25,28,88,1,0.0054930173276445419,56,336,337,201
6,1,3,26,17,77,1,0.0065867539549455591,59,286,287,209
6,1,3,27,10,70,0,0.014650785593208475,56,600,600,200
6,1,3,28,30,90,0,0.019807601911960949,55,600,600,194
6,1,3,29,6,66,0,0.020634337676966062,51,600,600,195
6,1,3,30,27,87,0,0.023179541246082815,59,600,600,213
6,1,4,1,28,118,1,0.00014736269331703982,62,358,359,205
6,1,4,2,11,101,1,0.00025715519699500713,46,323,324,190
6,1,4,3,7,97,1,0.00031666437511453582,59,282,283,212
6,1,4,4,12,102,1,0.00046437746964817444,51,288,289,195
6,1,4,5,25,115,1,0.0006278744050719076,48,319,320,194
6,1,4,6,4,94,1,0.00099308481850248235,56,287,288,208
6,1,4,7,26,116,1,0.0011721575139343743,60,336,337,203
6,1,4,8,21,111,1,0.0013516545931702014,47,328,329,191
6,1,4,9,17,107,1,0.0013852914441405812,62,310,311,205
6,1,4,10,1,91,1,0.0014739866134109041,57,343,344,202
6,1,4,11,2,92,1,0.0019848671580078672,51,283,284,196
6,1,4,12,20,110,1,0.0020397432828912652,58,282,283,211
6,1,4,13,3,93,1,0.0021635143174440212,48,404,405,192
6,1,4,14,30,120,1,0.0023306378480260214,53,307,308,205
6,1,4,15,13,103,1,0.0024673240343196122,58,332,333,198
6,1,4,16,8,98,1,0.0027684912995714975,60,333,334,202
6,1,4,17,22,112,1,0.0028230826763269621,49,288,289,194
6,1,4,18,5,95,1,0.0032848478631194475,53,301,302,207
6,1,4,19,10,100,1,0.0034401812226726694,47,271,272,188
6,1,4,20,6,96,1,0.0038073192863379481,48,337,338,188
6,1,4,21,18,108,1,0.0038422869398331231,54,293,294,202
6,1,4,22,16,106,1,0.0039375288553560777,55,285,286,200
6,1,4,23,29,119,1,0.0039785287477273525,57,401,402,203
6,1,4,24,23,113,0,0.0016453046248240464,50,600,600,188
6,1,4,25,9,99,0,0.0017977079819891781,60,600,600,194
6,1,4,26,19,109,0,0.0031738892060926495,53,600,600,194
6,1,4,27,15,105,0,0.0032507373182483102,55,600,600,197
6,1,4,28,14,104,0,0.0049932197421600809,61,600,600,194
6,1,4,29,24,114,0,0.006900758042045878,53,600,600,190
6,1,4,30,27,117,0,0.021758776773958443,57,600,600,207
6,1,5,1,7,127,1,0.00030950031652077984,58,339,340,205
6,1,5,2,23,143,1,0.00062624189382327184,54,357,358,193
6,1,5,3,27,147,1,0.00075372184899008684,59,327,328,206
6,1,5,4,16,136,1,0.00082379069930640719,58,383,384,200
6,1,5,5,14,134,1,0.00083248582813319743,61,293,294,209
6,1,5,6,13,133,1,0.00098227377486095392,62,315,316,208
6,1,5,7,12,132,1,0.0013343918565381784,55,306,307,203
6,1,5,8,22,142,1,0.0016923538387054265,53,283,284,203
6,1,5,9,28,148,1,0.0018366426577834626,52,303,304,200
6,1,5,10,1,121,1,0.0018521992112263549,50,281,282,199
6,1,5,11,26,146,1,0.002087824119411432,65,330,331,210
6,1,5,12,18,138,1,0.0021098364130814414,56,324,325,201
6,1,5,13,4,124,1,0.0023575114633819514,53,334,335,195
6,1,5,14,20,140,1,0.0027151524617666338,59,291,292,207
6,1,5,15,9,129,1,0.0028312675283761143,61,295,296,207
6,1,5,16,30,150,1,0.0035132736120522751,58,326,327,205
6,1,5,17,15,135,1,0.0041431325269762447,57,309,310,202
6,1,5,18,3,123,1,0.0043417339868311649,52,289,290,199
6,1,5,19,11,131,1,0.0045013123659444886,49,315,316,189
6,1,5,20,21,141,1,0.004562510649505136,59,342,343,202
6,1,5,21,6,126,1,0.0062871274540001239,57,302,303,209
6,1,5,22,24,144,1,0.0069026653063407033,55,329,330,197
6,1,5,23,25,145,0,0.0018201721696605418,63,600,600,200
6,1,5,24,17,137,0,0.0029036453912465185,57,600,600,197
6,1,5,25,8,128,0,0.0034306718514054871,54,600,600,193
6,1,5,26,19,139,0,0.0040837482763218299,60,600,600,203
6,1,5,27,2,122,0,0.0051442272854984898,57,600,600,200
6,1,5,28,5,125,0,0.0083157490858589058,58,600,600,199
6,1,5,29,29,149,0,0.011238411144954408,51,600,600,193
6,1,5,30,10,130,0,0.016405347773039515,53,600,600,199
6,1,6,1,4,154,1,0.00046874831091800467,58,345,346,203
6,1,6,2,5,155,1,0.0005429019088146013,57,311,312,201
6,1,6,3,21,171,1,0.00095564433193902842,54,301,302,200
6,1,6,4,14,164,1,0.0025421850262002427,54,335,336,199
6,1,6,5,3,153,1,0.0028383779104214817,57,293,294,206
6,1,6,6,29,179,1,0.0035649036994485827,56,293,294,211
6,1,6,7,2,152,1,0.0036564911466579414,57,335,336,199
6,1,6,8,18,168,1,0.0036768536747292285,56,302,303,205
6,1,6,9,26,176,1,0.0041569332557934331,55,343,344,199
6,1,6,10,19,169,1,0.0042535090065953761,51,362,363,195
6,1,6,11,6,156,1,0.004410190210646329,54,317,318,202
6,1,6,12,7,157,1,0.0044614626562903973,61,322,323,211
6,1,6,13,10,160,1,0.0048274621589613912,57,327,328,201
6,1,6,14,13,163,1,0.004942124792975627,56,368,369,203
6,1,6,15,9,159,1,0.0053602026612316412,59,325,326,206
6,1,6,16,16,166,1,0.00742975402348849,55,356,357,205
6,1,6,17,28,178,0,0.0052410259727485456,54,600,600,197
6,1,6,18,27,177,0,0.0083397162031052519,53,600,600,197
6,1,6,19,25,175,0,0.0093176331344813641,56,600,600,198
6,1,6,20,1,151,0,0.010735575655074074,53,600,600,194
6,1,6,21,12,162,0,0.011065347134694746,57,600,600,195
6,1,6,22,24,174,0,0.011110509712812196,59,600,600,202
6,1,6,23,30,180,0,0.011122208409360573,54,600,600,192
6,1,6,24,20,170,0,0.011448350216379794,55,600,600,199
6,1,6,25,8,158,0,0.01407376554170111,57,600,600,208
6,1,6,26,15,165,0,0.019176102051334212,55,600,600,197
6,1,6,27,11,161,0,0.021462291282685269,55,600,600,200
6,1,6,28,23,173,0,0.022072706883740037,59,600,600,206
6,1,6,29,22,172,0,0.023280880051352443,52,600,600,203
6,1,6,30,17,167,0,0.023979008739979601,53,600,600,209
6,1,7,1,23,203,1,0.00028272372522079447,53,308,309,203
6,1,7,2,10,190,1,0.00028695107862792077,53,318,319,198
6,1,7,3,19,199,1,0.00087975717388641926,51,321,322,195
6,1,7,4,7,187,1,0.0011001197172362674,55,340,341,201
6,1,7,5,12,192,1,0.001260657706785508,49,324,325,200
6,1,7,6,5,185,1,0.0019398551768352954,51,306,307,203
6,1,7,7,16,196,1,0.0022385487606467985,48,314,315,199
6,1,7,8,24,204,1,0.0031670003731725021,50,340,341,196
6,1,7,9,3,183,1,0.0032716776120063854,55,308,309,207
6,1,7,10,26,206,1,0.0039220731089407383,57,382,383,200
6,1,7,11,18,198,1,0.004625114003118139,49,324,325,191
6,1,7,12,1,181,1,0.004733064483159577,52,316,317,199
6,1,7,13,27,207,1,0.0047412196624495402,55,334,335,200
6,1,7,14,9,189,1,0.00474635078095661,53,337,338,195
6,1,7,15,30,210,1,0.0055222495343126218,50,325,326,198
6,1,7,16,20,200,1,0.0084321473728317196,56,311,312,208
6,1,7,17,15,195,1,0.0091479801819062886,52,422,423,198
6,1,7,18,2,182,1,0.009371959105856642,54,437,438,199
6,1,7,19,29,209,1,0.010483405159536704,56,368,369,202
6,1,7,20,6,186,1,0.01102653607869915,51,444,445,196
6,1,7,21,22,202,0,0.014440684956218577,48,600,600,193
6,1,7,22,17,197,0,0.014596017567881352,55,600,600,204
6,1,7,23,28,208,0,0.015672925173742282,51,600,600,200
6,1,7,24,21,201,0,0.017037595367591377,45,600,600,190
6,1,7,25,4,184,0,0.018015246628531625,50,600,600,198
6,1,7,26,13,193,0,0.019878517305994058,54,600,600,205
6,1,7,27,14,194,0,0.020532013117926032,56,600,600,199
6,1,7,28,8,188,0,0.022803537584964787,52,600,600,193
6,1,7,29,25,205,0,0.023871304147144817,50,600,600,195
6,1,7,30,11,191,0,0.024216753380237991,50,600,600,195
6,1,8,1,29,239,1,0.00059204186616340583,56,339,340,193
6,1,8,2,19,229,1,0.00084822223160444128,61,305,306,204
6,1,8,3,16,226,1,0.00087598663199784071,58,321,322,199
6,1,8,4,17,227,1,0.00095969466338054633,61,333,334,204
6,1,8,5,30,240,1,0.0012286627539516582,57,334,335,198
6,1,8,6,4,214,1,0.0012848942485091193,59,315,316,205
6,1,8,7,28,238,1,0.0013950398496648084,53,307,308,197
6,1,8,8,11,221,1,0.0014341155710980707,58,312,313,204
6,1,8,9,2,212,1,0.0017996297782724199,64,318,319,209
6,1,8,10,9,219,1,0.0020624358527558161,53,333,334,195
6,1,8,11,23,233,1,0.002101041296403156,61,343,344,202
6,1,8,12,25,235,1,0.0022181609071833968,50,351,352,195
6,1,8,13,1,211,1,0.0023321290353626564,63,331,332,208
6,1,8,14,26,236,1,0.0023995485578413708,53,344,345,190
6,1,8,15,24,234,1,0.0024007818413736529,53,380,381,195
6,1,8,16,21,231,1,0.0036630844914058523,60,300,301,204
6,1,8,17,20,230,1,0.0040421421127644361,60,293,294,206
6,1,8,18,5,215,1,0.0041893267091115778,62,361,362,206
6,1,8,19,8,218,1,0.0045173614773029464,56,362,363,201
6,1,8,20,14,224,1,0.0049758407098444866,53,350,351,196
6,1,8,21,22,232,1,0.0070500261206106309,55,536,537,200
6,1,8,22,27,237,0,0.01098939418012318,57,600,600,199
6,1,8,23,6,216,0,0.011881047234265224,59,600,600,199
6,1,8,24,3,213,0,0.012730526172773272,51,600,600,197
6,1,8,25,7,217,0,0.014478465913943285,47,600,600,192
6,1,8,26,12,222,0,0.015655510446533915,54,600,600,199
6,1,8,27,15,225,0,0.017614997003280865,58,600,600,203
6,1,8,28,10,220,0,0.024638471450518139,52,600,600,196
6,1,8,29,13,223,0,0.029571200899576464,63,600,600,208
6,1,8,30,18,228,0,0.035756623496672114,56,600,600,209
7,1,1,1,26,26,1,0.00014867420593543562,52,325,326,199
7,1,1,2,1,1,1,0.0002883123746961446,60,300,301,207
7,1,1,3,30,30,1,0.00033921277576422302,58,328,329,197
7,1,1,4,7,7,1,0.00039729177315221556,61,311,312,211
7,1,1,5,22,22,1,0.00057468251131035026,53,359,360,195
7,1,1,6,18,18,1,0.00068543416703273179,62,362,363,205
7,1,1,7,5,5,1,0.00069936558327467983,60,318,319,206
7,1,1,8,9,9,1,0.00093274531579976157,53,370,371,195
7,1,1,9,24,24,1,0.001274462276896622,52,319,320,197
7,1,1,10,23,23,1,0.0012934203703589373,55,302,303,204
7,1,1,11,2,2,1,0.0013108789650867997,54,328,329,198
7,1,1,12,4,4,1,0.0013184786213025718,57,329,330,204
7,1,1,13,19,19,1,0.0014305108107983244,64,327,328,213
7,1,1,14,25,25,1,0.0015861808901971302,62,322,323,200
7,1,1,15,10,10,1,0.0018789615398989998,56,323,324,195
7,1,1,16,15,15,1,0.0021717458110438238,49,319,320,193
7,1,1,17,28,28,1,0.0022130086084772393,55,308,309,203
7,1,1,18,13,13,1,0.0022883905651374793,55,356,357,202
7,1,1,19,14,14,1,0.0023119926783041274,53,309,310,198
7,1,1,20,16,16,1,0.0029119388843605785,57,283,284,211
7,1,1,21,17,17,1,0.0036214005435437186,54,310,311,197
7,1,1,22,20,20,1,0.0039927560822896318,53,283,284,201
7,1,1,23,3,3,1,0.0043761338082184253,58,298,299,203
7,1,1,24,27,27,1,0.0044159490116570006,59,279,280,210
7,1,1,25,12,12,1,0.004958563707249352,54,270,271,200
7,1,1,26,29,29,0,0.0020819016179958803,55,600,600,192
7,1,1,27,11,11,0,0.0028082061818723754,69,600,600,206
7,1,1,28,6,6,0,0.0039443943735063399,56,600,600,193
7,1,1,29,21,21,0,0.0056704263695288824,53,600,600,198
7,1,1,30,8,8,0,0.014215072731115193,59,600,600,192
7,1,2,1,10,40,1,0.00060806175696519291,54,345,346,195
7,1,2,2,20,50,1,0.00065241957288844491,56,320,321,197
7,1,2,3,23,53,1,0.00073139865896655479,56,338,339,200
7,1,2,4,13,43,1,0.00073663808535895598,59,341,342,199
7,1,2,5,9,39,1,0.00083566613476558649,55,346,347,196
7,1,2,6,2,32,1,0.0010101025692552117,55,301,302,201
7,1,2,7,6,36,1,0.0014303812206477703,53,307,308,200
7,1,2,8,17,47,1,0.0015110625768187855,51,345,346,192
7,1,2,9,5,35,1,0.0017196916903503329,61,335,336,203
7,1,2,10,8,38,1,0.0017239497152062837,55,321,322,200
7,1,2,11,15,45,1,0.0020630484424918063,53,330,331,200
7,1,2,12,24,54,1,0.0022677896419071304,56,348,349,201
7,1,2,13,18,48,1,0.0027682074186629007,55,313,314,195
7,1,2,14,3,33,1,0.0035005704317821948,66,356,357,205
7,1,2,15,1,31,1,0.0039572934487221425,55,321,322,201
7,1,2,16,7,37,1,0.0041824288097475912,57,335,336,197
7,1,2,17,30,60,1,0.0042144252219350102,55,324,325,201
7,1,2,18,28,58,0,0.01045442925993224,49,600,600,193
7,1,2,19,12,42,0,0.014265647759689177,56,600,600,202
7,1,2,20,19,49,0,0.014639949348209199,49,600,600,191
7,1,2,21,11,41,0,0.014780865599793634,50,600,600,190
7,1,2,22,22,52,0,0.016158368576548485,53,600,600,198
7,1,2,23,4,34,0,0.016756797417988151,53,600,600,193
7,1,2,24,21,51,0,0.017453578405894749,58,600,600,197
7,1,2,25,14,44,0,0.020471910447830841,54,600,600,195
7,1,2,26,25,55,0,0.026736960113433468,55,600,600,200
7,1,2,27,27,57,0,0.02880020327611257,55,600,600,194
7,1,2,28,16,46,0,0.029789718298200828,58,600,600,207
7,1,2,29,29,59,0,0.031036975431348039,51,600,600,207
7,1,2,30,26,56,0,0.039168924975090683,52,600,600,193
7,1,3,1,8,68,1,0.00039599648744258501,55,308,309,203
7,1,3,2,30,90,1,0.0012850836765144085,52,313,314,202
7,1,3,3,7,67,1,0.0013278751822584554,55,314,315,201
7,1,3,4,27,87,1,0.001617106432677177,57,293,294,214
7,1,3,5,10,70,1,0.0016676711749621757,59,326,327,205
7,1,3,6,28,88,1,0.0017917683836731432,56,289,290,209
7,1,3,7,29,89,1,0.0019456556631654435,50,378,379,192
7,1,3,8,1,61,1,0.002615886690546145,53,335,336,197
7,1,3,9,26,86,1,0.0027514542913344223,57,279,280,215
7,1,3,10,24,84,1,0.0030871439726430968,56,301,302,205
7,1,3,11,23,83,1,0.0033377224983286557,57,284,285,218
7,1,3,12,18,78,1,0.0037641825009910885,59,319,320,206
7,1,3,13,15,75,1,0.0045956394840995117,54,333,334,204
7,1,3,14,14,74,1,0.0048547003966733443,54,296,297,207
7,1,3,15,20,80,1,0.0049730402754932911,59,333,334,207
7,1,3,16,5,65,1,0.0052590930091686158,56,306,307,209
7,1,3,17,3,63,1,0.0063715193017693916,51,361,362,198
7,1,3,18,21,81,1,0.006730105676378253,51,306,307,203
7,1,3,19,6,66,1,0.0071019152904949505,57,321,322,209
7,1,3,20,17,77,1,0.0094276603877628245,56,452,453,201
7,1,3,21,22,82,0,0.0074722013662915704,56,600,600,200
7,1,3,22,9,69,0,0.010979492380415673,52,600,600,190
7,1,3,23,2,62,0,0.01184036547987374,59,600,600,202
7,1,3,24,19,79,0,0.011970280920878231,54,600,600,198
7,1,3,25,13,73,0,0.01460122863846793,54,600,600,192
7,1,3,26,12,72,0,0.015108819204381075,55,600,600,197
7,1,3,27,11,71,0,0.017047603806865645,55,600,600,203
7,1,3,28,4,64,0,0.022165321687193432,48,600,600,199
7,1,3,29,16,76,0,0.028333127583084605,54,600,600,193
7,1,3,30,25,85,0,0.043124162823525512,61,600,600,221
7,1,4,1,28,118,1,0.00018594567274757192,57,282,283,210
7,1,4,2,24,114,1,0.00037005597442495109,57,357,358,199
7,1,4,3,1,91,1,0.00042764161495267069,52,295,296,198
7,1,4,4,19,109,1,0.00057859961622612596,51,324,325,195
7,1,4,5,7,97,1,0.00065013403082630247,62,429,430,202
7,1,4,6,21,111,1,0.00093251555778198182,54,353,354,197
7,1,4,7,25,115,1,0.001141886447780087,55,298,299,201
7,1,4,8,23,113,1,0.0011652968649752916,61,274,275,211
7,1,4,9,14,104,1,0.001374433462651188,58,316,317,207
7,1,4,10,26,116,1,0.001376820619707197,63,316,317,205
7,1,4,11,9,99,1,0.0014362591264337574,59,336,337,200
7,1,4,12,3,93,1,0.0014929371606404432,56,360,361,203
7,1,4,13,5,95,1,0.0015419069671073382,53,264,265,211
7,1,4,14,13,103,1,0.0016638960605567642,56,318,319,198
7,1,4,15,17,107,1,0.0017716139238559843,49,286,287,192
7,1,4,16,4,94,1,0.0021709931832853704,49,328,329,188
7,1,4,17,27,117,1,0.0024678292027036064,56,256,257,217
7,1,4,18,8,98,1,0.0028230763421652682,52,314,315,196
7,1,4,19,12,102,1,0.0031124645323932277,52,362,363,193
7,1,4,20,22,112,1,0.0038302166682857579,59,308,309,210
7,1,4,21,15,105,1,0.0044511888559517938,54,375,376,197
7,1,4,22,16,106,0,0.001504748749350404,54,600,600,192
7,1,4,23,10,100,0,0.0017175112847169893,59,600,600,193
7,1,4,24,20,110,0,0.0029947744496005503,63,600,600,203
7,1,4,25,11,101,0,0.0035534566943159927,59,600,600,197
7,1,4,26,18,108,0,0.004509820620190467,63,600,600,203
7,1,4,27,30,120,0,0.0082883737293260179,72,600,600,207
7,1,4,28,2,92,0,0.010258826901984147,50,600,600,186
7,1,4,29,6,96,0,0.010539232801143888,59,600,600,197
7,1,4,30,29,119,0,0.016717422858262714,50,600,600,196
7,1,5,1,21,141,1,0.0005320406881987802,55,289,290,201
7,1,5,2,14,134,1,0.00056380467010618397,57,316,317,204
7,1,5,3,4,124,1,0.0011053551153555974,52,332,333,198
7,1,5,4,6,126,1,0.001220333316042902,62,332,333,201
7,1,5,5,23,143,1,0.0012818711059375514,49,300,301,192
7,1,5,6,5,125,1,0.0018698273292816702,58,337,338,200
7,1,5,7,16,136,1,0.0019143646199603446,51,320,321,192
7,1,5,8,13,133,1,0.0019804681872514578,55,290,291,204
7,1,5,9,24,144,1,0.0020176542309224246,56,346,347,199
7,1,5,10,1,121,1,0.0021217977019912853,54,285,286,203
7,1,5,11,27,147,1,0.0021617194857384506,50,332,333,193
7,1,5,12,20,140,1,0.0026048921430911341,54,319,320,198
7,1,5,13,12,132,1,0.0038455281089376475,65,319,320,210
7,1,5,14,30,150,1,0.0039763707679865172,55,374,375,195
7,1,5,15,17,137,1,0.0042031026466401852,51,367,368,192
7,1,5,16,10,130,1,0.0043768478845074904,49,288,289,197
7,1,5,17,18,138,1,0.0043950375956654276,52,363,364,194
7,1,5,18,8,128,1,0.0052626647460721383,53,273,274,205
7,1,5,19,11,131,1,0.0052795463665483381,51,279,280,197
7,1,5,20,2,122,1,0.0059164159433643193,54,385,386,198
7,1,5,21,9,129,1,0.0067987339472790785,64,375,376,205
7,1,5,22,29,149,1,0.007105990494638649,45,274,275,191
7,1,5,23,22,142,1,0.0072300059132766612,56,347,348,201
7,1,5,24,25,145,0,0.0054789822114337614,61,600,600,203
7,1,5,25,15,135,0,0.0063387335605304624,58,600,600,192
7,1,5,26,28,148,0,0.0078720282704834686,53,600,600,194
7,1,5,27,7,127,0,0.011632912561299131,59,600,600,197
7,1,5,28,3,123,0,0.012458149102783644,62,600,600,202
7,1,5,29,19,139,0,0.013841369107530147,59,600,600,199
7,1,5,30,26,146,0,0.016675707146411218,46,600,600,191
7,1,6,1,5,155,1,0.00053842775768647298,56,307,308,204
7,1,6,2,15,165,1,0.00070327787624361584,55,298,299,203
7,1,6,3,26,176,1,0.0010005204412303675,52,288,289,199
7,1,6,4,22,172,1,0.0012315456434028782,57,304,305,206
7,1,6,5,7,157,1,0.0012401086623397074,53,318,319,201
7,1,6,6,25,175,1,0.0012560123665104753,55,362,363,194
7,1,6,7,8,158,1,0.0013761748707645776,55,346,347,198
7,1,6,8,16,166,1,0.0014760810256741988,57,317,318,204
7,1,6,9,23,173,1,0.001845803843626803,56,311,312,201
7,1,6,10,29,179,1,0.002007390510377887,56,308,309,208
7,1,6,11,28,178,1,0.0020303613723413683,55,341,342,199
7,1,6,12,17,167,1,0.002199588448194676,59,375,376,206
7,1,6,13,27,177,1,0.0022510144929777797,53,375,376,198
7,1,6,14,24,174,1,0.0023069427015778967,56,356,357,203
7,1,6,15,19,169,1,0.0026369169808190683,54,303,304,198
7,1,6,16,3,153,1,0.0031433300371294074,52,352,353,194
7,1,6,17,2,152,1,0.0036709742477446876,55,443,444,195
7,1,6,18,20,170,1,0.0042805354241702634,57,323,324,208
7,1,6,19,10,160,1,0.0045512592183024345,55,345,346,200
7,1,6,20,18,168,1,0.0045967209460295198,55,317,318,203
7,1,6,21,21,171,1,0.0053952959755812335,53,367,368,197
7,1,6,22,11,161,1,0.0055380000772304568,48,327,328,196
7,1,6,23,30,180,1,0.0063818538570715577,52,288,289,202
7,1,6,24,6,156,1,0.010961130551011564,53,355,356,200
7,1,6,25,13,163,1,0.011835178699508645,56,587,588,204
7,1,6,26,14,164,0,0.0089560323628351465,54,600,600,199
7,1,6,27,4,154,0,0.0092581931695504532,52,600,600,194
7,1,6,28,9,159,0,0.013612208580019117,56,600,600,204
7,1,6,29,12,162,0,0.015711930590070023,53,600,600,198
7,1,6,30,1,151,0,0.024381007866852197,57,600,600,209
7,1,7,1,29,209,1,0.0004395133533453675,52,288,289,202
7,1,7,2,20,200,1,0.00077206812763940945,54,343,344,198
7,1,7,3,11,191,1,0.00085183642747052991,51,321,322,197
7,1,7,4,12,192,1,0.0009583032149420664,58,402,403,200
7,1,7,5,19,199,1,0.00102898045759362,54,288,289,200
7,1,7,6,1,181,1,0.0010535024022259192,56,329,330,197
7,1,7,7,6,186,1,0.0012593349627006811,51,314,315,202
7,1,7,8,27,207,1,0.0016462693412724436,53,338,339,200
7,1,7,9,30,210,1,0.0016557088952512645,53,299,300,203
7,1,7,10,8,188,1,0.0016990760038697321,58,312,313,202
7,1,7,11,28,208,1,0.001816623841530187,50,296,297,197
7,1,7,12,18,198,1,0.0018579865646155549,53,348,349,199
7,1,7,13,10,190,1,0.0024479420807100457,56,312,313,206
7,1,7,14,7,187,1,0.0036494857854926697,54,326,327,198
7,1,7,15,21,201,1,0.0038995262452677453,57,320,321,207
7,1,7,16,22,202,1,0.0046097117310443117,56,341,342,205
7,1,7,17,5,185,1,0.0051864006580564313,49,304,305,197
7,1,7,18,16,196,1,0.0056774140242611413,56,330,331,202
7,1,7,19,4,184,1,0.0060577898663567607,56,325,326,199
7,1,7,20,2,182,1,0.0098040659977718467,59,406,407,207
7,1,7,21,15,195,0,0.0025982426662100482,53,600,600,195
7,1,7,22,17,197,0,0.0097023318438593069,58,600,600,201
7,1,7,23,9,189,0,0.012014521738090995,55,600,600,202
7,1,7,24,14,194,0,0.013474639220918341,55,600,600,201
7,1,7,25,25,205,0,0.013981188916622979,50,600,600,196
7,1,7,26,23,203,0,0.015737543849213588,54,600,600,210
7,1,7,27,24,204,0,0.01602443091705992,56,600,600,204
7,1,7,28,3,183,0,0.016614674446107421,56,600,600,202
7,1,7,29,13,193,0,0.02389671581548182,60,600,600,214
7,1,7,30,26,206,0,0.034290682282360312,54,600,600,198
7,1,8,1,8,218,1,0.00027382238334909212,59,336,337,203
7,1,8,2,11,221,1,0.00087946222988739863,56,310,311,202
7,1,8,3,28,238,1,0.00096115521861411541,60,304,305,202
7,1,8,4,4,214,1,0.0017106951927108413,58,347,348,197
7,1,8,5,7,217,1,0.0020921236927965059,64,318,319,211
7,1,8,6,5,215,1,0.0022924286075959319,49,304,305,191
7,1,8,7,16,226,1,0.0024540276809591759,57,303,304,196
7,1,8,8,9,219,1,0.0031903419545243976,59,328,329,204
7,1,8,9,6,216,1,0.0033823225410194615,52,281,282,195
7,1,8,10,14,224,1,0.0036480855822725654,55,332,333,204
7,1,8,11,25,235,1,0.0041719226208129928,55,312,313,199
7,1,8,12,27,237,1,0.0041946886289256869,62,445,446,202
7,1,8,13,22,232,1,0.0045123978115663189,54,303,304,198
7,1,8,14,2,212,1,0.0046729175650635762,50,290,291,196
7,1,8,15,23,233,1,0.0047416374869204587,60,389,390,201
7,1,8,16,12,222,1,0.005061931739782843,55,364,365,197
7,1,8,17,30,240,1,0.005166773632529589,55,302,303,204
7,1,8,18,24,234,1,0.0060263388529401933,54,322,323,195
7,1,8,19,26,236,1,0.0064264311840192684,55,359,360,197
7,1,8,20,1,211,0,0.0083344343455271884,52,600,600,192
7,1,8,21,20,230,0,0.010710731110826507,59,600,600,191
7,1,8,22,3,213,0,0.01237575726064504,66,600,600,206
7,1,8,23,21,231,0,0.014023571462058085,57,600,600,198
7,1,8,24,17,227,0,0.014030646534387797,52,600,600,194
7,1,8,25,15,225,0,0.016695392215951892,50,600,600,189
7,1,8,26,10,220,0,0.016748421622718623,65,600,600,200
7,1,8,27,13,223,0,0.018160580168615551,60,600,600,201
7,1,8,28,18,228,0,0.021217198091042024,51,600,600,194
7,1,8,29,19,229,0,0.024264734470297939,50,600,600,201
7,1,8,30,29,239,0,0.028961056345496086,54,600,600,201
8,1,1,1,19,19,1,0.00046506165304540601,56,323,324,204
8,1,1,2,9,9,1,0.00048054988948620305,55,360,361,192
8,1,1,3,18,18,1,0.00055091534986403577,59,319,320,205
8,1,1,4,7,7,1,0.00059979006492055938,54,288,289,197
8,1,1,5,10,10,1,0.00071939537187000002,50,290,291,196
8,1,1,6,27,27,1,0.0011601610843994543,57,314,315,198
8,1,1,7,21,21,1,0.0012282851764193765,57,306,307,200
8,1,1,8,11,11,1,0.0013321674223740118,54,321,322,197
8,1,1,9,1,1,1,0.0013498836589242017,52,316,317,190
8,1,1,10,4,4,1,0.0013903779378776516,61,317,318,206
8,1,1,11,6,6,1,0.0017312865325151629,61,284,285,210
8,1,1,12,14,14,1,0.0019522388929022224,61,331,332,198
8,1,1,13,29,29,1,0.0022233742702903016,55,302,303,197
8,1,1,14,24,24,1,0.0023708106414313691,52,292,293,196
8,1,1,15,16,16,1,0.002400720304830128,57,390,391,195
8,1,1,16,25,25,1,0.0027589307733460397,62,384,385,204
8,1,1,17,28,28,1,0.002850177337686775,53,300,301,196
8,1,1,18,22,22,1,0.0030583577851522746,58,337,338,205
8,1,1,19,20,20,1,0.003477551237410528,52,292,293,199
8,1,1,20,15,15,1,0.0038268576315385675,53,287,288,201
8,1,1,21,30,30,1,0.0041108326277283719,60,297,298,204
8,1,1,22,23,23,1,0.0045962312566295484,51,333,334,198
8,1,1,23,5,5,1,0.0054797156200113379,64,409,410,204
8,1,1,24,2,2,1,0.0074290006979146018,51,259,260,198
8,1,1,25,3,3,0,0.0064465774081170352,55,600,600,196
8,1,1,26,13,13,0,0.0094345717708352005,66,600,600,207
8,1,1,27,26,26,0,0.010523385160549263,63,600,600,201
8,1,1,28,12,12,0,0.011323785699040894,60,600,600,191
8,1,1,29,8,8,0,0.012401906321238767,72,600,600,205
8,1,1,30,17,17,0,0.012607627421091882,57,600,600,188
8,1,2,1,7,37,1,0.00055816777185761616,60,313,314,198
8,1,2,2,18,48,1,0.00057534488804612534,53,290,291,197
8,1,2,3,24,54,1,0.00064351853263841128,54,297,298,198
8,1,2,4,16,46,1,0.00087285260634339555,56,330,331,198
8,1,2,5,12,42,1,0.00097669602738009492,51,309,310,195
8,1,2,6,10,40,1,0.0013216165883707573,56,322,323,195
8,1,2,7,1,31,1,0.0014327805691845615,57,309,310,202
8,1,2,8,14,44,1,0.0015312000393142883,54,326,327,199
8,1,2,9,19,49,1,0.0016556088558187471,56,314,315,197
8,1,2,10,29,59,1,0.001846928094133687,57,375,376,197
8,1,2,11,17,47,1,0.0018674831747729466,54,307,308,196
8,1,2,12,21,51,1,0.0019487780464755888,58,341,342,203
8,1,2,13,4,34,1,0.0021510837127462499,52,333,334,193
8,1,2,14,11,41,1,0.0024647355807433397,56,310,311,197
8,1,2,15,20,50,1,0.0035056627474364228,62,343,344,198
8,1,2,16,13,43,1,0.003619226830301389,57,362,363,200
8,1,2,17,22,52,1,0.0044368199071929708,60,370,371,201
8,1,2,18,26,56,1,0.0047584627243805085,53,307,308,195
8,1,2,19,2,32,1,0.0083374644279329748,54,354,355,193
8,1,2,20,8,38,1,0.0083969534574322748,59,343,344,209
8,1,2,21,30,60,0,0.013190389502842232,62,600,600,203
8,1,2,22,5,35,0,0.014210077204897156,57,600,600,197
8,1,2,23,9,39,0,0.015836328420115269,58,600,600,206
8,1,2,24,6,36,0,0.01635026898669404,59,600,600,206
8,1,2,25,23,53,0,0.017226469043150738,53,600,600,191
8,1,2,26,25,55,0,0.017464123815336609,58,600,600,203
8,1,2,27,3,33,0,0.017561793345162485,63,600,600,207
8,1,2,28,27,57,0,0.020028920364085736,58,600,600,205
8,1,2,29,15,45,0,0.026697874781313389,59,600,600,199
8,1,2,30,28,58,0,0.030149130225035063,61,600,600,209
8,1,3,1,2,62,1,0.00029908049840271186,57,304,305,201
8,1,3,2,22,82,1,0.00078972482460367267,58,291,292,204
8,1,3,3,3,63,1,0.0008293498026736263,59,351,352,201
8,1,3,4,20,80,1,0.00090101333091534644,67,310,311,218
8,1,3,5,9,69,1,0.001096196150096123,56,451,452,192
8,1,3,6,11,71,1,0.0013644347436189996,63,304,305,211
8,1,3,7,7,67,1,0.0017441409988580522,68,392,393,211
8,1,3,8,26,86,1,0.0018671037568436472,50,305,306,196
8,1,3,9,10,70,1,0.0018966079053575342,56,370,371,196
8,1,3,10,27,87,1,0.0021272953356341134,59,301,302,204
8,1,3,11,25,85,1,0.0023307734387517098,62,326,327,215
8,1,3,12,4,64,1,0.0035687956884302412,66,341,342,217
8,1,3,13,21,81,1,0.0036497513395514283,57,322,323,204
8,1,3,14,12,72,1,0.0041786283523486262,55,293,294,208
8,1,3,15,16,76,1,0.0042984147778517738,56,318,319,206
8,1,3,16,1,61,1,0.0044234278954756482,60,334,335,206
8,1,3,17,17,77,1,0.0053990535086052161,53,322,323,197
8,1,3,18,19,79,1,0.0055326925039942609,57,294,295,202
8,1,3,19,30,90,1,0.0056079815913378751,61,309,310,212
8,1,3,20,6,66,1,0.0058686257140671862,59,368,369,205
8,1,3,21,24,84,1,0.0070273190698425404,59,396,397,203
8,1,3,22,28,88,1,0.0074859075873235127,54,326,327,199
8,1,3,23,29,89,0,0.0030147333254944885,56,600,600,193
8,1,3,24,18,78,0,0.0077973991610615504,58,600,600,201
8,1,3,25,23,83,0,0.010289212708740218,57,600,600,194
8,1,3,26,13,73,0,0.012724150211766157,57,600,600,195
8,1,3,27,8,68,0,0.012748842151098502,62,600,600,202
8,1,3,28,15,75,0,0.013784483347226711,56,600,600,202
8,1,3,29,14,74,0,0.016510240597384176,60,600,600,203
8,1,3,30,5,65,0,0.017031421280127468,61,600,600,205
8,1,4,1,3,93,1,0.00046783825715999381,47,381,382,184
8,1,4,2,11,101,1,0.00066972978279373173,58,320,321,200
8,1,4,3,1,91,1,0.00078452177856293791,58,304,305,208
8,1,4,4,8,98,1,0.00086996642512771158,59,378,379,202
8,1,4,5,4,94,1,0.00095615602581818298,49,296,297,193
8,1,4,6,16,106,1,0.0012391452222302148,56,339,340,200
8,1,4,7,5,95,1,0.0014877250943450952,50,326,327,195
8,1,4,8,10,100,1,0.0017855192757963514,60,311,312,205
8,1,4,9,21,111,1,0.0021554344931882714,54,313,314,198
8,1,4,10,14,104,1,0.0024717831851684253,69,441,442,212
8,1,4,11,15,105,1,0.0025066427413529008,52,307,308,204
8,1,4,12,6,96,1,0.0029091532366723911,55,277,278,201
8,1,4,13,25,115,1,0.0031651611968186665,53,279,280,203
8,1,4,14,18,108,1,0.0032876681950531656,53,247,248,202
8,1,4,15,26,116,1,0.0034210312490124801,66,335,336,209
8,1,4,16,9,99,1,0.003489330339275354,60,390,391,200
8,1,4,17,17,107,1,0.0036187141334079226,58,318,319,204
8,1,4,18,28,118,1,0.0037634581126194818,55,331,332,198
8,1,4,19,12,102,1,0.0048594647876870891,52,329,330,192
8,1,4,20,30,120,1,0.0062582377300309973,47,327,328,195
8,1,4,21,27,117,1,0.0073595898461982145,57,301,302,206
8,1,4,22,19,109,0,0.0019370179118517578,47,600,600,186
8,1,4,23,20,110,0,0.0037389879131959707,53,600,600,192
8,1,4,24,24,114,0,0.0048903234311337045,58,600,600,192
8,1,4,25,2,92,0,0.007266619125682482,55,600,600,195
8,1,4,26,29,119,0,0.01100195381080999,55,600,600,194
8,1,4,27,7,97,0,0.011536346250985522,53,600,600,194
8,1,4,28,22,112,0,0.013505303724072814,50,600,600,189
8,1,4,29,13,103,0,0.014640132146052351,54,600,600,193
8,1,4,30,23,113,0,0.015578080240267387,51,600,600,196
8,1,5,1,14,134,1,0.00031658795578564243,51,271,272,203
8,1,5,2,1,121,1,0.00068810355893002923,56,359,360,195
8,1,5,3,15,135,1,0.00079341413721979791,55,399,400,196
8,1,5,4,11,131,1,0.00080362131639326925,52,290,291,195
8,1,5,5,24,144,1,0.00091122566832236586,49,294,295,197
8,1,5,6,8,128,1,0.00095891690668415438,61,331,332,207
8,1,5,7,13,133,1,0.00096780214900722456,55,328,329,194
8,1,5,8,12,132,1,0.0010048465854837151,56,298,299,206
8,1,5,9,2,122,1,0.0012180624035572172,61,367,368,200
8,1,5,10,6,126,1,0.0014815305124598866,55,330,331,202
8,1,5,11,3,123,1,0.0015097025153895571,54,388,389,193
8,1,5,12,19,139,1,0.0020749215837151465,55,309,310,200
8,1,5,13,5,125,1,0.00251905980656885,50,341,342,193
8,1,5,14,26,146,1,0.0028394742518976866,58,277,278,206
8,1,5,15,10,130,1,0.0029497796574540782,57,356,357,200
8,1,5,16,4,124,1,0.0030393701284231302,58,338,339,201
8,1,5,17,27,147,1,0.0032814320279638859,50,408,409,189
8,1,5,18,16,136,1,0.0038244666148568775,56,297,298,206
8,1,5,19,17,137,1,0.0045487812329270084,59,341,342,201
8,1,5,20,18,138,1,0.0050103187417533434,59,367,368,201
8,1,5,21,30,150,1,0.0061386271924301758,51,296,297,195
8,1,5,22,22,142,1,0.0061777972584496329,46,280,281,195
8,1,5,23,21,141,0,0.0011853191287493437,57,600,600,198
8,1,5,24,23,143,0,0.0014707927799258599,60,600,600,203
8,1,5,25,25,145,0,0.0033652881614371672,65,600,600,203
8,1,5,26,20,140,0,0.005173383513963856,52,600,600,193
8,1,5,27,7,127,0,0.0076526640423671983,51,600,600,191
8,1,5,28,29,149,0,0.011217155357279676,64,600,600,202
8,1,5,29,28,148,0,0.018573630771736939,64,600,600,201
8,1,5,30,9,129,0,0.019575143445592236,50,600,600,185
8,1,6,1,23,173,1,0.00086932752758095639,55,305,306,204
8,1,6,2,27,177,1,0.0008963479800807219,56,335,336,201
8,1,6,3,22,172,1,0.00090343714365085249,55,361,362,197
8,1,6,4,5,155,1,0.00092663167366545981,55,319,320,201
8,1,6,5,1,151,1,0.0011878823137553925,53,314,315,200
8,1,6,6,17,167,1,0.0014553967720600856,57,322,323,203
8,1,6,7,11,161,1,0.0029258206417072481,55,335,336,199
8,1,6,8,4,154,1,0.0033537930630710509,57,308,309,202
8,1,6,9,18,168,1,0.0036383697506571873,57,351,352,204
8,1,6,10,7,157,1,0.0037663858882798175,55,368,369,198
8,1,6,11,30,180,1,0.0038639004232383796,54,304,305,206
8,1,6,12,2,152,1,0.0039980090766685962,55,300,301,203
8,1,6,13,28,178,1,0.0046106850917780051,57,321,322,208
8,1,6,14,13,163,1,0.005145086105725837,53,311,312,204
8,1,6,15,24,174,1,0.0055377551991148575,56,301,302,208
8,1,6,16,14,164,1,0.0061299769941135568,52,354,355,196
8,1,6,17,21,171,1,0.0074556992490221281,60,479,480,204
8,1,6,18,29,179,1,0.012102361773593667,57,529,530,201
8,1,6,19,19,169,0,0.005622885390373855,57,600,600,194
8,1,6,20,10,160,0,0.0065165583252055816,54,600,600,195
8,1,6,21,6,156,0,0.01196040844408496,52,600,600,190
8,1,6,22,25,175,0,0.014456544448928233,55,600,600,197
8,1,6,23,26,176,0,0.016664801348782628,54,600,600,198
8,1,6,24,12,162,0,0.020588983658315203,51,600,600,201
8,1,6,25,20,170,0,0.020642979197157036,51,600,600,192
8,1,6,26,3,153,0,0.022276536010069986,56,600,600,203
8,1,6,27,15,165,0,0.025896120532235542,57,600,600,202
8,1,6,28,9,159,0,0.026232657594358832,54,600,600,198
8,1,6,29,8,158,0,0.027146431685335773,57,600,600,203
8,1,6,30,16,166,0,0.028136028987074731,59,600,600,210
8,1,7,1,25,205,1,0.00034633140489648148,54,290,291,205
8,1,7,2,8,188,1,0.00083995042769495953,55,338,339,198
8,1,7,3,6,186,1,0.00098539119563148753,56,312,313,201
8,1,7,4,1,181,1,0.0011105443291938059,52,300,301,203
8,1,7,5,23,203,1,0.0012269494444351093,56,325,326,204
8,1,7,6,20,200,1,0.00132275407635251,56,308,309,209
8,1,7,7,24,204,1,0.0015511789963144125,53,312,313,196
8,1,7,8,4,184,1,0.0019428679563155736,51,309,310,199
8,1,7,9,16,196,1,0.0019591155336532878,54,298,299,207
8,1,7,10,14,194,1,0.0021692513099601241,54,332,333,202
8,1,7,11,28,208,1,0.00271183017675914,54,320,321,196
8,1,7,12,11,191,1,0.0031629475810308317,54,327,328,200
8,1,7,13,27,207,1,0.003735671658283546,53,320,321,197
8,1,7,14,10,190,1,0.0037875457275789808,53,301,302,202
8,1,7,15,18,198,1,0.0050940880910862515,52,322,323,196
8,1,7,16,21,201,1,0.0057915055161188956,54,333,334,200
8,1,7,17,5,185,1,0.0058091458808802879,54,314,315,199
8,1,7,18,26,206,1,0.0098027252615976741,49,448,449,192
8,1,7,19,12,192,0,0.015605205150691352,58,600,600,202
8,1,7,20,17,197,0,0.018085357888940608,52,600,600,200
8,1,7,21,13,193,0,0.018351692852473841,59,600,600,201
8,1,7,22,29,209,0,0.018444357910686,48,600,600,191
8,1,7,23,2,182,0,0.019385969002479429,54,600,600,197
8,1,7,24,30,210,0,0.02038471063077938,60,600,600,208
8,1,7,25,3,183,0,0.021177151400249464,53,600,600,193
8,1,7,26,15,195,0,0.022798889784062217,56,600,600,201
8,1,7,27,9,189,0,0.022893983012545492,55,600,600,205
8,1,7,28,19,199,0,0.023043707075070807,50,600,600,191
8,1,7,29,7,187,0,0.02593191908450064,47,600,600,190
8,1,7,30,22,202,0,0.026743527997566099,56,600,600,209
8,1,8,1,4,214,1,0.0005709260969602426,51,301,302,196
8,1,8,2,17,227,1,0.00070183692247159472,59,328,329,203
8,1,8,3,14,224,1,0.00093220367205282804,56,346,347,192
8,1,8,4,15,225,1,0.00099496083909978209,55,341,342,198
8,1,8,5,25,235,1,0.0013910947302210404,58,315,316,206
8,1,8,6,23,233,1,0.0014011431024112775,57,311,312,206
8,1,8,7,24,234,1,0.0018044107628319218,59,329,330,202
8,1,8,8,20,230,1,0.0018983934421010669,62,326,327,205
8,1,8,9,30,240,1,0.0025013789180928581,54,362,363,193
8,1,8,10,29,239,1,0.0027194100480235767,52,300,301,195
8,1,8,11,6,216,1,0.0030302201437940927,60,355,356,201
8,1,8,12,7,217,1,0.0034021174236173852,52,296,297,198
8,1,8,13,10,220,1,0.0034224096930376897,50,315,316,195
8,1,8,14,2,212,1,0.0040401395996952413,56,404,405,200
8,1,8,15,12,222,1,0.004692644554045426,59,310,311,203
8,1,8,16,3,213,1,0.0047036048490496822,53,328,329,195
8,1,8,17,19,229,1,0.0048114260221974198,65,476,477,207
8,1,8,18,27,237,1,0.0052226419576539892,46,293,294,193
8,1,8,19,9,219,1,0.0061992438194466157,57,319,320,204
8,1,8,20,5,215,1,0.0066732170434142153,56,305,306,195
8,1,8,21,11,221,0,0.0047338234312932475,58,600,600,199
8,1,8,22,28,238,0,0.006975167478099468,60,600,600,197
8,1,8,23,26,236,0,0.0098106863586921497,64,600,600,201
8,1,8,24,8,218,0,0.011987497787677976,60,600,600,203
8,1,8,25,16,226,0,0.014165837748918005,56,600,600,193
8,1,8,26,22,232,0,0.018092359657690873,59,600,600,194
8,1,8,27,18,228,0,0.020155648756523065,55,600,600,196
8,1,8,28,1,211,0,0.020197757094002979,53,600,600,196
8,1,8,29,13,223,0,0.025467351839148257,50,600,600,197
8,1,8,30,21,231,0,0.029960392876587461,53,600,600,203
9,1,1,1,6,6,1,0.00026350287558035912,58,339,340,197
9,1,1,2,15,15,1,0.0002878273756502925,52,312,313,200
9,1,1,3,11,11,1,0.00094745079594941376,53,308,309,206
9,1,1,4,30,30,1,0.0011372496688778844,57,311,312,199
9,1,1,5,8,8,1,0.0011753296564239609,58,295,296,204
9,1,1,6,3,3,1,0.0011902846412783893,54,296,297,205
9,1,1,7,29,29,1,0.0012212770865244189,62,366,367,204
9,1,1,8,9,9,1,0.0012262245052102603,52,291,292,199
9,1,1,9,21,21,1,0.001230845763976646,59,327,328,200
9,1,1,10,27,27,1,0.0013266626227007002,56,289,290,205
9,1,1,11,7,7,1,0.0017075876205778506,54,299,300,201
9,1,1,12,13,13,1,0.0017473765918665203,54,291,292,199
9,1,1,13,18,18,1,0.0018311199445024558,61,368,369,208
9,1,1,14,23,23,1,0.0020928688517588083,54,330,331,194
9,1,1,15,10,10,1,0.0021068695579224157,57,365,366,205
9,1,1,16,4,4,1,0.0021129223168500572,64,373,374,201
9,1,1,17,24,24,1,0.0026427906855277265,53,272,273,208
9,1,1,18,26,26,1,0.002835429623908042,49,279,280,208
9,1,1,19,2,2,1,0.0036073144119061311,49,271,272,196
9,1,1,20,16,16,1,0.0039002098770355015,57,282,283,204
9,1,1,21,12,12,1,0.0039845250981118911,55,398,399,198
9,1,1,22,5,5,1,0.0042651441674640394,64,337,338,207
9,1,1,23,25,25,1,0.0044942967570598983,58,300,301,205
9,1,1,24,20,20,1,0.0045734875970227717,56,276,277,209
9,1,1,25,14,14,1,0.0057865424754321507,50,284,285,200
9,1,1,26,28,28,0,0.0055501997766060976,54,600,600,188
9,1,1,27,19,19,0,0.01059431324953692,51,600,600,189
9,1,1,28,17,17,0,0.011060738385715667,58,600,600,199
9,1,1,29,22,22,0,0.014366767683028607,56,600,600,189
9,1,1,30,1,1,0,0.01721672670457192,52,600,600,187
9,1,2,1,18,48,1,0.00037220234254079691,54,299,300,197
9,1,2,2,24,54,1,0.00058211783018559339,56,303,304,203
9,1,2,3,2,32,1,0.00066187624838870624,59,320,321,202
9,1,2,4,26,56,1,0.0008931601084853167,54,334,335,200
9,1,2,5,13,43,1,0.00098183452839810783,59,336,337,204
9,1,2,6,3,33,1,0.001247207746266696,55,335,336,198
9,1,2,7,9,39,1,0.00182128932017663,52,309,310,195
9,1,2,8,6,36,1,0.0023914940088321976,58,357,358,200
9,1,2,9,11,41,1,0.0025363630943095899,58,330,331,202
9,1,2,10,20,50,1,0.0025784277124167236,57,325,326,199
9,1,2,11,29,59,1,0.0027283787156144701,55,332,333,198
9,1,2,12,30,60,1,0.002729750316314962,53,302,303,197
9,1,2,13,16,46,1,0.0028091975978196382,55,326,327,194
9,1,2,14,21,51,1,0.0030519654600780258,55,349,350,202
9,1,2,15,19,49,1,0.0030760747721929652,56,315,316,201
9,1,2,16,23,53,1,0.0036898010806239723,55,328,329,197
9,1,2,17,27,57,1,0.0037518316186101095,57,328,329,201
9,1,2,18,5,35,1,0.0038872481870549924,55,315,316,196
9,1,2,19,22,52,1,0.0040462983287443367,56,325,326,199
9,1,2,20,17,47,1,0.0044436093840232067,53,325,326,195
9,1,2,21,7,37,1,0.0045701564524249835,56,333,334,198
9,1,2,22,28,58,1,0.0046971728497502046,53,321,322,198
9,1,2,23,10,40,1,0.0047199403391214164,49,310,311,192
9,1,2,24,25,55,1,0.0068002092408435974,56,364,365,199
9,1,2,25,15,45,0,0.011704436653400707,55,600,600,198
9,1,2,26,12,42,0,0.017785610408566129,58,600,600,205
9,1,2,27,14,44,0,0.019189196518343499,52,600,600,195
9,1,2,28,1,31,0,0.020876977919520884,58,600,600,207
9,1,2,29,4,34,0,0.021760839234010527,57,600,600,198
9,1,2,30,8,38,0,0.022268442738137176,61,600,600,208
9,1,3,1,2,62,1,0.00052387981605250258,57,288,289,210
9,1,3,2,23,83,1,0.0006304456417397477,55,312,313,205
9,1,3,3,8,68,1,0.00081005930914184604,56,355,356,197
9,1,3,4,25,85,1,0.00085283020314328741,52,332,333,197
9,1,3,5,21,81,1,0.00087341331828791455,55,289,290,208
9,1,3,6,4,64,1,0.00092050268256870676,51,300,301,200
9,1,3,7,27,87,1,0.0010264310441716318,54,315,316,201
9,1,3,8,20,80,1,0.0014009039642920911,53,316,317,201
9,1,3,9,30,90,1,0.0016649332984053431,58,343,344,205
9,1,3,10,14,74,1,0.002036481845307055,55,305,306,203
9,1,3,11,5,65,1,0.0021249929877144879,58,394,395,200
9,1,3,12,22,82,1,0.0021896143923850597,55,298,299,204
9,1,3,13,10,70,1,0.0022206332676575264,61,384,385,207
9,1,3,14,7,67,1,0.0023877930885886725,53,295,296,200
9,1,3,15,18,78,1,0.0025297074004590556,50,296,297,199
9,1,3,16,26,86,1,0.0026524284589892382,60,314,315,207
9,1,3,17,1,61,1,0.0027478921980750087,57,335,336,197
9,1,3,18,15,75,1,0.0030692753632852159,54,291,292,209
9,1,3,19,6,66,1,0.0034857199976760459,60,382,383,204
9,1,3,20,28,88,1,0.0034922588856613136,55,309,310,205
9,1,3,21,16,76,1,0.0044543167096408407,53,364,365,199
9,1,3,22,9,69,1,0.0047619274433370199,54,332,333,200
9,1,3,23,3,63,1,0.0059723461878615144,55,297,298,206
9,1,3,24,13,73,1,0.0067069616671944698,50,320,321,199
9,1,3,25,19,79,1,0.0089319702490314647,49,297,298,198
9,1,3,26,17,77,0,0.010017442457710373,49,600,600,185
9,1,3,27,29,89,0,0.012448144037596845,57,600,600,199
9,1,3,28,12,72,0,0.014892784844840981,56,600,600,192
9,1,3,29,11,71,0,0.024771967801991531,52,600,600,193
9,1,3,30,24,84,0,0.026514766146653365,54,600,600,196
9,1,4,1,12,102,1,0.00039872923387647771,51,276,277,210
9,1,4,2,7,97,1,0.00040263834385651745,62,302,303,208
9,1,4,3,13,103,1,0.00040615137528069595,53,298,299,197
9,1,4,4,9,99,1,0.0004913410728717122,54,308,309,200
9,1,4,5,4,94,1,0.00051658389249772474,47,300,301,190
9,1,4,6,24,114,1,0.00067839740741738354,50,353,354,197
9,1,4,7,14,104,1,0.00079099230560956014,52,279,280,197
9,1,4,8,19,109,1,0.00082402157467514664,56,313,314,204
9,1,4,9,2,92,1,0.0010101481053248443,58,349,350,198
9,1,4,10,1,91,1,0.0010410281995687487,58,302,303,202
9,1,4,11,5,95,1,0.0011218634829963537,52,310,311,201
9,1,4,12,17,107,1,0.0013686899614126237,61,378,379,199
9,1,4,13,29,119,1,0.0016412165940311288,56,346,347,195
9,1,4,14,20,110,1,0.0017224200758368781,51,342,343,191
9,1,4,15,6,96,1,0.0017783963792199044,54,377,378,197
9,1,4,16,3,93,1,0.0019412144420541612,48,278,279,192
9,1,4,17,28,118,1,0.0019728277308424412,59,382,383,198
9,1,4,18,8,98,1,0.002912230518723411,52,296,297,197
9,1,4,19,15,105,1,0.0030076249487941673,56,340,341,201
9,1,4,20,27,117,1,0.0030721024309453898,51,241,242,206
9,1,4,21,21,111,1,0.0039216678169607545,62,326,327,206
9,1,4,22,16,106,1,0.0039459521787244354,55,262,263,208
9,1,4,23,26,116,1,0.0047684439247005451,56,315,316,204
9,1,4,24,10,100,1,0.0048522056960511248,62,299,300,214
9,1,4,25,25,115,1,0.0051841939709973556,62,334,335,207
9,1,4,26,22,112,1,0.0058830824581392908,57,343,344,203
9,1,4,27,18,108,0,0.0015983177973255497,59,600,600,195
9,1,4,28,11,101,0,0.002123889661512932,52,600,600,190
9,1,4,29,23,113,0,0.0082470614224334753,52,600,600,190
9,1,4,30,30,120,0,0.0095722708567701278,61,600,600,205
9,1,5,1,7,127,1,0.00042225371347665269,48,328,329,193
9,1,5,2,3,123,1,0.00059032344868706398,53,336,337,196
9,1,5,3,10,130,1,0.0005949615734594998,59,380,381,204
9,1,5,4,25,145,1,0.00096440901163783615,58,342,343,199
9,1,5,5,8,128,1,0.0010440744541773341,53,416,417,199
9,1,5,6,22,142,1,0.0010550776239384137,51,278,279,198
9,1,5,7,13,133,1,0.0015987955085839617,55,309,310,198
9,1,5,8,2,122,1,0.001609127472511537,58,307,308,204
9,1,5,9,17,137,1,0.0017264368539134944,51,309,310,197
9,1,5,10,27,147,1,0.0018463658410747558,51,330,331,195
9,1,5,11,11,131,1,0.0019105578925734167,58,302,303,204
9,1,5,12,19,139,1,0.0021961789660018987,54,275,276,200
9,1,5,13,24,144,1,0.0022756460033079929,54,328,329,201
9,1,5,14,12,132,1,0.0034819787130258299,52,304,305,198
9,1,5,15,1,121,1,0.0039497217654514841,61,332,333,205
9,1,5,16,28,148,1,0.0043220810582157501,58,311,312,203
9,1,5,17,5,125,1,0.0043356928432807295,55,329,330,200
9,1,5,18,23,143,1,0.0045624304233166492,54,347,348,199
9,1,5,19,14,134,1,0.0048522935648043618,49,264,265,201
9,1,5,20,9,129,1,0.0048534279534367111,48,298,299,192
9,1,5,21,26,146,1,0.0052334730493244974,51,360,361,193
9,1,5,22,30,150,1,0.0056262359228139037,53,272,273,213
9,1,5,23,15,135,1,0.0062029916718407468,50,266,267,201
9,1,5,24,4,124,1,0.0084064050365328952,54,406,407,204
9,1,5,25,6,126,0,0.0018013493839112364,53,600,600,192
9,1,5,26,18,138,0,0.0030588619609655233,57,600,600,195
9,1,5,27,21,141,0,0.0035284323968692646,58,600,600,192
9,1,5,28,20,140,0,0.008839510515401789,56,600,600,195
9,1,5,29,16,136,0,0.013316775443889491,58,600,600,204
9,1,5,30,29,149,0,0.023473387594243899,52,600,600,201
9,1,6,1,12,162,1,0.00062906907089714309,60,311,312,207
9,1,6,2,10,160,1,0.0006456403797933405,56,296,297,205
9,1,6,3,4,154,1,0.0010225434741545673,55,315,316,202
9,1,6,4,17,167,1,0.0011546475606427019,54,327,328,201
9,1,6,5,30,180,1,0.001349771468318769,55,318,319,210
9,1,6,6,9,159,1,0.0014064812973378861,58,284,285,209
9,1,6,7,20,170,1,0.0016152992016964423,55,318,319,208
9,1,6,8,26,176,1,0.0019676280363628684,54,321,322,201
9,1,6,9,19,169,1,0.0020982951748704957,59,357,358,202
9,1,6,10,15,165,1,0.0024947432798673574,55,312,313,204
9,1,6,11,1,151,1,0.0037376103471341419,54,313,314,202
9,1,6,12,3,153,1,0.0039291072152479256,57,378,379,202
9,1,6,13,18,168,1,0.0039858672146336101,57,364,365,202
9,1,6,14,29,179,1,0.0040183210893186523,56,311,312,206
9,1,6,15,28,178,1,0.0045358485047278423,53,306,307,201
9,1,6,16,8,158,1,0.0052215572423099012,51,317,318,197
9,1,6,17,5,155,1,0.0058702940335077034,56,326,327,204
9,1,6,18,25,175,1,0.006249010784964289,50,299,300,203
9,1,6,19,22,172,1,0.0068809303805816612,56,379,380,202
9,1,6,20,23,173,1,0.0070710704644537953,54,363,364,201
9,1,6,21,11,161,1,0.008893937397541303,53,294,295,203
9,1,6,22,21,171,1,0.010093336594075627,54,392,393,206
9,1,6,23,13,163,0,0.0090715358036957735,52,600,600,190
9,1,6,24,27,177,0,0.012902353388555558,52,600,600,199
9,1,6,25,16,166,0,0.017037390779076903,58,600,600,204
9,1,6,26,7,157,0,0.018616241322265355,56,600,600,201
9,1,6,27,6,156,0,0.019478135051398178,51,600,600,198
9,1,6,28,14,164,0,0.022558477783750149,53,600,600,197
9,1,6,29,24,174,0,0.022608940388992232,58,600,600,208
9,1,6,30,2,152,0,0.027510633687177696,55,600,600,196
9,1,7,1,26,206,1,0.00084060821367331674,53,335,336,196
9,1,7,2,6,186,1,0.00091715238950873046,55,367,368,197
9,1,7,3,22,202,1,0.00093834671516832794,54,311,312,198
9,1,7,4,19,199,1,0.0014646341600098281,56,330,331,201
9,1,7,5,9,189,1,0.0015132390390414998,61,341,342,202
9,1,7,6,27,207,1,0.0017635554257786311,54,347,348,196
9,1,7,7,25,205,1,0.0019981863670026738,53,300,301,203
9,1,7,8,2,182,1,0.0022447203764444268,53,340,341,196
9,1,7,9,30,210,1,0.0023421365056947628,56,320,321,201
9,1,7,10,4,184,1,0.0023663708732841811,65,316,317,209
9,1,7,11,29,209,1,0.002737803634725245,53,315,316,198
9,1,7,12,11,191,1,0.0030574112838562813,57,360,361,202
9,1,7,13,10,190,1,0.0034065481037210622,58,351,352,204
9,1,7,14,5,185,1,0.0037830159797677832,49,307,308,199
9,1,7,15,28,208,1,0.0042905870576399902,55,331,332,199
9,1,7,16,23,203,1,0.0047885207266616875,61,338,339,204
9,1,7,17,14,194,1,0.0050863038572209291,58,345,346,198
9,1,7,18,12,192,1,0.0051528474713314646,52,326,327,196
9,1,7,19,16,196,1,0.0055016248194088013,53,310,311,203
9,1,7,20,24,204,1,0.0058863348312097616,56,310,311,201
9,1,7,21,13,193,1,0.0058993042643017283,54,346,347,199
9,1,7,22,17,197,1,0.0062106878592104349,54,331,332,201
9,1,7,23,1,181,1,0.0062463002499626302,52,344,345,198
9,1,7,24,21,201,1,0.0070899728929066869,56,371,372,200
9,1,7,25,18,198,0,0.0084380724926239169,52,600,600,197
9,1,7,26,7,187,0,0.015051935827607214,58,600,600,210
9,1,7,27,15,195,0,0.016052978880660929,51,600,600,199
9,1,7,28,20,200,0,0.017089369603824373,55,600,600,197
9,1,7,29,8,188,0,0.02785958432337491,46,600,600,190
9,1,7,30,3,183,0,0.03104773329869695,47,600,600,190
9,1,8,1,28,238,1,0.00050684234186722037,52,350,351,190
9,1,8,2,6,216,1,0.00099483200306373608,56,313,314,199
9,1,8,3,21,231,1,0.00099900020666846934,61,348,349,200
9,1,8,4,15,225,1,0.0010695288519454143,52,323,324,194
9,1,8,5,27,237,1,0.0014515436678075064,53,322,323,192
9,1,8,6,5,215,1,0.0017022432093875615,56,313,314,202
9,1,8,7,4,214,1,0.0017173189622125054,51,309,310,192
9,1,8,8,29,239,1,0.0017833763448784111,51,340,341,191
9,1,8,9,9,219,1,0.0022734712428244307,55,309,310,201
9,1,8,10,10,220,1,0.0023566882041874278,52,363,364,193
9,1,8,11,30,240,1,0.0024646954118392019,49,297,298,193
9,1,8,12,24,234,1,0.0026944814003735389,53,327,328,189
9,1,8,13,19,229,1,0.0027875526772452325,59,330,331,206
9,1,8,14,16,226,1,0.0030856567326880036,56,318,319,201
9,1,8,15,14,224,1,0.0031126406210327893,58,319,320,203
9,1,8,16,18,228,1,0.0031195035228436994,51,281,282,196
9,1,8,17,13,223,1,0.0032570078316522177,56,297,298,195
9,1,8,18,1,211,1,0.0033209492727162625,48,316,317,197
9,1,8,19,26,236,1,0.0034101224381703726,56,345,346,198
9,1,8,20,22,232,1,0.003516969221019706,57,328,329,200
9,1,8,21,11,221,1,0.0038172248970965114,50,281,282,195
9,1,8,22,17,227,1,0.0045383801780347743,45,331,332,185
9,1,8,23,3,213,1,0.0047981367801135689,61,326,327,205
9,1,8,24,20,230,1,0.0050000000380862573,49,329,330,188
9,1,8,25,25,235,1,0.0057013991472606405,58,326,327,203
9,1,8,26,23,233,1,0.0062832769479188614,55,334,335,201
9,1,8,27,12,222,1,0.0072356238080672408,50,326,327,196
9,1,8,28,8,218,0,0.0091026200136559952,66,600,600,206
9,1,8,29,2,212,0,0.012605934649622919,59,600,600,201
9,1,8,30,7,217,0,0.012843433860552313,57,600,600,202
10,1,1,1,16,16,1,0.00019073223160162239,60,329,330,199
10,1,1,2,18,18,1,0.00021764072914564619,60,313,314,200
10,1,1,3,5,5,1,0.00074258232044922595,58,321,322,204
10,1,1,4,3,3,1,0.00086269120324155733,52,355,356,195
10,1,1,5,1,1,1,0.0010833157327864095,51,317,318,194
10,1,1,6,13,13,1,0.0011222773029462279,62,348,349,203
10,1,1,7,30,30,1,0.0017389708305503922,55,338,339,206
10,1,1,8,17,17,1,0.0024174657042205683,68,338,339,209
10,1,1,9,29,29,1,0.0024879867336011752,65,345,346,207
10,1,1,10,12,12,1,0.002928447626314131,49,315,316,196
10,1,1,11,9,9,1,0.0031046442127061228,59,362,363,203
10,1,1,12,22,22,1,0.0033676742946958165,58,274,275,211
10,1,1,13,7,7,1,0.0033763663268096644,66,333,334,211
10,1,1,14,21,21,1,0.0034286685251104943,51,284,285,197
10,1,1,15,20,20,1,0.003484935389204516,54,321,322,198
10,1,1,16,28,28,1,0.0035147163021181315,52,259,260,204
10,1,1,17,10,10,1,0.0035849983792375882,45,289,290,202
10,1,1,18,2,2,1,0.0042277485882099815,53,296,297,201
10,1,1,19,4,4,1,0.0046800963631636458,57,285,286,205
10,1,1,20,23,23,1,0.0047615028088705963,56,308,309,200
10,1,1,21,11,11,0,0.0021703345469675718,56,600,600,190
10,1,1,22,26,26,0,0.0032014080675387838,65,600,600,202
10,1,1,23,19,19,0,0.0033991133030982675,57,600,600,192
10,1,1,24,8,8,0,0.0041726579476939266,63,600,600,200
10,1,1,25,25,25,0,0.0056619927664116124,63,600,600,205
10,1,1,26,6,6,0,0.0073616788270709846,56,600,600,190
10,1,1,27,27,27,0,0.0076406337183141148,52,600,600,191
10,1,1,28,15,15,0,0.0083425284491665218,57,600,600,192
10,1,1,29,14,14,0,0.008501730495240882,49,600,600,182
10,1,1,30,24,24,0,0.015368298367363878,61,600,600,198
10,1,2,1,24,54,1,0.0004844890080436455,53,298,299,197
10,1,2,2,7,37,1,0.00095937330184598182,53,315,316,201
10,1,2,3,20,50,1,0.00129815122330513,58,305,306,203
10,1,2,4,30,60,1,0.0014595041295665434,61,314,315,204
10,1,2,5,17,47,1,0.0035976351959195684,59,300,301,205
10,1,2,6,12,42,1,0.0036203972925988866,54,313,314,200
10,1,2,7,9,39,1,0.003974528221190877,59,401,402,204
10,1,2,8,21,51,1,0.0049839174928267014,61,337,338,205
10,1,2,9,25,55,1,0.0053899704739508161,57,314,315,203
10,1,2,10,26,56,1,0.0059554070022747986,60,351,352,205
10,1,2,11,6,36,1,0.0070222987921680219,59,339,340,206
10,1,2,12,11,41,1,0.0073910930830030259,60,339,340,208
10,1,2,13,27,57,0,0.013366196896313905,54,600,600,194
10,1,2,14,4,34,0,0.014085341242425121,61,600,600,203
10,1,2,15,13,43,0,0.015425978852316665,59,600,600,207
10,1,2,16,28,58,0,0.015533559440980692,57,600,600,199
10,1,2,17,2,32,0,0.015805942518024613,56,600,600,194
10,1,2,18,16,46,0,0.016345497934108631,57,600,600,200
10,1,2,19,5,35,0,0.017624838841810778,57,600,600,194
10,1,2,20,22,52,0,0.01795007055740892,61,600,600,211
10,1,2,21,15,45,0,0.018517763421907318,56,600,600,204
10,1,2,22,19,49,0,0.018857683002719991,50,600,600,192
10,1,2,23,29,59,0,0.021150358780323498,54,600,600,195
10,1,2,24,10,40,0,0.021964699684226093,53,600,600,195
10,1,2,25,23,53,0,0.023185151320300416,50,600,600,196
10,1,2,26,3,33,0,0.024890104447662823,61,600,600,202
10,1,2,27,1,31,0,0.026936337903979837,55,600,600,210
10,1,2,28,8,38,0,0.030198898262185518,63,600,600,219
10,1,2,29,14,44,0,0.032570095838590808,59,600,600,211
10,1,2,30,18,48,0,0.042404574868753965,48,600,600,194
10,1,3,1,12,72,1,0.00013410654245903572,55,281,282,209
10,1,3,2,2,62,1,0.00044232138990961178,55,335,336,199
10,1,3,3,3,63,1,0.00076402736886006383,58,332,333,206
10,1,3,4,29,89,1,0.0010245174252039764,58,289,290,210
10,1,3,5,7,67,1,0.0013213953762197931,58,353,354,205
10,1,3,6,9,69,1,0.0017765838054133961,52,361,362,194
10,1,3,7,8,68,1,0.0018792704986572732,57,322,323,208
10,1,3,8,18,78,1,0.0023905678155950049,51,323,324,198
10,1,3,9,11,71,1,0.002882383122628113,54,355,356,199
10,1,3,10,10,70,1,0.0034481922746821543,55,348,349,203
10,1,3,11,22,82,1,0.0035137409390418226,60,293,294,211
10,1,3,12,17,77,1,0.0037488414499157702,51,342,343,195
10,1,3,13,23,83,1,0.0037832766319467683,64,316,317,210
10,1,3,14,25,85,1,0.0043868720513915308,58,312,313,208
10,1,3,15,26,86,1,0.0047962237361105983,55,297,298,205
10,1,3,16,14,74,1,0.0059792884399316338,56,313,314,210
10,1,3,17,30,90,1,0.006053676286812892,61,310,311,211
10,1,3,18,15,75,1,0.0062131983660461418,58,347,348,201
10,1,3,19,4,64,1,0.007944324581985119,51,298,299,201
10,1,3,20,24,84,0,0.0072901909606130876,54,600,600,194
10,1,3,21,19,79,0,0.0075287441800463836,55,600,600,196
10,1,3,22,16,76,0,0.0086285082315834503,55,600,600,193
10,1,3,23,28,88,0,0.015161448398860177,52,600,600,196
10,1,3,24,5,65,0,0.015835723677898358,54,600,600,191
10,1,3,25,1,61,0,0.017266821770407084,54,600,600,192
10,1,3,26,20,80,0,0.017712068542235296,51,600,600,195
10,1,3,27,13,73,0,0.017994949889225811,55,600,600,200
10,1,3,28,6,66,0,0.018952560027214568,56,600,600,200
10,1,3,29,21,81,0,0.020287769023504692,52,600,600,198
10,1,3,30,27,87,0,0.027706063415077257,57,600,600,209
10,1,4,1,29,119,1,0.00056669959486958181,56,361,362,197
10,1,4,2,25,115,1,0.00066897622676842267,59,285,286,204
10,1,4,3,28,118,1,0.00069395067244737831,58,388,389,194
10,1,4,4,6,96,1,0.00090029969078534952,48,316,317,185
10,1,4,5,18,108,1,0.00090468143755344406,57,267,268,210
10,1,4,6,26,116,1,0.0011135524946139295,52,336,337,200
10,1,4,7,22,112,1,0.0012070304509864075,45,292,293,194
10,1,4,8,2,92,1,0.0016534912079762165,54,315,316,202
10,1,4,9,1,91,1,0.0018492145175620807,58,302,303,205
10,1,4,10,3,93,1,0.0019775478212290198,52,349,350,201
10,1,4,11,5,95,1,0.0021992776130395093,62,317,318,210
10,1,4,12,4,94,1,0.0022279675490915179,57,317,318,205
10,1,4,13,16,106,1,0.002649172628315257,59,340,341,202
10,1,4,14,13,103,1,0.0031068705913323913,51,306,307,195
10,1,4,15,12,102,1,0.004380579916141443,65,371,372,205
10,1,4,16,30,120,1,0.0049428517635253192,51,330,331,192
10,1,4,17,8,98,1,0.0062052958155100714,61,376,377,200
10,1,4,18,23,113,1,0.0070417469568930411,58,340,341,202
10,1,4,19,27,117,0,0.0015213885205345502,59,600,600,195
10,1,4,20,17,107,0,0.0019376758186482831,57,600,600,199
10,1,4,21,21,111,0,0.0022049860654154295,57,600,600,194
10,1,4,22,19,109,0,0.0038418185165373054,50,600,600,193
10,1,4,23,14,104,0,0.0045968986696918552,66,600,600,203
10,1,4,24,10,100,0,0.0061971796893036382,61,600,600,199
10,1,4,25,20,110,0,0.0064822974559916669,57,600,600,192
10,1,4,26,15,105,0,0.0066567014454723145,59,600,600,201
10,1,4,27,9,99,0,0.0072137951321477609,54,600,600,190
10,1,4,28,7,97,0,0.0098403483887275212,66,600,600,211
10,1,4,29,11,101,0,0.010985079610531051,61,600,600,201
10,1,4,30,24,114,0,0.015698835306704208,58,600,600,202
10,1,5,1,20,140,1,0.00069323516545112898,49,300,301,195
10,1,5,2,28,148,1,0.00082906166177877606,72,353,354,215
10,1,5,3,6,126,1,0.00086506846145910821,63,340,341,207
10,1,5,4,17,137,1,0.00088011154074254941,59,387,388,205
10,1,5,5,4,124,1,0.0010506160435045674,70,290,291,214
10,1,5,6,12,132,1,0.0014801443147221718,50,284,285,203
10,1,5,7,26,146,1,0.0016536275129213119,64,359,360,213
10,1,5,8,19,139,1,0.0023055719363996949,58,326,327,196
10,1,5,9,2,122,1,0.0027583790555097531,64,321,322,203
10,1,5,10,3,123,1,0.0035877522812005069,65,321,322,206
10,1,5,11,25,145,1,0.0036737143747164885,61,350,351,209
10,1,5,12,7,127,1,0.0037150671493762105,58,325,326,210
10,1,5,13,27,147,1,0.004324226266972063,49,322,323,192
10,1,5,14,11,131,1,0.0043755689723097785,49,281,282,189
10,1,5,15,15,135,1,0.0044502419126155532,64,317,318,207
10,1,5,16,21,141,1,0.0046494484939741355,62,312,313,207
10,1,5,17,10,130,1,0.004912201081249068,53,383,384,193
10,1,5,18,14,134,1,0.0051393624939145175,59,289,290,204
10,1,5,19,22,142,1,0.0052167641928249023,63,384,385,204
10,1,5,20,18,138,1,0.0075489845610057053,57,301,302,206
10,1,5,21,8,128,0,0.0049974946706338548,65,600,600,197
10,1,5,22,23,143,0,0.0069909584112441839,74,600,600,205
10,1,5,23,9,129,0,0.0081675937390963092,46,600,600,186
10,1,5,24,5,125,0,0.0082455788890943345,61,600,600,202
10,1,5,25,30,150,0,0.010815972240700604,60,600,600,195
10,1,5,26,1,121,0,0.012314993488590577,65,600,600,196
10,1,5,27,29,149,0,0.013020452519164928,57,600,600,197
10,1,5,28,13,133,0,0.013926621347007733,66,600,600,211
10,1,5,29,24,144,0,0.014971481591158848,78,600,600,204
10,1,5,30,16,136,0,0.021518388351915125,55,600,600,200
10,1,6,1,14,164,1,0.00044580403966512356,59,330,331,208
10,1,6,2,6,156,1,0.00049047145702599271,56,294,295,208
10,1,6,3,7,157,1,0.00076102812307308641,57,289,290,211
10,1,6,4,8,158,1,0.0016235422629648677,62,336,337,213
10,1,6,5,13,163,1,0.0016572714369171358,57,296,297,209
10,1,6,6,17,167,1,0.0020500878403966853,53,306,307,198
10,1,6,7,3,153,1,0.0022530019305501145,52,305,306,202
10,1,6,8,5,155,1,0.0025516007099219262,55,303,304,205
10,1,6,9,30,180,1,0.0025604361458378432,57,345,346,200
10,1,6,10,27,177,1,0.003750681041837851,55,322,323,202
10,1,6,11,1,151,1,0.0044774149429222957,60,433,434,203
10,1,6,12,18,168,1,0.0045397574766519819,58,338,339,211
10,1,6,13,15,165,1,0.0050638359069538679,56,327,328,203
10,1,6,14,29,179,1,0.0059754134223892084,55,302,303,204
10,1,6,15,22,172,1,0.0063541014837088039,57,410,411,202
10,1,6,16,26,176,1,0.0068959036840883694,56,377,378,201
10,1,6,17,11,161,1,0.0069534453964686833,55,314,315,203
10,1,6,18,12,162,1,0.0073542079401988838,56,434,435,197
10,1,6,19,28,178,0,0.0016677199066359514,55,600,600,193
10,1,6,20,4,154,0,0.001834843230195156,55,600,600,195
10,1,6,21,24,174,0,0.0078560730866100714,57,600,600,202
10,1,6,22,16,166,0,0.0088539519894205668,60,600,600,204
10,1,6,23,9,159,0,0.0098668637572412697,63,600,600,199
10,1,6,24,25,175,0,0.01132672174888869,60,600,600,209
10,1,6,25,2,152,0,0.011381157022061345,50,600,600,194
10,1,6,26,10,160,0,0.011612367502622317,56,600,600,201
10,1,6,27,21,171,0,0.013728818823912537,55,600,600,199
10,1,6,28,20,170,0,0.015041689608632856,61,600,600,201
10,1,6,29,23,173,0,0.016551877498265873,55,600,600,199
10,1,6,30,19,169,0,0.026330841273455134,62,600,600,217
10,1,7,1,2,182,1,0.0004679594689246992,55,312,313,202
10,1,7,2,10,190,1,0.00096485313289070799,52,301,302,203
10,1,7,3,16,196,1,0.0014364177453247845,53,328,329,197
10,1,7,4,15,195,1,0.0015157164483225567,54,338,339,196
10,1,7,5,13,193,1,0.0016374726278086437,54,311,312,204
10,1,7,6,7,187,1,0.0016398673245262142,54,335,336,196
10,1,7,7,22,202,1,0.0018190800744312054,59,352,353,199
10,1,7,8,30,210,1,0.0019366459867457505,58,414,415,200
10,1,7,9,24,204,1,0.0020273925039346447,52,369,370,192
10,1,7,10,17,197,1,0.0026459513972247857,56,296,297,207
10,1,7,11,8,188,1,0.0027634203441838875,60,345,346,204
10,1,7,12,29,209,1,0.0033411035804181283,52,297,298,199
10,1,7,13,1,181,1,0.0036360038791929611,54,314,315,202
10,1,7,14,21,201,1,0.0072222958422668926,46,344,345,190
10,1,7,15,14,194,1,0.0089262826666512349,54,355,356,200
10,1,7,16,12,192,1,0.010907354450640377,58,347,348,205
10,1,7,17,26,206,0,0.013572655379146949,57,600,600,202
10,1,7,18,5,185,0,0.014868957790663703,60,600,600,201
10,1,7,19,25,205,0,0.017674712620099519,53,600,600,198
10,1,7,20,20,200,0,0.017949650875682188,50,600,600,195
10,1,7,21,4,184,0,0.019136374764637653,59,600,600,212
10,1,7,22,9,189,0,0.019179467150272991,56,600,600,203
10,1,7,23,11,191,0,0.022941545211295791,54,600,600,212
10,1,7,24,23,203,0,0.023505141979970993,56,600,600,206
10,1,7,25,18,198,0,0.024262663805774555,48,600,600,189
10,1,7,26,19,199,0,0.024355773656256796,50,600,600,196
10,1,7,27,6,186,0,0.029765914283906274,55,600,600,201
10,1,7,28,3,183,0,0.031274151278021384,54,600,600,199
10,1,7,29,27,207,0,0.033356371924856305,55,600,600,212
10,1,7,30,28,208,0,0.037817234624504613,50,600,600,197
10,1,8,1,13,223,1,0.00097382604769495878,54,307,308,196
10,1,8,2,7,217,1,0.001074363930469089,58,309,310,205
10,1,8,3,22,232,1,0.0012394908063313925,58,298,299,199
10,1,8,4,10,220,1,0.0013302068097699855,60,311,312,200
10,1,8,5,19,229,1,0.0013471637133829516,57,305,306,199
10,1,8,6,28,238,1,0.0014030889943489476,52,300,301,192
10,1,8,7,25,235,1,0.001486195995091815,58,392,393,202
10,1,8,8,24,234,1,0.0017970689860814196,49,358,359,185
10,1,8,9,18,228,1,0.0018099920067215431,58,330,331,197
10,1,8,10,29,239,1,0.0020557645908925283,54,320,321,197
10,1,8,11,4,214,1,0.0020851862204434601,59,338,339,200
10,1,8,12,8,218,1,0.0021478461640893794,61,345,346,200
10,1,8,13,14,224,1,0.0023650213660239166,54,343,344,191
10,1,8,14,15,225,1,0.0024630976149308806,55,324,325,194
10,1,8,15,5,215,1,0.0027063399820543245,50,290,291,193
10,1,8,16,23,233,1,0.002921071863302988,51,290,291,197
10,1,8,17,1,211,1,0.0035567021394350938,47,318,319,193
10,1,8,18,27,237,1,0.0035833008916480932,54,343,344,193
10,1,8,19,17,227,1,0.0040436543973984742,58,304,305,198
10,1,8,20,20,230,1,0.0042570215771660352,50,297,298,198
10,1,8,21,26,236,1,0.004313848685501033,55,306,307,202
10,1,8,22,21,231,1,0.0055627228055180368,57,383,384,202
10,1,8,23,30,240,1,0.005591142112990494,53,301,302,196
10,1,8,24,6,216,1,0.0056599457095424287,55,323,324,196
10,1,8,25,11,221,0,0.0014348525175004422,59,600,600,205
10,1,8,26,9,219,0,0.013304010270096499,55,600,600,199
10,1,8,27,12,222,0,0.020603932733936084,50,600,600,190
10,1,8,28,16,226,0,0.027176240022396794,48,600,600,201
10,1,8,29,3,213,0,0.033934685465523459,56,600,600,205
10,1,8,30,2,212,0,0.036416282957281297,60,600,600,207
1,2,1,1,21,21,1,0.0012009576536613326,77,450,451,218
1,2,1,2,20,20,1,0.0018162023096893189,81,479,480,217
1,2,1,3,19,19,1,0.0032318355905641459,63,333,334,221
1,2,1,4,18,18,1,0.0042195591155120352,37,456,457,179
1,2,1,5,1,1,1,0.0047053552010788069,50,588,589,203
1,2,1,6,28,28,1,0.0053715821084154474,112,486,487,486
1,2,1,7,30,30,1,0.0058625128723937556,71,316,317,226
1,2,1,8,2,2,1,0.0068182434793842076,58,453,454,195
1,2,1,9,22,22,0,0.00097323205279954336,88,600,600,200
1,2,1,10,14,14,0,0.0050383021511352707,40,600,600,567
1,2,1,11,16,16,0,0.0051383294727396491,67,600,600,199
1,2,1,12,29,29,0,0.0061937972236156226,48,600,600,208
1,2,1,13,15,15,0,0.0069096268197983415,39,600,600,175
1,2,1,14,10,10,0,0.0079169648486265166,90,600,600,553
1,2,1,15,26,26,0,0.010076815809276966,63,600,600,201
1,2,1,16,12,12,0,0.010543620466026696,42,600,600,196
1,2,1,17,4,4,0,0.012698095630879976,92,600,600,580
1,2,1,18,6,6,0,0.016492470599225085,89,600,600,549
1,2,1,19,13,13,0,0.016642253183191669,57,600,600,217
1,2,1,20,23,23,0,0.018209579138906567,58,600,600,206
1,2,1,21,24,24,0,0.018411456692517616,67,600,600,181
1,2,1,22,5,5,0,0.020896697865200306,29,600,600,170
1,2,1,23,17,17,0,0.021173642823502897,83,600,600,209
1,2,1,24,27,27,0,0.024878616301012187,95,600,600,230
1,2,1,25,3,3,0,0.02628682620452201,102,600,600,237
1,2,1,26,11,11,0,0.026957086015132928,71,600,600,204
1,2,1,27,9,9,0,0.027938896394576373,59,600,600,205
1,2,1,28,7,7,0,0.029754023832425858,61,600,600,393
1,2,1,29,8,8,0,0.039729866160764862,96,600,600,237
1,2,1,30,25,25,0,0.047802335950944158,87,600,600,381
1,2,2,1,6,36,1,0.0032521345844947658,35,583,584,213
1,2,2,2,1,31,1,0.0051391739426096244,31,574,575,366
1,2,2,3,28,58,0,0.006486964448437999,40,600,600,234
1,2,2,4,22,52,0,0.0071349002049384018,23,600,600,162
1,2,2,5,14,44,0,0.0087372555523216825,47,600,600,277
1,2,2,6,2,32,0,0.0093543141769182464,62,600,600,599
1,2,2,7,21,51,0,0.011200551155958258,27,600,600,196
1,2,2,8,10,40,0,0.01367955666789944,40,600,600,215
1,2,2,9,13,43,0,0.01465909850277654,51,600,600,284
1,2,2,10,18,48,0,0.017615927663846537,60,600,600,259
1,2,2,11,17,47,0,0.022896839309028829,36,600,600,219
1,2,2,12,16,46,0,0.024569472865459629,36,600,600,599
1,2,2,13,30,60,0,0.026360391237749057,48,600,600,288
1,2,2,14,20,50,0,0.026981112632202094,15,600,600,282
1,2,2,15,7,37,0,0.028072765465471418,47,600,600,225
1,2,2,16,8,38,0,0.03545899526227346,59,600,600,296
1,2,2,17,12,42,0,0.036275993289644752,50,600,600,599
1,2,2,18,4,34,0,0.036288032389551632,47,600,600,214
1,2,2,19,27,57,0,0.038095223744121304,39,600,600,227
1,2,2,20,5,35,0,0.04057765583555089,21,600,600,430
1,2,2,21,15,45,0,0.043806069733905328,43,600,600,225
1,2,2,22,19,49,0,0.050038137676073256,49,600,600,298
1,2,2,23,11,41,0,0.055770778049077853,44,600,600,245
1,2,2,24,3,33,0,0.055822740100576806,44,600,600,419
1,2,2,25,26,56,0,0.056172563499995366,47,600,600,427
1,2,2,26,23,53,0,0.056588939152143296,94,600,600,419
1,2,2,27,25,55,0,0.060512905398362203,54,600,600,311
1,2,2,28,24,54,0,0.065495682399772742,41,600,600,209
1,2,2,29,29,59,0,0.075580856771418084,46,600,600,371
1,2,2,30,9,39,0,0.091039978115445563,92,600,600,394
1,2,3,1,27,87,0,0.0039820016521092388,50,600,600,191
1,2,3,2,26,86,0,0.0052671915093518047,61,600,600,215
1,2,3,3,14,74,0,0.0091389079262029251,59,600,600,210
1,2,3,4,3,63,0,0.0094118850052803682,44,600,600,492
1,2,3,5,28,88,0,0.011292965736179971,62,600,600,206
1,2,3,6,15,75,0,0.013177208660278116,58,600,600,243
1,2,3,7,24,84,0,0.015678861871009937,47,600,600,213
1,2,3,8,17,77,0,0.016278382681347622,48,600,600,198
1,2,3,9,12,72,0,0.018304405999680879,57,600,600,220
1,2,3,10,20,80,0,0.018307672438038797,90,600,600,308
1,2,3,11,8,68,0,0.02667211299435954,45,600,600,366
1,2,3,12,2,62,0,0.029273566237860111,77,600,600,239
1,2,3,13,9,69,0,0.030098254132759975,79,600,600,238
1,2,3,14,11,71,0,0.030938871563852853,73,600,600,511
1,2,3,15,29,89,0,0.032953852794889264,57,600,600,460
1,2,3,16,19,79,0,0.034135232847355035,37,600,600,599
1,2,3,17,13,73,0,0.035112446781138784,25,600,600,221
1,2,3,18,16,76,0,0.03766168397795449,79,600,600,477
1,2,3,19,18,78,0,0.039018871429985481,28,600,600,465
1,2,3,20,5,65,0,0.043100839450939565,35,600,600,183
1,2,3,21,21,81,0,0.043107265092607261,60,600,600,578
1,2,3,22,10,70,0,0.044034356676028653,40,600,600,423
1,2,3,23,30,90,0,0.048985469753518883,38,600,600,431
1,2,3,24,7,67,0,0.051474781149457943,31,600,600,599
1,2,3,25,22,82,0,0.05831678509838141,67,600,600,444
1,2,3,26,6,66,0,0.065121867930512334,47,600,600,369
1,2,3,27,25,85,0,0.067903550417677747,56,600,600,523
1,2,3,28,23,83,0,0.071345402929340065,29,600,600,408
1,2,3,29,1,61,0,0.078564285576949347,28,600,600,420
1,2,3,30,4,64,0,0.11064779825858673,84,600,600,439
1,2,4,1,14,104,1,0.00087313528034803779,36,239,240,229
1,2,4,2,16,106,1,0.0020937076164452388,45,378,379,210
1,2,4,3,23,113,1,0.0027611836931412418,130,418,419,418
1,2,4,4,30,120,1,0.0042120347432345407,60,378,379,262
1,2,4,5,20,110,1,0.0064103638952016564,36,287,288,212
1,2,4,6,11,101,0,0.0083011738182484501,41,600,600,540
1,2,4,7,17,107,0,0.008968904318723948,37,600,600,178
1,2,4,8,2,92,0,0.011443595315592631,37,600,600,199
1,2,4,9,27,117,0,0.012692457350131374,64,600,600,270
1,2,4,10,26,116,0,0.012770137951625985,59,600,600,444
1,2,4,11,24,114,0,0.01300986956348755,46,600,600,599
1,2,4,12,10,100,0,0.014119412635512585,61,600,600,351
1,2,4,13,3,93,0,0.016005106259948765,23,600,600,555
1,2,4,14,9,99,0,0.016692056241756192,28,600,600,199
1,2,4,15,22,112,0,0.016860531635920439,48,600,600,237
1,2,4,16,28,118,0,0.017801386114458452,35,600,600,196
1,2,4,17,13,103,0,0.019031642932419632,19,600,600,171
1,2,4,18,12,102,0,0.019258657432610959,30,600,600,191
1,2,4,19,19,109,0,0.019623249233227891,100,600,600,585
1,2,4,20,5,95,0,0.021076547349650154,52,600,600,599
1,2,4,21,15,105,0,0.024124990132978523,30,600,600,190
1,2,4,22,6,96,0,0.025561185652610476,36,600,600,192
1,2,4,23,21,111,0,0.028046233880024474,46,600,600,599
1,2,4,24,25,115,0,0.030768764176130246,31,600,600,556
1,2,4,25,7,97,0,0.032990713512816058,43,600,600,200
1,2,4,26,8,98,0,0.03607522704404461,52,600,600,328
1,2,4,27,18,108,0,0.03655798239945432,39,600,600,599
1,2,4,28,29,119,0,0.038219826396753774,36,600,600,195
1,2,4,29,4,94,0,0.045759648054127848,27,600,600,352
1,2,4,30,1,91,0,0.04834981316432363,82,600,600,427
1,2,5,1,20,140,1,0.0024075418247005917,44,313,314,195
1,2,5,2,9,129,1,0.0028008674122225736,70,378,379,215
1,2,5,3,5,125,1,0.0051250326287804694,95,571,572,571
1,2,5,4,10,130,1,0.0052861997052213641,39,275,276,198
1,2,5,5,3,123,0,0.0035196542047458098,37,600,600,177
1,2,5,6,13,133,0,0.0093567711325979186,80,600,600,213
1,2,5,7,15,135,0,0.012775347627279063,49,600,600,366
1,2,5,8,19,139,0,0.014360330933913874,51,600,600,186
1,2,5,9,26,146,0,0.015097795382785956,77,600,600,599
1,2,5,10,24,144,0,0.02116384277643675,74,600,600,530
1,2,5,11,29,149,0,0.02206834065497066,65,600,600,599
1,2,5,12,17,137,0,0.023985110032355261,48,600,600,199
1,2,5,13,27,147,0,0.030820155704475518,95,600,600,560
1,2,5,14,22,142,0,0.03085650758317084,38,600,600,599
1,2,5,15,11,131,0,0.036428905738164187,54,600,600,488
1,2,5,16,7,127,0,0.036992786601300932,43,600,600,191
1,2,5,17,2,122,0,0.038346869154167386,55,600,600,213
1,2,5,18,1,121,0,0.039839183322658393,61,600,600,497
1,2,5,19,14,134,0,0.04183940470884448,73,600,600,240
1,2,5,20,21,141,0,0.044464112068297749,59,600,600,599
1,2,5,21,12,132,0,0.048204849895555575,21,600,600,325
1,2,5,22,30,150,0,0.050749633894710378,87,600,600,599
1,2,5,23,16,136,0,0.051280801537630046,55,600,600,498
1,2,5,24,25,145,0,0.056240359911253049,51,600,600,599
1,2,5,25,6,126,0,0.056744600966633023,60,600,600,599
1,2,5,26,23,143,0,0.05767468930665922,58,600,600,239
1,2,5,27,28,148,0,0.059352087627442089,82,600,600,537
1,2,5,28,8,128,0,0.064127018354556017,92,600,600,365
1,2,5,29,4,124,0,0.066016471310750599,45,600,600,335
1,2,5,30,18,138,0,0.07277692094053935,144,600,600,362
1,2,6,1,17,167,1,0.0092048610883614882,31,520,521,270
1,2,6,2,25,175,0,0.0041653712983843573,38,600,600,163
1,2,6,3,26,176,0,0.0045005097892872725,29,600,600,599
1,2,6,4,27,177,0,0.0059671986825879453,41,600,600,184
1,2,6,5,4,154,0,0.008656774384583751,55,600,600,184
1,2,6,6,9,159,0,0.010063214800366921,54,600,600,177
1,2,6,7,28,178,0,0.012524916586738889,33,600,600,199
1,2,6,8,15,165,0,0.015572198419503655,18,600,600,171
1,2,6,9,3,153,0,0.015788333160127559,47,600,600,436
1,2,6,10,23,173,0,0.017447492665145784,41,600,600,200
1,2,6,11,12,162,0,0.017787346347378906,79,600,600,599
1,2,6,12,21,171,0,0.019029440899035698,52,600,600,191
1,2,6,13,30,180,0,0.019400924386626123,52,600,600,194
1,2,6,14,18,168,0,0.021781773800757964,47,600,600,209
1,2,6,15,11,161,0,0.022133457293621202,48,600,600,204
1,2,6,16,22,172,0,0.025039417246764482,15,600,600,185
1,2,6,17,1,151,0,0.02518846655304216,18,600,600,159
1,2,6,18,20,170,0,0.029463733557711553,61,600,600,599
1,2,6,19,14,164,0,0.030269669873512435,117,600,600,333
1,2,6,20,29,179,0,0.032088199372662669,63,600,600,223
1,2,6,21,8,158,0,0.03340461630492142,44,600,600,199
1,2,6,22,5,155,0,0.034127467912593724,44,600,600,210
1,2,6,23,10,160,0,0.034571351537733913,38,600,600,199
1,2,6,24,24,174,0,0.036907677593160652,57,600,600,384
1,2,6,25,16,166,0,0.037032699579014956,42,600,600,599
1,2,6,26,6,156,0,0.038871284136162615,66,600,600,389
1,2,6,27,13,163,0,0.0420654779598243,39,600,600,379
1,2,6,28,19,169,0,0.053199944924132499,44,600,600,373
1,2,6,29,7,157,0,0.055579853376782451,45,600,600,222
1,2,6,30,2,152,0,0.062084227037464738,41,600,600,200
1,2,7,1,15,195,1,0.00138907235501393,39,320,321,193
1,2,7,2,22,202,1,0.0049226564174829623,39,403,404,187
1,2,7,3,3,183,1,0.0052978859613571332,61,359,360,234
1,2,7,4,30,210,1,0.0057352733616445042,39,315,316,178
1,2,7,5,18,198,0,0.0035944106445220422,42,600,600,179
1,2,7,6,27,207,0,0.0038527419246309328,42,600,600,201
1,2,7,7,6,186,0,0.0075778239738197428,54,600,600,190
1,2,7,8,11,191,0,0.010991390461939867,35,600,600,186
1,2,7,9,12,192,0,0.012726887459943751,32,600,600,183
1,2,7,10,23,203,0,0.015229625664340355,39,600,600,181
1,2,7,11,26,206,0,0.017832883124539057,34,600,600,178
1,2,7,12,24,204,0,0.019332664559423448,46,600,600,210
1,2,7,13,19,199,0,0.019372276227937697,47,600,600,188
1,2,7,14,8,188,0,0.021333933601759471,41,600,600,192
1,2,7,15,16,196,0,0.022224572762718529,32,600,600,170
1,2,7,16,29,209,0,0.024714663914923739,34,600,600,599
1,2,7,17,9,189,0,0.024754909486766064,48,600,600,183
1,2,7,18,14,194,0,0.031368379841934246,33,600,600,382
1,2,7,19,21,201,0,0.032537302551134691,30,600,600,424
1,2,7,20,1,181,0,0.032817286659444521,39,600,600,195
1,2,7,21,7,187,0,0.033734878948890018,40,600,600,197
1,2,7,22,4,184,0,0.039716512050757977,62,600,600,234
1,2,7,23,13,193,0,0.045449479943429703,25,600,600,164
1,2,7,24,20,200,0,0.046398488481356574,39,600,600,214
1,2,7,25,17,197,0,0.049607532084137734,44,600,600,201
1,2,7,26,25,205,0,0.062627403848151644,46,600,600,210
1,2,7,27,28,208,0,0.065740762914746731,50,600,600,333
1,2,7,28,5,185,0,0.074323345972271318,45,600,600,214
1,2,7,29,10,190,0,0.077225561709585666,63,600,600,379
1,2,7,30,2,182,0,0.092001848598453465,43,600,600,237
1,2,8,1,18,228,1,0.0025268104703051178,73,432,433,287
1,2,8,2,26,236,0,0.0080364407176148015,24,600,600,274
1,2,8,3,8,218,0,0.0101983120821497,26,600,600,130
1,2,8,4,6,216,0,0.011972088709195134,29,600,600,196
1,2,8,5,25,235,0,0.012366687720527481,40,600,600,305
1,2,8,6,19,229,0,0.012714221236005694,64,600,600,197
1,2,8,7,22,232,0,0.014098720587235334,26,600,600,150
1,2,8,8,16,226,0,0.014542243586921699,30,600,600,302
1,2,8,9,7,217,0,0.014578262074654862,40,600,600,236
1,2,8,10,5,215,0,0.018471011954998041,50,600,600,456
1,2,8,11,20,230,0,0.019346299088131739,50,600,600,296
1,2,8,12,1,211,0,0.020055007408587393,56,600,600,186
1,2,8,13,30,240,0,0.023689483461113155,38,600,600,321
1,2,8,14,17,227,0,0.024832493200758844,60,600,600,319
1,2,8,15,15,225,0,0.025038307047917818,39,600,600,321
1,2,8,16,29,239,0,0.025150953191229456,58,600,600,599
1,2,8,17,27,237,0,0.025750643048197394,44,600,600,192
1,2,8,18,23,233,0,0.025972144214589515,65,600,600,339
1,2,8,19,2,212,0,0.026356880126789245,33,600,600,184
1,2,8,20,13,223,0,0.026824933976023153,79,600,600,273
1,2,8,21,9,219,0,0.029356674476407451,98,600,600,315
1,2,8,22,3,213,0,0.029467962659475405,31,600,600,449
1,2,8,23,24,234,0,0.034406591943473112,44,600,600,323
1,2,8,24,4,214,0,0.035533113306477869,59,600,600,599
1,2,8,25,14,224,0,0.043888411766008432,57,600,600,599
1,2,8,26,11,221,0,0.046002665977004857,39,600,600,359
1,2,8,27,28,238,0,0.047331889124845969,39,600,600,184
1,2,8,28,12,222,0,0.053913797489374214,46,600,600,290
1,2,8,29,21,231,0,0.057932272248927885,156,600,600,599
1,2,8,30,10,220,0,0.064681674758610433,108,600,600,586
2,2,1,1,4,4,1,0.0022395004118667783,41,289,290,202
2,2,1,2,2,2,1,0.0055579691225806326,34,258,259,193
2,2,1,3,14,14,1,0.0059312632148087021,35,273,274,182
2,2,1,4,18,18,0,0.0011875412914951816,30,600,600,162
2,2,1,5,7,7,0,0.0037271519235797341,35,600,600,167
2,2,1,6,16,16,0,0.0038252126903353194,31,600,600,163
2,2,1,7,6,6,0,0.0046720801491357111,29,600,600,164
2,2,1,8,3,3,0,0.008146816484722378,41,600,600,581
2,2,1,9,30,30,0,0.0087283209008208566,45,600,600,185
2,2,1,10,23,23,0,0.0093620296293838515,32,600,600,176
2,2,1,11,17,17,0,0.0096051304885420991,36,600,600,161
2,2,1,12,25,25,0,0.009860484472951625,34,600,600,162
2,2,1,13,1,1,0,0.012968796422909554,50,600,600,471
2,2,1,14,5,5,0,0.014269051397479872,31,600,600,165
2,2,1,15,12,12,0,0.015099311668417952,32,600,600,172
2,2,1,16,19,19,0,0.015386386585039546,43,600,600,175
2,2,1,17,26,26,0,0.016923729506496666,43,600,600,178
2,2,1,18,9,9,0,0.018128612045468,58,600,600,517
2,2,1,19,8,8,0,0.019060788820888224,46,600,600,599
2,2,1,20,11,11,0,0.019879514566217657,41,600,600,599
2,2,1,21,28,28,0,0.020984508054699477,35,600,600,171
2,2,1,22,22,22,0,0.025220806264576234,41,600,600,176
2,2,1,23,29,29,0,0.025394095885404304,58,600,600,434
2,2,1,24,13,13,0,0.027350521190411158,40,600,600,184
2,2,1,25,20,20,0,0.031856855049278293,85,600,600,599
2,2,1,26,27,27,0,0.034613380834382285,65,600,600,454
2,2,1,27,15,15,0,0.049059870998550942,92,600,600,456
2,2,1,28,24,24,0,0.050390934385777034,51,600,600,474
2,2,1,29,21,21,0,0.053084018585032637,94,600,600,585
2,2,1,30,10,10,0,0.055334025688025576,102,600,600,453
2,2,2,1,22,52,1,0.0015385925890650334,38,350,351,185
2,2,2,2,1,31,1,0.0022586361443010529,37,342,343,190
2,2,2,3,16,46,1,0.0025847979399358663,39,352,353,187
2,2,2,4,12,42,1,0.019098808612668994,31,506,507,187
2,2,2,5,19,49,0,0.010177214575512166,39,600,600,196
2,2,2,6,3,33,0,0.011575069924769043,37,600,600,194
2,2,2,7,4,34,0,0.011665683060725887,29,600,600,189
2,2,2,8,27,57,0,0.013621419642231968,47,600,600,191
2,2,2,9,7,37,0,0.014735919526896098,48,600,600,196
2,2,2,10,11,41,0,0.015095894576867689,40,600,600,185
2,2,2,11,13,43,0,0.018981607860391905,38,600,600,599
2,2,2,12,9,39,0,0.023486383678539516,50,600,600,212
2,2,2,13,21,51,0,0.023711295690288198,39,600,600,177
2,2,2,14,15,45,0,0.024656923363547172,58,600,600,536
2,2,2,15,14,44,0,0.024938770301653056,47,600,600,206
2,2,2,16,24,54,0,0.026091820236714053,47,600,600,201
2,2,2,17,23,53,0,0.027035743532941595,50,600,600,206
2,2,2,18,17,47,0,0.027125295000315547,40,600,600,187
2,2,2,19,25,55,0,0.032558967682722685,52,600,600,216
2,2,2,20,5,35,0,0.034491289233924284,34,600,600,197
2,2,2,21,26,56,0,0.034945142777066972,40,600,600,187
2,2,2,22,6,36,0,0.043289536045850827,45,600,600,217
2,2,2,23,18,48,0,0.046733377330807957,50,600,600,224
2,2,2,24,8,38,0,0.046868223539060276,65,600,600,331
2,2,2,25,2,32,0,0.047493450153913853,53,600,600,228
2,2,2,26,29,59,0,0.052516598698320954,38,600,600,191
2,2,2,27,20,50,0,0.053540975655116153,43,600,600,209
2,2,2,28,10,40,0,0.061359981894807632,54,600,600,228
2,2,2,29,28,58,0,0.06491099518247366,67,600,600,482
2,2,2,30,30,60,0,0.080461903792206468,65,600,600,487
2,2,3,1,21,81,0,0.0089670616731000307,62,600,600,594
2,2,3,2,30,90,0,0.011149862577064133,68,600,600,516
2,2,3,3,15,75,0,0.013388565968073491,27,600,600,512
2,2,3,4,24,84,0,0.014172853123515801,31,600,600,230
2,2,3,5,10,70,0,0.014226423432028483,66,600,600,599
2,2,3,6,18,78,0,0.014457732429136066,93,600,600,451
2,2,3,7,20,80,0,0.015034691190207273,66,600,600,378
2,2,3,8,29,89,0,0.015157579652770762,48,600,600,582
2,2,3,9,11,71,0,0.015661497196881251,54,600,600,193
2,2,3,10,23,83,0,0.017278266303982888,27,600,600,599
2,2,3,11,4,64,0,0.019185240871449835,86,600,600,483
2,2,3,12,25,85,0,0.021028049575672683,141,600,600,599
2,2,3,13,3,63,0,0.021389726271122671,72,600,600,520
2,2,3,14,27,87,0,0.021861118434596941,53,600,600,187
2,2,3,15,22,82,0,0.022739862499758706,62,600,600,220
2,2,3,16,2,62,0,0.023404500960594887,42,600,600,412
2,2,3,17,13,73,0,0.023861081911206974,32,600,600,599
2,2,3,18,19,79,0,0.02658415526749176,24,600,600,442
2,2,3,19,26,86,0,0.028962991107668153,61,600,600,233
2,2,3,20,5,65,0,0.031859958857167442,124,600,600,443
2,2,3,21,16,76,0,0.032445021851572393,39,600,600,440
2,2,3,22,6,66,0,0.033360847516274821,86,600,600,549
2,2,3,23,1,61,0,0.042722032283441423,236,600,600,572
2,2,3,24,28,88,0,0.04276329024305716,63,600,600,430
2,2,3,25,14,74,0,0.04282577964402657,26,600,600,599
2,2,3,26,17,77,0,0.043019528553936218,61,600,600,599
2,2,3,27,7,67,0,0.060288718636600382,57,600,600,405
2,2,3,28,8,68,0,0.060862568047864433,54,600,600,452
2,2,3,29,9,69,0,0.067869242723149564,45,600,600,544
2,2,3,30,12,72,0,0.084584143153658906,40,600,600,477
2,2,4,1,29,119,1,0.0045088365962913345,32,572,573,183
2,2,4,2,15,105,0,0.0029965483404769105,49,600,600,184
2,2,4,3,20,110,0,0.0064448653282329141,28,600,600,166
2,2,4,4,13,103,0,0.0071443362873872245,19,600,600,558
2,2,4,5,27,117,0,0.0072063486548629065,36,600,600,172
2,2,4,6,26,116,0,0.0082568409540529353,35,600,600,158
2,2,4,7,17,107,0,0.0094729480210034769,79,600,600,539
2,2,4,8,22,112,0,0.013303103395786971,31,600,600,565
2,2,4,9,19,109,0,0.014262204552347467,52,600,600,520
2,2,4,10,11,101,0,0.015266592102743712,52,600,600,273
2,2,4,11,30,120,0,0.018381904678046332,79,600,600,553
2,2,4,12,2,92,0,0.018616346485155283,231,600,600,572
2,2,4,13,6,96,0,0.018862451904660245,34,600,600,168
2,2,4,14,4,94,0,0.019597049713211769,43,600,600,535
2,2,4,15,12,102,0,0.01963465793440573,32,600,600,165
2,2,4,16,7,97,0,0.019703330264186972,19,600,600,128
2,2,4,17,1,91,0,0.02020584602175898,34,600,600,484
2,2,4,18,10,100,0,0.020629200324682847,44,600,600,523
2,2,4,19,23,113,0,0.025536675549196568,45,600,600,513
2,2,4,20,14,104,0,0.030125093734464314,56,600,600,564
2,2,4,21,5,95,0,0.032010099232350417,67,600,600,526
2,2,4,22,16,106,0,0.034392900202044975,49,600,600,581
2,2,4,23,9,99,0,0.034704589535896196,78,600,600,488
2,2,4,24,21,111,0,0.035141519141361148,70,600,600,567
2,2,4,25,18,108,0,0.037390666778057378,72,600,600,539
2,2,4,26,25,115,0,0.037728878098254412,73,600,600,547
2,2,4,27,3,93,0,0.039304017385235861,58,600,600,546
2,2,4,28,28,118,0,0.040726830307952072,55,600,600,521
2,2,4,29,24,114,0,0.04167929249815918,92,600,600,562
2,2,4,30,8,98,0,0.051637267478508928,107,600,600,558
2,2,5,1,25,145,1,0.0013919040383663429,41,280,281,234
2,2,5,2,1,121,1,0.0075315271443986689,41,243,244,210
2,2,5,3,11,131,1,0.0078845679015703517,21,425,426,165
2,2,5,4,29,149,0,0.0079880310866965419,41,600,600,190
2,2,5,5,23,143,0,0.017387515082004625,65,600,600,232
2,2,5,6,27,147,0,0.024201521485508398,44,600,600,206
2,2,5,7,12,132,0,0.027431296342091602,36,600,600,196
2,2,5,8,26,146,0,0.027543471641231651,33,600,600,187
2,2,5,9,2,122,0,0.028118031414674876,56,600,600,232
2,2,5,10,16,136,0,0.029613256812352464,48,600,600,205
2,2,5,11,30,150,0,0.029977007399665731,40,600,600,224
2,2,5,12,6,126,0,0.031788867796410186,46,600,600,214
2,2,5,13,7,127,0,0.036247416518099922,36,600,600,197
2,2,5,14,20,140,0,0.037199488590974147,36,600,600,199
2,2,5,15,3,123,0,0.038916724206759352,32,600,600,185
2,2,5,16,5,125,0,0.040204158453818237,40,600,600,216
2,2,5,17,17,137,0,0.044201993822317334,40,600,600,218
2,2,5,18,4,124,0,0.047209965287122964,44,600,600,213
2,2,5,19,13,133,0,0.047902549763022259,48,600,600,223
2,2,5,20,14,134,0,0.048342693194254382,47,600,600,201
2,2,5,21,24,144,0,0.054598126133251185,49,600,600,229
2,2,5,22,10,130,0,0.055425601370704937,40,600,600,223
2,2,5,23,15,135,0,0.063989085867850987,71,600,600,254
2,2,5,24,28,148,0,0.066646097569928633,42,600,600,218
2,2,5,25,18,138,0,0.072424468902589079,37,600,600,204
2,2,5,26,8,128,0,0.075945910581655868,40,600,600,207
2,2,5,27,9,129,0,0.076286846243144218,43,600,600,222
2,2,5,28,21,141,0,0.07841327527039639,53,600,600,230
2,2,5,29,19,139,0,0.082698494200277251,43,600,600,216
2,2,5,30,22,142,0,0.086034590270887237,52,600,600,253
2,2,6,1,6,156,1,0.0065996594097734503,42,346,347,207
2,2,6,2,18,168,0,0.010726026444932037,47,600,600,218
2,2,6,3,1,151,0,0.012044246523693508,44,600,600,204
2,2,6,4,2,152,0,0.013840325304241313,42,600,600,215
2,2,6,5,26,176,0,0.014773354309152675,57,600,600,217
2,2,6,6,4,154,0,0.014827350314731282,47,600,600,523
2,2,6,7,30,180,0,0.014966628434305893,43,600,600,213
2,2,6,8,11,161,0,0.017994710863521508,29,600,600,198
2,2,6,9,5,155,0,0.019291187217804158,36,600,600,202
2,2,6,10,23,173,0,0.019396858429382678,80,600,600,504
2,2,6,11,21,171,0,0.020229753334648628,48,600,600,205
2,2,6,12,17,167,0,0.021874185165489453,40,600,600,560
2,2,6,13,10,160,0,0.022117921810429007,54,600,600,207
2,2,6,14,16,166,0,0.023689585905701062,62,600,600,557
2,2,6,15,29,179,0,0.024627544515349153,25,600,600,164
2,2,6,16,13,163,0,0.02468451944188935,34,600,600,199
2,2,6,17,25,175,0,0.024951200269634127,39,600,600,200
2,2,6,18,24,174,0,0.026337180899476231,61,600,600,243
2,2,6,19,28,178,0,0.02812261264446609,59,600,600,477
2,2,6,20,8,158,0,0.037435869676242392,48,600,600,212
2,2,6,21,27,177,0,0.038511250260520796,52,600,600,223
2,2,6,22,22,172,0,0.03930692138221939,59,600,600,483
2,2,6,23,14,164,0,0.040015353310451265,45,600,600,480
2,2,6,24,19,169,0,0.041972357107460882,52,600,600,531
2,2,6,25,20,170,0,0.048518621012074582,146,600,600,576
2,2,6,26,9,159,0,0.051096160132180622,82,600,600,558
2,2,6,27,7,157,0,0.05277853563692908,76,600,600,516
2,2,6,28,15,165,0,0.053809187900930068,31,600,600,185
2,2,6,29,12,162,0,0.059027322325709758,81,600,600,503
2,2,6,30,3,153,0,0.074474279698213769,50,600,600,483
2,2,7,1,14,194,1,0.0049741275709089261,46,513,514,224
2,2,7,2,24,204,1,0.0063698448432277267,57,493,494,227
2,2,7,3,11,191,0,0.012743304821843507,55,600,600,218
2,2,7,4,30,210,0,0.013261678905910587,44,600,600,222
2,2,7,5,6,186,0,0.013411562637170794,43,600,600,230
2,2,7,6,10,190,0,0.013457028715074563,39,600,600,354
2,2,7,7,1,181,0,0.01898073435869415,41,600,600,207
2,2,7,8,18,198,0,0.019534275882157892,28,600,600,375
2,2,7,9,29,209,0,0.019723544592135888,42,600,600,204
2,2,7,10,26,206,0,0.020870682956879959,46,600,600,193
2,2,7,11,25,205,0,0.021562306784209177,34,600,600,199
2,2,7,12,3,183,0,0.02230185178318456,35,600,600,181
2,2,7,13,19,199,0,0.026697468318115123,47,600,600,210
2,2,7,14,20,200,0,0.028795754683557613,32,600,600,194
2,2,7,15,23,203,0,0.030879671359235319,30,600,600,210
2,2,7,16,13,193,0,0.031460490366103294,71,600,600,242
2,2,7,17,17,197,0,0.034730951035877269,49,600,600,215
2,2,7,18,7,187,0,0.035710473720416497,35,600,600,203
2,2,7,19,28,208,0,0.039435620528378582,55,600,600,253
2,2,7,20,2,182,0,0.043083842545728598,44,600,600,209
2,2,7,21,21,201,0,0.050438221125528211,56,600,600,251
2,2,7,22,22,202,0,0.055075289516533371,49,600,600,226
2,2,7,23,9,189,0,0.05673120526985511,77,600,600,284
2,2,7,24,8,188,0,0.062873773982554157,52,600,600,260
2,2,7,25,12,192,0,0.063434672810963266,28,600,600,181
2,2,7,26,15,195,0,0.074956297245084721,56,600,600,280
2,2,7,27,4,184,0,0.076194537845066593,48,600,600,256
2,2,7,28,27,207,0,0.076245637720075948,49,600,600,262
2,2,7,29,16,196,0,0.080122368483755854,45,600,600,249
2,2,7,30,5,185,0,0.087746573369686956,47,600,600,233
2,2,8,1,1,211,1,0.0035640066934268713,34,381,382,250
2,2,8,2,19,229,0,0.0044898585350807516,41,600,600,206
2,2,8,3,4,214,0,0.0051882451271554964,74,600,600,235
2,2,8,4,26,236,0,0.0070331364496300517,35,600,600,181
2,2,8,5,18,228,0,0.0082054593861114605,39,600,600,203
2,2,8,6,17,227,0,0.0094603112116799521,36,600,600,201
2,2,8,7,3,213,0,0.010193777972753254,34,600,600,170
2,2,8,8,10,220,0,0.011554159843769672,65,600,600,231
2,2,8,9,9,219,0,0.01514950872080083,33,600,600,599
2,2,8,10,8,218,0,0.015354130805480525,30,600,600,194
2,2,8,11,5,215,0,0.015602036832637153,47,600,600,185
2,2,8,12,30,240,0,0.015907681739588501,41,600,600,198
2,2,8,13,27,237,0,0.016965488588687697,78,600,600,220
2,2,8,14,11,221,0,0.01790303090988107,44,600,600,202
2,2,8,15,22,232,0,0.018867171709716513,43,600,600,206
2,2,8,16,6,216,0,0.01914634560109026,54,600,600,217
2,2,8,17,16,226,0,0.019842249740021415,29,600,600,599
2,2,8,18,25,235,0,0.020688631358669777,47,600,600,224
2,2,8,19,7,217,0,0.020800454434618389,39,600,600,599
2,2,8,20,23,233,0,0.021743538388169097,62,600,600,218
2,2,8,21,28,238,0,0.022876216268911224,134,600,600,599
2,2,8,22,14,224,0,0.02459925481296301,106,600,600,599
2,2,8,23,20,230,0,0.026886358968301764,92,600,600,518
2,2,8,24,12,222,0,0.027240297351003771,27,600,600,187
2,2,8,25,2,212,0,0.027777596876624198,51,600,600,459
2,2,8,26,24,234,0,0.029207930458388667,28,600,600,185
2,2,8,27,29,239,0,0.031299356671247246,38,600,600,204
2,2,8,28,21,231,0,0.033944170936209807,39,600,600,225
2,2,8,29,13,223,0,0.039853758182062181,25,600,600,186
2,2,8,30,15,225,0,0.058706040298908996,44,600,600,260
3,2,1,1,12,12,1,0.001518831129701186,67,353,354,221
3,2,1,2,4,4,1,0.00166329461220083,61,298,299,210
3,2,1,3,15,15,1,0.0017065538973020406,60,276,277,213
3,2,1,4,20,20,1,0.0028438718552699139,57,269,270,216
3,2,1,5,6,6,1,0.0036291643434218867,77,360,361,226
3,2,1,6,14,14,1,0.0039453664153129599,59,390,391,223
3,2,1,7,16,16,1,0.0048180384063311989,53,269,270,212
3,2,1,8,5,5,1,0.0062817119100262043,52,254,255,216
3,2,1,9,3,3,1,0.0076515422091305609,75,393,394,222
3,2,1,10,7,7,0,0.0017839899192657832,64,600,600,203
3,2,1,11,23,23,0,0.0046881868450823214,50,600,600,196
3,2,1,12,21,21,0,0.0051737961328783746,77,600,600,220
3,2,1,13,13,13,0,0.0055871264713452662,69,600,600,202
3,2,1,14,11,11,0,0.0057647385860297362,46,600,600,187
3,2,1,15,27,27,0,0.007178446974149863,60,600,600,210
3,2,1,16,1,1,0,0.0089181433744923294,45,600,600,194
3,2,1,17,19,19,0,0.012088231031555726,85,600,600,220
3,2,1,18,28,28,0,0.012565781337326118,87,600,600,599
3,2,1,19,22,22,0,0.01292570668082069,55,600,600,203
3,2,1,20,29,29,0,0.013663169741381615,77,600,600,209
3,2,1,21,26,26,0,0.015536346191433631,74,600,600,226
3,2,1,22,30,30,0,0.016713086482078646,57,600,600,197
3,2,1,23,2,2,0,0.017878143426483369,83,600,600,224
3,2,1,24,10,10,0,0.019514917650353521,59,600,600,213
3,2,1,25,9,9,0,0.020279261979525932,57,600,600,207
3,2,1,26,24,24,0,0.022087167071027276,74,600,600,213
3,2,1,27,17,17,0,0.024990723040247419,61,600,600,211
3,2,1,28,25,25,0,0.025299223522815401,44,600,600,199
3,2,1,29,18,18,0,0.025731051640028601,61,600,600,197
3,2,1,30,8,8,0,0.065916544233850627,57,600,600,227
3,2,2,1,27,57,1,0.0062717810933144991,32,463,464,216
3,2,2,2,10,40,1,0.029829325765681005,70,598,599,228
3,2,2,3,20,50,0,0.007274626619012685,26,600,600,197
3,2,2,4,29,59,0,0.0089832605740891875,46,600,600,194
3,2,2,5,30,60,0,0.011916953837517284,62,600,600,206
3,2,2,6,28,58,0,0.013931626010073949,86,600,600,212
3,2,2,7,23,53,0,0.014461816437986207,35,600,600,187
3,2,2,8,21,51,0,0.017274914270181147,56,600,600,202
3,2,2,9,9,39,0,0.020229043524199734,66,600,600,222
3,2,2,10,16,46,0,0.020601515362270589,65,600,600,231
3,2,2,11,22,52,0,0.022011601368084919,42,600,600,204
3,2,2,12,18,48,0,0.022157310722802959,68,600,600,218
3,2,2,13,2,32,0,0.023416737943190845,53,600,600,210
3,2,2,14,13,43,0,0.024483411259667485,48,600,600,191
3,2,2,15,7,37,0,0.024762115925586133,63,600,600,489
3,2,2,16,3,33,0,0.025228403603230611,64,600,600,211
3,2,2,17,1,31,0,0.025537894253929317,35,600,600,567
3,2,2,18,12,42,0,0.026159350731215829,47,600,600,565
3,2,2,19,25,55,0,0.026914472370443979,109,600,600,395
3,2,2,20,19,49,0,0.028824939588709117,50,600,600,207
3,2,2,21,15,45,0,0.030144665820355486,89,600,600,511
3,2,2,22,14,44,0,0.031195234727246328,59,600,600,199
3,2,2,23,8,38,0,0.033170692538541421,61,600,600,218
3,2,2,24,26,56,0,0.036014404458666237,64,600,600,599
3,2,2,25,5,35,0,0.040402425964404201,56,600,600,229
3,2,2,26,11,41,0,0.048447783465834095,69,600,600,227
3,2,2,27,6,36,0,0.057097915574268611,66,600,600,219
3,2,2,28,24,54,0,0.064347609291194791,127,600,600,302
3,2,2,29,17,47,0,0.064350328038743854,47,600,600,224
3,2,2,30,4,34,0,0.068065025554245512,76,600,600,242
3,2,3,1,3,63,0,0.0097995309159914865,50,600,600,539
3,2,3,2,23,83,0,0.012080496364282709,63,600,600,502
3,2,3,3,20,80,0,0.012106186125038061,40,600,600,581
3,2,3,4,18,78,0,0.013043603986426388,75,600,600,547
3,2,3,5,28,88,0,0.014420051116925865,38,600,600,541
3,2,3,6,6,66,0,0.016821066077008093,56,600,600,517
3,2,3,7,29,89,0,0.01902038741661077,42,600,600,178
3,2,3,8,17,77,0,0.019237021232888458,38,600,600,519
3,2,3,9,21,81,0,0.020653941083527819,35,600,600,531
3,2,3,10,22,82,0,0.021062516630746844,37,600,600,539
3,2,3,11,2,62,0,0.021645198899535558,46,600,600,523
3,2,3,12,19,79,0,0.023720211875225546,83,600,600,548
3,2,3,13,15,75,0,0.023860011125580335,46,600,600,529
3,2,3,14,30,90,0,0.026004080125728076,50,600,600,508
3,2,3,15,13,73,0,0.028470828702023443,43,600,600,525
3,2,3,16,11,71,0,0.030596775420465728,26,600,600,188
3,2,3,17,4,64,0,0.037327140778520299,56,600,600,512
3,2,3,18,24,84,0,0.03944513586518416,74,600,600,525
3,2,3,19,27,87,0,0.048577928347169855,64,600,600,517
3,2,3,20,1,61,0,0.052691007847975174,248,600,600,516
3,2,3,21,10,70,0,0.052865440000307393,99,600,600,521
3,2,3,22,16,76,0,0.055112105174779463,76,600,600,545
3,2,3,23,12,72,0,0.05802960314979267,106,600,600,527
3,2,3,24,5,65,0,0.059080214684275836,73,600,600,522
3,2,3,25,25,85,0,0.064849216140744598,97,600,600,543
3,2,3,26,7,67,0,0.067565716124882727,78,600,600,516
3,2,3,27,14,74,0,0.071817797794957589,80,600,600,443
3,2,3,28,8,68,0,0.074435787936967285,100,600,600,533
3,2,3,29,9,69,0,0.077956225073389646,209,600,600,502
3,2,3,30,26,86,0,0.080438789798369756,59,600,600,502
3,2,4,1,25,115,1,0.0040951354727677275,84,409,410,409
3,2,4,2,10,100,0,0.0035445441363682246,109,600,600,599
3,2,4,3,6,96,0,0.0035845479225221147,357,600,600,599
3,2,4,4,15,105,0,0.004836198494402956,41,600,600,599
3,2,4,5,2,92,0,0.0058908112463039453,37,600,600,599
3,2,4,6,30,120,0,0.0070639052959596453,126,600,600,599
3,2,4,7,4,94,0,0.0073562132002577144,319,600,600,599
3,2,4,8,29,119,0,0.0081934664235804467,70,600,600,599
3,2,4,9,26,116,0,0.0087892705718331677,54,600,600,599
3,2,4,10,22,112,0,0.009154957002490631,57,600,600,599
3,2,4,11,11,101,0,0.010939387129754034,73,600,600,599
3,2,4,12,1,91,0,0.011510867007105102,40,600,600,599
3,2,4,13,7,97,0,0.013311993560224653,26,600,600,599
3,2,4,14,16,106,0,0.017478714129930673,33,600,600,599
3,2,4,15,9,99,0,0.018756542598310676,47,600,600,599
3,2,4,16,14,104,0,0.023148570701082383,67,600,600,599
3,2,4,17,18,108,0,0.024726078282667718,67,600,600,599
3,2,4,18,24,114,0,0.025025189293112884,19,600,600,599
3,2,4,19,12,102,0,0.026085515087451515,204,600,600,588
3,2,4,20,5,95,0,0.02689905022840778,26,600,600,599
3,2,4,21,28,118,0,0.027390381964962233,194,600,600,337
3,2,4,22,3,93,0,0.03005391920225484,62,600,600,599
3,2,4,23,13,103,0,0.030792482851790912,204,600,600,599
3,2,4,24,17,107,0,0.032028149456530056,44,600,600,324
3,2,4,25,19,109,0,0.033959075048928623,38,600,600,599
3,2,4,26,8,98,0,0.03634029155913588,67,600,600,599
3,2,4,27,21,111,0,0.037210969857972766,27,600,600,305
3,2,4,28,23,113,0,0.043540989453752982,91,600,600,580
3,2,4,29,27,117,0,0.047712713135656913,31,600,600,599
3,2,4,30,20,110,0,0.047885328211303833,23,600,600,599
3,2,5,1,12,132,1,0.0012743851765799729,43,317,318,218
3,2,5,2,22,142,1,0.0016817164347132203,34,353,354,199
3,2,5,3,29,149,1,0.0037743537251041254,62,474,475,260
3,2,5,4,8,128,1,0.0048703065233901208,39,303,304,197
3,2,5,5,9,129,1,0.006289321571554869,53,552,553,215
3,2,5,6,10,130,1,0.0075811419391837121,60,413,414,246
3,2,5,7,18,138,0,0.0023474370432522338,75,600,600,243
3,2,5,8,2,122,0,0.0062161016933228322,69,600,600,599
3,2,5,9,1,121,0,0.006523518079590911,75,600,600,242
3,2,5,10,14,134,0,0.0071157991441904312,67,600,600,599
3,2,5,11,25,145,0,0.0083295893042226246,66,600,600,457
3,2,5,12,30,150,0,0.0091736227528750047,119,600,600,261
3,2,5,13,27,147,0,0.014450304398987019,53,600,600,205
3,2,5,14,15,135,0,0.015066639020912464,49,600,600,247
3,2,5,15,28,148,0,0.015198041943002477,57,600,600,236
3,2,5,16,5,125,0,0.016767133219755502,56,600,600,211
3,2,5,17,24,144,0,0.017160220392697333,62,600,600,599
3,2,5,18,16,136,0,0.019201401467926635,87,600,600,599
3,2,5,19,17,137,0,0.020506476026864846,55,600,600,218
3,2,5,20,7,127,0,0.021663367271650972,35,600,600,212
3,2,5,21,20,140,0,0.022113804387811506,42,600,600,201
3,2,5,22,26,146,0,0.022621629458949848,58,600,600,215
3,2,5,23,6,126,0,0.022974771061364047,29,600,600,175
3,2,5,24,19,139,0,0.02316557375998381,46,600,600,599
3,2,5,25,23,143,0,0.023188731163318314,86,600,600,599
3,2,5,26,4,124,0,0.026866159910910837,46,600,600,222
3,2,5,27,13,133,0,0.0269429874172076,71,600,600,232
3,2,5,28,3,123,0,0.035001560321003405,58,600,600,257
3,2,5,29,21,141,0,0.035545506474624171,46,600,600,203
3,2,5,30,11,131,0,0.041357216926531486,50,600,600,198
3,2,6,1,6,156,1,0.0052735684387612341,64,344,345,217
3,2,6,2,5,155,0,0.0032089709267599537,48,600,600,191
3,2,6,3,20,170,0,0.0070947394175242505,45,600,600,599
3,2,6,4,27,177,0,0.010578803869735509,42,600,600,174
3,2,6,5,4,154,0,0.011376379423847683,58,600,600,390
3,2,6,6,16,166,0,0.012476663552406207,43,600,600,184
3,2,6,7,28,178,0,0.014395093264266728,48,600,600,193
3,2,6,8,3,153,0,0.01505716363946647,34,600,600,165
3,2,6,9,19,169,0,0.015120819399783492,38,600,600,183
3,2,6,10,14,164,0,0.018672920710625308,37,600,600,175
3,2,6,11,23,173,0,0.021206839822354696,49,600,600,396
3,2,6,12,30,180,0,0.021912721045684723,39,600,600,180
3,2,6,13,13,163,0,0.023237193302116755,38,600,600,170
3,2,6,14,21,171,0,0.024916130187054155,33,600,600,194
3,2,6,15,8,158,0,0.03137394041701759,93,600,600,391
3,2,6,16,29,179,0,0.031496488932611297,63,600,600,599
3,2,6,17,22,172,0,0.032038722110223801,48,600,600,189
3,2,6,18,24,174,0,0.036245453756908012,74,600,600,411
3,2,6,19,26,176,0,0.037166418927121442,38,600,600,194
3,2,6,20,2,152,0,0.03870644096076914,62,600,600,437
3,2,6,21,1,151,0,0.040581609955471859,60,600,600,352
3,2,6,22,17,167,0,0.043383638317414208,36,600,600,182
3,2,6,23,7,157,0,0.043633676496972862,26,600,600,170
3,2,6,24,18,168,0,0.044557969068157351,47,600,600,196
3,2,6,25,10,160,0,0.04718408272329154,41,600,600,384
3,2,6,26,9,159,0,0.055841477509972537,37,600,600,185
3,2,6,27,15,165,0,0.056083221834572615,35,600,600,194
3,2,6,28,11,161,0,0.059025712507815367,69,600,600,411
3,2,6,29,12,162,0,0.062623101100607509,35,600,600,366
3,2,6,30,25,175,0,0.064867467651680333,32,600,600,183
3,2,7,1,2,182,0,0.016028628916051044,80,600,600,425
3,2,7,2,25,205,0,0.016083450301859075,75,600,600,410
3,2,7,3,13,193,0,0.016371831862358605,71,600,600,196
3,2,7,4,4,184,0,0.017594245088401048,107,600,600,416
3,2,7,5,6,186,0,0.01759453680836839,62,600,600,587
3,2,7,6,14,194,0,0.019201344535444521,100,600,600,439
3,2,7,7,29,209,0,0.019875287779098642,87,600,600,415
3,2,7,8,26,206,0,0.020285470391099906,56,600,600,438
3,2,7,9,8,188,0,0.020885651833950903,98,600,600,435
3,2,7,10,24,204,0,0.026771068635537704,108,600,600,421
3,2,7,11,1,181,0,0.026782702342501255,79,600,600,414
3,2,7,12,21,201,0,0.027593602834345463,126,600,600,409
3,2,7,13,3,183,0,0.032099858846629678,70,600,600,202
3,2,7,14,17,197,0,0.034227485537563204,90,600,600,416
3,2,7,15,19,199,0,0.034924904907358861,43,600,600,399
3,2,7,16,30,210,0,0.038027303329058855,28,600,600,184
3,2,7,17,15,195,0,0.039610618331708876,234,600,600,396
3,2,7,18,27,207,0,0.039931552616663826,74,600,600,445
3,2,7,19,12,192,0,0.044277702304620893,46,600,600,199
3,2,7,20,18,198,0,0.045324482689828721,93,600,600,422
3,2,7,21,10,190,0,0.04563072609541264,68,600,600,413
3,2,7,22,16,196,0,0.051777289204745752,81,600,600,460
3,2,7,23,5,185,0,0.051779068281507891,127,600,600,428
3,2,7,24,7,187,0,0.058164749518180965,236,600,600,410
3,2,7,25,11,191,0,0.059844729285368159,68,600,600,232
3,2,7,26,22,202,0,0.060011788784088214,114,600,600,406
3,2,7,27,20,200,0,0.063628159844949794,122,600,600,402
3,2,7,28,9,189,0,0.065267325014752714,233,600,600,401
3,2,7,29,28,208,0,0.068206917610275405,252,600,600,431
3,2,7,30,23,203,0,0.073579064566131933,232,600,600,430
3,2,8,1,6,216,0,0.010676290449638318,50,600,600,179
3,2,8,2,25,235,0,0.016230538195749062,28,600,600,143
3,2,8,3,10,220,0,0.017229929097960655,24,600,600,370
3,2,8,4,8,218,0,0.045625271721512539,52,600,600,359
3,2,8,5,24,234,0,0.047537047872025034,54,600,600,369
3,2,8,6,11,221,0,0.049041933109190056,35,600,600,171
3,2,8,7,19,229,0,0.051182399266745691,47,600,600,355
3,2,8,8,20,230,0,0.051874946144329061,88,600,600,358
3,2,8,9,29,239,0,0.052042791775445713,64,600,600,345
3,2,8,10,1,211,0,0.055507279186573992,59,600,600,330
3,2,8,11,5,215,0,0.056130038317794562,53,600,600,207
3,2,8,12,13,223,0,0.056754959343954296,87,600,600,441
3,2,8,13,14,224,0,0.062518161193297284,115,600,600,339
3,2,8,14,4,214,0,0.065967835548746925,92,600,600,347
3,2,8,15,9,219,0,0.066116483039316692,53,600,600,353
3,2,8,16,27,237,0,0.068154364992077485,54,600,600,348
3,2,8,17,22,232,0,0.06827791329569971,180,600,600,373
3,2,8,18,15,225,0,0.068485763020646101,152,600,600,325
3,2,8,19,30,240,0,0.069882451677578769,56,600,600,310
3,2,8,20,18,228,0,0.072600793750931522,93,600,600,351
3,2,8,21,3,213,0,0.073509009765459349,47,600,600,283
3,2,8,22,7,217,0,0.073851967644348412,64,600,600,329
3,2,8,23,28,238,0,0.075729529681693122,73,600,600,346
3,2,8,24,26,236,0,0.07763956278299905,78,600,600,347
3,2,8,25,16,226,0,0.07900501026351453,95,600,600,348
3,2,8,26,12,222,0,0.079815189542768145,102,600,600,343
3,2,8,27,21,231,0,0.080325496145436909,98,600,600,363
3,2,8,28,17,227,0,0.083924015289105508,100,600,600,332
3,2,8,29,23,233,0,0.086281507926925446,87,600,600,356
3,2,8,30,2,212,0,0.09733492842285546,82,600,600,338
4,2,1,1,5,5,0,0.0041331327263112103,25,600,600,163
4,2,1,2,15,15,0,0.0068437846485749016,43,600,600,196
4,2,1,3,24,24,0,0.0093463077935514206,41,600,600,221
4,2,1,4,13,13,0,0.0094038234177919455,76,600,600,540
4,2,1,5,17,17,0,0.0098950038039315458,47,600,600,553
4,2,1,6,18,18,0,0.010218986869348108,49,600,600,574
4,2,1,7,25,25,0,0.010751639895012205,33,600,600,174
4,2,1,8,28,28,0,0.011052141566441026,41,600,600,567
4,2,1,9,2,2,0,0.011205128170284639,33,600,600,543
4,2,1,10,19,19,0,0.012738787026573248,30,600,600,214
4,2,1,11,1,1,0,0.015015588410031196,46,600,600,346
4,2,1,12,20,20,0,0.01703099584700285,95,600,600,549
4,2,1,13,6,6,0,0.017308604046242865,59,600,600,534
4,2,1,14,14,14,0,0.017567685911901672,24,600,600,152
4,2,1,15,27,27,0,0.018296845154910472,50,600,600,544
4,2,1,16,3,3,0,0.018988653409578487,71,600,600,529
4,2,1,17,26,26,0,0.019520906382608907,62,600,600,532
4,2,1,18,10,10,0,0.020067619702736496,103,600,600,558
4,2,1,19,30,30,0,0.020354754240300449,259,600,600,557
4,2,1,20,29,29,0,0.020628774656337456,42,600,600,207
4,2,1,21,7,7,0,0.02089049115160916,34,600,600,169
4,2,1,22,22,22,0,0.025816300130803209,38,600,600,522
4,2,1,23,23,23,0,0.030657518321905754,151,600,600,599
4,2,1,24,21,21,0,0.031347841368422419,84,600,600,477
4,2,1,25,11,11,0,0.034345453959384258,117,600,600,567
4,2,1,26,12,12,0,0.039462532358366574,60,600,600,587
4,2,1,27,16,16,0,0.045728794796135543,95,600,600,518
4,2,1,28,9,9,0,0.051676553860918871,88,600,600,499
4,2,1,29,8,8,0,0.05837832827674079,72,600,600,544
4,2,1,30,4,4,0,0.058658497173422343,244,600,600,572
4,2,2,1,1,31,1,0.0012156115943860314,52,563,564,194
4,2,2,2,6,36,1,0.0035825853810182661,52,460,461,214
4,2,2,3,5,35,0,0.0021661238606681121,37,600,600,186
4,2,2,4,18,48,0,0.0059471889756964923,60,600,600,203
4,2,2,5,7,37,0,0.0074417505839176256,35,600,600,197
4,2,2,6,27,57,0,0.0078687237279262967,46,600,600,190
4,2,2,7,30,60,0,0.0091883156597542068,41,600,600,599
4,2,2,8,29,59,0,0.009568380182861708,58,600,600,220
4,2,2,9,23,53,0,0.010535982634066828,40,600,600,190
4,2,2,10,28,58,0,0.011768824562028787,36,600,600,170
4,2,2,11,4,34,0,0.013766172020228156,41,600,600,179
4,2,2,12,2,32,0,0.014120745385990952,48,600,600,203
4,2,2,13,20,50,0,0.014142601172111217,47,600,600,187
4,2,2,14,21,51,0,0.014694426643331454,39,600,600,194
4,2,2,15,15,45,0,0.0241109274244601,45,600,600,183
4,2,2,16,26,56,0,0.025942828687323092,50,600,600,209
4,2,2,17,3,33,0,0.028321181528155676,53,600,600,438
4,2,2,18,9,39,0,0.029290814178902343,54,600,600,203
4,2,2,19,17,47,0,0.032133348745097434,45,600,600,195
4,2,2,20,14,44,0,0.033511197837818585,63,600,600,376
4,2,2,21,8,38,0,0.035221679126387136,47,600,600,204
4,2,2,22,24,54,0,0.036346934754942377,45,600,600,180
4,2,2,23,16,46,0,0.037516504170471872,51,600,600,198
4,2,2,24,19,49,0,0.041619874867081172,46,600,600,184
4,2,2,25,25,55,0,0.045115372223302877,38,600,600,185
4,2,2,26,10,40,0,0.049728763370529901,78,600,600,439
4,2,2,27,11,41,0,0.05985029006410153,39,600,600,398
4,2,2,28,12,42,0,0.061617376057907243,57,600,600,392
4,2,2,29,13,43,0,0.064691183630360027,64,600,600,450
4,2,2,30,22,52,0,0.068167374359139415,39,600,600,191
4,2,3,1,22,82,0,0.012402518778105902,29,600,600,490
4,2,3,2,21,81,0,0.018753625422838854,101,600,600,523
4,2,3,3,24,84,0,0.0241792046841743,47,600,600,450
4,2,3,4,5,65,0,0.028120903542825478,76,600,600,443
4,2,3,5,10,70,0,0.029265386391153593,50,600,600,548
4,2,3,6,18,78,0,0.031211799013992691,37,600,600,457
4,2,3,7,14,74,0,0.03470162766356967,112,600,600,429
4,2,3,8,26,86,0,0.035214168042479795,73,600,600,437
4,2,3,9,16,76,0,0.036891460755895174,51,600,600,599
4,2,3,10,15,75,0,0.043198092359618065,36,600,600,521
4,2,3,11,13,73,0,0.043500647370864655,67,600,600,446
4,2,3,12,25,85,0,0.044259157910180591,110,600,600,505
4,2,3,13,4,64,0,0.049089582209144327,53,600,600,402
4,2,3,14,17,77,0,0.049594626670136983,35,600,600,480
4,2,3,15,1,61,0,0.050506420251534123,47,600,600,491
4,2,3,16,7,67,0,0.050711918739944926,44,600,600,551
4,2,3,17,11,71,0,0.055515770361738423,196,600,600,418
4,2,3,18,29,89,0,0.05652704709561223,149,600,600,486
4,2,3,19,2,62,0,0.057106879687350988,81,600,600,444
4,2,3,20,12,72,0,0.057230661833532592,31,600,600,418
4,2,3,21,28,88,0,0.059411141387651287,41,600,600,447
4,2,3,22,6,66,0,0.060375932713847648,123,600,600,554
4,2,3,23,19,79,0,0.066295211376694724,69,600,600,533
4,2,3,24,8,68,0,0.069224810569130893,109,600,600,374
4,2,3,25,3,63,0,0.07012828127431385,36,600,600,488
4,2,3,26,30,90,0,0.078218735950341428,74,600,600,409
4,2,3,27,20,80,0,0.078348473198667681,55,600,600,444
4,2,3,28,27,87,0,0.085952618627886071,137,600,600,368
4,2,3,29,23,83,0,0.094526443273732594,53,600,600,452
4,2,3,30,9,69,0,0.10603675203046019,33,600,600,407
4,2,4,1,23,113,0,0.0082932724233477778,24,600,600,162
4,2,4,2,16,106,0,0.012659019317703007,21,600,600,143
4,2,4,3,3,93,0,0.013649302963082206,25,600,600,155
4,2,4,4,22,112,0,0.018870449105769554,46,600,600,599
4,2,4,5,15,105,0,0.019166776587223471,20,600,600,141
4,2,4,6,26,116,0,0.021247226907129803,23,600,600,148
4,2,4,7,27,117,0,0.021536180763584087,23,600,600,153
4,2,4,8,2,92,0,0.023438531095156551,45,600,600,599
4,2,4,9,24,114,0,0.024008500848978126,30,600,600,169
4,2,4,10,11,101,0,0.029576392838025132,30,600,600,417
4,2,4,11,13,103,0,0.030017797972919751,24,600,600,148
4,2,4,12,30,120,0,0.033485627264321992,27,600,600,439
4,2,4,13,17,107,0,0.034406600411306221,51,600,600,448
4,2,4,14,14,104,0,0.034670857230124398,46,600,600,455
4,2,4,15,8,98,0,0.035198982660369839,28,600,600,184
4,2,4,16,4,94,0,0.038227610615580027,31,600,600,524
4,2,4,17,29,119,0,0.038344002553409716,24,600,600,430
4,2,4,18,12,102,0,0.040711169996480584,45,600,600,442
4,2,4,19,20,110,0,0.041183602111403303,40,600,600,193
4,2,4,20,9,99,0,0.041288600996317704,24,600,600,409
4,2,4,21,6,96,0,0.042771970021343468,88,600,600,471
4,2,4,22,19,109,0,0.042858744471848502,50,600,600,440
4,2,4,23,7,97,0,0.046400458667229548,33,600,600,193
4,2,4,24,5,95,0,0.046564539413083139,27,600,600,412
4,2,4,25,21,111,0,0.052157615420872501,25,600,600,166
4,2,4,26,1,91,0,0.053411622449633787,34,600,600,416
4,2,4,27,28,118,0,0.054920503437814489,32,600,600,182
4,2,4,28,10,100,0,0.06027651494398524,47,600,600,437
4,2,4,29,25,115,0,0.061786899437714995,183,600,600,599
4,2,4,30,18,108,0,0.066157305016405668,52,600,600,437
4,2,5,1,28,148,0,0.0055151204671474146,65,600,600,199
4,2,5,2,15,135,0,0.0058902209281218136,68,600,600,430
4,2,5,3,18,138,0,0.010377489115195671,130,600,600,599
4,2,5,4,27,147,0,0.012877650217081879,63,600,600,211
4,2,5,5,9,129,0,0.014561136317666203,117,600,600,561
4,2,5,6,25,145,0,0.014739432223091134,43,600,600,196
4,2,5,7,12,132,0,0.015225443501254769,48,600,600,191
4,2,5,8,26,146,0,0.017960912877441615,48,600,600,193
4,2,5,9,14,134,0,0.01861514015994916,80,600,600,561
4,2,5,10,2,122,0,0.019491672919964498,123,600,600,502
4,2,5,11,11,131,0,0.02049392288055682,53,600,600,215
4,2,5,12,13,133,0,0.020737384325714817,121,600,600,599
4,2,5,13,21,141,0,0.021589719919314132,86,600,600,516
4,2,5,14,22,142,0,0.022016625561196029,96,600,600,508
4,2,5,15,7,127,0,0.02471835847621039,80,600,600,536
4,2,5,16,24,144,0,0.025897497659351742,132,600,600,522
4,2,5,17,30,150,0,0.030863695114819532,49,600,600,482
4,2,5,18,6,126,0,0.036325573553992019,20,600,600,176
4,2,5,19,17,137,0,0.037495569900822319,252,600,600,512
4,2,5,20,19,139,0,0.045187189339549398,168,600,600,599
4,2,5,21,5,125,0,0.046392272774573994,227,600,600,444
4,2,5,22,4,124,0,0.046935672569923405,124,600,600,471
4,2,5,23,10,130,0,0.047064584096004912,139,600,600,512
4,2,5,24,20,140,0,0.04720064182323374,46,600,600,574
4,2,5,25,29,149,0,0.047746205202455427,50,600,600,219
4,2,5,26,3,123,0,0.049329188315209507,46,600,600,475
4,2,5,27,16,136,0,0.05312343069122618,31,600,600,404
4,2,5,28,23,143,0,0.057577111791132354,24,600,600,400
4,2,5,29,1,121,0,0.061227879286099046,89,600,600,455
4,2,5,30,8,128,0,0.08302680684264313,52,600,600,254
4,2,6,1,3,153,0,0.0031338200405187462,63,600,600,599
4,2,6,2,5,155,0,0.0037062549607887888,49,600,600,185
4,2,6,3,4,154,0,0.0052989578947702128,48,600,600,182
4,2,6,4,14,164,0,0.0086108200249840599,60,600,600,198
4,2,6,5,22,172,0,0.0095114692543190622,67,600,600,566
4,2,6,6,6,156,0,0.013167598882897124,71,600,600,210
4,2,6,7,2,152,0,0.014523423961702727,65,600,600,175
4,2,6,8,20,170,0,0.023097103918742982,40,600,600,181
4,2,6,9,27,177,0,0.024164807173929395,62,600,600,575
4,2,6,10,11,161,0,0.024695893184794725,44,600,600,565
4,2,6,11,7,157,0,0.028472388998126159,95,600,600,599
4,2,6,12,26,176,0,0.030369096025718897,73,600,600,555
4,2,6,13,19,169,0,0.039132444016356675,42,600,600,176
4,2,6,14,15,165,0,0.04083601579516933,143,600,600,468
4,2,6,15,9,159,0,0.044181811669101491,41,600,600,174
4,2,6,16,1,151,0,0.045956432798935326,69,600,600,206
4,2,6,17,28,178,0,0.047664323472108305,77,600,600,450
4,2,6,18,29,179,0,0.052628878830339801,50,600,600,192
4,2,6,19,12,162,0,0.053779579771065539,51,600,600,189
4,2,6,20,21,171,0,0.058220457626896781,45,600,600,214
4,2,6,21,17,167,0,0.06027530972109086,61,600,600,530
4,2,6,22,18,168,0,0.06318110541477466,48,600,600,199
4,2,6,23,23,173,0,0.065807050093658614,53,600,600,468
4,2,6,24,8,158,0,0.066685182548540764,43,600,600,191
4,2,6,25,13,163,0,0.069009468490083131,49,600,600,443
4,2,6,26,30,180,0,0.071436374229578173,62,600,600,464
4,2,6,27,10,160,0,0.077078525771151596,52,600,600,210
4,2,6,28,24,174,0,0.07863142642680461,56,600,600,467
4,2,6,29,25,175,0,0.081766941078010399,43,600,600,193
4,2,6,30,16,166,0,0.094406994723977261,42,600,600,193
4,2,7,1,1,181,0,0.0069631000164155398,49,600,600,187
4,2,7,2,22,202,0,0.0074421884740909147,52,600,600,549
4,2,7,3,19,199,0,0.0079568891743857176,37,600,600,155
4,2,7,4,16,196,0,0.009995582345329164,26,600,600,164
4,2,7,5,29,209,0,0.010076343462865999,40,600,600,536
4,2,7,6,30,210,0,0.012262664349352529,51,600,600,396
4,2,7,7,9,189,0,0.012771818773823362,38,600,600,483
4,2,7,8,21,201,0,0.016683722883581453,40,600,600,449
4,2,7,9,4,184,0,0.01677920803360685,37,600,600,161
4,2,7,10,3,183,0,0.017405485872322175,120,600,600,599
4,2,7,11,24,204,0,0.020683058090623936,56,600,600,397
4,2,7,12,8,188,0,0.022407298053890287,43,600,600,385
4,2,7,13,18,198,0,0.02247213741467758,86,600,600,495
4,2,7,14,10,190,0,0.023052738636395311,79,600,600,599
4,2,7,15,20,200,0,0.023555505400162161,78,600,600,463
4,2,7,16,12,192,0,0.025936079674016923,54,600,600,578
4,2,7,17,28,208,0,0.028290039789226062,46,600,600,403
4,2,7,18,27,207,0,0.029295119632313297,88,600,600,440
4,2,7,19,13,193,0,0.029595244512883222,42,600,600,461
4,2,7,20,14,194,0,0.031886865631055764,96,600,600,445
4,2,7,21,15,195,0,0.034693183557867033,160,600,600,401
4,2,7,22,23,203,0,0.035247665605598312,33,600,600,175
4,2,7,23,17,197,0,0.035591483691304437,92,600,600,403
4,2,7,24,6,186,0,0.036793712378678449,86,600,600,494
4,2,7,25,25,205,0,0.040002613620992486,284,600,600,599
4,2,7,26,26,206,0,0.041191861084587077,169,600,600,462
4,2,7,27,2,182,0,0.043508983666481066,73,600,600,429
4,2,7,28,7,187,0,0.053245577835774639,65,600,600,532
4,2,7,29,11,191,0,0.055503150208271443,121,600,600,573
4,2,7,30,5,185,0,0.057479634765640254,58,600,600,554
4,2,8,1,8,218,1,0.0022234241069128031,37,433,434,189
4,2,8,2,26,236,1,0.0036125146366454766,49,394,395,198
4,2,8,3,1,211,0,0.0049832614915542896,34,600,600,151
4,2,8,4,3,213,0,0.010935594930635008,25,600,600,166
4,2,8,5,19,229,0,0.01195865174023638,49,600,600,189
4,2,8,6,9,219,0,0.014349912579974249,25,600,600,162
4,2,8,7,17,227,0,0.014431935916258836,27,600,600,163
4,2,8,8,4,214,0,0.018430200274892457,33,600,600,153
4,2,8,9,28,238,0,0.018529101864021728,30,600,600,173
4,2,8,10,6,216,0,0.020081356799388238,54,600,600,599
4,2,8,11,23,233,0,0.022329291975428427,34,600,600,165
4,2,8,12,25,235,0,0.023158607551331603,33,600,600,161
4,2,8,13,11,221,0,0.024239456602226664,29,600,600,174
4,2,8,14,18,228,0,0.028623117489935769,34,600,600,168
4,2,8,15,14,224,0,0.029411610467969147,48,600,600,293
4,2,8,16,30,240,0,0.032773222803965087,27,600,600,158
4,2,8,17,10,220,0,0.036497680788554698,31,600,600,183
4,2,8,18,20,230,0,0.037198417851976688,42,600,600,189
4,2,8,19,24,234,0,0.038374128568823905,40,600,600,311
4,2,8,20,13,223,0,0.039002848512841991,62,600,600,356
4,2,8,21,27,237,0,0.047561149486271097,29,600,600,198
4,2,8,22,5,215,0,0.050214853310314132,50,600,600,599
4,2,8,23,29,239,0,0.051093401594344182,64,600,600,335
4,2,8,24,16,226,0,0.051542631991928059,36,600,600,204
4,2,8,25,21,231,0,0.054303082946731286,36,600,600,364
4,2,8,26,7,217,0,0.054995923781151305,45,600,600,378
4,2,8,27,12,222,0,0.060065085567715663,52,600,600,531
4,2,8,28,15,225,0,0.060628846773374538,63,600,600,361
4,2,8,29,2,212,0,0.078847170363781763,55,600,600,328
4,2,8,30,22,232,0,0.089282654111361909,36,600,600,343
5,2,1,1,2,2,1,0.0028866449270134767,52,375,376,189
5,2,1,2,30,30,1,0.005760721022583239,44,559,560,559
5,2,1,3,28,28,0,0.003164994257264415,57,600,600,183
5,2,1,4,19,19,0,0.0053929351626204741,43,600,600,168
5,2,1,5,18,18,0,0.0056155952080297108,61,600,600,170
5,2,1,6,7,7,0,0.0058671560082195111,45,600,600,181
5,2,1,7,25,25,0,0.00764500642973157,60,600,600,186
5,2,1,8,26,26,0,0.011184778080878765,37,600,600,167
5,2,1,9,21,21,0,0.011354203533901853,27,600,600,144
5,2,1,10,10,10,0,0.011580077781931396,37,600,600,170
5,2,1,11,9,9,0,0.012104532712013252,92,600,600,459
5,2,1,12,16,16,0,0.012331443543579207,47,600,600,492
5,2,1,13,27,27,0,0.014464024564516115,32,600,600,400
5,2,1,14,22,22,0,0.019732605569493487,100,600,600,510
5,2,1,15,4,4,0,0.019921999273637775,48,600,600,159
5,2,1,16,15,15,0,0.020835132993093662,89,600,600,484
5,2,1,17,20,20,0,0.021088315851329122,38,600,600,480
5,2,1,18,1,1,0,0.021855936550004267,41,600,600,161
5,2,1,19,8,8,0,0.022804234820089916,49,600,600,599
5,2,1,20,12,12,0,0.023920919199910805,61,600,600,424
5,2,1,21,13,13,0,0.024843860508563333,92,600,600,392
5,2,1,22,11,11,0,0.025556449216019579,60,600,600,188
5,2,1,23,6,6,0,0.026232547906626255,59,600,600,211
5,2,1,24,5,5,0,0.02645739196271624,31,600,600,151
5,2,1,25,23,23,0,0.032274714383284615,70,600,600,203
5,2,1,26,14,14,0,0.037631156984329783,167,600,600,362
5,2,1,27,24,24,0,0.038387363387682893,47,600,600,426
5,2,1,28,29,29,0,0.054842507106043603,111,600,600,353
5,2,1,29,3,3,0,0.059372670232582671,214,600,600,405
5,2,1,30,17,17,0,0.061292445589253355,108,600,600,486
5,2,2,1,21,51,1,0.0021325158238687915,60,421,422,233
5,2,2,2,12,42,1,0.0048485892290449275,69,430,431,232
5,2,2,3,5,35,1,0.0084957365915304516,59,531,532,246
5,2,2,4,11,41,0,0.0041982260553056544,68,600,600,230
5,2,2,5,6,36,0,0.0071067567440001346,51,600,600,245
5,2,2,6,4,34,0,0.0081455174146138499,67,600,600,236
5,2,2,7,23,53,0,0.0098918706666230056,55,600,600,223
5,2,2,8,28,58,0,0.010917427857656472,93,600,600,262
5,2,2,9,20,50,0,0.011162641313030807,72,600,600,479
5,2,2,10,9,39,0,0.011891633096430489,53,600,600,599
5,2,2,11,10,40,0,0.016842152525837553,55,600,600,226
5,2,2,12,14,44,0,0.017378951041604775,34,600,600,199
5,2,2,13,15,45,0,0.017474680089257504,65,600,600,254
5,2,2,14,29,59,0,0.017524568939170936,64,600,600,220
5,2,2,15,1,31,0,0.023177485124954919,44,600,600,212
5,2,2,16,26,56,0,0.023611406851301763,60,600,600,239
5,2,2,17,30,60,0,0.023672534167948511,70,600,600,235
5,2,2,18,25,55,0,0.027401490441451789,68,600,600,215
5,2,2,19,3,33,0,0.028078436832677398,53,600,600,230
5,2,2,20,13,43,0,0.028939231383831688,69,600,600,234
5,2,2,21,18,48,0,0.029561182016353632,62,600,600,240
5,2,2,22,7,37,0,0.029714108997926727,45,600,600,234
5,2,2,23,2,32,0,0.03625755355691735,54,600,600,198
5,2,2,24,17,47,0,0.038059865343770906,39,600,600,241
5,2,2,25,16,46,0,0.038684417691896351,85,600,600,599
5,2,2,26,8,38,0,0.041888709953276579,88,600,600,257
5,2,2,27,19,49,0,0.047481890786385719,42,600,600,256
5,2,2,28,27,57,0,0.049769614976910542,94,600,600,274
5,2,2,29,22,52,0,0.053791143280531535,62,600,600,243
5,2,2,30,24,54,0,0.067004542724006355,50,600,600,257
5,2,3,1,27,87,1,0.0010007752376431239,52,290,291,216
5,2,3,2,14,74,1,0.0061117923894318388,51,287,288,226
5,2,3,3,2,62,0,0.0064577841884837879,53,600,600,201
5,2,3,4,19,79,0,0.010133245516731625,46,600,600,197
5,2,3,5,22,82,0,0.014275160360236478,43,600,600,191
5,2,3,6,5,65,0,0.021882454319791508,59,600,600,222
5,2,3,7,7,67,0,0.023837085897390423,58,600,600,204
5,2,3,8,13,73,0,0.027799307861058536,25,600,600,179
5,2,3,9,24,84,0,0.030915923553815651,45,600,600,199
5,2,3,10,21,81,0,0.031793587820920607,50,600,600,201
5,2,3,11,9,69,0,0.032072806519251526,47,600,600,423
5,2,3,12,10,70,0,0.033184608761797282,47,600,600,194
5,2,3,13,30,90,0,0.033271972116461011,52,600,600,216
5,2,3,14,11,71,0,0.035812231400397347,58,600,600,455
5,2,3,15,25,85,0,0.037969363793695601,47,600,600,497
5,2,3,16,6,66,0,0.038697788947110998,49,600,600,195
5,2,3,17,28,88,0,0.038822483739942334,50,600,600,204
5,2,3,18,26,86,0,0.040843193080108857,50,600,600,217
5,2,3,19,4,64,0,0.042693535236003458,54,600,600,503
5,2,3,20,15,75,0,0.044987851265202994,53,600,600,477
5,2,3,21,20,80,0,0.053025237279391839,49,600,600,190
5,2,3,22,1,61,0,0.053048786921521277,38,600,600,201
5,2,3,23,29,89,0,0.05313261967875238,44,600,600,485
5,2,3,24,3,63,0,0.05602801829500386,45,600,600,205
5,2,3,25,16,76,0,0.05730174770236017,57,600,600,467
5,2,3,26,23,83,0,0.05844488540927447,58,600,600,223
5,2,3,27,8,68,0,0.060815075063709527,55,600,600,445
5,2,3,28,17,77,0,0.068771391422220871,49,600,600,471
5,2,3,29,12,72,0,0.079712958161151398,62,600,600,454
5,2,3,30,18,78,0,0.083310044876124936,22,600,600,435
5,2,4,1,18,108,1,0.0012142315218265545,40,316,317,212
5,2,4,2,15,105,1,0.0044186393077720355,47,265,266,219
5,2,4,3,30,120,0,0.0028749667669255622,34,600,600,599
5,2,4,4,5,95,0,0.0057231364251198076,61,600,600,210
5,2,4,5,29,119,0,0.0070486034597206371,67,600,600,231
5,2,4,6,12,102,0,0.0090138729897198868,37,600,600,214
5,2,4,7,3,93,0,0.0093222554883567246,61,600,600,188
5,2,4,8,16,106,0,0.0096477059143696472,67,600,600,599
5,2,4,9,7,97,0,0.01049788914779925,66,600,600,210
5,2,4,10,4,94,0,0.01191931993094766,30,600,600,473
5,2,4,11,2,92,0,0.013531552818333693,53,600,600,480
5,2,4,12,8,98,0,0.013835115841273926,63,600,600,211
5,2,4,13,23,113,0,0.014626528305548173,83,600,600,202
5,2,4,14,26,116,0,0.016175764823315137,37,600,600,172
5,2,4,15,1,91,0,0.01670595013272946,100,600,600,450
5,2,4,16,10,100,0,0.023384046519133134,44,600,600,194
5,2,4,17,9,99,0,0.024824272159532475,55,600,600,197
5,2,4,18,20,110,0,0.025146615408524243,102,600,600,439
5,2,4,19,25,115,0,0.033907797416433356,36,600,600,185
5,2,4,20,27,117,0,0.036174548399952065,134,600,600,452
5,2,4,21,6,96,0,0.037100406826124477,44,600,600,542
5,2,4,22,21,111,0,0.038374993568915175,49,600,600,216
5,2,4,23,24,114,0,0.039322626521986974,37,600,600,207
5,2,4,24,17,107,0,0.04070739189529364,72,600,600,238
5,2,4,25,28,118,0,0.042028086564680871,63,600,600,218
5,2,4,26,19,109,0,0.049974353177760701,31,600,600,186
5,2,4,27,11,101,0,0.05038610741457248,33,600,600,196
5,2,4,28,13,103,0,0.052000376527361544,63,600,600,220
5,2,4,29,14,104,0,0.053974679033847991,39,600,600,269
5,2,4,30,22,112,0,0.064439543468245472,29,600,600,191
5,2,5,1,8,128,1,0.0015665681079302944,61,385,386,243
5,2,5,2,2,122,0,0.0056385728802640228,26,600,600,479
5,2,5,3,1,121,0,0.0098524878494019932,80,600,600,340
5,2,5,4,14,134,0,0.010080378327396597,53,600,600,207
5,2,5,5,15,135,0,0.011274311060166589,32,600,600,175
5,2,5,6,12,132,0,0.014469500995178455,103,600,600,485
5,2,5,7,7,127,0,0.015140790326871897,34,600,600,176
5,2,5,8,26,146,0,0.017412201813343298,29,600,600,164
5,2,5,9,21,141,0,0.017941987663207842,78,600,600,229
5,2,5,10,11,131,0,0.019866422843866569,59,600,600,195
5,2,5,11,18,138,0,0.019887108259260926,40,600,600,184
5,2,5,12,4,124,0,0.020372781482538398,45,600,600,356
5,2,5,13,22,142,0,0.022176139909234199,63,600,600,599
5,2,5,14,30,150,0,0.024230433472974208,69,600,600,210
5,2,5,15,5,125,0,0.024474480014955467,35,600,600,196
5,2,5,16,10,130,0,0.028433231726184185,56,600,600,481
5,2,5,17,20,140,0,0.029635778973261202,56,600,600,248
5,2,5,18,19,139,0,0.031663285554170327,72,600,600,223
5,2,5,19,9,129,0,0.034170117008930682,69,600,600,425
5,2,5,20,13,133,0,0.035048012587252937,110,600,600,309
5,2,5,21,17,137,0,0.035067438434324437,96,600,600,438
5,2,5,22,25,145,0,0.035195662519521567,69,600,600,409
5,2,5,23,29,149,0,0.038432881966286976,42,600,600,252
5,2,5,24,16,136,0,0.038565907078727424,82,600,600,235
5,2,5,25,27,147,0,0.040623583907625285,70,600,600,240
5,2,5,26,24,144,0,0.042044314914109412,53,600,600,238
5,2,5,27,23,143,0,0.042499436301259054,105,600,600,335
5,2,5,28,3,123,0,0.05266673926608495,69,600,600,365
5,2,5,29,28,148,0,0.058381206363531717,61,600,600,314
5,2,5,30,6,126,0,0.06275201888901609,80,600,600,274
5,2,6,1,9,159,1,0.018498826728120761,78,430,431,430
5,2,6,2,20,170,1,0.018723707958088535,52,472,473,403
5,2,6,3,28,178,1,0.021927338452254589,52,595,596,212
5,2,6,4,14,164,0,0.010354129873805261,66,600,600,599
5,2,6,5,10,160,0,0.015220870674207338,50,600,600,195
5,2,6,6,6,156,0,0.02279774738918033,73,600,600,599
5,2,6,7,1,151,0,0.026385929274461376,35,600,600,179
5,2,6,8,19,169,0,0.026836399431866116,53,600,600,218
5,2,6,9,7,157,0,0.026962294461526867,70,600,600,599
5,2,6,10,8,158,0,0.027059690991328784,69,600,600,599
5,2,6,11,22,172,0,0.028618479056136046,59,600,600,599
5,2,6,12,12,162,0,0.033234625690685506,27,600,600,162
5,2,6,13,21,171,0,0.033835131133101486,34,600,600,181
5,2,6,14,23,173,0,0.034198106554605263,39,600,600,233
5,2,6,15,24,174,0,0.03551827638084859,42,600,600,198
5,2,6,16,5,155,0,0.03757964484716967,51,600,600,193
5,2,6,17,3,153,0,0.037898906561637143,40,600,600,190
5,2,6,18,2,152,0,0.038972218618117553,34,600,600,176
5,2,6,19,18,168,0,0.045160266383137471,43,600,600,224
5,2,6,20,29,179,0,0.045594681894288343,50,600,600,212
5,2,6,21,11,161,0,0.046239209694031294,47,600,600,188
5,2,6,22,13,163,0,0.047558446843680054,34,600,600,223
5,2,6,23,16,166,0,0.048135076878326521,28,600,600,173
5,2,6,24,30,180,0,0.054166631690025814,32,600,600,187
5,2,6,25,25,175,0,0.054179977216775255,34,600,600,184
5,2,6,26,27,177,0,0.054466537715526196,24,600,600,176
5,2,6,27,17,167,0,0.056337785255070758,34,600,600,185
5,2,6,28,26,176,0,0.07445560085214524,56,600,600,599
5,2,6,29,4,154,0,0.07780438529308048,25,600,600,179
5,2,6,30,15,165,0,0.078997404929171997,37,600,600,195
5,2,7,1,20,200,0,0.012455660803378725,84,600,600,203
5,2,7,2,28,208,0,0.01304398901869005,70,600,600,206
5,2,7,3,26,206,0,0.01526708802625586,90,600,600,231
5,2,7,4,14,194,0,0.017606605209066612,81,600,600,599
5,2,7,5,27,207,0,0.020407357649221382,80,600,600,587
5,2,7,6,9,189,0,0.020469924762623729,44,600,600,189
5,2,7,7,15,195,0,0.021092544060369523,97,600,600,240
5,2,7,8,2,182,0,0.022029326704066546,67,600,600,220
5,2,7,9,25,205,0,0.025874874103407976,21,600,600,159
5,2,7,10,18,198,0,0.026291383089284699,120,600,600,438
5,2,7,11,17,197,0,0.027412725235055904,28,600,600,194
5,2,7,12,19,199,0,0.029586214356451722,103,600,600,494
5,2,7,13,23,203,0,0.030636775541177309,94,600,600,233
5,2,7,14,1,181,0,0.03115988700904538,82,600,600,211
5,2,7,15,4,184,0,0.032188558755365311,125,600,600,459
5,2,7,16,13,193,0,0.035767374863543776,21,600,600,214
5,2,7,17,29,209,0,0.036073420670460703,39,600,600,193
5,2,7,18,30,210,0,0.03924675793755885,107,600,600,599
5,2,7,19,11,191,0,0.03955445442580062,47,600,600,196
5,2,7,20,5,185,0,0.041828382947495454,115,600,600,599
5,2,7,21,12,192,0,0.046631517870863393,26,600,600,164
5,2,7,22,10,190,0,0.048853645329783819,34,600,600,186
5,2,7,23,7,187,0,0.052559903723908376,46,600,600,197
5,2,7,24,21,201,0,0.053732358680963571,47,600,600,209
5,2,7,25,8,188,0,0.054209246123425897,132,600,600,599
5,2,7,26,22,202,0,0.055569374209038992,63,600,600,443
5,2,7,27,3,183,0,0.065948045077198716,47,600,600,214
5,2,7,28,16,196,0,0.066110815111781351,62,600,600,222
5,2,7,29,24,204,0,0.068330963494765959,66,600,600,226
5,2,7,30,6,186,0,0.084550353489820804,40,600,600,207
5,2,8,1,11,221,0,0.0088138565134978121,46,600,600,183
5,2,8,2,13,223,0,0.0088301667985857101,35,600,600,599
5,2,8,3,1,211,0,0.0089076889119681282,81,600,600,599
5,2,8,4,24,234,0,0.0097415559246063401,84,600,600,503
5,2,8,5,27,237,0,0.016863565323889624,36,600,600,171
5,2,8,6,18,228,0,0.017020917809367268,52,600,600,501
5,2,8,7,3,213,0,0.021365658672061777,50,600,600,201
5,2,8,8,7,217,0,0.021965433511549552,49,600,600,204
5,2,8,9,23,233,0,0.022764475756259069,40,600,600,242
5,2,8,10,12,222,0,0.025521217646978317,37,600,600,230
5,2,8,11,2,212,0,0.025778792840550551,15,600,600,599
5,2,8,12,29,239,0,0.026674437139246228,54,600,600,202
5,2,8,13,28,238,0,0.027337376214177721,28,600,600,234
5,2,8,14,17,227,0,0.027338440171394376,50,600,600,200
5,2,8,15,21,231,0,0.027528347664449455,101,600,600,273
5,2,8,16,8,218,0,0.030005271996213431,50,600,600,210
5,2,8,17,22,232,0,0.031338159177059087,66,600,600,339
5,2,8,18,15,225,0,0.032695510680572457,76,600,600,249
5,2,8,19,30,240,0,0.033507344446597122,43,600,600,236
5,2,8,20,16,226,0,0.039352925155621887,33,600,600,225
5,2,8,21,4,214,0,0.040081463248606876,47,600,600,210
5,2,8,22,6,216,0,0.041544331331033468,36,600,600,338
5,2,8,23,10,220,0,0.042119018981166267,63,600,600,253
5,2,8,24,20,230,0,0.047614135213140674,74,600,600,237
5,2,8,25,26,236,0,0.048034721748304525,71,600,600,568
5,2,8,26,9,219,0,0.049144229404781553,31,600,600,257
5,2,8,27,5,215,0,0.060126561074016815,82,600,600,283
5,2,8,28,14,224,0,0.068432805872492619,48,600,600,311
5,2,8,29,25,235,0,0.085292464515937957,73,600,600,274
5,2,8,30,19,229,0,0.089019897252339691,70,600,600,276
6,2,1,1,10,10,1,0.0051110628254619657,56,550,551,240
6,2,1,2,3,3,1,0.005417895581809805,66,394,395,241
6,2,1,3,18,18,1,0.0058160428724542464,43,291,292,221
6,2,1,4,4,4,1,0.006571630991628611,61,319,320,224
6,2,1,5,11,11,0,0.0069864883720395623,74,600,600,206
6,2,1,6,30,30,0,0.0070047803415354791,65,600,600,193
6,2,1,7,5,5,0,0.0071957677729880621,42,600,600,183
6,2,1,8,22,22,0,0.0093591632748342077,78,600,600,227
6,2,1,9,15,15,0,0.01259274110643953,65,600,600,164
6,2,1,10,6,6,0,0.012627630202368262,67,600,600,224
6,2,1,11,13,13,0,0.01348090079152052,56,600,600,196
6,2,1,12,25,25,0,0.01349747371727132,59,600,600,216
6,2,1,13,29,29,0,0.013840205904730297,123,600,600,599
6,2,1,14,24,24,0,0.01452421155318262,85,600,600,340
6,2,1,15,8,8,0,0.014636743022804098,51,600,600,189
6,2,1,16,27,27,0,0.015405839727159139,71,600,600,270
6,2,1,17,20,20,0,0.015623671002299812,57,600,600,214
6,2,1,18,12,12,0,0.020571043226886458,44,600,600,190
6,2,1,19,28,28,0,0.021543701586094335,74,600,600,291
6,2,1,20,1,1,0,0.021979821193096615,36,600,600,205
6,2,1,21,17,17,0,0.022150436463669734,49,600,600,183
6,2,1,22,16,16,0,0.0231043754262652,67,600,600,232
6,2,1,23,23,23,0,0.02353282589112948,56,600,600,211
6,2,1,24,19,19,0,0.023928516090169005,61,600,600,228
6,2,1,25,9,9,0,0.023947131391430555,46,600,600,193
6,2,1,26,26,26,0,0.025639188183470645,54,600,600,449
6,2,1,27,21,21,0,0.027500386590028739,55,600,600,226
6,2,1,28,2,2,0,0.029922843075499708,66,600,600,599
6,2,1,29,7,7,0,0.038153270921935094,48,600,600,224
6,2,1,30,14,14,0,0.04371940190961375,71,600,600,261
6,2,2,1,19,49,0,0.004619335826658898,51,600,600,197
6,2,2,2,8,38,0,0.022890316979640259,59,600,600,575
6,2,2,3,13,43,0,0.028808979066851034,55,600,600,467
6,2,2,4,12,42,0,0.030817021267336351,35,600,600,229
6,2,2,5,6,36,0,0.032143023461312745,65,600,600,235
6,2,2,6,25,55,0,0.039766944046463179,58,600,600,271
6,2,2,7,2,32,0,0.041746760447099629,69,600,600,263
6,2,2,8,5,35,0,0.041771709300747459,50,600,600,223
6,2,2,9,30,60,0,0.042822038717262229,69,600,600,231
6,2,2,10,15,45,0,0.050516199356955428,64,600,600,334
6,2,2,11,14,44,0,0.05697608702628075,88,600,600,310
6,2,2,12,1,31,0,0.071851971567762116,79,600,600,300
6,2,2,13,22,52,0,0.072266572432778814,61,600,600,403
6,2,2,14,24,54,0,0.072523091125857433,55,600,600,386
6,2,2,15,4,34,0,0.073314085105018356,70,600,600,314
6,2,2,16,29,59,0,0.075228701890417096,123,600,600,508
6,2,2,17,10,40,0,0.07526916910412379,92,600,600,453
6,2,2,18,16,46,0,0.078152973604301582,95,600,600,417
6,2,2,19,26,56,0,0.081189401691641655,47,600,600,301
6,2,2,20,17,47,0,0.082823599161770373,88,600,600,331
6,2,2,21,21,51,0,0.083670391755752652,100,600,600,376
6,2,2,22,11,41,0,0.083739350855754374,70,600,600,316
6,2,2,23,3,33,0,0.090597948993299926,70,600,600,396
6,2,2,24,27,57,0,0.094108538260973915,83,600,600,421
6,2,2,25,23,53,0,0.10168364096414244,91,600,600,377
6,2,2,26,9,39,0,0.10571550765202704,73,600,600,335
6,2,2,27,18,48,0,0.11189705761572538,65,600,600,372
6,2,2,28,7,37,0,0.11740737241591005,108,600,600,447
6,2,2,29,28,58,0,0.12102082552719458,62,600,600,422
6,2,2,30,20,50,0,0.12794275047302894,131,600,600,415
6,2,3,1,8,68,1,0.0041151793651835718,66,587,588,227
6,2,3,2,17,77,1,0.0066789875398792194,70,406,407,218
6,2,3,3,29,89,0,0.0011849126991447306,51,600,600,209
6,2,3,4,7,67,0,0.0038234015964162434,45,600,600,224
6,2,3,5,11,71,0,0.0045276521020815906,51,600,600,225
6,2,3,6,22,82,0,0.005500324321890869,21,600,600,226
6,2,3,7,1,61,0,0.0077171585437376834,83,600,600,214
6,2,3,8,26,86,0,0.0091735848784839317,44,600,600,218
6,2,3,9,3,63,0,0.010689234805207993,85,600,600,247
6,2,3,10,2,62,0,0.013117251942107565,80,600,600,228
6,2,3,11,25,85,0,0.017057516007103517,45,600,600,210
6,2,3,12,23,83,0,0.01965100908668858,64,600,600,231
6,2,3,13,9,69,0,0.023460537170068289,34,600,600,219
6,2,3,14,28,88,0,0.024998727656178357,98,600,600,453
6,2,3,15,5,65,0,0.026818708145766642,49,600,600,230
6,2,3,16,13,73,0,0.027706301581351515,66,600,600,599
6,2,3,17,24,84,0,0.031271896540324168,57,600,600,400
6,2,3,18,10,70,0,0.032095476432375633,18,600,600,250
6,2,3,19,15,75,0,0.035044109538005318,58,600,600,226
6,2,3,20,12,72,0,0.038077475481599121,65,600,600,599
6,2,3,21,18,78,0,0.038378141088689109,73,600,600,599
6,2,3,22,16,76,0,0.038776810695285949,42,600,600,246
6,2,3,23,21,81,0,0.040372687547599255,52,600,600,456
6,2,3,24,4,64,0,0.043215119113798287,50,600,600,380
6,2,3,25,14,74,0,0.045729954774087242,38,600,600,599
6,2,3,26,27,87,0,0.046507527367471158,84,600,600,259
6,2,3,27,20,80,0,0.052606098213718221,37,600,600,368
6,2,3,28,30,90,0,0.059210054268263201,81,600,600,431
6,2,3,29,19,79,0,0.059999005599551909,72,600,600,599
6,2,3,30,6,66,0,0.069360967490795886,46,600,600,391
6,2,4,1,20,110,1,0.001308994745191775,55,277,278,234
6,2,4,2,17,107,1,0.0033573456719957636,85,432,433,241
6,2,4,3,10,100,1,0.0073751201526301834,40,362,363,186
6,2,4,4,6,96,0,0.0027086452832305354,45,600,600,189
6,2,4,5,21,111,0,0.003514485870970615,50,600,600,205
6,2,4,6,26,116,0,0.006484841159275891,68,600,600,599
6,2,4,7,22,112,0,0.0071777875938379317,46,600,600,194
6,2,4,8,18,108,0,0.008331508678712865,57,600,600,599
6,2,4,9,11,101,0,0.01019319191709849,31,600,600,174
6,2,4,10,1,91,0,0.010722950598145303,104,600,600,599
6,2,4,11,23,113,0,0.010778109520481626,39,600,600,599
6,2,4,12,28,118,0,0.013153687274748723,81,600,600,231
6,2,4,13,25,115,0,0.016158754286483359,39,600,600,599
6,2,4,14,3,93,0,0.018148893347084225,35,600,600,167
6,2,4,15,24,114,0,0.021679972237058569,45,600,600,180
6,2,4,16,16,106,0,0.022649429757698163,58,600,600,201
6,2,4,17,30,120,0,0.026155285740432393,84,600,600,270
6,2,4,18,13,103,0,0.026822910880204658,29,600,600,176
6,2,4,19,19,109,0,0.026895728419428135,50,600,600,200
6,2,4,20,2,92,0,0.027165029189599597,57,600,600,207
6,2,4,21,15,105,0,0.027514838362972468,47,600,600,202
6,2,4,22,12,102,0,0.028710462166009216,47,600,600,196
6,2,4,23,29,119,0,0.031444713374850775,35,600,600,193
6,2,4,24,9,99,0,0.033042360277080809,16,600,600,422
6,2,4,25,4,94,0,0.033315238817775844,68,600,600,237
6,2,4,26,7,97,0,0.036516256809627862,77,600,600,249
6,2,4,27,8,98,0,0.040650531011224601,56,600,600,223
6,2,4,28,14,104,0,0.041555119571403225,27,600,600,181
6,2,4,29,5,95,0,0.050614905096728738,50,600,600,245
6,2,4,30,27,117,0,0.055968872438702209,44,600,600,236
6,2,5,1,22,142,1,7.5593757496589603e-05,57,318,319,230
6,2,5,2,9,129,1,0.0053950206723291242,67,346,347,224
6,2,5,3,20,140,0,0.0032141988872089046,63,600,600,208
6,2,5,4,15,135,0,0.0044686112484993417,60,600,600,199
6,2,5,5,23,143,0,0.0060564766567407754,39,600,600,599
6,2,5,6,14,134,0,0.0064588286242646519,59,600,600,206
6,2,5,7,7,127,0,0.0066943042172535397,61,600,600,208
6,2,5,8,16,136,0,0.0071912812279580273,71,600,600,599
6,2,5,9,19,139,0,0.0088516462546905511,86,600,600,599
6,2,5,10,4,124,0,0.0093433398404885355,47,600,600,599
6,2,5,11,13,133,0,0.0096618856252649824,49,600,600,204
6,2,5,12,5,125,0,0.011034416969081803,103,600,600,599
6,2,5,13,29,149,0,0.011911572758237794,43,600,600,194
6,2,5,14,27,147,0,0.012896001442577836,60,600,600,217
6,2,5,15,24,144,0,0.013183633833597242,38,600,600,185
6,2,5,16,2,122,0,0.013842552483641076,49,600,600,206
6,2,5,17,12,132,0,0.015127551358560495,55,600,600,599
6,2,5,18,18,138,0,0.01618780157407439,91,600,600,599
6,2,5,19,28,148,0,0.016289917916033306,48,600,600,599
6,2,5,20,30,150,0,0.020395427018565105,78,600,600,599
6,2,5,21,11,131,0,0.020454916293247392,37,600,600,170
6,2,5,22,26,146,0,0.023427163264591037,84,600,600,217
6,2,5,23,8,128,0,0.024757463863829852,79,600,600,599
6,2,5,24,17,137,0,0.024936262486896479,53,600,600,459
6,2,5,25,1,121,0,0.026628398551863015,47,600,600,206
6,2,5,26,3,123,0,0.030318271679458629,56,600,600,192
6,2,5,27,6,126,0,0.035299134559021013,61,600,600,226
6,2,5,28,10,130,0,0.039760407205632189,40,600,600,194
6,2,5,29,21,141,0,0.053115310512585806,230,600,600,599
6,2,5,30,25,145,0,0.053605783223966204,251,600,600,599
6,2,6,1,7,157,1,0.00068264998950079772,78,379,380,315
6,2,6,2,21,171,1,0.0023069279304394922,50,372,373,234
6,2,6,3,3,153,1,0.0025548787295712979,57,302,303,251
6,2,6,4,9,159,1,0.0030505912040260366,57,330,331,236
6,2,6,5,14,164,1,0.004182994811647479,51,392,393,232
6,2,6,6,29,179,1,0.004713377843138169,60,346,347,250
6,2,6,7,18,168,1,0.0062338540218592137,53,351,352,248
6,2,6,8,10,160,1,0.008036236861916575,52,318,319,228
6,2,6,9,2,152,0,0.0063839367468869626,40,600,600,189
6,2,6,10,13,163,0,0.0080690596435162021,41,600,600,599
6,2,6,11,4,154,0,0.011499229668801349,55,600,600,599
6,2,6,12,12,162,0,0.011817273877037708,42,600,600,191
6,2,6,13,28,178,0,0.015856781672108199,49,600,600,229
6,2,6,14,30,180,0,0.023167229968165875,47,600,600,249
6,2,6,15,6,156,0,0.024148763168599506,52,600,600,260
6,2,6,16,16,166,0,0.025644190436381765,39,600,600,222
6,2,6,17,8,158,0,0.026840539940179008,62,600,600,232
6,2,6,18,11,161,0,0.029290838684722691,48,600,600,236
6,2,6,19,19,169,0,0.032648574361495264,46,600,600,232
6,2,6,20,26,176,0,0.032851190561244657,34,600,600,216
6,2,6,21,1,151,0,0.033612027569860883,40,600,600,218
6,2,6,22,25,175,0,0.034641868174309982,52,600,600,226
6,2,6,23,22,172,0,0.03680330514260121,46,600,600,218
6,2,6,24,27,177,0,0.036894161793137877,41,600,600,220
6,2,6,25,17,167,0,0.038414536853693344,63,600,600,260
6,2,6,26,20,170,0,0.038862756953534874,53,600,600,310
6,2,6,27,5,155,0,0.040117778512365199,50,600,600,243
6,2,6,28,15,165,0,0.046970887924492929,41,600,600,210
6,2,6,29,23,173,0,0.049524903490396704,38,600,600,238
6,2,6,30,24,174,0,0.050296033372300986,44,600,600,207
6,2,7,1,13,193,0,0.0089142584532721069,75,600,600,220
6,2,7,2,19,199,0,0.030278232231727681,45,600,600,599
6,2,7,3,29,209,0,0.033722094314161698,77,600,600,599
6,2,7,4,12,192,0,0.033912485855938569,62,600,600,599
6,2,7,5,27,207,0,0.039845144611323463,71,600,600,577
6,2,7,6,15,195,0,0.041639522902591666,79,600,600,430
6,2,7,7,23,203,0,0.046267623919715888,62,600,600,599
6,2,7,8,24,204,0,0.049305652455366798,74,600,600,599
6,2,7,9,26,206,0,0.051490719259302403,100,600,600,599
6,2,7,10,16,196,0,0.054578860064677104,59,600,600,599
6,2,7,11,7,187,0,0.058568840282509485,86,600,600,599
6,2,7,12,6,186,0,0.05885346688965129,56,600,600,238
6,2,7,13,20,200,0,0.062307371798767941,121,600,600,599
6,2,7,14,18,198,0,0.064412448248978613,53,600,600,452
6,2,7,15,5,185,0,0.065239975419311633,61,600,600,599
6,2,7,16,2,182,0,0.06632021307816767,71,600,600,599
6,2,7,17,17,197,0,0.067225463838575819,132,600,600,599
6,2,7,18,1,181,0,0.070790426099403864,72,600,600,423
6,2,7,19,3,183,0,0.072152466771716176,87,600,600,470
6,2,7,20,9,189,0,0.072561896964268194,73,600,600,599
6,2,7,21,22,202,0,0.080628634612846584,83,600,600,497
6,2,7,22,10,190,0,0.084519898233129595,77,600,600,473
6,2,7,23,30,210,0,0.085133645128599222,60,600,600,323
6,2,7,24,21,201,0,0.093551993252642074,43,600,600,598
6,2,7,25,11,191,0,0.097745093142195871,60,600,600,286
6,2,7,26,28,208,0,0.098073780013099424,85,600,600,599
6,2,7,27,25,205,0,0.10201976289203943,100,600,600,599
6,2,7,28,4,184,0,0.11431315164372045,104,600,600,595
6,2,7,29,14,194,0,0.11537964197249333,120,600,600,599
6,2,7,30,8,188,0,0.12811589201437901,83,600,600,599
6,2,8,1,21,231,1,0.00038573838720897967,89,368,369,256
6,2,8,2,18,228,1,0.0027792182619943936,85,376,377,260
6,2,8,3,23,233,1,0.0063619092670853909,65,399,400,241
6,2,8,4,13,223,0,0.016651025575112381,94,600,600,237
6,2,8,5,17,227,0,0.021840024368620304,95,600,600,278
6,2,8,6,2,212,0,0.022433226305567548,77,600,600,250
6,2,8,7,20,230,0,0.023384894133936397,78,600,600,245
6,2,8,8,9,219,0,0.02680847378578469,72,600,600,243
6,2,8,9,1,211,0,0.027830101375475345,87,600,600,263
6,2,8,10,29,239,0,0.030234568715287818,73,600,600,270
6,2,8,11,7,217,0,0.037129359233348848,67,600,600,258
6,2,8,12,24,234,0,0.042293037144032521,50,600,600,410
6,2,8,13,30,240,0,0.043021327292595092,98,600,600,282
6,2,8,14,26,236,0,0.044013258852361722,84,600,600,306
6,2,8,15,19,229,0,0.047969316797067535,103,600,600,288
6,2,8,16,25,235,0,0.058386197727768242,61,600,600,366
6,2,8,17,28,238,0,0.05847927370580696,83,600,600,336
6,2,8,18,10,220,0,0.060368966141037844,45,600,600,230
6,2,8,19,11,221,0,0.063567149223833094,87,600,600,286
6,2,8,20,4,214,0,0.063905265533146169,101,600,600,304
6,2,8,21,12,222,0,0.067283400233835056,75,600,600,308
6,2,8,22,8,218,0,0.068610866053878269,59,600,600,297
6,2,8,23,3,213,0,0.077082346194751641,61,600,600,282
6,2,8,24,27,237,0,0.082122749259930281,109,600,600,401
6,2,8,25,22,232,0,0.083205231697974863,113,600,600,338
6,2,8,26,16,226,0,0.087134169678870818,90,600,600,372
6,2,8,27,6,216,0,0.089048133611084962,115,600,600,433
6,2,8,28,15,225,0,0.099740075075977583,101,600,600,332
6,2,8,29,5,215,0,0.10110716061318566,92,600,600,508
6,2,8,30,14,224,0,0.10925953737033076,111,600,600,344
7,2,1,1,1,1,1,0.00052740017266212789,41,275,276,216
7,2,1,2,26,26,1,0.00071599157184250707,29,315,316,197
7,2,1,3,27,27,1,0.001341634444358242,35,288,289,203
7,2,1,4,28,28,1,0.0018477312133781221,36,379,380,216
7,2,1,5,23,23,1,0.0025419801977605771,34,316,317,208
7,2,1,6,16,16,1,0.0034728239608627712,46,293,294,235
7,2,1,7,12,12,1,0.0037046813976440991,36,253,254,197
7,2,1,8,7,7,1,0.0039250965327351402,39,391,392,226
7,2,1,9,14,14,1,0.0040982482984172879,33,309,310,200
7,2,1,10,3,3,1,0.0063714969427266111,42,293,294,207
7,2,1,11,22,22,1,0.009371011317709968,26,396,397,185
7,2,1,12,30,30,0,0.0035485473128322636,44,600,600,200
7,2,1,13,18,18,0,0.0058441918028725153,57,600,600,231
7,2,1,14,11,11,0,0.0061774354306597798,40,600,600,208
7,2,1,15,29,29,0,0.0071194733888977008,23,600,600,165
7,2,1,16,13,13,0,0.0088956302534690859,29,600,600,211
7,2,1,17,6,6,0,0.0186934399269384,37,600,600,192
7,2,1,18,10,10,0,0.019069295020570299,31,600,600,182
7,2,1,19,2,2,0,0.019241721100322948,40,600,600,205
7,2,1,20,15,15,0,0.01971324648609659,26,600,600,179
7,2,1,21,17,17,0,0.020704820668956292,33,600,600,196
7,2,1,22,20,20,0,0.021126821893527426,34,600,600,194
7,2,1,23,5,5,0,0.0216301875906789,45,600,600,211
7,2,1,24,25,25,0,0.024762370944685193,50,600,600,211
7,2,1,25,24,24,0,0.025459878757400231,38,600,600,207
7,2,1,26,19,19,0,0.025771224965191405,36,600,600,210
7,2,1,27,21,21,0,0.027673615661192186,31,600,600,191
7,2,1,28,9,9,0,0.033637169776673026,26,600,600,464
7,2,1,29,4,4,0,0.047302870567221746,40,600,600,581
7,2,1,30,8,8,0,0.050592023264882095,60,600,600,599
7,2,2,1,9,39,0,0.0045084193398516655,61,600,600,215
7,2,2,2,21,51,0,0.0055164571551755267,88,600,600,230
7,2,2,3,23,53,0,0.0078084696768060159,48,600,600,227
7,2,2,4,5,35,0,0.010443112496777589,33,600,600,241
7,2,2,5,28,58,0,0.010474601212557662,48,600,600,205
7,2,2,6,19,49,0,0.011359649730236092,33,600,600,193
7,2,2,7,17,47,0,0.011463386054377361,79,600,600,232
7,2,2,8,4,34,0,0.019583793498048448,63,600,600,234
7,2,2,9,20,50,0,0.023143031275989316,83,600,600,238
7,2,2,10,14,44,0,0.023830266584722114,31,600,600,599
7,2,2,11,24,54,0,0.028506913623681129,81,600,600,460
7,2,2,12,3,33,0,0.028723880071889217,29,600,600,245
7,2,2,13,1,31,0,0.03156237163548594,43,600,600,249
7,2,2,14,18,48,0,0.035100830039891819,76,600,600,245
7,2,2,15,13,43,0,0.03917362917971743,59,600,600,252
7,2,2,16,15,45,0,0.039599294730959897,67,600,600,526
7,2,2,17,7,37,0,0.040400461664433229,29,600,600,240
7,2,2,18,6,36,0,0.041319845390507197,59,600,600,419
7,2,2,19,27,57,0,0.042111465071230418,76,600,600,556
7,2,2,20,11,41,0,0.044346076512341723,42,600,600,201
7,2,2,21,2,32,0,0.045516537447080757,86,600,600,599
7,2,2,22,22,52,0,0.047681430164394606,90,600,600,271
7,2,2,23,30,60,0,0.052738039467005345,58,600,600,265
7,2,2,24,26,56,0,0.053334310692466913,53,600,600,214
7,2,2,25,25,55,0,0.053439951231639332,68,600,600,408
7,2,2,26,10,40,0,0.056153219764540373,67,600,600,273
7,2,2,27,8,38,0,0.061954590508095875,78,600,600,472
7,2,2,28,16,46,0,0.070656320765704786,119,600,600,403
7,2,2,29,12,42,0,0.071170236515110494,61,600,600,271
7,2,2,30,29,59,0,0.097902405754490288,89,600,600,331
7,2,3,1,8,68,0,0.0035563165233933572,56,600,600,201
7,2,3,2,9,69,0,0.0061129548030258848,38,600,600,159
7,2,3,3,15,75,0,0.0062426533384894196,23,600,600,599
7,2,3,4,17,77,0,0.009296712517578987,12,600,600,151
7,2,3,5,29,89,0,0.010660354303311961,32,600,600,155
7,2,3,6,22,82,0,0.010913085957835361,27,600,600,164
7,2,3,7,21,81,0,0.011449129485932972,42,600,600,552
7,2,3,8,7,67,0,0.015341593361527283,40,600,600,599
7,2,3,9,18,78,0,0.015680738170022017,51,600,600,203
7,2,3,10,30,90,0,0.020732217189930145,48,600,600,555
7,2,3,11,4,64,0,0.020803680898128771,16,600,600,128
7,2,3,12,13,73,0,0.02081481835168222,18,600,600,140
7,2,3,13,19,79,0,0.021490530522072244,47,600,600,478
7,2,3,14,14,74,0,0.0241356808223081,44,600,600,203
7,2,3,15,28,88,0,0.028214335439157082,45,600,600,239
7,2,3,16,24,84,0,0.028586517535142391,45,600,600,209
7,2,3,17,11,71,0,0.031109460565116171,58,600,600,194
7,2,3,18,26,86,0,0.031829551661864262,53,600,600,266
7,2,3,19,3,63,0,0.03787018314339817,29,600,600,192
7,2,3,20,1,61,0,0.043061944389384203,52,600,600,213
7,2,3,21,10,70,0,0.043417824608602267,76,600,600,255
7,2,3,22,6,66,0,0.044444926531330871,103,600,600,554
7,2,3,23,12,72,0,0.04595977903397739,71,600,600,396
7,2,3,24,2,62,0,0.048196785358501859,149,600,600,573
7,2,3,25,20,80,0,0.061953401605047004,75,600,600,300
7,2,3,26,25,85,0,0.06217520464215992,73,600,600,290
7,2,3,27,23,83,0,0.070398547695347383,58,600,600,277
7,2,3,28,5,65,0,0.076497046900293547,69,600,600,595
7,2,3,29,27,87,0,0.077291633128894477,71,600,600,299
7,2,3,30,16,76,0,0.098598312104981781,51,600,600,400
7,2,4,1,5,95,1,0.0011993301046598816,53,309,310,233
7,2,4,2,27,117,1,0.0066163545460552657,45,254,255,235
7,2,4,3,23,113,1,0.0068604566336200384,60,309,310,223
7,2,4,4,13,103,0,0.0068350040228596391,47,600,600,208
7,2,4,5,8,98,0,0.0081835374163282317,32,600,600,189
7,2,4,6,10,100,0,0.010546270545053225,47,600,600,492
7,2,4,7,15,105,0,0.010950720846124128,49,600,600,215
7,2,4,8,18,108,0,0.012009900303785305,53,600,600,538
7,2,4,9,9,99,0,0.014035094598005894,55,600,600,205
7,2,4,10,12,102,0,0.01420504898075136,46,600,600,208
7,2,4,11,6,96,0,0.015234052716511013,54,600,600,217
7,2,4,12,19,109,0,0.018064310370653008,32,600,600,189
7,2,4,13,17,107,0,0.018383573771097634,39,600,600,199
7,2,4,14,25,115,0,0.018772791545960458,36,600,600,203
7,2,4,15,21,111,0,0.018997636080489821,43,600,600,217
7,2,4,16,26,116,0,0.019957612591653986,71,600,600,221
7,2,4,17,4,94,0,0.022058524620790818,65,600,600,501
7,2,4,18,3,93,0,0.022361736359839093,51,600,600,225
7,2,4,19,1,91,0,0.023038843266560576,43,600,600,215
7,2,4,20,20,110,0,0.024391283918300942,98,600,600,486
7,2,4,21,7,97,0,0.025636053207803725,53,600,600,225
7,2,4,22,24,114,0,0.026503171780398582,41,600,600,191
7,2,4,23,11,101,0,0.02697643038917116,133,600,600,488
7,2,4,24,22,112,0,0.027676489094054516,50,600,600,221
7,2,4,25,16,106,0,0.02847298211967416,98,600,600,473
7,2,4,26,29,119,0,0.039708924918297153,34,600,600,191
7,2,4,27,14,104,0,0.042202436850543555,49,600,600,228
7,2,4,28,2,92,0,0.047904841157371265,278,600,600,482
7,2,4,29,28,118,0,0.052276925570996481,50,600,600,229
7,2,4,30,30,120,0,0.054101542121701672,60,600,600,453
7,2,5,1,12,132,1,0.003130750735623627,36,419,420,198
7,2,5,2,24,144,0,0.0010875457927806739,26,600,600,147
7,2,5,3,14,134,0,0.0059422730926066113,25,600,600,160
7,2,5,4,4,124,0,0.0071265719596118734,29,600,600,599
7,2,5,5,2,122,0,0.0071716278477181351,21,600,600,135
7,2,5,6,16,136,0,0.008020887860572307,26,600,600,150
7,2,5,7,10,130,0,0.0081189109646770275,25,600,600,154
7,2,5,8,1,121,0,0.011219520818558959,29,600,600,168
7,2,5,9,8,128,0,0.01346048811666121,36,600,600,181
7,2,5,10,23,143,0,0.015300170222856345,31,600,600,548
7,2,5,11,20,140,0,0.015338382344768449,29,600,600,155
7,2,5,12,3,123,0,0.015712391063168366,43,600,600,599
7,2,5,13,17,137,0,0.015743589470673152,24,600,600,140
7,2,5,14,21,141,0,0.015770601934233446,27,600,600,159
7,2,5,15,11,131,0,0.017218766790582297,31,600,600,165
7,2,5,16,27,147,0,0.018066730192281867,48,600,600,599
7,2,5,17,13,133,0,0.019324554729147667,24,600,600,152
7,2,5,18,5,125,0,0.020537415880370138,33,600,600,550
7,2,5,19,6,126,0,0.021167209543785911,47,600,600,587
7,2,5,20,29,149,0,0.024584044653685733,26,600,600,166
7,2,5,21,26,146,0,0.025911977100425834,27,600,600,476
7,2,5,22,19,139,0,0.031193098026006789,44,600,600,599
7,2,5,23,18,138,0,0.032238863881130168,38,600,600,599
7,2,5,24,30,150,0,0.034854318147635517,39,600,600,599
7,2,5,25,7,127,0,0.04182191675091175,43,600,600,585
7,2,5,26,9,129,0,0.042286970324328349,39,600,600,399
7,2,5,27,22,142,0,0.047687003314017012,34,600,600,599
7,2,5,28,25,145,0,0.05271323259906583,81,600,600,527
7,2,5,29,15,135,0,0.057428247580760795,65,600,600,599
7,2,5,30,28,148,0,0.074869605554878566,86,600,600,585
7,2,6,1,18,168,0,0.0039692453483957824,40,600,600,189
7,2,6,2,7,157,0,0.0078064501802304759,46,600,600,208
7,2,6,3,23,173,0,0.0083751617254385624,43,600,600,599
7,2,6,4,25,175,0,0.011729360953523582,45,600,600,186
7,2,6,5,11,161,0,0.012546771507285996,37,600,600,181
7,2,6,6,29,179,0,0.013607624633290349,37,600,600,192
7,2,6,7,6,156,0,0.013646493996306529,48,600,600,193
7,2,6,8,20,170,0,0.016253564344482996,52,600,600,220
7,2,6,9,8,158,0,0.016631729030649578,30,600,600,599
7,2,6,10,2,152,0,0.018317474461722348,51,600,600,183
7,2,6,11,3,153,0,0.018972608226633669,30,600,600,159
7,2,6,12,19,169,0,0.020673875194008574,45,600,600,199
7,2,6,13,21,171,0,0.021755216999561899,43,600,600,194
7,2,6,14,10,160,0,0.022006970430205979,37,600,600,599
7,2,6,15,24,174,0,0.024231352100525575,49,600,600,206
7,2,6,16,15,165,0,0.025222452325496632,38,600,600,189
7,2,6,17,27,177,0,0.027912505673184932,47,600,600,200
7,2,6,18,17,167,0,0.0299739291054682,42,600,600,209
7,2,6,19,4,154,0,0.03140268245777026,40,600,600,180
7,2,6,20,16,166,0,0.031464188396307158,49,600,600,215
7,2,6,21,1,151,0,0.035312545539941682,51,600,600,212
7,2,6,22,9,159,0,0.038513256532577748,43,600,600,338
7,2,6,23,22,172,0,0.046237912911310963,52,600,600,333
7,2,6,24,13,163,0,0.047307953561567938,32,600,600,204
7,2,6,25,5,155,0,0.049885555803455682,40,600,600,203
7,2,6,26,30,180,0,0.055485822732216646,38,600,600,217
7,2,6,27,26,176,0,0.060126799409530134,38,600,600,196
7,2,6,28,28,178,0,0.065143613793756217,50,600,600,420
7,2,6,29,12,162,0,0.071767863127836951,31,600,600,197
7,2,6,30,14,164,0,0.079770378668701583,27,600,600,391
7,2,7,1,19,199,1,0.022050690662749974,61,545,546,215
7,2,7,2,4,184,0,0.005776096342118355,82,600,600,208
7,2,7,3,17,197,0,0.012238720643099535,86,600,600,599
7,2,7,4,5,185,0,0.021278961521408953,48,600,600,209
7,2,7,5,14,194,0,0.021537295336214839,74,600,600,230
7,2,7,6,11,191,0,0.026600315794472265,62,600,600,248
7,2,7,7,26,206,0,0.02748771956387519,61,600,600,599
7,2,7,8,29,209,0,0.028912999723152522,60,600,600,231
7,2,7,9,3,183,0,0.029165986640983091,74,600,600,237
7,2,7,10,28,208,0,0.030559090282921531,53,600,600,212
7,2,7,11,8,188,0,0.030996460499751282,29,600,600,218
7,2,7,12,27,207,0,0.036636888635612451,73,600,600,239
7,2,7,13,6,186,0,0.036663347554575183,78,600,600,243
7,2,7,14,30,210,0,0.038317618646862228,67,600,600,244
7,2,7,15,20,200,0,0.03926991525336903,56,600,600,217
7,2,7,16,2,182,0,0.041026120480987194,33,600,600,205
7,2,7,17,12,192,0,0.041676952556588251,79,600,600,238
7,2,7,18,23,203,0,0.055865642626491296,63,600,600,229
7,2,7,19,18,198,0,0.057735327268859021,77,600,600,252
7,2,7,20,7,187,0,0.060042313784603243,55,600,600,230
7,2,7,21,25,205,0,0.063936373539304495,87,600,600,268
7,2,7,22,21,201,0,0.06638789831683882,77,600,600,250
7,2,7,23,16,196,0,0.06976144816551641,39,600,600,237
7,2,7,24,15,195,0,0.077579401903575901,41,600,600,233
7,2,7,25,13,193,0,0.077788367260729754,68,600,600,254
7,2,7,26,1,181,0,0.078243178205830904,48,600,600,264
7,2,7,27,22,202,0,0.078932889100860201,42,600,600,240
7,2,7,28,9,189,0,0.08057362264696348,53,600,600,239
7,2,7,29,10,190,0,0.091584380765181148,51,600,600,258
7,2,7,30,24,204,0,0.10679229886000083,42,600,600,247
7,2,8,1,3,213,1,0.0013817450440334266,77,469,470,227
7,2,8,2,5,215,1,0.0037012717929059791,50,399,400,211
7,2,8,3,28,238,1,0.0058376807600883469,57,320,321,219
7,2,8,4,15,225,1,0.0098769780427304561,46,462,463,200
7,2,8,5,10,220,0,0.010744240125025199,60,600,600,204
7,2,8,6,17,227,0,0.013954480269440109,39,600,600,199
7,2,8,7,20,230,0,0.018692904425899926,49,600,600,199
7,2,8,8,1,211,0,0.019541780124613467,39,600,600,184
7,2,8,9,27,237,0,0.019706798881017513,97,600,600,599
7,2,8,10,26,236,0,0.020901458257847932,31,600,600,182
7,2,8,11,7,217,0,0.02739764315617009,67,600,600,235
7,2,8,12,11,221,0,0.027599635608635188,50,600,600,227
7,2,8,13,4,214,0,0.028253324650563946,48,600,600,202
7,2,8,14,13,223,0,0.031977060170579712,46,600,600,211
7,2,8,15,9,219,0,0.033360982249217012,55,600,600,218
7,2,8,16,14,224,0,0.034232802064576108,44,600,600,217
7,2,8,17,25,235,0,0.034235637311554858,47,600,600,206
7,2,8,18,8,218,0,0.036080645475739123,56,600,600,233
7,2,8,19,19,229,0,0.047502471684423668,34,600,600,202
7,2,8,20,22,232,0,0.047511151106707936,48,600,600,217
7,2,8,21,12,222,0,0.049994159952508936,40,600,600,212
7,2,8,22,23,233,0,0.053012307326602913,52,600,600,233
7,2,8,23,21,231,0,0.053600788638813388,71,600,600,599
7,2,8,24,2,212,0,0.05590233305801879,44,600,600,217
7,2,8,25,18,228,0,0.057617859665742371,40,600,600,207
7,2,8,26,6,216,0,0.058864530889171256,42,600,600,206
7,2,8,27,24,234,0,0.060475387886463013,44,600,600,203
7,2,8,28,16,226,0,0.069539320520205755,51,600,600,220
7,2,8,29,30,240,0,0.072787564085410192,42,600,600,222
7,2,8,30,29,239,0,0.074582857156639801,55,600,600,226
8,2,1,1,30,30,1,0.0098099019443116595,53,402,403,194
8,2,1,2,28,28,1,0.0099544003083613091,45,445,446,181
8,2,1,3,11,11,1,0.013032062646825944,46,484,485,170
8,2,1,4,10,10,1,0.016038143658214352,42,545,546,545
8,2,1,5,4,4,1,0.026377657156305089,59,587,588,587
8,2,1,6,15,15,0,0.0058835767697224825,51,600,600,599
8,2,1,7,23,23,0,0.0059597030103161492,36,600,600,165
8,2,1,8,29,29,0,0.0073886908926610664,49,600,600,170
8,2,1,9,20,20,0,0.008415927669348712,44,600,600,164
8,2,1,10,22,22,0,0.012622036910074763,61,600,600,599
8,2,1,11,9,9,0,0.012642840612619086,53,600,600,599
8,2,1,12,14,14,0,0.013296454203608483,46,600,600,176
8,2,1,13,24,24,0,0.016211997978325635,45,600,600,599
8,2,1,14,13,13,0,0.01648838001397018,55,600,600,191
8,2,1,15,8,8,0,0.017212568385945176,64,600,600,523
8,2,1,16,18,18,0,0.019804101721981788,49,600,600,180
8,2,1,17,21,21,0,0.021070991245812565,51,600,600,192
8,2,1,18,7,7,0,0.02166605889553222,42,600,600,170
8,2,1,19,2,2,0,0.022506406112580996,36,600,600,172
8,2,1,20,1,1,0,0.025341720046205659,44,600,600,599
8,2,1,21,17,17,0,0.025902525940446505,52,600,600,599
8,2,1,22,27,27,0,0.028814139491762265,45,600,600,173
8,2,1,23,16,16,0,0.029362652851991352,39,600,600,172
8,2,1,24,25,25,0,0.033131227418713272,40,600,600,180
8,2,1,25,12,12,0,0.033304931217845446,42,600,600,599
8,2,1,26,3,3,0,0.034470109207399825,36,600,600,171
8,2,1,27,26,26,0,0.036555890598949828,55,600,600,212
8,2,1,28,6,6,0,0.037853405729135821,52,600,600,213
8,2,1,29,5,5,0,0.044345904215300977,29,600,600,210
8,2,1,30,19,19,0,0.05007164541691566,36,600,600,185
8,2,2,1,17,47,1,0.0071890943453859326,60,406,407,237
8,2,2,2,19,49,1,0.0088680279294493809,57,373,374,231
8,2,2,3,1,31,1,0.01147242180123148,75,469,470,245
8,2,2,4,18,48,1,0.013126395684943814,58,429,430,222
8,2,2,5,11,41,1,0.021818617570648336,34,521,522,215
8,2,2,6,4,34,0,0.0089379535369946261,60,600,600,224
8,2,2,7,5,35,0,0.01060238111230534,68,600,600,231
8,2,2,8,7,37,0,0.012421921234252894,74,600,600,243
8,2,2,9,20,50,0,0.013387464689404714,39,600,600,240
8,2,2,10,21,51,0,0.013976070581155912,42,600,600,267
8,2,2,11,29,59,0,0.014044345612616865,64,600,600,471
8,2,2,12,23,53,0,0.017525398797601042,50,600,600,206
8,2,2,13,22,52,0,0.018342908692455778,66,600,600,599
8,2,2,14,26,56,0,0.021303008445203928,48,600,600,203
8,2,2,15,12,42,0,0.022396252866459826,57,600,600,213
8,2,2,16,25,55,0,0.022565752581196231,58,600,600,229
8,2,2,17,14,44,0,0.023368305420903179,64,600,600,239
8,2,2,18,28,58,0,0.024066655393501179,19,600,600,232
8,2,2,19,24,54,0,0.024137862154826221,70,600,600,242
8,2,2,20,2,32,0,0.026570978501296316,51,600,600,599
8,2,2,21,30,60,0,0.028280495990878455,22,600,600,193
8,2,2,22,6,36,0,0.032102177258777773,42,600,600,225
8,2,2,23,8,38,0,0.032198021283030939,42,600,600,224
8,2,2,24,3,33,0,0.035591502225079064,35,600,600,249
8,2,2,25,13,43,0,0.039477279553825552,49,600,600,237
8,2,2,26,10,40,0,0.03991834560376023,66,600,600,599
8,2,2,27,16,46,0,0.039939275928354896,56,600,600,240
8,2,2,28,15,45,0,0.046860330467914588,108,600,600,559
8,2,2,29,9,39,0,0.061718096582946809,39,600,600,246
8,2,2,30,27,57,0,0.066097975184427102,54,600,600,285
8,2,3,1,12,72,1,0.0033874463365707727,47,416,417,416
8,2,3,2,19,79,0,0.0063509061629902384,34,600,600,180
8,2,3,3,28,88,0,0.007024642064767949,48,600,600,191
8,2,3,4,16,76,0,0.0087055637587122123,79,600,600,599
8,2,3,5,18,78,0,0.0089157017747184333,90,600,600,435
8,2,3,6,3,63,0,0.011232121441496656,80,600,600,599
8,2,3,7,25,85,0,0.012128313131880376,33,600,600,192
8,2,3,8,22,82,0,0.014337283819130745,45,600,600,204
8,2,3,9,27,87,0,0.015550189078300013,90,600,600,462
8,2,3,10,17,77,0,0.016861137368035212,57,600,600,233
8,2,3,11,30,90,0,0.01873504314819804,53,600,600,253
8,2,3,12,1,61,0,0.021521755481674773,72,600,600,386
8,2,3,13,11,71,0,0.02214505016970179,51,600,600,481
8,2,3,14,9,69,0,0.022920743583660388,54,600,600,571
8,2,3,15,4,64,0,0.024055192618532922,39,600,600,409
8,2,3,16,10,70,0,0.025788408896140064,35,600,600,234
8,2,3,17,7,67,0,0.030546133081420495,81,600,600,271
8,2,3,18,26,86,0,0.033317386217976377,48,600,600,287
8,2,3,19,20,80,0,0.036775779469855774,74,600,600,599
8,2,3,20,2,62,0,0.037597455075558658,56,600,600,310
8,2,3,21,23,83,0,0.051856231227278428,71,600,600,277
8,2,3,22,8,68,0,0.053352707703256071,60,600,600,264
8,2,3,23,29,89,0,0.05739970314532717,31,600,600,272
8,2,3,24,15,75,0,0.0588480967812419,22,600,600,172
8,2,3,25,13,73,0,0.059207867367855951,48,600,600,259
8,2,3,26,21,81,0,0.059920432213432538,91,600,600,285
8,2,3,27,24,84,0,0.061047949632599754,27,600,600,208
8,2,3,28,6,66,0,0.061596919740757462,30,600,600,212
8,2,3,29,14,74,0,0.067449432859429698,66,600,600,310
8,2,3,30,5,65,0,0.074431246504013837,51,600,600,225
8,2,4,1,25,115,0,0.011895776451587261,34,600,600,176
8,2,4,2,22,112,0,0.012090989762557883,35,600,600,147
8,2,4,3,4,94,0,0.018636418455004845,36,600,600,509
8,2,4,4,13,103,0,0.020003701092625399,65,600,600,599
8,2,4,5,1,91,0,0.020678247463196023,32,600,600,473
8,2,4,6,8,98,0,0.023015177817242022,84,600,600,599
8,2,4,7,26,116,0,0.024487713043596659,123,600,600,513
8,2,4,8,21,111,0,0.025797428075689344,47,600,600,476
8,2,4,9,9,99,0,0.027307956048880734,58,600,600,422
8,2,4,10,6,96,0,0.027980653982309915,48,600,600,178
8,2,4,11,28,118,0,0.028351276506581709,85,600,600,315
8,2,4,12,17,107,0,0.030001031200900447,68,600,600,466
8,2,4,13,23,113,0,0.031510582036658706,44,600,600,369
8,2,4,14,16,106,0,0.031786212213504694,117,600,600,310
8,2,4,15,2,92,0,0.03369806968854034,59,600,600,366
8,2,4,16,14,104,0,0.035097879996715736,22,600,600,301
8,2,4,17,27,117,0,0.035395465321916855,49,600,600,191
8,2,4,18,3,93,0,0.038901919233049399,75,600,600,595
8,2,4,19,19,109,0,0.040318710339219931,33,600,600,471
8,2,4,20,12,102,0,0.040919130390479265,48,600,600,390
8,2,4,21,7,97,0,0.041904843390699144,59,600,600,386
8,2,4,22,18,108,0,0.042581548280940129,38,600,600,179
8,2,4,23,11,101,0,0.044162268238157776,57,600,600,209
8,2,4,24,5,95,0,0.044782923966870197,62,600,600,539
8,2,4,25,20,110,0,0.046803072390999859,183,600,600,349
8,2,4,26,15,105,0,0.048478319877551128,31,600,600,506
8,2,4,27,10,100,0,0.049267987469998747,42,600,600,198
8,2,4,28,24,114,0,0.053972902139093074,159,600,600,362
8,2,4,29,30,120,0,0.054150719500764166,41,600,600,240
8,2,4,30,29,119,0,0.064470776272378863,79,600,600,357
8,2,5,1,28,148,0,0.0099274784072770732,29,600,600,505
8,2,5,2,9,129,0,0.011498197064559453,77,600,600,599
8,2,5,3,27,147,0,0.012277462528992289,46,600,600,191
8,2,5,4,16,136,0,0.023609862182552625,61,600,600,230
8,2,5,5,25,145,0,0.023757537916777035,39,600,600,549
8,2,5,6,19,139,0,0.025398958045188012,67,600,600,238
8,2,5,7,15,135,0,0.025739978206533169,55,600,600,248
8,2,5,8,4,124,0,0.028216230917465637,87,600,600,254
8,2,5,9,10,130,0,0.030159881475795087,75,600,600,335
8,2,5,10,5,125,0,0.032218489332286986,58,600,600,344
8,2,5,11,29,149,0,0.032894321345895504,96,600,600,556
8,2,5,12,1,121,0,0.034244474205691239,65,600,600,212
8,2,5,13,24,144,0,0.036427743793685664,62,600,600,564
8,2,5,14,8,128,0,0.041810247480587252,117,600,600,310
8,2,5,15,18,138,0,0.042350413477263295,113,600,600,559
8,2,5,16,13,133,0,0.043322595965409189,95,600,600,599
8,2,5,17,6,126,0,0.044074925086469235,85,600,600,498
8,2,5,18,26,146,0,0.046439264937460478,75,600,600,240
8,2,5,19,11,131,0,0.047238278623139167,58,600,600,241
8,2,5,20,14,134,0,0.047558332791518519,52,600,600,237
8,2,5,21,3,123,0,0.050447704396679928,85,600,600,557
8,2,5,22,20,140,0,0.057361006285300664,94,600,600,371
8,2,5,23,2,122,0,0.059540222281924855,90,600,600,267
8,2,5,24,22,142,0,0.064392911430923613,44,600,600,207
8,2,5,25,23,143,0,0.065416100868293442,101,600,600,415
8,2,5,26,7,127,0,0.067028601026786774,47,600,600,244
8,2,5,27,12,132,0,0.068364704727370038,79,600,600,265
8,2,5,28,30,150,0,0.072998261816805896,55,600,600,227
8,2,5,29,21,141,0,0.073706235732155956,69,600,600,518
8,2,5,30,17,137,0,0.10104851508712699,126,600,600,513
8,2,6,1,13,163,1,0.0010441163524307954,41,327,328,236
8,2,6,2,23,173,1,0.0019439350973347103,48,328,329,230
8,2,6,3,24,174,1,0.002792576050674941,57,316,317,241
8,2,6,4,17,167,1,0.003189107521974416,51,391,392,232
8,2,6,5,30,180,1,0.003914844988354523,48,304,305,257
8,2,6,6,12,162,1,0.0091689082940470869,47,353,354,233
8,2,6,7,18,168,1,0.011845191111893453,56,489,490,226
8,2,6,8,22,172,0,0.0025624483791979653,35,600,600,206
8,2,6,9,7,157,0,0.0070850660735058161,45,600,600,199
8,2,6,10,3,153,0,0.0080486909130704117,49,600,600,214
8,2,6,11,5,155,0,0.013542487547424226,53,600,600,363
8,2,6,12,28,178,0,0.014020125946132838,53,600,600,241
8,2,6,13,14,164,0,0.015568090898290969,47,600,600,208
8,2,6,14,10,160,0,0.016665590507723371,44,600,600,214
8,2,6,15,21,171,0,0.020590910796048221,66,600,600,216
8,2,6,16,2,152,0,0.021471980361104575,56,600,600,231
8,2,6,17,4,154,0,0.021558140151479398,62,600,600,232
8,2,6,18,19,169,0,0.021861938587473664,70,600,600,224
8,2,6,19,27,177,0,0.02718395476793254,44,600,600,224
8,2,6,20,29,179,0,0.029304236878184779,54,600,600,241
8,2,6,21,1,151,0,0.031402785306230439,51,600,600,256
8,2,6,22,16,166,0,0.032378639499771607,57,600,600,234
8,2,6,23,11,161,0,0.035838060201301966,54,600,600,227
8,2,6,24,20,170,0,0.036763543873757243,36,600,600,203
8,2,6,25,6,156,0,0.03913246300214189,41,600,600,203
8,2,6,26,25,175,0,0.047102380513543908,48,600,600,599
8,2,6,27,8,158,0,0.061732090817767635,50,600,600,220
8,2,6,28,26,176,0,0.064392064216441225,35,600,600,221
8,2,6,29,9,159,0,0.073707825616067799,39,600,600,371
8,2,6,30,15,165,0,0.081933821082440156,54,600,600,367
8,2,7,1,20,200,0,0.002284764438256729,59,600,600,219
8,2,7,2,22,202,0,0.0038162897014245457,48,600,600,186
8,2,7,3,12,192,0,0.013063854697157661,62,600,600,467
8,2,7,4,11,191,0,0.01507712956635374,34,600,600,169
8,2,7,5,10,190,0,0.016246944934867016,51,600,600,186
8,2,7,6,6,186,0,0.01832737662139006,47,600,600,207
8,2,7,7,16,196,0,0.023936307445825443,50,600,600,196
8,2,7,8,1,181,0,0.027424456195167587,58,600,600,209
8,2,7,9,13,193,0,0.028282575531559134,78,600,600,439
8,2,7,10,4,184,0,0.028677486752686051,53,600,600,213
8,2,7,11,14,194,0,0.029976702763847285,45,600,600,189
8,2,7,12,3,183,0,0.032646562974087863,84,600,600,227
8,2,7,13,29,209,0,0.037760488272918266,51,600,600,181
8,2,7,14,27,207,0,0.037977568038058573,52,600,600,200
8,2,7,15,8,188,0,0.041377356117611508,82,600,600,450
8,2,7,16,9,189,0,0.044666063946355937,77,600,600,409
8,2,7,17,15,195,0,0.045797904022359295,50,600,600,199
8,2,7,18,30,210,0,0.046533698411962351,96,600,600,534
8,2,7,19,26,206,0,0.049472329671490324,50,600,600,352
8,2,7,20,28,208,0,0.051562749456505547,55,600,600,443
8,2,7,21,23,203,0,0.052864828673039696,76,600,600,368
8,2,7,22,25,205,0,0.055206725448186743,48,600,600,203
8,2,7,23,21,201,0,0.055873575590230977,48,600,600,413
8,2,7,24,18,198,0,0.058191679052622333,52,600,600,400
8,2,7,25,5,185,0,0.059930494319867425,84,600,600,509
8,2,7,26,24,204,0,0.06755961094406597,64,600,600,468
8,2,7,27,17,197,0,0.070040210079021503,44,600,600,395
8,2,7,28,7,187,0,0.073761885116345863,46,600,600,420
8,2,7,29,19,199,0,0.10364083737885618,63,600,600,414
8,2,7,30,2,182,0,0.10574781147440267,71,600,600,456
8,2,8,1,13,223,1,0.0017580668624269675,40,319,320,196
8,2,8,2,21,231,1,0.0020503819287140171,45,355,356,207
8,2,8,3,7,217,1,0.0045504405371948132,37,327,328,199
8,2,8,4,3,213,0,0.0092740517947186296,39,600,600,181
8,2,8,5,24,234,0,0.010580758357197026,34,600,600,210
8,2,8,6,15,225,0,0.01364406715998087,59,600,600,544
8,2,8,7,6,216,0,0.01445439648945436,59,600,600,221
8,2,8,8,28,238,0,0.01665735084380544,26,600,600,357
8,2,8,9,2,212,0,0.017001422096868637,35,600,600,217
8,2,8,10,25,235,0,0.017019846625107003,46,600,600,214
8,2,8,11,23,233,0,0.017224643759433961,59,600,600,242
8,2,8,12,9,219,0,0.018015491228036851,55,600,600,209
8,2,8,13,12,222,0,0.018413025223215716,67,600,600,229
8,2,8,14,14,224,0,0.020135651049082593,42,600,600,177
8,2,8,15,5,215,0,0.020910455239111243,50,600,600,189
8,2,8,16,19,229,0,0.021017754432154562,113,600,600,585
8,2,8,17,27,237,0,0.021430015241004064,35,600,600,203
8,2,8,18,10,220,0,0.022345313432971272,41,600,600,207
8,2,8,19,20,230,0,0.025950927163702894,58,600,600,252
8,2,8,20,16,226,0,0.028647427826765111,78,600,600,281
8,2,8,21,1,211,0,0.028828866381470735,34,600,600,176
8,2,8,22,8,218,0,0.03131387673179175,65,600,600,258
8,2,8,23,4,214,0,0.03834216700779438,37,600,600,225
8,2,8,24,30,240,0,0.040611618744983841,63,600,600,585
8,2,8,25,17,227,0,0.046738577003431196,92,600,600,599
8,2,8,26,11,221,0,0.046870491131336407,96,600,600,559
8,2,8,27,26,236,0,0.051312949765664514,92,600,600,599
8,2,8,28,29,239,0,0.053008476436873182,72,600,600,599
8,2,8,29,22,232,0,0.065527829883303662,167,600,600,599
8,2,8,30,18,228,0,0.065623875911004437,122,600,600,599
9,2,1,1,4,4,0,0.026341666070087099,75,600,600,493
9,2,1,2,15,15,0,0.027467623537618557,38,600,600,177
9,2,1,3,22,22,0,0.029547460763571291,72,600,600,570
9,2,1,4,2,2,0,0.030392125385716288,42,600,600,174
9,2,1,5,29,29,0,0.031386891929753448,76,600,600,222
9,2,1,6,5,5,0,0.032594133390238603,54,600,600,524
9,2,1,7,9,9,0,0.034356963998436719,49,600,600,201
9,2,1,8,19,19,0,0.034700863640449928,45,600,600,484
9,2,1,9,30,30,0,0.037367886210635012,62,600,600,209
9,2,1,10,23,23,0,0.041632012656640391,42,600,600,177
9,2,1,11,11,11,0,0.04277243805252999,56,600,600,376
9,2,1,12,7,7,0,0.04329050966042023,57,600,600,360
9,2,1,13,3,3,0,0.045019280916462706,50,600,600,356
9,2,1,14,27,27,0,0.045688047125099204,57,600,600,240
9,2,1,15,24,24,0,0.047390916315158724,52,600,600,231
9,2,1,16,12,12,0,0.04877738740850477,236,600,600,497
9,2,1,17,26,26,0,0.053827850645772279,46,600,600,259
9,2,1,18,16,16,0,0.056887584391561878,53,600,600,207
9,2,1,19,6,6,0,0.058043000095301472,74,600,600,599
9,2,1,20,17,17,0,0.058836901534355925,89,600,600,439
9,2,1,21,20,20,0,0.05965027809152159,57,600,600,364
9,2,1,22,13,13,0,0.060481762566950377,85,600,600,455
9,2,1,23,18,18,0,0.064943867413537346,84,600,600,365
9,2,1,24,14,14,0,0.067377023230212191,42,600,600,208
9,2,1,25,21,21,0,0.070225541705583108,102,600,600,405
9,2,1,26,8,8,0,0.074625921679433313,80,600,600,324
9,2,1,27,10,10,0,0.077057137059879585,56,600,600,367
9,2,1,28,25,25,0,0.08395497568223316,57,600,600,599
9,2,1,29,1,1,0,0.092006803204910975,209,600,600,506
9,2,1,30,28,28,0,0.097903923573843185,175,600,600,539
9,2,2,1,18,48,0,0.022655477115128411,58,600,600,202
9,2,2,2,8,38,0,0.023468085964963432,84,600,600,202
9,2,2,3,1,31,0,0.035264207638263746,72,600,600,212
9,2,2,4,17,47,0,0.051730880606822023,66,600,600,232
9,2,2,5,27,57,0,0.053315119790252059,70,600,600,227
9,2,2,6,21,51,0,0.055106641478416284,35,600,600,207
9,2,2,7,22,52,0,0.056117721874332047,58,600,600,205
9,2,2,8,15,45,0,0.056816725623387555,80,600,600,241
9,2,2,9,3,33,0,0.057332204468661364,62,600,600,216
9,2,2,10,12,42,0,0.058795149928597509,56,600,600,218
9,2,2,11,9,39,0,0.061885645275302215,54,600,600,197
9,2,2,12,7,37,0,0.067905988766207626,62,600,600,468
9,2,2,13,11,41,0,0.06896305360740411,75,600,600,226
9,2,2,14,10,40,0,0.069279615882301554,50,600,600,215
9,2,2,15,20,50,0,0.070394871210642321,86,600,600,476
9,2,2,16,19,49,0,0.074169991403388785,63,600,600,223
9,2,2,17,24,54,0,0.074746230253239773,62,600,600,417
9,2,2,18,13,43,0,0.077943727201237462,63,600,600,468
9,2,2,19,16,46,0,0.07888541528418852,39,600,600,195
9,2,2,20,14,44,0,0.079869514205024431,62,600,600,236
9,2,2,21,29,59,0,0.079983358354925163,44,600,600,222
9,2,2,22,2,32,0,0.081843667764216824,43,600,600,213
9,2,2,23,30,60,0,0.085136908305307749,47,600,600,222
9,2,2,24,25,55,0,0.090326935931670002,53,600,600,231
9,2,2,25,4,34,0,0.090962715064331678,70,600,600,249
9,2,2,26,23,53,0,0.091096236036548706,67,600,600,249
9,2,2,27,5,35,0,0.094536173523708689,47,600,600,209
9,2,2,28,6,36,0,0.10172835220333225,74,600,600,466
9,2,2,29,26,56,0,0.1092488459716312,47,600,600,416
9,2,2,30,28,58,0,0.11391811032677066,37,600,600,222
9,2,3,1,18,78,1,0.0043630441530780667,59,263,264,263
9,2,3,2,4,64,1,0.0071918331363565241,53,361,362,228
9,2,3,3,17,77,1,0.01055540748794334,37,570,571,177
9,2,3,4,11,71,0,0.017634998565945661,46,600,600,214
9,2,3,5,8,68,0,0.021336330861262999,60,600,600,213
9,2,3,6,12,72,0,0.024710075346059492,64,600,600,204
9,2,3,7,27,87,0,0.031228221032775057,64,600,600,229
9,2,3,8,9,69,0,0.032157787250868833,68,600,600,230
9,2,3,9,23,83,0,0.032268686795744385,60,600,600,235
9,2,3,10,16,76,0,0.032722513954522338,56,600,600,237
9,2,3,11,24,84,0,0.033418023284751318,34,600,600,195
9,2,3,12,22,82,0,0.036647339335200736,55,600,600,238
9,2,3,13,30,90,0,0.039188838261710678,76,600,600,599
9,2,3,14,26,86,0,0.043435828672596939,70,600,600,228
9,2,3,15,7,67,0,0.048502394896613066,49,600,600,211
9,2,3,16,2,62,0,0.051202428814226951,63,600,600,259
9,2,3,17,1,61,0,0.051638771874126133,64,600,600,210
9,2,3,18,25,85,0,0.054996367449436354,48,600,600,234
9,2,3,19,5,65,0,0.058250269017285958,69,600,600,239
9,2,3,20,20,80,0,0.06278455638531838,51,600,600,243
9,2,3,21,10,70,0,0.066826997464419211,76,600,600,325
9,2,3,22,13,73,0,0.067418624570025745,37,600,600,220
9,2,3,23,6,66,0,0.068740156983702297,72,600,600,260
9,2,3,24,29,89,0,0.071568529350539686,56,600,600,234
9,2,3,25,15,75,0,0.071945207998498684,63,600,600,273
9,2,3,26,21,81,0,0.076945342836862995,55,600,600,264
9,2,3,27,14,74,0,0.081507372852942447,60,600,600,475
9,2,3,28,19,79,0,0.082631716586556894,43,600,600,215
9,2,3,29,28,88,0,0.086397576825709643,60,600,600,260
9,2,3,30,3,63,0,0.091702826323324785,69,600,600,511
9,2,4,1,16,106,1,0.0028076483661049899,57,283,284,235
9,2,4,2,12,102,1,0.0030724440386512169,49,462,463,229
9,2,4,3,29,119,0,0.0030764234155600751,24,600,600,201
9,2,4,4,14,104,0,0.0032805679868796044,57,600,600,599
9,2,4,5,22,112,0,0.0052077281038942552,59,600,600,599
9,2,4,6,13,103,0,0.0059923701387040607,44,600,600,183
9,2,4,7,30,120,0,0.0062484519282061841,33,600,600,205
9,2,4,8,19,109,0,0.0065679019277040292,45,600,600,207
9,2,4,9,8,98,0,0.0072178055102833137,41,600,600,177
9,2,4,10,25,115,0,0.008664063213969276,34,600,600,210
9,2,4,11,9,99,0,0.0088103620156251596,52,600,600,575
9,2,4,12,6,96,0,0.0090635706886116173,53,600,600,191
9,2,4,13,2,92,0,0.01000107520550482,39,600,600,190
9,2,4,14,1,91,0,0.01228825206948634,53,600,600,197
9,2,4,15,21,111,0,0.013845166771232034,75,600,600,231
9,2,4,16,15,105,0,0.015719935761974915,48,600,600,198
9,2,4,17,17,107,0,0.015782621608529696,66,600,600,599
9,2,4,18,5,95,0,0.01605509880208868,42,600,600,208
9,2,4,19,3,93,0,0.020279422265918595,37,600,600,182
9,2,4,20,23,113,0,0.02075748160218252,25,600,600,162
9,2,4,21,11,101,0,0.02409312010185664,191,600,600,420
9,2,4,22,4,94,0,0.024474402277877685,45,600,600,599
9,2,4,23,26,116,0,0.024631495542192239,89,600,600,534
9,2,4,24,20,110,0,0.026441861793095961,43,600,600,191
9,2,4,25,24,114,0,0.028206177806683837,41,600,600,215
9,2,4,26,7,97,0,0.029428785619024359,101,600,600,568
9,2,4,27,28,118,0,0.039774886570633439,54,600,600,218
9,2,4,28,18,108,0,0.039964341356288069,270,600,600,599
9,2,4,29,10,100,0,0.044396702150043078,82,600,600,251
9,2,4,30,27,117,0,0.076634257189086188,49,600,600,229
9,2,5,1,13,133,0,0.0046531430068547947,47,600,600,161
9,2,5,2,19,139,0,0.008286029318543971,44,600,600,599
9,2,5,3,12,132,0,0.0091279383176084521,34,600,600,158
9,2,5,4,26,146,0,0.011552571912351114,29,600,600,422
9,2,5,5,27,147,0,0.013916767244687224,57,600,600,449
9,2,5,6,3,123,0,0.01401443059553727,30,600,600,555
9,2,5,7,17,137,0,0.01541284729233847,44,600,600,485
9,2,5,8,25,145,0,0.015721632827467847,58,600,600,575
9,2,5,9,22,142,0,0.017454484777886723,53,600,600,599
9,2,5,10,6,126,0,0.017607160281769188,20,600,600,140
9,2,5,11,14,134,0,0.018329524692826966,39,600,600,575
9,2,5,12,1,121,0,0.019997903806504728,30,600,600,176
9,2,5,13,15,135,0,0.022916250232317147,44,600,600,186
9,2,5,14,30,150,0,0.025456095787794147,46,600,600,209
9,2,5,15,28,148,0,0.027488226401142471,24,600,600,599
9,2,5,16,24,144,0,0.028038231375420202,71,600,600,528
9,2,5,17,16,136,0,0.028259129218901068,82,600,600,364
9,2,5,18,10,130,0,0.028967787445691093,155,600,600,441
9,2,5,19,2,122,0,0.029384290674616936,52,600,600,191
9,2,5,20,7,127,0,0.029924004270593257,45,600,600,529
9,2,5,21,9,129,0,0.02996248124183163,42,600,600,395
9,2,5,22,23,143,0,0.030710618536411664,56,600,600,599
9,2,5,23,4,124,0,0.032323540828714137,23,600,600,161
9,2,5,24,29,149,0,0.033479719308099967,52,600,600,471
9,2,5,25,5,125,0,0.034635344652737349,26,600,600,156
9,2,5,26,18,138,0,0.037503626881272165,211,600,600,417
9,2,5,27,11,131,0,0.04100967915422473,217,600,600,443
9,2,5,28,21,141,0,0.045126282717374198,39,600,600,386
9,2,5,29,20,140,0,0.046593162600005462,209,600,600,412
9,2,5,30,8,128,0,0.04819601836948284,108,600,600,416
9,2,6,1,9,159,0,0.011293506897344669,47,600,600,181
9,2,6,2,30,180,0,0.012469430763387057,44,600,600,161
9,2,6,3,25,175,0,0.01305193874011638,32,600,600,534
9,2,6,4,10,160,0,0.013601522328069063,40,600,600,178
9,2,6,5,20,170,0,0.015980406913619509,43,600,600,169
9,2,6,6,17,167,0,0.016908879630533287,40,600,600,472
9,2,6,7,28,178,0,0.016977326366660217,28,600,600,160
9,2,6,8,11,161,0,0.017580590467781394,31,600,600,161
9,2,6,9,3,153,0,0.025237148847403475,57,600,600,550
9,2,6,10,1,151,0,0.026995378047713074,59,600,600,484
9,2,6,11,6,156,0,0.027413334307713796,29,600,600,159
9,2,6,12,15,165,0,0.027503388073738099,67,600,600,518
9,2,6,13,4,154,0,0.028954219662546327,59,600,600,488
9,2,6,14,12,162,0,0.03052825043063976,77,600,600,519
9,2,6,15,8,158,0,0.031886844326267975,46,600,600,457
9,2,6,16,16,166,0,0.034080781975665782,81,600,600,550
9,2,6,17,5,155,0,0.034126963059769852,41,600,600,599
9,2,6,18,18,168,0,0.035539812217825706,44,600,600,478
9,2,6,19,24,174,0,0.035968532452543771,38,600,600,425
9,2,6,20,26,176,0,0.038108101642941788,63,600,600,483
9,2,6,21,29,179,0,0.038857802480010667,62,600,600,485
9,2,6,22,2,152,0,0.042700318119293999,104,600,600,510
9,2,6,23,13,163,0,0.046384609602941294,101,600,600,541
9,2,6,24,21,171,0,0.04740065141578572,70,600,600,463
9,2,6,25,23,173,0,0.050795412943371407,117,600,600,538
9,2,6,26,14,164,0,0.051980921589273192,74,600,600,471
9,2,6,27,22,172,0,0.054175141074706799,58,600,600,400
9,2,6,28,7,157,0,0.05716964881801205,82,600,600,492
9,2,6,29,27,177,0,0.057544961967846663,104,600,600,462
9,2,6,30,19,169,0,0.061399250555325587,127,600,600,422
9,2,7,1,29,209,0,0.0050182552501076482,50,600,600,599
9,2,7,2,24,204,0,0.006126665552840832,50,600,600,196
9,2,7,3,17,197,0,0.0085580060910500372,47,600,600,191
9,2,7,4,2,182,0,0.0089036200946687061,41,600,600,209
9,2,7,5,14,194,0,0.0090819828626207046,22,600,600,599
9,2,7,6,8,188,0,0.0101026485478782,22,600,600,167
9,2,7,7,23,203,0,0.010224268633013628,54,600,600,206
9,2,7,8,5,185,0,0.010684324477491555,27,600,600,192
9,2,7,9,21,201,0,0.010997329975312699,40,600,600,165
9,2,7,10,11,191,0,0.011129717368874399,40,600,600,197
9,2,7,11,27,207,0,0.014156302053999207,58,600,600,599
9,2,7,12,9,189,0,0.014446882365281506,57,600,600,578
9,2,7,13,1,181,0,0.014682573002449217,20,600,600,144
9,2,7,14,4,184,0,0.014693115663295873,73,600,600,598
9,2,7,15,30,210,0,0.015448230440540776,71,600,600,549
9,2,7,16,28,208,0,0.015496409884299078,33,600,600,563
9,2,7,17,19,199,0,0.019113790142162624,39,600,600,196
9,2,7,18,18,198,0,0.020781919863746848,59,600,600,496
9,2,7,19,10,190,0,0.021398643989829821,54,600,600,467
9,2,7,20,12,192,0,0.023336705394184636,26,600,600,150
9,2,7,21,16,196,0,0.025396374179959751,26,600,600,181
9,2,7,22,22,202,0,0.025528914268748211,35,600,600,176
9,2,7,23,15,195,0,0.027796471147660373,37,600,600,562
9,2,7,24,13,193,0,0.028218454137581075,31,600,600,419
9,2,7,25,25,205,0,0.029733520809934622,39,600,600,248
9,2,7,26,26,206,0,0.031698209042390978,254,600,600,599
9,2,7,27,6,186,0,0.032737447969815536,64,600,600,599
9,2,7,28,20,200,0,0.039664781563243337,49,600,600,599
9,2,7,29,7,187,0,0.042659728876789489,57,600,600,234
9,2,7,30,3,183,0,0.043516285605723695,28,600,600,169
9,2,8,1,1,211,0,0.0027231872252296298,41,600,600,173
9,2,8,2,16,226,0,0.0032452280283313253,11,600,600,198
9,2,8,3,23,233,0,0.0049502872889169826,61,600,600,210
9,2,8,4,22,232,0,0.0056192064873628192,117,600,600,599
9,2,8,5,30,240,0,0.010370262814158343,43,600,600,204
9,2,8,6,21,231,0,0.010658173680205415,114,600,600,426
9,2,8,7,19,229,0,0.011237562348750766,76,600,600,467
9,2,8,8,13,223,0,0.011507352746605515,54,600,600,186
9,2,8,9,5,215,0,0.012535361110630878,100,600,600,449
9,2,8,10,12,222,0,0.012935703534127457,80,600,600,471
9,2,8,11,20,230,0,0.015339814855550873,41,600,600,325
9,2,8,12,18,228,0,0.017102763589592153,56,600,600,200
9,2,8,13,14,224,0,0.020196558430599438,27,600,600,244
9,2,8,14,25,235,0,0.022792745771683831,79,600,600,212
9,2,8,15,2,212,0,0.026539788990474662,21,600,600,412
9,2,8,16,9,219,0,0.026810383056646129,95,600,600,472
9,2,8,17,3,213,0,0.028692978176723147,54,600,600,224
9,2,8,18,6,216,0,0.030529581530920821,79,600,600,219
9,2,8,19,28,238,0,0.03614592137160174,67,600,600,390
9,2,8,20,29,239,0,0.040674636537885903,85,600,600,443
9,2,8,21,15,225,0,0.042572448441746479,88,600,600,256
9,2,8,22,11,221,0,0.043366109706101844,59,600,600,432
9,2,8,23,4,214,0,0.048306825764910404,69,600,600,504
9,2,8,24,10,220,0,0.057656293391434452,148,600,600,412
9,2,8,25,24,234,0,0.05948018309404688,155,600,600,408
9,2,8,26,27,237,0,0.064430677181345569,114,600,600,479
9,2,8,27,17,227,0,0.06762953148912261,214,600,600,511
9,2,8,28,7,217,0,0.069575141824573028,71,600,600,517
9,2,8,29,8,218,0,0.07231247393286748,41,600,600,425
9,2,8,30,26,236,0,0.072899582275956887,109,600,600,515
10,2,1,1,20,20,1,0.0021193389768752922,35,339,340,193
10,2,1,2,22,22,1,0.002252271754114684,53,366,367,251
10,2,1,3,28,28,1,0.0059707992166013598,37,415,416,192
10,2,1,4,29,29,1,0.0079365876439806051,57,595,596,226
10,2,1,5,21,21,0,0.0026747980006806985,35,600,600,168
10,2,1,6,2,2,0,0.0033445172250277629,34,600,600,164
10,2,1,7,11,11,0,0.0047600150489728555,33,600,600,173
10,2,1,8,4,4,0,0.0057680881644842693,54,600,600,447
10,2,1,9,12,12,0,0.0062162355815816653,23,600,600,165
10,2,1,10,5,5,0,0.0085717782560432096,45,600,600,440
10,2,1,11,3,3,0,0.0087856693319046855,15,600,600,599
10,2,1,12,10,10,0,0.0088556599072364996,33,600,600,479
10,2,1,13,7,7,0,0.0092369337074664475,73,600,600,247
10,2,1,14,26,26,0,0.012840971391247213,72,600,600,552
10,2,1,15,18,18,0,0.019014032227948653,49,600,600,599
10,2,1,16,15,15,0,0.019385972799471737,57,600,600,296
10,2,1,17,30,30,0,0.019612584995581824,41,600,600,269
10,2,1,18,9,9,0,0.019915155519908696,51,600,600,430
10,2,1,19,23,23,0,0.020144944074486408,66,600,600,599
10,2,1,20,16,16,0,0.02270855793193937,98,600,600,599
10,2,1,21,27,27,0,0.023548398817721698,31,600,600,599
10,2,1,22,1,1,0,0.028550349513397497,45,600,600,572
10,2,1,23,13,13,0,0.028933258064313985,50,600,600,249
10,2,1,24,19,19,0,0.030630395057153249,34,600,600,315
10,2,1,25,25,25,0,0.031787542329028015,91,600,600,373
10,2,1,26,17,17,0,0.045616297319945369,39,600,600,313
10,2,1,27,8,8,0,0.046730613689098872,40,600,600,599
10,2,1,28,14,14,0,0.052040958452512665,94,600,600,599
10,2,1,29,6,6,0,0.06158120204279343,161,600,600,576
10,2,1,30,24,24,0,0.089267210238069133,55,600,600,351
10,2,2,1,4,34,0,0.015802912051363409,22,600,600,427
10,2,2,2,11,41,0,0.017096796701208748,49,600,600,231
10,2,2,3,25,55,0,0.021205046116410137,51,600,600,599
10,2,2,4,3,33,0,0.023539057691808966,51,600,600,452
10,2,2,5,1,31,0,0.026544118515719674,36,600,600,599
10,2,2,6,22,52,0,0.028315775736018855,32,600,600,199
10,2,2,7,8,38,0,0.030080940360773589,82,600,600,592
10,2,2,8,6,36,0,0.034911055333472447,70,600,600,562
10,2,2,9,13,43,0,0.036193022530918099,69,600,600,530
10,2,2,10,7,37,0,0.039711387897311927,96,600,600,514
10,2,2,11,21,51,0,0.040665870065676145,110,600,600,509
10,2,2,12,9,39,0,0.045514034122230901,137,600,600,507
10,2,2,13,10,40,0,0.047971157876569345,123,600,600,599
10,2,2,14,26,56,0,0.055760300964923737,96,600,600,469
10,2,2,15,28,58,0,0.056767454493059692,107,600,600,530
10,2,2,16,14,44,0,0.063648884192702454,29,600,600,256
10,2,2,17,20,50,0,0.066231382523345761,58,600,600,431
10,2,2,18,24,54,0,0.070461065433339257,87,600,600,599
10,2,2,19,15,45,0,0.070647527003914481,77,600,600,396
10,2,2,20,17,47,0,0.078466986142020273,121,600,600,524
10,2,2,21,16,46,0,0.080684131705661161,72,600,600,599
10,2,2,22,23,53,0,0.082168150997164208,71,600,600,524
10,2,2,23,5,35,0,0.083026132584867629,99,600,600,473
10,2,2,24,2,32,0,0.083114501072694996,95,600,600,448
10,2,2,25,27,57,0,0.083495663213493762,77,600,600,480
10,2,2,26,30,60,0,0.084707888041016907,100,600,600,483
10,2,2,27,19,49,0,0.088749699242457583,69,600,600,429
10,2,2,28,29,59,0,0.089655821970408278,82,600,600,599
10,2,2,29,12,42,0,0.094119498759427267,92,600,600,450
10,2,2,30,18,48,0,0.11328680273096126,89,600,600,576
10,2,3,1,14,74,0,0.005609918358715449,62,600,600,414
10,2,3,2,23,83,0,0.0072048488745144789,20,600,600,210
10,2,3,3,10,70,0,0.013738281182939184,38,600,600,395
10,2,3,4,26,86,0,0.013751984801952203,61,600,600,599
10,2,3,5,29,89,0,0.017297308498624597,29,600,600,184
10,2,3,6,7,67,0,0.017375606226289145,17,600,600,373
10,2,3,7,27,87,0,0.018903592280067601,56,600,600,599
10,2,3,8,13,73,0,0.019137613902054932,85,600,600,382
10,2,3,9,3,63,0,0.023094020244904791,26,600,600,437
10,2,3,10,8,68,0,0.023506441360413317,38,600,600,422
10,2,3,11,2,62,0,0.026950553049318121,33,600,600,390
10,2,3,12,21,81,0,0.033571200115436038,103,600,600,396
10,2,3,13,4,64,0,0.037496757625218639,38,600,600,177
10,2,3,14,30,90,0,0.04289733521224301,60,600,600,432
10,2,3,15,11,71,0,0.043151918850475889,43,600,600,338
10,2,3,16,25,85,0,0.045385908325281867,31,600,600,434
10,2,3,17,15,75,0,0.04935702669479633,51,600,600,374
10,2,3,18,18,78,0,0.050696848117142819,56,600,600,372
10,2,3,19,20,80,0,0.051405803978629289,25,600,600,349
10,2,3,20,12,72,0,0.055405352571311225,38,600,600,400
10,2,3,21,19,79,0,0.05709601556055819,63,600,600,387
10,2,3,22,24,84,0,0.058800707688414139,51,600,600,358
10,2,3,23,17,77,0,0.072675112395674688,79,600,600,422
10,2,3,24,9,69,0,0.077404561213233358,186,600,600,409
10,2,3,25,22,82,0,0.079567290226481777,31,600,600,383
10,2,3,26,5,65,0,0.088976729022136672,55,600,600,422
10,2,3,27,1,61,0,0.10411244358372701,42,600,600,365
10,2,3,28,6,66,0,0.10455617097151143,59,600,600,339
10,2,3,29,28,88,0,0.10856630310651277,72,600,600,447
10,2,3,30,16,76,0,0.11972558964662329,87,600,600,426
10,2,4,1,5,95,1,0.0026829456258677703,85,358,359,269
10,2,4,2,18,108,1,0.0048933637874155889,71,292,293,254
10,2,4,3,3,93,1,0.0096993747097184509,85,479,480,380
10,2,4,4,8,98,0,0.0022144558403680774,81,600,600,201
10,2,4,5,19,109,0,0.0044943527419443281,79,600,600,259
10,2,4,6,25,115,0,0.0051773397257657526,74,600,600,208
10,2,4,7,29,119,0,0.006214026710051581,71,600,600,221
10,2,4,8,6,96,0,0.0069549285832990809,50,600,600,187
10,2,4,9,27,117,0,0.0105911110834954,95,600,600,241
10,2,4,10,22,112,0,0.010931389763655744,47,600,600,209
10,2,4,11,20,110,0,0.011825662445081337,76,600,600,250
10,2,4,12,16,106,0,0.012411481815793511,78,600,600,259
10,2,4,13,2,92,0,0.014266253680314537,64,600,600,236
10,2,4,14,1,91,0,0.014698668806752076,45,600,600,224
10,2,4,15,21,111,0,0.014752173799552256,52,600,600,224
10,2,4,16,12,102,0,0.015468271186119778,105,600,600,239
10,2,4,17,17,107,0,0.016099512964843618,88,600,600,224
10,2,4,18,14,104,0,0.019208376468731192,86,600,600,257
10,2,4,19,24,114,0,0.019365644976758592,54,600,600,217
10,2,4,20,4,94,0,0.01985816593151055,24,600,600,269
10,2,4,21,30,120,0,0.021979729353374753,30,600,600,203
10,2,4,22,23,113,0,0.024106003735239981,30,600,600,247
10,2,4,23,10,100,0,0.02928764656027761,15,600,600,501
10,2,4,24,28,118,0,0.029357892594829595,96,600,600,249
10,2,4,25,11,101,0,0.031443417178616428,26,600,600,266
10,2,4,26,26,116,0,0.039872297509610403,52,600,600,263
10,2,4,27,9,99,0,0.040730127580626684,61,600,600,218
10,2,4,28,15,105,0,0.044390171043013661,54,600,600,239
10,2,4,29,7,97,0,0.046801414700344567,113,600,600,315
10,2,4,30,13,103,0,0.062624668401367684,79,600,600,289
10,2,5,1,14,134,1,0.0017484903601689865,84,360,361,274
10,2,5,2,15,135,1,0.0036309820215628249,56,312,313,242
10,2,5,3,3,123,1,0.0053306622593759893,96,416,417,416
10,2,5,4,12,132,1,0.0055593544505441435,77,482,483,314
10,2,5,5,4,124,1,0.0061426197871308737,76,305,306,268
10,2,5,6,28,148,1,0.010775816601159446,115,401,402,311
10,2,5,7,22,142,1,0.011893384963773852,121,512,513,500
10,2,5,8,10,130,1,0.014686740655248783,56,567,568,219
10,2,5,9,26,146,0,0.0035590173349576947,177,600,600,426
10,2,5,10,8,128,0,0.0070532995586108085,149,600,600,599
10,2,5,11,6,126,0,0.0080187834103306772,20,600,600,256
10,2,5,12,7,127,0,0.0085837014067418078,29,600,600,515
10,2,5,13,21,141,0,0.010329841454025587,86,600,600,368
10,2,5,14,1,121,0,0.014427979057577617,41,600,600,599
10,2,5,15,11,131,0,0.014452860640217838,66,600,600,203
10,2,5,16,17,137,0,0.016378775524525036,152,600,600,412
10,2,5,17,19,139,0,0.016846767876367148,123,600,600,497
10,2,5,18,2,122,0,0.017045248725627904,109,600,600,333
10,2,5,19,23,143,0,0.01785189896287526,37,600,600,277
10,2,5,20,27,147,0,0.01800690165272267,62,600,600,227
10,2,5,21,13,133,0,0.01811828049729115,69,600,600,252
10,2,5,22,29,149,0,0.02091777398451004,91,600,600,247
10,2,5,23,5,125,0,0.022551181457327915,22,600,600,455
10,2,5,24,16,136,0,0.023809781253977438,90,600,600,302
10,2,5,25,30,150,0,0.02881579642505696,121,600,600,522
10,2,5,26,24,144,0,0.028926738970999306,17,600,600,232
10,2,5,27,20,140,0,0.029745644047139162,77,600,600,530
10,2,5,28,9,129,0,0.031550473821546021,83,600,600,560
10,2,5,29,25,145,0,0.055808439110221805,55,600,600,339
10,2,5,30,18,138,0,0.075319119913753646,86,600,600,479
10,2,6,1,23,173,0,0.0049006730238463419,59,600,600,581
10,2,6,2,13,163,0,0.0076774587815857673,41,600,600,225
10,2,6,3,10,160,0,0.0092345728356283581,21,600,600,540
10,2,6,4,7,157,0,0.0095704766746156373,34,600,600,190
10,2,6,5,26,176,0,0.012071882275182138,45,600,600,599
10,2,6,6,14,164,0,0.012867500960445378,69,600,600,599
10,2,6,7,4,154,0,0.013914243500363684,21,600,600,542
10,2,6,8,27,177,0,0.014027707608868782,23,600,600,497
10,2,6,9,30,180,0,0.014834869897780925,26,600,600,478
10,2,6,10,12,162,0,0.015805811171270688,26,600,600,561
10,2,6,11,8,158,0,0.016469881775439243,16,600,600,484
10,2,6,12,22,172,0,0.017157405963364292,33,600,600,549
10,2,6,13,17,167,0,0.017236277495337394,44,600,600,599
10,2,6,14,2,152,0,0.017783766590664999,34,600,600,153
10,2,6,15,1,151,0,0.017992828793320131,64,600,600,529
10,2,6,16,24,174,0,0.018922359400507911,30,600,600,508
10,2,6,17,20,170,0,0.020497171485170149,72,600,600,209
10,2,6,18,3,153,0,0.020877101274951952,39,600,600,187
10,2,6,19,21,171,0,0.024922971852333876,19,600,600,171
10,2,6,20,28,178,0,0.027114119918687469,192,600,600,589
10,2,6,21,6,156,0,0.031127538338433472,73,600,600,509
10,2,6,22,11,161,0,0.03147346405113427,56,600,600,509
10,2,6,23,9,159,0,0.043922706254642827,211,600,600,553
10,2,6,24,5,155,0,0.049014533113638202,43,600,600,239
10,2,6,25,15,165,0,0.052382316764295007,52,600,600,556
10,2,6,26,25,175,0,0.058301735927975953,55,600,600,418
10,2,6,27,16,166,0,0.059110691978398577,102,600,600,406
10,2,6,28,29,179,0,0.061785979326358056,54,600,600,259
10,2,6,29,18,168,0,0.061976660918436649,211,600,600,477
10,2,6,30,19,169,0,0.082972263190852713,155,600,600,478
10,2,7,1,10,190,1,0.0081778666544046821,54,362,363,223
10,2,7,2,17,197,1,0.011545500866634339,55,410,411,240
10,2,7,3,13,193,0,0.0082958949096227311,58,600,600,214
10,2,7,4,24,204,0,0.0083335943577176209,42,600,600,171
10,2,7,5,8,188,0,0.016819385844390338,18,600,600,220
10,2,7,6,30,210,0,0.019725148850989603,43,600,600,599
10,2,7,7,2,182,0,0.020535491727702256,47,600,600,592
10,2,7,8,5,185,0,0.021219949408125157,51,600,600,365
10,2,7,9,4,184,0,0.023617329153624547,33,600,600,204
10,2,7,10,1,181,0,0.02553310902580978,51,600,600,285
10,2,7,11,20,200,0,0.026112829500252132,45,600,600,418
10,2,7,12,29,209,0,0.026766776997641604,42,600,600,204
10,2,7,13,14,194,0,0.027897630178456586,44,600,600,525
10,2,7,14,18,198,0,0.029310247034746023,54,600,600,189
10,2,7,15,22,202,0,0.031000130818653559,20,600,600,175
10,2,7,16,7,187,0,0.033543073184735199,24,600,600,189
10,2,7,17,26,206,0,0.039257172117309551,34,600,600,212
10,2,7,18,15,195,0,0.03980488843621021,22,600,600,191
10,2,7,19,21,201,0,0.039973909135362473,52,600,600,490
10,2,7,20,19,199,0,0.042759451565609001,102,600,600,560
10,2,7,21,28,208,0,0.042890756477516237,55,600,600,219
10,2,7,22,27,207,0,0.045099832989190375,15,600,600,171
10,2,7,23,16,196,0,0.046863550377050305,81,600,600,537
10,2,7,24,12,192,0,0.048151928067284341,26,600,600,183
10,2,7,25,6,186,0,0.048870515273294279,44,600,600,441
10,2,7,26,3,183,0,0.056848001568233344,60,600,600,218
10,2,7,27,25,205,0,0.057254275404304895,63,600,600,599
10,2,7,28,9,189,0,0.061865125552067128,82,600,600,412
10,2,7,29,11,191,0,0.066455214338306645,53,600,600,242
10,2,7,30,23,203,0,0.066953751997891733,29,600,600,215
10,2,8,1,28,238,1,0.0037424952089618229,64,565,566,239
10,2,8,2,15,225,1,0.012287485803407898,56,489,490,212
10,2,8,3,19,229,1,0.013914545608623817,62,521,522,245
10,2,8,4,6,216,0,0.0046704320388815642,160,600,600,599
10,2,8,5,8,218,0,0.0048296124246260891,28,600,600,258
10,2,8,6,26,236,0,0.0049103310981368923,57,600,600,231
10,2,8,7,9,219,0,0.0059039416599222429,67,600,600,599
10,2,8,8,23,233,0,0.0065330089906381564,58,600,600,231
10,2,8,9,18,228,0,0.0071088877926903963,82,600,600,599
10,2,8,10,25,235,0,0.0076913626953033056,17,600,600,421
10,2,8,11,29,239,0,0.010080943259849049,33,600,600,481
10,2,8,12,10,220,0,0.013462305546552058,35,600,600,567
10,2,8,13,22,232,0,0.015311943563435439,111,600,600,599
10,2,8,14,1,211,0,0.01897176278347559,81,600,600,599
10,2,8,15,24,234,0,0.019179436101421275,113,600,600,599
10,2,8,16,11,221,0,0.019993437401311896,166,600,600,599
10,2,8,17,20,230,0,0.021386913333965106,156,600,600,599
10,2,8,18,27,237,0,0.022186917302285232,55,600,600,585
10,2,8,19,12,222,0,0.023012639969290448,57,600,600,449
10,2,8,20,14,224,0,0.024792892608744163,83,600,600,573
10,2,8,21,5,215,0,0.030753844021716117,43,600,600,228
10,2,8,22,4,214,0,0.031013841108831174,27,600,600,599
10,2,8,23,13,223,0,0.031626239750976289,58,600,600,599
10,2,8,24,7,217,0,0.036597042174520165,136,600,600,594
10,2,8,25,2,212,0,0.041059403624354736,118,600,600,566
10,2,8,26,3,213,0,0.044199085834068681,115,600,600,581
10,2,8,27,30,240,0,0.046366667385483583,101,600,600,599
10,2,8,28,16,226,0,0.046847709721160556,52,600,600,599
10,2,8,29,17,227,0,0.047558814306199231,111,600,600,502
10,2,8,30,21,231,0,0.048950192420003251,65,600,600,599
