network,policy,target,trial,MOms,peakMs,peakMps,nearZero,boundaryPeak,missingWindow,numberLargePeaks
1,1,1,1,53,200,0.447643343730638,0,0,0,1
1,1,1,2,55,203,0.487791355306905,0,0,0,1
1,1,1,3,58,209,0.459199885692268,0,0,0,1
1,1,1,4,57,203,0.464861883337413,0,0,0,1
1,1,1,5,56,199,0.451296290212615,0,0,0,1
1,1,1,6,59,202,0.393909443644501,0,0,0,1
1,1,1,7,53,195,0.445074436034005,0,0,0,1
1,1,1,8,57,201,0.439268192890312,0,0,0,1
1,1,1,9,59,204,0.458913179452451,0,0,0,1
1,1,1,10,53,197,0.433195410450969,0,0,0,1
1,1,1,11,57,199,0.395481977710113,0,0,0,1
1,1,1,12,60,201,0.414116320328258,0,0,0,1
1,1,1,13,55,209,0.473314775850223,0,0,0,1
1,1,1,14,59,194,0.352192982233366,0,0,0,1
1,1,1,15,53,199,0.487490582699601,0,0,0,1
1,1,1,16,57,202,0.420612647041674,0,0,0,1
1,1,1,17,58,196,0.381163157515833,0,0,0,1
1,1,1,18,51,191,0.431551954988654,0,0,0,1
1,1,1,19,53,207,0.519885066476058,0,0,0,1
1,1,1,20,51,191,0.437969053815433,0,0,0,1
1,1,1,21,55,193,0.381086240383999,0,0,0,1
1,1,1,22,55,198,0.422050252949643,0,0,0,1
1,1,1,23,57,204,0.425508566981175,0,0,0,1
1,1,1,24,56,194,0.404883499752531,0,0,0,1
1,1,1,25,57,200,0.426026022664424,0,0,0,1
1,1,1,26,59,204,0.456415457843987,0,0,0,1
1,1,1,27,61,204,0.400443406546142,0,0,0,1
1,1,1,28,59,205,0.394986865198474,0,0,0,1
1,1,1,29,58,204,0.463221554429535,0,0,0,1
1,1,1,30,60,204,0.424992761644313,0,0,0,1
1,1,2,1,53,196,0.414270734381891,0,0,0,1
1,1,2,2,58,204,0.419699668518761,0,0,0,1
1,1,2,3,59,200,0.41912080560841,0,0,0,1
1,1,2,4,56,200,0.419739832926505,0,0,0,1
1,1,2,5,57,199,0.39513640925871,0,0,0,1
1,1,2,6,58,202,0.417788112103994,0,0,0,1
1,1,2,7,56,195,0.403261800451303,0,0,0,1
1,1,2,8,55,198,0.425168008793114,0,0,0,1
1,1,2,9,53,196,0.416228876078464,0,0,0,1
1,1,2,10,57,200,0.409617756548358,0,0,0,1
1,1,2,11,57,199,0.415819572691385,0,0,0,1
1,1,2,12,58,202,0.430695757122993,0,0,0,1
1,1,2,13,57,200,0.414410701927672,0,0,0,1
1,1,2,14,53,195,0.424956378340584,0,0,0,1
1,1,2,15,61,204,0.425765254632764,0,0,0,1
1,1,2,16,54,195,0.425787367242456,0,0,0,1
1,1,2,17,54,198,0.413719376904343,0,0,0,1
1,1,2,18,59,201,0.4226441185497,0,0,0,1
1,1,2,19,59,205,0.425069095046558,0,0,0,1
1,1,2,20,49,192,0.387288828240754,0,0,0,1
1,1,2,21,51,193,0.42035353055822,0,0,0,1
1,1,2,22,56,199,0.408076892358924,0,0,0,1
1,1,2,23,55,200,0.4127409899964,0,0,0,1
1,1,2,24,57,206,0.429189426912428,0,0,0,1
1,1,2,25,56,200,0.424503081841026,0,0,0,1
1,1,2,26,58,205,0.411619584695613,0,0,0,1
1,1,2,27,61,215,0.429194949357372,0,0,0,1
1,1,2,28,56,198,0.434317462853293,0,0,0,1
1,1,2,29,55,202,0.416402775713368,0,0,0,1
1,1,2,30,57,198,0.418709217554069,0,0,0,1
1,1,3,1,53,198,0.37121023115093,0,0,0,1
1,1,3,2,56,205,0.43800690851335,0,0,0,1
1,1,3,3,54,202,0.414069635014766,0,0,0,1
1,1,3,4,52,195,0.38674088504154,0,0,0,1
1,1,3,5,54,203,0.429916809408026,0,0,0,1
1,1,3,6,53,192,0.346099275639448,0,0,0,1
1,1,3,7,56,206,0.425359149691462,0,0,0,1
1,1,3,8,56,206,0.435275690339088,0,0,0,1
1,1,3,9,63,215,0.446365929096066,0,0,0,1
1,1,3,10,56,201,0.440508552690395,0,0,0,1
1,1,3,11,54,201,0.411875159018733,0,0,0,1
1,1,3,12,57,205,0.402501235980352,0,0,0,1
1,1,3,13,57,205,0.40606062259655,0,0,0,1
1,1,3,14,59,208,0.439317702328374,0,0,0,1
1,1,3,15,56,208,0.430674198356597,0,0,0,1
1,1,3,16,58,200,0.357768424390161,0,0,0,1
1,1,3,17,56,206,0.451960272547294,0,0,0,1
1,1,3,18,54,200,0.388484360786155,0,0,0,1
1,1,3,19,61,208,0.440275856237706,0,0,0,1
1,1,3,20,59,212,0.416441229087309,0,0,0,1
1,1,3,21,55,201,0.43848418636413,0,0,0,1
1,1,3,22,53,200,0.398629889602417,0,0,0,1
1,1,3,23,53,195,0.369324501818708,0,0,0,1
1,1,3,24,59,210,0.45504108696128,0,0,0,1
1,1,3,25,58,204,0.421774410429851,0,0,0,1
1,1,3,26,55,204,0.430123150974522,0,0,0,1
1,1,3,27,53,204,0.477882633155798,0,0,0,1
1,1,3,28,58,208,0.406282707547608,0,0,0,1
1,1,3,29,55,202,0.439800128252515,0,0,0,1
1,1,3,30,58,205,0.40528300298344,0,0,0,1
1,1,4,1,59,198,0.39010330837335,0,0,0,1
1,1,4,2,56,206,0.434399217519179,0,0,0,1
1,1,4,3,57,195,0.328787734878378,0,0,0,1
1,1,4,4,52,192,0.351663723602668,0,0,0,1
1,1,4,5,56,198,0.37638919846432,0,0,0,1
1,1,4,6,53,199,0.423393828532727,0,0,0,1
1,1,4,7,53,200,0.489641750688904,0,0,0,1
1,1,4,8,52,205,0.46074651534937,0,0,0,1
1,1,4,9,52,202,0.403647351963199,0,0,0,1
1,1,4,10,56,205,0.435523180061939,0,0,0,1
1,1,4,11,61,213,0.442731014755542,0,0,0,1
1,1,4,12,52,197,0.395347963652148,0,0,0,1
1,1,4,13,55,201,0.393901885545618,0,0,0,1
1,1,4,14,52,207,0.495993177960528,0,0,0,1
1,1,4,15,50,198,0.469250590940327,0,0,0,1
1,1,4,16,56,202,0.446203367457119,0,0,0,1
1,1,4,17,58,203,0.388839401241749,0,0,0,1
1,1,4,18,58,198,0.361949831924891,0,0,0,1
1,1,4,19,58,203,0.427431775616223,0,0,0,1
1,1,4,20,51,194,0.41555410409487,0,0,0,1
1,1,4,21,56,201,0.394845294853219,0,0,0,1
1,1,4,22,58,207,0.424797687267112,0,0,0,1
1,1,4,23,61,214,0.431993912642849,0,0,0,1
1,1,4,24,57,206,0.424090388065149,0,0,0,1
1,1,4,25,51,194,0.428470637688415,0,0,0,1
1,1,4,26,58,198,0.371901270600078,0,0,0,1
1,1,4,27,54,204,0.438443230223855,0,0,0,1
1,1,4,28,54,196,0.429980831742384,0,0,0,1
1,1,4,29,56,194,0.393796998942152,0,0,0,1
1,1,4,30,61,206,0.388547022066646,0,0,0,1
1,1,5,1,54,197,0.435766304410701,0,0,0,1
1,1,5,2,50,200,0.51894876743229,0,0,0,1
1,1,5,3,53,201,0.441357766627927,0,0,0,1
1,1,5,4,65,202,0.327668179038297,0,0,0,1
1,1,5,5,61,205,0.425584849393116,0,0,0,1
1,1,5,6,55,198,0.46862433310905,0,0,0,1
1,1,5,7,56,201,0.440433207181914,0,0,0,1
1,1,5,8,56,198,0.387719011895278,0,0,0,1
1,1,5,9,58,201,0.39645953817789,0,0,0,1
1,1,5,10,51,197,0.4903494389731,0,0,0,1
1,1,5,11,57,209,0.468259116280617,0,0,0,1
1,1,5,12,57,200,0.400147908594278,0,0,0,1
1,1,5,13,59,206,0.442578649645336,0,0,0,1
1,1,5,14,59,208,0.443969954043599,0,0,0,1
1,1,5,15,57,200,0.397856454761449,0,0,0,1
1,1,5,16,51,199,0.467720050242838,0,0,0,1
1,1,5,17,54,202,0.444887809956018,0,0,0,1
1,1,5,18,56,199,0.415557427595499,0,0,0,1
1,1,5,19,55,193,0.405606243418586,0,0,0,1
1,1,5,20,55,205,0.444009891802662,0,0,0,1
1,1,5,21,62,206,0.398075745113879,0,0,0,1
1,1,5,22,50,195,0.418244498695143,0,0,0,1
1,1,5,23,59,200,0.381270410563935,0,0,0,1
1,1,5,24,56,207,0.444003282419006,0,0,0,1
1,1,5,25,52,201,0.495466497271507,0,0,0,1
1,1,5,26,57,209,0.465120938180314,0,0,0,1
1,1,5,27,58,203,0.430450262531493,0,0,0,1
1,1,5,28,57,209,0.468241761947047,0,0,0,1
1,1,5,29,52,198,0.399792825513644,0,0,0,1
1,1,5,30,58,194,0.348734492110775,0,0,0,1
1,1,6,1,54,196,0.364516742856432,0,0,0,1
1,1,6,2,56,205,0.43591077507086,0,0,0,1
1,1,6,3,55,202,0.424653602805899,0,0,0,1
1,1,6,4,53,195,0.388986969928159,0,0,0,1
1,1,6,5,57,204,0.408874140486629,0,0,0,1
1,1,6,6,58,207,0.404801654555984,0,0,0,1
1,1,6,7,55,202,0.438026498454762,0,0,0,1
1,1,6,8,52,199,0.447404361192384,0,0,0,1
1,1,6,9,56,200,0.416128963444961,0,0,0,1
1,1,6,10,56,202,0.397106073659872,0,0,0,1
1,1,6,11,56,198,0.384059623083588,0,0,0,1
1,1,6,12,54,195,0.377680993209889,0,0,0,1
1,1,6,13,57,203,0.380669772479885,0,0,0,1
1,1,6,14,56,204,0.390333588945605,0,0,0,1
1,1,6,15,54,195,0.381467741153772,0,0,0,1
1,1,6,16,57,208,0.430463766680286,0,0,0,1
1,1,6,17,60,212,0.414917769409648,0,0,0,1
1,1,6,18,57,207,0.425768887692492,0,0,0,1
1,1,6,19,53,197,0.380990730247798,0,0,0,1
1,1,6,20,56,200,0.425641962988598,0,0,0,1
1,1,6,21,54,203,0.453983221910937,0,0,0,1
1,1,6,22,54,195,0.33275571198343,0,0,0,1
1,1,6,23,54,200,0.365529897432119,0,0,0,1
1,1,6,24,54,195,0.381657872089801,0,0,0,1
1,1,6,25,53,195,0.393589308145078,0,0,0,1
1,1,6,26,56,205,0.389798768353861,0,0,0,1
1,1,6,27,56,203,0.422633924857419,0,0,0,1
1,1,6,28,54,199,0.405631104424396,0,0,0,1
1,1,6,29,57,204,0.439596649516329,0,0,0,1
1,1,6,30,56,199,0.402744648682685,0,0,0,1
1,1,7,1,62,204,0.408450199211775,0,0,0,1
1,1,7,2,58,204,0.421081061831561,0,0,0,1
1,1,7,3,59,205,0.430287530692225,0,0,0,1
1,1,7,4,59,205,0.408279841797527,0,0,0,1
1,1,7,5,58,207,0.426863765544463,0,0,0,1
1,1,7,6,57,198,0.426151419758262,0,0,0,1
1,1,7,7,51,192,0.405729678809585,0,0,0,1
1,1,7,8,55,201,0.407966938973375,0,0,0,1
1,1,7,9,57,197,0.397716657905732,0,0,0,1
1,1,7,10,59,208,0.418205934699861,0,0,0,1
1,1,7,11,58,205,0.418270877823864,0,0,0,1
1,1,7,12,52,200,0.406998584265907,0,0,0,1
1,1,7,13,51,194,0.424599420466055,0,0,0,1
1,1,7,14,54,198,0.396701918199184,0,0,0,1
1,1,7,15,54,199,0.403104436821098,0,0,0,1
1,1,7,16,56,200,0.409925218201215,0,0,0,1
1,1,7,17,57,201,0.410037172575523,0,0,0,1
1,1,7,18,56,200,0.431189681905651,0,0,0,1
1,1,7,19,58,205,0.405344905476755,0,0,0,1
1,1,7,20,57,206,0.432798587969982,0,0,0,1
1,1,7,21,51,194,0.408296375552326,0,0,0,1
1,1,7,22,54,199,0.418509002069953,0,0,0,1
1,1,7,23,56,198,0.413171486884735,0,0,0,1
1,1,7,24,55,202,0.414792352691742,0,0,0,1
1,1,7,25,58,204,0.425945290250717,0,0,0,1
1,1,7,26,55,204,0.447251728286553,0,0,0,1
1,1,7,27,55,199,0.414968515205969,0,0,0,1
1,1,7,28,57,204,0.395638181087699,0,0,0,1
1,1,7,29,57,202,0.398538966463723,0,0,0,1
1,1,7,30,49,191,0.420821993376206,0,0,0,1
1,1,8,1,56,198,0.432592394260736,0,0,0,1
1,1,8,2,51,193,0.395514577388454,0,0,0,1
1,1,8,3,51,195,0.389374838491844,0,0,0,1
1,1,8,4,53,194,0.396695561750324,0,0,0,1
1,1,8,5,52,198,0.441596272178253,0,0,0,1
1,1,8,6,56,200,0.405257317699276,0,0,0,1
1,1,8,7,53,198,0.414095425563972,0,0,0,1
1,1,8,8,53,198,0.44154651552293,0,0,0,1
1,1,8,9,57,204,0.462147830357095,0,0,0,1
1,1,8,10,55,200,0.385711887213609,0,0,0,1
1,1,8,11,48,185,0.419966382429711,0,0,0,1
1,1,8,12,63,207,0.42136121200017,0,0,0,1
1,1,8,13,58,203,0.428166597168461,0,0,0,1
1,1,8,14,51,193,0.431078361518346,0,0,0,1
1,1,8,15,54,198,0.454883395196266,0,0,0,1
1,1,8,16,55,196,0.403090149326844,0,0,0,1
1,1,8,17,57,202,0.424776855468606,0,0,0,1
1,1,8,18,58,202,0.411367312721088,0,0,0,1
1,1,8,19,57,197,0.420703442758602,0,0,0,1
1,1,8,20,53,199,0.447138240915006,0,0,0,1
1,1,8,21,53,194,0.401280333325801,0,0,0,1
1,1,8,22,49,197,0.482081912454683,0,0,0,1
1,1,8,23,57,198,0.406115582982507,0,0,0,1
1,1,8,24,51,198,0.407525958205733,0,0,0,1
1,1,8,25,53,200,0.428917624749009,0,0,0,1
1,1,8,26,55,196,0.406858972427981,0,0,0,1
1,1,8,27,54,196,0.483836761484559,0,0,0,1
1,1,8,28,56,203,0.467492671221236,0,0,0,1
1,1,8,29,55,199,0.413252136158014,0,0,0,1
1,1,8,30,57,197,0.356539395736797,0,0,0,1
1,2,1,1,52,200,0.469847647197788,0,0,0,1
1,2,1,2,54,204,0.526262395081296,0,0,0,1
1,2,1,3,61,212,0.460610627595271,0,0,0,1
1,2,1,4,60,207,0.457108824098256,0,0,0,1
1,2,1,5,54,196,0.456376253115541,0,0,0,1
1,2,1,6,59,205,0.398952486808246,0,0,0,1
1,2,1,7,50,189,0.426684063679217,0,0,0,1
1,2,1,8,58,202,0.420873996142238,0,0,0,1
1,2,1,9,58,205,0.497907068546778,0,0,0,1
1,2,1,10,57,200,0.413484420748553,0,0,0,1
1,2,1,11,57,197,0.388134692333292,0,0,0,1
1,2,1,12,60,202,0.425194514125848,0,0,0,1
1,2,1,13,55,211,0.485013086676901,0,0,0,1
1,2,1,14,61,192,0.30840205982574,0,0,0,1
1,2,1,15,52,197,0.486167257343038,0,0,0,1
1,2,1,16,59,205,0.421001767012598,0,0,0,1
1,2,1,17,57,192,0.360456480195634,0,0,0,1
1,2,1,18,48,188,0.447751048342533,0,0,0,1
1,2,1,19,54,208,0.535725016813417,0,0,0,1
1,2,1,20,53,194,0.470703902459209,0,0,0,1
1,2,1,21,55,195,0.386941650251357,0,0,0,1
1,2,1,22,55,198,0.395984045121547,0,0,0,1
1,2,1,23,56,205,0.441436799031149,0,0,0,1
1,2,1,24,55,190,0.397570843376779,0,0,0,1
1,2,1,25,57,200,0.412397225864403,0,0,0,1
1,2,1,26,59,204,0.481802264716646,0,0,0,1
1,2,1,27,63,207,0.389063244332872,0,0,0,1
1,2,1,28,62,210,0.381287209776491,0,0,0,1
1,2,1,29,58,206,0.475720313066795,0,0,0,1
1,2,1,30,62,210,0.449289471564063,0,0,0,1
1,2,2,1,51,194,0.424703608624552,0,0,0,1
1,2,2,2,59,204,0.438780481281316,0,0,0,1
1,2,2,3,60,201,0.420839836262961,0,0,0,1
1,2,2,4,54,197,0.403159393113435,0,0,0,1
1,2,2,5,57,200,0.392002193655231,0,0,0,1
1,2,2,6,56,200,0.439710541763219,0,0,0,1
1,2,2,7,54,191,0.415438753856413,0,0,0,1
1,2,2,8,54,197,0.42951797771115,0,0,0,1
1,2,2,9,53,198,0.427847387310673,0,0,0,1
1,2,2,10,57,201,0.422837232621546,0,0,0,1
1,2,2,11,58,203,0.431226521283216,0,0,0,1
1,2,2,12,58,203,0.451000244610139,0,0,0,1
1,2,2,13,57,199,0.411388422274356,0,0,0,1
1,2,2,14,53,196,0.434749511798665,0,0,0,1
1,2,2,15,59,204,0.446020146852181,0,0,0,1
1,2,2,16,52,193,0.435133752808004,0,0,0,1
1,2,2,17,52,195,0.40997247618901,0,0,0,1
1,2,2,18,59,200,0.429229124679869,0,0,0,1
1,2,2,19,59,208,0.430065948925093,0,0,0,1
1,2,2,20,45,188,0.379432753445349,0,0,0,1
1,2,2,21,49,189,0.428164546692706,0,0,0,1
1,2,2,22,53,196,0.407697411745299,0,0,0,1
1,2,2,23,55,198,0.402663507095291,0,0,0,1
1,2,2,24,58,211,0.446841124650296,0,0,0,1
1,2,2,25,59,204,0.425640271189997,0,0,0,1
1,2,2,26,58,206,0.407475516076656,0,0,0,1
1,2,2,27,61,215,0.439850273920833,0,0,0,1
1,2,2,28,53,194,0.435022115037394,0,0,0,1
1,2,2,29,53,206,0.431101101667769,0,0,0,1
1,2,2,30,57,199,0.404448127333101,0,0,0,1
1,2,3,1,49,192,0.351948140011681,0,0,0,1
1,2,3,2,56,208,0.463759536585916,0,0,0,1
1,2,3,3,52,199,0.416525878602349,0,0,0,1
1,2,3,4,50,190,0.376955446045727,0,0,0,1
1,2,3,5,51,201,0.440789771672227,0,0,0,1
1,2,3,6,50,185,0.322681818663115,0,0,0,1
1,2,3,7,56,207,0.416312506911811,0,0,0,1
1,2,3,8,54,205,0.440986935746907,0,0,0,1
1,2,3,9,65,222,0.502800801752966,0,0,0,1
1,2,3,10,55,201,0.46948064514581,0,0,0,1
1,2,3,11,53,198,0.410401152013784,0,0,0,1
1,2,3,12,56,207,0.418092413717478,0,0,0,1
1,2,3,13,58,210,0.437657923225364,0,0,0,1
1,2,3,14,60,211,0.455156907060068,0,0,0,1
1,2,3,15,57,213,0.439634790389473,0,0,0,1
1,2,3,16,58,202,0.357092822951622,0,0,0,1
1,2,3,17,55,205,0.459343988129384,0,0,0,1
1,2,3,18,51,195,0.377206030264243,0,0,0,1
1,2,3,19,62,210,0.460790456807314,0,0,0,1
1,2,3,20,62,221,0.425248476841888,0,0,0,1
1,2,3,21,53,199,0.443515854684985,0,0,0,1
1,2,3,22,51,197,0.391111986898892,0,0,0,1
1,2,3,23,51,191,0.357276795403214,0,0,0,1
1,2,3,24,60,215,0.500389935433191,0,0,0,1
1,2,3,25,56,200,0.415051235097567,0,0,0,1
1,2,3,26,54,207,0.467090354916586,0,0,0,1
1,2,3,27,52,204,0.499772751287107,0,0,0,1
1,2,3,28,58,207,0.399424749055376,0,0,0,1
1,2,3,29,56,202,0.446872564519259,0,0,0,1
1,2,3,30,58,206,0.404588454922945,0,0,0,1
1,2,4,1,60,195,0.359112412650392,0,0,0,1
1,2,4,2,54,202,0.41069868512797,0,0,0,1
1,2,4,3,54,188,0.296504075205283,0,0,0,1
1,2,4,4,50,187,0.326318619348613,0,0,0,1
1,2,4,5,57,196,0.34572218436512,0,0,0,1
1,2,4,6,52,197,0.424219152266605,0,0,0,1
1,2,4,7,54,201,0.51570655439204,0,0,0,1
1,2,4,8,52,207,0.470010790651861,0,0,0,1
1,2,4,9,52,202,0.38538833405137,0,0,0,1
1,2,4,10,59,213,0.439074246605514,0,0,0,1
1,2,4,11,61,213,0.432198051798883,0,0,0,1
1,2,4,12,52,196,0.377357527751118,0,0,0,1
1,2,4,13,52,197,0.38037291927972,0,0,0,1
1,2,4,14,50,207,0.539506455276548,0,0,0,1
1,2,4,15,47,195,0.485234498288361,0,0,0,1
1,2,4,16,55,203,0.478460280962666,0,0,0,1
1,2,4,17,57,200,0.378935720573725,0,0,0,1
1,2,4,18,57,196,0.351184126492768,0,0,0,1
1,2,4,19,59,204,0.40778310290589,0,0,0,1
1,2,4,20,50,195,0.440765861144448,0,0,0,1
1,2,4,21,55,202,0.395971047186896,0,0,0,1
1,2,4,22,59,211,0.4182488959878,0,0,0,1
1,2,4,23,67,223,0.423353522191965,0,0,0,1
1,2,4,24,60,207,0.39898150433235,0,0,0,1
1,2,4,25,51,192,0.419788029497562,0,0,0,1
1,2,4,26,59,198,0.362721349421302,0,0,0,1
1,2,4,27,57,210,0.448225322659183,0,0,0,1
1,2,4,28,53,195,0.446926113798169,0,0,0,1
1,2,4,29,54,196,0.431893812523528,0,0,0,1
1,2,4,30,65,213,0.395419316255394,0,0,0,1
1,2,5,1,55,199,0.433252602010844,0,0,0,1
1,2,5,2,50,200,0.552935781500751,0,0,0,1
1,2,5,3,51,197,0.436912253031974,0,0,0,1
1,2,5,4,67,199,0.269229489854534,0,0,0,1
1,2,5,5,63,208,0.418907433292118,0,0,0,1
1,2,5,6,55,199,0.502280714783267,0,0,0,1
1,2,5,7,55,199,0.447428462187264,0,0,0,1
1,2,5,8,56,194,0.356001151091274,0,0,0,1
1,2,5,9,57,202,0.412023183012201,0,0,0,1
1,2,5,10,50,197,0.541828091685568,0,0,0,1
1,2,5,11,56,210,0.4989271191032,0,0,0,1
1,2,5,12,60,198,0.354123504175676,0,0,0,1
1,2,5,13,63,211,0.444780830106248,0,0,0,1
1,2,5,14,60,212,0.45748025747065,0,0,0,1
1,2,5,15,59,196,0.345381311816701,0,0,0,1
1,2,5,16,51,200,0.457783960993307,0,0,0,1
1,2,5,17,51,199,0.457389260973412,0,0,0,1
1,2,5,18,56,194,0.371853162142039,0,0,0,1
1,2,5,19,55,192,0.413523092945893,0,0,0,1
1,2,5,20,54,204,0.460410084287985,0,0,0,1
1,2,5,21,65,209,0.377020393038218,0,0,0,1
1,2,5,22,48,193,0.435079814688795,0,0,0,1
1,2,5,23,58,201,0.379225172011777,0,0,0,1
1,2,5,24,58,212,0.434086639325333,0,0,0,1
1,2,5,25,52,205,0.539937181839344,0,0,0,1
1,2,5,26,56,212,0.466716288321211,0,0,0,1
1,2,5,27,59,207,0.431607191737656,0,0,0,1
1,2,5,28,58,211,0.46963954317195,0,0,0,1
1,2,5,29,53,196,0.343328924059008,0,0,0,1
1,2,5,30,59,197,0.332050676129249,0,0,0,1
1,2,6,1,55,200,0.339147438549766,0,0,0,1
1,2,6,2,54,204,0.452359880950692,0,0,0,1
1,2,6,3,53,196,0.401468845592136,0,0,0,1
1,2,6,4,52,192,0.372584156427559,0,0,0,1
1,2,6,5,55,205,0.45035811658846,0,0,0,1
1,2,6,6,56,203,0.409034965280991,0,0,0,1
1,2,6,7,54,204,0.455248758449369,0,0,0,1
1,2,6,8,52,202,0.502649063260171,0,0,0,1
1,2,6,9,57,200,0.427852259976838,0,0,0,1
1,2,6,10,54,201,0.402746436264061,0,0,0,1
1,2,6,11,54,198,0.400602512258411,0,0,0,1
1,2,6,12,53,190,0.3490451251459,0,0,0,1
1,2,6,13,58,202,0.35955586482022,0,0,0,1
1,2,6,14,57,202,0.327022239362128,0,0,0,1
1,2,6,15,52,193,0.358315681140827,0,0,0,1
1,2,6,16,57,209,0.435386008080861,0,0,0,1
1,2,6,17,61,219,0.421998873564789,0,0,0,1
1,2,6,18,56,208,0.424833408905851,0,0,0,1
1,2,6,19,51,188,0.334060308675299,0,0,0,1
1,2,6,20,56,202,0.462306074421788,0,0,0,1
1,2,6,21,54,202,0.456469451489498,0,0,0,1
1,2,6,22,55,194,0.300364480914552,0,0,0,1
1,2,6,23,52,201,0.383069583834863,0,0,0,1
1,2,6,24,52,189,0.37333773444048,0,0,0,1
1,2,6,25,51,190,0.381855917631473,0,0,0,1
1,2,6,26,56,206,0.378889351260421,0,0,0,1
1,2,6,27,55,202,0.412679410400632,0,0,0,1
1,2,6,28,52,200,0.422809332287395,0,0,0,1
1,2,6,29,59,208,0.455734393374508,0,0,0,1
1,2,6,30,56,199,0.417629288106122,0,0,0,1
1,2,7,1,60,203,0.399126645637625,0,0,0,1
1,2,7,2,59,210,0.43798750137384,0,0,0,1
1,2,7,3,61,210,0.445500551526807,0,0,0,1
1,2,7,4,61,205,0.392556941368466,0,0,0,1
1,2,7,5,57,204,0.44432613853343,0,0,0,1
1,2,7,6,58,197,0.426237622203192,0,0,0,1
1,2,7,7,50,192,0.400984543632332,0,0,0,1
1,2,7,8,55,202,0.423166641814118,0,0,0,1
1,2,7,9,58,197,0.395740332709131,0,0,0,1
1,2,7,10,59,216,0.450668066596561,0,0,0,1
1,2,7,11,56,205,0.426448598749114,0,0,0,1
1,2,7,12,51,203,0.40459267710659,0,0,0,1
1,2,7,13,47,188,0.448401187650215,0,0,0,1
1,2,7,14,52,197,0.391287534943304,0,0,0,1
1,2,7,15,53,201,0.431102662079367,0,0,0,1
1,2,7,16,54,197,0.405733820798183,0,0,0,1
1,2,7,17,57,201,0.405533481711212,0,0,0,1
1,2,7,18,56,200,0.437173431817637,0,0,0,1
1,2,7,19,61,210,0.412807547573537,0,0,0,1
1,2,7,20,57,209,0.439549484531159,0,0,0,1
1,2,7,21,48,190,0.394833160414833,0,0,0,1
1,2,7,22,53,199,0.421261575530642,0,0,0,1
1,2,7,23,54,197,0.42566588792808,0,0,0,1
1,2,7,24,56,207,0.434639706540133,0,0,0,1
1,2,7,25,58,208,0.43942014162595,0,0,0,1
1,2,7,26,54,202,0.460197287532925,0,0,0,1
1,2,7,27,56,201,0.412724803615259,0,0,0,1
1,2,7,28,56,211,0.400287517816101,0,0,0,1
1,2,7,29,56,203,0.394498639188355,0,0,0,1
1,2,7,30,46,187,0.455596380052628,0,0,0,1
1,2,8,1,55,196,0.430454463636549,0,0,0,1
1,2,8,2,47,190,0.425978518278164,0,0,0,1
1,2,8,3,49,195,0.379452404422893,0,0,0,1
1,2,8,4,51,191,0.396284195295776,0,0,0,1
1,2,8,5,52,201,0.455758294237352,0,0,0,1
1,2,8,6,54,198,0.410413763183421,0,0,0,1
1,2,8,7,51,197,0.432937267290832,0,0,0,1
1,2,8,8,51,193,0.412209478186087,0,0,0,1
1,2,8,9,60,210,0.48530374318934,0,0,0,1
1,2,8,10,56,199,0.356878100984325,0,0,0,1
1,2,8,11,46,180,0.433332805267288,0,0,0,1
1,2,8,12,67,210,0.418689823471611,0,0,0,1
1,2,8,13,59,204,0.432046984021225,0,0,0,1
1,2,8,14,49,189,0.432614970868059,0,0,0,1
1,2,8,15,54,200,0.465781407873692,0,0,0,1
1,2,8,16,53,196,0.401174558423302,0,0,0,1
1,2,8,17,58,204,0.401866699046863,0,0,0,1
1,2,8,18,61,207,0.415144682464377,0,0,0,1
1,2,8,19,57,197,0.434833284203377,0,0,0,1
1,2,8,20,53,200,0.460784121041352,0,0,0,1
1,2,8,21,55,195,0.378270962712727,0,0,0,1
1,2,8,22,47,194,0.486955482137503,0,0,0,1
1,2,8,23,58,196,0.390129224425721,0,0,0,1
1,2,8,24,49,194,0.372183090697455,0,0,0,1
1,2,8,25,52,198,0.400266483813016,0,0,0,1
1,2,8,26,56,196,0.391400458639529,0,0,0,1
1,2,8,27,53,195,0.485926503873755,0,0,0,1
1,2,8,28,54,203,0.495214664561275,0,0,0,1
1,2,8,29,54,197,0.394092568967316,0,0,0,1
1,2,8,30,57,197,0.319855598441784,0,0,0,1
1,3,1,1,42,190,0.301262949472323,0,0,0,1
1,3,1,2,45,194,0.339323549100348,0,0,0,1
1,3,1,3,48,203,0.311789866013991,0,0,0,1
1,3,1,4,47,194,0.317075960233404,0,0,0,1
1,3,1,5,46,188,0.303871246272168,0,0,0,1
1,3,1,6,49,193,0.248351443539958,0,0,0,1
1,3,1,7,43,184,0.30095228783204,0,0,0,1
1,3,1,8,47,193,0.294842519125071,0,0,0,1
1,3,1,9,51,197,0.315253294879679,0,0,0,1
1,3,1,10,42,186,0.288397138047072,0,0,0,1
1,3,1,11,47,190,0.255120431066618,0,0,0,1
1,3,1,12,51,191,0.26809905007839,0,0,0,1
1,3,1,13,45,202,0.323399878361468,0,0,0,1
1,3,1,14,49,182,0.213163146241884,0,0,0,1
1,3,1,15,43,191,0.342347327881258,0,0,0,1
1,3,1,16,46,192,0.272958619655122,0,0,0,1
1,3,1,17,47,185,0.240164245671456,0,0,0,1
1,3,1,18,39,178,0.291595931547921,0,0,0,1
1,3,1,19,44,201,0.371944013643048,0,0,0,1
1,3,1,20,40,180,0.296563216913501,0,0,0,1
1,3,1,21,43,180,0.241424448888682,0,0,0,1
1,3,1,22,44,187,0.276907362132534,0,0,0,1
1,3,1,23,47,195,0.279247416196504,0,0,0,1
1,3,1,24,46,183,0.26312554067693,0,0,0,1
1,3,1,25,47,191,0.282811088551547,0,0,0,1
1,3,1,26,50,197,0.309715594285783,0,0,0,1
1,3,1,27,50,197,0.253463889757149,0,0,0,1
1,3,1,28,49,195,0.248024815926445,0,0,0,1
1,3,1,29,49,196,0.315987300307795,0,0,0,1
1,3,1,30,50,195,0.276637080965444,0,0,0,1
1,3,2,1,37,188,0.298195741736921,0,0,0,1
1,3,2,2,42,198,0.301329760670178,0,0,0,1
1,3,2,3,41,190,0.299132275541931,0,0,0,1
1,3,2,4,39,188,0.311423617694607,0,0,0,1
1,3,2,5,38,187,0.278117093747241,0,0,0,1
1,3,2,6,41,194,0.301753331921099,0,0,0,1
1,3,2,7,40,187,0.281163264117572,0,0,0,1
1,3,2,8,39,191,0.306519706705596,0,0,0,1
1,3,2,9,36,187,0.299867132506823,0,0,0,1
1,3,2,10,39,190,0.299410807211848,0,0,0,1
1,3,2,11,40,191,0.297870799059056,0,0,0,1
1,3,2,12,42,196,0.313027386092974,0,0,0,1
1,3,2,13,41,191,0.297828059363248,0,0,0,1
1,3,2,14,37,184,0.308752658383571,0,0,0,1
1,3,2,15,45,198,0.312441720326301,0,0,0,1
1,3,2,16,37,184,0.303033440171373,0,0,0,1
1,3,2,17,37,188,0.295719723455434,0,0,0,1
1,3,2,18,44,195,0.3020063158153,0,0,0,1
1,3,2,19,42,200,0.31378184845857,0,0,0,1
1,3,2,20,32,178,0.268340187276421,0,0,0,1
1,3,2,21,35,182,0.302063662089783,0,0,0,1
1,3,2,22,38,188,0.287235917622929,0,0,0,1
1,3,2,23,39,194,0.297889577037757,0,0,0,1
1,3,2,24,42,203,0.322945854740528,0,0,0,1
1,3,2,25,40,192,0.308856327868856,0,0,0,1
1,3,2,26,42,200,0.298623058720077,0,0,0,1
1,3,2,27,45,214,0.328922295507556,0,0,0,1
1,3,2,28,40,189,0.317722745189571,0,0,0,1
1,3,2,29,38,195,0.308729723288723,0,0,0,1
1,3,2,30,40,189,0.299208308996406,0,0,0,1
1,3,3,1,41,181,0.233739959082241,0,0,0,1
1,3,3,2,46,193,0.287502682570884,0,0,0,1
1,3,3,3,42,187,0.268923017242041,0,0,0,1
1,3,3,4,41,179,0.24657145946932,0,0,0,2
1,3,3,5,43,189,0.282908638240512,0,0,0,1
1,3,3,6,40,174,0.214580676511146,0,0,0,1
1,3,3,7,46,193,0.275193831367596,0,0,0,1
1,3,3,8,46,194,0.28312015318273,0,0,0,1
1,3,3,9,54,207,0.293093505499138,0,0,0,1
1,3,3,10,45,188,0.293035011570469,0,0,0,1
1,3,3,11,44,187,0.264855438691746,0,0,0,1
1,3,3,12,47,191,0.255137892338009,0,0,0,1
1,3,3,13,47,192,0.259642914494486,0,0,0,1
1,3,3,14,46,193,0.294488089363337,0,0,0,1
1,3,3,15,46,195,0.280117494834763,0,0,0,1
1,3,3,16,48,187,0.21726135636091,0,0,0,2
1,3,3,17,45,192,0.306713863350653,0,0,0,1
1,3,3,18,42,183,0.246284854935336,0,0,0,1
1,3,3,19,52,197,0.289459711313292,0,0,0,1
1,3,3,20,50,202,0.265093630012988,0,0,0,1
1,3,3,21,45,187,0.290526861527767,0,0,0,1
1,3,3,22,42,186,0.254135496331682,0,0,0,1
1,3,3,23,41,179,0.239574241175473,0,0,0,2
1,3,3,24,50,199,0.301057757784164,0,0,0,1
1,3,3,25,47,191,0.271856497381394,0,0,0,1
1,3,3,26,44,190,0.27869865088638,0,0,0,1
1,3,3,27,43,192,0.325989967153706,0,0,0,1
1,3,3,28,48,196,0.257262253680691,0,0,0,1
1,3,3,29,46,189,0.2910918593622,0,0,0,1
1,3,3,30,47,191,0.261129624034458,0,0,0,1
1,3,4,1,45,185,0.237874161927148,0,0,0,1
1,3,4,2,41,197,0.27599905529953,0,0,0,1
1,3,4,3,40,176,0.181756813061658,0,0,0,2
1,3,4,4,35,173,0.202180327952813,0,0,0,2
1,3,4,5,41,184,0.225585402709008,0,0,0,1
1,3,4,6,38,186,0.269181145778575,0,0,0,1
1,3,4,7,42,190,0.334987414138593,0,0,0,1
1,3,4,8,38,193,0.303256626122088,0,0,0,1
1,3,4,9,36,187,0.248352362462894,0,0,0,1
1,3,4,10,42,194,0.277583614147901,0,0,0,1
1,3,4,11,50,208,0.282432429369982,0,0,0,1
1,3,4,12,37,182,0.243911236882501,0,0,0,2
1,3,4,13,40,188,0.240967091658274,0,0,0,1
1,3,4,14,40,199,0.337661555944241,0,0,0,1
1,3,4,15,37,186,0.314612294539262,0,0,0,1
1,3,4,16,43,192,0.290301225290389,0,0,0,2
1,3,4,17,42,190,0.232621651887263,0,0,0,1
1,3,4,18,41,183,0.210217866014665,0,0,0,1
1,3,4,19,45,193,0.270401836015029,0,0,0,1
1,3,4,20,36,180,0.262853089572572,0,0,0,1
1,3,4,21,41,186,0.240467823955344,0,0,0,1
1,3,4,22,43,197,0.267452248121455,0,0,0,1
1,3,4,23,48,208,0.271775586232974,0,0,0,1
1,3,4,24,43,195,0.266480670440834,0,0,0,1
1,3,4,25,38,179,0.279673063295007,0,0,0,2
1,3,4,26,42,184,0.218982645973863,0,0,0,2
1,3,4,27,40,193,0.282121194731328,0,0,0,1
1,3,4,28,41,183,0.276094195460191,0,0,0,1
1,3,4,29,41,180,0.2453639834787,0,0,0,2
1,3,4,30,46,196,0.230875444886642,0,0,0,1
1,3,5,1,43,187,0.297146875792801,0,0,0,1
1,3,5,2,40,192,0.378529227180292,0,0,0,1
1,3,5,3,41,191,0.301102290757976,0,0,0,1
1,3,5,4,55,190,0.189853361781805,0,0,0,1
1,3,5,5,51,197,0.283935945119026,0,0,0,1
1,3,5,6,46,189,0.329342796208063,0,0,0,1
1,3,5,7,46,192,0.300251063840464,0,0,0,1
1,3,5,8,44,186,0.249754101835422,0,0,0,1
1,3,5,9,47,191,0.256678723733301,0,0,0,1
1,3,5,10,41,188,0.351178251566026,0,0,0,1
1,3,5,11,47,203,0.32515926827451,0,0,0,1
1,3,5,12,46,190,0.260722287251505,0,0,0,1
1,3,5,13,49,200,0.301854879500309,0,0,0,1
1,3,5,14,49,201,0.301312484730016,0,0,0,1
1,3,5,15,46,190,0.258490978936602,0,0,0,1
1,3,5,16,40,189,0.327941952299964,0,0,0,1
1,3,5,17,42,192,0.304714789643338,0,0,0,1
1,3,5,18,44,189,0.276510692408519,0,0,0,1
1,3,5,19,44,181,0.269673787000757,0,0,0,1
1,3,5,20,44,196,0.302791125734993,0,0,0,1
1,3,5,21,52,198,0.257481094908609,0,0,0,1
1,3,5,22,37,183,0.280935391810668,0,0,0,1
1,3,5,23,47,189,0.243367485918593,0,0,0,1
1,3,5,24,45,200,0.301748194845834,0,0,0,1
1,3,5,25,42,192,0.355022734024681,0,0,0,1
1,3,5,26,46,202,0.322236434080713,0,0,0,1
1,3,5,27,47,195,0.289389988858906,0,0,0,1
1,3,5,28,47,203,0.325189321344687,0,0,0,1
1,3,5,29,39,185,0.261602311088175,0,0,0,1
1,3,5,30,46,180,0.215227077901147,0,0,0,1
1,3,6,1,40,179,0.23630370789331,0,0,0,1
1,3,6,2,44,192,0.298026362366435,0,0,0,1
1,3,6,3,42,189,0.288770440668144,0,0,0,1
1,3,6,4,40,178,0.25882917604575,0,0,0,1
1,3,6,5,44,190,0.273020513944939,0,0,0,1
1,3,6,6,45,194,0.268033647804518,0,0,0,1
1,3,6,7,43,189,0.303971628518973,0,0,0,1
1,3,6,8,40,185,0.312057426748648,0,0,0,1
1,3,6,9,44,187,0.281363614030219,0,0,0,1
1,3,6,10,43,189,0.264249108986623,0,0,0,1
1,3,6,11,42,183,0.252237706566813,0,0,0,1
1,3,6,12,40,179,0.248511396961106,0,0,0,1
1,3,6,13,44,189,0.249454907328239,0,0,0,1
1,3,6,14,42,189,0.255526971834885,0,0,0,1
1,3,6,15,41,179,0.253716947076228,0,0,0,1
1,3,6,16,44,196,0.291501531452427,0,0,0,1
1,3,6,17,48,200,0.276693027968491,0,0,0,1
1,3,6,18,45,195,0.288727487070875,0,0,0,1
1,3,6,19,40,181,0.250465627574948,0,0,0,1
1,3,6,20,44,187,0.290458119300244,0,0,0,1
1,3,6,21,42,190,0.31598939436497,0,0,0,1
1,3,6,22,40,179,0.211388593139238,0,0,0,1
1,3,6,23,40,183,0.235212622416149,0,0,0,1
1,3,6,24,42,182,0.25767428604497,0,0,0,1
1,3,6,25,40,179,0.263099717066292,0,0,0,1
1,3,6,26,43,192,0.257567453526123,0,0,0,1
1,3,6,27,43,190,0.286278554411723,0,0,0,1
1,3,6,28,41,185,0.272562021761075,0,0,0,1
1,3,6,29,46,192,0.301920961072576,0,0,0,1
1,3,6,30,43,185,0.270012482013254,0,0,0,1
1,3,7,1,49,194,0.307501095405454,0,0,0,1
1,3,7,2,44,190,0.315688500855737,0,0,0,1
1,3,7,3,46,194,0.328869286526473,0,0,0,1
1,3,7,4,45,192,0.301835013815897,0,0,0,1
1,3,7,5,45,196,0.322542356481156,0,0,0,1
1,3,7,6,45,189,0.331207564533697,0,0,0,1
1,3,7,7,38,180,0.315271179641135,0,0,0,1
1,3,7,8,41,188,0.307931384512723,0,0,0,1
1,3,7,9,43,184,0.299732255407445,0,0,0,1
1,3,7,10,44,194,0.311277244632627,0,0,0,1
1,3,7,11,44,192,0.313712756290583,0,0,0,1
1,3,7,12,38,186,0.308804667312558,0,0,0,1
1,3,7,13,39,181,0.332098758987096,0,0,0,1
1,3,7,14,40,184,0.298669405761508,0,0,0,1
1,3,7,15,40,185,0.302538459329022,0,0,0,1
1,3,7,16,42,187,0.309407315650126,0,0,0,1
1,3,7,17,44,192,0.314480397593067,0,0,0,1
1,3,7,18,44,189,0.332790801438462,0,0,0,1
1,3,7,19,44,192,0.302762089591215,0,0,0,1
1,3,7,20,43,192,0.326506482295802,0,0,0,1
1,3,7,21,38,182,0.315372862492589,0,0,0,1
1,3,7,22,40,186,0.319625972774916,0,0,0,1
1,3,7,23,43,186,0.313458257465016,0,0,0,1
1,3,7,24,41,189,0.313283890126066,0,0,0,1
1,3,7,25,44,191,0.321340975140855,0,0,0,1
1,3,7,26,42,190,0.342193249667879,0,0,0,1
1,3,7,27,42,188,0.318778211851808,0,0,0,1
1,3,7,28,42,189,0.291549094919916,0,0,0,1
1,3,7,29,42,188,0.294194617372377,0,0,0,1
1,3,7,30,37,179,0.331380833180189,0,0,0,1
1,3,8,1,49,192,0.281723352057421,0,0,0,1
1,3,8,2,41,187,0.251935487060843,0,0,0,1
1,3,8,3,41,188,0.240882202604021,0,0,0,1
1,3,8,4,43,186,0.246932405172232,0,0,0,1
1,3,8,5,44,192,0.289011897496897,0,0,0,1
1,3,8,6,48,197,0.256602209576724,0,0,0,1
1,3,8,7,44,191,0.264319285629697,0,0,0,1
1,3,8,8,45,194,0.291148182446824,0,0,0,1
1,3,8,9,50,204,0.310214564050577,0,0,0,1
1,3,8,10,46,198,0.237251314600801,0,0,0,1
1,3,8,11,39,175,0.275888259468284,0,0,0,1
1,3,8,12,58,209,0.274282809291589,0,0,0,1
1,3,8,13,51,203,0.279490228744286,0,0,0,1
1,3,8,14,42,188,0.284438317992926,0,0,0,1
1,3,8,15,47,193,0.302941331999695,0,0,0,1
1,3,8,16,47,193,0.256131999671596,0,0,0,1
1,3,8,17,50,199,0.273925196354224,0,0,0,1
1,3,8,18,51,199,0.260941516243737,0,0,0,1
1,3,8,19,50,193,0.272834894382713,0,0,0,1
1,3,8,20,44,196,0.296911477760556,0,0,0,1
1,3,8,21,45,189,0.256197001689159,0,0,0,1
1,3,8,22,41,192,0.329559511331009,0,0,0,1
1,3,8,23,50,196,0.264589079604626,0,0,0,1
1,3,8,24,42,195,0.260380890186539,0,0,0,1
1,3,8,25,44,193,0.273161918934762,0,0,0,1
1,3,8,26,48,192,0.259031123894938,0,0,0,1
1,3,8,27,47,192,0.333452235221035,0,0,0,1
1,3,8,28,50,203,0.317065654676957,0,0,0,1
1,3,8,29,47,191,0.257917859657623,0,0,0,1
1,3,8,30,50,196,0.211910029936498,0,0,0,1
1,4,1,1,49,204,0.272268357294072,0,0,0,1
1,4,1,2,53,208,0.328120292643075,0,0,0,1
1,4,1,3,70,231,0.276088924944319,0,0,0,1
1,4,1,4,65,216,0.260797723890725,0,0,0,1
1,4,1,5,50,193,0.255996786242609,0,0,0,1
1,4,1,6,68,218,0.205191928162265,0,0,0,1
1,4,1,7,47,184,0.228527204418156,0,0,0,1
1,4,1,8,63,211,0.228125835875373,0,0,0,1
1,4,1,9,63,214,0.313303138510531,0,0,0,2
1,4,1,10,59,206,0.216324669812405,0,0,0,2
1,4,1,11,65,210,0.211537896301957,0,0,0,1
1,4,1,12,65,206,0.226526612693347,0,0,0,1
1,4,1,13,56,223,0.28972550980001,0,0,0,1
1,4,1,14,75,195,0.121151181555597,0,0,0,2
1,4,1,15,50,200,0.289581113157781,0,0,0,1
1,4,1,16,64,211,0.221501567641463,0,0,0,1
1,4,1,17,64,198,0.171848284526649,0,0,0,1
1,4,1,18,44,185,0.254435209634821,0,0,0,1
1,4,1,19,55,223,0.349434773232799,0,0,0,1
1,4,1,20,52,196,0.275184788178027,0,0,0,1
1,4,1,21,59,198,0.193985134239345,0,0,0,1
1,4,1,22,56,200,0.197480788368884,0,0,0,1
1,4,1,23,60,215,0.248923141079067,0,0,0,1
1,4,1,24,57,188,0.202078332799199,0,0,0,1
1,4,1,25,64,209,0.226751563675522,0,0,0,1
1,4,1,26,64,212,0.28829803624478,0,0,0,1
1,4,1,27,74,225,0.201125174048994,0,0,0,1
1,4,1,28,74,230,0.188511256794787,0,0,0,2
1,4,1,29,61,215,0.280746872099624,0,0,0,1
1,4,1,30,69,223,0.254168227875406,0,0,0,2
1,4,2,1,46,209,0.208213442038838,0,0,0,1
1,4,2,2,64,228,0.221119216948768,0,0,0,1
1,4,2,3,59,214,0.189807768816818,0,0,0,1
1,4,2,4,48,194,0.188243738999426,0,0,0,1
1,4,2,5,53,211,0.156783591139709,0,0,0,1
1,4,2,6,55,214,0.218336543224789,0,0,0,1
1,4,2,7,50,201,0.194607849139286,0,0,0,1
1,4,2,8,49,218,0.213118515943595,0,0,0,1
1,4,2,9,45,217,0.209707002130277,0,0,0,1
1,4,2,10,56,207,0.199529978308726,0,0,0,1
1,4,2,11,62,219,0.209638256758244,0,0,0,1
1,4,2,12,64,228,0.243867367876948,0,0,0,1
1,4,2,13,58,219,0.189053636850951,0,0,0,1
1,4,2,14,52,212,0.214405501936724,0,0,0,1
1,4,2,15,60,218,0.226610088798153,0,0,0,1
1,4,2,16,49,209,0.214781116545576,0,0,0,1
1,4,2,17,47,204,0.181547716030654,0,0,0,1
1,4,2,18,67,226,0.220485391900173,0,0,0,1
1,4,2,19,61,231,0.215919410612338,0,0,0,1
1,4,2,20,29,187,0.155012620703537,0,0,0,1
1,4,2,21,41,196,0.210227003690241,0,0,0,1
1,4,2,22,49,212,0.179536940506565,0,0,0,1
1,4,2,23,53,216,0.176041892606521,0,0,0,1
1,4,2,24,58,224,0.242019884665223,0,0,0,1
1,4,2,25,62,224,0.206773700124115,0,0,0,1
1,4,2,26,62,231,0.191003377089124,0,0,0,1
1,4,2,27,61,232,0.23613582952413,0,0,0,1
1,4,2,28,51,208,0.215077364247893,0,0,0,1
1,4,2,29,49,227,0.222952661184603,0,0,0,1
1,4,2,30,59,220,0.180858730057758,0,0,0,1
1,4,3,1,35,178,0.164410943945283,0,0,0,2
1,4,3,2,61,211,0.23552333822836,0,0,0,1
1,4,3,3,50,193,0.195691650089619,0,0,0,1
1,4,3,4,59,479,0.222751019772779,0,0,0,2
1,4,3,5,49,197,0.214714720424847,0,0,0,1
1,4,3,6,46,186,0.138193986481975,0,0,0,2
1,4,3,7,60,209,0.191992936293094,0,0,0,1
1,4,3,8,57,207,0.203548346028438,0,0,0,1
1,4,3,9,75,233,0.278211869364408,0,0,0,1
1,4,3,10,56,196,0.238587363619077,0,0,0,1
1,4,3,11,55,194,0.19016648254879,0,0,0,1
1,4,3,12,64,211,0.190437461692192,0,0,0,1
1,4,3,13,58,216,0.218263033453116,0,0,0,1
1,4,3,14,61,210,0.223769545710762,0,0,0,1
1,4,3,15,64,224,0.216842586785413,0,0,0,1
1,4,3,16,72,214,0.152525467936293,0,0,0,2
1,4,3,17,55,201,0.235744156025247,0,0,0,1
1,4,3,18,46,185,0.169929587841657,0,0,0,2
1,4,3,19,71,214,0.225942389979417,0,0,0,1
1,4,3,20,77,250,0.213913161863646,0,0,0,1
1,4,3,21,55,196,0.218462556151648,0,0,0,1
1,4,3,22,58,198,0.175394195870522,0,0,0,2
1,4,3,23,40,191,0.197074143827176,0,0,0,2
1,4,3,24,65,221,0.262775391348942,0,0,0,1
1,4,3,25,60,599,0.189289779271475,0,1,0,1
1,4,3,26,55,206,0.224694522850846,0,0,0,1
1,4,3,27,52,202,0.267155093782777,0,0,0,1
1,4,3,28,67,216,0.18137266087033,0,0,0,1
1,4,3,29,60,200,0.223733793000042,0,0,0,1
1,4,3,30,62,208,0.189375170367416,0,0,0,2
1,4,4,1,55,486,0.160503354144665,0,0,0,2
1,4,4,2,47,198,0.188239401961624,0,0,0,1
1,4,4,3,62,556,0.200879218846266,0,0,0,2
1,4,4,4,43,513,0.132904822862613,0,0,0,2
1,4,4,5,60,599,0.186924140631827,0,1,0,1
1,4,4,6,45,190,0.204956539158046,0,0,0,1
1,4,4,7,51,198,0.295929660816695,0,0,0,1
1,4,4,8,46,211,0.246702615877495,0,0,0,1
1,4,4,9,42,196,0.165064567786769,0,0,0,1
1,4,4,10,56,221,0.217523323216323,0,0,0,1
1,4,4,11,66,224,0.212396797217035,0,0,0,1
1,4,4,12,44,186,0.163376916290394,0,0,0,2
1,4,4,13,46,192,0.166887311621216,0,0,0,1
1,4,4,14,44,208,0.317113322494704,0,0,0,1
1,4,4,15,39,188,0.264539450543908,0,0,0,1
1,4,4,16,52,201,0.256641306745044,0,0,0,2
1,4,4,17,48,192,0.157870435119536,0,0,0,1
1,4,4,18,47,599,0.152941021626554,0,1,0,1
1,4,4,19,60,205,0.186614217060309,0,0,0,2
1,4,4,20,43,187,0.220170305663463,0,0,0,1
1,4,4,21,46,193,0.175769896717055,0,0,0,1
1,4,4,22,52,211,0.199132105542075,0,0,0,1
1,4,4,23,70,250,0.20822149045466,0,0,0,2
1,4,4,24,52,204,0.177607565826712,0,0,0,1
1,4,4,25,42,181,0.207756062305879,0,0,0,2
1,4,4,26,63,498,0.175142860353437,0,0,0,2
1,4,4,27,53,214,0.226198569257688,0,0,0,1
1,4,4,28,48,188,0.226147468634453,0,0,0,1
1,4,4,29,50,191,0.21921600114197,0,0,0,2
1,4,4,30,68,224,0.174447341109089,0,0,0,1
1,4,5,1,54,201,0.24494050101313,0,0,0,1
1,4,5,2,46,203,0.363615914689637,0,0,0,1
1,4,5,3,47,198,0.248178929256635,0,0,0,1
1,4,5,4,32,207,0.101406199065549,0,0,0,2
1,4,5,5,69,219,0.232424080814773,0,0,0,1
1,4,5,6,54,201,0.313191135405256,0,0,0,1
1,4,5,7,54,202,0.259146971362633,0,0,0,1
1,4,5,8,55,193,0.172454216526841,0,0,0,2
1,4,5,9,57,207,0.223749327795347,0,0,0,1
1,4,5,10,45,198,0.352350012363391,0,0,0,1
1,4,5,11,57,222,0.312890214099703,0,0,0,1
1,4,5,12,64,200,0.168303136631306,0,0,0,2
1,4,5,13,68,220,0.261618079175094,0,0,0,1
1,4,5,14,64,226,0.273137195026708,0,0,0,1
1,4,5,15,62,196,0.158262202396612,0,0,0,1
1,4,5,16,48,203,0.269024720389926,0,0,0,1
1,4,5,17,47,201,0.269359662990512,0,0,0,1
1,4,5,18,55,195,0.186392210568193,0,0,0,2
1,4,5,19,53,189,0.22574572498018,0,0,0,1
1,4,5,20,52,212,0.274272929310834,0,0,0,1
1,4,5,21,69,220,0.196339790890456,0,0,0,1
1,4,5,22,42,190,0.246802651351673,0,0,0,1
1,4,5,23,60,206,0.197556120167717,0,0,0,1
1,4,5,24,61,230,0.251020544480041,0,0,0,1
1,4,5,25,50,211,0.352445360603551,0,0,0,1
1,4,5,26,57,228,0.282031363360726,0,0,0,1
1,4,5,27,61,216,0.244782091056525,0,0,0,1
1,4,5,28,59,224,0.284106905009541,0,0,0,1
1,4,5,29,49,195,0.157220362752701,0,0,0,1
1,4,5,30,61,203,0.164253047581625,0,0,0,2
1,4,6,1,53,196,0.147509444543079,0,0,0,1
1,4,6,2,50,203,0.252689406749896,0,0,0,1
1,4,6,3,46,188,0.207525673670591,0,0,0,1
1,4,6,4,43,179,0.183586233657339,0,0,0,1
1,4,6,5,51,205,0.253752866795551,0,0,0,1
1,4,6,6,54,201,0.210597913038333,0,0,0,1
1,4,6,7,52,205,0.259205068952091,0,0,0,1
1,4,6,8,44,197,0.301569612613981,0,0,0,1
1,4,6,9,53,195,0.230550516064148,0,0,0,1
1,4,6,10,50,198,0.205870250742709,0,0,0,1
1,4,6,11,49,193,0.204934408292714,0,0,0,1
1,4,6,12,49,179,0.158395509119867,0,0,0,1
1,4,6,13,56,203,0.169096674376736,0,0,0,1
1,4,6,14,57,203,0.135253497564086,0,0,0,1
1,4,6,15,46,184,0.167583564858335,0,0,0,1
1,4,6,16,54,212,0.240189491962626,0,0,0,1
1,4,6,17,63,230,0.226409373982147,0,0,0,1
1,4,6,18,54,211,0.226793550939004,0,0,0,1
1,4,6,19,46,178,0.147483543732086,0,0,0,1
1,4,6,20,53,199,0.258887102763838,0,0,0,1
1,4,6,21,50,198,0.254523664239936,0,0,0,1
1,4,6,22,51,191,0.123172154861665,0,0,0,1
1,4,6,23,46,198,0.184862983474505,0,0,0,1
1,4,6,24,49,186,0.185385389195843,0,0,0,2
1,4,6,25,44,179,0.187660911024349,0,0,0,1
1,4,6,26,54,209,0.183707824897353,0,0,0,1
1,4,6,27,52,200,0.216251459120297,0,0,0,1
1,4,6,28,47,196,0.223375114277594,0,0,0,1
1,4,6,29,55,207,0.257370748268784,0,0,0,1
1,4,6,30,53,196,0.219169970006348,0,0,0,1
1,4,7,1,60,200,0.207715275110392,0,0,0,1
1,4,7,2,56,204,0.23264805015966,0,0,0,1
1,4,7,3,62,213,0.255876356266528,0,0,0,1
1,4,7,4,60,199,0.189289795273414,0,0,0,1
1,4,7,5,56,213,0.263410491624093,0,0,0,1
1,4,7,6,57,196,0.247518383999697,0,0,0,1
1,4,7,7,42,181,0.224344524760098,0,0,0,1
1,4,7,8,51,197,0.225889410413175,0,0,0,1
1,4,7,9,56,187,0.201220068087405,0,0,0,1
1,4,7,10,57,214,0.245032217928925,0,0,0,1
1,4,7,11,51,201,0.229995355449168,0,0,0,1
1,4,7,12,42,195,0.21444485373649,0,0,0,1
1,4,7,13,38,181,0.285424722473136,0,0,0,1
1,4,7,14,43,185,0.202545670987958,0,0,0,1
1,4,7,15,47,192,0.232975137892543,0,0,0,1
1,4,7,16,49,188,0.211511187143681,0,0,0,1
1,4,7,17,59,599,0.245993868219515,0,1,0,1
1,4,7,18,54,196,0.247121062678459,0,0,0,1
1,4,7,19,59,207,0.215535417247982,0,0,0,1
1,4,7,20,53,204,0.232974989025632,0,0,0,1
1,4,7,21,37,178,0.21675330807038,0,0,0,1
1,4,7,22,48,193,0.233007314686297,0,0,0,1
1,4,7,23,49,189,0.234348179178458,0,0,0,1
1,4,7,24,51,204,0.239838956687525,0,0,0,1
1,4,7,25,55,201,0.23449215777642,0,0,0,1
1,4,7,26,48,195,0.259122825197106,0,0,0,1
1,4,7,27,51,198,0.225809971577127,0,0,0,1
1,4,7,28,51,208,0.197221908665121,0,0,0,1
1,4,7,29,52,599,0.208764514832993,0,1,0,1
1,4,7,30,39,178,0.285815889492488,0,0,0,1
1,4,8,1,63,205,0.210654867203873,0,0,0,1
1,4,8,2,49,207,0.214917661474633,0,0,0,1
1,4,8,3,47,454,0.154646487043019,0,0,0,2
1,4,8,4,54,196,0.171906828125621,0,0,0,1
1,4,8,5,56,220,0.235028682002591,0,0,0,1
1,4,8,6,60,219,0.192862500107523,0,0,0,1
1,4,8,7,56,218,0.217293373416499,0,0,0,1
1,4,8,8,56,208,0.192171926815469,0,0,0,1
1,4,8,9,74,243,0.283759918765742,0,0,0,1
1,4,8,10,72,280,0.155206619938811,0,0,0,2
1,4,8,11,43,175,0.214400253639858,0,0,0,2
1,4,8,12,91,240,0.220085774399051,0,0,0,1
1,4,8,13,73,231,0.22542458136697,0,0,0,1
1,4,8,14,50,196,0.21433130831134,0,0,0,1
1,4,8,15,59,214,0.245886358256344,0,0,0,1
1,4,8,16,58,223,0.181761066367226,0,0,0,1
1,4,8,17,72,245,0.190218265167294,0,0,0,1
1,4,8,18,79,240,0.205713395842288,0,0,0,1
1,4,8,19,68,212,0.216716729562646,0,0,0,1
1,4,8,20,59,222,0.246246465552152,0,0,0,1
1,4,8,21,66,257,0.172862405262201,0,0,0,1
1,4,8,22,45,200,0.264995473879757,0,0,0,1
1,4,8,23,70,222,0.186965916158087,0,0,0,1
1,4,8,24,50,258,0.162020564099244,0,0,0,1
1,4,8,25,57,204,0.173120659921403,0,0,0,1
1,4,8,26,67,215,0.173305070667727,0,0,0,1
1,4,8,27,58,204,0.268212001398703,0,0,0,1
1,4,8,28,59,224,0.279615353998934,0,0,0,1
1,4,8,29,59,203,0.165706713096496,0,0,0,1
1,4,8,30,79,289,0.136539505428865,0,0,0,1
2,1,1,1,59,199,0.412820708832437,0,0,0,1
2,1,1,2,51,201,0.47882256736075,0,0,0,1
2,1,1,3,52,197,0.436455113194065,0,0,0,1
2,1,1,4,59,208,0.467926840168525,0,0,0,1
2,1,1,5,54,201,0.445849743229978,0,0,0,1
2,1,1,6,54,200,0.402880757307815,0,0,0,1
2,1,1,7,53,199,0.430709290833983,0,0,0,1
2,1,1,8,56,195,0.388657091192959,0,0,0,1
2,1,1,9,58,203,0.404661757254153,0,0,0,1
2,1,1,10,60,201,0.420917350240391,0,0,0,1
2,1,1,11,54,197,0.450094701137075,0,0,0,1
2,1,1,12,63,210,0.417245072710768,0,0,0,1
2,1,1,13,59,204,0.476684626509475,0,0,0,1
2,1,1,14,58,206,0.45517605548556,0,0,0,1
2,1,1,15,61,200,0.378776755551255,0,0,0,1
2,1,1,16,53,200,0.458693657357882,0,0,0,1
2,1,1,17,55,195,0.386038142482923,0,0,0,1
2,1,1,18,51,197,0.445369426628698,0,0,0,1
2,1,1,19,56,200,0.46018376599556,0,0,0,1
2,1,1,20,59,199,0.377302843703664,0,0,0,1
2,1,1,21,55,197,0.381677895506203,0,0,0,1
2,1,1,22,62,208,0.426177451488078,0,0,0,1
2,1,1,23,57,206,0.435517088395412,0,0,0,1
2,1,1,24,54,196,0.411829992299224,0,0,0,1
2,1,1,25,55,203,0.462665310947167,0,0,0,1
2,1,1,26,58,202,0.400558218129933,0,0,0,1
2,1,1,27,54,194,0.391129891112599,0,0,0,1
2,1,1,28,56,207,0.481211043611,0,0,0,1
2,1,1,29,59,201,0.40777677303199,0,0,0,1
2,1,1,30,57,199,0.438309148683617,0,0,0,1
2,1,2,1,57,203,0.419974590334206,0,0,0,1
2,1,2,2,56,204,0.403732286279698,0,0,0,1
2,1,2,3,55,200,0.423092272001387,0,0,0,1
2,1,2,4,55,199,0.403984098604558,0,0,0,1
2,1,2,5,53,198,0.434430050846323,0,0,0,1
2,1,2,6,57,201,0.415215590204811,0,0,0,1
2,1,2,7,59,200,0.42201178557281,0,0,0,1
2,1,2,8,58,199,0.408411388366298,0,0,0,1
2,1,2,9,56,199,0.413118207207956,0,0,0,1
2,1,2,10,59,201,0.426640316985372,0,0,0,1
2,1,2,11,57,196,0.388738769537001,0,0,0,1
2,1,2,12,56,200,0.416654181071227,0,0,0,1
2,1,2,13,52,193,0.416154520896963,0,0,0,1
2,1,2,14,58,202,0.40532935372063,0,0,0,1
2,1,2,15,58,202,0.416689043186455,0,0,0,1
2,1,2,16,55,199,0.430883767325729,0,0,0,1
2,1,2,17,54,195,0.408307000819606,0,0,0,1
2,1,2,18,57,200,0.401336101636224,0,0,0,1
2,1,2,19,58,205,0.411119607167898,0,0,0,1
2,1,2,20,58,201,0.427257148773992,0,0,0,1
2,1,2,21,53,193,0.425249896220912,0,0,0,1
2,1,2,22,53,195,0.434950305867042,0,0,0,1
2,1,2,23,53,197,0.420490593951931,0,0,0,1
2,1,2,24,58,203,0.416420315460821,0,0,0,1
2,1,2,25,59,201,0.419257253414241,0,0,0,1
2,1,2,26,56,201,0.421833785762433,0,0,0,1
2,1,2,27,57,201,0.436559849185245,0,0,0,1
2,1,2,28,57,207,0.396900183459067,0,0,0,1
2,1,2,29,54,193,0.411039566997293,0,0,0,1
2,1,2,30,56,199,0.41840206118579,0,0,0,1
2,1,3,1,55,201,0.391104671004737,0,0,0,1
2,1,3,2,56,202,0.419913867023616,0,0,0,1
2,1,3,3,51,199,0.416531723810833,0,0,0,1
2,1,3,4,56,203,0.409551791768591,0,0,0,1
2,1,3,5,53,198,0.416879316388062,0,0,0,1
2,1,3,6,53,195,0.37595733687682,0,0,0,1
2,1,3,7,55,205,0.474999106019536,0,0,0,1
2,1,3,8,53,199,0.40559419634002,0,0,0,1
2,1,3,9,55,204,0.40056480858144,0,0,0,1
2,1,3,10,54,208,0.428406635853702,0,0,0,1
2,1,3,11,54,206,0.469376129769991,0,0,0,1
2,1,3,12,56,203,0.402196548983898,0,0,0,1
2,1,3,13,51,198,0.429046229818506,0,0,0,1
2,1,3,14,54,203,0.369310420990101,0,0,0,1
2,1,3,15,57,207,0.44864256649091,0,0,0,1
2,1,3,16,54,201,0.41468755921612,0,0,0,1
2,1,3,17,55,204,0.38267868298609,0,0,0,1
2,1,3,18,55,201,0.398968088212794,0,0,0,1
2,1,3,19,55,205,0.424036065084664,0,0,0,1
2,1,3,20,54,203,0.410942087016326,0,0,0,1
2,1,3,21,54,204,0.429400011897021,0,0,0,1
2,1,3,22,50,198,0.421526882285222,0,0,0,1
2,1,3,23,55,206,0.426776629825632,0,0,0,1
2,1,3,24,56,205,0.418676194720027,0,0,0,1
2,1,3,25,57,204,0.40675076117245,0,0,0,1
2,1,3,26,53,204,0.443144489513156,0,0,0,1
2,1,3,27,58,209,0.442489875247793,0,0,0,1
2,1,3,28,56,204,0.427895281913011,0,0,0,1
2,1,3,29,52,197,0.431603304850769,0,0,0,1
2,1,3,30,53,202,0.424785198419927,0,0,0,1
2,1,4,1,49,196,0.419729520028907,0,0,0,1
2,1,4,2,59,206,0.419095054427407,0,0,0,1
2,1,4,3,56,200,0.399651671061485,0,0,0,1
2,1,4,4,55,201,0.41744085314296,0,0,0,1
2,1,4,5,62,196,0.340732382435023,0,0,0,1
2,1,4,6,55,198,0.448983933449641,0,0,0,1
2,1,4,7,49,201,0.409520395006315,0,0,0,1
2,1,4,8,61,196,0.379325705762181,0,0,0,1
2,1,4,9,60,200,0.410496805388705,0,0,0,1
2,1,4,10,57,203,0.422621300112997,0,0,0,1
2,1,4,11,60,210,0.44774110087581,0,0,0,1
2,1,4,12,56,204,0.45802126402678,0,0,0,1
2,1,4,13,51,189,0.382381406289214,0,0,0,1
2,1,4,14,60,206,0.428407865496799,0,0,0,1
2,1,4,15,62,206,0.40328751864406,0,0,0,1
2,1,4,16,58,202,0.39009983680833,0,0,0,1
2,1,4,17,60,201,0.379130588323883,0,0,0,1
2,1,4,18,61,204,0.357594561482392,0,0,0,1
2,1,4,19,59,196,0.386556463619742,0,0,0,1
2,1,4,20,62,207,0.395047930867303,0,0,0,1
2,1,4,21,57,204,0.480445912081245,0,0,0,1
2,1,4,22,55,194,0.385205829919767,0,0,0,1
2,1,4,23,52,195,0.380583014624246,0,0,0,1
2,1,4,24,52,198,0.391276607926392,0,0,0,1
2,1,4,25,62,201,0.393432227134222,0,0,0,1
2,1,4,26,58,204,0.436529449560585,0,0,0,1
2,1,4,27,55,201,0.464573730086279,0,0,0,1
2,1,4,28,55,198,0.422933772948161,0,0,0,1
2,1,4,29,53,205,0.452956498861658,0,0,0,1
2,1,4,30,61,203,0.403174508613685,0,0,0,1
2,1,5,1,54,197,0.443426483985224,0,0,0,1
2,1,5,2,58,200,0.362706361242483,0,0,0,1
2,1,5,3,50,192,0.416697514749736,0,0,0,1
2,1,5,4,53,192,0.368445446303741,0,0,0,1
2,1,5,5,54,202,0.444041989575481,0,0,0,1
2,1,5,6,54,199,0.459370397008549,0,0,0,1
2,1,5,7,52,194,0.362829285634716,0,0,0,1
2,1,5,8,55,204,0.469221871529187,0,0,0,1
2,1,5,9,48,193,0.418211720266163,0,0,0,1
2,1,5,10,50,200,0.465056841386586,0,0,0,1
2,1,5,11,49,193,0.3713010893336,0,0,0,1
2,1,5,12,54,198,0.406583653648637,0,0,0,1
2,1,5,13,54,199,0.429386316825968,0,0,0,1
2,1,5,14,57,195,0.404275830928931,0,0,0,1
2,1,5,15,56,203,0.387702555430141,0,0,0,1
2,1,5,16,60,197,0.361767451896458,0,0,0,1
2,1,5,17,52,199,0.468496183016578,0,0,0,1
2,1,5,18,56,198,0.385442210810159,0,0,0,1
2,1,5,19,54,201,0.424919911092823,0,0,0,1
2,1,5,20,56,202,0.399561547159211,0,0,0,1
2,1,5,21,51,199,0.423890867466743,0,0,0,1
2,1,5,22,54,202,0.462569036600938,0,0,0,1
2,1,5,23,60,204,0.371453480632314,0,0,0,1
2,1,5,24,59,207,0.422587193448357,0,0,0,1
2,1,5,25,58,202,0.393128984468077,0,0,0,1
2,1,5,26,54,194,0.360847143748019,0,0,0,1
2,1,5,27,54,196,0.418633438861931,0,0,0,1
2,1,5,28,53,201,0.467268533976832,0,0,0,1
2,1,5,29,55,192,0.368156426005955,0,0,0,1
2,1,5,30,57,205,0.392057480991222,0,0,0,1
2,1,6,1,57,205,0.42827296966113,0,0,0,1
2,1,6,2,55,204,0.418405073681887,0,0,0,1
2,1,6,3,57,205,0.380407920685786,0,0,0,1
2,1,6,4,56,204,0.451564828080032,0,0,0,1
2,1,6,5,49,194,0.400495894484661,0,0,0,1
2,1,6,6,56,203,0.447984708886662,0,0,0,1
2,1,6,7,55,202,0.440388707503918,0,0,0,1
2,1,6,8,59,206,0.39304044150637,0,0,0,1
2,1,6,9,55,201,0.414463572492212,0,0,0,1
2,1,6,10,56,207,0.42901482723605,0,0,0,1
2,1,6,11,55,203,0.397365492101633,0,0,0,1
2,1,6,12,53,198,0.368346537248827,0,0,0,1
2,1,6,13,51,200,0.429880622564809,0,0,0,1
2,1,6,14,53,197,0.392708731058432,0,0,0,1
2,1,6,15,56,200,0.377964359837518,0,0,0,1
2,1,6,16,54,199,0.390512737249172,0,0,0,1
2,1,6,17,54,197,0.399922447748417,0,0,0,1
2,1,6,18,53,195,0.395309750770583,0,0,0,1
2,1,6,19,52,198,0.44498103033956,0,0,0,1
2,1,6,20,55,205,0.431723595435268,0,0,0,1
2,1,6,21,54,201,0.448817224365403,0,0,0,1
2,1,6,22,55,201,0.415106809430305,0,0,0,1
2,1,6,23,56,202,0.410440545366699,0,0,0,1
2,1,6,24,53,196,0.423078930412992,0,0,0,1
2,1,6,25,52,203,0.503855481512916,0,0,0,1
2,1,6,26,55,205,0.406739414504595,0,0,0,1
2,1,6,27,57,203,0.416926037756159,0,0,0,1
2,1,6,28,55,199,0.39510828470902,0,0,0,1
2,1,6,29,50,200,0.444135900006868,0,0,0,1
2,1,6,30,55,204,0.407039650356948,0,0,0,1
2,1,7,1,55,201,0.42051739319661,0,0,0,1
2,1,7,2,57,207,0.438233664204215,0,0,0,1
2,1,7,3,56,198,0.400695675311987,0,0,0,1
2,1,7,4,56,201,0.45270470750899,0,0,0,1
2,1,7,5,54,195,0.432249621781294,0,0,0,1
2,1,7,6,56,205,0.425145139617924,0,0,0,1
2,1,7,7,57,204,0.446489929289775,0,0,0,1
2,1,7,8,54,199,0.441333752775557,0,0,0,1
2,1,7,9,60,204,0.406067133896962,0,0,0,1
2,1,7,10,58,202,0.390984513427449,0,0,0,1
2,1,7,11,55,200,0.430452004442929,0,0,0,1
2,1,7,12,52,197,0.393803075310598,0,0,0,1
2,1,7,13,58,206,0.424204954934632,0,0,0,1
2,1,7,14,58,206,0.418091641372627,0,0,0,1
2,1,7,15,58,196,0.384078602602197,0,0,0,1
2,1,7,16,56,199,0.415033965314197,0,0,0,1
2,1,7,17,54,199,0.410255017330137,0,0,0,1
2,1,7,18,56,199,0.404239019758039,0,0,0,1
2,1,7,19,55,201,0.43349050494049,0,0,0,1
2,1,7,20,56,198,0.405249621848676,0,0,0,1
2,1,7,21,56,203,0.427344875662351,0,0,0,1
2,1,7,22,53,200,0.415783422485386,0,0,0,1
2,1,7,23,57,207,0.42606867442864,0,0,0,1
2,1,7,24,60,213,0.442019780978455,0,0,0,1
2,1,7,25,53,199,0.415695973802555,0,0,0,1
2,1,7,26,57,199,0.414978798558413,0,0,0,1
2,1,7,27,57,203,0.445652536698327,0,0,0,1
2,1,7,28,54,198,0.417680493582048,0,0,0,1
2,1,7,29,56,200,0.411759310445703,0,0,0,1
2,1,7,30,56,200,0.404498995471585,0,0,0,1
2,1,8,1,51,196,0.451248815442303,0,0,0,1
2,1,8,2,53,193,0.425637322598082,0,0,0,1
2,1,8,3,54,195,0.415989013784842,0,0,0,1
2,1,8,4,58,201,0.407152600134508,0,0,0,1
2,1,8,5,52,193,0.44362458491872,0,0,0,1
2,1,8,6,56,199,0.422654507523526,0,0,0,1
2,1,8,7,59,200,0.385557725149266,0,0,0,1
2,1,8,8,55,203,0.431292871741009,0,0,0,1
2,1,8,9,55,200,0.426840393562293,0,0,0,1
2,1,8,10,59,202,0.410931438446088,0,0,0,1
2,1,8,11,55,199,0.424938778262293,0,0,0,1
2,1,8,12,66,204,0.373327317559026,0,0,0,1
2,1,8,13,59,199,0.396048130446601,0,0,0,1
2,1,8,14,49,192,0.404839332508026,0,0,0,1
2,1,8,15,62,205,0.425617751474209,0,0,0,1
2,1,8,16,52,192,0.40479402062012,0,0,0,1
2,1,8,17,51,199,0.420680577176215,0,0,0,1
2,1,8,18,51,197,0.476896026412519,0,0,0,1
2,1,8,19,52,195,0.431596852335098,0,0,0,1
2,1,8,20,57,201,0.41713319189457,0,0,0,1
2,1,8,21,58,201,0.375802896875308,0,0,0,1
2,1,8,22,57,200,0.442365348883001,0,0,0,1
2,1,8,23,57,200,0.459483261429832,0,0,0,1
2,1,8,24,55,195,0.405490742176913,0,0,0,1
2,1,8,25,53,194,0.426626510945043,0,0,0,1
2,1,8,26,54,197,0.442262086127722,0,0,0,1
2,1,8,27,58,201,0.450013623876363,0,0,0,1
2,1,8,28,54,198,0.370234708858638,0,0,0,1
2,1,8,29,58,201,0.400353926836767,0,0,0,1
2,1,8,30,55,199,0.441815517195442,0,0,0,1
2,2,1,1,59,199,0.406484437045348,0,0,0,1
2,2,1,2,50,204,0.531406192514948,0,0,0,1
2,2,1,3,52,196,0.44316760267768,0,0,0,1
2,2,1,4,59,211,0.499579924016244,0,0,0,1
2,2,1,5,52,200,0.449342079004122,0,0,0,1
2,2,1,6,54,200,0.386143952579871,0,0,0,1
2,2,1,7,52,198,0.447838254482218,0,0,0,1
2,2,1,8,54,193,0.369780693591107,0,0,0,1
2,2,1,9,60,203,0.390201743350425,0,0,0,1
2,2,1,10,59,197,0.378507299694724,0,0,0,1
2,2,1,11,52,194,0.447017679941968,0,0,0,1
2,2,1,12,63,211,0.419437130273817,0,0,0,1
2,2,1,13,56,204,0.517414826674712,0,0,0,1
2,2,1,14,57,209,0.515454475259844,0,0,0,1
2,2,1,15,61,197,0.360639305137773,0,0,0,1
2,2,1,16,52,199,0.469589965460292,0,0,0,1
2,2,1,17,54,195,0.39378712815774,0,0,0,1
2,2,1,18,51,198,0.476818490991687,0,0,0,1
2,2,1,19,55,200,0.490810764092576,0,0,0,1
2,2,1,20,60,198,0.352556475686857,0,0,0,1
2,2,1,21,54,194,0.358141276448178,0,0,0,1
2,2,1,22,61,206,0.43320836322989,0,0,0,1
2,2,1,23,55,205,0.440397677057337,0,0,0,1
2,2,1,24,52,192,0.406486105075183,0,0,0,1
2,2,1,25,54,199,0.459416699908164,0,0,0,1
2,2,1,26,59,207,0.412260850496134,0,0,0,1
2,2,1,27,54,190,0.348149736339711,0,0,0,1
2,2,1,28,54,205,0.488236529728271,0,0,0,1
2,2,1,29,60,200,0.391885106252808,0,0,0,1
2,2,1,30,58,200,0.448929613660171,0,0,0,1
2,2,2,1,56,203,0.437749048899123,0,0,0,1
2,2,2,2,57,204,0.38620512829705,0,0,0,1
2,2,2,3,55,200,0.427761598990933,0,0,0,1
2,2,2,4,55,198,0.383382288032535,0,0,0,1
2,2,2,5,52,197,0.428589413240679,0,0,0,1
2,2,2,6,56,204,0.433972116179639,0,0,0,1
2,2,2,7,59,199,0.420150201781835,0,0,0,1
2,2,2,8,59,199,0.386483342551911,0,0,0,1
2,2,2,9,57,201,0.418406098831287,0,0,0,1
2,2,2,10,58,202,0.437451876913154,0,0,0,1
2,2,2,11,58,196,0.367991054580335,0,0,0,1
2,2,2,12,56,200,0.421129128228996,0,0,0,1
2,2,2,13,50,190,0.401263652273462,0,0,0,1
2,2,2,14,57,202,0.40638657102708,0,0,0,1
2,2,2,15,61,204,0.398695410132668,0,0,0,1
2,2,2,16,54,197,0.451375016740881,0,0,0,1
2,2,2,17,54,195,0.399967477887398,0,0,0,1
2,2,2,18,57,201,0.392893072900749,0,0,0,1
2,2,2,19,58,205,0.384710118173029,0,0,0,1
2,2,2,20,56,200,0.424722568429852,0,0,0,1
2,2,2,21,53,191,0.430810368534468,0,0,0,1
2,2,2,22,52,193,0.449289360165127,0,0,0,1
2,2,2,23,53,198,0.417731212866225,0,0,0,1
2,2,2,24,57,200,0.391184119317423,0,0,0,1
2,2,2,25,59,203,0.429103378738303,0,0,0,1
2,2,2,26,54,199,0.42473453253791,0,0,0,1
2,2,2,27,57,199,0.444344173085799,0,0,0,1
2,2,2,28,59,213,0.386636474657943,0,0,0,1
2,2,2,29,53,193,0.426594785268087,0,0,0,1
2,2,2,30,57,202,0.428678573823056,0,0,0,1
2,2,3,1,52,193,0.350830710372105,0,0,0,1
2,2,3,2,56,202,0.430754708881272,0,0,0,1
2,2,3,3,49,196,0.419883265544744,0,0,0,1
2,2,3,4,57,203,0.411198051655846,0,0,0,1
2,2,3,5,55,198,0.404474351381004,0,0,0,1
2,2,3,6,52,191,0.353430834054181,0,0,0,1
2,2,3,7,55,203,0.468644583266164,0,0,0,1
2,2,3,8,51,197,0.410880682308984,0,0,0,1
2,2,3,9,54,205,0.400726388908848,0,0,0,1
2,2,3,10,51,204,0.422462423887091,0,0,0,1
2,2,3,11,54,206,0.492190563555836,0,0,0,1
2,2,3,12,55,204,0.39617927744632,0,0,0,1
2,2,3,13,48,196,0.4533041996043,0,0,0,1
2,2,3,14,51,201,0.372814838506185,0,0,0,1
2,2,3,15,55,207,0.461039824391139,0,0,0,1
2,2,3,16,53,198,0.394156331531143,0,0,0,1
2,2,3,17,54,203,0.380543544210456,0,0,0,1
2,2,3,18,55,200,0.396733722321849,0,0,0,1
2,2,3,19,55,207,0.440813472347861,0,0,0,1
2,2,3,20,53,200,0.39170648051143,0,0,0,1
2,2,3,21,54,206,0.438362156799647,0,0,0,1
2,2,3,22,50,199,0.425500296049632,0,0,0,1
2,2,3,23,56,210,0.444381882059837,0,0,0,1
2,2,3,24,56,209,0.440335753776158,0,0,0,1
2,2,3,25,58,202,0.382397735685002,0,0,0,1
2,2,3,26,52,204,0.444332783465367,0,0,0,1
2,2,3,27,57,210,0.469198832191168,0,0,0,1
2,2,3,28,56,202,0.417684110643011,0,0,0,1
2,2,3,29,51,198,0.451342053645306,0,0,0,1
2,2,3,30,52,200,0.417757104998946,0,0,0,1
2,2,4,1,47,190,0.40107318170561,0,0,0,1
2,2,4,2,63,210,0.387027548646563,0,0,0,1
2,2,4,3,58,200,0.385604456674457,0,0,0,1
2,2,4,4,53,197,0.39476556084391,0,0,0,1
2,2,4,5,60,193,0.33722470836468,0,0,0,1
2,2,4,6,54,199,0.473328731755513,0,0,0,1
2,2,4,7,48,198,0.37578062740355,0,0,0,1
2,2,4,8,61,193,0.369766716251495,0,0,0,2
2,2,4,9,64,200,0.386387979156448,0,0,0,1
2,2,4,10,54,198,0.412595216643232,0,0,0,1
2,2,4,11,64,217,0.458082295742979,0,0,0,1
2,2,4,12,56,205,0.476548755801292,0,0,0,1
2,2,4,13,47,182,0.351199126056812,0,0,0,1
2,2,4,14,61,207,0.425560783410519,0,0,0,1
2,2,4,15,66,209,0.388413490995573,0,0,0,1
2,2,4,16,58,204,0.418989763435435,0,0,0,1
2,2,4,17,63,203,0.366233755986212,0,0,0,1
2,2,4,18,61,198,0.318089187067405,0,0,0,1
2,2,4,19,59,195,0.37719132833646,0,0,0,1
2,2,4,20,63,212,0.393932952359904,0,0,0,1
2,2,4,21,58,203,0.459135835311862,0,0,0,1
2,2,4,22,53,192,0.408453665806301,0,0,0,1
2,2,4,23,52,193,0.359393526453762,0,0,0,1
2,2,4,24,51,192,0.35575797306719,0,0,0,1
2,2,4,25,61,198,0.39332502893796,0,0,0,1
2,2,4,26,57,203,0.446717017070782,0,0,0,1
2,2,4,27,54,200,0.483466893362573,0,0,0,1
2,2,4,28,56,198,0.413760706105857,0,0,0,1
2,2,4,29,52,207,0.476468071410318,0,0,0,1
2,2,4,30,64,205,0.39065290974651,0,0,0,1
2,2,5,1,54,198,0.473469832583871,0,0,0,1
2,2,5,2,60,203,0.342200761847862,0,0,0,1
2,2,5,3,47,188,0.426821129680726,0,0,0,1
2,2,5,4,53,190,0.352818911448513,0,0,0,1
2,2,5,5,55,203,0.449728841667578,0,0,0,1
2,2,5,6,54,199,0.467667198259549,0,0,0,1
2,2,5,7,50,190,0.362884191978343,0,0,0,1
2,2,5,8,53,202,0.5002269360014,0,0,0,1
2,2,5,9,47,192,0.412073709504494,0,0,0,1
2,2,5,10,50,201,0.49795110925059,0,0,0,1
2,2,5,11,44,184,0.336454305751646,0,0,0,1
2,2,5,12,53,194,0.412655669808465,0,0,0,1
2,2,5,13,54,200,0.448905345737297,0,0,0,1
2,2,5,14,57,194,0.400083666125547,0,0,0,1
2,2,5,15,60,209,0.36590008520429,0,0,0,1
2,2,5,16,61,194,0.3337012509947,0,0,0,1
2,2,5,17,52,201,0.492811726283187,0,0,0,1
2,2,5,18,55,197,0.380687308239146,0,0,0,1
2,2,5,19,52,196,0.418472276889828,0,0,0,1
2,2,5,20,54,197,0.375943665098409,0,0,0,1
2,2,5,21,51,197,0.425734953365505,0,0,0,1
2,2,5,22,55,205,0.479241977271253,0,0,0,1
2,2,5,23,62,205,0.344200712120574,0,0,0,1
2,2,5,24,58,206,0.42559998060048,0,0,0,1
2,2,5,25,58,205,0.389263335632514,0,0,0,1
2,2,5,26,52,188,0.3384325454825,0,0,0,1
2,2,5,27,53,195,0.421396100449753,0,0,0,1
2,2,5,28,52,199,0.476816764857505,0,0,0,1
2,2,5,29,56,189,0.316918057265816,0,0,0,1
2,2,5,30,55,203,0.393580633571035,0,0,0,1
2,2,6,1,56,205,0.454727691485412,0,0,0,1
2,2,6,2,53,202,0.43673917439483,0,0,0,1
2,2,6,3,59,211,0.360575193108013,0,0,0,1
2,2,6,4,54,201,0.448363339154398,0,0,0,1
2,2,6,5,48,194,0.427058948341394,0,0,0,1
2,2,6,6,54,202,0.489001191728137,0,0,0,1
2,2,6,7,53,198,0.425292928653356,0,0,0,1
2,2,6,8,61,212,0.399411774664893,0,0,0,1
2,2,6,9,54,198,0.394408243416204,0,0,0,1
2,2,6,10,58,210,0.4270485613879,0,0,0,1
2,2,6,11,53,202,0.405854629105702,0,0,0,1
2,2,6,12,50,190,0.330835471272785,0,0,0,1
2,2,6,13,51,199,0.426829586639584,0,0,0,1
2,2,6,14,51,193,0.390520066603301,0,0,0,1
2,2,6,15,54,202,0.379987073165962,0,0,0,1
2,2,6,16,53,197,0.399572132867162,0,0,0,1
2,2,6,17,52,194,0.389689418471421,0,0,0,1
2,2,6,18,53,195,0.387250270729948,0,0,0,1
2,2,6,19,50,194,0.450370561103388,0,0,0,1
2,2,6,20,56,206,0.419114327596043,0,0,0,1
2,2,6,21,54,202,0.46727218440267,0,0,0,1
2,2,6,22,55,201,0.410398688061393,0,0,0,1
2,2,6,23,56,199,0.385835216019862,0,0,0,1
2,2,6,24,54,199,0.435721826111996,0,0,0,1
2,2,6,25,52,203,0.54422513229152,0,0,0,1
2,2,6,26,57,208,0.430387246692827,0,0,0,1
2,2,6,27,56,203,0.43590433761239,0,0,0,1
2,2,6,28,55,198,0.395297438250962,0,0,0,1
2,2,6,29,47,194,0.449257887651501,0,0,0,1
2,2,6,30,54,201,0.400384005504793,0,0,0,1
2,2,7,1,55,200,0.405890863774146,0,0,0,1
2,2,7,2,57,213,0.448523303845275,0,0,0,1
2,2,7,3,56,200,0.396529662777864,0,0,0,1
2,2,7,4,54,200,0.478300007152931,0,0,0,1
2,2,7,5,52,192,0.453114974183697,0,0,0,1
2,2,7,6,56,206,0.430848597756986,0,0,0,1
2,2,7,7,55,203,0.463982601979413,0,0,0,1
2,2,7,8,54,200,0.452558661523441,0,0,0,1
2,2,7,9,61,204,0.404832298890466,0,0,0,1
2,2,7,10,60,201,0.358486112344648,0,0,0,1
2,2,7,11,56,203,0.438780346593794,0,0,0,1
2,2,7,12,47,191,0.405705194269446,0,0,0,1
2,2,7,13,60,212,0.450628613639372,0,0,0,1
2,2,7,14,58,209,0.431387795578753,0,0,0,1
2,2,7,15,57,193,0.370872439625309,0,0,0,1
2,2,7,16,54,199,0.432791636015209,0,0,0,1
2,2,7,17,55,199,0.40121884393023,0,0,0,1
2,2,7,18,54,197,0.396332801887877,0,0,0,1
2,2,7,19,55,202,0.449803182296579,0,0,0,1
2,2,7,20,55,196,0.407018336627346,0,0,0,1
2,2,7,21,56,202,0.423676223945057,0,0,0,1
2,2,7,22,52,197,0.419892267968135,0,0,0,1
2,2,7,23,57,207,0.416386708354952,0,0,0,1
2,2,7,24,61,218,0.446404389467572,0,0,0,1
2,2,7,25,51,196,0.405544713105902,0,0,0,1
2,2,7,26,56,197,0.40781909020689,0,0,0,1
2,2,7,27,56,203,0.460437776204268,0,0,0,1
2,2,7,28,55,199,0.416157065117767,0,0,0,1
2,2,7,29,57,201,0.414916876692634,0,0,0,1
2,2,7,30,57,200,0.393805098303551,0,0,0,1
2,2,8,1,50,197,0.45786542697447,0,0,0,1
2,2,8,2,53,190,0.406153373151011,0,0,0,1
2,2,8,3,53,192,0.420938663486946,0,0,0,1
2,2,8,4,58,201,0.415910781001304,0,0,0,1
2,2,8,5,52,191,0.440207578634639,0,0,0,1
2,2,8,6,56,199,0.414561787402953,0,0,0,1
2,2,8,7,60,200,0.363850612758563,0,0,0,1
2,2,8,8,53,200,0.447597287441634,0,0,0,1
2,2,8,9,55,201,0.405754113264757,0,0,0,1
2,2,8,10,61,204,0.400519634429606,0,0,0,1
2,2,8,11,54,198,0.451088047046806,0,0,0,1
2,2,8,12,64,204,0.365556934756959,0,0,0,1
2,2,8,13,59,199,0.389647089124064,0,0,0,1
2,2,8,14,48,188,0.375463741150881,0,0,0,1
2,2,8,15,66,208,0.417615783384386,0,0,0,1
2,2,8,16,51,188,0.384562468575529,0,0,0,1
2,2,8,17,50,198,0.431297617622782,0,0,0,1
2,2,8,18,51,198,0.499568195786473,0,0,0,1
2,2,8,19,50,192,0.445715536993468,0,0,0,1
2,2,8,20,59,204,0.417492520119275,0,0,0,1
2,2,8,21,60,203,0.361727945678627,0,0,0,1
2,2,8,22,56,200,0.4423711277861,0,0,0,1
2,2,8,23,58,200,0.462029640431703,0,0,0,1
2,2,8,24,54,193,0.413194774755718,0,0,0,1
2,2,8,25,52,193,0.451852193919202,0,0,0,1
2,2,8,26,54,196,0.438733411217473,0,0,0,1
2,2,8,27,59,202,0.455707131095066,0,0,0,1
2,2,8,28,55,197,0.342401039274893,0,0,0,1
2,2,8,29,56,199,0.411486109988592,0,0,0,1
2,2,8,30,54,197,0.446938204664959,0,0,0,1
2,3,1,1,45,181,0.272536523605438,0,0,0,1
2,3,1,2,38,183,0.335513628292169,0,0,0,1
2,3,1,3,38,177,0.30047259976886,0,0,0,1
2,3,1,4,44,192,0.322041750534258,0,0,0,1
2,3,1,5,40,182,0.305076248228861,0,0,0,1
2,3,1,6,37,178,0.26838678704275,0,0,0,1
2,3,1,7,38,180,0.295271496323885,0,0,0,1
2,3,1,8,39,174,0.259015298054044,0,0,0,2
2,3,1,9,42,182,0.263824432371089,0,0,0,1
2,3,1,10,45,183,0.27779970592974,0,0,0,1
2,3,1,11,40,179,0.311797283264281,0,0,0,1
2,3,1,12,46,193,0.270373617671009,0,0,0,1
2,3,1,13,45,187,0.331194211125229,0,0,0,1
2,3,1,14,43,189,0.30964063365002,0,0,0,1
2,3,1,15,45,180,0.241245241955183,0,0,0,1
2,3,1,16,40,182,0.319742815709151,0,0,0,1
2,3,1,17,39,173,0.253530646460051,0,0,0,1
2,3,1,18,38,176,0.309446498747786,0,0,0,1
2,3,1,19,43,184,0.318680855185343,0,0,0,1
2,3,1,20,41,179,0.247941034720259,0,0,0,1
2,3,1,21,39,173,0.245204935936784,0,0,0,1
2,3,1,22,47,191,0.280544457299524,0,0,0,1
2,3,1,23,41,186,0.291943663866563,0,0,0,1
2,3,1,24,39,176,0.278327556846323,0,0,0,2
2,3,1,25,41,185,0.321214586825243,0,0,0,1
2,3,1,26,42,182,0.258666942321839,0,0,0,1
2,3,1,27,39,172,0.259722153222112,0,0,0,1
2,3,1,28,42,190,0.333521358612797,0,0,0,1
2,3,1,29,42,183,0.273506947012849,0,0,0,1
2,3,1,30,42,180,0.299174937085629,0,0,0,1
2,3,2,1,43,195,0.335829685621148,0,0,0,1
2,3,2,2,42,197,0.325713610619308,0,0,0,1
2,3,2,3,43,192,0.335443380290112,0,0,0,1
2,3,2,4,42,190,0.318788863088954,0,0,0,1
2,3,2,5,41,191,0.353979319068387,0,0,0,1
2,3,2,6,42,193,0.332316219508625,0,0,0,1
2,3,2,7,45,192,0.33822397381662,0,0,0,1
2,3,2,8,45,191,0.322742395950061,0,0,0,1
2,3,2,9,43,193,0.330251791278887,0,0,0,1
2,3,2,10,46,194,0.340839197582609,0,0,0,1
2,3,2,11,41,186,0.299493066036752,0,0,0,1
2,3,2,12,44,193,0.330381243103199,0,0,0,1
2,3,2,13,41,186,0.32705047323473,0,0,0,1
2,3,2,14,42,193,0.317412934259073,0,0,0,1
2,3,2,15,44,194,0.332796932114816,0,0,0,1
2,3,2,16,41,191,0.342238071730642,0,0,0,1
2,3,2,17,41,185,0.323629614718218,0,0,0,1
2,3,2,18,42,191,0.318070669612888,0,0,0,1
2,3,2,19,43,200,0.334002247872507,0,0,0,1
2,3,2,20,44,194,0.344192393434719,0,0,0,1
2,3,2,21,41,183,0.337701540923554,0,0,0,1
2,3,2,22,41,187,0.349507751774057,0,0,0,1
2,3,2,23,41,189,0.336866730024462,0,0,0,1
2,3,2,24,44,197,0.335686602418398,0,0,0,1
2,3,2,25,45,194,0.334621094787665,0,0,0,1
2,3,2,26,43,195,0.342255147069054,0,0,0,1
2,3,2,27,44,193,0.349658137927702,0,0,0,1
2,3,2,28,43,203,0.318053826916383,0,0,0,1
2,3,2,29,41,183,0.321213268665515,0,0,0,1
2,3,2,30,43,193,0.332015548059534,0,0,0,1
2,3,3,1,41,184,0.246987361197199,0,0,0,1
2,3,3,2,43,187,0.272077888276015,0,0,0,1
2,3,3,3,37,181,0.269370493610953,0,0,0,1
2,3,3,4,43,189,0.261320224493106,0,0,0,1
2,3,3,5,41,182,0.275295984098975,0,0,0,1
2,3,3,6,37,176,0.237175042998901,0,0,0,1
2,3,3,7,45,192,0.32154275938697,0,0,0,1
2,3,3,8,37,182,0.263017465962161,0,0,0,1
2,3,3,9,39,187,0.253991735501909,0,0,0,1
2,3,3,10,40,192,0.276085493318312,0,0,0,1
2,3,3,11,42,192,0.315600867859407,0,0,0,1
2,3,3,12,41,188,0.254685701133034,0,0,0,1
2,3,3,13,38,181,0.282721283973773,0,0,0,1
2,3,3,14,35,182,0.23147394480357,0,0,0,1
2,3,3,15,43,193,0.296335576811272,0,0,0,1
2,3,3,16,40,185,0.267200666069353,0,0,0,1
2,3,3,17,39,186,0.236577062340263,0,0,0,1
2,3,3,18,41,184,0.253297348117713,0,0,0,1
2,3,3,19,41,190,0.273662404606799,0,0,0,1
2,3,3,20,40,185,0.262540074977954,0,0,0,1
2,3,3,21,41,188,0.28130660621424,0,0,0,1
2,3,3,22,38,181,0.274617553415275,0,0,0,1
2,3,3,23,41,191,0.275393361461114,0,0,0,1
2,3,3,24,43,191,0.268499326652957,0,0,0,1
2,3,3,25,43,190,0.259038721550842,0,0,0,1
2,3,3,26,40,188,0.291904097879775,0,0,0,1
2,3,3,27,47,197,0.28914694289479,0,0,0,1
2,3,3,28,43,191,0.277243328042604,0,0,0,1
2,3,3,29,40,181,0.284270352671035,0,0,0,1
2,3,3,30,41,187,0.275305414037656,0,0,0,1
2,3,4,1,34,175,0.284200258033108,0,0,0,1
2,3,4,2,45,189,0.276466960274764,0,0,0,1
2,3,4,3,40,182,0.261708768407555,0,0,0,1
2,3,4,4,39,184,0.278354588490974,0,0,0,1
2,3,4,5,46,175,0.205609001658306,0,0,0,2
2,3,4,6,41,182,0.311556479505289,0,0,0,1
2,3,4,7,32,179,0.271159876274119,0,0,0,1
2,3,4,8,47,178,0.243947847748113,0,0,0,2
2,3,4,9,45,183,0.271209448395545,0,0,0,1
2,3,4,10,41,187,0.281574084354724,0,0,0,1
2,3,4,11,46,196,0.302015872179865,0,0,0,1
2,3,4,12,42,189,0.315706231777289,0,0,0,1
2,3,4,13,35,166,0.253350315820967,0,0,0,1
2,3,4,14,46,191,0.285230820401378,0,0,0,1
2,3,4,15,47,191,0.26004247738398,0,0,0,1
2,3,4,16,43,183,0.250224676936467,0,0,0,1
2,3,4,17,44,182,0.239664279702441,0,0,0,1
2,3,4,18,44,184,0.216630681856454,0,0,0,2
2,3,4,19,45,178,0.250364510023449,0,0,0,1
2,3,4,20,46,191,0.252010458128543,0,0,0,1
2,3,4,21,44,191,0.337835036116034,0,0,0,1
2,3,4,22,40,174,0.251122642557381,0,0,0,2
2,3,4,23,36,173,0.246263017548457,0,0,0,1
2,3,4,24,36,175,0.255097142306432,0,0,0,1
2,3,4,25,48,184,0.254355733492408,0,0,0,1
2,3,4,26,44,189,0.294823462214893,0,0,0,1
2,3,4,27,41,185,0.324341818294665,0,0,0,1
2,3,4,28,41,180,0.284921953295856,0,0,0,1
2,3,4,29,38,188,0.310808670348189,0,0,0,1
2,3,4,30,47,188,0.261524611805178,0,0,0,1
2,3,5,1,45,195,0.333197385531566,0,0,0,1
2,3,5,2,47,198,0.252365170044027,0,0,0,1
2,3,5,3,39,186,0.307246716367688,0,0,0,1
2,3,5,4,42,185,0.259522870865408,0,0,0,1
2,3,5,5,45,201,0.333404023972166,0,0,0,1
2,3,5,6,45,198,0.348902655029085,0,0,0,1
2,3,5,7,40,188,0.253470926451406,0,0,0,1
2,3,5,8,47,204,0.358404549565989,0,0,0,1
2,3,5,9,38,188,0.309224693863396,0,0,0,1
2,3,5,10,40,198,0.354179337030796,0,0,0,1
2,3,5,11,36,187,0.262054973925196,0,0,0,1
2,3,5,12,43,194,0.29624892320028,0,0,0,1
2,3,5,13,44,197,0.318999863461119,0,0,0,1
2,3,5,14,48,192,0.294517604162337,0,0,0,1
2,3,5,15,46,202,0.277751983769601,0,0,0,1
2,3,5,16,51,193,0.251895023500689,0,0,0,1
2,3,5,17,43,197,0.358251584544205,0,0,0,1
2,3,5,18,45,196,0.276017729295039,0,0,0,1
2,3,5,19,43,200,0.314337945234075,0,0,0,1
2,3,5,20,46,200,0.288714229234703,0,0,0,1
2,3,5,21,41,198,0.314116629245512,0,0,0,1
2,3,5,22,46,202,0.352996915743354,0,0,0,1
2,3,5,23,50,202,0.260796110380118,0,0,0,1
2,3,5,24,50,208,0.312131881057476,0,0,0,1
2,3,5,25,48,200,0.282302044507951,0,0,0,1
2,3,5,26,43,189,0.2514245747591,0,0,0,1
2,3,5,27,44,192,0.308353895353374,0,0,0,1
2,3,5,28,44,199,0.355947310994996,0,0,0,1
2,3,5,29,44,187,0.259048706007561,0,0,0,1
2,3,5,30,46,204,0.281113831088106,0,0,0,1
2,3,6,1,44,192,0.285076065551671,0,0,0,1
2,3,6,2,42,190,0.273531236337693,0,0,0,1
2,3,6,3,41,189,0.251464275080428,0,0,0,1
2,3,6,4,42,193,0.304105946991103,0,0,0,1
2,3,6,5,35,176,0.274382222435066,0,0,0,2
2,3,6,6,43,192,0.303384100091702,0,0,0,2
2,3,6,7,42,189,0.299586603054416,0,0,0,2
2,3,6,8,44,192,0.260682823909025,0,0,0,2
2,3,6,9,40,185,0.281205911651035,0,0,0,2
2,3,6,10,43,192,0.293007054415799,0,0,0,1
2,3,6,11,41,187,0.261854885593144,0,0,0,1
2,3,6,12,36,178,0.248514679270013,0,0,0,1
2,3,6,13,39,185,0.294206887231323,0,0,0,1
2,3,6,14,38,180,0.264564444330334,0,0,0,1
2,3,6,15,39,184,0.251825806307996,0,0,0,2
2,3,6,16,40,184,0.260348899168068,0,0,0,2
2,3,6,17,41,183,0.261881667214115,0,0,0,1
2,3,6,18,40,179,0.261462902963537,0,0,0,2
2,3,6,19,40,184,0.305262792291361,0,0,0,2
2,3,6,20,42,192,0.286884225044759,0,0,0,1
2,3,6,21,41,188,0.310654541905235,0,0,0,1
2,3,6,22,41,187,0.278785218657328,0,0,0,1
2,3,6,23,42,189,0.269029063240393,0,0,0,1
2,3,6,24,39,181,0.286806530182741,0,0,0,2
2,3,6,25,42,192,0.353707750159882,0,0,0,1
2,3,6,26,41,189,0.268296198184047,0,0,0,1
2,3,6,27,43,189,0.278174792808784,0,0,0,2
2,3,6,28,43,185,0.260900413019992,0,0,0,1
2,3,6,29,38,185,0.299535232673742,0,0,0,1
2,3,6,30,42,189,0.267766472293957,0,0,0,1
2,3,7,1,39,192,0.334042991345579,0,0,0,1
2,3,7,2,40,193,0.34351057790343,0,0,0,1
2,3,7,3,40,187,0.307519491072177,0,0,0,1
2,3,7,4,41,194,0.367398790487019,0,0,0,1
2,3,7,5,42,189,0.348356009428377,0,0,0,1
2,3,7,6,40,194,0.330685629856654,0,0,0,1
2,3,7,7,40,191,0.353164346509554,0,0,0,1
2,3,7,8,40,189,0.350391719974935,0,0,0,1
2,3,7,9,44,198,0.314650701654928,0,0,0,1
2,3,7,10,42,192,0.29825578383482,0,0,0,1
2,3,7,11,41,191,0.34083120146539,0,0,0,1
2,3,7,12,38,187,0.309356963850342,0,0,0,1
2,3,7,13,42,197,0.336523889083023,0,0,0,1
2,3,7,14,40,193,0.325916416252709,0,0,0,1
2,3,7,15,40,184,0.303024416189262,0,0,0,1
2,3,7,16,41,194,0.334221390793968,0,0,0,1
2,3,7,17,40,189,0.321683609926916,0,0,0,1
2,3,7,18,40,189,0.312138422932032,0,0,0,1
2,3,7,19,42,193,0.344663667305401,0,0,0,1
2,3,7,20,40,188,0.317956091066949,0,0,0,1
2,3,7,21,40,192,0.334324813982422,0,0,0,1
2,3,7,22,39,189,0.324290717176669,0,0,0,1
2,3,7,23,39,193,0.333949220340318,0,0,0,1
2,3,7,24,44,199,0.343012370933607,0,0,0,1
2,3,7,25,37,187,0.327634951887805,0,0,0,1
2,3,7,26,41,186,0.325628639709236,0,0,0,1
2,3,7,27,43,198,0.365070800109897,0,0,0,1
2,3,7,28,40,191,0.329190764695506,0,0,0,1
2,3,7,29,39,188,0.324283514358208,0,0,0,1
2,3,7,30,41,189,0.314552059590129,0,0,0,1
2,3,8,1,40,194,0.312974806539133,0,0,0,1
2,3,8,2,41,190,0.291029883005405,0,0,0,1
2,3,8,3,43,192,0.278765887417387,0,0,0,1
2,3,8,4,47,202,0.269783508716781,0,0,0,1
2,3,8,5,41,189,0.304881647739561,0,0,0,1
2,3,8,6,44,199,0.286548401608389,0,0,0,1
2,3,8,7,47,198,0.244383394020081,0,0,0,1
2,3,8,8,43,204,0.297186520713845,0,0,0,1
2,3,8,9,42,198,0.282772056290827,0,0,0,1
2,3,8,10,50,201,0.265860768225862,0,0,0,1
2,3,8,11,43,198,0.282229259844816,0,0,0,1
2,3,8,12,54,206,0.24563017986048,0,0,0,1
2,3,8,13,46,197,0.266289616673012,0,0,0,1
2,3,8,14,36,186,0.264322210812807,0,0,0,1
2,3,8,15,53,208,0.283972169707001,0,0,0,1
2,3,8,16,39,186,0.26629043832377,0,0,0,1
2,3,8,17,38,197,0.279979257678681,0,0,0,1
2,3,8,18,41,194,0.33051968849833,0,0,0,1
2,3,8,19,40,192,0.292732523719577,0,0,0,1
2,3,8,20,45,200,0.275848564764913,0,0,0,1
2,3,8,21,46,202,0.24179223441877,0,0,0,1
2,3,8,22,47,199,0.299325652516536,0,0,0,1
2,3,8,23,48,200,0.317548270341385,0,0,0,1
2,3,8,24,42,190,0.267936378922563,0,0,0,1
2,3,8,25,41,190,0.28935935873568,0,0,0,1
2,3,8,26,43,194,0.298894175826692,0,0,0,1
2,3,8,27,48,200,0.306170048905846,0,0,0,1
2,3,8,28,41,197,0.234881448091853,0,0,0,1
2,3,8,29,46,203,0.26839795644973,0,0,0,1
2,3,8,30,44,197,0.298030306406338,0,0,0,1
2,4,1,1,55,188,0.201261787853944,0,0,0,1
2,4,1,2,42,198,0.328648160660071,0,0,0,1
2,4,1,3,43,183,0.243121052743164,0,0,0,1
2,4,1,4,55,212,0.295807870469252,0,0,0,1
2,4,1,5,44,189,0.245281468470532,0,0,0,1
2,4,1,6,42,188,0.184750071270461,0,0,0,1
2,4,1,7,44,188,0.248720609137012,0,0,0,1
2,4,1,8,44,173,0.16899423507268,0,0,0,1
2,4,1,9,53,193,0.183116503955956,0,0,0,1
2,4,1,10,54,182,0.174149226582258,0,0,0,2
2,4,1,11,44,181,0.246429639683894,0,0,0,1
2,4,1,12,58,210,0.211893161316147,0,0,0,1
2,4,1,13,51,198,0.313998884897035,0,0,0,2
2,4,1,14,52,208,0.3107529821895,0,0,0,1
2,4,1,15,57,182,0.155764332088419,0,0,0,2
2,4,1,16,45,190,0.26761761767851,0,0,0,1
2,4,1,17,45,178,0.192033309070935,0,0,0,1
2,4,1,18,43,188,0.276466590897227,0,0,0,1
2,4,1,19,50,193,0.28746386189551,0,0,0,1
2,4,1,20,52,184,0.150932546862299,0,0,0,1
2,4,1,21,45,173,0.157223757437287,0,0,0,1
2,4,1,22,57,201,0.226161916984676,0,0,0,1
2,4,1,23,46,197,0.23479883566593,0,0,0,1
2,4,1,24,43,177,0.208686300988407,0,0,0,2
2,4,1,25,45,190,0.259686335732155,0,0,0,1
2,4,1,26,55,200,0.204153341629072,0,0,0,1
2,4,1,27,45,165,0.149657734741313,0,0,0,1
2,4,1,28,48,199,0.28380359502939,0,0,0,1
2,4,1,29,52,191,0.190018502826059,0,0,0,1
2,4,1,30,52,191,0.244578411383382,0,0,0,1
2,4,2,1,55,213,0.259263909397456,0,0,0,1
2,4,2,2,59,212,0.208772968335354,0,0,0,1
2,4,2,3,56,213,0.250950089874518,0,0,0,1
2,4,2,4,55,205,0.198653231783775,0,0,0,1
2,4,2,5,51,202,0.250916634724746,0,0,0,1
2,4,2,6,52,213,0.254719302572634,0,0,0,1
2,4,2,7,59,204,0.237630908900041,0,0,0,1
2,4,2,8,63,208,0.201235433801971,0,0,0,1
2,4,2,9,60,215,0.240651410707307,0,0,0,1
2,4,2,10,60,211,0.259499369431508,0,0,0,1
2,4,2,11,60,201,0.179571721074967,0,0,0,2
2,4,2,12,56,212,0.242852107042177,0,0,0,1
2,4,2,13,46,190,0.2227430455499,0,0,0,1
2,4,2,14,58,213,0.223253732162117,0,0,0,1
2,4,2,15,64,214,0.215145954429358,0,0,0,1
2,4,2,16,54,208,0.276742707076447,0,0,0,1
2,4,2,17,54,199,0.217046997382644,0,0,0,1
2,4,2,18,55,207,0.2106915374807,0,0,0,1
2,4,2,19,58,216,0.206859242940942,0,0,0,1
2,4,2,20,56,206,0.244631578430409,0,0,0,1
2,4,2,21,52,196,0.255654950335842,0,0,0,1
2,4,2,22,51,199,0.274713115571132,0,0,0,1
2,4,2,23,53,205,0.238010399035043,0,0,0,1
2,4,2,24,58,208,0.209849340306018,0,0,0,1
2,4,2,25,61,212,0.249907450742192,0,0,0,1
2,4,2,26,53,208,0.248187283177614,0,0,0,1
2,4,2,27,59,210,0.267456444011031,0,0,0,1
2,4,2,28,67,240,0.221069772043517,0,0,0,1
2,4,2,29,54,200,0.253318541822949,0,0,0,1
2,4,2,30,59,217,0.25262938660757,0,0,0,2
2,4,3,1,48,579,0.13202070267014,0,0,0,2
2,4,3,2,60,196,0.180759439312845,0,0,0,2
2,4,3,3,45,183,0.168825448575622,0,0,0,2
2,4,3,4,69,198,0.161082305827267,0,0,0,2
2,4,3,5,58,478,0.173947058172194,0,0,0,2
2,4,3,6,52,551,0.186944475200012,0,0,0,2
2,4,3,7,63,199,0.219920111627781,0,0,0,1
2,4,3,8,37,184,0.172203612327661,0,0,0,2
2,4,3,9,45,532,0.18584067212139,0,0,0,2
2,4,3,10,50,195,0.168802546062612,0,0,0,1
2,4,3,11,56,200,0.233824583913108,0,0,0,1
2,4,3,12,43,477,0.158565986646152,0,0,0,2
2,4,3,13,43,182,0.199760462696852,0,0,0,1
2,4,3,14,25,178,0.163812972622053,0,0,0,1
2,4,3,15,52,201,0.204094762838066,0,0,0,1
2,4,3,16,46,189,0.14573911374151,0,0,0,2
2,4,3,17,49,599,0.155601575849483,0,1,0,1
2,4,3,18,53,190,0.150282143029307,0,0,0,2
2,4,3,19,49,201,0.186300353368321,0,0,0,1
2,4,3,20,43,186,0.143548801814903,0,0,0,1
2,4,3,21,55,199,0.186895183543388,0,0,0,2
2,4,3,22,50,189,0.174065721397305,0,0,0,1
2,4,3,23,54,209,0.189402616355944,0,0,0,1
2,4,3,24,57,207,0.185332078818935,0,0,0,1
2,4,3,25,66,599,0.146556265381793,0,1,0,1
2,4,3,26,50,197,0.188294364580637,0,0,0,1
2,4,3,27,66,207,0.216451569371869,0,0,0,1
2,4,3,28,58,195,0.16629227995395,0,0,0,2
2,4,3,29,52,186,0.196445015822245,0,0,0,1
2,4,3,30,55,192,0.166017365910144,0,0,0,1
2,4,4,1,35,168,0.203988817762354,0,0,0,1
2,4,4,2,61,203,0.180024680594461,0,0,0,1
2,4,4,3,51,187,0.18787732716038,0,0,0,1
2,4,4,4,43,180,0.192787734551103,0,0,0,2
2,4,4,5,57,467,0.141293108481766,0,0,0,2
2,4,4,6,47,188,0.272074627264123,0,0,0,1
2,4,4,7,34,178,0.174834554622023,0,0,0,1
2,4,4,8,67,562,0.243169738035517,0,0,0,2
2,4,4,9,63,189,0.181762161922423,0,0,0,2
2,4,4,10,46,185,0.209402520143679,0,0,0,2
2,4,4,11,63,218,0.248249453560524,0,0,0,1
2,4,4,12,49,197,0.269311289907177,0,0,0,1
2,4,4,13,35,155,0.163342215683979,0,0,0,2
2,4,4,14,57,199,0.218060053101927,0,0,0,1
2,4,4,15,66,203,0.180869971025241,0,0,0,1
2,4,4,16,51,193,0.215162780902084,0,0,0,1
2,4,4,17,61,191,0.162134547062917,0,0,0,1
2,4,4,18,70,535,0.186648412287077,0,0,0,2
2,4,4,19,55,180,0.176533967913828,0,0,0,2
2,4,4,20,60,209,0.185542759666299,0,0,0,1
2,4,4,21,53,194,0.25349870066818,0,0,0,1
2,4,4,22,44,175,0.209447429499073,0,0,0,2
2,4,4,23,41,171,0.161197819888309,0,0,0,1
2,4,4,24,39,167,0.158369391379278,0,0,0,2
2,4,4,25,58,186,0.191218361066149,0,0,0,2
2,4,4,26,52,193,0.24140787657999,0,0,0,1
2,4,4,27,47,190,0.278172247698589,0,0,0,1
2,4,4,28,50,184,0.212519592358736,0,0,0,1
2,4,4,29,43,200,0.268751636183169,0,0,0,1
2,4,4,30,62,196,0.184239890546733,0,0,0,2
2,4,5,1,49,204,0.342241876294317,0,0,0,1
2,4,5,2,61,224,0.218959721562619,0,0,0,1
2,4,5,3,40,188,0.293332112463882,0,0,0,1
2,4,5,4,46,193,0.223273750474348,0,0,0,1
2,4,5,5,52,215,0.323545425246652,0,0,0,1
2,4,5,6,51,207,0.339850017635976,0,0,0,1
2,4,5,7,43,195,0.234997979123984,0,0,0,1
2,4,5,8,50,215,0.382020255935415,0,0,0,1
2,4,5,9,39,199,0.292463771567901,0,0,0,1
2,4,5,10,45,211,0.368284783774035,0,0,0,1
2,4,5,11,33,183,0.206692710396541,0,0,0,1
2,4,5,12,48,201,0.282029080781369,0,0,0,1
2,4,5,13,50,211,0.32632658170869,0,0,0,1
2,4,5,14,53,200,0.277983508558839,0,0,0,1
2,4,5,15,60,234,0.261783228890628,0,0,0,1
2,4,5,16,63,201,0.204213393715257,0,0,0,1
2,4,5,17,48,210,0.36734626590155,0,0,0,1
2,4,5,18,50,209,0.265908774995659,0,0,0,1
2,4,5,19,48,209,0.302362633047857,0,0,0,1
2,4,5,20,49,207,0.246515698140089,0,0,0,1
2,4,5,21,46,214,0.311992622528531,0,0,0,1
2,4,5,22,52,221,0.362971020303296,0,0,0,1
2,4,5,23,65,222,0.214843730464075,0,0,0,1
2,4,5,24,56,223,0.306724560017175,0,0,0,1
2,4,5,25,55,218,0.257445294473635,0,0,0,1
2,4,5,26,46,191,0.206397387346465,0,0,0,1
2,4,5,27,48,201,0.289066079605992,0,0,0,1
2,4,5,28,47,207,0.346144985708418,0,0,0,1
2,4,5,29,49,190,0.186709587117871,0,0,0,1
2,4,5,30,52,218,0.264438622624591,0,0,0,1
2,4,6,1,57,210,0.234542242885733,0,0,0,1
2,4,6,2,52,207,0.219933166401126,0,0,0,1
2,4,6,3,52,227,0.177476959462119,0,0,0,1
2,4,6,4,51,203,0.227483464038025,0,0,0,1
2,4,6,5,41,187,0.216562345413379,0,0,0,2
2,4,6,6,52,204,0.265225114603967,0,0,0,2
2,4,6,7,49,195,0.20770516281312,0,0,0,2
2,4,6,8,58,222,0.196703077021136,0,0,0,1
2,4,6,9,49,194,0.190548665177574,0,0,0,2
2,4,6,10,60,216,0.216936165278662,0,0,0,1
2,4,6,11,52,203,0.19221204450285,0,0,0,1
2,4,6,12,38,173,0.15237803557216,0,0,0,2
2,4,6,13,47,199,0.214801243624827,0,0,0,1
2,4,6,14,42,183,0.186009915421995,0,0,0,1
2,4,6,15,41,202,0.192246487695629,0,0,0,2
2,4,6,16,50,197,0.190534966704119,0,0,0,2
2,4,6,17,49,190,0.174938428798549,0,0,0,1
2,4,6,18,52,190,0.173518587664348,0,0,0,2
2,4,6,19,46,188,0.233462729831027,0,0,0,2
2,4,6,20,59,216,0.201601258425453,0,0,0,1
2,4,6,21,52,203,0.249104246191129,0,0,0,1
2,4,6,22,52,201,0.197209718518609,0,0,0,2
2,4,6,23,57,201,0.170936788628714,0,0,0,2
2,4,6,24,52,198,0.21882793066021,0,0,0,2
2,4,6,25,49,206,0.320248067547218,0,0,0,1
2,4,6,26,57,213,0.215616107919318,0,0,0,1
2,4,6,27,54,205,0.220808842651223,0,0,0,2
2,4,6,28,56,198,0.18336285658213,0,0,0,2
2,4,6,29,40,192,0.23270712816783,0,0,0,1
2,4,6,30,52,203,0.186254877956713,0,0,0,2
2,4,7,1,51,210,0.231959539188503,0,0,0,1
2,4,7,2,52,209,0.239658997440743,0,0,0,1
2,4,7,3,54,199,0.193098854430831,0,0,0,1
2,4,7,4,53,216,0.324962614158604,0,0,0,1
2,4,7,5,53,203,0.309226874857966,0,0,0,1
2,4,7,6,54,212,0.240388525871051,0,0,0,1
2,4,7,7,49,200,0.264298035423871,0,0,0,1
2,4,7,8,54,208,0.278067474803756,0,0,0,1
2,4,7,9,71,234,0.248003920097542,0,0,0,1
2,4,7,10,64,210,0.171813105929093,0,0,0,1
2,4,7,11,57,206,0.255328357135402,0,0,0,1
2,4,7,12,39,195,0.252292177940441,0,0,0,1
2,4,7,13,61,219,0.279488005636838,0,0,0,1
2,4,7,14,54,209,0.235225499467401,0,0,0,1
2,4,7,15,55,205,0.218418681671232,0,0,0,1
2,4,7,16,52,217,0.294988601230111,0,0,0,1
2,4,7,17,56,204,0.227762148345448,0,0,0,1
2,4,7,18,44,207,0.199860803120449,0,0,0,1
2,4,7,19,56,212,0.282263388255214,0,0,0,1
2,4,7,20,50,200,0.232834315848778,0,0,0,1
2,4,7,21,56,206,0.238613652963853,0,0,0,1
2,4,7,22,49,197,0.234932867484295,0,0,0,1
2,4,7,23,50,205,0.22288915912846,0,0,0,1
2,4,7,24,60,217,0.242397854921913,0,0,0,2
2,4,7,25,46,197,0.227775411997236,0,0,0,1
2,4,7,26,54,195,0.218212496631926,0,0,0,1
2,4,7,27,57,225,0.32107102953906,0,0,0,1
2,4,7,28,57,219,0.250196619764189,0,0,0,1
2,4,7,29,53,204,0.234670786270747,0,0,0,1
2,4,7,30,57,209,0.217782804099817,0,0,0,1
2,4,8,1,49,217,0.259144459467545,0,0,0,1
2,4,8,2,54,197,0.201712667999078,0,0,0,1
2,4,8,3,53,200,0.217324969472725,0,0,0,1
2,4,8,4,67,222,0.213401424363855,0,0,0,1
2,4,8,5,51,198,0.235643016553661,0,0,0,1
2,4,8,6,61,219,0.214963004758868,0,0,0,1
2,4,8,7,71,218,0.156738610201286,0,0,0,1
2,4,8,8,52,219,0.254132942773495,0,0,0,1
2,4,8,9,58,223,0.201716909873049,0,0,0,1
2,4,8,10,74,227,0.19583963310731,0,0,0,1
2,4,8,11,56,213,0.246775695946613,0,0,0,1
2,4,8,12,69,220,0.172898726199695,0,0,0,1
2,4,8,13,59,211,0.200049867074512,0,0,0,1
2,4,8,14,41,191,0.164156642299039,0,0,0,1
2,4,8,15,85,233,0.223590265507226,0,0,0,1
2,4,8,16,50,191,0.174549886717444,0,0,0,1
2,4,8,17,48,217,0.22975869679499,0,0,0,1
2,4,8,18,51,216,0.298568929839909,0,0,0,1
2,4,8,19,48,205,0.24157427021845,0,0,0,1
2,4,8,20,68,227,0.215976315608832,0,0,0,2
2,4,8,21,73,236,0.167848921516273,0,0,0,1
2,4,8,22,61,217,0.237261005337812,0,0,0,1
2,4,8,23,64,216,0.258825823419754,0,0,0,1
2,4,8,24,55,201,0.209013981192203,0,0,0,1
2,4,8,25,52,205,0.248500933876935,0,0,0,1
2,4,8,26,55,210,0.232567530733091,0,0,0,1
2,4,8,27,67,218,0.251485925893816,0,0,0,1
2,4,8,28,59,218,0.136179065906063,0,0,0,1
2,4,8,29,61,220,0.220812788133093,0,0,0,1
2,4,8,30,56,211,0.24158949896522,0,0,0,1
3,1,1,1,57,201,0.378309894585244,0,0,0,1
3,1,1,2,61,202,0.377616568068977,0,0,0,1
3,1,1,3,56,202,0.407778266275021,0,0,0,1
3,1,1,4,56,196,0.40178843237026,0,0,0,1
3,1,1,5,53,204,0.499126085971913,0,0,0,1
3,1,1,6,62,207,0.406829864897039,0,0,0,1
3,1,1,7,58,204,0.423526375822399,0,0,0,1
3,1,1,8,57,208,0.474705699596684,0,0,0,1
3,1,1,9,55,200,0.384139418773074,0,0,0,1
3,1,1,10,58,209,0.498159860774367,0,0,0,1
3,1,1,11,55,195,0.410412259429056,0,0,0,1
3,1,1,12,57,205,0.437856240494994,0,0,0,1
3,1,1,13,57,199,0.38907806823492,0,0,0,1
3,1,1,14,53,201,0.425119786640161,0,0,0,1
3,1,1,15,59,205,0.446433809158371,0,0,0,1
3,1,1,16,54,202,0.482822244183036,0,0,0,1
3,1,1,17,55,198,0.437251028848631,0,0,0,1
3,1,1,18,58,200,0.38551683784927,0,0,0,1
3,1,1,19,56,203,0.417293992089997,0,0,0,1
3,1,1,20,56,206,0.447924176382142,0,0,0,1
3,1,1,21,56,202,0.4467173888647,0,0,0,1
3,1,1,22,52,198,0.47197801034936,0,0,0,1
3,1,1,23,54,195,0.381549307267435,0,0,0,1
3,1,1,24,60,205,0.429130888549358,0,0,0,1
3,1,1,25,53,195,0.4033523095573,0,0,0,1
3,1,1,26,61,208,0.419177268530894,0,0,0,1
3,1,1,27,56,199,0.407328147705554,0,0,0,1
3,1,1,28,59,202,0.399390388356142,0,0,0,1
3,1,1,29,60,203,0.421514897232935,0,0,0,1
3,1,1,30,54,195,0.391913200540531,0,0,0,1
3,1,2,1,51,192,0.417329302177795,0,0,0,1
3,1,2,2,58,200,0.433345201927396,0,0,0,1
3,1,2,3,57,200,0.436618854900009,0,0,0,1
3,1,2,4,56,199,0.413014324122274,0,0,0,1
3,1,2,5,58,202,0.414687436533224,0,0,0,1
3,1,2,6,58,202,0.407964490309513,0,0,0,1
3,1,2,7,55,197,0.416379985760446,0,0,0,1
3,1,2,8,57,200,0.409579761843054,0,0,0,1
3,1,2,9,56,199,0.42079131883289,0,0,0,1
3,1,2,10,58,204,0.4204840770849,0,0,0,1
3,1,2,11,59,204,0.420638209110634,0,0,0,1
3,1,2,12,53,193,0.428271509865117,0,0,0,1
3,1,2,13,57,199,0.394216783058481,0,0,0,1
3,1,2,14,57,197,0.386618942881436,0,0,0,1
3,1,2,15,59,201,0.413704076210442,0,0,0,1
3,1,2,16,56,200,0.415393223400267,0,0,0,1
3,1,2,17,58,202,0.397313753955234,0,0,0,1
3,1,2,18,59,203,0.416185131250607,0,0,0,1
3,1,2,19,57,201,0.419621816245366,0,0,0,1
3,1,2,20,54,199,0.404435176749237,0,0,0,1
3,1,2,21,56,199,0.437708314797474,0,0,0,1
3,1,2,22,53,194,0.412800768092104,0,0,0,1
3,1,2,23,52,195,0.429487343059701,0,0,0,1
3,1,2,24,58,199,0.393007994298533,0,0,0,1
3,1,2,25,55,199,0.422684703065937,0,0,0,1
3,1,2,26,56,200,0.408908489595207,0,0,0,1
3,1,2,27,57,202,0.440545913433645,0,0,0,1
3,1,2,28,56,200,0.429332046823011,0,0,0,1
3,1,2,29,54,194,0.415196553083422,0,0,0,1
3,1,2,30,56,198,0.416046194347378,0,0,0,1
3,1,3,1,56,209,0.424085363215856,0,0,0,1
3,1,3,2,58,205,0.443539116276978,0,0,0,1
3,1,3,3,58,204,0.399897147050524,0,0,0,1
3,1,3,4,56,204,0.449055704632576,0,0,0,1
3,1,3,5,55,206,0.426360752259459,0,0,0,1
3,1,3,6,58,205,0.421221960905363,0,0,0,1
3,1,3,7,56,200,0.391003217259061,0,0,0,1
3,1,3,8,57,204,0.425918750285586,0,0,0,1
3,1,3,9,55,201,0.410417216949744,0,0,0,1
3,1,3,10,54,195,0.375969011493511,0,0,0,1
3,1,3,11,58,209,0.42568480537323,0,0,0,1
3,1,3,12,56,200,0.408064801917786,0,0,0,1
3,1,3,13,55,198,0.43455727943807,0,0,0,1
3,1,3,14,55,200,0.39479980707846,0,0,0,1
3,1,3,15,54,203,0.436118269989779,0,0,0,1
3,1,3,16,51,194,0.377362122314603,0,0,0,1
3,1,3,17,53,201,0.422940948351596,0,0,0,1
3,1,3,18,57,209,0.429754584071958,0,0,0,1
3,1,3,19,55,202,0.399175163090556,0,0,0,1
3,1,3,20,57,206,0.44461731383671,0,0,0,1
3,1,3,21,56,210,0.479191121216776,0,0,0,1
3,1,3,22,55,202,0.383358877262992,0,0,0,1
3,1,3,23,57,205,0.427843348786385,0,0,0,1
3,1,3,24,58,207,0.421390853458046,0,0,0,1
3,1,3,25,55,198,0.395391428047796,0,0,0,1
3,1,3,26,57,206,0.407734521138268,0,0,0,1
3,1,3,27,57,213,0.474530294271049,0,0,0,1
3,1,3,28,54,202,0.413280626499377,0,0,0,1
3,1,3,29,56,207,0.438442967022595,0,0,0,1
3,1,3,30,55,207,0.470291928181116,0,0,0,1
3,1,4,1,55,198,0.430049575832045,0,0,0,1
3,1,4,2,51,196,0.430057208184708,0,0,0,1
3,1,4,3,58,207,0.394645068545409,0,0,0,1
3,1,4,4,50,194,0.402574263389748,0,0,0,1
3,1,4,5,56,199,0.429696711371564,0,0,0,1
3,1,4,6,53,198,0.418939657767908,0,0,0,1
3,1,4,7,53,197,0.439037943969507,0,0,0,1
3,1,4,8,50,195,0.388004611720441,0,0,0,1
3,1,4,9,57,194,0.380083007813093,0,0,0,1
3,1,4,10,55,193,0.397928847967874,0,0,0,1
3,1,4,11,52,192,0.379733187642712,0,0,0,1
3,1,4,12,54,193,0.387676900570065,0,0,0,1
3,1,4,13,58,197,0.392353582765363,0,0,0,1
3,1,4,14,55,204,0.479782029176422,0,0,0,1
3,1,4,15,56,200,0.409286766879015,0,0,0,1
3,1,4,16,58,204,0.401224308816846,0,0,0,1
3,1,4,17,54,198,0.43431181606108,0,0,0,1
3,1,4,18,60,210,0.456673227247115,0,0,0,1
3,1,4,19,52,197,0.407687727118211,0,0,0,1
3,1,4,20,59,197,0.348542681606397,0,0,0,1
3,1,4,21,53,197,0.435304084970592,0,0,0,1
3,1,4,22,58,204,0.382384910481066,0,0,0,1
3,1,4,23,48,194,0.436008670692738,0,0,0,1
3,1,4,24,54,194,0.401839313341344,0,0,0,1
3,1,4,25,57,204,0.436334785113961,0,0,0,1
3,1,4,26,52,196,0.42986288781834,0,0,0,1
3,1,4,27,55,198,0.372465802800605,0,0,0,1
3,1,4,28,58,203,0.426240999697084,0,0,0,1
3,1,4,29,54,196,0.412672799333235,0,0,0,1
3,1,4,30,57,203,0.402640682707595,0,0,0,1
3,1,5,1,61,206,0.410109125337834,0,0,0,1
3,1,5,2,59,207,0.411577951424048,0,0,0,1
3,1,5,3,56,203,0.421323741035945,0,0,0,1
3,1,5,4,56,204,0.443482731009317,0,0,0,1
3,1,5,5,57,203,0.442915387508711,0,0,0,1
3,1,5,6,50,194,0.424827454301978,0,0,0,1
3,1,5,7,55,201,0.412139790824188,0,0,0,1
3,1,5,8,53,195,0.443826606066413,0,0,0,1
3,1,5,9,57,201,0.413032214304596,0,0,0,1
3,1,5,10,57,203,0.429149370166834,0,0,0,1
3,1,5,11,55,200,0.423073994842381,0,0,0,1
3,1,5,12,61,209,0.458984694092936,0,0,0,1
3,1,5,13,60,206,0.387310392360057,0,0,0,1
3,1,5,14,58,200,0.386055519401479,0,0,0,1
3,1,5,15,50,198,0.436220906764683,0,0,0,1
3,1,5,16,57,201,0.423739467639681,0,0,0,1
3,1,5,17,55,204,0.470553678167429,0,0,0,1
3,1,5,18,55,205,0.44421873049438,0,0,0,1
3,1,5,19,53,194,0.391162587330697,0,0,0,1
3,1,5,20,54,201,0.425854006118576,0,0,0,1
3,1,5,21,57,201,0.384520166998326,0,0,0,1
3,1,5,22,54,203,0.452574966542864,0,0,0,1
3,1,5,23,54,198,0.38841474163315,0,0,0,1
3,1,5,24,56,199,0.432694170789628,0,0,0,1
3,1,5,25,54,191,0.397699829181182,0,0,0,1
3,1,5,26,55,198,0.430405429771236,0,0,0,1
3,1,5,27,54,200,0.410169366178387,0,0,0,1
3,1,5,28,57,204,0.432146150032424,0,0,0,1
3,1,5,29,57,208,0.434367190594643,0,0,0,1
3,1,5,30,60,209,0.448205095785063,0,0,0,1
3,1,6,1,56,203,0.405255817058531,0,0,0,1
3,1,6,2,61,207,0.400658693222524,0,0,0,1
3,1,6,3,53,201,0.405512951396942,0,0,0,1
3,1,6,4,56,204,0.419520885518607,0,0,0,1
3,1,6,5,58,205,0.402901035871683,0,0,0,1
3,1,6,6,59,210,0.469753042368049,0,0,0,1
3,1,6,7,58,200,0.360060671473185,0,0,0,1
3,1,6,8,59,202,0.398610500906942,0,0,0,1
3,1,6,9,58,205,0.446545764806114,0,0,0,1
3,1,6,10,54,199,0.418189187277124,0,0,0,1
3,1,6,11,56,203,0.431897014106621,0,0,0,1
3,1,6,12,55,201,0.397340358901307,0,0,0,1
3,1,6,13,54,199,0.412879656634356,0,0,0,1
3,1,6,14,53,197,0.399875847866078,0,0,0,1
3,1,6,15,59,207,0.438415291153146,0,0,0,1
3,1,6,16,53,201,0.430595060169014,0,0,0,1
3,1,6,17,54,199,0.424620735306325,0,0,0,1
3,1,6,18,57,206,0.444318274188698,0,0,0,1
3,1,6,19,56,201,0.407435780684399,0,0,0,1
3,1,6,20,57,205,0.436215868305903,0,0,0,1
3,1,6,21,57,205,0.420460781575803,0,0,0,1
3,1,6,22,55,207,0.489375258858263,0,0,0,1
3,1,6,23,53,203,0.409556691726994,0,0,0,1
3,1,6,24,54,199,0.412286468802689,0,0,0,1
3,1,6,25,55,200,0.423034228622619,0,0,0,1
3,1,6,26,55,201,0.402656228080461,0,0,0,1
3,1,6,27,56,199,0.389549935633612,0,0,0,1
3,1,6,28,57,200,0.394148400489619,0,0,0,1
3,1,6,29,56,205,0.443719793152997,0,0,0,1
3,1,6,30,55,203,0.422569400188962,0,0,0,1
3,1,7,1,56,205,0.448546849583526,0,0,0,1
3,1,7,2,55,200,0.401773364455085,0,0,0,1
3,1,7,3,58,206,0.422643629924637,0,0,0,1
3,1,7,4,57,203,0.420195076596978,0,0,0,1
3,1,7,5,57,203,0.414784842018084,0,0,0,1
3,1,7,6,54,202,0.407944893615707,0,0,0,1
3,1,7,7,56,200,0.3886051931834,0,0,0,1
3,1,7,8,56,204,0.419661109750445,0,0,0,1
3,1,7,9,57,203,0.413715402765942,0,0,0,1
3,1,7,10,56,199,0.413261435486606,0,0,0,1
3,1,7,11,58,203,0.389617589579728,0,0,0,1
3,1,7,12,56,201,0.388704648207865,0,0,0,1
3,1,7,13,56,203,0.422107775406433,0,0,0,1
3,1,7,14,56,201,0.408104871077578,0,0,0,1
3,1,7,15,56,197,0.406829691139882,0,0,0,1
3,1,7,16,51,196,0.429872655971004,0,0,0,1
3,1,7,17,57,196,0.400498860538049,0,0,0,1
3,1,7,18,54,197,0.422883385865414,0,0,0,1
3,1,7,19,55,201,0.401115945445948,0,0,0,1
3,1,7,20,55,196,0.414115120663392,0,0,0,1
3,1,7,21,58,204,0.386143401259061,0,0,0,1
3,1,7,22,57,203,0.419309801646667,0,0,0,1
3,1,7,23,57,199,0.407007719039696,0,0,0,1
3,1,7,24,53,196,0.414074409181018,0,0,0,1
3,1,7,25,53,199,0.392111529001369,0,0,0,1
3,1,7,26,55,203,0.406220592773616,0,0,0,1
3,1,7,27,56,203,0.438072936645891,0,0,0,1
3,1,7,28,58,200,0.394742773446528,0,0,0,1
3,1,7,29,56,198,0.401954612373889,0,0,0,1
3,1,7,30,57,203,0.403171428479568,0,0,0,1
3,1,8,1,55,202,0.422159937449657,0,0,0,1
3,1,8,2,58,202,0.400494314102288,0,0,0,1
3,1,8,3,57,199,0.412797014656185,0,0,0,1
3,1,8,4,53,196,0.455255387009894,0,0,0,1
3,1,8,5,57,200,0.459744968432561,0,0,0,1
3,1,8,6,55,201,0.483195522533588,0,0,0,1
3,1,8,7,57,202,0.44609034394146,0,0,0,1
3,1,8,8,51,197,0.450341174075362,0,0,0,1
3,1,8,9,56,201,0.406305735006538,0,0,0,1
3,1,8,10,55,200,0.460079524913814,0,0,0,1
3,1,8,11,58,206,0.466212459110014,0,0,0,1
3,1,8,12,55,194,0.377759666961719,0,0,0,1
3,1,8,13,63,206,0.412931892289134,0,0,0,1
3,1,8,14,55,198,0.431466375121385,0,0,0,1
3,1,8,15,57,203,0.400350964596527,0,0,0,1
3,1,8,16,51,192,0.419867355712597,0,0,0,1
3,1,8,17,58,204,0.405803943249819,0,0,0,1
3,1,8,18,55,198,0.400714302483637,0,0,0,1
3,1,8,19,53,194,0.390585965684794,0,0,0,1
3,1,8,20,58,204,0.451142854776317,0,0,0,1
3,1,8,21,55,197,0.435037304093049,0,0,0,1
3,1,8,22,53,199,0.465771154754272,0,0,0,1
3,1,8,23,60,199,0.39382458952637,0,0,0,1
3,1,8,24,56,198,0.417207247822496,0,0,0,1
3,1,8,25,52,193,0.449408219601079,0,0,0,1
3,1,8,26,62,208,0.405309381128763,0,0,0,1
3,1,8,27,54,196,0.437184074396902,0,0,0,1
3,1,8,28,53,193,0.398569496466754,0,0,0,1
3,1,8,29,58,201,0.432981915483324,0,0,0,1
3,1,8,30,58,201,0.397241150894875,0,0,0,1
3,2,1,1,55,197,0.348193650454449,0,0,0,1
3,2,1,2,64,204,0.354152921916592,0,0,0,1
3,2,1,3,58,205,0.405354495995885,0,0,0,1
3,2,1,4,55,195,0.423288272220944,0,0,0,1
3,2,1,5,52,205,0.541325127056977,0,0,0,1
3,2,1,6,64,209,0.41275892778462,0,0,0,1
3,2,1,7,58,204,0.427414113732614,0,0,0,1
3,2,1,8,56,210,0.510085850198267,0,0,0,1
3,2,1,9,54,198,0.370266677618065,0,0,0,1
3,2,1,10,57,209,0.512283266204822,0,0,0,1
3,2,1,11,54,192,0.411847794600936,0,0,0,1
3,2,1,12,57,207,0.444319227889981,0,0,0,1
3,2,1,13,57,197,0.382982278014187,0,0,0,1
3,2,1,14,54,202,0.417461652433375,0,0,0,1
3,2,1,15,58,205,0.474909381109442,0,0,0,1
3,2,1,16,53,202,0.51392453248973,0,0,0,1
3,2,1,17,53,198,0.457608514825665,0,0,0,1
3,2,1,18,57,197,0.376281852059926,0,0,0,1
3,2,1,19,57,204,0.400511447943199,0,0,0,1
3,2,1,20,57,207,0.468279127478027,0,0,0,1
3,2,1,21,57,203,0.451888788069717,0,0,0,1
3,2,1,22,52,199,0.488925013438586,0,0,0,1
3,2,1,23,53,192,0.373152945735915,0,0,0,1
3,2,1,24,61,204,0.417963547322757,0,0,0,1
3,2,1,25,51,192,0.394874021527167,0,0,0,1
3,2,1,26,62,210,0.421669097755735,0,0,0,1
3,2,1,27,55,199,0.403355296386432,0,0,0,1
3,2,1,28,61,202,0.398277358230982,0,0,0,1
3,2,1,29,61,205,0.435342525503205,0,0,0,1
3,2,1,30,53,193,0.391971027893277,0,0,0,1
3,2,2,1,49,188,0.411580400708484,0,0,0,1
3,2,2,2,58,200,0.437189128231842,0,0,0,1
3,2,2,3,56,199,0.457022230113431,0,0,0,1
3,2,2,4,58,201,0.40388882732534,0,0,0,1
3,2,2,5,57,199,0.388515927440719,0,0,0,1
3,2,2,6,60,205,0.407652660411854,0,0,0,1
3,2,2,7,55,198,0.408948216774343,0,0,0,1
3,2,2,8,56,199,0.415080341299957,0,0,0,1
3,2,2,9,57,200,0.433226723515983,0,0,0,1
3,2,2,10,60,207,0.434074318339211,0,0,0,1
3,2,2,11,58,203,0.434383348252496,0,0,0,1
3,2,2,12,53,194,0.44145235097981,0,0,0,1
3,2,2,13,55,197,0.39139521719746,0,0,0,1
3,2,2,14,57,194,0.362350243914278,0,0,0,1
3,2,2,15,61,203,0.416621636452709,0,0,0,1
3,2,2,16,55,198,0.414113391511241,0,0,0,1
3,2,2,17,60,204,0.391686250884946,0,0,0,1
3,2,2,18,60,205,0.425001269597934,0,0,0,1
3,2,2,19,56,202,0.43543379285339,0,0,0,1
3,2,2,20,51,197,0.391585990584543,0,0,0,1
3,2,2,21,55,196,0.435289737307958,0,0,0,1
3,2,2,22,50,191,0.422442295889021,0,0,0,1
3,2,2,23,49,191,0.465230882097433,0,0,0,1
3,2,2,24,58,201,0.367940151057125,0,0,0,1
3,2,2,25,58,204,0.423819879937401,0,0,0,1
3,2,2,26,54,198,0.409747400391332,0,0,0,1
3,2,2,27,55,202,0.468594113111846,0,0,0,1
3,2,2,28,56,199,0.413691448657858,0,0,0,1
3,2,2,29,51,190,0.41753315576359,0,0,0,1
3,2,2,30,56,196,0.424204700921554,0,0,0,1
3,2,3,1,57,211,0.417016184144198,0,0,0,1
3,2,3,2,58,206,0.47056243049874,0,0,0,1
3,2,3,3,60,207,0.386825561163249,0,0,0,1
3,2,3,4,56,207,0.495088279811026,0,0,0,1
3,2,3,5,54,207,0.425516898233631,0,0,0,1
3,2,3,6,60,211,0.440727347029419,0,0,0,1
3,2,3,7,57,203,0.399871301737966,0,0,0,1
3,2,3,8,57,203,0.428559812541269,0,0,0,1
3,2,3,9,56,200,0.405520561138249,0,0,0,1
3,2,3,10,54,194,0.367303439560783,0,0,0,1
3,2,3,11,59,217,0.470839353035684,0,0,0,1
3,2,3,12,56,200,0.40193378462844,0,0,0,1
3,2,3,13,54,201,0.472551214412505,0,0,0,1
3,2,3,14,55,199,0.382582242903401,0,0,0,1
3,2,3,15,53,203,0.451527935907153,0,0,0,1
3,2,3,16,49,191,0.37808666627181,0,0,0,1
3,2,3,17,54,204,0.438728002043447,0,0,0,1
3,2,3,18,59,217,0.435713340359799,0,0,0,1
3,2,3,19,56,203,0.396452788687363,0,0,0,1
3,2,3,20,58,210,0.450527072779854,0,0,0,1
3,2,3,21,55,209,0.492018128561513,0,0,0,1
3,2,3,22,58,205,0.372871228319587,0,0,0,1
3,2,3,23,59,208,0.436581451597245,0,0,0,1
3,2,3,24,58,209,0.442840059937211,0,0,0,1
3,2,3,25,54,195,0.38394610017745,0,0,0,1
3,2,3,26,56,206,0.403715711132305,0,0,0,1
3,2,3,27,57,215,0.495089304266074,0,0,0,1
3,2,3,28,53,203,0.418905407777313,0,0,0,1
3,2,3,29,56,212,0.47862931338806,0,0,0,1
3,2,3,30,55,207,0.476216169940323,0,0,0,1
3,2,4,1,55,197,0.421153292644786,0,0,0,1
3,2,4,2,48,191,0.413625044931398,0,0,0,1
3,2,4,3,59,208,0.380155964401898,0,0,0,1
3,2,4,4,51,196,0.401584205999353,0,0,0,1
3,2,4,5,57,199,0.425658068789251,0,0,0,1
3,2,4,6,53,196,0.408291982028696,0,0,0,1
3,2,4,7,53,194,0.430004817908436,0,0,0,1
3,2,4,8,49,193,0.367403463030672,0,0,0,1
3,2,4,9,57,192,0.370162499045441,0,0,0,1
3,2,4,10,54,191,0.403438280826556,0,0,0,1
3,2,4,11,51,189,0.36741860480379,0,0,0,1
3,2,4,12,53,190,0.388333504405583,0,0,0,1
3,2,4,13,59,196,0.375723852666827,0,0,0,1
3,2,4,14,55,206,0.500676916968177,0,0,0,1
3,2,4,15,58,201,0.410350196117251,0,0,0,1
3,2,4,16,60,204,0.383443380959027,0,0,0,1
3,2,4,17,52,195,0.424499281068827,0,0,0,1
3,2,4,18,61,212,0.46752399998994,0,0,0,1
3,2,4,19,50,194,0.396151814660161,0,0,0,1
3,2,4,20,60,192,0.302887430704875,0,0,0,1
3,2,4,21,51,189,0.395577460780896,0,0,0,1
3,2,4,22,59,207,0.392698705140597,0,0,0,1
3,2,4,23,47,194,0.455571216805062,0,0,0,1
3,2,4,24,53,191,0.390679340561188,0,0,0,1
3,2,4,25,56,207,0.49348993988195,0,0,0,1
3,2,4,26,52,197,0.440854661910423,0,0,0,1
3,2,4,27,55,197,0.341510929718084,0,0,0,1
3,2,4,28,56,198,0.415499157360704,0,0,0,1
3,2,4,29,52,194,0.416456943714054,0,0,0,1
3,2,4,30,56,201,0.405430007631975,0,0,0,1
3,2,5,1,62,207,0.401574271172566,0,0,0,1
3,2,5,2,60,207,0.401426070298978,0,0,0,1
3,2,5,3,57,204,0.420292945905949,0,0,0,1
3,2,5,4,56,204,0.446073010810187,0,0,0,1
3,2,5,5,56,202,0.450496277355808,0,0,0,1
3,2,5,6,48,190,0.42440501179331,0,0,0,1
3,2,5,7,53,201,0.409934129793018,0,0,0,1
3,2,5,8,52,194,0.465198661132053,0,0,0,1
3,2,5,9,57,202,0.425191574875147,0,0,0,1
3,2,5,10,58,206,0.433703424339541,0,0,0,1
3,2,5,11,54,199,0.441024831318922,0,0,0,1
3,2,5,12,60,212,0.483880385901852,0,0,0,1
3,2,5,13,62,209,0.380069128978958,0,0,0,1
3,2,5,14,59,202,0.389788697487212,0,0,0,1
3,2,5,15,51,204,0.452473956244312,0,0,0,1
3,2,5,16,57,199,0.407428803776851,0,0,0,1
3,2,5,17,55,204,0.470706107640091,0,0,0,1
3,2,5,18,57,208,0.437179005228165,0,0,0,1
3,2,5,19,52,189,0.376018508861404,0,0,0,1
3,2,5,20,55,200,0.403573120846872,0,0,0,1
3,2,5,21,57,201,0.368306727316578,0,0,0,1
3,2,5,22,53,202,0.459560011279778,0,0,0,1
3,2,5,23,53,195,0.378113959019106,0,0,0,1
3,2,5,24,55,196,0.431078127591089,0,0,0,1
3,2,5,25,54,188,0.384347916615738,0,0,0,1
3,2,5,26,56,200,0.435696807698848,0,0,0,1
3,2,5,27,54,201,0.408626000913746,0,0,0,1
3,2,5,28,57,205,0.442922900294455,0,0,0,1
3,2,5,29,57,210,0.427059416714826,0,0,0,1
3,2,5,30,63,212,0.427511518641065,0,0,0,1
3,2,6,1,57,205,0.392577864289786,0,0,0,1
3,2,6,2,61,208,0.391036412752625,0,0,0,1
3,2,6,3,52,198,0.398734208925776,0,0,0,1
3,2,6,4,57,204,0.394810384796794,0,0,0,1
3,2,6,5,58,207,0.411097111131058,0,0,0,1
3,2,6,6,61,217,0.501120958418254,0,0,0,1
3,2,6,7,56,197,0.348948348548758,0,0,0,1
3,2,6,8,61,202,0.37177189286597,0,0,0,1
3,2,6,9,56,203,0.477491673089856,0,0,0,1
3,2,6,10,52,196,0.411099817308251,0,0,0,1
3,2,6,11,57,205,0.42397164588304,0,0,0,1
3,2,6,12,53,200,0.404009694244851,0,0,0,1
3,2,6,13,53,198,0.404238648082125,0,0,0,1
3,2,6,14,52,196,0.404043731784565,0,0,0,1
3,2,6,15,59,211,0.481650636368977,0,0,0,1
3,2,6,16,52,201,0.433898309674813,0,0,0,1
3,2,6,17,53,197,0.418380813868772,0,0,0,1
3,2,6,18,57,207,0.46309289364744,0,0,0,1
3,2,6,19,56,203,0.449606625676369,0,0,0,1
3,2,6,20,56,202,0.421713601374804,0,0,0,1
3,2,6,21,58,206,0.407562154069737,0,0,0,1
3,2,6,22,56,209,0.523319628035086,0,0,0,1
3,2,6,23,53,202,0.399054729519445,0,0,0,1
3,2,6,24,55,200,0.407340291108339,0,0,0,1
3,2,6,25,55,200,0.447287046344248,0,0,0,1
3,2,6,26,55,202,0.41554747225531,0,0,0,1
3,2,6,27,55,197,0.387931317083059,0,0,0,1
3,2,6,28,57,202,0.424201711662666,0,0,0,1
3,2,6,29,55,205,0.450734388783457,0,0,0,1
3,2,6,30,53,202,0.446527136407122,0,0,0,1
3,2,7,1,55,206,0.470760219363483,0,0,0,1
3,2,7,2,52,197,0.410272549847277,0,0,0,1
3,2,7,3,57,207,0.446949206049273,0,0,0,1
3,2,7,4,58,202,0.401821916911925,0,0,0,1
3,2,7,5,57,203,0.412344716922084,0,0,0,1
3,2,7,6,53,202,0.414981969402199,0,0,0,1
3,2,7,7,57,200,0.365301981019674,0,0,0,1
3,2,7,8,58,205,0.420725081325567,0,0,0,1
3,2,7,9,55,201,0.420096270057855,0,0,0,1
3,2,7,10,53,197,0.420379049597018,0,0,0,1
3,2,7,11,59,204,0.372029487531115,0,0,0,1
3,2,7,12,55,200,0.382285830708298,0,0,0,1
3,2,7,13,56,202,0.408763571322579,0,0,0,1
3,2,7,14,59,205,0.411123483180127,0,0,0,1
3,2,7,15,56,194,0.395856623858099,0,0,0,1
3,2,7,16,52,199,0.457228571112767,0,0,0,1
3,2,7,17,57,196,0.406292430385652,0,0,0,1
3,2,7,18,53,194,0.418468059255375,0,0,0,1
3,2,7,19,54,201,0.418087337502151,0,0,0,1
3,2,7,20,52,189,0.400060411668388,0,0,0,1
3,2,7,21,57,202,0.371601494733497,0,0,0,1
3,2,7,22,58,203,0.421965818233973,0,0,0,1
3,2,7,23,57,199,0.41009445038516,0,0,0,1
3,2,7,24,54,196,0.408025972778257,0,0,0,1
3,2,7,25,52,196,0.393459978209442,0,0,0,1
3,2,7,26,55,204,0.409208479956288,0,0,0,1
3,2,7,27,54,202,0.452296652204203,0,0,0,1
3,2,7,28,58,198,0.388096853102792,0,0,0,1
3,2,7,29,56,198,0.399913441240739,0,0,0,1
3,2,7,30,58,203,0.399649908106552,0,0,0,1
3,2,8,1,53,200,0.419730435360275,0,0,0,1
3,2,8,2,58,203,0.388775726444226,0,0,0,1
3,2,8,3,60,202,0.413285961122201,0,0,0,1
3,2,8,4,53,194,0.447267861891451,0,0,0,1
3,2,8,5,56,200,0.488497063091706,0,0,0,1
3,2,8,6,55,202,0.522725273316274,0,0,0,1
3,2,8,7,58,202,0.450447152056391,0,0,0,1
3,2,8,8,50,194,0.450421162482853,0,0,0,1
3,2,8,9,53,197,0.419561950026281,0,0,0,1
3,2,8,10,52,198,0.461545736404308,0,0,0,1
3,2,8,11,56,205,0.483141423613808,0,0,0,1
3,2,8,12,56,195,0.363990090403898,0,0,0,1
3,2,8,13,65,209,0.421967867520781,0,0,0,1
3,2,8,14,54,198,0.416334680777876,0,0,0,1
3,2,8,15,58,203,0.375876084624237,0,0,0,1
3,2,8,16,50,188,0.405747017712272,0,0,0,1
3,2,8,17,57,202,0.39580631548964,0,0,0,1
3,2,8,18,55,197,0.3885667172011,0,0,0,1
3,2,8,19,50,191,0.400302336727618,0,0,0,1
3,2,8,20,58,204,0.440338508317739,0,0,0,1
3,2,8,21,53,194,0.433978102361459,0,0,0,1
3,2,8,22,53,200,0.465534957842516,0,0,0,1
3,2,8,23,58,195,0.40591482505702,0,0,0,1
3,2,8,24,56,198,0.432259360203956,0,0,0,1
3,2,8,25,49,190,0.483218082766442,0,0,0,1
3,2,8,26,64,210,0.391226956644913,0,0,0,1
3,2,8,27,55,198,0.448523473814977,0,0,0,1
3,2,8,28,53,192,0.401122591575996,0,0,0,1
3,2,8,29,58,201,0.429949195245673,0,0,0,1
3,2,8,30,58,202,0.401131561135842,0,0,0,1
3,3,1,1,49,196,0.266663825674676,0,0,0,1
3,3,1,2,54,199,0.26618526271633,0,0,0,1
3,3,1,3,50,199,0.294347305522027,0,0,0,1
3,3,1,4,49,192,0.291608420789944,0,0,0,1
3,3,1,5,47,203,0.385064340632822,0,0,0,1
3,3,1,6,56,205,0.293197027289318,0,0,0,1
3,3,1,7,52,202,0.313067641782235,0,0,0,1
3,3,1,8,51,206,0.358314585875633,0,0,0,1
3,3,1,9,47,195,0.272840450768864,0,0,0,1
3,3,1,10,53,209,0.379752645652604,0,0,0,1
3,3,1,11,49,191,0.299924854095153,0,0,0,1
3,3,1,12,51,203,0.324536371410135,0,0,0,1
3,3,1,13,50,194,0.276779318121278,0,0,0,1
3,3,1,14,46,197,0.309941496674025,0,0,0,1
3,3,1,15,54,203,0.332077597891131,0,0,0,1
3,3,1,16,48,200,0.366755739757285,0,0,0,1
3,3,1,17,48,193,0.323112976705887,0,0,0,1
3,3,1,18,50,195,0.275400995453318,0,0,0,1
3,3,1,19,49,199,0.2993364015765,0,0,0,1
3,3,1,20,50,204,0.333828895504045,0,0,0,1
3,3,1,21,51,200,0.332150678439279,0,0,0,1
3,3,1,22,46,194,0.356207794632327,0,0,0,1
3,3,1,23,46,189,0.271029937692767,0,0,0,1
3,3,1,24,55,203,0.312114290838531,0,0,0,1
3,3,1,25,46,191,0.291275505631539,0,0,0,1
3,3,1,26,55,205,0.302647116031452,0,0,0,1
3,3,1,27,50,196,0.293671920245153,0,0,0,1
3,3,1,28,52,198,0.285699330455245,0,0,0,1
3,3,1,29,55,201,0.306566240153551,0,0,0,1
3,3,1,30,47,190,0.280492578954742,0,0,0,1
3,3,2,1,38,183,0.324019158202042,0,0,0,1
3,3,2,2,44,193,0.334961502346817,0,0,0,1
3,3,2,3,43,193,0.346661602599249,0,0,0,1
3,3,2,4,42,193,0.317390644000182,0,0,0,1
3,3,2,5,44,196,0.328879626616611,0,0,0,1
3,3,2,6,43,195,0.318403046254229,0,0,0,1
3,3,2,7,41,189,0.323020592299968,0,0,0,1
3,3,2,8,42,191,0.31495082223295,0,0,0,1
3,3,2,9,42,192,0.331149200511334,0,0,0,1
3,3,2,10,44,199,0.337394087196187,0,0,0,1
3,3,2,11,45,199,0.34003322054355,0,0,0,1
3,3,2,12,39,185,0.33088443584708,0,0,0,1
3,3,2,13,40,188,0.301876653505229,0,0,0,1
3,3,2,14,42,188,0.301925909890422,0,0,0,1
3,3,2,15,44,193,0.317112490014971,0,0,0,1
3,3,2,16,42,195,0.326440008669937,0,0,0,1
3,3,2,17,43,194,0.314853421478355,0,0,0,1
3,3,2,18,44,196,0.331217778997205,0,0,0,1
3,3,2,19,42,193,0.333296321459907,0,0,0,1
3,3,2,20,40,193,0.320564906032091,0,0,0,1
3,3,2,21,42,193,0.343782899340583,0,0,0,1
3,3,2,22,38,185,0.32237079161782,0,0,0,1
3,3,2,23,39,188,0.339834526751507,0,0,0,1
3,3,2,24,44,194,0.30263073270166,0,0,0,1
3,3,2,25,41,190,0.322763088756471,0,0,0,1
3,3,2,26,41,194,0.321627152652221,0,0,0,1
3,3,2,27,44,198,0.352413682981169,0,0,0,1
3,3,2,28,42,194,0.337941222840275,0,0,0,1
3,3,2,29,40,185,0.329045896090166,0,0,0,1
3,3,2,30,42,190,0.323639343944087,0,0,0,1
3,3,3,1,39,186,0.292403655644132,0,0,0,1
3,3,3,2,42,185,0.311784307743588,0,0,0,1
3,3,3,3,41,182,0.271736610189144,0,0,0,1
3,3,3,4,41,184,0.318880156303664,0,0,0,1
3,3,3,5,38,184,0.295571554544039,0,0,0,1
3,3,3,6,42,185,0.291249654530148,0,0,0,1
3,3,3,7,39,177,0.267255231883582,0,0,0,1
3,3,3,8,41,183,0.29546571175678,0,0,0,1
3,3,3,9,38,178,0.283940757694459,0,0,0,1
3,3,3,10,37,172,0.257044470675178,0,0,0,1
3,3,3,11,40,189,0.291245229219532,0,0,0,1
3,3,3,12,40,177,0.284343887239843,0,0,0,1
3,3,3,13,39,178,0.308902548018525,0,0,0,1
3,3,3,14,38,177,0.270146286072927,0,0,0,1
3,3,3,15,37,181,0.305721594673907,0,0,0,1
3,3,3,16,34,168,0.261202213479724,0,0,0,1
3,3,3,17,36,179,0.294858710637531,0,0,0,1
3,3,3,18,40,187,0.295697554388004,0,0,0,1
3,3,3,19,38,178,0.27470788936871,0,0,0,1
3,3,3,20,40,186,0.311527814778625,0,0,0,1
3,3,3,21,39,191,0.341548414801644,0,0,0,1
3,3,3,22,37,177,0.258418071320907,0,0,0,1
3,3,3,23,41,184,0.297593513253798,0,0,0,1
3,3,3,24,40,185,0.289523642879703,0,0,0,1
3,3,3,25,39,175,0.275680214908794,0,0,0,1
3,3,3,26,40,183,0.279008269958576,0,0,0,1
3,3,3,27,40,194,0.335649554447646,0,0,0,1
3,3,3,28,36,178,0.287118063359903,0,0,0,1
3,3,3,29,40,185,0.305932537577357,0,0,0,1
3,3,3,30,39,187,0.33608365168344,0,0,0,1
3,3,4,1,45,180,0.245237679136679,0,0,0,1
3,3,4,2,39,176,0.24665746261606,0,0,0,1
3,3,4,3,47,192,0.204072584097909,0,0,0,1
3,3,4,4,37,172,0.221849107592642,0,0,0,1
3,3,4,5,46,182,0.245059569205216,0,0,0,1
3,3,4,6,42,179,0.234384718673506,0,0,0,1
3,3,4,7,43,180,0.254976815383133,0,0,0,1
3,3,4,8,36,171,0.210641056008905,0,0,0,1
3,3,4,9,47,174,0.198747769715722,0,0,0,1
3,3,4,10,45,173,0.21725358221805,0,0,0,1
3,3,4,11,39,168,0.201597623326488,0,0,0,1
3,3,4,12,42,170,0.209655685229273,0,0,0,1
3,3,4,13,47,178,0.208861513023247,0,0,0,1
3,3,4,14,45,192,0.290293939583782,0,0,0,1
3,3,4,15,44,182,0.222842511728798,0,0,0,1
3,3,4,16,47,186,0.213404041204529,0,0,0,1
3,3,4,17,43,180,0.250107139088459,0,0,0,1
3,3,4,18,51,199,0.263898165104438,0,0,0,1
3,3,4,19,39,176,0.226661994096378,0,0,0,1
3,3,4,20,48,175,0.166799660434826,0,0,0,1
3,3,4,21,42,178,0.251079781077221,0,0,0,1
3,3,4,22,45,183,0.195950480350632,0,0,0,1
3,3,4,23,36,174,0.254133668978833,0,0,0,1
3,3,4,24,41,173,0.22039128834485,0,0,0,1
3,3,4,25,46,189,0.247822105593272,0,0,0,1
3,3,4,26,40,176,0.24713281874006,0,0,0,1
3,3,4,27,41,174,0.189588020063487,0,0,0,1
3,3,4,28,48,188,0.238269670565071,0,0,0,1
3,3,4,29,43,177,0.229111734146832,0,0,0,1
3,3,4,30,46,187,0.214581607937177,0,0,0,1
3,3,5,1,55,198,0.235554691225153,0,0,0,1
3,3,5,2,53,199,0.236553921425395,0,0,0,1
3,3,5,3,48,194,0.245587847829442,0,0,0,1
3,3,5,4,49,196,0.266920230510932,0,0,0,1
3,3,5,5,50,194,0.269282455542974,0,0,0,1
3,3,5,6,41,182,0.25357527324431,0,0,0,1
3,3,5,7,47,191,0.236785672651333,0,0,0,1
3,3,5,8,46,184,0.271642318247058,0,0,0,1
3,3,5,9,51,191,0.238314171032121,0,0,0,1
3,3,5,10,49,194,0.253305191914312,0,0,0,1
3,3,5,11,47,189,0.25008283879804,0,0,0,1
3,3,5,12,55,204,0.283698223510677,0,0,0,1
3,3,5,13,53,197,0.212930087657228,0,0,0,1
3,3,5,14,50,190,0.217447229535184,0,0,0,1
3,3,5,15,40,186,0.26250467096817,0,0,0,1
3,3,5,16,51,193,0.247877453759758,0,0,0,1
3,3,5,17,48,197,0.293358206118933,0,0,0,1
3,3,5,18,47,196,0.267407245438714,0,0,0,1
3,3,5,19,44,179,0.220717291689667,0,0,0,2
3,3,5,20,47,191,0.250715449666566,0,0,0,1
3,3,5,21,48,190,0.212890138013818,0,0,0,1
3,3,5,22,46,195,0.275970837355908,0,0,0,1
3,3,5,23,46,187,0.222244411176069,0,0,0,2
3,3,5,24,49,189,0.258902583659446,0,0,0,1
3,3,5,25,45,177,0.227439855631529,0,0,0,2
3,3,5,26,47,187,0.256081169417466,0,0,0,1
3,3,5,27,45,189,0.236536260178753,0,0,0,1
3,3,5,28,50,195,0.25810313298764,0,0,0,1
3,3,5,29,50,201,0.256722254319863,0,0,0,1
3,3,5,30,54,204,0.27007026935801,0,0,0,1
3,3,6,1,44,191,0.292564145787983,0,0,0,1
3,3,6,2,47,194,0.286832961335097,0,0,0,1
3,3,6,3,42,187,0.290268617647509,0,0,0,1
3,3,6,4,43,190,0.301715720896034,0,0,0,1
3,3,6,5,46,192,0.28491938930234,0,0,0,1
3,3,6,6,48,199,0.348062180454192,0,0,0,1
3,3,6,7,45,187,0.250516750280048,0,0,0,1
3,3,6,8,44,188,0.28894365947147,0,0,0,1
3,3,6,9,46,193,0.32552699070933,0,0,0,1
3,3,6,10,42,186,0.306463339320569,0,0,0,1
3,3,6,11,45,192,0.318439362884026,0,0,0,1
3,3,6,12,42,188,0.287689269494711,0,0,0,1
3,3,6,13,41,185,0.298021815785373,0,0,0,1
3,3,6,14,38,181,0.292218034697728,0,0,0,1
3,3,6,15,44,192,0.31935574791427,0,0,0,1
3,3,6,16,42,189,0.315008855908378,0,0,0,1
3,3,6,17,42,186,0.313776283060532,0,0,0,1
3,3,6,18,45,193,0.323528772832303,0,0,0,1
3,3,6,19,43,187,0.29383439587188,0,0,0,1
3,3,6,20,46,193,0.318764209163944,0,0,0,1
3,3,6,21,46,193,0.302014461406455,0,0,0,1
3,3,6,22,45,196,0.368062335941254,0,0,0,1
3,3,6,23,39,187,0.292885089464847,0,0,0,1
3,3,6,24,42,185,0.299603966949581,0,0,0,1
3,3,6,25,43,188,0.309141067875909,0,0,0,1
3,3,6,26,42,187,0.290008060700969,0,0,0,1
3,3,6,27,42,184,0.280529625459767,0,0,0,1
3,3,6,28,44,186,0.284502430972308,0,0,0,1
3,3,6,29,43,192,0.324597402414591,0,0,0,1
3,3,6,30,43,190,0.309495851696186,0,0,0,1
3,3,7,1,45,195,0.337875689592936,0,0,0,1
3,3,7,2,42,187,0.295966595170968,0,0,0,1
3,3,7,3,46,194,0.311899354412844,0,0,0,1
3,3,7,4,45,193,0.316713054912438,0,0,0,1
3,3,7,5,44,190,0.306820149772236,0,0,0,1
3,3,7,6,41,190,0.305701312862783,0,0,0,1
3,3,7,7,43,185,0.275900010980372,0,0,0,2
3,3,7,8,44,193,0.313636886357733,0,0,0,1
3,3,7,9,43,190,0.300001559044141,0,0,0,1
3,3,7,10,43,185,0.302079130526886,0,0,0,1
3,3,7,11,46,193,0.292607762123076,0,0,0,1
3,3,7,12,43,189,0.28950694489992,0,0,0,1
3,3,7,13,44,191,0.322354595935659,0,0,0,1
3,3,7,14,44,190,0.29260228216389,0,0,0,1
3,3,7,15,42,182,0.301231033772174,0,0,0,1
3,3,7,16,40,184,0.317755659307043,0,0,0,1
3,3,7,17,43,181,0.283522417959328,0,0,0,1
3,3,7,18,42,185,0.313696881000384,0,0,0,1
3,3,7,19,43,189,0.290629892550298,0,0,0,1
3,3,7,20,43,182,0.303035545690442,0,0,0,1
3,3,7,21,44,190,0.279858481388256,0,0,0,1
3,3,7,22,44,191,0.304990583959376,0,0,0,1
3,3,7,23,44,186,0.292258822097549,0,0,0,1
3,3,7,24,41,182,0.303907610310475,0,0,0,1
3,3,7,25,41,186,0.286272521998147,0,0,0,1
3,3,7,26,43,191,0.302230673004764,0,0,0,1
3,3,7,27,44,191,0.335352889267187,0,0,0,1
3,3,7,28,45,187,0.285377687602945,0,0,0,1
3,3,7,29,43,185,0.28887834709907,0,0,0,1
3,3,7,30,44,189,0.301445997248167,0,0,0,1
3,3,8,1,40,188,0.275900812206705,0,0,0,1
3,3,8,2,44,191,0.259099386644903,0,0,0,1
3,3,8,3,43,187,0.275475949940328,0,0,0,1
3,3,8,4,40,183,0.312657160466521,0,0,0,1
3,3,8,5,44,190,0.319226229644688,0,0,0,1
3,3,8,6,43,188,0.329718550654364,0,0,0,1
3,3,8,7,45,191,0.304369668036971,0,0,0,1
3,3,8,8,37,182,0.302917754969668,0,0,0,1
3,3,8,9,41,189,0.265802293969965,0,0,0,1
3,3,8,10,42,187,0.308390794318605,0,0,0,1
3,3,8,11,45,194,0.311059436304074,0,0,0,1
3,3,8,12,41,183,0.248292488096407,0,0,0,1
3,3,8,13,48,196,0.273527948749705,0,0,0,1
3,3,8,14,41,185,0.288947608956491,0,0,0,1
3,3,8,15,42,189,0.254493237576275,0,0,0,1
3,3,8,16,37,177,0.281987377926065,0,0,0,1
3,3,8,17,44,195,0.266292645411873,0,0,0,1
3,3,8,18,41,186,0.263307044112431,0,0,0,1
3,3,8,19,38,179,0.253128909853213,0,0,0,1
3,3,8,20,45,192,0.297671836858017,0,0,0,1
3,3,8,21,42,184,0.288575966487622,0,0,0,1
3,3,8,22,40,187,0.316005021200648,0,0,0,1
3,3,8,23,45,186,0.25450382996583,0,0,0,1
3,3,8,24,42,184,0.275398207166468,0,0,0,1
3,3,8,25,39,179,0.304860207264212,0,0,0,1
3,3,8,26,49,197,0.259860842553089,0,0,0,1
3,3,8,27,41,182,0.291630766673718,0,0,0,1
3,3,8,28,39,181,0.266625914121245,0,0,0,1
3,3,8,29,45,191,0.292235920998564,0,0,0,1
3,3,8,30,44,191,0.263627574380428,0,0,0,1
3,4,1,1,55,206,0.211355365575327,0,0,0,1
3,4,1,2,73,217,0.219250710545321,0,0,0,1
3,4,1,3,62,219,0.272163380523178,0,0,0,1
3,4,1,4,56,201,0.288476723008196,0,0,0,1
3,4,1,5,53,217,0.413909489290577,0,0,0,1
3,4,1,6,70,226,0.283591959396923,0,0,0,2
3,4,1,7,62,217,0.29755651188871,0,0,0,1
3,4,1,8,59,224,0.383022848070908,0,0,0,1
3,4,1,9,55,206,0.233329199020087,0,0,0,1
3,4,1,10,60,221,0.38278514351553,0,0,0,1
3,4,1,11,54,197,0.277416167598881,0,0,0,1
3,4,1,12,60,223,0.315322675027855,0,0,0,1
3,4,1,13,59,204,0.246622860479225,0,0,0,1
3,4,1,14,55,214,0.283784441271967,0,0,0,1
3,4,1,15,62,216,0.344980904833157,0,0,0,1
3,4,1,16,54,213,0.383552088644597,0,0,0,1
3,4,1,17,54,205,0.322606761126205,0,0,0,1
3,4,1,18,59,206,0.242773154298506,0,0,0,1
3,4,1,19,61,216,0.266852457204445,0,0,0,1
3,4,1,20,60,222,0.340401126707212,0,0,0,1
3,4,1,21,60,215,0.319700217519339,0,0,0,1
3,4,1,22,52,206,0.355096553403824,0,0,0,1
3,4,1,23,52,197,0.235541602914915,0,0,0,1
3,4,1,24,66,216,0.284367560961897,0,0,0,1
3,4,1,25,49,197,0.257223589817582,0,0,0,1
3,4,1,26,68,227,0.29199324497038,0,0,0,1
3,4,1,27,56,208,0.267218579073532,0,0,0,1
3,4,1,28,65,212,0.264110227043925,0,0,0,1
3,4,1,29,67,216,0.302875743072783,0,0,0,1
3,4,1,30,53,199,0.255945379529027,0,0,0,1
3,4,2,1,42,188,0.202770683179344,0,0,0,2
3,4,2,2,63,217,0.22986366531505,0,0,0,1
3,4,2,3,59,206,0.248346343362773,0,0,0,1
3,4,2,4,59,213,0.190029176445866,0,0,0,2
3,4,2,5,58,202,0.17158118822231,0,0,0,1
3,4,2,6,64,212,0.193941610949924,0,0,0,1
3,4,2,7,55,208,0.195623774376717,0,0,0,2
3,4,2,8,57,205,0.199721208615272,0,0,0,1
3,4,2,9,60,208,0.221124824980881,0,0,0,1
3,4,2,10,66,216,0.226133476210746,0,0,0,1
3,4,2,11,61,211,0.226924242727438,0,0,0,1
3,4,2,12,51,205,0.238873744931653,0,0,0,2
3,4,2,13,53,200,0.17067815874351,0,0,0,1
3,4,2,14,57,188,0.145715571542251,0,0,0,1
3,4,2,15,70,221,0.20409142079727,0,0,0,2
3,4,2,16,55,207,0.201720392502527,0,0,0,1
3,4,2,17,62,205,0.181868291063997,0,0,0,1
3,4,2,18,64,211,0.21341556303814,0,0,0,1
3,4,2,19,55,205,0.223915337150129,0,0,0,1
3,4,2,20,48,201,0.181643004027546,0,0,0,1
3,4,2,21,55,209,0.228537489653186,0,0,0,1
3,4,2,22,45,190,0.211336017906529,0,0,0,1
3,4,2,23,45,196,0.262352646515406,0,0,0,1
3,4,2,24,61,225,0.155394748235184,0,0,0,1
3,4,2,25,59,234,0.223245515321382,0,0,0,1
3,4,2,26,53,202,0.195643350522725,0,0,0,2
3,4,2,27,56,216,0.266649972490341,0,0,0,1
3,4,2,28,59,208,0.199838434403359,0,0,0,1
3,4,2,29,48,187,0.20447668010862,0,0,0,1
3,4,2,30,57,203,0.212010013582012,0,0,0,1
3,4,3,1,51,194,0.163821562745632,0,0,0,2
3,4,3,2,52,189,0.214569479139526,0,0,0,1
3,4,3,3,59,189,0.138183768753972,0,0,0,1
3,4,3,4,50,190,0.235483895921266,0,0,0,2
3,4,3,5,46,187,0.174316313027549,0,0,0,2
3,4,3,6,59,197,0.185253521488943,0,0,0,1
3,4,3,7,51,182,0.153758654187205,0,0,0,2
3,4,3,8,52,186,0.177377909370903,0,0,0,2
3,4,3,9,49,178,0.158898646319272,0,0,0,2
3,4,3,10,53,506,0.153989614456315,0,0,0,2
3,4,3,11,55,215,0.216477839726471,0,0,0,1
3,4,3,12,51,177,0.157743383204556,0,0,0,2
3,4,3,13,47,181,0.218552871199106,0,0,0,1
3,4,3,14,48,175,0.140498135126792,0,0,0,2
3,4,3,15,44,183,0.199052725765738,0,0,0,2
3,4,3,16,41,556,0.173730441489402,0,0,0,2
3,4,3,17,41,185,0.189979284966625,0,0,0,1
3,4,3,18,56,218,0.182088737663484,0,0,0,1
3,4,3,19,50,179,0.149985100596243,0,0,0,2
3,4,3,20,49,195,0.196640839110138,0,0,0,1
3,4,3,21,47,194,0.232220549313646,0,0,0,1
3,4,3,22,50,186,0.127053442867739,0,0,0,2
3,4,3,23,57,194,0.182651287712847,0,0,0,2
3,4,3,24,53,193,0.187449616549527,0,0,0,1
3,4,3,25,49,171,0.149302410316275,0,0,0,2
3,4,3,26,51,183,0.162982539069267,0,0,0,2
3,4,3,27,51,204,0.232241506762825,0,0,0,1
3,4,3,28,42,179,0.169071285840821,0,0,0,1
3,4,3,29,51,195,0.217777358122995,0,0,0,1
3,4,3,30,47,188,0.218428097759208,0,0,0,1
3,4,4,1,56,193,0.184716795144855,0,0,0,1
3,4,4,2,44,181,0.179154329093138,0,0,0,1
3,4,4,3,73,239,0.154696477160914,0,0,0,2
3,4,4,4,50,191,0.166902782613985,0,0,0,1
3,4,4,5,57,198,0.193451898369514,0,0,0,2
3,4,4,6,55,599,0.17672764637204,0,1,0,1
3,4,4,7,56,193,0.198631475585292,0,0,0,1
3,4,4,8,43,183,0.143030794914073,0,0,0,1
3,4,4,9,63,184,0.136217876263159,0,0,0,1
3,4,4,10,58,184,0.169999821131605,0,0,0,1
3,4,4,11,45,599,0.135459363287953,0,1,0,1
3,4,4,12,52,177,0.155220712247439,0,0,0,2
3,4,4,13,70,193,0.141493282723947,0,0,0,2
3,4,4,14,58,217,0.270411012315655,0,0,0,1
3,4,4,15,65,207,0.175843192992569,0,0,0,2
3,4,4,16,64,211,0.149219812150837,0,0,0,1
3,4,4,17,52,189,0.191040799302616,0,0,0,1
3,4,4,18,66,225,0.233908091082415,0,0,0,2
3,4,4,19,45,184,0.169176538297985,0,0,0,1
3,4,4,20,59,178,0.0739589192952302,0,0,0,1
3,4,4,21,49,178,0.162281824081981,0,0,0,1
3,4,4,22,64,223,0.15986404616526,0,0,0,1
3,4,4,23,42,191,0.22331588010373,0,0,0,2
3,4,4,24,51,181,0.156057632567328,0,0,0,1
3,4,4,25,60,218,0.261713345321268,0,0,0,1
3,4,4,26,50,194,0.204894634350566,0,0,0,1
3,4,4,27,61,599,0.129274858103372,0,1,0,1
3,4,4,28,63,202,0.184983562767393,0,0,0,1
3,4,4,29,52,190,0.181631487136129,0,0,0,1
3,4,4,30,62,203,0.170603041683064,0,0,0,1
3,4,5,1,72,210,0.170724748528939,0,0,0,1
3,4,5,2,70,210,0.170771940454464,0,0,0,1
3,4,5,3,63,210,0.193439219067204,0,0,0,1
3,4,5,4,60,208,0.21858002678809,0,0,0,1
3,4,5,5,59,201,0.218474259454601,0,0,0,1
3,4,5,6,43,181,0.197968144897084,0,0,0,1
3,4,5,7,52,200,0.184489565975309,0,0,0,1
3,4,5,8,52,188,0.234644810987864,0,0,0,1
3,4,5,9,63,203,0.195729138757086,0,0,0,1
3,4,5,10,64,212,0.203248147199697,0,0,0,1
3,4,5,11,55,195,0.211027006829899,0,0,0,1
3,4,5,12,68,218,0.252067070751063,0,0,0,1
3,4,5,13,75,216,0.150328241060541,0,0,0,1
3,4,5,14,68,201,0.160032944077606,0,0,0,1
3,4,5,15,48,204,0.221557592941268,0,0,0,1
3,4,5,16,64,599,0.182450276154074,0,1,0,1
3,4,5,17,57,207,0.24150534103721,0,0,0,1
3,4,5,18,64,216,0.208544029932096,0,0,0,1
3,4,5,19,54,599,0.155508731013687,0,1,0,1
3,4,5,20,58,198,0.172589076335381,0,0,0,2
3,4,5,21,63,198,0.139167009595409,0,0,0,2
3,4,5,22,53,203,0.229623004417413,0,0,0,1
3,4,5,23,62,569,0.184218849688794,0,0,0,2
3,4,5,24,58,190,0.201094869029418,0,0,0,1
3,4,5,25,57,476,0.159928201965035,0,0,0,2
3,4,5,26,61,201,0.206808545629437,0,0,0,1
3,4,5,27,56,199,0.177538578125549,0,0,0,1
3,4,5,28,63,207,0.211041349470503,0,0,0,1
3,4,5,29,64,219,0.198214269521564,0,0,0,1
3,4,5,30,78,223,0.200720953877072,0,0,0,1
3,4,6,1,57,206,0.204365914876975,0,0,0,1
3,4,6,2,62,208,0.192317482244952,0,0,0,1
3,4,6,3,46,189,0.197471762869948,0,0,0,1
3,4,6,4,57,199,0.188697755910829,0,0,0,1
3,4,6,5,60,208,0.195724153556776,0,0,0,1
3,4,6,6,63,219,0.288758414229913,0,0,0,1
3,4,6,7,55,194,0.155043169123495,0,0,0,1
3,4,6,8,61,199,0.177088263824795,0,0,0,1
3,4,6,9,52,195,0.255808464323978,0,0,0,1
3,4,6,10,48,188,0.210687733984567,0,0,0,2
3,4,6,11,59,210,0.23348675131765,0,0,0,1
3,4,6,12,49,198,0.216460317777643,0,0,0,1
3,4,6,13,48,189,0.196981266224274,0,0,0,1
3,4,6,14,45,186,0.204927815942173,0,0,0,1
3,4,6,15,52,204,0.258485012291062,0,0,0,1
3,4,6,16,47,194,0.234913861357888,0,0,0,1
3,4,6,17,50,192,0.225592600538375,0,0,0,1
3,4,6,18,54,204,0.247151539568784,0,0,0,1
3,4,6,19,52,197,0.235253372149889,0,0,0,1
3,4,6,20,56,197,0.220593204283323,0,0,0,1
3,4,6,21,61,204,0.201599216909683,0,0,0,1
3,4,6,22,54,207,0.310435637301489,0,0,0,1
3,4,6,23,47,194,0.187658559721973,0,0,0,1
3,4,6,24,53,194,0.20981368013767,0,0,0,1
3,4,6,25,49,194,0.248821754626633,0,0,0,1
3,4,6,26,50,196,0.214151403009443,0,0,0,1
3,4,6,27,52,189,0.188286735166366,0,0,0,1
3,4,6,28,54,196,0.22759396056093,0,0,0,1
3,4,6,29,52,199,0.235391270735629,0,0,0,1
3,4,6,30,51,198,0.241060014945268,0,0,0,1
3,4,7,1,61,205,0.225052347368442,0,0,0,1
3,4,7,2,52,184,0.172061268099289,0,0,0,2
3,4,7,3,61,201,0.205416592284915,0,0,0,1
3,4,7,4,64,198,0.165925162502833,0,0,0,1
3,4,7,5,63,431,0.192390558834099,0,0,0,2
3,4,7,6,55,196,0.183995990783887,0,0,0,1
3,4,7,7,80,421,0.206880280816955,0,0,0,2
3,4,7,8,62,199,0.182306706135513,0,0,0,1
3,4,7,9,59,199,0.169689259547961,0,0,0,2
3,4,7,10,54,188,0.171893111429175,0,0,0,2
3,4,7,11,60,205,0.171871441161827,0,0,0,1
3,4,7,12,49,190,0.16612555292974,0,0,0,2
3,4,7,13,53,192,0.185778493532268,0,0,0,1
3,4,7,14,72,208,0.162249669219348,0,0,0,2
3,4,7,15,52,179,0.156177565167448,0,0,0,2
3,4,7,16,56,195,0.212404505638145,0,0,0,2
3,4,7,17,62,397,0.171531969645752,0,0,0,2
3,4,7,18,56,184,0.175029675490896,0,0,0,2
3,4,7,19,61,199,0.171616930417083,0,0,0,1
3,4,7,20,54,409,0.16883330232411,0,0,0,2
3,4,7,21,62,191,0.131230307788054,0,0,0,2
3,4,7,22,68,209,0.17320176793492,0,0,0,2
3,4,7,23,70,441,0.2014593149473,0,0,0,2
3,4,7,24,56,182,0.16577800762297,0,0,0,2
3,4,7,25,53,183,0.155161504181673,0,0,0,2
3,4,7,26,57,197,0.178842664176239,0,0,0,1
3,4,7,27,53,192,0.214380054437257,0,0,0,2
3,4,7,28,69,465,0.167015337478577,0,0,0,2
3,4,7,29,61,189,0.150959875725772,0,0,0,2
3,4,7,30,44,189,0.174632118800392,0,0,0,1
3,4,8,1,46,193,0.180596260413592,0,0,0,1
3,4,8,2,58,218,0.16642578829872,0,0,0,1
3,4,8,3,59,201,0.188406927665152,0,0,0,1
3,4,8,4,47,184,0.211132666444738,0,0,0,1
3,4,8,5,55,202,0.260144604679328,0,0,0,1
3,4,8,6,52,197,0.275805503143387,0,0,0,1
3,4,8,7,57,205,0.221674655143482,0,0,0,1
3,4,8,8,42,181,0.209130840813089,0,0,0,1
3,4,8,9,47,193,0.187330123468159,0,0,0,1
3,4,8,10,45,185,0.215087020556053,0,0,0,1
3,4,8,11,53,202,0.239030263894002,0,0,0,1
3,4,8,12,56,206,0.1373881703114,0,0,0,1
3,4,8,13,70,217,0.191399281685544,0,0,0,1
3,4,8,14,49,186,0.173157469566096,0,0,0,1
3,4,8,15,57,201,0.131521487816535,0,0,0,1
3,4,8,16,41,171,0.175706837122658,0,0,0,1
3,4,8,17,57,207,0.167247295428807,0,0,0,1
3,4,8,18,50,193,0.162380990654386,0,0,0,1
3,4,8,19,41,173,0.161367431819605,0,0,0,1
3,4,8,20,57,198,0.192625550471087,0,0,0,1
3,4,8,21,48,183,0.193264325522201,0,0,0,1
3,4,8,22,46,191,0.218310168977088,0,0,0,1
3,4,8,23,54,185,0.171447435246146,0,0,0,1
3,4,8,24,52,188,0.192590089845992,0,0,0,1
3,4,8,25,41,176,0.245493784237398,0,0,0,1
3,4,8,26,72,218,0.158731690498298,0,0,0,1
3,4,8,27,50,188,0.208563346760109,0,0,0,1
3,4,8,28,48,193,0.18637069423014,0,0,0,1
3,4,8,29,58,201,0.194426188307127,0,0,0,1
3,4,8,30,57,204,0.178925919796835,0,0,0,1
4,1,1,1,55,203,0.47981583084807,0,0,0,1
4,1,1,2,56,200,0.403258515218538,0,0,0,1
4,1,1,3,56,194,0.380870653631047,0,0,0,1
4,1,1,4,61,206,0.41741024740099,0,0,0,1
4,1,1,5,53,199,0.446004728705066,0,0,0,1
4,1,1,6,58,199,0.421576086021902,0,0,0,1
4,1,1,7,55,196,0.437875381928308,0,0,0,1
4,1,1,8,53,188,0.370330041247915,0,0,0,1
4,1,1,9,56,192,0.37978136745308,0,0,0,1
4,1,1,10,55,193,0.369659471605819,0,0,0,1
4,1,1,11,58,200,0.396134566754539,0,0,0,1
4,1,1,12,63,207,0.413818237276767,0,0,0,1
4,1,1,13,58,200,0.416013571256769,0,0,0,1
4,1,1,14,54,194,0.419187874194039,0,0,0,1
4,1,1,15,58,200,0.44057447217348,0,0,0,1
4,1,1,16,55,195,0.403812322398914,0,0,0,1
4,1,1,17,60,199,0.378342708593665,0,0,0,1
4,1,1,18,56,203,0.454844219202398,0,0,0,1
4,1,1,19,54,202,0.410070832602081,0,0,0,1
4,1,1,20,62,207,0.425850187761578,0,0,0,1
4,1,1,21,59,208,0.446567889267201,0,0,0,1
4,1,1,22,53,193,0.428752599474137,0,0,0,1
4,1,1,23,61,208,0.445161814398497,0,0,0,1
4,1,1,24,58,204,0.439448465408953,0,0,0,1
4,1,1,25,56,205,0.477907107650106,0,0,0,1
4,1,1,26,56,200,0.415190628067942,0,0,0,1
4,1,1,27,54,197,0.430799422337951,0,0,0,1
4,1,1,28,61,204,0.3908861410582,0,0,0,1
4,1,1,29,55,201,0.463630727148313,0,0,0,1
4,1,1,30,59,202,0.402544391443389,0,0,0,1
4,1,2,1,57,201,0.422701828661815,0,0,0,1
4,1,2,2,56,202,0.416016737727447,0,0,0,1
4,1,2,3,56,200,0.383251948846284,0,0,0,1
4,1,2,4,54,195,0.400646842241709,0,0,0,1
4,1,2,5,50,193,0.421513835318353,0,0,0,1
4,1,2,6,54,195,0.424518147722425,0,0,0,1
4,1,2,7,61,202,0.3857676350376,0,0,0,1
4,1,2,8,58,196,0.385379324202596,0,0,0,1
4,1,2,9,56,198,0.421649925257547,0,0,0,1
4,1,2,10,61,202,0.418735407889781,0,0,0,1
4,1,2,11,53,196,0.416758999702303,0,0,0,1
4,1,2,12,56,196,0.393232524696305,0,0,0,1
4,1,2,13,57,200,0.408614374590389,0,0,0,1
4,1,2,14,58,198,0.41148030390929,0,0,0,1
4,1,2,15,54,195,0.401849268603552,0,0,0,1
4,1,2,16,54,194,0.412112764185084,0,0,0,1
4,1,2,17,57,198,0.438441569489495,0,0,0,1
4,1,2,18,60,202,0.421119055020715,0,0,0,1
4,1,2,19,58,202,0.427615414892887,0,0,0,1
4,1,2,20,57,195,0.411092782303146,0,0,0,1
4,1,2,21,60,200,0.398354566866058,0,0,0,1
4,1,2,22,51,191,0.402343027284411,0,0,0,1
4,1,2,23,57,200,0.42305849276533,0,0,0,1
4,1,2,24,58,196,0.402678446617507,0,0,0,1
4,1,2,25,55,196,0.426434532491275,0,0,0,1
4,1,2,26,56,201,0.426169944946196,0,0,0,1
4,1,2,27,55,199,0.426482791173232,0,0,0,1
4,1,2,28,56,198,0.436874341146561,0,0,0,1
4,1,2,29,57,202,0.41206341013881,0,0,0,1
4,1,2,30,56,195,0.417983265041214,0,0,0,1
4,1,3,1,52,201,0.408869008719983,0,0,0,1
4,1,3,2,54,196,0.379536812312322,0,0,0,1
4,1,3,3,52,198,0.382021416078698,0,0,0,1
4,1,3,4,55,197,0.368556606645673,0,0,0,1
4,1,3,5,58,208,0.404662995778292,0,0,0,1
4,1,3,6,57,207,0.433336126331209,0,0,0,1
4,1,3,7,52,204,0.438899027609357,0,0,0,1
4,1,3,8,54,201,0.401426406289071,0,0,0,1
4,1,3,9,51,198,0.378449757489825,0,0,0,1
4,1,3,10,54,210,0.447803513491961,0,0,0,1
4,1,3,11,57,203,0.417495741063827,0,0,0,1
4,1,3,12,56,200,0.390020827047224,0,0,0,1
4,1,3,13,58,209,0.431062542733584,0,0,0,1
4,1,3,14,55,202,0.396314357220331,0,0,0,1
4,1,3,15,51,195,0.427490009603049,0,0,0,1
4,1,3,16,52,201,0.439684042215031,0,0,0,1
4,1,3,17,54,201,0.390782172699612,0,0,0,1
4,1,3,18,55,209,0.473109716694825,0,0,0,1
4,1,3,19,54,197,0.39462746140267,0,0,0,1
4,1,3,20,53,197,0.403344559383251,0,0,0,1
4,1,3,21,56,209,0.437642799860062,0,0,0,1
4,1,3,22,54,207,0.437112573402893,0,0,0,1
4,1,3,23,57,199,0.385231307540188,0,0,0,1
4,1,3,24,52,198,0.424781960792719,0,0,0,1
4,1,3,25,54,204,0.409658690399125,0,0,0,1
4,1,3,26,57,204,0.428864760907428,0,0,0,1
4,1,3,27,57,200,0.392671502968028,0,0,0,1
4,1,3,28,56,206,0.419383867905109,0,0,0,1
4,1,3,29,54,199,0.383781918450415,0,0,0,1
4,1,3,30,53,198,0.41193525191867,0,0,0,1
4,1,4,1,58,202,0.421679230903989,0,0,0,1
4,1,4,2,60,198,0.374634406812978,0,0,0,1
4,1,4,3,55,198,0.463234600970755,0,0,0,1
4,1,4,4,58,200,0.389681960184274,0,0,0,1
4,1,4,5,55,202,0.419282962832662,0,0,0,1
4,1,4,6,65,208,0.390637682322788,0,0,0,1
4,1,4,7,58,204,0.426005508184392,0,0,0,1
4,1,4,8,59,201,0.418415271809178,0,0,0,1
4,1,4,9,61,209,0.4283002277661,0,0,0,1
4,1,4,10,53,196,0.408666903640441,0,0,0,1
4,1,4,11,57,203,0.480617340138667,0,0,0,1
4,1,4,12,59,202,0.438446419196459,0,0,0,1
4,1,4,13,55,201,0.427670908507618,0,0,0,1
4,1,4,14,59,207,0.40050443953681,0,0,0,1
4,1,4,15,55,197,0.448867350420935,0,0,0,1
4,1,4,16,54,203,0.469323258641987,0,0,0,1
4,1,4,17,56,197,0.428938517827172,0,0,0,1
4,1,4,18,58,203,0.403044864524446,0,0,0,1
4,1,4,19,56,199,0.437484475753578,0,0,0,1
4,1,4,20,59,210,0.492403864887383,0,0,0,1
4,1,4,21,55,197,0.419518340118913,0,0,0,1
4,1,4,22,59,201,0.419586130433021,0,0,0,1
4,1,4,23,55,202,0.450714685994643,0,0,0,1
4,1,4,24,58,199,0.415581456099325,0,0,0,1
4,1,4,25,63,204,0.37743899553583,0,0,0,1
4,1,4,26,56,201,0.440881471557567,0,0,0,1
4,1,4,27,61,202,0.378731469381491,0,0,0,1
4,1,4,28,58,206,0.480961301006305,0,0,0,1
4,1,4,29,52,199,0.422182547014222,0,0,0,1
4,1,4,30,56,195,0.369591028470182,0,0,0,1
4,1,5,1,56,193,0.373718685435738,0,0,0,1
4,1,5,2,55,194,0.371588298584895,0,0,0,1
4,1,5,3,56,199,0.392237535301975,0,0,0,1
4,1,5,4,57,198,0.396241930074005,0,0,0,1
4,1,5,5,52,194,0.443661469270937,0,0,0,1
4,1,5,6,57,202,0.456961299563207,0,0,0,1
4,1,5,7,56,197,0.415900768161527,0,0,0,1
4,1,5,8,55,192,0.39482163859957,0,0,0,1
4,1,5,9,61,203,0.395778885058472,0,0,0,1
4,1,5,10,58,203,0.42645416526729,0,0,0,1
4,1,5,11,54,200,0.436735823715802,0,0,0,1
4,1,5,12,60,203,0.417569907153139,0,0,0,1
4,1,5,13,55,206,0.445268234714889,0,0,0,1
4,1,5,14,51,198,0.444274504864022,0,0,0,1
4,1,5,15,56,204,0.467606903803796,0,0,0,1
4,1,5,16,57,198,0.408701269633891,0,0,0,1
4,1,5,17,58,203,0.392320564208869,0,0,0,1
4,1,5,18,60,206,0.419074441488809,0,0,0,1
4,1,5,19,61,206,0.389649842093973,0,0,0,1
4,1,5,20,60,200,0.376842713753651,0,0,0,1
4,1,5,21,54,193,0.412596315537984,0,0,0,1
4,1,5,22,56,207,0.455550326273343,0,0,0,1
4,1,5,23,60,198,0.364191088692531,0,0,0,1
4,1,5,24,58,208,0.439194477701723,0,0,0,1
4,1,5,25,55,196,0.428540801147523,0,0,0,1
4,1,5,26,56,201,0.427148768233479,0,0,0,1
4,1,5,27,55,205,0.469612895929534,0,0,0,1
4,1,5,28,53,204,0.419040913017471,0,0,0,1
4,1,5,29,57,207,0.433110585524951,0,0,0,1
4,1,5,30,58,200,0.383663802242163,0,0,0,1
4,1,6,1,59,206,0.430095513728562,0,0,0,1
4,1,6,2,59,206,0.41982298779792,0,0,0,1
4,1,6,3,54,200,0.448641781315205,0,0,0,1
4,1,6,4,56,198,0.399027066711089,0,0,0,1
4,1,6,5,60,207,0.433845784914184,0,0,0,1
4,1,6,6,58,203,0.434195444558672,0,0,0,1
4,1,6,7,55,200,0.417645203788674,0,0,0,1
4,1,6,8,58,204,0.419497878556727,0,0,0,1
4,1,6,9,54,196,0.393051267317838,0,0,0,1
4,1,6,10,57,203,0.39869367635001,0,0,0,1
4,1,6,11,53,192,0.36604654437886,0,0,0,1
4,1,6,12,55,200,0.414892491213617,0,0,0,1
4,1,6,13,56,194,0.371887828118613,0,0,0,1
4,1,6,14,60,206,0.420794502351493,0,0,0,1
4,1,6,15,60,202,0.386609758272584,0,0,0,1
4,1,6,16,56,204,0.441320581816924,0,0,0,1
4,1,6,17,57,202,0.390014467259904,0,0,0,1
4,1,6,18,54,202,0.427716264780314,0,0,0,1
4,1,6,19,57,202,0.387642844224324,0,0,0,1
4,1,6,20,57,199,0.391121216963844,0,0,0,1
4,1,6,21,58,210,0.448916016088293,0,0,0,1
4,1,6,22,55,199,0.369223708441088,0,0,0,1
4,1,6,23,58,198,0.377877472743903,0,0,0,1
4,1,6,24,56,202,0.413310736237182,0,0,0,1
4,1,6,25,53,197,0.420695362367264,0,0,0,1
4,1,6,26,58,203,0.399575642273922,0,0,0,1
4,1,6,27,59,201,0.407013373356734,0,0,0,1
4,1,6,28,62,203,0.381266691456446,0,0,0,1
4,1,6,29,59,210,0.458824726335383,0,0,0,1
4,1,6,30,57,203,0.416409960893022,0,0,0,1
4,1,7,1,57,201,0.409801949535446,0,0,0,1
4,1,7,2,53,199,0.448999446852592,0,0,0,1
4,1,7,3,52,201,0.416955739905169,0,0,0,1
4,1,7,4,55,202,0.41686024686184,0,0,0,1
4,1,7,5,58,207,0.411654711983196,0,0,0,1
4,1,7,6,55,202,0.397475658673561,0,0,0,1
4,1,7,7,59,204,0.401760067693614,0,0,0,1
4,1,7,8,52,202,0.430405830127517,0,0,0,1
4,1,7,9,54,200,0.441023168498573,0,0,0,1
4,1,7,10,55,205,0.433440606337542,0,0,0,1
4,1,7,11,58,203,0.392466771327206,0,0,0,1
4,1,7,12,51,197,0.404444402239904,0,0,0,1
4,1,7,13,52,198,0.451631461681646,0,0,0,1
4,1,7,14,56,200,0.392238192181503,0,0,0,1
4,1,7,15,57,209,0.43090986689774,0,0,0,1
4,1,7,16,53,201,0.424232693874148,0,0,0,1
4,1,7,17,58,205,0.410924127046814,0,0,0,1
4,1,7,18,56,197,0.36022269762823,0,0,0,1
4,1,7,19,55,205,0.435606104030011,0,0,0,1
4,1,7,20,57,203,0.42671651608256,0,0,0,1
4,1,7,21,54,204,0.426968654055889,0,0,0,1
4,1,7,22,52,200,0.428932438538846,0,0,0,1
4,1,7,23,53,204,0.449270890806773,0,0,0,1
4,1,7,24,54,197,0.401723616504979,0,0,0,1
4,1,7,25,54,204,0.424272640742342,0,0,0,1
4,1,7,26,56,198,0.367914812178561,0,0,0,1
4,1,7,27,55,199,0.390608708692465,0,0,0,1
4,1,7,28,56,204,0.403575961239754,0,0,0,1
4,1,7,29,54,200,0.393021914462496,0,0,0,1
4,1,7,30,52,195,0.414185836833601,0,0,0,1
4,1,8,1,53,196,0.447678750517178,0,0,0,1
4,1,8,2,55,201,0.41180918743975,0,0,0,1
4,1,8,3,59,197,0.366775151676342,0,0,0,1
4,1,8,4,54,192,0.412977151527958,0,0,0,1
4,1,8,5,54,193,0.389477972896826,0,0,0,1
4,1,8,6,55,196,0.403435063822569,0,0,0,1
4,1,8,7,54,199,0.403519454048594,0,0,0,1
4,1,8,8,54,203,0.450874746988168,0,0,0,1
4,1,8,9,54,199,0.402653437338718,0,0,0,1
4,1,8,10,54,197,0.430972977833268,0,0,0,1
4,1,8,11,58,200,0.416824746254374,0,0,0,1
4,1,8,12,55,196,0.407538394327481,0,0,0,1
4,1,8,13,54,195,0.447625751290037,0,0,0,1
4,1,8,14,54,200,0.413920846670194,0,0,0,1
4,1,8,15,55,191,0.408434458977691,0,0,0,1
4,1,8,16,57,199,0.393741163023346,0,0,0,1
4,1,8,17,54,197,0.4308942629647,0,0,0,1
4,1,8,18,53,193,0.411506898201326,0,0,0,1
4,1,8,19,61,205,0.383659193658778,0,0,0,1
4,1,8,20,56,195,0.409728923001894,0,0,0,1
4,1,8,21,58,199,0.391214902130559,0,0,0,1
4,1,8,22,58,199,0.395716119502603,0,0,0,1
4,1,8,23,56,195,0.433375601724672,0,0,0,1
4,1,8,24,57,202,0.408222135793594,0,0,0,1
4,1,8,25,55,199,0.439975911439575,0,0,0,1
4,1,8,26,58,205,0.491084177474793,0,0,0,1
4,1,8,27,57,202,0.406127730792197,0,0,0,1
4,1,8,28,52,193,0.458215881347293,0,0,0,1
4,1,8,29,56,200,0.405074896159624,0,0,0,1
4,1,8,30,53,196,0.419374752205324,0,0,0,1
4,2,1,1,55,206,0.49695332966343,0,0,0,1
4,2,1,2,56,200,0.415908717608069,0,0,0,1
4,2,1,3,55,192,0.38821186626408,0,0,0,1
4,2,1,4,62,209,0.412728033419618,0,0,0,1
4,2,1,5,52,200,0.446187931328262,0,0,0,1
4,2,1,6,57,198,0.417487045181962,0,0,0,1
4,2,1,7,53,194,0.452592719280472,0,0,0,1
4,2,1,8,52,185,0.360928843319252,0,0,0,1
4,2,1,9,53,187,0.372135533996963,0,0,0,1
4,2,1,10,54,190,0.364847504043338,0,0,0,1
4,2,1,11,59,202,0.393716189887319,0,0,0,1
4,2,1,12,60,203,0.407991493254834,0,0,0,1
4,2,1,13,60,202,0.429994927943293,0,0,0,1
4,2,1,14,52,193,0.427269795580083,0,0,0,1
4,2,1,15,58,201,0.458779935008135,0,0,0,1
4,2,1,16,54,192,0.388048772531915,0,0,0,1
4,2,1,17,57,197,0.375635171758729,0,0,0,1
4,2,1,18,55,202,0.466402726440268,0,0,0,1
4,2,1,19,53,204,0.430920594106823,0,0,0,1
4,2,1,20,62,207,0.411279953474158,0,0,0,1
4,2,1,21,59,211,0.449186083308658,0,0,0,1
4,2,1,22,52,192,0.421336219125641,0,0,0,1
4,2,1,23,62,211,0.438380356086459,0,0,0,1
4,2,1,24,56,205,0.458367238750085,0,0,0,1
4,2,1,25,55,205,0.494609156530729,0,0,0,1
4,2,1,26,55,198,0.395377795237514,0,0,0,1
4,2,1,27,52,195,0.415052332171627,0,0,0,1
4,2,1,28,59,204,0.393412509470042,0,0,0,1
4,2,1,29,54,200,0.476142052623334,0,0,0,1
4,2,1,30,60,203,0.38038041565004,0,0,0,1
4,2,2,1,56,199,0.42694625532047,0,0,0,1
4,2,2,2,56,203,0.409914488265465,0,0,0,1
4,2,2,3,56,196,0.348614956553708,0,0,0,1
4,2,2,4,55,196,0.386218022070268,0,0,0,1
4,2,2,5,48,193,0.421278012280103,0,0,0,1
4,2,2,6,54,195,0.414515980365499,0,0,0,1
4,2,2,7,65,203,0.35325966993786,0,0,0,1
4,2,2,8,57,196,0.381486891327744,0,0,0,1
4,2,2,9,56,198,0.430393178813956,0,0,0,1
4,2,2,10,64,206,0.410572578460236,0,0,0,1
4,2,2,11,52,192,0.406295456366071,0,0,0,1
4,2,2,12,58,196,0.362216026038763,0,0,0,1
4,2,2,13,57,199,0.4116478459991,0,0,0,1
4,2,2,14,58,198,0.392799718911799,0,0,0,1
4,2,2,15,53,193,0.382603902061073,0,0,0,1
4,2,2,16,53,193,0.429778846454995,0,0,0,1
4,2,2,17,55,198,0.444262234659348,0,0,0,1
4,2,2,18,61,204,0.430582876144966,0,0,0,1
4,2,2,19,56,197,0.426526909516768,0,0,0,1
4,2,2,20,56,193,0.418767146811561,0,0,0,1
4,2,2,21,58,199,0.396067967720048,0,0,0,1
4,2,2,22,50,189,0.40740345246655,0,0,0,1
4,2,2,23,55,199,0.436807208771506,0,0,0,1
4,2,2,24,57,193,0.392420335411449,0,0,0,1
4,2,2,25,52,193,0.440749086635392,0,0,0,1
4,2,2,26,56,201,0.423175463928402,0,0,0,1
4,2,2,27,54,200,0.458346822904068,0,0,0,1
4,2,2,28,53,194,0.44767006008928,0,0,0,1
4,2,2,29,58,206,0.42019316759133,0,0,0,1
4,2,2,30,56,194,0.398344538826011,0,0,0,1
4,2,3,1,50,200,0.422076735411823,0,0,0,1
4,2,3,2,56,197,0.370700548136013,0,0,0,1
4,2,3,3,50,198,0.411954063288932,0,0,0,1
4,2,3,4,51,190,0.347029010443523,0,0,0,1
4,2,3,5,61,210,0.395928469846171,0,0,0,1
4,2,3,6,59,209,0.439147415794643,0,0,0,1
4,2,3,7,51,205,0.463824636093156,0,0,0,1
4,2,3,8,52,193,0.352659376694855,0,0,0,1
4,2,3,9,48,193,0.352456530815316,0,0,0,1
4,2,3,10,55,217,0.491155373898193,0,0,0,1
4,2,3,11,57,202,0.401288294627669,0,0,0,1
4,2,3,12,53,198,0.395781764568139,0,0,0,1
4,2,3,13,58,208,0.422831466120292,0,0,0,1
4,2,3,14,55,200,0.38218177713444,0,0,0,1
4,2,3,15,51,196,0.447101932119672,0,0,0,1
4,2,3,16,50,200,0.434840071408185,0,0,0,1
4,2,3,17,52,198,0.362300123488095,0,0,0,1
4,2,3,18,56,210,0.481770975315182,0,0,0,1
4,2,3,19,54,195,0.378331828093218,0,0,0,1
4,2,3,20,52,194,0.410484630055412,0,0,0,1
4,2,3,21,57,212,0.447664463715549,0,0,0,1
4,2,3,22,52,206,0.468988290039256,0,0,0,1
4,2,3,23,57,198,0.372687319625022,0,0,0,1
4,2,3,24,51,199,0.459177042279826,0,0,0,1
4,2,3,25,55,203,0.393304702467253,0,0,0,1
4,2,3,26,57,204,0.43938232681297,0,0,0,1
4,2,3,27,57,194,0.362445044036186,0,0,0,1
4,2,3,28,57,208,0.437726235697727,0,0,0,1
4,2,3,29,54,197,0.348642758607281,0,0,0,1
4,2,3,30,51,193,0.394337346558297,0,0,0,1
4,2,4,1,57,201,0.416210725708189,0,0,0,1
4,2,4,2,59,197,0.373392995122713,0,0,0,1
4,2,4,3,54,196,0.469627197834567,0,0,0,1
4,2,4,4,57,198,0.383842566738506,0,0,0,1
4,2,4,5,55,204,0.435419562446691,0,0,0,1
4,2,4,6,69,211,0.372321233369076,0,0,0,1
4,2,4,7,57,206,0.460384673734651,0,0,0,1
4,2,4,8,57,203,0.445622555104931,0,0,0,1
4,2,4,9,60,208,0.424561553964846,0,0,0,1
4,2,4,10,53,195,0.402167300360554,0,0,0,1
4,2,4,11,57,203,0.479141716384043,0,0,0,1
4,2,4,12,59,204,0.44585199677095,0,0,0,1
4,2,4,13,55,201,0.432941899887402,0,0,0,1
4,2,4,14,60,206,0.36466540451764,0,0,0,1
4,2,4,15,54,194,0.445535710549651,0,0,0,1
4,2,4,16,54,203,0.462693034938066,0,0,0,1
4,2,4,17,56,195,0.422684944298649,0,0,0,1
4,2,4,18,59,205,0.404811376796204,0,0,0,1
4,2,4,19,58,200,0.434885214642631,0,0,0,1
4,2,4,20,59,212,0.525672501238014,0,0,0,1
4,2,4,21,53,197,0.43808352093714,0,0,0,1
4,2,4,22,60,201,0.40409719521557,0,0,0,1
4,2,4,23,55,202,0.435822817957134,0,0,0,1
4,2,4,24,56,199,0.44169093593051,0,0,0,1
4,2,4,25,66,200,0.332136290603725,0,0,0,1
4,2,4,26,55,200,0.439039299771124,0,0,0,1
4,2,4,27,60,203,0.386016529109624,0,0,0,1
4,2,4,28,58,207,0.499262628773448,0,0,0,1
4,2,4,29,51,200,0.427273488745701,0,0,0,1
4,2,4,30,55,193,0.368227204013808,0,0,0,1
4,2,5,1,54,187,0.367295174061191,0,0,0,1
4,2,5,2,54,194,0.377360934006607,0,0,0,1
4,2,5,3,57,199,0.371371088260137,0,0,0,1
4,2,5,4,56,197,0.398927662838527,0,0,0,1
4,2,5,5,50,189,0.41473798252988,0,0,0,1
4,2,5,6,56,201,0.46573774774913,0,0,0,1
4,2,5,7,55,197,0.416124260627384,0,0,0,1
4,2,5,8,54,197,0.441933323094884,0,0,0,1
4,2,5,9,61,202,0.386436592844613,0,0,0,1
4,2,5,10,59,204,0.412188508853522,0,0,0,1
4,2,5,11,53,202,0.447875085829879,0,0,0,1
4,2,5,12,59,202,0.427520404706326,0,0,0,1
4,2,5,13,55,208,0.448841322451774,0,0,0,1
4,2,5,14,51,198,0.442014656760933,0,0,0,1
4,2,5,15,56,201,0.467741709268893,0,0,0,1
4,2,5,16,57,199,0.413180911395578,0,0,0,1
4,2,5,17,57,201,0.378260809067753,0,0,0,1
4,2,5,18,60,207,0.418182445883922,0,0,0,1
4,2,5,19,60,206,0.379177156845967,0,0,0,1
4,2,5,20,59,201,0.38201374949433,0,0,0,1
4,2,5,21,52,190,0.419942416507862,0,0,0,1
4,2,5,22,55,205,0.454864314913392,0,0,0,1
4,2,5,23,62,200,0.352445450503826,0,0,0,1
4,2,5,24,58,208,0.431694959653201,0,0,0,1
4,2,5,25,54,198,0.457323862838521,0,0,0,1
4,2,5,26,55,203,0.451746737999995,0,0,0,1
4,2,5,27,54,208,0.49138596547502,0,0,0,1
4,2,5,28,53,209,0.43505349365882,0,0,0,1
4,2,5,29,56,212,0.475739718364044,0,0,0,1
4,2,5,30,57,198,0.365554457561562,0,0,0,1
4,2,6,1,60,207,0.444253721733839,0,0,0,1
4,2,6,2,59,203,0.392374230274865,0,0,0,1
4,2,6,3,53,196,0.41552435681258,0,0,0,1
4,2,6,4,55,197,0.409246263697023,0,0,0,1
4,2,6,5,59,206,0.451220412703966,0,0,0,1
4,2,6,6,60,207,0.436188107927138,0,0,0,1
4,2,6,7,53,196,0.395686465146492,0,0,0,1
4,2,6,8,56,201,0.415649102388069,0,0,0,1
4,2,6,9,53,191,0.371148509991953,0,0,0,1
4,2,6,10,57,203,0.397594641852653,0,0,0,1
4,2,6,11,51,189,0.366371110584089,0,0,0,1
4,2,6,12,55,200,0.433989973356854,0,0,0,1
4,2,6,13,54,189,0.352561464923332,0,0,0,1
4,2,6,14,60,207,0.436046787668853,0,0,0,1
4,2,6,15,60,194,0.328036271652594,0,0,0,1
4,2,6,16,55,205,0.472356224275551,0,0,0,1
4,2,6,17,55,197,0.369335927260787,0,0,0,1
4,2,6,18,54,201,0.416082221299772,0,0,0,1
4,2,6,19,55,197,0.371289358755723,0,0,0,1
4,2,6,20,58,202,0.383415416576116,0,0,0,1
4,2,6,21,59,215,0.449719436288423,0,0,0,1
4,2,6,22,56,197,0.356707364469593,0,0,0,1
4,2,6,23,56,192,0.342171969259133,0,0,0,1
4,2,6,24,55,195,0.360794943974633,0,0,0,1
4,2,6,25,51,196,0.437633932335043,0,0,0,1
4,2,6,26,58,199,0.364777491378284,0,0,0,1
4,2,6,27,59,200,0.413567638053929,0,0,0,1
4,2,6,28,64,200,0.342389622313431,0,0,0,1
4,2,6,29,60,210,0.438322826868554,0,0,0,1
4,2,6,30,56,198,0.390956853858499,0,0,0,1
4,2,7,1,56,202,0.439364392614959,0,0,0,1
4,2,7,2,52,194,0.434698086414922,0,0,0,1
4,2,7,3,52,200,0.401722056008551,0,0,0,1
4,2,7,4,55,201,0.42029134095425,0,0,0,1
4,2,7,5,61,217,0.43375279006038,0,0,0,1
4,2,7,6,53,199,0.410531560890655,0,0,0,1
4,2,7,7,63,209,0.402251754402931,0,0,0,1
4,2,7,8,53,204,0.424531909106997,0,0,0,1
4,2,7,9,53,200,0.449240384747774,0,0,0,1
4,2,7,10,55,207,0.44412681918514,0,0,0,1
4,2,7,11,58,204,0.397189685659596,0,0,0,1
4,2,7,12,49,195,0.402640970012888,0,0,0,1
4,2,7,13,51,196,0.455760264123862,0,0,0,1
4,2,7,14,56,197,0.379573580263905,0,0,0,1
4,2,7,15,56,205,0.413980782739101,0,0,0,1
4,2,7,16,49,198,0.44703455083843,0,0,0,1
4,2,7,17,58,202,0.410491769685665,0,0,0,1
4,2,7,18,56,196,0.334856434915702,0,0,0,1
4,2,7,19,54,204,0.436056048970316,0,0,0,1
4,2,7,20,54,196,0.40479513841411,0,0,0,1
4,2,7,21,54,203,0.413413540977544,0,0,0,1
4,2,7,22,51,200,0.445938807251113,0,0,0,1
4,2,7,23,52,203,0.452516459493558,0,0,0,1
4,2,7,24,51,193,0.406385899097461,0,0,0,1
4,2,7,25,52,201,0.401493234977971,0,0,0,1
4,2,7,26,54,193,0.344985892907095,0,0,0,1
4,2,7,27,53,194,0.383606376548826,0,0,0,1
4,2,7,28,57,204,0.363317485589296,0,0,0,1
4,2,7,29,51,194,0.375336973775687,0,0,0,1
4,2,7,30,52,194,0.415044948975787,0,0,0,1
4,2,8,1,52,196,0.444884433232894,0,0,0,1
4,2,8,2,56,204,0.405752029559408,0,0,0,1
4,2,8,3,57,195,0.352836516924316,0,0,0,1
4,2,8,4,53,190,0.410048282003886,0,0,0,1
4,2,8,5,53,189,0.36196193064779,0,0,0,1
4,2,8,6,55,194,0.391433906410534,0,0,0,1
4,2,8,7,54,199,0.394728514893809,0,0,0,1
4,2,8,8,54,205,0.461043510165879,0,0,0,1
4,2,8,9,52,198,0.406772197182208,0,0,0,1
4,2,8,10,52,196,0.450871608318335,0,0,0,1
4,2,8,11,55,198,0.42631604365375,0,0,0,1
4,2,8,12,56,198,0.414352489172217,0,0,0,1
4,2,8,13,56,196,0.436426228428104,0,0,0,1
4,2,8,14,56,202,0.404059814910231,0,0,0,1
4,2,8,15,56,190,0.398840699564589,0,0,0,1
4,2,8,16,58,200,0.403349402192135,0,0,0,1
4,2,8,17,54,196,0.416524146222377,0,0,0,1
4,2,8,18,52,190,0.412558297345377,0,0,0,1
4,2,8,19,62,206,0.384588454601048,0,0,0,1
4,2,8,20,55,193,0.416565470324873,0,0,0,1
4,2,8,21,57,196,0.371605701437913,0,0,0,1
4,2,8,22,57,199,0.391851779948962,0,0,0,1
4,2,8,23,54,193,0.445022201059763,0,0,0,1
4,2,8,24,57,202,0.390299514924188,0,0,0,1
4,2,8,25,54,199,0.453386958993731,0,0,0,1
4,2,8,26,59,206,0.506842894759332,0,0,0,1
4,2,8,27,56,201,0.403690188504814,0,0,0,1
4,2,8,28,50,193,0.48378341622961,0,0,0,1
4,2,8,29,58,203,0.394741310128036,0,0,0,1
4,2,8,30,50,192,0.429806443963659,0,0,0,1
4,3,1,1,42,187,0.276732804326943,0,0,0,1
4,3,1,2,42,185,0.211069288443135,0,0,0,1
4,3,1,3,41,176,0.200602061729153,0,0,0,2
4,3,1,4,48,190,0.210290330445453,0,0,0,1
4,3,1,5,39,182,0.24466179084255,0,0,0,1
4,3,1,6,45,186,0.229317081837259,0,0,0,1
4,3,1,7,42,177,0.236829236219662,0,0,0,1
4,3,1,8,38,163,0.178333323451652,0,0,0,2
4,3,1,9,41,176,0.203697753243408,0,0,0,2
4,3,1,10,41,174,0.186976899058684,0,0,0,1
4,3,1,11,45,180,0.19876371763066,0,0,0,1
4,3,1,12,50,190,0.208570540573098,0,0,0,2
4,3,1,13,46,188,0.222431451115735,0,0,0,1
4,3,1,14,41,178,0.231775551523332,0,0,0,1
4,3,1,15,45,184,0.240479863833528,0,0,0,1
4,3,1,16,41,178,0.214105028232454,0,0,0,1
4,3,1,17,44,178,0.184437553109867,0,0,0,1
4,3,1,18,43,188,0.252489421447749,0,0,0,1
4,3,1,19,38,187,0.218886421065956,0,0,0,1
4,3,1,20,49,194,0.222254821809241,0,0,0,1
4,3,1,21,46,195,0.234886612682628,0,0,0,1
4,3,1,22,39,175,0.229646675879368,0,0,0,1
4,3,1,23,50,195,0.235198210077787,0,0,0,1
4,3,1,24,44,192,0.242039972774635,0,0,0,1
4,3,1,25,44,191,0.269231441516529,0,0,0,1
4,3,1,26,43,184,0.216659941060549,0,0,0,1
4,3,1,27,38,177,0.228795253754532,0,0,0,1
4,3,1,28,46,189,0.19307754272664,0,0,0,2
4,3,1,29,43,187,0.265855266614442,0,0,0,1
4,3,1,30,46,187,0.207454092262217,0,0,0,1
4,3,2,1,43,197,0.354284316015992,0,0,0,1
4,3,2,2,42,198,0.352260667890296,0,0,0,1
4,3,2,3,40,193,0.317364931159722,0,0,0,1
4,3,2,4,40,187,0.327577919999354,0,0,0,1
4,3,2,5,36,185,0.348391483145777,0,0,0,1
4,3,2,6,40,188,0.352756535646489,0,0,0,1
4,3,2,7,44,196,0.314675608628281,0,0,0,1
4,3,2,8,43,186,0.306062857035475,0,0,0,1
4,3,2,9,42,192,0.347276614800957,0,0,0,1
4,3,2,10,45,194,0.337365063109633,0,0,0,1
4,3,2,11,39,188,0.343520885466361,0,0,0,1
4,3,2,12,42,187,0.313936859409465,0,0,0,1
4,3,2,13,41,192,0.333592938507796,0,0,0,1
4,3,2,14,43,189,0.330986704287135,0,0,0,1
4,3,2,15,39,185,0.326369872886952,0,0,0,1
4,3,2,16,39,184,0.335599066722215,0,0,0,1
4,3,2,17,42,191,0.363197747713589,0,0,0,1
4,3,2,18,46,197,0.349729056105456,0,0,0,1
4,3,2,19,44,197,0.358720485307193,0,0,0,1
4,3,2,20,43,187,0.340592348344411,0,0,0,1
4,3,2,21,43,193,0.325439299809215,0,0,0,1
4,3,2,22,38,180,0.320562313388527,0,0,0,1
4,3,2,23,43,197,0.351698372906368,0,0,0,1
4,3,2,24,43,189,0.327012895109191,0,0,0,1
4,3,2,25,41,188,0.349284913062214,0,0,0,1
4,3,2,26,41,195,0.36025099044634,0,0,0,1
4,3,2,27,42,194,0.357908418501943,0,0,0,1
4,3,2,28,43,194,0.365958052109236,0,0,0,1
4,3,2,29,44,200,0.340939228385601,0,0,0,1
4,3,2,30,41,188,0.343909050118392,0,0,0,1
4,3,3,1,31,171,0.253991852071,0,0,0,2
4,3,3,2,34,169,0.236117820716908,0,0,0,2
4,3,3,3,32,167,0.244155009156649,0,0,0,2
4,3,3,4,34,168,0.224487621212143,0,0,0,2
4,3,3,5,37,181,0.238495038150354,0,0,0,1
4,3,3,6,38,182,0.267797723971602,0,0,0,2
4,3,3,7,34,177,0.279236809192886,0,0,0,1
4,3,3,8,35,173,0.244881577269739,0,0,0,1
4,3,3,9,29,166,0.243213710645946,0,0,0,2
4,3,3,10,35,183,0.284394195933541,0,0,0,1
4,3,3,11,39,180,0.255325978341224,0,0,0,2
4,3,3,12,34,170,0.241668395345835,0,0,0,2
4,3,3,13,38,185,0.263829692469449,0,0,0,1
4,3,3,14,36,176,0.237849648873982,0,0,0,1
4,3,3,15,35,169,0.268706948775117,0,0,0,1
4,3,3,16,36,176,0.277380158827146,0,0,0,1
4,3,3,17,33,172,0.245856510588501,0,0,0,2
4,3,3,18,37,186,0.304185066798005,0,0,0,1
4,3,3,19,35,171,0.250955206831021,0,0,0,2
4,3,3,20,34,170,0.25882868274947,0,0,0,2
4,3,3,21,39,184,0.268557628572532,0,0,0,1
4,3,3,22,36,180,0.272226083014032,0,0,0,1
4,3,3,23,37,173,0.242060621904296,0,0,0,2
4,3,3,24,34,172,0.275755781354576,0,0,0,2
4,3,3,25,35,177,0.25131114990866,0,0,0,2
4,3,3,26,40,181,0.263617693427926,0,0,0,1
4,3,3,27,36,174,0.239717244305485,0,0,0,1
4,3,3,28,37,180,0.261336243336043,0,0,0,1
4,3,3,29,35,171,0.225353663757081,0,0,0,2
4,3,3,30,35,172,0.261086134063817,0,0,0,2
4,3,4,1,37,182,0.254968218386675,0,0,0,1
4,3,4,2,37,176,0.210986522785594,0,0,0,2
4,3,4,3,37,180,0.29867344856375,0,0,0,1
4,3,4,4,36,178,0.225743596098473,0,0,0,1
4,3,4,5,34,182,0.25288002271405,0,0,0,1
4,3,4,6,44,192,0.219769321346052,0,0,0,1
4,3,4,7,37,184,0.257729195588479,0,0,0,1
4,3,4,8,39,182,0.252122766359009,0,0,0,1
4,3,4,9,40,194,0.257297924723929,0,0,0,1
4,3,4,10,32,174,0.24676330698,0,0,0,1
4,3,4,11,39,188,0.311966108741119,0,0,0,1
4,3,4,12,40,185,0.271826998206413,0,0,0,1
4,3,4,13,34,180,0.262724068154703,0,0,0,1
4,3,4,14,36,188,0.230308502655956,0,0,0,1
4,3,4,15,37,179,0.285395504543531,0,0,0,1
4,3,4,16,36,187,0.301266755955611,0,0,0,1
4,3,4,17,36,177,0.266026315263328,0,0,0,1
4,3,4,18,35,183,0.236334159395997,0,0,0,1
4,3,4,19,37,179,0.274459036723957,0,0,0,1
4,3,4,20,41,197,0.319695535995518,0,0,0,1
4,3,4,21,35,176,0.257027974435463,0,0,0,1
4,3,4,22,38,183,0.252814221963833,0,0,0,1
4,3,4,23,35,185,0.283276234133413,0,0,0,1
4,3,4,24,37,178,0.2513188130098,0,0,0,1
4,3,4,25,42,184,0.209515564074137,0,0,0,1
4,3,4,26,36,181,0.27453913560327,0,0,0,1
4,3,4,27,37,180,0.212882620202092,0,0,0,1
4,3,4,28,40,191,0.310792841843263,0,0,0,1
4,3,4,29,32,176,0.25866838160971,0,0,0,1
4,3,4,30,33,169,0.210502388511145,0,0,0,1
4,3,5,1,47,181,0.183440637074349,0,0,0,2
4,3,5,2,50,184,0.172167201324965,0,0,0,2
4,3,5,3,51,192,0.189006662037565,0,0,0,1
4,3,5,4,53,191,0.192414193065628,0,0,0,1
4,3,5,5,46,185,0.24136974118334,0,0,0,1
4,3,5,6,53,198,0.251332100817839,0,0,0,1
4,3,5,7,48,189,0.213770408796745,0,0,0,1
4,3,5,8,50,182,0.197066190610594,0,0,0,1
4,3,5,9,63,200,0.18854000690322,0,0,0,1
4,3,5,10,55,199,0.21998219305758,0,0,0,1
4,3,5,11,47,194,0.236130404904376,0,0,0,1
4,3,5,12,58,199,0.215306848385951,0,0,0,1
4,3,5,13,50,204,0.238502246410213,0,0,0,1
4,3,5,14,45,192,0.237653656078538,0,0,0,1
4,3,5,15,54,201,0.263072654365769,0,0,0,1
4,3,5,16,50,191,0.209859806211655,0,0,0,1
4,3,5,17,56,199,0.187876063602483,0,0,0,1
4,3,5,18,61,205,0.211476454244706,0,0,0,1
4,3,5,19,53,203,0.184038587735212,0,0,0,1
4,3,5,20,45,192,0.179674210703126,0,0,0,1
4,3,5,21,48,183,0.211035859790476,0,0,0,1
4,3,5,22,53,206,0.249063874903777,0,0,0,1
4,3,5,23,54,191,0.168746559441161,0,0,0,1
4,3,5,24,55,208,0.232604051967994,0,0,0,1
4,3,5,25,49,188,0.225347089276419,0,0,0,1
4,3,5,26,52,196,0.220842120549468,0,0,0,1
4,3,5,27,51,203,0.262957670201778,0,0,0,1
4,3,5,28,47,200,0.213357330519147,0,0,0,1
4,3,5,29,51,206,0.228187981335424,0,0,0,1
4,3,5,30,53,193,0.177939359236819,0,0,0,1
4,3,6,1,49,196,0.327022087994867,0,0,0,1
4,3,6,2,48,195,0.316629264011571,0,0,0,1
4,3,6,3,44,189,0.349664872568394,0,0,0,1
4,3,6,4,43,187,0.302382438893313,0,0,0,1
4,3,6,5,46,194,0.339109506356313,0,0,0,1
4,3,6,6,47,193,0.331755497524872,0,0,0,1
4,3,6,7,44,189,0.318664708751848,0,0,0,1
4,3,6,8,47,194,0.316043048723108,0,0,0,1
4,3,6,9,43,185,0.292966949348896,0,0,0,1
4,3,6,10,46,191,0.297907000825925,0,0,0,1
4,3,6,11,41,180,0.270976666465358,0,0,0,1
4,3,6,12,45,189,0.313181195157532,0,0,0,1
4,3,6,13,44,180,0.276791872182747,0,0,0,1
4,3,6,14,49,196,0.31958176394615,0,0,0,1
4,3,6,15,47,189,0.290691426554256,0,0,0,1
4,3,6,16,45,193,0.337532552720598,0,0,0,1
4,3,6,17,46,192,0.287712380283204,0,0,0,1
4,3,6,18,43,191,0.324937418183298,0,0,0,1
4,3,6,19,44,190,0.28656678685611,0,0,0,1
4,3,6,20,46,187,0.294353954105941,0,0,0,1
4,3,6,21,48,200,0.343215219688217,0,0,0,1
4,3,6,22,43,187,0.272273458700123,0,0,0,1
4,3,6,23,45,185,0.281574648688453,0,0,0,1
4,3,6,24,46,192,0.310500338447294,0,0,0,1
4,3,6,25,42,185,0.320023843195462,0,0,0,1
4,3,6,26,44,189,0.301838643110123,0,0,0,1
4,3,6,27,47,189,0.311527838220589,0,0,0,1
4,3,6,28,50,193,0.281064694725235,0,0,0,1
4,3,6,29,48,201,0.352741178579304,0,0,0,1
4,3,6,30,45,191,0.314353747531621,0,0,0,1
4,3,7,1,42,188,0.314824639133792,0,0,0,1
4,3,7,2,41,189,0.351259842894453,0,0,0,1
4,3,7,3,39,188,0.323449189304164,0,0,0,1
4,3,7,4,41,190,0.318394466338063,0,0,0,1
4,3,7,5,42,194,0.316882358536046,0,0,0,1
4,3,7,6,39,188,0.306058950882326,0,0,0,1
4,3,7,7,43,191,0.305258206258816,0,0,0,1
4,3,7,8,38,188,0.338110021663571,0,0,0,1
4,3,7,9,40,188,0.344806533851282,0,0,0,1
4,3,7,10,42,194,0.337644841675517,0,0,0,1
4,3,7,11,41,188,0.299963452960251,0,0,0,1
4,3,7,12,38,184,0.310666454751403,0,0,0,1
4,3,7,13,40,188,0.35445726797479,0,0,0,1
4,3,7,14,42,187,0.29443389880674,0,0,0,1
4,3,7,15,42,198,0.332496890802048,0,0,0,1
4,3,7,16,39,188,0.327283917777779,0,0,0,1
4,3,7,17,44,193,0.310394820439466,0,0,0,1
4,3,7,18,39,182,0.265418001300657,0,0,0,1
4,3,7,19,41,193,0.339292396587961,0,0,0,1
4,3,7,20,42,189,0.331331015231837,0,0,0,1
4,3,7,21,41,192,0.328420710166968,0,0,0,1
4,3,7,22,40,191,0.329044767467602,0,0,0,1
4,3,7,23,40,191,0.353424652068773,0,0,0,1
4,3,7,24,40,184,0.304034618773626,0,0,0,1
4,3,7,25,40,192,0.325201763533132,0,0,0,1
4,3,7,26,41,185,0.269041976629427,0,0,0,1
4,3,7,27,39,186,0.292862154573362,0,0,0,1
4,3,7,28,42,193,0.30429127955026,0,0,0,1
4,3,7,29,39,186,0.297408849499946,0,0,0,1
4,3,7,30,39,183,0.319758652918561,0,0,0,1
4,3,8,1,41,184,0.301668891269392,0,0,0,1
4,3,8,2,40,193,0.282253030310347,0,0,0,1
4,3,8,3,42,186,0.238947154288434,0,0,0,1
4,3,8,4,39,179,0.281799063995667,0,0,0,1
4,3,8,5,38,177,0.250532680383805,0,0,0,1
4,3,8,6,39,182,0.266516066088709,0,0,0,1
4,3,8,7,39,187,0.263674256546385,0,0,0,1
4,3,8,8,40,196,0.313519116402243,0,0,0,1
4,3,8,9,38,186,0.265327860188574,0,0,0,1
4,3,8,10,38,186,0.293392523332041,0,0,0,1
4,3,8,11,42,190,0.28066217887031,0,0,0,1
4,3,8,12,41,186,0.277858732223685,0,0,0,1
4,3,8,13,41,184,0.310632909460182,0,0,0,1
4,3,8,14,41,188,0.271615777145802,0,0,0,1
4,3,8,15,40,178,0.272134687268353,0,0,0,1
4,3,8,16,41,192,0.27525613811261,0,0,0,1
4,3,8,17,39,184,0.293472560579806,0,0,0,1
4,3,8,18,39,179,0.276198159980424,0,0,0,1
4,3,8,19,43,195,0.253502661064294,0,0,0,1
4,3,8,20,41,184,0.280127021538633,0,0,0,1
4,3,8,21,41,187,0.258751633981061,0,0,0,1
4,3,8,22,42,192,0.281132132504645,0,0,0,1
4,3,8,23,41,184,0.302427571970456,0,0,0,1
4,3,8,24,41,194,0.276232618983288,0,0,0,1
4,3,8,25,41,189,0.302269291886681,0,0,0,1
4,3,8,26,47,198,0.342526503746851,0,0,0,1
4,3,8,27,40,190,0.26740804022987,0,0,0,1
4,3,8,28,39,183,0.325790742695377,0,0,0,1
4,3,8,29,42,192,0.276628301503948,0,0,0,1
4,3,8,30,38,186,0.290892135495505,0,0,0,1
4,4,1,1,52,210,0.256601864752873,0,0,0,1
4,4,1,2,52,203,0.179608478504688,0,0,0,1
4,4,1,3,52,186,0.161116333064566,0,0,0,2
4,4,1,4,63,214,0.166197496261966,0,0,0,1
4,4,1,5,44,193,0.202812660752669,0,0,0,1
4,4,1,6,55,193,0.178358818924357,0,0,0,1
4,4,1,7,47,183,0.211441022489755,0,0,0,1
4,4,1,8,54,576,0.213329773510789,0,0,0,2
4,4,1,9,48,178,0.156933366862294,0,0,0,2
4,4,1,10,49,176,0.13239506777559,0,0,0,2
4,4,1,11,56,196,0.147415677971333,0,0,0,2
4,4,1,12,60,199,0.164066634693383,0,0,0,1
4,4,1,13,60,207,0.191852212076287,0,0,0,1
4,4,1,14,47,190,0.197172488802454,0,0,0,1
4,4,1,15,56,201,0.221194754805769,0,0,0,1
4,4,1,16,49,184,0.156659424257446,0,0,0,1
4,4,1,17,55,188,0.139161457362619,0,0,0,2
4,4,1,18,52,204,0.228676932691295,0,0,0,1
4,4,1,19,48,214,0.202673687254132,0,0,0,1
4,4,1,20,66,213,0.167109517383552,0,0,0,1
4,4,1,21,57,224,0.205059940132592,0,0,0,1
4,4,1,22,41,175,0.180380162450349,0,0,0,1
4,4,1,23,63,220,0.193268079146522,0,0,0,1
4,4,1,24,53,210,0.222393425762672,0,0,0,1
4,4,1,25,50,207,0.250856878066806,0,0,0,1
4,4,1,26,49,189,0.153106162338202,0,0,0,1
4,4,1,27,44,182,0.172565140473202,0,0,0,1
4,4,1,28,58,206,0.154087287809369,0,0,0,2
4,4,1,29,51,200,0.239948371358813,0,0,0,1
4,4,1,30,61,201,0.134754048866344,0,0,0,1
4,4,2,1,54,203,0.257524328750178,0,0,0,1
4,4,2,2,54,208,0.238566166794276,0,0,0,1
4,4,2,3,51,193,0.171414292540418,0,0,0,1
4,4,2,4,53,198,0.215037257364546,0,0,0,1
4,4,2,5,43,194,0.256811740089416,0,0,0,1
4,4,2,6,51,196,0.247268005240847,0,0,0,1
4,4,2,7,68,209,0.174747543182757,0,0,0,1
4,4,2,8,57,201,0.213508559040785,0,0,0,1
4,4,2,9,56,205,0.265319042426001,0,0,0,2
4,4,2,10,71,228,0.254119483175946,0,0,0,2
4,4,2,11,48,195,0.240969933382103,0,0,0,1
4,4,2,12,57,201,0.196077807154522,0,0,0,1
4,4,2,13,57,207,0.24461961362016,0,0,0,1
4,4,2,14,59,211,0.22830555352267,0,0,0,1
4,4,2,15,49,194,0.213670564705854,0,0,0,1
4,4,2,16,49,197,0.265218161208426,0,0,0,1
4,4,2,17,53,204,0.278591098685181,0,0,0,1
4,4,2,18,63,211,0.261866727266499,0,0,0,1
4,4,2,19,54,200,0.257884123796147,0,0,0,1
4,4,2,20,53,192,0.247704436784219,0,0,0,1
4,4,2,21,56,202,0.22194118184845,0,0,0,1
4,4,2,22,45,193,0.254247063629262,0,0,0,2
4,4,2,23,52,202,0.26994207265668,0,0,0,1
4,4,2,24,56,194,0.223310851987875,0,0,0,2
4,4,2,25,50,198,0.281339011712489,0,0,0,1
4,4,2,26,52,203,0.251216252181823,0,0,0,1
4,4,2,27,52,204,0.291598666531206,0,0,0,1
4,4,2,28,50,196,0.283286066125305,0,0,0,1
4,4,2,29,59,216,0.252379462216556,0,0,0,1
4,4,2,30,54,195,0.228261765462155,0,0,0,1
4,4,3,1,38,511,0.199449812258304,0,0,0,2
4,4,3,2,69,510,0.203621980023502,0,0,0,1
4,4,3,3,36,520,0.193984041647692,0,0,0,2
4,4,3,4,59,486,0.195967993602306,0,0,0,1
4,4,3,5,54,470,0.0931275339275355,0,0,0,2
4,4,3,6,66,591,0.182518569061218,0,0,0,2
4,4,3,7,41,596,0.186828069572228,0,0,0,2
4,4,3,8,72,507,0.17878572840688,0,0,0,1
4,4,3,9,34,472,0.22909717551233,0,0,0,2
4,4,3,10,42,192,0.181135352519771,0,0,0,2
4,4,3,11,73,475,0.177161859453572,0,0,0,2
4,4,3,12,41,526,0.195919639486726,0,0,0,2
4,4,3,13,58,512,0.169169362863842,0,0,0,2
4,4,3,14,54,450,0.124271286581952,0,0,0,2
4,4,3,15,46,564,0.166321334071548,0,0,0,2
4,4,3,16,44,581,0.139190577418979,0,0,0,2
4,4,3,17,44,503,0.171664479735295,0,0,0,2
4,4,3,18,45,186,0.171703036343768,0,0,0,2
4,4,3,19,65,559,0.243496079814009,0,0,0,1
4,4,3,20,54,556,0.238965316587446,0,0,0,2
4,4,3,21,57,191,0.137070816478265,0,0,0,2
4,4,3,22,39,173,0.162151417072132,0,0,0,2
4,4,3,23,59,526,0.226524824061259,0,0,0,2
4,4,3,24,48,535,0.223164538585811,0,0,0,2
4,4,3,25,66,557,0.189224348310614,0,0,0,2
4,4,3,26,56,482,0.135965998514094,0,0,0,2
4,4,3,27,70,433,0.18288060577772,0,0,0,1
4,4,3,28,44,531,0.156352871806718,0,0,0,2
4,4,3,29,94,512,0.18792234161153,0,0,0,1
4,4,3,30,63,516,0.23468664189529,0,0,0,2
4,4,4,1,42,186,0.192180734466124,0,0,0,1
4,4,4,2,44,180,0.153145912338786,0,0,0,2
4,4,4,3,40,181,0.249415236062252,0,0,0,1
4,4,4,4,40,178,0.162873442283703,0,0,0,1
4,4,4,5,39,192,0.21048759016342,0,0,0,1
4,4,4,6,64,208,0.147937609932088,0,0,0,1
4,4,4,7,43,197,0.23189890363501,0,0,0,1
4,4,4,8,44,191,0.219982770912011,0,0,0,1
4,4,4,9,47,201,0.198085953265899,0,0,0,2
4,4,4,10,36,174,0.184311825378156,0,0,0,2
4,4,4,11,46,193,0.254598749738287,0,0,0,1
4,4,4,12,48,194,0.220994903957562,0,0,0,2
4,4,4,13,39,185,0.208697272625015,0,0,0,1
4,4,4,14,43,197,0.141966409078915,0,0,0,1
4,4,4,15,40,178,0.228502448379757,0,0,0,1
4,4,4,16,40,192,0.242169486603031,0,0,0,1
4,4,4,17,42,179,0.204795944626066,0,0,0,2
4,4,4,18,45,196,0.180320517170895,0,0,0,1
4,4,4,19,44,186,0.211178012791668,0,0,0,2
4,4,4,20,49,209,0.295703101543102,0,0,0,1
4,4,4,21,38,179,0.216642813918318,0,0,0,1
4,4,4,22,47,188,0.181640303076044,0,0,0,1
4,4,4,23,41,192,0.218379706898814,0,0,0,1
4,4,4,24,42,184,0.217501860872744,0,0,0,1
4,4,4,25,57,188,0.118418444463459,0,0,0,2
4,4,4,26,40,185,0.216609932923999,0,0,0,1
4,4,4,27,45,188,0.16175784756664,0,0,0,2
4,4,4,28,46,199,0.271079660447222,0,0,0,1
4,4,4,29,34,182,0.205779848321994,0,0,0,1
4,4,4,30,36,168,0.151650260516747,0,0,0,1
4,4,5,1,65,495,0.197963641684336,0,0,0,2
4,4,5,2,63,191,0.141216888032189,0,0,0,2
4,4,5,3,70,201,0.135721453511391,0,0,0,1
4,4,5,4,66,198,0.162111472847674,0,0,0,1
4,4,5,5,52,183,0.179268256835739,0,0,0,1
4,4,5,6,60,205,0.227512558357621,0,0,0,1
4,4,5,7,64,198,0.181123754101697,0,0,0,1
4,4,5,8,59,200,0.20960472574699,0,0,0,1
4,4,5,9,80,213,0.158189844322196,0,0,0,2
4,4,5,10,75,212,0.178003119078805,0,0,0,1
4,4,5,11,57,208,0.210485142578324,0,0,0,1
4,4,5,12,70,207,0.190978418590303,0,0,0,1
4,4,5,13,64,226,0.222015079294012,0,0,0,1
4,4,5,14,56,203,0.213298513426342,0,0,0,1
4,4,5,15,63,206,0.229837940578623,0,0,0,1
4,4,5,16,61,202,0.179963777606928,0,0,0,1
4,4,5,17,72,206,0.142695312528105,0,0,0,2
4,4,5,18,77,220,0.186711505071877,0,0,0,1
4,4,5,19,79,228,0.149955714589876,0,0,0,1
4,4,5,20,57,203,0.148956835210108,0,0,0,1
4,4,5,21,55,185,0.183342026841297,0,0,0,1
4,4,5,22,65,213,0.219483351569871,0,0,0,1
4,4,5,23,82,205,0.120052322608268,0,0,0,2
4,4,5,24,71,219,0.198338778735593,0,0,0,1
4,4,5,25,59,199,0.219177629863415,0,0,0,1
4,4,5,26,62,209,0.213839576476893,0,0,0,1
4,4,5,27,61,218,0.257460337954454,0,0,0,1
4,4,5,28,59,227,0.202841019516864,0,0,0,1
4,4,5,29,64,227,0.241649905755484,0,0,0,1
4,4,5,30,75,206,0.137183172789732,0,0,0,2
4,4,6,1,61,202,0.271907880456869,0,0,0,1
4,4,6,2,60,196,0.220830584440524,0,0,0,1
4,4,6,3,52,187,0.248872212379981,0,0,0,1
4,4,6,4,53,190,0.230027468909466,0,0,0,1
4,4,6,5,52,197,0.273637804218798,0,0,0,1
4,4,6,6,59,203,0.259318421678328,0,0,0,1
4,4,6,7,53,188,0.227425671987306,0,0,0,1
4,4,6,8,55,195,0.248470799427883,0,0,0,1
4,4,6,9,52,184,0.212825758048367,0,0,0,1
4,4,6,10,57,199,0.236068689750147,0,0,0,1
4,4,6,11,45,176,0.19432911463835,0,0,0,1
4,4,6,12,54,194,0.262495459914342,0,0,0,1
4,4,6,13,52,178,0.197356314680415,0,0,0,2
4,4,6,14,61,203,0.25640727039667,0,0,0,1
4,4,6,15,60,185,0.169581126732057,0,0,0,2
4,4,6,16,50,198,0.298277995017381,0,0,0,1
4,4,6,17,52,188,0.199772981287228,0,0,0,2
4,4,6,18,50,192,0.243539250858971,0,0,0,1
4,4,6,19,50,186,0.191937063893942,0,0,0,1
4,4,6,20,54,192,0.215457170589266,0,0,0,1
4,4,6,21,59,214,0.27670214106883,0,0,0,1
4,4,6,22,55,188,0.186777594709575,0,0,0,1
4,4,6,23,52,183,0.189316563953771,0,0,0,2
4,4,6,24,55,188,0.191591978797882,0,0,0,1
4,4,6,25,48,187,0.268304389460876,0,0,0,1
4,4,6,26,54,189,0.188140481602381,0,0,0,1
4,4,6,27,56,190,0.243287445200523,0,0,0,1
4,4,6,28,71,193,0.180218766149131,0,0,0,1
4,4,6,29,57,208,0.273728400439891,0,0,0,1
4,4,6,30,53,191,0.224206686194998,0,0,0,2
4,4,7,1,53,197,0.214952089086809,0,0,0,1
4,4,7,2,53,191,0.213551030121017,0,0,0,1
4,4,7,3,52,195,0.180703335580319,0,0,0,2
4,4,7,4,54,199,0.194946737209523,0,0,0,1
4,4,7,5,54,222,0.219136367699561,0,0,0,1
4,4,7,6,46,189,0.193148435458064,0,0,0,1
4,4,7,7,60,210,0.182739619334054,0,0,0,2
4,4,7,8,48,199,0.205861089768593,0,0,0,1
4,4,7,9,53,197,0.226300893043585,0,0,0,1
4,4,7,10,55,207,0.22229960538397,0,0,0,2
4,4,7,11,51,195,0.181769637319646,0,0,0,1
4,4,7,12,47,187,0.180459383416277,0,0,0,1
4,4,7,13,48,191,0.233364506343567,0,0,0,1
4,4,7,14,59,192,0.154081582707578,0,0,0,1
4,4,7,15,55,205,0.189280751816092,0,0,0,1
4,4,7,16,46,193,0.224292530247891,0,0,0,1
4,4,7,17,62,207,0.185839997438294,0,0,0,1
4,4,7,18,48,180,0.114983106405501,0,0,0,2
4,4,7,19,52,201,0.212080998255307,0,0,0,1
4,4,7,20,47,184,0.184691741052583,0,0,0,1
4,4,7,21,55,202,0.185743706487233,0,0,0,1
4,4,7,22,53,202,0.226125012302872,0,0,0,1
4,4,7,23,49,199,0.229163025337232,0,0,0,1
4,4,7,24,50,185,0.182980950794245,0,0,0,1
4,4,7,25,52,199,0.176907833202905,0,0,0,1
4,4,7,26,61,188,0.119853630724302,0,0,0,2
4,4,7,27,47,185,0.158748592718924,0,0,0,2
4,4,7,28,65,207,0.138183825281099,0,0,0,1
4,4,7,29,50,186,0.150881693331544,0,0,0,1
4,4,7,30,52,186,0.19387408672842,0,0,0,1
4,4,8,1,44,182,0.229791004200538,0,0,0,2
4,4,8,2,50,215,0.195023074035948,0,0,0,1
4,4,8,3,50,177,0.133374550079562,0,0,0,1
4,4,8,4,46,175,0.196778777608581,0,0,0,1
4,4,8,5,44,164,0.149467450752,0,0,0,1
4,4,8,6,47,180,0.174549738777175,0,0,0,1
4,4,8,7,46,190,0.175107249487696,0,0,0,1
4,4,8,8,48,210,0.245664569535318,0,0,0,1
4,4,8,9,43,189,0.189538237897991,0,0,0,1
4,4,8,10,43,190,0.237382148709921,0,0,0,1
4,4,8,11,47,192,0.211585788963575,0,0,0,1
4,4,8,12,50,196,0.203440117952438,0,0,0,2
4,4,8,13,51,189,0.219731923892317,0,0,0,1
4,4,8,14,49,198,0.182907220878836,0,0,0,1
4,4,8,15,49,175,0.185302623219152,0,0,0,2
4,4,8,16,51,201,0.201756475158914,0,0,0,1
4,4,8,17,46,184,0.199544988336258,0,0,0,1
4,4,8,18,44,175,0.198948199534642,0,0,0,1
4,4,8,19,59,209,0.167133994529669,0,0,0,1
4,4,8,20,49,185,0.205808547356109,0,0,0,1
4,4,8,21,47,183,0.155147606568354,0,0,0,1
4,4,8,22,48,203,0.196152218855765,0,0,0,1
4,4,8,23,48,185,0.234502055875733,0,0,0,1
4,4,8,24,51,201,0.172308715598132,0,0,0,1
4,4,8,25,48,195,0.238574477566304,0,0,0,1
4,4,8,26,57,211,0.291512210442251,0,0,0,2
4,4,8,27,48,196,0.185629331142678,0,0,0,1
4,4,8,28,43,187,0.274270530797882,0,0,0,1
4,4,8,29,54,210,0.183380118382924,0,0,0,1
4,4,8,30,40,184,0.221868481021906,0,0,0,1
5,1,1,1,54,198,0.392607524259484,0,0,0,1
5,1,1,2,61,207,0.486551150162806,0,0,0,1
5,1,1,3,60,195,0.37672052946149,0,0,0,1
5,1,1,4,59,203,0.414805374441184,0,0,0,1
5,1,1,5,51,194,0.415192270114772,0,0,0,1
5,1,1,6,60,208,0.479866191059961,0,0,0,1
5,1,1,7,56,201,0.422962607166421,0,0,0,1
5,1,1,8,55,198,0.452709817217201,0,0,0,1
5,1,1,9,67,209,0.389336735715104,0,0,0,1
5,1,1,10,55,202,0.456849249052195,0,0,0,1
5,1,1,11,60,201,0.402164201411065,0,0,0,1
5,1,1,12,56,199,0.43064455237682,0,0,0,1
5,1,1,13,63,205,0.393451877750226,0,0,0,1
5,1,1,14,61,194,0.371444327694949,0,0,0,1
5,1,1,15,57,204,0.421698283618462,0,0,0,1
5,1,1,16,52,196,0.398278149236671,0,0,0,1
5,1,1,17,56,190,0.384301165401592,0,0,0,1
5,1,1,18,60,198,0.350611302306818,0,0,0,1
5,1,1,19,52,196,0.431019871651966,0,0,0,1
5,1,1,20,53,201,0.448014010812936,0,0,0,1
5,1,1,21,54,198,0.445732842418056,0,0,0,1
5,1,1,22,61,205,0.415165906098757,0,0,0,1
5,1,1,23,58,196,0.371990169021736,0,0,0,1
5,1,1,24,52,198,0.443527799044127,0,0,0,1
5,1,1,25,59,200,0.404656886442903,0,0,0,1
5,1,1,26,53,200,0.444654121762687,0,0,0,1
5,1,1,27,56,198,0.431602876303726,0,0,0,1
5,1,1,28,59,202,0.452588922231983,0,0,0,1
5,1,1,29,56,203,0.396219326756871,0,0,0,1
5,1,1,30,59,204,0.394361414233998,0,0,0,1
5,1,2,1,56,198,0.43181465468952,0,0,0,1
5,1,2,2,57,195,0.427715550274642,0,0,0,1
5,1,2,3,55,195,0.412535173821683,0,0,0,1
5,1,2,4,57,204,0.424166432882338,0,0,0,1
5,1,2,5,57,203,0.444905305668493,0,0,0,1
5,1,2,6,54,198,0.426776559398568,0,0,0,1
5,1,2,7,50,193,0.435572040297065,0,0,0,1
5,1,2,8,58,201,0.400505926274073,0,0,0,1
5,1,2,9,57,204,0.405058667415982,0,0,0,1
5,1,2,10,54,202,0.404652742049853,0,0,0,1
5,1,2,11,55,203,0.43720274497161,0,0,0,1
5,1,2,12,57,202,0.417846282476319,0,0,0,1
5,1,2,13,58,205,0.429975282655004,0,0,0,1
5,1,2,14,55,202,0.425907296379039,0,0,0,1
5,1,2,15,57,200,0.411908782615907,0,0,0,1
5,1,2,16,56,199,0.426704677303724,0,0,0,1
5,1,2,17,56,196,0.408620774915237,0,0,0,1
5,1,2,18,51,191,0.412910317231256,0,0,0,1
5,1,2,19,54,197,0.414335031563042,0,0,0,1
5,1,2,20,54,196,0.397879626292537,0,0,0,1
5,1,2,21,56,203,0.434112377206181,0,0,0,1
5,1,2,22,59,204,0.42865361940775,0,0,0,1
5,1,2,23,54,197,0.409853078655022,0,0,0,1
5,1,2,24,53,196,0.420523255940939,0,0,0,1
5,1,2,25,56,204,0.442574971123282,0,0,0,1
5,1,2,26,56,200,0.40900534379857,0,0,0,1
5,1,2,27,57,198,0.415120687348721,0,0,0,1
5,1,2,28,55,202,0.41830214275163,0,0,0,1
5,1,2,29,56,200,0.42735069733678,0,0,0,1
5,1,2,30,55,198,0.416329511186252,0,0,0,1
5,1,3,1,53,203,0.448013680067108,0,0,0,1
5,1,3,2,54,208,0.425225684762605,0,0,0,1
5,1,3,3,55,202,0.398799041947113,0,0,0,1
5,1,3,4,54,199,0.393403061422981,0,0,0,1
5,1,3,5,58,209,0.427681335611431,0,0,0,1
5,1,3,6,56,205,0.452999183678031,0,0,0,1
5,1,3,7,52,196,0.405917411369152,0,0,0,1
5,1,3,8,54,197,0.395794678259687,0,0,0,1
5,1,3,9,54,193,0.392116308344132,0,0,0,1
5,1,3,10,54,206,0.439666912237466,0,0,0,1
5,1,3,11,53,196,0.413121545459257,0,0,0,1
5,1,3,12,51,194,0.384700139216218,0,0,0,1
5,1,3,13,54,214,0.421883390629978,0,0,0,1
5,1,3,14,55,208,0.457812368425697,0,0,0,1
5,1,3,15,55,204,0.408541107423444,0,0,0,1
5,1,3,16,53,195,0.390477912187888,0,0,0,1
5,1,3,17,54,199,0.397610445438607,0,0,0,1
5,1,3,18,57,203,0.370931465082496,0,0,0,1
5,1,3,19,55,204,0.433478903206781,0,0,0,1
5,1,3,20,53,199,0.425126110544424,0,0,0,1
5,1,3,21,55,205,0.421464861077783,0,0,0,1
5,1,3,22,53,200,0.40873296576535,0,0,0,1
5,1,3,23,52,198,0.395670861090286,0,0,0,1
5,1,3,24,57,208,0.43489754343701,0,0,0,1
5,1,3,25,54,207,0.45350553798625,0,0,0,1
5,1,3,26,55,208,0.437843713172889,0,0,0,1
5,1,3,27,58,214,0.512174786538352,0,0,0,1
5,1,3,28,56,205,0.445724915336201,0,0,0,1
5,1,3,29,58,210,0.438207755767478,0,0,0,1
5,1,3,30,56,211,0.49063845274421,0,0,0,1
5,1,4,1,62,201,0.374566821189596,0,0,0,1
5,1,4,2,48,190,0.3510055010476,0,0,0,1
5,1,4,3,60,205,0.435508520437683,0,0,0,1
5,1,4,4,49,195,0.381741414692535,0,0,0,1
5,1,4,5,58,203,0.41595114605736,0,0,0,1
5,1,4,6,53,192,0.388684326101039,0,0,0,1
5,1,4,7,62,209,0.416936385785187,0,0,0,1
5,1,4,8,59,207,0.403820461197553,0,0,0,1
5,1,4,9,53,195,0.398834324692711,0,0,0,1
5,1,4,10,56,204,0.441071362125042,0,0,0,1
5,1,4,11,52,199,0.405715003235631,0,0,0,1
5,1,4,12,57,207,0.385145293507702,0,0,0,1
5,1,4,13,62,200,0.36886958854595,0,0,0,1
5,1,4,14,57,210,0.429060597465992,0,0,0,1
5,1,4,15,50,198,0.461876226053126,0,0,0,1
5,1,4,16,57,201,0.427891572649251,0,0,0,1
5,1,4,17,58,200,0.379940183496096,0,0,0,1
5,1,4,18,52,207,0.464758566018808,0,0,0,1
5,1,4,19,54,197,0.434106856804528,0,0,0,1
5,1,4,20,60,204,0.397078576282139,0,0,0,1
5,1,4,21,59,204,0.393550563889679,0,0,0,1
5,1,4,22,52,193,0.361674915267211,0,0,0,1
5,1,4,23,64,206,0.381438674402263,0,0,0,1
5,1,4,24,53,204,0.443685722672472,0,0,0,1
5,1,4,25,51,198,0.450528226577846,0,0,0,1
5,1,4,26,54,192,0.400853802707564,0,0,0,1
5,1,4,27,58,199,0.367263561758352,0,0,0,1
5,1,4,28,59,207,0.426898736389904,0,0,0,1
5,1,4,29,61,206,0.390848618876888,0,0,0,1
5,1,4,30,55,197,0.374636805447924,0,0,0,1
5,1,5,1,56,195,0.371563471526726,0,0,0,1
5,1,5,2,58,204,0.409033095961417,0,0,0,1
5,1,5,3,51,193,0.375344614310337,0,0,0,1
5,1,5,4,54,198,0.411238619369919,0,0,0,1
5,1,5,5,55,204,0.468783266798302,0,0,0,1
5,1,5,6,61,207,0.413771119243402,0,0,0,1
5,1,5,7,53,198,0.426630861335024,0,0,0,1
5,1,5,8,59,207,0.427933552156726,0,0,0,1
5,1,5,9,54,197,0.413386739551909,0,0,0,1
5,1,5,10,54,198,0.453770768813355,0,0,0,1
5,1,5,11,58,201,0.432834796303898,0,0,0,1
5,1,5,12,59,200,0.384748231543355,0,0,0,1
5,1,5,13,56,203,0.452591998275573,0,0,0,1
5,1,5,14,58,202,0.435287778211821,0,0,0,1
5,1,5,15,57,197,0.465189121746585,0,0,0,1
5,1,5,16,57,200,0.414001146986823,0,0,0,1
5,1,5,17,55,198,0.40285869983513,0,0,0,1
5,1,5,18,53,196,0.473169664040427,0,0,0,1
5,1,5,19,58,197,0.394262492642905,0,0,0,1
5,1,5,20,53,198,0.412025786511668,0,0,0,1
5,1,5,21,62,205,0.42757537918853,0,0,0,1
5,1,5,22,58,204,0.419191200322807,0,0,0,1
5,1,5,23,54,195,0.363653550680756,0,0,0,1
5,1,5,24,59,200,0.395076865201176,0,0,0,1
5,1,5,25,59,199,0.375429823273982,0,0,0,1
5,1,5,26,52,192,0.392657228106348,0,0,0,1
5,1,5,27,57,210,0.478830809132104,0,0,0,1
5,1,5,28,57,199,0.377862310684789,0,0,0,1
5,1,5,29,54,203,0.431394561952414,0,0,0,1
5,1,5,30,61,199,0.402126445894825,0,0,0,1
5,1,6,1,52,197,0.412182336773298,0,0,0,1
5,1,6,2,53,199,0.446400063468413,0,0,0,1
5,1,6,3,53,194,0.418586146700804,0,0,0,1
5,1,6,4,53,201,0.409362840249697,0,0,0,1
5,1,6,5,58,201,0.388981075601776,0,0,0,1
5,1,6,6,53,202,0.435748456183075,0,0,0,1
5,1,6,7,51,201,0.436685802382466,0,0,0,1
5,1,6,8,53,201,0.422531444746118,0,0,0,1
5,1,6,9,56,207,0.423832990051715,0,0,0,1
5,1,6,10,54,201,0.457188257587319,0,0,0,1
5,1,6,11,54,198,0.383856884492994,0,0,0,1
5,1,6,12,53,194,0.351508933853249,0,0,0,1
5,1,6,13,57,209,0.421879042085349,0,0,0,1
5,1,6,14,53,203,0.439041485920621,0,0,0,1
5,1,6,15,53,196,0.375091787664877,0,0,0,1
5,1,6,16,55,200,0.385256119041676,0,0,0,1
5,1,6,17,59,207,0.435073941731879,0,0,0,1
5,1,6,18,55,205,0.457203409172134,0,0,0,1
5,1,6,19,52,199,0.440180681276755,0,0,0,1
5,1,6,20,54,203,0.409533186235194,0,0,0,1
5,1,6,21,57,203,0.3992365633077,0,0,0,1
5,1,6,22,53,197,0.400415179313713,0,0,0,1
5,1,6,23,53,199,0.397914896615762,0,0,0,1
5,1,6,24,56,201,0.385454136929791,0,0,0,1
5,1,6,25,55,196,0.362005402875937,0,0,0,1
5,1,6,26,58,204,0.403714250790935,0,0,0,1
5,1,6,27,55,202,0.444184266819299,0,0,0,1
5,1,6,28,54,204,0.43526140298881,0,0,0,1
5,1,6,29,57,195,0.35837217486468,0,0,0,1
5,1,6,30,54,197,0.405635268410483,0,0,0,1
5,1,7,1,53,199,0.405820534513028,0,0,0,1
5,1,7,2,56,205,0.456849244573031,0,0,0,1
5,1,7,3,58,206,0.432124222862247,0,0,0,1
5,1,7,4,56,203,0.391961284719329,0,0,0,1
5,1,7,5,53,197,0.404626467861665,0,0,0,1
5,1,7,6,60,214,0.455370726005248,0,0,0,1
5,1,7,7,58,208,0.418297055419566,0,0,0,1
5,1,7,8,51,196,0.412911211239443,0,0,0,1
5,1,7,9,55,199,0.385265136439482,0,0,0,1
5,1,7,10,56,206,0.427267613044156,0,0,0,1
5,1,7,11,54,198,0.372496601697463,0,0,0,1
5,1,7,12,57,205,0.415586921334654,0,0,0,1
5,1,7,13,58,204,0.401455096975648,0,0,0,1
5,1,7,14,54,204,0.431867677644659,0,0,0,1
5,1,7,15,51,200,0.41909766661463,0,0,0,1
5,1,7,16,56,208,0.434293527930279,0,0,0,1
5,1,7,17,57,205,0.432931239227017,0,0,0,1
5,1,7,18,50,193,0.424435119964028,0,0,0,1
5,1,7,19,51,197,0.401888008760136,0,0,0,1
5,1,7,20,53,196,0.396306813757649,0,0,0,1
5,1,7,21,59,208,0.431720917829791,0,0,0,1
5,1,7,22,55,200,0.433286188918933,0,0,0,1
5,1,7,23,52,199,0.405548865751765,0,0,0,1
5,1,7,24,54,206,0.409764498502568,0,0,0,1
5,1,7,25,56,201,0.395134923675405,0,0,0,1
5,1,7,26,57,206,0.437717547179197,0,0,0,1
5,1,7,27,51,200,0.416379222800514,0,0,0,1
5,1,7,28,55,201,0.414327236272165,0,0,0,1
5,1,7,29,57,204,0.417752553990743,0,0,0,1
5,1,7,30,58,204,0.430763412415983,0,0,0,1
5,1,8,1,57,198,0.404319913901762,0,0,0,1
5,1,8,2,66,206,0.382297132228584,0,0,0,1
5,1,8,3,53,196,0.388324368547205,0,0,0,1
5,1,8,4,48,190,0.419978960740761,0,0,0,1
5,1,8,5,64,212,0.42400652964703,0,0,0,1
5,1,8,6,63,204,0.392394557542926,0,0,0,1
5,1,8,7,57,199,0.425875306234639,0,0,0,1
5,1,8,8,53,197,0.402212784130391,0,0,0,1
5,1,8,9,59,202,0.385405774360158,0,0,0,1
5,1,8,10,54,197,0.448116509996724,0,0,0,1
5,1,8,11,54,196,0.412205630013129,0,0,0,1
5,1,8,12,55,200,0.418360915424956,0,0,0,1
5,1,8,13,51,194,0.445987483679027,0,0,0,1
5,1,8,14,61,201,0.378860504105248,0,0,0,1
5,1,8,15,56,196,0.361009676446229,0,0,0,1
5,1,8,16,54,201,0.424735395978856,0,0,0,1
5,1,8,17,54,193,0.358326381496963,0,0,0,1
5,1,8,18,55,199,0.445296445517776,0,0,0,1
5,1,8,19,54,201,0.397194178093424,0,0,0,1
5,1,8,20,55,200,0.417923499025235,0,0,0,1
5,1,8,21,58,203,0.420633645304582,0,0,0,1
5,1,8,22,56,196,0.42205234944348,0,0,0,1
5,1,8,23,57,200,0.353744987976951,0,0,0,1
5,1,8,24,56,199,0.412078455991971,0,0,0,1
5,1,8,25,58,198,0.401350040752018,0,0,0,1
5,1,8,26,60,203,0.403415005920433,0,0,0,1
5,1,8,27,49,193,0.470147593527393,0,0,0,1
5,1,8,28,57,197,0.41522495751225,0,0,0,1
5,1,8,29,56,195,0.446032281264207,0,0,0,1
5,1,8,30,55,202,0.48025884439747,0,0,0,1
5,2,1,1,53,194,0.386541021674196,0,0,0,1
5,2,1,2,60,208,0.528449396702834,0,0,0,1
5,2,1,3,60,193,0.355705132369107,0,0,0,1
5,2,1,4,58,201,0.405410949957182,0,0,0,1
5,2,1,5,49,189,0.406271070480608,0,0,0,1
5,2,1,6,63,214,0.499080693193537,0,0,0,1
5,2,1,7,57,204,0.422118842246378,0,0,0,1
5,2,1,8,55,198,0.472519900058412,0,0,0,1
5,2,1,9,69,210,0.379900367815757,0,0,0,1
5,2,1,10,54,202,0.466615720187829,0,0,0,1
5,2,1,11,61,202,0.401861714884959,0,0,0,1
5,2,1,12,56,196,0.404561718725556,0,0,0,1
5,2,1,13,64,206,0.385785313528319,0,0,0,1
5,2,1,14,65,194,0.33453966905172,0,0,0,1
5,2,1,15,59,204,0.397441970443158,0,0,0,1
5,2,1,16,50,194,0.386152785255852,0,0,0,1
5,2,1,17,55,185,0.35609428983146,0,0,0,2
5,2,1,18,60,197,0.341687382516543,0,0,0,1
5,2,1,19,52,197,0.439864196011003,0,0,0,1
5,2,1,20,50,197,0.444294727449057,0,0,0,1
5,2,1,21,52,198,0.454024283110503,0,0,0,1
5,2,1,22,63,206,0.40743631065017,0,0,0,1
5,2,1,23,61,198,0.34704913065696,0,0,0,1
5,2,1,24,50,194,0.420020182294333,0,0,0,1
5,2,1,25,60,204,0.427353017533178,0,0,0,1
5,2,1,26,52,201,0.476547411834005,0,0,0,1
5,2,1,27,54,194,0.417278389633106,0,0,0,1
5,2,1,28,60,202,0.469341312280624,0,0,0,1
5,2,1,29,59,203,0.348122126868932,0,0,0,1
5,2,1,30,59,208,0.40005640034941,0,0,0,1
5,2,2,1,55,198,0.438436802678375,0,0,0,1
5,2,2,2,56,191,0.427146172434986,0,0,0,1
5,2,2,3,53,194,0.41215420872521,0,0,0,1
5,2,2,4,56,207,0.439028694511653,0,0,0,1
5,2,2,5,56,205,0.465509768252612,0,0,0,1
5,2,2,6,52,201,0.451923203074706,0,0,0,1
5,2,2,7,48,192,0.456630059311751,0,0,0,1
5,2,2,8,59,202,0.416241825921058,0,0,0,1
5,2,2,9,57,201,0.380312765739845,0,0,0,1
5,2,2,10,53,202,0.405982459090848,0,0,0,1
5,2,2,11,55,203,0.435167117023481,0,0,0,1
5,2,2,12,58,206,0.449444805366226,0,0,0,1
5,2,2,13,59,211,0.460936946946788,0,0,0,1
5,2,2,14,51,202,0.457344242957379,0,0,0,1
5,2,2,15,56,200,0.414681635679383,0,0,0,1
5,2,2,16,54,196,0.442496443158862,0,0,0,1
5,2,2,17,57,197,0.406125638683333,0,0,0,1
5,2,2,18,50,190,0.408004465039541,0,0,0,1
5,2,2,19,53,196,0.409460277872055,0,0,0,1
5,2,2,20,53,195,0.389311489020531,0,0,0,1
5,2,2,21,55,204,0.459627364847334,0,0,0,1
5,2,2,22,60,210,0.45281927510113,0,0,0,1
5,2,2,23,51,194,0.410232735490035,0,0,0,1
5,2,2,24,51,195,0.423424266035617,0,0,0,1
5,2,2,25,57,206,0.455068059067404,0,0,0,1
5,2,2,26,55,200,0.411614306299606,0,0,0,1
5,2,2,27,58,198,0.419592291334623,0,0,0,1
5,2,2,28,56,204,0.419145602347942,0,0,0,1
5,2,2,29,54,198,0.435620975820871,0,0,0,1
5,2,2,30,54,199,0.431986422199303,0,0,0,1
5,2,3,1,52,204,0.478140051193621,0,0,0,1
5,2,3,2,54,208,0.42039384336586,0,0,0,1
5,2,3,3,54,201,0.3947372303804,0,0,0,1
5,2,3,4,54,201,0.388571523813051,0,0,0,1
5,2,3,5,61,214,0.424739547258313,0,0,0,1
5,2,3,6,55,205,0.474988136011712,0,0,0,1
5,2,3,7,53,198,0.429034671984104,0,0,0,1
5,2,3,8,53,195,0.388026802452949,0,0,0,1
5,2,3,9,53,188,0.357972626833593,0,0,0,1
5,2,3,10,54,207,0.456159017337704,0,0,0,1
5,2,3,11,53,194,0.398422241981525,0,0,0,1
5,2,3,12,49,189,0.376786018474277,0,0,0,1
5,2,3,13,52,214,0.41617276220045,0,0,0,1
5,2,3,14,55,214,0.523360811057029,0,0,0,1
5,2,3,15,54,203,0.401237741485122,0,0,0,1
5,2,3,16,53,193,0.386699371367949,0,0,0,1
5,2,3,17,53,199,0.406593945030467,0,0,0,1
5,2,3,18,57,203,0.345108711928847,0,0,0,1
5,2,3,19,55,207,0.468939163692204,0,0,0,1
5,2,3,20,52,198,0.451900843720746,0,0,0,1
5,2,3,21,55,207,0.447696034115908,0,0,0,1
5,2,3,22,52,200,0.417585633615253,0,0,0,1
5,2,3,23,54,201,0.395496604568628,0,0,0,1
5,2,3,24,56,210,0.478110258086169,0,0,0,1
5,2,3,25,53,207,0.477521156701727,0,0,0,1
5,2,3,26,55,211,0.448249081564603,0,0,0,1
5,2,3,27,58,216,0.570247751573443,0,0,0,1
5,2,3,28,56,207,0.460889272110439,0,0,0,1
5,2,3,29,57,209,0.450797904424154,0,0,0,1
5,2,3,30,57,217,0.542695103876731,0,0,0,1
5,2,4,1,65,201,0.339238996344882,0,0,0,1
5,2,4,2,48,187,0.324407608953511,0,0,0,1
5,2,4,3,62,205,0.434544040456944,0,0,0,1
5,2,4,4,46,189,0.37020915257732,0,0,0,1
5,2,4,5,60,205,0.401969111411918,0,0,0,1
5,2,4,6,53,190,0.385826897365001,0,0,0,1
5,2,4,7,64,209,0.389960563809698,0,0,0,1
5,2,4,8,63,209,0.385491588488271,0,0,0,1
5,2,4,9,54,196,0.391174327736144,0,0,0,1
5,2,4,10,56,204,0.449546362929356,0,0,0,1
5,2,4,11,50,196,0.410419855571139,0,0,0,1
5,2,4,12,58,210,0.391020812928345,0,0,0,1
5,2,4,13,64,203,0.367307270857984,0,0,0,1
5,2,4,14,56,214,0.458190949567681,0,0,0,1
5,2,4,15,52,204,0.504000142963475,0,0,0,1
5,2,4,16,57,199,0.409264762017132,0,0,0,1
5,2,4,17,62,203,0.362071452623205,0,0,0,1
5,2,4,18,52,209,0.497376205430539,0,0,0,1
5,2,4,19,52,194,0.438500022077797,0,0,0,1
5,2,4,20,62,203,0.386923424372934,0,0,0,1
5,2,4,21,59,203,0.378310348420301,0,0,0,1
5,2,4,22,48,189,0.367640948434454,0,0,0,1
5,2,4,23,65,205,0.368268954652438,0,0,0,1
5,2,4,24,52,203,0.445469569817969,0,0,0,1
5,2,4,25,50,197,0.469694559146122,0,0,0,1
5,2,4,26,54,190,0.388363902962306,0,0,0,1
5,2,4,27,59,195,0.32180192844872,0,0,0,1
5,2,4,28,61,207,0.414350054122224,0,0,0,1
5,2,4,29,62,211,0.437006368080027,0,0,0,1
5,2,4,30,52,191,0.340458391697821,0,0,0,1
5,2,5,1,55,189,0.34130271519458,0,0,0,1
5,2,5,2,58,205,0.412029938824752,0,0,0,1
5,2,5,3,51,190,0.357339733960545,0,0,0,1
5,2,5,4,53,193,0.386171265094192,0,0,0,1
5,2,5,5,54,202,0.473436359367879,0,0,0,1
5,2,5,6,61,210,0.427253995081766,0,0,0,1
5,2,5,7,52,197,0.437163027937887,0,0,0,1
5,2,5,8,58,209,0.455950352983286,0,0,0,1
5,2,5,9,52,195,0.41732913676101,0,0,0,1
5,2,5,10,53,195,0.451122495714049,0,0,0,1
5,2,5,11,56,198,0.424259887335605,0,0,0,1
5,2,5,12,61,202,0.395863282767335,0,0,0,1
5,2,5,13,55,200,0.426973302691224,0,0,0,1
5,2,5,14,58,203,0.446072916487679,0,0,0,1
5,2,5,15,55,196,0.485736395483491,0,0,0,1
5,2,5,16,58,201,0.425017226757464,0,0,0,1
5,2,5,17,57,199,0.391083391100482,0,0,0,1
5,2,5,18,51,192,0.471637885838049,0,0,0,1
5,2,5,19,58,195,0.372808066003668,0,0,0,1
5,2,5,20,52,202,0.459167171241854,0,0,0,1
5,2,5,21,63,208,0.449436604606088,0,0,0,1
5,2,5,22,57,205,0.422251322455833,0,0,0,1
5,2,5,23,53,191,0.335553873328843,0,0,0,1
5,2,5,24,57,203,0.442889294246702,0,0,0,1
5,2,5,25,60,195,0.342045733324293,0,0,0,1
5,2,5,26,50,188,0.388356383271375,0,0,0,1
5,2,5,27,58,214,0.521290900608201,0,0,0,1
5,2,5,28,56,203,0.391752578849982,0,0,0,1
5,2,5,29,54,206,0.438130472206419,0,0,0,1
5,2,5,30,61,200,0.410316314090322,0,0,0,1
5,2,6,1,50,192,0.400141494919809,0,0,0,1
5,2,6,2,52,201,0.487549642230375,0,0,0,1
5,2,6,3,51,192,0.432010227338278,0,0,0,1
5,2,6,4,51,203,0.413727079260914,0,0,0,1
5,2,6,5,59,203,0.391443549596432,0,0,0,1
5,2,6,6,54,206,0.468450864605369,0,0,0,1
5,2,6,7,49,202,0.444986687056379,0,0,0,1
5,2,6,8,52,202,0.464348438153973,0,0,0,1
5,2,6,9,56,214,0.432709536756929,0,0,0,1
5,2,6,10,52,197,0.469112931891988,0,0,0,1
5,2,6,11,55,200,0.380568903050607,0,0,0,1
5,2,6,12,53,189,0.302851143767643,0,0,0,1
5,2,6,13,57,213,0.468150044806182,0,0,0,1
5,2,6,14,52,201,0.444163968934555,0,0,0,1
5,2,6,15,53,193,0.340257931588481,0,0,0,1
5,2,6,16,55,197,0.359346696441757,0,0,0,1
5,2,6,17,59,205,0.410414140936603,0,0,0,1
5,2,6,18,54,209,0.539547679666296,0,0,0,1
5,2,6,19,51,200,0.489334567416537,0,0,0,1
5,2,6,20,53,204,0.414648979393069,0,0,0,1
5,2,6,21,56,204,0.415393432386867,0,0,0,1
5,2,6,22,54,203,0.431986453223137,0,0,0,1
5,2,6,23,52,201,0.408368015458792,0,0,0,1
5,2,6,24,56,199,0.37545121770626,0,0,0,1
5,2,6,25,52,186,0.321409154541044,0,0,0,1
5,2,6,26,60,213,0.445491959502922,0,0,0,1
5,2,6,27,55,197,0.415020671292748,0,0,0,1
5,2,6,28,54,206,0.448522146333212,0,0,0,1
5,2,6,29,57,197,0.346700548658487,0,0,0,1
5,2,6,30,54,195,0.399895553979939,0,0,0,1
5,2,7,1,53,198,0.398014893439341,0,0,0,1
5,2,7,2,55,206,0.478105042633952,0,0,0,1
5,2,7,3,60,215,0.479132891936681,0,0,0,1
5,2,7,4,56,199,0.366869561129684,0,0,0,1
5,2,7,5,52,195,0.40352087667783,0,0,0,1
5,2,7,6,60,220,0.505964253064204,0,0,0,1
5,2,7,7,59,213,0.425730877231615,0,0,0,1
5,2,7,8,52,197,0.412995294200979,0,0,0,1
5,2,7,9,57,200,0.375251091493341,0,0,0,1
5,2,7,10,58,210,0.419064380204946,0,0,0,1
5,2,7,11,53,195,0.326386255012544,0,0,0,1
5,2,7,12,57,205,0.410160493410218,0,0,0,1
5,2,7,13,64,214,0.404393838718588,0,0,0,1
5,2,7,14,53,202,0.439950050233602,0,0,0,1
5,2,7,15,51,207,0.425849846402631,0,0,0,1
5,2,7,16,58,219,0.463835535465466,0,0,0,1
5,2,7,17,60,207,0.436445596209116,0,0,0,1
5,2,7,18,48,191,0.414359492801749,0,0,0,1
5,2,7,19,50,194,0.389301267851212,0,0,0,1
5,2,7,20,53,195,0.394752132023232,0,0,0,1
5,2,7,21,61,215,0.456832144934417,0,0,0,1
5,2,7,22,54,199,0.449010837630012,0,0,0,1
5,2,7,23,53,206,0.418796809304525,0,0,0,1
5,2,7,24,55,212,0.423421857893843,0,0,0,1
5,2,7,25,56,205,0.40115772639123,0,0,0,1
5,2,7,26,60,216,0.462890066257061,0,0,0,1
5,2,7,27,54,211,0.446761325025654,0,0,0,1
5,2,7,28,56,205,0.42992763449511,0,0,0,1
5,2,7,29,59,208,0.41049103519417,0,0,0,1
5,2,7,30,59,206,0.448835462310369,0,0,0,1
5,2,8,1,58,199,0.400679743858997,0,0,0,1
5,2,8,2,69,208,0.373767203336618,0,0,0,1
5,2,8,3,53,195,0.391466679308663,0,0,0,1
5,2,8,4,46,188,0.449666583543216,0,0,0,1
5,2,8,5,65,215,0.419143213683957,0,0,0,1
5,2,8,6,65,207,0.380835996517405,0,0,0,1
5,2,8,7,55,197,0.439840697965897,0,0,0,1
5,2,8,8,52,194,0.385869235199606,0,0,0,1
5,2,8,9,62,205,0.351846481476633,0,0,0,1
5,2,8,10,54,197,0.424727664430005,0,0,0,1
5,2,8,11,53,195,0.434169905526156,0,0,0,1
5,2,8,12,53,200,0.411927574898181,0,0,0,1
5,2,8,13,50,192,0.437601724208819,0,0,0,1
5,2,8,14,63,203,0.337517398870903,0,0,0,1
5,2,8,15,56,194,0.329431981702296,0,0,0,1
5,2,8,16,53,199,0.403743467561826,0,0,0,1
5,2,8,17,53,193,0.370790651651414,0,0,0,1
5,2,8,18,55,199,0.443036822680721,0,0,0,1
5,2,8,19,53,199,0.392841127549881,0,0,0,1
5,2,8,20,56,203,0.435443668445727,0,0,0,1
5,2,8,21,60,207,0.43574180216081,0,0,0,1
5,2,8,22,57,196,0.416979136106452,0,0,0,1
5,2,8,23,56,200,0.355131742696366,0,0,0,1
5,2,8,24,56,199,0.423928572425689,0,0,0,1
5,2,8,25,58,198,0.385176016697303,0,0,0,1
5,2,8,26,60,202,0.404289391608319,0,0,0,1
5,2,8,27,48,192,0.497283062518244,0,0,0,1
5,2,8,28,58,198,0.415296663595752,0,0,0,1
5,2,8,29,55,195,0.465005651929602,0,0,0,1
5,2,8,30,55,202,0.47793704393471,0,0,0,1
5,3,1,1,40,179,0.272558349957533,0,0,0,1
5,3,1,2,50,195,0.357467507352196,0,0,0,1
5,3,1,3,46,179,0.259194352390536,0,0,0,1
5,3,1,4,46,187,0.290146146021123,0,0,0,1
5,3,1,5,38,176,0.294487817939774,0,0,0,1
5,3,1,6,48,196,0.349829728705193,0,0,0,1
5,3,1,7,42,184,0.29814056315292,0,0,0,1
5,3,1,8,43,183,0.328345165193739,0,0,0,1
5,3,1,9,54,194,0.261509307333957,0,0,0,1
5,3,1,10,43,186,0.331470355822001,0,0,0,1
5,3,1,11,47,185,0.278319705093252,0,0,0,1
5,3,1,12,44,183,0.31021063616609,0,0,0,1
5,3,1,13,49,190,0.270076719515329,0,0,0,1
5,3,1,14,48,178,0.254780046911758,0,0,0,1
5,3,1,15,43,187,0.296251337173657,0,0,0,1
5,3,1,16,37,177,0.276683171427337,0,0,0,1
5,3,1,17,43,172,0.269698127284008,0,0,0,2
5,3,1,18,46,178,0.232604160695348,0,0,0,1
5,3,1,19,38,180,0.311435234971923,0,0,0,1
5,3,1,20,40,185,0.323514035282616,0,0,0,1
5,3,1,21,41,182,0.323187614453676,0,0,0,1
5,3,1,22,49,189,0.288655408512189,0,0,0,1
5,3,1,23,44,180,0.256898687475322,0,0,0,1
5,3,1,24,39,182,0.32102935270635,0,0,0,1
5,3,1,25,46,183,0.282317569111921,0,0,0,1
5,3,1,26,40,183,0.319288450284779,0,0,0,1
5,3,1,27,43,182,0.308353493512816,0,0,0,1
5,3,1,28,48,188,0.327296449550807,0,0,0,1
5,3,1,29,41,184,0.271659922706603,0,0,0,1
5,3,1,30,44,186,0.267506647797166,0,0,0,1
5,3,2,1,42,190,0.328587510688887,0,0,0,1
5,3,2,2,44,190,0.328494688747651,0,0,0,1
5,3,2,3,41,189,0.312344516635399,0,0,0,1
5,3,2,4,43,197,0.319041390161611,0,0,0,1
5,3,2,5,44,196,0.340629612442635,0,0,0,1
5,3,2,6,41,189,0.325445616506086,0,0,0,1
5,3,2,7,39,192,0.344110146226201,0,0,0,1
5,3,2,8,43,192,0.295368681447381,0,0,0,1
5,3,2,9,42,193,0.298236965651608,0,0,0,1
5,3,2,10,39,189,0.299602988375779,0,0,0,1
5,3,2,11,41,193,0.333091953778461,0,0,0,1
5,3,2,12,43,194,0.313407731676312,0,0,0,1
5,3,2,13,43,196,0.323356649682036,0,0,0,1
5,3,2,14,42,193,0.321986540461759,0,0,0,1
5,3,2,15,43,194,0.308330561658913,0,0,0,1
5,3,2,16,42,193,0.324616209425677,0,0,0,1
5,3,2,17,43,191,0.309176863733394,0,0,0,1
5,3,2,18,39,186,0.316765568393099,0,0,0,1
5,3,2,19,41,192,0.314425266455824,0,0,0,1
5,3,2,20,38,187,0.295013069409947,0,0,0,1
5,3,2,21,42,195,0.329331639814954,0,0,0,1
5,3,2,22,45,195,0.322759578135489,0,0,0,1
5,3,2,23,41,194,0.311263634081957,0,0,0,1
5,3,2,24,41,194,0.324352736009575,0,0,0,1
5,3,2,25,42,192,0.337242020237419,0,0,0,1
5,3,2,26,43,191,0.306501272159635,0,0,0,1
5,3,2,27,44,194,0.314633217416401,0,0,0,1
5,3,2,28,42,192,0.314464003145836,0,0,0,1
5,3,2,29,43,192,0.324969795944179,0,0,0,1
5,3,2,30,42,190,0.314727872924077,0,0,0,1
5,3,3,1,41,188,0.325897368548541,0,0,0,1
5,3,3,2,41,194,0.30124530472688,0,0,0,1
5,3,3,3,42,187,0.281744127258287,0,0,0,1
5,3,3,4,40,183,0.277413011854967,0,0,0,1
5,3,3,5,45,195,0.303896123746649,0,0,0,1
5,3,3,6,44,192,0.329908764377657,0,0,0,1
5,3,3,7,40,181,0.290277744396324,0,0,0,1
5,3,3,8,42,182,0.280563979434434,0,0,0,1
5,3,3,9,41,177,0.277007933009308,0,0,0,1
5,3,3,10,42,192,0.316587123092317,0,0,0,1
5,3,3,11,42,181,0.295017187866829,0,0,0,1
5,3,3,12,38,178,0.275659631723837,0,0,0,1
5,3,3,13,40,198,0.296710908294425,0,0,0,1
5,3,3,14,44,195,0.332906480374814,0,0,0,1
5,3,3,15,42,189,0.288421046341001,0,0,0,1
5,3,3,16,40,179,0.276129145458678,0,0,0,2
5,3,3,17,40,184,0.284769692533044,0,0,0,2
5,3,3,18,43,188,0.253675516746685,0,0,0,1
5,3,3,19,43,191,0.311523172372434,0,0,0,1
5,3,3,20,40,184,0.302571894019684,0,0,0,1
5,3,3,21,43,190,0.298713502263242,0,0,0,1
5,3,3,22,41,184,0.292215177824299,0,0,0,1
5,3,3,23,39,182,0.28127037690752,0,0,0,1
5,3,3,24,44,195,0.311054666529658,0,0,0,1
5,3,3,25,42,193,0.32586792764063,0,0,0,1
5,3,3,26,42,195,0.314155652159403,0,0,0,1
5,3,3,27,48,204,0.383245242511068,0,0,0,1
5,3,3,28,45,192,0.323902473613893,0,0,0,1
5,3,3,29,43,196,0.306222887232816,0,0,0,1
5,3,3,30,45,200,0.361377721516867,0,0,0,1
5,3,4,1,50,193,0.252611559923666,0,0,0,1
5,3,4,2,32,173,0.234142808983022,0,0,0,1
5,3,4,3,49,198,0.312715277392016,0,0,0,1
5,3,4,4,34,182,0.262663998045321,0,0,0,1
5,3,4,5,46,196,0.293198360155713,0,0,0,1
5,3,4,6,40,180,0.271156220398224,0,0,0,1
5,3,4,7,51,206,0.296850225481697,0,0,0,1
5,3,4,8,46,200,0.279318605378814,0,0,0,1
5,3,4,9,40,183,0.277024233073592,0,0,0,1
5,3,4,10,44,196,0.31734012071502,0,0,0,1
5,3,4,11,38,189,0.287697217537578,0,0,0,1
5,3,4,12,42,199,0.261388600661571,0,0,0,1
5,3,4,13,49,192,0.249650766865778,0,0,0,1
5,3,4,14,44,202,0.301340355641989,0,0,0,1
5,3,4,15,38,188,0.340143912758514,0,0,0,1
5,3,4,16,44,193,0.306907815889546,0,0,0,1
5,3,4,17,44,191,0.260484809410412,0,0,0,1
5,3,4,18,40,202,0.344057927941427,0,0,0,1
5,3,4,19,41,187,0.315727870277787,0,0,0,1
5,3,4,20,47,195,0.274873346690205,0,0,0,1
5,3,4,21,45,198,0.275556218398224,0,0,0,1
5,3,4,22,36,180,0.245342990466223,0,0,0,1
5,3,4,23,53,200,0.261229599608083,0,0,0,1
5,3,4,24,39,196,0.320923555949309,0,0,0,1
5,3,4,25,38,189,0.331807779412667,0,0,0,1
5,3,4,26,41,179,0.281542577415238,0,0,0,1
5,3,4,27,44,188,0.247273955702052,0,0,0,1
5,3,4,28,46,200,0.30320539022145,0,0,0,1
5,3,4,29,49,199,0.26662926290322,0,0,0,1
5,3,4,30,40,184,0.253167907972591,0,0,0,1
5,3,5,1,44,181,0.219355801589194,0,0,0,1
5,3,5,2,48,195,0.251923006194965,0,0,0,1
5,3,5,3,39,179,0.227727686974764,0,0,0,1
5,3,5,4,43,186,0.256904395520419,0,0,0,1
5,3,5,5,45,197,0.310590242776308,0,0,0,1
5,3,5,6,52,201,0.257792748846252,0,0,0,1
5,3,5,7,43,187,0.271284880454481,0,0,0,1
5,3,5,8,50,200,0.269358134840188,0,0,0,1
5,3,5,9,43,186,0.260235079578331,0,0,0,1
5,3,5,10,44,188,0.297965500066001,0,0,0,1
5,3,5,11,49,191,0.276646940519394,0,0,0,1
5,3,5,12,49,189,0.229567941065711,0,0,0,1
5,3,5,13,46,194,0.295248344425376,0,0,0,1
5,3,5,14,49,194,0.278110704281334,0,0,0,1
5,3,5,15,48,188,0.309732427753913,0,0,0,1
5,3,5,16,48,189,0.258584400418829,0,0,0,1
5,3,5,17,44,187,0.247784572130465,0,0,0,1
5,3,5,18,43,187,0.318069605367245,0,0,0,1
5,3,5,19,48,186,0.240054811239164,0,0,0,1
5,3,5,20,41,186,0.257753989764163,0,0,0,1
5,3,5,21,54,198,0.26944702495587,0,0,0,1
5,3,5,22,49,195,0.262217539727135,0,0,0,1
5,3,5,23,42,181,0.211181011100768,0,0,0,1
5,3,5,24,50,190,0.239169060527652,0,0,0,1
5,3,5,25,49,187,0.220573534551953,0,0,0,1
5,3,5,26,41,179,0.241262642781862,0,0,0,1
5,3,5,27,48,205,0.319377936550414,0,0,0,1
5,3,5,28,45,187,0.222842649433435,0,0,0,1
5,3,5,29,43,194,0.273906497058438,0,0,0,1
5,3,5,30,53,189,0.246680181869887,0,0,0,1
5,3,6,1,38,181,0.274627673984935,0,0,0,1
5,3,6,2,39,184,0.308348430341481,0,0,0,1
5,3,6,3,40,180,0.278975329679737,0,0,0,1
5,3,6,4,37,185,0.280179443314136,0,0,0,1
5,3,6,5,43,187,0.249000982836981,0,0,0,1
5,3,6,6,41,189,0.287043245436009,0,0,0,1
5,3,6,7,39,188,0.289838994668345,0,0,0,1
5,3,6,8,39,185,0.280740683645122,0,0,0,1
5,3,6,9,42,193,0.275223173219809,0,0,0,1
5,3,6,10,42,189,0.302373591462355,0,0,0,1
5,3,6,11,39,181,0.264639345568288,0,0,0,1
5,3,6,12,37,176,0.241039530857141,0,0,0,1
5,3,6,13,40,193,0.281841274552969,0,0,0,1
5,3,6,14,40,189,0.286441832672135,0,0,0,1
5,3,6,15,37,179,0.243179778895207,0,0,0,1
5,3,6,16,38,181,0.256776160288191,0,0,0,1
5,3,6,17,46,195,0.287771862366284,0,0,0,1
5,3,6,18,41,191,0.309770862844447,0,0,0,1
5,3,6,19,39,185,0.290561855709983,0,0,0,1
5,3,6,20,39,186,0.269644445351005,0,0,0,1
5,3,6,21,42,188,0.257351994882715,0,0,0,1
5,3,6,22,39,182,0.261706083776273,0,0,0,1
5,3,6,23,38,184,0.253211105519849,0,0,0,1
5,3,6,24,41,185,0.244649605178482,0,0,0,1
5,3,6,25,40,180,0.234709929912038,0,0,0,1
5,3,6,26,45,191,0.263738494505514,0,0,0,1
5,3,6,27,42,189,0.295835264410053,0,0,0,1
5,3,6,28,41,190,0.287876906039343,0,0,0,1
5,3,6,29,43,182,0.231201961610035,0,0,0,1
5,3,6,30,41,183,0.267472105849956,0,0,0,1
5,3,7,1,40,188,0.290297687718906,0,0,0,1
5,3,7,2,44,196,0.341993052741328,0,0,0,1
5,3,7,3,46,196,0.319699140817861,0,0,0,1
5,3,7,4,43,192,0.280554946130312,0,0,0,1
5,3,7,5,40,186,0.290396359076661,0,0,0,2
5,3,7,6,49,205,0.349916627268649,0,0,0,1
5,3,7,7,46,200,0.310579312771728,0,0,0,1
5,3,7,8,39,188,0.294409121610604,0,0,0,1
5,3,7,9,42,189,0.272515028428918,0,0,0,1
5,3,7,10,44,197,0.317857602831711,0,0,0,1
5,3,7,11,40,186,0.258975248194008,0,0,0,1
5,3,7,12,45,195,0.310183951881116,0,0,0,1
5,3,7,13,46,197,0.283237605404353,0,0,0,1
5,3,7,14,42,196,0.316602539579994,0,0,0,1
5,3,7,15,38,191,0.301514768708583,0,0,0,1
5,3,7,16,44,201,0.323596414185353,0,0,0,1
5,3,7,17,45,198,0.318831393127684,0,0,0,1
5,3,7,18,38,183,0.30869357134241,0,0,0,1
5,3,7,19,38,188,0.286013453708516,0,0,0,1
5,3,7,20,40,185,0.279576316141712,0,0,0,1
5,3,7,21,47,200,0.317375976658887,0,0,0,1
5,3,7,22,43,192,0.314642914552685,0,0,0,1
5,3,7,23,39,190,0.291821696868561,0,0,0,1
5,3,7,24,42,199,0.298534245845784,0,0,0,1
5,3,7,25,42,188,0.280487158881804,0,0,0,1
5,3,7,26,45,198,0.321774009753313,0,0,0,1
5,3,7,27,39,191,0.304880161720225,0,0,0,1
5,3,7,28,42,192,0.29974657740142,0,0,0,1
5,3,7,29,45,194,0.303690054529806,0,0,0,1
5,3,7,30,46,196,0.311416021002116,0,0,0,1
5,3,8,1,46,189,0.241292205776789,0,0,0,1
5,3,8,2,57,203,0.225702201739676,0,0,0,1
5,3,8,3,42,187,0.228510538885596,0,0,0,1
5,3,8,4,37,180,0.261839021175167,0,0,0,1
5,3,8,5,57,213,0.259941715848994,0,0,0,1
5,3,8,6,56,199,0.224077430866525,0,0,0,1
5,3,8,7,47,193,0.265587014370169,0,0,0,1
5,3,8,8,42,186,0.234867241094864,0,0,0,1
5,3,8,9,50,197,0.225538349548926,0,0,0,1
5,3,8,10,44,187,0.275603178929394,0,0,0,1
5,3,8,11,45,187,0.244690137642393,0,0,0,1
5,3,8,12,43,191,0.250023955854089,0,0,0,1
5,3,8,13,40,182,0.27582305361243,0,0,0,1
5,3,8,14,53,197,0.220029325155085,0,0,0,1
5,3,8,15,45,191,0.214903016909095,0,0,0,1
5,3,8,16,43,194,0.26458780833958,0,0,0,1
5,3,8,17,42,183,0.207433657945632,0,0,0,1
5,3,8,18,46,190,0.270996183789961,0,0,0,1
5,3,8,19,44,200,0.245310133911178,0,0,0,1
5,3,8,20,44,198,0.26892392995929,0,0,0,1
5,3,8,21,48,200,0.259173076805362,0,0,0,1
5,3,8,22,46,187,0.255632556326338,0,0,0,1
5,3,8,23,44,192,0.19899890587844,0,0,0,1
5,3,8,24,46,190,0.243163667179158,0,0,0,1
5,3,8,25,48,191,0.238720207348916,0,0,0,1
5,3,8,26,53,198,0.23875458979228,0,0,0,1
5,3,8,27,39,183,0.299712138558573,0,0,0,1
5,3,8,28,47,192,0.260399201817012,0,0,0,1
5,3,8,29,47,187,0.279720229704623,0,0,0,1
5,3,8,30,46,195,0.305403062175173,0,0,0,1
5,4,1,1,46,177,0.189168343634693,0,0,0,1
5,4,1,2,59,203,0.321055056236418,0,0,0,1
5,4,1,3,58,177,0.15535255299594,0,0,0,2
5,4,1,4,55,188,0.201121587073266,0,0,0,1
5,4,1,5,38,169,0.20774602336104,0,0,0,1
5,4,1,6,63,213,0.292649203875259,0,0,0,1
5,4,1,7,52,193,0.213237394458476,0,0,0,1
5,4,1,8,50,187,0.269025562535608,0,0,0,1
5,4,1,9,75,203,0.1690728667106,0,0,0,1
5,4,1,10,49,192,0.260796662181804,0,0,0,1
5,4,1,11,60,192,0.197066761723662,0,0,0,1
5,4,1,12,52,183,0.204874840472888,0,0,0,1
5,4,1,13,65,197,0.177884247640259,0,0,0,1
5,4,1,14,69,178,0.133905810286432,0,0,0,2
5,4,1,15,55,192,0.188240902747651,0,0,0,1
5,4,1,16,40,172,0.183926485485129,0,0,0,2
5,4,1,17,65,511,0.26306643077587,0,0,0,2
5,4,1,18,59,178,0.140735332994011,0,0,0,1
5,4,1,19,45,184,0.236961985761707,0,0,0,1
5,4,1,20,42,183,0.242729866379399,0,0,0,1
5,4,1,21,45,184,0.249505773663569,0,0,0,1
5,4,1,22,64,197,0.197215789069456,0,0,0,1
5,4,1,23,61,191,0.158246428400001,0,0,0,1
5,4,1,24,42,178,0.220419537494233,0,0,0,1
5,4,1,25,58,194,0.220765403438318,0,0,0,1
5,4,1,26,45,189,0.271821781557954,0,0,0,1
5,4,1,27,47,178,0.214618926051148,0,0,0,1
5,4,1,28,58,195,0.264501221826447,0,0,0,1
5,4,1,29,54,186,0.14078550319363,0,0,0,1
5,4,1,30,55,198,0.189021393490911,0,0,0,1
5,4,2,1,56,207,0.239637554889807,0,0,0,1
5,4,2,2,59,207,0.273948084650907,0,0,0,1
5,4,2,3,55,209,0.244258623519673,0,0,0,1
5,4,2,4,58,219,0.242072198659292,0,0,0,1
5,4,2,5,61,227,0.283512394048579,0,0,0,1
5,4,2,6,48,210,0.272156149984763,0,0,0,1
5,4,2,7,45,221,0.336703905225762,0,0,0,1
5,4,2,8,65,222,0.233467536746355,0,0,0,1
5,4,2,9,64,228,0.193436546833198,0,0,0,1
5,4,2,10,51,208,0.203619725878829,0,0,0,1
5,4,2,11,57,213,0.242370106795013,0,0,0,1
5,4,2,12,62,225,0.264989659976771,0,0,0,1
5,4,2,13,64,223,0.255245322452343,0,0,0,1
5,4,2,14,48,208,0.266160067501175,0,0,0,1
5,4,2,15,62,237,0.250079441688716,0,0,0,1
5,4,2,16,59,222,0.274689089331604,0,0,0,1
5,4,2,17,58,222,0.266927939285571,0,0,0,1
5,4,2,18,46,209,0.255774030581332,0,0,0,2
5,4,2,19,54,238,0.26628446601026,0,0,0,1
5,4,2,20,55,221,0.20859086154287,0,0,0,1
5,4,2,21,58,218,0.275424760878358,0,0,0,1
5,4,2,22,65,218,0.245387902515235,0,0,0,1
5,4,2,23,49,223,0.257035677538718,0,0,0,1
5,4,2,24,50,231,0.296991919038131,0,0,0,1
5,4,2,25,59,205,0.240240517509717,0,0,0,1
5,4,2,26,53,209,0.230232632467881,0,0,0,1
5,4,2,27,65,242,0.291703342541279,0,0,0,1
5,4,2,28,57,223,0.233845722661728,0,0,0,1
5,4,2,29,56,208,0.253252146554035,0,0,0,1
5,4,2,30,53,207,0.248604630158743,0,0,0,1
5,4,3,1,47,195,0.272995096382138,0,0,0,1
5,4,3,2,51,204,0.216496768107351,0,0,0,1
5,4,3,3,48,191,0.202607642236867,0,0,0,1
5,4,3,4,50,192,0.191094707778078,0,0,0,2
5,4,3,5,62,212,0.221008116153445,0,0,0,1
5,4,3,6,53,198,0.26835451923419,0,0,0,1
5,4,3,7,51,189,0.226091381425214,0,0,0,1
5,4,3,8,50,184,0.196465509121552,0,0,0,2
5,4,3,9,49,172,0.164493940010889,0,0,0,2
5,4,3,10,50,199,0.250127746715361,0,0,0,1
5,4,3,11,50,182,0.198853152043808,0,0,0,1
5,4,3,12,43,178,0.201845340672099,0,0,0,2
5,4,3,13,40,208,0.211958577083044,0,0,0,1
5,4,3,14,53,209,0.308649996336092,0,0,0,1
5,4,3,15,48,194,0.197714046139743,0,0,0,2
5,4,3,16,54,491,0.219364588900307,0,0,0,2
5,4,3,17,44,484,0.223802156125903,0,0,0,2
5,4,3,18,42,194,0.155038784868133,0,0,0,2
5,4,3,19,53,202,0.262656561131093,0,0,0,1
5,4,3,20,47,188,0.243632382584243,0,0,0,1
5,4,3,21,54,204,0.248774996266607,0,0,0,1
5,4,3,22,49,190,0.21530401118991,0,0,0,1
5,4,3,23,49,193,0.205121661090704,0,0,0,2
5,4,3,24,54,204,0.269071147054728,0,0,0,1
5,4,3,25,49,200,0.261022360874914,0,0,0,1
5,4,3,26,54,208,0.245820444027226,0,0,0,1
5,4,3,27,57,214,0.357226581924389,0,0,0,1
5,4,3,28,53,200,0.256300443173929,0,0,0,1
5,4,3,29,49,202,0.233582630654723,0,0,0,1
5,4,3,30,56,215,0.325006027984644,0,0,0,1
5,4,4,1,74,207,0.170771910525325,0,0,0,2
5,4,4,2,37,172,0.14483861776389,0,0,0,2
5,4,4,3,61,206,0.261663998318775,0,0,0,1
5,4,4,4,35,183,0.199773742159404,0,0,0,2
5,4,4,5,60,211,0.226218671412797,0,0,0,1
5,4,4,6,48,190,0.216501593783481,0,0,0,2
5,4,4,7,69,218,0.219542629818648,0,0,0,1
5,4,4,8,65,215,0.207431638169193,0,0,0,1
5,4,4,9,49,189,0.205025350991458,0,0,0,2
5,4,4,10,52,206,0.271059918038296,0,0,0,1
5,4,4,11,43,197,0.249043054174219,0,0,0,1
5,4,4,12,57,221,0.215816074695782,0,0,0,1
5,4,4,13,69,215,0.215260110133996,0,0,0,1
5,4,4,14,53,223,0.275546748846502,0,0,0,1
5,4,4,15,46,203,0.319909791975925,0,0,0,1
5,4,4,16,55,198,0.232456870733225,0,0,0,1
5,4,4,17,60,211,0.199733986311696,0,0,0,1
5,4,4,18,47,222,0.329386310298854,0,0,0,1
5,4,4,19,44,191,0.275942586824903,0,0,0,1
5,4,4,20,63,204,0.206400193891728,0,0,0,1
5,4,4,21,57,212,0.218703251846503,0,0,0,1
5,4,4,22,38,187,0.201974317098328,0,0,0,1
5,4,4,23,71,213,0.201226545419691,0,0,0,1
5,4,4,24,45,206,0.272123243063556,0,0,0,1
5,4,4,25,43,197,0.29740080020779,0,0,0,1
5,4,4,26,48,182,0.212062145980949,0,0,0,1
5,4,4,27,58,195,0.150210947448636,0,0,0,1
5,4,4,28,61,214,0.245192225963876,0,0,0,1
5,4,4,29,65,221,0.256308114342722,0,0,0,1
5,4,4,30,44,180,0.161391285689549,0,0,0,1
5,4,5,1,55,180,0.136652187164075,0,0,0,1
5,4,5,2,61,213,0.206297695334516,0,0,0,1
5,4,5,3,48,188,0.165534666909156,0,0,0,1
5,4,5,4,51,189,0.180592453485705,0,0,0,1
5,4,5,5,53,207,0.267350329796555,0,0,0,1
5,4,5,6,68,223,0.232537361538948,0,0,0,1
5,4,5,7,49,197,0.230087968099063,0,0,0,1
5,4,5,8,62,221,0.251642309035485,0,0,0,1
5,4,5,9,51,195,0.211932158952722,0,0,0,1
5,4,5,10,51,193,0.243731043877052,0,0,0,1
5,4,5,11,58,198,0.217104868432634,0,0,0,1
5,4,5,12,68,207,0.189546807574115,0,0,0,1
5,4,5,13,55,204,0.220554816640836,0,0,0,1
5,4,5,14,61,207,0.239401914487998,0,0,0,1
5,4,5,15,54,194,0.28047981088622,0,0,0,1
5,4,5,16,61,204,0.219219489037637,0,0,0,1
5,4,5,17,60,201,0.184954878820393,0,0,0,1
5,4,5,18,48,189,0.265559420026975,0,0,0,1
5,4,5,19,63,194,0.168422047689132,0,0,0,1
5,4,5,20,50,209,0.25325714277507,0,0,0,1
5,4,5,21,72,218,0.244317931116224,0,0,0,1
5,4,5,22,60,213,0.216583950004611,0,0,0,1
5,4,5,23,53,187,0.134747597765047,0,0,0,1
5,4,5,24,60,209,0.236736886909156,0,0,0,1
5,4,5,25,66,193,0.136564629238933,0,0,0,1
5,4,5,26,45,180,0.183539905929122,0,0,0,2
5,4,5,27,60,230,0.318996670433337,0,0,0,1
5,4,5,28,55,208,0.187016761511971,0,0,0,1
5,4,5,29,53,215,0.233608858577034,0,0,0,1
5,4,5,30,66,202,0.204201430098134,0,0,0,1
5,4,6,1,43,182,0.194146996723032,0,0,0,1
5,4,6,2,44,194,0.276385888252098,0,0,0,2
5,4,6,3,48,187,0.21865176239823,0,0,0,1
5,4,6,4,33,195,0.23109601288594,0,0,0,1
5,4,6,5,60,206,0.18963124178916,0,0,0,1
5,4,6,6,53,213,0.246805080198941,0,0,0,1
5,4,6,7,47,212,0.22900310178769,0,0,0,1
5,4,6,8,49,202,0.245721146220815,0,0,0,1
5,4,6,9,58,599,0.220606672366006,0,1,0,1
5,4,6,10,50,197,0.242977182919779,0,0,0,1
5,4,6,11,48,194,0.203758642450706,0,0,0,1
5,4,6,12,37,177,0.151887067165799,0,0,0,1
5,4,6,13,46,217,0.256704377158666,0,0,0,1
5,4,6,14,49,206,0.22078400865369,0,0,0,1
5,4,6,15,43,188,0.156995263028506,0,0,0,2
5,4,6,16,37,184,0.174785245501108,0,0,0,1
5,4,6,17,58,206,0.20727426891564,0,0,0,1
5,4,6,18,48,211,0.315182095430664,0,0,0,2
5,4,6,19,48,202,0.265087957711212,0,0,0,1
5,4,6,20,48,201,0.206985099062454,0,0,0,1
5,4,6,21,51,204,0.202760721179072,0,0,0,1
5,4,6,22,51,207,0.218228048164968,0,0,0,1
5,4,6,23,48,206,0.193199505814854,0,0,0,1
5,4,6,24,54,199,0.168023776268972,0,0,0,1
5,4,6,25,42,176,0.14602476606964,0,0,0,1
5,4,6,26,61,222,0.243680672926284,0,0,0,1
5,4,6,27,51,194,0.205518076665298,0,0,0,1
5,4,6,28,52,209,0.232232930826807,0,0,0,1
5,4,6,29,61,205,0.159711357421506,0,0,0,1
5,4,6,30,51,194,0.198594190403502,0,0,0,1
5,4,7,1,58,199,0.182881463065253,0,0,0,1
5,4,7,2,57,210,0.26321425511086,0,0,0,1
5,4,7,3,56,216,0.272399712676945,0,0,0,1
5,4,7,4,63,195,0.155689452382224,0,0,0,2
5,4,7,5,59,599,0.227161540816601,0,1,0,2
5,4,7,6,48,213,0.316193312492753,0,0,0,1
5,4,7,7,53,209,0.24066114609201,0,0,0,1
5,4,7,8,54,210,0.199707783116489,0,0,0,2
5,4,7,9,66,200,0.165556482897679,0,0,0,1
5,4,7,10,52,209,0.222435880183136,0,0,0,1
5,4,7,11,53,186,0.119357197176382,0,0,0,2
5,4,7,12,41,194,0.223546153425171,0,0,0,1
5,4,7,13,80,229,0.194264640670014,0,0,0,1
5,4,7,14,56,205,0.227515760119091,0,0,0,1
5,4,7,15,54,221,0.214746442277552,0,0,0,2
5,4,7,16,63,225,0.268825873147696,0,0,0,1
5,4,7,17,64,210,0.223510977169295,0,0,0,1
5,4,7,18,47,190,0.198116216768191,0,0,0,1
5,4,7,19,52,198,0.172094789839219,0,0,0,2
5,4,7,20,54,196,0.175521022855985,0,0,0,1
5,4,7,21,64,220,0.251956469049975,0,0,0,1
5,4,7,22,60,211,0.237013878772021,0,0,0,2
5,4,7,23,59,215,0.210287474682644,0,0,0,1
5,4,7,24,61,222,0.226235034965634,0,0,0,1
5,4,7,25,41,196,0.189701191129573,0,0,0,2
5,4,7,26,70,226,0.253488050167758,0,0,0,1
5,4,7,27,59,220,0.24235077582995,0,0,0,1
5,4,7,28,62,210,0.218082020656631,0,0,0,1
5,4,7,29,59,208,0.203465391074881,0,0,0,1
5,4,7,30,66,223,0.234820298572556,0,0,0,1
5,4,8,1,69,208,0.144285542730218,0,0,0,1
5,4,8,2,86,599,0.143349479399588,0,1,0,1
5,4,8,3,57,198,0.136083082906026,0,0,0,1
5,4,8,4,42,187,0.203360889374649,0,0,0,1
5,4,8,5,93,251,0.185753101054609,0,0,0,1
5,4,8,6,90,234,0.125973585708596,0,0,0,1
5,4,8,7,61,205,0.191512343346713,0,0,0,1
5,4,8,8,56,195,0.13226178069464,0,0,0,1
5,4,8,9,94,228,0.106211704179032,0,0,0,1
5,4,8,10,59,204,0.171209139688762,0,0,0,1
5,4,8,11,57,198,0.180680872734454,0,0,0,1
5,4,8,12,59,434,0.159869845972859,0,0,0,2
5,4,8,13,51,191,0.184124943786104,0,0,0,1
5,4,8,14,100,246,0.101152282782413,0,0,0,1
5,4,8,15,72,202,0.0891901545246693,0,0,0,1
5,4,8,16,55,206,0.160870204089028,0,0,0,1
5,4,8,17,60,190,0.119267978474193,0,0,0,1
5,4,8,18,61,208,0.189645242111995,0,0,0,2
5,4,8,19,61,221,0.163070465032366,0,0,0,1
5,4,8,20,64,223,0.206866999110895,0,0,0,1
5,4,8,21,77,235,0.193205530285078,0,0,0,1
5,4,8,22,67,202,0.161896515731495,0,0,0,1
5,4,8,23,68,209,0.0992813392043121,0,0,0,2
5,4,8,24,63,210,0.169558491644806,0,0,0,2
5,4,8,25,73,213,0.146889104723841,0,0,0,1
5,4,8,26,78,216,0.154303019133197,0,0,0,2
5,4,8,27,45,194,0.246928139115967,0,0,0,2
5,4,8,28,68,210,0.169941214660687,0,0,0,1
5,4,8,29,62,201,0.215558151505438,0,0,0,1
5,4,8,30,62,221,0.231054963587548,0,0,0,1
6,1,1,1,54,197,0.38988022688233,0,0,0,1
6,1,1,2,58,195,0.351525103331578,0,0,0,1
6,1,1,3,52,197,0.429433219147651,0,0,0,1
6,1,1,4,59,205,0.451864512365079,0,0,0,1
6,1,1,5,52,190,0.377004927761344,0,0,0,1
6,1,1,6,57,197,0.416832708316126,0,0,0,1
6,1,1,7,55,200,0.459383815526271,0,0,0,1
6,1,1,8,56,199,0.415909975151829,0,0,0,1
6,1,1,9,53,196,0.404692190931065,0,0,0,1
6,1,1,10,59,205,0.39404880945728,0,0,0,1
6,1,1,11,64,200,0.379454875008251,0,0,0,1
6,1,1,12,55,199,0.426830048914794,0,0,0,1
6,1,1,13,59,198,0.432810238618303,0,0,0,1
6,1,1,14,57,204,0.469337425085806,0,0,0,1
6,1,1,15,57,194,0.407051310244658,0,0,0,1
6,1,1,16,62,203,0.380787271924566,0,0,0,1
6,1,1,17,55,196,0.435561315238475,0,0,0,1
6,1,1,18,52,202,0.486959071918155,0,0,0,1
6,1,1,19,57,202,0.437918805946571,0,0,0,1
6,1,1,20,54,198,0.426677771740271,0,0,0,1
6,1,1,21,53,201,0.471301771503381,0,0,0,1
6,1,1,22,56,200,0.390856621687445,0,0,0,1
6,1,1,23,56,200,0.45322043644682,0,0,0,1
6,1,1,24,54,198,0.415884384492078,0,0,0,1
6,1,1,25,54,199,0.410494608330468,0,0,0,1
6,1,1,26,59,202,0.421651330677333,0,0,0,1
6,1,1,27,65,205,0.359384472621641,0,0,0,1
6,1,1,28,58,198,0.40275469369174,0,0,0,1
6,1,1,29,56,199,0.388386337978321,0,0,0,1
6,1,1,30,56,196,0.414175629227127,0,0,0,1
6,1,2,1,54,202,0.403675583752922,0,0,0,1
6,1,2,2,55,197,0.433489159617676,0,0,0,1
6,1,2,3,57,197,0.414694802874339,0,0,0,1
6,1,2,4,57,199,0.420806508064257,0,0,0,1
6,1,2,5,57,197,0.410583054179959,0,0,0,1
6,1,2,6,55,198,0.407704703933969,0,0,0,1
6,1,2,7,53,200,0.405456854208045,0,0,0,1
6,1,2,8,57,198,0.415778442791041,0,0,0,1
6,1,2,9,56,199,0.41832713970621,0,0,0,1
6,1,2,10,54,197,0.40935495591396,0,0,0,1
6,1,2,11,57,202,0.419441260018245,0,0,0,1
6,1,2,12,57,198,0.409735630181523,0,0,0,1
6,1,2,13,51,192,0.429057627074999,0,0,0,1
6,1,2,14,53,194,0.421054139874275,0,0,0,1
6,1,2,15,54,198,0.403691993100784,0,0,0,1
6,1,2,16,55,197,0.416597867355902,0,0,0,1
6,1,2,17,59,201,0.392805058608729,0,0,0,1
6,1,2,18,57,200,0.409745002072786,0,0,0,1
6,1,2,19,55,195,0.392377484651143,0,0,0,1
6,1,2,20,57,198,0.391030237539356,0,0,0,1
6,1,2,21,57,200,0.416779640199473,0,0,0,1
6,1,2,22,56,198,0.405905875057418,0,0,0,1
6,1,2,23,51,196,0.415468690361292,0,0,0,1
6,1,2,24,57,202,0.42393038190249,0,0,0,1
6,1,2,25,60,202,0.402811228642795,0,0,0,1
6,1,2,26,56,201,0.416359269412598,0,0,0,1
6,1,2,27,57,199,0.405709602370847,0,0,0,1
6,1,2,28,56,201,0.423098952893516,0,0,0,1
6,1,2,29,57,197,0.402191563878007,0,0,0,1
6,1,2,30,57,198,0.429589114565279,0,0,0,1
6,1,3,1,53,200,0.395413997083631,0,0,0,1
6,1,3,2,57,201,0.402961018660169,0,0,0,1
6,1,3,3,57,206,0.453697795612717,0,0,0,1
6,1,3,4,52,196,0.420005156860453,0,0,0,1
6,1,3,5,55,206,0.443514654239701,0,0,0,1
6,1,3,6,52,198,0.423353611827175,0,0,0,1
6,1,3,7,56,205,0.409882173151078,0,0,0,1
6,1,3,8,57,204,0.404060689821787,0,0,0,1
6,1,3,9,56,202,0.421320554018175,0,0,0,1
6,1,3,10,55,200,0.377798697163947,0,0,0,1
6,1,3,11,56,206,0.433524705303891,0,0,0,1
6,1,3,12,55,203,0.434385446108771,0,0,0,1
6,1,3,13,54,198,0.3941445174198,0,0,0,1
6,1,3,14,55,204,0.455907510233069,0,0,0,1
6,1,3,15,56,202,0.420880400673612,0,0,0,1
6,1,3,16,51,198,0.401640872715018,0,0,0,1
6,1,3,17,59,206,0.478479931273945,0,0,0,1
6,1,3,18,58,201,0.411180183324099,0,0,0,1
6,1,3,19,54,199,0.427487769661724,0,0,0,1
6,1,3,20,56,202,0.433523258257311,0,0,0,1
6,1,3,21,53,202,0.425209478078954,0,0,0,1
6,1,3,22,57,202,0.422848992807653,0,0,0,1
6,1,3,23,54,202,0.436057128923877,0,0,0,1
6,1,3,24,54,197,0.401760074497735,0,0,0,1
6,1,3,25,54,200,0.416048960403517,0,0,0,1
6,1,3,26,53,205,0.438630182213462,0,0,0,1
6,1,3,27,58,209,0.424838959373112,0,0,0,1
6,1,3,28,56,201,0.42514809260041,0,0,0,1
6,1,3,29,54,204,0.435953752218232,0,0,0,1
6,1,3,30,55,196,0.384054094925754,0,0,0,1
6,1,4,1,58,204,0.409116068115548,0,0,0,1
6,1,4,2,51,197,0.463951367184989,0,0,0,1
6,1,4,3,51,197,0.389681382415388,0,0,0,1
6,1,4,4,58,208,0.461920100768536,0,0,0,1
6,1,4,5,54,205,0.446858479836615,0,0,0,1
6,1,4,6,51,193,0.404051386942092,0,0,0,1
6,1,4,7,58,209,0.463766402084889,0,0,0,1
6,1,4,8,60,201,0.417816760210751,0,0,0,1
6,1,4,9,58,195,0.352537173188084,0,0,0,1
6,1,4,10,51,193,0.436357565268566,0,0,0,1
6,1,4,11,50,194,0.413668429155482,0,0,0,1
6,1,4,12,54,198,0.442169773086082,0,0,0,1
6,1,4,13,59,203,0.436846089370781,0,0,0,1
6,1,4,14,60,196,0.357479817070939,0,0,0,1
6,1,4,15,56,200,0.380685969869763,0,0,0,1
6,1,4,16,56,203,0.461117352889253,0,0,0,1
6,1,4,17,59,201,0.426240926720581,0,0,0,1
6,1,4,18,56,202,0.459550399158617,0,0,0,1
6,1,4,19,56,197,0.379489562456994,0,0,0,1
6,1,4,20,58,210,0.450199973843575,0,0,0,1
6,1,4,21,50,193,0.388301719318566,0,0,0,1
6,1,4,22,52,198,0.439895339576563,0,0,0,1
6,1,4,23,51,191,0.389752055910155,0,0,0,1
6,1,4,24,56,195,0.359352722870264,0,0,0,1
6,1,4,25,53,198,0.42179181927664,0,0,0,1
6,1,4,26,59,203,0.413003787914339,0,0,0,1
6,1,4,27,58,205,0.44353798317668,0,0,0,1
6,1,4,28,61,208,0.409171454796219,0,0,0,1
6,1,4,29,56,203,0.401497826563858,0,0,0,1
6,1,4,30,54,203,0.45578859533164,0,0,0,1
6,1,5,1,50,199,0.458762731989994,0,0,0,1
6,1,5,2,57,200,0.378351883134662,0,0,0,1
6,1,5,3,54,202,0.451848441738925,0,0,0,1
6,1,5,4,54,197,0.424792505271888,0,0,0,1
6,1,5,5,57,201,0.402743529387213,0,0,0,1
6,1,5,6,57,208,0.469698736358766,0,0,0,1
6,1,5,7,58,208,0.411247840428668,0,0,0,1
6,1,5,8,55,197,0.405083212023976,0,0,0,1
6,1,5,9,58,204,0.453134986201676,0,0,0,1
6,1,5,10,56,200,0.406870986962752,0,0,0,1
6,1,5,11,50,192,0.425533011284686,0,0,0,1
6,1,5,12,56,204,0.425703050856841,0,0,0,1
6,1,5,13,63,209,0.420572630849917,0,0,0,1
6,1,5,14,59,209,0.464907010843332,0,0,0,1
6,1,5,15,56,204,0.444543311165042,0,0,0,1
6,1,5,16,58,202,0.403002869532828,0,0,0,1
6,1,5,17,57,198,0.36433237439544,0,0,0,1
6,1,5,18,55,202,0.432039999700456,0,0,0,1
6,1,5,19,58,202,0.381282413275305,0,0,0,1
6,1,5,20,58,206,0.467450289944944,0,0,0,1
6,1,5,21,58,206,0.443093726545984,0,0,0,1
6,1,5,22,53,203,0.458282031185161,0,0,0,1
6,1,5,23,54,197,0.411267751281342,0,0,0,1
6,1,5,24,56,200,0.442142032757914,0,0,0,1
6,1,5,25,60,202,0.394940177709141,0,0,0,1
6,1,5,26,60,209,0.421033618447101,0,0,0,1
6,1,5,27,58,204,0.423161284710397,0,0,0,1
6,1,5,28,54,201,0.444089088833487,0,0,0,1
6,1,5,29,53,195,0.417320889445532,0,0,0,1
6,1,5,30,56,204,0.425172594625613,0,0,0,1
6,1,6,1,54,197,0.389042735613706,0,0,0,1
6,1,6,2,58,202,0.409149206490315,0,0,0,1
6,1,6,3,57,206,0.450693975418491,0,0,0,1
6,1,6,4,57,204,0.409974025601603,0,0,0,1
6,1,6,5,57,203,0.433867408486298,0,0,0,1
6,1,6,6,55,204,0.434889375105638,0,0,0,1
6,1,6,7,59,209,0.427684880975153,0,0,0,1
6,1,6,8,57,207,0.434424699113469,0,0,0,1
6,1,6,9,59,206,0.431963232505841,0,0,0,1
6,1,6,10,58,202,0.428907812429263,0,0,0,1
6,1,6,11,56,201,0.379727355078009,0,0,0,1
6,1,6,12,57,197,0.374994475165227,0,0,0,1
6,1,6,13,57,203,0.399946363809254,0,0,0,1
6,1,6,14,54,200,0.398618189365621,0,0,0,1
6,1,6,15,54,199,0.416370953020787,0,0,0,1
6,1,6,16,56,206,0.429695927282041,0,0,0,1
6,1,6,17,53,207,0.441127666908828,0,0,0,1
6,1,6,18,56,206,0.44659608930492,0,0,0,1
6,1,6,19,53,198,0.403705803865615,0,0,0,1
6,1,6,20,55,200,0.386574747008651,0,0,0,1
6,1,6,21,55,201,0.433721428044755,0,0,0,1
6,1,6,22,54,204,0.454359819203081,0,0,0,1
6,1,6,23,59,206,0.403833875519337,0,0,0,1
6,1,6,24,57,202,0.411081619983259,0,0,0,1
6,1,6,25,56,200,0.396634780071418,0,0,0,1
6,1,6,26,55,201,0.424497230584506,0,0,0,1
6,1,6,27,54,199,0.406406999006676,0,0,0,1
6,1,6,28,54,197,0.389992061700846,0,0,0,1
6,1,6,29,56,211,0.452397509926327,0,0,0,1
6,1,6,30,53,194,0.379034507700168,0,0,0,1
6,1,7,1,54,200,0.427202808244673,0,0,0,1
6,1,7,2,56,199,0.400419612143958,0,0,0,1
6,1,7,3,56,207,0.431810342310864,0,0,0,1
6,1,7,4,51,197,0.408845068441911,0,0,0,1
6,1,7,5,53,202,0.418751820224828,0,0,0,1
6,1,7,6,53,197,0.439627551764378,0,0,0,1
6,1,7,7,55,201,0.398292544300964,0,0,0,1
6,1,7,8,53,196,0.407754137095973,0,0,0,1
6,1,7,9,52,196,0.413809476536304,0,0,0,1
6,1,7,10,54,198,0.411250543940742,0,0,0,1
6,1,7,11,50,195,0.413382252640658,0,0,0,1
6,1,7,12,52,199,0.410333645170716,0,0,0,1
6,1,7,13,56,204,0.421927040018633,0,0,0,1
6,1,7,14,58,201,0.39259636657446,0,0,0,1
6,1,7,15,53,199,0.395251796811161,0,0,0,1
6,1,7,16,52,201,0.414399399573508,0,0,0,1
6,1,7,17,55,203,0.433382940860228,0,0,0,1
6,1,7,18,53,195,0.415102964366843,0,0,0,1
6,1,7,19,52,197,0.40113640147878,0,0,0,1
6,1,7,20,57,207,0.455856586776723,0,0,0,1
6,1,7,21,52,196,0.399458112668904,0,0,0,1
6,1,7,22,52,195,0.403280878400234,0,0,0,1
6,1,7,23,55,205,0.42286378759951,0,0,0,1
6,1,7,24,52,197,0.402321124414254,0,0,0,1
6,1,7,25,51,194,0.405214282723089,0,0,0,1
6,1,7,26,56,199,0.386798955326161,0,0,0,1
6,1,7,27,56,202,0.417186940495827,0,0,0,1
6,1,7,28,53,201,0.433664689379768,0,0,0,1
6,1,7,29,57,202,0.427072189412403,0,0,0,1
6,1,7,30,52,197,0.426757932134113,0,0,0,1
6,1,8,1,61,205,0.430596363392154,0,0,0,1
6,1,8,2,61,207,0.43129035129581,0,0,0,1
6,1,8,3,52,197,0.389577647782721,0,0,0,1
6,1,8,4,58,204,0.426427949209421,0,0,0,1
6,1,8,5,58,202,0.412871758868306,0,0,0,1
6,1,8,6,56,199,0.411745111218381,0,0,0,1
6,1,8,7,50,192,0.44046195041448,0,0,0,1
6,1,8,8,56,201,0.393963440079604,0,0,0,1
6,1,8,9,55,195,0.412876820735021,0,0,0,1
6,1,8,10,53,198,0.437431994697205,0,0,0,1
6,1,8,11,57,203,0.430507157113079,0,0,0,1
6,1,8,12,56,200,0.400138301264615,0,0,0,1
6,1,8,13,59,208,0.478047711626401,0,0,0,1
6,1,8,14,52,197,0.413385472543674,0,0,0,1
6,1,8,15,57,200,0.384914984408846,0,0,0,1
6,1,8,16,57,199,0.431434513258476,0,0,0,1
6,1,8,17,61,204,0.405461154034396,0,0,0,1
6,1,8,18,56,207,0.480278452449537,0,0,0,1
6,1,8,19,58,202,0.450507046588532,0,0,0,1
6,1,8,20,58,203,0.474510805755542,0,0,0,1
6,1,8,21,59,203,0.451261186558663,0,0,0,1
6,1,8,22,55,198,0.365176926883413,0,0,0,1
6,1,8,23,56,198,0.399596773587537,0,0,0,1
6,1,8,24,53,197,0.394261370064836,0,0,0,1
6,1,8,25,54,198,0.393834497088213,0,0,0,1
6,1,8,26,55,194,0.394943588222769,0,0,0,1
6,1,8,27,57,199,0.408071731029317,0,0,0,1
6,1,8,28,52,197,0.43740649414807,0,0,0,1
6,1,8,29,56,195,0.405702660003918,0,0,0,1
6,1,8,30,58,198,0.391481585808932,0,0,0,1
6,2,1,1,52,194,0.373571382551404,0,0,0,1
6,2,1,2,58,192,0.32670983018586,0,0,0,1
6,2,1,3,52,197,0.436666163258651,0,0,0,1
6,2,1,4,60,208,0.491782584352822,0,0,0,1
6,2,1,5,50,187,0.383161755842158,0,0,0,1
6,2,1,6,56,198,0.451937933113175,0,0,0,1
6,2,1,7,53,200,0.479874919438964,0,0,0,1
6,2,1,8,55,196,0.397534921745247,0,0,0,1
6,2,1,9,51,192,0.382189780131584,0,0,0,1
6,2,1,10,59,205,0.39663768539667,0,0,0,1
6,2,1,11,65,199,0.364323186593859,0,0,0,1
6,2,1,12,53,196,0.429196674855701,0,0,0,1
6,2,1,13,57,196,0.443400647404017,0,0,0,1
6,2,1,14,57,207,0.496398257005352,0,0,0,1
6,2,1,15,57,190,0.364237341442417,0,0,0,1
6,2,1,16,62,204,0.395295871091858,0,0,0,1
6,2,1,17,55,193,0.420741946117339,0,0,0,1
6,2,1,18,51,203,0.519602324780008,0,0,0,1
6,2,1,19,56,202,0.451496785054302,0,0,0,1
6,2,1,20,54,197,0.428008218705001,0,0,0,1
6,2,1,21,53,202,0.489938306079333,0,0,0,1
6,2,1,22,58,200,0.363115210352408,0,0,0,1
6,2,1,23,55,198,0.462770452469307,0,0,0,1
6,2,1,24,55,199,0.404957633389177,0,0,0,1
6,2,1,25,54,199,0.41336058651726,0,0,0,1
6,2,1,26,57,202,0.431581465201894,0,0,0,1
6,2,1,27,69,207,0.327797749351424,0,0,0,1
6,2,1,28,58,202,0.424476735476554,0,0,0,1
6,2,1,29,57,196,0.357335843087784,0,0,0,1
6,2,1,30,57,194,0.391793414519178,0,0,0,1
6,2,2,1,54,204,0.408309449549355,0,0,0,1
6,2,2,2,56,199,0.45230911872316,0,0,0,1
6,2,2,3,57,196,0.404103607760684,0,0,0,1
6,2,2,4,55,199,0.421353067190668,0,0,0,1
6,2,2,5,56,195,0.395999273051049,0,0,0,1
6,2,2,6,55,197,0.408510498006279,0,0,0,1
6,2,2,7,54,203,0.390896053088222,0,0,0,1
6,2,2,8,55,198,0.42566777918465,0,0,0,1
6,2,2,9,56,201,0.424801813082324,0,0,0,1
6,2,2,10,54,196,0.407346718338234,0,0,0,1
6,2,2,11,57,204,0.402801781667471,0,0,0,1
6,2,2,12,57,197,0.397044552823408,0,0,0,1
6,2,2,13,50,190,0.429385703663503,0,0,0,1
6,2,2,14,55,198,0.437721612967571,0,0,0,1
6,2,2,15,52,197,0.391021214977442,0,0,0,1
6,2,2,16,55,198,0.412851881782128,0,0,0,1
6,2,2,17,59,205,0.402927463193088,0,0,0,1
6,2,2,18,57,200,0.394455925437372,0,0,0,1
6,2,2,19,53,192,0.391666036464895,0,0,0,1
6,2,2,20,58,199,0.388559531698866,0,0,0,1
6,2,2,21,57,201,0.418525174785382,0,0,0,1
6,2,2,22,58,199,0.373121355263693,0,0,0,1
6,2,2,23,48,196,0.415631878006858,0,0,0,1
6,2,2,24,58,204,0.419091389818228,0,0,0,1
6,2,2,25,60,203,0.410075296516231,0,0,0,1
6,2,2,26,57,204,0.422360957577679,0,0,0,1
6,2,2,27,57,199,0.384115409220306,0,0,0,1
6,2,2,28,57,204,0.417434457536856,0,0,0,1
6,2,2,29,58,195,0.384764439992033,0,0,0,1
6,2,2,30,57,197,0.445941130576398,0,0,0,1
6,2,3,1,53,201,0.39069943454752,0,0,0,1
6,2,3,2,57,202,0.404372322511245,0,0,0,1
6,2,3,3,58,210,0.47109422425526,0,0,0,1
6,2,3,4,51,194,0.421910609671172,0,0,0,1
6,2,3,5,55,206,0.454498591172744,0,0,0,1
6,2,3,6,51,196,0.402713729764787,0,0,0,1
6,2,3,7,56,206,0.403294837875071,0,0,0,1
6,2,3,8,57,209,0.429311926671146,0,0,0,1
6,2,3,9,55,201,0.414133591460711,0,0,0,1
6,2,3,10,54,200,0.362163619620737,0,0,0,1
6,2,3,11,56,207,0.441828352281693,0,0,0,1
6,2,3,12,55,202,0.427158444552049,0,0,0,1
6,2,3,13,55,200,0.401398872556383,0,0,0,1
6,2,3,14,53,204,0.471871891616998,0,0,0,1
6,2,3,15,56,205,0.444178668940625,0,0,0,1
6,2,3,16,50,199,0.405222554676272,0,0,0,1
6,2,3,17,60,210,0.516495652330878,0,0,0,1
6,2,3,18,60,202,0.409842152938195,0,0,0,1
6,2,3,19,51,194,0.423427546078496,0,0,0,1
6,2,3,20,57,202,0.428363613827459,0,0,0,1
6,2,3,21,51,198,0.417971704926842,0,0,0,1
6,2,3,22,59,204,0.410502227754154,0,0,0,1
6,2,3,23,55,204,0.436996548927583,0,0,0,1
6,2,3,24,53,195,0.402663179197989,0,0,0,1
6,2,3,25,55,198,0.404570300849078,0,0,0,1
6,2,3,26,53,206,0.434143802109303,0,0,0,1
6,2,3,27,61,217,0.428684411495727,0,0,0,1
6,2,3,28,56,199,0.405560371306951,0,0,0,1
6,2,3,29,54,207,0.457396683064559,0,0,0,1
6,2,3,30,55,195,0.381182664174055,0,0,0,1
6,2,4,1,58,204,0.405692306123393,0,0,0,1
6,2,4,2,51,196,0.472958828390643,0,0,0,1
6,2,4,3,49,191,0.363789326390279,0,0,0,1
6,2,4,4,57,209,0.477438444253965,0,0,0,1
6,2,4,5,54,206,0.439655250332242,0,0,0,1
6,2,4,6,50,192,0.406619596302298,0,0,0,1
6,2,4,7,59,211,0.496930226682661,0,0,0,1
6,2,4,8,59,201,0.427107822233642,0,0,0,1
6,2,4,9,60,192,0.310126347631021,0,0,0,1
6,2,4,10,48,191,0.480475703537955,0,0,0,1
6,2,4,11,48,190,0.407688275784215,0,0,0,1
6,2,4,12,52,196,0.449634696615749,0,0,0,1
6,2,4,13,59,201,0.410025166795113,0,0,0,1
6,2,4,14,59,193,0.333510625506622,0,0,0,1
6,2,4,15,56,199,0.376780864690749,0,0,0,1
6,2,4,16,56,203,0.477973144463082,0,0,0,1
6,2,4,17,60,205,0.44919023924198,0,0,0,1
6,2,4,18,56,205,0.473410284548545,0,0,0,1
6,2,4,19,56,196,0.359139739231647,0,0,0,1
6,2,4,20,57,213,0.491646739999295,0,0,0,1
6,2,4,21,49,193,0.408941586513535,0,0,0,1
6,2,4,22,50,196,0.459205945197938,0,0,0,1
6,2,4,23,52,190,0.38261833120886,0,0,0,1
6,2,4,24,54,192,0.345143210884001,0,0,0,1
6,2,4,25,51,194,0.403186777713327,0,0,0,1
6,2,4,26,60,206,0.418798286862732,0,0,0,1
6,2,4,27,58,207,0.453343115505024,0,0,0,1
6,2,4,28,60,205,0.391068026256134,0,0,0,1
6,2,4,29,55,201,0.390682472022489,0,0,0,1
6,2,4,30,56,203,0.422518688577232,0,0,0,1
6,2,5,1,50,200,0.470747386374983,0,0,0,1
6,2,5,2,56,199,0.381670524770279,0,0,0,1
6,2,5,3,54,201,0.460666885386244,0,0,0,1
6,2,5,4,53,194,0.40471807400488,0,0,0,1
6,2,5,5,58,199,0.377438838362986,0,0,0,1
6,2,5,6,58,211,0.477441027190274,0,0,0,1
6,2,5,7,58,207,0.403258370381535,0,0,0,1
6,2,5,8,54,193,0.377657940780791,0,0,0,1
6,2,5,9,59,208,0.488234897894647,0,0,0,1
6,2,5,10,54,198,0.417459755780915,0,0,0,1
6,2,5,11,49,189,0.423696776746039,0,0,0,1
6,2,5,12,56,203,0.427760851636633,0,0,0,1
6,2,5,13,61,208,0.440294303052401,0,0,0,1
6,2,5,14,60,212,0.475658158767137,0,0,0,1
6,2,5,15,57,207,0.46774507943466,0,0,0,1
6,2,5,16,56,200,0.380815962687463,0,0,0,1
6,2,5,17,56,195,0.338623840868402,0,0,0,1
6,2,5,18,57,203,0.418845466512818,0,0,0,1
6,2,5,19,59,202,0.371851463699693,0,0,0,1
6,2,5,20,59,211,0.49374495399122,0,0,0,1
6,2,5,21,60,201,0.386702936842344,0,0,0,1
6,2,5,22,54,207,0.487478284563466,0,0,0,1
6,2,5,23,53,194,0.40482304539094,0,0,0,1
6,2,5,24,54,198,0.456616226822064,0,0,0,1
6,2,5,25,62,199,0.352029002828293,0,0,0,1
6,2,5,26,63,212,0.429592346829814,0,0,0,1
6,2,5,27,59,205,0.414728061390202,0,0,0,1
6,2,5,28,53,198,0.418285247142981,0,0,0,1
6,2,5,29,51,193,0.433648452308153,0,0,0,1
6,2,5,30,59,208,0.430655229721518,0,0,0,1
6,2,6,1,52,193,0.370619644865028,0,0,0,1
6,2,6,2,57,202,0.424683773068795,0,0,0,1
6,2,6,3,57,209,0.492833783691495,0,0,0,1
6,2,6,4,56,199,0.377126866023477,0,0,0,1
6,2,6,5,57,204,0.45620038341608,0,0,0,1
6,2,6,6,55,205,0.440257782378657,0,0,0,1
6,2,6,7,63,217,0.448308425508643,0,0,0,1
6,2,6,8,58,209,0.437076415414255,0,0,0,1
6,2,6,9,59,207,0.453404783762335,0,0,0,1
6,2,6,10,56,203,0.468311953107785,0,0,0,1
6,2,6,11,56,202,0.380236871265535,0,0,0,1
6,2,6,12,56,194,0.356732956029605,0,0,0,1
6,2,6,13,56,201,0.38094362467985,0,0,0,1
6,2,6,14,54,202,0.423833786439621,0,0,0,1
6,2,6,15,52,193,0.398585022793989,0,0,0,1
6,2,6,16,55,203,0.425928127191226,0,0,0,1
6,2,6,17,55,210,0.431153506836757,0,0,0,1
6,2,6,18,56,207,0.460323958542567,0,0,0,1
6,2,6,19,52,196,0.398495646846022,0,0,0,1
6,2,6,20,54,200,0.385411112643942,0,0,0,1
6,2,6,21,55,203,0.449535718389902,0,0,0,1
6,2,6,22,53,204,0.487476361102504,0,0,0,1
6,2,6,23,59,208,0.40657699949242,0,0,0,1
6,2,6,24,57,202,0.418437347293848,0,0,0,1
6,2,6,25,57,199,0.375323485387581,0,0,0,1
6,2,6,26,55,200,0.419034013283171,0,0,0,1
6,2,6,27,54,196,0.38449018891529,0,0,0,1
6,2,6,28,54,197,0.387000034429218,0,0,0,1
6,2,6,29,57,214,0.488042721093195,0,0,0,1
6,2,6,30,52,192,0.363207099295907,0,0,0,1
6,2,7,1,55,201,0.421196303082652,0,0,0,1
6,2,7,2,55,200,0.394360838803648,0,0,0,1
6,2,7,3,58,210,0.420850090440264,0,0,0,1
6,2,7,4,51,196,0.386945099095259,0,0,0,1
6,2,7,5,52,205,0.437167814189013,0,0,0,1
6,2,7,6,52,196,0.452063930234435,0,0,0,1
6,2,7,7,56,202,0.400196577794491,0,0,0,1
6,2,7,8,52,193,0.406957834126845,0,0,0,1
6,2,7,9,52,195,0.411485995782406,0,0,0,1
6,2,7,10,54,201,0.432354117097322,0,0,0,1
6,2,7,11,49,194,0.409891384231319,0,0,0,1
6,2,7,12,52,202,0.408195896381409,0,0,0,1
6,2,7,13,58,212,0.430575528874013,0,0,0,1
6,2,7,14,57,199,0.397705143753215,0,0,0,1
6,2,7,15,52,196,0.376094322639431,0,0,0,1
6,2,7,16,51,201,0.415594302026502,0,0,0,1
6,2,7,17,54,201,0.427631639387205,0,0,0,1
6,2,7,18,52,195,0.431087798903629,0,0,0,1
6,2,7,19,52,197,0.407279174459132,0,0,0,1
6,2,7,20,58,208,0.456062708668801,0,0,0,1
6,2,7,21,48,189,0.375944773846564,0,0,0,1
6,2,7,22,51,193,0.3953090955598,0,0,0,1
6,2,7,23,54,205,0.432586347087454,0,0,0,1
6,2,7,24,52,197,0.394654501120501,0,0,0,1
6,2,7,25,50,193,0.389017739449369,0,0,0,1
6,2,7,26,57,202,0.38715096011828,0,0,0,1
6,2,7,27,56,200,0.415124997978145,0,0,0,1
6,2,7,28,53,200,0.434817804720543,0,0,0,1
6,2,7,29,55,202,0.433394047122773,0,0,0,1
6,2,7,30,51,197,0.4232227070799,0,0,0,1
6,2,8,1,62,207,0.428375210286129,0,0,0,1
6,2,8,2,60,209,0.456939838973056,0,0,0,1
6,2,8,3,51,196,0.394864358910572,0,0,0,1
6,2,8,4,59,205,0.42870188222741,0,0,0,1
6,2,8,5,60,204,0.405130272019666,0,0,0,1
6,2,8,6,56,196,0.381010067258753,0,0,0,1
6,2,8,7,49,191,0.440887769967771,0,0,0,1
6,2,8,8,55,200,0.382374551221516,0,0,0,1
6,2,8,9,54,193,0.402608681622379,0,0,0,1
6,2,8,10,51,198,0.473397632349194,0,0,0,1
6,2,8,11,58,203,0.434438549423152,0,0,0,1
6,2,8,12,54,199,0.39096076690241,0,0,0,1
6,2,8,13,61,211,0.490445109258791,0,0,0,1
6,2,8,14,54,199,0.417936417307488,0,0,0,1
6,2,8,15,57,202,0.381283709500582,0,0,0,1
6,2,8,16,58,199,0.431244711813137,0,0,0,1
6,2,8,17,61,206,0.412248594019561,0,0,0,1
6,2,8,18,57,210,0.510423274414806,0,0,0,1
6,2,8,19,59,205,0.457467939166279,0,0,0,1
6,2,8,20,58,204,0.498199672871781,0,0,0,1
6,2,8,21,59,206,0.485566089476889,0,0,0,1
6,2,8,22,56,201,0.35225914242886,0,0,0,1
6,2,8,23,55,198,0.421908035194008,0,0,0,1
6,2,8,24,51,195,0.386222410264228,0,0,0,1
6,2,8,25,53,196,0.380621296205098,0,0,0,1
6,2,8,26,54,193,0.393238658477672,0,0,0,1
6,2,8,27,56,198,0.400852673893305,0,0,0,1
6,2,8,28,52,198,0.439756038255513,0,0,0,1
6,2,8,29,56,196,0.41143866331786,0,0,0,1
6,2,8,30,58,200,0.404085398753111,0,0,0,1
6,3,1,1,41,184,0.240368131809564,0,0,0,1
6,3,1,2,47,180,0.20332060301685,0,0,0,1
6,3,1,3,41,186,0.279162570593675,0,0,0,1
6,3,1,4,50,199,0.299934072632026,0,0,0,1
6,3,1,5,41,175,0.234410600288519,0,0,0,1
6,3,1,6,47,187,0.267859838200836,0,0,0,1
6,3,1,7,45,192,0.306724725926851,0,0,0,1
6,3,1,8,45,189,0.262989989249333,0,0,0,1
6,3,1,9,42,183,0.253790515524763,0,0,0,1
6,3,1,10,48,198,0.241975609550268,0,0,0,1
6,3,1,11,54,191,0.228768609629655,0,0,0,1
6,3,1,12,45,190,0.276228090686691,0,0,0,1
6,3,1,13,50,190,0.282038376065734,0,0,0,1
6,3,1,14,48,198,0.315746908253437,0,0,0,1
6,3,1,15,47,182,0.258438138283149,0,0,0,1
6,3,1,16,52,194,0.230334273589242,0,0,0,1
6,3,1,17,45,186,0.287458656680636,0,0,0,1
6,3,1,18,42,195,0.3352694968732,0,0,0,1
6,3,1,19,47,194,0.286708774257611,0,0,0,1
6,3,1,20,43,187,0.276438508733551,0,0,0,1
6,3,1,21,43,193,0.318017628715252,0,0,0,1
6,3,1,22,45,190,0.239911642624386,0,0,0,1
6,3,1,23,47,191,0.303363774721466,0,0,0,1
6,3,1,24,44,188,0.268076827947469,0,0,0,1
6,3,1,25,42,188,0.26268803044759,0,0,0,1
6,3,1,26,49,194,0.27031967102361,0,0,0,1
6,3,1,27,55,198,0.208475453803313,0,0,0,1
6,3,1,28,47,189,0.253949244330534,0,0,0,1
6,3,1,29,43,188,0.2401661524285,0,0,0,1
6,3,1,30,46,185,0.264415025024938,0,0,0,1
6,3,2,1,41,195,0.308101223683794,0,0,0,1
6,3,2,2,43,192,0.338339048311321,0,0,0,1
6,3,2,3,44,190,0.318436483179317,0,0,0,1
6,3,2,4,45,193,0.325207058903729,0,0,0,1
6,3,2,5,45,191,0.314196856288549,0,0,0,1
6,3,2,6,43,192,0.311777877432837,0,0,0,1
6,3,2,7,41,193,0.310975640896539,0,0,0,1
6,3,2,8,45,195,0.318926477745202,0,0,0,1
6,3,2,9,44,192,0.323552514091452,0,0,0,1
6,3,2,10,42,190,0.31469047303223,0,0,0,1
6,3,2,11,43,195,0.323475947213521,0,0,0,1
6,3,2,12,44,192,0.313101007609186,0,0,0,1
6,3,2,13,40,186,0.335982747932531,0,0,0,1
6,3,2,14,43,189,0.32657794193995,0,0,0,1
6,3,2,15,42,192,0.307769208019241,0,0,0,1
6,3,2,16,43,190,0.321152332303344,0,0,0,1
6,3,2,17,46,195,0.295115765100758,0,0,0,1
6,3,2,18,44,193,0.313887093859136,0,0,0,1
6,3,2,19,42,187,0.296011428436212,0,0,0,1
6,3,2,20,45,191,0.294282101172729,0,0,0,1
6,3,2,21,44,194,0.321092765141721,0,0,0,1
6,3,2,22,44,193,0.308525850146403,0,0,0,1
6,3,2,23,40,189,0.321837561255322,0,0,0,1
6,3,2,24,44,197,0.327334705880195,0,0,0,1
6,3,2,25,46,195,0.305686647570024,0,0,0,1
6,3,2,26,42,193,0.321074273848744,0,0,0,1
6,3,2,27,45,192,0.310030480545022,0,0,0,1
6,3,2,28,44,195,0.326826937572397,0,0,0,1
6,3,2,29,45,189,0.305565991265779,0,0,0,1
6,3,2,30,45,192,0.334039810981168,0,0,0,1
6,3,3,1,40,179,0.246678854463551,0,0,0,1
6,3,3,2,45,183,0.248331482641168,0,0,0,1
6,3,3,3,44,189,0.293203211129183,0,0,0,1
6,3,3,4,40,177,0.271059307664548,0,0,0,1
6,3,3,5,42,189,0.287056248412904,0,0,0,1
6,3,3,6,39,179,0.272048055113179,0,0,0,1
6,3,3,7,42,186,0.252175376657449,0,0,0,1
6,3,3,8,43,186,0.251879461881286,0,0,0,1
6,3,3,9,42,184,0.265211973559602,0,0,0,1
6,3,3,10,40,179,0.232163890598777,0,0,0,1
6,3,3,11,43,188,0.274420591888348,0,0,0,1
6,3,3,12,43,185,0.275909491214163,0,0,0,1
6,3,3,13,41,179,0.24391647550292,0,0,0,1
6,3,3,14,42,186,0.296461556999896,0,0,0,1
6,3,3,15,44,184,0.263115997379002,0,0,0,1
6,3,3,16,36,176,0.255837198489829,0,0,0,1
6,3,3,17,48,191,0.313677882166623,0,0,0,1
6,3,3,18,46,184,0.257937484334162,0,0,0,1
6,3,3,19,42,182,0.274017919019361,0,0,0,1
6,3,3,20,45,185,0.276821169630767,0,0,0,1
6,3,3,21,40,183,0.272242013192601,0,0,0,1
6,3,3,22,43,184,0.267258086600235,0,0,0,1
6,3,3,23,43,184,0.277523931396784,0,0,0,1
6,3,3,24,42,179,0.250441833792171,0,0,0,1
6,3,3,25,42,182,0.26096703558216,0,0,0,1
6,3,3,26,40,186,0.280109055032366,0,0,0,1
6,3,3,27,46,192,0.262415929665833,0,0,0,1
6,3,3,28,44,184,0.267381200058311,0,0,0,1
6,3,3,29,41,185,0.277540759871807,0,0,0,1
6,3,3,30,41,178,0.239913124978117,0,0,0,2
6,3,4,1,51,203,0.264079492918158,0,0,0,1
6,3,4,2,44,192,0.319670137657309,0,0,0,1
6,3,4,3,41,190,0.245320194491826,0,0,0,1
6,3,4,4,52,209,0.316495410097708,0,0,0,1
6,3,4,5,46,203,0.301363019916509,0,0,0,1
6,3,4,6,42,186,0.261308363374873,0,0,0,1
6,3,4,7,53,210,0.318353622712296,0,0,0,1
6,3,4,8,54,198,0.272598872174997,0,0,0,1
6,3,4,9,51,188,0.209373141158858,0,0,0,1
6,3,4,10,43,186,0.293632439216502,0,0,0,1
6,3,4,11,41,187,0.270101755319454,0,0,0,1
6,3,4,12,46,193,0.297547645980053,0,0,0,1
6,3,4,13,53,201,0.291104335154082,0,0,0,1
6,3,4,14,53,189,0.213511554829436,0,0,0,1
6,3,4,15,48,195,0.235519735030293,0,0,0,1
6,3,4,16,50,202,0.316910578197231,0,0,0,1
6,3,4,17,53,199,0.281391869206071,0,0,0,1
6,3,4,18,50,201,0.314863798416764,0,0,0,1
6,3,4,19,49,192,0.236146319307419,0,0,0,1
6,3,4,20,53,213,0.305405508718972,0,0,0,1
6,3,4,21,40,184,0.245466735235896,0,0,0,1
6,3,4,22,44,194,0.29554434020568,0,0,0,1
6,3,4,23,42,182,0.247314992318844,0,0,0,1
6,3,4,24,47,186,0.216491028914212,0,0,0,1
6,3,4,25,45,193,0.277379594667941,0,0,0,1
6,3,4,26,53,201,0.267782992420039,0,0,0,1
6,3,4,27,51,204,0.297488100946994,0,0,0,1
6,3,4,28,55,208,0.263995728138981,0,0,0,1
6,3,4,29,48,200,0.256002650062231,0,0,0,1
6,3,4,30,47,201,0.311433917026034,0,0,0,1
6,3,5,1,41,192,0.309646614964647,0,0,0,1
6,3,5,2,47,192,0.229654303604376,0,0,0,1
6,3,5,3,46,197,0.302068414493159,0,0,0,1
6,3,5,4,44,189,0.27655492784032,0,0,0,1
6,3,5,5,48,196,0.253676652459203,0,0,0,1
6,3,5,6,50,206,0.319688125031679,0,0,0,1
6,3,5,7,49,204,0.260597017081283,0,0,0,1
6,3,5,8,45,189,0.256914944718081,0,0,0,1
6,3,5,9,51,201,0.303070542266555,0,0,0,1
6,3,5,10,47,195,0.25899214221175,0,0,0,1
6,3,5,11,40,182,0.279427411340652,0,0,0,1
6,3,5,12,47,199,0.275488859476058,0,0,0,1
6,3,5,13,58,207,0.269633982390537,0,0,0,1
6,3,5,14,53,207,0.313454362479932,0,0,0,1
6,3,5,15,47,200,0.295084736724087,0,0,0,1
6,3,5,16,49,197,0.253476384287551,0,0,0,1
6,3,5,17,47,189,0.216429767568432,0,0,0,2
6,3,5,18,46,196,0.282165778384867,0,0,0,1
6,3,5,19,49,194,0.232198769537632,0,0,0,1
6,3,5,20,50,203,0.31623947478193,0,0,0,1
6,3,5,21,50,202,0.292239327022599,0,0,0,1
6,3,5,22,44,198,0.308217514994786,0,0,0,1
6,3,5,23,45,189,0.263058193348701,0,0,0,1
6,3,5,24,48,194,0.29381720151721,0,0,0,1
6,3,5,25,53,196,0.245592364987966,0,0,0,1
6,3,5,26,53,208,0.270623009268151,0,0,0,1
6,3,5,27,50,199,0.272894421574779,0,0,0,1
6,3,5,28,45,195,0.294528445872591,0,0,0,1
6,3,5,29,43,186,0.269934724949082,0,0,0,1
6,3,5,30,47,199,0.274859165620649,0,0,0,1
6,3,6,1,40,186,0.274252014250206,0,0,0,1
6,3,6,2,45,193,0.292855404387194,0,0,0,1
6,3,6,3,45,200,0.330965824991257,0,0,0,1
6,3,6,4,43,197,0.291616345649779,0,0,0,1
6,3,6,5,44,197,0.315276490937304,0,0,0,1
6,3,6,6,42,199,0.31797959881357,0,0,0,1
6,3,6,7,47,206,0.308917507813173,0,0,0,1
6,3,6,8,44,204,0.317933419051751,0,0,0,1
6,3,6,9,45,199,0.312363576162741,0,0,0,1
6,3,6,10,45,196,0.311778325879352,0,0,0,1
6,3,6,11,41,190,0.262628098249102,0,0,0,1
6,3,6,12,43,187,0.25909793712907,0,0,0,1
6,3,6,13,42,195,0.281141182528628,0,0,0,1
6,3,6,14,39,189,0.28089228545086,0,0,0,1
6,3,6,15,40,189,0.29781508502482,0,0,0,1
6,3,6,16,42,199,0.308678094697308,0,0,0,1
6,3,6,17,41,202,0.322920559345,0,0,0,1
6,3,6,18,44,201,0.326854643468677,0,0,0,1
6,3,6,19,40,188,0.28600654286395,0,0,0,1
6,3,6,20,40,191,0.269112190173155,0,0,0,1
6,3,6,21,42,193,0.313840232209556,0,0,0,1
6,3,6,22,42,198,0.334966890877912,0,0,0,1
6,3,6,23,45,199,0.284097471438848,0,0,0,1
6,3,6,24,43,193,0.293028071261355,0,0,0,1
6,3,6,25,42,191,0.278976249774442,0,0,0,1
6,3,6,26,42,192,0.305652108214174,0,0,0,1
6,3,6,27,40,189,0.288810683602291,0,0,0,1
6,3,6,28,41,185,0.275062734230713,0,0,0,1
6,3,6,29,44,208,0.33264348427864,0,0,0,1
6,3,6,30,38,182,0.264513131260671,0,0,0,1
6,3,7,1,42,189,0.318123781063618,0,0,0,1
6,3,7,2,43,189,0.291019194102236,0,0,0,1
6,3,7,3,43,194,0.318874680989998,0,0,0,1
6,3,7,4,40,186,0.30014917690938,0,0,0,2
6,3,7,5,41,191,0.306196308930869,0,0,0,1
6,3,7,6,40,187,0.330550412459374,0,0,0,1
6,3,7,7,44,190,0.287037650813536,0,0,0,1
6,3,7,8,41,186,0.300733860303507,0,0,0,1
6,3,7,9,41,185,0.305819652307244,0,0,0,1
6,3,7,10,41,186,0.300709320799285,0,0,0,1
6,3,7,11,40,186,0.307765038722835,0,0,0,1
6,3,7,12,40,187,0.300018770201824,0,0,0,1
6,3,7,13,42,190,0.308739478449089,0,0,0,1
6,3,7,14,44,189,0.282529781531053,0,0,0,1
6,3,7,15,39,185,0.283374056844955,0,0,0,1
6,3,7,16,40,189,0.302879979580746,0,0,0,1
6,3,7,17,42,191,0.319691526884751,0,0,0,1
6,3,7,18,39,180,0.308864153493065,0,0,0,1
6,3,7,19,39,183,0.290617963837844,0,0,0,1
6,3,7,20,44,195,0.341679684613666,0,0,0,1
6,3,7,21,38,183,0.292078461376161,0,0,0,1
6,3,7,22,39,184,0.294833778731737,0,0,0,1
6,3,7,23,42,193,0.310853363689835,0,0,0,1
6,3,7,24,38,185,0.292787805745966,0,0,0,1
6,3,7,25,40,185,0.299828010081433,0,0,0,1
6,3,7,26,44,187,0.274272944722691,0,0,0,1
6,3,7,27,42,188,0.305634636318608,0,0,0,1
6,3,7,28,40,188,0.322078091387206,0,0,0,1
6,3,7,29,42,189,0.312767853007824,0,0,0,1
6,3,7,30,41,187,0.317724425764474,0,0,0,1
6,3,8,1,57,210,0.28730464720047,0,0,0,1
6,3,8,2,56,214,0.291501137624764,0,0,0,1
6,3,8,3,44,203,0.262119021878411,0,0,0,1
6,3,8,4,53,209,0.286225004192913,0,0,0,1
6,3,8,5,52,207,0.277456680855327,0,0,0,1
6,3,8,6,49,202,0.276094599622146,0,0,0,1
6,3,8,7,41,192,0.296686531616787,0,0,0,1
6,3,8,8,49,206,0.259957313087311,0,0,0,1
6,3,8,9,47,196,0.272700627439563,0,0,0,1
6,3,8,10,45,198,0.294410308730781,0,0,0,1
6,3,8,11,52,209,0.292854363171841,0,0,0,1
6,3,8,12,48,206,0.270976895717539,0,0,0,1
6,3,8,13,55,213,0.331734336231306,0,0,0,1
6,3,8,14,46,202,0.280378332675449,0,0,0,1
6,3,8,15,50,210,0.260184207800789,0,0,0,1
6,3,8,16,52,201,0.28935512156422,0,0,0,1
6,3,8,17,56,211,0.267496733059205,0,0,0,1
6,3,8,18,52,213,0.336413139112096,0,0,0,1
6,3,8,19,52,207,0.311040782848786,0,0,0,1
6,3,8,20,52,208,0.337034523448277,0,0,0,1
6,3,8,21,55,207,0.308003780020144,0,0,0,1
6,3,8,22,47,204,0.233423412047151,0,0,0,1
6,3,8,23,49,202,0.265993939321737,0,0,0,1
6,3,8,24,45,202,0.260266814906418,0,0,0,1
6,3,8,25,47,201,0.257231210172134,0,0,0,1
6,3,8,26,49,196,0.256175323520499,0,0,0,1
6,3,8,27,50,202,0.269801145378798,0,0,0,1
6,3,8,28,44,200,0.300142773182558,0,0,0,1
6,3,8,29,48,196,0.269098709527133,0,0,0,1
6,3,8,30,53,205,0.258420761068059,0,0,0,1
6,4,1,1,53,191,0.153044368762109,0,0,0,1
6,4,1,2,70,599,0.148818866968584,0,1,0,1
6,4,1,3,53,201,0.219027637196724,0,0,0,1
6,4,1,4,68,222,0.280973520743154,0,0,0,1
6,4,1,5,47,179,0.165433738293902,0,0,0,1
6,4,1,6,61,204,0.235292401510679,0,0,0,1
6,4,1,7,54,203,0.264809086759504,0,0,0,1
6,4,1,8,59,195,0.179665007756581,0,0,0,1
6,4,1,9,49,182,0.166641404939863,0,0,0,1
6,4,1,10,69,223,0.179901165185135,0,0,0,1
6,4,1,11,81,201,0.142120766681501,0,0,0,1
6,4,1,12,56,200,0.212086552609154,0,0,0,1
6,4,1,13,62,197,0.225120122885852,0,0,0,1
6,4,1,14,61,221,0.28347081872331,0,0,0,1
6,4,1,15,65,182,0.1440820369457,0,0,0,1
6,4,1,16,76,218,0.177238122846345,0,0,0,1
6,4,1,17,58,191,0.202300403750537,0,0,0,1
6,4,1,18,51,214,0.307776360212787,0,0,0,1
6,4,1,19,62,210,0.235512830291543,0,0,0,1
6,4,1,20,58,199,0.210006113187956,0,0,0,1
6,4,1,21,53,208,0.275271675276722,0,0,0,1
6,4,1,22,66,205,0.141651816303335,0,0,0,1
6,4,1,23,58,202,0.24680700744736,0,0,0,1
6,4,1,24,58,209,0.18718535087502,0,0,0,1
6,4,1,25,58,208,0.198770968954429,0,0,0,1
6,4,1,26,64,213,0.215204711567213,0,0,0,1
6,4,1,27,97,231,0.107677743939537,0,0,0,1
6,4,1,28,66,212,0.20727748711456,0,0,0,1
6,4,1,29,65,198,0.136334235031053,0,0,0,1
6,4,1,30,63,193,0.171543092896437,0,0,0,1
6,4,2,1,61,231,0.230250053263884,0,0,0,1
6,4,2,2,62,218,0.271531789527597,0,0,0,1
6,4,2,3,61,210,0.212838491226863,0,0,0,1
6,4,2,4,63,214,0.236399511249078,0,0,0,1
6,4,2,5,64,208,0.203680991414911,0,0,0,1
6,4,2,6,63,214,0.221084902623337,0,0,0,1
6,4,2,7,62,236,0.216362358892832,0,0,0,1
6,4,2,8,63,221,0.245830882654418,0,0,0,1
6,4,2,9,63,221,0.243632811031443,0,0,0,1
6,4,2,10,60,212,0.221461466639411,0,0,0,1
6,4,2,11,60,220,0.218203421960827,0,0,0,1
6,4,2,12,64,212,0.205046951402366,0,0,0,1
6,4,2,13,52,200,0.244057932757808,0,0,0,1
6,4,2,14,63,218,0.257276628294975,0,0,0,1
6,4,2,15,58,215,0.202350080707912,0,0,0,1
6,4,2,16,62,218,0.226598277829985,0,0,0,1
6,4,2,17,73,229,0.220404174166449,0,0,0,1
6,4,2,18,56,216,0.209861127350429,0,0,0,1
6,4,2,19,58,203,0.199442890536126,0,0,0,1
6,4,2,20,69,227,0.203812528877388,0,0,0,1
6,4,2,21,65,220,0.235086876822893,0,0,0,1
6,4,2,22,70,218,0.178644804525446,0,0,0,1
6,4,2,23,49,225,0.23596346029375,0,0,0,1
6,4,2,24,63,223,0.233934379866444,0,0,0,1
6,4,2,25,70,221,0.224740941807003,0,0,0,1
6,4,2,26,56,220,0.240845861869138,0,0,0,1
6,4,2,27,65,220,0.19790934957971,0,0,0,1
6,4,2,28,61,222,0.233740392013074,0,0,0,1
6,4,2,29,65,203,0.189317304845986,0,0,0,1
6,4,2,30,63,212,0.262190792860801,0,0,0,1
6,4,3,1,55,198,0.167475183451757,0,0,0,1
6,4,3,2,66,202,0.1791889832324,0,0,0,1
6,4,3,3,61,211,0.237933360761812,0,0,0,1
6,4,3,4,52,190,0.199149950655917,0,0,0,2
6,4,3,5,54,207,0.226517464126403,0,0,0,1
6,4,3,6,51,429,0.209539213407207,0,0,0,2
6,4,3,7,56,206,0.175447519769461,0,0,0,1
6,4,3,8,62,212,0.204624835887773,0,0,0,1
6,4,3,9,51,197,0.188811789784723,0,0,0,1
6,4,3,10,36,201,0.158463132763548,0,0,0,1
6,4,3,11,58,207,0.210535586763163,0,0,0,1
6,4,3,12,58,199,0.197733704176034,0,0,0,1
6,4,3,13,59,197,0.175027788128549,0,0,0,2
6,4,3,14,51,199,0.238862462219428,0,0,0,1
6,4,3,15,62,205,0.213367433134236,0,0,0,1
6,4,3,16,45,195,0.186839323757517,0,0,0,2
6,4,3,17,67,210,0.278899720709,0,0,0,1
6,4,3,18,67,203,0.185292997733862,0,0,0,1
6,4,3,19,53,190,0.199175981488812,0,0,0,2
6,4,3,20,62,201,0.201738839315471,0,0,0,2
6,4,3,21,51,192,0.194327474303352,0,0,0,1
6,4,3,22,59,203,0.183307921254823,0,0,0,1
6,4,3,23,59,203,0.20618969200864,0,0,0,2
6,4,3,24,57,192,0.178492834082214,0,0,0,2
6,4,3,25,60,194,0.177879929983309,0,0,0,1
6,4,3,26,54,205,0.202614777315051,0,0,0,1
6,4,3,27,75,230,0.206822716995325,0,0,0,1
6,4,3,28,63,194,0.178632348103413,0,0,0,2
6,4,3,29,55,206,0.223223522557707,0,0,0,1
6,4,3,30,59,434,0.197665555781196,0,0,0,2
6,4,4,1,66,217,0.230634385713908,0,0,0,1
6,4,4,2,52,202,0.292769806971351,0,0,0,1
6,4,4,3,45,192,0.182129521788266,0,0,0,1
6,4,4,4,63,223,0.302912979272053,0,0,0,1
6,4,4,5,57,222,0.263125198740036,0,0,0,1
6,4,4,6,50,197,0.231253849262153,0,0,0,1
6,4,4,7,66,226,0.323713213154197,0,0,0,1
6,4,4,8,65,209,0.247327711065386,0,0,0,1
6,4,4,9,72,197,0.132496773318199,0,0,0,2
6,4,4,10,46,193,0.300944378356097,0,0,0,1
6,4,4,11,45,191,0.226256150537114,0,0,0,1
6,4,4,12,53,201,0.269218831188721,0,0,0,1
6,4,4,13,64,210,0.230109308223352,0,0,0,1
6,4,4,14,65,196,0.152997955872393,0,0,0,1
6,4,4,15,59,208,0.196845934086099,0,0,0,1
6,4,4,16,60,215,0.304314453509601,0,0,0,1
6,4,4,17,68,217,0.274930373791893,0,0,0,1
6,4,4,18,61,221,0.303549984719546,0,0,0,1
6,4,4,19,63,203,0.182249241111062,0,0,0,1
6,4,4,20,64,231,0.322523449374328,0,0,0,1
6,4,4,21,47,197,0.229281643119111,0,0,0,1
6,4,4,22,49,203,0.282333243716982,0,0,0,1
6,4,4,23,52,192,0.202441405565789,0,0,0,1
6,4,4,24,57,193,0.165276718628546,0,0,0,1
6,4,4,25,52,199,0.222625840171368,0,0,0,1
6,4,4,26,70,224,0.247106180273155,0,0,0,1
6,4,4,27,61,218,0.274965105272557,0,0,0,1
6,4,4,28,71,221,0.216030525613717,0,0,0,1
6,4,4,29,58,212,0.21130406732978,0,0,0,1
6,4,4,30,61,214,0.246605385946907,0,0,0,1
6,4,5,1,49,200,0.249321003473968,0,0,0,1
6,4,5,2,63,599,0.175120470965076,0,1,0,1
6,4,5,3,55,204,0.242655237027403,0,0,0,1
6,4,5,4,52,187,0.18521532430039,0,0,0,1
6,4,5,5,72,599,0.195697754561192,0,1,0,1
6,4,5,6,63,220,0.262637008526911,0,0,0,1
6,4,5,7,64,212,0.179994541486556,0,0,0,1
6,4,5,8,62,577,0.186727740786572,0,0,0,2
6,4,5,9,65,213,0.268482396454482,0,0,0,1
6,4,5,10,56,204,0.213674483971116,0,0,0,2
6,4,5,11,45,181,0.209625092913973,0,0,0,1
6,4,5,12,60,208,0.208150447116212,0,0,0,1
6,4,5,13,70,212,0.217288630299337,0,0,0,1
6,4,5,14,68,217,0.250462299295006,0,0,0,1
6,4,5,15,60,211,0.246092784067172,0,0,0,1
6,4,5,16,62,199,0.158702209163277,0,0,0,2
6,4,5,17,76,505,0.177653684188315,0,0,0,2
6,4,5,18,62,203,0.193667786183341,0,0,0,1
6,4,5,19,68,201,0.147311341410104,0,0,0,2
6,4,5,20,65,217,0.265989721105495,0,0,0,1
6,4,5,21,69,201,0.161776088274108,0,0,0,1
6,4,5,22,56,212,0.264286966306929,0,0,0,1
6,4,5,23,54,188,0.182041446171124,0,0,0,1
6,4,5,24,55,198,0.240446460304368,0,0,0,1
6,4,5,25,76,198,0.132937898430844,0,0,0,1
6,4,5,26,75,226,0.209938204547086,0,0,0,1
6,4,5,27,66,208,0.19184507501927,0,0,0,1
6,4,5,28,53,195,0.199558618218241,0,0,0,1
6,4,5,29,48,185,0.207734310772692,0,0,0,1
6,4,5,30,65,213,0.203797230561829,0,0,0,1
6,4,6,1,47,196,0.191093055796421,0,0,0,1
6,4,6,2,56,210,0.245334381540953,0,0,0,1
6,4,6,3,59,224,0.317030249576167,0,0,0,1
6,4,6,4,57,213,0.200247856595278,0,0,0,1
6,4,6,5,57,216,0.274705643324687,0,0,0,1
6,4,6,6,55,222,0.266900070476316,0,0,0,1
6,4,6,7,71,249,0.288327374883403,0,0,0,1
6,4,6,8,61,228,0.280964192926895,0,0,0,1
6,4,6,9,60,222,0.272595050824137,0,0,0,1
6,4,6,10,57,214,0.294155878325109,0,0,0,1
6,4,6,11,58,216,0.198685565878521,0,0,0,1
6,4,6,12,57,200,0.177314821770548,0,0,0,1
6,4,6,13,57,216,0.203264147304074,0,0,0,1
6,4,6,14,52,215,0.243349345632779,0,0,0,1
6,4,6,15,50,197,0.21271961579214,0,0,0,1
6,4,6,16,55,218,0.245691681107222,0,0,0,1
6,4,6,17,53,239,0.278029203574653,0,0,0,1
6,4,6,18,58,227,0.288298470602167,0,0,0,1
6,4,6,19,48,204,0.217330452209976,0,0,0,1
6,4,6,20,54,214,0.205686364042528,0,0,0,1
6,4,6,21,54,215,0.268068074171818,0,0,0,1
6,4,6,22,51,219,0.315125912763173,0,0,0,1
6,4,6,23,63,226,0.228347993058832,0,0,0,1
6,4,6,24,56,210,0.232088510674222,0,0,0,1
6,4,6,25,59,209,0.195759654014842,0,0,0,1
6,4,6,26,55,211,0.236412334623589,0,0,0,1
6,4,6,27,52,203,0.20484681031846,0,0,0,1
6,4,6,28,49,204,0.207201405618891,0,0,0,1
6,4,6,29,59,238,0.316413133443738,0,0,0,1
6,4,6,30,50,196,0.185918112874252,0,0,0,1
6,4,7,1,53,208,0.239787166485508,0,0,0,1
6,4,7,2,59,218,0.227708462352936,0,0,0,1
6,4,7,3,60,216,0.218139024436692,0,0,0,1
6,4,7,4,63,575,0.295440546208103,0,0,0,2
6,4,7,5,50,208,0.234285351465765,0,0,0,1
6,4,7,6,48,200,0.266093052872968,0,0,0,1
6,4,7,7,60,214,0.207763631347234,0,0,0,1
6,4,7,8,53,219,0.260352165554391,0,0,0,1
6,4,7,9,51,200,0.233591026176906,0,0,0,1
6,4,7,10,52,197,0.221811447775407,0,0,0,1
6,4,7,11,48,217,0.264376747785087,0,0,0,1
6,4,7,12,47,202,0.206188274925657,0,0,0,1
6,4,7,13,59,207,0.210202751034329,0,0,0,1
6,4,7,14,66,599,0.276071377204329,0,1,0,1
6,4,7,15,51,192,0.16074118607603,0,0,0,2
6,4,7,16,45,200,0.211850759512146,0,0,0,1
6,4,7,17,54,197,0.209123792750815,0,0,0,1
6,4,7,18,47,192,0.237974178350297,0,0,0,2
6,4,7,19,48,196,0.20585073965792,0,0,0,1
6,4,7,20,61,213,0.248414852450315,0,0,0,1
6,4,7,21,43,204,0.215827508457707,0,0,0,2
6,4,7,22,48,205,0.220350572083314,0,0,0,1
6,4,7,23,54,208,0.237456719463317,0,0,0,1
6,4,7,24,47,203,0.204019295711578,0,0,0,2
6,4,7,25,49,599,0.252429370765691,0,1,0,1
6,4,7,26,66,207,0.180172654560343,0,0,0,1
6,4,7,27,56,199,0.207123561960256,0,0,0,2
6,4,7,28,50,193,0.220077033751229,0,0,0,1
6,4,7,29,54,200,0.205526013478924,0,0,0,1
6,4,7,30,51,209,0.247251685576356,0,0,0,1
6,4,8,1,80,236,0.256061157495787,0,0,0,1
6,4,8,2,76,239,0.290937774114659,0,0,0,1
6,4,8,3,59,231,0.241746585206887,0,0,0,1
6,4,8,4,76,240,0.260983081218737,0,0,0,1
6,4,8,5,76,239,0.24406453086981,0,0,0,2
6,4,8,6,69,227,0.212619336729963,0,0,0,1
6,4,8,7,49,208,0.255386272232187,0,0,0,1
6,4,8,8,65,230,0.216061781202421,0,0,0,1
6,4,8,9,62,215,0.221719248589807,0,0,0,1
6,4,8,10,54,221,0.293135353399074,0,0,0,1
6,4,8,11,72,234,0.269210842981705,0,0,0,1
6,4,8,12,64,235,0.23618612293603,0,0,0,1
6,4,8,13,73,242,0.32016702020414,0,0,0,1
6,4,8,14,67,240,0.265299923251624,0,0,0,1
6,4,8,15,75,251,0.238899419266568,0,0,0,1
6,4,8,16,72,225,0.259357099540299,0,0,0,1
6,4,8,17,80,241,0.243479902663053,0,0,0,1
6,4,8,18,67,242,0.343488213273594,0,0,0,1
6,4,8,19,73,234,0.289549670887917,0,0,0,1
6,4,8,20,67,230,0.331161192583311,0,0,0,1
6,4,8,21,73,232,0.311877674970715,0,0,0,1
6,4,8,22,77,257,0.19840064896102,0,0,0,1
6,4,8,23,65,225,0.251490444737552,0,0,0,1
6,4,8,24,58,225,0.211437454930038,0,0,0,1
6,4,8,25,63,224,0.207967318482789,0,0,0,1
6,4,8,26,63,219,0.214280186752039,0,0,0,1
6,4,8,27,69,225,0.224782240200977,0,0,0,2
6,4,8,28,58,228,0.267341110055421,0,0,0,1
6,4,8,29,65,223,0.236515633660607,0,0,0,1
6,4,8,30,75,235,0.236947447195628,0,0,0,1
7,1,1,1,59,205,0.443659211423856,0,0,0,1
7,1,1,2,53,195,0.408376220396069,0,0,0,1
7,1,1,3,56,202,0.445625535267284,0,0,0,1
7,1,1,4,56,203,0.424442473539384,0,0,0,1
7,1,1,5,58,205,0.429078084659566,0,0,0,1
7,1,1,6,56,195,0.395507491436417,0,0,0,1
7,1,1,7,58,208,0.437500817471939,0,0,0,1
7,1,1,8,57,194,0.358089726966672,0,0,0,1
7,1,1,9,54,198,0.41330534201441,0,0,0,1
7,1,1,10,56,199,0.42390924837988,0,0,0,1
7,1,1,11,65,205,0.357932587076816,0,0,0,1
7,1,1,12,55,201,0.48670629849446,0,0,0,1
7,1,1,13,55,200,0.40471293054671,0,0,0,1
7,1,1,14,54,198,0.405503412165244,0,0,0,1
7,1,1,15,53,197,0.414346330881073,0,0,0,1
7,1,1,16,56,209,0.467666912093267,0,0,0,1
7,1,1,17,55,197,0.401674105262243,0,0,0,1
7,1,1,18,57,201,0.403139265212207,0,0,0,1
7,1,1,19,62,212,0.415802710041108,0,0,0,1
7,1,1,20,54,201,0.449708675259826,0,0,0,1
7,1,1,21,53,199,0.376788855002049,0,0,0,1
7,1,1,22,54,198,0.376850626582414,0,0,0,1
7,1,1,23,56,205,0.435870937876606,0,0,0,1
7,1,1,24,53,197,0.418701176191306,0,0,0,1
7,1,1,25,59,199,0.421912375077242,0,0,0,1
7,1,1,26,53,200,0.406570095480438,0,0,0,1
7,1,1,27,58,208,0.491253978497827,0,0,0,1
7,1,1,28,55,202,0.434291561671599,0,0,0,1
7,1,1,29,55,194,0.370060518262619,0,0,0,1
7,1,1,30,56,199,0.421678309553374,0,0,0,1
7,1,2,1,55,201,0.424984832048362,0,0,0,1
7,1,2,2,55,201,0.43254741756432,0,0,0,1
7,1,2,3,62,204,0.413051066873154,0,0,0,1
7,1,2,4,54,195,0.410627658020705,0,0,0,1
7,1,2,5,59,202,0.415433999505356,0,0,0,1
7,1,2,6,54,203,0.426260205084573,0,0,0,1
7,1,2,7,56,198,0.421027264480176,0,0,0,1
7,1,2,8,54,198,0.412060800974621,0,0,0,1
7,1,2,9,56,197,0.401623953809285,0,0,0,1
7,1,2,10,53,195,0.397194560233518,0,0,0,1
7,1,2,11,53,196,0.403352915788766,0,0,0,1
7,1,2,12,56,200,0.403448066182009,0,0,0,1
7,1,2,13,58,200,0.404484310161811,0,0,0,1
7,1,2,14,56,197,0.398919874638727,0,0,0,1
7,1,2,15,55,200,0.414334192836636,0,0,0,1
7,1,2,16,56,203,0.434851289008138,0,0,0,1
7,1,2,17,52,194,0.399627452914955,0,0,0,1
7,1,2,18,55,196,0.430407594616709,0,0,0,1
7,1,2,19,53,195,0.4106037520232,0,0,0,1
7,1,2,20,55,198,0.415671664146261,0,0,0,1
7,1,2,21,56,198,0.422041080289269,0,0,0,1
7,1,2,22,54,199,0.407622177067001,0,0,0,1
7,1,2,23,57,201,0.405067626635041,0,0,0,1
7,1,2,24,56,201,0.400531741995335,0,0,0,1
7,1,2,25,55,200,0.428556477423625,0,0,0,1
7,1,2,26,53,195,0.435741299712071,0,0,0,1
7,1,2,27,56,196,0.4078530386648,0,0,0,1
7,1,2,28,52,195,0.398448142032934,0,0,0,1
7,1,2,29,53,204,0.415571370993558,0,0,0,1
7,1,2,30,55,200,0.419244673643137,0,0,0,1
7,1,3,1,54,199,0.408008617460626,0,0,0,1
7,1,3,2,55,200,0.406217749292852,0,0,0,1
7,1,3,3,52,201,0.415830702960346,0,0,0,1
7,1,3,4,53,200,0.380106998010815,0,0,0,1
7,1,3,5,56,209,0.440862871346096,0,0,0,1
7,1,3,6,54,206,0.474208651930156,0,0,0,1
7,1,3,7,53,202,0.440214185964734,0,0,0,1
7,1,3,8,55,203,0.429827005481575,0,0,0,1
7,1,3,9,52,192,0.384962954862,0,0,0,1
7,1,3,10,55,201,0.414086021447424,0,0,0,1
7,1,3,11,55,203,0.440644766979912,0,0,0,1
7,1,3,12,56,199,0.36807374623239,0,0,0,1
7,1,3,13,55,194,0.367384012885155,0,0,0,1
7,1,3,14,55,207,0.449511327615037,0,0,0,1
7,1,3,15,53,203,0.413034433640801,0,0,0,1
7,1,3,16,55,196,0.396866803727476,0,0,0,1
7,1,3,17,55,201,0.404350829192478,0,0,0,1
7,1,3,18,58,205,0.431518925519297,0,0,0,1
7,1,3,19,54,197,0.398929594743502,0,0,0,1
7,1,3,20,57,205,0.432300265795666,0,0,0,1
7,1,3,21,53,205,0.4367648618802,0,0,0,1
7,1,3,22,56,201,0.390078744078683,0,0,0,1
7,1,3,23,57,213,0.467457504012725,0,0,0,1
7,1,3,24,54,204,0.448594040663181,0,0,0,1
7,1,3,25,58,217,0.492396474241176,0,0,0,1
7,1,3,26,57,213,0.480430874616188,0,0,0,1
7,1,3,27,56,209,0.444920276122732,0,0,0,1
7,1,3,28,56,207,0.459416105301942,0,0,0,1
7,1,3,29,52,195,0.390678917956752,0,0,0,1
7,1,3,30,53,202,0.41710607272763,0,0,0,1
7,1,4,1,55,201,0.424654189408297,0,0,0,1
7,1,4,2,53,192,0.356578211110663,0,0,0,1
7,1,4,3,55,201,0.40768493504635,0,0,0,1
7,1,4,4,52,193,0.423415551249806,0,0,0,1
7,1,4,5,53,208,0.504054829658666,0,0,0,1
7,1,4,6,58,197,0.355437419235067,0,0,0,1
7,1,4,7,61,203,0.38305522887785,0,0,0,1
7,1,4,8,53,199,0.411964572961503,0,0,0,1
7,1,4,9,57,202,0.418930093167755,0,0,0,1
7,1,4,10,58,197,0.379459777979285,0,0,0,1
7,1,4,11,57,200,0.409017528954776,0,0,0,1
7,1,4,12,54,196,0.407918902303293,0,0,0,1
7,1,4,13,57,199,0.424642806373621,0,0,0,1
7,1,4,14,58,204,0.425710775890822,0,0,0,1
7,1,4,15,57,200,0.388889345738964,0,0,0,1
7,1,4,16,54,195,0.402495161143009,0,0,0,1
7,1,4,17,50,194,0.443642071142941,0,0,0,1
7,1,4,18,60,202,0.391194484188366,0,0,0,1
7,1,4,19,54,199,0.404964021761077,0,0,0,1
7,1,4,20,61,202,0.387816725984754,0,0,0,1
7,1,4,21,56,198,0.378894290381547,0,0,0,1
7,1,4,22,61,209,0.446096167672205,0,0,0,1
7,1,4,23,58,210,0.504607539913366,0,0,0,1
7,1,4,24,57,203,0.399019475849464,0,0,0,1
7,1,4,25,57,201,0.429989779817939,0,0,0,1
7,1,4,26,61,203,0.430086555874654,0,0,0,1
7,1,4,27,57,214,0.521171632122553,0,0,0,1
7,1,4,28,59,209,0.462251269247255,0,0,0,1
7,1,4,29,53,199,0.449513172851499,0,0,0,1
7,1,4,30,64,204,0.370162370375253,0,0,0,1
7,1,5,1,54,204,0.458193832456676,0,0,0,1
7,1,5,2,54,200,0.408104287412215,0,0,0,1
7,1,5,3,61,201,0.374359270918593,0,0,0,1
7,1,5,4,54,198,0.403516250080193,0,0,0,1
7,1,5,5,56,201,0.41877441068334,0,0,0,1
7,1,5,6,56,199,0.450543904299688,0,0,0,1
7,1,5,7,60,201,0.355878459739845,0,0,0,1
7,1,5,8,54,204,0.485347954677835,0,0,0,1
7,1,5,9,60,206,0.415600179283317,0,0,0,1
7,1,5,10,52,198,0.439694284571958,0,0,0,1
7,1,5,11,52,200,0.467843407380377,0,0,0,1
7,1,5,12,61,207,0.41417179963274,0,0,0,1
7,1,5,13,56,205,0.456049761586434,0,0,0,1
7,1,5,14,59,205,0.414534397463045,0,0,0,1
7,1,5,15,60,196,0.338477292577151,0,0,0,1
7,1,5,16,53,195,0.41762532689466,0,0,0,1
7,1,5,17,52,193,0.400352687374336,0,0,0,1
7,1,5,18,53,198,0.41212025221975,0,0,0,1
7,1,5,19,59,201,0.409791074736742,0,0,0,1
7,1,5,20,53,197,0.412437670036909,0,0,0,1
7,1,5,21,55,201,0.44539814270344,0,0,0,1
7,1,5,22,55,199,0.410782921625183,0,0,0,1
7,1,5,23,51,196,0.447762532605992,0,0,0,1
7,1,5,24,55,201,0.388696910883283,0,0,0,1
7,1,5,25,59,203,0.393031802127668,0,0,0,1
7,1,5,26,50,197,0.444561387962079,0,0,0,1
7,1,5,27,53,196,0.414814160755443,0,0,0,1
7,1,5,28,53,198,0.400695753370672,0,0,0,1
7,1,5,29,48,193,0.466094756056751,0,0,0,1
7,1,5,30,55,196,0.399262788230342,0,0,0,1
7,1,6,1,56,208,0.445844391552153,0,0,0,1
7,1,6,2,55,196,0.376692550813252,0,0,0,1
7,1,6,3,53,196,0.391825036539855,0,0,0,1
7,1,6,4,54,196,0.383082920168241,0,0,0,1
7,1,6,5,55,205,0.435580573760885,0,0,0,1
7,1,6,6,54,202,0.446874980013037,0,0,0,1
7,1,6,7,53,201,0.414088227607335,0,0,0,1
7,1,6,8,55,198,0.401103288445237,0,0,0,1
7,1,6,9,56,205,0.426946967714292,0,0,0,1
7,1,6,10,55,200,0.413487495218715,0,0,0,1
7,1,6,11,51,197,0.414374319003998,0,0,0,1
7,1,6,12,54,200,0.406878636493932,0,0,0,1
7,1,6,13,56,203,0.382143197829552,0,0,0,1
7,1,6,14,54,201,0.397177603686159,0,0,0,1
7,1,6,15,56,204,0.447067629284231,0,0,0,1
7,1,6,16,57,205,0.41736784959682,0,0,0,1
7,1,6,17,57,205,0.390815548373023,0,0,0,1
7,1,6,18,55,204,0.418755602748888,0,0,0,1
7,1,6,19,54,199,0.430424467539755,0,0,0,1
7,1,6,20,56,206,0.424490871450592,0,0,0,1
7,1,6,21,53,198,0.405279042179673,0,0,0,1
7,1,6,22,57,206,0.429670263224201,0,0,0,1
7,1,6,23,56,202,0.42558966130781,0,0,0,1
7,1,6,24,56,204,0.389044055755864,0,0,0,1
7,1,6,25,54,196,0.406749268957182,0,0,0,1
7,1,6,26,53,201,0.453234301907681,0,0,0,1
7,1,6,27,53,198,0.391884441448727,0,0,0,1
7,1,6,28,55,201,0.41527766035139,0,0,0,1
7,1,6,29,56,207,0.434089382740384,0,0,0,1
7,1,6,30,53,203,0.467852210563623,0,0,0,1
7,1,7,1,55,197,0.413984678533168,0,0,0,1
7,1,7,2,58,205,0.399742060001083,0,0,0,1
7,1,7,3,56,201,0.419962744372368,0,0,0,1
7,1,7,4,56,201,0.438204735891037,0,0,0,1
7,1,7,5,51,200,0.437399712159677,0,0,0,1
7,1,7,6,53,203,0.417400316597114,0,0,0,1
7,1,7,7,54,198,0.422562640775964,0,0,0,1
7,1,7,8,56,202,0.434219925913468,0,0,0,1
7,1,7,9,55,201,0.399627107884214,0,0,0,1
7,1,7,10,55,203,0.425450597950046,0,0,0,1
7,1,7,11,54,200,0.406736203653161,0,0,0,1
7,1,7,12,56,198,0.391578394941236,0,0,0,1
7,1,7,13,59,211,0.423452084849841,0,0,0,1
7,1,7,14,55,202,0.409510437903321,0,0,0,1
7,1,7,15,54,195,0.378130512525348,0,0,0,1
7,1,7,16,55,202,0.421829482145323,0,0,0,1
7,1,7,17,58,202,0.378357331571704,0,0,0,1
7,1,7,18,54,200,0.402341030547078,0,0,0,1
7,1,7,19,54,202,0.452624140623833,0,0,0,1
7,1,7,20,54,198,0.404565536369663,0,0,0,1
7,1,7,21,55,204,0.426279573049424,0,0,0,1
7,1,7,22,56,205,0.40606643637762,0,0,0,1
7,1,7,23,55,208,0.423644486613895,0,0,0,1
7,1,7,24,56,203,0.426879524605531,0,0,0,1
7,1,7,25,52,198,0.410793699625775,0,0,0,1
7,1,7,26,53,198,0.434148323276361,0,0,0,1
7,1,7,27,53,200,0.404665220758137,0,0,0,1
7,1,7,28,52,198,0.438228042088272,0,0,0,1
7,1,7,29,53,202,0.448005276055696,0,0,0,1
7,1,7,30,55,204,0.43329882123166,0,0,0,1
7,1,8,1,54,195,0.389343025656806,0,0,0,1
7,1,8,2,52,198,0.452959814971099,0,0,0,1
7,1,8,3,64,207,0.388282426647855,0,0,0,1
7,1,8,4,58,200,0.410790776858516,0,0,0,1
7,1,8,5,51,196,0.439560152662009,0,0,0,1
7,1,8,6,52,197,0.471631767284285,0,0,0,1
7,1,8,7,61,209,0.437359178698227,0,0,0,1
7,1,8,8,58,203,0.40127740067228,0,0,0,1
7,1,8,9,59,205,0.412562909677742,0,0,0,1
7,1,8,10,61,202,0.361519006412437,0,0,0,1
7,1,8,11,56,202,0.423608376970365,0,0,0,1
7,1,8,12,56,197,0.394835270347373,0,0,0,1
7,1,8,13,58,201,0.439855242206013,0,0,0,1
7,1,8,14,55,205,0.414677688253306,0,0,0,1
7,1,8,15,49,190,0.393755447244787,0,0,0,1
7,1,8,16,57,199,0.444762919170226,0,0,0,1
7,1,8,17,54,197,0.372646859055053,0,0,0,1
7,1,8,18,52,194,0.451707748517055,0,0,0,1
7,1,8,19,54,202,0.45867010380007,0,0,0,1
7,1,8,20,56,192,0.386211084393299,0,0,0,1
7,1,8,21,56,199,0.403902256191673,0,0,0,1
7,1,8,22,57,200,0.44632005629079,0,0,0,1
7,1,8,23,61,201,0.381310868469749,0,0,0,1
7,1,8,24,57,200,0.424269827830386,0,0,0,1
7,1,8,25,57,201,0.421101136869972,0,0,0,1
7,1,8,26,57,200,0.412049462791761,0,0,0,1
7,1,8,27,58,201,0.38773903540548,0,0,0,1
7,1,8,28,59,203,0.442378876238263,0,0,0,1
7,1,8,29,55,202,0.468121317207266,0,0,0,1
7,1,8,30,57,206,0.453237803142611,0,0,0,1
7,2,1,1,59,208,0.468141241806017,0,0,0,1
7,2,1,2,53,195,0.403859284313788,0,0,0,1
7,2,1,3,56,202,0.466741294206592,0,0,0,1
7,2,1,4,56,201,0.403765525405434,0,0,0,1
7,2,1,5,60,206,0.401672359886416,0,0,0,1
7,2,1,6,55,192,0.395166823055797,0,0,0,1
7,2,1,7,58,208,0.429190633777643,0,0,0,1
7,2,1,8,59,192,0.329479820555212,0,0,0,1
7,2,1,9,52,192,0.386837070573079,0,0,0,1
7,2,1,10,54,194,0.426471057444381,0,0,0,1
7,2,1,11,67,206,0.326139748115544,0,0,0,1
7,2,1,12,53,202,0.518347588659752,0,0,0,1
7,2,1,13,54,198,0.386873289379786,0,0,0,1
7,2,1,14,53,198,0.411082100537183,0,0,0,1
7,2,1,15,50,194,0.418107163026261,0,0,0,1
7,2,1,16,56,213,0.498217158707544,0,0,0,1
7,2,1,17,53,196,0.417473379442043,0,0,0,1
7,2,1,18,61,205,0.382399439223706,0,0,0,1
7,2,1,19,64,214,0.410239614366662,0,0,0,1
7,2,1,20,54,202,0.477136535726139,0,0,0,1
7,2,1,21,52,196,0.360595532048342,0,0,0,1
7,2,1,22,53,198,0.374068215638631,0,0,0,1
7,2,1,23,55,205,0.447444375055518,0,0,0,1
7,2,1,24,53,196,0.398145274543286,0,0,0,1
7,2,1,25,60,199,0.423495483771496,0,0,0,1
7,2,1,26,52,198,0.399963264666096,0,0,0,1
7,2,1,27,57,210,0.516259118564776,0,0,0,1
7,2,1,28,55,203,0.418387920192596,0,0,0,1
7,2,1,29,53,189,0.355390195177341,0,0,0,1
7,2,1,30,56,199,0.417846878840493,0,0,0,1
7,2,2,1,55,201,0.419344874745182,0,0,0,1
7,2,2,2,55,203,0.461016005087236,0,0,0,1
7,2,2,3,64,205,0.405389190517173,0,0,0,1
7,2,2,4,55,195,0.416340999418158,0,0,0,1
7,2,2,5,59,203,0.417167480170867,0,0,0,1
7,2,2,6,52,202,0.437346382547636,0,0,0,1
7,2,2,7,54,196,0.420446405722284,0,0,0,1
7,2,2,8,54,200,0.423826845530367,0,0,0,2
7,2,2,9,54,194,0.400151983512266,0,0,0,1
7,2,2,10,53,197,0.406016968829623,0,0,0,1
7,2,2,11,50,191,0.402932959679908,0,0,0,1
7,2,2,12,57,205,0.407174907369785,0,0,0,1
7,2,2,13,57,199,0.41273301289707,0,0,0,1
7,2,2,14,54,194,0.385341885045099,0,0,0,1
7,2,2,15,53,198,0.39522319505064,0,0,0,1
7,2,2,16,56,206,0.439103664594775,0,0,0,1
7,2,2,17,51,192,0.389605742022816,0,0,0,1
7,2,2,18,54,194,0.432334634257032,0,0,0,1
7,2,2,19,50,191,0.411599603703858,0,0,0,1
7,2,2,20,55,197,0.415301276974243,0,0,0,1
7,2,2,21,56,196,0.424028445076845,0,0,0,1
7,2,2,22,54,198,0.40738357759289,0,0,0,1
7,2,2,23,56,200,0.406369232458984,0,0,0,1
7,2,2,24,55,198,0.383547855696323,0,0,0,1
7,2,2,25,53,200,0.43895963436361,0,0,0,1
7,2,2,26,51,191,0.467523463808718,0,0,0,1
7,2,2,27,54,194,0.406636540373512,0,0,0,1
7,2,2,28,50,191,0.390136094392149,0,0,0,1
7,2,2,29,53,216,0.447178634832583,0,0,0,2
7,2,2,30,54,204,0.437937424519465,0,0,0,1
7,2,3,1,52,196,0.407204468925381,0,0,0,1
7,2,3,2,56,199,0.390792435736943,0,0,0,1
7,2,3,3,52,200,0.396496576460737,0,0,0,1
7,2,3,4,52,198,0.380624555620485,0,0,0,1
7,2,3,5,55,208,0.448470832492267,0,0,0,1
7,2,3,6,55,204,0.439969998537942,0,0,0,1
7,2,3,7,51,198,0.439073855006373,0,0,0,1
7,2,3,8,56,206,0.453417629975677,0,0,0,1
7,2,3,9,52,189,0.373337143112323,0,0,0,1
7,2,3,10,57,206,0.42800468762635,0,0,0,1
7,2,3,11,56,202,0.430357453349154,0,0,0,1
7,2,3,12,57,199,0.356798775500694,0,0,0,1
7,2,3,13,53,194,0.370079303212856,0,0,0,1
7,2,3,14,54,209,0.466974458028973,0,0,0,1
7,2,3,15,53,201,0.402286400391697,0,0,0,1
7,2,3,16,53,192,0.379946412888187,0,0,0,1
7,2,3,17,56,203,0.397467677555691,0,0,0,1
7,2,3,18,58,204,0.431367107365164,0,0,0,1
7,2,3,19,54,196,0.392034250446124,0,0,0,1
7,2,3,20,58,206,0.43672940405262,0,0,0,1
7,2,3,21,52,204,0.452299361464247,0,0,0,1
7,2,3,22,56,202,0.402188268158416,0,0,0,1
7,2,3,23,57,219,0.511766473044582,0,0,0,1
7,2,3,24,53,203,0.471992458676859,0,0,0,1
7,2,3,25,61,227,0.551576035581896,0,0,0,1
7,2,3,26,57,215,0.48675262942181,0,0,0,1
7,2,3,27,58,217,0.479789179502388,0,0,0,1
7,2,3,28,55,207,0.460663660108595,0,0,0,1
7,2,3,29,50,193,0.389919620181899,0,0,0,1
7,2,3,30,52,199,0.405163411903695,0,0,0,1
7,2,4,1,54,203,0.448880146790631,0,0,0,1
7,2,4,2,52,184,0.300270016726125,0,0,0,2
7,2,4,3,56,201,0.386214898373459,0,0,0,1
7,2,4,4,51,188,0.395263914294028,0,0,0,1
7,2,4,5,55,215,0.545936323937022,0,0,0,1
7,2,4,6,58,201,0.382989740615091,0,0,0,1
7,2,4,7,62,202,0.364112956072825,0,0,0,1
7,2,4,8,51,196,0.418610942632876,0,0,0,1
7,2,4,9,58,201,0.419286027543691,0,0,0,1
7,2,4,10,57,192,0.356105223057477,0,0,0,1
7,2,4,11,57,193,0.349107467724992,0,0,0,1
7,2,4,12,54,198,0.411766314190552,0,0,0,1
7,2,4,13,57,201,0.440071144337667,0,0,0,1
7,2,4,14,58,206,0.43102130351587,0,0,0,1
7,2,4,15,57,202,0.390603861624093,0,0,0,1
7,2,4,16,53,190,0.375689964654578,0,0,0,1
7,2,4,17,49,193,0.467956158068155,0,0,0,1
7,2,4,18,61,202,0.387340567336124,0,0,0,1
7,2,4,19,51,194,0.41637173320911,0,0,0,1
7,2,4,20,63,203,0.378519958320615,0,0,0,1
7,2,4,21,56,201,0.387733950464502,0,0,0,1
7,2,4,22,61,210,0.441933009524651,0,0,0,1
7,2,4,23,60,213,0.530504713718476,0,0,0,1
7,2,4,24,56,200,0.383822358269108,0,0,0,1
7,2,4,25,56,203,0.460561206138979,0,0,0,1
7,2,4,26,62,206,0.452571660418124,0,0,0,1
7,2,4,27,57,220,0.571345592621938,0,0,0,1
7,2,4,28,58,209,0.473149661469592,0,0,0,1
7,2,4,29,51,196,0.450865452493332,0,0,0,1
7,2,4,30,69,203,0.315555421728046,0,0,0,1
7,2,5,1,54,205,0.485909641848122,0,0,0,1
7,2,5,2,53,197,0.396910587938767,0,0,0,1
7,2,5,3,59,200,0.373743323896395,0,0,0,1
7,2,5,4,52,197,0.417564857161429,0,0,0,1
7,2,5,5,56,200,0.416980229017891,0,0,0,1
7,2,5,6,57,198,0.428000442842466,0,0,0,1
7,2,5,7,59,199,0.326286292726979,0,0,0,1
7,2,5,8,55,207,0.522889247630066,0,0,0,1
7,2,5,9,60,205,0.401537738754749,0,0,0,1
7,2,5,10,51,199,0.468611921561299,0,0,0,1
7,2,5,11,52,201,0.485432958030789,0,0,0,1
7,2,5,12,63,212,0.426801990456333,0,0,0,1
7,2,5,13,55,205,0.464383624552781,0,0,0,1
7,2,5,14,57,205,0.428412697033943,0,0,0,1
7,2,5,15,59,194,0.312496972053468,0,0,0,1
7,2,5,16,52,192,0.406653333337062,0,0,0,1
7,2,5,17,50,191,0.410582456516336,0,0,0,1
7,2,5,18,52,194,0.387151952793346,0,0,0,1
7,2,5,19,57,199,0.397234146406683,0,0,0,1
7,2,5,20,55,201,0.416018344662086,0,0,0,1
7,2,5,21,53,200,0.47406932555564,0,0,0,1
7,2,5,22,56,203,0.441244864875865,0,0,0,1
7,2,5,23,50,192,0.430472254624111,0,0,0,1
7,2,5,24,55,201,0.39021009569028,0,0,0,1
7,2,5,25,61,204,0.359722262865716,0,0,0,1
7,2,5,26,47,192,0.428599792177858,0,0,0,1
7,2,5,27,51,193,0.410675918506152,0,0,0,1
7,2,5,28,54,197,0.373827336342993,0,0,0,1
7,2,5,29,46,194,0.526145706416719,0,0,0,1
7,2,5,30,55,196,0.394069786392858,0,0,0,1
7,2,6,1,55,206,0.471319183419402,0,0,0,1
7,2,6,2,56,194,0.350537723005467,0,0,0,1
7,2,6,3,49,190,0.391426377532309,0,0,0,1
7,2,6,4,53,192,0.35052278522246,0,0,0,1
7,2,6,5,55,205,0.468930462502798,0,0,0,1
7,2,6,6,53,200,0.4527827355154,0,0,0,1
7,2,6,7,54,203,0.418800701759871,0,0,0,1
7,2,6,8,54,196,0.402245908497101,0,0,0,1
7,2,6,9,55,203,0.406703949760316,0,0,0,1
7,2,6,10,55,200,0.416988399754964,0,0,0,1
7,2,6,11,51,196,0.401167340622906,0,0,0,1
7,2,6,12,51,197,0.422526341496219,0,0,0,1
7,2,6,13,57,206,0.372621716951164,0,0,0,1
7,2,6,14,53,196,0.357597284742101,0,0,0,1
7,2,6,15,53,200,0.452500923726583,0,0,0,1
7,2,6,16,57,207,0.4236420138157,0,0,0,1
7,2,6,17,59,204,0.343038184574122,0,0,0,1
7,2,6,18,52,201,0.409009451592136,0,0,0,1
7,2,6,19,52,197,0.45352449646429,0,0,0,1
7,2,6,20,58,210,0.419382108921215,0,0,0,1
7,2,6,21,52,197,0.414026628503737,0,0,0,1
7,2,6,22,57,209,0.436353995731034,0,0,0,1
7,2,6,23,55,201,0.421349400885629,0,0,0,1
7,2,6,24,55,203,0.394786167510391,0,0,0,1
7,2,6,25,53,193,0.407579234786234,0,0,0,1
7,2,6,26,52,199,0.456775769640742,0,0,0,1
7,2,6,27,53,199,0.399948017287805,0,0,0,1
7,2,6,28,54,200,0.427121634483008,0,0,0,1
7,2,6,29,57,208,0.414101393467525,0,0,0,1
7,2,6,30,54,203,0.464957338552383,0,0,0,1
7,2,7,1,54,196,0.418295650149178,0,0,0,1
7,2,7,2,57,206,0.405277683910489,0,0,0,1
7,2,7,3,56,204,0.442164711259519,0,0,0,1
7,2,7,4,56,198,0.431373981154123,0,0,0,1
7,2,7,5,49,197,0.457248300921558,0,0,0,1
7,2,7,6,53,201,0.409856844883124,0,0,0,1
7,2,7,7,51,194,0.422308228786997,0,0,0,1
7,2,7,8,58,202,0.420312875876162,0,0,0,1
7,2,7,9,55,201,0.3980878190894,0,0,0,1
7,2,7,10,56,205,0.420024176974619,0,0,0,1
7,2,7,11,52,197,0.403258404534764,0,0,0,1
7,2,7,12,57,197,0.376268064019951,0,0,0,1
7,2,7,13,59,213,0.434067484714667,0,0,0,1
7,2,7,14,53,200,0.416741031043754,0,0,0,1
7,2,7,15,52,192,0.363985467249441,0,0,0,1
7,2,7,16,56,202,0.421980477549597,0,0,0,1
7,2,7,17,58,201,0.371081907825101,0,0,0,1
7,2,7,18,53,196,0.376949618804215,0,0,0,1
7,2,7,19,53,201,0.49808651742665,0,0,0,1
7,2,7,20,54,198,0.40221622457483,0,0,0,1
7,2,7,21,54,204,0.449224148928845,0,0,0,1
7,2,7,22,57,206,0.397556712252791,0,0,0,1
7,2,7,23,54,209,0.432288401135451,0,0,0,1
7,2,7,24,56,204,0.426699710455763,0,0,0,1
7,2,7,25,51,196,0.402469185457348,0,0,0,1
7,2,7,26,51,194,0.44238390501881,0,0,0,1
7,2,7,27,52,197,0.375529667616152,0,0,0,1
7,2,7,28,50,195,0.452785294331936,0,0,0,1
7,2,7,29,51,200,0.475457157894536,0,0,0,1
7,2,7,30,53,204,0.462158827685782,0,0,0,1
7,2,8,1,52,193,0.374552601508076,0,0,0,1
7,2,8,2,52,200,0.477125151967148,0,0,0,1
7,2,8,3,65,208,0.386266043610037,0,0,0,1
7,2,8,4,59,199,0.390339656652193,0,0,0,1
7,2,8,5,50,194,0.429969235260667,0,0,0,1
7,2,8,6,52,197,0.485362426387564,0,0,0,1
7,2,8,7,63,212,0.433863551885649,0,0,0,1
7,2,8,8,58,207,0.415573475046458,0,0,0,1
7,2,8,9,60,207,0.420104013388763,0,0,0,1
7,2,8,10,61,199,0.322620343294495,0,0,0,1
7,2,8,11,55,202,0.439528437122312,0,0,0,1
7,2,8,12,54,197,0.402708458688441,0,0,0,1
7,2,8,13,58,201,0.429223138094105,0,0,0,1
7,2,8,14,56,205,0.397476120017008,0,0,0,1
7,2,8,15,50,191,0.396783233947309,0,0,0,1
7,2,8,16,56,199,0.465617699785096,0,0,0,1
7,2,8,17,53,197,0.36204464022416,0,0,0,1
7,2,8,18,51,195,0.459358070469688,0,0,0,1
7,2,8,19,52,202,0.474128760290669,0,0,0,1
7,2,8,20,58,192,0.353915503215583,0,0,0,1
7,2,8,21,57,203,0.409604892348146,0,0,0,1
7,2,8,22,56,201,0.456530804825614,0,0,0,1
7,2,8,23,59,202,0.39305832393022,0,0,0,1
7,2,8,24,55,199,0.454402564476327,0,0,0,1
7,2,8,25,55,200,0.452610985738332,0,0,0,1
7,2,8,26,55,197,0.397659992043104,0,0,0,1
7,2,8,27,62,205,0.377577012594052,0,0,0,1
7,2,8,28,59,206,0.455626598673916,0,0,0,1
7,2,8,29,54,204,0.519247229785989,0,0,0,1
7,2,8,30,56,208,0.469875991521529,0,0,0,1
7,3,1,1,44,199,0.324810340611899,0,0,0,1
7,3,1,2,36,185,0.294010582632411,0,0,0,1
7,3,1,3,41,194,0.325481254572457,0,0,0,1
7,3,1,4,39,195,0.306939760746069,0,0,0,1
7,3,1,5,42,197,0.30922124216224,0,0,0,1
7,3,1,6,39,183,0.280113586050867,0,0,0,1
7,3,1,7,41,202,0.31728210841477,0,0,0,1
7,3,1,8,40,182,0.248331215112292,0,0,0,1
7,3,1,9,38,187,0.295338910119171,0,0,0,1
7,3,1,10,40,190,0.309100969139219,0,0,0,1
7,3,1,11,47,196,0.240635832054052,0,0,0,1
7,3,1,12,41,192,0.365170451452933,0,0,0,1
7,3,1,13,38,190,0.286856326584068,0,0,0,1
7,3,1,14,38,186,0.287891339987051,0,0,0,1
7,3,1,15,37,187,0.297726887103471,0,0,0,1
7,3,1,16,41,203,0.344677226681131,0,0,0,1
7,3,1,17,39,187,0.284658753597007,0,0,0,1
7,3,1,18,40,193,0.285555409470373,0,0,0,1
7,3,1,19,46,208,0.2962395088873,0,0,0,1
7,3,1,20,39,192,0.329434669735457,0,0,0,1
7,3,1,21,35,187,0.261028105980373,0,0,0,1
7,3,1,22,36,186,0.262004747258626,0,0,0,1
7,3,1,23,40,198,0.316516807434358,0,0,0,1
7,3,1,24,37,187,0.303545382376012,0,0,0,1
7,3,1,25,44,190,0.302859780175598,0,0,0,1
7,3,1,26,36,190,0.289610124402595,0,0,0,1
7,3,1,27,44,203,0.368364998655204,0,0,0,1
7,3,1,28,39,193,0.314420157932589,0,0,0,1
7,3,1,29,38,181,0.255550759514895,0,0,0,1
7,3,1,30,40,189,0.304515139099333,0,0,0,1
7,3,2,1,41,195,0.330072469929403,0,0,0,1
7,3,2,2,42,195,0.336944116924375,0,0,0,1
7,3,2,3,47,198,0.314436818945382,0,0,0,1
7,3,2,4,41,187,0.314362674835212,0,0,0,1
7,3,2,5,44,196,0.31697822644404,0,0,0,1
7,3,2,6,40,197,0.332193450529707,0,0,0,1
7,3,2,7,42,191,0.323501765906551,0,0,0,1
7,3,2,8,40,191,0.316375134700039,0,0,0,1
7,3,2,9,41,189,0.305418182140461,0,0,0,1
7,3,2,10,38,186,0.301774662795823,0,0,0,1
7,3,2,11,39,188,0.307736758026509,0,0,0,1
7,3,2,12,40,192,0.307623674887317,0,0,0,1
7,3,2,13,43,192,0.306384454238222,0,0,0,1
7,3,2,14,41,189,0.300858512930875,0,0,0,1
7,3,2,15,41,194,0.319227194517194,0,0,0,1
7,3,2,16,43,197,0.341551907865667,0,0,0,1
7,3,2,17,38,184,0.305240212099208,0,0,0,1
7,3,2,18,42,189,0.335087511117984,0,0,0,1
7,3,2,19,39,186,0.314666279990181,0,0,0,1
7,3,2,20,40,190,0.320076947695232,0,0,0,1
7,3,2,21,42,190,0.325354846076893,0,0,0,1
7,3,2,22,40,192,0.310128317495971,0,0,0,1
7,3,2,23,43,194,0.308715565148112,0,0,0,1
7,3,2,24,41,193,0.303184282066158,0,0,0,1
7,3,2,25,41,193,0.335213528557501,0,0,0,1
7,3,2,26,41,189,0.340128503279452,0,0,0,1
7,3,2,27,42,189,0.310460123279717,0,0,0,1
7,3,2,28,38,186,0.302272464301026,0,0,0,1
7,3,2,29,39,200,0.322149506173342,0,0,0,2
7,3,2,30,41,193,0.324328831417636,0,0,0,1
7,3,3,1,39,181,0.266803980937555,0,0,0,1
7,3,3,2,40,183,0.264105465950227,0,0,0,1
7,3,3,3,36,180,0.274306768550492,0,0,0,1
7,3,3,4,35,178,0.246948890637317,0,0,0,1
7,3,3,5,41,196,0.292481401687025,0,0,0,1
7,3,3,6,41,193,0.325685440834195,0,0,0,1
7,3,3,7,39,185,0.295408920292178,0,0,0,1
7,3,3,8,40,187,0.284902668626892,0,0,0,1
7,3,3,9,37,172,0.251797015889658,0,0,0,1
7,3,3,10,40,182,0.272308764112706,0,0,0,1
7,3,3,11,41,187,0.295800290504846,0,0,0,1
7,3,3,12,39,178,0.234826505942865,0,0,0,1
7,3,3,13,38,173,0.236441602772517,0,0,0,1
7,3,3,14,41,192,0.301534837121022,0,0,0,1
7,3,3,15,37,183,0.270754820738675,0,0,0,1
7,3,3,16,39,177,0.26121986184936,0,0,0,1
7,3,3,17,39,182,0.265282625277443,0,0,0,1
7,3,3,18,42,189,0.286078531083129,0,0,0,1
7,3,3,19,39,178,0.261834623072458,0,0,0,1
7,3,3,20,43,190,0.286176671613609,0,0,0,1
7,3,3,21,39,189,0.290583301769331,0,0,0,1
7,3,3,22,38,181,0.250080552484248,0,0,0,1
7,3,3,23,42,202,0.315538377951723,0,0,0,1
7,3,3,24,39,187,0.302761812837625,0,0,0,1
7,3,3,25,45,208,0.340255400715908,0,0,0,1
7,3,3,26,43,200,0.328064697106025,0,0,0,1
7,3,3,27,40,193,0.296206755814496,0,0,0,1
7,3,3,28,41,193,0.310749714845622,0,0,0,1
7,3,3,29,36,174,0.253924069499552,0,0,0,1
7,3,3,30,37,181,0.274845733245912,0,0,0,1
7,3,4,1,42,193,0.301228797275935,0,0,0,1
7,3,4,2,37,179,0.235925960907743,0,0,0,2
7,3,4,3,42,195,0.285192658196818,0,0,0,1
7,3,4,4,39,182,0.302222925600084,0,0,0,1
7,3,4,5,41,204,0.377890450115292,0,0,0,1
7,3,4,6,43,186,0.232695968615589,0,0,0,1
7,3,4,7,48,196,0.259528399668881,0,0,0,1
7,3,4,8,39,189,0.287860179860704,0,0,0,1
7,3,4,9,44,195,0.29640945123403,0,0,0,1
7,3,4,10,45,188,0.257885854155158,0,0,0,1
7,3,4,11,44,192,0.285790770459721,0,0,0,1
7,3,4,12,40,186,0.286371463917944,0,0,0,1
7,3,4,13,44,190,0.301554845508124,0,0,0,1
7,3,4,14,45,199,0.303088058779975,0,0,0,1
7,3,4,15,44,191,0.26473039051044,0,0,0,1
7,3,4,16,41,185,0.282243821303975,0,0,0,1
7,3,4,17,37,185,0.324019681392378,0,0,0,1
7,3,4,18,46,194,0.267705257298506,0,0,0,1
7,3,4,19,41,190,0.282218572863033,0,0,0,1
7,3,4,20,48,195,0.264452995316568,0,0,0,1
7,3,4,21,41,188,0.255822270001281,0,0,0,1
7,3,4,22,49,206,0.323403671038597,0,0,0,1
7,3,4,23,48,207,0.380433079505349,0,0,0,1
7,3,4,24,43,196,0.275114398019526,0,0,0,1
7,3,4,25,45,195,0.306871409946446,0,0,0,1
7,3,4,26,50,197,0.30743893141418,0,0,0,1
7,3,4,27,46,213,0.396626599940008,0,0,0,1
7,3,4,28,48,205,0.337417886869983,0,0,0,1
7,3,4,29,40,193,0.330504497990774,0,0,0,1
7,3,4,30,51,198,0.248441515731716,0,0,0,1
7,3,5,1,37,188,0.31198745828758,0,0,0,1
7,3,5,2,35,178,0.267503143018633,0,0,0,1
7,3,5,3,40,182,0.232802149387595,0,0,0,2
7,3,5,4,34,176,0.26359553882063,0,0,0,1
7,3,5,5,38,182,0.275759834882379,0,0,0,1
7,3,5,6,39,182,0.308034428157068,0,0,0,1
7,3,5,7,39,177,0.2166644856351,0,0,0,1
7,3,5,8,38,188,0.338829759953962,0,0,0,1
7,3,5,9,42,189,0.270015097481836,0,0,0,1
7,3,5,10,34,178,0.298505662489308,0,0,0,1
7,3,5,11,35,181,0.325116907102628,0,0,0,1
7,3,5,12,42,190,0.266657704008794,0,0,0,1
7,3,5,13,38,188,0.310038317786168,0,0,0,1
7,3,5,14,40,186,0.269236782789684,0,0,0,1
7,3,5,15,38,172,0.201660591101582,0,0,0,1
7,3,5,16,35,174,0.279788610716566,0,0,0,1
7,3,5,17,33,171,0.26465490855408,0,0,0,1
7,3,5,18,34,176,0.272744881416231,0,0,0,1
7,3,5,19,40,182,0.267618123173174,0,0,0,1
7,3,5,20,35,176,0.272678024129577,0,0,0,1
7,3,5,21,37,183,0.301898734366611,0,0,0,1
7,3,5,22,37,178,0.270865106007248,0,0,0,1
7,3,5,23,34,177,0.30852583139445,0,0,0,1
7,3,5,24,35,177,0.247313675333142,0,0,0,1
7,3,5,25,39,183,0.249583797211868,0,0,0,1
7,3,5,26,33,177,0.30437665255783,0,0,0,1
7,3,5,27,34,175,0.276060074001519,0,0,0,2
7,3,5,28,34,176,0.261336414064584,0,0,0,1
7,3,5,29,32,173,0.328963675852123,0,0,0,1
7,3,5,30,36,175,0.26061177519739,0,0,0,1
7,3,6,1,44,197,0.310944995749541,0,0,0,1
7,3,6,2,42,181,0.255242342943689,0,0,0,1
7,3,6,3,39,181,0.26831735089881,0,0,0,1
7,3,6,4,41,181,0.256467112307282,0,0,0,1
7,3,6,5,42,192,0.303029464702539,0,0,0,1
7,3,6,6,42,190,0.314040112484983,0,0,0,1
7,3,6,7,40,187,0.284601951691456,0,0,0,1
7,3,6,8,41,184,0.273390602017572,0,0,0,1
7,3,6,9,43,194,0.296960840999679,0,0,0,1
7,3,6,10,42,186,0.284863029177214,0,0,0,1
7,3,6,11,39,183,0.286626344138738,0,0,0,1
7,3,6,12,41,186,0.280626482732046,0,0,0,1
7,3,6,13,43,189,0.258157003591886,0,0,0,1
7,3,6,14,40,186,0.26948929406264,0,0,0,1
7,3,6,15,44,192,0.314893737933257,0,0,0,1
7,3,6,16,44,193,0.286746317437627,0,0,0,1
7,3,6,17,43,192,0.261795582649031,0,0,0,1
7,3,6,18,42,191,0.287723357601393,0,0,0,1
7,3,6,19,42,185,0.301002799553304,0,0,0,1
7,3,6,20,43,194,0.291336847573138,0,0,0,1
7,3,6,21,41,184,0.280173862364732,0,0,0,1
7,3,6,22,44,194,0.297129667826179,0,0,0,1
7,3,6,23,43,189,0.294772209656039,0,0,0,1
7,3,6,24,41,190,0.25966893967374,0,0,0,1
7,3,6,25,41,182,0.280451417504886,0,0,0,1
7,3,6,26,41,188,0.321588564852332,0,0,0,1
7,3,6,27,39,183,0.265285214138071,0,0,0,1
7,3,6,28,42,188,0.286012432055705,0,0,0,1
7,3,6,29,42,195,0.301411724224511,0,0,0,1
7,3,6,30,42,191,0.33385559759275,0,0,0,1
7,3,7,1,43,188,0.303543434978384,0,0,0,1
7,3,7,2,45,196,0.289632936555118,0,0,0,1
7,3,7,3,44,192,0.307450549397207,0,0,0,1
7,3,7,4,44,193,0.325836359200216,0,0,0,1
7,3,7,5,39,191,0.326633065498083,0,0,0,1
7,3,7,6,41,194,0.306604405650192,0,0,0,1
7,3,7,7,42,189,0.313390216062091,0,0,0,1
7,3,7,8,45,194,0.322796228584467,0,0,0,1
7,3,7,9,42,193,0.29045266639081,0,0,0,1
7,3,7,10,43,194,0.312570702859068,0,0,0,1
7,3,7,11,42,190,0.297124240294849,0,0,0,1
7,3,7,12,44,187,0.27992906282269,0,0,0,1
7,3,7,13,47,206,0.315517792591459,0,0,0,1
7,3,7,14,43,192,0.296792918185206,0,0,0,1
7,3,7,15,40,183,0.267897766125022,0,0,0,1
7,3,7,16,43,193,0.312047503020274,0,0,0,1
7,3,7,17,45,192,0.269058063849083,0,0,0,1
7,3,7,18,42,192,0.293385728650116,0,0,0,1
7,3,7,19,43,193,0.341252225019268,0,0,0,1
7,3,7,20,42,188,0.293480074833892,0,0,0,1
7,3,7,21,44,197,0.315953324719031,0,0,0,1
7,3,7,22,43,196,0.295509619767533,0,0,0,1
7,3,7,23,43,202,0.315968066300598,0,0,0,1
7,3,7,24,44,195,0.317112537998275,0,0,0,1
7,3,7,25,40,188,0.298661817744667,0,0,0,1
7,3,7,26,42,189,0.321819936454977,0,0,0,1
7,3,7,27,41,191,0.295476554212057,0,0,0,1
7,3,7,28,41,190,0.329277866896305,0,0,0,1
7,3,7,29,42,194,0.336858237624761,0,0,0,1
7,3,7,30,44,196,0.321200028553006,0,0,0,1
7,3,8,1,42,191,0.2822557351476,0,0,0,1
7,3,8,2,42,197,0.34229003838575,0,0,0,1
7,3,8,3,54,209,0.285354163210146,0,0,0,1
7,3,8,4,48,199,0.302410231766249,0,0,0,1
7,3,8,5,41,193,0.330315800765913,0,0,0,1
7,3,8,6,43,195,0.362019256847037,0,0,0,1
7,3,8,7,52,213,0.325956601848419,0,0,0,1
7,3,8,8,47,203,0.291680135640357,0,0,0,1
7,3,8,9,49,206,0.301014331134522,0,0,0,1
7,3,8,10,50,200,0.254084534234947,0,0,0,1
7,3,8,11,46,201,0.313782849597918,0,0,0,1
7,3,8,12,45,194,0.28298807990109,0,0,0,1
7,3,8,13,50,201,0.325067799107337,0,0,0,1
7,3,8,14,45,207,0.303125814980553,0,0,0,1
7,3,8,15,38,184,0.288924601868074,0,0,0,1
7,3,8,16,48,197,0.334613300977347,0,0,0,1
7,3,8,17,43,195,0.269429839080589,0,0,0,1
7,3,8,18,43,191,0.338199798490654,0,0,0,1
7,3,8,19,44,202,0.345914814403981,0,0,0,1
7,3,8,20,46,187,0.280030604020505,0,0,0,1
7,3,8,21,46,198,0.296517347271766,0,0,0,1
7,3,8,22,47,199,0.334944858188903,0,0,0,1
7,3,8,23,50,199,0.274068320943311,0,0,0,1
7,3,8,24,47,199,0.312305177193764,0,0,0,1
7,3,8,25,47,201,0.310122657047645,0,0,0,1
7,3,8,26,47,198,0.298155841103401,0,0,0,1
7,3,8,27,47,200,0.277736310030004,0,0,0,1
7,3,8,28,49,204,0.333829029292734,0,0,0,1
7,3,8,29,46,202,0.355301155745503,0,0,0,1
7,3,8,30,48,209,0.342295837786907,0,0,0,1
7,4,1,1,55,222,0.311433476583797,0,0,0,1
7,4,1,2,44,201,0.245657920989572,0,0,0,1
7,4,1,3,49,210,0.302938497555082,0,0,0,1
7,4,1,4,49,213,0.248473790407693,0,0,0,1
7,4,1,5,55,222,0.244959648516131,0,0,0,1
7,4,1,6,47,193,0.235863408728236,0,0,0,1
7,4,1,7,52,226,0.270908289072949,0,0,0,1
7,4,1,8,55,200,0.1775717028832,0,0,0,1
7,4,1,9,41,191,0.223807939049643,0,0,0,1
7,4,1,10,47,201,0.274065440219486,0,0,0,1
7,4,1,11,69,224,0.167641148344159,0,0,0,1
7,4,1,12,47,208,0.354803061456851,0,0,0,1
7,4,1,13,44,206,0.22515049920816,0,0,0,1
7,4,1,14,44,205,0.248171856968001,0,0,0,1
7,4,1,15,40,197,0.256694557027252,0,0,0,1
7,4,1,16,51,231,0.34165342740553,0,0,0,1
7,4,1,17,42,198,0.251899354166171,0,0,0,1
7,4,1,18,57,221,0.22177542389685,0,0,0,1
7,4,1,19,64,238,0.261328671389615,0,0,0,1
7,4,1,20,47,213,0.316697419085743,0,0,0,1
7,4,1,21,41,204,0.201857523491656,0,0,0,1
7,4,1,22,42,205,0.210038367407679,0,0,0,1
7,4,1,23,48,219,0.288004572668661,0,0,0,1
7,4,1,24,43,204,0.237918010917313,0,0,0,1
7,4,1,25,55,208,0.262458019720276,0,0,0,1
7,4,1,26,41,206,0.23902804482864,0,0,0,1
7,4,1,27,52,224,0.357356904503767,0,0,0,1
7,4,1,28,48,218,0.258161402679242,0,0,0,1
7,4,1,29,41,185,0.190727369323222,0,0,0,1
7,4,1,30,50,206,0.256337262247736,0,0,0,1
7,4,2,1,59,217,0.233965956194274,0,0,0,1
7,4,2,2,61,225,0.287243973092873,0,0,0,1
7,4,2,3,69,225,0.217693442123686,0,0,0,1
7,4,2,4,60,211,0.234793375805758,0,0,0,1
7,4,2,5,66,226,0.234832509826436,0,0,0,1
7,4,2,6,55,222,0.258147559794063,0,0,0,1
7,4,2,7,58,213,0.240348204654017,0,0,0,1
7,4,2,8,57,220,0.241496896872269,0,0,0,2
7,4,2,9,57,206,0.211811130404604,0,0,0,1
7,4,2,10,55,208,0.217587111700876,0,0,0,1
7,4,2,11,49,205,0.226113478015104,0,0,0,1
7,4,2,12,58,220,0.220850110481875,0,0,0,1
7,4,2,13,62,215,0.226660612950903,0,0,0,1
7,4,2,14,58,213,0.205422645558098,0,0,0,1
7,4,2,15,56,212,0.207632223196948,0,0,0,1
7,4,2,16,62,224,0.259391260070275,0,0,0,1
7,4,2,17,52,201,0.200289403398804,0,0,0,1
7,4,2,18,59,208,0.251151961272187,0,0,0,1
7,4,2,19,51,203,0.229808410994735,0,0,0,1
7,4,2,20,60,212,0.230222503551904,0,0,0,1
7,4,2,21,62,216,0.246231848195527,0,0,0,2
7,4,2,22,60,223,0.231280028476482,0,0,0,1
7,4,2,23,62,216,0.220555456162543,0,0,0,1
7,4,2,24,59,215,0.192757613641194,0,0,0,2
7,4,2,25,56,214,0.256519574178127,0,0,0,1
7,4,2,26,54,212,0.309944091475041,0,0,0,1
7,4,2,27,60,215,0.231080647911959,0,0,0,2
7,4,2,28,50,201,0.203245002914817,0,0,0,1
7,4,2,29,60,259,0.283324267394796,0,0,0,2
7,4,2,30,57,222,0.256016277698182,0,0,0,1
7,4,3,1,50,186,0.182301488718448,0,0,0,1
7,4,3,2,58,200,0.170357257055748,0,0,0,1
7,4,3,3,48,193,0.168681167793855,0,0,0,1
7,4,3,4,36,187,0.164616184931579,0,0,0,1
7,4,3,5,58,215,0.226442665984357,0,0,0,2
7,4,3,6,55,205,0.219532846043603,0,0,0,1
7,4,3,7,48,189,0.205462687969957,0,0,0,1
7,4,3,8,56,204,0.218939289573824,0,0,0,1
7,4,3,9,50,175,0.148613295252332,0,0,0,2
7,4,3,10,59,205,0.196381299066764,0,0,0,1
7,4,3,11,56,199,0.211754066488696,0,0,0,1
7,4,3,12,59,198,0.141628891868406,0,0,0,2
7,4,3,13,45,184,0.15414831780851,0,0,0,1
7,4,3,14,54,211,0.236589653704507,0,0,0,1
7,4,3,15,51,196,0.17147606866407,0,0,0,1
7,4,3,16,53,444,0.192281074190888,0,0,0,2
7,4,3,17,52,199,0.170716126207699,0,0,0,1
7,4,3,18,58,201,0.198741611684565,0,0,0,1
7,4,3,19,53,186,0.163773104710935,0,0,0,2
7,4,3,20,61,212,0.212854495932502,0,0,0,1
7,4,3,21,48,201,0.224477868401317,0,0,0,1
7,4,3,22,54,197,0.1719945819644,0,0,0,1
7,4,3,23,59,231,0.280209977242526,0,0,0,1
7,4,3,24,49,197,0.234209043313894,0,0,0,1
7,4,3,25,66,246,0.325441807142017,0,0,0,1
7,4,3,26,60,225,0.254875317550665,0,0,0,1
7,4,3,27,60,230,0.249080411905238,0,0,0,1
7,4,3,28,56,208,0.231396826902324,0,0,0,1
7,4,3,29,46,178,0.162394191182372,0,0,0,1
7,4,3,30,48,190,0.174240128960645,0,0,0,1
7,4,4,1,48,201,0.268716324300152,0,0,0,1
7,4,4,2,70,482,0.264867543719222,0,0,0,1
7,4,4,3,50,201,0.209077222300885,0,0,0,2
7,4,4,4,42,177,0.218414276668941,0,0,0,2
7,4,4,5,50,219,0.361453541466991,0,0,0,1
7,4,4,6,54,197,0.199002049993525,0,0,0,1
7,4,4,7,61,201,0.184072554386729,0,0,0,1
7,4,4,8,42,189,0.235323981175111,0,0,0,1
7,4,4,9,53,198,0.242009625602277,0,0,0,1
7,4,4,10,52,184,0.177400436634304,0,0,0,2
7,4,4,11,52,185,0.170901884066682,0,0,0,2
7,4,4,12,48,192,0.229988530126132,0,0,0,1
7,4,4,13,52,197,0.258225050685794,0,0,0,1
7,4,4,14,55,208,0.254919004089611,0,0,0,1
7,4,4,15,54,200,0.207114919340621,0,0,0,1
7,4,4,16,46,181,0.197728533090109,0,0,0,2
7,4,4,17,41,187,0.290365605383985,0,0,0,1
7,4,4,18,57,200,0.209582007594191,0,0,0,2
7,4,4,19,43,187,0.235810673069001,0,0,0,1
7,4,4,20,64,202,0.199718821003093,0,0,0,2
7,4,4,21,49,197,0.206813370026521,0,0,0,1
7,4,4,22,57,212,0.267180727866346,0,0,0,1
7,4,4,23,57,216,0.351996421724213,0,0,0,1
7,4,4,24,49,197,0.208544215703993,0,0,0,1
7,4,4,25,51,202,0.282469835898618,0,0,0,1
7,4,4,26,62,208,0.274051128051514,0,0,0,1
7,4,4,27,53,227,0.393150629802104,0,0,0,1
7,4,4,28,56,212,0.295462647496261,0,0,0,1
7,4,4,29,43,194,0.284162256209572,0,0,0,1
7,4,4,30,82,489,0.171459145535197,0,0,0,2
7,4,5,1,44,199,0.257551838578068,0,0,0,1
7,4,5,2,40,180,0.175603628177728,0,0,0,1
7,4,5,3,54,599,0.164956806168269,0,1,0,1
7,4,5,4,40,182,0.193707259346905,0,0,0,1
7,4,5,5,46,189,0.192138267079029,0,0,0,1
7,4,5,6,50,186,0.203250479758909,0,0,0,1
7,4,5,7,48,190,0.116587804380915,0,0,0,1
7,4,5,8,47,204,0.296057061417251,0,0,0,1
7,4,5,9,53,199,0.178719888011222,0,0,0,1
7,4,5,10,39,186,0.243381003836853,0,0,0,1
7,4,5,11,41,191,0.260115949224247,0,0,0,1
7,4,5,12,60,213,0.198055633410894,0,0,0,1
7,4,5,13,46,201,0.236969307348779,0,0,0,1
7,4,5,14,49,197,0.201228188754023,0,0,0,1
7,4,5,15,65,599,0.164011695239336,0,1,0,1
7,4,5,16,39,171,0.18767190095157,0,0,0,2
7,4,5,17,38,173,0.191615776208801,0,0,0,1
7,4,5,18,39,174,0.167203364327693,0,0,0,1
7,4,5,19,49,187,0.175080649983567,0,0,0,1
7,4,5,20,44,188,0.190971463889401,0,0,0,2
7,4,5,21,43,189,0.247594684240024,0,0,0,1
7,4,5,22,46,197,0.218239859841138,0,0,0,1
7,4,5,23,38,175,0.209563910960414,0,0,0,1
7,4,5,24,43,185,0.165713569366181,0,0,0,1
7,4,5,25,54,195,0.13685384304544,0,0,0,2
7,4,5,26,33,172,0.21212772811106,0,0,0,2
7,4,5,27,37,174,0.190413922326424,0,0,0,1
7,4,5,28,42,188,0.159668550354339,0,0,0,1
7,4,5,29,34,180,0.303332083395249,0,0,0,1
7,4,5,30,43,181,0.172547106078659,0,0,0,1
7,4,6,1,56,214,0.26552759751601,0,0,0,1
7,4,6,2,60,192,0.14737887091651,0,0,0,1
7,4,6,3,45,182,0.183405654335674,0,0,0,1
7,4,6,4,53,186,0.144691719034613,0,0,0,1
7,4,6,5,55,208,0.252885364650801,0,0,0,1
7,4,6,6,51,198,0.241218906335113,0,0,0,1
7,4,6,7,54,206,0.206511702041964,0,0,0,1
7,4,6,8,54,193,0.19155069336418,0,0,0,1
7,4,6,9,57,208,0.199584935977444,0,0,0,1
7,4,6,10,53,197,0.205546060466867,0,0,0,1
7,4,6,11,46,194,0.190697088689628,0,0,0,1
7,4,6,12,47,196,0.217928595167426,0,0,0,2
7,4,6,13,57,214,0.180382577681198,0,0,0,1
7,4,6,14,46,192,0.154316536757104,0,0,0,2
7,4,6,15,52,200,0.236907015252404,0,0,0,1
7,4,6,16,60,214,0.213703310628448,0,0,0,1
7,4,6,17,62,209,0.140277066955601,0,0,0,1
7,4,6,18,52,201,0.197309393983993,0,0,0,1
7,4,6,19,51,195,0.238180134254483,0,0,0,1
7,4,6,20,65,219,0.211927265719643,0,0,0,1
7,4,6,21,51,196,0.207377878274286,0,0,0,1
7,4,6,22,61,218,0.224727176945839,0,0,0,1
7,4,6,23,56,201,0.208484162904666,0,0,0,2
7,4,6,24,57,205,0.184699857976709,0,0,0,1
7,4,6,25,51,186,0.197015262477408,0,0,0,1
7,4,6,26,50,197,0.242587027362173,0,0,0,1
7,4,6,27,53,199,0.19124878008284,0,0,0,1
7,4,6,28,54,201,0.216867906951358,0,0,0,2
7,4,6,29,59,215,0.203347439191284,0,0,0,1
7,4,6,30,54,204,0.248335685188423,0,0,0,1
7,4,7,1,59,208,0.218927581487164,0,0,0,1
7,4,7,2,60,214,0.213025987751348,0,0,0,1
7,4,7,3,64,214,0.237728027466276,0,0,0,1
7,4,7,4,61,205,0.223220076077507,0,0,0,1
7,4,7,5,49,202,0.251971561430963,0,0,0,1
7,4,7,6,57,214,0.209678167711962,0,0,0,1
7,4,7,7,54,200,0.224938073242718,0,0,0,1
7,4,7,8,64,211,0.21706050177739,0,0,0,1
7,4,7,9,63,222,0.218475506779633,0,0,0,1
7,4,7,10,62,222,0.225203649477107,0,0,0,1
7,4,7,11,56,210,0.204253332692646,0,0,0,1
7,4,7,12,65,205,0.171785680070106,0,0,0,1
7,4,7,13,67,236,0.266877852608152,0,0,0,1
7,4,7,14,58,208,0.210374708627767,0,0,0,1
7,4,7,15,48,191,0.163427000836796,0,0,0,1
7,4,7,16,59,213,0.228511317189822,0,0,0,1
7,4,7,17,67,208,0.16668486794811,0,0,0,1
7,4,7,18,61,215,0.186675478979047,0,0,0,1
7,4,7,19,55,207,0.296424240162723,0,0,0,1
7,4,7,20,58,204,0.199662037253026,0,0,0,1
7,4,7,21,61,222,0.260123298253554,0,0,0,1
7,4,7,22,65,222,0.208131691118673,0,0,0,1
7,4,7,23,63,230,0.257326291737365,0,0,0,1
7,4,7,24,59,217,0.238937155447216,0,0,0,1
7,4,7,25,51,200,0.193673980591741,0,0,0,1
7,4,7,26,52,195,0.23580456307209,0,0,0,2
7,4,7,27,59,216,0.180840667072626,0,0,0,1
7,4,7,28,51,203,0.253655429843011,0,0,0,1
7,4,7,29,53,209,0.274750698113916,0,0,0,1
7,4,7,30,58,218,0.264111040423964,0,0,0,1
7,4,8,1,50,200,0.216188293362433,0,0,0,1
7,4,8,2,51,216,0.3261917111879,0,0,0,1
7,4,8,3,74,231,0.237620808119914,0,0,0,1
7,4,8,4,62,212,0.233571861005594,0,0,0,1
7,4,8,5,47,204,0.273576064594524,0,0,0,1
7,4,8,6,50,208,0.333066275987805,0,0,0,1
7,4,8,7,70,240,0.28945631793713,0,0,0,1
7,4,8,8,61,230,0.264514711700853,0,0,0,1
7,4,8,9,64,230,0.269857434435193,0,0,0,1
7,4,8,10,65,213,0.16373157066885,0,0,0,1
7,4,8,11,55,219,0.288139661891896,0,0,0,1
7,4,8,12,52,206,0.244447641715211,0,0,0,1
7,4,8,13,58,213,0.274302616579392,0,0,0,1
7,4,8,14,55,226,0.242848338843847,0,0,0,1
7,4,8,15,46,199,0.239757775348171,0,0,0,1
7,4,8,16,56,210,0.312326393229753,0,0,0,1
7,4,8,17,51,214,0.206708752061128,0,0,0,1
7,4,8,18,46,201,0.303230270232243,0,0,0,1
7,4,8,19,51,219,0.32400149557265,0,0,0,1
7,4,8,20,59,196,0.192196887428127,0,0,0,1
7,4,8,21,59,223,0.259449389270233,0,0,0,1
7,4,8,22,56,215,0.30397452730635,0,0,0,1
7,4,8,23,62,219,0.238702922709219,0,0,0,1
7,4,8,24,54,213,0.301074552168325,0,0,0,1
7,4,8,25,55,213,0.298954328475707,0,0,0,1
7,4,8,26,52,206,0.238940607718409,0,0,0,1
7,4,8,27,68,224,0.222301892026413,0,0,0,1
7,4,8,28,63,226,0.30783794993507,0,0,0,1
7,4,8,29,54,221,0.371881044276907,0,0,0,1
7,4,8,30,56,235,0.324143564243307,0,0,0,1
8,1,1,1,52,193,0.417242242303349,0,0,0,1
8,1,1,2,52,198,0.512950440756988,0,0,0,1
8,1,1,3,56,196,0.387482300771136,0,0,0,1
8,1,1,4,59,204,0.43057268341637,0,0,0,1
8,1,1,5,60,203,0.402602275282583,0,0,0,1
8,1,1,6,62,209,0.460519895790798,0,0,0,1
8,1,1,7,55,199,0.444980923299516,0,0,0,1
8,1,1,8,67,203,0.352572508907158,0,0,0,1
8,1,1,9,53,193,0.417249967728382,0,0,0,1
8,1,1,10,52,197,0.441754007671708,0,0,0,1
8,1,1,11,55,199,0.400029830744915,0,0,0,1
8,1,1,12,57,192,0.342290179976337,0,0,0,1
8,1,1,13,63,205,0.362456640309098,0,0,0,1
8,1,1,14,58,197,0.398092750393919,0,0,0,1
8,1,1,15,55,202,0.447129386429068,0,0,0,1
8,1,1,16,58,199,0.394767831949886,0,0,0,1
8,1,1,17,56,191,0.358010799556344,0,0,0,1
8,1,1,18,59,205,0.432406036594626,0,0,0,1
8,1,1,19,55,202,0.429074402609452,0,0,0,1
8,1,1,20,53,200,0.451406388604493,0,0,0,1
8,1,1,21,55,198,0.422614726209935,0,0,0,1
8,1,1,22,57,204,0.417234286377384,0,0,0,1
8,1,1,23,54,200,0.409272707409927,0,0,0,1
8,1,1,24,52,198,0.458740790853496,0,0,0,1
8,1,1,25,60,203,0.398597572642012,0,0,0,1
8,1,1,26,61,201,0.395070570119134,0,0,0,1
8,1,1,27,55,200,0.443064552160216,0,0,0,1
8,1,1,28,55,196,0.411552249708045,0,0,0,1
8,1,1,29,55,199,0.428041995750349,0,0,0,1
8,1,1,30,56,201,0.454050192937038,0,0,0,1
8,1,2,1,55,201,0.430001322415256,0,0,0,1
8,1,2,2,54,194,0.431439182691591,0,0,0,1
8,1,2,3,60,205,0.41325992554179,0,0,0,1
8,1,2,4,54,195,0.412404594391885,0,0,0,1
8,1,2,5,55,197,0.430054078005823,0,0,0,1
8,1,2,6,58,206,0.428418959227304,0,0,0,1
8,1,2,7,57,197,0.43090221303106,0,0,0,1
8,1,2,8,58,205,0.428726965156054,0,0,0,1
8,1,2,9,58,203,0.4172127447098,0,0,0,1
8,1,2,10,55,196,0.417893586541114,0,0,0,1
8,1,2,11,55,197,0.429837205631396,0,0,0,1
8,1,2,12,53,197,0.423772227239054,0,0,0,1
8,1,2,13,57,200,0.396253862747995,0,0,0,1
8,1,2,14,55,201,0.416752472092726,0,0,0,1
8,1,2,15,56,196,0.426353551389668,0,0,0,1
8,1,2,16,55,199,0.409007656179964,0,0,0,1
8,1,2,17,55,198,0.428901370457703,0,0,0,1
8,1,2,18,53,198,0.449242948322591,0,0,0,1
8,1,2,19,54,196,0.429211246945249,0,0,0,1
8,1,2,20,58,197,0.422171356779154,0,0,0,1
8,1,2,21,58,202,0.401275219510825,0,0,0,1
8,1,2,22,58,202,0.408236517701558,0,0,0,1
8,1,2,23,54,194,0.446167291266415,0,0,0,1
8,1,2,24,55,202,0.438202398928927,0,0,0,1
8,1,2,25,57,203,0.422249379357327,0,0,0,1
8,1,2,26,57,201,0.433324141051568,0,0,0,1
8,1,2,27,56,201,0.395787906270181,0,0,0,1
8,1,2,28,59,206,0.406838086805101,0,0,0,1
8,1,2,29,57,198,0.389316282150933,0,0,0,1
8,1,2,30,60,203,0.416294171958936,0,0,0,1
8,1,3,1,57,207,0.424101207450234,0,0,0,1
8,1,3,2,55,203,0.444248580679251,0,0,0,1
8,1,3,3,55,199,0.407771132759692,0,0,0,1
8,1,3,4,58,209,0.43759729776371,0,0,0,1
8,1,3,5,56,202,0.393368292290396,0,0,0,1
8,1,3,6,55,202,0.414128155691044,0,0,0,1
8,1,3,7,57,204,0.414225441776491,0,0,0,1
8,1,3,8,58,201,0.395232728076354,0,0,0,1
8,1,3,9,54,193,0.376547214631431,0,0,0,1
8,1,3,10,55,200,0.40678471756882,0,0,0,1
8,1,3,11,54,204,0.458220001578167,0,0,0,1
8,1,3,12,54,204,0.440170854962304,0,0,0,1
8,1,3,13,55,197,0.386856159496673,0,0,0,1
8,1,3,14,56,201,0.408916618188097,0,0,0,1
8,1,3,15,55,199,0.395171879107405,0,0,0,1
8,1,3,16,58,209,0.421574923510287,0,0,0,1
8,1,3,17,55,202,0.436848044460892,0,0,0,1
8,1,3,18,54,196,0.374123144442664,0,0,0,1
8,1,3,19,52,199,0.476873045512967,0,0,0,1
8,1,3,20,55,207,0.451909393290793,0,0,0,1
8,1,3,21,56,205,0.440835412660297,0,0,0,1
8,1,3,22,56,204,0.456952177428434,0,0,0,1
8,1,3,23,53,195,0.386111242953909,0,0,0,1
8,1,3,24,58,205,0.398070433346495,0,0,0,1
8,1,3,25,58,210,0.442862993069371,0,0,0,1
8,1,3,26,52,199,0.428187626385849,0,0,0,1
8,1,3,27,56,203,0.441866035265159,0,0,0,1
8,1,3,28,54,200,0.423210805297317,0,0,0,1
8,1,3,29,55,197,0.378615031144348,0,0,0,1
8,1,3,30,56,208,0.466099348819833,0,0,0,1
8,1,4,1,59,209,0.445360100170482,0,0,0,1
8,1,4,2,55,197,0.404581382308239,0,0,0,1
8,1,4,3,50,191,0.403152927900486,0,0,0,1
8,1,4,4,51,196,0.425297641242632,0,0,0,1
8,1,4,5,52,198,0.417038589741715,0,0,0,1
8,1,4,6,58,205,0.474496378419917,0,0,0,1
8,1,4,7,54,196,0.405685348900545,0,0,0,1
8,1,4,8,59,204,0.407313411138557,0,0,0,1
8,1,4,9,58,200,0.407849234267976,0,0,0,1
8,1,4,10,59,207,0.439119009609743,0,0,0,1
8,1,4,11,58,203,0.425652746715694,0,0,0,1
8,1,4,12,53,196,0.437044492885534,0,0,0,1
8,1,4,13,56,199,0.399896950924157,0,0,0,1
8,1,4,14,64,208,0.389175461258929,0,0,0,1
8,1,4,15,55,206,0.423503908996592,0,0,0,1
8,1,4,16,54,199,0.406824783657712,0,0,0,1
8,1,4,17,57,206,0.432774530914808,0,0,0,1
8,1,4,18,56,207,0.528728727755848,0,0,0,1
8,1,4,19,50,190,0.369204191034783,0,0,0,1
8,1,4,20,56,200,0.372103713519654,0,0,0,1
8,1,4,21,56,202,0.432174627400588,0,0,0,1
8,1,4,22,52,193,0.401696534092077,0,0,0,1
8,1,4,23,54,200,0.412715179060501,0,0,0,1
8,1,4,24,59,196,0.378256637584664,0,0,0,1
8,1,4,25,55,203,0.462527313291172,0,0,0,1
8,1,4,26,64,210,0.427042981477369,0,0,0,1
8,1,4,27,58,205,0.460612598668806,0,0,0,1
8,1,4,28,58,204,0.417931579897187,0,0,0,1
8,1,4,29,58,201,0.396090974407794,0,0,0,1
8,1,4,30,51,199,0.410990287557189,0,0,0,1
8,1,5,1,55,198,0.405369888397959,0,0,0,1
8,1,5,2,57,202,0.409015190922049,0,0,0,1
8,1,5,3,54,196,0.392487967401648,0,0,0,1
8,1,5,4,57,204,0.420829596974961,0,0,0,1
8,1,5,5,52,198,0.410872547153144,0,0,0,1
8,1,5,6,55,202,0.399023882173138,0,0,0,1
8,1,5,7,52,195,0.3871984824124,0,0,0,1
8,1,5,8,58,207,0.437723041462092,0,0,0,1
8,1,5,9,51,191,0.349008244900091,0,0,0,1
8,1,5,10,56,202,0.414245473536262,0,0,0,1
8,1,5,11,51,197,0.43491273175327,0,0,0,1
8,1,5,12,55,204,0.434741260320119,0,0,0,1
8,1,5,13,53,196,0.434237660166665,0,0,0,1
8,1,5,14,55,206,0.46301850003763,0,0,0,1
8,1,5,15,55,198,0.384703975613012,0,0,0,1
8,1,5,16,57,209,0.452980297799645,0,0,0,1
8,1,5,17,56,200,0.416332671666254,0,0,0,1
8,1,5,18,58,204,0.421606670044224,0,0,0,1
8,1,5,19,54,202,0.435679493253492,0,0,0,1
8,1,5,20,54,195,0.382746895309209,0,0,0,1
8,1,5,21,57,201,0.38904704437808,0,0,0,1
8,1,5,22,50,199,0.474556278454241,0,0,0,1
8,1,5,23,58,204,0.383554183333969,0,0,0,1
8,1,5,24,52,201,0.435943408486999,0,0,0,1
8,1,5,25,62,203,0.38095895156502,0,0,0,1
8,1,5,26,55,205,0.481201718858502,0,0,0,1
8,1,5,27,52,192,0.407344800535399,0,0,0,1
8,1,5,28,61,204,0.392266572470004,0,0,0,1
8,1,5,29,59,202,0.402432756474086,0,0,0,1
8,1,5,30,51,198,0.457633155186922,0,0,0,1
8,1,6,1,55,200,0.416273842227256,0,0,0,1
8,1,6,2,55,203,0.448000093619624,0,0,0,1
8,1,6,3,56,204,0.428465160382545,0,0,0,1
8,1,6,4,56,203,0.437008643993993,0,0,0,1
8,1,6,5,55,201,0.414114517316644,0,0,0,1
8,1,6,6,53,193,0.422463358398251,0,0,0,1
8,1,6,7,56,200,0.39754853364428,0,0,0,1
8,1,6,8,57,202,0.426892037069325,0,0,0,1
8,1,6,9,56,200,0.386203790867789,0,0,0,1
8,1,6,10,55,197,0.400193804133152,0,0,0,1
8,1,6,11,55,201,0.422559341464393,0,0,0,1
8,1,6,12,53,202,0.440870572220514,0,0,0,1
8,1,6,13,55,204,0.428339226165258,0,0,0,1
8,1,6,14,53,198,0.423119267819044,0,0,0,1
8,1,6,15,56,201,0.391814909248274,0,0,0,1
8,1,6,16,58,209,0.47048094171801,0,0,0,1
8,1,6,17,56,203,0.420950615491139,0,0,0,1
8,1,6,18,57,204,0.39887573280164,0,0,0,1
8,1,6,19,56,195,0.396240871815915,0,0,0,1
8,1,6,20,53,195,0.372935484352591,0,0,0,1
8,1,6,21,59,204,0.401952020519749,0,0,0,1
8,1,6,22,56,198,0.401092140613496,0,0,0,1
8,1,6,23,56,204,0.423579258370498,0,0,0,1
8,1,6,24,56,208,0.459723831274936,0,0,0,1
8,1,6,25,55,199,0.404152054664011,0,0,0,1
8,1,6,26,55,199,0.398574602038689,0,0,0,1
8,1,6,27,55,200,0.418666245565791,0,0,0,1
8,1,6,28,57,206,0.429511238513882,0,0,0,1
8,1,6,29,57,201,0.414697008914507,0,0,0,1
8,1,6,30,55,204,0.419506362466885,0,0,0,1
8,1,7,1,53,204,0.430831820464549,0,0,0,1
8,1,7,2,51,196,0.403849294165696,0,0,0,1
8,1,7,3,52,195,0.418682149063434,0,0,0,1
8,1,7,4,53,199,0.423816488179345,0,0,0,1
8,1,7,5,54,200,0.442781006949733,0,0,0,1
8,1,7,6,56,201,0.425341833539749,0,0,0,1
8,1,7,7,51,194,0.432624531107521,0,0,0,1
8,1,7,8,54,198,0.406653435269346,0,0,0,1
8,1,7,9,57,206,0.437268923626636,0,0,0,1
8,1,7,10,55,204,0.439369581318208,0,0,0,1
8,1,7,11,55,201,0.412129425476823,0,0,0,1
8,1,7,12,56,201,0.407903618528078,0,0,0,1
8,1,7,13,58,201,0.397698204476652,0,0,0,1
8,1,7,14,55,203,0.410185612563787,0,0,0,1
8,1,7,15,56,199,0.436243639245775,0,0,0,1
8,1,7,16,55,207,0.441583104758477,0,0,0,1
8,1,7,17,56,203,0.428786169267367,0,0,0,1
8,1,7,18,52,197,0.426208775295011,0,0,0,1
8,1,7,19,53,195,0.392480878828325,0,0,0,1
8,1,7,20,56,206,0.424235549115496,0,0,0,1
8,1,7,21,57,203,0.418891808719897,0,0,0,1
8,1,7,22,56,208,0.433558726745856,0,0,0,1
8,1,7,23,56,204,0.408524533543309,0,0,0,1
8,1,7,24,54,197,0.428565730760793,0,0,0,1
8,1,7,25,56,207,0.447309225500719,0,0,0,1
8,1,7,26,52,193,0.408023523005662,0,0,0,1
8,1,7,27,53,198,0.421167845491929,0,0,0,1
8,1,7,28,56,199,0.424096271961847,0,0,0,1
8,1,7,29,51,196,0.406235311330015,0,0,0,1
8,1,7,30,59,208,0.421132751353149,0,0,0,1
8,1,8,1,56,199,0.434525723032066,0,0,0,1
8,1,8,2,57,200,0.395846461080546,0,0,0,1
8,1,8,3,53,195,0.423099957061528,0,0,0,1
8,1,8,4,53,198,0.42890154526666,0,0,0,1
8,1,8,5,54,196,0.454959292956318,0,0,0,1
8,1,8,6,59,201,0.39851295174676,0,0,0,1
8,1,8,7,54,201,0.434895692511962,0,0,0,1
8,1,8,8,60,204,0.381782763145573,0,0,0,1
8,1,8,9,56,205,0.467709221121523,0,0,0,1
8,1,8,10,53,197,0.416184988284959,0,0,0,1
8,1,8,11,57,199,0.377898098865766,0,0,0,1
8,1,8,12,58,203,0.446781829320597,0,0,0,1
8,1,8,13,51,199,0.480700785206458,0,0,0,1
8,1,8,14,57,197,0.414148966223051,0,0,0,1
8,1,8,15,56,200,0.401351570997118,0,0,0,1
8,1,8,16,54,193,0.375975774818562,0,0,0,1
8,1,8,17,57,202,0.442583555721794,0,0,0,1
8,1,8,18,53,195,0.380530302393302,0,0,0,1
8,1,8,19,61,205,0.37470497663829,0,0,0,1
8,1,8,20,61,206,0.413905260124356,0,0,0,1
8,1,8,21,52,204,0.489475895178414,0,0,0,1
8,1,8,22,54,195,0.391687752173754,0,0,0,1
8,1,8,23,56,204,0.425507324653486,0,0,0,1
8,1,8,24,59,201,0.420983160121576,0,0,0,1
8,1,8,25,59,206,0.415805474290327,0,0,0,1
8,1,8,26,59,203,0.382993403091452,0,0,0,1
8,1,8,27,48,195,0.456849140056492,0,0,0,1
8,1,8,28,57,197,0.360275256891293,0,0,0,1
8,1,8,29,53,199,0.437110426123845,0,0,0,1
8,1,8,30,53,195,0.400516490327276,0,0,0,1
8,2,1,1,50,189,0.410229923241404,0,0,0,1
8,2,1,2,50,200,0.568391584635279,0,0,0,1
8,2,1,3,54,192,0.36604039184232,0,0,0,1
8,2,1,4,59,204,0.426307783885983,0,0,0,1
8,2,1,5,63,204,0.389105583083172,0,0,0,1
8,2,1,6,61,211,0.500231097238412,0,0,0,1
8,2,1,7,53,196,0.446011813929788,0,0,0,1
8,2,1,8,68,204,0.334009565056858,0,0,0,1
8,2,1,9,52,191,0.406035376583302,0,0,0,1
8,2,1,10,51,197,0.451831537581772,0,0,0,1
8,2,1,11,53,199,0.415850298150038,0,0,0,1
8,2,1,12,59,189,0.305939818363321,0,0,0,1
8,2,1,13,65,207,0.345865763999216,0,0,0,1
8,2,1,14,56,199,0.434667698750322,0,0,0,1
8,2,1,15,54,203,0.456515196011667,0,0,0,1
8,2,1,16,56,196,0.383032301660447,0,0,0,1
8,2,1,17,56,187,0.325425612247787,0,0,0,1
8,2,1,18,59,206,0.430383099931612,0,0,0,1
8,2,1,19,54,200,0.404919427019322,0,0,0,1
8,2,1,20,52,199,0.454486366680611,0,0,0,1
8,2,1,21,55,199,0.438960321619982,0,0,0,1
8,2,1,22,58,205,0.412168202067663,0,0,0,1
8,2,1,23,52,199,0.410592403721069,0,0,0,1
8,2,1,24,51,196,0.446829446428665,0,0,0,1
8,2,1,25,61,204,0.394676471862423,0,0,0,1
8,2,1,26,61,201,0.392542253032932,0,0,0,1
8,2,1,27,54,198,0.450774763205504,0,0,0,1
8,2,1,28,54,198,0.434545136654386,0,0,0,1
8,2,1,29,54,199,0.430033122666332,0,0,0,1
8,2,1,30,56,203,0.473267520197492,0,0,0,1
8,2,2,1,58,205,0.436200058369606,0,0,0,1
8,2,2,2,51,191,0.437257535278723,0,0,0,1
8,2,2,3,62,208,0.416964716675356,0,0,0,1
8,2,2,4,53,194,0.396000678656021,0,0,0,1
8,2,2,5,55,196,0.435147302385976,0,0,0,1
8,2,2,6,58,208,0.458672168884179,0,0,0,1
8,2,2,7,58,198,0.430144189457407,0,0,0,1
8,2,2,8,59,211,0.437985896454887,0,0,0,1
8,2,2,9,58,208,0.426467532791351,0,0,0,1
8,2,2,10,54,194,0.42614635344852,0,0,0,1
8,2,2,11,56,198,0.442582866396468,0,0,0,1
8,2,2,12,52,197,0.433112024695234,0,0,0,1
8,2,2,13,56,201,0.38780356251471,0,0,0,1
8,2,2,14,54,199,0.408438384272385,0,0,0,1
8,2,2,15,56,196,0.400349308237857,0,0,0,1
8,2,2,16,55,199,0.413140348205016,0,0,0,1
8,2,2,17,55,199,0.437587745440145,0,0,0,1
8,2,2,18,53,199,0.466460546614658,0,0,0,1
8,2,2,19,55,196,0.44124918210628,0,0,0,1
8,2,2,20,60,199,0.431406215511645,0,0,0,1
8,2,2,21,60,205,0.394307931504998,0,0,0,1
8,2,2,22,58,198,0.38882615693385,0,0,0,1
8,2,2,23,52,191,0.448501251529376,0,0,0,1
8,2,2,24,55,201,0.44458168401667,0,0,0,1
8,2,2,25,55,203,0.434402074539901,0,0,0,1
8,2,2,26,54,197,0.441787875774906,0,0,0,1
8,2,2,27,57,204,0.384776942010597,0,0,0,1
8,2,2,28,62,207,0.372075063156902,0,0,0,1
8,2,2,29,57,197,0.373390825958527,0,0,0,1
8,2,2,30,59,201,0.410723632610191,0,0,0,1
8,2,3,1,58,207,0.409247633487139,0,0,0,1
8,2,3,2,54,198,0.435782037437816,0,0,0,1
8,2,3,3,53,195,0.39712288699128,0,0,0,1
8,2,3,4,58,208,0.411966759361664,0,0,0,1
8,2,3,5,57,203,0.374666317814809,0,0,0,1
8,2,3,6,54,202,0.428937770573756,0,0,0,1
8,2,3,7,58,204,0.40276239797772,0,0,0,1
8,2,3,8,58,203,0.407258009222663,0,0,0,1
8,2,3,9,50,188,0.367181487883108,0,0,0,1
8,2,3,10,55,196,0.374735915856919,0,0,0,1
8,2,3,11,53,206,0.481386540243281,0,0,0,1
8,2,3,12,53,208,0.478852901310123,0,0,0,1
8,2,3,13,55,194,0.363448088969026,0,0,0,1
8,2,3,14,55,196,0.398217642936675,0,0,0,1
8,2,3,15,52,197,0.391870611402445,0,0,0,1
8,2,3,16,57,209,0.428008265482425,0,0,0,1
8,2,3,17,53,197,0.425768719192183,0,0,0,1
8,2,3,18,56,202,0.378244176725777,0,0,0,1
8,2,3,19,50,197,0.503592532911313,0,0,0,1
8,2,3,20,56,213,0.484053598807933,0,0,0,1
8,2,3,21,58,206,0.438754485549196,0,0,0,1
8,2,3,22,55,204,0.481234171827155,0,0,0,1
8,2,3,23,51,186,0.348978005280063,0,0,0,1
8,2,3,24,58,204,0.401373969882633,0,0,0,1
8,2,3,25,59,211,0.424898889307727,0,0,0,1
8,2,3,26,50,198,0.426941954655762,0,0,0,1
8,2,3,27,55,202,0.453407726027373,0,0,0,1
8,2,3,28,55,201,0.427607886731719,0,0,0,1
8,2,3,29,53,191,0.35135815820679,0,0,0,1
8,2,3,30,57,210,0.465630243026021,0,0,0,1
8,2,4,1,60,213,0.446859592805332,0,0,0,1
8,2,4,2,55,196,0.388704080915523,0,0,0,1
8,2,4,3,48,185,0.366660639835604,0,0,0,1
8,2,4,4,50,195,0.455774343178309,0,0,0,1
8,2,4,5,51,197,0.421451735895447,0,0,0,1
8,2,4,6,57,203,0.484957119082563,0,0,0,1
8,2,4,7,55,196,0.393173602069802,0,0,0,1
8,2,4,8,59,205,0.407346241659703,0,0,0,1
8,2,4,9,57,199,0.410578370961544,0,0,0,1
8,2,4,10,61,210,0.425744024960359,0,0,0,1
8,2,4,11,57,203,0.41969325859439,0,0,0,1
8,2,4,12,51,191,0.411856004501498,0,0,0,1
8,2,4,13,55,197,0.388528842770214,0,0,0,1
8,2,4,14,67,210,0.363832839246667,0,0,0,1
8,2,4,15,53,205,0.453736858617466,0,0,0,1
8,2,4,16,57,202,0.398873454887098,0,0,0,1
8,2,4,17,60,210,0.436235661865708,0,0,0,1
8,2,4,18,54,208,0.575730002150849,0,0,0,1
8,2,4,19,48,187,0.359782722851608,0,0,0,1
8,2,4,20,54,195,0.342177247253149,0,0,0,1
8,2,4,21,56,203,0.420904379712325,0,0,0,1
8,2,4,22,51,193,0.429738425984644,0,0,0,1
8,2,4,23,51,197,0.404661900749948,0,0,0,1
8,2,4,24,58,191,0.344193839374792,0,0,0,1
8,2,4,25,54,206,0.510620922092601,0,0,0,1
8,2,4,26,65,213,0.443144698083411,0,0,0,1
8,2,4,27,58,209,0.496514446060945,0,0,0,1
8,2,4,28,57,201,0.391854471427838,0,0,0,1
8,2,4,29,58,197,0.370130229064521,0,0,0,1
8,2,4,30,50,200,0.431623291221406,0,0,0,1
8,2,5,1,53,194,0.407046511302344,0,0,0,1
8,2,5,2,57,200,0.410349538394084,0,0,0,1
8,2,5,3,54,193,0.388091942042395,0,0,0,1
8,2,5,4,57,204,0.421045452728462,0,0,0,1
8,2,5,5,50,192,0.386796198339124,0,0,0,1
8,2,5,6,55,203,0.41142108196948,0,0,0,1
8,2,5,7,50,190,0.359098068199867,0,0,0,1
8,2,5,8,60,209,0.426788212652062,0,0,0,1
8,2,5,9,50,186,0.325720265151266,0,0,0,1
8,2,5,10,57,202,0.395565513194709,0,0,0,1
8,2,5,11,51,200,0.472690324105103,0,0,0,1
8,2,5,12,54,204,0.448250571574612,0,0,0,1
8,2,5,13,53,192,0.426048173557112,0,0,0,1
8,2,5,14,52,205,0.504738332534603,0,0,0,1
8,2,5,15,53,196,0.396407172536771,0,0,0,1
8,2,5,16,55,207,0.469001140204687,0,0,0,1
8,2,5,17,58,200,0.402472727748161,0,0,0,1
8,2,5,18,57,199,0.391600053288024,0,0,0,1
8,2,5,19,54,202,0.445199718629351,0,0,0,1
8,2,5,20,52,193,0.38577970442209,0,0,0,1
8,2,5,21,55,195,0.373195655387418,0,0,0,1
8,2,5,22,48,196,0.485213428452937,0,0,0,1
8,2,5,23,58,201,0.364803332233204,0,0,0,1
8,2,5,24,51,200,0.431742141445808,0,0,0,1
8,2,5,25,63,204,0.367488687880985,0,0,0,1
8,2,5,26,56,206,0.500152012445887,0,0,0,1
8,2,5,27,50,190,0.398249028346761,0,0,0,1
8,2,5,28,60,201,0.387568808974031,0,0,0,1
8,2,5,29,60,199,0.365601312463929,0,0,0,1
8,2,5,30,50,197,0.46465082518262,0,0,0,1
8,2,6,1,54,201,0.424872404159642,0,0,0,1
8,2,6,2,55,202,0.444530608674524,0,0,0,1
8,2,6,3,55,202,0.414965378818998,0,0,0,1
8,2,6,4,56,203,0.43591364543947,0,0,0,1
8,2,6,5,56,202,0.412217313092444,0,0,0,1
8,2,6,6,51,189,0.415902876045982,0,0,0,1
8,2,6,7,54,194,0.366810013255035,0,0,0,1
8,2,6,8,55,199,0.428958129925889,0,0,0,1
8,2,6,9,55,200,0.370615269619515,0,0,0,1
8,2,6,10,55,195,0.390171748543359,0,0,0,1
8,2,6,11,55,199,0.421899516168,0,0,0,1
8,2,6,12,52,203,0.459775093430213,0,0,0,1
8,2,6,13,53,204,0.447813330563201,0,0,0,1
8,2,6,14,52,196,0.428989012562215,0,0,0,1
8,2,6,15,56,205,0.397650950467941,0,0,0,1
8,2,6,16,59,212,0.494416414938401,0,0,0,1
8,2,6,17,56,204,0.441239353496083,0,0,0,1
8,2,6,18,57,203,0.380901237399272,0,0,0,1
8,2,6,19,58,196,0.395942159940407,0,0,0,1
8,2,6,20,51,189,0.355882739314252,0,0,0,1
8,2,6,21,59,200,0.362356409546251,0,0,0,1
8,2,6,22,54,194,0.377001827370537,0,0,0,1
8,2,6,23,55,204,0.445950031996869,0,0,0,1
8,2,6,24,56,210,0.477693175980423,0,0,0,1
8,2,6,25,54,196,0.383861759747087,0,0,0,1
8,2,6,26,54,199,0.404675213141326,0,0,0,1
8,2,6,27,56,200,0.408130390579182,0,0,0,1
8,2,6,28,58,207,0.424512943770146,0,0,0,1
8,2,6,29,57,203,0.434747881636459,0,0,0,1
8,2,6,30,55,210,0.465236506473622,0,0,0,1
8,2,7,1,53,205,0.449379045472843,0,0,0,1
8,2,7,2,50,194,0.410176213943473,0,0,0,1
8,2,7,3,55,196,0.402362594865169,0,0,0,1
8,2,7,4,53,202,0.461939225949044,0,0,0,1
8,2,7,5,55,201,0.446750741403056,0,0,0,1
8,2,7,6,56,203,0.438806492579064,0,0,0,1
8,2,7,7,49,191,0.432368223372985,0,0,0,1
8,2,7,8,54,197,0.391660377535075,0,0,0,1
8,2,7,9,58,206,0.422718086870797,0,0,0,1
8,2,7,10,53,203,0.451866317627804,0,0,0,1
8,2,7,11,53,199,0.397756745072901,0,0,0,1
8,2,7,12,59,205,0.412221755888449,0,0,0,1
8,2,7,13,59,200,0.384821849818905,0,0,0,1
8,2,7,14,54,201,0.402996854785297,0,0,0,1
8,2,7,15,56,201,0.439410083687938,0,0,0,1
8,2,7,16,55,209,0.444805463150849,0,0,0,1
8,2,7,17,54,200,0.420604038758157,0,0,0,1
8,2,7,18,52,195,0.417671646034503,0,0,0,1
8,2,7,19,50,189,0.376411230788201,0,0,0,1
8,2,7,20,58,216,0.435394815275985,0,0,0,1
8,2,7,21,57,202,0.403502930543063,0,0,0,1
8,2,7,22,55,209,0.442475055231916,0,0,0,1
8,2,7,23,59,207,0.402764180748194,0,0,0,1
8,2,7,24,52,195,0.448671798581982,0,0,0,1
8,2,7,25,55,208,0.470623985199706,0,0,0,1
8,2,7,26,50,191,0.399546962764593,0,0,0,1
8,2,7,27,52,196,0.419900420746182,0,0,0,1
8,2,7,28,53,193,0.405426896728245,0,0,0,1
8,2,7,29,50,191,0.385002878744923,0,0,0,1
8,2,7,30,61,209,0.412836859885396,0,0,0,1
8,2,8,1,55,200,0.42621133773241,0,0,0,1
8,2,8,2,55,197,0.38123387027383,0,0,0,1
8,2,8,3,52,193,0.422661559172591,0,0,0,1
8,2,8,4,51,198,0.445301098464405,0,0,0,1
8,2,8,5,54,195,0.482087388631125,0,0,0,1
8,2,8,6,59,201,0.413378916343911,0,0,0,1
8,2,8,7,52,202,0.473654738658069,0,0,0,1
8,2,8,8,61,205,0.38868568502855,0,0,0,1
8,2,8,9,56,204,0.472662615977567,0,0,0,1
8,2,8,10,51,195,0.430921853619466,0,0,0,1
8,2,8,11,58,200,0.362202011799247,0,0,0,1
8,2,8,12,59,206,0.456576618878254,0,0,0,1
8,2,8,13,50,199,0.513256397388504,0,0,0,1
8,2,8,14,55,194,0.413218313102886,0,0,0,1
8,2,8,15,57,201,0.382341513526628,0,0,0,1
8,2,8,16,55,196,0.375750936309302,0,0,0,1
8,2,8,17,59,203,0.420883914481895,0,0,0,1
8,2,8,18,55,197,0.355826980502172,0,0,0,1
8,2,8,19,64,207,0.346239531680406,0,0,0,1
8,2,8,20,61,207,0.429557917720267,0,0,0,1
8,2,8,21,52,204,0.524210354730473,0,0,0,1
8,2,8,22,57,196,0.362531277030179,0,0,0,1
8,2,8,23,56,206,0.441485352450141,0,0,0,1
8,2,8,24,58,202,0.425398692645639,0,0,0,1
8,2,8,25,57,205,0.427137737032682,0,0,0,1
8,2,8,26,60,203,0.380769443171754,0,0,0,1
8,2,8,27,47,194,0.473626546596722,0,0,0,1
8,2,8,28,59,198,0.327239658885315,0,0,0,1
8,2,8,29,53,197,0.448489750971219,0,0,0,1
8,2,8,30,54,196,0.407299204699162,0,0,0,1
8,3,1,1,39,174,0.258060002220728,0,0,0,1
8,3,1,2,42,185,0.342626925331124,0,0,0,1
8,3,1,3,41,179,0.234507532093394,0,0,0,1
8,3,1,4,47,191,0.268120426532688,0,0,0,1
8,3,1,5,47,189,0.244682275616445,0,0,0,1
8,3,1,6,51,197,0.289949585710538,0,0,0,1
8,3,1,7,43,185,0.282480809766495,0,0,0,1
8,3,1,8,54,191,0.200302310276764,0,0,0,1
8,3,1,9,40,176,0.259536120795881,0,0,0,1
8,3,1,10,39,181,0.283490365121833,0,0,0,1
8,3,1,11,42,182,0.239731027268568,0,0,0,1
8,3,1,12,43,174,0.195212792231026,0,0,0,1
8,3,1,13,50,193,0.208153486582515,0,0,0,1
8,3,1,14,46,181,0.237172070385425,0,0,0,1
8,3,1,15,43,187,0.278116729846163,0,0,0,1
8,3,1,16,46,186,0.237856822689734,0,0,0,1
8,3,1,17,42,174,0.213081560637689,0,0,0,1
8,3,1,18,47,194,0.269241613161781,0,0,0,1
8,3,1,19,41,186,0.264419637474156,0,0,0,1
8,3,1,20,40,183,0.284247919103785,0,0,0,1
8,3,1,21,42,181,0.258851532732436,0,0,0,1
8,3,1,22,44,190,0.248616363377212,0,0,0,1
8,3,1,23,40,182,0.242362812734433,0,0,0,1
8,3,1,24,39,182,0.29449346287052,0,0,0,1
8,3,1,25,47,190,0.237650316274438,0,0,0,1
8,3,1,26,48,191,0.242055250639251,0,0,0,1
8,3,1,27,42,186,0.278174523792825,0,0,0,1
8,3,1,28,42,178,0.250958897904394,0,0,0,1
8,3,1,29,43,184,0.264809621186869,0,0,0,1
8,3,1,30,44,186,0.284288352231311,0,0,0,1
8,3,2,1,43,197,0.332139915852007,0,0,0,1
8,3,2,2,43,190,0.327532283111534,0,0,0,1
8,3,2,3,47,199,0.314365918116845,0,0,0,1
8,3,2,4,42,188,0.3142632878376,0,0,0,1
8,3,2,5,44,192,0.326801973272472,0,0,0,1
8,3,2,6,42,197,0.334288597826624,0,0,0,1
8,3,2,7,44,192,0.328328780751988,0,0,0,1
8,3,2,8,44,198,0.331547741927465,0,0,0,1
8,3,2,9,42,196,0.318993525782582,0,0,0,1
8,3,2,10,41,187,0.318546373923964,0,0,0,1
8,3,2,11,42,190,0.331069586209836,0,0,0,1
8,3,2,12,40,190,0.327071229900719,0,0,0,1
8,3,2,13,42,191,0.296087093647648,0,0,0,1
8,3,2,14,43,195,0.320736913850227,0,0,0,1
8,3,2,15,44,192,0.319783300305822,0,0,0,1
8,3,2,16,43,193,0.308347302269635,0,0,0,1
8,3,2,17,42,192,0.329286649309969,0,0,0,1
8,3,2,18,42,193,0.354636227870241,0,0,0,1
8,3,2,19,42,190,0.329083471879056,0,0,0,1
8,3,2,20,44,191,0.316927258486183,0,0,0,1
8,3,2,21,43,194,0.300248057126309,0,0,0,1
8,3,2,22,44,196,0.31072253805787,0,0,0,1
8,3,2,23,43,190,0.344582815589874,0,0,0,1
8,3,2,24,43,196,0.34494677842873,0,0,0,1
8,3,2,25,41,195,0.32817266115843,0,0,0,1
8,3,2,26,45,197,0.335612113210817,0,0,0,1
8,3,2,27,40,193,0.297831545914096,0,0,0,1
8,3,2,28,44,199,0.312693624298001,0,0,0,1
8,3,2,29,43,190,0.289955961926111,0,0,0,1
8,3,2,30,44,195,0.319265060432907,0,0,0,1
8,3,3,1,40,187,0.263884661826315,0,0,0,1
8,3,3,2,38,182,0.284541831361628,0,0,0,1
8,3,3,3,38,177,0.254690932190224,0,0,0,1
8,3,3,4,40,189,0.273038440368062,0,0,0,1
8,3,3,5,39,180,0.246773666578533,0,0,0,1
8,3,3,6,38,179,0.260747858231593,0,0,0,1
8,3,3,7,39,183,0.256292521404214,0,0,0,1
8,3,3,8,41,181,0.243936674914347,0,0,0,1
8,3,3,9,36,169,0.228995917514756,0,0,0,1
8,3,3,10,38,177,0.252602531979048,0,0,0,1
8,3,3,11,38,184,0.297299700961498,0,0,0,1
8,3,3,12,37,183,0.279485790787009,0,0,0,1
8,3,3,13,38,175,0.242419898662047,0,0,0,1
8,3,3,14,39,180,0.258886216592801,0,0,0,1
8,3,3,15,38,177,0.246457034645263,0,0,0,1
8,3,3,16,40,189,0.25791981352116,0,0,0,1
8,3,3,17,39,181,0.276948420511177,0,0,0,1
8,3,3,18,37,173,0.231357860779837,0,0,0,1
8,3,3,19,37,179,0.316682358989604,0,0,0,1
8,3,3,20,38,186,0.289136335224594,0,0,0,1
8,3,3,21,40,185,0.282954403353607,0,0,0,1
8,3,3,22,40,184,0.294942881539453,0,0,0,1
8,3,3,23,36,171,0.240147868433092,0,0,0,1
8,3,3,24,42,182,0.245681568920032,0,0,0,1
8,3,3,25,41,189,0.277858914180778,0,0,0,1
8,3,3,26,35,178,0.272548711107172,0,0,0,1
8,3,3,27,40,182,0.282423484185707,0,0,0,1
8,3,3,28,37,178,0.265841590261834,0,0,0,1
8,3,3,29,37,172,0.228851805697215,0,0,0,1
8,3,3,30,40,189,0.299759539639002,0,0,0,1
8,3,4,1,43,193,0.277485605180315,0,0,0,1
8,3,4,2,37,175,0.245500061206923,0,0,0,1
8,3,4,3,33,166,0.251078250659098,0,0,0,1
8,3,4,4,35,173,0.268370276434152,0,0,0,1
8,3,4,5,34,175,0.257384012651702,0,0,0,1
8,3,4,6,43,189,0.309911413811761,0,0,0,1
8,3,4,7,37,176,0.250094693676983,0,0,0,1
8,3,4,8,42,185,0.243648144958392,0,0,0,1
8,3,4,9,41,180,0.24523968424746,0,0,0,1
8,3,4,10,43,189,0.273186818450906,0,0,0,1
8,3,4,11,41,183,0.26247629142217,0,0,0,1
8,3,4,12,37,176,0.280338017050975,0,0,0,1
8,3,4,13,38,175,0.239467425949477,0,0,0,1
8,3,4,14,46,190,0.221386733782695,0,0,0,1
8,3,4,15,37,187,0.258804904158357,0,0,0,1
8,3,4,16,36,177,0.247915585733088,0,0,0,1
8,3,4,17,40,188,0.268893121654726,0,0,0,1
8,3,4,18,42,193,0.363075064769676,0,0,0,1
8,3,4,19,31,162,0.218605618749279,0,0,0,1
8,3,4,20,36,176,0.212454888031999,0,0,0,1
8,3,4,21,40,183,0.269793174397483,0,0,0,1
8,3,4,22,35,169,0.246513706348275,0,0,0,1
8,3,4,23,35,177,0.250791664568651,0,0,0,1
8,3,4,24,41,174,0.220198374320172,0,0,0,1
8,3,4,25,39,185,0.297235305833462,0,0,0,1
8,3,4,26,48,194,0.257220964311021,0,0,0,1
8,3,4,27,43,191,0.298871685074735,0,0,0,1
8,3,4,28,41,184,0.255752977182829,0,0,0,1
8,3,4,29,41,181,0.235589180727121,0,0,0,1
8,3,4,30,33,176,0.253622565566201,0,0,0,1
8,3,5,1,54,197,0.235216645945198,0,0,0,1
8,3,5,2,58,203,0.23899962940013,0,0,0,1
8,3,5,3,51,193,0.222643094172084,0,0,0,1
8,3,5,4,57,206,0.250438830803434,0,0,0,1
8,3,5,5,50,196,0.240748890399806,0,0,0,1
8,3,5,6,55,204,0.228866983017339,0,0,0,1
8,3,5,7,52,193,0.217998020133451,0,0,0,1
8,3,5,8,59,211,0.267788518846761,0,0,0,1
8,3,5,9,47,183,0.186944100485476,0,0,0,1
8,3,5,10,55,203,0.244011342236659,0,0,0,1
8,3,5,11,49,195,0.26436092998447,0,0,0,1
8,3,5,12,55,206,0.264206504980267,0,0,0,1
8,3,5,13,51,193,0.26382477185733,0,0,0,1
8,3,5,14,54,210,0.292304226487161,0,0,0,1
8,3,5,15,53,197,0.21481568554787,0,0,0,1
8,3,5,16,58,215,0.284554867363318,0,0,0,1
8,3,5,17,55,199,0.246323704673979,0,0,0,1
8,3,5,18,58,205,0.251366260295292,0,0,0,1
8,3,5,19,53,203,0.265062019744451,0,0,0,1
8,3,5,20,51,193,0.213094498858378,0,0,0,2
8,3,5,21,58,202,0.219029972340593,0,0,0,2
8,3,5,22,48,200,0.304311283143139,0,0,0,1
8,3,5,23,62,206,0.213741293456809,0,0,0,1
8,3,5,24,49,200,0.2652389470892,0,0,0,1
8,3,5,25,65,207,0.211792014420885,0,0,0,1
8,3,5,26,54,207,0.310113118563736,0,0,0,1
8,3,5,27,48,188,0.237883443913173,0,0,0,1
8,3,5,28,59,204,0.223502810294041,0,0,0,1
8,3,5,29,59,203,0.232466678955885,0,0,0,1
8,3,5,30,50,198,0.287651509955601,0,0,0,1
8,3,6,1,41,187,0.284642571513166,0,0,0,1
8,3,6,2,43,192,0.312077705152339,0,0,0,1
8,3,6,3,45,195,0.292051011175979,0,0,0,1
8,3,6,4,44,192,0.301564824520012,0,0,0,1
8,3,6,5,42,188,0.282526283651388,0,0,0,1
8,3,6,6,40,179,0.293552716011827,0,0,0,1
8,3,6,7,42,187,0.2652219138154,0,0,0,1
8,3,6,8,43,192,0.291177013016258,0,0,0,1
8,3,6,9,40,186,0.261466351169378,0,0,0,1
8,3,6,10,41,183,0.271938666782465,0,0,0,1
8,3,6,11,42,189,0.291854210421882,0,0,0,1
8,3,6,12,41,191,0.304492617647382,0,0,0,1
8,3,6,13,41,193,0.292108961452363,0,0,0,1
8,3,6,14,40,185,0.28942307062899,0,0,0,1
8,3,6,15,41,189,0.264886882040861,0,0,0,1
8,3,6,16,47,202,0.330597334585796,0,0,0,1
8,3,6,17,41,191,0.286154311554844,0,0,0,1
8,3,6,18,41,190,0.268972562064389,0,0,0,1
8,3,6,19,42,182,0.267284681323039,0,0,0,1
8,3,6,20,38,178,0.253757391009107,0,0,0,1
8,3,6,21,45,193,0.267223314083541,0,0,0,1
8,3,6,22,41,184,0.271210446203325,0,0,0,1
8,3,6,23,42,192,0.289115556982844,0,0,0,1
8,3,6,24,44,200,0.320294295261043,0,0,0,1
8,3,6,25,40,185,0.273919009009515,0,0,0,1
8,3,6,26,40,185,0.271444807791942,0,0,0,1
8,3,6,27,41,188,0.285866292002122,0,0,0,1
8,3,6,28,44,196,0.292963345119246,0,0,0,1
8,3,6,29,41,188,0.286128433613232,0,0,0,1
8,3,6,30,41,192,0.285163935689971,0,0,0,1
8,3,7,1,41,194,0.322394097305875,0,0,0,1
8,3,7,2,40,186,0.298728131857878,0,0,0,1
8,3,7,3,42,187,0.315206417527638,0,0,0,1
8,3,7,4,41,188,0.316819928157047,0,0,0,1
8,3,7,5,43,191,0.336344793191666,0,0,0,1
8,3,7,6,43,191,0.317389558888078,0,0,0,1
8,3,7,7,41,186,0.329855346289509,0,0,0,1
8,3,7,8,42,188,0.300225751007084,0,0,0,1
8,3,7,9,45,199,0.328764494015933,0,0,0,2
8,3,7,10,42,192,0.33106020025019,0,0,0,1
8,3,7,11,42,189,0.304929779174828,0,0,0,1
8,3,7,12,44,188,0.300822013947406,0,0,0,1
8,3,7,13,45,188,0.290283508777493,0,0,0,1
8,3,7,14,43,191,0.301943966072324,0,0,0,1
8,3,7,15,44,188,0.329516388093842,0,0,0,1
8,3,7,16,44,196,0.331755611790625,0,0,0,1
8,3,7,17,45,196,0.321873419225238,0,0,0,1
8,3,7,18,40,187,0.320687988484934,0,0,0,1
8,3,7,19,41,185,0.287850803911393,0,0,0,1
8,3,7,20,45,196,0.31498460531356,0,0,0,1
8,3,7,21,45,193,0.31056949472529,0,0,0,1
8,3,7,22,43,195,0.324081025068183,0,0,0,1
8,3,7,23,43,193,0.299535964648638,0,0,0,1
8,3,7,24,41,187,0.321840652396708,0,0,0,1
8,3,7,25,43,196,0.337202981253166,0,0,0,1
8,3,7,26,40,183,0.303973711089718,0,0,0,1
8,3,7,27,41,187,0.315160443911416,0,0,0,1
8,3,7,28,44,189,0.317319127545255,0,0,0,1
8,3,7,29,40,185,0.301285073566026,0,0,0,1
8,3,7,30,46,195,0.311706679411242,0,0,0,1
8,3,8,1,40,185,0.285120758879036,0,0,0,1
8,3,8,2,41,190,0.257483885426787,0,0,0,1
8,3,8,3,37,179,0.278682147822802,0,0,0,1
8,3,8,4,37,186,0.287221408891611,0,0,0,1
8,3,8,5,40,183,0.308163010706689,0,0,0,1
8,3,8,6,43,191,0.259512601217292,0,0,0,1
8,3,8,7,38,188,0.288717057354873,0,0,0,1
8,3,8,8,44,198,0.248665388323374,0,0,0,1
8,3,8,9,42,194,0.314981779024893,0,0,0,1
8,3,8,10,37,183,0.272353870122349,0,0,0,1
8,3,8,11,39,183,0.234341453846654,0,0,0,1
8,3,8,12,43,192,0.296338549333177,0,0,0,1
8,3,8,13,37,187,0.331216508227528,0,0,0,1
8,3,8,14,42,184,0.271882459147847,0,0,0,1
8,3,8,15,39,185,0.255979440619782,0,0,0,1
8,3,8,16,36,178,0.240572527465776,0,0,0,1
8,3,8,17,42,192,0.296122193345328,0,0,0,1
8,3,8,18,36,185,0.248731848956985,0,0,0,1
8,3,8,19,43,193,0.232591849313909,0,0,0,1
8,3,8,20,45,197,0.266207033419145,0,0,0,1
8,3,8,21,38,193,0.337296780054301,0,0,0,1
8,3,8,22,38,180,0.253789168049414,0,0,0,1
8,3,8,23,39,194,0.282480833005777,0,0,0,1
8,3,8,24,43,191,0.275288741510491,0,0,0,1
8,3,8,25,42,197,0.270230190928197,0,0,0,1
8,3,8,26,42,193,0.244555803990488,0,0,0,1
8,3,8,27,33,179,0.311310811452633,0,0,0,1
8,3,8,28,39,182,0.221537449472749,0,0,0,1
8,3,8,29,37,187,0.292395148246885,0,0,0,1
8,3,8,30,37,181,0.263056654525712,0,0,0,1
8,4,1,1,46,179,0.19876115388956,0,0,0,1
8,4,1,2,46,199,0.350406365607703,0,0,0,1
8,4,1,3,49,187,0.170366458741413,0,0,0,1
8,4,1,4,62,212,0.217795439099598,0,0,0,2
8,4,1,5,68,214,0.183838510556816,0,0,0,1
8,4,1,6,65,226,0.286543299795144,0,0,0,1
8,4,1,7,52,197,0.235398350844655,0,0,0,1
8,4,1,8,80,213,0.123881330392072,0,0,0,2
8,4,1,9,49,182,0.191844390073216,0,0,0,1
8,4,1,10,47,199,0.243567932249819,0,0,0,2
8,4,1,11,51,199,0.200545616579529,0,0,0,2
8,4,1,12,62,184,0.111201538020034,0,0,0,1
8,4,1,13,75,221,0.138531005349939,0,0,0,1
8,4,1,14,56,197,0.216326290811923,0,0,0,2
8,4,1,15,53,208,0.238201522600723,0,0,0,1
8,4,1,16,57,200,0.173430518214881,0,0,0,1
8,4,1,17,56,178,0.127991010423112,0,0,0,1
8,4,1,18,62,220,0.219250870828969,0,0,0,1
8,4,1,19,51,199,0.194124426908851,0,0,0,1
8,4,1,20,49,199,0.236378054731485,0,0,0,1
8,4,1,21,55,202,0.223443011328585,0,0,0,1
8,4,1,22,61,213,0.193784538903184,0,0,0,2
8,4,1,23,45,197,0.19074804164528,0,0,0,1
8,4,1,24,47,194,0.231402466099989,0,0,0,2
8,4,1,25,66,213,0.185512598660383,0,0,0,1
8,4,1,26,68,212,0.188409323547259,0,0,0,1
8,4,1,27,52,199,0.236940447218681,0,0,0,1
8,4,1,28,51,197,0.218133866425678,0,0,0,2
8,4,1,29,53,199,0.213348272852004,0,0,0,1
8,4,1,30,57,208,0.256193312087341,0,0,0,1
8,4,2,1,68,222,0.242611286365515,0,0,0,1
8,4,2,2,56,207,0.254454946887826,0,0,0,1
8,4,2,3,72,224,0.216318458019706,0,0,0,1
8,4,2,4,59,202,0.194720672400228,0,0,0,1
8,4,2,5,64,219,0.253940671910293,0,0,0,1
8,4,2,6,53,215,0.254810797637817,0,0,0,1
8,4,2,7,69,214,0.240695174079726,0,0,0,1
8,4,2,8,62,227,0.237733075919327,0,0,0,1
8,4,2,9,54,223,0.223319462296571,0,0,0,1
8,4,2,10,60,209,0.233860291735517,0,0,0,1
8,4,2,11,58,210,0.245216259191441,0,0,0,1
8,4,2,12,54,205,0.234445218848702,0,0,0,1
8,4,2,13,61,213,0.18311924003982,0,0,0,1
8,4,2,14,61,211,0.209958008637279,0,0,0,1
8,4,2,15,69,235,0.229546632729168,0,0,0,2
8,4,2,16,60,210,0.21291451430452,0,0,0,1
8,4,2,17,62,217,0.247656747927193,0,0,0,1
8,4,2,18,57,209,0.273196389257167,0,0,0,1
8,4,2,19,61,215,0.252359156227728,0,0,0,1
8,4,2,20,72,221,0.245105448934795,0,0,0,1
8,4,2,21,72,229,0.195447864797314,0,0,0,1
8,4,2,22,68,210,0.186411362453286,0,0,0,1
8,4,2,23,57,208,0.266142648075824,0,0,0,1
8,4,2,24,62,218,0.252606061809264,0,0,0,1
8,4,2,25,56,210,0.231845982830695,0,0,0,1
8,4,2,26,61,211,0.251554120587184,0,0,0,1
8,4,2,27,57,216,0.179087091018574,0,0,0,1
8,4,2,28,72,221,0.166240016939664,0,0,0,1
8,4,2,29,66,210,0.169190523707092,0,0,0,2
8,4,2,30,53,207,0.203461391261337,0,0,0,1
8,4,3,1,61,217,0.172957633577299,0,0,0,1
8,4,3,2,51,192,0.191446371175182,0,0,0,1
8,4,3,3,48,184,0.15697841446926,0,0,0,1
8,4,3,4,57,216,0.165092296792533,0,0,0,1
8,4,3,5,54,210,0.180955702792583,0,0,0,1
8,4,3,6,47,196,0.198090077618228,0,0,0,1
8,4,3,7,62,208,0.166800328982285,0,0,0,1
8,4,3,8,62,213,0.181406409255169,0,0,0,1
8,4,3,9,44,174,0.135314455179866,0,0,0,2
8,4,3,10,53,187,0.140482101589975,0,0,0,1
8,4,3,11,51,207,0.230361491963727,0,0,0,2
8,4,3,12,49,211,0.225436113780555,0,0,0,1
8,4,3,13,54,197,0.161778749134425,0,0,0,1
8,4,3,14,54,201,0.184914532868136,0,0,0,1
8,4,3,15,41,185,0.172914923481578,0,0,0,1
8,4,3,16,59,220,0.182529663579712,0,0,0,1
8,4,3,17,50,190,0.177258125765538,0,0,0,1
8,4,3,18,51,202,0.159237405321583,0,0,0,1
8,4,3,19,43,189,0.248091099365102,0,0,0,1
8,4,3,20,55,222,0.237016058838936,0,0,0,2
8,4,3,21,61,214,0.206108340028781,0,0,0,1
8,4,3,22,51,202,0.227937488293395,0,0,0,1
8,4,3,23,46,173,0.130665501692224,0,0,0,1
8,4,3,24,50,202,0.183679678660088,0,0,0,1
8,4,3,25,54,223,0.179142472662241,0,0,0,1
8,4,3,26,45,196,0.184538942798308,0,0,0,1
8,4,3,27,54,199,0.204039713821717,0,0,0,1
8,4,3,28,54,198,0.178736531110129,0,0,0,1
8,4,3,29,45,178,0.125649406362673,0,0,0,1
8,4,3,30,59,218,0.215257487063742,0,0,0,1
8,4,4,1,56,212,0.186593694914045,0,0,0,1
8,4,4,2,48,173,0.139442677204465,0,0,0,1
8,4,4,3,35,153,0.130844690294465,0,0,0,2
8,4,4,4,39,172,0.202466064796411,0,0,0,2
8,4,4,5,40,175,0.167716659874243,0,0,0,2
8,4,4,6,53,193,0.23583672165471,0,0,0,1
8,4,4,7,48,183,0.158416399302032,0,0,0,2
8,4,4,8,55,187,0.147901542249936,0,0,0,1
8,4,4,9,52,181,0.156167295006641,0,0,0,2
8,4,4,10,60,204,0.177926961173074,0,0,0,1
8,4,4,11,53,187,0.165845678237721,0,0,0,1
8,4,4,12,43,176,0.186426816050263,0,0,0,1
8,4,4,13,46,169,0.134053986358451,0,0,0,1
8,4,4,14,79,206,0.107682467784221,0,0,0,1
8,4,4,15,43,196,0.20077835372277,0,0,0,2
8,4,4,16,53,193,0.157413476757663,0,0,0,1
8,4,4,17,58,204,0.184696979423251,0,0,0,1
8,4,4,18,49,202,0.322127610082602,0,0,0,1
8,4,4,19,33,153,0.124238178157497,0,0,0,2
8,4,4,20,44,166,0.0963479574553737,0,0,0,1
8,4,4,21,50,187,0.169989782972338,0,0,0,1
8,4,4,22,40,166,0.177183670745663,0,0,0,1
8,4,4,23,39,168,0.148394881773848,0,0,0,1
8,4,4,24,60,417,0.121382848097078,0,0,0,2
8,4,4,25,46,193,0.244486567450888,0,0,0,1
8,4,4,26,66,209,0.177116157090674,0,0,0,2
8,4,4,27,57,207,0.256289630360387,0,0,0,2
8,4,4,28,53,185,0.146453894648213,0,0,0,2
8,4,4,29,56,191,0.139071700746457,0,0,0,2
8,4,4,30,40,193,0.194139792805162,0,0,0,1
8,4,5,1,64,205,0.205317074914804,0,0,0,1
8,4,5,2,76,222,0.21971413952448,0,0,0,1
8,4,5,3,67,209,0.192750318557952,0,0,0,2
8,4,5,4,73,221,0.222008301033328,0,0,0,1
8,4,5,5,59,199,0.182189526524041,0,0,0,1
8,4,5,6,70,221,0.212028081490598,0,0,0,1
8,4,5,7,53,201,0.179868877790455,0,0,0,1
8,4,5,8,81,236,0.238085695113541,0,0,0,1
8,4,5,9,56,183,0.12697286664219,0,0,0,1
8,4,5,10,75,222,0.198360933616516,0,0,0,1
8,4,5,11,58,212,0.268963425617724,0,0,0,1
8,4,5,12,67,223,0.259397644728563,0,0,0,1
8,4,5,13,63,199,0.22077450183915,0,0,0,1
8,4,5,14,60,222,0.305820305962531,0,0,0,1
8,4,5,15,66,213,0.200769734391486,0,0,0,1
8,4,5,16,69,230,0.277993707507386,0,0,0,1
8,4,5,17,75,220,0.204998002174538,0,0,0,1
8,4,5,18,73,211,0.188179583910626,0,0,0,2
8,4,5,19,65,217,0.242495934023929,0,0,0,1
8,4,5,20,64,211,0.188848123607221,0,0,0,2
8,4,5,21,71,210,0.185176712036698,0,0,0,2
8,4,5,22,52,207,0.291961810288507,0,0,0,1
8,4,5,23,78,226,0.177840891886028,0,0,0,2
8,4,5,24,59,217,0.231225580429078,0,0,0,1
8,4,5,25,92,233,0.179447579815648,0,0,0,1
8,4,5,26,67,223,0.301423126029825,0,0,0,1
8,4,5,27,57,193,0.190026529515688,0,0,0,1
8,4,5,28,71,212,0.18080879382753,0,0,0,1
8,4,5,29,83,214,0.16728866694436,0,0,0,1
8,4,5,30,57,212,0.281166468469569,0,0,0,1
8,4,6,1,52,203,0.225982115099217,0,0,0,1
8,4,6,2,54,207,0.246630177498388,0,0,0,1
8,4,6,3,55,209,0.230765822240337,0,0,0,1
8,4,6,4,56,207,0.237118316202474,0,0,0,1
8,4,6,5,55,206,0.214951391443603,0,0,0,1
8,4,6,6,47,182,0.217864081650578,0,0,0,1
8,4,6,7,53,194,0.175126233498029,0,0,0,1
8,4,6,8,56,207,0.244810526254243,0,0,0,2
8,4,6,9,49,204,0.189048654249276,0,0,0,1
8,4,6,10,53,192,0.194506661201706,0,0,0,1
8,4,6,11,54,201,0.223838748055769,0,0,0,1
8,4,6,12,47,207,0.264789535982468,0,0,0,1
8,4,6,13,50,212,0.252574026999366,0,0,0,1
8,4,6,14,49,194,0.230164216139335,0,0,0,1
8,4,6,15,56,227,0.210655299096687,0,0,0,1
8,4,6,16,61,224,0.305501083042035,0,0,0,1
8,4,6,17,53,210,0.243145230412866,0,0,0,1
8,4,6,18,59,211,0.187086773062836,0,0,0,1
8,4,6,19,59,195,0.199576112920074,0,0,0,1
8,4,6,20,44,181,0.170904749871417,0,0,0,2
8,4,6,21,64,210,0.181290716253393,0,0,0,1
8,4,6,22,51,191,0.182066828431329,0,0,0,1
8,4,6,23,53,209,0.245719345336033,0,0,0,1
8,4,6,24,56,221,0.279868111491002,0,0,0,1
8,4,6,25,55,599,0.225723211960367,0,1,0,1
8,4,6,26,49,199,0.211677322739171,0,0,0,1
8,4,6,27,56,203,0.210646717748529,0,0,0,1
8,4,6,28,59,217,0.229493346713528,0,0,0,1
8,4,6,29,52,204,0.23719929368967,0,0,0,1
8,4,6,30,54,221,0.267132932033537,0,0,0,1
8,4,7,1,56,208,0.237042722050562,0,0,0,1
8,4,7,2,53,204,0.21320420676591,0,0,0,2
8,4,7,3,63,212,0.208624915651496,0,0,0,1
8,4,7,4,56,206,0.251871984354967,0,0,0,2
8,4,7,5,61,207,0.242547152109169,0,0,0,1
8,4,7,6,57,209,0.228144167084774,0,0,0,1
8,4,7,7,50,198,0.245319821420098,0,0,0,2
8,4,7,8,58,196,0.180295099302187,0,0,0,2
8,4,7,9,69,226,0.221246387823731,0,0,0,2
8,4,7,10,54,200,0.2371491718805,0,0,0,1
8,4,7,11,56,197,0.184499800883658,0,0,0,1
8,4,7,12,62,200,0.196945823314561,0,0,0,1
8,4,7,13,62,195,0.170001842439691,0,0,0,1
8,4,7,14,57,200,0.190657465483932,0,0,0,1
8,4,7,15,56,195,0.224222979987766,0,0,0,1
8,4,7,16,59,212,0.231064816383748,0,0,0,1
8,4,7,17,60,219,0.229209297391676,0,0,0,1
8,4,7,18,54,199,0.213432130808355,0,0,0,1
8,4,7,19,54,201,0.187057316776952,0,0,0,2
8,4,7,20,67,225,0.224878533951579,0,0,0,1
8,4,7,21,66,211,0.198290619429685,0,0,0,1
8,4,7,22,56,207,0.226834401180663,0,0,0,1
8,4,7,23,67,215,0.189797467882665,0,0,0,2
8,4,7,24,51,199,0.2410185574304,0,0,0,1
8,4,7,25,59,216,0.261223331680012,0,0,0,1
8,4,7,26,54,200,0.203465837650441,0,0,0,1
8,4,7,27,56,198,0.215359271945268,0,0,0,1
8,4,7,28,57,192,0.198764825787895,0,0,0,2
8,4,7,29,50,191,0.182388210851728,0,0,0,2
8,4,7,30,58,206,0.196561247709391,0,0,0,1
8,4,8,1,52,195,0.180377007338662,0,0,0,1
8,4,8,2,54,206,0.153676798308868,0,0,0,1
8,4,8,3,45,183,0.18080023488561,0,0,0,2
8,4,8,4,47,212,0.221486708417026,0,0,0,1
8,4,8,5,51,194,0.242504053172939,0,0,0,1
8,4,8,6,63,218,0.189531138346487,0,0,0,1
8,4,8,7,48,211,0.237516464680607,0,0,0,1
8,4,8,8,72,244,0.181326011290313,0,0,0,2
8,4,8,9,55,214,0.234107107692556,0,0,0,1
8,4,8,10,44,196,0.192520425755209,0,0,0,1
8,4,8,11,59,212,0.12874746610984,0,0,0,1
8,4,8,12,61,216,0.214453267207218,0,0,0,1
8,4,8,13,46,205,0.278028102672731,0,0,0,1
8,4,8,14,53,190,0.17711144789779,0,0,0,1
8,4,8,15,56,207,0.141178202598911,0,0,0,1
8,4,8,16,57,244,0.157276904571602,0,0,0,1
8,4,8,17,61,214,0.183778170382504,0,0,0,1
8,4,8,18,62,274,0.168483079439635,0,0,0,2
8,4,8,19,76,235,0.113825179374747,0,0,0,1
8,4,8,20,66,228,0.193053336593941,0,0,0,1
8,4,8,21,47,214,0.287770975880193,0,0,0,1
8,4,8,22,64,300,0.156082787465171,0,0,0,1
8,4,8,23,55,223,0.217073930219668,0,0,0,1
8,4,8,24,59,210,0.185498548265897,0,0,0,1
8,4,8,25,59,219,0.191701291399935,0,0,0,1
8,4,8,26,67,230,0.155585402796623,0,0,0,1
8,4,8,27,40,195,0.241695786323575,0,0,0,1
8,4,8,28,52,206,0.0818005350450634,0,0,0,1
8,4,8,29,49,204,0.215613328171591,0,0,0,1
8,4,8,30,51,217,0.180793028771272,0,0,0,2
9,1,1,1,54,194,0.386479468881522,0,0,0,1
9,1,1,2,51,199,0.487201887180535,0,0,0,1
9,1,1,3,57,204,0.435839366878723,0,0,0,1
9,1,1,4,61,203,0.420438892024262,0,0,0,1
9,1,1,5,64,206,0.417948722587717,0,0,0,1
9,1,1,6,57,197,0.410551572567781,0,0,0,1
9,1,1,7,56,204,0.437839064244144,0,0,0,1
9,1,1,8,57,204,0.449189972181122,0,0,0,1
9,1,1,9,56,202,0.447514146281279,0,0,0,1
9,1,1,10,59,205,0.38403101402342,0,0,0,1
9,1,1,11,58,207,0.415815945709553,0,0,0,1
9,1,1,12,56,201,0.387010096412091,0,0,0,1
9,1,1,13,55,203,0.470950555109455,0,0,0,1
9,1,1,14,53,203,0.462952694610688,0,0,0,1
9,1,1,15,54,203,0.419210075246433,0,0,0,1
9,1,1,16,59,206,0.468451055966679,0,0,0,1
9,1,1,17,58,198,0.381167748278061,0,0,0,1
9,1,1,18,58,204,0.381584408638583,0,0,0,1
9,1,1,19,56,193,0.362161999294821,0,0,0,1
9,1,1,20,56,206,0.484055228371843,0,0,0,1
9,1,1,21,60,203,0.439561252638658,0,0,0,1
9,1,1,22,54,188,0.379796371754396,0,0,0,1
9,1,1,23,56,196,0.41312494515032,0,0,0,1
9,1,1,24,56,209,0.487082466333768,0,0,0,1
9,1,1,25,58,203,0.449607203169797,0,0,0,1
9,1,1,26,52,208,0.457693209642767,0,0,0,1
9,1,1,27,61,205,0.435215481179429,0,0,0,1
9,1,1,28,53,191,0.386934816823631,0,0,0,1
9,1,1,29,61,204,0.396855612934211,0,0,0,1
9,1,1,30,58,200,0.416296774962012,0,0,0,1
9,1,2,1,59,204,0.418137729293559,0,0,0,1
9,1,2,2,59,203,0.423647270694129,0,0,0,1
9,1,2,3,57,199,0.404220298537411,0,0,0,1
9,1,2,4,57,198,0.437242432941536,0,0,0,1
9,1,2,5,56,199,0.421277370637917,0,0,0,1
9,1,2,6,58,199,0.40220629149418,0,0,0,1
9,1,2,7,56,199,0.418210052557249,0,0,0,1
9,1,2,8,60,205,0.409630961155601,0,0,0,1
9,1,2,9,53,197,0.420916326504457,0,0,0,1
9,1,2,10,52,194,0.432018128495748,0,0,0,1
9,1,2,11,57,200,0.412325694677034,0,0,0,1
9,1,2,12,57,204,0.421517701790101,0,0,0,1
9,1,2,13,58,202,0.412014694743566,0,0,0,1
9,1,2,14,54,195,0.411123806754424,0,0,0,1
9,1,2,15,55,198,0.417407077527217,0,0,0,1
9,1,2,16,56,197,0.412631279373619,0,0,0,1
9,1,2,17,54,197,0.416535541729992,0,0,0,1
9,1,2,18,55,197,0.437884889025861,0,0,0,1
9,1,2,19,55,199,0.426023758068832,0,0,0,1
9,1,2,20,57,198,0.421862020976662,0,0,0,1
9,1,2,21,56,202,0.406134309310653,0,0,0,1
9,1,2,22,56,199,0.418642564605622,0,0,0,1
9,1,2,23,56,199,0.423108830926276,0,0,0,1
9,1,2,24,56,203,0.439371099110027,0,0,0,1
9,1,2,25,57,200,0.412741515248409,0,0,0,1
9,1,2,26,57,200,0.408157238167878,0,0,0,1
9,1,2,27,57,201,0.416735064076089,0,0,0,1
9,1,2,28,56,200,0.424532242884649,0,0,0,1
9,1,2,29,56,199,0.410761574377812,0,0,0,1
9,1,2,30,55,199,0.4413386479033,0,0,0,1
9,1,3,1,56,199,0.417630907562122,0,0,0,1
9,1,3,2,57,211,0.463649780982467,0,0,0,1
9,1,3,3,55,205,0.4465192947836,0,0,0,1
9,1,3,4,52,202,0.443359025974928,0,0,0,1
9,1,3,5,57,202,0.389183162306459,0,0,0,1
9,1,3,6,57,203,0.406751492122814,0,0,0,1
9,1,3,7,54,203,0.450006682136968,0,0,0,1
9,1,3,8,55,200,0.408291237351906,0,0,0,1
9,1,3,9,54,202,0.417715861615222,0,0,0,1
9,1,3,10,59,205,0.388381854311988,0,0,0,1
9,1,3,11,53,194,0.353147968650821,0,0,0,1
9,1,3,12,56,195,0.383619477471967,0,0,0,1
9,1,3,13,53,201,0.425994679736819,0,0,0,1
9,1,3,14,55,202,0.416819631139721,0,0,0,1
9,1,3,15,54,207,0.444438801446586,0,0,0,1
9,1,3,16,54,199,0.394706759789726,0,0,0,1
9,1,3,17,51,191,0.399834612355079,0,0,0,1
9,1,3,18,50,197,0.432845290675824,0,0,0,1
9,1,3,19,51,200,0.460799598591887,0,0,0,1
9,1,3,20,54,200,0.406428721030224,0,0,0,1
9,1,3,21,55,206,0.439262888476059,0,0,0,1
9,1,3,22,55,204,0.446617403044379,0,0,0,1
9,1,3,23,56,206,0.428471591352658,0,0,0,1
9,1,3,24,54,198,0.395197107486808,0,0,0,1
9,1,3,25,54,200,0.402105755975113,0,0,0,1
9,1,3,26,58,207,0.435687356942853,0,0,0,1
9,1,3,27,54,202,0.435157584940174,0,0,0,1
9,1,3,28,55,203,0.423071386640656,0,0,0,1
9,1,3,29,56,200,0.405609011422477,0,0,0,1
9,1,3,30,57,205,0.410813219076431,0,0,0,1
9,1,4,1,57,204,0.445717432981056,0,0,0,1
9,1,4,2,58,201,0.4040292587019,0,0,0,1
9,1,4,3,52,197,0.451911110611507,0,0,0,1
9,1,4,4,50,193,0.418263867637542,0,0,0,1
9,1,4,5,55,200,0.406103153019462,0,0,0,1
9,1,4,6,55,199,0.378617931014422,0,0,0,1
9,1,4,7,60,208,0.453162719926633,0,0,0,1
9,1,4,8,53,200,0.448512264594321,0,0,0,1
9,1,4,9,56,203,0.435637085155939,0,0,0,1
9,1,4,10,60,210,0.459618492320776,0,0,0,1
9,1,4,11,55,195,0.361409446519502,0,0,0,1
9,1,4,12,52,208,0.457128014309649,0,0,0,1
9,1,4,13,55,203,0.436493061052362,0,0,0,1
9,1,4,14,52,200,0.464064862236457,0,0,0,1
9,1,4,15,58,204,0.401524358849649,0,0,0,1
9,1,4,16,57,208,0.494469776686291,0,0,0,1
9,1,4,17,61,203,0.40857266492738,0,0,0,1
9,1,4,18,58,200,0.417611460597834,0,0,0,1
9,1,4,19,56,204,0.431314114739878,0,0,0,1
9,1,4,20,54,192,0.384061720498014,0,0,0,1
9,1,4,21,60,204,0.408750854397239,0,0,0,1
9,1,4,22,57,202,0.421250184310665,0,0,0,1
9,1,4,23,53,193,0.335455049312006,0,0,0,1
9,1,4,24,54,199,0.387435122226424,0,0,0,1
9,1,4,25,60,205,0.414416492657885,0,0,0,1
9,1,4,26,57,205,0.428794629837221,0,0,0,1
9,1,4,27,54,206,0.520552961417111,0,0,0,1
9,1,4,28,58,200,0.391794343669597,0,0,0,1
9,1,4,29,55,196,0.407950823742103,0,0,0,1
9,1,4,30,60,204,0.385685231353443,0,0,0,1
9,1,5,1,60,205,0.414977904056813,0,0,0,1
9,1,5,2,59,206,0.443177843530195,0,0,0,1
9,1,5,3,55,199,0.417423736585765,0,0,0,1
9,1,5,4,55,203,0.387628246787595,0,0,0,1
9,1,5,5,57,204,0.431178296253271,0,0,0,1
9,1,5,6,53,193,0.37234475215067,0,0,0,1
9,1,5,7,51,197,0.398558759484254,0,0,0,1
9,1,5,8,56,204,0.380472141998174,0,0,0,1
9,1,5,9,51,196,0.44815530493341,0,0,0,1
9,1,5,10,58,203,0.385001548060643,0,0,0,1
9,1,5,11,58,205,0.457260941506616,0,0,0,1
9,1,5,12,55,201,0.426965672871927,0,0,0,1
9,1,5,13,55,201,0.431662652584735,0,0,0,1
9,1,5,14,51,203,0.518965142021896,0,0,0,1
9,1,5,15,52,203,0.502492197635192,0,0,0,1
9,1,5,16,57,203,0.425882443206521,0,0,0,1
9,1,5,17,53,200,0.441380677689119,0,0,0,1
9,1,5,18,55,196,0.373607498946367,0,0,0,1
9,1,5,19,55,203,0.482081866533834,0,0,0,1
9,1,5,20,57,198,0.390757708346822,0,0,0,1
9,1,5,21,57,195,0.38175378310437,0,0,0,1
9,1,5,22,53,201,0.471910775410639,0,0,0,1
9,1,5,23,55,201,0.417095989319066,0,0,0,1
9,1,5,24,55,199,0.410751556866732,0,0,0,1
9,1,5,25,58,201,0.417711594133642,0,0,0,1
9,1,5,26,53,197,0.409734971618911,0,0,0,1
9,1,5,27,53,196,0.413096453022364,0,0,0,1
9,1,5,28,57,203,0.442607957694589,0,0,0,1
9,1,5,29,52,200,0.451104040805379,0,0,0,1
9,1,5,30,54,211,0.496519696827355,0,0,0,1
9,1,6,1,55,202,0.431622279651379,0,0,0,1
9,1,6,2,55,197,0.367099231041289,0,0,0,1
9,1,6,3,57,204,0.411150156008245,0,0,0,1
9,1,6,4,55,202,0.429054116451717,0,0,0,1
9,1,6,5,56,203,0.43391895904302,0,0,0,1
9,1,6,6,53,199,0.453597460461794,0,0,0,1
9,1,6,7,56,201,0.412206898452725,0,0,0,1
9,1,6,8,53,199,0.439382867099168,0,0,0,1
9,1,6,9,58,208,0.468386255041787,0,0,0,1
9,1,6,10,56,205,0.447855276303198,0,0,0,1
9,1,6,11,55,204,0.47390532413574,0,0,0,1
9,1,6,12,59,206,0.439913079030387,0,0,0,1
9,1,6,13,53,194,0.383807652461818,0,0,0,1
9,1,6,14,55,198,0.398134841087418,0,0,0,1
9,1,6,15,56,205,0.432896999861249,0,0,0,1
9,1,6,16,59,205,0.420845613800035,0,0,0,1
9,1,6,17,55,202,0.406390886453149,0,0,0,1
9,1,6,18,57,204,0.407352338369153,0,0,0,1
9,1,6,19,58,205,0.418212616054274,0,0,0,1
9,1,6,20,55,206,0.411769459841462,0,0,0,1
9,1,6,21,55,206,0.417176467863234,0,0,0,1
9,1,6,22,55,203,0.420284273541763,0,0,0,1
9,1,6,23,54,203,0.407119162127175,0,0,0,1
9,1,6,24,58,207,0.447298285677634,0,0,0,1
9,1,6,25,52,202,0.455480096067515,0,0,0,1
9,1,6,26,55,202,0.418153150699814,0,0,0,1
9,1,6,27,54,201,0.391019583315494,0,0,0,1
9,1,6,28,53,200,0.438138709145548,0,0,0,1
9,1,6,29,57,204,0.436826374189018,0,0,0,1
9,1,6,30,55,207,0.421132781800314,0,0,0,1
9,1,7,1,53,199,0.407057811801737,0,0,0,1
9,1,7,2,55,198,0.40054131979519,0,0,0,1
9,1,7,3,50,193,0.432537463170243,0,0,0,1
9,1,7,4,59,207,0.429674462680019,0,0,0,1
9,1,7,5,52,201,0.420230314770718,0,0,0,1
9,1,7,6,56,199,0.389882811425,0,0,0,1
9,1,7,7,58,209,0.399236817358699,0,0,0,1
9,1,7,8,49,194,0.438964155228191,0,0,0,1
9,1,7,9,57,201,0.405504345119934,0,0,0,1
9,1,7,10,57,204,0.400508518403835,0,0,0,1
9,1,7,11,57,203,0.38816549167662,0,0,0,1
9,1,7,12,53,198,0.412461763105366,0,0,0,1
9,1,7,13,55,201,0.400117090844915,0,0,0,1
9,1,7,14,56,200,0.409210563135438,0,0,0,1
9,1,7,15,52,199,0.392986767541832,0,0,0,1
9,1,7,16,54,205,0.428890455131934,0,0,0,1
9,1,7,17,54,201,0.436047608069588,0,0,0,1
9,1,7,18,53,199,0.383423023387341,0,0,0,1
9,1,7,19,56,201,0.409234300926724,0,0,0,1
9,1,7,20,54,197,0.403908946265928,0,0,0,1
9,1,7,21,56,201,0.405917525622952,0,0,0,1
9,1,7,22,54,199,0.422488100364112,0,0,0,1
9,1,7,23,58,204,0.412427945099398,0,0,0,1
9,1,7,24,57,203,0.44116791274247,0,0,0,1
9,1,7,25,55,205,0.435825626333553,0,0,0,1
9,1,7,26,53,197,0.397417825543178,0,0,0,1
9,1,7,27,55,199,0.387734726648747,0,0,0,1
9,1,7,28,55,201,0.411506618097124,0,0,0,1
9,1,7,29,53,199,0.416705353616141,0,0,0,1
9,1,7,30,56,202,0.416999605057408,0,0,0,1
9,1,8,1,53,200,0.403370409591824,0,0,0,1
9,1,8,2,58,200,0.384168594340391,0,0,0,1
9,1,8,3,58,202,0.440747846969158,0,0,0,1
9,1,8,4,54,196,0.419666178359981,0,0,0,1
9,1,8,5,55,199,0.425612340867375,0,0,0,1
9,1,8,6,58,202,0.419592466196491,0,0,0,1
9,1,8,7,56,201,0.420583937755329,0,0,0,1
9,1,8,8,61,205,0.391537555330958,0,0,0,1
9,1,8,9,56,201,0.437514148636091,0,0,0,1
9,1,8,10,53,195,0.413804048205294,0,0,0,1
9,1,8,11,53,199,0.479271703704752,0,0,0,1
9,1,8,12,53,199,0.453407628992475,0,0,0,1
9,1,8,13,57,198,0.44324948310999,0,0,0,1
9,1,8,14,59,204,0.439020036018882,0,0,0,1
9,1,8,15,54,197,0.408159762421065,0,0,0,1
9,1,8,16,57,202,0.424159777487,0,0,0,1
9,1,8,17,49,191,0.426334113679394,0,0,0,1
9,1,8,18,53,197,0.459132598183738,0,0,0,1
9,1,8,19,59,206,0.421944463385183,0,0,0,1
9,1,8,20,52,193,0.409604051299512,0,0,0,1
9,1,8,21,58,199,0.404747791410339,0,0,0,1
9,1,8,22,57,200,0.421838858477789,0,0,0,1
9,1,8,23,57,202,0.431743699293253,0,0,0,1
9,1,8,24,53,194,0.419110356609159,0,0,0,1
9,1,8,25,58,202,0.425749640683822,0,0,0,1
9,1,8,26,56,200,0.418516112894961,0,0,0,1
9,1,8,27,55,197,0.425064782474003,0,0,0,1
9,1,8,28,53,194,0.404162664505928,0,0,0,1
9,1,8,29,54,193,0.39771157378154,0,0,0,1
9,1,8,30,52,196,0.43415358210584,0,0,0,1
9,2,1,1,51,184,0.335926040591008,0,0,0,1
9,2,1,2,50,197,0.48644473547631,0,0,0,1
9,2,1,3,57,207,0.456662575435823,0,0,0,1
9,2,1,4,61,200,0.404491290341839,0,0,0,1
9,2,1,5,62,206,0.420770615333574,0,0,0,1
9,2,1,6,58,199,0.414934836912959,0,0,0,1
9,2,1,7,56,205,0.440308423351234,0,0,0,1
9,2,1,8,59,210,0.458416999680598,0,0,0,1
9,2,1,9,55,201,0.456256170276035,0,0,0,1
9,2,1,10,60,209,0.37994758536418,0,0,0,1
9,2,1,11,57,208,0.425398442357079,0,0,0,1
9,2,1,12,56,198,0.370283729902574,0,0,0,1
9,2,1,13,56,201,0.445567074355507,0,0,0,1
9,2,1,14,53,204,0.483485292583303,0,0,0,1
9,2,1,15,53,201,0.418735620297547,0,0,0,1
9,2,1,16,58,207,0.496861362092962,0,0,0,1
9,2,1,17,59,199,0.379714555906433,0,0,0,1
9,2,1,18,60,206,0.382074978139053,0,0,0,1
9,2,1,19,55,192,0.347752634362887,0,0,0,1
9,2,1,20,56,210,0.505018163768325,0,0,0,1
9,2,1,21,60,201,0.406951401143985,0,0,0,1
9,2,1,22,52,184,0.371696820243044,0,0,0,1
9,2,1,23,54,195,0.425905433260044,0,0,0,1
9,2,1,24,56,210,0.504661146604338,0,0,0,1
9,2,1,25,58,206,0.470419304686044,0,0,0,1
9,2,1,26,52,210,0.475206734475656,0,0,0,1
9,2,1,27,59,206,0.467385325401855,0,0,0,1
9,2,1,28,52,186,0.359670176470195,0,0,0,1
9,2,1,29,62,205,0.393060653023481,0,0,0,1
9,2,1,30,57,201,0.444195093323767,0,0,0,1
9,2,2,1,59,208,0.420868436444434,0,0,0,1
9,2,2,2,60,202,0.413562861175107,0,0,0,1
9,2,2,3,54,196,0.408660744879187,0,0,0,1
9,2,2,4,58,200,0.441443834045947,0,0,0,1
9,2,2,5,55,199,0.436755537368444,0,0,0,1
9,2,2,6,59,201,0.409775029325734,0,0,0,1
9,2,2,7,55,195,0.400656993825885,0,0,0,1
9,2,2,8,61,208,0.40497871748172,0,0,0,1
9,2,2,9,51,194,0.438188111540062,0,0,0,1
9,2,2,10,50,192,0.440385550621658,0,0,0,1
9,2,2,11,59,202,0.404545604509764,0,0,0,1
9,2,2,12,59,204,0.407779844194957,0,0,0,1
9,2,2,13,60,204,0.403772499044379,0,0,0,1
9,2,2,14,55,197,0.4096268184813,0,0,0,1
9,2,2,15,55,195,0.395379800836459,0,0,0,1
9,2,2,16,56,196,0.413316034976002,0,0,0,1
9,2,2,17,52,194,0.418738744696425,0,0,0,1
9,2,2,18,52,197,0.455361565873843,0,0,0,1
9,2,2,19,57,202,0.44097375007578,0,0,0,1
9,2,2,20,59,200,0.415029517415091,0,0,0,1
9,2,2,21,57,201,0.369395821947752,0,0,0,1
9,2,2,22,55,199,0.436761839358816,0,0,0,1
9,2,2,23,56,198,0.424336082537837,0,0,0,1
9,2,2,24,56,202,0.436068026323094,0,0,0,1
9,2,2,25,57,200,0.410951777452208,0,0,0,1
9,2,2,26,57,198,0.376880696091036,0,0,0,1
9,2,2,27,56,198,0.401387247871142,0,0,0,1
9,2,2,28,57,201,0.420715669554675,0,0,0,1
9,2,2,29,56,198,0.396660624693469,0,0,0,1
9,2,2,30,54,199,0.456231160531837,0,0,0,1
9,2,3,1,56,196,0.40301677481324,0,0,0,1
9,2,3,2,58,216,0.49076469079696,0,0,0,1
9,2,3,3,56,210,0.474486885558259,0,0,0,1
9,2,3,4,51,200,0.448658221984875,0,0,0,1
9,2,3,5,58,200,0.370601359663203,0,0,0,1
9,2,3,6,57,198,0.364044166125047,0,0,0,1
9,2,3,7,53,199,0.445341373075195,0,0,0,1
9,2,3,8,56,197,0.381134133991034,0,0,0,1
9,2,3,9,54,200,0.399483560131341,0,0,0,1
9,2,3,10,60,209,0.397679315630453,0,0,0,1
9,2,3,11,51,192,0.358593513318221,0,0,0,1
9,2,3,12,56,191,0.358541143069861,0,0,0,1
9,2,3,13,51,199,0.417763636700836,0,0,0,1
9,2,3,14,56,211,0.466783407241378,0,0,0,1
9,2,3,15,55,215,0.491951776320582,0,0,0,1
9,2,3,16,53,199,0.409620209706536,0,0,0,1
9,2,3,17,49,184,0.371000325864869,0,0,0,1
9,2,3,18,50,203,0.483813633893629,0,0,0,1
9,2,3,19,49,197,0.465509550502156,0,0,0,1
9,2,3,20,53,205,0.452944632139221,0,0,0,1
9,2,3,21,55,211,0.473085810853511,0,0,0,1
9,2,3,22,54,206,0.476652954815535,0,0,0,1
9,2,3,23,57,208,0.446734533328671,0,0,0,1
9,2,3,24,52,194,0.377673287171279,0,0,0,1
9,2,3,25,52,198,0.412905284889389,0,0,0,1
9,2,3,26,59,207,0.417297723903537,0,0,0,1
9,2,3,27,54,198,0.417411276211269,0,0,0,1
9,2,3,28,55,207,0.46916341680771,0,0,0,1
9,2,3,29,55,198,0.404754391048434,0,0,0,1
9,2,3,30,58,205,0.403304057405516,0,0,0,1
9,2,4,1,57,203,0.445389200543132,0,0,0,1
9,2,4,2,58,201,0.39830158930876,0,0,0,1
9,2,4,3,50,196,0.480338885568314,0,0,0,1
9,2,4,4,48,193,0.435097992111385,0,0,0,1
9,2,4,5,53,202,0.447637704438346,0,0,0,1
9,2,4,6,56,201,0.384763734691063,0,0,0,1
9,2,4,7,63,209,0.435996648640023,0,0,0,1
9,2,4,8,53,200,0.458100111202134,0,0,0,1
9,2,4,9,54,201,0.426064980695984,0,0,0,1
9,2,4,10,61,214,0.476581884294849,0,0,0,1
9,2,4,11,56,192,0.321140389670446,0,0,0,1
9,2,4,12,53,213,0.488799748116368,0,0,0,1
9,2,4,13,54,200,0.428327969020617,0,0,0,1
9,2,4,14,51,198,0.476062282916518,0,0,0,1
9,2,4,15,57,204,0.411105194479343,0,0,0,1
9,2,4,16,57,214,0.554270283830046,0,0,0,1
9,2,4,17,58,200,0.412849360445008,0,0,0,1
9,2,4,18,59,195,0.374227118886599,0,0,0,1
9,2,4,19,55,204,0.433410180976763,0,0,0,1
9,2,4,20,52,192,0.403853288786204,0,0,0,1
9,2,4,21,62,211,0.437592810481727,0,0,0,1
9,2,4,22,57,204,0.432155144408471,0,0,0,1
9,2,4,23,52,192,0.318431681380439,0,0,0,1
9,2,4,24,53,199,0.389201187189493,0,0,0,1
9,2,4,25,60,209,0.434450577197162,0,0,0,1
9,2,4,26,58,208,0.430048395580597,0,0,0,1
9,2,4,27,52,209,0.588064650161654,0,0,0,1
9,2,4,28,59,203,0.393784194471346,0,0,0,1
9,2,4,29,56,196,0.393407684405975,0,0,0,1
9,2,4,30,59,204,0.390579062518959,0,0,0,1
9,2,5,1,61,209,0.435385761536376,0,0,0,1
9,2,5,2,59,207,0.438162966197873,0,0,0,1
9,2,5,3,54,196,0.391215879843947,0,0,0,1
9,2,5,4,54,205,0.411072032173877,0,0,0,1
9,2,5,5,55,201,0.433788004904791,0,0,0,1
9,2,5,6,52,192,0.373451355734878,0,0,0,1
9,2,5,7,50,195,0.404813118705793,0,0,0,1
9,2,5,8,55,201,0.336546321104013,0,0,0,1
9,2,5,9,50,194,0.441948572898079,0,0,0,1
9,2,5,10,60,205,0.383917921276416,0,0,0,1
9,2,5,11,60,205,0.441382679926838,0,0,0,1
9,2,5,12,53,199,0.434404624585187,0,0,0,1
9,2,5,13,55,201,0.441162317680102,0,0,0,1
9,2,5,14,51,203,0.53541242291115,0,0,0,1
9,2,5,15,51,205,0.53467113790944,0,0,0,1
9,2,5,16,58,203,0.419868051814319,0,0,0,1
9,2,5,17,53,198,0.417893580099358,0,0,0,1
9,2,5,18,56,194,0.340448293091509,0,0,0,1
9,2,5,19,54,201,0.494767481105575,0,0,0,1
9,2,5,20,57,199,0.382252193501757,0,0,0,1
9,2,5,21,57,192,0.358573448217924,0,0,0,1
9,2,5,22,53,199,0.468747014710637,0,0,0,1
9,2,5,23,54,199,0.417842573692751,0,0,0,1
9,2,5,24,55,199,0.412445924796041,0,0,0,1
9,2,5,25,58,199,0.416905184033091,0,0,0,1
9,2,5,26,51,193,0.407412328960734,0,0,0,1
9,2,5,27,53,197,0.410906385400162,0,0,0,1
9,2,5,28,59,206,0.449427224763152,0,0,0,1
9,2,5,29,51,200,0.457411306961538,0,0,0,1
9,2,5,30,55,215,0.541883859811401,0,0,0,1
9,2,6,1,56,204,0.438137085595183,0,0,0,1
9,2,6,2,54,194,0.350040771380244,0,0,0,1
9,2,6,3,57,203,0.394071692658635,0,0,0,1
9,2,6,4,54,200,0.429223003534667,0,0,0,1
9,2,6,5,53,201,0.468229730951982,0,0,0,1
9,2,6,6,50,196,0.482417710183253,0,0,0,1
9,2,6,7,56,204,0.417676401863364,0,0,0,1
9,2,6,8,53,194,0.404006361768573,0,0,0,1
9,2,6,9,58,211,0.51364124098292,0,0,0,1
9,2,6,10,56,208,0.490122631445565,0,0,0,1
9,2,6,11,54,207,0.509185536857815,0,0,0,1
9,2,6,12,60,208,0.4400325583514,0,0,0,1
9,2,6,13,51,184,0.348473473444244,0,0,0,1
9,2,6,14,52,194,0.383402288627794,0,0,0,1
9,2,6,15,56,205,0.422697873667399,0,0,0,1
9,2,6,16,59,206,0.411961894360676,0,0,0,1
9,2,6,17,53,200,0.430912463189881,0,0,0,1
9,2,6,18,58,200,0.369870043300684,0,0,0,1
9,2,6,19,59,202,0.38175341926595,0,0,0,1
9,2,6,20,56,208,0.410668175991346,0,0,0,1
9,2,6,21,55,205,0.416710765100658,0,0,0,1
9,2,6,22,55,205,0.433049568067685,0,0,0,1
9,2,6,23,55,202,0.390848714066912,0,0,0,1
9,2,6,24,59,207,0.42742426765874,0,0,0,1
9,2,6,25,51,202,0.480980877012961,0,0,0,1
9,2,6,26,55,203,0.436599210049114,0,0,0,1
9,2,6,27,52,197,0.379333116433508,0,0,0,1
9,2,6,28,54,203,0.438280270787791,0,0,0,1
9,2,6,29,56,204,0.453269947032093,0,0,0,1
9,2,6,30,55,208,0.41702291542253,0,0,0,1
9,2,7,1,52,198,0.405338576571163,0,0,0,1
9,2,7,2,55,200,0.410382884926082,0,0,0,1
9,2,7,3,48,192,0.45252511810438,0,0,0,1
9,2,7,4,60,210,0.425663523592156,0,0,0,1
9,2,7,5,51,203,0.445769774048294,0,0,0,1
9,2,7,6,54,194,0.372435755078896,0,0,0,1
9,2,7,7,58,213,0.409174628174418,0,0,0,1
9,2,7,8,48,196,0.463256851678527,0,0,0,1
9,2,7,9,60,204,0.387272038700402,0,0,0,1
9,2,7,10,59,204,0.385721191199473,0,0,0,1
9,2,7,11,56,203,0.401805576507606,0,0,0,1
9,2,7,12,52,197,0.416182072639953,0,0,0,1
9,2,7,13,56,204,0.401269202579061,0,0,0,1
9,2,7,14,54,196,0.409414935488246,0,0,0,1
9,2,7,15,51,198,0.374502752565856,0,0,0,1
9,2,7,16,52,204,0.443939315193425,0,0,0,1
9,2,7,17,55,203,0.454077608287642,0,0,0,1
9,2,7,18,52,196,0.365561931397838,0,0,0,1
9,2,7,19,55,203,0.425518135869789,0,0,0,1
9,2,7,20,53,195,0.39860789002217,0,0,0,1
9,2,7,21,55,198,0.390941436995143,0,0,0,1
9,2,7,22,53,198,0.42622613982931,0,0,0,1
9,2,7,23,58,207,0.433703968472702,0,0,0,1
9,2,7,24,57,206,0.458942679361614,0,0,0,1
9,2,7,25,54,206,0.428805380658502,0,0,0,1
9,2,7,26,53,194,0.370304619779186,0,0,0,1
9,2,7,27,54,197,0.384483055619643,0,0,0,1
9,2,7,28,55,202,0.409287188284946,0,0,0,1
9,2,7,29,53,202,0.421589826799128,0,0,0,1
9,2,7,30,56,200,0.417211583163988,0,0,0,1
9,2,8,1,49,197,0.421439185865281,0,0,0,1
9,2,8,2,60,201,0.354992465529674,0,0,0,1
9,2,8,3,59,205,0.461752421824698,0,0,0,1
9,2,8,4,53,196,0.443744427033698,0,0,0,1
9,2,8,5,56,202,0.439738815278143,0,0,0,1
9,2,8,6,58,204,0.444492098081002,0,0,0,1
9,2,8,7,56,201,0.403966507395673,0,0,0,1
9,2,8,8,64,205,0.365939953751506,0,0,0,1
9,2,8,9,57,202,0.440271448406947,0,0,0,1
9,2,8,10,54,195,0.386741572677647,0,0,0,1
9,2,8,11,51,197,0.495975683472114,0,0,0,1
9,2,8,12,53,199,0.454174142529712,0,0,0,1
9,2,8,13,56,198,0.482005545840517,0,0,0,1
9,2,8,14,59,205,0.429660627929862,0,0,0,1
9,2,8,15,54,198,0.418653297068665,0,0,0,1
9,2,8,16,57,203,0.428960558744097,0,0,0,1
9,2,8,17,48,187,0.405381115333028,0,0,0,1
9,2,8,18,53,198,0.480087449480261,0,0,0,1
9,2,8,19,58,206,0.414402241769301,0,0,0,1
9,2,8,20,50,191,0.407341734061448,0,0,0,1
9,2,8,21,58,198,0.407011746891327,0,0,0,1
9,2,8,22,59,203,0.433568316160822,0,0,0,1
9,2,8,23,58,204,0.435008326247285,0,0,0,1
9,2,8,24,54,191,0.390948265429666,0,0,0,1
9,2,8,25,59,206,0.451848735078083,0,0,0,1
9,2,8,26,57,201,0.402427893771683,0,0,0,1
9,2,8,27,55,195,0.403725980711595,0,0,0,1
9,2,8,28,53,193,0.395237769110321,0,0,0,1
9,2,8,29,51,192,0.417656823343261,0,0,0,1
9,2,8,30,52,198,0.444646237826292,0,0,0,1
9,3,1,1,40,174,0.235266827163569,0,0,0,1
9,3,1,2,40,181,0.322381732525637,0,0,0,1
9,3,1,3,45,186,0.269497140411499,0,0,0,1
9,3,1,4,49,187,0.25787009592333,0,0,0,1
9,3,1,5,50,190,0.256124706579158,0,0,0,1
9,3,1,6,44,178,0.252044457567357,0,0,0,1
9,3,1,7,42,184,0.270303890853442,0,0,0,1
9,3,1,8,44,187,0.282989849095514,0,0,0,1
9,3,1,9,44,185,0.283276038504658,0,0,0,1
9,3,1,10,44,183,0.217522885970337,0,0,0,1
9,3,1,11,44,187,0.249930371131075,0,0,0,1
9,3,1,12,42,181,0.230118511873984,0,0,0,1
9,3,1,13,44,186,0.30331013876519,0,0,0,1
9,3,1,14,42,185,0.294547949653028,0,0,0,1
9,3,1,15,41,183,0.256348937221628,0,0,0,1
9,3,1,16,47,191,0.297343982694494,0,0,0,1
9,3,1,17,44,179,0.230558827910593,0,0,0,1
9,3,1,18,45,184,0.222393155161578,0,0,0,1
9,3,1,19,41,171,0.211853674708026,0,0,0,1
9,3,1,20,45,190,0.31354937389244,0,0,0,1
9,3,1,21,47,188,0.275993360122381,0,0,0,1
9,3,1,22,41,169,0.236717525998832,0,0,0,2
9,3,1,23,44,176,0.252127187482769,0,0,0,1
9,3,1,24,44,194,0.315364175427308,0,0,0,1
9,3,1,25,47,187,0.281504064044067,0,0,0,1
9,3,1,26,39,188,0.287201069232214,0,0,0,1
9,3,1,27,50,190,0.27002725876052,0,0,0,1
9,3,1,28,39,169,0.235648924321002,0,0,0,1
9,3,1,29,48,186,0.232708326190364,0,0,0,1
9,3,1,30,45,182,0.256485824731106,0,0,0,1
9,3,2,1,43,192,0.310039768212116,0,0,0,1
9,3,2,2,45,192,0.316492885386517,0,0,0,1
9,3,2,3,41,186,0.297770832460877,0,0,0,1
9,3,2,4,44,189,0.333690822603527,0,0,0,1
9,3,2,5,42,187,0.316635862481829,0,0,0,1
9,3,2,6,42,186,0.295099232291725,0,0,0,1
9,3,2,7,41,186,0.312648971926924,0,0,0,1
9,3,2,8,43,192,0.300983015448912,0,0,0,1
9,3,2,9,39,184,0.317560219920322,0,0,0,1
9,3,2,10,39,182,0.331030914248015,0,0,0,1
9,3,2,11,42,188,0.305622075282551,0,0,0,1
9,3,2,12,42,192,0.314233549235002,0,0,0,1
9,3,2,13,43,190,0.304843734954776,0,0,0,1
9,3,2,14,42,184,0.308864242058506,0,0,0,1
9,3,2,15,40,184,0.312881815527409,0,0,0,1
9,3,2,16,42,184,0.308688165876728,0,0,0,1
9,3,2,17,39,183,0.311601373601066,0,0,0,1
9,3,2,18,41,187,0.334349684219739,0,0,0,1
9,3,2,19,42,189,0.321569776882393,0,0,0,1
9,3,2,20,44,188,0.317121989816803,0,0,0,1
9,3,2,21,42,188,0.299904495570687,0,0,0,1
9,3,2,22,41,186,0.313045818124652,0,0,0,1
9,3,2,23,42,187,0.317525794537046,0,0,0,1
9,3,2,24,43,192,0.333414034702234,0,0,0,1
9,3,2,25,43,190,0.306788669967949,0,0,0,1
9,3,2,26,42,188,0.301424712657964,0,0,0,1
9,3,2,27,42,189,0.30979279049179,0,0,0,1
9,3,2,28,43,188,0.319223961702594,0,0,0,1
9,3,2,29,42,187,0.305820063396626,0,0,0,1
9,3,2,30,42,188,0.337881501930525,0,0,0,1
9,3,3,1,43,191,0.313521172200378,0,0,0,1
9,3,3,2,45,207,0.355002932033246,0,0,0,1
9,3,3,3,43,200,0.340742756881921,0,0,0,1
9,3,3,4,39,193,0.337216853859058,0,0,0,1
9,3,3,5,43,195,0.285189609745052,0,0,0,1
9,3,3,6,44,197,0.302477182764528,0,0,0,1
9,3,3,7,42,196,0.34351214229264,0,0,0,1
9,3,3,8,42,191,0.303734267370117,0,0,0,1
9,3,3,9,41,193,0.312011727545694,0,0,0,1
9,3,3,10,45,198,0.283255480195801,0,0,0,1
9,3,3,11,38,180,0.25513142631703,0,0,0,1
9,3,3,12,42,184,0.281713990322595,0,0,0,1
9,3,3,13,40,194,0.321509816863717,0,0,0,1
9,3,3,14,42,194,0.311597111812451,0,0,0,1
9,3,3,15,42,203,0.338085673729358,0,0,0,1
9,3,3,16,40,189,0.290776587495813,0,0,0,1
9,3,3,17,38,180,0.298988754063638,0,0,0,1
9,3,3,18,38,187,0.328268440739532,0,0,0,1
9,3,3,19,40,192,0.35576947649945,0,0,0,1
9,3,3,20,40,191,0.301977923218202,0,0,0,1
9,3,3,21,42,199,0.332102347994604,0,0,0,1
9,3,3,22,43,197,0.33943347508388,0,0,0,1
9,3,3,23,43,200,0.322086219993046,0,0,0,1
9,3,3,24,39,186,0.293215650136035,0,0,0,1
9,3,3,25,40,191,0.297817600100605,0,0,0,1
9,3,3,26,45,202,0.330011931946198,0,0,0,1
9,3,3,27,41,195,0.330016643750855,0,0,0,1
9,3,3,28,42,196,0.318076725065675,0,0,0,1
9,3,3,29,43,193,0.302563535472853,0,0,0,1
9,3,3,30,44,199,0.30556777843938,0,0,0,1
9,3,4,1,51,199,0.286604539616517,0,0,0,1
9,3,4,2,51,194,0.245424478478209,0,0,0,1
9,3,4,3,44,189,0.294329344873914,0,0,0,1
9,3,4,4,40,183,0.262383687844954,0,0,0,1
9,3,4,5,47,192,0.24832491694281,0,0,0,1
9,3,4,6,45,190,0.220951534566776,0,0,0,1
9,3,4,7,55,205,0.293220947014209,0,0,0,1
9,3,4,8,45,193,0.29028073465484,0,0,0,1
9,3,4,9,48,198,0.276271270594398,0,0,0,1
9,3,4,10,54,211,0.3008240369377,0,0,0,1
9,3,4,11,45,184,0.205135470539684,0,0,0,1
9,3,4,12,43,205,0.296971691646792,0,0,0,1
9,3,4,13,47,197,0.277461436634041,0,0,0,1
9,3,4,14,45,193,0.305736645621963,0,0,0,1
9,3,4,15,50,199,0.242407688975969,0,0,0,1
9,3,4,16,52,207,0.335139497819734,0,0,0,1
9,3,4,17,54,197,0.24958380782386,0,0,0,1
9,3,4,18,51,193,0.259112825300161,0,0,0,1
9,3,4,19,48,200,0.271852403344041,0,0,0,1
9,3,4,20,46,181,0.228711832047825,0,0,0,1
9,3,4,21,52,198,0.249539400940147,0,0,0,1
9,3,4,22,51,197,0.263230993342275,0,0,0,1
9,3,4,23,42,179,0.181582931408517,0,0,0,1
9,3,4,24,44,190,0.229345750351132,0,0,0,1
9,3,4,25,53,200,0.254880906416061,0,0,0,1
9,3,4,26,49,200,0.269513892825455,0,0,0,1
9,3,4,27,48,203,0.361102891730558,0,0,0,1
9,3,4,28,51,192,0.233637555539013,0,0,0,1
9,3,4,29,47,187,0.251056648194034,0,0,0,1
9,3,4,30,54,200,0.226601925520248,0,0,0,1
9,3,5,1,47,191,0.257446197259432,0,0,0,1
9,3,5,2,47,194,0.282725336667514,0,0,0,1
9,3,5,3,41,183,0.261475959982584,0,0,0,1
9,3,5,4,40,186,0.235671867563072,0,0,0,1
9,3,5,5,45,189,0.274268775777452,0,0,0,1
9,3,5,6,38,172,0.222440714002208,0,0,0,1
9,3,5,7,37,177,0.245960574539903,0,0,0,1
9,3,5,8,40,184,0.223151880525226,0,0,0,1
9,3,5,9,39,179,0.291727413297728,0,0,0,1
9,3,5,10,44,187,0.227111176783112,0,0,0,1
9,3,5,11,47,192,0.295469037224556,0,0,0,1
9,3,5,12,42,185,0.268353265419889,0,0,0,1
9,3,5,13,43,185,0.273878358621326,0,0,0,1
9,3,5,14,40,191,0.356655050682587,0,0,0,1
9,3,5,15,41,190,0.340813573622169,0,0,0,1
9,3,5,16,45,188,0.264633519708882,0,0,0,1
9,3,5,17,40,184,0.283656405417906,0,0,0,1
9,3,5,18,41,176,0.220277329537046,0,0,0,1
9,3,5,19,44,191,0.321472783497063,0,0,0,1
9,3,5,20,43,181,0.236162601541869,0,0,0,1
9,3,5,21,44,177,0.229764740616595,0,0,0,1
9,3,5,22,41,186,0.312877672354549,0,0,0,1
9,3,5,23,42,184,0.258289959603391,0,0,0,1
9,3,5,24,43,181,0.254358292463571,0,0,0,1
9,3,5,25,47,186,0.2596237501384,0,0,0,1
9,3,5,26,40,178,0.253492692262631,0,0,0,1
9,3,5,27,39,179,0.260858062680383,0,0,0,1
9,3,5,28,45,188,0.285739101166183,0,0,0,1
9,3,5,29,40,185,0.290135817815885,0,0,0,1
9,3,5,30,43,201,0.330548677502138,0,0,0,1
9,3,6,1,40,182,0.304215162577716,0,0,0,1
9,3,6,2,39,175,0.24833899182971,0,0,0,2
9,3,6,3,42,182,0.283965376807305,0,0,0,1
9,3,6,4,40,181,0.301578180525185,0,0,0,1
9,3,6,5,41,182,0.306112064488465,0,0,0,1
9,3,6,6,39,179,0.329602166331368,0,0,0,1
9,3,6,7,42,181,0.286778035189388,0,0,0,2
9,3,6,8,38,178,0.313892186835544,0,0,0,1
9,3,6,9,43,189,0.334442238761414,0,0,0,1
9,3,6,10,42,185,0.317673065645532,0,0,0,1
9,3,6,11,41,184,0.343365109123378,0,0,0,1
9,3,6,12,44,186,0.309194027673979,0,0,0,1
9,3,6,13,38,172,0.266205037754834,0,0,0,1
9,3,6,14,40,178,0.276912412871179,0,0,0,2
9,3,6,15,41,184,0.303464607605554,0,0,0,1
9,3,6,16,44,185,0.292408730209591,0,0,0,1
9,3,6,17,40,180,0.280552534530695,0,0,0,1
9,3,6,18,42,182,0.280833805700764,0,0,0,1
9,3,6,19,42,184,0.289733770274792,0,0,0,1
9,3,6,20,39,183,0.283317504275797,0,0,0,1
9,3,6,21,40,184,0.288602896033853,0,0,0,1
9,3,6,22,40,182,0.292988481794427,0,0,0,1
9,3,6,23,39,180,0.281279067984543,0,0,0,1
9,3,6,24,43,187,0.317543610452232,0,0,0,1
9,3,6,25,38,181,0.327157496891207,0,0,0,1
9,3,6,26,40,180,0.291819262025628,0,0,0,1
9,3,6,27,38,178,0.266961132582025,0,0,0,2
9,3,6,28,39,179,0.311892625882061,0,0,0,1
9,3,6,29,42,184,0.307846989118349,0,0,0,1
9,3,6,30,39,185,0.290920691810359,0,0,0,1
9,3,7,1,38,186,0.303037314917211,0,0,0,1
9,3,7,2,40,184,0.295664094119651,0,0,0,1
9,3,7,3,36,183,0.335730522971734,0,0,0,1
9,3,7,4,44,195,0.317437652974562,0,0,0,1
9,3,7,5,37,187,0.3142958732597,0,0,0,1
9,3,7,6,40,185,0.284359417090909,0,0,0,1
9,3,7,7,42,195,0.287564680206325,0,0,0,1
9,3,7,8,36,182,0.341120005686877,0,0,0,1
9,3,7,9,42,190,0.299590195977727,0,0,0,1
9,3,7,10,41,192,0.293670987483493,0,0,0,1
9,3,7,11,41,190,0.281181596224042,0,0,0,1
9,3,7,12,38,185,0.308509946371562,0,0,0,1
9,3,7,13,39,188,0.293698082892277,0,0,0,1
9,3,7,14,41,188,0.304197634470894,0,0,0,1
9,3,7,15,36,183,0.287646539159373,0,0,0,1
9,3,7,16,39,192,0.319370640457636,0,0,0,1
9,3,7,17,40,191,0.33195837281067,0,0,0,1
9,3,7,18,36,183,0.278110890750741,0,0,0,1
9,3,7,19,40,189,0.302944615456833,0,0,0,1
9,3,7,20,39,185,0.302095556997739,0,0,0,1
9,3,7,21,41,186,0.298312495153214,0,0,0,1
9,3,7,22,39,186,0.317154463440172,0,0,0,1
9,3,7,23,42,190,0.302708824872116,0,0,0,1
9,3,7,24,42,193,0.335302320844918,0,0,0,1
9,3,7,25,40,191,0.327045414950833,0,0,0,1
9,3,7,26,37,183,0.293648324511336,0,0,0,1
9,3,7,27,38,184,0.280857393063175,0,0,0,1
9,3,7,28,40,188,0.306497184172802,0,0,0,1
9,3,7,29,38,185,0.312176848453307,0,0,0,1
9,3,7,30,40,189,0.309133865672131,0,0,0,1
9,3,8,1,43,196,0.278064630911148,0,0,0,1
9,3,8,2,50,198,0.267626682561912,0,0,0,1
9,3,8,3,51,199,0.31179557782432,0,0,0,1
9,3,8,4,46,192,0.297367278625661,0,0,0,1
9,3,8,5,47,197,0.302754535947805,0,0,0,1
9,3,8,6,52,201,0.297684900758695,0,0,0,1
9,3,8,7,49,200,0.302659768316718,0,0,0,1
9,3,8,8,54,204,0.269412336740594,0,0,0,1
9,3,8,9,47,199,0.317352776285585,0,0,0,1
9,3,8,10,45,191,0.292778006816325,0,0,0,1
9,3,8,11,45,197,0.354230743996195,0,0,0,1
9,3,8,12,45,195,0.3249784971605,0,0,0,1
9,3,8,13,50,194,0.318967867904089,0,0,0,1
9,3,8,14,52,205,0.320539864029834,0,0,0,1
9,3,8,15,45,193,0.28969368910413,0,0,0,1
9,3,8,16,50,199,0.298182195994164,0,0,0,1
9,3,8,17,40,184,0.300768576094837,0,0,0,1
9,3,8,18,45,194,0.336634612339929,0,0,0,1
9,3,8,19,52,205,0.29587295673904,0,0,0,1
9,3,8,20,44,188,0.285082933166398,0,0,0,1
9,3,8,21,51,196,0.281067834670887,0,0,0,1
9,3,8,22,50,197,0.294746941553211,0,0,0,1
9,3,8,23,49,200,0.30450331007298,0,0,0,1
9,3,8,24,45,188,0.295484082506908,0,0,0,1
9,3,8,25,51,200,0.298625550999696,0,0,0,1
9,3,8,26,48,198,0.298110049712098,0,0,0,1
9,3,8,27,47,194,0.304947338087565,0,0,0,1
9,3,8,28,44,189,0.281953782863573,0,0,0,1
9,3,8,29,45,189,0.278744951934859,0,0,0,1
9,3,8,30,44,193,0.312328422363953,0,0,0,1
9,4,1,1,51,519,0.162394939830702,0,0,0,2
9,4,1,2,45,188,0.263608832646311,0,0,0,1
9,4,1,3,57,209,0.229701289462067,0,0,0,1
9,4,1,4,65,193,0.176483038194232,0,0,0,1
9,4,1,5,63,204,0.192532054418545,0,0,0,1
9,4,1,6,59,189,0.1876357858696,0,0,0,2
9,4,1,7,54,202,0.213304097518928,0,0,0,1
9,4,1,8,61,212,0.232819281525964,0,0,0,1
9,4,1,9,53,196,0.230113449708233,0,0,0,1
9,4,1,10,61,214,0.154955082122398,0,0,0,1
9,4,1,11,56,210,0.196748791718992,0,0,0,1
9,4,1,12,53,185,0.14549517653207,0,0,0,1
9,4,1,13,55,195,0.219068949556896,0,0,0,1
9,4,1,14,48,200,0.260366578711754,0,0,0,1
9,4,1,15,48,192,0.19125745425591,0,0,0,1
9,4,1,16,58,208,0.272804799295682,0,0,0,1
9,4,1,17,61,189,0.15100077499731,0,0,0,1
9,4,1,18,62,202,0.150691445919678,0,0,0,2
9,4,1,19,52,171,0.123793630953285,0,0,0,1
9,4,1,20,55,216,0.282117622529014,0,0,0,1
9,4,1,21,64,195,0.17788585106338,0,0,0,1
9,4,1,22,48,167,0.160190144226395,0,0,0,2
9,4,1,23,51,182,0.201734098890156,0,0,0,1
9,4,1,24,55,215,0.280673051074819,0,0,0,1
9,4,1,25,57,204,0.248188140161287,0,0,0,1
9,4,1,26,48,216,0.25070924137562,0,0,0,1
9,4,1,27,60,207,0.240726410841034,0,0,0,1
9,4,1,28,53,559,0.175775766119736,0,0,0,2
9,4,1,29,67,200,0.16177967315879,0,0,0,1
9,4,1,30,57,195,0.217621382695733,0,0,0,1
9,4,2,1,65,212,0.196123122179257,0,0,0,1
9,4,2,2,68,211,0.213517253385291,0,0,0,1
9,4,2,3,57,201,0.202712822709702,0,0,0,2
9,4,2,4,68,225,0.278331318864792,0,0,0,1
9,4,2,5,56,207,0.249826297337561,0,0,0,1
9,4,2,6,69,221,0.218124158318791,0,0,0,2
9,4,2,7,58,196,0.18821701342197,0,0,0,1
9,4,2,8,66,210,0.173308439293278,0,0,0,1
9,4,2,9,50,191,0.231306909348923,0,0,0,1
9,4,2,10,49,195,0.245236580482767,0,0,0,2
9,4,2,11,69,213,0.206306913784832,0,0,0,1
9,4,2,12,66,208,0.190540599853319,0,0,0,1
9,4,2,13,68,220,0.203157822451567,0,0,0,1
9,4,2,14,57,208,0.238029725395457,0,0,0,2
9,4,2,15,57,194,0.175980370880148,0,0,0,2
9,4,2,16,56,196,0.218184023847845,0,0,0,1
9,4,2,17,52,201,0.210655761094933,0,0,0,1
9,4,2,18,54,200,0.251970563737524,0,0,0,1
9,4,2,19,63,217,0.256276932565007,0,0,0,1
9,4,2,20,68,215,0.22701160912396,0,0,0,2
9,4,2,21,56,203,0.1546419493302,0,0,0,1
9,4,2,22,59,201,0.226772717987652,0,0,0,1
9,4,2,23,62,217,0.239219816355846,0,0,0,2
9,4,2,24,61,215,0.238856302869728,0,0,0,2
9,4,2,25,61,217,0.232993489720055,0,0,0,2
9,4,2,26,61,210,0.1788353811644,0,0,0,2
9,4,2,27,61,203,0.191525774225128,0,0,0,1
9,4,2,28,60,216,0.234493200370528,0,0,0,1
9,4,2,29,52,200,0.20604584201625,0,0,0,1
9,4,2,30,56,208,0.261590981820177,0,0,0,1
9,4,3,1,56,199,0.245402854452629,0,0,0,1
9,4,3,2,59,231,0.331758863438287,0,0,0,1
9,4,3,3,56,224,0.320157972874111,0,0,0,1
9,4,3,4,47,204,0.2833977618476,0,0,0,1
9,4,3,5,59,212,0.219333092082961,0,0,0,1
9,4,3,6,59,213,0.216758281076469,0,0,0,1
9,4,3,7,49,205,0.284853941106248,0,0,0,1
9,4,3,8,55,203,0.221367210795742,0,0,0,1
9,4,3,9,52,209,0.238074354212481,0,0,0,1
9,4,3,10,63,231,0.246100177687002,0,0,0,1
9,4,3,11,43,190,0.199648333995969,0,0,0,1
9,4,3,12,54,190,0.197034416130496,0,0,0,1
9,4,3,13,48,209,0.267043852450581,0,0,0,1
9,4,3,14,56,225,0.310086067691825,0,0,0,1
9,4,3,15,54,235,0.338636789833482,0,0,0,1
9,4,3,16,50,205,0.247221468697614,0,0,0,1
9,4,3,17,43,177,0.210751447633862,0,0,0,1
9,4,3,18,46,208,0.316624956055139,0,0,0,1
9,4,3,19,44,199,0.310150279423652,0,0,0,1
9,4,3,20,51,214,0.291648311666578,0,0,0,1
9,4,3,21,54,226,0.31729400863897,0,0,0,1
9,4,3,22,52,214,0.312874701474298,0,0,0,1
9,4,3,23,57,223,0.2903002708288,0,0,0,1
9,4,3,24,45,193,0.220334907669944,0,0,0,1
9,4,3,25,48,202,0.251426469419912,0,0,0,1
9,4,3,26,62,221,0.26896860839705,0,0,0,1
9,4,3,27,51,203,0.258264193279927,0,0,0,1
9,4,3,28,53,220,0.315286162341111,0,0,0,1
9,4,3,29,55,209,0.255063789695936,0,0,0,1
9,4,3,30,60,221,0.249822560963851,0,0,0,1
9,4,4,1,63,207,0.22885945917506,0,0,0,1
9,4,4,2,60,201,0.180756201658964,0,0,0,1
9,4,4,3,48,192,0.262346856512732,0,0,0,1
9,4,4,4,46,187,0.218846524406608,0,0,0,1
9,4,4,5,55,205,0.231290372592732,0,0,0,1
9,4,4,6,58,201,0.168266676067894,0,0,0,1
9,4,4,7,76,219,0.222814580177583,0,0,0,1
9,4,4,8,53,198,0.239783782296096,0,0,0,1
9,4,4,9,57,203,0.210239843832181,0,0,0,1
9,4,4,10,72,231,0.274428711015147,0,0,0,1
9,4,4,11,65,184,0.107196403880812,0,0,0,2
9,4,4,12,55,227,0.274842719466808,0,0,0,1
9,4,4,13,57,202,0.212918871852035,0,0,0,1
9,4,4,14,52,197,0.258608429985653,0,0,0,1
9,4,4,15,63,210,0.196329984368375,0,0,0,1
9,4,4,16,62,225,0.342648935868926,0,0,0,1
9,4,4,17,63,199,0.195453863808806,0,0,0,1
9,4,4,18,66,192,0.158742712329079,0,0,0,2
9,4,4,19,58,208,0.21686422813133,0,0,0,1
9,4,4,20,53,186,0.188801740625197,0,0,0,2
9,4,4,21,66,219,0.220998203337384,0,0,0,1
9,4,4,22,65,209,0.219639580615757,0,0,0,1
9,4,4,23,40,175,0.110256100070241,0,0,0,2
9,4,4,24,53,201,0.172821424676785,0,0,0,1
9,4,4,25,57,213,0.216179373882366,0,0,0,1
9,4,4,26,63,214,0.213072534278441,0,0,0,1
9,4,4,27,54,216,0.376703881577119,0,0,0,1
9,4,4,28,64,204,0.178241345908032,0,0,0,1
9,4,4,29,59,193,0.177198173853659,0,0,0,1
9,4,4,30,67,212,0.176441468464543,0,0,0,1
9,4,5,1,57,201,0.198785698879104,0,0,0,1
9,4,5,2,61,199,0.198799993528224,0,0,0,1
9,4,5,3,47,177,0.159309673925748,0,0,0,1
9,4,5,4,44,191,0.184235739723214,0,0,0,1
9,4,5,5,48,188,0.201899611057466,0,0,0,1
9,4,5,6,42,168,0.148227386811548,0,0,0,2
9,4,5,7,42,175,0.173336287920567,0,0,0,2
9,4,5,8,48,176,0.104626462315044,0,0,0,1
9,4,5,9,44,178,0.211075701191506,0,0,0,1
9,4,5,10,61,193,0.146842150554837,0,0,0,2
9,4,5,11,60,198,0.203338170025352,0,0,0,1
9,4,5,12,48,185,0.199207289607199,0,0,0,1
9,4,5,13,52,189,0.204158159722515,0,0,0,1
9,4,5,14,45,195,0.297094711163458,0,0,0,1
9,4,5,15,46,197,0.296201469322946,0,0,0,1
9,4,5,16,57,196,0.184969040280775,0,0,0,1
9,4,5,17,47,182,0.183235218577992,0,0,0,1
9,4,5,18,51,170,0.111377155694649,0,0,0,1
9,4,5,19,50,191,0.256430316319333,0,0,0,1
9,4,5,20,54,185,0.151115674277405,0,0,0,2
9,4,5,21,53,171,0.131181356937423,0,0,0,2
9,4,5,22,47,186,0.232282744163918,0,0,0,1
9,4,5,23,50,187,0.183263515604434,0,0,0,2
9,4,5,24,52,184,0.17912391741159,0,0,0,1
9,4,5,25,56,185,0.181731732125981,0,0,0,1
9,4,5,26,44,174,0.177602592625317,0,0,0,1
9,4,5,27,47,180,0.177922577066558,0,0,0,1
9,4,5,28,54,197,0.213767468035976,0,0,0,1
9,4,5,29,46,192,0.228490731237824,0,0,0,1
9,4,5,30,52,218,0.303373324069159,0,0,0,1
9,4,6,1,50,188,0.201961795281727,0,0,0,1
9,4,6,2,75,512,0.274815673414712,0,0,0,1
9,4,6,3,49,181,0.163030336670442,0,0,0,1
9,4,6,4,46,179,0.195598718140859,0,0,0,2
9,4,6,5,44,182,0.237674820150871,0,0,0,1
9,4,6,6,40,174,0.263118744802463,0,0,0,1
9,4,6,7,55,496,0.202132527620265,0,0,0,2
9,4,6,8,38,167,0.182429984907343,0,0,0,2
9,4,6,9,54,197,0.265926334036632,0,0,0,1
9,4,6,10,50,192,0.245458774330828,0,0,0,1
9,4,6,11,44,188,0.265590069235003,0,0,0,1
9,4,6,12,58,191,0.201650263103948,0,0,0,2
9,4,6,13,54,546,0.193104188010035,0,0,0,2
9,4,6,14,54,485,0.206408607691784,0,0,0,2
9,4,6,15,52,186,0.186522870703838,0,0,0,1
9,4,6,16,59,193,0.178838659536841,0,0,0,2
9,4,6,17,45,179,0.197580139306038,0,0,0,2
9,4,6,18,48,175,0.14843660175252,0,0,0,2
9,4,6,19,57,181,0.151846501728995,0,0,0,2
9,4,6,20,49,188,0.175973630856215,0,0,0,1
9,4,6,21,49,187,0.184129953503605,0,0,0,2
9,4,6,22,49,191,0.198317915639327,0,0,0,1
9,4,6,23,49,182,0.16137899023497,0,0,0,2
9,4,6,24,51,189,0.208012234220778,0,0,0,1
9,4,6,25,41,181,0.244533930356737,0,0,0,1
9,4,6,26,47,183,0.200323037276124,0,0,0,2
9,4,6,27,51,463,0.194384600800451,0,0,0,2
9,4,6,28,42,181,0.203708479068124,0,0,0,2
9,4,6,29,51,186,0.214511743649618,0,0,0,1
9,4,6,30,49,189,0.181345951531677,0,0,0,1
9,4,7,1,45,195,0.197296143706121,0,0,0,1
9,4,7,2,53,195,0.194444674515501,0,0,0,1
9,4,7,3,43,195,0.265037094719409,0,0,0,1
9,4,7,4,62,210,0.201327801445953,0,0,0,1
9,4,7,5,45,200,0.232199411068166,0,0,0,1
9,4,7,6,52,188,0.160497370473036,0,0,0,1
9,4,7,7,61,216,0.189576085078988,0,0,0,1
9,4,7,8,41,193,0.265824683735524,0,0,0,1
9,4,7,9,65,208,0.17193671299952,0,0,0,1
9,4,7,10,60,209,0.173551098241439,0,0,0,1
9,4,7,11,55,205,0.189070502988556,0,0,0,1
9,4,7,12,46,193,0.208455356697524,0,0,0,1
9,4,7,13,55,210,0.191007426555623,0,0,0,1
9,4,7,14,49,191,0.199296385613789,0,0,0,1
9,4,7,15,45,189,0.15858486781519,0,0,0,1
9,4,7,16,49,203,0.227759227491855,0,0,0,1
9,4,7,17,53,207,0.247224035297949,0,0,0,1
9,4,7,18,45,186,0.151184288011385,0,0,0,1
9,4,7,19,54,206,0.212856042822361,0,0,0,1
9,4,7,20,49,195,0.194827628359287,0,0,0,2
9,4,7,21,52,189,0.173235746685657,0,0,0,1
9,4,7,22,49,193,0.213622001914436,0,0,0,1
9,4,7,23,58,205,0.212714857152438,0,0,0,1
9,4,7,24,59,211,0.250877813967598,0,0,0,1
9,4,7,25,50,203,0.209455226454026,0,0,0,1
9,4,7,26,49,186,0.157330137254766,0,0,0,1
9,4,7,27,50,188,0.166561719247752,0,0,0,1
9,4,7,28,50,200,0.197538584289485,0,0,0,1
9,4,7,29,50,201,0.211567467403969,0,0,0,1
9,4,7,30,55,197,0.20207354747912,0,0,0,1
9,4,8,1,49,201,0.211775633042078,0,0,0,1
9,4,8,2,74,209,0.149878333373251,0,0,0,1
9,4,8,3,68,218,0.255733088086463,0,0,0,1
9,4,8,4,57,205,0.242159474893507,0,0,0,1
9,4,8,5,62,210,0.232720719714819,0,0,0,1
9,4,8,6,66,216,0.242157107984372,0,0,0,1
9,4,8,7,64,211,0.20812691327383,0,0,0,1
9,4,8,8,82,217,0.159092189780347,0,0,0,1
9,4,8,9,63,212,0.237194336251236,0,0,0,1
9,4,8,10,59,198,0.178816330063501,0,0,0,1
9,4,8,11,52,204,0.29261764386409,0,0,0,1
9,4,8,12,56,205,0.24416816573738,0,0,0,1
9,4,8,13,60,204,0.276538862521981,0,0,0,1
9,4,8,14,69,219,0.23141966516454,0,0,0,1
9,4,8,15,60,208,0.218698081160653,0,0,0,1
9,4,8,16,65,213,0.219977425851727,0,0,0,1
9,4,8,17,46,180,0.195212136619622,0,0,0,2
9,4,8,18,56,206,0.27607950300304,0,0,0,1
9,4,8,19,68,219,0.203809467694403,0,0,0,1
9,4,8,20,50,188,0.193897250496233,0,0,0,1
9,4,8,21,66,201,0.19535476246522,0,0,0,1
9,4,8,22,68,214,0.22441218931292,0,0,0,1
9,4,8,23,65,214,0.223745717057702,0,0,0,1
9,4,8,24,57,184,0.176410615119249,0,0,0,1
9,4,8,25,67,219,0.241343649863079,0,0,0,1
9,4,8,26,65,215,0.207003777763886,0,0,0,1
9,4,8,27,58,197,0.198455069970578,0,0,0,1
9,4,8,28,56,193,0.18703007013476,0,0,0,1
9,4,8,29,54,197,0.215197943587285,0,0,0,1
9,4,8,30,55,206,0.239820314486644,0,0,0,1
10,1,1,1,55,198,0.416484937888154,0,0,0,1
10,1,1,2,54,203,0.468195236243797,0,0,0,1
10,1,1,3,55,197,0.404677540173018,0,0,0,1
10,1,1,4,57,206,0.498180813557246,0,0,0,1
10,1,1,5,60,204,0.416262369760399,0,0,0,1
10,1,1,6,56,192,0.365672450970865,0,0,0,1
10,1,1,7,62,206,0.417125602384485,0,0,0,1
10,1,1,8,60,201,0.364320929297404,0,0,0,1
10,1,1,9,60,203,0.380387629143491,0,0,0,1
10,1,1,10,50,202,0.450628816471078,0,0,0,1
10,1,1,11,55,191,0.36810564264117,0,0,0,1
10,1,1,12,53,196,0.40961994698126,0,0,0,1
10,1,1,13,61,203,0.418387336172263,0,0,0,1
10,1,1,14,52,189,0.398888844058523,0,0,0,1
10,1,1,15,58,193,0.369163718946667,0,0,0,1
10,1,1,16,58,200,0.424158700486082,0,0,0,1
10,1,1,17,64,208,0.430806765912764,0,0,0,1
10,1,1,18,57,201,0.447277871736875,0,0,0,1
10,1,1,19,59,198,0.402749264978399,0,0,0,1
10,1,1,20,55,200,0.412317662363914,0,0,0,1
10,1,1,21,52,197,0.463482386103133,0,0,0,1
10,1,1,22,59,210,0.48783957404111,0,0,0,1
10,1,1,23,54,200,0.453558851921972,0,0,0,1
10,1,1,24,61,200,0.371632767988984,0,0,0,1
10,1,1,25,62,205,0.373258261394083,0,0,0,1
10,1,1,26,64,203,0.384979254995408,0,0,0,1
10,1,1,27,54,194,0.404757781970627,0,0,0,1
10,1,1,28,56,207,0.520115890640669,0,0,0,1
10,1,1,29,61,204,0.404460457730533,0,0,0,1
10,1,1,30,56,204,0.393549391398157,0,0,0,1
10,1,2,1,57,206,0.433512503731909,0,0,0,1
10,1,2,2,56,194,0.421935986960853,0,0,0,1
10,1,2,3,61,200,0.383621263285323,0,0,0,1
10,1,2,4,60,199,0.387220568441312,0,0,0,1
10,1,2,5,57,195,0.379565969155852,0,0,0,1
10,1,2,6,59,202,0.409239008865052,0,0,0,1
10,1,2,7,55,200,0.414212418615055,0,0,0,1
10,1,2,8,61,214,0.44477788939722,0,0,0,1
10,1,2,9,57,198,0.374664357631325,0,0,0,1
10,1,2,10,53,194,0.39083635020936,0,0,0,1
10,1,2,11,60,204,0.412919400564704,0,0,0,1
10,1,2,12,56,201,0.428543915294834,0,0,0,1
10,1,2,13,58,203,0.429063792076678,0,0,0,1
10,1,2,14,57,203,0.411435672923915,0,0,0,1
10,1,2,15,57,201,0.404824433413763,0,0,0,1
10,1,2,16,57,198,0.431182690483288,0,0,0,1
10,1,2,17,59,203,0.445068532532131,0,0,0,1
10,1,2,18,54,195,0.413124541510884,0,0,0,1
10,1,2,19,52,192,0.406824210531388,0,0,0,1
10,1,2,20,56,200,0.426347910669566,0,0,0,1
10,1,2,21,59,202,0.411061360142481,0,0,0,1
10,1,2,22,58,204,0.402628189903218,0,0,0,1
10,1,2,23,52,197,0.4096046306451,0,0,0,1
10,1,2,24,54,197,0.434158562691063,0,0,0,1
10,1,2,25,58,199,0.425664793884587,0,0,0,1
10,1,2,26,59,202,0.403211612081584,0,0,0,1
10,1,2,27,56,195,0.421275648951998,0,0,0,1
10,1,2,28,57,198,0.421856665438083,0,0,0,1
10,1,2,29,56,196,0.409697817017725,0,0,0,1
10,1,2,30,60,201,0.420341285136849,0,0,0,1
10,1,3,1,54,195,0.380781275781443,0,0,0,1
10,1,3,2,55,200,0.419620138753301,0,0,0,1
10,1,3,3,56,204,0.407760331011054,0,0,0,1
10,1,3,4,53,203,0.450705237061186,0,0,0,1
10,1,3,5,54,193,0.379132294950561,0,0,0,1
10,1,3,6,57,201,0.373098840469863,0,0,0,1
10,1,3,7,57,204,0.39415016833781,0,0,0,1
10,1,3,8,58,209,0.422135327340385,0,0,0,1
10,1,3,9,52,196,0.398307929208374,0,0,0,1
10,1,3,10,55,201,0.389820006888797,0,0,0,1
10,1,3,11,55,200,0.389718693280891,0,0,0,1
10,1,3,12,55,208,0.464413176584841,0,0,0,1
10,1,3,13,55,201,0.427802782933637,0,0,0,1
10,1,3,14,56,208,0.440966704710847,0,0,0,1
10,1,3,15,57,203,0.408572838952998,0,0,0,1
10,1,3,16,55,195,0.406157018965324,0,0,0,1
10,1,3,17,52,198,0.411450712649549,0,0,0,1
10,1,3,18,53,200,0.408773566689815,0,0,0,1
10,1,3,19,56,199,0.365747761620946,0,0,0,1
10,1,3,20,54,198,0.369409648693577,0,0,0,1
10,1,3,21,53,201,0.467109719675723,0,0,0,1
10,1,3,22,59,212,0.455590070508076,0,0,0,1
10,1,3,23,59,206,0.414023166572717,0,0,0,1
10,1,3,24,56,198,0.391023238325567,0,0,0,1
10,1,3,25,55,204,0.426280554065276,0,0,0,1
10,1,3,26,56,203,0.430350427467075,0,0,0,1
10,1,3,27,56,207,0.406839358062898,0,0,0,1
10,1,3,28,53,199,0.396844773762607,0,0,0,1
10,1,3,29,54,204,0.442446566614194,0,0,0,1
10,1,3,30,58,209,0.447406566503452,0,0,0,1
10,1,4,1,58,205,0.448879356279413,0,0,0,1
10,1,4,2,55,203,0.424097336062571,0,0,0,1
10,1,4,3,52,198,0.395485171545449,0,0,0,1
10,1,4,4,57,206,0.436874852720434,0,0,0,1
10,1,4,5,61,210,0.418357285305187,0,0,0,1
10,1,4,6,52,192,0.429963302326937,0,0,0,1
10,1,4,7,61,207,0.402655148578803,0,0,0,1
10,1,4,8,61,203,0.420869686375169,0,0,0,1
10,1,4,9,55,195,0.400577035397215,0,0,0,1
10,1,4,10,60,202,0.382261129106806,0,0,0,1
10,1,4,11,59,200,0.381289558516875,0,0,0,1
10,1,4,12,62,205,0.412649462035374,0,0,0,1
10,1,4,13,53,195,0.432842393831694,0,0,0,1
10,1,4,14,62,200,0.370759678260217,0,0,0,1
10,1,4,15,57,200,0.37688032062845,0,0,0,1
10,1,4,16,57,201,0.40839658989574,0,0,0,1
10,1,4,17,56,200,0.383236013781935,0,0,0,1
10,1,4,18,56,209,0.48057363469455,0,0,0,1
10,1,4,19,52,194,0.394734809459387,0,0,0,1
10,1,4,20,56,194,0.364081257672534,0,0,0,1
10,1,4,21,57,195,0.381880715381157,0,0,0,1
10,1,4,22,49,199,0.46215422941871,0,0,0,1
10,1,4,23,57,203,0.434592445546911,0,0,0,1
10,1,4,24,58,202,0.425519102291,0,0,0,1
10,1,4,25,58,206,0.472456568496025,0,0,0,1
10,1,4,26,54,200,0.391172405800898,0,0,0,1
10,1,4,27,56,194,0.396435004283111,0,0,0,1
10,1,4,28,57,194,0.38280638300544,0,0,0,1
10,1,4,29,56,200,0.385330716958195,0,0,0,1
10,1,4,30,53,196,0.428995009778452,0,0,0,1
10,1,5,1,54,194,0.38174514334988,0,0,0,1
10,1,5,2,58,201,0.441601324565487,0,0,0,1
10,1,5,3,57,203,0.437869166919896,0,0,0,1
10,1,5,4,56,207,0.49790524312265,0,0,0,1
10,1,5,5,58,202,0.366761121658558,0,0,0,1
10,1,5,6,60,205,0.437806359877427,0,0,0,1
10,1,5,7,58,208,0.436929302627848,0,0,0,1
10,1,5,8,56,196,0.40886425895134,0,0,0,1
10,1,5,9,48,188,0.380799898595423,0,0,0,1
10,1,5,10,52,195,0.405467628477924,0,0,0,1
10,1,5,11,48,191,0.479925425488042,0,0,0,1
10,1,5,12,53,205,0.454883037274663,0,0,0,1
10,1,5,13,55,206,0.442991161714039,0,0,0,1
10,1,5,14,53,199,0.498722609342215,0,0,0,1
10,1,5,15,54,199,0.476769984555102,0,0,0,1
10,1,5,16,56,201,0.422727078872728,0,0,0,1
10,1,5,17,59,205,0.385226506214762,0,0,0,1
10,1,5,18,53,201,0.486834695099211,0,0,0,1
10,1,5,19,56,200,0.435325129752417,0,0,0,1
10,1,5,20,55,201,0.431319542730704,0,0,0,1
10,1,5,21,55,204,0.471901252749671,0,0,0,1
10,1,5,22,61,208,0.41451574915857,0,0,0,1
10,1,5,23,60,201,0.412969827314475,0,0,0,1
10,1,5,24,56,196,0.393352027883786,0,0,0,1
10,1,5,25,59,205,0.404290941311447,0,0,0,1
10,1,5,26,63,214,0.407517154398359,0,0,0,1
10,1,5,27,50,193,0.425965918538164,0,0,0,1
10,1,5,28,60,206,0.430505927561759,0,0,0,1
10,1,5,29,56,196,0.399348007147809,0,0,0,1
10,1,5,30,59,199,0.384526733317622,0,0,0,1
10,1,6,1,58,201,0.380730623208158,0,0,0,1
10,1,6,2,53,195,0.393227937954131,0,0,0,1
10,1,6,3,55,205,0.433941922938701,0,0,0,1
10,1,6,4,55,195,0.392746702972998,0,0,0,1
10,1,6,5,56,203,0.42788818859593,0,0,0,1
10,1,6,6,58,209,0.452918288710686,0,0,0,1
10,1,6,7,58,209,0.4556838704368,0,0,0,1
10,1,6,8,61,209,0.412117282835849,0,0,0,1
10,1,6,9,59,198,0.403615975465728,0,0,0,1
10,1,6,10,57,201,0.370502206352718,0,0,0,1
10,1,6,11,55,203,0.444229599986947,0,0,0,1
10,1,6,12,55,199,0.409539041958381,0,0,0,1
10,1,6,13,57,208,0.444562122547272,0,0,0,1
10,1,6,14,56,204,0.426572878483516,0,0,0,1
10,1,6,15,54,201,0.429736137419578,0,0,0,1
10,1,6,16,59,201,0.390659209652252,0,0,0,1
10,1,6,17,55,200,0.433008968407581,0,0,0,1
10,1,6,18,58,209,0.406036952753264,0,0,0,1
10,1,6,19,61,212,0.420693890982976,0,0,0,1
10,1,6,20,60,201,0.392551140224373,0,0,0,1
10,1,6,21,55,199,0.413009946508329,0,0,0,1
10,1,6,22,57,202,0.399534963119084,0,0,0,1
10,1,6,23,55,199,0.404722150120884,0,0,0,1
10,1,6,24,57,200,0.396196017533635,0,0,0,1
10,1,6,25,53,201,0.441345232812787,0,0,0,1
10,1,6,26,56,202,0.421984986555628,0,0,0,1
10,1,6,27,56,202,0.418907610233425,0,0,0,1
10,1,6,28,55,194,0.366861628844577,0,0,0,1
10,1,6,29,57,203,0.440492266006875,0,0,0,1
10,1,6,30,55,200,0.42145744306724,0,0,0,1
10,1,7,1,55,202,0.419773483361273,0,0,0,1
10,1,7,2,56,202,0.425434167804794,0,0,0,1
10,1,7,3,56,201,0.436222231425536,0,0,0,1
10,1,7,4,59,210,0.422983310720723,0,0,0,1
10,1,7,5,58,200,0.396743941923136,0,0,0,1
10,1,7,6,55,200,0.401507345427258,0,0,0,1
10,1,7,7,55,196,0.40777596966406,0,0,0,1
10,1,7,8,59,203,0.408166154463403,0,0,0,1
10,1,7,9,58,204,0.391430360251477,0,0,0,1
10,1,7,10,53,203,0.425641887403299,0,0,0,1
10,1,7,11,56,209,0.432469174488738,0,0,0,1
10,1,7,12,58,204,0.442196731132895,0,0,0,1
10,1,7,13,55,204,0.425159734538384,0,0,0,1
10,1,7,14,55,201,0.438875568091917,0,0,0,1
10,1,7,15,55,198,0.405259726680975,0,0,0,1
10,1,7,16,53,199,0.407542843293922,0,0,0,1
10,1,7,17,57,206,0.446129037337058,0,0,0,1
10,1,7,18,52,194,0.409316942103114,0,0,0,1
10,1,7,19,53,198,0.399867846010446,0,0,0,1
10,1,7,20,51,198,0.424780315054447,0,0,0,1
10,1,7,21,50,195,0.40308308890534,0,0,0,1
10,1,7,22,58,199,0.406363779324607,0,0,0,1
10,1,7,23,56,205,0.421893780382014,0,0,0,1
10,1,7,24,54,196,0.387950894975944,0,0,0,1
10,1,7,25,55,200,0.395184012040655,0,0,0,1
10,1,7,26,58,203,0.403888860756698,0,0,0,1
10,1,7,27,58,209,0.419865487193042,0,0,0,1
10,1,7,28,53,198,0.406649393877732,0,0,0,1
10,1,7,29,54,200,0.439976403712354,0,0,0,1
10,1,7,30,57,199,0.382547558000217,0,0,0,1
10,1,8,1,53,197,0.41976607835331,0,0,0,1
10,1,8,2,59,205,0.465038191703736,0,0,0,1
10,1,8,3,58,207,0.464511774626317,0,0,0,1
10,1,8,4,56,199,0.428807092706991,0,0,0,1
10,1,8,5,54,198,0.436758175233091,0,0,0,1
10,1,8,6,54,197,0.436526140813215,0,0,0,1
10,1,8,7,58,204,0.422496868115582,0,0,0,1
10,1,8,8,59,199,0.42249306703508,0,0,0,1
10,1,8,9,57,200,0.358088886850381,0,0,0,1
10,1,8,10,59,201,0.431085147413776,0,0,0,1
10,1,8,11,59,202,0.371190203561227,0,0,0,1
10,1,8,12,51,193,0.461902594663738,0,0,0,1
10,1,8,13,56,200,0.42466978008901,0,0,0,1
10,1,8,14,56,193,0.403118836990996,0,0,0,1
10,1,8,15,58,198,0.410076796626126,0,0,0,1
10,1,8,16,55,205,0.4805136658501,0,0,0,1
10,1,8,17,58,200,0.442824039042948,0,0,0,1
10,1,8,18,58,201,0.414127585670915,0,0,0,1
10,1,8,19,55,197,0.437349628004816,0,0,0,1
10,1,8,20,52,199,0.444499286338607,0,0,0,1
10,1,8,21,59,205,0.394224662737222,0,0,0,1
10,1,8,22,59,201,0.444231248873493,0,0,0,1
10,1,8,23,54,200,0.446515703142061,0,0,0,1
10,1,8,24,51,189,0.400528801574496,0,0,0,1
10,1,8,25,58,201,0.378293038517848,0,0,0,1
10,1,8,26,56,204,0.455867684464681,0,0,0,1
10,1,8,27,55,196,0.416829455904338,0,0,0,1
10,1,8,28,53,195,0.436618306289649,0,0,0,1
10,1,8,29,54,197,0.417369630811337,0,0,0,1
10,1,8,30,53,197,0.451775606216795,0,0,0,1
10,2,1,1,53,196,0.409494190863712,0,0,0,1
10,2,1,2,54,201,0.453867898278971,0,0,0,1
10,2,1,3,54,195,0.376955394872454,0,0,0,1
10,2,1,4,58,206,0.473213244265408,0,0,0,1
10,2,1,5,60,204,0.400789115512536,0,0,0,1
10,2,1,6,55,188,0.337044029060757,0,0,0,1
10,2,1,7,63,210,0.443855736606866,0,0,0,1
10,2,1,8,62,199,0.336052567524145,0,0,0,1
10,2,1,9,61,207,0.389232377302081,0,0,0,1
10,2,1,10,50,203,0.444518779516762,0,0,0,1
10,2,1,11,54,192,0.382226048128463,0,0,0,1
10,2,1,12,49,195,0.431744041296892,0,0,0,1
10,2,1,13,61,202,0.402621260552826,0,0,0,1
10,2,1,14,51,183,0.356267656311074,0,0,0,1
10,2,1,15,59,194,0.364652627805405,0,0,0,1
10,2,1,16,59,198,0.411160258242972,0,0,0,1
10,2,1,17,64,206,0.401508382400864,0,0,0,1
10,2,1,18,58,201,0.43600643222329,0,0,0,1
10,2,1,19,57,193,0.386512421473477,0,0,0,1
10,2,1,20,54,200,0.425400734734377,0,0,0,1
10,2,1,21,52,198,0.478144646335442,0,0,0,1
10,2,1,22,58,212,0.531580415899235,0,0,0,1
10,2,1,23,54,197,0.429625438593147,0,0,0,1
10,2,1,24,62,198,0.331691216149886,0,0,0,1
10,2,1,25,64,206,0.339213022988472,0,0,0,1
10,2,1,26,64,202,0.385800964014612,0,0,0,1
10,2,1,27,53,192,0.389018532261165,0,0,0,1
10,2,1,28,56,207,0.546194412466386,0,0,0,1
10,2,1,29,63,208,0.425928111787233,0,0,0,1
10,2,1,30,56,208,0.422429921964815,0,0,0,1
10,2,2,1,56,208,0.457037071635923,0,0,0,1
10,2,2,2,56,194,0.440522948814835,0,0,0,1
10,2,2,3,59,197,0.355790791787248,0,0,0,1
10,2,2,4,61,200,0.341476871424883,0,0,0,1
10,2,2,5,58,195,0.348968480370576,0,0,0,1
10,2,2,6,60,208,0.41637294457755,0,0,0,1
10,2,2,7,55,201,0.421212387864481,0,0,0,1
10,2,2,8,62,220,0.473466561025706,0,0,0,1
10,2,2,9,58,200,0.366360212308403,0,0,0,1
10,2,2,10,52,191,0.38346991019056,0,0,0,1
10,2,2,11,58,207,0.461119628452089,0,0,0,1
10,2,2,12,54,198,0.447200147805614,0,0,0,1
10,2,2,13,59,207,0.429703984197785,0,0,0,1
10,2,2,14,61,218,0.407768052554883,0,0,0,2
10,2,2,15,55,199,0.394896014506106,0,0,0,1
10,2,2,16,57,201,0.453271027582013,0,0,0,1
10,2,2,17,60,206,0.457491904318838,0,0,0,1
10,2,2,18,51,193,0.457086635892752,0,0,0,2
10,2,2,19,49,191,0.418630658032834,0,0,0,1
10,2,2,20,52,195,0.452711948863509,0,0,0,1
10,2,2,21,59,201,0.413686880990926,0,0,0,1
10,2,2,22,60,208,0.399667700282248,0,0,0,1
10,2,2,23,50,196,0.425917875509717,0,0,0,1
10,2,2,24,53,194,0.443237692308002,0,0,0,1
10,2,2,25,56,199,0.443893922855661,0,0,0,1
10,2,2,26,60,204,0.409003645588682,0,0,0,1
10,2,2,27,55,195,0.432677453522042,0,0,0,1
10,2,2,28,58,199,0.418913400692879,0,0,0,1
10,2,2,29,54,195,0.421613401908847,0,0,0,1
10,2,2,30,60,201,0.459128467532638,0,0,0,1
10,2,3,1,52,189,0.365322080892673,0,0,0,1
10,2,3,2,54,198,0.403437790356645,0,0,0,1
10,2,3,3,59,209,0.41431328501221,0,0,0,1
10,2,3,4,51,202,0.47331813155481,0,0,0,1
10,2,3,5,53,189,0.358109275462712,0,0,0,1
10,2,3,6,55,197,0.357664204959114,0,0,0,1
10,2,3,7,60,208,0.393586725467173,0,0,0,1
10,2,3,8,57,207,0.418153814503529,0,0,0,1
10,2,3,9,51,191,0.363657935117175,0,0,0,1
10,2,3,10,54,201,0.397710368438918,0,0,0,1
10,2,3,11,54,198,0.381087665554709,0,0,0,1
10,2,3,12,55,211,0.495541014729752,0,0,0,1
10,2,3,13,53,199,0.436701527235435,0,0,0,1
10,2,3,14,56,211,0.467717363768893,0,0,0,1
10,2,3,15,56,199,0.404336967477792,0,0,0,1
10,2,3,16,54,193,0.416849968470237,0,0,0,1
10,2,3,17,51,194,0.394088654303082,0,0,0,1
10,2,3,18,50,195,0.394914702975545,0,0,0,1
10,2,3,19,55,194,0.334289181221252,0,0,0,1
10,2,3,20,49,190,0.328323493914176,0,0,0,1
10,2,3,21,52,197,0.456404819797586,0,0,0,1
10,2,3,22,57,214,0.490196137539434,0,0,0,1
10,2,3,23,62,214,0.453109641486336,0,0,0,1
10,2,3,24,53,191,0.367168787692928,0,0,0,1
10,2,3,25,57,210,0.456731841779346,0,0,0,1
10,2,3,26,55,206,0.46741355546107,0,0,0,1
10,2,3,27,54,207,0.404132601330813,0,0,0,1
10,2,3,28,51,191,0.369488856687649,0,0,0,2
10,2,3,29,54,206,0.470173551929679,0,0,0,1
10,2,3,30,60,211,0.450957770935359,0,0,0,1
10,2,4,1,58,205,0.438213489586295,0,0,0,1
10,2,4,2,54,203,0.435969785977737,0,0,0,1
10,2,4,3,54,201,0.375806474255921,0,0,0,1
10,2,4,4,59,207,0.422888759191012,0,0,0,1
10,2,4,5,61,213,0.449666710854145,0,0,0,1
10,2,4,6,49,186,0.415698359101293,0,0,0,1
10,2,4,7,63,212,0.392157723052219,0,0,0,1
10,2,4,8,60,200,0.400223642176666,0,0,0,1
10,2,4,9,55,192,0.373563543883953,0,0,0,1
10,2,4,10,62,197,0.323528139123881,0,0,0,1
10,2,4,11,63,204,0.35931595122141,0,0,0,1
10,2,4,12,63,206,0.414081626193554,0,0,0,1
10,2,4,13,53,200,0.454864288195266,0,0,0,1
10,2,4,14,61,204,0.414505286324732,0,0,0,1
10,2,4,15,57,200,0.37115106956416,0,0,0,1
10,2,4,16,57,204,0.432469322843158,0,0,0,1
10,2,4,17,57,199,0.37528459768071,0,0,0,1
10,2,4,18,57,216,0.537353331197839,0,0,0,1
10,2,4,19,53,191,0.34931726287082,0,0,0,1
10,2,4,20,56,195,0.366478633585864,0,0,0,1
10,2,4,21,56,194,0.364059672724238,0,0,0,1
10,2,4,22,48,195,0.430232666216727,0,0,0,1
10,2,4,23,58,203,0.417199889292504,0,0,0,1
10,2,4,24,58,203,0.426523876635182,0,0,0,1
10,2,4,25,58,205,0.461681241563234,0,0,0,1
10,2,4,26,53,203,0.401792705123804,0,0,0,1
10,2,4,27,58,194,0.37468923780394,0,0,0,1
10,2,4,28,57,195,0.386511917539911,0,0,0,1
10,2,4,29,55,199,0.397462112872254,0,0,0,1
10,2,4,30,52,194,0.41325753205011,0,0,0,1
10,2,5,1,52,188,0.357445515467778,0,0,0,2
10,2,5,2,57,200,0.438903665503844,0,0,0,1
10,2,5,3,56,206,0.469030782280732,0,0,0,1
10,2,5,4,55,209,0.551889361284145,0,0,0,1
10,2,5,5,59,200,0.334394522050427,0,0,0,1
10,2,5,6,60,205,0.423045545712191,0,0,0,1
10,2,5,7,61,212,0.419211446897645,0,0,0,1
10,2,5,8,55,194,0.393651041451964,0,0,0,1
10,2,5,9,45,184,0.380701635477565,0,0,0,1
10,2,5,10,49,192,0.440262751431657,0,0,0,1
10,2,5,11,47,187,0.461981103713078,0,0,0,1
10,2,5,12,52,204,0.458013486084069,0,0,0,1
10,2,5,13,53,206,0.468827654434464,0,0,0,1
10,2,5,14,53,202,0.532693269874328,0,0,0,1
10,2,5,15,51,198,0.51759586150785,0,0,0,1
10,2,5,16,55,199,0.411588074432732,0,0,0,1
10,2,5,17,60,204,0.369585905742069,0,0,0,1
10,2,5,18,52,204,0.536755378012087,0,0,0,1
10,2,5,19,56,195,0.38591171776821,0,0,0,1
10,2,5,20,54,202,0.437680798079109,0,0,0,1
10,2,5,21,54,203,0.461990930606614,0,0,0,1
10,2,5,22,62,207,0.392815086022205,0,0,0,1
10,2,5,23,61,203,0.401063735713995,0,0,0,1
10,2,5,24,55,191,0.368836706065536,0,0,0,1
10,2,5,25,60,211,0.434331243476373,0,0,0,1
10,2,5,26,64,214,0.375875236159196,0,0,0,1
10,2,5,27,49,192,0.444732770704811,0,0,0,1
10,2,5,28,62,211,0.450380641510701,0,0,0,1
10,2,5,29,55,198,0.443082692275353,0,0,0,1
10,2,5,30,59,197,0.370126029109351,0,0,0,1
10,2,6,1,60,207,0.379792545692866,0,0,0,1
10,2,6,2,51,193,0.382571482918723,0,0,0,1
10,2,6,3,53,202,0.453494438185104,0,0,0,1
10,2,6,4,54,192,0.370400151104693,0,0,0,1
10,2,6,5,54,207,0.498900595829493,0,0,0,1
10,2,6,6,58,210,0.447490391616346,0,0,0,1
10,2,6,7,57,213,0.490275216038514,0,0,0,1
10,2,6,8,62,212,0.40563677777086,0,0,0,1
10,2,6,9,56,188,0.359507183678319,0,0,0,1
10,2,6,10,54,195,0.356783797552863,0,0,0,1
10,2,6,11,55,205,0.469493332628056,0,0,0,1
10,2,6,12,55,195,0.384755610859873,0,0,0,1
10,2,6,13,59,211,0.475447441691311,0,0,0,1
10,2,6,14,58,208,0.422423904238169,0,0,0,1
10,2,6,15,54,201,0.432580183666373,0,0,0,1
10,2,6,16,59,205,0.420824999429907,0,0,0,1
10,2,6,17,54,200,0.470922550530078,0,0,0,1
10,2,6,18,60,210,0.374992204779616,0,0,0,1
10,2,6,19,64,220,0.437946998217406,0,0,0,1
10,2,6,20,62,203,0.397934856020513,0,0,0,1
10,2,6,21,55,199,0.397779608343592,0,0,0,1
10,2,6,22,56,200,0.381001727701128,0,0,0,1
10,2,6,23,55,197,0.394201366088564,0,0,0,1
10,2,6,24,57,200,0.383449362812034,0,0,0,1
10,2,6,25,53,203,0.480435364216223,0,0,0,1
10,2,6,26,54,197,0.422250709109917,0,0,0,1
10,2,6,27,55,200,0.42271263732888,0,0,0,1
10,2,6,28,55,191,0.330380269340114,0,0,0,1
10,2,6,29,56,208,0.496840591092535,0,0,0,1
10,2,6,30,56,198,0.409049618375669,0,0,0,1
10,2,7,1,55,203,0.426303485318557,0,0,0,1
10,2,7,2,56,204,0.434132390223044,0,0,0,1
10,2,7,3,55,199,0.45831404431404,0,0,0,1
10,2,7,4,60,212,0.415746700345456,0,0,0,1
10,2,7,5,59,200,0.381802771738432,0,0,0,1
10,2,7,6,55,204,0.420649270426133,0,0,0,1
10,2,7,7,55,197,0.401593845691708,0,0,0,1
10,2,7,8,62,206,0.399065612032502,0,0,0,1
10,2,7,9,57,202,0.369668770167875,0,0,0,1
10,2,7,10,54,208,0.456719137744492,0,0,0,1
10,2,7,11,57,224,0.490941657386607,0,0,0,1
10,2,7,12,57,206,0.485228436687449,0,0,0,1
10,2,7,13,56,207,0.438891263588902,0,0,0,1
10,2,7,14,52,198,0.460697042600381,0,0,0,1
10,2,7,15,56,200,0.391232834471433,0,0,0,1
10,2,7,16,54,198,0.403728779701321,0,0,0,1
10,2,7,17,58,212,0.46043161684182,0,0,0,1
10,2,7,18,50,190,0.404330236622832,0,0,0,1
10,2,7,19,53,198,0.385713141867172,0,0,0,1
10,2,7,20,51,195,0.412931502369168,0,0,0,1
10,2,7,21,47,190,0.411423295466882,0,0,0,1
10,2,7,22,58,199,0.398857571018879,0,0,0,1
10,2,7,23,57,209,0.442441407717556,0,0,0,1
10,2,7,24,51,191,0.390391401071319,0,0,0,1
10,2,7,25,53,199,0.383801499274994,0,0,0,1
10,2,7,26,58,203,0.385091174118946,0,0,0,1
10,2,7,27,57,212,0.43311693411121,0,0,0,1
10,2,7,28,52,198,0.431044676838518,0,0,0,1
10,2,7,29,53,202,0.44678078717035,0,0,0,1
10,2,7,30,57,197,0.350216367251443,0,0,0,1
10,2,8,1,51,196,0.406968278671838,0,0,0,1
10,2,8,2,60,212,0.505382186039402,0,0,0,1
10,2,8,3,57,209,0.482541202744351,0,0,0,1
10,2,8,4,58,199,0.401791451139467,0,0,0,1
10,2,8,5,52,196,0.448110478374155,0,0,0,1
10,2,8,6,56,198,0.4331289958355,0,0,0,1
10,2,8,7,59,208,0.443680874249132,0,0,0,1
10,2,8,8,60,200,0.40677831926223,0,0,0,1
10,2,8,9,56,198,0.331426329220456,0,0,0,1
10,2,8,10,60,201,0.41847233707849,0,0,0,1
10,2,8,11,60,205,0.362512763407422,0,0,0,1
10,2,8,12,51,193,0.467557977977279,0,0,0,1
10,2,8,13,55,198,0.420266237865998,0,0,0,1
10,2,8,14,54,192,0.408427230222471,0,0,0,1
10,2,8,15,56,195,0.414325979155177,0,0,0,1
10,2,8,16,51,204,0.507086235511801,0,0,0,1
10,2,8,17,58,202,0.458859136030204,0,0,0,1
10,2,8,18,57,200,0.403962220022625,0,0,0,1
10,2,8,19,56,199,0.448282055430006,0,0,0,1
10,2,8,20,53,201,0.446785043854618,0,0,0,1
10,2,8,21,60,207,0.364357318037288,0,0,0,1
10,2,8,22,61,204,0.440408098535405,0,0,0,1
10,2,8,23,52,198,0.453102314407615,0,0,0,1
10,2,8,24,50,186,0.384847032843338,0,0,0,1
10,2,8,25,59,202,0.364177832701427,0,0,0,1
10,2,8,26,55,203,0.452858877730021,0,0,0,1
10,2,8,27,56,195,0.394930586825992,0,0,0,1
10,2,8,28,52,194,0.435046818691346,0,0,0,1
10,2,8,29,55,198,0.41273529173587,0,0,0,1
10,2,8,30,54,201,0.472066469941853,0,0,0,1
10,3,1,1,38,182,0.280235715818284,0,0,0,1
10,3,1,2,39,190,0.327083741614759,0,0,0,1
10,3,1,3,39,181,0.270636680079404,0,0,0,1
10,3,1,4,44,197,0.354735005245323,0,0,0,1
10,3,1,5,43,190,0.277961317544254,0,0,0,1
10,3,1,6,38,172,0.235943133348522,0,0,0,1
10,3,1,7,46,196,0.274169054568063,0,0,0,1
10,3,1,8,42,184,0.23071183472565,0,0,0,1
10,3,1,9,42,188,0.245735441691514,0,0,0,1
10,3,1,10,34,186,0.311361519024676,0,0,0,1
10,3,1,11,37,171,0.237256833878124,0,0,0,1
10,3,1,12,36,179,0.274314786328666,0,0,0,1
10,3,1,13,45,190,0.280367215389745,0,0,0,1
10,3,1,14,35,171,0.270346129019271,0,0,0,1
10,3,1,15,41,177,0.239115961074352,0,0,0,1
10,3,1,16,43,187,0.287592782598582,0,0,0,1
10,3,1,17,48,198,0.292647009345662,0,0,0,1
10,3,1,18,42,188,0.309398997094715,0,0,0,1
10,3,1,19,42,184,0.268124101196575,0,0,0,1
10,3,1,20,39,184,0.274781357881205,0,0,0,1
10,3,1,21,38,183,0.326301174537893,0,0,0,1
10,3,1,22,45,201,0.344454057973674,0,0,0,1
10,3,1,23,39,187,0.31386150268754,0,0,0,1
10,3,1,24,43,186,0.240601408097408,0,0,0,1
10,3,1,25,43,192,0.234908154144861,0,0,0,1
10,3,1,26,47,189,0.246225305552795,0,0,0,1
10,3,1,27,38,178,0.275477079908776,0,0,0,1
10,3,1,28,43,198,0.37836283884781,0,0,0,1
10,3,1,29,45,193,0.2686825183806,0,0,0,1
10,3,1,30,39,189,0.254581666104948,0,0,0,1
10,3,2,1,41,195,0.342844792710233,0,0,0,1
10,3,2,2,43,188,0.347886526821523,0,0,0,1
10,3,2,3,44,187,0.297682214582975,0,0,0,1
10,3,2,4,44,189,0.302166174055138,0,0,0,1
10,3,2,5,42,187,0.302951342704584,0,0,0,2
10,3,2,6,43,194,0.324545395266388,0,0,0,2
10,3,2,7,40,190,0.332235885868195,0,0,0,1
10,3,2,8,45,201,0.35064928293327,0,0,0,1
10,3,2,9,40,187,0.292866864975815,0,0,0,1
10,3,2,10,39,186,0.315472015101974,0,0,0,2
10,3,2,11,44,194,0.326462065610836,0,0,0,1
10,3,2,12,42,194,0.349305640789939,0,0,0,1
10,3,2,13,42,193,0.342190493502848,0,0,0,1
10,3,2,14,41,190,0.325227089983151,0,0,0,1
10,3,2,15,41,189,0.318662452176355,0,0,0,1
10,3,2,16,43,193,0.356188761433443,0,0,0,1
10,3,2,17,44,196,0.360902777770864,0,0,0,1
10,3,2,18,40,189,0.341296847258609,0,0,0,2
10,3,2,19,38,183,0.334421311197071,0,0,0,1
10,3,2,20,42,191,0.343820812658489,0,0,0,1
10,3,2,21,43,191,0.324631279205061,0,0,0,1
10,3,2,22,42,193,0.31670783198726,0,0,0,1
10,3,2,23,38,190,0.334605983300233,0,0,0,2
10,3,2,24,40,188,0.353774385562344,0,0,0,1
10,3,2,25,43,190,0.343338616160676,0,0,0,1
10,3,2,26,43,192,0.319428848754093,0,0,0,1
10,3,2,27,42,188,0.345307902535236,0,0,0,1
10,3,2,28,43,191,0.34373071655193,0,0,0,2
10,3,2,29,42,189,0.334953834332334,0,0,0,2
10,3,2,30,45,195,0.339828494257089,0,0,0,1
10,3,3,1,39,172,0.232083327003143,0,0,0,2
10,3,3,2,41,176,0.255947361233095,0,0,0,1
10,3,3,3,40,179,0.241952768725388,0,0,0,1
10,3,3,4,40,180,0.27748044605994,0,0,0,1
10,3,3,5,40,169,0.234866905220715,0,0,0,2
10,3,3,6,43,179,0.226447391848994,0,0,0,2
10,3,3,7,40,178,0.228603041543292,0,0,0,1
10,3,3,8,43,184,0.248306860179176,0,0,0,1
10,3,3,9,38,172,0.238957923866265,0,0,0,2
10,3,3,10,39,175,0.225642959386209,0,0,0,1
10,3,3,11,41,176,0.236554019367028,0,0,0,1
10,3,3,12,42,185,0.289808481550812,0,0,0,1
10,3,3,13,43,179,0.256493700147714,0,0,0,1
10,3,3,14,43,186,0.264438359434994,0,0,0,1
10,3,3,15,44,180,0.238954158684425,0,0,0,1
10,3,3,16,42,173,0.250379603649622,0,0,0,1
10,3,3,17,39,173,0.246458191419358,0,0,0,2
10,3,3,18,40,176,0.24688275347977,0,0,0,1
10,3,3,19,40,172,0.216011041302565,0,0,0,2
10,3,3,20,36,171,0.229224830451457,0,0,0,1
10,3,3,21,41,179,0.291274067685927,0,0,0,1
10,3,3,22,45,191,0.275293296325845,0,0,0,1
10,3,3,23,46,183,0.24610649608206,0,0,0,1
10,3,3,24,42,175,0.23522070473778,0,0,0,1
10,3,3,25,40,178,0.267520040828463,0,0,0,2
10,3,3,26,41,181,0.259800585526747,0,0,0,1
10,3,3,27,41,182,0.231328030742757,0,0,0,1
10,3,3,28,38,172,0.241012426602198,0,0,0,2
10,3,3,29,40,178,0.275945993460606,0,0,0,1
10,3,3,30,46,187,0.269610222645455,0,0,0,1
10,3,4,1,54,205,0.280542120098649,0,0,0,1
10,3,4,2,49,201,0.255541706105323,0,0,0,1
10,3,4,3,44,193,0.227763251969591,0,0,0,1
10,3,4,4,52,206,0.267976472953027,0,0,0,1
10,3,4,5,60,215,0.252211280840009,0,0,0,1
10,3,4,6,45,185,0.263577327175457,0,0,0,1
10,3,4,7,60,210,0.236124349238144,0,0,0,1
10,3,4,8,60,204,0.255715914074683,0,0,0,1
10,3,4,9,50,190,0.234985434892654,0,0,0,1
10,3,4,10,54,200,0.213761494508258,0,0,0,1
10,3,4,11,56,199,0.217705184200789,0,0,0,1
10,3,4,12,58,205,0.243514521319003,0,0,0,1
10,3,4,13,47,190,0.266921916960106,0,0,0,1
10,3,4,14,60,198,0.203568136414148,0,0,0,1
10,3,4,15,52,197,0.209097380196343,0,0,0,1
10,3,4,16,52,198,0.240205091821272,0,0,0,1
10,3,4,17,51,197,0.215874901582525,0,0,0,1
10,3,4,18,52,212,0.313666107849914,0,0,0,1
10,3,4,19,44,187,0.227952215907307,0,0,0,1
10,3,4,20,49,186,0.197539803770214,0,0,0,1
10,3,4,21,50,190,0.21467753312088,0,0,0,1
10,3,4,22,42,195,0.294309870647432,0,0,0,1
10,3,4,23,51,201,0.265141939716421,0,0,0,1
10,3,4,24,53,200,0.256618012178548,0,0,0,1
10,3,4,25,54,208,0.304671087172935,0,0,0,1
10,3,4,26,46,196,0.222980918427428,0,0,0,1
10,3,4,27,51,189,0.23013794971286,0,0,0,1
10,3,4,28,51,188,0.215901093162659,0,0,0,1
10,3,4,29,51,197,0.217586194195491,0,0,0,1
10,3,4,30,47,190,0.261084511170514,0,0,0,1
10,3,5,1,48,187,0.217399155151526,0,0,0,2
10,3,5,2,55,200,0.275444532926732,0,0,0,1
10,3,5,3,53,203,0.271039613373759,0,0,0,1
10,3,5,4,54,209,0.330667302431637,0,0,0,1
10,3,5,5,55,199,0.201545645224258,0,0,0,1
10,3,5,6,58,206,0.271324048762658,0,0,0,1
10,3,5,7,57,213,0.271537896914702,0,0,0,1
10,3,5,8,53,192,0.243841289509188,0,0,0,1
10,3,5,9,40,178,0.21846374936063,0,0,0,1
10,3,5,10,46,189,0.240634587302918,0,0,0,1
10,3,5,11,42,185,0.314965750280342,0,0,0,1
10,3,5,12,48,206,0.288022334649732,0,0,0,1
10,3,5,13,50,206,0.275962507169165,0,0,0,1
10,3,5,14,49,198,0.333336042332746,0,0,0,1
10,3,5,15,50,197,0.310281408983174,0,0,0,1
10,3,5,16,52,202,0.258672402475753,0,0,0,1
10,3,5,17,58,205,0.219241342402212,0,0,0,1
10,3,5,18,49,200,0.320998235006786,0,0,0,1
10,3,5,19,53,198,0.269115795697044,0,0,0,1
10,3,5,20,50,199,0.264864870358904,0,0,0,1
10,3,5,21,52,205,0.305154610557675,0,0,0,1
10,3,5,22,59,210,0.248314482257329,0,0,0,1
10,3,5,23,59,200,0.246807145160699,0,0,0,1
10,3,5,24,51,190,0.228796736890777,0,0,0,1
10,3,5,25,57,206,0.238030911411003,0,0,0,1
10,3,5,26,64,220,0.242761105707008,0,0,0,1
10,3,5,27,44,186,0.261958638065574,0,0,0,1
10,3,5,28,58,209,0.264185384270961,0,0,0,1
10,3,5,29,51,191,0.234538625566122,0,0,0,2
10,3,5,30,56,195,0.219315996770539,0,0,0,1
10,3,6,1,41,183,0.262723696441114,0,0,0,1
10,3,6,2,36,176,0.279194914418479,0,0,0,1
10,3,6,3,39,188,0.31179860167873,0,0,0,1
10,3,6,4,39,177,0.27798949333618,0,0,0,1
10,3,6,5,40,186,0.30713517968614,0,0,0,1
10,3,6,6,43,195,0.327244026181658,0,0,0,1
10,3,6,7,43,194,0.330076061938528,0,0,0,1
10,3,6,8,45,195,0.288533684635286,0,0,0,1
10,3,6,9,43,181,0.286551757717374,0,0,0,1
10,3,6,10,40,182,0.253607430853063,0,0,0,1
10,3,6,11,40,187,0.323560040722205,0,0,0,1
10,3,6,12,40,181,0.291751733018613,0,0,0,1
10,3,6,13,42,193,0.319886200166733,0,0,0,1
10,3,6,14,40,188,0.305150788655331,0,0,0,1
10,3,6,15,38,184,0.310155702369498,0,0,0,1
10,3,6,16,43,184,0.272416326708765,0,0,0,1
10,3,6,17,40,183,0.313433149782522,0,0,0,1
10,3,6,18,42,192,0.282652879509481,0,0,0,1
10,3,6,19,45,198,0.296300921044337,0,0,0,1
10,3,6,20,44,184,0.274006171575026,0,0,0,1
10,3,6,21,40,182,0.294697224018383,0,0,0,1
10,3,6,22,41,185,0.28001796471499,0,0,0,1
10,3,6,23,40,182,0.287468119525655,0,0,0,1
10,3,6,24,41,183,0.278082183284246,0,0,0,1
10,3,6,25,38,185,0.322687475973752,0,0,0,1
10,3,6,26,41,186,0.301534914983295,0,0,0,1
10,3,6,27,41,184,0.298733331787264,0,0,0,1
10,3,6,28,38,174,0.254287953049174,0,0,0,1
10,3,6,29,42,188,0.318512198482283,0,0,0,1
10,3,6,30,39,183,0.30250189264859,0,0,0,1
10,3,7,1,45,198,0.32269021532008,0,0,0,1
10,3,7,2,45,198,0.331029453774768,0,0,0,1
10,3,7,3,46,196,0.327169385315483,0,0,0,1
10,3,7,4,45,205,0.342980805625578,0,0,0,1
10,3,7,5,46,192,0.295342528081499,0,0,0,1
10,3,7,6,45,194,0.293698899449302,0,0,0,1
10,3,7,7,43,188,0.312360128197365,0,0,0,1
10,3,7,8,46,197,0.314106679768318,0,0,0,1
10,3,7,9,47,198,0.283136578435037,0,0,0,1
10,3,7,10,44,200,0.339559406508217,0,0,0,1
10,3,7,11,44,206,0.353286102604749,0,0,0,1
10,3,7,12,43,196,0.352206528255986,0,0,0,1
10,3,7,13,46,202,0.337999270149111,0,0,0,1
10,3,7,14,43,194,0.357265744975327,0,0,0,1
10,3,7,15,45,193,0.310489680748466,0,0,0,1
10,3,7,16,43,194,0.316293218156061,0,0,0,1
10,3,7,17,47,204,0.350256375967822,0,0,0,1
10,3,7,18,44,189,0.299505408143241,0,0,0,1
10,3,7,19,45,193,0.29212014001126,0,0,0,1
10,3,7,20,41,191,0.322318178610981,0,0,0,1
10,3,7,21,42,191,0.310614703765091,0,0,0,1
10,3,7,22,46,192,0.312739986968104,0,0,0,1
10,3,7,23,45,203,0.337035261342355,0,0,0,1
10,3,7,24,43,191,0.29984887429264,0,0,0,1
10,3,7,25,42,192,0.28837739275233,0,0,0,1
10,3,7,26,44,196,0.318602188680167,0,0,0,1
10,3,7,27,40,204,0.343266934594978,0,0,0,1
10,3,7,28,46,191,0.298190711133926,0,0,0,1
10,3,7,29,44,197,0.342773899695014,0,0,0,1
10,3,7,30,44,192,0.288827635652009,0,0,0,1
10,3,8,1,44,203,0.271829514092635,0,0,0,1
10,3,8,2,53,209,0.284612325089007,0,0,0,1
10,3,8,3,52,212,0.291183523361889,0,0,0,1
10,3,8,4,49,201,0.267160206216969,0,0,0,1
10,3,8,5,46,200,0.273336253472058,0,0,0,1
10,3,8,6,48,197,0.266063902763253,0,0,0,1
10,3,8,7,50,209,0.260986027532388,0,0,0,1
10,3,8,8,53,204,0.265638823151657,0,0,0,1
10,3,8,9,47,208,0.219246797067493,0,0,0,1
10,3,8,10,52,205,0.273199603144234,0,0,0,1
10,3,8,11,51,204,0.20953768139704,0,0,0,1
10,3,8,12,44,191,0.28901897662954,0,0,0,1
10,3,8,13,47,203,0.26144104298923,0,0,0,1
10,3,8,14,50,193,0.240570192571372,0,0,0,1
10,3,8,15,50,201,0.258352563141882,0,0,0,1
10,3,8,16,49,210,0.308106239717896,0,0,0,1
10,3,8,17,50,202,0.273671957479353,0,0,0,1
10,3,8,18,51,205,0.248127831368513,0,0,0,1
10,3,8,19,46,198,0.272191076075063,0,0,0,1
10,3,8,20,44,200,0.277908059354855,0,0,0,1
10,3,8,21,53,216,0.246178483565487,0,0,0,1
10,3,8,22,54,208,0.283848794591097,0,0,0,1
10,3,8,23,44,206,0.296142746538619,0,0,0,1
10,3,8,24,41,185,0.238328573652338,0,0,0,1
10,3,8,25,52,208,0.216691093602122,0,0,0,1
10,3,8,26,49,208,0.287245197500574,0,0,0,1
10,3,8,27,47,199,0.26396440264028,0,0,0,1
10,3,8,28,45,196,0.274978692973017,0,0,0,1
10,3,8,29,44,197,0.251694782401701,0,0,0,1
10,3,8,30,45,197,0.280596132130934,0,0,0,1
10,4,1,1,47,184,0.166593777698724,0,0,0,1
10,4,1,2,48,194,0.2084552751688,0,0,0,1
10,4,1,3,46,178,0.134398628802331,0,0,0,1
10,4,1,4,57,204,0.226710992913467,0,0,0,1
10,4,1,5,59,199,0.15493510861274,0,0,0,2
10,4,1,6,57,545,0.124175199826615,0,0,0,2
10,4,1,7,69,214,0.196363449172175,0,0,0,1
10,4,1,8,66,193,0.0989091051361762,0,0,0,1
10,4,1,9,63,223,0.156019084912363,0,0,0,1
10,4,1,10,40,196,0.199016866102458,0,0,0,2
10,4,1,11,47,173,0.141677488116972,0,0,0,1
10,4,1,12,39,181,0.188718217316286,0,0,0,1
10,4,1,13,63,199,0.164092621091335,0,0,0,1
10,4,1,14,54,496,0.188753677695312,0,0,0,2
10,4,1,15,60,188,0.127859025045286,0,0,0,2
10,4,1,16,59,191,0.168402282744612,0,0,0,1
10,4,1,17,66,211,0.170569287381812,0,0,0,1
10,4,1,18,58,197,0.191958340625697,0,0,0,1
10,4,1,19,54,183,0.150546558639443,0,0,0,1
10,4,1,20,48,194,0.183196013511976,0,0,0,1
10,4,1,21,45,189,0.234582991874881,0,0,0,1
10,4,1,22,58,224,0.290774828626703,0,0,0,1
10,4,1,23,49,185,0.184661297418143,0,0,0,1
10,4,1,24,57,215,0.114006660397484,0,0,0,2
10,4,1,25,79,227,0.0984070219740883,0,0,0,1
10,4,1,26,70,197,0.138867659054008,0,0,0,1
10,4,1,27,47,181,0.157227608390473,0,0,0,1
10,4,1,28,54,212,0.308561524714796,0,0,0,1
10,4,1,29,68,219,0.186408648776606,0,0,0,1
10,4,1,30,53,218,0.179371064478255,0,0,0,1
10,4,2,1,45,210,0.265825870294311,0,0,0,1
10,4,2,2,60,210,0.287736891285326,0,0,0,2
10,4,2,3,56,192,0.167369603731375,0,0,0,2
10,4,2,4,49,204,0.141220779683788,0,0,0,1
10,4,2,5,69,485,0.225340209897815,0,0,0,2
10,4,2,6,63,567,0.255768653254275,0,0,0,2
10,4,2,7,56,214,0.245154865049004,0,0,0,2
10,4,2,8,62,223,0.278059792962937,0,0,0,1
10,4,2,9,60,207,0.17952069188656,0,0,0,2
10,4,2,10,64,589,0.302730322383364,0,0,0,2
10,4,2,11,60,219,0.281686866128121,0,0,0,1
10,4,2,12,57,226,0.292843898764008,0,0,0,2
10,4,2,13,52,209,0.238730505642441,0,0,0,2
10,4,2,14,60,224,0.217039310738503,0,0,0,1
10,4,2,15,55,207,0.211850764353681,0,0,0,2
10,4,2,16,61,222,0.299480121243818,0,0,0,1
10,4,2,17,66,529,0.29373607126776,0,0,0,2
10,4,2,18,58,568,0.394472622111437,0,0,0,2
10,4,2,19,47,210,0.267875849513939,0,0,0,2
10,4,2,20,51,207,0.275091618227229,0,0,0,2
10,4,2,21,62,210,0.226692786985265,0,0,0,2
10,4,2,22,61,216,0.212203782981233,0,0,0,2
10,4,2,23,53,550,0.305925082861841,0,0,0,2
10,4,2,24,53,202,0.269913479212944,0,0,0,1
10,4,2,25,57,205,0.265063924432607,0,0,0,1
10,4,2,26,63,216,0.22941719627117,0,0,0,1
10,4,2,27,58,212,0.279311865108448,0,0,0,2
10,4,2,28,62,215,0.243608511365954,0,0,0,2
10,4,2,29,62,599,0.315785183313872,0,1,0,1
10,4,2,30,68,226,0.302323764765983,0,0,0,1
10,4,3,1,53,416,0.191155943680773,0,0,0,2
10,4,3,2,56,181,0.1572626072871,0,0,0,2
10,4,3,3,68,202,0.162521865696384,0,0,0,1
10,4,3,4,47,190,0.227648418237938,0,0,0,1
10,4,3,5,58,489,0.19323456267133,0,0,0,2
10,4,3,6,60,442,0.188164208257591,0,0,0,2
10,4,3,7,70,204,0.147048179778468,0,0,0,1
10,4,3,8,63,198,0.164549672712766,0,0,0,1
10,4,3,9,62,444,0.184089282946496,0,0,0,2
10,4,3,10,54,187,0.149129843396803,0,0,0,1
10,4,3,11,56,183,0.144647120961112,0,0,0,1
10,4,3,12,55,199,0.235322548981748,0,0,0,1
10,4,3,13,53,188,0.194871429697929,0,0,0,1
10,4,3,14,58,206,0.213489487918704,0,0,0,1
10,4,3,15,59,186,0.156216690533607,0,0,0,1
10,4,3,16,56,181,0.182180493786332,0,0,0,3
10,4,3,17,50,175,0.147789194717405,0,0,0,2
10,4,3,18,48,175,0.149252269812468,0,0,0,1
10,4,3,19,58,432,0.120623864424955,0,0,0,2
10,4,3,20,27,160,0.120497774018372,0,0,0,2
10,4,3,21,49,182,0.208424057414186,0,0,0,1
10,4,3,22,60,206,0.229316901968008,0,0,0,1
10,4,3,23,70,207,0.19672665670062,0,0,0,1
10,4,3,24,55,175,0.137244478097988,0,0,0,2
10,4,3,25,57,197,0.203604701672794,0,0,0,2
10,4,3,26,56,197,0.212958233786771,0,0,0,1
10,4,3,27,59,599,0.167965304751175,0,1,0,1
10,4,3,28,65,486,0.235425583400917,0,0,0,2
10,4,3,29,51,190,0.210735691373115,0,0,0,1
10,4,3,30,67,204,0.195040660010905,0,0,0,1
10,4,4,1,65,223,0.261243633351435,0,0,0,1
10,4,4,2,59,219,0.260141742917152,0,0,0,1
10,4,4,3,59,222,0.197720814204236,0,0,0,1
10,4,4,4,71,231,0.252226457663982,0,0,0,1
10,4,4,5,74,241,0.285748109571073,0,0,0,1
10,4,4,6,49,186,0.233055439009749,0,0,0,1
10,4,4,7,81,246,0.234036317880737,0,0,0,1
10,4,4,8,72,213,0.227804872011635,0,0,0,1
10,4,4,9,61,201,0.201048166179879,0,0,0,1
10,4,4,10,80,214,0.147768260777916,0,0,0,1
10,4,4,11,84,226,0.204470112463438,0,0,0,1
10,4,4,12,77,223,0.239715639921711,0,0,0,1
10,4,4,13,58,216,0.286888379349452,0,0,0,2
10,4,4,14,74,222,0.239555505323612,0,0,0,1
10,4,4,15,63,215,0.191437443506464,0,0,0,1
10,4,4,16,66,222,0.255606105440505,0,0,0,1
10,4,4,17,68,213,0.20537199733682,0,0,0,1
10,4,4,18,66,244,0.378144105995325,0,0,0,1
10,4,4,19,57,197,0.16672855895873,0,0,0,1
10,4,4,20,64,206,0.185402008103859,0,0,0,1
10,4,4,21,61,205,0.18433862308575,0,0,0,1
10,4,4,22,48,204,0.250634433339333,0,0,0,1
10,4,4,23,61,216,0.236210787921996,0,0,0,1
10,4,4,24,64,217,0.246417320801798,0,0,0,1
10,4,4,25,67,220,0.289756824639045,0,0,0,1
10,4,4,26,59,229,0.228589841072581,0,0,0,1
10,4,4,27,68,204,0.198005252756225,0,0,0,1
10,4,4,28,66,208,0.209578310974545,0,0,0,1
10,4,4,29,63,215,0.220624789104284,0,0,0,1
10,4,4,30,54,201,0.229949910855525,0,0,0,1
10,4,5,1,75,583,0.180390461500996,0,0,0,2
10,4,5,2,73,214,0.217593225085803,0,0,0,1
10,4,5,3,71,231,0.249155898059546,0,0,0,1
10,4,5,4,65,230,0.332718572655236,0,0,0,1
10,4,5,5,86,231,0.114482268278772,0,0,0,1
10,4,5,6,83,223,0.203262504572454,0,0,0,1
10,4,5,7,87,262,0.216326848693975,0,0,0,1
10,4,5,8,71,203,0.166917054726853,0,0,0,1
10,4,5,9,45,180,0.153638200937279,0,0,0,2
10,4,5,10,55,197,0.211539557715145,0,0,0,1
10,4,5,11,51,188,0.232586938381885,0,0,0,1
10,4,5,12,62,230,0.237879273389996,0,0,0,1
10,4,5,13,64,227,0.244245235320263,0,0,0,1
10,4,5,14,62,217,0.312509280750343,0,0,0,1
10,4,5,15,58,211,0.292902656122718,0,0,0,1
10,4,5,16,67,221,0.203565410587808,0,0,0,1
10,4,5,17,89,232,0.152578755306388,0,0,0,1
10,4,5,18,60,225,0.323014868942772,0,0,0,2
10,4,5,19,72,205,0.163780901225794,0,0,0,1
10,4,5,20,66,223,0.214906015656138,0,0,0,2
10,4,5,21,66,224,0.243386246103117,0,0,0,1
10,4,5,22,85,236,0.175836588018377,0,0,0,1
10,4,5,23,87,222,0.179524886338787,0,0,0,1
10,4,5,24,70,198,0.143395509073691,0,0,0,2
10,4,5,25,80,245,0.220164030489449,0,0,0,1
10,4,5,26,102,256,0.171146515966793,0,0,0,1
10,4,5,27,55,197,0.215653138768546,0,0,0,1
10,4,5,28,85,238,0.236304159151935,0,0,0,1
10,4,5,29,67,208,0.215858549521393,0,0,0,1
10,4,5,30,80,212,0.145529569201282,0,0,0,2
10,4,6,1,60,205,0.152352111140219,0,0,0,2
10,4,6,2,40,174,0.149478480974993,0,0,0,1
10,4,6,3,47,194,0.213348473203154,0,0,0,1
10,4,6,4,47,173,0.141946218037849,0,0,0,2
10,4,6,5,48,201,0.249376857356133,0,0,0,1
10,4,6,6,55,208,0.205097020475933,0,0,0,2
10,4,6,7,54,215,0.241684312302334,0,0,0,1
10,4,6,8,60,215,0.166953658168026,0,0,0,2
10,4,6,9,53,169,0.132655368711659,0,0,0,2
10,4,6,10,46,179,0.133071583671621,0,0,0,1
10,4,6,11,51,199,0.224599309330326,0,0,0,1
10,4,6,12,48,179,0.165566247858203,0,0,0,1
10,4,6,13,56,210,0.229310302562443,0,0,0,1
10,4,6,14,57,206,0.183255530978967,0,0,0,1
10,4,6,15,47,191,0.191086690857558,0,0,0,1
10,4,6,16,59,200,0.180776868791568,0,0,0,1
10,4,6,17,49,192,0.231041832288079,0,0,0,1
10,4,6,18,53,497,0.142209222728603,0,0,0,2
10,4,6,19,73,471,0.225070587052777,0,0,0,2
10,4,6,20,65,199,0.161925086872291,0,0,0,1
10,4,6,21,46,190,0.177407902428127,0,0,0,1
10,4,6,22,50,189,0.151921463756404,0,0,0,1
10,4,6,23,49,186,0.172511965862185,0,0,0,1
10,4,6,24,49,190,0.152680049266575,0,0,0,1
10,4,6,25,46,197,0.23749341194975,0,0,0,1
10,4,6,26,49,188,0.190625410517115,0,0,0,1
10,4,6,27,49,187,0.186772328353661,0,0,0,1
10,4,6,28,49,170,0.104842547573751,0,0,0,2
10,4,6,29,53,204,0.248614787621375,0,0,0,1
10,4,6,30,52,185,0.171472241505307,0,0,0,1
10,4,7,1,60,212,0.239744903814805,0,0,0,1
10,4,7,2,56,206,0.249115985774103,0,0,0,1
10,4,7,3,62,211,0.278640513245348,0,0,0,2
10,4,7,4,50,215,0.239690368075166,0,0,0,1
10,4,7,5,67,211,0.192845632667058,0,0,0,1
10,4,7,6,64,227,0.241042670992257,0,0,0,2
10,4,7,7,49,194,0.215326636514608,0,0,0,1
10,4,7,8,62,212,0.210794265180643,0,0,0,1
10,4,7,9,71,225,0.185835770786092,0,0,0,1
10,4,7,10,57,214,0.271996457103649,0,0,0,1
10,4,7,11,56,232,0.322529999752389,0,0,0,1
10,4,7,12,43,202,0.301192271320625,0,0,0,1
10,4,7,13,62,213,0.255215373093606,0,0,0,1
10,4,7,14,46,192,0.281258002184714,0,0,0,1
10,4,7,15,59,203,0.205765989560015,0,0,0,1
10,4,7,16,57,200,0.21588339361861,0,0,0,2
10,4,7,17,66,225,0.277746153033655,0,0,0,1
10,4,7,18,56,196,0.224066339188134,0,0,0,1
10,4,7,19,62,211,0.200659505522247,0,0,0,2
10,4,7,20,54,204,0.226907497559405,0,0,0,1
10,4,7,21,49,189,0.224660786540677,0,0,0,1
10,4,7,22,56,199,0.21032403417574,0,0,0,1
10,4,7,23,54,214,0.261608855735548,0,0,0,1
10,4,7,24,52,189,0.204243766198061,0,0,0,1
10,4,7,25,61,222,0.203454317744624,0,0,0,1
10,4,7,26,50,202,0.204342500970496,0,0,0,1
10,4,7,27,34,213,0.262245075319459,0,0,0,1
10,4,7,28,59,212,0.250020270926087,0,0,0,2
10,4,7,29,54,206,0.260291890882955,0,0,0,1
10,4,7,30,56,199,0.158535374914022,0,0,0,1
10,4,8,1,57,221,0.222401366912061,0,0,0,1
10,4,8,2,75,267,0.334750290815712,0,0,0,1
10,4,8,3,70,274,0.309849001989492,0,0,0,1
10,4,8,4,69,225,0.208402598015739,0,0,0,1
10,4,8,5,56,222,0.255197765974942,0,0,0,2
10,4,8,6,65,224,0.233592426527141,0,0,0,1
10,4,8,7,74,249,0.259829992454722,0,0,0,1
10,4,8,8,76,226,0.210022086426426,0,0,0,1
10,4,8,9,71,221,0.135168122444747,0,0,0,1
10,4,8,10,70,236,0.226419628214914,0,0,0,2
10,4,8,11,84,246,0.166904420251251,0,0,0,1
10,4,8,12,54,213,0.265899593770329,0,0,0,1
10,4,8,13,62,220,0.226897756931213,0,0,0,1
10,4,8,14,61,208,0.204210732391698,0,0,0,1
10,4,8,15,62,212,0.222997235444214,0,0,0,1
10,4,8,16,55,238,0.319968820778699,0,0,0,1
10,4,8,17,70,236,0.267058272940142,0,0,0,1
10,4,8,18,70,232,0.204331977061316,0,0,0,1
10,4,8,19,63,223,0.253980899571578,0,0,0,1
10,4,8,20,62,599,0.271779260085525,0,1,0,1
10,4,8,21,82,263,0.186621774804547,0,0,0,1
10,4,8,22,77,234,0.25590226309006,0,0,0,1
10,4,8,23,55,226,0.264939135564539,0,0,0,1
10,4,8,24,52,193,0.176893543625886,0,0,0,1
10,4,8,25,79,249,0.166790052126291,0,0,0,1
10,4,8,26,65,237,0.261532619909644,0,0,0,1
10,4,8,27,64,213,0.197662580139408,0,0,0,1
10,4,8,28,57,212,0.234920334088377,0,0,0,1
10,4,8,29,63,230,0.212705105845732,0,0,0,1
10,4,8,30,61,231,0.279423171371412,0,0,0,1
