network,policy,target,goDistanceStar,goDistanceBlock,goRelativeBlock,goNormalizedEQ,eq50ms,eq90ms,state50ms,state90ms,eqAt50,eqAt100,eqAt200,stateAt50,stateAt100,stateAt200,source
1,1,1,0.0539058736067246,3.18521444922982,1.26042527503769,1.71729400397693e-08,3,11,43,323,0.000938695143432879,0.000102553699725976,5.34110607732995e-06,0.485169168533873,0.400298778463163,0.225968381207508,E:\PROJECTS\Nirvik_Sinha_Data\cerebellar-preparatory-dynamics-model\results\stage_3\current\cache\biological_revision\primary_01.mat
1,1,2,0.0796348165702312,3.82484329557816,1.56992469859915,2.38546982770486e-08,3,10,25,314,0.000505864714567408,7.12787541026599e-05,4.20497908533473e-06,0.428597488531105,0.355431626926396,0.209640800015167,E:\PROJECTS\Nirvik_Sinha_Data\cerebellar-preparatory-dynamics-model\results\stage_3\current\cache\biological_revision\primary_01.mat
1,1,3,0.0528598303391802,3.59663144038084,1.47969254458794,9.54666488179878e-09,3,10,25,280,0.000844701362108609,7.0139475642861e-05,4.19726731597514e-06,0.408749912724886,0.313882689603337,0.165414000971967,E:\PROJECTS\Nirvik_Sinha_Data\cerebellar-preparatory-dynamics-model\results\stage_3\current\cache\biological_revision\primary_01.mat
1,1,4,0.06191276271414,3.28628183887278,1.37509497276337,3.03046901077124e-08,4,13,64,320,0.00232978853072601,0.000232804407235471,1.00277393984836e-05,0.545532868603589,0.401292093369351,0.214696447838456,E:\PROJECTS\Nirvik_Sinha_Data\cerebellar-preparatory-dynamics-model\results\stage_3\current\cache\biological_revision\primary_01.mat
1,1,5,0.0805086347925901,3.46142712101639,1.39633838985902,3.99896418352511e-08,4,12,91,333,0.00152291767728993,0.000132820443798735,6.76212021699361e-06,0.613739644030211,0.475613718197948,0.256938559400358,E:\PROJECTS\Nirvik_Sinha_Data\cerebellar-preparatory-dynamics-model\results\stage_3\current\cache\biological_revision\primary_01.mat
1,1,6,0.0592878144737661,3.55637985933023,1.4476159725808,9.61193199449112e-09,3,10,27,296,0.000907687249178261,9.91252309267357e-05,4.82607610338191e-06,0.40648709249229,0.309338239516118,0.186927108224148,E:\PROJECTS\Nirvik_Sinha_Data\cerebellar-preparatory-dynamics-model\results\stage_3\current\cache\biological_revision\primary_01.mat
1,1,7,0.0604121026656306,3.71776553565774,1.48179122772444,5.52208445838463e-09,3,10,47,305,0.000609815087062547,6.9721826883562e-05,4.37132496511927e-06,0.491849702965889,0.373553263625143,0.196569635652185,E:\PROJECTS\Nirvik_Sinha_Data\cerebellar-preparatory-dynamics-model\results\stage_3\current\cache\biological_revision\primary_01.mat
1,1,8,0.0534713222332997,3.44560471997812,1.35179755512141,1.00747197414546e-08,3,10,36,286,0.000886654765138642,7.31758696851041e-05,4.15190270673237e-06,0.438188913626248,0.320816715061565,0.178867767150106,E:\PROJECTS\Nirvik_Sinha_Data\cerebellar-preparatory-dynamics-model\results\stage_3\current\cache\biological_revision\primary_01.mat
1,2,1,0.161199120011591,3.18356115659507,1.25977104849907,0.000116953841187609,55,142,209,467,0.530868224032867,0.225444359062252,0.0393924446942155,0.921130320997269,0.885874243157539,0.528559908498627,E:\PROJECTS\Nirvik_Sinha_Data\cerebellar-preparatory-dynamics-model\results\stage_3\current\cache\biological_revision\resume_02\n01_p2.mat
1,2,2,0.240606682396262,3.83115273368918,1.57251443678168,0.0001068249967689,53,134,202,459,0.521490605621337,0.209821371516846,0.0338649881768821,0.873897610474194,0.802182318857244,0.505123163660341,E:\PROJECTS\Nirvik_Sinha_Data\cerebellar-preparatory-dynamics-model\results\stage_3\current\cache\biological_revision\resume_02\n01_p2.mat
1,2,3,0.180713698177571,3.59952611982163,1.48088344659125,0.000199646486746133,52,131,196,444,0.511909516670275,0.189947303664208,0.0385940188405216,0.888215854852944,0.805803175753132,0.488232706627908,E:\PROJECTS\Nirvik_Sinha_Data\cerebellar-preparatory-dynamics-model\results\stage_3\current\cache\biological_revision\resume_02\n01_p2.mat
1,2,4,0.117165092489562,3.28980483279202,1.37656911632894,0.000183186285083793,51,130,163,394,0.507865710436097,0.188436071603843,0.0322554145747437,0.806984239878668,0.715630714350491,0.375972288787721,E:\PROJECTS\Nirvik_Sinha_Data\cerebellar-preparatory-dynamics-model\results\stage_3\current\cache\biological_revision\resume_02\n01_p2.mat
1,2,5,0.177354333229683,3.46095006627703,1.39614594615781,0.00012960544679606,53,132,178,432,0.517407194182749,0.199258613328832,0.0347062898859529,0.832611891851449,0.745281984674016,0.429635260727811,E:\PROJECTS\Nirvik_Sinha_Data\cerebellar-preparatory-dynamics-model\results\stage_3\current\cache\biological_revision\resume_02\n01_p2.mat
1,2,6,0.177996025039653,3.55638317311388,1.44761732144856,4.90869412082494e-05,52,130,189,436,0.512774222734538,0.192073008112988,0.0349275594794049,0.863255736053158,0.772976514373354,0.468324015157172,E:\PROJECTS\Nirvik_Sinha_Data\cerebellar-preparatory-dynamics-model\results\stage_3\current\cache\biological_revision\resume_02\n01_p2.mat
1,2,7,0.19027330461124,3.69996438328329,1.47469621563213,7.40693615972439e-05,54,136,197,435,0.525625444357832,0.211695044463073,0.0359109187539455,0.912875502364379,0.834766258789008,0.490090013271997,E:\PROJECTS\Nirvik_Sinha_Data\cerebellar-preparatory-dynamics-model\results\stage_3\current\cache\biological_revision\resume_02\n01_p2.mat
1,2,8,0.146044841287883,3.4356800985956,1.34790387606919,0.000126127112975482,56,148,176,437,0.541616944559042,0.248040655443707,0.0385862779394203,0.774459983591391,0.709332958216092,0.429154136784714,E:\PROJECTS\Nirvik_Sinha_Data\cerebellar-preparatory-dynamics-model\results\stage_3\current\cache\biological_revision\resume_02\n01_p2.mat
1,3,1,3.62668664767812,2.72902795448093,1.07990713496352,0.0305090419369853,4,12,NaN,NaN,0.0237626241763073,0.029581961619994,0.0305814869510336,1.05217542549832,1.36614026287259,1.65417277746725,E:\PROJECTS\Nirvik_Sinha_Data\cerebellar-preparatory-dynamics-model\results\stage_3\current\cache\biological_revision\resume_02\n01_p3.mat
1,3,2,4.30058146695229,4.02599084905811,1.65248664633594,0.0295293148934954,3,10,NaN,NaN,0.0260920178059941,0.0292814707856276,0.0295147010713594,0.919025139289463,1.09777083722051,1.26251656935301,E:\PROJECTS\Nirvik_Sinha_Data\cerebellar-preparatory-dynamics-model\results\stage_3\current\cache\biological_revision\resume_02\n01_p3.mat
1,3,3,3.63466599342742,2.86962038360664,1.18059243984441,0.0305754790208014,4,12,NaN,NaN,0.0264877884294579,0.0300588527127346,0.0305554742842674,0.833790993825379,1.00897183286154,1.18955367770921,E:\PROJECTS\Nirvik_Sinha_Data\cerebellar-preparatory-dynamics-model\results\stage_3\current\cache\biological_revision\resume_02\n01_p3.mat
1,3,4,3.55945348166047,2.32743383466248,0.973879515635681,0.0771265266023864,4,15,NaN,NaN,0.0561845759950712,0.0744045183192922,0.0771855569049314,1.08771319530198,1.21298442144786,1.3631355054348,E:\PROJECTS\Nirvik_Sinha_Data\cerebellar-preparatory-dynamics-model\results\stage_3\current\cache\biological_revision\resume_02\n01_p3.mat
1,3,5,3.71351329165288,2.15246517331922,0.868303635830309,0.0403352143945305,4,13,NaN,NaN,0.0317094989904916,0.0392209446107476,0.0403831012570674,0.9856224035416,1.0861374413793,1.1730902810663,E:\PROJECTS\Nirvik_Sinha_Data\cerebellar-preparatory-dynamics-model\results\stage_3\current\cache\biological_revision\resume_02\n01_p3.mat
1,3,6,3.73110327400036,2.84397688652539,1.15763403501001,0.0351746628847401,3,11,NaN,NaN,0.0295026732705422,0.0346092322770196,0.0351481655485414,0.811799580974244,0.992934837187069,1.18734230259229,E:\PROJECTS\Nirvik_Sinha_Data\cerebellar-preparatory-dynamics-model\results\stage_3\current\cache\biological_revision\resume_02\n01_p3.mat
1,3,7,3.91904731478457,2.9130865773896,1.161070028375,0.0257172487431848,3,10,NaN,NaN,0.0221616062361624,0.0255110465530861,0.0257716896020431,0.830502551070332,1.03473556570308,1.21855233933572,E:\PROJECTS\Nirvik_Sinha_Data\cerebellar-preparatory-dynamics-model\results\stage_3\current\cache\biological_revision\resume_02\n01_p3.mat
1,3,8,3.35113573525778,2.55935670115639,1.00410012537038,0.0237907420022354,3,12,NaN,NaN,0.0189011895362491,0.0230498373038067,0.0238774877268125,1.01174614986197,1.19703297071543,1.27849082494061,E:\PROJECTS\Nirvik_Sinha_Data\cerebellar-preparatory-dynamics-model\results\stage_3\current\cache\biological_revision\resume_02\n01_p3.mat
1,4,1,3.20057760341679,0.108373549790076,0.0428846357060815,0.864704739280356,NaN,NaN,NaN,NaN,1.01903818475963,0.951099384977831,0.848821906022467,1.23040798323129,1.40976739844597,1.54134608548689,E:\PROJECTS\Nirvik_Sinha_Data\cerebellar-preparatory-dynamics-model\results\stage_3\current\cache\biological_revision\primary_01.mat
1,4,2,3.83396310398857,0.0852173975632179,0.034977876698767,1.04656088011002,NaN,NaN,NaN,NaN,1.06567552739496,1.12576030440326,1.08979949577254,1.11274175572236,1.18707061674955,1.20043747642968,E:\PROJECTS\Nirvik_Sinha_Data\cerebellar-preparatory-dynamics-model\results\stage_3\current\cache\biological_revision\primary_01.mat
1,4,3,3.60190328631566,0.0728448132007681,0.0299691332825763,0.897466144392349,NaN,NaN,NaN,NaN,1.03733716516443,1.01089103824836,0.944241763059001,1.12558518723211,1.20476822802216,1.25043258371658,E:\PROJECTS\Nirvik_Sinha_Data\cerebellar-preparatory-dynamics-model\results\stage_3\current\cache\biological_revision\primary_01.mat
1,4,4,3.26838518786523,0.12837648327119,0.0537171993829372,0.821448635608284,NaN,NaN,NaN,NaN,0.810420067738143,0.760381750688015,0.785895288343315,1.18425674922459,1.26141682108001,1.31113767336466,E:\PROJECTS\Nirvik_Sinha_Data\cerebellar-preparatory-dynamics-model\results\stage_3\current\cache\biological_revision\primary_01.mat
1,4,5,3.4355916062498,0.0958876977968572,0.0386810609808929,0.788305689440134,NaN,NaN,NaN,NaN,0.961702692816165,0.868889564788087,0.794432840524469,1.09801828541252,1.1542431389346,1.16811500037078,E:\PROJECTS\Nirvik_Sinha_Data\cerebellar-preparatory-dynamics-model\results\stage_3\current\cache\biological_revision\primary_01.mat
1,4,6,3.55820851381523,0.103895914952972,0.0422905853482545,0.719925226642941,NaN,NaN,NaN,NaN,0.925835724189777,0.819977080652308,0.680386913892871,1.06671841062952,1.13675047575751,1.18309880964174,E:\PROJECTS\Nirvik_Sinha_Data\cerebellar-preparatory-dynamics-model\results\stage_3\current\cache\biological_revision\primary_01.mat
1,4,7,3.73217952580544,0.0903499756989921,0.0360108242792124,0.728215125678298,NaN,NaN,NaN,NaN,0.847459916264483,0.739489256837941,0.700955839171326,1.06189264797632,1.1477572862278,1.22219109369208,E:\PROJECTS\Nirvik_Sinha_Data\cerebellar-preparatory-dynamics-model\results\stage_3\current\cache\biological_revision\primary_01.mat
1,4,8,3.45449897581597,0.114334509114395,0.04485630896391,0.973167089857099,NaN,NaN,NaN,NaN,1.16397401533126,1.18538250311339,1.05058020578264,1.20185045737665,1.34278491796026,1.35562233476975,E:\PROJECTS\Nirvik_Sinha_Data\cerebellar-preparatory-dynamics-model\results\stage_3\current\cache\biological_revision\primary_01.mat
2,1,1,0.126696227160219,3.43414957867686,1.33332270365133,3.6104555716294e-08,3,10,68,403,0.000771092185123217,6.7312993158486e-05,4.49185930097719e-06,0.525348785389147,0.458913164316146,0.30707315716945,E:\PROJECTS\Nirvik_Sinha_Data\cerebellar-preparatory-dynamics-model\results\stage_3\current\cache\biological_revision\resume_02\n02_p1.mat
2,1,2,0.0945571644074547,3.75189504300685,1.49652382469766,1.08498872213036e-08,3,8,44,339,0.000247987077676766,2.03282415674777e-05,1.38523991028869e-06,0.47991476305719,0.376903214430701,0.242911215264839,E:\PROJECTS\Nirvik_Sinha_Data\cerebellar-preparatory-dynamics-model\results\stage_3\current\cache\biological_revision\resume_02\n02_p1.mat
2,1,3,0.0756259481046483,3.81967302340344,1.46128164325414,8.72884606988217e-09,3,9,37,290,0.000567186051712058,5.45892863421398e-05,3.38165995254517e-06,0.442019985718694,0.310742984904355,0.175805208862982,E:\PROJECTS\Nirvik_Sinha_Data\cerebellar-preparatory-dynamics-model\results\stage_3\current\cache\biological_revision\resume_02\n02_p1.mat
2,1,4,0.0995321215931512,3.05262027988041,1.22477834709945,5.83500203708721e-08,4,13,103,389,0.00173242796469462,0.000130317350429451,7.83393055188185e-06,0.610420768563754,0.50640891502579,0.296672361043875,E:\PROJECTS\Nirvik_Sinha_Data\cerebellar-preparatory-dynamics-model\results\stage_3\current\cache\biological_revision\resume_02\n02_p1.mat
2,1,5,0.0968488599894032,3.15776005208054,1.27032401232604,4.00755328851453e-08,3,11,110,372,0.00109856658142707,7.43714931544388e-05,4.30297370669781e-06,0.627011611737784,0.521138157045647,0.301396907603816,E:\PROJECTS\Nirvik_Sinha_Data\cerebellar-preparatory-dynamics-model\results\stage_3\current\cache\biological_revision\resume_02\n02_p1.mat
2,1,6,0.0820126475290022,3.38616802853354,1.3467442614716,1.32446194232976e-08,3,9,48,339,0.000441040106672443,3.65961930067315e-05,2.54910614263814e-06,0.495586536638056,0.406395349829732,0.23702866409861,E:\PROJECTS\Nirvik_Sinha_Data\cerebellar-preparatory-dynamics-model\results\stage_3\current\cache\biological_revision\resume_02\n02_p1.mat
2,1,7,0.0920797714772419,3.90068107384306,1.48893223055268,3.20011432482415e-08,3,8,61,311,0.000328628671715983,5.92057370229755e-05,2.34027750259707e-05,0.530372516861633,0.41207200001179,0.233110039786255,E:\PROJECTS\Nirvik_Sinha_Data\cerebellar-preparatory-dynamics-model\results\stage_3\current\cache\biological_revision\resume_02\n02_p1.mat
2,1,8,0.0741532779533915,3.54713309796604,1.44366629574255,1.37059385819129e-08,3,9,53,301,0.000619890665088836,5.57775219020646e-05,2.89503708173354e-06,0.508335828402558,0.365934830143032,0.195485540817674,E:\PROJECTS\Nirvik_Sinha_Data\cerebellar-preparatory-dynamics-model\results\stage_3\current\cache\biological_revision\resume_02\n02_p1.mat
2,2,1,0.199359580992038,3.4241769438984,1.32945078716642,0.000209539823162735,57,147,203,465,0.546118716766893,0.240302946861946,0.0454285067661484,0.826547918909709,0.790273780935973,0.50679339150706,E:\PROJECTS\Nirvik_Sinha_Data\cerebellar-preparatory-dynamics-model\results\stage_3\current\cache\biological_revision\resume_02\n02_p2.mat
2,2,2,0.214689315137244,3.77631793943879,1.50626542086695,9.57574669760445e-05,56,141,194,451,0.542550742491191,0.229722124099187,0.0390802493161097,0.887496944815746,0.810963672340512,0.479940951553097,E:\PROJECTS\Nirvik_Sinha_Data\cerebellar-preparatory-dynamics-model\results\stage_3\current\cache\biological_revision\resume_02\n02_p2.mat
2,2,3,0.1778888814266,3.82911095283508,1.46489228556417,4.44776257579424e-05,53,130,180,426,0.520000389322893,0.191888467360633,0.0352546473531461,0.861455644987448,0.766429949448448,0.442910139990355,E:\PROJECTS\Nirvik_Sinha_Data\cerebellar-preparatory-dynamics-model\results\stage_3\current\cache\biological_revision\resume_02\n02_p2.mat
2,2,4,0.169342957472748,3.05126158830389,1.22423321017748,0.000146940643196234,53,131,211,460,0.522945640416912,0.196786097454943,0.0327354616155073,0.92476314346871,0.866393519902471,0.530226667985157,E:\PROJECTS\Nirvik_Sinha_Data\cerebellar-preparatory-dynamics-model\results\stage_3\current\cache\biological_revision\resume_02\n02_p2.mat
2,2,5,0.152990381098056,3.15190678691144,1.26796932318811,0.000150188659002261,54,135,181,429,0.529141003315708,0.206758002994091,0.0379664578172084,0.891185722228605,0.788600977702953,0.441255874525977,E:\PROJECTS\Nirvik_Sinha_Data\cerebellar-preparatory-dynamics-model\results\stage_3\current\cache\biological_revision\resume_02\n02_p2.mat
2,2,6,0.169800496206123,3.40756673650929,1.35525493989228,9.17862426088329e-05,54,134,189,442,0.524885381411013,0.201514638490836,0.0393667825573761,0.929569295326716,0.825632062760933,0.466311333725992,E:\PROJECTS\Nirvik_Sinha_Data\cerebellar-preparatory-dynamics-model\results\stage_3\current\cache\biological_revision\resume_02\n02_p2.mat
2,2,7,0.237744623506034,3.89048119733999,1.48503882717374,5.85363010555243e-05,55,140,175,450,0.534582856831876,0.216870699286904,0.0419708128421208,0.848077834088475,0.744218312451598,0.429882272086132,E:\PROJECTS\Nirvik_Sinha_Data\cerebellar-preparatory-dynamics-model\results\stage_3\current\cache\biological_revision\resume_02\n02_p2.mat
2,2,8,0.139497451352252,3.57002936340195,1.45298496684828,6.52554491911403e-05,59,150,163,404,0.557869924501482,0.262209411005085,0.0401857549693834,0.782874490286134,0.684784032093089,0.392294399850175,E:\PROJECTS\Nirvik_Sinha_Data\cerebellar-preparatory-dynamics-model\results\stage_3\current\cache\biological_revision\resume_02\n02_p2.mat
2,3,1,3.65358888462338,2.23140326153534,0.866351497348872,0.0342946394781001,3,10,NaN,NaN,0.0294884663957749,0.033704878777164,0.0342799590793813,1.07512781400306,1.24555432019786,1.40579327799061,E:\PROJECTS\Nirvik_Sinha_Data\cerebellar-preparatory-dynamics-model\results\stage_3\current\cache\biological_revision\resume_02\n02_p3.mat
2,3,2,3.72757705773083,2.76013927990194,1.10094076313679,0.0178315419832105,3,8,NaN,NaN,0.0163212420052666,0.017745086688108,0.0178395351608395,0.841520413086332,1.03027407605731,1.1714353364046,E:\PROJECTS\Nirvik_Sinha_Data\cerebellar-preparatory-dynamics-model\results\stage_3\current\cache\biological_revision\resume_02\n02_p3.mat
2,3,3,3.72305523459156,2.9941241469743,1.14545371470017,0.0389561196556078,3,10,NaN,NaN,0.0329804988838035,0.038494539696146,0.0390337233371758,0.861230378094427,0.984072598439966,1.10398184627781,E:\PROJECTS\Nirvik_Sinha_Data\cerebellar-preparatory-dynamics-model\results\stage_3\current\cache\biological_revision\resume_02\n02_p3.mat
2,3,4,3.17902392661124,1.87837334526665,0.753644669209065,0.0555113166799166,4,14,NaN,NaN,0.0426052686152277,0.0540891101434209,0.0555626290130818,1.04549119662667,1.262330326677,1.38861364163495,E:\PROJECTS\Nirvik_Sinha_Data\cerebellar-preparatory-dynamics-model\results\stage_3\current\cache\biological_revision\resume_02\n02_p3.mat
2,3,5,3.35930344440542,1.90231657512019,0.765276140227573,0.0388484466524949,3,11,NaN,NaN,0.030236127616113,0.0380191644301628,0.0388663912652361,0.996567183230945,1.15148211578966,1.30247557217993,E:\PROJECTS\Nirvik_Sinha_Data\cerebellar-preparatory-dynamics-model\results\stage_3\current\cache\biological_revision\resume_02\n02_p3.mat
2,3,6,3.36286407095811,2.73757601113928,1.08878672064623,0.0317840819715321,3,9,NaN,NaN,0.0267999369380307,0.0313634984682545,0.0318094564158465,0.849887068478585,1.03431688603183,1.20394976942681,E:\PROJECTS\Nirvik_Sinha_Data\cerebellar-preparatory-dynamics-model\results\stage_3\current\cache\biological_revision\resume_02\n02_p3.mat
2,3,7,3.79918930906577,2.64769332257734,1.01065322951936,0.0317058978752258,3,8,NaN,NaN,0.0278656648533186,0.031462190389114,0.031718528999103,0.896274542184606,1.00462560989594,1.09300756235919,E:\PROJECTS\Nirvik_Sinha_Data\cerebellar-preparatory-dynamics-model\results\stage_3\current\cache\biological_revision\resume_02\n02_p3.mat
2,3,8,3.86786088853914,2.57483519173909,1.04794567351786,0.030178528167511,3,10,NaN,NaN,0.0259394532252503,0.0297882862323986,0.0302337848885216,0.931056588949866,1.11328990370446,1.2991468423983,E:\PROJECTS\Nirvik_Sinha_Data\cerebellar-preparatory-dynamics-model\results\stage_3\current\cache\biological_revision\resume_02\n02_p3.mat
2,4,1,3.44586250882016,0.0951494821559573,0.0369421779374225,1.01195351448367,NaN,NaN,NaN,NaN,0.804297041411059,0.826779923078254,0.992980950430873,1.17539991011121,1.29081357682065,1.36554972259081,E:\PROJECTS\Nirvik_Sinha_Data\cerebellar-preparatory-dynamics-model\results\stage_3\current\cache\biological_revision\resume_02\n02_p4.mat
2,4,2,3.7373220062819,0.110534580171726,0.0440890885229486,0.715828999572738,NaN,NaN,NaN,NaN,0.899565013768179,0.805091949429579,0.723807546325814,1.04002554610336,1.11782794121321,1.21198192097178,E:\PROJECTS\Nirvik_Sinha_Data\cerebellar-preparatory-dynamics-model\results\stage_3\current\cache\biological_revision\resume_02\n02_p4.mat
2,4,3,3.81920002571863,0.133268974836723,0.0509843395890151,0.952465580072795,NaN,NaN,NaN,NaN,1.00241092181605,0.977791187483003,0.907001916004096,1.1083319673898,1.21884731127848,1.23895152426238,E:\PROJECTS\Nirvik_Sinha_Data\cerebellar-preparatory-dynamics-model\results\stage_3\current\cache\biological_revision\resume_02\n02_p4.mat
2,4,4,3.05218145800576,0.102928170290891,0.0412970440869203,0.741354418385051,NaN,NaN,NaN,NaN,0.838656725860086,0.768618942358988,0.74968655651662,1.16701386266973,1.31753782356048,1.37295724242902,E:\PROJECTS\Nirvik_Sinha_Data\cerebellar-preparatory-dynamics-model\results\stage_3\current\cache\biological_revision\resume_02\n02_p4.mat
2,4,5,3.1467274966267,0.11610642424232,0.0467080386944396,0.551964494936547,192,NaN,NaN,NaN,0.840629471365621,0.673867745306326,0.494159674958981,1.11808105159528,1.22096669312413,1.2906809651853,E:\PROJECTS\Nirvik_Sinha_Data\cerebellar-preparatory-dynamics-model\results\stage_3\current\cache\biological_revision\resume_02\n02_p4.mat
2,4,6,3.38029938070242,0.102430754774277,0.0407386845626217,0.767677668487055,NaN,NaN,NaN,NaN,0.956566557732608,0.878133713052193,0.763192396608499,1.09109258534272,1.17935034775037,1.23834327168981,E:\PROJECTS\Nirvik_Sinha_Data\cerebellar-preparatory-dynamics-model\results\stage_3\current\cache\biological_revision\resume_02\n02_p4.mat
2,4,7,3.923576050546,0.108591979508019,0.0414507351942279,0.749120967306594,NaN,NaN,NaN,NaN,0.891440249287184,0.801048207405175,0.720437640192017,1.05069270450239,1.11999909683382,1.14503141134094,E:\PROJECTS\Nirvik_Sinha_Data\cerebellar-preparatory-dynamics-model\results\stage_3\current\cache\biological_revision\resume_02\n02_p4.mat
2,4,8,3.56263777674064,0.104332438805618,0.0424628062427823,0.759279173976724,NaN,NaN,NaN,NaN,0.958636270050085,0.893845319135142,0.762903422885618,1.0736221978785,1.1897446399316,1.28186884972525,E:\PROJECTS\Nirvik_Sinha_Data\cerebellar-preparatory-dynamics-model\results\stage_3\current\cache\biological_revision\resume_02\n02_p4.mat
3,1,1,0.0619775428465452,3.31285645910729,1.36752046078827,1.56138208018017e-08,3,10,65,337,0.00115593932831005,0.000111002464119052,6.17785553440387e-06,0.540710047209851,0.41951053775938,0.244415523187271,E:\PROJECTS\Nirvik_Sinha_Data\cerebellar-preparatory-dynamics-model\results\stage_3\current\cache\biological_revision\resume_02\n03_p1.mat
3,1,2,0.0468880009178283,3.7011015572102,1.47604133275008,3.94791190644482e-09,3,8,22,284,0.000237934830968215,2.03914039882083e-05,1.57125448390376e-06,0.418629726787921,0.327888221447925,0.16779670796356,E:\PROJECTS\Nirvik_Sinha_Data\cerebellar-preparatory-dynamics-model\results\stage_3\current\cache\biological_revision\resume_02\n03_p1.mat
3,1,3,0.0551592527674239,3.4951710438214,1.36431632020403,3.38274158630721e-09,3,9,23,288,0.000466915923387019,3.24466574699068e-05,1.58540279615531e-06,0.394321464041754,0.299521791312141,0.174159711216381,E:\PROJECTS\Nirvik_Sinha_Data\cerebellar-preparatory-dynamics-model\results\stage_3\current\cache\biological_revision\resume_02\n03_p1.mat
3,1,4,0.0614754605312935,3.02266667421466,1.16730993097502,9.23153577296611e-09,4,14,47,333,0.00170705548633248,0.000148135774567635,6.59050132456412e-06,0.490082595580723,0.378029209378045,0.220615554187247,E:\PROJECTS\Nirvik_Sinha_Data\cerebellar-preparatory-dynamics-model\results\stage_3\current\cache\biological_revision\resume_02\n03_p1.mat
3,1,5,0.0792778343623524,3.28890894311282,1.32610197546148,1.90729778583772e-08,3,11,86,354,0.00156534865704579,0.000168394558064579,1.09105006404347e-05,0.556386009566972,0.473250560414995,0.285491004045414,E:\PROJECTS\Nirvik_Sinha_Data\cerebellar-preparatory-dynamics-model\results\stage_3\current\cache\biological_revision\resume_02\n03_p1.mat
3,1,6,0.0603787724528227,3.97520058673266,1.63339475640663,1.20697844443675e-08,3,9,35,285,0.000556189999907192,4.96557720499494e-05,3.64621602639346e-06,0.427846398036609,0.303300302632056,0.172812370605413,E:\PROJECTS\Nirvik_Sinha_Data\cerebellar-preparatory-dynamics-model\results\stage_3\current\cache\biological_revision\resume_02\n03_p1.mat
3,1,7,0.0460968151619694,3.61106526688162,1.42778054802006,3.26213999862331e-09,3,8,35,283,0.000247681257777953,2.58895583744636e-05,1.50452851640269e-06,0.445285881713445,0.321887869092723,0.171538524543177,E:\PROJECTS\Nirvik_Sinha_Data\cerebellar-preparatory-dynamics-model\results\stage_3\current\cache\biological_revision\resume_02\n03_p1.mat
3,1,8,0.0717188058232682,3.31856792050504,1.32937159082134,8.4424716812934e-09,3,9,68,320,0.000835300960315073,7.40372391063587e-05,3.90292380713764e-06,0.551957173314412,0.415898794953369,0.230627474707885,E:\PROJECTS\Nirvik_Sinha_Data\cerebellar-preparatory-dynamics-model\results\stage_3\current\cache\biological_revision\resume_02\n03_p1.mat
3,2,1,0.127450333227035,3.30347620866391,1.3636483689645,6.27665853242668e-05,52,136,180,423,0.512203196050108,0.20918685402251,0.0330139128932943,0.847319728102867,0.76904435616708,0.437286471210111,E:\PROJECTS\Nirvik_Sinha_Data\cerebellar-preparatory-dynamics-model\results\stage_3\current\cache\biological_revision\resume_02\n03_p2.mat
3,2,2,0.145128240425388,3.70445506650902,1.47737875034274,3.5470741199109e-05,52,134,193,429,0.512319721097563,0.206161176812672,0.0307965470091199,0.937360797326643,0.886884584649908,0.475142472055754,E:\PROJECTS\Nirvik_Sinha_Data\cerebellar-preparatory-dynamics-model\results\stage_3\current\cache\biological_revision\resume_02\n03_p2.mat
3,2,3,0.138462626153617,3.4885135401555,1.36171760878495,8.95222723890045e-05,49,126,169,410,0.491351173690495,0.175381915189309,0.0301712114922295,0.883534377913551,0.770994990917071,0.40880152626382,E:\PROJECTS\Nirvik_Sinha_Data\cerebellar-preparatory-dynamics-model\results\stage_3\current\cache\biological_revision\resume_02\n03_p2.mat
3,2,4,0.134142759740288,3.02906079341335,1.16977924686226,0.000269271473946252,50,128,165,430,0.49253656296769,0.181450548062433,0.0312468431494928,0.828388736015249,0.709782930727873,0.409286072103489,E:\PROJECTS\Nirvik_Sinha_Data\cerebellar-preparatory-dynamics-model\results\stage_3\current\cache\biological_revision\resume_02\n03_p2.mat
3,2,5,0.151386738311791,3.29984930110984,1.33051317400879,9.78188295325822e-05,50,129,199,436,0.4982641856358,0.18598608783869,0.0310159237483475,0.853582755920653,0.79632273074354,0.496181187367904,E:\PROJECTS\Nirvik_Sinha_Data\cerebellar-preparatory-dynamics-model\results\stage_3\current\cache\biological_revision\resume_02\n03_p2.mat
3,2,6,0.152876869854804,3.97478835810556,1.63322537323633,0.000195000230144905,49,125,157,403,0.485617739857385,0.170715191347384,0.0341657723134394,0.800057970330668,0.682417023134925,0.388629362220569,E:\PROJECTS\Nirvik_Sinha_Data\cerebellar-preparatory-dynamics-model\results\stage_3\current\cache\biological_revision\resume_02\n03_p2.mat
3,2,7,0.132788153331973,3.5864986350795,1.41806713759263,7.83303702823675e-05,51,132,175,413,0.506965961975512,0.197530693145044,0.0316135215997002,0.908745310169729,0.797744008312859,0.425891981833224,E:\PROJECTS\Nirvik_Sinha_Data\cerebellar-preparatory-dynamics-model\results\stage_3\current\cache\biological_revision\resume_02\n03_p2.mat
3,2,8,0.134974495124823,3.32240965031113,1.33091053369856,6.75762683375735e-05,54,142,160,417,0.525655840049139,0.233793619727484,0.0319675179328199,0.815998643192094,0.690651253972512,0.398257621604782,E:\PROJECTS\Nirvik_Sinha_Data\cerebellar-preparatory-dynamics-model\results\stage_3\current\cache\biological_revision\resume_02\n03_p2.mat
3,3,1,3.27241600879751,2.12559272898228,0.877427556571329,0.0232951935106126,3,11,NaN,NaN,0.0199398472513766,0.0225038244065474,0.0233839260262301,0.94464739821098,1.10334834097914,1.209647876546,E:\PROJECTS\Nirvik_Sinha_Data\cerebellar-preparatory-dynamics-model\results\stage_3\current\cache\biological_revision\resume_02\n03_p3.mat
3,3,2,3.62276212473856,3.1196306762748,1.24414414193152,0.0225251416784803,3,8,NaN,NaN,0.019876182411426,0.0223387854711251,0.0225401638581931,0.890505227829928,1.10467901577169,1.23483401134818,E:\PROJECTS\Nirvik_Sinha_Data\cerebellar-preparatory-dynamics-model\results\stage_3\current\cache\biological_revision\resume_02\n03_p3.mat
3,3,3,3.46112970734487,2.91719849325472,1.13870865366021,0.0339265434215536,3,10,NaN,NaN,0.0283707456544849,0.0333433715142407,0.0339438335086856,0.858793097252067,1.02374231825535,1.14542946156042,E:\PROJECTS\Nirvik_Sinha_Data\cerebellar-preparatory-dynamics-model\results\stage_3\current\cache\biological_revision\resume_02\n03_p3.mat
3,3,4,3.1340972381569,2.41452304327982,0.932453700909923,0.0520330578300783,4,16,NaN,NaN,0.0419633198951748,0.050630827780012,0.0521026667030342,0.919577731911078,1.12426960030959,1.26206970553686,E:\PROJECTS\Nirvik_Sinha_Data\cerebellar-preparatory-dynamics-model\results\stage_3\current\cache\biological_revision\resume_02\n03_p3.mat
3,3,5,3.27017204313626,2.35035030558373,0.947671169123688,0.044384581395106,3,13,NaN,NaN,0.0349463148488278,0.0429700458762869,0.0445822383469622,0.904740042532177,1.08503708769284,1.24385869941241,E:\PROJECTS\Nirvik_Sinha_Data\cerebellar-preparatory-dynamics-model\results\stage_3\current\cache\biological_revision\resume_02\n03_p3.mat
3,3,6,4.18046462409241,2.54336394042364,1.04505854063989,0.0313479308719326,3,9,NaN,NaN,0.0273650494949907,0.0311436064969894,0.0313560616924272,0.918322807704071,1.07350210808101,1.19743286621633,E:\PROJECTS\Nirvik_Sinha_Data\cerebellar-preparatory-dynamics-model\results\stage_3\current\cache\biological_revision\resume_02\n03_p3.mat
3,3,7,3.45847326381326,3.21699171736419,1.27196764880428,0.0219347710988691,3,9,NaN,NaN,0.0193387027624147,0.0217986369508037,0.0219535931689758,0.872791322930936,1.04583652479501,1.15039477815035,E:\PROJECTS\Nirvik_Sinha_Data\cerebellar-preparatory-dynamics-model\results\stage_3\current\cache\biological_revision\resume_02\n03_p3.mat
3,3,8,3.4516935370989,2.36779605208556,0.948505765107994,0.0241787570546579,3,10,NaN,NaN,0.0205257481938234,0.0237074225518702,0.0242132041254721,0.967715413967639,1.15247080811938,1.28950944129575,E:\PROJECTS\Nirvik_Sinha_Data\cerebellar-preparatory-dynamics-model\results\stage_3\current\cache\biological_revision\resume_02\n03_p3.mat
3,4,1,3.31382097750273,0.0766780484884527,0.0316520807634179,0.565352279546506,NaN,NaN,NaN,NaN,0.774318830988352,0.60582023984058,0.512958856720747,1.13980828536007,1.2201542751313,1.22624181456033,E:\PROJECTS\Nirvik_Sinha_Data\cerebellar-preparatory-dynamics-model\results\stage_3\current\cache\biological_revision\resume_02\n03_p4.mat
3,4,2,3.69697528638952,0.0824414530513984,0.0328785877271533,0.971594880901507,NaN,NaN,NaN,NaN,0.957006482601537,0.935835815596068,0.965365873539367,1.11937818953102,1.24238424301139,1.32141580294822,E:\PROJECTS\Nirvik_Sinha_Data\cerebellar-preparatory-dynamics-model\results\stage_3\current\cache\biological_revision\resume_02\n03_p4.mat
3,4,3,3.48782545199108,0.0974487747340858,0.0380384685289219,1.01029006074251,NaN,NaN,NaN,NaN,0.850046826089571,0.836129482770871,0.989834251338472,1.06218722436682,1.1336886311938,1.19062380852133,E:\PROJECTS\Nirvik_Sinha_Data\cerebellar-preparatory-dynamics-model\results\stage_3\current\cache\biological_revision\resume_02\n03_p4.mat
3,4,4,3.04157209193497,0.106005914157907,0.0409379431063995,1.12727023153554,NaN,NaN,NaN,NaN,0.897314836235584,0.918212550172115,1.10479135729896,1.08438093648589,1.22540188003751,1.30736051918282,E:\PROJECTS\Nirvik_Sinha_Data\cerebellar-preparatory-dynamics-model\results\stage_3\current\cache\biological_revision\resume_02\n03_p4.mat
3,4,5,3.27781971387399,0.104185018055193,0.042007839270162,0.80968811271647,NaN,NaN,NaN,NaN,0.937911288736294,0.851580609356261,0.779682072212274,1.09812289016645,1.2180082347617,1.28183859257834,E:\PROJECTS\Nirvik_Sinha_Data\cerebellar-preparatory-dynamics-model\results\stage_3\current\cache\biological_revision\resume_02\n03_p4.mat
3,4,6,3.99581489603479,0.101495357820023,0.0417040553415447,0.663082790145542,NaN,NaN,NaN,NaN,0.866496734471726,0.746668381758515,0.662768461383352,1.0847693886464,1.14609244706366,1.15953367684921,E:\PROJECTS\Nirvik_Sinha_Data\cerebellar-preparatory-dynamics-model\results\stage_3\current\cache\biological_revision\resume_02\n03_p4.mat
3,4,7,3.60983314189127,0.0970829271448821,0.0383856576045805,1.05402084798797,NaN,NaN,NaN,NaN,0.906616262965773,0.892281919556874,1.0070267168329,1.08144765251193,1.18160584551959,1.25183262815724,E:\PROJECTS\Nirvik_Sinha_Data\cerebellar-preparatory-dynamics-model\results\stage_3\current\cache\biological_revision\resume_02\n03_p4.mat
3,4,8,3.30511336907904,0.0930723244160421,0.0372834629075678,0.75675602242322,NaN,NaN,NaN,NaN,0.801657876119078,0.704684147481887,0.715309048652578,1.09046915285886,1.19567132882815,1.27699681660329,E:\PROJECTS\Nirvik_Sinha_Data\cerebellar-preparatory-dynamics-model\results\stage_3\current\cache\biological_revision\resume_02\n03_p4.mat
4,1,1,0.131536098436994,3.76629753572948,1.53624280221161,7.87802654952495e-08,3,13,59,379,0.00282214625097771,0.000330755010755207,2.2488223008818e-05,0.522198427717614,0.420637780811276,0.261316984153347,E:\PROJECTS\Nirvik_Sinha_Data\cerebellar-preparatory-dynamics-model\results\stage_3\current\cache\biological_revision\resume_02\n04_p1.mat
4,1,2,0.124577594553477,3.61103649155981,1.46791482657973,1.71453036352162e-08,3,8,86,364,0.000415275865187187,4.12577356825818e-05,3.27369235076548e-06,0.568519529725203,0.468813491310251,0.275418534178768,E:\PROJECTS\Nirvik_Sinha_Data\cerebellar-preparatory-dynamics-model\results\stage_3\current\cache\biological_revision\resume_02\n04_p1.mat
4,1,3,0.07514341391241,3.3616132517655,1.36381505403545,1.487454042816e-08,3,9,35,307,0.000768513601884816,8.95432336622765e-05,5.5370352904231e-06,0.443849163777694,0.356672808895663,0.212137365153363,E:\PROJECTS\Nirvik_Sinha_Data\cerebellar-preparatory-dynamics-model\results\stage_3\current\cache\biological_revision\resume_02\n04_p1.mat
4,1,4,0.113621163265337,3.56393571181798,1.41379747144532,1.21242645012536e-07,5,17,82,362,0.00535962823186893,0.00058830578922542,2.80464866047577e-05,0.573232710790454,0.464115820665993,0.2832778883114,E:\PROJECTS\Nirvik_Sinha_Data\cerebellar-preparatory-dynamics-model\results\stage_3\current\cache\biological_revision\resume_02\n04_p1.mat
4,1,5,0.142737404540732,3.38519455107077,1.35442389360924,9.5815860010543e-08,4,15,84,398,0.00400270092346307,0.000446418803812797,2.50539719187641e-05,0.566445308631675,0.469925414538438,0.314311184014661,E:\PROJECTS\Nirvik_Sinha_Data\cerebellar-preparatory-dynamics-model\results\stage_3\current\cache\biological_revision\resume_02\n04_p1.mat
4,1,6,0.121977315432788,3.31848376078548,1.30798815142699,2.51459217818805e-08,3,10,64,385,0.000812152542092968,8.15993431114941e-05,5.19904865835198e-06,0.522187434151886,0.439418231987303,0.27185582244927,E:\PROJECTS\Nirvik_Sinha_Data\cerebellar-preparatory-dynamics-model\results\stage_3\current\cache\biological_revision\resume_02\n04_p1.mat
4,1,7,0.0738261232458022,3.29836669579136,1.28652937732548,1.00446824134734e-08,3,8,37,318,0.000541121683827876,7.05220422263845e-05,4.80523993607487e-06,0.463867597128959,0.380952949835345,0.222197644153906,E:\PROJECTS\Nirvik_Sinha_Data\cerebellar-preparatory-dynamics-model\results\stage_3\current\cache\biological_revision\resume_02\n04_p1.mat
4,1,8,0.0914814422287162,3.41649153223041,1.38485003085389,3.94895112966423e-08,3,10,96,348,0.00240070160468589,0.000283632070584392,1.37931950001198e-05,0.59223451550908,0.490854481089078,0.2903800305056,E:\PROJECTS\Nirvik_Sinha_Data\cerebellar-preparatory-dynamics-model\results\stage_3\current\cache\biological_revision\resume_02\n04_p1.mat
4,2,1,0.230333387039846,3.77216503044952,1.53863610662932,0.00044067108446896,58,154,202,462,0.55772334026991,0.2555831293534,0.0537535994483732,0.830906738411575,0.788905276802305,0.503467525812429,E:\PROJECTS\Nirvik_Sinha_Data\cerebellar-preparatory-dynamics-model\results\stage_3\current\cache\biological_revision\resume_02\n04_p2.mat
4,2,2,0.262553277902227,3.63309289243769,1.47688092757188,0.00015703305474382,58,146,196,476,0.553356628185184,0.242407607313261,0.0449167105686274,0.855396806818443,0.777939826190059,0.485385959877008,E:\PROJECTS\Nirvik_Sinha_Data\cerebellar-preparatory-dynamics-model\results\stage_3\current\cache\biological_revision\resume_02\n04_p2.mat
4,2,3,0.186354855893314,3.3511207758517,1.3595582298461,0.000104983133512851,54,136,184,450,0.530639224252909,0.205571869401719,0.0422193377780282,0.836827060481263,0.751763656683791,0.449891861798964,E:\PROJECTS\Nirvik_Sinha_Data\cerebellar-preparatory-dynamics-model\results\stage_3\current\cache\biological_revision\resume_02\n04_p2.mat
4,2,4,0.178146803601668,3.58059068120127,1.42040442384433,0.000451064043119435,55,139,199,440,0.532802007691715,0.213080423228184,0.0412208263504822,0.853595014695615,0.781320454115637,0.496274299108543,E:\PROJECTS\Nirvik_Sinha_Data\cerebellar-preparatory-dynamics-model\results\stage_3\current\cache\biological_revision\resume_02\n04_p2.mat
4,2,5,0.231846299086097,3.38448280918357,1.35413912409199,0.000455795944164748,56,138,217,469,0.539980824914249,0.217206284170473,0.0412123225874125,0.888914705044947,0.841934311217741,0.541052962542621,E:\PROJECTS\Nirvik_Sinha_Data\cerebellar-preparatory-dynamics-model\results\stage_3\current\cache\biological_revision\resume_02\n04_p2.mat
4,2,6,0.276743606102162,3.34317706125196,1.31772107367644,0.000423963506879204,55,138,218,496,0.534636393268467,0.210586653342531,0.0448838193502705,0.910093000297781,0.856076529263007,0.543314003912737,E:\PROJECTS\Nirvik_Sinha_Data\cerebellar-preparatory-dynamics-model\results\stage_3\current\cache\biological_revision\resume_02\n04_p2.mat
4,2,7,0.194300141288191,3.30585372430033,1.28944969608141,0.000117333631118204,56,139,186,459,0.542817197115544,0.222640927096128,0.0397551798660029,0.875740564480724,0.7896753180236,0.452201046594727,E:\PROJECTS\Nirvik_Sinha_Data\cerebellar-preparatory-dynamics-model\results\stage_3\current\cache\biological_revision\resume_02\n04_p2.mat
4,2,8,0.175481260543773,3.44462711603771,1.3962545854199,6.46277705507483e-05,60,151,213,441,0.563694238782076,0.265693103396836,0.0408402766482651,0.895155839636412,0.841877922953288,0.540974703668527,E:\PROJECTS\Nirvik_Sinha_Data\cerebellar-preparatory-dynamics-model\results\stage_3\current\cache\biological_revision\resume_02\n04_p2.mat
4,3,1,4.27345493519593,3.04350690267827,1.24142225311874,0.0513228562508161,4,15,NaN,NaN,0.0368310857189846,0.0483046986124983,0.0514653889315722,0.945640563358466,1.18221555000845,1.37428809227569,E:\PROJECTS\Nirvik_Sinha_Data\cerebellar-preparatory-dynamics-model\results\stage_3\current\cache\biological_revision\resume_02\n04_p3.mat
4,3,2,3.92898723706393,2.9125513221379,1.18397509383625,0.0202493250933485,3,9,NaN,NaN,0.0184182176437849,0.0200297383892418,0.020258224873886,0.902357690536791,1.0849086967195,1.2230125156277,E:\PROJECTS\Nirvik_Sinha_Data\cerebellar-preparatory-dynamics-model\results\stage_3\current\cache\biological_revision\resume_02\n04_p3.mat
4,3,3,3.36014656467112,2.68314598498199,1.08855915669994,0.0413999782559705,3,10,NaN,NaN,0.0361185694897519,0.040908995735036,0.0414630266161857,0.884835155477781,1.08797676236864,1.25346302395511,E:\PROJECTS\Nirvik_Sinha_Data\cerebellar-preparatory-dynamics-model\results\stage_3\current\cache\biological_revision\resume_02\n04_p3.mat
4,3,4,4.06105616525962,2.51231660283637,0.996624840560977,0.12604279354836,5,21,NaN,NaN,0.0900779221593745,0.120511738175546,0.126393539881227,0.987310271224309,1.23441765404813,1.43214301450328,E:\PROJECTS\Nirvik_Sinha_Data\cerebellar-preparatory-dynamics-model\results\stage_3\current\cache\biological_revision\resume_02\n04_p3.mat
4,3,5,3.51648648607223,2.88352549327475,1.15370498416032,0.0661015062742096,4,19,NaN,NaN,0.0520352006312054,0.0624687240651779,0.066223623704512,0.899219277009998,1.04668349576439,1.15385755875199,E:\PROJECTS\Nirvik_Sinha_Data\cerebellar-preparatory-dynamics-model\results\stage_3\current\cache\biological_revision\resume_02\n04_p3.mat
4,3,6,3.55972374067168,2.51440058909236,0.991056884875454,0.0262804905586247,3,10,NaN,NaN,0.0231826505013804,0.0258921602060124,0.026287833781545,0.860419581983916,1.05097543117983,1.21236418433388,E:\PROJECTS\Nirvik_Sinha_Data\cerebellar-preparatory-dynamics-model\results\stage_3\current\cache\biological_revision\resume_02\n04_p3.mat
4,3,7,3.67128955982595,2.91854307400308,1.1383790069448,0.0248227165965217,3,9,NaN,NaN,0.0241214210700219,0.0271589625218872,0.0254591383852433,0.905077029918757,1.17242586495955,1.38415223081127,E:\PROJECTS\Nirvik_Sinha_Data\cerebellar-preparatory-dynamics-model\results\stage_3\current\cache\biological_revision\resume_02\n04_p3.mat
4,3,8,3.85058869695793,2.92413415201777,1.18527654245321,0.0395175099452371,3,11,NaN,NaN,0.0328851332020411,0.0376675282595524,0.0395731278579703,0.980675793574358,1.20535473539874,1.35640604374262,E:\PROJECTS\Nirvik_Sinha_Data\cerebellar-preparatory-dynamics-model\results\stage_3\current\cache\biological_revision\resume_02\n04_p3.mat
4,4,1,3.77565052636702,0.115960186323174,0.0472992374851203,0.885329242268945,NaN,NaN,NaN,NaN,0.930248451276225,0.882534021798095,0.82270770268954,1.03069805069974,1.15161991159007,1.26631382934424,E:\PROJECTS\Nirvik_Sinha_Data\cerebellar-preparatory-dynamics-model\results\stage_3\current\cache\biological_revision\resume_02\n04_p4.mat
4,4,2,3.59061362187744,0.10403162153559,0.0422896750121901,0.736856398447509,NaN,NaN,NaN,NaN,0.849646838125768,0.747562495001952,0.722040208420669,1.02054950619665,1.10690957026811,1.18362288360627,E:\PROJECTS\Nirvik_Sinha_Data\cerebellar-preparatory-dynamics-model\results\stage_3\current\cache\biological_revision\resume_02\n04_p4.mat
4,4,3,3.35502013426704,0.129933506465991,0.0527143543502105,1.06438493107865,NaN,NaN,NaN,NaN,0.844667302444281,0.827185374027973,0.933515425854525,1.04347653003354,1.16338721664084,1.26858807202379,E:\PROJECTS\Nirvik_Sinha_Data\cerebellar-preparatory-dynamics-model\results\stage_3\current\cache\biological_revision\resume_02\n04_p4.mat
4,4,4,3.56113202668595,0.112800196797156,0.0447473371872369,1.19733081159319,NaN,NaN,NaN,NaN,0.83312287929156,0.974482263881169,1.2830876291323,1.0893283542706,1.23320733965002,1.35374518569381,E:\PROJECTS\Nirvik_Sinha_Data\cerebellar-preparatory-dynamics-model\results\stage_3\current\cache\biological_revision\resume_02\n04_p4.mat
4,4,5,3.38289638438287,0.115264560580341,0.0461176078896271,0.838295727222667,NaN,NaN,NaN,NaN,1.06530707203726,1.02451616668618,0.855585977716793,1.04763534807092,1.10451476189154,1.12958385245214,E:\PROJECTS\Nirvik_Sinha_Data\cerebellar-preparatory-dynamics-model\results\stage_3\current\cache\biological_revision\resume_02\n04_p4.mat
4,4,6,3.31551323129235,0.136510974857781,0.0538061206638121,0.512162591646566,125,NaN,NaN,NaN,0.783933344075394,0.570991229367593,0.424767306374204,1.06841950930862,1.14371409690621,1.17765036056149,E:\PROJECTS\Nirvik_Sinha_Data\cerebellar-preparatory-dynamics-model\results\stage_3\current\cache\biological_revision\resume_02\n04_p4.mat
4,4,7,3.28977554458936,0.14790165077959,0.057689103799668,0.933224008658475,NaN,NaN,NaN,NaN,0.882398745369116,0.837130744757751,0.879298164323806,1.05588579782937,1.19631510029242,1.30591941817857,E:\PROJECTS\Nirvik_Sinha_Data\cerebellar-preparatory-dynamics-model\results\stage_3\current\cache\biological_revision\resume_02\n04_p4.mat
4,4,8,3.41263906389092,0.111186937978216,0.0450688178317129,1.05244753480944,NaN,NaN,NaN,NaN,1.03279438593664,1.1053550518821,1.13553417901904,1.11244105842038,1.21290028516096,1.25366892142106,E:\PROJECTS\Nirvik_Sinha_Data\cerebellar-preparatory-dynamics-model\results\stage_3\current\cache\biological_revision\resume_02\n04_p4.mat
5,1,1,0.0708053884965944,3.10938767985566,1.26938083464867,2.61790987309575e-08,3,11,67,338,0.000739698003242912,9.59965398112302e-05,7.50271050481213e-06,0.55018868874084,0.416520204348,0.239453835287274,E:\PROJECTS\Nirvik_Sinha_Data\cerebellar-preparatory-dynamics-model\results\stage_3\current\cache\biological_revision\resume_02\n05_p1.mat
5,1,2,0.0651790563728614,3.49012505116392,1.39488983186192,1.02056312962695e-08,3,9,31,284,0.000305859189503285,2.63534122421543e-05,1.8853826376498e-06,0.428417938137654,0.326186137897736,0.180755301341998,E:\PROJECTS\Nirvik_Sinha_Data\cerebellar-preparatory-dynamics-model\results\stage_3\current\cache\biological_revision\resume_02\n05_p1.mat
5,1,3,0.0707724045329439,3.77508334356449,1.51037490211287,1.43725440336889e-08,3,10,38,292,0.00122223327355275,8.27599168248207e-05,4.49307785249764e-06,0.450558579334264,0.343308600915981,0.193575617165194,E:\PROJECTS\Nirvik_Sinha_Data\cerebellar-preparatory-dynamics-model\results\stage_3\current\cache\biological_revision\resume_02\n05_p1.mat
5,1,4,0.0715325963491164,3.14509201904541,1.23721508731726,4.90659208498404e-08,4,14,59,298,0.00337857108236566,0.000312010348002783,1.40653345984839e-05,0.519640562037065,0.429177816649822,0.221452228595369,E:\PROJECTS\Nirvik_Sinha_Data\cerebellar-preparatory-dynamics-model\results\stage_3\current\cache\biological_revision\resume_02\n05_p1.mat
5,1,5,0.0499436329535383,2.98909653474274,1.12826802203494,1.59956511826791e-08,4,12,46,275,0.00147799937206457,0.000147970902972876,8.00115397586344e-06,0.485224906486171,0.358035788494205,0.164638651393185,E:\PROJECTS\Nirvik_Sinha_Data\cerebellar-preparatory-dynamics-model\results\stage_3\current\cache\biological_revision\resume_02\n05_p1.mat
5,1,6,0.0828236270364656,3.73181418088157,1.52057867640166,1.99994992113356e-08,3,10,62,295,0.000898428638445391,9.46790586056668e-05,6.96400744909861e-06,0.53354500592359,0.398396746274083,0.190249757951561,E:\PROJECTS\Nirvik_Sinha_Data\cerebellar-preparatory-dynamics-model\results\stage_3\current\cache\biological_revision\resume_02\n05_p1.mat
5,1,7,0.0890022043424743,3.83671400827493,1.53262409767005,2.0654573364825e-08,3,9,44,318,0.000568431988412309,5.86250728205762e-05,4.54097940121641e-06,0.48306545977803,0.377905817354061,0.206752398338648,E:\PROJECTS\Nirvik_Sinha_Data\cerebellar-preparatory-dynamics-model\results\stage_3\current\cache\biological_revision\resume_02\n05_p1.mat
5,1,8,0.0399569992285824,2.99385706467727,1.20683815044088,6.18539565594269e-09,3,9,36,262,0.000763482568665105,6.09782428088322e-05,2.69368141988509e-06,0.442662402128783,0.330369213965641,0.160277235045256,E:\PROJECTS\Nirvik_Sinha_Data\cerebellar-preparatory-dynamics-model\results\stage_3\current\cache\biological_revision\resume_02\n05_p1.mat
5,2,1,0.147016549108948,3.1163500361372,1.27222315684767,9.55853733464039e-05,58,148,175,433,0.553677418560597,0.245371628587179,0.0456685819912325,0.868442069792868,0.762946294247124,0.422579943930395,E:\PROJECTS\Nirvik_Sinha_Data\cerebellar-preparatory-dynamics-model\results\stage_3\current\cache\biological_revision\resume_02\n05_p2.mat
5,2,2,0.17071680520752,3.4714710997714,1.38743445225803,7.23137387615395e-05,57,144,179,428,0.550893911177976,0.237250501622502,0.0421054280493798,0.872341156983741,0.795697875364249,0.431191175872757,E:\PROJECTS\Nirvik_Sinha_Data\cerebellar-preparatory-dynamics-model\results\stage_3\current\cache\biological_revision\resume_02\n05_p2.mat
5,2,3,0.158245814593123,3.76699269080627,1.50713790897772,9.02693735784563e-05,54,133,187,407,0.528853237418862,0.200145299357696,0.0406433181990714,0.860838544113518,0.790171678969589,0.456530127923283,E:\PROJECTS\Nirvik_Sinha_Data\cerebellar-preparatory-dynamics-model\results\stage_3\current\cache\biological_revision\resume_02\n05_p2.mat
5,2,4,0.130176064762773,3.14151409763875,1.23580760597212,0.000185031732507386,54,134,180,413,0.526603874821225,0.201586608874483,0.0368514819592965,0.808044462215303,0.769632111611528,0.419642901465479,E:\PROJECTS\Nirvik_Sinha_Data\cerebellar-preparatory-dynamics-model\results\stage_3\current\cache\biological_revision\resume_02\n05_p2.mat
5,2,5,0.122544141515476,2.99042913131433,1.12877102556143,0.000165456754245028,55,136,169,420,0.5367401357858,0.211689901312764,0.0384097257176027,0.858078983851197,0.765954325525193,0.39651937751295,E:\PROJECTS\Nirvik_Sinha_Data\cerebellar-preparatory-dynamics-model\results\stage_3\current\cache\biological_revision\resume_02\n05_p2.mat
5,2,6,0.163948754558088,3.7360652471877,1.52231083145112,7.31976438590355e-05,54,135,174,399,0.530758335187306,0.204729910922564,0.0409305501120996,0.848013375564051,0.776894862614114,0.407107370211536,E:\PROJECTS\Nirvik_Sinha_Data\cerebellar-preparatory-dynamics-model\results\stage_3\current\cache\biological_revision\resume_02\n05_p2.mat
5,2,7,0.164457236363795,3.83798425898968,1.53313151543727,7.70112021925983e-05,56,139,187,421,0.543517858766416,0.223605118234162,0.0402068079795042,0.904040621780156,0.836356261343364,0.452764254513622,E:\PROJECTS\Nirvik_Sinha_Data\cerebellar-preparatory-dynamics-model\results\stage_3\current\cache\biological_revision\resume_02\n05_p2.mat
5,2,8,0.12658698055051,2.99262766915483,1.20634257520585,0.000152175064438196,60,153,189,430,0.565135455859425,0.269345881765193,0.0437107467758366,0.856777789909096,0.793379018073142,0.461802818674112,E:\PROJECTS\Nirvik_Sinha_Data\cerebellar-preparatory-dynamics-model\results\stage_3\current\cache\biological_revision\resume_02\n05_p2.mat
5,3,1,3.14888380980912,2.36491176043721,0.965454929850877,0.0237183641029044,3,11,NaN,NaN,0.018187338578617,0.0230018565587783,0.0237526501414144,0.916479527419716,1.08545009629333,1.22645951812936,E:\PROJECTS\Nirvik_Sinha_Data\cerebellar-preparatory-dynamics-model\results\stage_3\current\cache\biological_revision\resume_02\n05_p3.mat
5,3,2,3.6138649095313,3.2839894079653,1.31250409826587,0.0291519989654497,3,9,NaN,NaN,0.0252449001506688,0.028859196976082,0.0291715593845552,0.809709127682429,0.97915267507065,1.12521843098377,E:\PROJECTS\Nirvik_Sinha_Data\cerebellar-preparatory-dynamics-model\results\stage_3\current\cache\biological_revision\resume_02\n05_p3.mat
5,3,3,4.1591451489744,3.13105786639136,1.25270644064651,0.039861904357606,3,10,NaN,NaN,0.0310565310436576,0.0388473416959044,0.03989261204431,0.895642876413552,1.05442406213762,1.18674470459427,E:\PROJECTS\Nirvik_Sinha_Data\cerebellar-preparatory-dynamics-model\results\stage_3\current\cache\biological_revision\resume_02\n05_p3.mat
5,3,4,3.15904060210389,1.97940574447633,0.778657869518195,0.0509548925728308,4,14,NaN,NaN,0.0367990012566322,0.0486445636196459,0.0512225048733631,0.958873040037817,1.11940761839095,1.22771451592849,E:\PROJECTS\Nirvik_Sinha_Data\cerebellar-preparatory-dynamics-model\results\stage_3\current\cache\biological_revision\resume_02\n05_p3.mat
5,3,5,3.0514097464218,1.93827258690767,0.731622733617424,0.0362671193370678,4,13,NaN,NaN,0.026916735729405,0.034795031704401,0.0364060510995987,0.914713461727967,1.13283992142774,1.32947364789616,E:\PROJECTS\Nirvik_Sinha_Data\cerebellar-preparatory-dynamics-model\results\stage_3\current\cache\biological_revision\resume_02\n05_p3.mat
5,3,6,3.96158936058676,3.07116123824652,1.25138660831333,0.0424023929452166,3,10,NaN,NaN,0.034140588269206,0.0415386162412932,0.0424308350259724,0.900339853210158,1.00239278467488,1.08438091283289,E:\PROJECTS\Nirvik_Sinha_Data\cerebellar-preparatory-dynamics-model\results\stage_3\current\cache\biological_revision\resume_02\n05_p3.mat
5,3,7,4.04234901722286,3.31008714961828,1.32225631619959,0.0288504592634663,3,9,NaN,NaN,0.0233628120011469,0.028284056073464,0.0289268698017877,0.926508407057339,1.12951436818001,1.30049366768433,E:\PROJECTS\Nirvik_Sinha_Data\cerebellar-preparatory-dynamics-model\results\stage_3\current\cache\biological_revision\resume_02\n05_p3.mat
5,3,8,3.25509548962337,2.61934344536657,1.05586991318718,0.0241881945296603,3,10,NaN,NaN,0.0198465203544151,0.0235593790930091,0.0242936495926618,0.985583726028625,1.22721348588638,1.44600168044438,E:\PROJECTS\Nirvik_Sinha_Data\cerebellar-preparatory-dynamics-model\results\stage_3\current\cache\biological_revision\resume_02\n05_p3.mat
5,4,1,3.12561446219791,0.0922714916134933,0.0376690445509357,0.784096120368551,NaN,NaN,NaN,NaN,0.716745691000558,0.589369160128052,0.671227801213379,1.08288741576783,1.19433720034819,1.29182622940357,E:\PROJECTS\Nirvik_Sinha_Data\cerebellar-preparatory-dynamics-model\results\stage_3\current\cache\biological_revision\resume_02\n05_p4.mat
5,4,2,3.49421978032191,0.122026513326735,0.048770041233984,0.930214160115417,NaN,NaN,NaN,NaN,1.02255379415022,0.996663224493812,0.918494688205522,1.04234196084823,1.12874594850928,1.15377048159644,E:\PROJECTS\Nirvik_Sinha_Data\cerebellar-preparatory-dynamics-model\results\stage_3\current\cache\biological_revision\resume_02\n05_p4.mat
5,4,3,3.78232236126062,0.123653014396073,0.0494723937241837,0.594315647756728,NaN,NaN,NaN,NaN,0.774691307063697,0.602897291630798,0.531074776894374,1.06696387626955,1.11972830908076,1.12567106242572,E:\PROJECTS\Nirvik_Sinha_Data\cerebellar-preparatory-dynamics-model\results\stage_3\current\cache\biological_revision\resume_02\n05_p4.mat
5,4,4,3.16323594617345,0.10038103003937,0.039487850941433,0.930447243733888,NaN,NaN,NaN,NaN,0.831500567206952,0.783639706614032,0.903778272565253,1.08189912383239,1.17761314796398,1.22332051347802,E:\PROJECTS\Nirvik_Sinha_Data\cerebellar-preparatory-dynamics-model\results\stage_3\current\cache\biological_revision\resume_02\n05_p4.mat
5,4,5,2.99891997474608,0.132475617439752,0.0500044080608691,0.776175496730001,NaN,NaN,NaN,NaN,0.977763669077163,0.876452855127602,0.744801911541926,1.09820435352533,1.23894961251577,1.38107105439064,E:\PROJECTS\Nirvik_Sinha_Data\cerebellar-preparatory-dynamics-model\results\stage_3\current\cache\biological_revision\resume_02\n05_p4.mat
5,4,6,3.73264896180736,0.11034529629527,0.0449616986417511,0.719434173081177,NaN,NaN,NaN,NaN,0.884606991823755,0.773388497839956,0.687700176327906,1.02979569871161,1.0622598066247,1.05021768692321,E:\PROJECTS\Nirvik_Sinha_Data\cerebellar-preparatory-dynamics-model\results\stage_3\current\cache\biological_revision\resume_02\n05_p4.mat
5,4,7,3.8293583670286,0.107137442848,0.0427974110964349,0.811938223845895,NaN,NaN,NaN,NaN,0.922412789147883,0.821586265895876,0.740867068656065,1.13191215566818,1.24011349816127,1.29809527197594,E:\PROJECTS\Nirvik_Sinha_Data\cerebellar-preparatory-dynamics-model\results\stage_3\current\cache\biological_revision\resume_02\n05_p4.mat
5,4,8,2.99154500743134,0.104688878534546,0.0422005893444284,1.03639854576515,NaN,NaN,NaN,NaN,0.927091981523351,0.926696889855647,1.00495350290549,1.14822042475305,1.30045821069197,1.40341551077357,E:\PROJECTS\Nirvik_Sinha_Data\cerebellar-preparatory-dynamics-model\results\stage_3\current\cache\biological_revision\resume_02\n05_p4.mat
6,1,1,0.0729308680661331,3.43081818513724,1.31632933154922,1.05839649652126e-08,3,10,49,285,0.000652446360258332,8.15414715605189e-05,3.94552148546866e-06,0.495308339119362,0.354796938041156,0.169124993109149,E:\PROJECTS\Nirvik_Sinha_Data\cerebellar-preparatory-dynamics-model\results\stage_3\current\cache\biological_revision\resume_02\n06_p1.mat
6,1,2,0.0626409551459808,3.63884994500635,1.45284680611172,3.92788838466535e-09,3,8,20,284,0.000161441119707759,1.4129311698055e-05,1.00101103246588e-06,0.405478549416334,0.321865078696072,0.169649798051353,E:\PROJECTS\Nirvik_Sinha_Data\cerebellar-preparatory-dynamics-model\results\stage_3\current\cache\biological_revision\resume_02\n06_p1.mat
6,1,3,0.0582045589270497,3.46589261529211,1.35057192573143,4.55219132126792e-09,3,9,28,287,0.000457762267169191,3.05231528294046e-05,1.72934369920648e-06,0.430073068710081,0.316786378437412,0.165910312351888,E:\PROJECTS\Nirvik_Sinha_Data\cerebellar-preparatory-dynamics-model\results\stage_3\current\cache\biological_revision\resume_02\n06_p1.mat
6,1,4,0.0581087716208923,3.24950579912844,1.2725153489199,1.18735986307261e-08,4,14,51,278,0.00164188882803412,0.000178724414528953,1.19084178185921e-05,0.503132895172753,0.353018055178068,0.173947288794305,E:\PROJECTS\Nirvik_Sinha_Data\cerebellar-preparatory-dynamics-model\results\stage_3\current\cache\biological_revision\resume_02\n06_p1.mat
6,1,5,0.0433271503345233,3.29425691978524,1.30662587984979,9.07659853296128e-09,3,11,46,248,0.000628964654715509,7.80765211496719e-05,4.79740608170804e-06,0.480242561498377,0.331533021291217,0.14937340079034,E:\PROJECTS\Nirvik_Sinha_Data\cerebellar-preparatory-dynamics-model\results\stage_3\current\cache\biological_revision\resume_02\n06_p1.mat
6,1,6,0.0642531289729,3.6880272081184,1.48127025549437,5.60741368685163e-09,3,9,43,286,0.000393922954438552,3.34874716028774e-05,1.78853451846873e-06,0.471407092948775,0.337949312613455,0.177190391851486,E:\PROJECTS\Nirvik_Sinha_Data\cerebellar-preparatory-dynamics-model\results\stage_3\current\cache\biological_revision\resume_02\n06_p1.mat
6,1,7,0.0576494831665367,3.64723022494133,1.49832653971588,4.14969081361255e-07,3,8,23,257,0.000284625637559202,2.26642781657598e-05,1.23660970719582e-06,0.39316054613342,0.287557492423075,0.147747610150327,E:\PROJECTS\Nirvik_Sinha_Data\cerebellar-preparatory-dynamics-model\results\stage_3\current\cache\biological_revision\resume_02\n06_p1.mat
6,1,8,0.0418139683478797,3.32695272712096,1.29006869303247,4.98153586925115e-08,3,9,40,273,0.000373914753393293,4.61538776578044e-05,2.71607292305399e-06,0.466047542669917,0.349932679729084,0.177205798164014,E:\PROJECTS\Nirvik_Sinha_Data\cerebellar-preparatory-dynamics-model\results\stage_3\current\cache\biological_revision\resume_02\n06_p1.mat
6,2,1,0.119785340084581,3.44389022714351,1.32134478599407,8.23131065054966e-05,53,140,139,388,0.519185983071224,0.219338950680553,0.0368431910698151,0.744346899495931,0.620396526500225,0.32063652188839,E:\PROJECTS\Nirvik_Sinha_Data\cerebellar-preparatory-dynamics-model\results\stage_3\current\cache\biological_revision\resume_02\n06_p2.mat
6,2,2,0.127047002044109,3.63528679242716,1.45142418222709,3.06954534192835e-05,52,135,171,407,0.51413674817444,0.207224109871957,0.0322572214472583,0.875735298725852,0.760792154547017,0.40425139840362,E:\PROJECTS\Nirvik_Sinha_Data\cerebellar-preparatory-dynamics-model\results\stage_3\current\cache\biological_revision\resume_02\n06_p2.mat
6,2,3,0.124377497668445,3.47213403990632,1.35300405326572,6.7337300713271e-05,50,125,166,405,0.494229678394768,0.174495667408072,0.0295792876506218,0.86072038612242,0.735137946288256,0.397070181625735,E:\PROJECTS\Nirvik_Sinha_Data\cerebellar-preparatory-dynamics-model\results\stage_3\current\cache\biological_revision\resume_02\n06_p2.mat
6,2,4,0.107647833545334,3.24731672499533,1.2716581015086,0.000195161183432758,50,126,139,385,0.494704150013729,0.178564491467036,0.0284748152727687,0.769916815792543,0.632435114008621,0.318893653969291,E:\PROJECTS\Nirvik_Sinha_Data\cerebellar-preparatory-dynamics-model\results\stage_3\current\cache\biological_revision\resume_02\n06_p2.mat
6,2,5,0.0889684804790077,3.30323604248725,1.31018733676905,0.000139765092112479,51,130,140,362,0.505434213470475,0.192592064910693,0.0318456415764271,0.804294054844378,0.654729823227683,0.303295637926465,E:\PROJECTS\Nirvik_Sinha_Data\cerebellar-preparatory-dynamics-model\results\stage_3\current\cache\biological_revision\resume_02\n06_p2.mat
6,2,6,0.123423650739507,3.67271444446374,1.47511999139623,5.48081777334047e-05,50,130,150,379,0.497490433517806,0.18373922819249,0.0347871461037161,0.802174528850612,0.667792595838631,0.350316098432432,E:\PROJECTS\Nirvik_Sinha_Data\cerebellar-preparatory-dynamics-model\results\stage_3\current\cache\biological_revision\resume_02\n06_p2.mat
6,2,7,0.156200836357944,3.62871754110766,1.49072130401683,8.95519846669977e-05,50,130,165,411,0.498779562015649,0.188230940391427,0.0329070009487067,0.864178268067641,0.727098633268633,0.392672795306256,E:\PROJECTS\Nirvik_Sinha_Data\cerebellar-preparatory-dynamics-model\results\stage_3\current\cache\biological_revision\resume_02\n06_p2.mat
6,2,8,0.115346516302918,3.34044711313549,1.29530131470068,6.58764908156574e-05,54,144,159,409,0.526438275162353,0.23390682615715,0.034467630700686,0.757936208370562,0.673860948649407,0.382811171509651,E:\PROJECTS\Nirvik_Sinha_Data\cerebellar-preparatory-dynamics-model\results\stage_3\current\cache\biological_revision\resume_02\n06_p2.mat
6,3,1,3.64645810154105,2.73369742636581,1.04885945909197,0.0314622720361853,3,12,NaN,NaN,0.0298371783760879,0.0315028198459819,0.0314871585587419,0.979410354808395,1.19316938544008,1.32527907697366,E:\PROJECTS\Nirvik_Sinha_Data\cerebellar-preparatory-dynamics-model\results\stage_3\current\cache\biological_revision\resume_02\n06_p3.mat
6,3,2,3.96376366521876,3.38861191122627,1.35293679782902,0.0197720624979828,3,9,NaN,NaN,0.018424409328889,0.0196982792890913,0.0197591912456374,0.873641402541104,1.09966935776041,1.28457077936782,E:\PROJECTS\Nirvik_Sinha_Data\cerebellar-preparatory-dynamics-model\results\stage_3\current\cache\biological_revision\resume_02\n06_p3.mat
6,3,3,3.48540581873403,2.95271331351101,1.15059874860702,0.0321427038699664,3,10,NaN,NaN,0.0280117989917202,0.0317781848122127,0.0321554703958963,0.899835368999953,1.07581127085081,1.16891475913997,E:\PROJECTS\Nirvik_Sinha_Data\cerebellar-preparatory-dynamics-model\results\stage_3\current\cache\biological_revision\resume_02\n06_p3.mat
6,3,4,3.03887662269091,1.93504168011176,0.757767608662956,0.049684407002157,5,16,NaN,NaN,0.0408670561312883,0.0482814981190223,0.0496468118200436,0.890202533630394,1.02673868636803,1.11794821210401,E:\PROJECTS\Nirvik_Sinha_Data\cerebellar-preparatory-dynamics-model\results\stage_3\current\cache\biological_revision\resume_02\n06_p3.mat
6,3,5,3.34775679598426,2.12973079266249,0.84473113013518,0.030357821326136,3,12,NaN,NaN,0.0258665980578124,0.0298886251581053,0.0304536602143348,0.952977650003181,1.18327567526489,1.35165292587554,E:\PROJECTS\Nirvik_Sinha_Data\cerebellar-preparatory-dynamics-model\results\stage_3\current\cache\biological_revision\resume_02\n06_p3.mat
6,3,6,3.81559213367294,2.73680839249514,1.09921989129215,0.0366915510354038,3,10,NaN,NaN,0.0330456335433982,0.036514325622794,0.0366611434704913,0.924363866552956,1.02132490304891,1.10959300435542,E:\PROJECTS\Nirvik_Sinha_Data\cerebellar-preparatory-dynamics-model\results\stage_3\current\cache\biological_revision\resume_02\n06_p3.mat
6,3,7,3.50095436039816,2.91319738647714,1.19677692122105,0.0254339552359356,3,9,NaN,NaN,0.0228300248077196,0.0255264581934856,0.0256824543828682,0.876386410697371,1.05582873922397,1.15924164957824,E:\PROJECTS\Nirvik_Sinha_Data\cerebellar-preparatory-dynamics-model\results\stage_3\current\cache\biological_revision\resume_02\n06_p3.mat
6,3,8,3.58608799529494,2.39701604605685,0.929473789184379,0.0226689197396876,3,11,NaN,NaN,0.0198338181218874,0.0223622072471663,0.0226819270418769,1.05617750934215,1.24089539816025,1.383600375761,E:\PROJECTS\Nirvik_Sinha_Data\cerebellar-preparatory-dynamics-model\results\stage_3\current\cache\biological_revision\resume_02\n06_p3.mat
6,4,1,3.41198444214587,0.0731622464354204,0.0280707416563738,1.22966888555843,NaN,NaN,NaN,NaN,1.13901232402071,1.24627144803451,1.30446763819333,1.12136834519927,1.25359851397933,1.30593811664599,E:\PROJECTS\Nirvik_Sinha_Data\cerebellar-preparatory-dynamics-model\results\stage_3\current\cache\biological_revision\resume_02\n06_p4.mat
6,4,2,3.63549429635418,0.0767331561227913,0.0306364709951443,0.827977406339327,NaN,NaN,NaN,NaN,0.996284651916373,0.940973358027155,0.842037025665924,1.12962143808062,1.2223852928784,1.25188799783326,E:\PROJECTS\Nirvik_Sinha_Data\cerebellar-preparatory-dynamics-model\results\stage_3\current\cache\biological_revision\resume_02\n06_p4.mat
6,4,3,3.45779996693654,0.0814083850679758,0.0317228176391944,0.957631982924948,NaN,NaN,NaN,NaN,1.03556076128515,1.02879222584324,0.988676643613169,1.10364616192945,1.1952980666591,1.22018553296825,E:\PROJECTS\Nirvik_Sinha_Data\cerebellar-preparatory-dynamics-model\results\stage_3\current\cache\biological_revision\resume_02\n06_p4.mat
6,4,4,3.25144988535495,0.0738795464784926,0.0289314322474324,0.601449755284526,NaN,NaN,NaN,NaN,0.854014988248961,0.693352768030738,0.565733103084702,1.07252301142727,1.15807858847116,1.18581174159908,E:\PROJECTS\Nirvik_Sinha_Data\cerebellar-preparatory-dynamics-model\results\stage_3\current\cache\biological_revision\resume_02\n06_p4.mat
6,4,5,3.28847578302697,0.0674203251519022,0.0267414302576941,0.809417271002216,NaN,NaN,NaN,NaN,0.950045269152318,0.843726259433087,0.742283831330076,1.1505580053025,1.30705207827784,1.3830540240525,E:\PROJECTS\Nirvik_Sinha_Data\cerebellar-preparatory-dynamics-model\results\stage_3\current\cache\biological_revision\resume_02\n06_p4.mat
6,4,6,3.6893140243939,0.100846834653695,0.0405044236670615,0.880712203321651,NaN,NaN,NaN,NaN,1.04169951586773,1.03548781792369,0.949727113049796,1.04849824270824,1.08827797955182,1.11532172275779,E:\PROJECTS\Nirvik_Sinha_Data\cerebellar-preparatory-dynamics-model\results\stage_3\current\cache\biological_revision\resume_02\n06_p4.mat
6,4,7,3.65173507612525,0.0814279769320436,0.0334516033779074,0.821812537085915,NaN,NaN,NaN,NaN,0.897624434449391,0.801914061304637,0.758871511146908,1.14191644533857,1.2207611817989,1.24150153399187,E:\PROJECTS\Nirvik_Sinha_Data\cerebellar-preparatory-dynamics-model\results\stage_3\current\cache\biological_revision\resume_02\n06_p4.mat
6,4,8,3.32982697326071,0.0815218596602243,0.0316111491720689,0.753709383673507,NaN,NaN,NaN,NaN,1.11871843283399,1.07818075316883,0.859516410258297,1.23566613358944,1.34850115970438,1.35549216840638,E:\PROJECTS\Nirvik_Sinha_Data\cerebellar-preparatory-dynamics-model\results\stage_3\current\cache\biological_revision\resume_02\n06_p4.mat
7,1,1,0.076166577928653,3.35067238694095,1.30395064660177,2.44075975008449e-08,3,10,61,308,0.00095538212369366,8.95489135830467e-05,4.46624417404099e-06,0.540976449552074,0.384454030340709,0.206012933776699,E:\PROJECTS\Nirvik_Sinha_Data\cerebellar-preparatory-dynamics-model\results\stage_3\current\cache\biological_revision\resume_02\n07_p1.mat
7,1,2,0.0694358738623409,3.69409211166902,1.49888683770161,6.73194737842651e-09,3,8,21,293,0.000280178956692801,4.13473357751149e-05,2.39326292304314e-06,0.411336455030406,0.345330851930608,0.19857586549758,E:\PROJECTS\Nirvik_Sinha_Data\cerebellar-preparatory-dynamics-model\results\stage_3\current\cache\biological_revision\resume_02\n07_p1.mat
7,1,3,0.0755620630832328,3.51049513368847,1.40647504999426,1.03222869573633e-08,3,10,24,302,0.000770915178276091,8.11515374753289e-05,4.40023553926148e-06,0.409676625669,0.341826439356327,0.192440394794017,E:\PROJECTS\Nirvik_Sinha_Data\cerebellar-preparatory-dynamics-model\results\stage_3\current\cache\biological_revision\resume_02\n07_p1.mat
7,1,4,0.0621062781104087,3.23528892585598,1.29300512515523,3.61088476865078e-08,4,14,35,276,0.00212793248886344,0.000188293765620094,1.12741310473864e-05,0.428637442482636,0.317557132174909,0.167459167894839,E:\PROJECTS\Nirvik_Sinha_Data\cerebellar-preparatory-dynamics-model\results\stage_3\current\cache\biological_revision\resume_02\n07_p1.mat
7,1,5,0.0611643792689468,3.23250564323426,1.26757600499203,1.47681148057373e-08,3,11,32,291,0.00143851545243695,0.000137296721004136,5.3992980876641e-06,0.421942415733452,0.327939134487839,0.180486635862421,E:\PROJECTS\Nirvik_Sinha_Data\cerebellar-preparatory-dynamics-model\results\stage_3\current\cache\biological_revision\resume_02\n07_p1.mat
7,1,6,0.0778979179738231,3.80307349397616,1.5492019934152,9.81980713530266e-09,3,9,39,274,0.000548407807272503,5.22949599746019e-05,3.1223623047341e-06,0.461367165852922,0.330882530998797,0.165886665923625,E:\PROJECTS\Nirvik_Sinha_Data\cerebellar-preparatory-dynamics-model\results\stage_3\current\cache\biological_revision\resume_02\n07_p1.mat
7,1,7,0.104299044516915,3.55879271041261,1.36848745469106,8.12400589360532e-09,3,9,35,323,0.000389595544713891,4.41804334619453e-05,2.33768684714897e-06,0.480283224232045,0.414460195126886,0.23367221504632,E:\PROJECTS\Nirvik_Sinha_Data\cerebellar-preparatory-dynamics-model\results\stage_3\current\cache\biological_revision\resume_02\n07_p1.mat
7,1,8,0.083171547438249,3.18825144550705,1.26218912232925,1.26659956566367e-08,3,10,61,339,0.000872793200070992,0.000100982202686897,4.89778596438231e-06,0.517071379447816,0.437940764752315,0.249138239164999,E:\PROJECTS\Nirvik_Sinha_Data\cerebellar-preparatory-dynamics-model\results\stage_3\current\cache\biological_revision\resume_02\n07_p1.mat
7,2,1,0.161659190073357,3.36918876541151,1.31115649691812,0.000185602095728292,58,149,183,430,0.5534535069849,0.246552638673642,0.0469576986662992,0.84513338596063,0.732074404068178,0.453534549021915,E:\PROJECTS\Nirvik_Sinha_Data\cerebellar-preparatory-dynamics-model\results\stage_3\current\cache\biological_revision\resume_02\n07_p2.mat
7,2,2,0.226649431914211,3.70448874611522,1.50310529735468,7.73002830103966e-05,57,144,228,462,0.550998497543913,0.238726541808749,0.0421906227018419,0.907214379023916,0.86974535476313,0.588820446722516,E:\PROJECTS\Nirvik_Sinha_Data\cerebellar-preparatory-dynamics-model\results\stage_3\current\cache\biological_revision\resume_02\n07_p2.mat
7,2,3,0.204717159976433,3.50892994423846,1.40584795899253,5.10252298479066e-05,54,132,205,445,0.527309053866657,0.198297076810235,0.038105243760013,0.864210690615763,0.837766964716953,0.514576381164787,E:\PROJECTS\Nirvik_Sinha_Data\cerebellar-preparatory-dynamics-model\results\stage_3\current\cache\biological_revision\resume_02\n07_p2.mat
7,2,4,0.136684598418426,3.25421613512188,1.30056951249328,0.000315475577538795,54,133,175,414,0.530131556177961,0.202696659622892,0.0356965076014562,0.742069035665105,0.712436909051151,0.417891270015525,E:\PROJECTS\Nirvik_Sinha_Data\cerebellar-preparatory-dynamics-model\results\stage_3\current\cache\biological_revision\resume_02\n07_p2.mat
7,2,5,0.137534858952088,3.22477320089537,1.26454384992394,0.000157785244310886,55,137,193,422,0.535648315886891,0.213779254919051,0.0402055142768293,0.773349885679573,0.741399708186005,0.477560876578069,E:\PROJECTS\Nirvik_Sinha_Data\cerebellar-preparatory-dynamics-model\results\stage_3\current\cache\biological_revision\resume_02\n07_p2.mat
7,2,6,0.198660971612482,3.84505828418735,1.56630471856403,0.000152160279325818,54,136,192,428,0.53004525968393,0.205374426028271,0.0415470878613353,0.825531596078984,0.751548234904831,0.473935166733251,E:\PROJECTS\Nirvik_Sinha_Data\cerebellar-preparatory-dynamics-model\results\stage_3\current\cache\biological_revision\resume_02\n07_p2.mat
7,2,7,0.216041053897916,3.57027545193373,1.37290299360996,5.2058606098555e-05,56,140,223,457,0.543129311321683,0.223500107983438,0.0409377930603277,0.896264058746065,0.873652209023657,0.571778030556478,E:\PROJECTS\Nirvik_Sinha_Data\cerebellar-preparatory-dynamics-model\results\stage_3\current\cache\biological_revision\resume_02\n07_p2.mat
7,2,8,0.169732827697847,3.19082672169623,1.26320864216592,7.52086701352893e-05,60,153,208,457,0.567492103029623,0.272317194860347,0.0429958360459628,0.906972306799956,0.86754242214474,0.524340887238948,E:\PROJECTS\Nirvik_Sinha_Data\cerebellar-preparatory-dynamics-model\results\stage_3\current\cache\biological_revision\resume_02\n07_p2.mat
7,3,1,3.59352702735924,2.24890169646108,0.875184584644365,0.0340356626504425,3,11,NaN,NaN,0.0255691481898259,0.032737251659824,0.034123707378291,1.02310604554903,1.19364462836331,1.32448355151738,E:\PROJECTS\Nirvik_Sinha_Data\cerebellar-preparatory-dynamics-model\results\stage_3\current\cache\biological_revision\resume_02\n07_p3.mat
7,3,2,3.73277877923625,3.57319646922702,1.44983313743805,0.0235748414753812,3,9,NaN,NaN,0.0212917535773256,0.0232046542776403,0.0235667119452948,0.829873125932193,1.03750819391966,1.21687804955678,E:\PROJECTS\Nirvik_Sinha_Data\cerebellar-preparatory-dynamics-model\results\stage_3\current\cache\biological_revision\resume_02\n07_p3.mat
7,3,3,3.78889152665873,3.47360168870032,1.39169374197129,0.0381582430458436,3,10,NaN,NaN,0.0324724150189878,0.0373032682190519,0.0381604661605767,0.787615843548611,0.974633279909443,1.1609611560295,E:\PROJECTS\Nirvik_Sinha_Data\cerebellar-preparatory-dynamics-model\results\stage_3\current\cache\biological_revision\resume_02\n07_p3.mat
7,3,4,3.3969036451864,2.09280905425506,0.836405308810902,0.0688437250715472,5,16,NaN,NaN,0.0498836148305529,0.0663286822360251,0.0690198575148361,0.929734297184561,1.1003022467434,1.23644385177617,E:\PROJECTS\Nirvik_Sinha_Data\cerebellar-preparatory-dynamics-model\results\stage_3\current\cache\biological_revision\resume_02\n07_p3.mat
7,3,5,3.17449234983297,2.33056997531703,0.913896186028296,0.0621041625209829,3,11,NaN,NaN,0.0483266872689722,0.0600202573350042,0.0621556348432447,0.894334911218609,1.09432225744929,1.26852691878282,E:\PROJECTS\Nirvik_Sinha_Data\cerebellar-preparatory-dynamics-model\results\stage_3\current\cache\biological_revision\resume_02\n07_p3.mat
7,3,6,4.10598561160625,3.14895734078467,1.28274433750757,0.032198079187066,3,10,NaN,NaN,0.0280799531743343,0.0317358410099327,0.032182221265558,0.929032780651107,1.07060736449647,1.21540466411266,E:\PROJECTS\Nirvik_Sinha_Data\cerebellar-preparatory-dynamics-model\results\stage_3\current\cache\biological_revision\resume_02\n07_p3.mat
7,3,7,3.7012401109789,3.19388073198127,1.22816529906546,0.0239507657065991,3,9,NaN,NaN,0.0210510776979056,0.0236491841007672,0.0239489732140942,0.841870313901302,1.0235473638761,1.17555644649698,E:\PROJECTS\Nirvik_Sinha_Data\cerebellar-preparatory-dynamics-model\results\stage_3\current\cache\biological_revision\resume_02\n07_p3.mat
7,3,8,3.58315854220171,2.51878698571628,0.997156463087552,0.0259896900480703,3,11,NaN,NaN,0.0199367690988581,0.0249629814876789,0.0261938114741206,0.981248581150517,1.18422291925706,1.39507529274875,E:\PROJECTS\Nirvik_Sinha_Data\cerebellar-preparatory-dynamics-model\results\stage_3\current\cache\biological_revision\resume_02\n07_p3.mat
7,4,1,3.33845969366789,0.153080950855915,0.0595731190040999,0.590921025171045,NaN,NaN,NaN,NaN,0.908428596919687,0.808484169424536,0.661318917687708,1.1361559930141,1.24900197627399,1.30961466104546,E:\PROJECTS\Nirvik_Sinha_Data\cerebellar-preparatory-dynamics-model\results\stage_3\current\cache\biological_revision\resume_02\n07_p4.mat
7,4,2,3.70059898141555,0.143070795205838,0.0580513223035588,0.865408164129001,NaN,NaN,NaN,NaN,1.01266831041851,0.95870495831816,0.835062222301776,1.09685433098013,1.19752268711866,1.24776149872277,E:\PROJECTS\Nirvik_Sinha_Data\cerebellar-preparatory-dynamics-model\results\stage_3\current\cache\biological_revision\resume_02\n07_p4.mat
7,4,3,3.51897516955024,0.124778575942376,0.0499923649380962,1.08877156974739,NaN,NaN,NaN,NaN,0.980995804766106,1.03340518667102,1.12090494029125,1.0118712635112,1.07959837881032,1.15070956634786,E:\PROJECTS\Nirvik_Sinha_Data\cerebellar-preparatory-dynamics-model\results\stage_3\current\cache\biological_revision\resume_02\n07_p4.mat
7,4,4,3.22893909062669,0.115525285122779,0.0461704624137244,0.685272609308883,NaN,NaN,NaN,NaN,0.868968033236359,0.732387630124976,0.612925706722334,1.0407258404089,1.13524999335541,1.21209562216909,E:\PROJECTS\Nirvik_Sinha_Data\cerebellar-preparatory-dynamics-model\results\stage_3\current\cache\biological_revision\resume_02\n07_p4.mat
7,4,5,3.22723162453164,0.110661533644158,0.0433941716440765,0.945132341384294,NaN,NaN,NaN,NaN,1.05613565627827,1.13664695051696,1.07023394209606,1.04122077628178,1.20358477223182,1.35807919084522,E:\PROJECTS\Nirvik_Sinha_Data\cerebellar-preparatory-dynamics-model\results\stage_3\current\cache\biological_revision\resume_02\n07_p4.mat
7,4,6,3.79613051234047,0.126109148856595,0.0513712251698482,0.770733090233904,NaN,NaN,NaN,NaN,0.989268235544985,0.929347360684064,0.812137056692385,1.1003694735285,1.16972164747495,1.18230578823138,E:\PROJECTS\Nirvik_Sinha_Data\cerebellar-preparatory-dynamics-model\results\stage_3\current\cache\biological_revision\resume_02\n07_p4.mat
7,4,7,3.55565733388053,0.102622826367911,0.039462273269955,0.759693595429767,NaN,NaN,NaN,NaN,0.961211342242473,0.855661911051321,0.716573989524526,1.09318602483103,1.16842202519887,1.18439031124197,E:\PROJECTS\Nirvik_Sinha_Data\cerebellar-preparatory-dynamics-model\results\stage_3\current\cache\biological_revision\resume_02\n07_p4.mat
7,4,8,3.18641607897183,0.109387481234394,0.0433051443064869,0.83751551331358,NaN,NaN,NaN,NaN,0.94856803828887,0.874271168970472,0.821941894572978,1.10872067087699,1.22164905209497,1.32622027629836,E:\PROJECTS\Nirvik_Sinha_Data\cerebellar-preparatory-dynamics-model\results\stage_3\current\cache\biological_revision\resume_02\n07_p4.mat
8,1,1,0.101416679369419,3.41548269116039,1.35682976304196,2.44318311181518e-08,3,11,54,329,0.00115957465187557,0.000101134700819828,6.88203030999319e-06,0.512669698143223,0.364679197139578,0.204197730993434,E:\PROJECTS\Nirvik_Sinha_Data\cerebellar-preparatory-dynamics-model\results\stage_3\current\cache\biological_revision\resume_02\n08_p1.mat
8,1,2,0.0777060311511324,3.63068258447509,1.490284091064,1.04242628301521e-08,3,8,26,293,0.000324298459049252,3.05795648075575e-05,2.38221271537994e-06,0.427943418539289,0.329265993053815,0.180828611674034,E:\PROJECTS\Nirvik_Sinha_Data\cerebellar-preparatory-dynamics-model\results\stage_3\current\cache\biological_revision\resume_02\n08_p1.mat
8,1,3,0.0862057708631282,3.61294616403534,1.45111677753187,1.25451538716579e-08,3,10,24,301,0.00093792513074066,8.41282221973921e-05,4.97132187696755e-06,0.403796670658282,0.305803085074997,0.168852591600321,E:\PROJECTS\Nirvik_Sinha_Data\cerebellar-preparatory-dynamics-model\results\stage_3\current\cache\biological_revision\resume_02\n08_p1.mat
8,1,4,0.0520819178348002,3.36298816813888,1.33692775740956,3.55727178193798e-08,4,15,42,285,0.00276231447192648,0.000247742479372013,1.54356491594205e-05,0.469845244711743,0.346389001582031,0.173680560777358,E:\PROJECTS\Nirvik_Sinha_Data\cerebellar-preparatory-dynamics-model\results\stage_3\current\cache\biological_revision\resume_02\n08_p1.mat
8,1,5,0.0859990097270563,3.35272041722913,1.35226156301543,4.67468808903844e-08,4,12,70,337,0.00193430778377831,0.000169746955158369,1.07371006760723e-05,0.556124691508468,0.424452882811933,0.232247607078726,E:\PROJECTS\Nirvik_Sinha_Data\cerebellar-preparatory-dynamics-model\results\stage_3\current\cache\biological_revision\resume_02\n08_p1.mat
8,1,6,0.0702746827725666,3.61480452544405,1.44607982066917,9.79622728783796e-09,3,9,27,291,0.000803650361647508,5.47965372606794e-05,2.69906197524314e-06,0.396113650548127,0.285089963543814,0.164959233623281,E:\PROJECTS\Nirvik_Sinha_Data\cerebellar-preparatory-dynamics-model\results\stage_3\current\cache\biological_revision\resume_02\n08_p1.mat
8,1,7,0.0723265737205213,3.52822502600282,1.37136040396179,6.47928701676255e-09,3,9,28,300,0.00044322966319317,4.42747176028299e-05,1.9556833338565e-06,0.43003578278791,0.330242112261927,0.183282860080166,E:\PROJECTS\Nirvik_Sinha_Data\cerebellar-preparatory-dynamics-model\results\stage_3\current\cache\biological_revision\resume_02\n08_p1.mat
8,1,8,0.0578528621236742,3.52758386207857,1.39594629891904,9.28909164899157e-09,3,9,73,274,0.000914631486820154,9.16346358331731e-05,5.69117050191462e-06,0.575199885770259,0.418031796964071,0.184333349496356,E:\PROJECTS\Nirvik_Sinha_Data\cerebellar-preparatory-dynamics-model\results\stage_3\current\cache\biological_revision\resume_02\n08_p1.mat
8,2,1,0.180754956276162,3.41617294180631,1.35710397102514,0.000160387128013868,58,150,186,439,0.554575077253085,0.249043718843565,0.0488888412362857,0.833349204960391,0.726233624321771,0.463578019327925,E:\PROJECTS\Nirvik_Sinha_Data\cerebellar-preparatory-dynamics-model\results\stage_3\current\cache\biological_revision\resume_02\n08_p2.mat
8,2,2,0.233028533723215,3.61250000502938,1.48282069864343,4.40851809667439e-05,57,144,218,472,0.551120734990997,0.237931187416911,0.0424012141275761,0.960300531640845,0.936652559415287,0.558242681460163,E:\PROJECTS\Nirvik_Sinha_Data\cerebellar-preparatory-dynamics-model\results\stage_3\current\cache\biological_revision\resume_02\n08_p2.mat
8,2,3,0.202744777274659,3.62879357689606,1.45748178980677,9.70244938235801e-05,54,134,210,454,0.531379205439889,0.20366557082188,0.0409681016868752,0.912361135218716,0.863416825735048,0.52421618753604,E:\PROJECTS\Nirvik_Sinha_Data\cerebellar-preparatory-dynamics-model\results\stage_3\current\cache\biological_revision\resume_02\n08_p2.mat
8,2,4,0.150122188170265,3.37299122658699,1.34090438944918,0.000546767044436491,55,140,171,422,0.533823434890124,0.214451994256126,0.0428291956184856,0.781120946542765,0.684123817057658,0.435272765945931,E:\PROJECTS\Nirvik_Sinha_Data\cerebellar-preparatory-dynamics-model\results\stage_3\current\cache\biological_revision\resume_02\n08_p2.mat
8,2,5,0.160007655919072,3.36056674901995,1.35542624469806,0.000299051372984901,55,137,176,414,0.537307223421768,0.214242544824043,0.0391611068429296,0.878175240500321,0.760633230261626,0.42533948458023,E:\PROJECTS\Nirvik_Sinha_Data\cerebellar-preparatory-dynamics-model\results\stage_3\current\cache\biological_revision\resume_02\n08_p2.mat
8,2,6,0.20492047300699,3.62755031980926,1.45117869555997,8.61537441969981e-05,54,134,194,448,0.532570339372785,0.204997337349736,0.0391401656145165,0.906598150841468,0.830583231563727,0.480910291498363,E:\PROJECTS\Nirvik_Sinha_Data\cerebellar-preparatory-dynamics-model\results\stage_3\current\cache\biological_revision\resume_02\n08_p2.mat
8,2,7,0.202212857541762,3.52662655906394,1.37073910734639,5.19466102173939e-05,56,138,213,460,0.543604246447977,0.22224519641496,0.0389111136000175,0.94585606496366,0.891320029635758,0.534939957819739,E:\PROJECTS\Nirvik_Sinha_Data\cerebellar-preparatory-dynamics-model\results\stage_3\current\cache\biological_revision\resume_02\n08_p2.mat
8,2,8,0.154583889206743,3.53171370997075,1.39758057498605,0.000196495368676775,60,152,163,422,0.563632111657248,0.266394652565185,0.042983718630546,0.80578745894659,0.695183737333538,0.389251065511984,E:\PROJECTS\Nirvik_Sinha_Data\cerebellar-preparatory-dynamics-model\results\stage_3\current\cache\biological_revision\resume_02\n08_p2.mat
8,3,1,3.86864965276344,3.09210508031709,1.22836523642346,0.0358900245704824,3,12,NaN,NaN,0.0292944808671416,0.0347402094605255,0.0359564581564469,0.964132094175416,1.15997084005518,1.32218929191746,E:\PROJECTS\Nirvik_Sinha_Data\cerebellar-preparatory-dynamics-model\results\stage_3\current\cache\biological_revision\resume_02\n08_p3.mat
8,3,2,4.02204836245524,3.584970910614,1.47152084785943,0.0273698985877027,3,9,NaN,NaN,0.0241921888738364,0.0271219524557607,0.0273450326138285,0.877134309520581,1.09014226211089,1.27280595242519,E:\PROJECTS\Nirvik_Sinha_Data\cerebellar-preparatory-dynamics-model\results\stage_3\current\cache\biological_revision\resume_02\n08_p3.mat
8,3,3,4.31599769728099,3.49991405737617,1.40571815299502,0.0540328593452022,3,10,NaN,NaN,0.0447910186250308,0.0533026510972412,0.0540515349381523,0.949203455876993,1.16724450121495,1.37211481993016,E:\PROJECTS\Nirvik_Sinha_Data\cerebellar-preparatory-dynamics-model\results\stage_3\current\cache\biological_revision\resume_02\n08_p3.mat
8,3,4,3.64500290852396,2.59268563230253,1.03070044102488,0.0893429829505909,4,17,NaN,NaN,0.0707468453960902,0.0872810456730789,0.0896270709737752,0.993755803895787,1.17688198878795,1.34162148430356,E:\PROJECTS\Nirvik_Sinha_Data\cerebellar-preparatory-dynamics-model\results\stage_3\current\cache\biological_revision\resume_02\n08_p3.mat
8,3,5,3.60612053125051,2.78587320169669,1.1236335814731,0.0446344301100082,4,14,NaN,NaN,0.0361907582791565,0.0431113173322554,0.0446911321646947,0.91538391256474,1.07469156655059,1.23813301118658,E:\PROJECTS\Nirvik_Sinha_Data\cerebellar-preparatory-dynamics-model\results\stage_3\current\cache\biological_revision\resume_02\n08_p3.mat
8,3,6,4.1497106212871,3.13710809003893,1.25498036541991,0.0428298078562337,3,10,NaN,NaN,0.0347784797199663,0.0420621661489844,0.0427958805904846,0.88948940576349,1.11693772122137,1.32133748959327,E:\PROJECTS\Nirvik_Sinha_Data\cerebellar-preparatory-dynamics-model\results\stage_3\current\cache\biological_revision\resume_02\n08_p3.mat
8,3,7,3.69518299261153,2.93863385101721,1.14219645156599,0.0297485876001262,3,9,NaN,NaN,0.0254792318167357,0.0294866577920792,0.029744973718753,0.931520904677566,1.1556304576243,1.29560124824793,E:\PROJECTS\Nirvik_Sinha_Data\cerebellar-preparatory-dynamics-model\results\stage_3\current\cache\biological_revision\resume_02\n08_p3.mat
8,3,8,3.76143189262377,2.4807407157425,0.981686320188005,0.0315175219282152,3,10,NaN,NaN,0.025724329323681,0.030693735772362,0.0317091143147886,1.01477599834898,1.17217415740648,1.28805938415994,E:\PROJECTS\Nirvik_Sinha_Data\cerebellar-preparatory-dynamics-model\results\stage_3\current\cache\biological_revision\resume_02\n08_p3.mat
8,4,1,3.40658299141209,0.149961642956049,0.0595735475410386,0.86418332902609,NaN,NaN,NaN,NaN,0.87970172747148,0.836640880114695,0.871209210717978,1.11947873323471,1.23563707391262,1.27328379902107,E:\PROJECTS\Nirvik_Sinha_Data\cerebellar-preparatory-dynamics-model\results\stage_3\current\cache\biological_revision\resume_02\n08_p4.mat
8,4,2,3.61473995099948,0.111930074167341,0.0459438700470474,0.969838833508549,NaN,NaN,NaN,NaN,1.03494443380828,1.03966662130783,1.02214393010037,1.10664675543015,1.20717988520905,1.25763196753327,E:\PROJECTS\Nirvik_Sinha_Data\cerebellar-preparatory-dynamics-model\results\stage_3\current\cache\biological_revision\resume_02\n08_p4.mat
8,4,3,3.60670497860511,0.139919671664332,0.0561978434885078,1.1105566178023,NaN,NaN,NaN,NaN,1.0774720858469,1.14551837120329,1.16785506174165,1.09989496650902,1.20447229085965,1.25384679707846,E:\PROJECTS\Nirvik_Sinha_Data\cerebellar-preparatory-dynamics-model\results\stage_3\current\cache\biological_revision\resume_02\n08_p4.mat
8,4,4,3.34720365144525,0.125019067650222,0.0497002824245867,1.31157715852844,NaN,NaN,NaN,NaN,0.795197137691267,0.878209840188451,1.17672610220139,1.07600923629911,1.20802197949185,1.31553897139293,E:\PROJECTS\Nirvik_Sinha_Data\cerebellar-preparatory-dynamics-model\results\stage_3\current\cache\biological_revision\resume_02\n08_p4.mat
8,4,5,3.36543209676074,0.129618715894471,0.0522794583320401,0.895735159502849,NaN,NaN,NaN,NaN,1.06885737068739,1.0233884306545,0.839620715148049,1.11114856086828,1.22323053620984,1.24832508656564,E:\PROJECTS\Nirvik_Sinha_Data\cerebellar-preparatory-dynamics-model\results\stage_3\current\cache\biological_revision\resume_02\n08_p4.mat
8,4,6,3.61661964070191,0.138969872882308,0.0555940238100092,0.753965018496252,NaN,NaN,NaN,NaN,0.948889103733085,0.879131720962609,0.762293671599671,1.06708242203246,1.14917972219505,1.2073700617218,E:\PROJECTS\Nirvik_Sinha_Data\cerebellar-preparatory-dynamics-model\results\stage_3\current\cache\biological_revision\resume_02\n08_p4.mat
8,4,7,3.53638089880247,0.128291424454216,0.04986467086644,0.818494294395428,NaN,NaN,NaN,NaN,0.912061920800592,0.824818372099031,0.78867937458097,1.12302616468324,1.23023198405744,1.26632168415838,E:\PROJECTS\Nirvik_Sinha_Data\cerebellar-preparatory-dynamics-model\results\stage_3\current\cache\biological_revision\resume_02\n08_p4.mat
8,4,8,3.51695132463967,0.105801402662767,0.0418680553721851,1.00730009590824,NaN,NaN,NaN,NaN,1.03075006277258,1.05667551774589,1.08647635387405,1.07710777768482,1.16249221208522,1.24013786027427,E:\PROJECTS\Nirvik_Sinha_Data\cerebellar-preparatory-dynamics-model\results\stage_3\current\cache\biological_revision\resume_02\n08_p4.mat
9,1,1,0.0804669807804951,3.37211149122875,1.3850330917434,2.46253398519355e-08,3,11,50,317,0.00116416665860792,8.89528361118969e-05,4.59928628801444e-06,0.499279650722923,0.378927942018037,0.196884908124546,E:\PROJECTS\Nirvik_Sinha_Data\cerebellar-preparatory-dynamics-model\results\stage_3\current\cache\biological_revision\resume_02\n09_p1.mat
9,1,2,0.0861609582636138,3.72960020381548,1.4206084962439,3.55313961643539e-09,3,9,34,310,0.00023208855002728,2.50781889874824e-05,1.38274656471611e-06,0.457038054463043,0.366141560553724,0.212353074360705,E:\PROJECTS\Nirvik_Sinha_Data\cerebellar-preparatory-dynamics-model\results\stage_3\current\cache\biological_revision\resume_02\n09_p1.mat
9,1,3,0.0967476867983199,3.57105918438441,1.42082366589001,1.09588299856148e-08,3,10,31,318,0.000773278521193955,6.42656276975942e-05,3.04376796569906e-06,0.435405446786261,0.343732141932457,0.202387553004897,E:\PROJECTS\Nirvik_Sinha_Data\cerebellar-preparatory-dynamics-model\results\stage_3\current\cache\biological_revision\resume_02\n09_p1.mat
9,1,4,0.0649896484882785,3.28143133749348,1.25375476460772,4.03857545121191e-08,4,15,48,305,0.00247733669440304,0.000181231374256081,1.20236993023285e-05,0.49272363637964,0.374976190126939,0.207341401581932,E:\PROJECTS\Nirvik_Sinha_Data\cerebellar-preparatory-dynamics-model\results\stage_3\current\cache\biological_revision\resume_02\n09_p1.mat
9,1,5,0.065826442500729,3.24974710898409,1.31601443013583,1.86644061037726e-08,4,12,50,304,0.00136254302129967,8.98138674743627e-05,4.18406893695436e-06,0.49737190141547,0.371659860274469,0.210223321830009,E:\PROJECTS\Nirvik_Sinha_Data\cerebellar-preparatory-dynamics-model\results\stage_3\current\cache\biological_revision\resume_02\n09_p1.mat
9,1,6,0.0919067241665271,3.59359758060753,1.45728427469192,7.26379867274923e-09,3,9,39,314,0.000577768659164984,4.63781342261487e-05,2.33303437632429e-06,0.475171880109323,0.37683236165129,0.20499291538979,E:\PROJECTS\Nirvik_Sinha_Data\cerebellar-preparatory-dynamics-model\results\stage_3\current\cache\biological_revision\resume_02\n09_p1.mat
9,1,7,0.0706916670158874,3.66163129930467,1.49047408299276,6.84599681301635e-09,3,9,25,297,0.000412500230389443,3.40235847609006e-05,1.36966405409893e-06,0.400153950444276,0.322849201940623,0.185741120768321,E:\PROJECTS\Nirvik_Sinha_Data\cerebellar-preparatory-dynamics-model\results\stage_3\current\cache\biological_revision\resume_02\n09_p1.mat
9,1,8,0.0871479867371465,3.12671041736582,1.24349688018836,1.91902380922003e-08,3,10,52,332,0.000785990434539111,7.35814188502787e-05,3.99991083783335e-06,0.504809113083804,0.379920131943742,0.221021748259373,E:\PROJECTS\Nirvik_Sinha_Data\cerebellar-preparatory-dynamics-model\results\stage_3\current\cache\biological_revision\resume_02\n09_p1.mat
9,2,1,0.19758564649697,3.3563598802703,1.37856340576698,0.000362370060325142,58,151,178,458,0.55477292700115,0.250161156670708,0.0493141690459217,0.884188848258609,0.794059748628319,0.41833610137386,E:\PROJECTS\Nirvik_Sinha_Data\cerebellar-preparatory-dynamics-model\results\stage_3\current\cache\biological_revision\resume_02\n09_p2.mat
9,2,2,0.218912998577868,3.73250526551052,1.42171503718678,8.29925267803113e-05,57,143,205,449,0.551145100999906,0.237342760152746,0.0413149474862469,0.89633175685102,0.858348817486725,0.513687525739985,E:\PROJECTS\Nirvik_Sinha_Data\cerebellar-preparatory-dynamics-model\results\stage_3\current\cache\biological_revision\resume_02\n09_p2.mat
9,2,3,0.230272123908394,3.55038229482137,1.41259691508268,8.6189365643772e-05,54,135,222,455,0.531334645337521,0.204127353921818,0.0405251037801246,0.920682616673795,0.890812364520148,0.563445031267386,E:\PROJECTS\Nirvik_Sinha_Data\cerebellar-preparatory-dynamics-model\results\stage_3\current\cache\biological_revision\resume_02\n09_p2.mat
9,2,4,0.168308251818747,3.28021087725435,1.25328845656027,0.000556680891351193,55,139,197,430,0.532966590653981,0.212717407867705,0.0420279224829086,0.822848034343961,0.755950751279796,0.489795153465441,E:\PROJECTS\Nirvik_Sinha_Data\cerebellar-preparatory-dynamics-model\results\stage_3\current\cache\biological_revision\resume_02\n09_p2.mat
9,2,5,0.154338226687433,3.24911488735525,1.31575840627961,0.000534592589232031,56,144,167,422,0.542795040486991,0.227282850254365,0.0469836858995374,0.819367886697249,0.726844262296512,0.395222092271714,E:\PROJECTS\Nirvik_Sinha_Data\cerebellar-preparatory-dynamics-model\results\stage_3\current\cache\biological_revision\resume_02\n09_p2.mat
9,2,6,0.191837464711798,3.59559698718581,1.4580950788234,0.000213318075243172,55,138,193,439,0.53348703393086,0.21004801747353,0.0432403469483002,0.92292682791118,0.878229934931072,0.473592515041078,E:\PROJECTS\Nirvik_Sinha_Data\cerebellar-preparatory-dynamics-model\results\stage_3\current\cache\biological_revision\resume_02\n09_p2.mat
9,2,7,0.230285124129082,3.62808336825133,1.47681833294973,3.80248295118218e-05,56,145,214,459,0.543066342708223,0.226101789013499,0.0487437828792622,0.878202587154223,0.850047302988616,0.540812280388381,E:\PROJECTS\Nirvik_Sinha_Data\cerebellar-preparatory-dynamics-model\results\stage_3\current\cache\biological_revision\resume_02\n09_p2.mat
9,2,8,0.18943847667832,3.12699962736505,1.24361189938866,0.000127828999357084,60,153,225,458,0.56438626322551,0.267438611115583,0.0446198636311109,0.855041091235394,0.783209366762293,0.565882737787443,E:\PROJECTS\Nirvik_Sinha_Data\cerebellar-preparatory-dynamics-model\results\stage_3\current\cache\biological_revision\resume_02\n09_p2.mat
9,3,1,3.42263260980099,2.60687945960472,1.0707280370564,0.0295211541070617,3,12,NaN,NaN,0.0256531157622734,0.0287665526243414,0.0294972763750328,0.947159488830278,1.19110571995884,1.35625235669832,E:\PROJECTS\Nirvik_Sinha_Data\cerebellar-preparatory-dynamics-model\results\stage_3\current\cache\biological_revision\resume_02\n09_p3.mat
9,3,2,3.8966543327179,3.3952645980847,1.29325972529197,0.0237436787023744,3,9,NaN,NaN,0.0214442972546932,0.0235559245767186,0.0237501547613954,0.854732958836884,1.03318487156242,1.17132332642192,E:\PROJECTS\Nirvik_Sinha_Data\cerebellar-preparatory-dynamics-model\results\stage_3\current\cache\biological_revision\resume_02\n09_p3.mat
9,3,3,3.61064689064163,3.05091580360004,1.21387329432907,0.0396628071271785,3,10,NaN,NaN,0.0327474243203076,0.0389928197062303,0.0397216489355214,0.806411986826225,0.963783745794321,1.09939990112341,E:\PROJECTS\Nirvik_Sinha_Data\cerebellar-preparatory-dynamics-model\results\stage_3\current\cache\biological_revision\resume_02\n09_p3.mat
9,3,4,3.4598573471314,2.41776390968051,0.923768535645778,0.0650679291091831,5,17,NaN,NaN,0.0483550054905176,0.0624168379435354,0.0652093834411596,0.944584968676705,1.12870296736113,1.27426406661454,E:\PROJECTS\Nirvik_Sinha_Data\cerebellar-preparatory-dynamics-model\results\stage_3\current\cache\biological_revision\resume_02\n09_p3.mat
9,3,5,3.41427614464389,2.19706323550101,0.889720592056816,0.04323445322603,4,13,NaN,NaN,0.0357269340291511,0.0422739581018123,0.0433337049968352,0.940222253571789,1.14700420445153,1.31115227674444,E:\PROJECTS\Nirvik_Sinha_Data\cerebellar-preparatory-dynamics-model\results\stage_3\current\cache\biological_revision\resume_02\n09_p3.mat
9,3,6,3.93819177854185,3.05440770569296,1.23863070868711,0.0359228596728673,3,10,NaN,NaN,0.0301865337337682,0.0354335369347487,0.03594649635266,0.898366156724811,1.10243222740523,1.24674656967869,E:\PROJECTS\Nirvik_Sinha_Data\cerebellar-preparatory-dynamics-model\results\stage_3\current\cache\biological_revision\resume_02\n09_p3.mat
9,3,7,3.61490973983758,2.96471160043468,1.20679157533829,0.0320811212191524,3,9,NaN,NaN,0.0269415735793677,0.0316274688324486,0.0321097568340606,0.883607578429828,1.03207977539781,1.14623016304266,E:\PROJECTS\Nirvik_Sinha_Data\cerebellar-preparatory-dynamics-model\results\stage_3\current\cache\biological_revision\resume_02\n09_p3.mat
9,3,8,3.24236826241078,2.68389419388782,1.06738828076917,0.0204478730745099,3,11,NaN,NaN,0.0164885238338054,0.01966358589533,0.0204589511257797,0.827939614495196,1.01019757788908,1.20173414113185,E:\PROJECTS\Nirvik_Sinha_Data\cerebellar-preparatory-dynamics-model\results\stage_3\current\cache\biological_revision\resume_02\n09_p3.mat
9,4,1,3.37550522089202,0.104812964403806,0.0430500072493443,1.21954616950071,NaN,NaN,NaN,NaN,0.81800052331648,0.831799245823324,1.0546460144601,1.1132293450726,1.26808666362707,1.35789491532142,E:\PROJECTS\Nirvik_Sinha_Data\cerebellar-preparatory-dynamics-model\results\stage_3\current\cache\biological_revision\resume_02\n09_p4.mat
9,4,2,3.72008832429041,0.101258972757997,0.0385696453131299,1.09435222957081,NaN,NaN,NaN,NaN,1.00706981119903,1.02720720831868,1.09748756511249,1.06750424503118,1.13838204024637,1.17199047897839,E:\PROJECTS\Nirvik_Sinha_Data\cerebellar-preparatory-dynamics-model\results\stage_3\current\cache\biological_revision\resume_02\n09_p4.mat
9,4,3,3.58252103614308,0.131592917041452,0.0523571078333237,0.774857093068787,NaN,NaN,NaN,NaN,0.800003182285074,0.685652160768637,0.703086078136768,1.04672505719301,1.09648738899582,1.1449837968901,E:\PROJECTS\Nirvik_Sinha_Data\cerebellar-preparatory-dynamics-model\results\stage_3\current\cache\biological_revision\resume_02\n09_p4.mat
9,4,4,3.29380820258605,0.131804389160131,0.0503592377562747,0.825169650962617,NaN,NaN,NaN,NaN,0.886882213736614,0.813731211234956,0.756203406913513,1.08548608184902,1.20027064578384,1.27526936941234,E:\PROJECTS\Nirvik_Sinha_Data\cerebellar-preparatory-dynamics-model\results\stage_3\current\cache\biological_revision\resume_02\n09_p4.mat
9,4,5,3.25401641997783,0.121734291233074,0.049297400238373,0.711525641531738,NaN,NaN,NaN,NaN,0.732384242459669,0.617271586045669,0.609467956066997,1.06412671953882,1.19547072399383,1.30430893325634,E:\PROJECTS\Nirvik_Sinha_Data\cerebellar-preparatory-dynamics-model\results\stage_3\current\cache\biological_revision\resume_02\n09_p4.mat
9,4,6,3.58197358274358,0.105949496029729,0.0429648927049744,0.920370115900425,NaN,NaN,NaN,NaN,0.860948383623269,0.79860389703436,0.861999481733625,1.05310279168976,1.13596206083259,1.18689270453983,E:\PROJECTS\Nirvik_Sinha_Data\cerebellar-preparatory-dynamics-model\results\stage_3\current\cache\biological_revision\resume_02\n09_p4.mat
9,4,7,3.66712173052503,0.112459241622867,0.0457767512157039,0.85201734448046,NaN,NaN,NaN,NaN,0.904216032723519,0.831472039296124,0.791870431337302,1.08751568144166,1.16948421940214,1.23206023297792,E:\PROJECTS\Nirvik_Sinha_Data\cerebellar-preparatory-dynamics-model\results\stage_3\current\cache\biological_revision\resume_02\n09_p4.mat
9,4,8,3.13655235841662,0.118332092331004,0.0470608300732022,0.883585537211668,NaN,NaN,NaN,NaN,0.842569240246368,0.737570235571458,0.753988242507633,1.02174989486836,1.10956642801894,1.21914310507909,E:\PROJECTS\Nirvik_Sinha_Data\cerebellar-preparatory-dynamics-model\results\stage_3\current\cache\biological_revision\resume_02\n09_p4.mat
10,1,1,0.0938262985829684,3.39183465829385,1.29026349318228,2.64622434887304e-08,3,10,103,349,0.00105277566348364,0.000159142278803128,1.16073776486666e-05,0.634604075184477,0.506437730739411,0.274221372579261,E:\PROJECTS\Nirvik_Sinha_Data\cerebellar-preparatory-dynamics-model\results\stage_3\current\cache\biological_revision\resume_02\n10_p1.mat
10,1,2,0.0726721151854642,3.82436334955024,1.45993889912566,1.29807817071116e-08,3,8,50,302,0.000302384149628988,3.96828727122209e-05,6.10780919434378e-06,0.499250721798872,0.364441243746696,0.202871004782475,E:\PROJECTS\Nirvik_Sinha_Data\cerebellar-preparatory-dynamics-model\results\stage_3\current\cache\biological_revision\resume_02\n10_p1.mat
10,1,3,0.0664016686314049,3.70784655950405,1.42951687910482,1.24947456100087e-08,3,10,39,287,0.000571800344568603,3.88549412290172e-05,2.38119178318624e-06,0.450127968017648,0.321705610183949,0.183564565465001,E:\PROJECTS\Nirvik_Sinha_Data\cerebellar-preparatory-dynamics-model\results\stage_3\current\cache\biological_revision\resume_02\n10_p1.mat
10,1,4,0.0901775109874334,3.1733257220496,1.250814786626,6.44505797430294e-08,4,15,80,341,0.00254866621713741,0.000339522559339877,2.45612791617326e-05,0.579732901444966,0.448328191550965,0.226240089489892,E:\PROJECTS\Nirvik_Sinha_Data\cerebellar-preparatory-dynamics-model\results\stage_3\current\cache\biological_revision\resume_02\n10_p1.mat
10,1,5,0.0711843237307546,3.38683023771237,1.37145233912069,5.06241748933533e-08,3,10,95,336,0.00152917691793907,0.000245809628789735,1.92639797082362e-05,0.636517733024989,0.485450792712183,0.24624017518783,E:\PROJECTS\Nirvik_Sinha_Data\cerebellar-preparatory-dynamics-model\results\stage_3\current\cache\biological_revision\resume_02\n10_p1.mat
10,1,6,0.0684836040524884,3.53795415516637,1.36878074462433,1.08779215981329e-08,3,9,49,318,0.000604739629207239,4.91260506433338e-05,4.03892304529962e-06,0.496610379815893,0.370413755520151,0.20733957621406,E:\PROJECTS\Nirvik_Sinha_Data\cerebellar-preparatory-dynamics-model\results\stage_3\current\cache\biological_revision\resume_02\n10_p1.mat
10,1,7,0.0645082813438731,3.33330392871737,1.31994936731592,3.66889201129528e-09,3,9,17,305,0.000267172761341136,1.86022637116425e-05,9.40500134543107e-07,0.376360863641925,0.302671152739182,0.189406839786242,E:\PROJECTS\Nirvik_Sinha_Data\cerebellar-preparatory-dynamics-model\results\stage_3\current\cache\biological_revision\resume_02\n10_p1.mat
10,1,8,0.0664593424688883,3.46241215860714,1.36887221910032,1.18985585281924e-08,3,10,55,313,0.000834975489309911,0.000111255066524617,7.89178886517906e-06,0.510116754713498,0.394574714866283,0.202407438739943,E:\PROJECTS\Nirvik_Sinha_Data\cerebellar-preparatory-dynamics-model\results\stage_3\current\cache\biological_revision\resume_02\n10_p1.mat
10,2,1,0.149482350049203,3.40128861353291,1.29385980448281,4.42834439809224e-05,58,145,180,424,0.554154737434684,0.243765948704852,0.0402820497448288,0.894558092240555,0.806624005035381,0.438669399618306,E:\PROJECTS\Nirvik_Sinha_Data\cerebellar-preparatory-dynamics-model\results\stage_3\current\cache\biological_revision\resume_02\n10_p2.mat
10,2,2,0.210963311913735,3.81972215597258,1.45816713780931,0.000108289565286447,57,141,177,435,0.551092010351467,0.234466684760759,0.0395262983408672,0.858581718809523,0.758799849721902,0.434681646222063,E:\PROJECTS\Nirvik_Sinha_Data\cerebellar-preparatory-dynamics-model\results\stage_3\current\cache\biological_revision\resume_02\n10_p2.mat
10,2,3,0.164327928634221,3.73330557462116,1.43933230464933,6.74296118019671e-05,54,130,159,405,0.530891381372053,0.19784465173542,0.033550827741847,0.781826942701915,0.670813752719687,0.387131080364174,E:\PROJECTS\Nirvik_Sinha_Data\cerebellar-preparatory-dynamics-model\results\stage_3\current\cache\biological_revision\resume_02\n10_p2.mat
10,2,4,0.149751108585685,3.17706849847804,1.25229005910345,8.46361595725946e-05,53,125,186,442,0.5250710072113,0.186268703026282,0.024547535033902,0.948361060192029,0.856530775207273,0.446323329495432,E:\PROJECTS\Nirvik_Sinha_Data\cerebellar-preparatory-dynamics-model\results\stage_3\current\cache\biological_revision\resume_02\n10_p2.mat
10,2,5,0.147287472883913,3.40087553575078,1.37713979774615,7.65379688800621e-05,56,143,170,429,0.542933270601986,0.225599847620227,0.0462733235248958,0.921481408505631,0.789632151872952,0.408664652176531,E:\PROJECTS\Nirvik_Sinha_Data\cerebellar-preparatory-dynamics-model\results\stage_3\current\cache\biological_revision\resume_02\n10_p2.mat
10,2,6,0.195233683581957,3.52901571974278,1.36532259967437,8.07357089012494e-05,55,141,190,447,0.538532069190474,0.217342107954308,0.0471886581693057,0.837917909004987,0.74338863509652,0.479455671217473,E:\PROJECTS\Nirvik_Sinha_Data\cerebellar-preparatory-dynamics-model\results\stage_3\current\cache\biological_revision\resume_02\n10_p2.mat
10,2,7,0.199779935551151,3.34545723881807,1.32476193596291,4.54904847388912e-05,57,144,216,468,0.547678508417653,0.231832021828558,0.0457669838590219,0.932738736287048,0.873835375242253,0.538032382063588,E:\PROJECTS\Nirvik_Sinha_Data\cerebellar-preparatory-dynamics-model\results\stage_3\current\cache\biological_revision\resume_02\n10_p2.mat
10,2,8,0.170545920580753,3.4811055567486,1.37626269493747,5.44318032531726e-05,60,162,183,454,0.566306025174039,0.273916246004611,0.0577843098263202,0.819342067903222,0.739957164006746,0.45330879144908,E:\PROJECTS\Nirvik_Sinha_Data\cerebellar-preparatory-dynamics-model\results\stage_3\current\cache\biological_revision\resume_02\n10_p2.mat
10,3,1,4.09297618563948,3.12838622319794,1.19004696366807,0.0360829584219227,3,11,NaN,NaN,0.031503796441464,0.0352831254520794,0.0361270307311892,1.18600148972592,1.36471774300934,1.52395102505676,E:\PROJECTS\Nirvik_Sinha_Data\cerebellar-preparatory-dynamics-model\results\stage_3\current\cache\biological_revision\resume_02\n10_p3.mat
10,3,2,3.9911871566757,2.76802636000475,1.05668551531627,0.0226347219574517,3,9,NaN,NaN,0.0202121735487082,0.0223957039471044,0.0226228093894952,0.862716641123109,0.974333837516108,1.08034516107912,E:\PROJECTS\Nirvik_Sinha_Data\cerebellar-preparatory-dynamics-model\results\stage_3\current\cache\biological_revision\resume_02\n10_p3.mat
10,3,3,3.59995519134497,2.71052902935589,1.04501276862064,0.0314687392895411,3,10,NaN,NaN,0.0275263629106526,0.0311339546714773,0.031505046099121,0.870391047999085,0.976579432310771,1.05063303286066,E:\PROJECTS\Nirvik_Sinha_Data\cerebellar-preparatory-dynamics-model\results\stage_3\current\cache\biological_revision\resume_02\n10_p3.mat
10,3,4,3.5512555085706,2.26007665272694,0.890843721618709,0.063476257047971,5,18,NaN,NaN,0.0523388422576801,0.0615441268068165,0.063545867164513,1.00675749103397,1.26163617744078,1.45223264019225,E:\PROJECTS\Nirvik_Sinha_Data\cerebellar-preparatory-dynamics-model\results\stage_3\current\cache\biological_revision\resume_02\n10_p3.mat
10,3,5,3.45703007897592,2.62465469345849,1.06281938156992,0.0376571382826223,3,12,NaN,NaN,0.0311573191433731,0.0362910035720727,0.0378192836137208,1.01854250120827,1.18374249709755,1.29490997205581,E:\PROJECTS\Nirvik_Sinha_Data\cerebellar-preparatory-dynamics-model\results\stage_3\current\cache\biological_revision\resume_02\n10_p3.mat
10,3,6,3.64640396072357,2.90069795616312,1.12223599691628,0.0357848629007916,3,9,NaN,NaN,0.030159087808586,0.0353299041992769,0.0358215658367019,0.909996088729992,1.05680886695511,1.16251294468581,E:\PROJECTS\Nirvik_Sinha_Data\cerebellar-preparatory-dynamics-model\results\stage_3\current\cache\biological_revision\resume_02\n10_p3.mat
10,3,7,3.08314024787426,2.50654336344083,0.992561853787134,0.0249242004219175,3,9,NaN,NaN,0.0224711040695069,0.0248061261418305,0.0249344553508096,0.912090885305862,1.14189333597368,1.25528578085174,E:\PROJECTS\Nirvik_Sinha_Data\cerebellar-preparatory-dynamics-model\results\stage_3\current\cache\biological_revision\resume_02\n10_p3.mat
10,3,8,3.53242468877166,2.44571654222311,0.966919383679062,0.0321365325760196,3,11,NaN,NaN,0.0285668111576111,0.0315630410696701,0.0321848318558321,0.979538770078855,1.21479583647755,1.41259402160956,E:\PROJECTS\Nirvik_Sinha_Data\cerebellar-preparatory-dynamics-model\results\stage_3\current\cache\biological_revision\resume_02\n10_p3.mat
10,4,1,3.40640431930677,0.142487925523067,0.0542028097012747,1.07219396644152,NaN,NaN,NaN,NaN,1.05895338005916,1.1383956109644,1.15282373800936,1.26569753609868,1.37621952718409,1.39787237239722,E:\PROJECTS\Nirvik_Sinha_Data\cerebellar-preparatory-dynamics-model\results\stage_3\current\cache\biological_revision\resume_02\n10_p4.mat
10,4,2,3.84998682106869,0.133793186932016,0.0510751359603455,0.780658765127904,NaN,NaN,NaN,NaN,0.898509708694662,0.789340445289681,0.710153303731234,1.06602586040966,1.08949159510618,1.08308210161489,E:\PROJECTS\Nirvik_Sinha_Data\cerebellar-preparatory-dynamics-model\results\stage_3\current\cache\biological_revision\resume_02\n10_p4.mat
10,4,3,3.69353844962566,0.110025578394435,0.0424190750409998,1.03638567457683,NaN,NaN,NaN,NaN,0.927015075064756,0.894395998360576,1.00670226552148,1.02146323024435,1.05858833470337,1.08984042935798,E:\PROJECTS\Nirvik_Sinha_Data\cerebellar-preparatory-dynamics-model\results\stage_3\current\cache\biological_revision\resume_02\n10_p4.mat
10,4,4,3.175201893699,0.102891978240636,0.040556444273695,0.84184642658579,NaN,NaN,NaN,NaN,1.02453509292342,0.995448793683426,0.90038621284382,1.17069688407613,1.3046575923311,1.33623507671013,E:\PROJECTS\Nirvik_Sinha_Data\cerebellar-preparatory-dynamics-model\results\stage_3\current\cache\biological_revision\resume_02\n10_p4.mat
10,4,5,3.38975185529844,0.120305821349454,0.0487162593100592,1.0279382571329,NaN,NaN,NaN,NaN,1.2275279061822,1.27029974615168,1.12077837372734,1.23353792401356,1.37585963122782,1.38007746983743,E:\PROJECTS\Nirvik_Sinha_Data\cerebellar-preparatory-dynamics-model\results\stage_3\current\cache\biological_revision\resume_02\n10_p4.mat
10,4,6,3.54784132804783,0.127785725360116,0.049438356925955,0.942295811761476,NaN,NaN,NaN,NaN,0.932594127120769,0.906529044068126,0.915717424990205,1.05910502548382,1.13042132188343,1.19988861167294,E:\PROJECTS\Nirvik_Sinha_Data\cerebellar-preparatory-dynamics-model\results\stage_3\current\cache\biological_revision\resume_02\n10_p4.mat
10,4,7,3.32378819924509,0.112861634470518,0.0446918871484139,0.662724731060928,NaN,NaN,NaN,NaN,0.847814916010155,0.703172925243642,0.602643435332501,1.14531983685314,1.27970601634475,1.34474304066271,E:\PROJECTS\Nirvik_Sinha_Data\cerebellar-preparatory-dynamics-model\results\stage_3\current\cache\biological_revision\resume_02\n10_p4.mat
10,4,8,3.45502644245499,0.0966019665235697,0.0381917987307927,1.00280635575605,NaN,NaN,NaN,NaN,0.978187298063977,0.966162525252736,0.965260955999722,1.1722850758595,1.31170570543777,1.42424068994221,E:\PROJECTS\Nirvik_Sinha_Data\cerebellar-preparatory-dynamics-model\results\stage_3\current\cache\biological_revision\resume_02\n10_p4.mat
